{"type":"Topology","objects":{"geometrias":{"type":"GeometryCollection","geometries":[{"type":"Polygon","arcs":[[0,1,2]],"properties":{"code_meso":1101,"code_state":11,"code_region":1,"name_meso":"Madeira-Guaporé","abbrev_state":"RO","name_state":"Rondônia","name_region":"Norte","year":2020}},{"type":"Polygon","arcs":[[3,4,5,-3]],"properties":{"code_meso":1102,"code_state":11,"code_region":1,"name_meso":"Leste Rondoniense","abbrev_state":"RO","name_state":"Rondônia","name_region":"Norte","year":2020}},{"type":"Polygon","arcs":[[6,7,8,9]],"properties":{"code_meso":1201,"code_state":12,"code_region":1,"name_meso":"Vale do Juruá","abbrev_state":"AC","name_state":"Acre","name_region":"Norte","year":2020}},{"type":"Polygon","arcs":[[10,11,12,-8]],"properties":{"code_meso":1202,"code_state":12,"code_region":1,"name_meso":"Vale do Acre","abbrev_state":"AC","name_state":"Acre","name_region":"Norte","year":2020}},{"type":"Polygon","arcs":[[13,14,15,16,17,18,19,20,21,22,23,24]],"properties":{"code_meso":1301,"code_state":13,"code_region":1,"name_meso":"Norte Amazonense","abbrev_state":"AM","name_state":"Amazonas","name_region":"Norte","year":2020}},{"type":"Polygon","arcs":[[25,-10,26,27,28,29,30,-15]],"properties":{"code_meso":1302,"code_state":13,"code_region":1,"name_meso":"Sudoeste Amazonense","abbrev_state":"AM","name_state":"Amazonas","name_region":"Norte","year":2020}},{"type":"Polygon","arcs":[[31,-17,32,33,-29,34,35,36,37,38,39,40,41,42,43,44,45,46,-23,47,-21,48,-19]],"properties":{"code_meso":1303,"code_state":13,"code_region":1,"name_meso":"Centro Amazonense","abbrev_state":"AM","name_state":"Amazonas","name_region":"Norte","year":2020}},{"type":"Polygon","arcs":[[49,-12,50,-1,-6,51,52,53,-35,-28]],"properties":{"code_meso":1304,"code_state":13,"code_region":1,"name_meso":"Sul Amazonense","abbrev_state":"AM","name_state":"Amazonas","name_region":"Norte","year":2020}},{"type":"Polygon","arcs":[[54,55]],"properties":{"code_meso":1401,"code_state":14,"code_region":1,"name_meso":"Norte de Roraima","abbrev_state":"RR","name_state":"Roraima","name_region":"Norte","year":2020}},{"type":"Polygon","arcs":[[56,-46,57,-56,58,-25]],"properties":{"code_meso":1402,"code_state":14,"code_region":1,"name_meso":"Sul de Roraima","abbrev_state":"RR","name_state":"Roraima","name_region":"Norte","year":2020}},{"type":"Polygon","arcs":[[59,60,61,62,63,64,65,-44]],"properties":{"code_meso":1501,"code_state":15,"code_region":1,"name_meso":"Baixo Amazonas","abbrev_state":"PA","name_state":"Pará","name_region":"Norte","year":2020}},{"type":"MultiPolygon","arcs":[[[66,67,68,-63,69,70,71,72,73,74,75,76,77,78,79]],[[80]],[[81]],[[82]],[[83]]],"properties":{"code_meso":1502,"code_state":15,"code_region":1,"name_meso":"Marajó","abbrev_state":"PA","name_state":"Pará","name_region":"Norte","year":2020}},{"type":"Polygon","arcs":[[84,-76,85,-74,86,87]],"properties":{"code_meso":1503,"code_state":15,"code_region":1,"name_meso":"Metropolitana de Belém","abbrev_state":"PA","name_state":"Pará","name_region":"Norte","year":2020}},{"type":"MultiPolygon","arcs":[[[88]],[[89]],[[90,-78,-88,91,-72,92,93,94,95,96,97,98,99,100]]],"properties":{"code_meso":1504,"code_state":15,"code_region":1,"name_meso":"Nordeste Paraense","abbrev_state":"PA","name_state":"Pará","name_region":"Norte","year":2020}},{"type":"Polygon","arcs":[[-41,101,-39,102,-37,103,104,105,106,107,108,109,110,111,112,113,-93,-71,114,-61,115,116]],"properties":{"code_meso":1505,"code_state":15,"code_region":1,"name_meso":"Sudoeste Paraense","abbrev_state":"PA","name_state":"Pará","name_region":"Norte","year":2020}},{"type":"Polygon","arcs":[[117,118,119,120,121,122,123,124,125,-97,126,-95,127,-113]],"properties":{"code_meso":1506,"code_state":15,"code_region":1,"name_meso":"Sudeste Paraense","abbrev_state":"PA","name_state":"Pará","name_region":"Norte","year":2020}},{"type":"MultiPolygon","arcs":[[[128,129,130,131,132,133,134,135]],[[136]],[[137]]],"properties":{"code_meso":1601,"code_state":16,"code_region":1,"name_meso":"Norte do Amapá","abbrev_state":"AP","name_state":"Amapá","name_region":"Norte","year":2020}},{"type":"Polygon","arcs":[[138,-134,139,-65,140,-68,141,-80,142,-132,143,-130,144,-136]],"properties":{"code_meso":1602,"code_state":16,"code_region":1,"name_meso":"Sul do Amapá","abbrev_state":"AP","name_state":"Amapá","name_region":"Norte","year":2020}},{"type":"Polygon","arcs":[[145,146,147,148,149,150,151,152,153,154,155,156,157,158,159,160,161,162,163,164,-124,165,-122,166,-120]],"properties":{"code_meso":1701,"code_state":17,"code_region":1,"name_meso":"Ocidental do Tocantins","abbrev_state":"TO","name_state":"Tocantins","name_region":"Norte","year":2020}},{"type":"Polygon","arcs":[[167,-157,168,-155,169,170,171,172,173,174,175,176,177,178,179,180,181,182,183,184,185,186,187,-161,188,-159]],"properties":{"code_meso":1702,"code_state":17,"code_region":1,"name_meso":"Oriental do Tocantins","abbrev_state":"TO","name_state":"Tocantins","name_region":"Norte","year":2020}},{"type":"MultiPolygon","arcs":[[[189]],[[190]],[[191]],[[192]],[[193]],[[194]],[[195,196,197,198,199,200,201,202,203,204,205,206]],[[207]],[[208]],[[209]],[[210]]],"properties":{"code_meso":2101,"code_state":21,"code_region":2,"name_meso":"Norte Maranhense","abbrev_state":"MA","name_state":"Maranhão","name_region":"Nordeste","year":2020}},{"type":"MultiPolygon","arcs":[[[211]],[[212]],[[-165,213,214,215,216,217,218,219,220,-199,221,-197,222,-101,223,-99,224,-125]],[[225]]],"properties":{"code_meso":2102,"code_state":21,"code_region":2,"name_meso":"Oeste Maranhense","abbrev_state":"MA","name_state":"Maranhão","name_region":"Nordeste","year":2020}},{"type":"Polygon","arcs":[[226,-218,227,-216,228,229,230,231,232,233,234,235,-201,236,-220]],"properties":{"code_meso":2103,"code_state":21,"code_region":2,"name_meso":"Centro Maranhense","abbrev_state":"MA","name_state":"Maranhão","name_region":"Nordeste","year":2020}},{"type":"Polygon","arcs":[[-203,237,-235,238,239,240,241,242,243,244,245,246,247,248,249,250,251,252,253,254,255,256,-207,257,-205,258]],"properties":{"code_meso":2104,"code_state":21,"code_region":2,"name_meso":"Leste Maranhense","abbrev_state":"MA","name_state":"Maranhão","name_region":"Nordeste","year":2020}},{"type":"Polygon","arcs":[[259,-187,260,-185,261,-183,262,263,264,-242,265,-240,266,-233,267,-231,268,-229,-215,269,-163]],"properties":{"code_meso":2105,"code_state":21,"code_region":2,"name_meso":"Sul Maranhense","abbrev_state":"MA","name_state":"Maranhão","name_region":"Nordeste","year":2020}},{"type":"Polygon","arcs":[[270,-252,271,-250,272,273,274,275,276,-256,277,-254]],"properties":{"code_meso":2201,"code_state":22,"code_region":2,"name_meso":"Norte Piauiense","abbrev_state":"PI","name_state":"Piauí","name_region":"Nordeste","year":2020}},{"type":"Polygon","arcs":[[-246,278,279,280,281,282,283,284,285,286,287,-274,288,-248,289]],"properties":{"code_meso":2202,"code_state":22,"code_region":2,"name_meso":"Centro-Norte Piauiense","abbrev_state":"PI","name_state":"Piauí","name_region":"Nordeste","year":2020}},{"type":"Polygon","arcs":[[290,-181,291,292,293,294,295,296,297,298,299,300,301,302,303,304,305,306,-280,307,-244,308,-264]],"properties":{"code_meso":2203,"code_state":22,"code_region":2,"name_meso":"Sudoeste Piauiense","abbrev_state":"PI","name_state":"Piauí","name_region":"Nordeste","year":2020}},{"type":"Polygon","arcs":[[-282,309,-306,310,311,312,313,314,315,316,317,318,319,320,321,322,323,324,325,326,327]],"properties":{"code_meso":2204,"code_state":22,"code_region":2,"name_meso":"Sudeste Piauiense","abbrev_state":"PI","name_state":"Piauí","name_region":"Nordeste","year":2020}},{"type":"Polygon","arcs":[[328,-287,329,330,331,332,333,-276]],"properties":{"code_meso":2301,"code_state":23,"code_region":2,"name_meso":"Noroeste Cearense","abbrev_state":"CE","name_state":"Ceará","name_region":"Nordeste","year":2020}},{"type":"Polygon","arcs":[[334,335,336,337,338,339,340,341,342,343,344,-333]],"properties":{"code_meso":2302,"code_state":23,"code_region":2,"name_meso":"Norte Cearense","abbrev_state":"CE","name_state":"Ceará","name_region":"Nordeste","year":2020}},{"type":"Polygon","arcs":[[345,-344]],"properties":{"code_meso":2303,"code_state":23,"code_region":2,"name_meso":"Metropolitana de Fortaleza","abbrev_state":"CE","name_state":"Ceará","name_region":"Nordeste","year":2020}},{"type":"Polygon","arcs":[[346,-283,-328,347,-326,348,-324,349,350,351,352,353,354,355,356,357,-336,358,-331,359,-285]],"properties":{"code_meso":2304,"code_state":23,"code_region":2,"name_meso":"Sertões Cearenses","abbrev_state":"CE","name_state":"Ceará","name_region":"Nordeste","year":2020}},{"type":"Polygon","arcs":[[360,-340,361,-338,362,-357,363,364,365,366,-342]],"properties":{"code_meso":2305,"code_state":23,"code_region":2,"name_meso":"Jaguaribe","abbrev_state":"CE","name_state":"Ceará","name_region":"Nordeste","year":2020}},{"type":"Polygon","arcs":[[-355,367,368,369,370,371,372,-365,373]],"properties":{"code_meso":2306,"code_state":23,"code_region":2,"name_meso":"Centro-Sul Cearense","abbrev_state":"CE","name_state":"Ceará","name_region":"Nordeste","year":2020}},{"type":"Polygon","arcs":[[374,375,376,377,378,379,380,-369,381,-353,382,-351,383,-322]],"properties":{"code_meso":2307,"code_state":23,"code_region":2,"name_meso":"Sul Cearense","abbrev_state":"CE","name_state":"Ceará","name_region":"Nordeste","year":2020}},{"type":"Polygon","arcs":[[-366,-373,384,385,386,387,388]],"properties":{"code_meso":2401,"code_state":24,"code_region":2,"name_meso":"Oeste Potiguar","abbrev_state":"RN","name_state":"Rio Grande do Norte","name_region":"Nordeste","year":2020}},{"type":"Polygon","arcs":[[389,390,391,392,393,394,395,396,397,398,399,400,401,402,403,404,405,-388]],"properties":{"code_meso":2402,"code_state":24,"code_region":2,"name_meso":"Central Potiguar","abbrev_state":"RN","name_state":"Rio Grande do Norte","name_region":"Nordeste","year":2020}},{"type":"Polygon","arcs":[[-404,406,407,408,409,410,411]],"properties":{"code_meso":2403,"code_state":24,"code_region":2,"name_meso":"Agreste Potiguar","abbrev_state":"RN","name_state":"Rio Grande do Norte","name_region":"Nordeste","year":2020}},{"type":"Polygon","arcs":[[-412,412,413,-405]],"properties":{"code_meso":2404,"code_state":24,"code_region":2,"name_meso":"Leste Potiguar","abbrev_state":"RN","name_state":"Rio Grande do Norte","name_region":"Nordeste","year":2020}},{"type":"Polygon","arcs":[[414,-380,415,416,417,418,419,-393,420,-391,421,-386,422,-371]],"properties":{"code_meso":2501,"code_state":25,"code_region":2,"name_meso":"Sertão Paraibano","abbrev_state":"PB","name_state":"Paraíba","name_region":"Nordeste","year":2020}},{"type":"Polygon","arcs":[[423,-398,424,-396,425,426,-419,427,428,429,430,431,432,433,-408,434,-402,435,-400]],"properties":{"code_meso":2502,"code_state":25,"code_region":2,"name_meso":"Borborema","abbrev_state":"PB","name_state":"Paraíba","name_region":"Nordeste","year":2020}},{"type":"Polygon","arcs":[[-410,436,-433,437,438,439,440,441,442]],"properties":{"code_meso":2503,"code_state":25,"code_region":2,"name_meso":"Agreste Paraibano","abbrev_state":"PB","name_state":"Paraíba","name_region":"Nordeste","year":2020}},{"type":"Polygon","arcs":[[-411,-443,443,444,445,-413]],"properties":{"code_meso":2504,"code_state":25,"code_region":2,"name_meso":"Mata Paraibana","abbrev_state":"PB","name_state":"Paraíba","name_region":"Nordeste","year":2020}},{"type":"Polygon","arcs":[[446,-376,447,-320,448,-318,449,-316,450,451,452,453,454,455,456,-429,457,-417,458,-378]],"properties":{"code_meso":2601,"code_state":26,"code_region":2,"name_meso":"Sertão Pernambucano","abbrev_state":"PE","name_state":"Pernambuco","name_region":"Nordeste","year":2020}},{"type":"Polygon","arcs":[[459,460,461,-452,462,-314,463,464]],"properties":{"code_meso":2602,"code_state":26,"code_region":2,"name_meso":"São Francisco Pernambucano","abbrev_state":"PE","name_state":"Pernambuco","name_region":"Nordeste","year":2020}},{"type":"Polygon","arcs":[[465,-431,466,-456,467,468,469,470,471,472,473,474,475,-439]],"properties":{"code_meso":2603,"code_state":26,"code_region":2,"name_meso":"Agreste Pernambucano","abbrev_state":"PE","name_state":"Pernambuco","name_region":"Nordeste","year":2020}},{"type":"Polygon","arcs":[[-475,476,477,478,479,480,-445,481,-441,482]],"properties":{"code_meso":2604,"code_state":26,"code_region":2,"name_meso":"Mata Pernambucana","abbrev_state":"PE","name_state":"Pernambuco","name_region":"Nordeste","year":2020}},{"type":"MultiPolygon","arcs":[[[483,-480]],[[484]]],"properties":{"code_meso":2605,"code_state":26,"code_region":2,"name_meso":"Metropolitana de Recife","abbrev_state":"PE","name_state":"Pernambuco","name_region":"Nordeste","year":2020}},{"type":"Polygon","arcs":[[485,486,487,488,489,490,491,492,493,494,495,496,497,-469,498,-454,499,-461]],"properties":{"code_meso":2701,"code_state":27,"code_region":2,"name_meso":"Sertão Alagoano","abbrev_state":"AL","name_state":"Alagoas","name_region":"Nordeste","year":2020}},{"type":"Polygon","arcs":[[-495,500,501,502,503,504,505,506,-471,507,-497,508]],"properties":{"code_meso":2702,"code_state":27,"code_region":2,"name_meso":"Agreste Alagoano","abbrev_state":"AL","name_state":"Alagoas","name_region":"Nordeste","year":2020}},{"type":"Polygon","arcs":[[509,510,511,-478,512,-473,513,-506]],"properties":{"code_meso":2703,"code_state":27,"code_region":2,"name_meso":"Leste Alagoano","abbrev_state":"AL","name_state":"Alagoas","name_region":"Nordeste","year":2020}},{"type":"Polygon","arcs":[[514,515,516,-502,517,-493,518,-491,519,-489,520,521,522,523,524,525]],"properties":{"code_meso":2801,"code_state":28,"code_region":2,"name_meso":"Sertão Sergipano","abbrev_state":"SE","name_state":"Sergipe","name_region":"Nordeste","year":2020}},{"type":"Polygon","arcs":[[526,527,528,529,530,-526]],"properties":{"code_meso":2802,"code_state":28,"code_region":2,"name_meso":"Agreste Sergipano","abbrev_state":"SE","name_state":"Sergipe","name_region":"Nordeste","year":2020}},{"type":"Polygon","arcs":[[531,532,533,534,535,-511,536,-504,537,-516,538,-530]],"properties":{"code_meso":2803,"code_state":28,"code_region":2,"name_meso":"Leste Sergipano","abbrev_state":"SE","name_state":"Sergipe","name_region":"Nordeste","year":2020}},{"type":"Polygon","arcs":[[539,540,541,542,543,544,545,546,547,548,549,550,551,-298,552,-296,553,554,-293,555,-179,556,-177,557,-175]],"properties":{"code_meso":2901,"code_state":29,"code_region":2,"name_meso":"Extremo Oeste Baiano","abbrev_state":"BA","name_state":"Bahia","name_region":"Nordeste","year":2020}},{"type":"Polygon","arcs":[[558,-302,559,-300,560,-551,561,-549,562,563,564,565,566,567,568,569,570,571,-522,572,-487,573,-465,574,-312,575,-304]],"properties":{"code_meso":2902,"code_state":29,"code_region":2,"name_meso":"Vale São-Franciscano da Bahia","abbrev_state":"BA","name_state":"Bahia","name_region":"Nordeste","year":2020}},{"type":"Polygon","arcs":[[576,577,578,579,580,581,582,583,-570]],"properties":{"code_meso":2903,"code_state":29,"code_region":2,"name_meso":"Centro Norte Baiano","abbrev_state":"BA","name_state":"Bahia","name_region":"Nordeste","year":2020}},{"type":"Polygon","arcs":[[584,585,586,-535,587,-533,588,-528,589,-524,590,-571,-584]],"properties":{"code_meso":2904,"code_state":29,"code_region":2,"name_meso":"Nordeste Baiano","abbrev_state":"BA","name_state":"Bahia","name_region":"Nordeste","year":2020}},{"type":"Polygon","arcs":[[591,-580,592,593,594,595,596,-586,597,-582]],"properties":{"code_meso":2905,"code_state":29,"code_region":2,"name_meso":"Metropolitana de Salvador","abbrev_state":"BA","name_state":"Bahia","name_region":"Nordeste","year":2020}},{"type":"Polygon","arcs":[[-568,598,-566,599,600,601,602,603,604,605,606,607,608,609,-594,610,-578,611]],"properties":{"code_meso":2906,"code_state":29,"code_region":2,"name_meso":"Centro Sul Baiano","abbrev_state":"BA","name_state":"Bahia","name_region":"Nordeste","year":2020}},{"type":"Polygon","arcs":[[612,613,614,615,616,617,-596,618,-609,619,-607]],"properties":{"code_meso":2907,"code_state":29,"code_region":2,"name_meso":"Sul Baiano","abbrev_state":"BA","name_state":"Bahia","name_region":"Nordeste","year":2020}},{"type":"Polygon","arcs":[[620,621,622,623,624,625,626,627,628,629,630,631,632,633,634,-545,635,636]],"properties":{"code_meso":3101,"code_state":31,"code_region":3,"name_meso":"Noroeste de Minas","abbrev_state":"MG","name_state":"Minas Gerais","name_region":"Sudeste","year":2020}},{"type":"Polygon","arcs":[[637,638,639,640,641,642,-601,643,-564,644,-547,645,-634]],"properties":{"code_meso":3102,"code_state":31,"code_region":3,"name_meso":"Norte de Minas","abbrev_state":"MG","name_state":"Minas Gerais","name_region":"Sudeste","year":2020}},{"type":"Polygon","arcs":[[646,-605,647,-603,648,649,-641,650,651,652,653,654,655,656,657,658,659,660,-614]],"properties":{"code_meso":3103,"code_state":31,"code_region":3,"name_meso":"Jequitinhonha","abbrev_state":"MG","name_state":"Minas Gerais","name_region":"Sudeste","year":2020}},{"type":"Polygon","arcs":[[661,662,663,664,665,666,-616,667,-660]],"properties":{"code_meso":3104,"code_state":31,"code_region":3,"name_meso":"Vale do Mucuri","abbrev_state":"MG","name_state":"Minas Gerais","name_region":"Sudeste","year":2020}},{"type":"Polygon","arcs":[[668,669,670,671,672,673,674,675,676,677,678,679,680,681,682,683,684,685,686,687,688,689,690,691,-628,692,693]],"properties":{"code_meso":3105,"code_state":31,"code_region":3,"name_meso":"Triângulo Mineiro/Alto Paranaíba","abbrev_state":"MG","name_state":"Minas Gerais","name_region":"Sudeste","year":2020}},{"type":"Polygon","arcs":[[694,695,696,697,698,-654,699,-652,700,-639,701,-632,702,-630,703,-691]],"properties":{"code_meso":3106,"code_state":31,"code_region":3,"name_meso":"Central Mineira","abbrev_state":"MG","name_state":"Minas Gerais","name_region":"Sudeste","year":2020}},{"type":"Polygon","arcs":[[704,705,706,707,708,709,710,711,712,713,714,715,716,717,718,719,720,-656,721,-698,722,723]],"properties":{"code_meso":3107,"code_state":31,"code_region":3,"name_meso":"Metropolitana de Belo Horizonte","abbrev_state":"MG","name_state":"Minas Gerais","name_region":"Sudeste","year":2020}},{"type":"Polygon","arcs":[[724,-716,725,-714,726,727,728,729,730,731,732,733,734,-663,735,-658,736,-720,737,-718]],"properties":{"code_meso":3108,"code_state":31,"code_region":3,"name_meso":"Vale do Rio Doce","abbrev_state":"MG","name_state":"Minas Gerais","name_region":"Sudeste","year":2020}},{"type":"Polygon","arcs":[[738,739,740,741,742,743,744,745,746,747,748,-706,749,-724,750,-696,751,-689]],"properties":{"code_meso":3109,"code_state":31,"code_region":3,"name_meso":"Oeste de Minas","abbrev_state":"MG","name_state":"Minas Gerais","name_region":"Sudeste","year":2020}},{"type":"Polygon","arcs":[[752,753,754,755,756,757,758,759,760,761,762,763,764,765,766,-746,767,-744,768,-742,769,-740,770,-687,771,772]],"properties":{"code_meso":3110,"code_state":31,"code_region":3,"name_meso":"Sul/Sudoeste de Minas","abbrev_state":"MG","name_state":"Minas Gerais","name_region":"Sudeste","year":2020}},{"type":"Polygon","arcs":[[773,-766,774,775,776,-708,777,-748]],"properties":{"code_meso":3111,"code_state":31,"code_region":3,"name_meso":"Campo das Vertentes","abbrev_state":"MG","name_state":"Minas Gerais","name_region":"Sudeste","year":2020}},{"type":"Polygon","arcs":[[778,-776,779,-764,780,-762,781,782,783,784,785,786,787,788,789,790,791,792,793,794,-728,795,-712,796,-710]],"properties":{"code_meso":3112,"code_state":31,"code_region":3,"name_meso":"Zona da Mata","abbrev_state":"MG","name_state":"Minas Gerais","name_region":"Sudeste","year":2020}},{"type":"Polygon","arcs":[[797,-734,798,-732,799,800,801,802,803,804,805,-665]],"properties":{"code_meso":3201,"code_state":32,"code_region":3,"name_meso":"Noroeste Espírito-Santense","abbrev_state":"ES","name_state":"Espírito Santo","name_region":"Sudeste","year":2020}},{"type":"Polygon","arcs":[[806,807,808,-617,-667,809,-805,810,-803]],"properties":{"code_meso":3202,"code_state":32,"code_region":3,"name_meso":"Litoral Norte Espírito-Santense","abbrev_state":"ES","name_state":"Espírito Santo","name_region":"Sudeste","year":2020}},{"type":"MultiPolygon","arcs":[[[811]],[[812,813,814,-808,815,-801,816,-730,817,818,819]]],"properties":{"code_meso":3203,"code_state":32,"code_region":3,"name_meso":"Central Espírito-Santense","abbrev_state":"ES","name_state":"Espírito Santo","name_region":"Sudeste","year":2020}},{"type":"Polygon","arcs":[[820,821,822,-814,823,-820,824,-793,825,826]],"properties":{"code_meso":3204,"code_state":32,"code_region":3,"name_meso":"Sul Espírito-Santense","abbrev_state":"ES","name_state":"Espírito Santo","name_region":"Sudeste","year":2020}},{"type":"Polygon","arcs":[[-789,827,828,829,830,831,832,833,-827,834,-791,835]],"properties":{"code_meso":3301,"code_state":33,"code_region":3,"name_meso":"Noroeste Fluminense","abbrev_state":"RJ","name_state":"Rio de Janeiro","name_region":"Sudeste","year":2020}},{"type":"Polygon","arcs":[[836,837,838,-822,839,-833,840,841]],"properties":{"code_meso":3302,"code_state":33,"code_region":3,"name_meso":"Norte Fluminense","abbrev_state":"RJ","name_state":"Rio de Janeiro","name_region":"Sudeste","year":2020}},{"type":"Polygon","arcs":[[842,843,-842,844,-831,845,-829,846,-787,847,-785,848,849,850,851,852]],"properties":{"code_meso":3303,"code_state":33,"code_region":3,"name_meso":"Centro Fluminense","abbrev_state":"RJ","name_state":"Rio de Janeiro","name_region":"Sudeste","year":2020}},{"type":"Polygon","arcs":[[853,854,-838,855,-843]],"properties":{"code_meso":3304,"code_state":33,"code_region":3,"name_meso":"Baixadas","abbrev_state":"RJ","name_state":"Rio de Janeiro","name_region":"Sudeste","year":2020}},{"type":"MultiPolygon","arcs":[[[856]],[[857,858,859,860,-783,861,-760,862,863]]],"properties":{"code_meso":3305,"code_state":33,"code_region":3,"name_meso":"Sul Fluminense","abbrev_state":"RJ","name_state":"Rio de Janeiro","name_region":"Sudeste","year":2020}},{"type":"MultiPolygon","arcs":[[[864]],[[865]],[[-853,866,-851,867,-859,868,-854]],[[869]]],"properties":{"code_meso":3306,"code_state":33,"code_region":3,"name_meso":"Metropolitana do Rio de Janeiro","abbrev_state":"RJ","name_state":"Rio de Janeiro","name_region":"Sudeste","year":2020}},{"type":"Polygon","arcs":[[870,871,872,873,874,875,876,877,878,879,880,881,882,-677,883,-675,884,-673,885,886,887]],"properties":{"code_meso":3501,"code_state":35,"code_region":3,"name_meso":"São José do Rio Preto","abbrev_state":"SP","name_state":"São Paulo","name_region":"Sudeste","year":2020}},{"type":"Polygon","arcs":[[888,-681,889,-679,890,-882,891,892,893,894,895,-773,896,-685,897,-683]],"properties":{"code_meso":3502,"code_state":35,"code_region":3,"name_meso":"Ribeirão Preto","abbrev_state":"SP","name_state":"São Paulo","name_region":"Sudeste","year":2020}},{"type":"Polygon","arcs":[[898,899,900,901,902,903,904,905,906,-888,907,908]],"properties":{"code_meso":3503,"code_state":35,"code_region":3,"name_meso":"Araçatuba","abbrev_state":"SP","name_state":"São Paulo","name_region":"Sudeste","year":2020}},{"type":"Polygon","arcs":[[909,910,911,912,913,914,915,916,-878,917,-876,918,-874,919,-872,920,-906,921,922]],"properties":{"code_meso":3504,"code_state":35,"code_region":3,"name_meso":"Bauru","abbrev_state":"SP","name_state":"São Paulo","name_region":"Sudeste","year":2020}},{"type":"Polygon","arcs":[[923,-880,924,-916,925,926,927,928,929,-893]],"properties":{"code_meso":3505,"code_state":35,"code_region":3,"name_meso":"Araraquara","abbrev_state":"SP","name_state":"São Paulo","name_region":"Sudeste","year":2020}},{"type":"Polygon","arcs":[[930,931,932,933,934,935,936,-927,937,-914]],"properties":{"code_meso":3506,"code_state":35,"code_region":3,"name_meso":"Piracicaba","abbrev_state":"SP","name_state":"São Paulo","name_region":"Sudeste","year":2020}},{"type":"Polygon","arcs":[[-936,938,939,940,-754,941,-895,942,-929,943]],"properties":{"code_meso":3507,"code_state":35,"code_region":3,"name_meso":"Campinas","abbrev_state":"SP","name_state":"São Paulo","name_region":"Sudeste","year":2020}},{"type":"Polygon","arcs":[[944,945,946,947,948,949,950,951,952,953,954,955,956,957,958,-902,959,960]],"properties":{"code_meso":3508,"code_state":35,"code_region":3,"name_meso":"Presidente Prudente","abbrev_state":"SP","name_state":"São Paulo","name_region":"Sudeste","year":2020}},{"type":"Polygon","arcs":[[961,962,-923,963,-904,964,-958]],"properties":{"code_meso":3509,"code_state":35,"code_region":3,"name_meso":"Marília","abbrev_state":"SP","name_state":"São Paulo","name_region":"Sudeste","year":2020}},{"type":"Polygon","arcs":[[-956,965,966,967,968,969,970,971,972,973,974,-910,-963,975]],"properties":{"code_meso":3510,"code_state":35,"code_region":3,"name_meso":"Assis","abbrev_state":"SP","name_state":"São Paulo","name_region":"Sudeste","year":2020}},{"type":"Polygon","arcs":[[976,-974,977,978,979,980,981,982,983,984,985,986,987,-932,988,-912]],"properties":{"code_meso":3511,"code_state":35,"code_region":3,"name_meso":"Itapetininga","abbrev_state":"SP","name_state":"São Paulo","name_region":"Sudeste","year":2020}},{"type":"Polygon","arcs":[[989,-934,990,-987,991,992,993,994,995,996,-756,997,-940]],"properties":{"code_meso":3512,"code_state":35,"code_region":3,"name_meso":"Macro Metropolitana Paulista","abbrev_state":"SP","name_state":"São Paulo","name_region":"Sudeste","year":2020}},{"type":"MultiPolygon","arcs":[[[998]],[[999]],[[1000,-864,1001,-758,1002,-996,1003,1004]],[[1005]]],"properties":{"code_meso":3513,"code_state":35,"code_region":3,"name_meso":"Vale do Paraíba Paulista","abbrev_state":"SP","name_state":"São Paulo","name_region":"Sudeste","year":2020}},{"type":"Polygon","arcs":[[1006,-985,1007,1008,1009,1010,-993]],"properties":{"code_meso":3514,"code_state":35,"code_region":3,"name_meso":"Litoral Sul Paulista","abbrev_state":"SP","name_state":"São Paulo","name_region":"Sudeste","year":2020}},{"type":"Polygon","arcs":[[-1011,1011,-1005,1012,-994]],"properties":{"code_meso":3515,"code_state":35,"code_region":3,"name_meso":"Metropolitana de São Paulo","abbrev_state":"SP","name_state":"São Paulo","name_region":"Sudeste","year":2020}},{"type":"Polygon","arcs":[[1013,1014,1015,1016,1017,1018,-950,1019,-948,1020,1021,1022,1023,1024,1025]],"properties":{"code_meso":4101,"code_state":41,"code_region":4,"name_meso":"Noroeste Paranaense","abbrev_state":"PR","name_state":"Paraná","name_region":"Sul","year":2020}},{"type":"Polygon","arcs":[[1026,1027,1028,1029,1030,1031,-1017]],"properties":{"code_meso":4102,"code_state":41,"code_region":4,"name_meso":"Centro Ocidental Paranaense","abbrev_state":"PR","name_state":"Paraná","name_region":"Sul","year":2020}},{"type":"Polygon","arcs":[[-1018,-1032,1032,1033,1034,1035,1036,1037,1038,1039,1040,1041,-967,1042,-954,1043,-952,1044]],"properties":{"code_meso":4103,"code_state":41,"code_region":4,"name_meso":"Norte Central Paranaense","abbrev_state":"PR","name_state":"Paraná","name_region":"Sul","year":2020}},{"type":"Polygon","arcs":[[1045,-1039,1046,1047,1048,-979,1049,-972,1050,-970,1051,1052,-1041]],"properties":{"code_meso":4104,"code_state":41,"code_region":4,"name_meso":"Norte Pioneiro Paranaense","abbrev_state":"PR","name_state":"Paraná","name_region":"Sul","year":2020}},{"type":"Polygon","arcs":[[1053,1054,1055,1056,1057,-981,1058,-1048,1059,-1037]],"properties":{"code_meso":4105,"code_state":41,"code_region":4,"name_meso":"Centro Oriental Paranaense","abbrev_state":"PR","name_state":"Paraná","name_region":"Sul","year":2020}},{"type":"Polygon","arcs":[[1060,1061,1062,1063,1064,1065,1066,1067,-1028,1068,-1015,1069,1070]],"properties":{"code_meso":4106,"code_state":41,"code_region":4,"name_meso":"Oeste Paranaense","abbrev_state":"PR","name_state":"Paraná","name_region":"Sul","year":2020}},{"type":"Polygon","arcs":[[1071,1072,1073,1074,1075,1076,-1066,1077,-1064,1078,-1062]],"properties":{"code_meso":4107,"code_state":41,"code_region":4,"name_meso":"Sudoeste Paranaense","abbrev_state":"PR","name_state":"Paraná","name_region":"Sul","year":2020}},{"type":"Polygon","arcs":[[-1077,1079,-1075,1080,1081,1082,1083,-1034,1084,-1030,1085,-1067]],"properties":{"code_meso":4108,"code_state":41,"code_region":4,"name_meso":"Centro-Sul Paranaense","abbrev_state":"PR","name_state":"Paraná","name_region":"Sul","year":2020}},{"type":"Polygon","arcs":[[1086,1087,1088,1089,1090,1091,1092,-1055,1093,-1035,-1084]],"properties":{"code_meso":4109,"code_state":41,"code_region":4,"name_meso":"Sudeste Paranaense","abbrev_state":"PR","name_state":"Paraná","name_region":"Sul","year":2020}},{"type":"Polygon","arcs":[[1094,-1092,1095,1096,1097,1098,1099,1100,1101,-1009,1102,-983,1103,-1057]],"properties":{"code_meso":4110,"code_state":41,"code_region":4,"name_meso":"Metropolitana de Curitiba","abbrev_state":"PR","name_state":"Paraná","name_region":"Sul","year":2020}},{"type":"Polygon","arcs":[[1104,1105,1106,1107,1108,1109,1110,1111,1112,1113,1114,1115,1116,1117,1118,1119,1120,1121,1122,1123,-1088,1124,-1082,1125,-1073]],"properties":{"code_meso":4201,"code_state":42,"code_region":4,"name_meso":"Oeste Catarinense","abbrev_state":"SC","name_state":"Santa Catarina","name_region":"Sul","year":2020}},{"type":"Polygon","arcs":[[1126,-1123,1127,1128,1129,1130,1131,1132,-1101,1133,-1099,1134,-1097,1135,-1090]],"properties":{"code_meso":4202,"code_state":42,"code_region":4,"name_meso":"Norte Catarinense","abbrev_state":"SC","name_state":"Santa Catarina","name_region":"Sul","year":2020}},{"type":"Polygon","arcs":[[1136,1137,1138,1139,1140,1141,1142,1143,-1129,1144,-1121,1145,-1119,1146,1147,1148,1149]],"properties":{"code_meso":4203,"code_state":42,"code_region":4,"name_meso":"Serrana","abbrev_state":"SC","name_state":"Santa Catarina","name_region":"Sul","year":2020}},{"type":"Polygon","arcs":[[1150,-1130,-1144,1151,1152,1153,1154,1155,-1132]],"properties":{"code_meso":4204,"code_state":42,"code_region":4,"name_meso":"Vale do Itajaí","abbrev_state":"SC","name_state":"Santa Catarina","name_region":"Sul","year":2020}},{"type":"Polygon","arcs":[[1156,-1142,1157,1158,1159,-1155,1160,-1153]],"properties":{"code_meso":4205,"code_state":42,"code_region":4,"name_meso":"Grande Florianópolis","abbrev_state":"SC","name_state":"Santa Catarina","name_region":"Sul","year":2020}},{"type":"Polygon","arcs":[[1161,1162,1163,1164,1165,-1159,1166,-1140]],"properties":{"code_meso":4206,"code_state":42,"code_region":4,"name_meso":"Sul Catarinense","abbrev_state":"SC","name_state":"Santa Catarina","name_region":"Sul","year":2020}},{"type":"Polygon","arcs":[[1167,1168,1169,1170,1171,1172,1173,-1150,1174,-1148,1175,-1117,1176,1177,-1114,1178,-1112,1179,-1110,1180,-1108,1181,-1106]],"properties":{"code_meso":4301,"code_state":43,"code_region":4,"name_meso":"Noroeste Rio-Grandense","abbrev_state":"RS","name_state":"Rio Grande do Sul","name_region":"Sul","year":2020}},{"type":"Polygon","arcs":[[1182,1183,1184,1185,1186,1187,-1163,1188,-1138,1189,-1173]],"properties":{"code_meso":4302,"code_state":43,"code_region":4,"name_meso":"Nordeste Rio-Grandense","abbrev_state":"RS","name_state":"Rio Grande do Sul","name_region":"Sul","year":2020}},{"type":"Polygon","arcs":[[1190,1191,1192,1193,-1171,1194,1195]],"properties":{"code_meso":4303,"code_state":43,"code_region":4,"name_meso":"Centro Ocidental Rio-Grandense","abbrev_state":"RS","name_state":"Rio Grande do Sul","name_region":"Sul","year":2020}},{"type":"Polygon","arcs":[[1196,1197,1198,1199,1200,-1183,-1172,-1194]],"properties":{"code_meso":4304,"code_state":43,"code_region":4,"name_meso":"Centro Oriental Rio-Grandense","abbrev_state":"RS","name_state":"Rio Grande do Sul","name_region":"Sul","year":2020}},{"type":"Polygon","arcs":[[-1187,1201,-1185,1202,-1200,1203,1204,1205,1206,1207,-1165,1208]],"properties":{"code_meso":4305,"code_state":43,"code_region":4,"name_meso":"Metropolitana de Porto Alegre","abbrev_state":"RS","name_state":"Rio Grande do Sul","name_region":"Sul","year":2020}},{"type":"Polygon","arcs":[[1209,1210,1211,-1196,1212,-1169]],"properties":{"code_meso":4306,"code_state":43,"code_region":4,"name_meso":"Sudoeste Rio-Grandense","abbrev_state":"RS","name_state":"Rio Grande do Sul","name_region":"Sul","year":2020}},{"type":"MultiPolygon","arcs":[[[1213,-1205,1214,-1198,1215,-1192,1216,-1211]],[[1217,-1207]]],"properties":{"code_meso":4307,"code_state":43,"code_region":4,"name_meso":"Sudeste Rio-Grandense","abbrev_state":"RS","name_state":"Rio Grande do Sul","name_region":"Sul","year":2020}},{"type":"Polygon","arcs":[[1218,1219,1220,1221,1222,1223,1224,1225,1226,1227]],"properties":{"code_meso":5001,"code_state":50,"code_region":5,"name_meso":"Pantanais Sul Mato-Grossense","abbrev_state":"MS","name_state":"Mato Grosso do Sul","name_region":"Centro-Oeste","year":2020}},{"type":"Polygon","arcs":[[1228,1229,1230,1231,1232,1233,1234,1235,1236,-1224]],"properties":{"code_meso":5002,"code_state":50,"code_region":5,"name_meso":"Centro Norte de Mato Grosso do Sul","abbrev_state":"MS","name_state":"Mato Grosso do Sul","name_region":"Centro-Oeste","year":2020}},{"type":"Polygon","arcs":[[1237,1238,1239,-1234,1240,1241,1242,1243,1244,1245,-1024,1246,-1022,1247,-946,1248,-961,1249,-900,1250,-909,1251,-886,-672,1252,-670,1253,1254]],"properties":{"code_meso":5003,"code_state":50,"code_region":5,"name_meso":"Leste de Mato Grosso do Sul","abbrev_state":"MS","name_state":"Mato Grosso do Sul","name_region":"Centro-Oeste","year":2020}},{"type":"Polygon","arcs":[[1255,-1220,1256,-1071,1257,-1026,1258,-1245,1259,1260,-1242,1261,-1232,1262,-1230,1263,-1222]],"properties":{"code_meso":5004,"code_state":50,"code_region":5,"name_meso":"Sudoeste de Mato Grosso do Sul","abbrev_state":"MS","name_state":"Mato Grosso do Sul","name_region":"Centro-Oeste","year":2020}},{"type":"Polygon","arcs":[[1264,1265,1266,1267,1268,1269,1270,1271,1272,1273,1274,1275,1276,1277,1278,1279,1280,-111,1281,1282,-108,1283,-106,1284,-52,-5]],"properties":{"code_meso":5101,"code_state":51,"code_region":5,"name_meso":"Norte Mato-Grossense","abbrev_state":"MT","name_state":"Mato Grosso","name_region":"Centro-Oeste","year":2020}},{"type":"Polygon","arcs":[[1285,-1276,1286,1287,1288,1289,1290,1291,1292,1293,1294,1295,1296,-148,1297,-146,-119,1298,-1280,1299,-1278]],"properties":{"code_meso":5102,"code_state":51,"code_region":5,"name_meso":"Nordeste Mato-Grossense","abbrev_state":"MT","name_state":"Mato Grosso","name_region":"Centro-Oeste","year":2020}},{"type":"Polygon","arcs":[[-1266,1300,1301,1302,1303,1304]],"properties":{"code_meso":5103,"code_state":51,"code_region":5,"name_meso":"Sudoeste Mato-Grossense","abbrev_state":"MT","name_state":"Mato Grosso","name_region":"Centro-Oeste","year":2020}},{"type":"Polygon","arcs":[[-1304,1305,-1302,1306,-1228,1307,1308,1309,-1270,1310,-1268,1311]],"properties":{"code_meso":5104,"code_state":51,"code_region":5,"name_meso":"Centro-Sul Mato-Grossense","abbrev_state":"MT","name_state":"Mato Grosso","name_region":"Centro-Oeste","year":2020}},{"type":"Polygon","arcs":[[1312,-1226,1313,-1236,1314,-1239,1315,1316,1317,1318,1319,1320,1321,1322,1323,-1288,1324,-1274,1325,-1272,1326,-1309]],"properties":{"code_meso":5105,"code_state":51,"code_region":5,"name_meso":"Sudeste Mato-Grossense","abbrev_state":"MT","name_state":"Mato Grosso","name_region":"Centro-Oeste","year":2020}},{"type":"Polygon","arcs":[[1327,-1292,1328,-1290,1329,-1323,1330,-1321,1331,-1319,1332,1333,1334,1335,1336,1337,1338,1339,1340,1341,1342,-151,1343,1344,-1296,1345,-1294]],"properties":{"code_meso":5201,"code_state":52,"code_region":5,"name_meso":"Noroeste Goiano","abbrev_state":"GO","name_state":"Goiás","name_region":"Centro-Oeste","year":2020}},{"type":"Polygon","arcs":[[1346,1347,1348,1349,1350,1351,-541,1352,-173,1353,-171,1354,-153,1355,-1342,1356,-1340]],"properties":{"code_meso":5202,"code_state":52,"code_region":5,"name_meso":"Norte Goiano","abbrev_state":"GO","name_state":"Goiás","name_region":"Centro-Oeste","year":2020}},{"type":"Polygon","arcs":[[1357,-1336,1358,1359,1360,1361,-1350,1362,-1348,1363,-1338]],"properties":{"code_meso":5203,"code_state":52,"code_region":5,"name_meso":"Centro Goiano","abbrev_state":"GO","name_state":"Goiás","name_region":"Centro-Oeste","year":2020}},{"type":"Polygon","arcs":[[-1362,1364,1365,1366,1367,1368,-624,1369,1370,1371,-637,1372,-543,1373,-1351]],"properties":{"code_meso":5204,"code_state":52,"code_region":5,"name_meso":"Leste Goiano","abbrev_state":"GO","name_state":"Goiás","name_region":"Centro-Oeste","year":2020}},{"type":"Polygon","arcs":[[1374,-1255,1375,-694,1376,-626,1377,-1368,1378,-1366,1379,-1360,1380,-1334,1381,-1317]],"properties":{"code_meso":5205,"code_state":52,"code_region":5,"name_meso":"Sul Goiano","abbrev_state":"GO","name_state":"Goiás","name_region":"Centro-Oeste","year":2020}},{"type":"Polygon","arcs":[[1382,-622,1383,-1371]],"properties":{"code_meso":5301,"code_state":53,"code_region":5,"name_meso":"Distrito Federal","abbrev_state":"DF","name_state":"Distrito Federal","name_region":"Centro-Oeste","year":2020}}]}},"arcs":[[[-62.2688885,-8.5757586],[-62.2893569,-8.5889045],[-62.2943077,-8.6054408],[-62.2793343,-8.6291699],[-62.2895023,-8.6390966],[-62.3357776,-8.6094846],[-62.3390795,-8.5868942],[-62.3258047,-8.5637074],[-62.3373587,-8.5166389],[-62.3539778,-8.5117014],[-62.3660512,-8.4935617],[-62.3692809,-8.4461191],[-62.3608035,-8.3985493],[-62.3705495,-8.3846594],[-62.3840279,-8.3775558],[-62.4000244,-8.3748032],[-62.4082458,-8.3774481],[-62.4322478,-8.3720281],[-62.4654746,-8.33974],[-62.4789156,-8.3456734],[-62.5184725,-8.3847382],[-62.539557,-8.3581095],[-62.5611623,-8.3138318],[-62.5559412,-8.3067587],[-62.5853879,-8.2718806],[-62.6000575,-8.2722387],[-62.6550016,-8.2290564],[-62.6598885,-8.1996336],[-62.6866642,-8.1737744],[-62.6730277,-8.1453106],[-62.6922801,-8.0929083],[-62.7128298,-8.0805834],[-62.7439725,-8.0452861],[-62.7862003,-8.026343],[-62.8099965,-8.0253396],[-62.8328333,-7.9943716],[-62.8666166,-7.9758683],[-63.1183827,-7.9771072],[-63.6212491,-7.9765317],[-63.62645,-8.0161121],[-63.621779,-8.0296108],[-63.6670003,-8.0816033],[-63.6624486,-8.1011713],[-63.6934211,-8.1583487],[-63.7415348,-8.1900741],[-63.7485628,-8.2078652],[-63.7227614,-8.249499],[-63.7465624,-8.2701692],[-63.7735083,-8.3207328],[-63.7912313,-8.3332153],[-63.8253386,-8.3061526],[-63.8707594,-8.2888196],[-63.8949267,-8.3020287],[-63.9108358,-8.3285248],[-63.9317883,-8.3246916],[-63.9456197,-8.338933],[-63.9453732,-8.3878261],[-63.9769546,-8.4097397],[-63.953727,-8.4279648],[-63.9408384,-8.452264],[-63.9731772,-8.4784472],[-63.9708971,-8.4993333],[-63.9437881,-8.5266044],[-63.9456204,-8.550498],[-63.9231714,-8.5592935],[-63.9245687,-8.5755254],[-63.9459539,-8.6094853],[-63.9862097,-8.5856339],[-63.9910948,-8.6174138],[-64.0048419,-8.6259109],[-64.0164261,-8.667682],[-64.0431747,-8.7119098],[-64.0751521,-8.7131075],[-64.0947671,-8.7283635],[-64.1245948,-8.7167138],[-64.1430671,-8.7430315],[-64.1447623,-8.7764473],[-64.129459,-8.8051627],[-64.1582033,-8.8431675],[-64.1487937,-8.8730907],[-64.1517023,-8.8972333],[-64.1417669,-8.9450507],[-64.1494522,-8.9589372],[-64.1750139,-8.9605714],[-64.2332051,-8.9923081],[-64.2650711,-8.9883824],[-64.3113185,-8.9964708],[-64.326072,-8.9798321],[-64.3095688,-8.9344929],[-64.3233996,-8.9288606],[-64.3799237,-8.9467351],[-64.446574,-8.9768705],[-64.5501239,-8.9782709],[-64.587961,-9.0095099],[-64.611074,-9.0164518],[-64.641538,-9.006646],[-64.6713762,-9.0147962],[-64.6833507,-8.9936169],[-64.7136811,-8.9938629],[-64.730541,-9.0125097],[-64.7611805,-9.0205834],[-64.7839641,-8.9892699],[-64.8164156,-8.98662],[-64.8705663,-9.0121936],[-64.8940991,-9.0437018],[-64.9172668,-9.0431411],[-64.9156801,-9.0746143],[-64.9399298,-9.1245658],[-64.9196828,-9.2202803],[-64.9360779,-9.2558112],[-64.9628795,-9.2927766],[-64.9861829,-9.291931],[-65.0005153,-9.3046138],[-65.0220195,-9.3460052],[-65.0393083,-9.3595813],[-65.0356802,-9.3748168],[-65.053546,-9.4021423],[-65.0779285,-9.4009814],[-65.0889104,-9.4250804],[-65.1428806,-9.4468123],[-65.1854632,-9.4270317],[-65.1735439,-9.3854485],[-65.1961582,-9.3752629],[-65.1883246,-9.3448525],[-65.2089565,-9.3096433],[-65.2117718,-9.2789934],[-65.2466614,-9.2576636],[-65.2703819,-9.2636117],[-65.3073529,-9.291487],[-65.3426895,-9.3094609],[-65.3512411,-9.3231093],[-65.3775134,-9.3244261],[-65.3935223,-9.339597],[-65.4097979,-9.3224557],[-65.4402184,-9.3117453],[-65.4476908,-9.345786],[-65.4461298,-9.3706882],[-65.4566002,-9.4012087],[-65.4433302,-9.4201472],[-65.4320983,-9.458635],[-65.4566578,-9.4705194],[-65.5031633,-9.4699754],[-65.5065502,-9.447698],[-65.5224118,-9.4469045],[-65.5556338,-9.4224552],[-65.5881079,-9.4137738],[-65.6416338,-9.4334674],[-65.6498843,-9.4472713],[-65.6794352,-9.4513929],[-65.6809976,-9.5004075],[-65.6960809,-9.5076713],[-65.7141083,-9.5449248],[-65.7299672,-9.5630727],[-65.8000217,-9.5850225],[-65.8180266,-9.5622559],[-65.8250771,-9.5300912],[-65.8482485,-9.5323243],[-65.8809081,-9.4874649],[-65.9126344,-9.4837503],[-65.9318805,-9.4475944],[-65.9516373,-9.4362626],[-65.9703006,-9.4131601],[-66.0025757,-9.4042574],[-66.0424116,-9.4023724],[-66.0597396,-9.4182176],[-66.1238908,-9.4087794],[-66.1736328,-9.4344187],[-66.2047463,-9.4259737],[-66.2434147,-9.4293871],[-66.2596688,-9.4109965],[-66.2904394,-9.4124947],[-66.2841858,-9.4321636],[-66.3074975,-9.4368453],[-66.3189162,-9.4199636],[-66.3416104,-9.4270167],[-66.3533063,-9.4166195],[-66.3747764,-9.4263661],[-66.4088584,-9.4069466],[-66.4147219,-9.4219488],[-66.3961089,-9.4375201],[-66.3890009,-9.4642796],[-66.3924143,-9.5004801],[-66.4235776,-9.5257876],[-66.4389348,-9.55439],[-66.4949168,-9.6015832],[-66.5006134,-9.6335642],[-66.5368884,-9.6435496],[-66.5517207,-9.65806],[-66.5863066,-9.6735589],[-66.6094487,-9.6648985],[-66.6241659,-9.6808192],[-66.6849453,-9.7146456],[-66.691803,-9.7338899],[-66.7253897,-9.7560725],[-66.7584708,-9.7603598],[-66.7753636,-9.7530913],[-66.7805792,-9.7913933],[-66.7856383,-9.7980799],[-66.7926964,-9.8020509],[-66.8102531,-9.8180459]],[[-66.8102531,-9.8180459],[-66.6267197,-9.8981012],[-66.5875826,-9.9003015],[-66.5588611,-9.8809502],[-66.5280014,-9.887032],[-66.5133329,-9.8764175],[-66.4358032,-9.8660127],[-66.4120831,-9.8820268],[-66.3951909,-9.864176],[-66.3596118,-9.8661512],[-66.3559711,-9.8487645],[-66.313389,-9.8325715],[-66.2550757,-9.8333063],[-66.2376611,-9.8145963],[-66.2133083,-9.8342554],[-66.1977209,-9.8247866],[-66.1950561,-9.8063093],[-66.1529391,-9.785746],[-66.1228551,-9.7911014],[-66.1014448,-9.8033588],[-66.0711099,-9.7842972],[-66.0332195,-9.7889338],[-66.02814,-9.8066732],[-65.9741334,-9.7979149],[-65.9735213,-9.7773322],[-65.9431943,-9.7600908],[-65.9225231,-9.7563988],[-65.9030823,-9.7668253],[-65.8713618,-9.7533886],[-65.8686112,-9.7930308],[-65.8535809,-9.7943418],[-65.8204949,-9.7664367],[-65.80572,-9.788088],[-65.7837427,-9.7863433],[-65.7726588,-9.7581878],[-65.750691,-9.7774574],[-65.7188849,-9.7559534],[-65.6849694,-9.7490081],[-65.6892185,-9.7688335],[-65.7098507,-9.7725702],[-65.6893809,-9.7998461],[-65.6725794,-9.7821248],[-65.6473594,-9.815839],[-65.6236948,-9.8359798],[-65.6079662,-9.8254301],[-65.5969534,-9.8419106],[-65.5541007,-9.8320442],[-65.5656275,-9.8130935],[-65.5135248,-9.79317],[-65.5042198,-9.7676961],[-65.5010191,-9.7298391],[-65.4898783,-9.7130291],[-65.4718561,-9.7136851],[-65.4470743,-9.6971036],[-65.4460779,-9.6690549],[-65.4001057,-9.6835637],[-65.3783044,-9.6971254],[-65.3546006,-9.7236823],[-65.3280707,-9.7800172],[-65.3205208,-9.814532],[-65.2873772,-9.8398634],[-65.2958042,-9.8784469],[-65.3122688,-9.8931208],[-65.3318293,-9.9300147],[-65.3330804,-9.9656911],[-65.3200511,-10.0009559],[-65.329357,-10.0431964],[-65.3261626,-10.0661797],[-65.3005774,-10.1009084],[-65.300281,-10.1394395],[-65.3070251,-10.1649978],[-65.2899869,-10.2088499],[-65.2948338,-10.2391027],[-65.3067713,-10.2498286],[-65.3194156,-10.2922601],[-65.3759058,-10.3521812],[-65.3918013,-10.3744374],[-65.3790817,-10.4089966],[-65.3814996,-10.4290742],[-65.4047964,-10.464022],[-65.4233526,-10.4643195],[-65.4296351,-10.482896],[-65.4105791,-10.5129499],[-65.4198535,-10.5280705],[-65.4046946,-10.5537526],[-65.3971968,-10.5833445],[-65.416748,-10.6186868],[-65.403468,-10.6429834],[-65.3719659,-10.6481824],[-65.3496676,-10.6705476],[-65.3436059,-10.6995816],[-65.3495797,-10.7434563],[-65.3447432,-10.7695869],[-65.3669649,-10.7962563],[-65.3203903,-10.8223343],[-65.2765513,-10.8693553],[-65.2666125,-10.9218079],[-65.2858299,-10.9276718],[-65.250859,-10.9845455],[-65.2948608,-11.0236146],[-65.3005503,-11.0393289],[-65.2834712,-11.0577945],[-65.2798017,-11.0791174],[-65.2888895,-11.0942523],[-65.3315022,-11.1067738],[-65.3514707,-11.1217238],[-65.3634955,-11.1472658],[-65.3508619,-11.1863923],[-65.3256212,-11.1866205],[-65.3246918,-11.2114823],[-65.3488598,-11.2113455],[-65.361334,-11.2271475],[-65.3616107,-11.2495815],[-65.3469184,-11.3028689],[-65.3354197,-11.3137986],[-65.2986139,-11.3160857],[-65.2976647,-11.3350798],[-65.3240242,-11.338618],[-65.3354111,-11.3549453],[-65.3271089,-11.3843821],[-65.3190032,-11.4473906],[-65.3049193,-11.5016],[-65.2640577,-11.5130994],[-65.2250032,-11.5164466],[-65.2119168,-11.5304891],[-65.2140254,-11.5480437],[-65.2345274,-11.5704471],[-65.2254136,-11.603998],[-65.229999,-11.6231694],[-65.2179133,-11.6520886],[-65.2286938,-11.6707336],[-65.2593918,-11.6997627],[-65.2481714,-11.7234767],[-65.2047824,-11.7494622],[-65.1734988,-11.750973],[-65.1829733,-11.7217035],[-65.1237309,-11.7197437],[-65.0905256,-11.7077774],[-65.0597243,-11.7906782],[-65.0613359,-11.824292],[-65.0706948,-11.8691097],[-65.0599476,-11.8828006],[-65.0260515,-11.8884484],[-65.0149985,-11.9041545],[-65.0303604,-11.9502463],[-65.0257514,-11.9707448],[-65.0352556,-11.9857719],[-65.0226087,-11.9991513],[-65.0005559,-11.9933727],[-64.9841679,-12.0143712],[-64.9483889,-11.9934266],[-64.9170257,-12.0283831],[-64.8822808,-12.0133457],[-64.8395868,-12.0106793],[-64.8126942,-12.0448715],[-64.8107215,-12.0668472],[-64.8424147,-12.0945952],[-64.8219195,-12.1188428],[-64.8094972,-12.0939515],[-64.7884731,-12.0857891],[-64.7657528,-12.096308],[-64.7575025,-12.1123057],[-64.7691092,-12.1436848],[-64.7499413,-12.1575662],[-64.7370275,-12.1402376],[-64.7385545,-12.1000836],[-64.7091954,-12.0871034],[-64.6983588,-12.103594],[-64.7177993,-12.1424671],[-64.7129448,-12.1735799],[-64.6950556,-12.1893791],[-64.6715551,-12.1926791],[-64.6162191,-12.2147173],[-64.568609,-12.2198129],[-64.5522433,-12.2419466],[-64.5127895,-12.2228731],[-64.503277,-12.2351522],[-64.4928593,-12.2942597],[-64.5005381,-12.3300136],[-64.5130783,-12.3438249],[-64.499413,-12.3672952],[-64.4600271,-12.3871505],[-64.4476696,-12.4091617],[-64.4061676,-12.4470481],[-64.3491631,-12.4599362],[-64.294721,-12.4578168],[-64.2988243,-12.4907931],[-64.2844442,-12.5031752],[-64.2355565,-12.456125],[-64.1967732,-12.4728443],[-64.1728845,-12.4665134],[-64.1711812,-12.5103698],[-64.1574457,-12.5138771],[-64.1338805,-12.4764538],[-64.1146305,-12.5033505],[-64.0988867,-12.4855432],[-64.0757786,-12.5011421],[-64.0509126,-12.4974126],[-64.0401616,-12.5151395],[-64.0005519,-12.5030243],[-63.9529725,-12.5317711],[-63.8978016,-12.499692],[-63.9007176,-12.4819207],[-63.8893042,-12.4495064],[-63.873104,-12.4470829],[-63.8339707,-12.4634295],[-63.8180514,-12.4470099],[-63.8031321,-12.4472476],[-63.7863035,-12.427945],[-63.7642959,-12.4420757],[-63.7337167,-12.4386224],[-63.6915479,-12.4494206],[-63.6753964,-12.4622833],[-63.6567887,-12.461824],[-63.6221145,-12.4728773],[-63.613976,-12.4852736],[-63.5504909,-12.508437],[-63.5272856,-12.5456518],[-63.5017385,-12.5673236],[-63.4739971,-12.5615702],[-63.4346872,-12.5658407],[-63.4373021,-12.584658],[-63.4099309,-12.6110825],[-63.4009479,-12.6362102],[-63.3693525,-12.6595861],[-63.3502986,-12.6567012],[-63.2955445,-12.6818567],[-63.2622797,-12.6834552],[-63.2397053,-12.6774259],[-63.2182395,-12.6557374],[-63.1898484,-12.6470119],[-63.1974907,-12.630317],[-63.164479,-12.6157206],[-63.1476334,-12.636679],[-63.1123223,-12.6590658],[-63.0934646,-12.6579586],[-63.0957388,-12.6836657],[-63.0677413,-12.6825907],[-63.0828512,-12.7119784],[-63.0782459,-12.7287496],[-63.0545785,-12.7311315],[-63.041906,-12.7500991],[-63.033826,-12.7807152],[-63.0103267,-12.8083057],[-63.0122087,-12.8341095],[-62.9429915,-12.8546105],[-62.9213543,-12.8408615],[-62.8811825,-12.863168]],[[-62.8811825,-12.863168],[-62.8658237,-12.8792519],[-62.8426272,-12.8635442],[-62.8176851,-12.8680951],[-62.7884407,-12.8613478],[-62.7739016,-12.8820706],[-62.7520441,-12.8731508],[-62.7343555,-12.8916881],[-62.7288766,-12.9258899],[-62.7034384,-12.9208786],[-62.6940767,-12.9022845],[-62.6652633,-12.9061811],[-62.6449113,-12.8823332],[-62.622824,-12.8718954],[-62.5949325,-12.838127],[-62.5780692,-12.809876],[-62.5602662,-12.8104574],[-62.5476257,-12.7967238],[-62.5219353,-12.8095931],[-62.5177698,-12.7828762],[-62.4995169,-12.7544784],[-62.4627881,-12.7466674],[-62.4522606,-12.727478],[-62.4268227,-12.7101888],[-62.4017927,-12.6613417],[-62.3677685,-12.621123],[-62.3510687,-12.5922273],[-62.3372946,-12.5772364],[-62.3127367,-12.5575324],[-62.292737,-12.5414096],[-62.2894895,-12.5352125],[-62.2693724,-12.5141469],[-62.2750934,-12.473221],[-62.2588214,-12.4509135],[-62.2642355,-12.427332],[-62.250928,-12.4020329],[-62.2914299,-12.3188257],[-62.3004837,-12.3163677],[-62.3636231,-12.3387056],[-62.3946838,-12.3434799],[-62.4176009,-12.3241698],[-62.4682064,-12.2992599],[-62.4855149,-12.3020493],[-62.5170144,-12.2835837],[-62.5763475,-12.2676037],[-62.5929024,-12.2490697],[-62.6205679,-12.2548681],[-62.6414637,-12.2397694],[-62.7313195,-12.1098177],[-62.7333897,-12.1249783],[-62.7574363,-12.1425431],[-62.7663033,-12.1748831],[-62.7988534,-12.1859706],[-62.8139357,-12.2021565],[-62.8556265,-12.1946031],[-62.9152421,-12.1970941],[-62.9538831,-12.2064476],[-63.0302961,-12.1951137],[-63.1112462,-12.2053532],[-63.1323513,-12.2025422],[-63.1697943,-12.2373144],[-63.1919368,-12.2364334],[-63.2356303,-12.2520659],[-63.2298291,-12.2754142],[-63.2405462,-12.2969278],[-63.2760444,-12.2811266],[-63.2980738,-12.3094113],[-63.3284921,-12.3003476],[-63.3284631,-12.2859781],[-63.337794,-12.269389],[-63.3290804,-12.252401],[-63.3293244,-12.2187651],[-63.3184756,-12.2028141],[-63.2952134,-12.1390314],[-63.2931281,-12.1055863],[-63.2826283,-12.0648153],[-63.2662984,-12.0522558],[-63.2551284,-12.0240655],[-63.2703016,-11.9686395],[-63.2925168,-11.9468142],[-63.3110505,-11.9465273],[-63.3406174,-11.9308488],[-63.3780425,-11.8856972],[-63.3855347,-11.8641037],[-63.3666415,-11.839437],[-63.5810946,-11.8390426],[-63.5872688,-11.8261376],[-63.6054915,-11.804652],[-63.6015871,-11.787162],[-63.57581,-11.7666875],[-63.5653988,-11.7624976],[-63.549922,-11.7577907],[-63.5467956,-11.7272703],[-63.600475,-11.7037416],[-63.6522975,-11.6898145],[-63.6633151,-11.6709722],[-63.6746096,-11.6560777],[-63.6799199,-11.6444148],[-63.6758791,-11.6405588],[-63.6669582,-11.630497],[-63.6365194,-11.6075908],[-63.6048362,-11.602058],[-63.6050144,-11.5842969],[-63.6046305,-11.5659019],[-63.6088502,-11.5568623],[-63.612708,-11.5201379],[-63.5945174,-11.5044698],[-63.6094104,-11.4826939],[-63.5939039,-11.4161808],[-63.5655213,-11.4124269],[-63.5488528,-11.4134901],[-63.5574893,-11.403172],[-63.5380448,-11.3780801],[-63.5220447,-11.3700655],[-63.5293108,-11.3380603],[-63.5940087,-11.2607621],[-63.5905229,-11.2397946],[-63.5770785,-11.2251431],[-63.5880213,-11.2093887],[-63.5878683,-11.1833542],[-63.6028173,-11.1416673],[-63.593158,-11.0952407],[-63.5822721,-11.0691762],[-63.5805634,-11.0311518],[-63.5870985,-11.0034526],[-63.582811,-10.9726665],[-63.6073793,-10.9301883],[-63.6049839,-10.8867954],[-63.5727925,-10.8779331],[-63.577073,-10.8315764],[-63.5667102,-10.8013448],[-63.5836803,-10.7793228],[-63.5784845,-10.7445938],[-63.5550426,-10.7307647],[-63.5501247,-10.7004368],[-63.5606597,-10.6636784],[-63.5554053,-10.6394022],[-63.5317417,-10.5963055],[-63.5465727,-10.5818607],[-63.5574253,-10.5578865],[-63.5364908,-10.5304759],[-63.5291279,-10.491324],[-63.5329287,-10.4649295],[-63.497329,-10.4445558],[-63.4942872,-10.4149215],[-63.4590965,-10.3975856],[-63.459629,-10.3756302],[-63.4771227,-10.3373821],[-63.4609356,-10.307938],[-63.485899,-10.2701616],[-63.5184799,-10.2552331],[-63.5386494,-10.2381493],[-63.5652203,-10.2408974],[-63.5826241,-10.1954952],[-63.5853788,-10.1602132],[-63.5766228,-10.1126248],[-63.5846232,-10.1070047],[-63.5896261,-10.0587464],[-63.5834001,-10.0300568],[-63.5969729,-10.0003823],[-63.7658373,-10.0002897],[-63.7591242,-9.9802504],[-63.7380403,-9.9654104],[-63.7184577,-9.9282844],[-63.7175946,-9.9088359],[-63.701453,-9.8583796],[-63.6860152,-9.8528949],[-63.6860165,-9.8241261],[-63.6758148,-9.793376],[-63.6809542,-9.7679691],[-63.6622065,-9.7322111],[-63.662374,-9.7169154],[-63.6405072,-9.6893533],[-63.6414413,-9.6700871],[-63.6237024,-9.6516717],[-63.6251506,-9.6245548],[-63.5731777,-9.5790081],[-63.5508456,-9.5337658],[-63.5616784,-9.5172498],[-63.5478135,-9.5059409],[-63.56159,-9.4565509],[-63.5763943,-9.4381775],[-63.582676,-9.4105974],[-63.6234554,-9.4243468],[-63.623928,-9.4362888],[-63.6670115,-9.4285952],[-63.6861233,-9.4188078],[-63.7114413,-9.4487228],[-63.745565,-9.423338],[-63.7568275,-9.3951652],[-63.3259759,-9.428505],[-63.3267117,-9.4330698],[-63.1011086,-9.4527443],[-63.1021777,-9.4789228],[-63.0780629,-9.5080178],[-63.0768103,-9.5249728],[-63.0005883,-9.5263449],[-62.4224639,-9.5250188],[-62.4267509,-9.4927764],[-62.4080061,-9.4149289],[-62.3855868,-9.3934912],[-62.3881463,-9.3698392],[-62.3619158,-9.3492009],[-62.3342013,-9.3504214],[-62.3084687,-9.312362],[-62.3155329,-9.2979599],[-62.3358645,-9.2164774],[-62.3280039,-9.154247],[-62.3278916,-9.1124643],[-62.3375858,-9.0677564],[-62.3328086,-9.0558959],[-62.3376945,-9.0194438],[-62.3479117,-8.9901904],[-62.330117,-8.9775239],[-62.3240871,-8.9442246],[-62.3451419,-8.9327181],[-62.3288908,-8.9053406],[-62.3337494,-8.8811169],[-62.2964724,-8.8548427],[-62.2984464,-8.8282107],[-62.311726,-8.8037416],[-62.343033,-8.7858065],[-62.3440043,-8.7577164],[-62.3573062,-8.7535315],[-62.3670271,-8.7455405],[-62.3709176,-8.7407218],[-62.3778268,-8.7282908],[-62.3647508,-8.6926679],[-62.3648365,-8.6842521],[-62.3676775,-8.674707],[-62.3479721,-8.6766135],[-62.3450305,-8.700139],[-62.3307845,-8.709301],[-62.2923894,-8.7003467],[-62.274466,-8.7019763],[-62.2452548,-8.6779207],[-62.2385029,-8.621979],[-62.2456118,-8.5937474],[-62.2688885,-8.5757586]],[[-62.8811825,-12.863168],[-62.8940789,-12.8730016],[-62.8702099,-12.9106179],[-62.8033008,-12.9450797],[-62.8089019,-12.9621374],[-62.7943513,-12.9952177],[-62.7811841,-13.0083848],[-62.7340206,-13.0218668],[-62.7251595,-13.0012549],[-62.6985773,-13.0028162],[-62.6749101,-12.9909512],[-62.6606879,-12.9694718],[-62.6452698,-12.9745947],[-62.6291779,-12.9958121],[-62.6330238,-13.0106374],[-62.6141327,-13.0262388],[-62.6125725,-13.0412954],[-62.5471599,-13.0739935],[-62.5238183,-13.0655029],[-62.5026304,-13.0831629],[-62.4655476,-13.0771978],[-62.4344569,-13.1019655],[-62.4139913,-13.1283821],[-62.3825437,-13.1308324],[-62.3519615,-13.1432941],[-62.3167712,-13.1344681],[-62.2993497,-13.1505528],[-62.2459304,-13.1451627],[-62.2450118,-13.1208414],[-62.2147888,-13.1113449],[-62.2010383,-13.1245422],[-62.1909339,-13.1538296],[-62.1695715,-13.1342045],[-62.1429045,-13.1611636],[-62.1197091,-13.1535328],[-62.1090708,-13.2190394],[-62.1156843,-13.2584652],[-62.0842936,-13.2903075],[-62.0690121,-13.2958589],[-62.0032061,-13.3654125],[-61.9804882,-13.3654943],[-61.9623452,-13.3911454],[-61.9143466,-13.4337319],[-61.887426,-13.4407745],[-61.8832099,-13.4972993],[-61.8688527,-13.5282221],[-61.8336515,-13.5392924],[-61.817124,-13.5274366],[-61.7899873,-13.5378655],[-61.7573476,-13.5405747],[-61.7517077,-13.5204151],[-61.730816,-13.5265442],[-61.6938441,-13.5080797],[-61.6687947,-13.5050571],[-61.6514522,-13.5187113],[-61.608014,-13.5116917],[-61.585621,-13.5006257],[-61.5724304,-13.5185725],[-61.5563752,-13.5182122],[-61.5082567,-13.5479382],[-61.4699239,-13.5552502],[-61.4295679,-13.5454079],[-61.3897886,-13.5197691],[-61.3505155,-13.5211574],[-61.3394883,-13.5081161],[-61.3135097,-13.5044738],[-61.3053963,-13.4863132],[-61.2883166,-13.4828576],[-61.2752088,-13.5060564],[-61.2483441,-13.4962741],[-61.2437901,-13.5128117],[-61.2217305,-13.530155],[-61.1712922,-13.5106087],[-61.1532007,-13.5273067],[-61.1034016,-13.5157539],[-61.0877584,-13.4920938],[-61.0411515,-13.5077103],[-61.0149244,-13.4875362],[-61.0124208,-13.5281829],[-61.0056227,-13.5502805],[-60.9674203,-13.5368945],[-60.9510375,-13.5518841],[-60.9338909,-13.5407095],[-60.9089256,-13.5848178],[-60.8798406,-13.6175279],[-60.8449777,-13.6315591],[-60.8285899,-13.629501],[-60.8100666,-13.6552746],[-60.7705337,-13.6651065],[-60.7695385,-13.6842053],[-60.7099896,-13.687327]],[[-60.7099896,-13.687327],[-60.6860379,-13.6252274],[-60.6455062,-13.5928216],[-60.6347881,-13.5745178],[-60.5776508,-13.5652277],[-60.5357855,-13.537301],[-60.5316656,-13.5180899],[-60.4864221,-13.4941821],[-60.4320021,-13.4884356],[-60.4115299,-13.4616583],[-60.3879196,-13.4546951],[-60.3793059,-13.4153231],[-60.3795864,-13.3752343],[-60.3713434,-13.3675469],[-60.3660926,-13.332232],[-60.3734795,-13.324443],[-60.3248107,-13.2504877],[-60.3297838,-13.2354686],[-60.3082236,-13.1994875],[-60.3038368,-13.1783698],[-60.2786128,-13.1596137],[-60.2771203,-13.1126783],[-60.2829916,-13.0805523],[-60.2562022,-13.063813],[-60.2413314,-13.0384575],[-60.2152922,-13.0269807],[-60.2136568,-13.0070527],[-60.1833444,-12.967629],[-60.1171653,-12.9595556],[-60.1015281,-12.9134155],[-60.0881078,-12.9024309],[-60.0791962,-12.873926],[-60.0828176,-12.852636],[-60.0587059,-12.786211],[-60.0621632,-12.7581709],[-60.0750583,-12.7332327],[-60.0557303,-12.7036176],[-60.0658458,-12.6938228],[-60.059073,-12.6635501],[-60.028942,-12.6185671],[-60.0033205,-12.5923372],[-59.9815739,-12.5921385],[-59.9774152,-12.6065175],[-59.9476548,-12.5992652],[-59.8960537,-12.5364446],[-59.8989333,-12.5030734],[-59.84416,-12.4671729],[-59.8425487,-12.424849],[-59.8192559,-12.3787482],[-59.7929413,-12.3457819],[-59.7743574,-12.3409559],[-59.8867969,-12.245087],[-59.9017147,-12.2238791],[-59.9108107,-12.1864566],[-59.9026053,-12.1750357],[-59.8998038,-12.1172227],[-59.9292763,-12.0784547],[-59.9619968,-12.0563674],[-59.9695798,-12.0324752],[-59.9665831,-12.0071625],[-59.9713581,-11.9699456],[-59.9869914,-11.9600898],[-59.9804138,-11.9416011],[-59.9857972,-11.9120801],[-60.0068898,-11.894683],[-60.0503863,-11.8978671],[-60.0766345,-11.8852893],[-60.1033601,-11.8191718],[-60.0986646,-11.7943321],[-60.109156,-11.7805548],[-60.1073891,-11.7489734],[-60.1216618,-11.7121038],[-60.1187981,-11.6540707],[-60.1099085,-11.6155403],[-60.1148844,-11.591462],[-60.0866925,-11.5609447],[-60.0574695,-11.542096],[-60.0328028,-11.4995521],[-59.9854077,-11.4693409],[-59.9762413,-11.4392225],[-59.952352,-11.4364224],[-59.9344129,-11.4236675],[-59.9229098,-11.3941668],[-59.9199125,-11.3760279],[-59.925437,-11.3617763],[-59.9171931,-11.3384346],[-59.9277738,-11.3104346],[-59.9594679,-11.2947339],[-59.9679112,-11.2529339],[-59.9796883,-11.2395295],[-59.9811296,-11.2037619],[-59.9640257,-11.1891151],[-59.9875818,-11.1711082],[-59.9950224,-11.148203],[-59.9767766,-11.1223889],[-59.9868508,-11.1145192],[-60.0193888,-11.1290994],[-60.032028,-11.127778],[-60.0663542,-11.1209934],[-60.0750227,-11.1050246],[-60.0961909,-11.1107881],[-60.1126909,-11.10254],[-60.1776041,-11.0992539],[-60.1914692,-11.1141134],[-60.2412468,-11.0968881],[-60.2808334,-11.0915305],[-60.2823584,-11.0640172],[-60.301248,-11.0571521],[-60.3419726,-11.0826337],[-60.3479707,-11.1090363],[-60.3915541,-11.0937926],[-60.4114906,-11.0467759],[-60.4296987,-11.0374942],[-60.4600501,-10.9898562],[-61.0005934,-10.988351],[-61.0005949,-10.9922393],[-61.5502579,-10.9860947],[-61.5300873,-10.9790195],[-61.5193336,-10.891992],[-61.5251489,-10.8558039],[-61.5099966,-10.8368279],[-61.5034218,-10.8084452],[-61.5108965,-10.7936807],[-61.4764168,-10.7677946],[-61.4763671,-10.722504],[-61.4993935,-10.6986176],[-61.4844843,-10.6737666],[-61.4789575,-10.6430436],[-61.489594,-10.6298033],[-61.4762363,-10.6076634],[-61.4799609,-10.5691537],[-61.4663218,-10.5412113],[-61.4790698,-10.529872],[-61.4808157,-10.4877483],[-61.4735108,-10.4749576],[-61.4617928,-10.4199046],[-61.4769134,-10.4106314],[-61.5031111,-10.3759259],[-61.5017216,-10.3537765],[-61.5161645,-10.3344363],[-61.5481076,-10.3163893],[-61.5440872,-10.3009945],[-61.5767244,-10.2485762],[-61.5740051,-10.2089593],[-61.5577505,-10.1823138],[-61.6012364,-10.1500901],[-61.5787102,-10.0792444],[-61.5843749,-10.0596093],[-61.5558735,-10.0389514],[-61.5312021,-9.9898503],[-61.5233429,-9.9484856],[-61.5249818,-9.9065757],[-61.5110765,-9.8955614],[-61.5079136,-9.8610818],[-61.5249134,-9.7957303],[-61.547356,-9.7875415],[-61.5326111,-9.7579842],[-61.5315013,-9.7399119],[-61.5746373,-9.7177933],[-61.5530502,-9.7071921],[-61.5324293,-9.7117765],[-61.505272,-9.6913819],[-61.5068828,-9.6619559],[-61.4940717,-9.659381],[-61.4768074,-9.628723],[-61.5030326,-9.615345],[-61.4949271,-9.5849287],[-61.5103714,-9.5650911],[-61.5080429,-9.540463],[-61.5495654,-9.5152171],[-61.5258126,-9.5017971],[-61.5627368,-9.4857714],[-61.5817187,-9.4591265],[-61.55672,-9.435615],[-61.5505387,-9.4147035],[-61.5633169,-9.3781567],[-61.5803064,-9.3682219],[-61.6259281,-9.3630117],[-61.6247905,-9.3364251],[-61.6113336,-9.3157281],[-61.6119925,-9.2807016],[-61.6328359,-9.276471],[-61.6283434,-9.257097],[-61.5996169,-9.2560351],[-61.5683872,-9.237088],[-61.5293032,-9.2486741],[-61.5248651,-9.2428551],[-61.5222358,-9.2124045],[-61.522482,-9.1883297],[-61.5319035,-9.1710475],[-61.5553819,-9.1314969],[-61.555755,-9.0924026],[-61.5110619,-8.9761931],[-61.4895398,-8.9372717],[-61.469214,-8.9201143],[-61.5115045,-8.8636406],[-61.5137215,-8.8369518],[-61.5271948,-8.816858],[-61.5430783,-8.8190978],[-61.5831348,-8.7986891]],[[-61.5831348,-8.7986891],[-61.6060278,-8.794714],[-61.6295527,-8.7529562],[-61.6264691,-8.7288535],[-61.6735812,-8.7050168],[-61.7053617,-8.7075264],[-61.7132742,-8.6878527],[-61.741854,-8.6951929],[-61.7488815,-8.7237702],[-61.7746056,-8.7482289],[-61.8062463,-8.7477818],[-61.828108,-8.7326255],[-61.8412499,-8.7394106],[-61.8433013,-8.7794091],[-61.8610249,-8.8036155],[-61.8597486,-8.8529733],[-61.9058859,-8.8745104],[-61.9381066,-8.8814117],[-61.97914,-8.8732446],[-62.0039716,-8.8300839],[-62.0213332,-8.8235979],[-62.031061,-8.7997101],[-62.0743019,-8.7985702],[-62.0980029,-8.8089214],[-62.1249717,-8.8016711],[-62.1550309,-8.7396423],[-62.1488018,-8.7183089],[-62.1717727,-8.6950749],[-62.165087,-8.6793938],[-62.2005306,-8.6442928],[-62.1746915,-8.628203],[-62.1837005,-8.5989665],[-62.2286045,-8.5905684],[-62.2688885,-8.5757586]],[[-73.8015581,-7.1118244],[-73.7593778,-7.1741528],[-73.7551757,-7.1978728],[-73.7138092,-7.2338586],[-73.7157012,-7.2672167],[-73.6998092,-7.3039087],[-73.7182056,-7.3288278],[-73.7553892,-7.3464998],[-73.7695951,-7.3315391],[-73.7941194,-7.3438],[-73.8171184,-7.3349948],[-73.8522593,-7.3469005],[-73.8598963,-7.3688202],[-73.8764986,-7.3822713],[-73.9095101,-7.3776894],[-73.9308953,-7.3519169],[-73.9661735,-7.3516089],[-73.9586433,-7.3778005],[-73.9313606,-7.4228034],[-73.9193138,-7.4652919],[-73.9475119,-7.5262282],[-73.99045,-7.535961],[-73.9833394,-7.5661919],[-73.96834,-7.5673473],[-73.9423696,-7.5985696],[-73.8862021,-7.6357804],[-73.8729444,-7.6711139],[-73.8421729,-7.6777467],[-73.8216727,-7.7174972],[-73.7400384,-7.7337081],[-73.6838099,-7.7760549],[-73.6871278,-7.8540306],[-73.7039513,-7.8726048],[-73.7661231,-7.8702078],[-73.7530311,-7.8895578],[-73.7706702,-7.9049215],[-73.7509177,-7.9233741],[-73.7465002,-7.9525574],[-73.6976112,-7.9601963],[-73.6759694,-8.0078056],[-73.645945,-8.0030157],[-73.6268945,-8.0214883],[-73.623446,-8.0393573],[-73.6334028,-8.0567639],[-73.6155648,-8.0695963],[-73.5939507,-8.0974044],[-73.5853371,-8.1228217],[-73.5912575,-8.1423072],[-73.5864738,-8.1863764],[-73.5716423,-8.229799],[-73.540316,-8.2627455],[-73.5401176,-8.295012],[-73.529673,-8.3121486],[-73.5369514,-8.3454823],[-73.504229,-8.3787206],[-73.4820046,-8.3917563],[-73.4215646,-8.4069979],[-73.4067255,-8.4191677],[-73.3944472,-8.4672805],[-73.3650614,-8.4633761],[-73.3277309,-8.4815263],[-73.3279826,-8.5170783],[-73.3439737,-8.602084],[-73.3195902,-8.6141031],[-73.2848078,-8.6663586],[-73.2478472,-8.6873417],[-73.2083462,-8.6809506],[-73.1760722,-8.6942972],[-73.1423749,-8.7227033],[-73.1382139,-8.759575],[-73.1116132,-8.7919389],[-73.1118192,-8.8155633],[-73.0942563,-8.8372193],[-73.0779829,-8.8428526],[-73.0774793,-8.8609133],[-73.0562238,-8.9069022],[-73.043231,-8.9152888],[-73.0088988,-8.9127606],[-72.9948074,-8.9198464],[-72.9705916,-8.9748771],[-72.9443695,-8.9840943],[-72.9569198,-9.0106693],[-72.9483443,-9.0256468],[-72.9401503,-9.069016],[-72.9438353,-9.1022381],[-72.9643658,-9.1469826],[-73.0086575,-9.1677297],[-73.011172,-9.187591],[-72.9950587,-9.1943182],[-73.0220591,-9.2259439],[-73.0449472,-9.2368663],[-73.0562005,-9.2252964],[-73.0865889,-9.2444833],[-73.1104529,-9.2842916],[-73.1072561,-9.3075126],[-73.1393083,-9.3218],[-73.1566792,-9.3508962],[-73.187952,-9.3612217],[-73.1935366,-9.3928102],[-73.2118972,-9.4116694],[-72.7197435,-9.4116569],[-72.7048975,-9.4336234],[-72.6685267,-9.4373594],[-72.5520545,-9.4651509],[-72.504177,-9.4865433],[-72.4548713,-9.4874481],[-72.4049434,-9.4818818],[-72.3865863,-9.4930565],[-72.3693987,-9.4899031],[-72.3406084,-9.5062036],[-72.3344256,-9.528392],[-72.3188741,-9.5434905],[-72.2904105,-9.5357403],[-72.2815753,-9.5470772],[-72.289005,-9.6023333],[-72.2691567,-9.6203533],[-72.2604556,-9.6448615],[-72.2463043,-9.6564751],[-72.2512388,-9.6930534],[-72.2639276,-9.7131304],[-72.2707329,-9.7422337],[-72.2431985,-9.7657159],[-72.1753123,-9.7818892],[-72.1509822,-9.7989274],[-72.165478,-9.8280307],[-72.1550867,-9.8605166],[-72.1406748,-9.8775139],[-72.1740914,-9.9215917],[-72.1558419,-9.9604768],[-72.1806755,-9.9847831],[-72.1804528,-10],[-71.3774167,-10],[-71.3388735,-9.9719978],[-71.3177325,-9.9912372],[-71.2710942,-9.978271],[-71.2530537,-9.9639181],[-71.210845,-9.9663901],[-71.2057029,-9.9471764],[-71.1813729,-9.9174981],[-71.163009,-9.8753209],[-71.1298706,-9.8525155],[-71.1030315,-9.8521419],[-71.0777201,-9.8277404]],[[-71.0777201,-9.8277404],[-71.1003676,-9.815937],[-71.0893152,-9.7788526],[-71.10176,-9.7505759],[-71.0887741,-9.7399986],[-71.0792381,-9.7000535],[-71.0454999,-9.6424408],[-70.9568025,-9.5862677],[-70.9510953,-9.5359571],[-70.9025943,-9.5076897],[-70.8558478,-9.4488224],[-70.7907966,-9.4488568],[-70.7704216,-9.4220468],[-70.7346482,-9.4155587],[-70.6934726,-9.3716077],[-70.6314417,-9.3768495],[-70.6395699,-9.3129807],[-70.6291823,-9.3063122],[-70.6272362,-9.2701937],[-70.5720531,-9.2131273],[-70.5276914,-9.1382566],[-70.498841,-9.1067427],[-70.4529227,-9.1037944],[-70.4371644,-9.0855626],[-70.4027833,-9.0182364],[-70.3650949,-8.9824266],[-70.3189786,-8.9636297],[-70.193502,-8.9674508],[-70.0900955,-8.9736114],[-69.8651048,-8.9574983],[-69.8396754,-8.9442345],[-69.8263143,-8.9205578],[-69.7950748,-8.8402169],[-69.7631514,-8.7849536],[-69.7258332,-8.7636214],[-69.6595354,-8.6819052],[-69.6282068,-8.6814263],[-69.6063431,-8.6607318],[-69.5717012,-8.6440374],[-69.5673968,-8.612526],[-69.550813,-8.5852018],[-69.5425811,-8.5484265],[-69.5116455,-8.4937244],[-69.5136712,-8.4784663],[-69.4983664,-8.4448311],[-69.4793683,-8.4214044],[-69.4499417,-8.3964007],[-69.4513107,-8.3882322],[-69.4475279,-8.3829689],[-69.4450951,-8.3742264],[-69.4430475,-8.372682],[-69.4451172,-8.368868],[-69.4443203,-8.3664854]],[[-69.4443203,-8.3664854],[-70.0549793,-7.8451491]],[[-70.0549793,-7.8451491],[-72.5847656,-7.5520042],[-73.8015581,-7.1118244]],[[-71.0777201,-9.8277404],[-71.0505177,-9.8155678],[-70.9943777,-9.8173109],[-70.990172,-9.7902831],[-70.9710559,-9.7556799],[-70.9528115,-9.741955],[-70.9244928,-9.7414686],[-70.8960949,-9.7090652],[-70.8891319,-9.6895719],[-70.8535363,-9.6554078],[-70.8351417,-9.6461212],[-70.7991947,-9.6423345],[-70.7863416,-9.614219],[-70.7582669,-9.6056215],[-70.7579879,-9.5787724],[-70.7474603,-9.563128],[-70.7255064,-9.5673678],[-70.7145817,-9.5469538],[-70.6609778,-9.5217984],[-70.6366931,-9.4982098],[-70.6085862,-9.4572031],[-70.5617307,-9.4287362],[-70.5489205,-9.4345044],[-70.5095108,-9.42296],[-70.5154814,-9.5021727],[-70.5323256,-9.4997177],[-70.5642439,-9.5397036],[-70.570531,-9.554844],[-70.5907871,-9.5483795],[-70.6002714,-9.5629799],[-70.5850337,-9.5906183],[-70.598485,-9.6074383],[-70.5666043,-9.6679226],[-70.542164,-9.6798394],[-70.526011,-9.7244768],[-70.5362926,-9.7658027],[-70.5596386,-9.7895497],[-70.578182,-9.777613],[-70.5906986,-9.8036836],[-70.6125744,-9.8050779],[-70.6205864,-9.832251],[-70.6210066,-10.9996411],[-70.5300779,-10.9348139],[-70.4483532,-11.0041163],[-70.437442,-11.0266688],[-70.4064356,-11.04759],[-70.3449594,-11.067112],[-70.3082936,-11.0705762],[-70.265039,-11.0517336],[-70.2117917,-11.0501014],[-70.1722399,-11.0430358],[-70.1308212,-11.0233963],[-70.1091168,-10.9954619],[-70.0894884,-10.9851562],[-70.0631437,-10.9921127],[-69.9691698,-10.9450099],[-69.9549327,-10.9277605],[-69.9011437,-10.9200124],[-69.8737261,-10.93061],[-69.8429773,-10.9249689],[-69.8327956,-10.9337175],[-69.7999761,-10.9265174],[-69.7558055,-10.9463055],[-69.7392777,-10.9654497],[-69.7187374,-10.9755138],[-69.6589938,-10.9529785],[-69.6337811,-10.9578975],[-69.5964125,-10.9409386],[-69.5506165,-10.9530733],[-69.5402954,-10.9376257],[-69.5224372,-10.9358349],[-69.4781217,-10.9549587],[-69.4539068,-10.9494498],[-69.4526488,-10.9368277],[-69.4168789,-10.925356],[-69.3851376,-10.9429268],[-69.3527741,-10.9359113],[-69.3282855,-10.9497421],[-69.2911637,-10.9503425],[-69.2699475,-10.9412045],[-69.2156113,-10.9583531],[-69.2013446,-10.9481805],[-69.1608191,-10.9650205],[-69.1458685,-10.9623952],[-69.1074834,-10.9727279],[-69.0871925,-10.9697551],[-69.0613547,-10.9857171],[-69.0437782,-10.9811566],[-69.0018848,-11.0089345],[-68.9670107,-10.9874575],[-68.9475433,-11.0122387],[-68.9320615,-11.0061226],[-68.9104537,-11.02213],[-68.8604144,-11.0048298],[-68.8436908,-10.9915045],[-68.8290781,-11.0061884],[-68.8116035,-10.9943192],[-68.7872974,-11.0043111],[-68.7595231,-11.0034739],[-68.7506916,-11.0344076],[-68.7662743,-11.0492778],[-68.7652852,-11.0658626],[-68.7462972,-11.0943616],[-68.7209385,-11.1033739],[-68.7161196,-11.1455615],[-68.5429714,-11.1113555],[-68.5193597,-11.0880893],[-68.5040666,-11.0633302],[-68.4871861,-11.0508753],[-68.4442565,-11.0459125],[-68.4378866,-11.0355241],[-68.3917299,-11.046937],[-68.3846844,-11.0181411],[-68.360532,-11.0063974],[-68.3254208,-11.0091254],[-68.3072081,-10.991933],[-68.276713,-10.9883333],[-68.2381509,-10.9568302],[-68.2242991,-10.9116152],[-68.2072081,-10.9020372],[-68.1961278,-10.8585922],[-68.1789884,-10.8531973],[-68.1182123,-10.7841013],[-68.0970148,-10.7493853],[-68.1088165,-10.7257972],[-68.0760667,-10.6853736],[-68.0551602,-10.6703906],[-68.033547,-10.6669402],[-68.0128028,-10.6486257],[-67.9818367,-10.6573113],[-67.9615619,-10.6497223],[-67.9410966,-10.6570003],[-67.8659244,-10.6406998],[-67.8427796,-10.6533053],[-67.8275098,-10.6514179],[-67.7914957,-10.6784541],[-67.7615891,-10.6846534],[-67.7283968,-10.7134049],[-67.7043972,-10.7000139],[-67.6756111,-10.6051611],[-67.6592208,-10.6147484],[-67.6409033,-10.5993909],[-67.6353495,-10.5803839],[-67.609802,-10.5623786],[-67.6050416,-10.5342543],[-67.5945219,-10.5215719],[-67.5456416,-10.4951699],[-67.4781861,-10.4677768],[-67.4658792,-10.4553388],[-67.4439825,-10.4530233],[-67.4318833,-10.4309386],[-67.4132151,-10.4257261],[-67.423791,-10.3913996],[-67.4068489,-10.3726274],[-67.3787272,-10.3832098],[-67.3387362,-10.3760052],[-67.31984,-10.3816222],[-67.3155451,-10.3471588],[-67.3218678,-10.3215879],[-67.2762809,-10.3220206],[-67.2534741,-10.3289203],[-67.2365896,-10.3162225],[-67.1945299,-10.3253712],[-67.1884138,-10.3394276],[-67.1440185,-10.3267348],[-67.1370414,-10.29768],[-67.0991016,-10.286472],[-67.0791594,-10.2893882],[-67.051546,-10.2677655],[-67.0102561,-10.252695],[-66.9918964,-10.2039313],[-66.9511711,-10.1862575],[-66.9458066,-10.1583363],[-66.9114046,-10.1389253],[-66.8971997,-10.1141317],[-66.8731617,-10.1014199],[-66.87115,-10.0806639],[-66.8436091,-10.0861937],[-66.8322848,-10.0596477],[-66.8071794,-10.0492104],[-66.7897557,-10.0218056],[-66.7416798,-9.9966068],[-66.7346632,-9.9831349],[-66.6749666,-9.9648731],[-66.663071,-9.9369526],[-66.6465968,-9.9456789],[-66.6264588,-9.930197],[-66.6268906,-9.8980269],[-67.3258172,-9.5923815]],[[-67.3258172,-9.5923815],[-67.516882,-9.5609067],[-68.6471864,-9.0494166]],[[-68.6471864,-9.0494166],[-69.4443203,-8.3664854]],[[-63.3597912,2.1971016],[-63.3720891,2.2118616],[-63.3952472,2.1996308],[-63.3888586,2.1829859],[-63.3977409,2.1468868],[-63.4210818,2.131319],[-63.4441372,2.1251611],[-63.4666357,2.1409856],[-63.4924661,2.1154656],[-63.5363597,2.1310103],[-63.5619064,2.1323587],[-63.6174619,2.1065552],[-63.6227477,2.0890921],[-63.6449669,2.064929],[-63.6621933,2.0654655],[-63.660802,2.0332591],[-63.668021,2.0168828],[-63.7033005,2.0462687],[-63.7849696,1.9815483],[-63.8238572,1.9910289],[-63.8296883,1.9682281],[-63.8541365,1.9785291],[-63.8877502,1.9824029],[-63.9066373,1.9915269],[-63.9227463,1.9829242],[-63.9755238,1.9913059],[-63.9955245,1.9798974],[-64.0191381,1.9512979],[-64.0619156,1.9307373],[-64.0619133,1.8827045],[-64.0710785,1.8523968],[-64.0560847,1.8410087],[-64.0624667,1.7896248],[-64.0780269,1.7590416],[-64.0721951,1.7257587],[-64.0613558,1.7016127],[-64.065248,1.6760096],[-64.0874695,1.6401759],[-64.1121903,1.5893265],[-64.1260804,1.5776511],[-64.1441374,1.582435],[-64.1749679,1.5629696],[-64.1938566,1.5426979],[-64.1949684,1.524878],[-64.2155218,1.5084945],[-64.2402475,1.5112846],[-64.2616359,1.4998761],[-64.2674705,1.4846754],[-64.3021953,1.4682845],[-64.3260851,1.4359802],[-64.3296935,1.3949154],[-64.3427474,1.3843245],[-64.3774706,1.3865657],[-64.3999729,1.3948723],[-64.3913578,1.429611],[-64.3571906,1.4838108],[-64.3513625,1.5182727],[-64.3974674,1.5268362],[-64.4385855,1.4718185],[-64.4535773,1.4802195],[-64.476633,1.4679944],[-64.5005247,1.4426544],[-64.5313556,1.4352188],[-64.5533066,1.4168438],[-64.5827463,1.3754932],[-64.5760821,1.3540641],[-64.5908,1.3374136],[-64.6113602,1.3357735],[-64.634971,1.3202018],[-64.6602494,1.2913363],[-64.6846951,1.2838139],[-64.7019142,1.2913088],[-64.7224702,1.2384823],[-64.7466418,1.225445],[-64.7638611,1.2307695],[-64.7935823,1.2693605],[-64.7891416,1.2857321],[-64.8033094,1.3105007],[-64.8616387,1.2693133],[-64.8688597,1.2410053],[-64.8866381,1.2318597],[-64.9066365,1.2416119],[-64.9263644,1.2146505],[-64.9696934,1.2171516],[-64.9608037,1.1896693],[-64.9702517,1.1729369],[-65.022249,1.1149409],[-65.0660562,1.1190697],[-65.0608902,1.1376993],[-65.0712481,1.1534238],[-65.0881658,1.1459966],[-65.1030858,1.1566564],[-65.1225002,1.1351222],[-65.1514751,1.1164774],[-65.1540281,1.0563536],[-65.1668606,1.0113225],[-65.1472772,1.009346],[-65.1641425,0.9699149],[-65.1649762,0.9504778],[-65.1971933,0.9107701],[-65.2088678,0.9287523],[-65.2408088,0.921048],[-65.264137,0.9340505],[-65.3027514,0.9421604],[-65.3291401,0.9315675],[-65.3519192,0.8729742],[-65.3735819,0.8646456],[-65.3916409,0.8441148],[-65.3980261,0.8213317],[-65.4130315,0.8157176],[-65.3966456,0.7905079],[-65.3974706,0.7499208],[-65.4213666,0.7320989],[-65.4235867,0.7079645],[-65.452757,0.6854416],[-65.5305331,0.6679567],[-65.5405314,0.64879],[-65.5641402,0.675712],[-65.5763675,0.7115863],[-65.5913674,0.721611],[-65.5758063,0.7446666],[-65.5735861,0.764372],[-65.5485837,0.7745993],[-65.5241448,0.8245972],[-65.5035907,0.8524478],[-65.5122533,0.8852533],[-65.5083615,0.915535],[-65.5363912,0.9480537],[-65.5419203,0.9755243],[-65.5722221,0.9849942],[-65.5855583,1.0089346],[-65.6066651,1.0044885],[-65.6527545,1.0117712],[-65.6785847,0.9887953],[-65.6955293,1.0040538],[-65.7394209,0.9995908],[-65.767201,0.9640511],[-65.8163665,0.9520823],[-65.8316706,0.9400523],[-65.8622852,0.9309006],[-65.8815576,0.9016085],[-65.9365849,0.8821381],[-65.9333319,0.8625356],[-65.9459244,0.8525863],[-65.9713703,0.8060344],[-66.0172603,0.8000405],[-66.0379774,0.8120385],[-66.0700558,0.8050584],[-66.08853,0.7590606],[-66.1145041,0.7633777],[-66.1211474,0.7520808],[-66.1510876,0.744472],[-66.1826755,0.7671204],[-66.1881443,0.7786806],[-66.2129729,0.7806478],[-66.3185201,0.7550422],[-66.5993098,0.9996884],[-66.8569331,1.2302063],[-67.0881602,1.1668967],[-67.0828534,1.2033443],[-67.0873317,1.2315627],[-67.0888285,1.3249804],[-67.0804136,1.4012603],[-67.072331,1.4426041],[-67.078717,1.4998321],[-67.0779929,1.5444259],[-67.0815227,1.6381769],[-67.0995477,1.6817408],[-67.0973816,1.7326009],[-67.1155784,1.7675488],[-67.1240535,1.7989282],[-67.1570501,1.8488441],[-67.1743336,1.8570207],[-67.2439499,1.8581853],[-67.278087,1.8757471],[-67.3001994,1.9266702],[-67.316819,2.0012497],[-67.3260885,2.0297139],[-67.3299495,2.0781991],[-67.336873,2.0980903],[-67.3434869,2.2054799],[-67.3644821,2.2303248],[-67.3892608,2.2440111],[-67.4309917,2.241616],[-67.4481787,2.2081033],[-67.5219342,2.1703146],[-67.5509126,2.1417181],[-67.5580226,2.1060894],[-67.5863565,2.0854913],[-67.6071124,2.0354225],[-67.6198315,2.0236732],[-67.6706442,2.0200117],[-67.6970575,2.0233696],[-67.7499272,2.0401289],[-67.7794222,2.031064],[-67.8182306,1.9668342],[-67.8597067,1.9201715],[-67.8826199,1.9028001],[-67.9129869,1.8978188],[-67.9068721,1.8661181],[-67.9412948,1.8307309],[-67.9735795,1.8327501],[-68.0434404,1.8996897],[-68.0875265,1.9013133],[-68.1031103,1.93634],[-68.1406947,1.9847824],[-68.1829182,1.978796],[-68.2086778,1.9615846],[-68.2432559,1.9267464],[-68.2533707,1.878697],[-68.2637029,1.8606236],[-68.2669026,1.8273363],[-68.233675,1.8299145],[-68.2449542,1.7949035],[-68.2365907,1.7725223],[-68.2025902,1.7863312],[-68.1695326,1.7706642],[-68.1568127,1.7316353],[-69.0007639,1.7321173],[-69.1786162,1.7334428],[-69.3848865,1.729737],[-69.4261623,1.7568641],[-69.4868981,1.7621574],[-69.5523449,1.7917466],[-69.5673754,1.7772693],[-69.6030474,1.7642077],[-69.6575812,1.7367307],[-69.6818048,1.7357088],[-69.7111159,1.7494561],[-69.7522569,1.7389191],[-69.7950949,1.7099626],[-69.8218481,1.7050649],[-69.8425454,1.7207748],[-69.8455758,1.4996463],[-69.8443766,1.0853793],[-69.8302234,1.0721173],[-69.8020646,1.0735832],[-69.7848071,1.1013492],[-69.7547522,1.1186755],[-69.730714,1.1157535],[-69.7105853,1.1265092],[-69.7092201,1.0901973],[-69.684761,1.0764769],[-69.6494123,1.0954697],[-69.6069069,1.105173],[-69.5664707,1.0807469],[-69.521374,1.0795763],[-69.4934233,1.0879038],[-69.4373989,1.0806241],[-69.4353994,1.0575577],[-69.4165087,1.0523523],[-69.3859886,1.0825802],[-69.3215783,1.0956949],[-69.2898073,1.0624061],[-69.265356,1.0643609],[-69.213045,1.0201808],[-69.2035887,0.9996165],[-69.2205632,0.9850011],[-69.2061373,0.9722809],[-69.1735002,0.9598324],[-69.1633925,0.9459667],[-69.1906398,0.9325853],[-69.1851098,0.9028003],[-69.1718296,0.9026969],[-69.1358289,0.877186],[-69.1422506,0.8523145],[-69.1661126,0.8518536],[-69.1659125,0.8284801],[-69.151493,0.8098136],[-69.1450214,0.7830299],[-69.1524155,0.765292],[-69.1728874,0.7630535],[-69.1873348,0.7492421],[-69.1803573,0.7244394],[-69.1445521,0.7025014],[-69.115159,0.6498419],[-69.1336115,0.6462488],[-69.1807817,0.6559546],[-69.1932214,0.6515253],[-69.212809,0.6096125],[-69.2389516,0.6023902],[-69.2860974,0.6195718],[-69.3115405,0.6374274],[-69.3417078,0.6275281],[-69.3590468,0.6118414],[-69.3688512,0.6275135],[-69.4090247,0.661091],[-69.4100205,0.674732],[-69.4371378,0.6943574],[-69.4375847,0.7097137],[-69.4594196,0.7156276],[-69.4814747,0.7356074],[-69.5103168,0.7124114],[-69.5349559,0.6999608],[-69.5340649,0.6835872],[-69.5664838,0.6840547],[-69.5667684,0.67248],[-69.591037,0.6590118],[-69.6067941,0.629207],[-69.6346047,0.6363892],[-69.6481052,0.6608446],[-69.6798001,0.6705732],[-69.7180314,0.6430104],[-69.7252278,0.61686],[-69.75023,0.6220776],[-69.7641775,0.6054124],[-69.81315,0.5828062],[-69.831598,0.5900167],[-69.8873226,0.5749305],[-69.9148269,0.5852725],[-69.9256043,0.5649588],[-69.9423858,0.5542955],[-69.9914495,0.5609718],[-70.0042258,0.5409198],[-70.0230921,0.5435081],[-70.0435655,0.5588281],[-70.0463531,-0.0210809],[-70.0416633,-0.1241509],[-70.0581095,-0.1583086],[-70.0574332,-0.1867765],[-69.9971611,-0.2347713],[-69.9638269,-0.2849628],[-69.9372407,-0.3063511],[-69.9231595,-0.3315149],[-69.8925192,-0.3491759],[-69.8448846,-0.3457965],[-69.8235482,-0.3810107],[-69.7753282,-0.4002804],[-69.7392434,-0.4404274],[-69.7177421,-0.4551373],[-69.6449955,-0.48302],[-69.6111023,-0.5134525],[-69.6146924,-0.540342],[-69.593214,-0.567686],[-69.6049651,-0.6000017],[-69.5882705,-0.6227528],[-69.5732939,-0.6260926],[-69.573801,-0.6498361],[-69.5852481,-0.6844086],[-69.6226049,-0.7321441],[-69.6120784,-0.7702015],[-69.574212,-0.8010905],[-69.5595997,-0.8229638],[-69.5737193,-0.8422155],[-69.5385204,-0.8619845],[-69.5232685,-0.8862752],[-69.5273769,-0.921957],[-69.4635765,-0.967341],[-69.4641595,-0.984228],[-69.4501295,-0.9982871],[-69.4216603,-1.0004333],[-69.443406,-1.0366031],[-69.4243255,-1.0494773],[-69.4250746,-1.0836273],[-69.4008846,-1.1139529],[-69.3983811,-1.1444042],[-69.4132419,-1.157723],[-69.4141871,-1.1867687],[-69.4303812,-1.2246471],[-69.4307987,-1.241949],[-69.4111889,-1.2817651],[-69.4094115,-1.3338305],[-69.3999899,-1.3707265],[-69.4296539,-1.3873204],[-69.4371348,-1.4174649],[-69.435329,-1.457894],[-69.4574972,-1.4934757],[-69.4533231,-1.5314554],[-69.5344634,-2.0005089],[-69.6134115,-2.4402489]],[[-69.6134115,-2.4402489],[-69.595933,-2.4396266],[-69.5067708,-2.4494275],[-69.4704946,-2.474385],[-69.4317167,-2.4914569],[-69.4418526,-2.5311511],[-69.3755711,-2.5314159],[-69.3458264,-2.5515495],[-69.3170731,-2.5888933],[-69.3087695,-2.6155863],[-69.2392155,-2.5934905],[-69.2290176,-2.6058812],[-69.2045799,-2.6070597],[-69.183465,-2.6428723],[-69.1828828,-2.6810489],[-69.1719674,-2.7060558],[-69.1734624,-2.7358133],[-69.1515725,-2.7282261],[-69.1275463,-2.7475273],[-69.1169884,-2.7741179],[-69.0948561,-2.7866461],[-69.0666057,-2.8381255],[-69.0376563,-2.8256924],[-69.0294327,-2.8028555],[-69.0126602,-2.7854652],[-68.9868011,-2.7896926],[-68.9730205,-2.8111555],[-68.9570481,-2.8160776],[-68.9347745,-2.8020819],[-68.8878489,-2.7942718],[-68.840327,-2.8058483],[-68.8144043,-2.7827323],[-68.7756306,-2.7819783],[-68.7530211,-2.7708118],[-68.7366057,-2.7514651],[-68.6958519,-2.7290583],[-68.677493,-2.7273501],[-68.6533504,-2.7118738],[-68.6349929,-2.6755785],[-68.6126304,-2.6467167],[-68.5627118,-2.6560228],[-68.5459334,-2.6092281],[-68.508434,-2.602352],[-68.491988,-2.5932645],[-68.4674042,-2.5980778],[-68.4026544,-2.6196105],[-68.3574062,-2.61625],[-68.3381794,-2.5961113],[-68.3251244,-2.5544707],[-68.3082687,-2.5300812],[-68.2895708,-2.5298348],[-68.2447914,-2.5420075],[-68.2140176,-2.5716684],[-68.1902077,-2.5726287],[-68.1739573,-2.5542374],[-68.1094019,-2.5430336],[-68.0896827,-2.5608811],[-68.0586536,-2.5539097],[-68.0512599,-2.5716165],[-68.055961,-2.6090185],[-68.0296307,-2.6391746],[-68.0151004,-2.6644828],[-67.9690435,-2.6891795],[-67.9512637,-2.6681857],[-67.9275682,-2.687896],[-67.8970137,-2.6899391],[-67.8684383,-2.7028638],[-67.8566556,-2.716827],[-67.8238739,-2.7330458],[-67.7965144,-2.7082091],[-67.7567876,-2.7096355],[-67.7532658,-2.6856145],[-67.7357642,-2.6576416],[-67.7434819,-2.6330845],[-67.6978818,-2.6056675],[-67.6944544,-2.5900889],[-67.6686262,-2.585885],[-67.641119,-2.5612178],[-67.6312904,-2.4935581],[-67.5717312,-2.47479],[-67.5647311,-2.4287744],[-67.5550115,-2.41014],[-67.5589908,-2.3927371],[-67.5420095,-2.3723037],[-67.5208728,-2.3695586],[-67.4897049,-2.3453685],[-67.465149,-2.3378375],[-67.4110171,-2.305355],[-67.3930393,-2.3048068],[-67.3803401,-2.2825022],[-67.3381833,-2.257386],[-67.346232,-2.2333848],[-67.314429,-2.1791865],[-67.2838756,-2.1765543],[-67.2637058,-2.1960774],[-67.231514,-2.2051831],[-67.2094065,-2.2219647],[-67.2040938,-2.2458645],[-67.1765931,-2.252752],[-67.1326447,-2.2474644],[-67.1049011,-2.2681626],[-67.0785136,-2.2741269],[-67.0410901,-2.2568025],[-67.0150058,-2.2513896],[-66.9690097,-2.2512677],[-66.9459593,-2.2453596],[-66.9217869,-2.2295011],[-66.8949805,-2.2286723],[-66.848263,-2.2168468],[-66.825725,-2.2005021],[-66.7857583,-2.1956719],[-66.7788462,-2.1536568],[-66.7527355,-2.1510124],[-66.7141517,-2.1658471],[-66.6722572,-2.1506756],[-66.6211712,-2.1510187],[-66.5998146,-2.1178049],[-66.5584824,-2.1078925],[-66.529177,-2.0643073],[-66.53868,-2.0244631],[-66.5338156,-2.0000635],[-66.5098427,-1.9718724],[-66.4600613,-1.9343748],[-66.4261749,-1.94023],[-66.4101477,-1.9715807],[-66.4050379,-1.9958622],[-66.3574772,-2.0439137],[-66.3373667,-2.0563927],[-66.30522,-2.029785],[-66.256043,-2.0250115],[-66.2435734,-2.0162149],[-66.176616,-1.9863332],[-66.1662782,-1.98951],[-66.1623451,-2.0209887],[-66.1801354,-2.0431302],[-66.1567205,-2.0647059],[-66.1386701,-2.0641246],[-66.090108,-2.0783462],[-66.0564824,-2.0739326],[-66.0395159,-2.0872305],[-66.0358748,-2.1132506],[-66.0138738,-2.1401983],[-65.9721504,-2.1506156],[-65.9574588,-2.1637731],[-65.9385696,-2.2548576],[-65.9012952,-2.2605332],[-65.9034455,-2.2923896],[-65.8972734,-2.3052088],[-65.862268,-2.2879863],[-65.8550012,-2.2527237],[-65.8282429,-2.2517784],[-65.8141667,-2.2626689],[-65.7999782,-2.2525005],[-65.7301686,-2.2640079],[-65.6983312,-2.2600527],[-65.6849754,-2.2783773],[-65.6603039,-2.2734003],[-65.6501997,-2.2496006],[-65.6077041,-2.2375479],[-65.5851721,-2.2549936],[-65.5999945,-2.2792655],[-65.6283165,-2.2907588],[-65.6204758,-2.3057576],[-65.5947762,-2.31642],[-65.6158475,-2.3595144],[-65.6088964,-2.3831576],[-65.5876855,-2.3844026],[-65.5550573,-2.357796],[-65.5366448,-2.3628804],[-65.5234914,-2.3845587],[-65.5046147,-2.3887818],[-65.486402,-2.3596845],[-65.4956518,-2.3451156],[-65.5170788,-2.3453657],[-65.5140845,-2.320806],[-65.4886961,-2.3198712],[-65.4596084,-2.3281487],[-65.4778426,-2.3802817],[-65.4721036,-2.400848],[-65.4267564,-2.3924979],[-65.4300898,-2.364875],[-65.4158022,-2.3514777],[-65.3954897,-2.3491201],[-65.3723585,-2.3550163],[-65.3700624,-2.3340437],[-65.3661393,-2.3292345],[-65.3542841,-2.3433309],[-65.3278987,-2.3513187],[-65.3062087,-2.3306735],[-65.3028813,-2.3117376],[-65.280169,-2.316698],[-65.2748808,-2.3636657],[-65.2581013,-2.377599]],[[-65.2581013,-2.377599],[-65.2478814,-2.3864993]],[[-65.2478814,-2.3864993],[-65.2294875,-2.3880113],[-65.216029,-2.380429],[-65.2122503,-2.3648918],[-65.2193259,-2.3048007]],[[-65.2193259,-2.3048007],[-65.2186067,-2.2860373],[-65.202094,-2.2799923]],[[-65.202094,-2.2799923],[-65.19093,-2.2879225],[-65.1884451,-2.315774],[-65.1757495,-2.3256194],[-65.151295,-2.3258036],[-65.1390395,-2.3373976],[-65.116355,-2.3949688],[-65.0979417,-2.4219922],[-65.0558362,-2.5070174],[-64.998094,-2.5603055],[-64.9807754,-2.5979293],[-64.9936496,-2.6401765],[-65.0036087,-2.7032218],[-65.0012929,-2.7133984],[-64.9726635,-2.7227888],[-64.9167406,-2.7104827],[-64.8796581,-2.7160383],[-64.8663941,-2.7354179],[-64.8771006,-2.8125367],[-64.8915998,-2.8431677],[-64.8924568,-2.8750011],[-64.8572584,-2.9076637],[-64.816752,-2.9368388],[-64.8106116,-2.9472432],[-64.8038294,-3.0145754],[-64.7921713,-3.0355872],[-64.7580327,-3.0752794],[-64.7349958,-3.0846387],[-64.7136484,-3.1089772],[-64.7190136,-3.1194531],[-64.7825422,-3.1384267],[-64.7790076,-3.1685425],[-64.7545393,-3.1831784],[-64.7282812,-3.2076859],[-64.7031678,-3.2218687],[-64.6754685,-3.2632151],[-64.6206099,-3.2887168],[-64.5438736,-3.3117684],[-64.5220188,-3.3269986],[-64.5088633,-3.3512466],[-64.4628827,-3.4139141],[-64.4441449,-3.4635473],[-64.4239925,-3.4842488],[-64.3870631,-3.5034261],[-64.3549691,-3.5367643],[-64.2915463,-3.5705496],[-64.2157973,-3.6245886],[-64.1773806,-3.662553],[-64.1296407,-3.6877362],[-64.071599,-3.7043105],[-63.9878083,-3.7067875],[-63.9739167,-3.7455807],[-63.977743,-3.7645047],[-63.9551322,-3.8022605],[-63.942111,-3.8128695],[-63.8670227,-3.8111903],[-63.7860269,-3.7994845],[-63.7594365,-3.7988903],[-63.7890422,-3.7797084],[-63.8315798,-3.7801996],[-63.8445694,-3.7985569],[-63.8815927,-3.7920382],[-63.9264843,-3.7368674],[-63.9197465,-3.6925913],[-63.941481,-3.6744733],[-63.9196218,-3.6565087],[-63.9423484,-3.6318515],[-63.9591748,-3.6305897],[-63.9863536,-3.6027814],[-64.0202038,-3.6228991],[-64.0255096,-3.5940976],[-64.042309,-3.5758962],[-64.0701742,-3.5751354],[-64.0625985,-3.543609],[-64.08731,-3.5292914],[-64.1071928,-3.5406559],[-64.1288621,-3.5166204],[-64.1583617,-3.5112206],[-64.1591843,-3.4796532],[-64.1432566,-3.4583877],[-64.1510244,-3.4184706],[-64.1307773,-3.3875319],[-64.1275143,-3.363439],[-64.1067323,-3.366992],[-64.0837908,-3.3601484],[-64.08744,-3.3303166],[-64.1111095,-3.3090869],[-64.1200315,-3.2864579],[-64.1498808,-3.2671699],[-64.1629514,-3.2375977],[-64.1922188,-3.2536378],[-64.2060303,-3.228021],[-64.2175,-3.2275841],[-64.2508818,-3.1858707],[-64.2559744,-3.1688029],[-64.2913828,-3.151763],[-64.2873761,-3.1335926],[-64.2825581,-3.1318759],[-64.273281,-3.1379861],[-64.2693049,-3.1078353],[-64.2619522,-3.098693],[-64.2581587,-3.1074979],[-64.2549376,-3.1095165],[-64.2454603,-3.1026871],[-64.255686,-3.0892384],[-64.2881109,-3.0863384],[-64.2934954,-3.1005558],[-64.3212432,-3.0961756],[-64.3289146,-3.057799],[-64.3402035,-3.0403207],[-64.3408289,-3.0167685],[-64.362058,-3.0121196],[-64.3790019,-2.9871189],[-64.4052219,-2.9739834],[-64.4045005,-2.9628549],[-64.4102958,-2.9589041],[-64.4359228,-2.9478673],[-64.4482712,-2.9246506],[-64.4487511,-2.9045061],[-64.4498925,-2.8819264],[-64.4528871,-2.8487502],[-64.4762194,-2.7997038],[-64.5023354,-2.7788376],[-64.4999836,-2.7624203],[-64.4949804,-2.7377439],[-64.4784877,-2.7411305],[-64.445297,-2.7414354],[-64.4050446,-2.7150731],[-64.3575997,-2.7194163],[-64.33956,-2.6970149],[-64.338703,-2.6822034],[-64.3388524,-2.6775409],[-64.341161,-2.6702715],[-64.3479513,-2.6611876],[-64.358779,-2.649578],[-64.383508,-2.6494117],[-64.4276381,-2.6353283],[-64.4200359,-2.6077466],[-64.4373498,-2.5730848],[-64.4347014,-2.5521288],[-64.4649976,-2.5223948],[-64.4574761,-2.488144],[-64.4613309,-2.4708133],[-64.490335,-2.4602879],[-64.4918861,-2.4300701],[-64.5181379,-2.3772604],[-64.5293301,-2.3367907],[-64.5168663,-2.3127761],[-64.5101267,-2.315639],[-64.4480571,-2.3239718],[-64.450331,-2.283717],[-64.417198,-2.2844175],[-64.4029432,-2.271352],[-64.3672163,-2.2651189],[-64.3377466,-2.2777242],[-64.3139435,-2.2670701],[-64.2864396,-2.2169336],[-64.260026,-2.20516],[-64.2538833,-2.12416],[-64.2332472,-2.106812],[-64.2111403,-2.1022652],[-64.201582,-2.1033766],[-64.1852715,-2.1136254],[-64.1689062,-2.1314509],[-64.1556669,-2.171616],[-64.0858002,-2.1917968],[-64.0750786,-2.1908174],[-64.0287772,-2.1606626],[-64.0113008,-2.161695],[-64.0127763,-2.1876593],[-63.9929451,-2.2159133],[-64.0024114,-2.2421276],[-63.9998333,-2.2721283],[-64.0068359,-2.3284588],[-63.9772737,-2.3735014],[-63.974442,-2.4227329],[-63.9574946,-2.4447581],[-63.9570554,-2.4665937],[-63.9758583,-2.4951598],[-63.9881669,-2.5279292],[-63.9842779,-2.5654014],[-63.9646079,-2.5753802],[-63.9114684,-2.5621664],[-63.8756333,-2.5657027],[-63.836275,-2.5609848],[-63.8184132,-2.5478045],[-63.7884706,-2.5571956],[-63.7673264,-2.5931525],[-63.7501885,-2.6496849],[-63.7295286,-2.693559],[-63.7145286,-2.7712514],[-63.7288574,-2.802997],[-63.7246662,-2.824412],[-63.6915554,-2.8346003],[-63.662461,-2.8178874],[-63.6296666,-2.8067521],[-63.6091911,-2.7865765],[-63.5844709,-2.7803824],[-63.5639944,-2.7628517],[-63.5250505,-2.753819],[-63.4972486,-2.73321],[-63.4630817,-2.7034447],[-63.4086592,-2.7074877],[-63.374136,-2.701889],[-63.3049101,-2.7001944],[-63.2835521,-2.7107928],[-63.2592169,-2.7515611],[-63.2407555,-2.7962541],[-63.2185511,-2.8198251],[-63.1890164,-2.8371298],[-63.1696042,-2.8402443],[-63.1455454,-2.8325692],[-63.0955685,-2.831803],[-63.0497713,-2.8147603],[-63.0096618,-2.840806],[-62.9591637,-2.8449936],[-62.9288574,-2.8536175],[-62.9151577,-2.8811477],[-62.9104606,-2.9253342],[-62.9334612,-3.0009415],[-62.9208798,-3.0092904],[-62.8937666,-3.0036842],[-62.8280763,-3.0030413],[-62.7960447,-3.0190036],[-62.7799878,-3.0201961],[-62.7602428,-3.0400753]],[[-62.7602428,-3.0400753],[-62.7414352,-3.0670813],[-62.7279102,-3.0788392],[-62.7111308,-3.0884618],[-62.6919934,-3.0927211],[-62.6342398,-3.0918641]],[[-62.6342398,-3.0918641],[-62.5830899,-3.1067603],[-62.5507986,-3.091096],[-62.5314106,-3.0648548],[-62.5056603,-3.0095621],[-62.4896574,-2.9431036]],[[-62.4896574,-2.9431036],[-62.488489,-2.901631],[-62.484519,-2.8820884],[-62.4739934,-2.8588168],[-62.4588289,-2.8391478]],[[-62.4588289,-2.8391478],[-62.4494876,-2.8299556],[-62.4275855,-2.8167953],[-62.3857667,-2.806624],[-62.3543264,-2.7740409],[-62.3015703,-2.7655941],[-62.2768459,-2.7704127],[-62.2442614,-2.7653908],[-62.1847069,-2.7446661],[-62.1584581,-2.7293458],[-62.1216274,-2.7234071],[-62.0930414,-2.7119582],[-62.0770724,-2.6950126],[-62.0609338,-2.6627379],[-62.0387893,-2.6483369],[-62.0066212,-2.6400351],[-61.9638723,-2.6360101],[-61.9241553,-2.6095497],[-61.8611243,-2.6237583],[-61.8102941,-2.6100698],[-61.7797979,-2.6198568],[-61.7601243,-2.640338],[-61.7462825,-2.6927936],[-61.7086485,-2.7342727],[-61.6992902,-2.7516667],[-61.7055171,-2.7715875],[-61.7282523,-2.8003553],[-61.7329879,-2.8226631],[-61.7169027,-2.8437327],[-61.6621529,-2.8611368],[-61.655296,-2.8376518],[-61.6405997,-2.8281664],[-61.6080988,-2.8344461],[-61.5732626,-2.8244543],[-61.5395116,-2.8265019],[-61.5129619,-2.8151338],[-61.4967097,-2.7900042],[-61.4661282,-2.7668832],[-61.4491214,-2.7610612],[-61.4042629,-2.7615549],[-61.4027091,-2.7326949],[-61.3682349,-2.7456684],[-61.3135965,-2.7394016],[-61.2506264,-2.7410293],[-61.244143,-2.7696081],[-61.2219531,-2.7645133],[-61.1656543,-2.7854918],[-61.1441237,-2.8079512],[-61.1148525,-2.815182],[-61.0613424,-2.8137643],[-61.0164517,-2.8522223],[-61.0005079,-2.8836754],[-60.983785,-2.8655704],[-60.942034,-2.8420943],[-60.9135681,-2.8118731],[-60.8732454,-2.82097],[-60.8625807,-2.8375119],[-60.8376355,-2.8389577],[-60.8127008,-2.8288738],[-60.7871472,-2.8302347],[-60.7564315,-2.8217883],[-60.8027272,-2.5392258],[-60.7918145,-2.4844828],[-60.7737018,-2.4535746],[-60.74946,-2.4476957],[-60.7438421,-2.4304352],[-60.7689269,-2.3994846],[-60.7357056,-2.3851705],[-60.733402,-2.3681531],[-60.69531,-2.3461769],[-60.71137,-2.3200781],[-60.6994803,-2.3077654],[-60.7044838,-2.2836246],[-60.6920593,-2.2426657],[-60.7007621,-2.2209894],[-60.7165647,-2.2208001],[-60.7389514,-2.1893529],[-60.7001694,-2.1731506],[-60.6639797,-2.1306854],[-60.6820321,-2.1080968],[-60.6681733,-2.0746064],[-60.6530337,-2.0739227],[-60.6222036,-2.0463373],[-60.5989812,-1.9988342],[-60.5425305,-2.0026808],[-60.5036232,-2.0174548],[-60.4800867,-2.0162538],[-60.4166408,-1.9968324],[-60.4126438,-1.9885529],[-60.3577562,-1.954464],[-60.4445902,-1.9496221],[-60.4815028,-1.9182267],[-60.5417594,-1.9181377],[-60.5734093,-1.9139602],[-60.6162428,-1.864287],[-60.6092662,-1.8359504],[-60.6253321,-1.7867937],[-60.6244498,-1.7446158],[-60.6162305,-1.7231829],[-60.6275075,-1.6920902],[-60.6036531,-1.6309716],[-60.5812118,-1.6042767],[-60.5824339,-1.5711256],[-60.5895983,-1.5509025],[-60.634409,-1.516027],[-60.6593171,-1.5041014],[-60.6709242,-1.4880099],[-60.7161318,-1.4682297],[-60.7503987,-1.4456228],[-60.780536,-1.439626],[-60.8062898,-1.4477014],[-60.854241,-1.4342898],[-60.8555787,-1.4191905],[-60.8364174,-1.4069033],[-60.847612,-1.3593353],[-60.8826746,-1.3334217],[-60.8881102,-1.3092724],[-60.9187158,-1.310207],[-60.9548295,-1.3177346],[-60.9629756,-1.3145736],[-60.9556822,-1.2926309],[-60.9475375,-1.2776475],[-60.9059154,-1.2512771],[-60.8874715,-1.2645231],[-60.8556914,-1.2612225],[-60.8445396,-1.2447632],[-60.856398,-1.2173926],[-60.8462312,-1.1707289],[-60.8627068,-1.1400689],[-60.8368677,-1.1441719],[-60.8267592,-1.124906],[-60.8277603,-1.0913902],[-60.7835032,-1.0882942],[-60.7582,-1.0675396],[-60.7774554,-1.0511339],[-60.7949965,-1.023586],[-60.7993953,-0.99952],[-60.7882851,-0.9934094],[-60.7713368,-0.8945265],[-60.7738375,-0.8664658],[-60.7620092,-0.8485891]],[[-60.7620092,-0.8485891],[-60.7632918,-0.8343347]],[[-60.7632918,-0.8343347],[-60.7631941,-0.8126414],[-60.7779021,-0.7888959],[-60.7712078,-0.7560625],[-60.7926101,-0.7417466],[-60.8185079,-0.6891733],[-60.8551557,-0.6863394],[-60.8576966,-0.6554596],[-60.8714762,-0.6382607],[-60.8915103,-0.6452966],[-60.9196559,-0.6203776],[-60.9276695,-0.6055239],[-60.9241513,-0.5713211],[-60.9308945,-0.5501152],[-60.9600173,-0.5524606],[-60.9836674,-0.5617443],[-61.0096629,-0.5520697],[-61.0568653,-0.543861],[-61.0790494,-0.5061397],[-61.0975199,-0.4990059],[-61.117945,-0.5066283],[-61.1334836,-0.4969537],[-61.1616292,-0.5017422],[-61.168861,-0.516303],[-61.1990588,-0.5081919],[-61.2114702,-0.4991036],[-61.2292566,-0.5167916],[-61.2210475,-0.5289093],[-61.2340453,-0.5619397],[-61.277534,-0.5756209],[-61.3091977,-0.5790412],[-61.3289387,-0.5972175],[-61.3595274,-0.5969244],[-61.3923638,-0.6142212],[-61.4071207,-0.6284885],[-61.4335071,-0.6330326],[-61.4287185,-0.6495475],[-61.4581344,-0.6547267],[-61.4737708,-0.6796456],[-61.4846186,-0.716877],[-61.5105164,-0.7415023],[-61.5356323,-0.7544012],[-61.5473596,-0.7951499],[-61.5484347,-0.8335529],[-61.5377824,-0.8439109],[-61.5567415,-0.86492],[-61.5523438,-0.8894467],[-61.5764824,-0.9111396],[-61.582737,-0.9369363],[-61.5756029,-0.9547203],[-61.5807825,-0.9779761],[-61.5509756,-0.9831549],[-61.5438415,-1.0035769],[-61.5428642,-1.0622039],[-61.5727688,-1.0757856],[-61.5674915,-1.0950345],[-61.5786325,-1.1137947],[-61.5661233,-1.129135],[-61.5811734,-1.1565909],[-61.5727688,-1.1788682],[-61.5871347,-1.1944035],[-61.6083416,-1.2524404],[-61.6070712,-1.2744238],[-61.6269031,-1.29397],[-61.5855081,-1.3386858],[-61.5821752,-1.3534073],[-61.5999567,-1.3675791],[-61.6191215,-1.3947977],[-61.6030145,-1.4073028],[-61.5819057,-1.409522],[-61.5738424,-1.4286891],[-61.548014,-1.429518],[-61.5235688,-1.4906328],[-61.5098399,-1.5069631],[-61.473291,-1.5278497],[-61.4746776,-1.5789673],[-61.4827365,-1.5806331],[-61.5446819,-1.5256267],[-61.5596818,-1.4950728],[-61.6049547,-1.4481315],[-61.7180136,-1.4097932],[-61.7407891,-1.3920181],[-61.7980094,-1.38063],[-61.8171838,-1.3995172],[-61.8693993,-1.401745],[-61.8966239,-1.3953553],[-61.906898,-1.3561901],[-61.9274584,-1.3206319],[-61.9499562,-1.2970205],[-61.966905,-1.2428579],[-61.9880169,-1.216741],[-61.9894005,-1.2017426],[-62.0174603,-1.141744],[-62.062179,-1.0997992],[-62.0996815,-1.0967433],[-62.1182904,-1.0764676],[-62.1113467,-1.0603609],[-62.1255177,-1.0373019],[-62.1430091,-1.0373036],[-62.1719075,-1.0059124],[-62.1999604,-1.0003542],[-62.2038518,-0.9828517],[-62.2274549,-0.9734411],[-62.2591241,-0.9759149],[-62.2721852,-0.9520217],[-62.3127423,-0.930355],[-62.3649621,-0.8773045],[-62.3760672,-0.8364693],[-62.3957973,-0.8203567],[-62.4332906,-0.8039684],[-62.4616298,-0.8017453],[-62.5010732,-0.7814661],[-62.5102377,-0.7589685],[-62.4949568,-0.7506342],[-62.5082918,-0.7142492],[-62.4866273,-0.6814673],[-62.4271271,-0.6897596],[-62.4050896,-0.7222027],[-62.3674645,-0.6944991],[-62.3558105,-0.671608],[-62.3301081,-0.6581714],[-62.3080217,-0.6577317],[-62.2867171,-0.632373],[-62.2906262,-0.5984635],[-62.3123217,-0.5759385],[-62.3072399,-0.5081186],[-62.2927274,-0.5036722],[-62.2896978,-0.4814889],[-62.2743057,-0.4633122],[-62.2804137,-0.4507057],[-62.232796,-0.4244911],[-62.2174527,-0.4040666],[-62.2081686,-0.367615],[-62.1967345,-0.3628754],[-62.1871572,-0.3278407],[-62.2193096,-0.3056569],[-62.2421259,-0.2992467],[-62.253389,-0.2700021],[-62.2530225,-0.2129053],[-62.241564,-0.1704673],[-62.2778209,-0.1498469],[-62.2940436,-0.1195515],[-62.3197948,-0.0963412],[-62.3201369,-0.0575923],[-62.326538,-0.0016922],[-62.336604,0.021567],[-62.3658734,0.0557716],[-62.4092644,0.0750728],[-62.4217735,0.0978432],[-62.4281258,0.1281387],[-62.4241258,0.1532502],[-62.4385598,0.1948955],[-62.4527436,0.2074142],[-62.4544158,0.2435529],[-62.4666294,0.2679859],[-62.4585849,0.3134941],[-62.4668891,0.3329678],[-62.4463713,0.3791138],[-62.4585682,0.4176914],[-62.485246,0.4540804],[-62.5186613,0.4437009],[-62.5229646,0.485566],[-62.5330086,0.5088084],[-62.5188492,0.5937719],[-62.5382905,0.6751955],[-62.5333109,0.7013007],[-62.5004942,0.7479483],[-62.4630261,0.7768688],[-62.4585786,0.7996711],[-62.4660739,0.8290772],[-62.4846653,0.8504367],[-62.4846856,0.8760203],[-62.4671893,0.9237996],[-62.4427354,0.9585339],[-62.4458079,0.9768413],[-62.4746958,1.0162997],[-62.4791091,1.0479361],[-62.4716209,1.0862816],[-62.5210879,1.0838159],[-62.5452401,1.1207622],[-62.5546935,1.1749041],[-62.5869072,1.2554775],[-62.5974677,1.290221],[-62.6021975,1.3257722],[-62.6205211,1.3626934],[-62.6202536,1.4037833],[-62.6399648,1.4382383],[-62.6566398,1.4485247],[-62.6769036,1.4546309],[-62.7308005,1.499632],[-62.7363493,1.5296296],[-62.8052823,1.5913457],[-62.8056337,1.6042034],[-62.7929928,1.6353122],[-62.7556123,1.6761795],[-62.7286068,1.7],[-62.7223724,1.7224945],[-62.7310733,1.8182323],[-62.7041791,1.8739468],[-62.6987291,1.9119576],[-62.7033106,1.9338206],[-62.7295838,1.9605494],[-62.7593207,1.9730548],[-62.8132455,1.9916842],[-62.8385715,2.0163864],[-62.9484827,2.0310414],[-62.9804347,2.0179276],[-63.0237762,2.0146794],[-63.0772673,2.0460662],[-63.0855429,2.061437],[-63.1198323,2.0964525],[-63.1385586,2.1427707],[-63.1463394,2.1732586],[-63.1941336,2.1812129],[-63.2763514,2.1543897],[-63.3107885,2.165004],[-63.3597912,2.1971016]],[[-69.6134115,-2.4402489],[-69.7123019,-3.0006097],[-69.8940261,-4.0006775],[-69.9351666,-4.2164712],[-69.9512441,-4.227073],[-69.9575556,-4.2842592],[-69.9809463,-4.3274264],[-70.0113882,-4.3366286],[-70.0327789,-4.3551675],[-70.0501713,-4.3346211],[-70.0793069,-4.3249745],[-70.0816114,-4.2920231],[-70.0976665,-4.296617],[-70.1037271,-4.2762463],[-70.1287251,-4.2936979],[-70.1517787,-4.2801866],[-70.1681391,-4.3147638],[-70.1523918,-4.3355861],[-70.1782513,-4.3471406],[-70.1870389,-4.3655256],[-70.2056966,-4.3609937],[-70.2089486,-4.3281441],[-70.2555001,-4.3184365],[-70.2556147,-4.2776837],[-70.2866681,-4.2953038],[-70.2895923,-4.2823148],[-70.3159161,-4.2595045],[-70.2848931,-4.233844],[-70.2951408,-4.200546],[-70.2988341,-4.1660642],[-70.3318584,-4.1563215],[-70.3408093,-4.1868325],[-70.3612508,-4.1694885],[-70.3758354,-4.1418254],[-70.4191694,-4.140455],[-70.4395037,-4.1341436],[-70.4374502,-4.1586023],[-70.4606978,-4.1628609],[-70.4733106,-4.1773737],[-70.4951982,-4.1663005],[-70.5034501,-4.1971358],[-70.5215534,-4.1908871],[-70.5094768,-4.1635548],[-70.520951,-4.1426805],[-70.5462001,-4.1501039],[-70.5652808,-4.1690945],[-70.624947,-4.1927938],[-70.6388893,-4.1662659],[-70.6261129,-4.1431175],[-70.6316703,-4.1267677],[-70.6534993,-4.127195],[-70.6657553,-4.146653],[-70.6810338,-4.1997918],[-70.7009498,-4.1884124],[-70.7299472,-4.1844437],[-70.7590075,-4.1599719],[-70.7758642,-4.1667357],[-70.791505,-4.1861196],[-70.8081727,-4.183532],[-70.830202,-4.2189279],[-70.8202836,-4.2322675],[-70.8328918,-4.2502363],[-70.8686666,-4.2506034],[-70.8498925,-4.2786538],[-70.8794739,-4.2925811],[-70.8800648,-4.3227619],[-70.8998924,-4.3245865],[-70.9155014,-4.3540325],[-70.9372212,-4.363734],[-70.9493684,-4.3795118],[-70.9884771,-4.3696929],[-70.9957003,-4.3845039],[-71.0240344,-4.3848715],[-71.0432845,-4.4010013],[-71.0586728,-4.3866564],[-71.1005362,-4.3773914],[-71.1176707,-4.4105394],[-71.1379484,-4.3866356],[-71.160619,-4.3950942],[-71.1848414,-4.3926988],[-71.1888391,-4.4147],[-71.2014222,-4.4260594],[-71.2171471,-4.3800231],[-71.2289227,-4.387739],[-71.2715899,-4.3970196],[-71.2665943,-4.4287341],[-71.2860618,-4.4429945],[-71.3103108,-4.4177165],[-71.3199826,-4.444544],[-71.3471725,-4.4343587],[-71.3887583,-4.4281756],[-71.4023678,-4.4381156],[-71.4178389,-4.4662349],[-71.4599855,-4.4394544],[-71.498007,-4.4495907],[-71.5072862,-4.465536],[-71.5375641,-4.4673765],[-71.5545088,-4.4810807],[-71.5696479,-4.5072792],[-71.6064534,-4.53443],[-71.6539535,-4.5082536],[-71.6900664,-4.5020885],[-71.7149524,-4.5122609],[-71.7411775,-4.4855264],[-71.7612336,-4.5035949],[-71.7770367,-4.4875548],[-71.8005648,-4.4909019],[-71.8564553,-4.5131742],[-71.8682304,-4.5268126],[-71.9025679,-4.5439147],[-71.927001,-4.5451354],[-71.9232282,-4.5625768],[-71.9364248,-4.5769228],[-71.9454618,-4.604907],[-71.9767889,-4.6081153],[-71.9845342,-4.6254321],[-72.0059011,-4.6416792],[-72.0393326,-4.6232419],[-72.0453155,-4.6517618],[-72.0626228,-4.6534771],[-72.0821472,-4.6727253],[-72.1003473,-4.7031959],[-72.1271425,-4.7233476],[-72.1412369,-4.7137233],[-72.1846779,-4.7441077],[-72.2061789,-4.7512307],[-72.2165389,-4.7679288],[-72.2472341,-4.7809445],[-72.2541789,-4.765449],[-72.2776528,-4.7837721],[-72.3206825,-4.7778577],[-72.3241226,-4.7968614],[-72.3716546,-4.8073656],[-72.3835286,-4.831343],[-72.3856879,-4.8722773],[-72.4124322,-4.8849049],[-72.4407913,-4.9097088],[-72.4550696,-4.8956922],[-72.4689517,-4.9035255],[-72.4581265,-4.9255647],[-72.5057356,-4.9421653],[-72.5218746,-4.9369713],[-72.5280607,-4.9581681],[-72.5476795,-4.9585074],[-72.5696248,-4.9814794],[-72.6066747,-4.9955799],[-72.6110959,-5.0372389],[-72.6526505,-5.0637014],[-72.6784872,-5.0548903],[-72.6921219,-5.0646088],[-72.7075402,-5.0528985],[-72.7342917,-5.0641167],[-72.739266,-5.0915009],[-72.774208,-5.0988685],[-72.7827669,-5.1125259],[-72.8145777,-5.1097384],[-72.8160149,-5.1384917],[-72.8850672,-5.1668175],[-72.8689376,-5.199825],[-72.8635207,-5.2397924],[-72.8716806,-5.2531781],[-72.8642968,-5.2732775],[-72.8701065,-5.299351],[-72.8986544,-5.3370326],[-72.9093202,-5.3660547],[-72.9569091,-5.4654078],[-72.9637658,-5.4981048],[-72.9537678,-5.5401488],[-72.9585324,-5.5708149],[-72.974487,-5.624068],[-72.9617757,-5.6545786],[-72.986267,-5.6623082],[-72.9921899,-5.703779],[-73.0206019,-5.7395149],[-73.0425194,-5.7490234],[-73.064046,-5.7892817],[-73.0935221,-5.8217072],[-73.1170505,-5.8285993],[-73.1146581,-5.8537511],[-73.1510448,-5.8634491],[-73.1699682,-5.8927882],[-73.1683068,-5.9093256],[-73.1878491,-5.9387877],[-73.1817802,-5.962788],[-73.2102117,-6.0050392],[-73.2374686,-6.032191],[-73.2317769,-6.0735718],[-73.2507967,-6.1049176],[-73.2502476,-6.1449404],[-73.2205261,-6.1785345],[-73.2192172,-6.2216958],[-73.1654897,-6.274208],[-73.1610441,-6.3180844],[-73.1510803,-6.3217041],[-73.1455246,-6.3562899],[-73.1335201,-6.387364],[-73.1088656,-6.4100313],[-73.122566,-6.4318613],[-73.1178263,-6.4498407],[-73.1322439,-6.4682425],[-73.1384161,-6.4979764],[-73.1533807,-6.5200106],[-73.1842126,-6.527574],[-73.1982659,-6.5444941],[-73.212964,-6.5778386],[-73.2301351,-6.5705043],[-73.2471575,-6.5842545],[-73.2804634,-6.5854448],[-73.2934088,-6.5928142],[-73.3544914,-6.5949159],[-73.3792151,-6.6172875],[-73.3806914,-6.6350228],[-73.4370228,-6.6510743],[-73.4586391,-6.6655406],[-73.5164161,-6.6773499],[-73.5597748,-6.7209528],[-73.5845542,-6.7247215],[-73.6428058,-6.762149],[-73.6667812,-6.8064476],[-73.6904709,-6.8343049],[-73.7071961,-6.8396508],[-73.721445,-6.8890873],[-73.7415061,-6.9095458],[-73.7545814,-6.9419073],[-73.7428574,-6.9652584],[-73.7385851,-6.9993049],[-73.7267824,-7.0225233],[-73.7742807,-7.0852406],[-73.8015581,-7.1118244]],[[-70.0549793,-7.8451491],[-69.8017091,-8.061126]],[[-69.8017091,-8.061126],[-69.8013454,-8.0412829],[-69.7872843,-7.9984196],[-69.7985113,-7.9771621],[-69.8005384,-7.951813],[-69.7890587,-7.9403273],[-69.7848663,-7.90847],[-69.7984825,-7.8908796],[-69.7924475,-7.8677798],[-69.7673702,-7.8633928],[-69.7636998,-7.8433259],[-69.7439237,-7.8217926],[-69.7306744,-7.820315],[-69.704926,-7.7874143],[-69.6819748,-7.7933703],[-69.6566129,-7.7672774],[-69.6252241,-7.7523929],[-69.6113164,-7.734547],[-69.6154193,-7.7180186],[-69.5983659,-7.6909165],[-69.5698152,-7.6865556],[-69.5552812,-7.6587077],[-69.5873935,-7.6271855],[-69.5848665,-7.6081718],[-69.5553127,-7.5704615],[-69.5656729,-7.5572717],[-69.5530401,-7.5371489],[-69.5337802,-7.4892564],[-69.5087599,-7.4589268],[-69.5247019,-7.4364638],[-69.516281,-7.4142814],[-69.4911211,-7.4049014],[-69.496561,-7.3823933],[-69.5117578,-7.3602125],[-69.4888668,-7.3378017],[-69.485059,-7.3146915],[-69.4943362,-7.3020298],[-69.4925641,-7.2792359],[-69.4744451,-7.2522225],[-69.4790331,-7.2239895],[-69.4910373,-7.2031529],[-69.4849243,-7.1807916],[-69.4564151,-7.170541],[-69.4543881,-7.1461628],[-69.4829784,-7.1288891],[-69.4865335,-7.1058382],[-69.4619731,-7.1003407],[-69.4138663,-7.0746364],[-69.4152512,-7.0621019],[-69.3900601,-7.0265136],[-69.3610575,-7.012564],[-69.3241141,-7.0153277],[-69.2863925,-7.0121543],[-69.2362504,-6.9929094],[-69.2175617,-6.9778972],[-69.1928086,-6.9449469],[-69.1654739,-6.9608764],[-69.132638,-6.9614985],[-69.1339727,-6.9925008],[-69.1270046,-7.01591],[-69.109368,-7.0291847],[-69.0937209,-7.0262447],[-69.0875553,-7.0484782],[-69.0695249,-7.0355266],[-69.0524523,-7.0499613],[-69.0400872,-7.0290054],[-69.0126945,-7.0347895],[-69.0327254,-7.0729182],[-69.0171437,-7.0757833],[-68.9962736,-7.058076],[-68.9752219,-7.062834],[-68.9628029,-7.0784202],[-68.9240567,-7.0912405],[-68.9030302,-7.1051193],[-68.8638889,-7.1035968],[-68.8405608,-7.1085551],[-68.8065549,-7.0995043],[-68.7297829,-7.1220796],[-68.6885538,-7.1022177],[-68.6565303,-7.1039263],[-68.6055353,-7.1420692],[-68.5934168,-7.1616266],[-68.5989142,-7.1788935],[-68.5664722,-7.2007136],[-68.5667802,-7.2187807],[-68.54289,-7.2237622],[-68.5341662,-7.2470215],[-68.5193935,-7.2416727],[-68.4927227,-7.2484869],[-68.4767239,-7.2204171],[-68.491195,-7.1914984],[-68.4876098,-7.1615562],[-68.4621978,-7.1419564],[-68.4571373,-7.1575209],[-68.387244,-7.1794443],[-68.3454721,-7.1744742],[-68.3196051,-7.1589261],[-68.2731419,-7.177793],[-68.2332795,-7.1523945],[-68.2023357,-7.1422236],[-68.177659,-7.1469659],[-68.1725273,-7.1686309],[-68.1447429,-7.1558507],[-68.1306337,-7.163684],[-68.1148069,-7.1465375],[-68.0772238,-7.1440687],[-68.0642761,-7.1229645],[-68.0415469,-7.1172309],[-68.0005241,-7.1506666],[-67.9859658,-7.1458608],[-67.9473038,-7.1518164],[-67.9363627,-7.1638175],[-67.9145763,-7.1549544],[-67.9017213,-7.1656361],[-67.8821662,-7.2095679],[-67.8763279,-7.2405552],[-67.9035086,-7.2603057],[-67.8845835,-7.2711389],[-67.8394117,-7.2522504],[-67.8092768,-7.2488952],[-67.7959394,-7.2572904],[-67.7246612,-7.2628652],[-67.6918265,-7.3093344],[-67.6980477,-7.3313746],[-67.6550255,-7.3566343],[-67.6417787,-7.3993804],[-67.612466,-7.4108149],[-67.5985772,-7.401951],[-67.5651375,-7.3493172],[-67.5229085,-7.3253608],[-67.5031945,-7.2922515],[-67.5005522,-7.2066318],[-67.4448548,-7.0003587],[-67.4424054,-6.9827783],[-67.4151081,-6.9546411],[-67.416469,-6.9519815],[-67.4226165,-6.9173125],[-67.4070044,-6.8863753],[-67.416596,-6.8738606],[-67.3992124,-6.8592615],[-67.3797506,-6.8241414],[-67.3655259,-6.8117422],[-67.3553415,-6.8356269],[-67.3326592,-6.8206191],[-67.2698666,-6.8262783],[-67.2324325,-6.8350252],[-67.1784259,-6.8245563],[-67.158227,-6.7852219],[-67.142731,-6.7980794],[-67.129447,-6.7751706],[-67.0733952,-6.7849218],[-67.0212886,-6.7456334],[-67.0026835,-6.7609715],[-66.9444877,-6.7937362],[-66.9325092,-6.7903915],[-66.9165652,-6.8104681],[-66.8910807,-6.800319],[-66.7994589,-6.8131385],[-66.7845403,-6.7933018],[-66.7538241,-6.7903426],[-66.688219,-6.7946404],[-66.678868,-6.7808825],[-66.621869,-6.772375],[-66.5716856,-6.7301927],[-66.5377601,-6.741898],[-66.5162633,-6.7317038],[-66.4983999,-6.7401897],[-66.4639421,-6.7369065],[-66.422889,-6.7158711],[-66.4203385,-6.6909944],[-66.3923165,-6.6430076],[-66.3620316,-6.6362673],[-66.3592047,-6.6201093],[-66.3792581,-6.6208191],[-66.3884197,-6.6339615],[-66.4212875,-6.6256942],[-66.4747867,-6.569997],[-66.5026463,-6.5688029],[-66.5235686,-6.5777065],[-66.5371177,-6.5610859],[-66.5736956,-6.5620678],[-66.6207526,-6.5520649],[-66.6303941,-6.5347506],[-66.6789317,-6.5188641],[-66.6991672,-6.5254378],[-66.7055183,-6.5087316],[-66.7245166,-6.511388],[-66.7469795,-6.5001004],[-66.7792448,-6.4965251],[-66.7935237,-6.4762097],[-66.8110271,-6.4678828],[-66.8230432,-6.4386737],[-66.867198,-6.4073061],[-66.888137,-6.4100489],[-66.90342,-6.3970956],[-66.9298847,-6.4004309],[-66.9422738,-6.3878588],[-66.9645756,-6.3900175],[-66.9909843,-6.3771961],[-67.0465986,-6.3868728],[-67.0914741,-6.3327424],[-67.1228993,-6.3399643],[-67.2062114,-6.3326959],[-67.2225082,-6.3434468],[-67.2376833,-6.3762953],[-67.2456644,-6.4137105],[-67.3020944,-6.4207852],[-67.3505486,-6.4513801],[-67.3732636,-6.4926074],[-67.4114509,-6.5030302],[-67.4348206,-6.5174909],[-67.4545058,-6.5026046],[-67.5093277,-6.5425742],[-67.5321379,-6.5362921],[-67.5564389,-6.540557],[-67.5766378,-6.5534324],[-67.6405272,-6.5692188],[-67.652575,-6.5492638],[-67.6727191,-6.5610819],[-67.7104142,-6.5484873],[-67.7414121,-6.5094417],[-67.7971938,-6.5197188],[-67.7744658,-6.4714651],[-67.781104,-6.456393],[-67.7543244,-6.3832165],[-67.7336073,-6.3521358],[-67.7007136,-6.3298844],[-67.696854,-6.3012283],[-67.676103,-6.2844894],[-67.6664957,-6.2545238],[-67.6215507,-6.2394604],[-67.6449916,-6.1782165],[-67.6657735,-6.1655231],[-67.6783961,-6.1414876],[-67.6689599,-6.0963861],[-67.67616,-6.0724765],[-67.6692396,-6.0435905],[-67.6921861,-6.0247519],[-67.7028278,-5.9976643],[-67.7049673,-5.9619741],[-67.6993256,-5.9453101],[-67.6594966,-5.9353792],[-67.6296065,-5.9513352],[-67.5882969,-5.9910781],[-67.565848,-5.9886789],[-67.5621866,-5.9442023],[-67.5449942,-5.9125771],[-67.5292178,-5.9116575],[-67.5005749,-5.8922926],[-67.4479386,-5.8908197],[-67.445822,-5.9149929],[-67.4252933,-5.920364],[-67.4011601,-5.9087259],[-67.3660212,-5.9009615],[-67.35796,-5.8778284],[-67.3763533,-5.8603607],[-67.3887766,-5.8247307],[-67.3323756,-5.7980778],[-67.3095783,-5.8062537],[-67.3088766,-5.8245668],[-67.3004313,-5.8482637],[-67.287131,-5.8462272],[-67.2652959,-5.8187916],[-67.2234077,-5.75047],[-67.1853264,-5.7234706],[-67.1815465,-5.7081586],[-67.2029058,-5.694287],[-67.2059093,-5.6609703],[-67.1974877,-5.6474182],[-67.1655176,-5.6321359],[-67.1580166,-5.6215222],[-67.121154,-5.6255649],[-67.120428,-5.5987657],[-67.1110164,-5.5738378],[-67.0876016,-5.5619489],[-67.0390711,-5.5223398],[-67.021826,-5.4993218],[-66.9912647,-5.4994776],[-66.9772674,-5.4684298],[-66.976625,-5.444409],[-66.9581868,-5.4198788]],[[-66.9581868,-5.4198788],[-66.9744552,-5.3843119],[-66.9677626,-5.368469],[-66.9541274,-5.3331158],[-66.9333763,-5.3197198],[-66.9384026,-5.2775497],[-66.9333798,-5.2613496],[-66.9095746,-5.263746],[-66.8817474,-5.2150566],[-66.8597146,-5.1987117],[-66.839083,-5.1935983],[-66.8155998,-5.1621488],[-66.7909325,-5.1522026],[-66.7802052,-5.1302944],[-66.7764317,-5.1024605],[-66.7637102,-5.0784269],[-66.7238913,-5.058254],[-66.6899898,-5.058902],[-66.6571258,-5.0690565],[-66.6257379,-5.0856487],[-66.6047347,-5.0734999],[-66.5887321,-5.0532434],[-66.5799565,-5.0283072],[-66.5482646,-4.9893027],[-66.5290907,-4.9508081],[-66.506099,-4.9302141],[-66.4725986,-4.9149703],[-66.460707,-4.8921235],[-66.4086221,-4.8543223],[-66.3874847,-4.8243331],[-66.36318,-4.828001],[-66.3398157,-4.8047529],[-66.3047014,-4.7845427],[-66.2697902,-4.7803885],[-66.2547629,-4.7685374],[-66.2426234,-4.7086755],[-66.2456533,-4.6837847],[-66.2385085,-4.6681846],[-66.1996514,-4.6389156],[-66.1959783,-4.5949759],[-66.2062935,-4.5710827],[-66.2037367,-4.5258869],[-66.2105416,-4.4924258],[-66.1880531,-4.4816537],[-66.1532952,-4.4441605],[-66.1507945,-4.4249172],[-66.1173962,-4.4001248],[-66.100516,-4.3954738],[-66.0594244,-4.4008684],[-66.0192895,-4.3646],[-65.9753398,-4.3162774],[-65.9501758,-4.2946423],[-65.9209404,-4.3045918],[-65.9088738,-4.2926715],[-65.9254582,-4.2609105],[-65.9160139,-4.217285],[-65.9028179,-4.1957217],[-65.8659301,-4.1697963],[-65.8627618,-4.1462007],[-65.8792856,-4.124389],[-65.8892873,-4.0957948],[-65.9063665,-4.0694646],[-65.9209248,-4.034586],[-65.9436492,-4.0176338],[-65.9551151,-3.9987656],[-65.9482849,-3.9577822],[-65.9634267,-3.9244292],[-65.9809781,-3.9027267],[-65.9866708,-3.858269],[-65.9829767,-3.7934614],[-65.9495074,-3.7518019],[-65.9615043,-3.7310707],[-65.9915048,-3.728058],[-65.9852058,-3.6847053],[-65.9925362,-3.642294],[-65.9845901,-3.5665746],[-65.9858115,-3.5257157],[-65.9781163,-3.4873379],[-65.9425092,-3.4617589],[-65.9214525,-3.417775],[-65.9145619,-3.3819612],[-65.8871159,-3.3623375],[-65.8707333,-3.3405849],[-65.8690043,-3.3042407],[-65.8394827,-3.267451],[-65.8321476,-3.2407748],[-65.8023389,-3.1837669],[-65.7637023,-3.1709685],[-65.7523417,-3.1563477],[-65.7347841,-3.1025604],[-65.7319459,-3.0763109],[-65.7022842,-3.0435953],[-65.6782001,-3.0003241],[-65.6574764,-2.9540788],[-65.6409268,-2.9372014],[-65.6147795,-2.9288198],[-65.6046746,-2.9146834],[-65.6043678,-2.8902351],[-65.5892275,-2.8716338],[-65.5598163,-2.8885457],[-65.5315619,-2.8839356],[-65.4971977,-2.8589063],[-65.4689081,-2.8676304],[-65.449258,-2.8552732],[-65.4267276,-2.873406],[-65.3811731,-2.8540584],[-65.3461158,-2.819853],[-65.3383915,-2.7739796],[-65.3531397,-2.7583143],[-65.3769515,-2.71775],[-65.3862398,-2.6872781],[-65.379435,-2.6665002],[-65.357729,-2.6490409],[-65.3130824,-2.6384698],[-65.2618665,-2.6067259],[-65.2546208,-2.5901491],[-65.2564813,-2.5639885],[-65.2855241,-2.5243563],[-65.314561,-2.4766691],[-65.3401684,-2.4738418],[-65.3285877,-2.4467258],[-65.3095609,-2.4314677],[-65.3117373,-2.4081737],[-65.3249004,-2.4012196],[-65.3536162,-2.393973],[-65.369016,-2.3977176],[-65.3876783,-2.4006161],[-65.3895082,-2.3989677],[-65.3849163,-2.3827132],[-65.3741865,-2.3714608]],[[-65.3741865,-2.3714608],[-65.3633141,-2.3657392],[-65.3530422,-2.3631048],[-65.3200283,-2.3615155],[-65.3048266,-2.366154],[-65.2760484,-2.3800825]],[[-65.2760484,-2.3800825],[-65.2581013,-2.377599]],[[-65.202094,-2.2799923],[-65.2193259,-2.3048007]],[[-65.2478814,-2.3864993],[-65.2760484,-2.3800825]],[[-65.2760484,-2.3800825],[-65.3107613,-2.3638341],[-65.326256,-2.3613703],[-65.3560812,-2.3635523],[-65.3701246,-2.3690259],[-65.3741865,-2.3714608]],[[-66.9581868,-5.4198788],[-66.9413505,-5.4251422],[-66.9034052,-5.4524796],[-66.9032367,-5.4969114],[-66.8576258,-5.5200289],[-66.8097629,-5.5306485],[-66.7831272,-5.5311561],[-66.7856524,-5.5471589],[-66.7150401,-5.5458098],[-66.7055132,-5.5598075],[-66.6852906,-5.5593766],[-66.6695753,-5.5293649],[-66.6421005,-5.5202949],[-66.6305392,-5.4871719],[-66.5840392,-5.4669388],[-66.5647885,-5.3935813],[-66.5178208,-5.4447883],[-66.4949033,-5.4335092],[-66.4285382,-5.4320824],[-66.3758985,-5.4043757],[-66.3521549,-5.3819958],[-66.3368763,-5.3859149],[-66.2943161,-5.3601854],[-66.2685954,-5.3565766],[-66.1577604,-5.369859],[-66.14407,-5.3904562],[-66.1160552,-5.3700591],[-66.0845424,-5.3791217],[-66.094064,-5.402578],[-66.0748277,-5.4184978],[-66.031312,-5.42219],[-65.997871,-5.4170256],[-65.9648746,-5.3983945],[-65.9409854,-5.4070238],[-65.9129014,-5.4383415],[-65.8756511,-5.4481643],[-65.8447624,-5.4922706],[-65.8212335,-5.497793],[-65.7854867,-5.4916561],[-65.7530981,-5.4514585],[-65.729985,-5.4459104],[-65.710176,-5.5141326],[-65.6891784,-5.5466863],[-65.6652815,-5.552935],[-65.6260097,-5.5225492],[-65.6096824,-5.527205],[-65.5947902,-5.582854],[-65.5692643,-5.6134345],[-65.5294547,-5.6425071],[-65.4863428,-5.6568583],[-65.4527341,-5.6738782],[-65.4276477,-5.6690887],[-65.398647,-5.6449014],[-65.3713478,-5.6372561],[-65.3566223,-5.6459369],[-65.3237069,-5.6867605],[-65.2897308,-5.6913352],[-65.2583751,-5.7074222],[-65.2409518,-5.7404513],[-65.223176,-5.7461188],[-65.1968162,-5.7346265],[-65.1464791,-5.6964668],[-65.125512,-5.6996788],[-65.0850322,-5.7329515],[-65.0692887,-5.7521652],[-65.0508688,-5.7544],[-64.9982304,-5.7445698],[-64.9613795,-5.7453619],[-64.9068975,-5.7592536],[-64.8558113,-5.7844238],[-64.812894,-5.7870052],[-64.7637586,-5.8048393],[-64.7233383,-5.8026],[-64.7050881,-5.7854428],[-64.6702264,-5.7686259],[-64.6300013,-5.7288156],[-64.6248396,-5.7130731],[-64.6037818,-5.6984076],[-64.5506479,-5.6838034],[-64.5244257,-5.6997597],[-64.4927547,-5.6896703],[-64.4766662,-5.6703412],[-64.4739464,-5.6345543],[-64.4522226,-5.6002473],[-64.4432559,-5.5632751],[-64.4053627,-5.5492008],[-64.3672774,-5.5218068],[-64.2986679,-5.480566],[-64.2323588,-5.473851],[-64.1965834,-5.4437242],[-64.1643412,-5.4257812],[-64.1112267,-5.4233452],[-64.0955824,-5.4123548],[-64.0862253,-5.3739576],[-64.0490875,-5.325531],[-64.0372535,-5.2808957],[-64.0091396,-5.2586164],[-63.9449769,-5.2361211],[-63.9268002,-5.2101885],[-63.8830055,-5.1937572],[-63.8549457,-5.1697855],[-63.8251963,-5.152422],[-63.7978113,-5.1471778],[-63.7660586,-5.127858],[-63.7022788,-5.1100188],[-63.637055,-5.1432269],[-63.6035053,-5.1363868],[-63.5541368,-5.1561353],[-63.5261624,-5.1577982],[-63.450609,-5.1530147],[-63.3721324,-5.1217777],[-63.3559399,-5.1000888],[-63.3405045,-5.0450955],[-63.3409114,-5.0006374],[-63.3026901,-4.9629584],[-63.2782484,-4.9266428],[-63.248439,-4.9066421],[-63.2380829,-4.8834183],[-63.2303593,-4.8437011],[-63.2068531,-4.7898891],[-63.1778591,-4.7681808],[-63.1292502,-4.760639],[-63.093775,-4.7344864],[-63.0519399,-4.7243093],[-63.0311476,-4.7051686],[-63.0108101,-4.7329486],[-62.9901756,-4.7440639],[-63.0001905,-4.7640915],[-62.9998805,-4.7918749],[-62.9438743,-4.8209567],[-62.9322349,-4.7934358],[-62.9147383,-4.7843584],[-62.8786422,-4.8024952],[-62.8549375,-4.7933385],[-62.8260188,-4.7915527],[-62.7997545,-4.8002027],[-62.7857169,-4.8240304],[-62.7567566,-4.8445676],[-62.7267757,-4.8357797],[-62.7061608,-4.8507949],[-62.6950234,-4.8923716],[-62.6968861,-4.9093174],[-62.7366043,-4.9443518],[-62.7331579,-4.9688129],[-62.7179081,-4.97412],[-62.6936585,-4.9624272],[-62.6791077,-4.9165124],[-62.6501086,-4.9004667],[-62.5771848,-5.0006846],[-62.1028197,-5.4599315],[-62.0811621,-5.4156039],[-62.0102512,-5.3213873],[-61.942076,-5.2945065],[-61.8608713,-5.2155444],[-61.7839175,-5.1671686],[-61.7009731,-5.0973989],[-61.5812133,-4.9885042],[-61.5247099,-4.9401862],[-61.4899466,-4.9161103],[-61.443789,-4.89148],[-61.4191927,-4.8545975],[-61.3187055,-4.7630563],[-61.3085997,-4.7493194],[-61.2714876,-4.6624675],[-61.2486071,-4.62765],[-61.1678288,-4.544239],[-61.0093905,-4.4234954],[-60.8489643,-4.2821915],[-60.8258102,-4.2335041],[-60.8070978,-4.181597],[-60.7688265,-4.186701],[-60.7585737,-4.2021532],[-60.7343939,-4.1942167],[-60.7067013,-4.2058854],[-60.6391995,-4.2008186],[-60.6407163,-4.1898621],[-60.6179394,-4.174389],[-60.5776861,-4.1795838],[-60.5606652,-4.1537508],[-60.5450045,-4.164856],[-60.489663,-4.1312018],[-60.4627762,-4.1504621],[-60.4497384,-4.1730648],[-60.4215314,-4.1736814],[-60.4038209,-4.1641459],[-60.385434,-4.1796038],[-60.3619999,-4.1786646],[-60.3209408,-4.1893224],[-60.2870022,-4.1645078],[-60.2697269,-4.194942],[-60.2618285,-4.2344308],[-60.2502246,-4.2557121],[-60.2154373,-4.2952675],[-60.2054147,-4.2738196],[-60.1844074,-4.2939688],[-60.1666487,-4.3369149],[-60.1501665,-4.3437139],[-60.1236897,-4.3380884],[-60.1250197,-4.3784724],[-60.1008529,-4.4073881],[-60.06423,-4.3785953],[-60.0468713,-4.3862881],[-60.0525707,-4.4114364],[-60.039388,-4.4210304],[-59.9969781,-4.3967844],[-59.9540449,-4.3885138],[-59.9488578,-4.3618227],[-59.9679181,-4.3397524],[-59.9700873,-4.3075115],[-59.9889155,-4.2637087],[-59.9390596,-4.2464634],[-59.9474225,-4.2276031],[-59.9289188,-4.2128426],[-59.6944041,-4.2122098],[-59.675436,-4.188732],[-59.6441028,-4.2019445],[-59.620154,-4.1985888],[-59.5861452,-4.1407835],[-59.5797131,-4.117074],[-59.5875088,-4.0767949],[-59.5817577,-4.0576254],[-59.558708,-4.0214449],[-59.5575082,-3.9826557],[-59.5278475,-3.9556244],[-59.5259284,-3.9258052],[-59.5004286,-3.9191569],[-59.2082255,-3.9200744],[-59.1555557,-3.9260023],[-59.1723393,-3.9437362],[-59.2008259,-3.9554392],[-59.199775,-3.9677878],[-59.1547025,-3.9726382],[-59.1155581,-3.9669516],[-59.1004509,-3.9903598],[-59.0823643,-3.9658037],[-59.0464326,-3.9589815],[-59.0280028,-3.9335983],[-59.0098081,-3.9378122],[-58.9928917,-3.9161027],[-58.9979614,-3.8981463],[-58.9640132,-3.8879674],[-58.9205515,-3.9090017],[-58.9070821,-3.9028461],[-58.8849112,-3.8573095],[-58.862401,-3.8568817],[-58.8396245,-3.852019],[-58.8393556,-3.8768578],[-58.8155828,-3.8743388],[-58.7985464,-3.9086318],[-58.7867353,-3.9189605],[-58.7942826,-3.9443231],[-58.8195037,-3.987734],[-58.8171152,-4.0112202],[-58.7882062,-4.0360886],[-58.7730315,-4.0739359],[-58.7409557,-4.0867984],[-58.7061108,-4.1093325],[-58.6830986,-4.1414699],[-58.6790678,-4.1572451],[-58.6899181,-4.1877592],[-58.6821372,-4.2150047],[-58.6615662,-4.237159],[-58.6572674,-4.2637617],[-58.6237632,-4.2598788],[-58.6155763,-4.2897144],[-58.6519801,-4.3431761],[-58.6471214,-4.3683447],[-58.6525751,-4.3901089],[-58.6303674,-4.4313368],[-58.6389954,-4.4668315],[-58.6080685,-4.4602717],[-58.5831572,-4.4654845],[-58.5522982,-4.4940191],[-58.5116832,-4.4692983],[-58.4896062,-4.4915568],[-58.4757004,-4.4890274],[-58.4386622,-4.5066916],[-58.4170293,-4.4944915],[-58.3960965,-4.5032953],[-58.3845684,-4.4607367],[-58.3566827,-4.464559],[-58.3395407,-4.4416194],[-58.324681,-4.4421592],[-58.2941893,-4.427575],[-58.2803149,-4.3949834],[-58.2553972,-4.378928],[-58.2258634,-4.3806684],[-58.21718,-4.357483],[-58.1913154,-4.3514129],[-58.1538987,-4.371058],[-58.1274062,-4.3653366],[-58.1169351,-4.3799342],[-58.1311996,-4.4005804],[-58.1268726,-4.4307161],[-58.1825166,-4.4544531],[-58.1762243,-4.4910287],[-58.1996235,-4.4879672],[-58.2151926,-4.5175011],[-58.2185835,-4.5427814],[-58.2350838,-4.5547246],[-58.2305873,-4.6023947],[-58.2561907,-4.5963838],[-58.2637452,-4.6152714],[-58.2562274,-4.6323635],[-58.2710882,-4.6554865],[-58.2667961,-4.7036533],[-58.2762188,-4.7359965],[-58.3007081,-4.7495605],[-58.2964081,-4.7738226],[-58.3058905,-4.8005568],[-58.3310242,-4.8178277],[-58.3259481,-4.8397169],[-58.3653285,-4.8548252],[-58.3446883,-4.8827499],[-58.362019,-4.9151189],[-58.3905447,-4.9243464],[-58.3842753,-4.9438521],[-58.4025861,-4.9653485],[-58.4080564,-5.0133398],[-58.4313693,-5.0350499],[-58.4498379,-5.0381119],[-58.4387516,-5.0724268],[-58.4744692,-5.0792353],[-58.498657,-5.0923771],[-58.5158708,-5.1157889],[-58.5085152,-5.1318142],[-58.5470862,-5.1260867],[-58.5750901,-5.1307634],[-58.5642478,-5.1531034],[-58.5806386,-5.1594463],[-58.5860642,-5.1786013],[-58.6060634,-5.1863917],[-58.6500644,-5.2271329],[-58.6884038,-5.223575],[-58.7055702,-5.2377644],[-58.6982578,-5.2558444],[-58.7131862,-5.2671158],[-58.719812,-5.2874314],[-58.7423286,-5.3030884],[-58.7264296,-5.3157679],[-58.7379509,-5.330018],[-58.7714881,-5.3286912],[-58.80651,-5.3503517],[-58.8024889,-5.3749928],[-58.8172396,-5.4025876],[-58.8041642,-5.414855],[-58.8355586,-5.4479567],[-58.8278352,-5.4692564],[-58.8525556,-5.5166342],[-58.8538355,-5.5469081],[-58.8267925,-5.5764172],[-58.8299992,-5.6549351],[-58.8460547,-5.6727453],[-58.8366937,-5.7057628],[-58.8111799,-5.7387348],[-58.8226678,-5.7634467],[-58.8184176,-5.7875239],[-58.8295046,-5.8203258],[-58.8146981,-5.8364358],[-58.8297411,-5.8940124],[-58.8090478,-5.9066678],[-58.8261719,-5.9494],[-58.8197523,-5.9711091],[-58.8326796,-5.9918687],[-58.8312565,-6.0136687],[-58.8052366,-6.0469529],[-58.8090731,-6.0996024],[-58.8305706,-6.1323075],[-58.8476559,-6.2077665],[-58.8772693,-6.2250528],[-58.9143808,-6.2598926],[-58.9169097,-6.2937577],[-58.8875237,-6.3443036],[-58.8683676,-6.3528733],[-58.8370577,-6.4227223],[-58.8359419,-6.4708718],[-58.8668683,-6.5434622],[-58.8746666,-6.589494],[-58.8645017,-6.6282062],[-58.8680058,-6.6753895],[-58.8588333,-6.7054702],[-58.8327276,-6.7447649],[-58.7941095,-6.7767498],[-58.7850249,-6.8322646],[-58.7678042,-6.858298],[-58.7516048,-6.8571071],[-58.7439639,-6.8868975],[-58.6982977,-6.9212728],[-58.6755742,-6.928399],[-58.652323,-6.9619317],[-58.6508249,-6.9781181],[-58.6328177,-7.0079953],[-58.6170658,-7.005708],[-58.6016006,-7.0373016],[-58.5674595,-7.0329213],[-58.5418207,-7.036142],[-58.5321721,-7.0520589],[-58.496669,-7.0520665],[-58.4929231,-7.0680441],[-58.5063191,-7.1143349],[-58.5253671,-7.1300881],[-58.5378749,-7.1652522],[-58.5290022,-7.1864638],[-58.5639252,-7.1989291],[-58.5297291,-7.2376356],[-58.5421775,-7.2598332],[-58.5740375,-7.2876127],[-58.540368,-7.3425275],[-58.5003447,-7.3501251],[-58.1473717,-7.343241]],[[-58.1473717,-7.343241],[-58.1700099,-7.3132232]],[[-58.1700099,-7.3132232],[-58.1748107,-7.2714285]],[[-58.1748107,-7.2714285],[-58.1689191,-7.2480855],[-58.168085,-7.2313349],[-58.1780835,-7.1889981],[-58.1809958,-7.1817367]],[[-58.1809958,-7.1817367],[-58.209524,-7.1342626],[-58.2528349,-7.0834243],[-58.2882552,-7.061674],[-58.3354221,-6.9863726],[-58.3556092,-6.971659],[-58.3802498,-6.970504],[-58.4345559,-6.9088065],[-58.4628862,-6.8372794],[-58.4817556,-6.7814217],[-58.4784712,-6.6996136],[-58.4651949,-6.670041],[-58.4475805,-6.6513411],[-58.4273058,-6.6161675],[-58.3806176,-6.5805103],[-58.3498866,-6.5624011],[-58.3323084,-6.5329997],[-58.3270562,-6.500374],[-58.2931091,-6.493882],[-58.2725552,-6.4812579],[-58.2667229,-6.4755605]],[[-58.2667229,-6.4755605],[-58.2552559,-6.4541175],[-58.033639,-5.9781378]],[[-58.033639,-5.9781378],[-57.5855733,-5.0007431],[-57.2536156,-4.2967522],[-57.2135518,-4.2116237],[-57.0004891,-3.7591296]],[[-57.0004891,-3.7591296],[-56.9137547,-3.5622975],[-56.887239,-3.4990467]],[[-56.887239,-3.4990467],[-56.7629193,-3.2322098],[-56.6097644,-2.8963407]],[[-56.6097644,-2.8963407],[-56.5004881,-2.6605119],[-56.4263006,-2.5015831],[-56.4021072,-2.4565168],[-56.462267,-2.4339173],[-56.4655948,-2.4231151],[-56.42565,-2.3691538],[-56.4127577,-2.3217155],[-56.3843157,-2.2704754],[-56.3642063,-2.2592869],[-56.3251193,-2.2492389],[-56.2634986,-2.2210564],[-56.2037697,-2.1830802],[-56.1694261,-2.1455081],[-56.1419261,-2.1002134],[-56.097558,-2.0371332],[-56.1067261,-2.0270363],[-56.1450856,-2.0392059],[-56.1867034,-2.0428213],[-56.1970688,-2.0569228],[-56.2283772,-2.0562204],[-56.2561526,-2.0883161],[-56.2974569,-2.1008075],[-56.3167613,-2.140126],[-56.3511484,-2.1488699],[-56.367785,-2.1370767],[-56.4138828,-2.1759496],[-56.4441803,-2.1539257],[-56.4778933,-2.1703764],[-56.5076277,-2.1437004],[-56.5270653,-2.1391952],[-56.5408415,-2.1538374],[-56.5804098,-2.1794057],[-56.5977918,-2.1749552],[-56.6129132,-2.2101713],[-56.6354265,-2.2035988],[-56.6580078,-2.2105905],[-56.6790728,-2.2125642],[-56.7025689,-2.2017544],[-56.7077679,-2.183902],[-56.760959,-2.1740582],[-56.7694297,-2.1406729],[-56.7532423,-2.1116751],[-56.7269034,-2.0813779],[-56.7213283,-2.0491276],[-56.7266021,-2.0309607],[-56.738967,-2.0170095],[-56.7669924,-2.0086976],[-56.7932082,-2.0209953],[-56.8167648,-2.0229705],[-56.8590445,-2.015926],[-56.8762985,-1.9923486],[-56.9236786,-1.9643087],[-56.9611252,-1.952972],[-56.9663249,-1.9349532],[-56.9883509,-1.9071603],[-57.0284152,-1.9180238],[-57.0512834,-1.8728007],[-57.0666755,-1.8571237],[-57.0710732,-1.8295789],[-57.0597857,-1.818932],[-57.0792824,-1.8025708],[-57.0916449,-1.7779555],[-57.1190086,-1.7888468],[-57.1268512,-1.766014],[-57.1580752,-1.7708003],[-57.1616911,-1.7403237],[-57.1996094,-1.7227408],[-57.2070366,-1.710628],[-57.2308333,-1.7275272],[-57.2581481,-1.7117025],[-57.292255,-1.7082836],[-57.3086733,-1.7325091],[-57.3251892,-1.7173682],[-57.3533836,-1.7368071],[-57.3857558,-1.6976848],[-57.417615,-1.6742892],[-57.4434639,-1.6646183],[-57.4730754,-1.6788804],[-57.5440744,-1.6111343],[-57.5794517,-1.6043938],[-57.6007075,-1.5721561],[-57.6219144,-1.5891542],[-57.6617383,-1.5881773],[-57.6746383,-1.5950156],[-57.7061555,-1.5724492],[-57.6980441,-1.5549136],[-57.7097714,-1.5353264],[-57.7176873,-1.503283],[-57.7418749,-1.5022084],[-57.7799886,-1.5100239],[-57.7761772,-1.484428],[-57.7953318,-1.4872368],[-57.8228177,-1.438682],[-57.8771053,-1.4233436],[-57.8862428,-1.4341391],[-57.9163918,-1.4210965],[-57.9114565,-1.4047322],[-57.9597339,-1.3968675],[-57.95431,-1.3797702],[-57.9912388,-1.3512663],[-57.998715,-1.3312865],[-57.9885513,-1.312137],[-57.9751627,-1.2398121],[-57.9641683,-1.2152881],[-57.975749,-1.1929135],[-57.9657808,-1.1710272],[-57.9761888,-1.1538307],[-58.0012559,-1.1481148],[-58.0141071,-1.1310647],[-58.0173321,-1.1036085],[-58.0586708,-1.1065398],[-58.0810504,-1.1311624],[-58.0788027,-1.1458675],[-58.0939993,-1.1621358],[-58.1144244,-1.1645785],[-58.1450131,-1.2086442],[-58.154004,-1.2326797],[-58.1895279,-1.2033192],[-58.2125916,-1.1665326],[-58.2349224,-1.1555406],[-58.2558849,-1.1308204],[-58.2742088,-1.1415683],[-58.2929725,-1.1388325],[-58.3167203,-1.1476751],[-58.3412499,-1.1110344],[-58.3583034,-1.1077123],[-58.3637272,-1.0711199],[-58.4060921,-1.039999],[-58.4289115,-1.0286156],[-58.4200183,-1.0105877],[-58.424074,-0.9909719],[-58.4105876,-0.9822266],[-58.4519752,-0.9240868],[-58.4364854,-0.8859778],[-58.4605874,-0.862868],[-58.4760772,-0.8642849],[-58.4955739,-0.8449858],[-58.5559695,-0.8137163],[-58.5602206,-0.7977394],[-58.5875843,-0.7723815],[-58.6128469,-0.75831],[-58.6367412,-0.7201017],[-58.7061278,-0.6788638],[-58.7082778,-0.6567789],[-58.7363256,-0.6193516],[-58.7266505,-0.5906213],[-58.7318301,-0.5791878],[-58.7090107,-0.5458643],[-58.709988,-0.5170359],[-58.725429,-0.4995922],[-58.736521,-0.4717409],[-58.7252824,-0.4383191],[-58.7466847,-0.4148163],[-58.7620768,-0.4127641],[-58.7794723,-0.3929748],[-58.7890007,-0.3865738],[-58.8361542,-0.3727456],[-58.8730952,-0.3437211],[-58.8749835,-0.2958234],[-58.8653947,-0.2655488],[-58.8793146,-0.2293369],[-58.881038,-0.1965794],[-58.8652551,-0.1689373],[-58.8668112,-0.1378823],[-58.8638839,-0.0780298],[-58.8865816,-0.0591839],[-58.8950359,-0.0109629]],[[-58.8950359,-0.0109629],[-58.8954648,0.2635103]],[[-58.8954648,0.2635103],[-60.0379686,0.2635455],[-60.0468307,0.2321339],[-60.0590829,0.1629969],[-60.1149431,0.1220949],[-60.1336091,0.1034778],[-60.1213931,0.0880369],[-60.1351238,0.0316482],[-60.169133,-0.003778],[-60.1797365,-0.0023121],[-60.2042172,-0.0299202],[-60.2108138,-0.0638805],[-60.2360275,-0.1037044],[-60.2211607,-0.1419768],[-60.2688029,-0.1765234],[-60.3034961,-0.2585161],[-60.2925506,-0.294626],[-60.3263644,-0.3389936],[-60.3191325,-0.3485219],[-60.3267553,-0.3809179],[-60.3514803,-0.4056424],[-60.3464962,-0.4379405],[-60.3826554,-0.4592444],[-60.3837304,-0.4762484],[-60.4000998,-0.5174879],[-60.3951157,-0.5496877],[-60.3827531,-0.5538409],[-60.3815315,-0.5884836],[-60.3603247,-0.5984024],[-60.3536303,-0.6173605],[-60.3152723,-0.6364651],[-60.3116075,-0.7134201],[-60.3236769,-0.7171335],[-60.3466917,-0.739609],[-60.3735668,-0.7318403],[-60.3851963,-0.7535829],[-60.4056702,-0.7515796],[-60.4263396,-0.7711722],[-60.4748613,-0.7615958],[-60.4978273,-0.7806509],[-60.4932341,-0.8114321],[-60.5136103,-0.8295099],[-60.5028602,-0.8406985],[-60.5362098,-0.869476],[-60.5581984,-0.8507633],[-60.5880053,-0.843288],[-60.5959213,-0.8662514],[-60.6328134,-0.8614633],[-60.6634998,-0.881202],[-60.6717578,-0.8803714],[-60.6842669,-0.8654697],[-60.7243352,-0.8641505],[-60.7349386,-0.8611701],[-60.7285131,-0.8530352],[-60.7546796,-0.8638573],[-60.7660404,-0.8579699]],[[-60.7660404,-0.8579699],[-60.7620092,-0.8485891]],[[-62.4588289,-2.8391478],[-62.4692931,-2.8519005],[-62.4785164,-2.8670303],[-62.4871568,-2.8919095],[-62.4896574,-2.9431036]],[[-62.6342398,-3.0918641],[-62.6819105,-3.0928737],[-62.7018786,-3.0912728],[-62.7209062,-3.0836173],[-62.7347135,-3.0734926],[-62.7466029,-3.0609517],[-62.7602428,-3.0400753]],[[-69.8017091,-8.061126],[-68.6471864,-9.0494166]],[[-67.3258172,-9.5923815],[-66.8102531,-9.8180459]],[[-61.5831348,-8.7986891],[-60.4201808,-8.7966226],[-60.0005265,-8.8008853],[-59.4813631,-8.8033209],[-59.0012826,-8.8030976],[-58.4428679,-8.7993991],[-58.415878,-8.7928428],[-58.3880024,-8.7747864],[-58.3546695,-8.7372636],[-58.3320714,-8.7264608],[-58.3283686,-8.7121787],[-58.3510264,-8.7015842],[-58.3758508,-8.703714],[-58.4119558,-8.7206089],[-58.43353,-8.7104385],[-58.4359716,-8.6954603],[-58.4142747,-8.6439051],[-58.3895183,-8.5947925],[-58.410469,-8.5703919],[-58.4051026,-8.537555],[-58.4151685,-8.5234446],[-58.4178072,-8.4895196],[-58.3901503,-8.4389649],[-58.3545775,-8.3927541],[-58.3448047,-8.3407363],[-58.3148931,-8.3230601],[-58.3280835,-8.2858292],[-58.3205879,-8.2718688],[-58.3221697,-8.2320657],[-58.3129453,-8.2091049],[-58.3224642,-8.1700394],[-58.3174323,-8.1545474],[-58.2901673,-8.1356],[-58.2883921,-8.0795723],[-58.3217286,-8.0249817],[-58.3315026,-7.9687628],[-58.3550493,-7.9439894],[-58.3751355,-7.8990013],[-58.3746655,-7.8647604],[-58.3847417,-7.8439891],[-58.3646072,-7.8167663],[-58.3340604,-7.8044011],[-58.2940558,-7.7715405],[-58.2830841,-7.7408901],[-58.2759903,-7.6996663],[-58.2517941,-7.6767995],[-58.2397897,-7.6536067],[-58.2021706,-7.6208543],[-58.2025237,-7.5967433],[-58.2188625,-7.5500307],[-58.2227233,-7.5240378],[-58.2131404,-7.493329],[-58.21306,-7.4585347],[-58.173361,-7.3943672],[-58.1407241,-7.3633998]],[[-58.1407241,-7.3633998],[-58.1370556,-7.3561228]],[[-58.1370556,-7.3561228],[-58.1473717,-7.343241]],[[-59.7344442,1.9996341],[-59.7323643,2.0364962],[-59.7422491,2.0739135],[-59.7217863,2.1035319],[-59.725256,2.1318849],[-59.7395124,2.1466399],[-59.7367199,2.1889136],[-59.7198717,2.2371735],[-59.7294601,2.2646031],[-59.7232825,2.2763382],[-59.7403833,2.2928529],[-59.7799175,2.2858909],[-59.8059976,2.3071249],[-59.8695937,2.3501596],[-59.8890551,2.3557537],[-59.909221,2.3889812],[-59.892156,2.4279824],[-59.897091,2.4814364],[-59.9205085,2.5078595],[-59.9183798,2.5261456],[-59.9381664,2.5552148],[-59.9422392,2.5841285],[-59.9725051,2.598906],[-59.9644065,2.616958],[-59.97761,2.6431937],[-59.9717548,2.6562624],[-59.9876032,2.6789331],[-59.9929794,2.7339374],[-59.9878145,2.7506605],[-59.9934682,2.7860597],[-59.9870503,2.8029148],[-59.9915128,2.838549],[-59.9780239,2.896273],[-59.983989,2.9303804],[-59.9593674,2.9564533],[-59.9648384,2.9638485],[-59.9482522,3.0036764],[-59.9623846,3.0168937],[-59.9521582,3.0399082],[-59.9567601,3.0753684],[-59.9388462,3.0999233],[-59.9078985,3.113275],[-59.9194699,3.1320797],[-59.9008141,3.1592082],[-59.9124615,3.190621],[-59.9082813,3.2119422],[-59.8764916,3.2224683],[-59.8868056,3.2379269],[-59.8685445,3.2788558],[-59.8419284,3.3085036],[-59.8277937,3.3342234],[-59.8247954,3.3566241],[-59.810182,3.3767517],[-59.8401305,3.443241],[-59.823652,3.4713776],[-59.8021629,3.4915378],[-59.8062095,3.5112664],[-59.8339612,3.5229483],[-59.8423865,3.552785],[-59.8587978,3.5716242],[-59.850777,3.6045945],[-59.8172748,3.6181552],[-59.7886492,3.6166511],[-59.7596359,3.6331848],[-59.752221,3.652856],[-59.7240068,3.6638315],[-59.7046953,3.6891395],[-59.6687527,3.7028412],[-59.6732427,3.7610179],[-59.6653939,3.7815736],[-59.6356271,3.7933228],[-59.5963737,3.7941978],[-59.5781961,3.832564],[-59.5936983,3.8605074],[-59.5935482,3.8848972],[-59.5684187,3.8973874],[-59.5657151,3.9170541],[-59.5495144,3.9185224],[-59.5159026,3.9455893],[-59.5266792,3.9684979],[-59.5567991,3.978984],[-59.6016522,4.0288799],[-59.619755,4.0378255],[-59.6421506,4.0672209],[-59.6544551,4.0695843],[-59.6199961,4.132464],[-59.6501643,4.145696],[-59.6844961,4.146464],[-59.7311528,4.1810633],[-59.7400384,4.2342243],[-59.7302733,4.2680977],[-59.7326494,4.2853967],[-59.6761961,4.348164],[-59.6942267,4.3801641],[-59.7099961,4.390964],[-59.7364019,4.4241358],[-59.7486154,4.420847],[-59.8040345,4.4670814],[-59.8126114,4.446356],[-59.8325961,4.458064],[-59.8621961,4.452464],[-59.8630144,4.4714326],[-59.9114267,4.4777639],[-59.9258135,4.4900065],[-59.9719961,4.509264],[-59.9751604,4.4888547],[-60.0032458,4.4953309],[-60.0197189,4.4902818],[-60.0639662,4.495636],[-60.0672961,4.523464],[-60.0890961,4.533464],[-60.1216961,4.501464],[-60.1372961,4.514564],[-60.1614961,4.517764],[-60.1537961,4.547364],[-60.1310961,4.595164],[-60.0891961,4.605764],[-60.0703961,4.616964],[-60.0754961,4.655364],[-60.0584961,4.678264],[-60.0255041,4.7062],[-60.0360961,4.718964],[-60.0253961,4.743064],[-60.0216961,4.781964],[-60.0354961,4.789464],[-60.0254961,4.831564],[-60.0132961,4.843764],[-60.0101961,4.873064],[-59.9935049,4.9341069],[-59.9896962,5.0011077],[-59.9751051,5.0305507],[-59.9719777,5.074879],[-60.0087875,5.0855575],[-60.057925,5.1251611],[-60.0641693,5.1378686],[-60.0957826,5.1407268],[-60.1068942,5.1940657],[-60.1327301,5.2248938],[-60.1360617,5.2490623],[-60.1724471,5.2265585],[-60.1952327,5.2382293],[-60.1932847,5.2529514],[-60.2124535,5.2718411],[-60.2460651,5.2518451],[-60.2641182,5.2510091],[-60.2710608,5.2343422],[-60.3043956,5.2265666],[-60.3135614,5.2104549],[-60.3630098,5.2048987],[-60.381067,5.2207253],[-60.4052341,5.2110063],[-60.4344018,5.1812876],[-60.4496755,5.2001775],[-60.5271792,5.207947],[-60.545789,5.1940612],[-60.5771747,5.1979516],[-60.5921717,5.2173913],[-60.6249579,5.2151713],[-60.6521821,5.2304551],[-60.6971772,5.2287837],[-60.7232879,5.2198936],[-60.7281539,5.2009948],[-60.694675,5.197093],[-60.6570614,5.1559755],[-60.6556509,5.1252864],[-60.6426493,5.1171983],[-60.6449596,5.0585127],[-60.5991233,4.999339],[-60.5841242,4.955732],[-60.5918987,4.9268413],[-60.6088415,4.92406],[-60.6288417,4.8887893],[-60.6538405,4.8812868],[-60.6591214,4.8490644],[-60.6960657,4.8104519],[-60.7196789,4.7996234],[-60.7256978,4.7733697],[-60.7570811,4.7537983],[-60.7851139,4.7538903],[-60.8109736,4.7433058],[-60.8510711,4.7029406],[-60.8994042,4.7181942],[-60.9132911,4.6971539],[-60.919587,4.663349],[-60.947579,4.655541],[-60.9507361,4.6375392],[-60.9333706,4.6161972],[-60.934884,4.584395],[-60.957358,4.577763],[-60.957908,4.545161],[-60.994064,4.532854],[-60.9978797,4.5156047],[-61.0498661,4.5240242],[-61.0766408,4.5170758],[-61.0940019,4.5228269],[-61.126095,4.5052981],[-61.1451556,4.4833461],[-61.1763519,4.5114819],[-61.2137328,4.5270542],[-61.2209614,4.5216228],[-61.2697937,4.5396569],[-61.323211,4.5348887],[-61.3231494,4.5045858],[-61.2788449,4.4779504],[-61.2882924,4.4573924],[-61.3060691,4.4590661],[-61.3252314,4.4423974],[-61.3193977,4.4301727],[-61.351623,4.4187867],[-61.3724564,4.427122],[-61.3921854,4.4235086],[-61.4482895,4.4390659],[-61.4621835,4.4362821],[-61.48635,4.4104537],[-61.5135722,4.4054458],[-61.5274597,4.3421189],[-61.5130182,4.309344],[-61.5619014,4.251015],[-61.5907936,4.2440633],[-61.6082915,4.2610047],[-61.6319018,4.2410077],[-61.6563455,4.2604507],[-61.703572,4.2546241],[-61.7235648,4.2443421],[-61.7391227,4.2560081],[-61.7755111,4.2465677],[-61.7857875,4.2240709],[-61.8024589,4.2282326],[-61.8188506,4.1676728],[-61.8369094,4.1601752],[-61.8513496,4.1740639],[-61.9230211,4.1557205],[-61.930794,4.1032257],[-61.9932943,4.1748994],[-62.0116301,4.156004],[-62.048292,4.1501791],[-62.0649583,4.1585095],[-62.0816245,4.1446201],[-62.0710688,4.1304531],[-62.1071799,4.1148932],[-62.1144089,4.087957],[-62.1480215,4.079067],[-62.1938505,4.0982295],[-62.2527433,4.1293434],[-62.279964,4.1296164],[-62.2894047,4.1401718],[-62.3274602,4.134342],[-62.3505208,4.1507289],[-62.3535752,4.1651765],[-62.3772046,4.1665829],[-62.3896861,4.1779587],[-62.4377406,4.182952],[-62.464128,4.1726755],[-62.4607982,4.1426772],[-62.479404,4.1307333],[-62.4988491,4.1423984],[-62.5082995,4.1265635],[-62.5424667,4.1093394],[-62.5566338,4.0782324],[-62.5344069,4.0510145],[-62.5624636,4.0343421],[-62.5727387,4.0146226],[-62.6096854,4.0440611],[-62.6463535,4.0462845],[-62.6591264,4.0346255],[-62.6894063,4.0324],[-62.7360743,4.0398967],[-62.766632,4.0123949],[-62.7624645,3.9840665],[-62.7502282,3.9660263],[-62.7619074,3.9415626],[-62.7866308,3.9293446],[-62.788853,3.8932343],[-62.7538558,3.8496323],[-62.7713485,3.8340685],[-62.7433013,3.8082293],[-62.7310745,3.7076765],[-62.7485729,3.672674],[-62.7849625,3.6996214],[-62.7899665,3.7176723],[-62.8102383,3.7326761],[-62.838297,3.7360074],[-62.8530142,3.7118462],[-62.9088508,3.6710069],[-62.9363558,3.627952],[-62.9602431,3.6076781],[-62.9849621,3.6096251],[-63.0032931,3.6246219],[-63.0324655,3.6657298],[-63.0730231,3.6854559],[-63.0635709,3.7048993],[-63.0607966,3.7518393],[-63.0869064,3.778512],[-63.1233002,3.8046204],[-63.1683008,3.8054593],[-63.2044149,3.8115611],[-63.226632,3.8354512],[-63.2335791,3.8815615],[-63.2274637,3.8882414],[-63.2052478,3.9487902],[-63.2769102,3.9554548],[-63.2866314,3.9726741],[-63.3149679,3.9685104],[-63.3385744,3.9568414],[-63.3646881,3.9640643],[-63.3932972,3.9804495],[-63.4288561,3.9771201],[-63.4521907,3.9554506],[-63.411912,3.9132311],[-63.4385801,3.8832295],[-63.4346924,3.864898],[-63.4527513,3.8582333],[-63.4808048,3.8732317],[-63.4991349,3.8698963],[-63.5124696,3.847403],[-63.555245,3.8743486],[-63.5546867,3.8910077],[-63.5810788,3.8862894],[-63.5930218,3.9040639],[-63.5921946,3.9282267],[-63.6174652,3.9596169],[-63.6435753,3.9785087],[-63.6608031,4.0099055],[-63.6855227,4.0090628],[-63.6860792,3.9921226],[-63.7005276,3.9443406],[-63.6744156,3.9221172],[-63.6969141,3.9132281],[-63.7388542,3.9151713],[-63.755246,3.9401777],[-63.7966359,3.9326727],[-63.8352416,3.9398981],[-63.8502475,3.9499012],[-63.8910768,3.9304584],[-63.9260804,3.9260098],[-63.9380226,3.9012869],[-63.9685837,3.8785051],[-63.9788572,3.9004528],[-63.9971909,3.9035096],[-64.0019115,3.9329572],[-64.0356965,3.9342612],[-64.0999757,4.0346167],[-64.0963574,4.0535148],[-64.1088643,4.0854566],[-64.1333083,4.1060067],[-64.1719139,4.128789],[-64.1908076,4.1165658],[-64.2188581,4.1154546],[-64.2508092,4.1296221],[-64.2691342,4.1279564],[-64.276356,4.1437875],[-64.3021951,4.1323926],[-64.335516,4.129066],[-64.3863665,4.1371235],[-64.4316372,4.1346238],[-64.4577538,4.1212874],[-64.500253,4.1126755],[-64.5444182,4.1137828],[-64.5605044,4.1015668],[-64.5930328,4.1140617],[-64.6274693,4.1385081],[-64.6585876,4.2115662],[-64.6996964,4.25017],[-64.7805303,4.2865645],[-64.7996932,4.284068],[-64.8199777,4.2615625],[-64.8252537,4.2415597],[-64.8205276,4.2051749],[-64.8105273,4.1746166],[-64.7835901,4.1526762],[-64.7321922,4.1201757],[-64.7085843,4.0665584],[-64.6838633,4.0401763],[-64.6738667,4.0046216],[-64.6507269,3.9919033],[-64.6244752,3.9564668],[-64.5802514,3.9282949],[-64.5683615,3.8817554],[-64.5244729,3.8419069],[-64.5055041,3.8098765],[-64.4724771,3.7815673],[-64.428583,3.7799007],[-64.3360848,3.730728],[-64.2891404,3.699622],[-64.281083,3.6693447],[-64.2577535,3.6476765],[-64.246911,3.6276721],[-64.1962509,3.5788961],[-64.187457,3.5554473],[-64.1844002,3.4893145],[-64.1613243,3.4650144],[-64.1486018,3.4399133],[-64.1470633,3.3713242],[-64.1363531,3.3510427],[-64.1179405,3.3374253],[-64.1156942,3.3146946],[-64.1217169,3.2786525],[-64.1369887,3.2724749],[-64.1585604,3.2436811],[-64.154009,3.227871],[-64.1814137,3.1704944],[-64.2202928,3.1511038],[-64.2259345,3.1278415],[-64.2138766,3.0904817],[-64.1579073,3.0465045],[-64.1445778,3.0257303],[-64.1608975,2.9871728],[-64.1188802,2.9856429],[-64.0936071,2.9399107],[-64.0705064,2.9175433],[-64.0781338,2.8799086],[-64.0526367,2.8555536],[-64.0413417,2.8315975],[-64.0146932,2.8121699],[-64.0162406,2.7776129],[-63.9870992,2.7155907],[-64.0069566,2.7094874],[-63.9861536,2.6486687],[-64.0077303,2.6277797],[-64.0101372,2.6046557],[-64.0488205,2.5673909],[-64.0430234,2.4959988],[-64.022951,2.4647513],[-64.0078646,2.4807404],[-63.9766171,2.4649662],[-63.9578394,2.4704371]],[[-63.9578394,2.4704371],[-63.6698678,2.5974163],[-63.6431,2.6212],[-63.6108,2.5905],[-63.5714,2.5915],[-63.5249,2.5729],[-63.4944,2.5915],[-63.4733,2.6155],[-63.4828,2.657],[-63.4665,2.668],[-63.4657,2.6944],[-63.4746,2.7051],[-63.4592,2.7364],[-63.461,2.7614],[-63.4395,2.7803],[-63.3883,2.7569],[-63.3829,2.7569],[-63.3487,2.7768],[-63.3359,2.7746],[-63.3312,2.7751],[-63.2955,2.7757],[-63.2667,2.8058],[-63.2484,2.8153],[-63.2099,2.8089],[-63.1804,2.8128],[-63.144,2.791],[-63.1133,2.7854],[-63.0978,2.7908],[-63.0741,2.7801],[-63.0586,2.7927],[-63.023,2.7907],[-62.9915,2.7971],[-62.9709,2.7749],[-62.9364,2.7621],[-62.8944,2.7617],[-62.8689,2.7518],[-62.8597,2.7731],[-62.8451986,2.7654227],[-62.7944454,2.7235096],[-62.7649249,2.7298023],[-62.7178228,2.7135738],[-62.7024447,2.6931383],[-62.6897231,2.7054991],[-62.6642322,2.703004],[-62.6238745,2.7241685],[-62.6079362,2.7384537],[-62.5877219,2.731262],[-62.5226064,2.7455925],[-62.4857228,2.7698037],[-62.4669032,2.7687943],[-62.4073199,2.7825655],[-62.3760478,2.7744182],[-62.3461202,2.7751022],[-62.2936219,2.7585415],[-62.283394,2.7615517],[-62.2225051,2.7551943],[-62.2116286,2.7643507],[-62.1899581,2.7490737],[-62.0833844,2.7457347],[-62.0609411,2.7335661],[-62.0348332,2.7292912],[-62.0099584,2.7340712],[-61.9963447,2.7168484],[-61.9803797,2.7186374],[-61.9737711,2.6889172],[-61.9460721,2.6837925],[-61.9337982,2.7036797],[-61.9138461,2.69157],[-61.8597765,2.6840458],[-61.834031,2.6973336],[-61.7953544,2.7046485],[-61.7759369,2.7202315],[-61.7545506,2.7119435],[-61.7342239,2.7185115],[-61.7407097,2.767122],[-61.7090696,2.7997212],[-61.7224573,2.8134109],[-61.7041943,2.852274],[-61.6279608,2.9335544],[-61.5796764,2.9484051],[-61.5696848,2.9409681],[-61.5491209,2.9190663],[-61.543572,2.9110164],[-61.5232867,2.8957387],[-61.4968984,2.886567],[-61.4715189,2.8930796],[-61.435516,2.868233],[-61.406068,2.8612943],[-61.3802374,2.8376809],[-61.3696747,2.8285115],[-61.3557927,2.7690736],[-61.3357892,2.7612947],[-61.3255111,2.7282378],[-61.2980153,2.7079587],[-61.302451,2.6921269],[-61.2929096,2.6731642],[-61.2532927,2.6674062],[-61.2427352,2.6521239],[-61.2230112,2.6562951],[-61.2136945,2.6820946],[-61.1838507,2.6771307],[-61.1370809,2.7005888],[-61.1055117,2.6937902],[-61.0966987,2.707276],[-61.0430133,2.6740712],[-61.0074296,2.68477],[-60.9702303,2.6657342],[-60.9577314,2.6451832],[-60.9402308,2.6499044],[-60.9196725,2.6318462],[-60.9149573,2.6199037],[-60.9174659,2.5638011],[-60.9443922,2.5212903],[-60.9210676,2.5193484],[-60.8935636,2.5076784],[-60.8921729,2.4757388],[-60.85773,2.4485202],[-60.8682861,2.4346299],[-60.8363397,2.4201806],[-60.8432833,2.4099092],[-60.8457866,2.3854623],[-60.8363516,2.3515543],[-60.8457843,2.3135159],[-60.8907844,2.2837945],[-60.9096827,2.2356488],[-60.9382662,2.2152771],[-60.9571211,2.1943421],[-61.0159233,2.1450013],[-61.0412325,2.0997489],[-61.0529923,2.0629358],[-61.0205119,1.9815067],[-60.9979517,1.9579924],[-60.9781256,1.9457938],[-60.955954,1.9640541],[-60.938868,1.966514],[-60.9267823,1.9844944],[-60.8985923,1.9795385],[-60.8744244,1.9844513],[-60.830843,1.9833143],[-60.7887609,1.9992379],[-60.7424001,1.999479],[-60.7604475,1.9577096],[-60.760369,1.9356224],[-60.7500685,1.9058087],[-60.7396181,1.8973076],[-60.7070102,1.9022305],[-60.6548339,1.8977658],[-60.6385876,1.8702898],[-60.5918932,1.8529542],[-60.5775325,1.833503],[-60.5751485,1.7904766],[-60.547478,1.7608524],[-60.5469519,1.7491813],[-60.5674501,1.7278959],[-60.5721137,1.7224632],[-60.577915,1.7208862],[-60.5836197,1.7097811],[-60.5773422,1.7063708],[-60.5573697,1.7126121],[-60.5369536,1.7086935],[-60.522064,1.7199135],[-60.4930638,1.7097759],[-60.4848654,1.7301115],[-60.4056458,1.7465225],[-60.3891197,1.7369181],[-60.3583027,1.7762539],[-60.3328374,1.7885585],[-60.3021179,1.8274913],[-60.280224,1.837584],[-60.2563519,1.8662984],[-60.2300375,1.8836648],[-60.1664797,1.9579299],[-60.156639,1.9996416],[-59.7344442,1.9996341]],[[-60.7632918,-0.8343347],[-60.762791,-0.8472699],[-60.7606654,-0.8503969],[-60.7660404,-0.8579699]],[[-58.8954648,0.2635103],[-58.8954979,1.2276938],[-58.9046663,1.251024],[-58.8868844,1.2601933],[-58.8988351,1.2793569],[-58.9185337,1.2849091],[-58.9235571,1.3179651],[-58.9660576,1.3124126],[-58.9816123,1.3046316],[-58.9938326,1.3271332],[-59.0210587,1.3310229],[-59.0529979,1.3243534],[-59.1027169,1.3482417],[-59.1527243,1.3488017],[-59.1768927,1.3604815],[-59.1885555,1.3751884],[-59.2254969,1.3768557],[-59.2693901,1.40047],[-59.2885589,1.4446364],[-59.3216084,1.4821371],[-59.3396677,1.5182487],[-59.3582765,1.5101872],[-59.3788354,1.5207427],[-59.4316175,1.5679687],[-59.4479988,1.6193534],[-59.4830048,1.6265776],[-59.5074452,1.6679672],[-59.5263387,1.6913029],[-59.5335541,1.7162965],[-59.5666119,1.7357424],[-59.6174465,1.7151866],[-59.6329989,1.7410184],[-59.6663388,1.7546344],[-59.6902225,1.7562986],[-59.678838,1.8071276],[-59.6543876,1.8168515],[-59.6502277,1.8401845],[-59.673836,1.8399106],[-59.691892,1.8535252],[-59.7460566,1.8518555],[-59.7468876,1.878517],[-59.7593915,1.9004668],[-59.7380084,1.955461],[-59.7344442,1.9996341]],[[-63.9578394,2.4704371],[-63.9343736,2.4572606],[-63.9204834,2.4736055],[-63.882144,2.4690924],[-63.8712697,2.4828465],[-63.8465017,2.493248],[-63.7982228,2.4798593],[-63.7819973,2.4569287],[-63.750449,2.4417992],[-63.7039861,2.4578098],[-63.6891575,2.4470644],[-63.6333676,2.440037],[-63.6035815,2.4571651],[-63.5548233,2.4474208],[-63.5534437,2.430162],[-63.5200257,2.4218666],[-63.4805258,2.4335575],[-63.4656972,2.4017083],[-63.4414557,2.4181702],[-63.4358251,2.4419389],[-63.4217702,2.4452915],[-63.3984313,2.4283568],[-63.3719118,2.4263796],[-63.3570832,2.3789282],[-63.3754381,2.3617522],[-63.375952,2.3396862],[-63.3605217,2.3273935],[-63.3679667,2.2897242],[-63.3604392,2.2691503],[-63.3781226,2.2263227],[-63.3597912,2.1971016]],[[-56.6097644,-2.8963407],[-56.7678915,-3.2428893]],[[-56.7678915,-3.2428893],[-56.7615688,-3.2517743],[-56.7331984,-3.3266895],[-56.7333788,-3.3334051],[-56.7249314,-3.3435729],[-56.7024015,-3.3574926],[-56.5004832,-3.3069569],[-56.3446289,-3.2647951],[-55.3751406,-3.2362529],[-55.3469244,-3.2216962],[-55.3201444,-3.2255657],[-55.2959506,-3.2398475],[-55.1648369,-3.2438672],[-55.1369771,-3.2495501],[-55.0673117,-3.2339831],[-55.0473372,-3.2337779],[-55.0377801,-3.2583737],[-55.0466453,-3.2695521],[-55.0561189,-3.3105028],[-55.0857834,-3.3257802],[-55.0789738,-3.3441697],[-55.0876403,-3.4002046],[-55.1219509,-3.430783],[-55.1202825,-3.45857],[-55.1017285,-3.4766128],[-55.1138976,-3.493208],[-55.0940044,-3.5056313],[-55.115531,-3.5424334],[-55.1157845,-3.5735536],[-55.1380872,-3.588999],[-55.1433929,-3.6205492],[-55.1724484,-3.6479004],[-55.1519498,-3.6747007],[-55.1742306,-3.6967535],[-55.1383775,-3.7334024],[-55.1208087,-3.7693031],[-55.1200856,-3.7887633],[-55.1511111,-3.8114076],[-55.1553157,-3.8444956],[-55.1466024,-3.8660804],[-55.1260636,-3.8640908],[-55.0932289,-3.8726719],[-55.0942036,-3.9086673],[-55.0773998,-3.9356162],[-55.0179723,-3.9213416],[-55.0025055,-3.8921974],[-55.015593,-3.8585721],[-54.9807281,-3.8477085],[-54.962892,-3.8158702],[-54.9222562,-3.7846643],[-54.9029187,-3.7570047],[-54.9181128,-3.7395383],[-54.9018932,-3.7242811],[-54.8758948,-3.7220279],[-54.8538107,-3.7300982],[-54.8495608,-3.7478814],[-54.8223084,-3.7740852],[-54.7967858,-3.7737392],[-54.7551933,-3.7824121],[-54.7348645,-3.7707095],[-54.6997516,-3.790598],[-54.6989246,-3.8122658],[-54.7170018,-3.8449146],[-54.7366735,-3.8432158],[-54.7600331,-3.8610742],[-54.7468402,-3.8866835],[-54.7718292,-3.9142993],[-54.775918,-3.941686],[-54.7541693,-3.9390494],[-54.7506406,-3.9592717],[-54.7611917,-3.9892487],[-54.7420922,-4.020056],[-54.740805,-4.0375373],[-54.7732515,-4.0462519],[-54.7804197,-4.1104318],[-54.7876987,-4.131657],[-54.8129214,-4.1372378],[-54.8184486,-4.1781414],[-54.7951191,-4.2017135],[-54.7953953,-4.2261303],[-54.826506,-4.2343986],[-54.8477275,-4.2587544],[-54.8580283,-4.3123026],[-54.8756732,-4.3405067],[-54.8379713,-4.3901208],[-54.8384911,-4.4174666],[-54.8130846,-4.4283981],[-54.7967525,-4.4637116],[-54.776894,-4.4553949],[-54.7420287,-4.4686058],[-54.7318855,-4.46024],[-54.7496122,-4.4387482],[-54.7356164,-4.4245466],[-54.7237826,-4.3841087],[-54.6747209,-4.315979],[-54.6430009,-4.3266868],[-54.6093041,-4.3561595],[-54.6089232,-4.3765059],[-54.5819453,-4.3933034],[-54.5578081,-4.3775413],[-54.5524428,-4.3956309],[-54.5030549,-4.35846],[-54.4978072,-4.3379082],[-54.5342806,-4.3333012],[-54.5088852,-4.2657912],[-54.4897252,-4.2513704],[-54.4629458,-4.2527976],[-54.450969,-4.2433359],[-54.4370842,-4.2668646],[-54.4195002,-4.2644247],[-54.4132801,-4.2911048],[-54.3846749,-4.2884684],[-54.3666137,-4.264553],[-54.334225,-4.2714035],[-54.3231847,-4.2840794],[-54.3047552,-4.2805158],[-54.301668,-4.3123496],[-54.2798338,-4.3164988],[-54.2599386,-4.3039034],[-54.2205247,-4.2682696],[-54.2001426,-4.2027827],[-54.1679478,-4.1931385],[-54.1589706,-4.2076213],[-54.1378033,-4.2011124],[-54.1319831,-4.2298075],[-54.0991252,-4.2068426],[-54.0835248,-4.1750205],[-54.0920242,-4.1553415],[-54.0858287,-4.0993238],[-54.0543073,-4.0829031],[-54.0544957,-4.0725034],[-54.099225,-4.0532071],[-54.1055002,-4.0400855],[-54.1374401,-4.0321109],[-54.1423347,-4.007015],[-54.1350825,-3.9880779],[-54.1101913,-3.9739569],[-54.1178355,-3.9044719],[-54.11578,-3.8119729],[-54.1476718,-3.8371183],[-54.16925,-3.8242348],[-54.1501666,-3.7903695],[-54.1526401,-3.7774561],[-54.1893568,-3.7547032],[-54.2074183,-3.7280205],[-54.2543623,-3.6928824],[-54.2536063,-3.6616535],[-54.2185478,-3.6364854],[-54.2447804,-3.6114261],[-54.2469705,-3.592185],[-54.2692772,-3.5678007],[-54.263,-3.4903713],[-54.2756648,-3.4667267],[-54.2579931,-3.449034],[-54.2774183,-3.4339244],[-54.2864503,-3.4138076],[-54.2890026,-3.3781935],[-54.2558274,-3.3553214],[-54.2640859,-3.3102907],[-54.2598562,-3.2765666],[-54.2184125,-3.2398315],[-54.2079171,-3.2091017],[-54.1140813,-3.1724084],[-54.0966079,-3.1567089],[-54.1029482,-3.1322549],[-54.0699766,-3.1143679],[-54.050703,-3.0825415],[-54.0454128,-3.048475],[-54.0460494,-2.9987685],[-54.0887701,-2.9610103],[-54.1024965,-2.9206074],[-54.1030241,-2.8865334],[-53.8554122,-2.8874675],[-53.6083826,-2.8651508],[-53.5924673,-2.8263188],[-53.5942976,-2.8131081],[-53.5648863,-2.7917907],[-53.5451632,-2.7911131],[-53.5235755,-2.7752057],[-53.4871566,-2.7648884],[-53.4543786,-2.7764869],[-53.4085241,-2.7498592],[-53.3580253,-2.7373339],[-53.3097454,-2.7433385],[-53.2844394,-2.7559591],[-53.2715766,-2.7711169],[-53.2529417,-2.7743045],[-53.2356006,-2.7481039],[-53.2078828,-2.7206504],[-53.1701015,-2.6951682],[-53.1653466,-2.6771242],[-53.1464094,-2.6652726],[-53.1269079,-2.6697991],[-53.1069059,-2.6859796],[-53.0638516,-2.6805137],[-53.0287959,-2.6819683],[-53.0015295,-2.6716156],[-52.9728258,-2.6901516],[-52.960184,-2.6873929],[-52.906015,-2.714112],[-52.8378683,-2.7587004],[-52.8013788,-2.7632092],[-52.7557929,-2.7407946],[-52.6839911,-2.722911],[-52.6232012,-2.7164247],[-52.5569874,-2.7249809],[-52.5374847,-2.7367534],[-52.5012942,-2.7736702],[-52.4334884,-2.7688079],[-52.3352638,-2.7816463],[-52.2902374,-2.808503],[-52.2764871,-2.8302152],[-52.2619307,-2.8159366],[-52.2341087,-2.8099567],[-52.1989598,-2.8138881],[-52.1577078,-2.8105875],[-52.1048782,-2.7944664],[-52.0438539,-2.7925059],[-52.0587895,-2.7751573],[-52.0649835,-2.7378455],[-52.0549304,-2.686244],[-52.0293469,-2.6632721],[-52.0024288,-2.6305904],[-51.9888121,-2.5756593],[-51.9573968,-2.5221027],[-51.9324826,-2.5035451],[-51.9304516,-2.4965007],[-51.9197397,-2.4931678],[-51.9020133,-2.5069388],[-51.8722365,-2.5492782],[-51.854453,-2.5524757]],[[-51.854453,-2.5524757],[-51.848233,-2.5243489]],[[-51.848233,-2.5243489],[-51.8579849,-2.4826918],[-51.8753413,-2.4578573],[-51.8817656,-2.4326507],[-51.8616248,-2.3868433],[-51.8664515,-2.3643109],[-51.8885137,-2.3466225],[-51.9205427,-2.3315481],[-51.9256761,-2.318161],[-51.9217851,-2.2814879],[-51.9396195,-2.2570928],[-51.9396251,-2.1077363],[-51.9163413,-2.0742372],[-51.9058446,-2.0034466],[-51.8846191,-1.9707932],[-51.8743693,-1.9373373],[-51.8823465,-1.926413],[-51.9115702,-1.9173023],[-51.9661759,-1.8759639],[-51.9667357,-1.8256288],[-51.9857328,-1.7792202],[-51.9900407,-1.7429815],[-51.9860674,-1.700992],[-51.963681,-1.6754435],[-51.9520366,-1.6465906],[-51.9700261,-1.6102675],[-51.9935396,-1.5988712],[-52.0252013,-1.5966453],[-52.0924516,-1.6068749],[-52.1449553,-1.6080823],[-52.1998224,-1.6042268],[-52.2107912,-1.5973739],[-52.2419295,-1.5430634],[-52.251873,-1.5040647],[-52.2387909,-1.4904408],[-52.2132318,-1.4832611],[-52.1558513,-1.4780064],[-52.1115652,-1.4701496],[-52.0618185,-1.4496942],[-51.9911192,-1.4351],[-51.9558137,-1.4059665],[-51.9044322,-1.345537],[-51.8909277,-1.3094783],[-51.8891249,-1.2749905],[-51.8626545,-1.2422768],[-51.8163109,-1.217178],[-51.790701,-1.1986097],[-51.7792879,-1.1660776]],[[-51.7792879,-1.1660776],[-51.7783994,-1.1404123]],[[-51.7783994,-1.1404123],[-51.7884588,-1.1476053],[-51.8090963,-1.1571011],[-51.8872859,-1.1663971],[-51.9229007,-1.1329634],[-51.9333721,-1.1374907],[-51.9469037,-1.1660067],[-51.9659296,-1.1596028],[-51.9619572,-1.1344374],[-51.974985,-1.1206175],[-51.9939523,-1.1347229],[-51.9911221,-1.171816],[-52.0409005,-1.1701323],[-52.062961,-1.1928913],[-52.0475632,-1.2142842],[-52.0515139,-1.2305932],[-52.070459,-1.2359841],[-52.1098719,-1.2181159],[-52.1067638,-1.1830679],[-52.1202623,-1.146198],[-52.1467312,-1.1487914],[-52.1789319,-1.1295951],[-52.2147327,-1.1349578],[-52.2451946,-1.1253785],[-52.2655945,-1.1289777],[-52.3127909,-1.1142085],[-52.3329879,-1.1158915],[-52.3581556,-1.0625844],[-52.4001787,-1.0436305],[-52.4167912,-1.0256118],[-52.4199283,-0.9659632],[-52.4355954,-0.9501671],[-52.4376793,-0.9288754],[-52.4047158,-0.9127377],[-52.403158,-0.8771483],[-52.419851,-0.8546977],[-52.4555179,-0.8302661],[-52.4684059,-0.8410944],[-52.5169334,-0.858616],[-52.5374751,-0.8583778],[-52.5418462,-0.8365449],[-52.5169699,-0.8090464],[-52.5182377,-0.7755192],[-52.5018249,-0.7467625],[-52.4971522,-0.7229462],[-52.5103877,-0.679184],[-52.5131837,-0.6196459],[-52.5322928,-0.5763552],[-52.5763261,-0.5764098],[-52.61299,-0.5948934],[-52.640009,-0.5849061],[-52.6954363,-0.4964017],[-52.6910184,-0.47716],[-52.70068,-0.4529291],[-52.6847646,-0.4346347],[-52.6810757,-0.415085],[-52.6973482,-0.3929354],[-52.6959526,-0.3720027],[-52.6818497,-0.3399645],[-52.6841716,-0.3143137],[-52.7009011,-0.2928425],[-52.7162419,-0.292696],[-52.7544268,-0.2621886],[-52.7604398,-0.2375744],[-52.8360989,-0.1861492],[-52.8447693,-0.1597267],[-52.8641028,-0.1447643],[-52.8817971,-0.1436973],[-52.9040129,-0.1549377],[-52.9327437,-0.1423073],[-52.9600174,-0.0632217],[-52.9710222,-0.0431101],[-52.9772926,0.0237963],[-53.0149667,0.0596921],[-53.0111292,0.0950459],[-53.029266,0.1047191],[-53.0521271,0.1573389],[-53.0942925,0.195307],[-53.1058506,0.2373476],[-53.0941268,0.2589577],[-53.1119333,0.2865299],[-53.131376,0.2962017],[-53.136459,0.3260357],[-53.1753105,0.3817172],[-53.1612041,0.398538],[-53.1592398,0.4203272],[-53.1677453,0.4457283],[-53.1551284,0.4801797],[-53.1697689,0.4937348],[-53.1520646,0.5318937],[-53.1548478,0.5633555],[-53.1473221,0.6003346],[-53.1227118,0.6300909],[-53.1057436,0.6794615],[-53.1241293,0.6973549],[-53.1469379,0.6997862],[-53.1574069,0.7290729],[-53.1846077,0.7475027],[-53.1902726,0.7683835],[-53.2551477,0.8092116],[-53.2874946,0.8457159],[-53.3219937,0.8720013],[-53.4114942,0.9293442],[-53.4108033,0.9820425],[-53.4268299,0.992426],[-53.4299356,1.0198122],[-53.4223294,1.0337374],[-53.4359634,1.0595801],[-53.4558237,1.0773718],[-53.4591576,1.1336804],[-53.4443579,1.1513192],[-53.4044098,1.1511736],[-53.3960801,1.1792925],[-53.438769,1.232134],[-53.4699094,1.2399701],[-53.5252098,1.2117165],[-53.5463212,1.2285074],[-53.5233275,1.2613389],[-53.5527117,1.2802892],[-53.5626334,1.3065819],[-53.5333853,1.3224288],[-53.5456272,1.3474523],[-53.5706899,1.337302],[-53.5952181,1.3581541],[-53.6332463,1.3473586],[-53.6418842,1.3349676],[-53.6630774,1.3494954],[-53.6435234,1.3638863],[-53.6412708,1.3991357],[-53.6552427,1.4067108],[-53.6648539,1.3752498],[-53.7014598,1.3779189],[-53.7134356,1.3964326],[-53.7323267,1.3862888],[-53.7837222,1.4028539],[-53.8074907,1.4020131],[-53.820106,1.3891676],[-53.8646576,1.4060099],[-53.8877512,1.4077873],[-53.876742,1.4354522],[-53.8959981,1.4551258],[-53.9670765,1.4843951],[-53.9761347,1.4722767],[-53.9974678,1.4757713],[-53.9995265,1.5047707],[-54.0202741,1.5157631],[-54.0519674,1.4944892],[-54.06916,1.5009694],[-54.0887478,1.4919974],[-54.0845904,1.5263318],[-54.0987782,1.5505238],[-54.1175262,1.5581747],[-54.1019449,1.5843053],[-54.1228292,1.5908689],[-54.1230827,1.6074007],[-54.1436637,1.640612],[-54.1857503,1.6537353],[-54.2008834,1.6455793],[-54.2627439,1.6883824],[-54.2695781,1.7048118],[-54.3093044,1.7410503],[-54.3414715,1.7398184],[-54.3516918,1.7540727],[-54.4039456,1.7597567],[-54.4346093,1.7541004],[-54.4571677,1.7583028],[-54.4959444,1.7469426],[-54.528107,1.7649425],[-54.6019171,1.7845734],[-54.6258846,1.7806443],[-54.6436397,1.7686],[-54.6711959,1.7656566],[-54.6952474,1.7734627],[-54.7447791,1.7758008],[-54.7544217,1.797808],[-54.7384599,1.8248356],[-54.7531955,1.850985],[-54.7530882,1.87572],[-54.7701983,1.9256957],[-54.7559997,1.9742069],[-54.7690252,1.9962038],[-54.7909708,2.0072571],[-54.8038049,2.0258228],[-54.8062543,2.1389277],[-54.7678915,2.1809114],[-54.7631109,2.2023191],[-54.8114203,2.266378],[-54.8072223,2.2978941],[-54.7961664,2.3179651],[-54.80756,2.3416749],[-54.8746964,2.4153254],[-54.8722509,2.4337466]],[[-54.8722509,2.4337466],[-54.9111697,2.4896851],[-54.9354217,2.5185854],[-54.9543067,2.5836924],[-55.0038059,2.591027],[-55.056307,2.5532265],[-55.1030864,2.5257359],[-55.1234732,2.5677203],[-55.1728658,2.5594387],[-55.2076151,2.5228731],[-55.2348061,2.5034753],[-55.2773618,2.5124485],[-55.3202556,2.5154633],[-55.356226,2.475653],[-55.3456432,2.4480823],[-55.3853987,2.4184543],[-55.4294499,2.4389661],[-55.4823084,2.4386989],[-55.4997845,2.4433308],[-55.5706752,2.4236096],[-55.577917,2.4354889],[-55.642262,2.416061],[-55.6740607,2.4136969],[-55.6984185,2.4216359],[-55.7076969,2.4032133],[-55.7470366,2.4105376],[-55.7667045,2.4553296],[-55.8388951,2.4622686],[-55.8545936,2.4806452],[-55.8808697,2.4889886],[-55.9016722,2.5173189],[-55.9198994,2.5178777],[-55.9346782,2.5335401],[-55.9783139,2.5274219],[-55.9929549,2.5046398],[-55.9779796,2.4964858],[-55.9911983,2.4670974],[-56.0115895,2.4529113],[-55.9858175,2.4339853],[-55.989922,2.4173455],[-56.0366734,2.3743199],[-56.0225928,2.3475333],[-56.029645,2.3325229],[-56.0506795,2.3350707],[-56.0739543,2.3709085],[-56.0902012,2.372367],[-56.0938401,2.3212589],[-56.1072578,2.318374],[-56.1281494,2.2865429],[-56.1325391,2.2637497],[-56.1090116,2.2448301],[-56.0880622,2.2499711],[-56.0429581,2.2278718],[-56.0362302,2.2135751],[-56.0563434,2.1894345],[-56.035145,2.1688853],[-56.0031495,2.16769],[-55.9698121,2.1131213],[-55.966893,2.0885147],[-55.9487858,2.0917596],[-55.9267602,2.0751896],[-55.9329818,2.0613549],[-55.9088651,2.0474991],[-55.9021219,2.0294038],[-55.9138152,1.9906055],[-55.9364257,1.9865514],[-55.9230594,1.9470119],[-55.9206002,1.9190604],[-55.9020101,1.9078318],[-55.90393,1.8881128],[-55.9343722,1.8715794],[-55.9564535,1.8451782],[-55.9701805,1.8483516],[-55.9990386,1.8313637],[-56.0367277,1.8502898],[-56.0665342,1.8519343],[-56.0987314,1.846612],[-56.1299783,1.8592948],[-56.1527014,1.8907862],[-56.2345387,1.8986942],[-56.2441215,1.878163],[-56.3214781,1.9236996],[-56.3350139,1.9371836],[-56.3582915,1.9415354],[-56.3721485,1.9329473],[-56.4118972,1.928347],[-56.4370969,1.9517867],[-56.4829321,1.9541525],[-56.4956521,1.9380548],[-56.5180704,1.9323612],[-56.546735,1.9154514],[-56.5798431,1.9059607],[-56.6215364,1.9459583],[-56.6547043,1.9181902],[-56.6735432,1.9127658],[-56.7164288,1.9260721],[-56.7348155,1.9172992],[-56.7649869,1.888445],[-56.7682031,1.8760502],[-56.7958449,1.8613981],[-56.8015176,1.8741551],[-56.8935683,1.8994047],[-56.9197951,1.930438],[-56.9404338,1.9214817],[-56.9592603,1.9244683],[-56.9761841,1.9030262],[-57.0007912,1.9073698],[-57.0244831,1.9279061],[-57.0320421,1.9469966],[-57.0712971,1.9687982],[-57.0735435,2.0024537],[-57.0867653,2.0265193],[-57.1584013,1.9918631],[-57.1791806,1.9902311],[-57.2292123,1.9535859],[-57.2529579,1.9485161],[-57.27732,1.9830715],[-57.3044062,1.9975416],[-57.3132905,1.9772738],[-57.3457093,1.9803448],[-57.356322,1.9704809],[-57.3571295,1.9472302],[-57.3677695,1.9237949],[-57.3851241,1.9275006],[-57.4029644,1.9127508],[-57.4335208,1.9060482],[-57.4320157,1.8585502],[-57.437795,1.8300524],[-57.4509881,1.8064353],[-57.5019624,1.7861582],[-57.4970403,1.7734931],[-57.5261825,1.7280688],[-57.5342705,1.7082552],[-57.5533214,1.692508],[-57.5761306,1.7027239],[-57.6048535,1.6930353],[-57.6294353,1.6985471],[-57.650515,1.682436],[-57.6981342,1.7138108],[-57.7051855,1.7309981],[-57.7312431,1.7189552],[-57.7923535,1.7267103],[-57.7984335,1.6971264],[-57.8195983,1.6839094],[-57.8950805,1.6743776],[-57.9136031,1.6476827],[-57.9502957,1.647666],[-57.981128,1.6594102],[-57.9786567,1.5728413],[-58.0056003,1.5168355],[-58.0272692,1.5086841],[-58.061026,1.5254018],[-58.0695482,1.5073972],[-58.0976876,1.513986],[-58.1295247,1.4989538],[-58.1496561,1.5100687],[-58.1607434,1.5601738],[-58.1895491,1.571646],[-58.2129634,1.5648497],[-58.2332732,1.5474707],[-58.2623564,1.5707902],[-58.2929155,1.5643497],[-58.3172406,1.5684948],[-58.3144357,1.5940015],[-58.3324767,1.5907334],[-58.3459073,1.5644062],[-58.3604946,1.5602368],[-58.3631891,1.5380737],[-58.3896397,1.5354341],[-58.3904137,1.4963616],[-58.3718559,1.4816285],[-58.3856898,1.4700439],[-58.4128764,1.4727402],[-58.4485472,1.4560754],[-58.4650766,1.4662859],[-58.5088297,1.4630001],[-58.4981622,1.4301763],[-58.505217,1.4032192],[-58.4797444,1.3902141],[-58.4716361,1.3742098],[-58.4710517,1.3194013],[-58.4951613,1.2949691],[-58.4963272,1.2680153],[-58.5382704,1.2677183],[-58.5402182,1.2879766],[-58.5596676,1.290227],[-58.5885556,1.2699497],[-58.6288346,1.2885549],[-58.6613284,1.280485],[-58.6802168,1.2962979],[-58.7104969,1.2899487],[-58.719946,1.2337833],[-58.7302207,1.2107166],[-58.7513302,1.2085319],[-58.8213323,1.1710488],[-58.831883,1.1879523],[-58.8543928,1.1835071],[-58.8710552,1.2176752],[-58.8954981,1.2287814],[-58.8950359,-0.0109629]],[[-51.6856469,-1.0128623],[-51.6872304,-1.0360099],[-51.700427,-1.0632109]],[[-51.700427,-1.0632109],[-51.7793719,-1.1375926]],[[-51.7793719,-1.1375926],[-51.7778764,-1.1439615],[-51.7792879,-1.1660776]],[[-51.848233,-2.5243489],[-51.8575374,-2.5691916]],[[-51.8575374,-2.5691916],[-51.8566184,-2.5911956],[-51.8400664,-2.6279691],[-51.8338734,-2.6574427],[-51.8201496,-2.6975679],[-51.7979008,-2.7278109],[-51.7815417,-2.7765375],[-51.7592617,-2.8299412],[-51.7482858,-2.845507],[-51.7198969,-2.7963114],[-51.6965637,-2.7933632],[-51.6849257,-2.7795683],[-51.6624287,-2.7814774],[-51.6445098,-2.7695676],[-51.5720393,-2.7654895],[-51.5330328,-2.7442359],[-51.5039525,-2.7464096],[-51.4493946,-2.7695868],[-51.4311698,-2.8212982],[-51.4217039,-2.8309177],[-51.4153138,-2.8413742],[-51.3972845,-2.8802382],[-51.3980361,-2.8890745],[-51.3628972,-2.9111443],[-51.3512636,-2.9149201],[-51.32476,-2.9450693],[-51.3050652,-2.9320117],[-51.2754246,-2.9592842],[-51.2372297,-2.9747641],[-51.2103165,-2.9994748],[-51.1612326,-3.0186512],[-51.1553144,-3.0420574],[-51.1701146,-3.0656368],[-51.1977598,-3.0685469],[-51.1542221,-3.1112817],[-51.1142822,-3.1364651],[-51.077311,-3.1051098],[-51.0301704,-3.1057105],[-51.0125594,-3.126641],[-50.9727286,-3.1246481],[-50.9749246,-3.1586755],[-50.9658109,-3.1894817],[-50.93484,-3.2149921],[-50.9362041,-3.2311797],[-50.899059,-3.2554139],[-50.8468098,-3.2961571],[-50.8343642,-3.3336293],[-50.8409476,-3.3683462],[-50.8121447,-3.42505],[-50.8139808,-3.4609671],[-50.8089506,-3.4950388],[-50.4859221,-3.4583254],[-50.4956141,-3.4289512],[-50.4756658,-3.3987822],[-50.4365858,-3.3954072],[-50.4229672,-3.4130844],[-50.3629166,-3.3844283],[-50.356006,-3.3654648],[-50.3292248,-3.3511049],[-50.3214412,-3.3218163],[-50.2826455,-3.3015075],[-50.2816407,-3.2888253],[-50.2553021,-3.2742853],[-50.2484452,-3.243372],[-50.2293877,-3.2338503],[-50.2096334,-3.2375485],[-50.192782,-3.2732201],[-50.1566953,-3.300461],[-50.1131651,-3.2696117],[-50.0795869,-3.2832868],[-50.0697464,-3.3007963],[-50.0423085,-3.3103317],[-50.0064121,-3.3315883],[-49.9694145,-3.3196288],[-49.9191929,-3.3289319],[-49.9085802,-3.3256747]],[[-49.9085802,-3.3256747],[-49.9228013,-3.3048032],[-49.9241315,-3.2739844],[-49.9354378,-3.2570895],[-49.9306604,-3.2282293],[-49.9489141,-3.2101226],[-49.9658366,-3.2107047],[-49.9731638,-3.1914085],[-49.9694122,-3.1402324],[-49.9430837,-3.1203206],[-49.931134,-3.0977299],[-49.9100254,-3.0912981],[-49.9021109,-3.064873],[-49.90905,-3.038144],[-49.8956285,-2.9860261],[-49.8808352,-2.9747829],[-49.8475805,-2.9310268],[-49.8486111,-2.862529],[-49.8529408,-2.8493225],[-49.8810802,-2.8404839],[-49.9104963,-2.812893],[-49.9360577,-2.7748914],[-49.9429423,-2.7503279],[-49.9408004,-2.7087318],[-49.9457497,-2.6697313],[-49.967163,-2.6500177],[-49.9753303,-2.6214994],[-49.9664154,-2.5747115],[-49.968777,-2.5458982],[-49.9835023,-2.5188217],[-50.0009002,-2.5083364],[-50.0541401,-2.5162584],[-50.0729207,-2.4868926],[-50.0810525,-2.4489479],[-50.1095302,-2.4106197],[-50.1116366,-2.365329],[-50.1052521,-2.3201843],[-50.0844665,-2.2867879],[-50.0792204,-2.2589485],[-50.0881927,-2.2213364],[-50.1083383,-2.2051219],[-50.1023334,-2.1768806],[-50.1153012,-2.1396231],[-50.0605232,-2.1027329],[-50.0564108,-2.0897306],[-50.0749428,-2.06942],[-50.0702195,-2.0313135],[-50.0787239,-2.0193615],[-50.0753329,-1.990489],[-50.0615833,-1.9736657],[-50.0717222,-1.9549126],[-50.0576108,-1.9350117],[-50.0566926,-1.9086107],[-50.086528,-1.8821972],[-50.0880223,-1.8613378],[-50.1081393,-1.86039],[-50.131496,-1.8149992],[-50.0646702,-1.7918739],[-49.9915772,-1.7830986],[-49.944332,-1.7959596],[-49.8846137,-1.8247103],[-49.8479945,-1.8331488],[-49.7970691,-1.8280014],[-49.7451622,-1.8161401],[-49.7181898,-1.8356009],[-49.7083602,-1.8237851],[-49.6220609,-1.7649072],[-49.6077751,-1.7603974],[-49.5860518,-1.7796896],[-49.539721,-1.7800999],[-49.513743,-1.7593876],[-49.4102786,-1.7194352],[-49.3725815,-1.7101658],[-49.3226014,-1.7037439],[-49.2329615,-1.7049026],[-49.1716867,-1.7161229],[-49.1180287,-1.6727329],[-49.063798,-1.6114594],[-49.0432421,-1.6012905],[-49.012574,-1.573232],[-48.9067721,-1.537466],[-48.8418518,-1.5238237]],[[-48.8418518,-1.5238237],[-48.8276801,-1.5163681]],[[-48.8276801,-1.5163681],[-48.7759291,-1.4740927],[-48.7606569,-1.4525419]],[[-48.7606569,-1.4525419],[-48.7399386,-1.400042],[-48.710771,-1.338486],[-48.6782367,-1.2824122]],[[-48.6782367,-1.2824122],[-48.6515988,-1.2320302],[-48.607519,-1.1721088],[-48.5244826,-1.0839254],[-48.4930724,-1.038426]],[[-48.4930724,-1.038426],[-48.4742056,-1.0238357],[-48.4459871,-0.9945215],[-48.4392958,-0.9824776]],[[-48.4392958,-0.9824776],[-48.4194801,-0.9236652],[-48.4095658,-0.9057518]],[[-48.4095658,-0.9057518],[-48.4747161,-0.8739021],[-48.4916355,-0.848433],[-48.5060619,-0.810438],[-48.5121803,-0.7596886],[-48.4880288,-0.7339583],[-48.4791786,-0.6606637],[-48.4705945,-0.6140523],[-48.4747369,-0.589978],[-48.4737255,-0.526714],[-48.4546878,-0.4645597],[-48.4513148,-0.4339314],[-48.4411059,-0.4122095],[-48.3882519,-0.3526907],[-48.3746329,-0.30307],[-48.3783942,-0.2823438],[-48.3944992,-0.2574512],[-48.4288067,-0.2271669],[-48.4858922,-0.2319833],[-48.5051168,-0.2425761],[-48.6335677,-0.2315883],[-48.6522864,-0.240736],[-48.6948616,-0.2448095],[-48.7119713,-0.2518484],[-48.7437274,-0.2499224],[-48.7763687,-0.2373],[-48.8100784,-0.2147657],[-48.8347118,-0.2226507],[-48.9028777,-0.2225098],[-48.9183905,-0.2295529],[-48.9470183,-0.2222134],[-48.9640039,-0.2039872],[-48.9972673,-0.1862099],[-49.0126204,-0.1598834],[-49.0394245,-0.1693389],[-49.0643202,-0.1612274],[-49.087956,-0.1667849],[-49.113368,-0.1606274],[-49.1367384,-0.1682408],[-49.1642678,-0.1458558],[-49.1961676,-0.1313531],[-49.2128923,-0.1486866],[-49.246034,-0.1612027],[-49.3168825,-0.157256],[-49.3345562,-0.1605218],[-49.3787478,-0.1910237],[-49.3941761,-0.1909461],[-49.4221892,-0.1684469],[-49.4386111,-0.1264927],[-49.4316564,-0.0881999],[-49.4167957,-0.0674722],[-49.3890917,-0.0587664],[-49.3762753,-0.0373644],[-49.3574527,-0.0239332],[-49.3583383,0.0079365],[-49.3749153,0.0443993],[-49.397009,0.0621591],[-49.4356035,0.0737972],[-49.4789561,0.0810633],[-49.531741,0.0811588],[-49.5769481,0.0907358],[-49.617506,0.0743585],[-49.6322276,0.0748934],[-49.6656591,0.096562],[-49.689516,0.1267588],[-49.6995784,0.1505051],[-49.6927197,0.1780972],[-49.6716237,0.1993945],[-49.6444491,0.2166634],[-49.63329,0.2413523],[-49.583738,0.2725382],[-49.5291541,0.2917297],[-49.4950295,0.3186274],[-49.4886799,0.3392839],[-49.5031751,0.3716787],[-49.5286282,0.3880813],[-49.5477582,0.3901311],[-49.5819234,0.418674],[-49.618127,0.3920543],[-49.6569138,0.393877],[-49.731086,0.3752833],[-49.7777692,0.3413052],[-49.8077867,0.3320504],[-49.8282806,0.3554297],[-49.8892148,0.3225009],[-49.9384746,0.3652911],[-49.9805094,0.360503],[-49.9929089,0.3384154],[-50.0513843,0.3367464],[-50.0984446,0.3444633],[-50.1316929,0.3306634],[-50.1678189,0.3402908],[-50.1776349,0.3755814],[-50.1727376,0.397643],[-50.12005,0.4300057],[-50.0774344,0.4634433],[-50.0555191,0.5071179],[-50.036413,0.5341784],[-50.027856,0.5678313],[-50.037307,0.6018789],[-50.0726399,0.635792],[-50.1043542,0.63955],[-50.1334898,0.6196196],[-50.1791355,0.6347323],[-50.21351,0.6559749],[-50.2227339,0.6780527],[-50.2260857,0.6962372],[-50.2937677,0.6832809]],[[-50.2937677,0.6832809],[-50.3472365,0.6668437],[-50.3978871,0.6325752],[-50.4365469,0.600107],[-50.4672645,0.5309222],[-50.4762092,0.4814998],[-50.5039997,0.4350876],[-50.5238924,0.3723908],[-50.556148,0.3067173],[-50.5963071,0.2503658],[-50.623601,0.2317763],[-50.6681975,0.1850345],[-50.7435088,0.1304852],[-50.8035185,0.1063234],[-50.9210933,0.0761336],[-50.9462399,0.0627093],[-50.985116,0.0294201],[-50.9969123,0.0034511],[-51.0173382,-0.0107236],[-51.0656742,-0.0762263],[-51.1132027,-0.0966079],[-51.1748986,-0.1045348],[-51.2163629,-0.1186128],[-51.3024816,-0.2526427],[-51.3230321,-0.2637693],[-51.3477828,-0.2996133],[-51.3683699,-0.3762575],[-51.4236695,-0.4366112],[-51.4324792,-0.4733425],[-51.4577885,-0.513234],[-51.4867025,-0.5456097],[-51.5151162,-0.5660446],[-51.5955362,-0.6504378],[-51.6340104,-0.7105308],[-51.6834486,-0.7940294],[-51.6955135,-0.9212915],[-51.6856469,-1.0128623]],[[-48.8781504,-0.1815306],[-48.8796787,-0.1572364],[-48.9156335,-0.1512864],[-48.932707,-0.1627938],[-48.945854,-0.1980814],[-48.9245512,-0.2139814],[-48.9018909,-0.2032216],[-48.881319,-0.2033437],[-48.8781504,-0.1815306]],[[-49.6262966,0.1901275],[-49.6606827,0.1872599],[-49.6774531,0.1557239],[-49.6534572,0.1450355],[-49.6154018,0.1528203],[-49.6023642,0.1694676],[-49.6262966,0.1901275]],[[-49.6180802,0.1992406],[-49.5763181,0.2197068],[-49.5578184,0.2438638],[-49.5740745,0.2493265],[-49.6021381,0.2427679],[-49.6318823,0.2102698],[-49.6180802,0.1992406]],[[-49.4502771,0.1171798],[-49.4769071,0.1482064],[-49.5052118,0.1294811],[-49.5023673,0.1173847],[-49.4502771,0.1171798]],[[-48.4392958,-0.9824776],[-48.4504341,-1.0001295],[-48.4694837,-1.0194267],[-48.4930724,-1.038426]],[[-48.6782367,-1.2824122],[-48.7022969,-1.3223659],[-48.7289515,-1.3755799],[-48.7606569,-1.4525419]],[[-48.8276801,-1.5163681],[-48.8374083,-1.5214442]],[[-48.8374083,-1.5214442],[-48.835488,-1.5468219],[-48.8328242,-1.5598402],[-48.8128869,-1.6020111],[-48.8034825,-1.6082717],[-48.7656338,-1.6015976],[-48.7373735,-1.6206551],[-48.7104134,-1.6599935],[-48.702124,-1.6806665],[-48.6602943,-1.6923112],[-48.5304107,-1.6993218],[-48.5161846,-1.6735261],[-48.4898807,-1.6766578],[-48.4716838,-1.6631384],[-48.4390443,-1.6530995],[-48.4767126,-1.5820084],[-48.507903,-1.5305327],[-48.4924585,-1.5048549],[-48.4723508,-1.5211319],[-48.435373,-1.5101717],[-48.4103749,-1.5094423],[-48.3728782,-1.4899567],[-48.3549897,-1.4706785],[-48.3237044,-1.4667618],[-48.2930171,-1.4705396],[-48.2998464,-1.494756],[-48.2883433,-1.5289419],[-48.2755694,-1.5413348],[-48.2912346,-1.5696518],[-48.2685464,-1.5823701],[-48.2509642,-1.6196285],[-48.2311523,-1.6311803],[-48.2365416,-1.6568136],[-48.2278214,-1.6942036],[-48.2007363,-1.6938158],[-48.1784824,-1.7303344],[-48.1763985,-1.7702942],[-48.1598503,-1.7793008],[-48.1365945,-1.7729395],[-48.1218409,-1.7830502],[-48.1091264,-1.8181392],[-48.0822321,-1.8327754],[-48.0801514,-1.8122132],[-48.0525689,-1.7938947],[-48.0434304,-1.7740124],[-48.0069687,-1.7653218],[-47.9795838,-1.7149134],[-47.9613711,-1.7060521],[-47.9563948,-1.6712575],[-47.9351614,-1.6726667],[-47.9007416,-1.6648979],[-47.8862534,-1.6834507],[-47.8899631,-1.7156086],[-47.8700353,-1.7236681],[-47.8696267,-1.6998921],[-47.8812648,-1.6825482],[-47.8808876,-1.661938],[-47.8577026,-1.6292657],[-47.872038,-1.5958925],[-47.891533,-1.5759643],[-47.917316,-1.5671325],[-47.9495665,-1.5701316],[-47.7600106,-1.4525895],[-47.7479278,-1.481009],[-47.7298187,-1.4848683],[-47.7104231,-1.4761665],[-47.6971489,-1.4830954],[-47.6670118,-1.4701271],[-47.6623127,-1.4342115],[-47.6428983,-1.4064296],[-47.6384356,-1.374769],[-47.7787362,-1.3051801],[-47.8069293,-1.3025624],[-47.8454789,-1.2866393],[-47.8420971,-1.265798],[-47.8080684,-1.2079119],[-47.8352664,-1.1597326],[-47.8383348,-1.1304815],[-47.8101261,-1.0806237],[-47.8109838,-1.0635748],[-47.8714275,-1.0602596],[-47.8760234,-1.0528636],[-47.9373478,-1.0381901],[-47.9749284,-1.0623209],[-47.9917045,-1.1029109],[-48.021485,-1.1338065],[-48.1115421,-1.0154478],[-48.1278765,-1.0329643],[-48.1767647,-1.0260169],[-48.2197581,-1.0098614],[-48.2745171,-1.0206864],[-48.307179,-1.0190707],[-48.4392958,-0.9824776]],[[-46.305622,-0.997831],[-46.3141202,-0.9634607],[-46.3066008,-0.9432538],[-46.3221321,-0.9364081],[-46.3399791,-0.9598486],[-46.3316234,-0.9860782],[-46.305622,-0.997831]],[[-46.4155113,-0.9767713],[-46.4016062,-0.9498757],[-46.4164573,-0.9431167],[-46.431733,-0.9711891],[-46.4155113,-0.9767713]],[[-46.1041135,-1.2019666],[-46.0871042,-1.1576819],[-46.0871388,-1.1344187],[-46.061815,-1.0971945],[-46.088227,-1.0488363],[-46.0770887,-1.0240667],[-46.0945521,-1.0206273],[-46.1412924,-1.05816],[-46.1527736,-1.0886705],[-46.1717354,-1.0848535],[-46.1506536,-1.051042],[-46.1605034,-1.0051743],[-46.1754358,-0.9998522],[-46.1867471,-1.0333892],[-46.1904802,-1.0761929],[-46.2188881,-1.0996539],[-46.2395562,-1.0982463],[-46.2047896,-1.0584145],[-46.2154454,-1.0263182],[-46.2177301,-0.9920865],[-46.1927532,-0.9561838],[-46.1758755,-0.9454293],[-46.1802434,-0.912237],[-46.2040482,-0.8849127],[-46.2648307,-0.9134146],[-46.2712494,-0.9342625],[-46.2676913,-0.9651558],[-46.2892861,-0.9830453],[-46.2877317,-0.9994154],[-46.3213602,-1.0246632],[-46.3477572,-1.006757],[-46.3901096,-1.0199488],[-46.3989375,-0.9965315],[-46.4158867,-1.0009574],[-46.4275809,-1.0234964],[-46.4662492,-1.0264336],[-46.4648314,-0.9980531],[-46.4785215,-0.9655577],[-46.4653608,-0.9517054],[-46.4683787,-0.9295292],[-46.4598459,-0.9034518],[-46.4459789,-0.910891],[-46.4102555,-0.8876399],[-46.4261082,-0.8657539],[-46.4619122,-0.8719415],[-46.4796365,-0.8832979],[-46.4979803,-0.8727207],[-46.5150786,-0.9296538],[-46.5327974,-0.9190585],[-46.5564755,-0.9177489],[-46.5774852,-0.9815032],[-46.601961,-0.9569416],[-46.62564,-0.960549],[-46.6420417,-0.9488571],[-46.624984,-0.9211857],[-46.6364811,-0.9069923],[-46.6158625,-0.8590454],[-46.5961262,-0.8419423],[-46.6189755,-0.8054803],[-46.6435376,-0.7929867],[-46.6688935,-0.7915298],[-46.679108,-0.8454147],[-46.6921945,-0.833858],[-46.7152694,-0.842461],[-46.7181381,-0.8645288],[-46.7354436,-0.8622322],[-46.739773,-0.8207577],[-46.7644026,-0.8040013],[-46.7661509,-0.8395931],[-46.7863313,-0.8510187],[-46.7885202,-0.8687406],[-46.8063625,-0.8704949],[-46.8072566,-0.8344781],[-46.8276364,-0.8422191],[-46.8335204,-0.8263796],[-46.8243366,-0.7912143],[-46.8360207,-0.7467125],[-46.8608736,-0.7410597],[-46.8836674,-0.7671805],[-46.883672,-0.8076491],[-46.912821,-0.8211231],[-46.9161311,-0.852419],[-46.9294588,-0.8659116],[-46.9450229,-0.8255218],[-46.9422472,-0.8074709],[-46.9702914,-0.7674795],[-46.9461513,-0.7309943],[-46.9581177,-0.7107458],[-46.974978,-0.7041001],[-46.989143,-0.7184881],[-47.0026589,-0.7607985],[-47.0314339,-0.7679175],[-47.0374202,-0.7940059],[-47.063378,-0.7922874],[-47.0819055,-0.7645206],[-47.0909027,-0.7184058],[-47.074252,-0.7019957],[-47.0920322,-0.6741364],[-47.1211877,-0.6762125],[-47.140301,-0.6984657],[-47.1372425,-0.7325483],[-47.173825,-0.7603018],[-47.177909,-0.7367612],[-47.1669292,-0.7298787],[-47.1676021,-0.694762],[-47.1769888,-0.6731962],[-47.2035718,-0.6981747],[-47.2049024,-0.6497306],[-47.2183704,-0.6325563],[-47.2619621,-0.6242868],[-47.2827765,-0.6380016],[-47.2873359,-0.6013099],[-47.322479,-0.5914541],[-47.354914,-0.6024773],[-47.3842549,-0.6024933],[-47.3860012,-0.6303845],[-47.395899,-0.6539644],[-47.4308354,-0.6407959],[-47.4111143,-0.6027782],[-47.4217333,-0.5846346],[-47.4720045,-0.5939981],[-47.4849043,-0.6194248],[-47.472342,-0.6310473],[-47.4790063,-0.6571544],[-47.4699879,-0.6937537],[-47.473545,-0.7353311],[-47.4958764,-0.7217403],[-47.5010207,-0.6911149],[-47.5164678,-0.6701868],[-47.521484,-0.6476954],[-47.5405381,-0.6390999],[-47.5325994,-0.6139736],[-47.5642764,-0.5815948],[-47.5887499,-0.5756615],[-47.591519,-0.594138],[-47.5868177,-0.6390544],[-47.6104066,-0.6853452],[-47.6291248,-0.7072738],[-47.6371343,-0.6361046],[-47.6320147,-0.6037681],[-47.6495033,-0.5833682],[-47.6699627,-0.5751776],[-47.7021299,-0.5934134],[-47.6900292,-0.5558379],[-47.7027401,-0.535082],[-47.7451821,-0.5382244],[-47.7407692,-0.5636698],[-47.7708552,-0.5658822],[-47.7561919,-0.6063147],[-47.772848,-0.6054593],[-47.79159,-0.5860891],[-47.8142727,-0.5764182],[-47.830646,-0.6105249],[-47.8205928,-0.6364821],[-47.8369537,-0.6808931],[-47.8507535,-0.6693779],[-47.8554744,-0.6394008],[-47.8459009,-0.6251847],[-47.8587456,-0.5703664],[-47.8678139,-0.5620488],[-47.9032211,-0.5590043],[-47.9106469,-0.6034915],[-47.921104,-0.6256315],[-47.9544362,-0.6318625],[-47.964621,-0.6420758],[-47.9652235,-0.6737017],[-47.9912195,-0.694686],[-48.0196956,-0.6865582],[-48.0251058,-0.669106],[-48.0523861,-0.659928],[-48.1339196,-0.7453009],[-48.1584045,-0.7742128],[-48.1667349,-0.8097239],[-48.1777984,-0.8210127],[-48.2032581,-0.8192653],[-48.2294917,-0.8278161],[-48.2514534,-0.877899],[-48.2684634,-0.9029275],[-48.2937708,-0.9196765],[-48.3658013,-0.9189255],[-48.4095658,-0.9057518]],[[-48.8374083,-1.5214442],[-48.8418518,-1.5238237]],[[-49.9085802,-3.3256747],[-49.9029954,-3.3677414],[-49.8344704,-3.4041088],[-49.8394144,-3.4364132],[-49.8240799,-3.4548829],[-49.8161645,-3.4682779],[-49.8034429,-3.4897323],[-49.8032433,-3.5003939],[-49.8191395,-3.515862],[-49.8059131,-3.5330844],[-49.8473046,-3.5756478],[-49.87,-3.5763908],[-49.8984956,-3.5906445],[-49.929077,-3.6174932],[-49.9364983,-3.6506622]],[[-49.9364983,-3.6506622],[-49.9599734,-3.6570188],[-49.9655268,-3.6609508]],[[-49.9655268,-3.6609508],[-49.9567798,-3.6664159],[-49.9504458,-3.6737113],[-49.9094962,-3.6602997],[-49.8724703,-3.6650097],[-49.8581375,-3.643755],[-49.8074158,-3.6260399],[-49.7692641,-3.6201014],[-49.7426601,-3.5928704],[-49.7266629,-3.5998013],[-49.674499,-3.5857244],[-49.6623498,-3.5361074],[-49.6185524,-3.5136212],[-49.5976077,-3.5131132],[-49.6129115,-3.4462649],[-49.60091,-3.4159833]],[[-49.60091,-3.4159833],[-49.5965233,-3.4151075],[-49.0008787,-3.4121192]],[[-49.0008787,-3.4121192],[-48.92561,-3.4129403],[-48.9277322,-3.4330324],[-48.9740433,-3.457252],[-49.0248005,-3.5111706],[-49.030355,-3.5358489],[-48.9660488,-3.5472149],[-48.9529144,-3.5632424],[-48.9176681,-3.566822],[-48.8955476,-3.5750398],[-48.879241,-3.5609289],[-48.8612985,-3.5699642],[-48.8404907,-3.5210465],[-48.8368262,-3.4686011],[-48.8504348,-3.4635961],[-48.8473265,-3.4575725],[-48.8179369,-3.4687338],[-48.7609321,-3.3952265],[-48.7193955,-3.3849364],[-48.6965714,-3.3596316],[-48.6997337,-3.3350447],[-48.6532976,-3.3548451],[-48.6330694,-3.3234808],[-48.6256236,-3.3077935],[-48.6088348,-3.3147496],[-48.5587705,-3.3028523],[-48.5697035,-3.2870866],[-48.5442095,-3.2781324],[-48.5237471,-3.282286],[-48.5028467,-3.2597024],[-48.474229,-3.2758269],[-48.4450128,-3.2735358],[-48.4206533,-3.2609319],[-48.4086799,-3.2798917],[-48.3946551,-3.2617424],[-48.3753166,-3.2524347],[-48.3649628,-3.2256977],[-48.3528203,-3.2303148],[-48.3157919,-3.2243292],[-48.3224366,-3.2414288],[-48.3046762,-3.2505459],[-48.2889609,-3.222338],[-48.2746366,-3.227061],[-48.2591571,-3.2092986],[-48.2229565,-3.2228092],[-48.2041592,-3.2041669],[-48.1962346,-3.2227023],[-48.1581853,-3.2209556],[-48.1375915,-3.1890606],[-48.1121796,-3.2089037],[-48.0901276,-3.1804496],[-48.0991502,-3.1537732],[-48.0834002,-3.1378887],[-48.0690462,-3.1416655],[-48.0556834,-3.1052912],[-48.0393978,-3.0978167],[-48.0246782,-3.1140319],[-48.001321,-3.1126672],[-47.9865392,-3.0697704],[-47.9534571,-3.0852972],[-47.917773,-3.0706571],[-47.9207139,-3.0371802],[-47.8731026,-2.9984007],[-47.8533073,-3.0097092],[-47.7987525,-2.9789105],[-47.791011,-2.958701],[-47.8162835,-2.9368858],[-47.7860947,-2.9125493],[-47.7968461,-2.886094],[-47.8002662,-2.8437077],[-47.8413188,-2.858577],[-47.8625158,-2.8284311],[-47.8514285,-2.8146342],[-47.8545647,-2.7722378],[-47.8800148,-2.7791163],[-47.8902203,-2.7672049],[-47.8832886,-2.7474269],[-47.9071596,-2.7376255],[-47.8889244,-2.7091811],[-47.8795975,-2.6625631],[-47.8646802,-2.6458091],[-47.8714025,-2.6117897],[-47.8280936,-2.6221795],[-47.8305858,-2.5902862],[-47.7799547,-2.5824061],[-47.7776348,-2.5564683],[-47.7529965,-2.5205993],[-47.7136255,-2.5664432],[-47.6753614,-2.6725525],[-47.6851461,-2.7336862],[-47.6639514,-2.7448893],[-47.6375322,-2.7778294],[-47.6308711,-2.7972182],[-47.5747016,-2.832123],[-47.5659853,-2.8436164],[-47.5388978,-2.8508862],[-47.5001721,-2.87164],[-47.464889,-2.8756046],[-47.424284,-2.8868168],[-47.4112868,-2.8964166],[-47.3897575,-2.8878127],[-47.05728,-2.6188386],[-47.0461125,-2.5809791],[-47.0510052,-2.554317],[-47.0271677,-2.4971087],[-46.9753943,-2.4752036],[-46.9092526,-2.4222738],[-46.860007,-2.4172122],[-46.8392295,-2.4236096],[-46.8117844,-2.4141069],[-46.7746164,-2.410546],[-46.7310575,-2.4166206],[-46.7113096,-2.4323951],[-46.691642,-2.4348725],[-46.6289522,-2.4727792],[-46.5711139,-2.4960533],[-46.5311158,-2.4980863],[-46.5215032,-2.5076193],[-46.4946975,-2.4950291],[-46.4642547,-2.4709153],[-46.4448639,-2.4640098],[-46.4400309,-2.4693894],[-46.4358496,-2.4709154]],[[-46.4358496,-2.4709154],[-46.4324291,-2.4654966]],[[-46.4324291,-2.4654966],[-46.4388791,-2.44138]],[[-46.4388791,-2.44138],[-46.4420553,-2.4248789],[-46.4412734,-2.4157008],[-46.4274939,-2.4016892]],[[-46.4274939,-2.4016892],[-46.4127859,-2.3791338],[-46.4318916,-2.3644873],[-46.4562746,-2.38675],[-46.4642883,-2.3633644],[-46.4316473,-2.3348031],[-46.4324291,-2.2971111],[-46.4163041,-2.2738216],[-46.4305234,-2.2352003],[-46.4106359,-2.2287552],[-46.3911392,-2.2501412],[-46.3509244,-2.2240678],[-46.3355811,-2.1940389],[-46.2832969,-2.1543901],[-46.3002038,-2.1459426],[-46.2730844,-2.1201116],[-46.269273,-2.0906667],[-46.2775799,-2.0793378],[-46.2745992,-2.0546288],[-46.2604287,-2.0460831],[-46.2514378,-2.0006193],[-46.2364854,-1.9664352],[-46.2227059,-1.9102252],[-46.228765,-1.8884928],[-46.2435218,-1.8786276],[-46.2152786,-1.8459062],[-46.2125422,-1.8274452],[-46.2303286,-1.8031233],[-46.2536366,-1.7958462],[-46.31413,-1.804271],[-46.3244891,-1.772696],[-46.3118822,-1.7332325],[-46.2915549,-1.7268831],[-46.2658526,-1.7328418],[-46.2475775,-1.7209245],[-46.2251002,-1.7316696],[-46.2112229,-1.7271762],[-46.2048706,-1.7175055],[-46.1928501,-1.7076395],[-46.1712523,-1.6983595],[-46.1553227,-1.6754034],[-46.1658773,-1.634375],[-46.1336272,-1.5818183],[-46.1362659,-1.5697047],[-46.1440841,-1.5178302],[-46.1761387,-1.4773849],[-46.1435954,-1.449737],[-46.1534659,-1.4256059],[-46.1417386,-1.4121236],[-46.1302068,-1.3768544],[-46.1145704,-1.351941],[-46.1333341,-1.3097341],[-46.1502409,-1.3061191],[-46.1615773,-1.2818889],[-46.1400773,-1.2476926],[-46.1508273,-1.2326461],[-46.1330409,-1.2103693],[-46.1041135,-1.2019666]],[[-58.033639,-5.9781378],[-58.2625526,-6.4689221],[-58.2667229,-6.4755605]],[[-58.1809958,-7.1817367],[-58.16975,-7.2222376],[-58.1678046,-7.239248],[-58.1748107,-7.2714285]],[[-58.1700099,-7.3132232],[-58.1370556,-7.3561228]],[[-58.1370556,-7.3561228],[-58.1384405,-7.3490342]],[[-58.1384405,-7.3490342],[-58.118602,-7.3530631],[-58.0613616,-7.3951912],[-58.0398352,-7.446345],[-58.002168,-7.4881303],[-57.972582,-7.5345881],[-57.9520562,-7.5801442],[-57.9343873,-7.6567724],[-57.909393,-7.6610528]],[[-57.909393,-7.6610528],[-57.8989504,-7.6718905],[-57.8890582,-7.7121851],[-57.8829998,-7.7467218]],[[-57.8829998,-7.7467218],[-57.8796423,-7.7819074],[-57.8684113,-7.8127219],[-57.840971,-7.8614777],[-57.8331651,-7.8948624],[-57.8327106,-7.9534917],[-57.828833,-7.9728959],[-57.8039975,-8.0034251],[-57.7765286,-8.0521753],[-57.7284399,-8.0942158],[-57.7198593,-8.146605],[-57.7046383,-8.1680236],[-57.6772464,-8.1713961],[-57.6581904,-8.186488],[-57.6416689,-8.2198815],[-57.6439678,-8.2310878]],[[-57.6439678,-8.2310878],[-57.6620791,-8.264982],[-57.6642205,-8.2776593],[-57.6648349,-8.2948832]],[[-57.6648349,-8.2948832],[-57.6779435,-8.3121364],[-57.6798648,-8.318984],[-57.6790555,-8.3335028],[-57.6678008,-8.3639381]],[[-57.6678008,-8.3639381],[-57.6865577,-8.4070078],[-57.6815844,-8.4331259],[-57.6539947,-8.4650723],[-57.6590545,-8.5003866],[-57.633422,-8.5268109],[-57.6505026,-8.5533713],[-57.6447781,-8.5819802],[-57.6222457,-8.5911884],[-57.6205597,-8.6477445],[-57.6053024,-8.6628336],[-57.5936149,-8.7074193],[-57.6010539,-8.741228],[-57.5929389,-8.756477],[-57.5623651,-8.7612518],[-57.5230025,-8.7497337],[-57.4524982,-8.7866128],[-57.4275794,-8.7832392],[-57.4175043,-8.7926085],[-57.413276,-8.8261891],[-57.4162157,-8.8589951],[-57.3843829,-8.8795574],[-57.3178883,-8.8857123],[-57.3060316,-8.9099045],[-57.2861971,-8.9154972],[-57.2401898,-8.9064918],[-57.1950043,-8.9275137],[-57.1382742,-8.9946121],[-57.0946052,-9.0171114],[-57.0900292,-9.0382179],[-57.0596053,-9.0642778],[-57.063247,-9.0785757],[-57.0392416,-9.09829],[-57.0414961,-9.1150928],[-57.0604425,-9.1371304],[-57.0524179,-9.1584616],[-57.0601323,-9.1819673],[-57.0393269,-9.1970326],[-57.0226379,-9.2197009],[-56.9955493,-9.2338426],[-56.9522491,-9.2230836],[-56.9381871,-9.2304317],[-56.8723618,-9.2391627],[-56.8603337,-9.2316457],[-56.8201088,-9.2463404],[-56.8034149,-9.2674537],[-56.785188,-9.3165637],[-56.7755214,-9.3295274],[-56.7723236,-9.3909593],[-56.7611087,-9.4049994],[-56.7542707,-9.4063641],[-56.7183325,-9.3838899],[-56.7083858,-9.3732067],[-56.6718827,-9.3673969],[-55.6041026,-9.4559371],[-54.6134541,-9.5358262],[-54.1066155,-9.5719207]],[[-54.1066155,-9.5719207],[-53.1333861,-9.6451782],[-53.1332474,-9.6351519]],[[-53.1332474,-9.6351519],[-53.1206915,-9.5968133],[-53.1241342,-9.5726124],[-53.1125277,-9.5524305],[-53.0567226,-9.5305053],[-53.0424989,-9.4772994],[-52.995078,-9.4752954],[-52.9730557,-9.4518707],[-52.9500232,-9.4586738],[-52.9299104,-9.4548246],[-52.9396094,-9.4214239],[-52.9216353,-9.3836157],[-52.944226,-9.3295035],[-52.9559117,-9.2860922],[-52.9658836,-9.2780214],[-52.9745566,-9.240591],[-52.9645209,-9.2245515],[-52.9921327,-9.1978334],[-53.0229914,-9.1566934],[-53.0416608,-9.1568879],[-53.0812742,-9.1434382],[-53.0848002,-9.1161263],[-53.0160844,-9.0644244],[-53.0382459,-9.0421891],[-53.052,-9.0028879],[-53.0416398,-8.9796167],[-53.0486861,-8.9455873],[-53.015937,-8.9199613],[-53.0041645,-8.8656144],[-52.9917742,-8.8355658],[-52.9990572,-8.8042581],[-53.0351867,-8.75178],[-53.0369366,-8.7286293],[-53.0062746,-8.7048285],[-52.9738025,-8.7128071],[-52.9319162,-8.7300397],[-52.9240829,-8.7047858],[-52.9493343,-8.684949],[-52.9334974,-8.658732],[-52.9481631,-8.6492813],[-52.9288829,-8.629636],[-52.8967174,-8.6276095],[-52.8992143,-8.5967357],[-52.8883257,-8.5832682],[-52.9146882,-8.5316499],[-52.9049376,-8.5204571],[-52.9206018,-8.4958013],[-52.9455493,-8.4866395],[-52.9483802,-8.4337389],[-52.9239725,-8.4329044],[-52.9165819,-8.4135561],[-52.9420494,-8.3907715],[-52.9399898,-8.3532822],[-52.9795503,-8.3378619],[-52.9906847,-8.3074945],[-53.0081093,-8.2953445],[-52.9729121,-8.2721797],[-52.9631068,-8.2364646],[-52.9296567,-8.2228399],[-52.9403053,-8.201333],[-52.9252703,-8.162625],[-52.9654407,-8.1215493],[-52.9561886,-8.0710673],[-52.9842444,-8.0335363],[-52.9699946,-8.0148222],[-53.0097758,-7.997813],[-53.0294351,-7.9612981],[-53.037552,-7.9304763],[-53.0670541,-7.9186276],[-53.0572162,-7.8937324],[-53.01561,-7.8748039],[-53.0298897,-7.8564293],[-53.0044116,-7.8440292],[-52.9921099,-7.8277421],[-52.9959125,-7.7967027],[-53.0346899,-7.7760089],[-53.0319159,-7.7517724],[-53.037298,-7.7214146],[-53.0581044,-7.6878342],[-53.0721606,-7.6801086],[-53.1001098,-7.6820748],[-53.1181584,-7.6453404],[-53.1129093,-7.6245162],[-53.1462209,-7.5981659],[-53.1466028,-7.5791323],[-53.1681104,-7.5539471],[-53.1383587,-7.5465381],[-53.1289952,-7.5250459],[-53.1130817,-7.5130806],[-53.0923534,-7.4775666],[-53.1242697,-7.4457881],[-53.1200747,-7.3955064],[-53.1475513,-7.3988427],[-53.1783548,-7.3804264],[-53.1653833,-7.3571301],[-53.2081378,-7.313771],[-53.2348873,-7.2985254],[-53.2814413,-7.2327312],[-53.2997973,-7.2308701],[-53.3151371,-7.2000325],[-53.2865203,-7.1758739],[-53.2560269,-7.1372253],[-53.2618545,-7.1048187],[-53.2808853,-7.102279],[-53.3118331,-7.0550993],[-53.3174382,-7.0274561],[-53.3009912,-6.9940816],[-53.2787942,-6.96564],[-53.2826122,-6.9369991],[-53.3116373,-6.9160751],[-53.2924671,-6.8830709],[-53.2888286,-6.8650345],[-53.2480075,-6.8314909],[-53.247252,-6.7868827],[-53.2740811,-6.7674919],[-53.3247732,-6.7503122],[-53.3441941,-6.7494164],[-53.3684969,-6.7232522],[-53.3949152,-6.7176253],[-53.4053549,-6.6943992],[-53.4240552,-6.6749884],[-53.4460799,-6.6865784],[-53.4685203,-6.6347168],[-53.4669097,-6.6102914],[-53.4400573,-6.559071],[-53.4072488,-6.5618273],[-53.3738615,-6.5940232],[-53.3423848,-6.55302],[-53.3419091,-6.5426682],[-53.3142731,-6.4995447],[-53.3242446,-6.4735038],[-53.3032492,-6.4569459],[-53.257411,-6.465055],[-53.2373526,-6.5004446],[-53.2145813,-6.4694582],[-53.1930459,-6.4764706],[-53.1817739,-6.4587101],[-53.213104,-6.4243901],[-53.1911582,-6.4005653],[-53.1943583,-6.3714814],[-53.2116,-6.3563712],[-53.2111039,-6.3378692],[-53.2341041,-6.3395872],[-53.2233613,-6.3123997],[-53.2291902,-6.293671],[-53.2602124,-6.2892691],[-53.2671575,-6.2543192],[-53.2861624,-6.2343355],[-53.2876857,-6.2096865],[-53.3069351,-6.1656757],[-53.3405766,-6.1757921],[-53.3513794,-6.1718811],[-53.3408845,-6.1319167],[-53.3544102,-6.1167804],[-53.3729126,-6.1150987],[-53.3827449,-6.0816269],[-53.3689698,-6.0579558],[-53.3451333,-6.0478176],[-53.3227979,-6.0521846],[-53.3150508,-6.0366235],[-53.2858565,-6.0288803],[-53.2763823,-6.0129431],[-53.2792432,-5.9817672],[-53.2453857,-5.9659363],[-53.241858,-5.950052],[-53.2183049,-5.9428489],[-53.202415,-5.9586142],[-53.1490789,-5.9377556],[-53.1279954,-5.9008651],[-53.0941571,-5.8719483],[-53.0591331,-5.8860532],[-53.0295158,-5.8745623],[-53.0195103,-5.8569493],[-52.9758564,-5.8450813],[-52.952241,-5.798608],[-52.9318591,-5.7912086],[-52.927686,-5.7676573],[-52.9393767,-5.7440264],[-52.8962142,-5.7056617],[-52.8759989,-5.6980705],[-52.8514095,-5.7100592],[-52.8321588,-5.6899387],[-52.8022709,-5.715671],[-52.7715181,-5.72227],[-52.753188,-5.7114015],[-52.742658,-5.6840089],[-52.7025232,-5.6676454],[-52.6902417,-5.6537143],[-52.6992373,-5.6231215],[-52.6842719,-5.5871483],[-52.6855179,-5.52505],[-52.6918554,-5.5162757],[-52.6726862,-5.4758657],[-52.6614637,-5.4131144],[-52.6459898,-5.4005382],[-52.6422103,-5.3556523],[-52.6551836,-5.3345253],[-52.6580428,-5.2977802],[-52.6122458,-5.2430721],[-52.5507946,-5.2288112],[-52.5304046,-5.2299833],[-52.4943508,-5.2181559],[-52.4500988,-5.1849956],[-52.4451534,-5.1671934],[-52.42638,-5.1539845],[-52.4104852,-5.1662759],[-52.4079876,-5.1836002],[-52.3747959,-5.2045613],[-52.3433806,-5.1793206],[-52.2953476,-5.1944149],[-52.2737116,-5.2260212],[-52.2840168,-5.2576342],[-52.2792696,-5.2748683],[-52.2586277,-5.2695413],[-52.2134883,-5.2911684],[-52.2017681,-5.3038373],[-52.1795669,-5.3001371],[-52.1482958,-5.3160981],[-52.1364616,-5.3335786],[-52.119514,-5.3141854],[-52.1052645,-5.2713883],[-52.078126,-5.2574039],[-52.0685178,-5.2430302],[-52.0760165,-5.2156485],[-52.0594612,-5.1871809],[-52.0510747,-5.1514007],[-50.9301963,-5.1505729],[-50.9117233,-5.1189672],[-50.8953128,-5.1126836],[-50.9019768,-5.0920544],[-50.8892584,-5.0774543],[-50.8842003,-5.0506738],[-50.8600311,-5.0003873],[-50.8686993,-4.9882911],[-50.8511977,-4.9558711],[-50.8552534,-4.9409916],[-50.8472019,-4.9124446],[-50.8597305,-4.8999696],[-50.8584492,-4.8688548],[-50.9122822,-4.8646978],[-50.9206757,-4.8168819],[-50.93406,-4.7910968],[-50.9065664,-4.7287979],[-50.9235668,-4.7121216],[-50.932115,-4.6864294],[-50.9063989,-4.6746675],[-50.9172862,-4.6563923],[-50.920113,-4.6259803],[-50.8946178,-4.5819456],[-50.9048661,-4.56243],[-50.8987266,-4.5443228],[-50.9067252,-4.4958801],[-50.9031755,-4.4705104],[-50.8858116,-4.4661902],[-50.8797813,-4.447527],[-50.8965587,-4.4301861],[-50.9004541,-4.4123419],[-50.9180316,-4.4059214],[-50.9299794,-4.388099],[-50.9543403,-4.3727186],[-50.9738412,-4.3849817],[-50.9784824,-4.3617275],[-50.9961469,-4.3466789],[-50.9852594,-4.3322025],[-50.9821447,-4.2902865],[-50.9903372,-4.2636942],[-50.9385076,-4.2703165],[-50.8825368,-4.2889945],[-50.818417,-4.294947],[-50.8012771,-4.2768919],[-50.761638,-4.2501237],[-50.7156967,-4.242091],[-50.6732863,-4.2087306],[-50.7938614,-4.0004259],[-50.881448,-3.8535677],[-50.1085,-4.0779777],[-50.1135588,-4.055979],[-50.1072726,-4.0315311],[-50.1308045,-4.0273585],[-50.1234722,-3.9878647],[-50.0878081,-3.9580927],[-50.0710036,-3.9605944],[-50.0557798,-3.9219585],[-50.0178082,-3.9049885],[-50.0056698,-3.8844143],[-50.0126929,-3.8594047],[-49.9826647,-3.8480039],[-49.9673621,-3.8244923],[-49.9723037,-3.7721996],[-49.9779683,-3.7563017],[-49.9980018,-3.7137669],[-49.9898909,-3.692005],[-49.9683057,-3.6835719],[-49.968664,-3.6641232]],[[-49.968664,-3.6641232],[-49.9629465,-3.6586569],[-49.9434158,-3.6516858],[-49.9364983,-3.6506622]],[[-51.8575374,-2.5691916],[-51.854453,-2.5524757]],[[-56.7678915,-3.2428893],[-56.887239,-3.4990467]],[[-56.887239,-3.4990467],[-57.0004891,-3.7591296]],[[-53.1332474,-9.6351519],[-53.1333882,-9.6453296],[-52.0003209,-9.7258355],[-51.3042873,-9.77286]],[[-51.3042873,-9.77286],[-50.8428938,-9.8008231],[-50.2248064,-9.8411535]],[[-50.2248064,-9.8411535],[-50.2161729,-9.8318399],[-50.1978964,-9.7588349],[-50.1510053,-9.6956082],[-50.1400573,-9.6545043],[-50.1377529,-9.6248242],[-50.1073697,-9.5942802],[-50.1073321,-9.5725075],[-50.0895623,-9.5456929],[-50.1053376,-9.4754105],[-50.0901168,-9.4315957],[-50.0655334,-9.4008017],[-50.0528335,-9.372673],[-50.055468,-9.3346989],[-50.0377849,-9.2894054],[-50.0050057,-9.2687597],[-49.9969316,-9.2376524],[-49.9661483,-9.2308641],[-49.943475,-9.2008857],[-49.9054199,-9.1697448],[-49.8968794,-9.1436736],[-49.8516138,-9.0654349],[-49.8425897,-9.0273259],[-49.7936636,-8.9794338],[-49.7676841,-8.9336881],[-49.7450881,-8.9061636],[-49.7334988,-8.9027029],[-49.6843583,-8.8564749],[-49.5924113,-8.8394912],[-49.5620082,-8.7969918],[-49.5434457,-8.761395],[-49.4876063,-8.6885047],[-49.4540257,-8.6153915],[-49.4098882,-8.5800019],[-49.4005772,-8.5587983],[-49.3914974,-8.4897785],[-49.3770137,-8.4552851],[-49.3494094,-8.4183765],[-49.2991332,-8.3953662],[-49.2833241,-8.3795572],[-49.2674375,-8.3341894],[-49.2486603,-8.2553764],[-49.215854,-8.1942117],[-49.2038625,-8.1400069],[-49.2073277,-8.1225007],[-49.193163,-8.0764651],[-49.1767186,-8.0615113],[-49.1737507,-8.0144182],[-49.1820284,-7.9769635],[-49.1696421,-7.9547897],[-49.1627769,-7.9005312],[-49.1677757,-7.8543473],[-49.164913,-7.8328703],[-49.1500554,-7.8121134],[-49.1607401,-7.791369],[-49.1856373,-7.7836514],[-49.2211632,-7.7615992],[-49.2399968,-7.7407245],[-49.2965276,-7.6964425],[-49.328079,-7.677795],[-49.3401424,-7.6604679],[-49.3815774,-7.5691029],[-49.384052,-7.5434922],[-49.3779974,-7.4964458],[-49.2694453,-7.3728486],[-49.231475,-7.3257861],[-49.2067867,-7.2707293],[-49.1852842,-7.2351718],[-49.1831997,-7.2145997],[-49.193796,-7.1298147],[-49.1913048,-7.0749287],[-49.1952789,-7.0262647],[-49.2174451,-6.9614693],[-49.2095281,-6.9254206],[-49.1719412,-6.8929351],[-49.1504653,-6.8888509],[-49.1152709,-6.8699495],[-49.1030511,-6.8571659],[-49.0437712,-6.8157714],[-49.0188835,-6.7842105],[-48.9637126,-6.7794597],[-48.913853,-6.7573695],[-48.8511291,-6.7486772],[-48.8258553,-6.7546541],[-48.7690982,-6.7307016],[-48.7444027,-6.6985804],[-48.7291282,-6.689262],[-48.686602,-6.6798136],[-48.6552834,-6.6505407],[-48.6539295,-6.6015438],[-48.6643572,-6.5705715],[-48.6462681,-6.5088892],[-48.607185,-6.4480111],[-48.5405762,-6.4008421],[-48.5112392,-6.3569323],[-48.5002152,-6.3509276],[-48.447707,-6.3511789],[-48.4243737,-6.3570057],[-48.3826793,-6.3796079],[-48.3752974,-6.3467488],[-48.3848765,-6.324503],[-48.4171226,-6.2985866],[-48.4127108,-6.2813296],[-48.436132,-6.2013716],[-48.4349388,-6.1831683],[-48.4082705,-6.1534022],[-48.3654883,-6.1473739],[-48.3245162,-6.1327193],[-48.2880473,-6.0975637],[-48.2831587,-6.0815576],[-48.2984849,-6.0501309],[-48.3351601,-6.0357197],[-48.3347163,-6.0042748],[-48.321462,-5.9855016]],[[-48.321462,-5.9855016],[-48.2919557,-5.9685142],[-48.2374592,-5.9526392]],[[-48.2374592,-5.9526392],[-48.2316293,-5.9461389],[-48.2301253,-5.9225184],[-48.2456023,-5.8962332],[-48.2703991,-5.871435],[-48.2919698,-5.8368374]],[[-48.2919698,-5.8368374],[-48.2997946,-5.7959706],[-48.2976365,-5.7651235]],[[-48.2976365,-5.7651235],[-48.2902384,-5.7435391],[-48.27571,-5.7265134],[-48.2200424,-5.7281621],[-48.1759831,-5.7122958],[-48.1709594,-5.7073508],[-48.1412274,-5.6543538],[-48.1322491,-5.6181301],[-48.138152,-5.6026901],[-48.1947353,-5.5630933],[-48.2786891,-5.5404233],[-48.300707,-5.5230066],[-48.328787,-5.4910438],[-48.341084,-5.4670646],[-48.3515976,-5.4278364],[-48.3734856,-5.4027369],[-48.3935104,-5.3942126],[-48.4645898,-5.4122918],[-48.5139025,-5.4298196],[-48.5575365,-5.416711],[-48.5967334,-5.4225444],[-48.6291243,-5.4100587],[-48.6504881,-5.3849182],[-48.7368801,-5.3739624],[-48.7551507,-5.3491654]],[[-48.7551507,-5.3491654],[-48.4922238,-5.1440965],[-48.4392993,-5.1006225],[-48.3155936,-5.0069924],[-48.0014333,-4.75886],[-47.816153,-4.6147285],[-47.7925691,-4.5864108],[-47.7540405,-4.5908236],[-47.7248128,-4.6064181],[-47.6821203,-4.6063812],[-47.6630242,-4.5972004],[-47.6079693,-4.548728],[-47.5814777,-4.5199355],[-47.5637242,-4.4745575],[-47.5376001,-4.4525953],[-47.5027881,-4.4037066],[-47.4881034,-4.3671672],[-47.4763146,-4.3564394],[-47.4795412,-4.3284996],[-47.470329,-4.3107146],[-47.4420493,-4.2874251],[-47.4010766,-4.2678237],[-47.3886386,-4.2498793],[-47.3717681,-4.2455858],[-47.3790018,-4.2205369],[-47.3654569,-4.2058179],[-47.3658287,-4.18064],[-47.3402351,-4.1770458],[-47.3497521,-4.1418742],[-47.3502036,-4.1178207],[-47.3252254,-4.0683642],[-47.3194243,-4.0477745],[-47.2931109,-4.0522709],[-47.2814241,-4.0334206],[-47.2546134,-4.0194826],[-47.2389286,-3.9986308],[-47.2199759,-3.9881725],[-47.1902562,-3.9837047],[-47.1731461,-3.9238234],[-47.1484961,-3.9144898],[-47.1469461,-3.8962017],[-47.128751,-3.8766426],[-47.1066248,-3.8809428],[-47.101859,-3.8613482],[-47.0852051,-3.85664],[-47.0835715,-3.8244046],[-47.0557157,-3.7735356],[-47.0652734,-3.759364],[-47.0532972,-3.7368551],[-47.0447389,-3.666533],[-47.052139,-3.6614632],[-47.0508765,-3.6533801],[-47.0469434,-3.6328733],[-47.0452682,-3.6254991],[-47.0381744,-3.6055038],[-47.0305906,-3.6046111],[-47.0321084,-3.6001117],[-47.0307939,-3.5947199],[-47.0388461,-3.5621033],[-47.0184659,-3.5655395],[-47.0040617,-3.5426413],[-46.9688798,-3.5144028],[-46.9824151,-3.496162],[-46.9697105,-3.4757747],[-46.9484548,-3.476799],[-46.9563218,-3.4258777],[-46.92974,-3.3738319],[-46.8848342,-3.3351737],[-46.8586432,-3.3429786],[-46.8460364,-3.319271],[-46.8148613,-3.3114659],[-46.8122226,-3.3020509],[-46.802059,-3.2659998],[-46.8061635,-3.2440466],[-46.7791907,-3.2421684],[-46.7715436,-3.2040662],[-46.7441799,-3.1793307],[-46.7495549,-3.1659137],[-46.7226309,-3.159132],[-46.7496037,-3.1244909],[-46.6886218,-3.0929714],[-46.6731808,-3.0673062],[-46.6773342,-3.0342723],[-46.6684899,-2.9927955],[-46.6499217,-2.9960161],[-46.6474296,-2.9698118],[-46.6730342,-2.9450709],[-46.6539285,-2.9310654],[-46.6733763,-2.8930741],[-46.6811456,-2.893611],[-46.668441,-2.8759447],[-46.639416,-2.8835578],[-46.6400023,-2.8509089],[-46.6109773,-2.8552524],[-46.6026704,-2.833974],[-46.5989568,-2.79698],[-46.6252943,-2.8065459],[-46.6384876,-2.7909281],[-46.6313534,-2.7708688],[-46.6696138,-2.7346049],[-46.673132,-2.7147398],[-46.6631149,-2.6935566],[-46.6380966,-2.6872113],[-46.6186,-2.665393],[-46.6060909,-2.6394741],[-46.5874738,-2.6416707],[-46.5673419,-2.626783],[-46.5068486,-2.616874],[-46.5094384,-2.5906125],[-46.4879383,-2.5688413],[-46.5017179,-2.5467769],[-46.4735724,-2.5465816],[-46.4193336,-2.5324251],[-46.4365825,-2.5152417],[-46.4299859,-2.5014265],[-46.4395143,-2.473991]],[[-46.4395143,-2.473991],[-46.4358496,-2.4709154]],[[-49.0008787,-3.4121192],[-49.60091,-3.4159833]],[[-49.9655268,-3.6609508],[-49.968664,-3.6641232]],[[-50.5383412,1.0476458],[-50.531092,1.0419424],[-50.5252689,1.0430118],[-50.505185,1.0570325]],[[-50.505185,1.0570325],[-50.484388,1.0686768],[-50.4675128,1.0961239],[-50.4707215,1.1245212],[-50.4609766,1.156958],[-50.4329305,1.1846418],[-50.3930004,1.1917707],[-50.3643006,1.1673543],[-50.3386907,1.1671761],[-50.3082677,1.1757308],[-50.2847375,1.2037709],[-50.2799839,1.2196918],[-50.2970968,1.2491572],[-50.3058909,1.2726817],[-50.2921055,1.3054732],[-50.256929,1.322344],[-50.2141467,1.3349376],[-50.1606689,1.3275715],[-50.1319097,1.3289972],[-50.1233533,1.3102255],[-50.124304,1.280048],[-50.1437937,1.2432166]],[[-50.1437937,1.2432166],[-50.1464081,1.2270582],[-50.142843,1.2158898],[-50.1371387,1.2082858],[-50.130246,1.2051966]],[[-50.130246,1.2051966],[-50.1202634,1.2040085],[-50.0608916,1.2166987],[-50.0418293,1.2142264],[-49.9878761,1.2218304],[-49.901625,1.2402934]],[[-49.901625,1.2402934],[-49.9042695,1.2955915],[-49.8836418,1.3399816],[-49.8756819,1.4305029],[-49.8816997,1.5000548],[-49.9029365,1.5799307],[-49.9002953,1.6023258],[-49.9206183,1.6879296],[-49.9581288,1.7196719],[-50.0322127,1.7597013],[-50.176901,1.8135554],[-50.2338082,1.8087922],[-50.2643205,1.8125185],[-50.2896941,1.8078737],[-50.3246141,1.815381],[-50.3735471,1.8011223],[-50.4237254,1.8044642],[-50.4749649,1.8385951],[-50.5073752,1.8845103],[-50.5256164,1.9299361],[-50.5579809,1.9558429],[-50.5826601,1.9896326],[-50.5981108,2.0309046],[-50.5980613,2.0638278],[-50.6178322,2.0912696],[-50.6430821,2.1134295],[-50.6818668,2.1334028],[-50.6807697,2.1670862],[-50.6866313,2.1910505],[-50.7048407,2.2240909],[-50.7199834,2.2363097],[-50.7252725,2.2557221],[-50.7226278,2.2877466],[-50.7407916,2.3090093],[-50.7563937,2.3864534],[-50.7687378,2.408979],[-50.7703726,2.4534216],[-50.7942244,2.4985492],[-50.8164994,2.5029687],[-50.8443311,2.6009843],[-50.847721,2.6403442],[-50.8594582,2.6635908],[-50.8824485,2.6882411],[-50.8873064,2.7462342],[-50.9053534,2.7569398],[-50.9084916,2.7888666],[-50.9449973,2.8177539],[-50.9505117,2.8821705],[-50.9925025,2.9621893],[-50.9988269,3.0110367],[-51.021168,3.0513765],[-51.0142975,3.0855578],[-51.0444104,3.1340039],[-51.0348838,3.1796282],[-51.0328225,3.213689],[-51.0515964,3.2529362],[-51.0865365,3.350172],[-51.1093087,3.4506267],[-51.0910111,3.4804817],[-51.0817748,3.5595385],[-51.0862124,3.5915134],[-51.0911695,3.7384705],[-51.0806825,3.8848086],[-51.101868,3.9127957],[-51.123875,3.908441],[-51.1792978,3.9194963],[-51.1756508,4.0108615],[-51.1886118,4.0778203],[-51.2143281,4.1459298],[-51.263846,4.2163122],[-51.2833624,4.2502674],[-51.3196099,4.2849169],[-51.3942265,4.3649768],[-51.4858816,4.4371787],[-51.5117036,4.4476447],[-51.6376349,4.5088171],[-51.6693681,4.4538394],[-51.6637841,4.4235166],[-51.6791842,4.3660938],[-51.676804,4.332651],[-51.6493234,4.2672714],[-51.623141,4.225624],[-51.6218722,4.1950725],[-51.6349643,4.1763482],[-51.6375525,4.1332632],[-51.6560654,4.0539051],[-51.6757207,4.0360534],[-51.7457366,4.0014883],[-51.7776249,3.9745539],[-51.7815158,3.9241728],[-51.7986414,3.8869539],[-51.8234483,3.8585718],[-51.8564008,3.832667],[-51.8733752,3.80358],[-51.8980962,3.7838473],[-51.9171895,3.7818897],[-51.9227163,3.7231018],[-51.951969,3.7222908],[-51.9726057,3.7054668],[-51.9934118,3.6438007],[-51.9882722,3.6277233],[-52.0197729,3.5930574],[-52.0604098,3.5196807],[-52.0928151,3.4790486],[-52.1742298,3.3305014],[-52.1866714,3.320052],[-52.1908339,3.296737],[-52.2030875,3.2875089],[-52.2343395,3.2401105],[-52.2604514,3.2530006],[-52.2925133,3.2264208],[-52.3027255,3.1999565],[-52.3013258,3.1730521],[-52.3295818,3.171871],[-52.3332017,3.1556114],[-52.3528862,3.1269871],[-52.3385645,3.1167915],[-52.3431253,3.0932779],[-52.3259446,3.0778089],[-52.3524754,3.0229764],[-52.362108,3.0171252],[-52.3684678,2.9817722],[-52.39513,2.9278241],[-52.3771935,2.9161691],[-52.3910709,2.8975584],[-52.422241,2.8910104],[-52.4734545,2.793888],[-52.4752666,2.7639579],[-52.5071942,2.6978903],[-52.5199305,2.6838762],[-52.5293373,2.6516085],[-52.5428089,2.6537504],[-52.5414088,2.6069983],[-52.5276727,2.5810519],[-52.5612072,2.5502874],[-52.5520602,2.5200208],[-52.5880721,2.4938238],[-52.5947842,2.4763714],[-52.6184768,2.4748359],[-52.6163961,2.4455979],[-52.6357502,2.4452723],[-52.6581531,2.4013383],[-52.6609851,2.3735908],[-52.7104685,2.3586243],[-52.7174186,2.3429196],[-52.779136,2.3178877],[-52.7937237,2.3044706],[-52.8418319,2.2913958],[-52.8876787,2.2383708],[-52.9042871,2.1891852],[-52.9390805,2.1899297],[-52.9565133,2.1729696],[-52.9878421,2.1680785],[-52.9976528,2.1781614],[-53.0529534,2.1901171],[-53.0845186,2.2127428],[-53.1386568,2.2118983],[-53.2206887,2.1936133],[-53.2427685,2.2075778],[-53.2613504,2.1893025],[-53.2791849,2.185988]],[[-53.2791849,2.185988],[-53.2469508,2.1510126],[-53.2025527,2.1336794],[-53.1663815,2.1112453],[-53.1391741,2.1009381],[-53.1330392,2.0189701],[-53.1162322,2.0070231]],[[-53.1162322,2.0070231],[-53.1153228,1.9932155],[-53.1119786,1.9822732],[-53.1080942,1.9796813],[-53.0971038,1.9782638]],[[-53.0971038,1.9782638],[-53.0734735,1.9448922],[-53.0669698,1.942742],[-53.0419341,1.9768429],[-53.0086039,1.9783513],[-52.9989912,1.9547986],[-52.9233816,1.9423821],[-52.9004852,1.9625688],[-52.9087144,2.008653],[-52.889489,2.031752],[-52.8718752,2.0255822],[-52.8541831,2.0402916],[-52.8372068,2.0363823],[-52.8371854,2.0661016],[-52.829354,2.0834306],[-52.8102959,2.0838593],[-52.7966509,2.0713723],[-52.7602144,2.0777355],[-52.6984335,2.0667185],[-52.6345413,2.0330202],[-52.5995697,2.0085688],[-52.5581555,2.0216986],[-52.5524044,2.0095861],[-52.485296,2.0374255],[-52.4394294,2.0450377],[-52.40696,2.0356862],[-52.4128759,2.0564373],[-52.4108502,2.0928624],[-52.3677678,2.1181044],[-52.3554347,2.1415687],[-52.3191539,2.1583619],[-52.2811301,2.1567093],[-52.2524055,2.1687657],[-52.2435095,2.2264199],[-52.2487947,2.241549],[-52.2313189,2.2640185],[-52.1937353,2.2612692],[-52.1759263,2.3029383],[-52.1498426,2.3056243],[-52.1185947,2.3569346],[-52.1241475,2.3668928],[-52.1132581,2.4010378],[-52.0849004,2.4016679],[-52.0599009,2.391382],[-52.0400936,2.3978523],[-52.0380415,2.341908],[-52.0651218,2.2885821],[-52.0638979,2.2625101],[-52.0370531,2.2328164],[-52.0396127,2.1587384],[-52.0266876,2.113399],[-52.0104606,2.0840987],[-52.0080231,2.0417132],[-51.9993176,2.0335004],[-52.0202804,1.9627855],[-52.013017,1.932727],[-52.0263394,1.9201185],[-52.0336519,1.8945734],[-52.0456307,1.8853158],[-52.0521772,1.8765454],[-52.0587933,1.8666613],[-52.0505754,1.8613712],[-52.0454914,1.7866118],[-52.0522468,1.7711584],[-52.0461182,1.7268856],[-52.0533611,1.710666],[-52.0457003,1.675372],[-52.0209768,1.6441848],[-52.0221607,1.6132755],[-52.0397109,1.5755432],[-52.0318412,1.5617589],[-52.0339305,1.5270194],[-52.0191661,1.5020957],[-52.0238374,1.4956221],[-52.0300305,1.4876843],[-52.0384574,1.4836463],[-52.0365073,1.480235],[-52.0280108,1.4806527],[-52.0259911,1.4681906],[-52.0310055,1.4642612],[-52.0381091,1.4553803],[-52.0397109,1.436861],[-52.0333734,1.4208479],[-52.0422878,1.4161136],[-52.0419019,1.4126894],[-52.0091021,1.3701574],[-52.0146876,1.3260801],[-51.9906253,1.31674],[-51.500865,1.3237249],[-51.3890449,1.3228085],[-51.4070606,1.2689329],[-51.4264315,1.2641805],[-51.4439009,1.2357133],[-51.4349285,1.1892693],[-51.4452081,1.182081],[-51.4487733,1.1263565],[-51.4828269,1.0875157],[-51.4666621,1.0675739],[-51.4283315,1.061589],[-51.4066983,1.0505643],[-51.4095498,0.9975508],[-51.3679744,0.9543948],[-51.3463932,0.9794634],[-51.3109536,0.9836944],[-51.2951909,0.9755498],[-51.264935,0.9797808],[-51.2361602,0.9558757],[-51.2044722,0.9962656],[-51.1936442,1.0185207],[-51.1836616,1.030177],[-51.1815938,1.0353457],[-51.1721104,1.0328505],[-51.153168,1.0301747],[-51.1274987,1.0093929],[-51.0941642,1.0208354],[-51.0723523,1.0179819],[-51.070023,1.0175542],[-51.0654596,1.0190275],[-51.0549066,1.0170313],[-51.042072,1.008999],[-51.0330877,1.0003964],[-51.0312813,0.9898925],[-51.0113697,0.9469441],[-50.9908825,0.9492615],[-50.9890999,0.975759],[-50.9450104,0.9939388],[-50.9079325,0.9918],[-50.8874921,0.9921565],[-50.8745385,0.9632826],[-50.8545735,0.9538956],[-50.8202288,0.9632826],[-50.8089391,0.9783731],[-50.8146434,1.0020187],[-50.7950348,1.0299416],[-50.75047,1.0419424],[-50.7290788,1.0390907],[-50.69414,1.0582207],[-50.6821372,1.0538244],[-50.6534968,1.024357],[-50.6316303,1.0317239],[-50.6430389,1.0655875],[-50.6336506,1.0889948],[-50.5990683,1.0935099],[-50.5758946,1.0774694],[-50.5556918,1.0922029],[-50.540005,1.0708156],[-50.5383412,1.0476458]],[[-50.4501131,2.1092427],[-50.4684307,2.1000039],[-50.5042092,2.0940301],[-50.5212302,2.0054291],[-50.4986396,1.9945379],[-50.4905843,1.9647474],[-50.4658355,1.9232472],[-50.4489823,1.879636],[-50.4255082,1.8670172],[-50.3863515,1.8775815],[-50.3669897,1.8894511],[-50.3293951,1.9290813],[-50.3174204,1.9475023],[-50.3267404,1.9828288],[-50.3461028,1.9966003],[-50.3624547,2.0220263],[-50.361836,2.0599538],[-50.394823,2.0920047],[-50.4054105,2.1112592],[-50.4501131,2.1092427]],[[-50.5136684,2.1853071],[-50.550145,2.1516709],[-50.529473,2.1382537],[-50.5113326,2.1033826],[-50.4953975,2.0962017],[-50.4712717,2.1022984],[-50.4583402,2.1152468],[-50.4226335,2.1184624],[-50.4219261,2.1423122],[-50.4384035,2.1595927],[-50.4800964,2.1807611],[-50.5136684,2.1853071]],[[-53.0971038,1.9782638],[-53.1104586,1.9805579],[-53.1136569,1.9854462],[-53.1162322,2.0070231]],[[-53.2791849,2.185988],[-53.2763001,2.2251513],[-53.229515,2.2623791],[-53.2347144,2.275389],[-53.2608533,2.2880952],[-53.2828219,2.3097569],[-53.3060226,2.3155035],[-53.3232962,2.3471142],[-53.3600212,2.3493119],[-53.367632,2.3206454],[-53.440381,2.2802968],[-53.4613234,2.2910155],[-53.4730772,2.256739],[-53.5202433,2.2665094],[-53.5499143,2.258324],[-53.567629,2.2714874],[-53.5842436,2.2689267],[-53.59813,2.2845377],[-53.6562953,2.2845212],[-53.6533251,2.3024201],[-53.6822124,2.3011925],[-53.7485209,2.3224815],[-53.7279918,2.3510786],[-53.7416335,2.3749994],[-53.7672199,2.3789234],[-53.7996331,2.3650322],[-53.8240499,2.3176321],[-53.842076,2.3076565],[-53.859581,2.320001],[-53.8839168,2.3163369],[-53.8878011,2.2987991],[-53.9078072,2.2740012],[-53.9160242,2.2906998],[-53.9420777,2.2780862],[-53.9356883,2.2593974],[-53.9749109,2.2323926],[-54.0012416,2.22999],[-54.1890791,2.1788275],[-54.4365792,2.2098867],[-54.6016931,2.3371661],[-54.6622491,2.326987],[-54.6920868,2.3613963],[-54.6849188,2.4468238],[-54.7440324,2.4714862],[-54.7973939,2.4390171],[-54.8722509,2.4337466]],[[-51.7783994,-1.1404123],[-51.7793719,-1.1375926]],[[-51.700427,-1.0632109],[-51.6881858,-1.0392483],[-51.686228,-1.0293855],[-51.6856469,-1.0128623]],[[-50.2937677,0.6832809],[-50.2260218,0.6962486],[-50.2312447,0.7301393],[-50.2203937,0.7431222],[-50.1661412,0.754426],[-50.153397,0.7497434],[-50.097362,0.7670499],[-50.0367518,0.8325227],[-50.0202612,0.85877],[-49.9861265,0.8807603],[-50.0024735,0.9064127],[-49.989014,0.9395151],[-49.9668027,0.9437079],[-49.9376914,0.9662236],[-49.9274107,0.9846554],[-49.8897824,1.013597],[-49.88467,1.0471377],[-49.8860731,1.1111501],[-49.883083,1.169077],[-49.894451,1.1821584],[-49.901625,1.2402934]],[[-50.130246,1.2051966],[-50.1347619,1.2066224],[-50.1407038,1.2123254],[-50.1449821,1.2204047],[-50.1466458,1.2306226],[-50.1437937,1.2432166]],[[-50.505185,1.0570325],[-50.515524,1.048834],[-50.5270515,1.0421801],[-50.5327558,1.0425365],[-50.5383412,1.0476458]],[[-50.2248064,-9.8411535],[-50.2642803,-9.9084975],[-50.2779318,-9.9707729],[-50.2906705,-9.9908185],[-50.2942791,-10.016107],[-50.3124518,-10.0456588],[-50.3398411,-10.0609382],[-50.3572811,-10.0902957],[-50.3778102,-10.1107158],[-50.3982581,-10.1554697],[-50.3894009,-10.1749275],[-50.3815645,-10.2189129],[-50.3980942,-10.2544301],[-50.4062032,-10.2882508],[-50.4230666,-10.3274417],[-50.4182853,-10.3562814],[-50.4410615,-10.375566],[-50.4482858,-10.3915721],[-50.4737254,-10.4049055],[-50.4878673,-10.4679723],[-50.4826205,-10.4900386],[-50.5161464,-10.5039094],[-50.5230342,-10.5407962],[-50.5197293,-10.5624786],[-50.541428,-10.6093227],[-50.5631719,-10.6113215],[-50.5825666,-10.6440813],[-50.6028977,-10.658234],[-50.5876039,-10.6860094],[-50.5705877,-10.7525041],[-50.5968989,-10.8047216],[-50.6121984,-10.8103215],[-50.6220066,-10.8394178],[-50.6190437,-10.8640944],[-50.6049528,-10.8724723],[-50.6007891,-10.9006838],[-50.6326193,-10.9318615],[-50.6202415,-10.9689077],[-50.6174251,-11.0320006],[-50.6094574,-11.0674457],[-50.6175928,-11.085811],[-50.6370427,-11.1005471],[-50.6438862,-11.1231826],[-50.6576348,-11.1278124],[-50.6644814,-11.1515989],[-50.6547324,-11.2150298],[-50.6560371,-11.2402367],[-50.6713266,-11.2867414],[-50.6968135,-11.3046578],[-50.7122605,-11.3598453],[-50.7285111,-11.3825659],[-50.7281426,-11.4169059],[-50.7392596,-11.435385],[-50.742064,-11.4603495],[-50.7347961,-11.5118226],[-50.7389352,-11.5445116],[-50.727816,-11.5574868],[-50.7159867,-11.5789533],[-50.6805146,-11.5836283],[-50.6574739,-11.5928064],[-50.6637021,-11.6775273],[-50.7215915,-11.7317126],[-50.7078612,-11.768234],[-50.7005871,-11.8034665],[-50.6880448,-11.825041],[-50.6863045,-11.8589954],[-50.6653727,-11.8644579],[-50.6392882,-11.8845665],[-50.640571,-11.9026897],[-50.6678955,-11.9277674],[-50.6547364,-11.9479861],[-50.6568339,-11.9668494],[-50.682238,-11.9908876],[-50.6778492,-12.0195134],[-50.6870762,-12.0356338],[-50.6676227,-12.0645602],[-50.6790353,-12.1553342],[-50.6813773,-12.2169497],[-50.6437098,-12.222965],[-50.6464236,-12.2560953],[-50.6312602,-12.284883],[-50.6489155,-12.2990896],[-50.6378161,-12.325286],[-50.6445669,-12.345909],[-50.6268725,-12.384032],[-50.6326753,-12.4171039],[-50.618255,-12.4289922],[-50.6235737,-12.4552838],[-50.6530391,-12.4600739],[-50.6470935,-12.4855232],[-50.659598,-12.5060873],[-50.6637105,-12.5374332],[-50.6864785,-12.5692042],[-50.669429,-12.5807652],[-50.6738731,-12.6001196],[-50.6944285,-12.5926752],[-50.7064888,-12.609701],[-50.6963941,-12.649685],[-50.6562041,-12.6459931],[-50.6463495,-12.6637937],[-50.6547658,-12.6791794],[-50.6347107,-12.7253575],[-50.6229618,-12.7346385],[-50.6302565,-12.776069],[-50.6253595,-12.8000195],[-50.5792864,-12.8008108],[-50.583698,-12.8097437],[-50.5948447,-12.814227]],[[-50.5948447,-12.814227],[-50.600651,-12.8188847],[-50.6012871,-12.8229721],[-50.5978467,-12.826775],[-50.5669545,-12.8434234]],[[-50.5669545,-12.8434234],[-50.5319858,-12.8436218],[-50.5130933,-12.8446418],[-50.5125394,-12.8590585]],[[-50.5125394,-12.8590585],[-50.5109811,-12.8608983]],[[-50.5109811,-12.8608983],[-50.5074228,-12.8583627],[-50.507729,-12.8513963],[-50.5062097,-12.850245],[-50.503634,-12.8506995]],[[-50.503634,-12.8506995],[-50.5018647,-12.8477104],[-50.4940496,-12.8406111],[-50.4838415,-12.8105787],[-50.4932856,-12.7836871],[-50.4749808,-12.7707892],[-50.4833995,-12.7393087],[-50.477353,-12.7164962],[-50.4608311,-12.6927772],[-50.4389381,-12.6975408],[-50.4363734,-12.6781082],[-50.4171486,-12.6349777],[-50.4181009,-12.6244473],[-50.386478,-12.5898503],[-50.3695501,-12.557338],[-50.3104161,-12.4953762],[-50.2616921,-12.477218],[-50.2530304,-12.4616048],[-50.2283186,-12.4541338],[-50.2117812,-12.4355973],[-50.1791191,-12.4383606],[-50.2176095,-12.4873571],[-50.2184498,-12.514831],[-50.2295244,-12.531189],[-50.207071,-12.5665508],[-50.2447603,-12.5974743],[-50.2363815,-12.6236716],[-50.2684329,-12.6517489],[-50.271462,-12.6832418],[-50.2954765,-12.6836702],[-50.2882198,-12.7348842],[-50.3024772,-12.7473437],[-50.3107784,-12.7916062],[-50.3075478,-12.8177422],[-50.2960416,-12.8314538],[-50.2504494,-12.85349],[-50.225444,-12.8599517],[-50.2244967,-12.87304],[-50.185178,-12.8936382],[-50.1578672,-12.8931307],[-50.1470251,-12.9032391],[-50.0917026,-12.9085261],[-50.0558533,-12.9202356],[-50.0374525,-12.9356091],[-50.0093375,-12.9310255],[-49.9499656,-12.9592881],[-49.9330662,-12.9566911],[-49.9092331,-12.9748676],[-49.3683159,-13.2723014]],[[-49.3683159,-13.2723014],[-49.3553015,-13.2609816]],[[-49.3553015,-13.2609816],[-49.3372447,-13.2472816],[-49.3489569,-13.2105459],[-49.3470578,-13.1676757],[-49.3557086,-13.1557731],[-49.3410799,-13.1274961],[-49.3543037,-13.1123772],[-49.3520922,-13.0926942],[-49.3372722,-13.0643396],[-49.3069216,-13.0331474],[-49.2757252,-12.979242],[-49.2797504,-12.9669855],[-49.2492919,-12.9265398],[-49.2488814,-12.9060402],[-49.2261652,-12.8782885],[-49.2106839,-12.8779345],[-49.1714708,-12.8379992],[-49.1549379,-12.827189],[-49.1378038,-12.8055261],[-49.1301953,-12.7983553],[-49.1238265,-12.7924051],[-49.1176838,-12.7900847],[-49.1046307,-12.8354203],[-49.0737183,-12.8458037],[-49.0732435,-12.869707],[-49.0874736,-12.887177],[-49.0754895,-12.9052517],[-49.0330387,-12.9022575],[-49.0091156,-12.9164814],[-49.0029909,-12.9337856],[-48.9762335,-12.9578931],[-48.8703122,-12.8032618],[-48.8589353,-12.8088217],[-48.8505763,-12.8090453],[-48.8459449,-12.8173235],[-48.8422755,-12.8284847],[-48.8429526,-12.8373647],[-48.8426383,-12.8410706],[-48.8248181,-12.8453398],[-48.805945,-12.8692098],[-48.7736691,-12.8884402],[-48.7333252,-12.9356951],[-48.7357875,-12.9542104],[-48.7322575,-12.9712919],[-48.7338802,-12.9794384],[-48.7183329,-12.9987161],[-48.7157524,-13.0022834],[-48.7076375,-13.0026049],[-48.7025864,-12.9996471],[-48.691591,-13.0015131],[-48.6854736,-13.0006099],[-48.6865916,-13.0000075],[-48.6803247,-12.9950035],[-48.6749137,-12.9927556],[-48.6672169,-13.0007459],[-48.6628401,-13.0002762],[-48.6410413,-13.0124353],[-48.6399173,-13.0155252],[-48.6284498,-13.047783],[-48.6252844,-13.0513433],[-48.5992043,-13.0693409],[-48.5809299,-13.1177477],[-48.5789037,-13.1214102],[-48.5775446,-13.1270429],[-48.581159,-13.1271077],[-48.5818401,-13.1410294],[-48.5774783,-13.1952471],[-48.5844342,-13.2270548],[-48.5999452,-13.2386606],[-48.5889337,-13.2635269],[-48.5998625,-13.2879857],[-48.5876603,-13.3100071],[-48.5780875,-13.3087011],[-48.5535925,-13.3026334],[-48.5537521,-13.2035451],[-48.5296886,-13.1914152],[-48.5173926,-13.1463231],[-48.4946538,-13.1368825],[-48.4701744,-13.1458577],[-48.4772668,-13.1788007],[-48.4723679,-13.2010499],[-48.476282,-13.2300904],[-48.458876,-13.2523081],[-48.4577023,-13.2824783],[-48.435071,-13.2901429],[-48.430047,-13.2711776],[-48.3854841,-13.2662822],[-48.3621149,-13.2429505],[-48.3503919,-13.2439907],[-48.3486924,-13.2454645],[-48.3304857,-13.232927],[-48.2920688,-13.2199679],[-48.2625454,-13.1976362],[-48.2447494,-13.1926502],[-48.2307606,-13.1712946],[-48.193604,-13.1730343],[-48.1797662,-13.1515657],[-48.1645252,-13.1582759],[-48.1529748,-13.1561787],[-48.1475189,-13.1522179],[-48.1436592,-13.1524725]],[[-48.1436592,-13.1524725],[-48.1427556,-13.1428228]],[[-48.1427556,-13.1428228],[-48.127463,-13.1010943],[-48.1517934,-13.0588247],[-48.1453784,-13.0273033],[-48.1489887,-13.0057386],[-48.1399201,-12.9873327],[-48.1627733,-12.95995],[-48.1863949,-12.9125507],[-48.188895,-12.8834817],[-48.2070572,-12.849583],[-48.2295138,-12.8286094],[-48.2414771,-12.7913067],[-48.2237179,-12.7584243],[-48.2455191,-12.740319],[-48.2702801,-12.7316004],[-48.2441,-12.704883],[-48.2400623,-12.6910263],[-48.2849726,-12.6777149],[-48.2882754,-12.6526805],[-48.2723295,-12.6359968],[-48.2747872,-12.6064221],[-48.2671445,-12.5835707],[-48.2933915,-12.5606645],[-48.2500016,-12.5504125],[-48.2325675,-12.5406923],[-48.2310073,-12.4951001],[-48.209678,-12.4851703],[-48.2115787,-12.4638288],[-48.2623029,-12.4616666],[-48.2609966,-12.4348492],[-48.2342295,-12.4062509],[-48.2281603,-12.390952],[-48.2567516,-12.3448002],[-48.2558132,-12.3123442],[-48.312714,-12.2693244],[-48.2877734,-12.2438814],[-48.2819463,-12.2225507],[-48.2533124,-12.1757499],[-48.2198235,-12.1595916],[-48.1942321,-12.1840146],[-48.1552253,-12.17978],[-48.152009,-12.1624433],[-48.1167143,-12.1355874],[-48.1204304,-12.1115008],[-48.1143148,-12.0878099],[-48.1458951,-12.0706536],[-48.1651267,-12.0499948],[-48.1815985,-12.0659268],[-48.2110304,-12.0568376],[-48.2077565,-12.0341837],[-48.2161365,-12.0016959],[-48.2776772,-11.96416],[-48.3028628,-11.9422811],[-48.3222314,-11.9351997],[-48.3365928,-11.915954],[-48.3407738,-11.9103522],[-48.3385891,-11.9083715],[-48.3491004,-11.8850498],[-48.3425548,-11.8570754],[-48.3652289,-11.8173219],[-48.3640559,-11.7975509],[-48.3752217,-11.7831496],[-48.3803135,-11.7504652],[-48.3743452,-11.7266801],[-48.3819306,-11.6540759],[-48.4064806,-11.6240549],[-48.4122166,-11.5996333],[-48.4113549,-11.5957828],[-48.4131314,-11.5944639],[-48.4368179,-11.5729493],[-48.4451436,-11.5684164],[-48.4499625,-11.5586261],[-48.4643609,-11.5286146],[-48.4572462,-11.5082948],[-48.4757432,-11.4763311],[-48.4617126,-11.4559366],[-48.4657236,-11.4393349],[-48.4639565,-11.435834],[-48.4656132,-11.4326664],[-48.4655036,-11.4293245],[-48.4668166,-11.4291757],[-48.4714358,-11.422034],[-48.4733638,-11.421037],[-48.4780809,-11.4170422],[-48.4767849,-11.4156253],[-48.4795315,-11.4048287],[-48.4749872,-11.3689976],[-48.4731017,-11.3633079],[-48.4519453,-11.2751067],[-48.4620905,-11.2481665],[-48.488799,-11.2201063],[-48.5176647,-11.1588713],[-48.5212625,-11.1250037],[-48.5389093,-11.0997749],[-48.5419021,-11.0730221],[-48.5534348,-11.0553469]],[[-48.5534348,-11.0553469],[-48.5536243,-11.0137476]],[[-48.5536243,-11.0137476],[-48.5311183,-10.9952018],[-48.510585,-10.9516605],[-48.4644871,-10.9313425],[-48.4467461,-10.9181895],[-48.4190509,-10.881428],[-48.3967244,-10.829404],[-48.3962125,-10.7675917],[-48.4147748,-10.7508994],[-48.4609408,-10.7684655],[-48.4690901,-10.7804977],[-48.505572,-10.7831547],[-48.5273252,-10.7928272],[-48.5462388,-10.8084864],[-48.5367014,-10.8126767],[-48.5347733,-10.8279357],[-48.546434,-10.8303089],[-48.5469352,-10.8334865],[-48.5474645,-10.8567607],[-48.5602975,-10.854828],[-48.5824524,-10.8664454],[-48.5928018,-10.8673174],[-48.5932862,-10.8645622],[-48.5832647,-10.8481583],[-48.6069059,-10.8457853],[-48.617858,-10.8610477],[-48.635551,-10.8701917],[-48.6504144,-10.8379621],[-48.690221,-10.8368521],[-48.7186597,-10.8123136]],[[-48.7186597,-10.8123136],[-48.7607129,-10.8022818]],[[-48.7607129,-10.8022818],[-48.7890206,-10.7943997],[-48.7738125,-10.7667722],[-48.7742715,-10.7111211],[-48.8035242,-10.664998],[-48.8087908,-10.6451507],[-48.8239966,-10.6375326],[-48.8220067,-10.6258394],[-48.8282387,-10.5624961],[-48.8093408,-10.5475734],[-48.803972,-10.4846589],[-48.8096807,-10.4724941],[-48.8005926,-10.4676966],[-48.7676401,-10.4584546],[-48.7579388,-10.416506],[-48.7147401,-10.4058475],[-48.698236,-10.3803948],[-48.6675706,-10.3715175],[-48.6445651,-10.3488844],[-48.5965525,-10.3223395],[-48.5977282,-10.2940189],[-48.6402971,-10.2483692],[-48.6634846,-10.2472255],[-48.6921935,-10.2232271],[-48.6997245,-10.1905663],[-48.6911703,-10.1440165],[-48.676282,-10.1213319],[-48.6719384,-10.0907181],[-48.624295,-10.0777413],[-48.6150392,-10.0626753],[-48.5701921,-10.0267958],[-48.5607344,-10.0397886],[-48.5209499,-10.0331556],[-48.5079521,-10.0445536],[-48.4849442,-10.0289612],[-48.4648824,-10.0329542],[-48.4382873,-10.0182619],[-48.3988264,-10.0477793],[-48.3589357,-10.053841],[-48.3323986,-10.0413832],[-48.3300772,-10.0288498],[-48.3370416,-10.000005],[-48.3497494,-9.9702352],[-48.3683767,-9.9479104],[-48.361705,-9.9078143],[-48.334454,-9.8794958],[-48.3338889,-9.8272712],[-48.3750014,-9.7919933],[-48.3750004,-9.7576699],[-48.3619002,-9.7464058],[-48.3605779,-9.7229968],[-48.3719252,-9.6759563],[-48.3835062,-9.6688745],[-48.4032115,-9.6347764],[-48.4002294,-9.6017393],[-48.3827366,-9.5683284],[-48.3706698,-9.4916227],[-48.3773118,-9.4379266],[-48.3614937,-9.4072247],[-48.3599414,-9.3761989],[-48.3673473,-9.342422],[-48.3369077,-9.2500046],[-48.3184179,-9.2208245],[-48.3162701,-9.1942436],[-48.2869263,-9.144988],[-48.2775727,-9.121898],[-48.2528637,-9.0966913],[-48.2224831,-9.0565172],[-48.1940773,-9.0329316],[-48.1857374,-9.0168997],[-48.1815007,-8.9678472],[-48.1705448,-8.8971415],[-48.1391355,-8.8348684],[-48.1229782,-8.8176285]],[[-48.1229782,-8.8176285],[-48.1130831,-8.7921389],[-48.1117639,-8.7788005],[-48.1122566,-8.7648067]],[[-48.1122566,-8.7648067],[-48.1275234,-8.7414533],[-48.1293936,-8.7175728],[-48.1233159,-8.674421],[-48.1353641,-8.5997988],[-48.1334605,-8.5389988],[-48.1263793,-8.526283],[-48.0962628,-8.5101585],[-48.0850893,-8.4733018],[-48.0812189,-8.4266196],[-48.0856149,-8.4144949],[-48.1228762,-8.3787819],[-48.1281599,-8.367162],[-48.132502,-8.2884067],[-48.1448244,-8.2311145],[-48.1617781,-8.1965826],[-48.1596366,-8.1686834],[-48.1346654,-8.1150962],[-48.1109009,-8.0866848],[-48.0654437,-8.0906252],[-47.9922272,-8.0757951],[-47.9497495,-8.0547255],[-47.9458634,-8.0320175],[-47.9588193,-7.9479966],[-47.9540122,-7.924448],[-47.9369399,-7.8937103],[-47.9358937,-7.8685218],[-47.9185179,-7.8585956],[-47.908307,-7.8132549],[-47.8947016,-7.7928885],[-47.8409015,-7.7709495],[-47.7871298,-7.7526232],[-47.775161,-7.7373515],[-47.7181327,-7.6968701],[-47.6656106,-7.6681515],[-47.6431056,-7.6446207],[-47.6287855,-7.6145567],[-47.6319169,-7.5713919],[-47.6236373,-7.5210624],[-47.6337826,-7.5029006],[-47.6300443,-7.4911632],[-47.6034561,-7.4550623]],[[-47.6034561,-7.4550623],[-47.5920671,-7.4409507],[-47.5843416,-7.4241249],[-47.5798641,-7.4186803],[-47.5607365,-7.4048656],[-47.5537282,-7.4024191]],[[-47.5537282,-7.4024191],[-47.5401304,-7.4003736],[-47.4929962,-7.3758749],[-47.4788317,-7.3459343],[-47.4829181,-7.3223467],[-47.4997864,-7.2938583],[-47.5318209,-7.2692976],[-47.5654439,-7.2664918],[-47.5919031,-7.2639953],[-47.6073727,-7.2721222],[-47.6270111,-7.3008237],[-47.6539303,-7.2982028],[-47.679205,-7.2511087],[-47.6910091,-7.2382985],[-47.73507,-7.2188998],[-47.7498258,-7.1952617],[-47.7451291,-7.1625048],[-47.7106552,-7.1376528],[-47.6940629,-7.1369639],[-47.6603749,-7.1513681],[-47.6274527,-7.1215814],[-47.6184295,-7.0911604],[-47.5972327,-7.063401],[-47.574782,-7.0503378],[-47.5449368,-7.0127728],[-47.5283161,-6.9734044],[-47.5295707,-6.946013],[-47.5076246,-6.9071901],[-47.5070392,-6.8720101],[-47.5296459,-6.8313891],[-47.516702,-6.7902601],[-47.4941187,-6.7548332],[-47.4986441,-6.6712316],[-47.4687902,-6.6212462],[-47.4651301,-6.5772858],[-47.4564977,-6.5382745],[-47.4342054,-6.5043796],[-47.4194142,-6.4919653],[-47.4212004,-6.4651033],[-47.4342057,-6.4311886],[-47.4099549,-6.3696555],[-47.4086249,-6.3280669],[-47.3772358,-6.2667683],[-47.3853684,-6.2303915],[-47.4014776,-6.2092485],[-47.423204,-6.1601861],[-47.430234,-6.130969],[-47.4333688,-6.0811514]],[[-47.4333688,-6.0811514],[-47.429983,-6.0671009],[-47.428042,-6.0392245],[-47.4325154,-6.0249478],[-47.4456221,-6.0015723]],[[-47.4456221,-6.0015723],[-47.4463681,-5.9845441],[-47.4288701,-5.9194832],[-47.4328695,-5.8938953],[-47.4378567,-5.8578694],[-47.4422786,-5.8307859],[-47.4665086,-5.7783003],[-47.4826225,-5.7593056],[-47.4933745,-5.7305307],[-47.4930942,-5.7100384],[-47.4737045,-5.6619797],[-47.4844013,-5.595604],[-47.4832614,-5.5648989],[-47.5001205,-5.5256048],[-47.5485395,-5.4707892],[-47.5602606,-5.4632127],[-47.5805091,-5.4700166],[-47.6186197,-5.4597262],[-47.6667723,-5.4217873],[-47.7210679,-5.3945317],[-47.7575971,-5.3780661],[-47.8275409,-5.3865882],[-47.8437594,-5.3762087],[-47.8676241,-5.3428159],[-47.8657451,-5.317225],[-47.8729236,-5.2723581],[-47.8855715,-5.2607002],[-47.9281041,-5.2412355],[-47.983739,-5.235477],[-48.0189578,-5.2398258],[-48.0492647,-5.2661013],[-48.0738428,-5.2722461],[-48.1122927,-5.2656258],[-48.1785442,-5.2607761],[-48.2064996,-5.248984],[-48.2349277,-5.2283067],[-48.2934032,-5.2040481],[-48.3286879,-5.1965942],[-48.3531541,-5.173893],[-48.387554,-5.1736724],[-48.4725988,-5.1870923],[-48.4863222,-5.1938198],[-48.5194602,-5.1921355],[-48.5330131,-5.1987179],[-48.5610735,-5.2301992],[-48.5685726,-5.2829328],[-48.5841326,-5.3112956],[-48.6061317,-5.3365008],[-48.6301017,-5.3329578],[-48.6386591,-5.3200089],[-48.6794384,-5.3058201],[-48.6992101,-5.3201232],[-48.712127,-5.3530136],[-48.7551507,-5.3491654]],[[-48.2976365,-5.7651235],[-48.3000139,-5.7887008],[-48.2969078,-5.8142345],[-48.2919698,-5.8368374]],[[-48.2374592,-5.9526392],[-48.2968282,-5.9698603],[-48.321462,-5.9855016]],[[-48.7607129,-10.8022818],[-48.7500013,-10.8104127],[-48.7186597,-10.8123136]],[[-48.5536243,-11.0137476],[-48.5594617,-11.0313149],[-48.5534348,-11.0553469]],[[-48.1427556,-13.1428228],[-48.1442082,-13.1542624],[-48.1534103,-13.1619883]],[[-48.1534103,-13.1619883],[-48.1659237,-13.1892998],[-48.1543121,-13.2210279],[-48.1667655,-13.2325899],[-48.1532145,-13.2783113],[-48.1623311,-13.3059728],[-48.157155,-13.3078937],[-48.1554887,-13.3032827],[-48.1199842,-13.2975648],[-48.1156166,-13.2932058],[-48.1133353,-13.2928688],[-48.1094963,-13.2910543],[-48.0945283,-13.2867907],[-48.0874729,-13.2865628],[-48.0829847,-13.2862333],[-48.0760426,-13.2427307],[-48.0541503,-13.2395873],[-48.034061,-13.2537272],[-48.0252513,-13.2798336],[-47.9885408,-13.2763636],[-47.9705718,-13.3115825],[-47.9439503,-13.303586],[-47.9363044,-13.2898552],[-47.9064982,-13.2991233],[-47.8986464,-13.3125729],[-47.8740603,-13.3204879],[-47.8236019,-13.3117114],[-47.7982282,-13.3289841],[-47.6797484,-13.4681748],[-47.6709903,-13.4412691],[-47.6377011,-13.3898225],[-47.6287514,-13.365694],[-47.6500735,-13.3491826],[-47.6536575,-13.3134643],[-47.6614696,-13.3027767],[-47.639661,-13.2642926],[-47.6652143,-13.2183676],[-47.6661664,-13.1726605],[-47.6516952,-13.1498235],[-47.6458713,-13.1198323],[-47.6156147,-13.1036851],[-47.5609943,-13.1255621],[-47.5685676,-13.1434514],[-47.5652595,-13.179662],[-47.5410293,-13.1917981],[-47.4774514,-13.1871897],[-47.4878931,-13.2112802],[-47.4651907,-13.227158],[-47.4421239,-13.2223176],[-47.4321613,-13.2379692],[-47.4544222,-13.2505276],[-47.4364455,-13.2667829],[-47.4171999,-13.2708326],[-47.3914681,-13.2583855],[-47.3797227,-13.2306025],[-47.3381852,-13.2463509],[-47.3238054,-13.2582586],[-47.3063623,-13.249093],[-47.2821518,-13.2651268],[-47.2683979,-13.2374476],[-47.2482667,-13.2278975],[-47.2523793,-13.2126088],[-47.2296138,-13.1947384],[-47.1969246,-13.1936844],[-47.1679426,-13.2111178],[-47.1335041,-13.1993901],[-47.1321165,-13.1778641],[-47.0854035,-13.1717336],[-47.0712409,-13.1589459],[-47.0078393,-13.1386366],[-47.0053109,-13.1265186],[-46.9791473,-13.1218422],[-46.9275007,-13.0897505],[-46.8916768,-13.0523851],[-46.8614231,-13.0667377],[-46.8228182,-13.0067893],[-46.750611,-12.969155],[-46.4546499,-12.9711526],[-46.4459259,-12.9357678],[-46.4325688,-12.9306408],[-46.4179848,-12.8224367],[-46.4091181,-12.8455928],[-46.3829617,-12.8485596],[-46.3657643,-12.863354],[-46.3652006,-12.9346972],[-46.3724272,-12.9445488],[-46.3706226,-12.987923],[-46.304931,-12.97854],[-46.2810157,-12.968555],[-46.2293481,-12.9575868]],[[-46.2293481,-12.9575868],[-46.1960974,-12.9570335],[-46.1869091,-12.949172]],[[-46.1869091,-12.949172],[-46.1546797,-12.9372031],[-46.134803,-12.929578],[-46.120116,-12.9256799],[-46.112965,-12.9180104]],[[-46.112965,-12.9180104],[-46.1266475,-12.9123867]],[[-46.1266475,-12.9123867],[-46.1441501,-12.9311485],[-46.1715537,-12.9315481],[-46.1996572,-12.9473047],[-46.2223573,-12.9502317],[-46.254501,-12.9392031],[-46.2942225,-12.9529523],[-46.3080359,-12.9399232],[-46.3112453,-12.9090544],[-46.2903724,-12.9003262],[-46.2998758,-12.8563612],[-46.2775822,-12.8435595],[-46.2735822,-12.815966],[-46.3097625,-12.7966012],[-46.2824396,-12.7670996],[-46.2951944,-12.7560431],[-46.2737155,-12.7388185],[-46.2728226,-12.7142207],[-46.2946262,-12.7074643],[-46.301703,-12.6843133],[-46.2688648,-12.6673292],[-46.2744064,-12.6438603],[-46.305393,-12.6399891],[-46.2757846,-12.5944306],[-46.3029456,-12.581669],[-46.3075674,-12.5767478],[-46.2716121,-12.5700454],[-46.2549312,-12.5398977],[-46.2244444,-12.528641],[-46.2053289,-12.5033552],[-46.2508606,-12.502217],[-46.2659518,-12.4827186],[-46.2638259,-12.4602543],[-46.2904543,-12.416632],[-46.3100667,-12.4296701],[-46.3155489,-12.4634304],[-46.3370353,-12.4530633],[-46.3248555,-12.4075111],[-46.3135813,-12.4055048],[-46.2898836,-12.376653],[-46.3000205,-12.3637318],[-46.36894,-12.350181],[-46.3523104,-12.3158212],[-46.3543282,-12.3149265],[-46.3445332,-12.3028201],[-46.3843873,-12.2945067],[-46.3695687,-12.2674682],[-46.3828769,-12.2552194],[-46.366521,-12.215083],[-46.3858278,-12.1851679],[-46.3840955,-12.177463],[-46.3980695,-12.1627045],[-46.3847266,-12.1502777],[-46.3759439,-12.123825],[-46.3720423,-12.1195466],[-46.3711652,-12.0997193],[-46.3980347,-12.0894981],[-46.3960143,-12.0615752],[-46.3906613,-12.0553739],[-46.3849453,-12.0538232],[-46.393177,-12.0485088],[-46.4467503,-12.0510041],[-46.4510764,-12.0543394],[-46.461389,-12.0359692],[-46.4448951,-12.0261783],[-46.3969376,-12.0139181],[-46.3635629,-11.9903413],[-46.3648267,-11.9807722],[-46.3154903,-11.941993],[-46.2966545,-11.9377059],[-46.2330576,-11.9364818],[-46.2025928,-11.9233524],[-46.1951004,-11.904136],[-46.2477131,-11.9192975],[-46.2880029,-11.9096549],[-46.3067835,-11.9137471],[-46.3530272,-11.8843192],[-46.3706583,-11.8895899],[-46.3807875,-11.8615878],[-46.3721335,-11.8299619],[-46.337911,-11.814101],[-46.3462438,-11.7843342],[-46.3436773,-11.7600875],[-46.3737917,-11.7663207],[-46.3785453,-11.7485209],[-46.3423999,-11.7374137],[-46.3077347,-11.6864407],[-46.3320947,-11.6723541],[-46.3407899,-11.6452377],[-46.345001,-11.6380606],[-46.3615956,-11.6328366],[-46.3872663,-11.6432525],[-46.3881494,-11.6395695],[-46.3862129,-11.6331226],[-46.3882178,-11.6300121],[-46.3850367,-11.627159],[-46.3826013,-11.6275373],[-46.38111,-11.626518],[-46.377092,-11.6270749],[-46.3783451,-11.6206629],[-46.3745685,-11.6193861],[-46.3715591,-11.6199903],[-46.3634696,-11.6189394],[-46.356895,-11.61925],[-46.3487293,-11.6168359],[-46.341836,-11.615764],[-46.3376839,-11.6073513],[-46.3330928,-11.6100315],[-46.3252939,-11.6045677],[-46.3225205,-11.6004164],[-46.2867875,-11.6158247],[-46.2519402,-11.6083185],[-46.2431617,-11.6110106],[-46.2142962,-11.6427527],[-46.1888905,-11.6484161],[-46.180797,-11.6463181],[-46.1702778,-11.6475696],[-46.1666285,-11.6482483],[-46.1620478,-11.6501322],[-46.1593871,-11.6497749],[-46.1550741,-11.6502005],[-46.1532073,-11.6490394],[-46.1549615,-11.6469431],[-46.1444858,-11.6243474],[-46.1073456,-11.625734],[-46.1043079,-11.6079673],[-46.2093463,-11.5853507],[-46.2504813,-11.536689],[-46.3481413,-11.5066007]],[[-46.3481413,-11.5066007],[-46.4404346,-11.520789],[-46.5240555,-11.4636343]],[[-46.5240555,-11.4636343],[-46.5276146,-11.402574]],[[-46.5276146,-11.402574],[-46.5319213,-11.3748773],[-46.5361996,-11.3718457],[-46.5683079,-11.3715657],[-46.5772146,-11.3606707],[-46.5765096,-11.3422773],[-46.5522029,-11.262799]],[[-46.5522029,-11.262799],[-46.4661796,-11.1337357],[-46.3415579,-10.9390123],[-46.2672663,-10.9348023],[-46.260537,-10.8120374],[-46.2264451,-10.7829371],[-46.206199,-10.8004666],[-46.195922,-10.745224],[-46.1651513,-10.7224792],[-46.1503463,-10.691554],[-46.1607629,-10.659439],[-46.1497049,-10.6359108],[-46.1272996,-10.6204473],[-46.0607652,-10.6001785],[-45.9746323,-10.5518698],[-45.9292229,-10.5216007],[-45.8708973,-10.5032789],[-45.8212513,-10.458074],[-45.7981846,-10.3232473],[-45.7268896,-10.3125357],[-45.6995761,-10.2596862],[-45.7019773,-10.1793504],[-45.7234839,-10.1554127]],[[-45.7234839,-10.1554127],[-45.7266392,-10.1568548]],[[-45.7266392,-10.1568548],[-45.734997,-10.1721653],[-45.7268217,-10.2071033],[-45.7440252,-10.2399559],[-45.7937433,-10.2676724],[-45.8670709,-10.2541064],[-45.8967285,-10.2642902],[-45.9156318,-10.3126645],[-45.8871714,-10.3404619],[-45.9109369,-10.3710886],[-45.9331981,-10.3700391],[-45.9711149,-10.3589393],[-45.9820642,-10.3260795],[-45.9973317,-10.3167634],[-45.9998711,-10.2966799],[-46.0282068,-10.2771033],[-46.0124233,-10.2506961]],[[-46.0124233,-10.2506961],[-46.0177241,-10.2403919]],[[-46.0177241,-10.2403919],[-46.0282782,-10.1768696],[-46.0390067,-10.1767342],[-46.0584106,-10.1855633],[-46.0928346,-10.2099009],[-46.135913,-10.2063543],[-46.1633034,-10.2136326],[-46.2020098,-10.1740091],[-46.2408341,-10.1718858],[-46.2682935,-10.1812102],[-46.3130818,-10.1728238],[-46.3275253,-10.1836944],[-46.3678895,-10.1688141],[-46.3839691,-10.1201424],[-46.420695,-10.0808792],[-46.4452004,-10.0773873],[-46.4565293,-10.0499237],[-46.457085,-10.0180174],[-46.4775839,-9.9883014],[-46.4770081,-9.9527489],[-46.4657237,-9.9370574],[-46.4786115,-9.9238687],[-46.4708399,-9.8980472],[-46.4803335,-9.8552553],[-46.4971395,-9.8436787],[-46.4936439,-9.8274242],[-46.5143077,-9.7977511],[-46.5423899,-9.8103118],[-46.5624781,-9.8106895],[-46.579665,-9.7963455],[-46.5708079,-9.7811042],[-46.5750865,-9.7585754],[-46.5961386,-9.7472513],[-46.6236666,-9.7502102],[-46.6443936,-9.7403333],[-46.6533374,-9.6934421],[-46.6130575,-9.6658082],[-46.6061184,-9.6301634],[-46.5955344,-9.6142346],[-46.5923881,-9.5872005],[-46.5391662,-9.5601446],[-46.540479,-9.5501624],[-46.5745282,-9.5206835],[-46.5591976,-9.4929926],[-46.5732556,-9.4777617],[-46.6275914,-9.4657229],[-46.6495644,-9.444091],[-46.6337571,-9.4137633],[-46.6659757,-9.3919186],[-46.7002276,-9.3989695],[-46.7233119,-9.3963646],[-46.7543134,-9.4138029],[-46.7659532,-9.4018957],[-46.7586743,-9.3812175],[-46.768315,-9.3655046],[-46.7991716,-9.3388432],[-46.8187517,-9.3034377],[-46.8353123,-9.3082186],[-46.8470632,-9.2924222],[-46.8189454,-9.2600573],[-46.8288944,-9.2400898],[-46.8196135,-9.2116185],[-46.8523673,-9.1861361],[-46.8478096,-9.1680103],[-46.861117,-9.1464228],[-46.8846186,-9.1439041],[-46.8999976,-9.1280193],[-46.9263087,-9.1349438],[-46.9302566,-9.1059806],[-46.9121494,-9.0827243],[-46.9216248,-9.0668129],[-46.9402883,-9.0637411],[-46.9759264,-9.0817295],[-47.0073415,-9.0821934],[-47.0411236,-9.0681621],[-47.0577274,-9.0529545],[-47.0358639,-8.989814],[-47.0215615,-8.9886406],[-47.0112552,-8.9466044],[-46.9714187,-8.9164052],[-46.9929219,-8.8788894],[-46.9813377,-8.869445],[-46.9597282,-8.8754498],[-46.9415578,-8.859479],[-46.9181468,-8.856995],[-46.9180873,-8.8396966],[-46.9028067,-8.8145359],[-46.9075097,-8.7720788],[-46.9248679,-8.7442212],[-46.9143685,-8.7085831],[-46.8869493,-8.6864898],[-46.8891737,-8.6697885],[-46.9163941,-8.6484068],[-46.9170946,-8.6329114],[-46.8977279,-8.6010165],[-46.9022558,-8.5862755],[-46.8624212,-8.55537],[-46.8433518,-8.5228537],[-46.8491469,-8.4746502],[-46.8234833,-8.4744962],[-46.8005095,-8.4540934],[-46.7954804,-8.429969],[-46.8026138,-8.4060856],[-46.7857303,-8.3953681],[-46.7824337,-8.3680837],[-46.7711398,-8.3744094],[-46.7612149,-8.37844],[-46.7365293,-8.3792104],[-46.7196219,-8.3651869]],[[-46.7196219,-8.3651869],[-46.7025988,-8.3481655],[-46.6812625,-8.3399746]],[[-46.6812625,-8.3399746],[-46.6697575,-8.3355879],[-46.6338866,-8.3183546],[-46.6181987,-8.3259622],[-46.6005099,-8.3252595],[-46.5850435,-8.3258957],[-46.5711328,-8.3232143],[-46.5596336,-8.3227579],[-46.532111,-8.2989357]],[[-46.532111,-8.2989357],[-46.519411,-8.291932],[-46.516788,-8.2881379],[-46.5068685,-8.2658847],[-46.5070193,-8.2486586]],[[-46.5070193,-8.2486586],[-46.5033796,-8.2209768],[-46.4891624,-8.2077175],[-46.4935179,-8.1908103],[-46.5152227,-8.1728593],[-46.5062965,-8.1552839],[-46.4825614,-8.0887668],[-46.4709985,-8.0778538],[-46.4766182,-8.0511944],[-46.4779925,-8.0400845],[-46.4776088,-8.0215425],[-46.4783546,-8.0104534],[-46.5010969,-7.9732902],[-46.5194357,-7.9584282],[-46.5267418,-7.9560663],[-46.5598218,-7.9408804],[-46.577697,-7.9111659],[-46.5992503,-7.9000788],[-46.6146338,-7.8971296],[-46.6494081,-7.9100205],[-46.694513,-7.9167979],[-46.70928,-7.9134842],[-46.7461334,-7.927386],[-46.7861749,-7.952884],[-46.8139012,-7.9511515],[-46.8378081,-7.9593901],[-46.8832574,-7.9642485],[-46.8960416,-7.9860631],[-46.909218,-7.9804195],[-46.9416367,-7.9979071],[-46.970654,-8.0435818],[-47.0031523,-8.0638818],[-47.0386817,-8.0545793],[-47.0455514,-8.0462598],[-47.0541518,-8.04239],[-47.0624465,-8.0045961],[-47.0997545,-7.9846888],[-47.1036372,-7.9540427],[-47.1271626,-7.9244347],[-47.1390131,-7.9253498],[-47.1470843,-7.8968663],[-47.1877127,-7.8586617],[-47.2073757,-7.8337771],[-47.2403072,-7.8138036],[-47.235753,-7.8042997],[-47.2632039,-7.7520021],[-47.2889445,-7.7295401],[-47.3058134,-7.7348062],[-47.3161674,-7.7175096],[-47.3029899,-7.6902464],[-47.3316711,-7.6854401],[-47.3387494,-7.6669041],[-47.3230007,-7.655917],[-47.3369882,-7.6362198],[-47.3884071,-7.6324683],[-47.383018,-7.6003894],[-47.4051568,-7.5871964],[-47.3990893,-7.5691277],[-47.439975,-7.5559998],[-47.4251086,-7.5285591],[-47.4610895,-7.5183631],[-47.4802534,-7.5260026],[-47.4805071,-7.4915047],[-47.4963582,-7.4813961],[-47.501525,-7.4397949],[-47.5284919,-7.4335397],[-47.5628339,-7.4506335],[-47.5915697,-7.4400683]],[[-47.5915697,-7.4400683],[-47.6034561,-7.4550623]],[[-48.1122566,-8.7648067],[-48.1123677,-8.7877161],[-48.1146518,-8.7980789],[-48.1229782,-8.8176285]],[[-44.9662021,-1.2711372],[-44.9865661,-1.2661465],[-45.0017248,-1.292035],[-44.9872873,-1.3226586],[-45.028776,-1.3180265],[-45.033862,-1.3380293],[-45.014585,-1.3535851],[-45.0214093,-1.3840191],[-45.0053356,-1.4008204],[-44.9682279,-1.3904831],[-44.9434249,-1.3649817],[-44.9014277,-1.3371745],[-44.8866174,-1.3456093],[-44.8669234,-1.3287447],[-44.8781392,-1.2854746],[-44.9290041,-1.2667719],[-44.9662021,-1.2711372]],[[-45.0973948,-1.3855524],[-45.1149066,-1.3630995],[-45.1268047,-1.3854402],[-45.0973948,-1.3855524]],[[-44.7516669,-1.4683694],[-44.7664101,-1.4579916],[-44.7748462,-1.4951794],[-44.7929195,-1.5259713],[-44.7458519,-1.5120719],[-44.7423289,-1.4926994],[-44.7516669,-1.4683694]],[[-44.7972737,-1.5334291],[-44.7949989,-1.5128982],[-44.8335552,-1.5344377],[-44.8277878,-1.5563756],[-44.8091403,-1.5609906],[-44.7972737,-1.5334291]],[[-45.1056566,-1.4676735],[-45.1098464,-1.4373184],[-45.1241557,-1.4389308],[-45.1292147,-1.4717211],[-45.1056566,-1.4676735]],[[-44.7322558,-1.5441424],[-44.7532664,-1.5369047],[-44.7626036,-1.5800231],[-44.7351719,-1.5564704],[-44.7322558,-1.5441424]],[[-42.2225544,-2.6922353],[-42.2550401,-2.6758109],[-42.2627295,-2.7278613],[-42.2526305,-2.7380892],[-42.2635558,-2.7579038],[-42.3401039,-2.7485797],[-42.3614362,-2.7295645],[-42.3646388,-2.7156394],[-42.4216335,-2.7139179],[-42.4755408,-2.69971],[-42.4938603,-2.7049288],[-42.5042444,-2.6781208],[-42.5613215,-2.6786391],[-42.5873554,-2.6690043],[-42.6210092,-2.6450801],[-42.7021335,-2.5689462],[-42.7227119,-2.5562389],[-42.7489808,-2.5607334],[-42.763197,-2.5454551],[-42.8252915,-2.5447232],[-42.9633508,-2.4752786],[-43.054906,-2.4401398],[-43.1047272,-2.4156815],[-43.1538888,-2.3967341],[-43.2374131,-2.3586896],[-43.2919271,-2.3431053],[-43.3304852,-2.3366592],[-43.3739505,-2.3394225],[-43.4027762,-2.3354842],[-43.4414269,-2.3416982],[-43.4785084,-2.3669157],[-43.4841038,-2.383499],[-43.4520953,-2.4426008],[-43.4566175,-2.4826229],[-43.4696169,-2.4880387],[-43.5070331,-2.4775487],[-43.5209629,-2.4546667],[-43.5160764,-2.4245194],[-43.5374497,-2.4219104],[-43.554675,-2.4475319],[-43.5580885,-2.4798874],[-43.5805513,-2.5070512],[-43.5922166,-2.490461],[-43.5743297,-2.4803178],[-43.5797943,-2.4586428],[-43.6125278,-2.5065254],[-43.6262012,-2.5102068],[-43.6640642,-2.4879463],[-43.6803476,-2.5122124],[-43.7031501,-2.5090302],[-43.6954534,-2.4843487],[-43.7169568,-2.4758836],[-43.7466075,-2.4935863],[-43.7678236,-2.4939081],[-43.7759245,-2.4727001],[-43.760094,-2.4658732],[-43.7398722,-2.4321661],[-43.710462,-2.4271639],[-43.6875871,-2.3976532],[-43.6452069,-2.4027164],[-43.6288315,-2.3582626],[-43.6305903,-2.3273879],[-43.6235881,-2.3031106],[-43.594321,-2.2827108],[-43.6028905,-2.2592029],[-43.6272105,-2.2512337],[-43.6962416,-2.2767097],[-43.7181198,-2.2888024],[-43.7273569,-2.3337741],[-43.739594,-2.3503498],[-43.7251768,-2.3679924],[-43.7268003,-2.3864684],[-43.7572472,-2.4068376],[-43.7588464,-2.4160997],[-43.7983976,-2.4395976],[-43.8004645,-2.3902511],[-43.8381131,-2.4166562],[-43.8314935,-2.4401569],[-43.8421589,-2.4486542],[-43.8468201,-2.5018685],[-43.8722839,-2.5158382],[-43.8911662,-2.5354441],[-43.89368,-2.5564613],[-43.9312195,-2.5616223],[-43.9538655,-2.6053007],[-43.9565437,-2.621532],[-44.003944,-2.6381525],[-44.0225752,-2.6526069],[-44.0542486,-2.7113015],[-44.0775712,-2.7426212],[-44.0949129,-2.75325],[-44.1151918,-2.7483635],[-44.1364039,-2.7664455],[-44.1852856,-2.7641934],[-44.2197127,-2.7704081],[-44.2414346,-2.7805082],[-44.2577261,-2.7775725],[-44.2660385,-2.757982],[-44.251363,-2.7321124],[-44.2222595,-2.726325],[-44.1946156,-2.7051436],[-44.1647833,-2.6995888],[-44.1375868,-2.681636],[-44.1317911,-2.6563219],[-44.1056932,-2.6292448],[-44.1056653,-2.6033728],[-44.0801434,-2.5635338],[-44.0340172,-2.5499031],[-44.0238605,-2.5082929],[-44.0525161,-2.470319],[-44.0435001,-2.4521357],[-44.0250421,-2.4503289],[-44.0317714,-2.4062801],[-44.0648571,-2.4033421],[-44.1008287,-2.4097194],[-44.1519536,-2.4343493],[-44.1744068,-2.4583777],[-44.2031543,-2.464532],[-44.2259255,-2.4769518],[-44.2998438,-2.4861852],[-44.3208355,-2.5271834],[-44.3559533,-2.5327634],[-44.3549165,-2.5485417],[-44.370678,-2.5714595],[-44.3540919,-2.6031972],[-44.3804292,-2.668178],[-44.3792172,-2.6841675],[-44.3917063,-2.7205383],[-44.3886679,-2.753767],[-44.403057,-2.7695457],[-44.410448,-2.8114122],[-44.4062131,-2.8821781],[-44.4248175,-2.9439339],[-44.4488553,-2.9809577],[-44.4961175,-3.0265815],[-44.5324988,-3.0440498],[-44.5971538,-3.0400478],[-44.6582157,-3.0153773],[-44.6715336,-3.0045212],[-44.6795093,-2.9773749],[-44.6792079,-2.9170471],[-44.6506763,-2.8914676],[-44.6326205,-2.8458973],[-44.6516071,-2.8074561],[-44.6454458,-2.7815071],[-44.6238064,-2.7389322],[-44.6265548,-2.702094],[-44.6065877,-2.6895843],[-44.5857519,-2.6589463],[-44.5716838,-2.6231964],[-44.5572532,-2.6042223],[-44.5376573,-2.5477667],[-44.5345819,-2.527683],[-44.5121871,-2.5351872],[-44.4902258,-2.5217285],[-44.4759972,-2.4850476],[-44.4603721,-2.4807485],[-44.4429414,-2.4575159],[-44.4464187,-2.4416072],[-44.4726618,-2.4280629],[-44.4778895,-2.4112011],[-44.4049676,-2.4156149],[-44.3879763,-2.4088868],[-44.3723585,-2.3807378],[-44.3800655,-2.3592815],[-44.3578246,-2.3401843],[-44.3637759,-2.3121547],[-44.3837893,-2.2766636],[-44.3984631,-2.2143858],[-44.435365,-2.1658855],[-44.4641781,-2.1467091],[-44.485482,-2.1460397],[-44.5298204,-2.1595826],[-44.539997,-2.1890102],[-44.5793295,-2.2269986],[-44.5986412,-2.2510094],[-44.6160988,-2.2579701],[-44.6270393,-2.289704],[-44.6387692,-2.2958522],[-44.6717808,-2.2876893],[-44.6836729,-2.2561427],[-44.6606277,-2.2477449],[-44.6278195,-2.2218476],[-44.5872919,-2.1655535],[-44.5886114,-2.1368446],[-44.566719,-2.1256263],[-44.5550637,-2.0974638],[-44.5290007,-2.0799418],[-44.4979537,-2.0493448],[-44.496788,-2.0257432],[-44.5324984,-2.0362582],[-44.535555,-2.0196477],[-44.5076408,-2.0092098],[-44.4812537,-1.9868997],[-44.4958287,-1.9719053],[-44.4924108,-1.9422359],[-44.5145672,-1.8857296],[-44.5537733,-1.8816402],[-44.5389028,-1.8512743],[-44.5684406,-1.8248669],[-44.5632453,-1.8075625],[-44.6167768,-1.7589094],[-44.5996649,-1.747862],[-44.6115965,-1.7320704],[-44.6490335,-1.7152087],[-44.6542556,-1.7418682],[-44.6474827,-1.7587284],[-44.6808578,-1.7726448],[-44.7031838,-1.7684633],[-44.7194067,-1.7804358],[-44.7523595,-1.7891395],[-44.7009158,-1.7262436],[-44.7543681,-1.7179919],[-44.7892244,-1.6934093],[-44.7598764,-1.6739789],[-44.738208,-1.6505464],[-44.6750018,-1.6413743],[-44.6584889,-1.6597566],[-44.6363315,-1.6165594],[-44.6570985,-1.5877507],[-44.705111,-1.553801],[-44.7233624,-1.5567241],[-44.7582053,-1.5920846],[-44.7788165,-1.5784472],[-44.8026869,-1.5894386],[-44.8357046,-1.5729409],[-44.8410776,-1.6030264],[-44.861378,-1.6183573],[-44.8717494,-1.6013344],[-44.8992657,-1.6071915],[-44.9125371,-1.5943502],[-44.9177152,-1.5647063],[-44.9125461,-1.5409997],[-44.9000356,-1.5352831],[-44.8725439,-1.4855886],[-44.843488,-1.4784611],[-44.8305433,-1.4277163],[-44.8604482,-1.411296],[-44.8863524,-1.4201299],[-44.8992003,-1.4460825],[-44.9548712,-1.4912888],[-44.9609109,-1.5131695],[-44.948193,-1.5384051],[-44.961222,-1.5433726],[-45.0064892,-1.4861296],[-45.0488938,-1.4903513],[-45.0706291,-1.4682485],[-45.0967094,-1.4554646],[-45.103193,-1.4731292],[-45.1324901,-1.4847851],[-45.1585653,-1.4747577],[-45.1665536,-1.489579],[-45.1980237,-1.488425],[-45.2054023,-1.5184448],[-45.2321302,-1.5474558],[-45.2495865,-1.5872259],[-45.2682033,-1.5985924],[-45.3237831,-1.597038]],[[-45.3237831,-1.597038],[-45.355535,-1.7091024],[-45.3470921,-1.7324921],[-45.3188874,-1.7414023],[-45.2888467,-1.7272067],[-45.272699,-1.7325455],[-45.2359657,-1.7936351],[-45.246818,-1.82077],[-45.2406132,-1.8403333],[-45.2098946,-1.8659364],[-45.1780258,-1.8565752],[-45.1760097,-1.8833945],[-45.1442092,-1.9038603],[-45.1572098,-1.9292533],[-45.1564553,-1.9553883],[-45.1742507,-1.9571115],[-45.1809476,-2.0305833],[-45.2132644,-2.0559597],[-45.2292519,-2.0610452],[-45.233578,-2.0654151],[-45.2386914,-2.0670034],[-45.2374575,-2.0626601],[-45.2413673,-2.0671725],[-45.2404836,-2.1080154],[-45.2727796,-2.1454839],[-45.2880958,-2.1553844],[-45.2922048,-2.1887872],[-45.2880086,-2.2116948],[-45.3107985,-2.233213],[-45.3236467,-2.2664533],[-45.3410999,-2.2932009],[-45.3471857,-2.3361484],[-45.3795131,-2.3089199],[-45.3870372,-2.2779892],[-45.4302133,-2.3047411],[-45.4813466,-2.3265155],[-45.5042799,-2.3319283],[-45.5135442,-2.3620956],[-45.5453172,-2.3598985],[-45.58627,-2.3839413],[-45.6133746,-2.364587],[-45.6414715,-2.361129],[-45.6415992,-2.4584817],[-45.5609584,-2.4814616],[-45.594438,-2.5572256],[-45.5943041,-2.605761],[-45.6418091,-2.6536031],[-45.6379677,-2.9026623]],[[-45.6379677,-2.9026623],[-45.6235149,-3.0619052],[-45.6106111,-3.1168228]],[[-45.6106111,-3.1168228],[-45.6083728,-3.1484584],[-45.5997321,-3.1871406],[-45.5793471,-3.2422447],[-45.5589473,-3.2730311],[-45.5521847,-3.2794829],[-45.4903245,-3.3068172],[-45.4440898,-3.3994245],[-45.5422404,-3.4850215],[-45.544399,-3.4972841],[-45.5416137,-3.5027377],[-45.540533,-3.5085927],[-45.5334512,-3.5147429],[-45.5352211,-3.5259052],[-45.5300479,-3.5286587],[-45.5194552,-3.5445868],[-45.5267354,-3.5617173],[-45.524367,-3.5695194],[-45.5204856,-3.5806206],[-45.5149406,-3.5786361],[-45.5099648,-3.5756504],[-45.5067545,-3.5796557],[-45.4930583,-3.605831],[-45.4880694,-3.6097536],[-45.4581684,-3.5931885],[-45.3891884,-3.5699623],[-45.3598758,-3.5761632],[-45.3447384,-3.6036041],[-45.3236515,-3.6028034],[-45.3002077,-3.5853696],[-45.2778834,-3.5893963],[-45.318436,-3.6376026],[-45.3307184,-3.6732918],[-45.3429348,-3.6840698],[-45.3225465,-3.7475309],[-45.3179222,-3.7813222],[-45.3283681,-3.8439762]],[[-45.3283681,-3.8439762],[-45.3244171,-3.8435465]],[[-45.3244171,-3.8435465],[-45.317121,-3.8319884],[-45.3125974,-3.8246446],[-45.3079289,-3.819244],[-45.2991243,-3.7997718],[-45.2561028,-3.7989806],[-45.2196396,-3.7723603],[-45.2105569,-3.7807519],[-45.2038923,-3.784969],[-45.1990775,-3.7786684],[-45.1925642,-3.7765838],[-45.1540082,-3.7299178],[-45.1399091,-3.7263633],[-45.1131063,-3.748861],[-45.088703,-3.72278],[-45.0553682,-3.715269],[-45.0426951,-3.7233612],[-45.0003992,-3.7942884],[-44.9331777,-3.9162645],[-44.6220798,-3.8508211],[-44.6121135,-3.847781],[-44.5053946,-3.8487516],[-44.4802633,-3.9051679],[-44.4800429,-3.9191645],[-44.4226537,-3.9322273],[-44.4156028,-3.9336756],[-44.4097693,-3.9051349],[-44.3931822,-3.8965714],[-44.3875897,-3.8784201],[-44.3611374,-3.8649482],[-44.3536676,-3.8489275]],[[-44.3536676,-3.8489275],[-44.1988197,-3.9274449]],[[-44.1988197,-3.9274449],[-44.1659732,-3.9104703],[-44.1554957,-3.8368367],[-43.9927638,-3.8424361],[-43.9380703,-4.0004692],[-43.8950229,-3.9674792],[-43.7283881,-3.9349298],[-43.6066977,-3.6186727],[-43.7390894,-3.429283],[-43.7157857,-3.4078643],[-43.7267085,-3.3821559],[-43.7456215,-3.3780634],[-43.7549857,-3.3461062]],[[-43.7549857,-3.3461062],[-43.7560361,-3.3352558],[-43.7649856,-3.3217812],[-43.7679266,-3.3201993],[-43.7864499,-3.3320155]],[[-43.7864499,-3.3320155],[-43.8041773,-3.3152913],[-43.7995854,-3.2925996],[-43.7833923,-3.2925577],[-43.6066356,-3.172094],[-43.5421452,-3.1296697],[-43.5713136,-3.0381129],[-43.5511279,-3.0216034],[-43.5472674,-3.0043792],[-43.5228181,-3.0165744],[-43.5011608,-3.0175289],[-43.4869558,-2.9891517],[-43.4748553,-2.9812183],[-43.3191096,-3.021937],[-43.2978485,-3.0214673],[-43.2582132,-3.0044326],[-43.2427527,-2.9920423],[-43.2217065,-3.0222636],[-43.1804789,-2.9950162],[-43.1686264,-3.0036867],[-43.1406353,-3.0779162],[-43.1502685,-3.0870068],[-42.8247554,-3.2161294],[-42.7984832,-3.1486746],[-42.7712567,-3.1367198],[-42.7631618,-3.1233065],[-42.7575306,-3.0558489],[-42.6965592,-3.0625913],[-42.6963256,-3.175562],[-42.5346974,-3.0919022],[-42.309277,-3.0924792],[-42.1742806,-2.8406907],[-42.1708622,-2.8118333],[-42.1276371,-2.8011763],[-42.1178254,-2.7450706],[-42.130251,-2.7403405]],[[-42.130251,-2.7403405],[-42.1366635,-2.7301597],[-42.1492729,-2.721076],[-42.1698558,-2.7168971]],[[-42.1698558,-2.7168971],[-42.1845306,-2.7107976],[-42.2225544,-2.6922353]],[[-44.4884831,-2.7237891],[-44.5363495,-2.75386],[-44.5861828,-2.8146511],[-44.5803079,-2.8594035],[-44.5896166,-2.8948399],[-44.6007605,-2.9049776],[-44.6138694,-2.9505527],[-44.6409445,-2.9697962],[-44.6365199,-2.9831289],[-44.5920609,-3.0151757],[-44.5827777,-3.0318234],[-44.5609183,-3.0225313],[-44.4897079,-2.9713835],[-44.4790204,-2.9578603],[-44.4819137,-2.9383652],[-44.4760915,-2.876649],[-44.4821107,-2.8080102],[-44.4767419,-2.7825377],[-44.4757596,-2.7344542],[-44.4884831,-2.7237891]],[[-43.542093,-2.3606025],[-43.558058,-2.3554962],[-43.598341,-2.3668571],[-43.6128797,-2.3784923],[-43.5997653,-2.4074293],[-43.5815211,-2.4232781],[-43.5618867,-2.4238154],[-43.5435019,-2.3867506],[-43.542093,-2.3606025]],[[-43.5063247,-2.4043397],[-43.5066243,-2.3839978],[-43.5268369,-2.3707381],[-43.5372177,-2.4056358],[-43.5063247,-2.4043397]],[[-43.7542297,-2.3770511],[-43.7706319,-2.3692636],[-43.7869607,-2.3774446],[-43.7770833,-2.4094176],[-43.7542297,-2.3770511]],[[-45.6852589,-1.2630651],[-45.6707437,-1.251961],[-45.668519,-1.2220026],[-45.6880151,-1.1836537],[-45.7108797,-1.2279569],[-45.7094308,-1.2442837],[-45.6852589,-1.2630651]],[[-45.5332128,-1.2258253],[-45.5393473,-1.2052159],[-45.5645039,-1.1925559],[-45.5805174,-1.198006],[-45.5780755,-1.2307637],[-45.5332128,-1.2258253]],[[-47.4456221,-6.0015723],[-47.4346358,-6.0204377],[-47.4284652,-6.0362755],[-47.4280224,-6.0471774],[-47.4302297,-6.0683528]],[[-47.4302297,-6.0683528],[-47.428436,-6.075758],[-47.4016024,-6.0791324],[-47.3396621,-6.0860244],[-47.3132909,-6.0705533],[-47.2851009,-6.1007384],[-47.2504562,-6.1008879],[-47.2382298,-6.1151735],[-47.2061189,-6.1178753],[-47.1919108,-6.1063108],[-47.1652457,-6.1125953],[-47.1550995,-6.1128302],[-47.1253368,-6.1492198],[-47.0882788,-6.1543275],[-47.0658942,-6.1700624],[-47.056281,-6.1867636],[-47.0239141,-6.2177171],[-46.9812109,-6.2209672],[-46.9692619,-6.2292525],[-46.94386,-6.2195679],[-46.9195138,-6.2198763],[-46.8553971,-6.1890891],[-46.8005995,-6.2038777],[-46.7948073,-6.1924369],[-46.7874555,-6.1986291],[-46.749126,-6.193355],[-46.7410697,-6.1965114],[-46.7361705,-6.1968431],[-46.7313856,-6.1916805],[-46.7208473,-6.1912122],[-46.7040816,-6.1879657],[-46.7020367,-6.1899123]],[[-46.7020367,-6.1899123],[-46.6914407,-6.1606093]],[[-46.6914407,-6.1606093],[-46.6821095,-6.1575158],[-46.6784533,-6.153205],[-46.6722422,-6.1340124],[-46.6725542,-6.1281275],[-46.692515,-6.1110614]],[[-46.692515,-6.1110614],[-46.7106188,-6.1058551],[-46.7198442,-6.0909357],[-46.7140741,-6.0764308],[-46.7314677,-6.0567944],[-46.7422759,-6.0344231],[-46.7464401,-6.0049039],[-46.7523375,-5.9921389],[-46.7707856,-5.9801054]],[[-46.7707856,-5.9801054],[-46.7785501,-5.9764132],[-46.7858156,-5.959816],[-46.7827986,-5.9461213]],[[-46.7827986,-5.9461213],[-46.7860334,-5.9302798],[-46.7764749,-5.9073777],[-46.7927555,-5.8907203],[-46.7824249,-5.829915],[-46.7628043,-5.8181566],[-46.7564023,-5.7924526],[-46.7395508,-5.7790942],[-46.7373223,-5.7552927],[-46.6947364,-5.7436052],[-46.6706654,-5.7683405],[-46.6383184,-5.7504354],[-46.6271641,-5.7560672],[-46.6062284,-5.7417904],[-46.5498502,-5.7346445],[-46.4635604,-5.7503796],[-46.4376949,-5.7243329],[-46.397887,-5.7161354],[-46.3767507,-5.6794869],[-46.3490315,-5.6783717],[-46.3299733,-5.655328],[-46.3299687,-5.3340495],[-46.3479774,-5.296293],[-46.3212764,-5.2643009],[-46.3132198,-5.2209769],[-46.2868048,-5.200725],[-46.2844424,-5.1849304],[-46.2368002,-5.1425714],[-46.220085,-5.1352866],[-46.1963087,-5.0916824],[-46.1907777,-5.0717675],[-46.1670568,-5.0539824],[-46.1375773,-5.0553331],[-46.1139969,-5.0460717],[-46.0691955,-5.0000851],[-46.0545842,-4.9673031],[-46.0260088,-4.9337007],[-46.0267924,-4.9153454],[-46.0113671,-4.86333],[-46.027168,-4.8368281],[-46.0283542,-4.8054995],[-46.0413973,-4.799421],[-46.0292405,-4.7674891],[-45.9999831,-4.7343416],[-45.9758186,-4.7249199],[-45.9582894,-4.6986908],[-45.9567498,-4.6766088],[-45.9282772,-4.6616854],[-45.9230048,-4.6397747],[-45.8674974,-4.6275222],[-45.8490386,-4.7439472],[-45.712249,-4.7751656],[-45.7070215,-4.8335767],[-45.6082616,-4.8886489],[-45.5895435,-4.896533],[-45.5719007,-4.9208641],[-45.5873052,-4.9780113],[-45.5992886,-4.9931486],[-45.2798475,-5.0552767],[-45.2603215,-5.0279708],[-45.2097153,-4.9997286],[-45.1329533,-4.9972092],[-45.1178898,-4.9921347],[-45.1042715,-4.9687281],[-45.0440223,-4.9377097],[-45.0407705,-4.9122611],[-45.1185245,-4.9402496],[-45.1252512,-4.9131567],[-45.1556388,-4.8625821],[-45.1447432,-4.7410902],[-45.0400226,-4.6912045],[-45.0455017,-4.668387],[-45.0848951,-4.6238684],[-45.0820557,-4.5967833],[-45.0605422,-4.570322],[-45.0527385,-4.5176728],[-45.0424554,-4.4841757],[-45.0609964,-4.4556642],[-45.0889949,-4.4502528],[-45.0930624,-4.4236934],[-45.1186096,-4.4195866],[-45.1330687,-4.395062],[-45.1218718,-4.3780287],[-45.1164257,-4.3397782],[-45.1067243,-4.3288365],[-45.2039954,-4.197432],[-45.213652,-4.1680459],[-45.2245099,-4.1608343],[-45.2545756,-4.1483175],[-45.2699303,-4.1209347],[-45.3135243,-4.0943308],[-45.3196797,-4.0680737],[-45.2941991,-4.0238898],[-45.3162359,-3.9547074],[-45.3268553,-3.9059381],[-45.3362304,-3.9031746],[-45.3356586,-3.8979443],[-45.3342727,-3.8842205],[-45.3390102,-3.8660005],[-45.3364317,-3.8586586],[-45.3315038,-3.853194],[-45.3269954,-3.8487119]],[[-45.3269954,-3.8487119],[-45.3283681,-3.8439762]],[[-45.6106111,-3.1168228],[-45.6217399,-3.0725884],[-45.6379677,-2.9026623]],[[-45.3237831,-1.597038],[-45.3434691,-1.5867941],[-45.321884,-1.5441976],[-45.3084477,-1.4968108],[-45.3162845,-1.4863264],[-45.383413,-1.4666555],[-45.3102957,-1.4379595],[-45.2979255,-1.4130962],[-45.3078855,-1.3671724],[-45.3048976,-1.3364114],[-45.3449908,-1.3128683],[-45.3562905,-1.3317941],[-45.3703829,-1.3955306],[-45.3909708,-1.4133832],[-45.4361972,-1.4283951],[-45.458129,-1.4701217],[-45.4760391,-1.4798848],[-45.4889818,-1.4707818],[-45.4872592,-1.4418201],[-45.474976,-1.3720072],[-45.4216764,-1.3530531],[-45.4074934,-1.3247541],[-45.4173105,-1.2955503],[-45.4471099,-1.292881],[-45.4618153,-1.3170527],[-45.4944899,-1.3529629],[-45.5027106,-1.3751433],[-45.5267855,-1.3587696],[-45.5191177,-1.3193135],[-45.5449925,-1.3013778],[-45.5489371,-1.276383],[-45.5734152,-1.2867296],[-45.5937076,-1.2667204],[-45.6258967,-1.2836175],[-45.6402329,-1.2772767],[-45.633494,-1.2457315],[-45.6427317,-1.2319227],[-45.6364092,-1.1925335],[-45.6178125,-1.18044],[-45.6135664,-1.1629369],[-45.634618,-1.1483984],[-45.6483426,-1.2146637],[-45.6463001,-1.2321743],[-45.6634596,-1.2535027],[-45.6898993,-1.2736014],[-45.7065024,-1.270058],[-45.73441,-1.2349627],[-45.7329876,-1.1996034],[-45.6909081,-1.1486673],[-45.7235216,-1.1291686],[-45.7424287,-1.1406046],[-45.7488592,-1.1639952],[-45.768167,-1.1989824],[-45.7996427,-1.1799169],[-45.8021239,-1.1612731],[-45.8299424,-1.1792825],[-45.82585,-1.1985266],[-45.8444438,-1.2124599],[-45.8688529,-1.201516],[-45.8622625,-1.1811872],[-45.8811485,-1.1654235],[-45.8830969,-1.1494545],[-45.8647027,-1.1306539],[-45.8649479,-1.1083212],[-45.8435407,-1.0828239],[-45.8524516,-1.0546563],[-45.8715496,-1.0525306],[-45.8959041,-1.0994692],[-45.8948567,-1.1126371],[-45.9465218,-1.1955882],[-45.9577631,-1.1951372],[-45.9630998,-1.1095681],[-45.9854304,-1.0497949],[-46.0031998,-1.0769639],[-46.0179893,-1.0805274],[-46.0750388,-1.1609984],[-46.0770824,-1.1962431],[-46.1041135,-1.2019666]],[[-46.4274939,-2.4016892],[-46.4393678,-2.4131621],[-46.442153,-2.4194111],[-46.4388791,-2.44138]],[[-46.4324291,-2.4654966],[-46.4329666,-2.467791],[-46.4395143,-2.473991]],[[-45.8191057,-1.154639],[-45.8045051,-1.1442503],[-45.805692,-1.1271903],[-45.8278374,-1.1287108],[-45.8191057,-1.154639]],[[-46.7827986,-5.9461213],[-46.7856817,-5.9570802],[-46.784953,-5.9634309],[-46.7776862,-5.9772597],[-46.7707856,-5.9801054]],[[-46.692515,-6.1110614],[-46.6746298,-6.1260089],[-46.6717102,-6.1302456],[-46.6800697,-6.1557746],[-46.6847634,-6.1588858],[-46.6914407,-6.1606093]],[[-46.7020367,-6.1899123],[-46.6937962,-6.1913664],[-46.681242,-6.2032402],[-46.6216572,-6.2088714],[-46.6115689,-6.2122658],[-46.6192602,-6.2364069],[-46.6204502,-6.2470173],[-46.6423336,-6.2675602],[-46.6547102,-6.2833269],[-46.6899852,-6.2991743],[-46.6887803,-6.3211828],[-46.6767568,-6.328737],[-46.6950305,-6.3535234],[-46.6788965,-6.3733342],[-46.7171024,-6.4162077],[-46.7079131,-6.4345777],[-46.726451,-6.4532648],[-46.7266947,-6.4893827],[-46.7189241,-6.5049049],[-46.7362399,-6.538546],[-46.7339746,-6.5522449],[-46.7528594,-6.5662036],[-46.7527695,-6.586038]],[[-46.7527695,-6.586038],[-46.7584046,-6.5882626],[-46.7619024,-6.5952261],[-46.7622382,-6.6001047],[-46.7571783,-6.6245736]],[[-46.7571783,-6.6245736],[-46.7298124,-6.6641039],[-46.7414588,-6.6725864],[-46.7183689,-6.6975619],[-46.691114,-6.6993718],[-46.6578754,-6.7203292],[-46.6403974,-6.7186724],[-46.6143766,-6.7035874],[-46.5929314,-6.7155986],[-46.5817513,-6.7058709],[-46.5553717,-6.7380156],[-46.5256768,-6.7428587],[-46.517497,-6.7698444],[-46.5009606,-6.7783214],[-46.4960844,-6.8069857],[-46.4638329,-6.8108713],[-46.4511171,-6.7960174],[-46.4168265,-6.8159611],[-46.4066035,-6.8319988],[-46.3867293,-6.8410385],[-46.3717378,-6.858157],[-46.3625947,-6.9000701],[-46.3347361,-6.9085071],[-46.3189676,-6.9110423],[-46.3022607,-6.9053854],[-46.3010429,-6.8969046],[-46.3001854,-6.8857871],[-46.2906089,-6.8719377],[-46.2950544,-6.8540482],[-46.2870652,-6.8504247],[-46.2763431,-6.8530298]],[[-46.2763431,-6.8530298],[-46.2681494,-6.8428207],[-46.2577868,-6.8441837],[-46.240697,-6.8501425]],[[-46.240697,-6.8501425],[-46.2480861,-6.8291037],[-46.2313508,-6.7881401],[-46.2122401,-6.7736777],[-46.1510165,-6.767716],[-46.1549508,-6.7120201],[-46.1348676,-6.7141741],[-46.1256121,-6.6895598],[-46.1325197,-6.6881882],[-46.1194575,-6.6852513],[-46.0934142,-6.6727784],[-46.0942303,-6.6773231],[-46.0791085,-6.6846887],[-46.0602557,-6.6694869],[-46.0570156,-6.6720575],[-46.0408868,-6.6950051],[-45.9959822,-6.670787],[-45.9775841,-6.6542497],[-45.9913313,-6.6410452],[-45.9856485,-6.6365484],[-45.9486091,-6.6405509],[-45.9285191,-6.6425849],[-45.9260289,-6.6467509]],[[-45.9260289,-6.6467509],[-45.9108328,-6.641566]],[[-45.9108328,-6.641566],[-45.8866755,-6.631294],[-45.8306912,-6.596738],[-45.8089486,-6.5972471],[-45.7879488,-6.5899814],[-45.7761296,-6.5883413],[-45.7754161,-6.5854981],[-45.7666657,-6.5817209],[-45.7593159,-6.5665648],[-45.7493852,-6.5630256],[-45.7391908,-6.5419491],[-45.7223953,-6.5298874],[-45.7289908,-6.5149487],[-45.706307,-6.4680831],[-45.6618056,-6.4778724],[-45.6283288,-6.4770382],[-45.5929963,-6.4605304],[-45.5881094,-6.4510633],[-45.5539668,-6.4528516],[-45.5434135,-6.4390004],[-45.5161013,-6.4367318],[-45.4977937,-6.4188628],[-45.4211058,-6.4298976],[-45.3791873,-6.4216972],[-45.355413,-6.4076705],[-45.3328869,-6.4064336],[-45.3061829,-6.3940699],[-45.2704091,-6.3529667],[-45.2343254,-6.3340845],[-45.214129,-6.3172949],[-45.1646592,-6.3019604],[-45.1289636,-6.3062764],[-45.1040157,-6.3231329],[-45.0926554,-6.3152098],[-45.0622421,-6.351538],[-45.0439648,-6.3442197],[-45.0237431,-6.3504519],[-44.9856058,-6.3514314],[-44.9357997,-6.3148482],[-44.9198489,-6.2936441],[-44.9117348,-6.2576526],[-44.9011306,-6.2464957],[-44.8935765,-6.2094249],[-44.8816329,-6.2056216],[-44.8663792,-6.1621168],[-44.8322155,-6.1463709],[-44.8141535,-6.124903],[-44.729588,-6.0826353],[-44.7195497,-6.0684312],[-44.6912432,-6.0512576],[-44.6562566,-6.0379237],[-44.6367354,-6.0390125],[-44.601502,-6.0169736],[-44.6021079,-5.8285035],[-44.5545647,-5.8272987],[-44.5068971,-5.8544211],[-44.499852,-5.8709776],[-44.4722209,-5.8636982],[-44.4590782,-5.8262371],[-44.4983958,-5.8009953],[-44.2325838,-5.7640595],[-44.0909756,-5.8397618],[-44.0953156,-5.8234432],[-44.0561601,-5.7998898],[-44.0330852,-5.7914935],[-44.0235356,-5.7652389],[-43.9785029,-5.7410604],[-43.9698398,-5.7225814],[-43.949981,-5.7089409],[-43.9304335,-5.6740936],[-43.9103166,-5.6511464],[-43.8977396,-5.6482049],[-43.8911224,-5.6031065],[-43.8261349,-5.5572515],[-43.8173634,-5.5386705],[-43.8527003,-5.5199171],[-43.8655359,-5.5005475],[-43.866144,-5.4672503],[-43.8734815,-5.4530408],[-43.8601738,-5.4292671],[-43.8835105,-5.3857617],[-43.8803423,-5.3314289],[-43.8563441,-5.3018665],[-43.8025646,-5.2851551],[-43.7841199,-5.2737038],[-44.0168648,-5.1667195],[-44.0026319,-5.1642752],[-43.9599023,-5.0505],[-43.983423,-5.0313261],[-43.9870791,-5.0107323],[-44.0086211,-4.9976303],[-44.0208194,-4.9800629],[-44.0475893,-4.990868],[-44.0775127,-4.9853841],[-44.1084914,-4.9880817],[-44.1130181,-4.9699293],[-44.1419634,-4.9515908],[-44.1143425,-4.9215514],[-44.1205095,-4.9022526],[-44.1703619,-4.9122205],[-44.1718755,-4.8926989],[-44.1861982,-4.8792213],[-44.2080568,-4.8826948],[-44.2190875,-4.908906],[-44.2433964,-4.9065644],[-44.2956917,-4.9144413],[-44.3579273,-4.8949597],[-44.3606196,-4.8787122],[-44.3422512,-4.8469086],[-44.3227172,-4.832236],[-44.3521709,-4.8075076],[-44.3540613,-4.7797529],[-44.4061029,-4.7444013],[-44.4186393,-4.7205329],[-44.4503905,-4.697231],[-44.3970334,-4.6653233],[-44.4068688,-4.6569856],[-44.4151866,-4.61656],[-44.3958227,-4.6042099],[-44.3876465,-4.5974657],[-44.3665692,-4.5770073],[-44.3521218,-4.5670784],[-44.347572,-4.5582184],[-44.4307995,-4.4808098],[-44.4236373,-4.415348],[-44.3958575,-4.3180761],[-44.4067056,-4.3212761],[-44.4731,-4.3048619],[-44.4769365,-4.2788908],[-44.5057437,-4.2790886],[-44.5001377,-4.2553136],[-44.4799035,-4.234055],[-44.486788,-4.1297029],[-44.4468789,-4.1291518],[-44.4580806,-4.0869706],[-44.402088,-4.086039],[-44.4072359,-4.0431751],[-44.3874058,-4.0277385],[-44.3881788,-4.0073596],[-44.3562336,-3.964958],[-44.3676234,-3.931748],[-44.3518305,-3.9245444],[-44.3435704,-3.8989921],[-44.3196825,-3.8817867],[-44.3206774,-3.873479],[-44.3244026,-3.8682791],[-44.3229389,-3.864474]],[[-44.3229389,-3.864474],[-44.3536676,-3.8489275]],[[-45.3244171,-3.8435465],[-45.3269954,-3.8487119]],[[-44.1988197,-3.9274449],[-44.3229389,-3.864474]],[[-45.9108328,-6.641566],[-45.9313179,-6.6509026]],[[-45.9313179,-6.6509026],[-45.948077,-6.6740222]],[[-45.948077,-6.6740222],[-45.8468613,-6.7229345],[-45.826306,-6.715429]],[[-45.826306,-6.715429],[-45.8002214,-6.7189834],[-45.7730225,-6.7048441],[-45.7464983,-6.7001317],[-45.7354468,-6.7129397],[-45.6781858,-6.7280607],[-45.6613887,-6.7418895],[-45.6421385,-6.7568634],[-45.6387426,-6.766981],[-45.6235271,-6.7918065],[-45.6089965,-6.8058495],[-45.5976119,-6.8147643],[-45.5727757,-6.819865],[-45.555801,-6.8064815],[-45.5013269,-6.8033817],[-45.4659873,-6.7919497],[-45.4491581,-6.7778283],[-45.4212673,-6.7715978],[-45.4004109,-6.7576207],[-45.3686344,-6.759273],[-45.3543599,-6.7803718],[-45.3309408,-6.7796011],[-45.2837466,-6.7967653],[-45.2531635,-6.7878966],[-45.1951061,-6.8037621],[-45.1700788,-6.7977953],[-45.1193562,-6.8153898],[-45.06152,-6.7735847],[-45.0618393,-6.7615331],[-45.0108025,-6.7311912],[-44.9730467,-6.7391807],[-44.9448565,-6.7319885],[-44.9398789,-6.7172185],[-44.9025569,-6.7057721],[-44.8528619,-6.7029148],[-44.8200442,-6.7112964],[-44.7362117,-6.7062258],[-44.6967783,-6.693838],[-44.6682948,-6.700279],[-44.6305475,-6.6799702],[-44.4197531,-6.7995314],[-44.4084474,-6.8138113],[-44.4073728,-6.8368638],[-44.3885912,-6.8448763],[-44.378265,-6.8766943],[-44.3295175,-6.9196321],[-44.3227106,-6.9437608],[-44.3073193,-6.9422782],[-44.289359,-6.9577174],[-44.2731445,-6.9561033],[-44.25501,-6.9818188],[-44.2492751,-7.0005408]],[[-44.2492751,-7.0005408],[-44.2460774,-7.0011635]],[[-44.2460774,-7.0011635],[-44.2081719,-6.9699452],[-44.1986023,-6.9297624],[-44.1786515,-6.9271586],[-44.171346,-6.8849772],[-44.1391727,-6.8641072],[-44.1251239,-6.8355852],[-44.1090112,-6.8576121],[-44.104401,-6.856547],[-44.0987098,-6.8399437],[-44.1162756,-6.8057859],[-44.0888742,-6.8033012],[-44.0769874,-6.821126],[-44.0590626,-6.8084375],[-44.0608684,-6.7907478],[-44.0574593,-6.7744419],[-44.0333933,-6.7604041],[-43.9877336,-6.7572779],[-43.9567604,-6.7431544],[-43.9451026,-6.76551],[-43.9277616,-6.770447],[-43.9137943,-6.7526615],[-43.879918,-6.7577824],[-43.8537609,-6.7356117],[-43.8201262,-6.7272772],[-43.7908561,-6.702332],[-43.7748432,-6.7149366],[-43.7607352,-6.7024376],[-43.7287137,-6.7048016],[-43.7149901,-6.6987333],[-43.7042114,-6.7010294],[-43.6428744,-6.7165511],[-43.5843756,-6.7574843],[-43.5616591,-6.7481209],[-43.5487866,-6.7632008],[-43.5416337,-6.7891369],[-43.5083976,-6.7988271],[-43.4834282,-6.8330325],[-43.45753,-6.8460734],[-43.4424875,-6.8378787],[-43.4087644,-6.8413288],[-43.3664572,-6.8199615],[-43.3451933,-6.7975282],[-43.2959868,-6.799846],[-43.2712618,-6.7925679],[-43.2500549,-6.7686466],[-43.2192219,-6.7638428],[-43.1782741,-6.7673365],[-43.1475876,-6.7836885],[-43.1049784,-6.7702479],[-43.0882871,-6.7517415],[-43.0652154,-6.7499791],[-43.0479056,-6.7619503],[-43.0110623,-6.7600094],[-42.9928003,-6.7487284],[-42.977444,-6.7179372],[-42.9511065,-6.7050771],[-42.9199314,-6.6710081]],[[-42.9199314,-6.6710081],[-42.9172735,-6.6409753]],[[-42.9172735,-6.6409753],[-42.9117711,-6.6257734],[-42.901412,-6.594126],[-42.8842609,-6.564661],[-42.88817,-6.5366507],[-42.8739995,-6.5186883],[-42.886233,-6.5087383],[-42.8808545,-6.4932877],[-42.8657951,-6.483881],[-42.8779309,-6.4184932],[-42.854454,-6.3825418],[-42.8515221,-6.3586007],[-42.8316358,-6.3446918],[-42.8491967,-6.3071447],[-42.8465222,-6.2813837],[-42.8545028,-6.2498564],[-42.8766595,-6.2253549],[-42.9142143,-6.214591],[-42.9346657,-6.1915956],[-42.9699111,-6.1773251],[-42.9797895,-6.1330731],[-42.9922986,-6.1175746],[-43.0336862,-6.1113556],[-43.0491272,-6.1015897],[-43.075709,-6.0411928],[-43.0492249,-6.0139317],[-43.0475635,-5.9973364],[-43.0842113,-5.9573401],[-43.0869477,-5.9191393],[-43.0989682,-5.9008642],[-43.077175,-5.8741309],[-43.0770772,-5.8609096],[-43.096525,-5.8297994],[-43.090417,-5.8078268],[-43.1011671,-5.7586283],[-43.0758068,-5.7311104],[-43.0885602,-5.671597],[-43.0803547,-5.6515195],[-43.0847488,-5.634398],[-43.0910523,-5.607944],[-43.0819956,-5.5995129],[-43.0332174,-5.5920741],[-43.0244021,-5.5617437],[-43.0042214,-5.542679],[-43.0002634,-5.519285],[-42.9740668,-5.4859637],[-42.9697043,-5.4575611],[-42.9575021,-5.4445989],[-42.9306814,-5.4391741],[-42.9095318,-5.3944861],[-42.8866425,-5.3918993],[-42.8645688,-5.3687339],[-42.8352016,-5.3554038]],[[-42.8352016,-5.3554038],[-42.8253096,-5.3463631],[-42.8157539,-5.3180391],[-42.8116493,-5.2896735]],[[-42.8116493,-5.2896735],[-42.8294846,-5.2392642],[-42.8089129,-5.2130848],[-42.7989936,-5.1896781],[-42.8053948,-5.1486048],[-42.8154607,-5.1257797],[-42.8182455,-5.0975515],[-42.8353951,-5.0739684],[-42.8446323,-5.0242009],[-42.8632006,-4.9681237],[-42.8539165,-4.9372598],[-42.8856392,-4.9046048],[-42.8948643,-4.8831227],[-42.8974052,-4.8426144],[-42.9386462,-4.8092127],[-42.9479303,-4.7885671],[-42.947344,-4.7633435],[-42.9262348,-4.7506827],[-42.9230768,-4.7212766],[-42.9442167,-4.706368],[-42.9530907,-4.6873553],[-42.9446269,-4.6716971],[-42.9161689,-4.6514334],[-42.8729733,-4.5816875],[-42.8665233,-4.5662958],[-42.8750876,-4.5365172],[-42.8521698,-4.5059709],[-42.8535976,-4.4743222],[-42.8755527,-4.4629476],[-42.8710854,-4.4300212],[-42.8966234,-4.4022265],[-42.9272121,-4.3851744],[-42.9486144,-4.3854667],[-42.9628826,-4.3761123],[-42.9642508,-4.3699734]],[[-42.9642508,-4.3699734],[-42.9635249,-4.3272055]],[[-42.9635249,-4.3272055],[-42.9795734,-4.3046591],[-42.98751,-4.2385109],[-42.9787145,-4.2077128],[-42.9544781,-4.1856856]],[[-42.9544781,-4.1856856],[-42.9457803,-4.1712604],[-42.9358417,-4.1591226],[-42.9214728,-4.1527626]],[[-42.9214728,-4.1527626],[-42.8873033,-4.1473043],[-42.8990805,-4.1164122],[-42.8697483,-4.1041016],[-42.8584119,-4.0858733],[-42.8415051,-4.0296258],[-42.8165846,-3.9931653],[-42.7914356,-3.9863746],[-42.7875595,-3.9629428],[-42.7730958,-3.9477336],[-42.7392821,-3.9272592],[-42.723966,-3.9042989],[-42.7198343,-3.8750962],[-42.6840661,-3.8034277],[-42.6713615,-3.787338],[-42.684036,-3.7652214],[-42.6701707,-3.7270984]],[[-42.6701707,-3.7270984],[-42.6832842,-3.7000585],[-42.6831685,-3.6929405],[-42.6750751,-3.6726539]],[[-42.6750751,-3.6726539],[-42.6701887,-3.6659245],[-42.6433137,-3.6379537],[-42.6188251,-3.6206567],[-42.6117701,-3.5871407],[-42.565152,-3.5673871],[-42.554015,-3.538072],[-42.530243,-3.5114277],[-42.5320242,-3.4956841],[-42.5150363,-3.4823495],[-42.503319,-3.4506071],[-42.483178,-3.4558748]],[[-42.483178,-3.4558748],[-42.4883075,-3.4692255],[-42.4873256,-3.4771099],[-42.4801576,-3.4810911],[-42.4612565,-3.4846029]],[[-42.4612565,-3.4846029],[-42.418981,-3.4535822],[-42.3999233,-3.4747505],[-42.3889887,-3.4490751],[-42.3558482,-3.4506558],[-42.3314229,-3.4335259],[-42.3166987,-3.4341703],[-42.2952656,-3.4540514],[-42.2470775,-3.4325601],[-42.1995819,-3.4278288],[-42.1947444,-3.3993918],[-42.1660033,-3.3962784],[-42.1506693,-3.3866119],[-42.1456821,-3.3544152],[-42.1257977,-3.3464177],[-42.1203067,-3.3105374],[-42.1025974,-3.3183685],[-42.0974296,-3.293456],[-42.1232139,-3.2895948],[-42.1236476,-3.2668048],[-42.1092714,-3.2616465],[-42.0689723,-3.2643565],[-42.0409858,-3.2471206],[-42.0127758,-3.2480714],[-41.9979212,-3.238607],[-41.9727075,-3.2062128],[-41.9725504,-3.1932799],[-41.9469799,-3.1738931],[-41.9250838,-3.1393739],[-41.9253585,-3.1150742],[-41.8956982,-3.0939472],[-41.8644743,-3.05218],[-41.8228453,-3.0179417],[-41.8100401,-2.9802058],[-41.7963094,-2.9595642],[-41.8062776,-2.9383366],[-41.8351358,-2.9150608],[-41.8660379,-2.8699664],[-41.8451309,-2.8139355],[-41.8486424,-2.7838756],[-41.8260102,-2.7572674]],[[-41.8260102,-2.7572674],[-41.8160526,-2.7272329],[-41.8584242,-2.7215887],[-41.9609071,-2.7187331],[-41.9937635,-2.7213606],[-42.014016,-2.7126436],[-42.0165117,-2.7375778],[-42.0436845,-2.7284903],[-42.0573438,-2.6986304],[-42.0701524,-2.6871521],[-42.1283541,-2.6952237],[-42.2127713,-2.6871254],[-42.2225544,-2.6922353]],[[-42.1698558,-2.7168971],[-42.1525855,-2.7198764],[-42.1460522,-2.7229926],[-42.1348546,-2.7319934],[-42.130251,-2.7403405]],[[-43.7864499,-3.3320155],[-43.7696449,-3.321107],[-43.7662582,-3.3204688],[-43.7576506,-3.3313746],[-43.7549857,-3.3461062]],[[-47.5537282,-7.4024191],[-47.5629288,-7.406211],[-47.5803436,-7.4192029],[-47.5844966,-7.424411],[-47.5915697,-7.4400683]],[[-46.5070193,-8.2486586],[-46.5077205,-8.2696365],[-46.5184998,-8.2910741],[-46.532111,-8.2989357]],[[-46.6812625,-8.3399746],[-46.7196219,-8.3651869]],[[-46.0177241,-10.2403919],[-45.9988343,-10.2574533]],[[-45.9988343,-10.2574533],[-45.9739471,-10.2483699],[-45.9462653,-10.2585499],[-45.9552309,-10.226014],[-45.9523623,-10.2133917],[-45.9311874,-10.1908257],[-45.924267,-10.1711581],[-45.9000213,-10.1527686],[-45.8819837,-10.1115673],[-45.8785439,-10.1102993],[-45.8784392,-10.1035368],[-45.8699363,-10.069292],[-45.8801071,-10.0610063],[-45.8670217,-10.0117517],[-45.8540563,-9.9900761],[-45.8422862,-9.9415579],[-45.8662777,-9.870719],[-45.8387355,-9.7968986],[-45.8214206,-9.7731271],[-45.8210097,-9.7392142],[-45.8385678,-9.6963177],[-45.8335115,-9.6522772],[-45.8203869,-9.6179128],[-45.8367433,-9.6021266],[-45.8419325,-9.5628899],[-45.8323329,-9.5366631],[-45.7976247,-9.4872621],[-45.7834353,-9.4794771],[-45.801624,-9.436008],[-45.7991632,-9.4163401],[-45.8246917,-9.3745778],[-45.8480022,-9.3558846],[-45.8640909,-9.3589924],[-45.8877335,-9.3488501],[-45.9079205,-9.297005],[-45.8973196,-9.2895939],[-45.9044382,-9.266258],[-45.8972877,-9.2332596],[-45.9060932,-9.191255],[-45.9294989,-9.1276255],[-45.9232199,-9.0899924],[-45.9383299,-9.0631884],[-45.9358573,-9.0396927],[-45.943779,-9.0151149],[-45.9581575,-9.0024078],[-45.9679263,-8.9767281],[-45.9911913,-8.950212],[-45.9950893,-8.9269916],[-45.9796575,-8.9036697],[-45.9832977,-8.888574],[-45.967338,-8.8763614],[-45.9536804,-8.8069269],[-45.9377073,-8.7812437],[-45.9087074,-8.7588939],[-45.8918982,-8.7627574],[-45.8898847,-8.7392622],[-45.8404069,-8.715529],[-45.8218323,-8.665927],[-45.815991,-8.6327526],[-45.8048719,-8.622202],[-45.7774735,-8.6174334],[-45.767066,-8.6072802],[-45.7945868,-8.5837115],[-45.7618284,-8.5618322],[-45.7615948,-8.5499475],[-45.7570902,-8.5269374],[-45.7386778,-8.5006556],[-45.7449161,-8.4491543],[-45.7305013,-8.4295698],[-45.7246755,-8.394824],[-45.7031008,-8.3807083],[-45.7017703,-8.3641802],[-45.6903817,-8.3359749],[-45.667125,-8.2886542],[-45.6636264,-8.2505308],[-45.609782,-8.2054181],[-45.6150805,-8.1933337],[-45.5837278,-8.1569362],[-45.585718,-8.1027887],[-45.5687673,-8.0699394],[-45.5630388,-8.0456436],[-45.5776554,-8.0283313],[-45.5511074,-8.0087642],[-45.5681098,-7.9941221],[-45.5554554,-7.9711117],[-45.5394653,-7.9183584],[-45.5248676,-7.9067513],[-45.5223797,-7.8882602],[-45.5407541,-7.8640562],[-45.5112007,-7.823467],[-45.5106337,-7.8013623],[-45.4895111,-7.7862569],[-45.4946848,-7.7538128],[-45.4901937,-7.7457454],[-45.4823218,-7.715842],[-45.4681029,-7.7128743],[-45.4700819,-7.6898976],[-45.4511961,-7.688164],[-45.4488178,-7.6821283],[-45.4564245,-7.6811085],[-45.4445261,-7.6746921],[-45.4401284,-7.6780764],[-45.4348511,-7.6740867],[-45.4325307,-7.661539],[-45.399205,-7.6410589],[-45.3954669,-7.6145185],[-45.3721818,-7.6183838],[-45.3422695,-7.5933632],[-45.3346804,-7.5776595],[-45.2988389,-7.5752376],[-45.2853963,-7.5664228],[-45.2617074,-7.5711843],[-45.2323263,-7.5490714],[-45.2136061,-7.5655847],[-45.1810039,-7.5419599],[-45.155528,-7.5129145],[-45.1267163,-7.5142023],[-45.0843087,-7.5021569],[-45.0492328,-7.5132098],[-44.9870148,-7.4811379],[-44.9230093,-7.4682318],[-44.9004353,-7.4254106],[-44.8697051,-7.4230572],[-44.8480283,-7.3865659],[-44.8206005,-7.375623],[-44.8164962,-7.3608938],[-44.7803456,-7.3785175],[-44.7419808,-7.3617039],[-44.7299293,-7.3907703],[-44.7007789,-7.3957293],[-44.6843776,-7.3866908],[-44.6784272,-7.3592559],[-44.6591714,-7.3285253],[-44.6158702,-7.3086662],[-44.5940769,-7.2671767],[-44.5717854,-7.2484287],[-44.5641953,-7.227708],[-44.5351164,-7.2273081],[-44.5142335,-7.1960154],[-44.4620959,-7.1600911],[-44.4306277,-7.1515581],[-44.3860639,-7.1209154],[-44.363098,-7.1214972],[-44.3324675,-7.1086126],[-44.3051848,-7.1178122],[-44.2757784,-7.0745111],[-44.2797853,-7.0452697],[-44.2636602,-7.0189847],[-44.2622947,-7.0013021]],[[-44.2622947,-7.0013021],[-44.2492751,-7.0005408]],[[-45.826306,-6.715429],[-45.845091,-6.7229358],[-45.8478761,-6.7226808],[-45.948077,-6.6740222]],[[-45.9313179,-6.6509026],[-45.9260289,-6.6467509]],[[-46.240697,-6.8501425],[-46.2652132,-6.8426521],[-46.2699866,-6.8444184],[-46.2763431,-6.8530298]],[[-46.7571783,-6.6245736],[-46.7623085,-6.5973925],[-46.7596893,-6.5896547],[-46.7527695,-6.586038]],[[-47.4302297,-6.0683528],[-47.4333688,-6.0811514]],[[-42.6750751,-3.6726539],[-42.6814274,-3.6873803],[-42.6834797,-3.6944996],[-42.6825755,-3.7031984],[-42.6701707,-3.7270984]],[[-42.9214728,-4.1527626],[-42.9325871,-4.1569324],[-42.9382553,-4.1613185],[-42.9544781,-4.1856856]],[[-42.9635249,-4.3272055],[-42.963457,-4.3539761]],[[-42.963457,-4.3539761],[-42.8862604,-4.3639634],[-42.8366906,-4.3922287],[-42.8121463,-4.3984803],[-42.7726473,-4.395649],[-42.7112997,-4.3977363],[-42.5816036,-4.4270521],[-42.586432,-4.405752],[-42.569017,-4.372053],[-42.5458784,-4.3628093],[-42.4736774,-4.4342865],[-42.4447497,-4.4405453],[-42.4204052,-4.4681706],[-42.4353912,-4.4775915],[-42.29575,-4.5510672],[-42.2784975,-4.5494562],[-42.0609885,-4.434006],[-42.0583782,-4.4034557],[-42.0792814,-4.3742235],[-42.026931,-4.3542246],[-42.0078927,-4.3807606],[-41.9678525,-4.4047266],[-41.9586862,-4.4252894],[-41.925111,-4.4327877],[-41.9106599,-4.4268667],[-41.8640842,-4.462376],[-41.8532763,-4.4589587],[-41.8084621,-4.5098075],[-41.7932009,-4.5112888],[-41.7802837,-4.5317258],[-41.7555832,-4.5450371],[-41.7302519,-4.5472891],[-41.6386994,-4.4632026],[-41.6053111,-4.4094581],[-41.6413726,-4.4091554],[-41.6581967,-4.3924098],[-41.6674613,-4.3537534],[-41.6171395,-4.3388238],[-41.6065082,-4.310759],[-41.5938837,-4.302118],[-41.5608051,-4.3103329],[-41.5250229,-4.2566704],[-41.497327,-4.1804284],[-41.4506227,-4.1933481],[-41.4323071,-4.1815611],[-41.4262803,-4.1603885],[-41.4100402,-4.1484559],[-41.3939005,-4.1610953],[-41.3765172,-4.1581302],[-41.3469254,-4.1367921],[-41.3318161,-4.1513283],[-41.3023644,-4.1469991],[-41.3018502,-4.1570297],[-41.2808996,-4.1700014],[-41.263099,-4.1617535],[-41.2547438,-4.1429472],[-41.239278,-4.1510984],[-41.2172905,-4.1573725],[-41.2043604,-4.1461067],[-41.1932979,-4.1537558],[-41.163886,-4.1883053],[-41.1350378,-4.1768008],[-41.0981053,-4.1804614]],[[-41.0981053,-4.1804614],[-41.0908856,-4.1703318]],[[-41.0908856,-4.1703318],[-41.1183295,-4.1652241],[-41.1408264,-4.123585],[-41.1141151,-4.0518193],[-41.1203449,-4.036339],[-41.1718147,-4.0324776],[-41.1994726,-4.018356],[-41.2388289,-4.015405],[-41.24924,-3.9898697],[-41.2289347,-3.968103],[-41.2202395,-3.9415055],[-41.2289134,-3.9117298],[-41.2476093,-3.8822882],[-41.2677571,-3.8618499],[-41.2768563,-3.8256211],[-41.294374,-3.8185633],[-41.2648285,-3.7915783],[-41.2585189,-3.7327755],[-41.2393389,-3.7126454],[-41.2793342,-3.7007474],[-41.3076646,-3.6848034],[-41.3417478,-3.6807726],[-41.3313155,-3.6246843],[-41.3449041,-3.588739],[-41.3713131,-3.5726272],[-41.3646614,-3.5579986],[-41.3368693,-3.5538936],[-41.327086,-3.5308993],[-41.319739,-3.4840869],[-41.3269804,-3.4463006],[-41.3240493,-3.3859241],[-41.3870216,-3.3900079],[-41.4057034,-3.3625818],[-41.4123177,-3.3406973],[-41.397965,-3.3275467],[-41.3958586,-3.3040985],[-41.3224851,-3.1797928],[-41.3275371,-3.1599678],[-41.2675025,-3.0928897],[-41.2557657,-3.0875838],[-41.2613493,-3.0500598],[-41.2491684,-3.0308518],[-41.2525642,-3.0243624],[-41.2579529,-3.0027745],[-41.2799387,-2.9678059],[-41.3027121,-2.9672499],[-41.321769,-2.951732],[-41.3206999,-2.9373411]],[[-41.3206999,-2.9373411],[-41.372995,-2.9181321],[-41.3978786,-2.904092],[-41.4209557,-2.9097858],[-41.4783613,-2.89602],[-41.512453,-2.9117489],[-41.557653,-2.8973702],[-41.5943883,-2.9041708],[-41.632273,-2.8843683],[-41.6515108,-2.8614624],[-41.6689637,-2.8553668],[-41.7288641,-2.8032042],[-41.7408418,-2.8075505],[-41.7712108,-2.7796483],[-41.7818051,-2.7583058],[-41.8030825,-2.7504299],[-41.8260102,-2.7572674]],[[-42.4612565,-3.4846029],[-42.470336,-3.4837736],[-42.4863365,-3.4780629],[-42.4885676,-3.4718315],[-42.483178,-3.4558748]],[[-42.9172735,-6.6409753],[-42.9150939,-6.6479544]],[[-42.9150939,-6.6479544],[-42.895871,-6.65707],[-42.8569377,-6.6622819],[-42.8414513,-6.7056325],[-42.7932752,-6.7745685],[-42.665873,-6.8521909],[-42.6233856,-6.7979325],[-42.606457,-6.8085819]],[[-42.606457,-6.8085819],[-42.5988045,-6.7997827]],[[-42.5988045,-6.7997827],[-42.5797669,-6.7915166],[-42.5745343,-6.787413],[-42.5731277,-6.7900468],[-42.5699755,-6.7824932],[-42.5636789,-6.755049],[-42.548621,-6.7395467],[-42.553089,-6.723998],[-42.531033,-6.705985],[-42.5159449,-6.7206922],[-42.4895609,-6.7085767],[-42.4716786,-6.6798349],[-42.4781769,-6.6678762],[-42.455618,-6.6674117],[-42.4283646,-6.6617842],[-42.4124584,-6.6647874],[-42.3754373,-6.6766993],[-42.3564756,-6.528509],[-42.3094626,-6.5140099],[-42.3054844,-6.5898517],[-42.2796643,-6.596582],[-42.2055552,-6.6248518],[-42.1827466,-6.6472185],[-42.1241557,-6.6444595],[-42.0647975,-6.6380252],[-42.0430355,-6.6274824],[-41.9981581,-6.6170038],[-41.9126255,-6.6503651],[-41.9125073,-6.6684216],[-41.898242,-6.686261],[-41.870167,-6.688657],[-41.8163674,-6.7149812],[-41.7634335,-6.7916694],[-41.660529,-6.7960146],[-41.6606737,-6.8299727],[-41.6066005,-6.8335309],[-41.5427127,-6.7383134],[-41.4796235,-6.7449299],[-41.4952993,-6.6677737],[-41.5079008,-6.6351251],[-41.5110973,-6.6082524],[-41.5084595,-6.5568846],[-41.4264515,-6.5658679],[-41.3710683,-6.5939199],[-41.2819085,-6.6511307],[-41.2930877,-6.6746035],[-41.2543061,-6.6814591],[-41.1968966,-6.6794833],[-41.1900636,-6.6637455],[-41.1303497,-6.6551931],[-41.1431201,-6.7504665],[-41.0953591,-6.7566931],[-40.7899395,-6.5006314]],[[-40.7899395,-6.5006314],[-40.7965856,-6.4707013],[-40.7960894,-6.4281847],[-40.8051547,-6.3931316],[-40.7903471,-6.3718893]],[[-40.7903471,-6.3718893],[-40.7810893,-6.3516596],[-40.7791491,-6.3413465],[-40.7820098,-6.3165629],[-40.7875128,-6.3042566]],[[-40.7875128,-6.3042566],[-40.8105046,-6.2870634],[-40.8235748,-6.2582643],[-40.8522242,-6.2242205],[-40.84723,-6.2030136],[-40.8536235,-6.1632816],[-40.8457385,-6.134995],[-40.8649999,-6.0877508],[-40.8728458,-6.0566276],[-40.9022038,-6.0492042],[-40.9039474,-6.020877],[-40.8735913,-5.9730536],[-40.880216,-5.9176672],[-40.8975193,-5.9012974],[-40.893644,-5.8838093],[-40.9056455,-5.8492766],[-40.9058188,-5.8014544],[-40.9135413,-5.7267463],[-40.9272546,-5.7062155],[-40.9387693,-5.6733406],[-40.9147302,-5.659939],[-40.903254,-5.6325524],[-40.9022747,-5.6079579],[-40.9119448,-5.5948464],[-40.9156645,-5.5643716],[-40.9317539,-5.5364286],[-40.9330556,-5.5007177],[-40.9291569,-5.4833344],[-40.9161036,-5.468335],[-40.9225832,-5.448241],[-40.9417645,-5.4309705],[-40.9381916,-5.4163534],[-40.9176992,-5.4162908],[-40.9170161,-5.3894477],[-40.9361032,-5.3659675],[-40.9184529,-5.3382552],[-40.9132054,-5.3080512],[-40.9269076,-5.2969667],[-40.9242433,-5.2748372],[-40.9117131,-5.2666535],[-40.9330656,-5.2452268],[-40.922028,-5.2264511],[-40.9319989,-5.2012637],[-40.9252903,-5.1820967],[-40.9646309,-5.1500835],[-41.0118358,-5.1236011],[-41.0402664,-5.0913838],[-41.0585771,-5.0985936],[-41.0745597,-5.0921064],[-41.0804324,-5.0786911],[-41.0970052,-5.0531485],[-41.1296202,-5.0399814]],[[-41.1296202,-5.0399814],[-41.1220123,-5.0182193]],[[-41.1220123,-5.0182193],[-41.1320077,-5.0024711],[-41.1367644,-4.9954653],[-41.150922,-4.9921105],[-41.1802162,-4.9475449],[-41.1961918,-4.9372551],[-41.2105879,-4.9386158],[-41.2229499,-4.9265085],[-41.2406954,-4.8803695],[-41.2394453,-4.8545385],[-41.2431815,-4.8283262],[-41.2127659,-4.772025],[-41.2477903,-4.7617835],[-41.2238319,-4.7209125],[-41.175366,-4.6708028],[-41.1750097,-4.6653359],[-41.2334115,-4.6087651],[-41.2212151,-4.5789362],[-41.2425396,-4.5715137],[-41.2407397,-4.5684535],[-41.2215303,-4.5674913],[-41.2037906,-4.5284214],[-41.190776,-4.515529],[-41.1893473,-4.4886807],[-41.1775718,-4.4676776],[-41.1771347,-4.4412669],[-41.1596905,-4.410555],[-41.1600114,-4.3814973],[-41.1334226,-4.340145],[-41.1201713,-4.3305667],[-41.1191241,-4.3065257],[-41.1359048,-4.2335113]],[[-41.1359048,-4.2335113],[-41.0981053,-4.1804614]],[[-42.963457,-4.3539761],[-42.9642508,-4.3699734]],[[-42.8116493,-5.2896735],[-42.8135061,-5.308357],[-42.8243649,-5.3449061],[-42.8352016,-5.3554038]],[[-45.9988343,-10.2574533],[-46.0124233,-10.2506961]],[[-45.7266392,-10.1568548],[-45.7162471,-10.1526111]],[[-45.7162471,-10.1526111],[-45.6901759,-10.1554004],[-45.6487641,-10.127334],[-45.6031761,-10.1079822],[-45.5932274,-10.110297],[-45.5674564,-10.1395225],[-45.5716489,-10.1809398],[-45.5673109,-10.2014845],[-45.5508178,-10.2222808],[-45.5261867,-10.2369276],[-45.5223538,-10.2766536],[-45.5143606,-10.2898366],[-45.4846518,-10.304898],[-45.4257722,-10.3702837],[-45.4299312,-10.4039055],[-45.4244966,-10.4264902],[-45.3959943,-10.4450252],[-45.4002689,-10.4630743],[-45.4472563,-10.507423],[-45.4390528,-10.5222931],[-45.4461612,-10.5623236],[-45.436793,-10.5767735],[-45.4373282,-10.6155663],[-45.4188325,-10.6438196],[-45.385216,-10.6516326],[-45.3691162,-10.6799495],[-45.358219,-10.7322075],[-45.3223736,-10.7602651],[-45.2893789,-10.7656205],[-45.268466,-10.7762298],[-45.2574428,-10.811845],[-45.2480519,-10.8219674],[-45.1597163,-10.8391395],[-45.1165195,-10.8407723],[-45.1052963,-10.84682],[-45.0732357,-10.8404226],[-45.0500021,-10.8521443],[-45.0165971,-10.8845991],[-44.9950448,-10.8838946],[-44.9312179,-10.9287563],[-44.8974447,-10.9029395],[-44.8638008,-10.8852263],[-44.8442989,-10.9000328],[-44.8111427,-10.8704266],[-44.8103231,-10.8465842],[-44.7880619,-10.8085216],[-44.7589257,-10.8048461],[-44.7583388,-10.7889838],[-44.7145743,-10.7617251],[-44.6872112,-10.7692051],[-44.6676847,-10.7600566],[-44.6634542,-10.7204955],[-44.6695443,-10.7017797],[-44.6642103,-10.6798476],[-44.6300697,-10.6766201],[-44.6127634,-10.666757],[-44.5895146,-10.6324192]],[[-44.5895146,-10.6324192],[-44.5732316,-10.6262386],[-44.5468098,-10.6301286]],[[-44.5468098,-10.6301286],[-44.5300329,-10.6449345],[-44.5222653,-10.6498041],[-44.5145982,-10.6511202],[-44.5005052,-10.6497019],[-44.4767367,-10.6393046],[-44.4729565,-10.635109]],[[-44.4729565,-10.635109],[-44.4636318,-10.6152568],[-44.4436797,-10.6066379],[-44.4236485,-10.6132668],[-44.3980737,-10.6058781],[-44.3725199,-10.5799196],[-44.3446125,-10.5497014],[-44.3227384,-10.552331],[-44.3017608,-10.5720432],[-44.2901819,-10.596712]],[[-44.2901819,-10.596712],[-44.2829095,-10.6070907],[-44.2640198,-10.62467],[-44.2495236,-10.62778],[-44.2414587,-10.6273376],[-44.2313495,-10.6240371]],[[-44.2313495,-10.6240371],[-44.2086475,-10.6153242],[-44.1655401,-10.6429012],[-44.139264,-10.6398843],[-44.1185378,-10.6088075],[-44.1007513,-10.5917227]],[[-44.1007513,-10.5917227],[-44.0769473,-10.5860035]],[[-44.0769473,-10.5860035],[-44.0624891,-10.5513378],[-44.0510104,-10.5062386],[-44.0258437,-10.4754707]],[[-44.0258437,-10.4754707],[-44.034749,-10.4490091],[-44.0358667,-10.4354256],[-44.0298909,-10.4169623],[-44.0277653,-10.412474]],[[-44.0277653,-10.412474],[-44.0180676,-10.405147],[-44.0077056,-10.405343],[-43.9769335,-10.4313765],[-43.9260376,-10.433696],[-43.9162293,-10.4267187],[-43.9147933,-10.3841549],[-43.8950961,-10.3544907],[-43.8382919,-10.304626],[-43.8372651,-10.2500682],[-43.7848162,-10.191678],[-43.7657611,-10.1275954],[-43.7731135,-10.0987842],[-43.7592285,-10.0746052],[-43.6909514,-10.0727709],[-43.6852864,-10.0399933],[-43.6694806,-10.0307552],[-43.6664642,-10.0173343],[-43.6663439,-9.9895402],[-43.6969008,-9.9740926],[-43.7025603,-9.9610782],[-43.6895646,-9.9390651],[-43.7090353,-9.9132195],[-43.6946225,-9.8912518],[-43.6774485,-9.8865278],[-43.653245,-9.8390553],[-43.6648457,-9.8236548],[-43.6972554,-9.8043009],[-43.7615684,-9.7778815],[-43.7849218,-9.762385],[-43.7976627,-9.7276804],[-43.7972603,-9.6964973],[-43.8268377,-9.6495304],[-43.8419522,-9.6374276],[-43.8415459,-9.586048],[-43.8525813,-9.5621384],[-43.8424158,-9.5375824],[-43.818433,-9.4942419],[-43.7994477,-9.4796519],[-43.7842477,-9.4547729],[-43.7514198,-9.4340724]],[[-43.7514198,-9.4340724],[-43.6891438,-9.4196828],[-43.6711306,-9.408483],[-43.6561672,-9.3952072],[-43.6338442,-9.3813503],[-43.6216326,-9.3715377],[-43.6025409,-9.3466418],[-43.5790266,-9.3203902]],[[-43.5790266,-9.3203902],[-43.5371418,-9.3074732],[-43.4975271,-9.2725256],[-43.4690445,-9.2608103],[-43.4381286,-9.2661378],[-43.4278231,-9.2725869],[-43.3951776,-9.3142949],[-43.3764222,-9.3489049],[-43.3535557,-9.3689557],[-43.3363259,-9.3685182],[-43.2997169,-9.3945209],[-43.2851174,-9.420028],[-43.2423447,-9.4118835],[-43.2142901,-9.3996483],[-43.1938597,-9.4207223],[-43.1739285,-9.4112239],[-43.161524,-9.3792501],[-43.1054955,-9.3856133],[-43.0666099,-9.3940476],[-43.0579143,-9.4147616],[-43.0400858,-9.4146558],[-42.9868297,-9.4016072],[-42.9702569,-9.4095198],[-42.9571153,-9.4324125],[-42.9628922,-9.4570528],[-42.9462488,-9.5184131],[-42.9284431,-9.5272467],[-42.9040163,-9.5267542],[-42.8767235,-9.5616237],[-42.8479725,-9.5496571],[-42.8281932,-9.5605212],[-42.8297765,-9.5812632],[-42.8205528,-9.6192304],[-42.7699572,-9.6191821],[-42.7577491,-9.5892803],[-42.7204159,-9.5605119],[-42.7122225,-9.5302284],[-42.6799174,-9.5491491],[-42.6546111,-9.5414002],[-42.6217206,-9.5413375],[-42.5921064,-9.5002821],[-42.5548256,-9.4963025],[-42.5222724,-9.503027],[-42.4930918,-9.4949004],[-42.4890689,-9.4620372],[-42.4517707,-9.4621032],[-42.4282776,-9.4397829],[-42.4184943,-9.4093633],[-42.3646685,-9.3820875],[-42.357049,-9.3525645],[-42.3258774,-9.3334115],[-42.3160766,-9.3166123],[-42.2689127,-9.3104468],[-42.2436577,-9.2888567],[-42.2224438,-9.2841688],[-42.2064354,-9.2927815],[-42.1794896,-9.2852662],[-42.1419524,-9.2881292],[-42.0950446,-9.2785611],[-42.0665857,-9.255986],[-42.0186882,-9.250516],[-41.9999053,-9.2659722],[-41.9722662,-9.2486381],[-41.9554222,-9.2636647],[-41.9247682,-9.277797],[-41.9046805,-9.2596044],[-41.8849329,-9.2534666],[-41.8705206,-9.2374314],[-41.8379658,-9.242272],[-41.8198734,-9.1890012],[-41.8001263,-9.1651616],[-41.8000703,-9.1480266],[-41.7804487,-9.1289856],[-41.7430468,-9.1038266],[-41.732659,-9.0877254],[-41.7308218,-9.0279572],[-41.7236031,-9.0135402],[-41.6887708,-9.0139549],[-41.6694039,-8.9900791],[-41.6334052,-8.9860073],[-41.6057947,-8.9574039],[-41.5700566,-8.9550295],[-41.5541224,-8.9638235],[-41.544521,-8.9605491],[-41.5455716,-8.941678],[-41.531346,-8.9277042],[-41.5110501,-8.8776121],[-41.4878434,-8.8439034],[-41.4721841,-8.8431145],[-41.4346841,-8.799096],[-41.4242667,-8.8025554]],[[-41.4242667,-8.8025554],[-41.4113912,-8.7743682],[-41.4233052,-8.7662804]],[[-41.4233052,-8.7662804],[-41.454827,-8.755921],[-41.471998,-8.77914],[-41.488655,-8.783787],[-41.49986,-8.805158],[-41.527443,-8.784658],[-41.559631,-8.778949],[-41.601365,-8.794666],[-41.645827,-8.758082],[-41.703849,-8.739526],[-41.712605,-8.728686],[-41.719098,-8.738227],[-41.749928,-8.729686],[-41.780653,-8.714253],[-41.807062,-8.68926],[-41.840137,-8.702299],[-41.851942,-8.694342],[-41.879313,-8.671871],[-41.899598,-8.667773],[-41.929607,-8.64452],[-41.967909,-8.635858],[-41.994902,-8.599014],[-42.008243,-8.601786],[-42.02806,-8.586766],[-42.04068,-8.5863],[-42.053322,-8.59773],[-42.078424,-8.5729102],[-42.1113891,-8.5824566],[-42.1257066,-8.5665735],[-42.1580386,-8.5904168],[-42.1894077,-8.5839772],[-42.2100623,-8.6491911],[-42.2914408,-8.6301051],[-42.3107451,-8.662577],[-42.4751544,-8.6573138],[-42.7334892,-8.8006379],[-42.7230384,-8.6532649],[-42.7065993,-8.5776189],[-42.6945483,-8.5505042],[-42.6669752,-8.518019],[-42.6380267,-8.4933931],[-42.6433419,-8.4183847],[-42.6230861,-8.3503604],[-42.6217304,-8.3206147],[-42.603209,-8.2961776],[-42.5883075,-8.2229848],[-42.5910246,-8.1715903],[-42.5833691,-8.1241595],[-42.6091085,-8.1124733],[-42.6393925,-8.0713088],[-42.6592359,-8.0313475],[-42.7118945,-8.0198938],[-42.7119693,-7.9766205],[-42.6863083,-7.778982],[-42.7562431,-7.7019572],[-42.7288482,-7.6546275],[-42.7273545,-7.6336284],[-42.7029797,-7.6434299],[-42.6792616,-7.623382],[-42.678542,-7.5914585],[-42.5809144,-7.5839271],[-42.5841399,-7.6801643],[-42.5086886,-7.8425076],[-42.4823993,-7.8360379],[-42.4765034,-7.7017433],[-42.4158126,-7.757153],[-42.3931845,-7.7510847],[-42.3553759,-7.7239717],[-42.1892183,-7.7224154],[-42.2991891,-7.627448],[-42.219312,-7.6294515],[-42.1703802,-7.5214945],[-42.2185147,-7.4380052],[-42.314899,-7.4313501],[-42.3607026,-7.4177487],[-42.310236,-7.2232642],[-42.403838,-7.1698181],[-42.4117243,-7.142797],[-42.4066756,-7.0963304],[-42.4164688,-7.0551823],[-42.4207963,-6.9671515],[-42.593962,-6.995273],[-42.6254165,-6.9975332],[-42.6011051,-6.9680462],[-42.5666005,-6.8691298],[-42.6040895,-6.8371914],[-42.6079318,-6.8167648]],[[-42.6079318,-6.8167648],[-42.606457,-6.8085819]],[[-42.9150939,-6.6479544],[-42.9199314,-6.6710081]],[[-44.2460774,-7.0011635],[-44.2622947,-7.0013021]],[[-42.5988045,-6.7997827],[-42.6079318,-6.8167648]],[[-41.4233052,-8.7662804],[-41.411185,-8.7745223],[-41.400314,-8.7463749]],[[-41.400314,-8.7463749],[-41.3812515,-8.7072724],[-41.3653603,-8.7055837]],[[-41.3653603,-8.7055837],[-41.3454184,-8.7098651]],[[-41.3454184,-8.7098651],[-41.3142616,-8.6961023],[-41.3001847,-8.6821372],[-41.287434,-8.6608391],[-41.2513183,-8.6616086],[-41.2337888,-8.6476143],[-41.2135429,-8.6441555],[-41.1985662,-8.5924771],[-41.1799065,-8.5932674],[-41.1652615,-8.5778868],[-41.1483768,-8.5330293],[-41.1161848,-8.5372691],[-41.0904899,-8.5126255],[-41.078927,-8.4725032],[-41.0575952,-8.477658],[-41.0389906,-8.4318292],[-41.0073798,-8.4209291],[-41.0006756,-8.400726],[-40.9813794,-8.3979296],[-40.925149,-8.4463261],[-40.9015354,-8.421627],[-40.9076155,-8.3989872],[-40.8898704,-8.3867499],[-40.8934723,-8.3573101],[-40.8699811,-8.3585387],[-40.8585913,-8.3796108],[-40.836566,-8.3807991],[-40.8234318,-8.3653917],[-40.8207603,-8.3566184],[-40.8178961,-8.3204902],[-40.7927877,-8.3200313],[-40.7798798,-8.3019327]],[[-40.7798798,-8.3019327],[-40.7816784,-8.2931154]],[[-40.7816784,-8.2931154],[-40.782482,-8.253304],[-40.7445047,-8.2400719],[-40.7368689,-8.2282322],[-40.7110611,-8.2250615],[-40.700588,-8.2026077],[-40.6690293,-8.1774809],[-40.6664782,-8.1615894],[-40.6435661,-8.1575368],[-40.6339512,-8.1394488],[-40.6144226,-8.1465025],[-40.5896984,-8.1388083],[-40.6038677,-8.1036877],[-40.5987568,-8.0808577],[-40.5442221,-7.9645971],[-40.541475,-7.8869333],[-40.538124,-7.8569373]],[[-40.538124,-7.8569373],[-40.5442883,-7.8328415],[-40.551296,-7.8224311],[-40.5590935,-7.814846]],[[-40.5590935,-7.814846],[-40.5784514,-7.8052079],[-40.6451665,-7.786799],[-40.6735695,-7.7616719],[-40.6718643,-7.7356058],[-40.6277497,-7.6849895],[-40.6218303,-7.6583238],[-40.6265611,-7.6316836],[-40.6491182,-7.5907642],[-40.6773208,-7.5629432]],[[-40.6773208,-7.5629432],[-40.6952478,-7.5368071],[-40.7042941,-7.5187081],[-40.713786,-7.4939106],[-40.715141,-7.4814147],[-40.7132264,-7.473004]],[[-40.7132264,-7.473004],[-40.7012014,-7.4563563],[-40.6657054,-7.4509456],[-40.6523232,-7.4333422],[-40.5484637,-7.3926915],[-40.5415082,-7.3322691]],[[-40.5415082,-7.3322691],[-40.5142687,-7.3078321]],[[-40.5142687,-7.3078321],[-40.5135611,-7.2397033],[-40.4843697,-7.1331987],[-40.4897393,-7.1186901],[-40.4277177,-7.0338811],[-40.4269411,-7.0294603],[-40.4062495,-7.0053266],[-40.4286547,-6.9961299],[-40.4327058,-6.9085394],[-40.4285196,-6.8642545],[-40.4107554,-6.8555798],[-40.3705774,-6.8079935]],[[-40.3705774,-6.8079935],[-40.3741037,-6.8006057]],[[-40.3741037,-6.8006057],[-40.3887903,-6.7969987],[-40.4168356,-6.812533],[-40.4321666,-6.8129776],[-40.4520295,-6.7837755],[-40.4597267,-6.7542375],[-40.4769263,-6.7328317],[-40.5173877,-6.7304949],[-40.5589699,-6.720807],[-40.6022071,-6.7160118],[-40.6324189,-6.6989038],[-40.6491396,-6.6788294],[-40.7101828,-6.6761295],[-40.7178079,-6.6714143]],[[-40.7178079,-6.6714143],[-40.7322461,-6.6552201],[-40.7220026,-6.6176828]],[[-40.7220026,-6.6176828],[-40.7338661,-6.6061395],[-40.7402249,-6.5774961],[-40.7542915,-6.5546712]],[[-40.7542915,-6.5546712],[-40.7876684,-6.5237803],[-40.7921223,-6.5128611]],[[-40.7921223,-6.5128611],[-40.7899395,-6.5006314]],[[-41.0908856,-4.1703318],[-41.1359048,-4.2335113]],[[-41.1220123,-5.0182193],[-41.1216678,-5.0260174]],[[-41.1216678,-5.0260174],[-41.0506227,-5.0262454],[-41.0325819,-4.9607163],[-41.0095815,-4.9415073],[-40.9857922,-4.9101198],[-40.9418697,-4.8825315],[-40.9290454,-4.8861056],[-40.8859427,-4.8657316],[-40.8756781,-4.8545145],[-40.8862724,-4.797487],[-40.8792328,-4.7874363],[-40.8832462,-4.7518804],[-40.8675611,-4.732484],[-40.8693131,-4.7151263],[-40.8259204,-4.7167853],[-40.80776,-4.7053108],[-40.7901769,-4.7116139],[-40.7620343,-4.7061988],[-40.7321727,-4.7151977],[-40.6698089,-4.7051233],[-40.6266635,-4.6212209],[-40.6047612,-4.6200943],[-40.5870037,-4.5941891],[-40.5878834,-4.5575772],[-40.509401,-4.5075023],[-40.4608693,-4.5283444],[-40.38119,-4.548867],[-40.3489872,-4.5800352],[-40.3221096,-4.5765792],[-40.293471,-4.5888258],[-40.2973434,-4.6063084],[-40.3189043,-4.6229907],[-40.3423184,-4.6554897],[-40.3204731,-4.6788943],[-40.3035277,-4.7207207],[-40.3137175,-4.7286149],[-40.2795245,-4.7520462],[-40.2733841,-4.7696401],[-40.2099711,-4.7925438],[-40.1847776,-4.7861679],[-40.1579617,-4.8056008],[-40.1487471,-4.8073134],[-40.1361009,-4.8129321],[-40.1198853,-4.7480289],[-40.0594998,-4.7168073],[-39.9261583,-4.7348921],[-39.9285834,-4.7745402],[-39.9068906,-4.7901975],[-39.8805589,-4.7876822],[-39.8744633,-4.7627224],[-39.8638441,-4.7516516],[-39.8611623,-4.7428116],[-39.8559329,-4.7363111],[-39.8516783,-4.7393021],[-39.8490182,-4.7367265],[-39.8396453,-4.7338929],[-39.8225074,-4.7318611],[-39.8162913,-4.7330652],[-39.7973346,-4.7511603],[-39.8067785,-4.7078],[-39.7425826,-4.7195628]],[[-39.7425826,-4.7195628],[-39.7275721,-4.6924545],[-39.7218922,-4.6870647]],[[-39.7218922,-4.6870647],[-39.7264867,-4.6639043],[-39.7208492,-4.6537471],[-39.7612912,-4.6470006],[-39.7695035,-4.6358816],[-39.7700402,-4.6307371],[-39.7170887,-4.5973609],[-39.6855691,-4.5734936],[-39.6901095,-4.5651679],[-39.7013247,-4.5454287],[-39.7476496,-4.5409999],[-39.7642666,-4.5306355],[-39.7606702,-4.5185762],[-39.7565352,-4.5027047],[-39.7206744,-4.4815086],[-39.7338564,-4.4641706],[-39.7293595,-4.4483914],[-39.7381795,-4.4227646],[-39.751905,-4.4074994],[-39.7096287,-4.3787277],[-39.7141928,-4.354633],[-39.734527,-4.3331874],[-39.725968,-4.3093502],[-39.7392076,-4.2941142],[-39.7301932,-4.2748733],[-39.765808,-4.2480042],[-39.7900547,-4.1931],[-39.7574757,-4.157854],[-39.7557563,-4.1346187],[-39.7401467,-4.1101855],[-39.7085208,-4.1010133],[-39.7034473,-4.0908435],[-39.6706544,-4.0704411],[-39.6835902,-4.0340371],[-39.706118,-4.0193484],[-39.710818,-3.9024862],[-39.7187314,-3.8872533],[-39.7038011,-3.850877],[-39.6782516,-3.832656],[-39.6414086,-3.8207532],[-39.6533415,-3.7736883],[-39.6822793,-3.7531249],[-39.6888875,-3.7086858],[-39.7074083,-3.6890883],[-39.6966634,-3.6451533],[-39.7157285,-3.6472713],[-39.7558227,-3.6027134],[-39.7730269,-3.5901067],[-39.7525843,-3.5621893],[-39.7792328,-3.4962572],[-39.7835918,-3.4643941],[-39.8529909,-3.453723],[-39.9510186,-3.433132],[-39.9832157,-3.4408242],[-40.0140414,-3.4294716],[-39.9938284,-3.4030084],[-39.983164,-3.3652291],[-39.9392047,-3.3347022],[-39.9237314,-3.294699],[-39.9088699,-3.2831902],[-39.8891024,-3.2239909],[-39.9026343,-3.2079233],[-39.8735514,-3.1786474],[-39.8643502,-3.1413677],[-39.868006,-3.1246053],[-39.7080092,-3.0138773],[-39.7067033,-3.0078993],[-39.7195074,-3.0003411]],[[-39.7195074,-3.0003411],[-39.7761955,-2.9560682],[-39.8224709,-2.9319775],[-39.8652826,-2.8981287],[-39.9187373,-2.8683649],[-39.9343158,-2.8707967],[-39.9946252,-2.839547],[-40.0388148,-2.8419486],[-40.1262327,-2.8235415],[-40.1437771,-2.840177],[-40.1853339,-2.8116806],[-40.268817,-2.8100756],[-40.3312076,-2.8059828],[-40.3718859,-2.8124064],[-40.4391695,-2.8092546],[-40.4979588,-2.7843235],[-40.5371263,-2.8194883],[-40.6031393,-2.8482853],[-40.6111235,-2.8412372],[-40.6433173,-2.849247],[-40.6702384,-2.8434164],[-40.7743912,-2.852787],[-40.8017627,-2.8726713],[-40.8447845,-2.8858541],[-40.8672704,-2.8623655],[-40.898209,-2.8621292],[-40.9145106,-2.87288],[-40.9554683,-2.8720289],[-40.9596844,-2.8787387],[-41.002405,-2.8897412],[-41.0461567,-2.8941205],[-41.1114043,-2.8947769],[-41.176816,-2.8862143],[-41.1875917,-2.8908519],[-41.2384543,-2.8889546],[-41.2586291,-2.8838208],[-41.3226683,-2.9212078],[-41.3206999,-2.9373411]],[[-39.7218922,-4.6870647],[-39.7294176,-4.6959029]],[[-39.7294176,-4.6959029],[-39.7333152,-4.7151036],[-39.7258151,-4.7210356],[-39.7374456,-4.7359147],[-39.7262384,-4.7495004],[-39.6921533,-4.7449385],[-39.6657421,-4.7318766],[-39.6288737,-4.7314207],[-39.5756512,-4.7487624],[-39.5101129,-4.7247348],[-39.3897982,-4.7248085],[-39.3712705,-4.7173442],[-39.3630694,-4.7386156],[-39.3279932,-4.7155591],[-39.304866,-4.70743],[-39.2926642,-4.6634426],[-39.2701785,-4.6469121],[-39.2386051,-4.6435052],[-39.2304319,-4.6529192],[-39.1714605,-4.6493262],[-39.1600843,-4.6355238],[-39.1200918,-4.6253613],[-39.0784432,-4.6386157],[-39.064549,-4.6540036],[-39.0480102,-4.639902],[-38.9940678,-4.6465863],[-38.9531514,-4.6641065],[-38.949245,-4.68402],[-38.9650881,-4.7049487],[-38.9512165,-4.7169728],[-38.9431028,-4.7409261],[-38.9233287,-4.7391012],[-38.9013718,-4.7125296],[-38.8817978,-4.7047568],[-38.8745251,-4.6795193],[-38.8582236,-4.6670148],[-38.8149089,-4.6723833],[-38.8022712,-4.6493567],[-38.782163,-4.6305303],[-38.7003593,-4.6122531],[-38.6891736,-4.6519867],[-38.6635806,-4.6607575],[-38.646522,-4.6813795],[-38.6362289,-4.6993532],[-38.604247,-4.6845878],[-38.5935926,-4.6787354],[-38.5889011,-4.6751782],[-38.5690774,-4.6732164],[-38.5295371,-4.6796209]],[[-38.5295371,-4.6796209],[-38.5250702,-4.6745578]],[[-38.5250702,-4.6745578],[-38.5082543,-4.6626982]],[[-38.5082543,-4.6626982],[-38.5059803,-4.6566979],[-38.4987917,-4.6515766],[-38.4900203,-4.6499457],[-38.4750188,-4.6498988]],[[-38.4750188,-4.6498988],[-38.4578916,-4.6534162],[-38.4340283,-4.6382047],[-38.3884344,-4.5790999],[-38.3688278,-4.5762435],[-38.3644507,-4.5425978],[-38.3814562,-4.5284925],[-38.363404,-4.5088533],[-38.3588743,-4.5052486],[-38.3233392,-4.5191044],[-38.3033367,-4.5374964]],[[-38.3033367,-4.5374964],[-38.2347683,-4.5742611],[-38.2299846,-4.5812573]],[[-38.2299846,-4.5812573],[-38.2113282,-4.592122],[-38.1820574,-4.6227477],[-38.1099968,-4.6063619],[-38.0843399,-4.5874884],[-38.0557435,-4.5945759],[-38.0382872,-4.5910293],[-38.037075,-4.5946292],[-38.0202729,-4.5973575],[-38.0202399,-4.5937916],[-38.0080516,-4.5958313],[-38.0054925,-4.5977269],[-38.0007149,-4.5977344],[-38.0012489,-4.596085],[-37.9864888,-4.5862712],[-37.987974,-4.5853155],[-37.9843964,-4.5822661],[-37.9930139,-4.5653973],[-37.9840547,-4.5603038],[-37.9814121,-4.546922],[-37.9754032,-4.5361821],[-37.9586693,-4.4943569],[-37.9555974,-4.4695671],[-37.9669133,-4.4646327],[-37.9763482,-4.4324283],[-37.9676208,-4.4237274],[-37.9479971,-4.4120202],[-37.9311255,-4.3974298],[-37.90491,-4.4139444],[-37.8959087,-4.4105788],[-37.8888115,-4.4070878],[-37.8868713,-4.4114629],[-37.8775317,-4.4082814],[-37.8713526,-4.4066869],[-37.8412465,-4.4073597],[-37.822551,-4.4010028],[-37.8180474,-4.3980316],[-37.8451205,-4.3816564]],[[-37.8451205,-4.3816564],[-37.8541657,-4.3794976],[-37.9065917,-4.339753],[-37.9601217,-4.2917965],[-37.9883175,-4.2608416],[-38.0093224,-4.2510906],[-38.0334424,-4.2249523],[-38.1159673,-4.1480004],[-38.1485043,-4.0980694],[-38.192162,-4.0405547],[-38.2232859,-4.0071535]],[[-38.2232859,-4.0071535],[-38.2469775,-4.028344],[-38.2916588,-4.0222527],[-38.3129862,-4.0108534],[-38.3702716,-4.0655868],[-38.3928506,-4.223148],[-38.437443,-4.2316678],[-38.454478,-4.2433436],[-38.4951402,-4.2313078],[-38.570474,-4.2354845],[-38.6144394,-4.1829202],[-38.6235057,-4.1656745],[-38.6411484,-4.158095],[-38.6724916,-4.1606593],[-38.6974073,-4.1716648],[-38.7567227,-4.1572294],[-38.7756157,-4.1624731],[-38.7905261,-4.1406616],[-38.7817998,-4.1305135],[-38.7550107,-4.1282792],[-38.7485039,-4.0929689],[-38.7846751,-4.0942529],[-38.8344878,-4.0726409],[-38.8407101,-4.1041331],[-38.8620958,-4.1122226],[-38.9533353,-4.0984392],[-38.9560762,-4.0965993],[-38.9565673,-4.0949763],[-38.9549513,-4.0893119],[-38.9557309,-4.0840965],[-38.9565973,-4.0728241],[-38.9841596,-4.0443863],[-39.0035461,-3.9917706],[-38.9434661,-3.9446729],[-38.958155,-3.9144426],[-38.98821,-3.8693286],[-38.9843874,-3.8644955],[-38.9859028,-3.8594557],[-38.9926825,-3.8565493],[-38.9996411,-3.8452991],[-38.9833871,-3.8161399],[-38.9784695,-3.7787411],[-38.9576983,-3.7693245],[-38.9515147,-3.7270328],[-38.9615086,-3.7119819],[-38.9402041,-3.6832336],[-38.920866,-3.6846008],[-38.9183502,-3.6666526],[-38.8816278,-3.6854159],[-38.8318923,-3.5707607],[-38.8066351,-3.5484934]],[[-38.8066351,-3.5484934],[-38.8478133,-3.542842],[-38.8916399,-3.5059233],[-38.911174,-3.5026221],[-38.9398097,-3.4489797],[-38.9737659,-3.4110761],[-39.0068377,-3.3968491],[-39.0476544,-3.4125689],[-39.0742017,-3.4013945],[-39.091177,-3.3845614],[-39.1127379,-3.3471147],[-39.1393777,-3.3457085],[-39.1592405,-3.3324643],[-39.1911234,-3.2849523],[-39.2277272,-3.2408134],[-39.2617886,-3.2178823],[-39.2773477,-3.2196874],[-39.3130443,-3.2060711],[-39.3441722,-3.1781403],[-39.3654545,-3.173428],[-39.3818222,-3.1835786],[-39.4380994,-3.1475857],[-39.4626879,-3.1437969],[-39.4868939,-3.1191393],[-39.5228171,-3.1019599],[-39.5498833,-3.0791328],[-39.5943265,-3.067981],[-39.6198268,-3.0259834],[-39.6498016,-3.0246493],[-39.6881846,-2.996534],[-39.7195074,-3.0003411]],[[-38.2232859,-4.0071535],[-38.2734442,-3.944154],[-38.3185531,-3.926197],[-38.360323,-3.8848564],[-38.4358215,-3.7705705],[-38.4613007,-3.7194362],[-38.4958517,-3.7250337],[-38.5393636,-3.7163689],[-38.5875832,-3.696406],[-38.6489969,-3.6838781],[-38.6750928,-3.6660794],[-38.7017547,-3.6383599],[-38.7624235,-3.6059174],[-38.8066351,-3.5484934]],[[-40.7875128,-6.3042566],[-40.7828633,-6.3133745],[-40.7801352,-6.3276718],[-40.7796001,-6.3466163],[-40.7903471,-6.3718893]],[[-40.7921223,-6.5128611],[-40.7905614,-6.5187012],[-40.7836794,-6.5284046],[-40.7542915,-6.5546712]],[[-40.7220026,-6.6176828],[-40.7322401,-6.6535854],[-40.7314656,-6.656968],[-40.7178079,-6.6714143]],[[-40.3741037,-6.8006057],[-40.3639936,-6.8068296]],[[-40.3639936,-6.8068296],[-40.3564941,-6.8070403],[-40.3512585,-6.8076913],[-40.3429689,-6.802433],[-40.31842,-6.8006316],[-40.3103681,-6.7861728],[-40.3077586,-6.7861675],[-40.3009428,-6.7995743],[-40.2649552,-6.7966552],[-40.2420845,-6.7767853],[-40.2031268,-6.7742822]],[[-40.2031268,-6.7742822],[-40.1823305,-6.7592403],[-40.1781202,-6.7612357],[-40.1693667,-6.7773791]],[[-40.1693667,-6.7773791],[-40.1499154,-6.7844711],[-40.1330362,-6.8106018]],[[-40.1330362,-6.8106018],[-40.1401971,-6.8178217]],[[-40.1401971,-6.8178217],[-40.1140018,-6.8175347],[-40.1079312,-6.8043322],[-40.0671312,-6.7902742],[-40.0693467,-6.7711439],[-40.0448596,-6.7531057],[-40.0098478,-6.7100093],[-40.0050866,-6.6867869],[-39.9866102,-6.6802318],[-39.9438242,-6.7075669],[-39.8770671,-6.6802858],[-39.8379876,-6.6791942],[-39.8291341,-6.69668],[-39.8103583,-6.6878316],[-39.775224,-6.6567996],[-39.7738633,-6.6072802],[-39.7287995,-6.5433889],[-39.7503771,-6.5209367],[-39.7389554,-6.4827835],[-39.7683474,-6.4680834],[-39.765023,-6.4427522],[-39.775974,-6.4108464],[-39.7277166,-6.3710428],[-39.7000018,-6.3283065],[-39.6802745,-6.3372562],[-39.6519975,-6.3373545],[-39.6257662,-6.3191025],[-39.57904,-6.3132621],[-39.5600982,-6.3327429],[-39.5400023,-6.3218809],[-39.5008558,-6.3347408],[-39.4742157,-6.3373528],[-39.4594781,-6.3248263],[-39.4638612,-6.2803854],[-39.4146335,-6.2591705],[-39.4170626,-6.2457156],[-39.3906233,-6.2219668],[-39.3567744,-6.2257183],[-39.2597083,-6.1283745],[-39.1417054,-6.1544054],[-39.0900042,-6.0936709],[-39.0737735,-6.051559],[-39.0521048,-6.0384434],[-39.0507418,-6.0253532],[-39.0185263,-6.0052294],[-38.9865131,-6.0285265],[-38.9867093,-6.0617084],[-38.9797801,-6.1016876]],[[-38.9797801,-6.1016876],[-38.9761335,-6.1028124]],[[-38.9761335,-6.1028124],[-38.9719161,-6.0857401],[-38.9745909,-6.0829217],[-38.9689796,-6.0744067],[-38.9633307,-6.0208204],[-38.9527132,-6.0164807],[-38.9484546,-5.9698285],[-38.919834,-5.9508188],[-38.8755601,-5.8694646],[-38.8791128,-5.8660728],[-38.8749692,-5.8585773],[-38.8395689,-5.8323549],[-38.8370698,-5.8128246],[-38.8082472,-5.7952996],[-38.80487,-5.7867357],[-38.8808267,-5.6556751],[-38.9091849,-5.5952725],[-38.9037046,-5.4712421],[-38.9205436,-5.435235],[-38.9243744,-5.3794782],[-38.9229843,-5.3291801],[-38.8988923,-5.310338],[-38.8833515,-5.3101423],[-38.8487766,-5.2884775],[-38.8092722,-5.2214334],[-38.7755925,-5.2043591],[-38.7230789,-5.1983558],[-38.7082144,-5.2009538],[-38.6917041,-5.2272656],[-38.6772592,-5.2272883],[-38.6109292,-5.1485507],[-38.6237371,-5.0896057],[-38.6246459,-5.0641638],[-38.6583414,-5.0453388],[-38.6859037,-5.054908],[-38.6767077,-5.0282588],[-38.6774553,-5.004817],[-38.6473813,-4.9799183],[-38.6486961,-4.9387862],[-38.63858,-4.927511],[-38.6458318,-4.8971273],[-38.6668316,-4.8693941],[-38.6335071,-4.8478078],[-38.5807351,-4.802026],[-38.5721417,-4.764819],[-38.5374808,-4.7560975],[-38.5219229,-4.7376552],[-38.5197184,-4.7300168],[-38.5337524,-4.7033684],[-38.5285926,-4.6867987]],[[-38.5285926,-4.6867987],[-38.5295371,-4.6796209]],[[-39.7294176,-4.6959029],[-39.7425826,-4.7195628]],[[-41.1216678,-5.0260174],[-41.1296202,-5.0399814]],[[-38.2299846,-4.5812573],[-38.2346372,-4.5743522],[-38.3033367,-4.5374964]],[[-38.4750188,-4.6498988],[-38.4979093,-4.6513007],[-38.5048362,-4.6554165],[-38.5082543,-4.6626982]],[[-38.5250702,-4.6745578],[-38.5285926,-4.6867987]],[[-38.9761335,-6.1028124],[-38.9724894,-6.1029382]],[[-38.9724894,-6.1029382],[-38.9493524,-6.0800814],[-38.9074747,-6.0859947],[-38.9014193,-6.1412355],[-38.8769682,-6.1477473],[-38.8621707,-6.1347038],[-38.8425422,-6.135891],[-38.8211994,-6.1240517],[-38.7832292,-6.11434],[-38.7681159,-6.1238068],[-38.7551165,-6.1111271],[-38.7217014,-6.1280882],[-38.7352461,-6.1561705],[-38.7353323,-6.1752465],[-38.7216139,-6.19952],[-38.6912903,-6.2070631],[-38.6789989,-6.2095484],[-38.6693816,-6.2005527],[-38.6474748,-6.1858707],[-38.6319127,-6.1743246],[-38.6151856,-6.1709188],[-38.6036084,-6.1742372],[-38.5994724,-6.1812478],[-38.5918343,-6.1972045],[-38.5710913,-6.2075118],[-38.5649816,-6.2228516],[-38.5556445,-6.2306404],[-38.5197118,-6.2230376]],[[-38.5197118,-6.2230376],[-38.5272039,-6.193378],[-38.5013253,-6.1909471],[-38.4870728,-6.1651605],[-38.4720657,-6.1487492],[-38.4620852,-6.112321],[-38.4407712,-6.0968743],[-38.4473166,-6.0852777],[-38.4015365,-6.053495],[-38.3856475,-6.0542704],[-38.3856916,-6.0646792],[-38.3725149,-6.0833211],[-38.3610244,-6.0856801],[-38.3392626,-6.0785869],[-38.3157683,-6.0818947],[-38.3004216,-6.0810777],[-38.2928456,-6.076786],[-38.2770092,-6.0699517],[-38.2700337,-6.0626692],[-38.2649744,-6.0542479],[-38.2525691,-6.0431031],[-38.2526921,-6.011914],[-38.2060156,-5.9643478],[-38.1637798,-5.9454434],[-38.1640605,-5.9274628],[-38.1225154,-5.8817401],[-38.1188643,-5.8328348],[-38.1004934,-5.8045298],[-38.0615092,-5.7620533],[-38.0470084,-5.7302628],[-38.0896939,-5.7148464],[-38.0819854,-5.6701227],[-38.0342697,-5.6371528],[-38.0139641,-5.5943981],[-37.9983274,-5.5853175],[-37.9900371,-5.5557979],[-37.9480565,-5.5346449],[-37.9346995,-5.5052844],[-37.9022457,-5.5006618],[-37.8922253,-5.4807596],[-37.8895409,-5.4522882],[-37.8604816,-5.4066857],[-37.8642752,-5.3783526],[-37.8474704,-5.3400231],[-37.7831099,-5.2948155],[-37.791859,-5.2687714],[-37.7829643,-5.2322646],[-37.7899659,-5.214499],[-37.7763098,-5.1871207],[-37.7649556,-5.1396162],[-37.7334225,-5.1006412],[-37.7250894,-5.0706243],[-37.6776204,-5.0540857],[-37.6403381,-4.9264044],[-37.4464459,-4.8809614]],[[-37.4464459,-4.8809614],[-37.2526586,-4.8313903],[-37.2622072,-4.8110096],[-37.2804374,-4.7544823],[-37.2950338,-4.7302004],[-37.328215,-4.6984063],[-37.3712188,-4.6824223],[-37.4075504,-4.6751417],[-37.47856,-4.6463392],[-37.4978126,-4.6269612],[-37.5207375,-4.6411801],[-37.5586779,-4.6416654],[-37.6031067,-4.6172992],[-37.6394425,-4.5859838],[-37.6883494,-4.532726],[-37.7164524,-4.5118375],[-37.7292163,-4.4941275],[-37.7700944,-4.4012707],[-37.809989,-4.3986351],[-37.8451205,-4.3816564]],[[-40.1401971,-6.8178217],[-40.1469975,-6.8305866]],[[-40.1469975,-6.8305866],[-40.0872855,-6.8466568],[-40.0771628,-6.8566974],[-40.0517167,-6.8441073],[-40.0534969,-6.8250491],[-40.00206,-6.8031288],[-39.9869182,-6.8150808],[-39.9094459,-6.7634663],[-39.8787684,-6.7674295],[-39.7907858,-6.8023313],[-39.7413631,-6.8054716],[-39.7085711,-6.7853287],[-39.6959751,-6.7959301],[-39.6906868,-6.8311469],[-39.653102,-6.8206993],[-39.6508943,-6.8016714],[-39.6333136,-6.7898296],[-39.5564693,-6.7765977],[-39.543992,-6.7681395],[-39.5103891,-6.7767447],[-39.5168544,-6.810096],[-39.5026229,-6.8435984],[-39.4842289,-6.8380453],[-39.4731162,-6.8647824],[-39.4857289,-6.8761014],[-39.4832284,-6.8979579],[-39.4186997,-6.8951378],[-39.3949687,-6.9223687],[-39.3746586,-6.9157989],[-39.3656955,-6.9168365],[-39.3416177,-6.9060124],[-39.2662528,-6.8816899],[-39.2069695,-6.8773296],[-39.1858058,-6.8636983],[-39.1665231,-6.9058743],[-39.1665778,-6.9357782],[-39.1159858,-6.9428002],[-39.1021148,-6.9610336],[-39.1005461,-6.9534734],[-39.0607595,-6.9115265],[-39.0208584,-6.895257],[-39.0145185,-6.8774357],[-38.9732489,-6.8632857],[-38.9507085,-6.8672629],[-38.920252,-6.8612071],[-38.8673673,-6.8605993],[-38.8196712,-6.8567299],[-38.812886,-6.8648662],[-38.774627,-6.8682067],[-38.7846808,-6.9049588],[-38.7682168,-6.90755]],[[-38.7682168,-6.90755],[-38.7651772,-6.9109368]],[[-38.7651772,-6.9109368],[-38.7562792,-6.9035917],[-38.7302886,-6.8968135],[-38.6948153,-6.8745632],[-38.668883,-6.8429579],[-38.6518704,-6.8117122],[-38.6169213,-6.7932989],[-38.6575338,-6.7407602],[-38.6664649,-6.717044],[-38.6737337,-6.7079864],[-38.6519647,-6.6731834],[-38.6570803,-6.6422895],[-38.6552633,-6.6304788],[-38.6291604,-6.6045824],[-38.6428534,-6.5811777],[-38.6121695,-6.5383173],[-38.6122882,-6.5131913],[-38.5704101,-6.4701951],[-38.5698165,-6.4548759],[-38.5542654,-6.4327631],[-38.5245176,-6.407083],[-38.5515225,-6.3981672],[-38.5719684,-6.4041066],[-38.5924663,-6.3782461],[-38.5722746,-6.3723097],[-38.5673533,-6.3615255],[-38.5667375,-6.3570834]],[[-38.5667375,-6.3570834],[-38.5625059,-6.3556517]],[[-38.5625059,-6.3556517],[-38.5815423,-6.3310461],[-38.5812962,-6.3162102],[-38.5702964,-6.2999934],[-38.5795457,-6.2796264],[-38.5384653,-6.2468967],[-38.5197118,-6.2230376]],[[-38.9724894,-6.1029382],[-38.9797801,-6.1016876]],[[-40.5142687,-7.3078321],[-40.5237232,-7.3184505]],[[-40.5237232,-7.3184505],[-40.5004686,-7.3279953],[-40.4335917,-7.3671782],[-40.3938781,-7.3681684],[-40.3609839,-7.3556007],[-40.3507936,-7.3341714],[-40.3185632,-7.3033404],[-40.2629956,-7.3010209],[-40.2419717,-7.3179952],[-40.22076,-7.3412703],[-40.1956847,-7.3581487],[-40.1277543,-7.381915]],[[-40.1277543,-7.381915],[-40.0764506,-7.3828257],[-40.0451637,-7.380745],[-40.000707,-7.3744783]],[[-40.000707,-7.3744783],[-39.926345,-7.3409989],[-39.8862817,-7.33931],[-39.8576968,-7.3254287],[-39.8286958,-7.3323702],[-39.7413221,-7.3268166],[-39.7061889,-7.3377612],[-39.6713484,-7.3585372],[-39.6457183,-7.3808781],[-39.6289072,-7.4256285],[-39.6055242,-7.4240816],[-39.5715905,-7.4298313],[-39.5528279,-7.4806568],[-39.5364439,-7.4825303],[-39.5023605,-7.4641484],[-39.4897325,-7.4724233],[-39.4607476,-7.471219],[-39.4556775,-7.5018609],[-39.4851642,-7.534449],[-39.4765268,-7.5533277],[-39.4658043,-7.574618],[-39.4349335,-7.5737228],[-39.4196561,-7.6044123],[-39.376095,-7.6117724],[-39.3384437,-7.6446469],[-39.3055665,-7.6659316],[-39.2703214,-7.6598973],[-39.252816,-7.6772868],[-39.250388,-7.698443],[-39.2083352,-7.6894803],[-39.1710014,-7.7152403],[-39.1437127,-7.718547],[-39.1063539,-7.7602263],[-39.0905551,-7.8096046],[-39.0853502,-7.8517125],[-39.0648798,-7.8395042],[-39.0537557,-7.8193046],[-39.0263931,-7.8246351],[-38.9822446,-7.8461256],[-38.9649404,-7.8298285],[-38.9397983,-7.7915557],[-38.9395781,-7.7587726],[-38.8813975,-7.7474323],[-38.8809128,-7.7249646],[-38.8688517,-7.7111798],[-38.8461022,-7.720415],[-38.8219622,-7.7147944],[-38.8151043,-7.6879796],[-38.8196899,-7.6648277],[-38.8158262,-7.6640578],[-38.78371,-7.6673771],[-38.7606124,-7.6560008],[-38.742802,-7.660322],[-38.7321897,-7.6338655],[-38.7151129,-7.6219195]],[[-38.7151129,-7.6219195],[-38.7156068,-7.612086]],[[-38.7156068,-7.612086],[-38.7036588,-7.5809573],[-38.6771712,-7.5705696],[-38.6611819,-7.5682918],[-38.6459957,-7.501926],[-38.6305654,-7.4839522],[-38.6417139,-7.4581761],[-38.603328,-7.457592],[-38.5853008,-7.4348151],[-38.5786649,-7.3797483],[-38.5485231,-7.3321317],[-38.5503552,-7.3154642],[-38.5355121,-7.2973977],[-38.5426311,-7.2783913],[-38.5588783,-7.2394171],[-38.5877423,-7.2486435],[-38.5976633,-7.2441884],[-38.615368,-7.2301858],[-38.6248028,-7.1913206],[-38.6593223,-7.1832477],[-38.68783,-7.1901612],[-38.675293,-7.1557219],[-38.6774153,-7.1309352],[-38.6564059,-7.0924258],[-38.677242,-7.0671025],[-38.669849,-7.0477046],[-38.6909873,-7.0299554],[-38.7305837,-7.0120279],[-38.7518883,-6.9885827],[-38.7422504,-6.9742785],[-38.7587671,-6.9252777]],[[-38.7587671,-6.9252777],[-38.7682168,-6.90755]],[[-40.1469975,-6.8305866],[-40.1441702,-6.8159117],[-40.1330362,-6.8106018]],[[-40.1693667,-6.7773791],[-40.180165,-6.7594011],[-40.1842596,-6.7597023],[-40.2031268,-6.7742822]],[[-40.3639936,-6.8068296],[-40.3705774,-6.8079935]],[[-38.5625059,-6.3556517],[-38.545065,-6.3537574]],[[-38.545065,-6.3537574],[-38.5247836,-6.3451932],[-38.5120854,-6.3522323],[-38.4897546,-6.3634482],[-38.4850614,-6.3994193],[-38.4520637,-6.3924893],[-38.4260412,-6.4141238],[-38.3993194,-6.4097925],[-38.3845344,-6.4222195],[-38.373663,-6.455781],[-38.3284375,-6.460656],[-38.3140874,-6.4873324],[-38.2815259,-6.499544],[-38.2392289,-6.4802973],[-38.1690391,-6.5000201],[-38.1478822,-6.4914876],[-38.1355176,-6.5184761],[-38.1170574,-6.5226685],[-38.0979875,-6.5094908],[-38.0701511,-6.4627525],[-38.0370128,-6.4570546],[-38.0294771,-6.4758372],[-38.0129466,-6.4688535],[-38.0199689,-6.4460049],[-37.9972783,-6.4264889],[-37.9790842,-6.4266932],[-37.9552056,-6.4080615],[-37.9454375,-6.4226201],[-37.9260514,-6.4211378],[-37.9015321,-6.3996792],[-37.8902563,-6.4001351],[-37.8882247,-6.3643695],[-37.8598275,-6.3748773],[-37.83426,-6.3423854],[-37.8429325,-6.3357964],[-37.8121239,-6.2927268],[-37.7648844,-6.2922364],[-37.7714219,-6.2730651],[-37.7605164,-6.2540906],[-37.7756165,-6.2313435],[-37.7518679,-6.2115674],[-37.7423739,-6.1889754],[-37.7075242,-6.1768554],[-37.6731701,-6.1905803],[-37.6467119,-6.1893923],[-37.6384756,-6.179837],[-37.5999132,-6.174011],[-37.5696205,-6.1554387],[-37.539995,-6.1659303],[-37.5363508,-6.152836],[-37.4829911,-6.151681],[-37.4589474,-6.1450022],[-37.4456931,-6.1122014],[-37.3936319,-6.1093877],[-37.3823388,-6.0855538],[-37.3544342,-6.0864859],[-37.3357795,-6.0674595],[-37.2955717,-6.0500947],[-37.2724774,-6.0557025],[-37.2537948,-6.0265689],[-37.2318602,-6.0275949],[-37.1755727,-6.0549393],[-37.1667862,-6.1086455],[-37.1750961,-6.1421831],[-37.166381,-6.1539088]],[[-37.166381,-6.1539088],[-37.1266757,-6.1568772]],[[-37.1266757,-6.1568772],[-37.1370151,-6.1698414],[-37.129195,-6.1925501],[-37.1041781,-6.2157549],[-37.0965278,-6.232113],[-37.0700798,-6.2374759],[-37.0629434,-6.2182177],[-37.0333576,-6.2264941],[-37.0031195,-6.2216917],[-36.9736656,-6.1925127],[-36.8921508,-6.1766168],[-36.894196,-6.1452928],[-36.9244638,-6.1319944],[-36.9340489,-6.088957],[-36.8987268,-6.0857739],[-36.8553922,-6.0442805],[-36.8489573,-6.0103315],[-36.8587118,-5.9845615],[-36.8760471,-5.9638712],[-36.818067,-5.9131389],[-36.7735607,-5.861044],[-36.7767285,-5.8031918],[-36.7686561,-5.7930263],[-36.7760519,-5.7636222],[-36.7554698,-5.7590107],[-36.7417369,-5.7360697],[-36.7083357,-5.7039099],[-36.7317648,-5.6842923],[-36.7476549,-5.6541709],[-36.7559849,-5.6225169],[-36.7717948,-5.6146206],[-36.7253385,-5.5737517],[-36.6990453,-5.5261481],[-36.6997244,-5.4638126],[-36.860405,-5.4423424],[-36.8493067,-5.4140937],[-36.8366662,-5.4007862],[-36.8379872,-5.3922306],[-36.5373818,-5.4127957],[-36.5156261,-5.4022381],[-36.5147749,-5.3018874],[-36.5421022,-5.3015108],[-36.5351546,-5.2646265],[-36.5425049,-5.2431848],[-36.5793803,-5.2158296],[-36.7291158,-5.1750295],[-36.7169553,-5.1178656],[-36.7186708,-5.1093632],[-36.7245557,-5.1070131],[-36.7514743,-5.0958093],[-36.7221531,-5.0851893],[-36.7155904,-5.0808986]],[[-36.7155904,-5.0808986],[-36.7670511,-5.0495027],[-36.7882035,-5.0441922],[-36.8121656,-5.0260548],[-36.8660297,-4.9592342],[-36.878147,-4.9506991],[-36.9188313,-4.9465193],[-36.9603391,-4.9184779],[-36.9779391,-4.9313883],[-37.0018731,-4.9286615],[-37.0405623,-4.9501867],[-37.082136,-4.9290553],[-37.1068581,-4.9223379],[-37.1272837,-4.9361998],[-37.1586745,-4.9443551],[-37.1786187,-4.918613],[-37.2096537,-4.895365],[-37.2526246,-4.8313814],[-37.4464459,-4.8809614]],[[-37.1266757,-6.1568772],[-37.1613391,-6.157528]],[[-37.1613391,-6.157528],[-37.174221,-6.1801036],[-37.1929439,-6.1830798],[-37.2015813,-6.205704],[-37.2342715,-6.2132783],[-37.2705525,-6.2517144],[-37.2731386,-6.2799722],[-37.2868492,-6.2822656],[-37.3169756,-6.2786655],[-37.3304244,-6.3063276],[-37.3633533,-6.3221656],[-37.3763169,-6.3557719],[-37.3885489,-6.3797339],[-37.39752,-6.4180988],[-37.3812436,-6.4371094],[-37.3909523,-6.4528424],[-37.3999866,-6.5194892]],[[-37.3999866,-6.5194892],[-37.4117002,-6.5295306],[-37.4192922,-6.5331712],[-37.4647245,-6.5326637]],[[-37.4647245,-6.5326637],[-37.4823574,-6.5477109],[-37.474815,-6.5644509],[-37.4803841,-6.6052178],[-37.4772159,-6.6419108],[-37.4661909,-6.6599595],[-37.4846995,-6.7100374],[-37.4073341,-6.6971954],[-37.3427129,-6.7012464],[-37.3142989,-6.6889744],[-37.283716,-6.6939148],[-37.2901673,-6.7130439],[-37.2639208,-6.73217],[-37.269363,-6.7619855],[-37.2573268,-6.7803959],[-37.2551439,-6.8110615]],[[-37.2551439,-6.8110615],[-37.2345993,-6.824636]],[[-37.2345993,-6.824636],[-37.2232378,-6.8253896],[-37.1906719,-6.8253657]],[[-37.1906719,-6.8253657],[-37.1537077,-6.7997892],[-37.1289358,-6.765977],[-37.1200602,-6.7672917],[-37.0594232,-6.749425],[-36.9998335,-6.7077129],[-36.9776218,-6.7218552],[-36.9692314,-6.7704963],[-36.9571355,-6.7904782],[-36.9315221,-6.7685749],[-36.9034284,-6.7536148],[-36.8350296,-6.7310709],[-36.7727287,-6.7870652],[-36.7694651,-6.8387481],[-36.7305176,-6.83544],[-36.7449889,-6.879514],[-36.757408,-6.8993641],[-36.7621014,-6.9268728],[-36.7567633,-6.95299],[-36.7441126,-6.9677737]],[[-36.7441126,-6.9677737],[-36.7373755,-6.9728086],[-36.7185539,-6.9827348],[-36.7139968,-6.9814919],[-36.7092715,-6.9746886]],[[-36.7092715,-6.9746886],[-36.6946712,-6.9344903]],[[-36.6946712,-6.9344903],[-36.6910962,-6.9288566],[-36.6872181,-6.9259627],[-36.6608107,-6.9269962],[-36.6483307,-6.92961],[-36.6374463,-6.933807]],[[-36.6374463,-6.933807],[-36.6036081,-6.930457],[-36.5679397,-6.8747966],[-36.573964,-6.8594037],[-36.5601562,-6.8407734],[-36.540991,-6.8407187]],[[-36.540991,-6.8407187],[-36.5291661,-6.825398],[-36.5159155,-6.8217675],[-36.5099622,-6.8179488],[-36.5054917,-6.8088241],[-36.5013048,-6.7775693]],[[-36.5013048,-6.7775693],[-36.5047532,-6.7539395],[-36.5277658,-6.7349449],[-36.5442045,-6.7312035],[-36.5588804,-6.7091075],[-36.5474152,-6.6951497],[-36.5417461,-6.6660633],[-36.5138108,-6.594393],[-36.4734806,-6.6144067],[-36.460518,-6.6343936],[-36.4362792,-6.6282245],[-36.4411475,-6.6000186],[-36.4491734,-6.5539142],[-36.4715443,-6.5483516],[-36.4809566,-6.5230828],[-36.5258468,-6.5011613],[-36.5309716,-6.4520716],[-36.5074919,-6.4001167],[-36.4998486,-6.3581649],[-36.430306,-6.362255],[-36.3945614,-6.2939748],[-36.3575767,-6.3099873],[-36.3075913,-6.281498]],[[-36.3075913,-6.281498],[-36.2949796,-6.2921068]],[[-36.2949796,-6.2921068],[-36.2910948,-6.2770049],[-36.2586728,-6.2458137],[-36.2671194,-6.2272785],[-36.2576677,-6.1987909],[-36.2568489,-6.1580152],[-36.3022169,-6.1153717],[-36.2813571,-6.044042],[-36.2528935,-5.982007],[-36.2128787,-5.8737258],[-36.1968193,-5.8831166],[-36.1820868,-5.8546459],[-36.1577276,-5.8496618],[-36.137413,-5.8639477],[-36.1178394,-5.8590513],[-36.1017676,-5.8300796],[-36.0678196,-5.8560166],[-36.0391386,-5.844962],[-36.0139253,-5.8352257],[-35.975624,-5.7946593],[-35.9414695,-5.8142554],[-35.9239151,-5.7651079],[-35.9415992,-5.7277917],[-35.9340442,-5.7159043],[-35.9416652,-5.6687785],[-35.9112795,-5.6296611],[-35.9924082,-5.4637876],[-36.0276707,-5.4452451],[-36.0633023,-5.4053987],[-36.1285469,-5.4568166],[-36.1599433,-5.4341125],[-36.2232316,-5.4338742],[-36.27584,-5.2894775],[-36.1505826,-5.2567209],[-36.1035402,-5.2865186],[-36.0508177,-5.2987559],[-36.0019486,-5.2561093],[-35.9521544,-5.2373809]],[[-35.9521544,-5.2373809],[-35.9082574,-5.059478]],[[-35.9082574,-5.059478],[-35.9494994,-5.0440103],[-35.9802429,-5.0415956],[-36.0394363,-5.0513964],[-36.0475605,-5.0601133],[-36.0800543,-5.0663438],[-36.1254898,-5.091471],[-36.1605417,-5.0965453],[-36.2381897,-5.0944539],[-36.2902358,-5.0876877],[-36.3087609,-5.1024017],[-36.3311533,-5.0871124],[-36.3841283,-5.0876119],[-36.4492302,-5.0664439],[-36.4739123,-5.0696945],[-36.5078674,-5.0623472],[-36.527164,-5.0678824],[-36.5440385,-5.088894],[-36.6104093,-5.0784421],[-36.6133961,-5.0943336],[-36.6481696,-5.0875332],[-36.6886622,-5.088301],[-36.7155904,-5.0808986]],[[-36.2949796,-6.2921068],[-36.2798727,-6.3088615]],[[-36.2798727,-6.3088615],[-36.2767475,-6.3404305],[-36.2988131,-6.3765406],[-36.2954318,-6.3901241],[-36.2770911,-6.3983742],[-36.2511629,-6.4044235],[-36.2497721,-6.4373599]],[[-36.2497721,-6.4373599],[-36.1948481,-6.4309314]],[[-36.1948481,-6.4309314],[-36.1437507,-6.4253246],[-36.110189,-6.4291807],[-36.0777206,-6.4050906],[-36.0367109,-6.4442652],[-36.0168211,-6.4520258],[-36.0053484,-6.4810533],[-35.9872215,-6.4852225],[-35.9441837,-6.4930062],[-35.7633561,-6.482192],[-35.7261916,-6.4696117],[-35.7071666,-6.4695364],[-35.681973,-6.4479283],[-35.6601643,-6.4452787],[-35.6168742,-6.462633],[-35.6001881,-6.4606106],[-35.5805324,-6.4871114],[-35.5521001,-6.4908238],[-35.5252965,-6.4760978],[-35.4123941,-6.4882475],[-35.3645125,-6.5120405]],[[-35.3645125,-6.5120405],[-35.3412638,-6.5386169]],[[-35.3412638,-6.5386169],[-35.3143609,-6.4496055],[-35.3032858,-6.4207937],[-35.3096188,-6.4031122],[-35.3388928,-6.3811059],[-35.3465355,-6.3584182],[-35.342209,-6.3152563],[-35.333133,-6.3137929],[-35.3232354,-6.2711312],[-35.324578,-6.2063871],[-35.3189557,-6.1909586],[-35.3523816,-6.1819666],[-35.3260895,-6.1408299],[-35.2986584,-6.0720552],[-35.3232591,-6.0482488],[-35.3690878,-6.0535548],[-35.3821223,-6.0217713],[-35.3702842,-6.0052655],[-35.37344,-5.9873764],[-35.546735,-6.0539548],[-35.5577292,-6.0467766],[-35.5374012,-5.9956844],[-35.5556165,-5.9484955],[-35.5722267,-5.9323081],[-35.4875012,-5.8296879],[-35.4715851,-5.8348248],[-35.4468642,-5.7333584],[-35.4582069,-5.717838],[-35.4999161,-5.7169999],[-35.5473552,-5.70959],[-35.5576945,-5.7211301],[-35.6318163,-5.7143856],[-35.6414712,-5.6293907],[-35.6585446,-5.5864552],[-35.6681812,-5.4963494],[-35.6312743,-5.4903215],[-35.6812696,-5.4640182],[-35.750987,-5.459208],[-35.7772166,-5.4428255],[-35.8142133,-5.4647787],[-35.8402248,-5.2345863],[-35.8318646,-5.2100244],[-35.9521544,-5.2373809]],[[-35.3412638,-6.5386169],[-35.3307729,-6.5443414],[-35.2745652,-6.5438778],[-35.2323484,-6.5317766],[-35.2182345,-6.5186048],[-35.2030563,-6.5478545],[-35.1840266,-6.5545685],[-35.1574849,-6.5517083],[-35.1454435,-6.5527097],[-35.1016588,-6.5001514],[-35.0889412,-6.504984],[-35.0577321,-6.5277912],[-35.0285409,-6.5055226],[-34.9920675,-6.5014946],[-34.9684579,-6.4871999]],[[-34.9684579,-6.4871999],[-34.9749944,-6.4190675],[-34.9907724,-6.3718731],[-35.0151465,-6.369401],[-35.0272021,-6.3509906],[-35.037647,-6.2673388],[-35.0359791,-6.2353981],[-35.059194,-6.2274228],[-35.0780922,-6.2112986],[-35.0949638,-6.1824475],[-35.100294,-6.110669],[-35.0963025,-6.0572878],[-35.1059868,-6.0540544],[-35.1062298,-6.0069172],[-35.1286137,-5.9674976],[-35.1430161,-5.9647323],[-35.1569676,-5.9218369],[-35.1530009,-5.8878385],[-35.1788124,-5.8663642],[-35.1792424,-5.7989714],[-35.1925949,-5.7809322],[-35.2035316,-5.7472818],[-35.1922014,-5.7005941],[-35.2161873,-5.6763806],[-35.2171125,-5.6318386],[-35.2254117,-5.6224614],[-35.2282843,-5.5750538],[-35.248402,-5.5461074],[-35.2592225,-5.5108481],[-35.2598138,-5.4812525],[-35.2880024,-5.4605602],[-35.2930089,-5.4328382],[-35.3103038,-5.4098545],[-35.3196058,-5.3777427],[-35.3378779,-5.3778918],[-35.3510968,-5.3624687],[-35.372687,-5.281446],[-35.4167172,-5.2209732],[-35.4589473,-5.1970323],[-35.4895279,-5.157048],[-35.572009,-5.134251],[-35.6061833,-5.120593],[-35.6389768,-5.1195318],[-35.6974255,-5.101549],[-35.7078273,-5.1038292],[-35.7588296,-5.0887739],[-35.7852408,-5.075011],[-35.8295526,-5.075247],[-35.8848054,-5.0669414],[-35.9082574,-5.059478]],[[-38.7651772,-6.9109368],[-38.7587671,-6.9252777]],[[-38.7156068,-7.612086],[-38.7141031,-7.6233113]],[[-38.7141031,-7.6233113],[-38.6867416,-7.6350403],[-38.6264385,-7.6947249],[-38.6128222,-7.7195303],[-38.6094341,-7.731916],[-38.6012993,-7.7401425],[-38.5977375,-7.7420354],[-38.5899574,-7.7556815],[-38.5601296,-7.7570921],[-38.5431333,-7.749001],[-38.5249571,-7.7546448],[-38.4965754,-7.7500319],[-38.4957993,-7.7388084],[-38.4639757,-7.7308921],[-38.4570834,-7.718107],[-38.4095078,-7.7304933],[-38.4039309,-7.7144425],[-38.3822533,-7.7074752],[-38.3549779,-7.6784252],[-38.3446915,-7.6949967],[-38.3266856,-7.6937045],[-38.3120297,-7.7163133],[-38.3158821,-7.7284729],[-38.2946014,-7.7779702],[-38.3025243,-7.7915012],[-38.2857074,-7.8309224],[-38.2385707,-7.8307261],[-38.164219,-7.7799088],[-38.1391963,-7.7862381],[-38.1161782,-7.8225602],[-38.0770694,-7.8305796],[-38.0713985,-7.7742344],[-38.0395816,-7.7481191],[-38.0299154,-7.7498353],[-38.003971,-7.7789864],[-37.9705998,-7.7775769],[-37.9268505,-7.7299322],[-37.9239349,-7.7151119],[-37.8805967,-7.6836501],[-37.8571589,-7.6519689],[-37.8100395,-7.6438918],[-37.8015289,-7.6263051],[-37.7858276,-7.6257982],[-37.7609745,-7.6668105],[-37.7441803,-7.6544952],[-37.740368,-7.6360853],[-37.7558477,-7.6195218],[-37.7349495,-7.5972142],[-37.7287319,-7.5797304],[-37.706572,-7.5694668],[-37.7065057,-7.5505838],[-37.6821509,-7.548376],[-37.6558188,-7.5234166],[-37.6303781,-7.532511],[-37.6097708,-7.5080308],[-37.5867296,-7.4991086],[-37.5279586,-7.4653107],[-37.5274041,-7.4483824],[-37.4876262,-7.3894195],[-37.496038,-7.3648223],[-37.4255124,-7.3529162],[-37.4154749,-7.3617195],[-37.4081401,-7.3581043],[-37.3857137,-7.3566938],[-37.3493763,-7.3351182],[-37.3572843,-7.3231138],[-37.3305857,-7.2882835],[-37.2883328,-7.2882889],[-37.2752678,-7.2742884],[-37.2341788,-7.2738869],[-37.2141755,-7.2913008],[-37.196674,-7.2946701],[-37.1353148,-7.3466643],[-37.0856227,-7.3582564],[-37.0674131,-7.38338]],[[-37.0674131,-7.38338],[-37.0531847,-7.3794983]],[[-37.0531847,-7.3794983],[-37.0273534,-7.2869844],[-37.0120445,-7.2834747],[-37.0146826,-7.2489112],[-37.035227,-7.1887685],[-36.9340368,-7.1727793],[-36.9153733,-7.0805506],[-36.9225568,-7.0525413],[-36.9425344,-7.0407111],[-36.9788134,-7.0581912],[-37.0594945,-7.0398711],[-37.0711729,-7.0178901],[-37.1029677,-7.0226449],[-37.1731809,-6.9831442],[-37.1811644,-6.963237],[-37.1784788,-6.926478],[-37.1843066,-6.9189542],[-37.212491,-6.9052],[-37.2223303,-6.8423834]],[[-37.2223303,-6.8423834],[-37.2335754,-6.8248381],[-37.2551439,-6.8110615]],[[-37.4647245,-6.5326637],[-37.4211872,-6.533298],[-37.4157096,-6.5318801],[-37.3999866,-6.5194892]],[[-37.1613391,-6.157528],[-37.166381,-6.1539088]],[[-38.545065,-6.3537574],[-38.5667375,-6.3570834]],[[-36.6374463,-6.933807],[-36.6548792,-6.9282388],[-36.6732709,-6.9257743],[-36.6892615,-6.9269575],[-36.6946712,-6.9344903]],[[-36.7092715,-6.9746886],[-36.7124388,-6.9800192],[-36.7158709,-6.9825585],[-36.7243661,-6.9803828],[-36.7441126,-6.9677737]],[[-37.1906719,-6.8253657],[-37.2345993,-6.824636]],[[-37.2345993,-6.824636],[-37.2223303,-6.8423834]],[[-37.0531847,-7.3794983],[-37.0499882,-7.3775885]],[[-37.0499882,-7.3775885],[-37.0256234,-7.3860442],[-37.0129712,-7.4042887],[-37.0236157,-7.4338675],[-36.9940627,-7.4647108],[-36.9842256,-7.4822617],[-37.0032533,-7.4963885],[-37.0538222,-7.5045686],[-37.121524,-7.5361189],[-37.1635694,-7.5747149],[-37.1979462,-7.6352979],[-37.1951312,-7.6520627],[-37.1545429,-7.7064038],[-37.1406638,-7.750065],[-37.1570323,-7.7729995],[-37.1584813,-7.7923324],[-37.1915385,-7.7911694],[-37.217416,-7.8066859],[-37.2228137,-7.8362093],[-37.2471503,-7.8468039],[-37.244648,-7.8749],[-37.2873944,-7.9038765],[-37.3132594,-7.9113856],[-37.3089764,-7.9341762],[-37.3434534,-7.9470209],[-37.3558706,-7.9758649],[-37.3397846,-7.9798045],[-37.3169937,-7.9680652],[-37.2917793,-7.9653109],[-37.2373419,-7.9733068],[-37.2079199,-7.9518661],[-37.1926756,-7.9605982],[-37.1933946,-7.9828667],[-37.1517946,-8.0094148],[-37.1483987,-8.0351154],[-37.1568452,-8.0645345],[-37.1437071,-8.0879656],[-37.1425578,-8.1179448],[-37.1586138,-8.1388694],[-37.1602253,-8.1704004],[-37.1264516,-8.173684],[-37.1229148,-8.2090664],[-37.1004285,-8.2337068],[-37.0808954,-8.2218915],[-37.0822268,-8.2618874],[-37.0402836,-8.2661796],[-37.023037,-8.2885896],[-36.9911563,-8.3029551],[-36.9602017,-8.3004673],[-36.9449468,-8.2752533],[-36.9136275,-8.2609287]],[[-36.9136275,-8.2609287],[-36.8999978,-8.2436608],[-36.89595,-8.2408201]],[[-36.89595,-8.2408201],[-36.8617023,-8.2224268],[-36.8125112,-8.2052941],[-36.7932,-8.1894514],[-36.7615697,-8.1962939],[-36.7501424,-8.175704],[-36.723972,-8.1724687],[-36.7188747,-8.1616222],[-36.6678453,-8.1242659],[-36.6286125,-8.1110504],[-36.6472383,-8.0924901],[-36.6537909,-8.0703841],[-36.6278519,-8.0557493],[-36.6278515,-7.9864066],[-36.6118769,-7.9478967],[-36.586861,-7.9586561],[-36.5725882,-7.935975],[-36.5781999,-7.9152476],[-36.5520196,-7.8987141],[-36.5336306,-7.9021779],[-36.4801364,-7.9247633],[-36.4436973,-7.9143309],[-36.4296952,-7.8865592],[-36.4299642,-7.8271115],[-36.4240476,-7.8157782],[-36.3945385,-7.8076088],[-36.3091315,-7.8066872],[-36.2613346,-7.832077],[-36.2400121,-7.817681],[-36.254196,-7.7963868],[-36.2166343,-7.7641042],[-36.1978732,-7.7903806],[-36.1835269,-7.7839023],[-36.1433702,-7.7815622],[-36.1172776,-7.7857853],[-36.1006652,-7.7786834],[-36.068992,-7.7809736],[-36.0538725,-7.801361],[-36.0419921,-7.7936895],[-36.0215873,-7.8102391]],[[-36.0215873,-7.8102391],[-36.0226549,-7.8085416]],[[-36.0226549,-7.8085416],[-36.0125953,-7.7915496],[-36.0098912,-7.7577907],[-35.9896407,-7.7408143],[-35.9755152,-7.7065784],[-35.9711505,-7.668622],[-35.9551299,-7.6520552],[-35.9335501,-7.6688962],[-35.9304868,-7.6827162],[-35.8652478,-7.6573979],[-35.8733927,-7.6077729],[-35.8710949,-7.6050544],[-35.8526743,-7.5817684],[-35.84933,-7.5794274],[-35.8477981,-7.5767196],[-35.8293398,-7.5748856],[-35.8221139,-7.5663086],[-35.8502887,-7.5527705],[-35.884761,-7.5425438],[-35.8756794,-7.5209432],[-35.8855208,-7.5104749],[-35.9221351,-7.5138998],[-35.9542884,-7.4966459],[-36.0076804,-7.4500309],[-36.0049515,-7.4067277],[-35.9989192,-7.3900671],[-36.0384528,-7.3663383],[-36.1278431,-7.361461],[-36.1503064,-7.3446682],[-36.1758642,-7.347261],[-36.1959046,-7.361765],[-36.2356843,-7.3696704],[-36.2727246,-7.3583731],[-36.2819273,-7.369204],[-36.3457412,-7.367309],[-36.3304406,-7.3054486],[-36.3260914,-7.1887277],[-36.3961205,-7.2226275],[-36.4185686,-7.2000695],[-36.4850727,-7.1886969],[-36.4884403,-7.1664166],[-36.4743453,-7.1293929],[-36.4899383,-7.0344595],[-36.476708,-6.9942084],[-36.3756323,-6.9742629],[-36.3420555,-6.9525439],[-36.3292035,-6.9351359],[-36.3046998,-6.940757],[-36.2608745,-6.836796],[-36.2501703,-6.6853717],[-36.225064,-6.5593667],[-36.2265349,-6.4340281]],[[-36.2265349,-6.4340281],[-36.2497721,-6.4373599]],[[-36.2798727,-6.3088615],[-36.3075913,-6.281498]],[[-36.5013048,-6.7775693],[-36.5069378,-6.8130054],[-36.5119791,-6.819571],[-36.5313104,-6.8270785],[-36.540991,-6.8407187]],[[-36.1948481,-6.4309314],[-36.2265349,-6.4340281]],[[-36.0226549,-7.8085416],[-35.9982206,-7.8137562]],[[-35.9982206,-7.8137562],[-35.9910393,-7.7998694],[-35.9549953,-7.7893855],[-35.9328815,-7.7844259],[-35.9093578,-7.7925091],[-35.8838261,-7.7747796],[-35.8721183,-7.7495389],[-35.828499,-7.751649],[-35.7805775,-7.7383514],[-35.7365494,-7.709599],[-35.7136205,-7.70737],[-35.6972409,-7.6919398],[-35.6841139,-7.7077989],[-35.6315236,-7.6812374],[-35.6146193,-7.6563094],[-35.5865984,-7.650271],[-35.5652551,-7.6572607],[-35.5595634,-7.66133],[-35.532812,-7.6548176],[-35.5220742,-7.6435402],[-35.5196319,-7.6400175],[-35.5316871,-7.6216661],[-35.5239071,-7.5891201],[-35.5378368,-7.5866411],[-35.527211,-7.5699614],[-35.521378,-7.5411767],[-35.5019269,-7.5125111]],[[-35.5019269,-7.5125111],[-35.5040079,-7.5079737]],[[-35.5040079,-7.5079737],[-35.4929587,-7.4899694],[-35.4503698,-7.4534114],[-35.4247143,-7.474423],[-35.4082393,-7.4611323],[-35.3732703,-7.4436477],[-35.3654657,-7.44092],[-35.3629065,-7.4427982],[-35.3485986,-7.4349417],[-35.3523559,-7.4223977],[-35.3275419,-7.4101084],[-35.3161569,-7.4056899],[-35.3090486,-7.4090439],[-35.3018744,-7.40381]],[[-35.3018744,-7.40381],[-35.2861212,-7.3785614]],[[-35.2861212,-7.3785614],[-35.2723017,-7.3683605],[-35.2912865,-7.3211029],[-35.3089111,-7.3229964],[-35.3142187,-7.3013616],[-35.3785578,-7.2515682],[-35.4158021,-7.2730057],[-35.4479294,-7.2567358],[-35.4186956,-7.2393559],[-35.3743697,-7.2389468],[-35.3829588,-7.2102328],[-35.33673,-7.1873947],[-35.325573,-7.1552732],[-35.3060269,-7.1434276],[-35.3155163,-7.1151892],[-35.3771415,-7.0326621],[-35.3566785,-6.9894102],[-35.3284865,-6.9918643],[-35.2779471,-6.9693163],[-35.2635611,-6.9561491],[-35.2887875,-6.940909],[-35.2900126,-6.9210421],[-35.3045113,-6.8978779],[-35.3032512,-6.882784],[-35.317394,-6.8609017],[-35.3006915,-6.8504946],[-35.3040144,-6.8344249],[-35.325025,-6.8206707],[-35.3198391,-6.7904171],[-35.357802,-6.7580268],[-35.3454782,-6.7432751],[-35.3367768,-6.709373],[-35.3392121,-6.7080591],[-35.3201111,-6.708644],[-35.3196076,-6.6710561],[-35.3404451,-6.6487962],[-35.3280444,-6.6082997],[-35.3282675,-6.6000671],[-35.3312672,-6.5963385],[-35.3333973,-6.5913169],[-35.3448797,-6.595595],[-35.3532436,-6.596387],[-35.3789491,-6.606353],[-35.3892518,-6.6038211],[-35.395554,-6.562989],[-35.3645125,-6.5120405]],[[-35.2861212,-7.3785614],[-35.2806858,-7.3877608],[-35.272881,-7.3831081],[-35.2485947,-7.3747796]],[[-35.2485947,-7.3747796],[-35.2167415,-7.3809382],[-35.1907413,-7.3978912],[-35.1720667,-7.3880404],[-35.107964,-7.405526],[-35.0705208,-7.398761],[-35.0295563,-7.4258206],[-35.0027445,-7.4535294],[-34.9854187,-7.4620067],[-34.9901785,-7.4888784],[-34.9842275,-7.5078883],[-34.9607869,-7.538766],[-34.9326776,-7.5285201],[-34.9173158,-7.5417697],[-34.8913728,-7.5372411],[-34.8673922,-7.5479595],[-34.8580231,-7.5379505]],[[-34.8580231,-7.5379505],[-34.8385936,-7.5443003],[-34.8338806,-7.5486344],[-34.8270047,-7.5511561],[-34.8093029,-7.5123384],[-34.8141774,-7.4900032],[-34.8093837,-7.432532],[-34.7945268,-7.3329527],[-34.8025632,-7.3135207],[-34.7989462,-7.2779002],[-34.8049316,-7.2620794],[-34.8035074,-7.2137666],[-34.7947404,-7.1942397],[-34.7970454,-7.1468138],[-34.8104519,-7.1450005],[-34.8329648,-7.0962199],[-34.8296956,-7.0745224],[-34.8422771,-7.0574216],[-34.8296007,-7.0306713],[-34.8349392,-7.0049474],[-34.865263,-7.0295831],[-34.8739579,-6.9860793],[-34.8549176,-6.969338],[-34.8644623,-6.9428717],[-34.853938,-6.9006149],[-34.8875589,-6.8831989],[-34.9112215,-6.8261596],[-34.9188668,-6.7707405],[-34.9369263,-6.7509029],[-34.9278758,-6.7401792],[-34.9338983,-6.6968913],[-34.9550045,-6.6675271],[-34.9659405,-6.5977662],[-34.9684579,-6.4871999]],[[-40.000707,-7.3744783],[-40.0511468,-7.3812201],[-40.0874545,-7.3830931],[-40.1277543,-7.381915]],[[-40.5237232,-7.3184505],[-40.5415082,-7.3322691]],[[-40.7132264,-7.473004],[-40.715294,-7.487954],[-40.7012039,-7.5257858],[-40.6940806,-7.5387189],[-40.6773208,-7.5629432]],[[-40.5590935,-7.814846],[-40.5475148,-7.8274666],[-40.5420618,-7.8384807],[-40.538124,-7.8569373]],[[-40.7816784,-8.2931154],[-40.7800896,-8.2962729]],[[-40.7800896,-8.2962729],[-40.7638411,-8.3030638],[-40.757976,-8.3369324],[-40.7169242,-8.3512038],[-40.7032144,-8.3473088],[-40.6761824,-8.3744326],[-40.6556617,-8.3807038],[-40.6212548,-8.3680393],[-40.5731262,-8.3629574],[-40.543723,-8.3764624],[-40.5288911,-8.3665314],[-40.4952181,-8.3701127],[-40.4624636,-8.3609142],[-40.4442776,-8.3706364],[-40.4210677,-8.4043506],[-40.408845,-8.4020808],[-40.3801294,-8.4162625],[-40.3606987,-8.4446509],[-40.3535273,-8.4676282],[-40.3504342,-8.5077795],[-40.3289749,-8.5170206],[-40.2836763,-8.5077097],[-40.2634183,-8.4987011],[-40.2373569,-8.5109119],[-40.2086479,-8.5027295],[-40.1901213,-8.4878695],[-40.1973512,-8.4614174],[-40.1781544,-8.419497],[-40.1657625,-8.4180683],[-40.1460019,-8.394625],[-40.1339892,-8.3607177],[-40.0951275,-8.3491481],[-40.082408,-8.3714433],[-40.0434766,-8.3642974],[-40.0222956,-8.3736822],[-40.00377,-8.3544902],[-39.9605766,-8.3786087],[-39.9400328,-8.3643659],[-39.8960712,-8.3729441],[-39.8616687,-8.3499067],[-39.8510909,-8.3356187],[-39.809733,-8.3296119],[-39.7487225,-8.3454406],[-39.7443865,-8.3716139],[-39.7242284,-8.3819104],[-39.6797706,-8.4392315],[-39.66464,-8.4189542],[-39.6745951,-8.4094599],[-39.6702552,-8.3858606],[-39.6846538,-8.3705838],[-39.6837256,-8.3505213],[-39.5666253,-8.2474536],[-39.5389817,-8.2375764],[-39.5086429,-8.2390806],[-39.4956093,-8.2477698],[-39.4684111,-8.2365162],[-39.4653887,-8.2229123],[-39.5243835,-8.2167814],[-39.538393,-8.2058235],[-39.5436115,-8.2001092],[-39.547748,-8.1890591],[-39.5387129,-8.1807535],[-39.4787237,-8.1553366],[-39.46392,-8.1398129],[-39.4298078,-8.1426364],[-39.4282412,-8.1317048],[-39.4280946,-8.129307],[-39.4167052,-8.1210854],[-39.395413,-8.0730147],[-39.3816578,-8.0667462],[-39.3718317,-8.0599061],[-39.3638977,-8.0535258],[-39.3000946,-8.0473773],[-39.3154663,-8.0924057],[-39.2947787,-8.1017049],[-39.2972201,-8.1531098],[-39.3173577,-8.1825961],[-39.3017992,-8.2273303],[-39.2494942,-8.2137982],[-39.2087319,-8.2272093],[-39.0465227,-8.3796619],[-39.0303053,-8.3734961],[-38.9968589,-8.3742885],[-38.9940151,-8.3550869],[-38.927952,-8.3563701],[-38.9151354,-8.3338885],[-38.8579422,-8.2866692],[-38.8509101,-8.2861644],[-38.8125344,-8.2352053],[-38.7393057,-8.2450225],[-38.7199604,-8.2580292],[-38.6496402,-8.2914958],[-38.6285615,-8.3108311],[-38.5877577,-8.3037998],[-38.5361104,-8.2885211],[-38.506811,-8.3066713],[-38.4995206,-8.3201938],[-38.5094214,-8.3517436],[-38.5046208,-8.3618247],[-38.5173684,-8.3986334],[-38.5150139,-8.4385036],[-38.4715195,-8.4063574],[-38.449928,-8.3671209],[-38.4419824,-8.3703082],[-38.4066096,-8.3057959],[-38.3676763,-8.2807881],[-38.3143215,-8.2916944],[-38.2907541,-8.285067],[-38.2631748,-8.2533617],[-38.2432807,-8.2615405],[-38.1899972,-8.3009105],[-38.1950266,-8.3138394],[-38.182826,-8.3566598],[-38.1741104,-8.3631203],[-38.1677606,-8.3978734],[-38.138709,-8.4083059],[-38.0949535,-8.413531],[-38.0624151,-8.448925],[-38.0277195,-8.4594809],[-37.9923706,-8.4549071],[-37.9666512,-8.4585825],[-37.9338979,-8.4390654],[-37.9152555,-8.4093733],[-37.8941347,-8.3928393],[-37.8718427,-8.4075776],[-37.8438117,-8.3989056],[-37.801372,-8.3728984],[-37.7851143,-8.3834166],[-37.7877056,-8.4135139],[-37.8529226,-8.5949824],[-37.9320373,-8.6176256],[-37.9515295,-8.6344113],[-37.9528453,-8.6520504],[-37.9750948,-8.6575357],[-37.9932996,-8.6471848],[-38.0247335,-8.6523101],[-38.006482,-8.6800517],[-38.0054931,-8.9628362],[-37.993715,-8.9966338],[-37.9780853,-9.0197123],[-37.9573697,-8.9985778],[-37.9330569,-8.9982395],[-37.891967,-8.9637877],[-37.864856,-8.9595259],[-37.8485152,-8.9406038]],[[-37.8485152,-8.9406038],[-37.833637,-8.9264118]],[[-37.833637,-8.9264118],[-37.8203593,-8.9087038],[-37.8246288,-8.8859573],[-37.7947029,-8.8749931],[-37.761,-8.8480846],[-37.7502259,-8.8583701],[-37.7039225,-8.9219266],[-37.6988417,-8.9447222],[-37.6719167,-8.9745],[-37.6998306,-8.9840556],[-37.6940818,-8.9895603],[-37.6821528,-8.9973324],[-37.6577778,-8.9926667],[-37.6409181,-9.0006079],[-37.6287082,-9.0004514],[-37.5970513,-8.9690718],[-37.5559444,-8.9704722],[-37.5459722,-8.9609444]],[[-37.5459722,-8.9609444],[-37.5253053,-8.9633598]],[[-37.5253053,-8.9633598],[-37.5184615,-8.9383274],[-37.5006583,-8.9288988],[-37.4905931,-8.8863616],[-37.4775774,-8.8734089],[-37.4486483,-8.880242],[-37.432397,-8.8667478],[-37.4239409,-8.8729147],[-37.4217065,-8.868253],[-37.4235564,-8.8612646],[-37.4183893,-8.8485187],[-37.4155301,-8.8405127],[-37.4212486,-8.8360522],[-37.4188468,-8.827017],[-37.4116868,-8.8149092],[-37.3905144,-8.5108862],[-37.3630959,-8.405674],[-37.295406,-8.3951641],[-37.2807877,-8.3880591],[-37.261706,-8.399504],[-37.2494277,-8.3906443],[-37.2019069,-8.4186117],[-37.1729901,-8.4150302],[-37.1490412,-8.4034596],[-37.1388649,-8.426555],[-37.0902199,-8.440786],[-37.0229118,-8.4986985],[-37.0035916,-8.465769],[-37.0071079,-8.4466424],[-36.9693086,-8.4443482],[-36.935521,-8.4480786],[-36.9243951,-8.4642086],[-36.9107534,-8.4485313],[-36.9484338,-8.3966444],[-36.9449191,-8.373464],[-36.9096372,-8.2956771],[-36.9082635,-8.2530931]],[[-36.9082635,-8.2530931],[-36.9136275,-8.2609287]],[[-37.0499882,-7.3775885],[-37.0674131,-7.38338]],[[-38.7141031,-7.6233113],[-38.7151129,-7.6219195]],[[-38.2505456,-9.2904806],[-38.2413466,-9.3227458],[-38.23759,-9.3297945]],[[-38.23759,-9.3297945],[-38.2030806,-9.2969016],[-38.179554,-9.2912502],[-38.1658171,-9.2713186],[-38.1563061,-9.2423638],[-38.1439087,-9.2182047],[-38.1153696,-9.1983602],[-38.0922873,-9.172725],[-38.0639045,-9.1737805],[-38.030292,-9.1649481],[-38.0257874,-9.1555063],[-37.9846522,-9.1497898],[-37.9762023,-9.1361899],[-37.9515962,-9.0973095],[-37.9078751,-9.0522184],[-37.9057358,-9.0409928],[-37.8775694,-9.035376],[-37.8795981,-9.0154139],[-37.8530933,-9.0001398],[-37.8390986,-8.9783812],[-37.8253338,-8.9324283]],[[-37.8253338,-8.9324283],[-37.8485152,-8.9406038]],[[-40.7800896,-8.2962729],[-40.7798798,-8.3019327]],[[-41.3454184,-8.7098651],[-41.3583362,-8.7076202]],[[-41.3583362,-8.7076202],[-41.3343516,-8.7276615],[-41.3051001,-8.7273801],[-41.2815376,-8.7361004],[-41.2606246,-8.7207165],[-41.2385678,-8.7197312],[-41.2269785,-8.7047021],[-41.1764047,-8.7111943],[-41.1214292,-8.7057587],[-41.1119219,-8.7087175],[-41.1289892,-8.7433931],[-41.1033511,-8.780443],[-41.0362345,-8.7858759],[-41.0249601,-8.8077274],[-41.0313197,-8.8349584],[-41.0212409,-8.8435609],[-40.9790937,-8.8234171],[-40.960905,-8.8307593],[-40.9463832,-8.8449969],[-40.9213378,-8.8354306],[-40.9149791,-8.8495228],[-40.9015063,-8.8664972],[-40.8950412,-8.8890928],[-40.8812337,-8.9156278],[-40.8662781,-8.9233892],[-40.8515959,-8.952499],[-40.8519585,-8.9825849],[-40.8350127,-9.0086935],[-40.8252311,-9.0381866],[-40.821008,-9.0798914],[-40.804104,-9.0983359],[-40.7772606,-9.1006684],[-40.7325375,-9.1240056],[-40.7098893,-9.140881],[-40.685094,-9.1376102],[-40.6673957,-9.1590592],[-40.6698732,-9.1861325],[-40.6945004,-9.2334556],[-40.6800885,-9.2592117],[-40.6859879,-9.2763682],[-40.7086897,-9.286876],[-40.7200882,-9.3058967],[-40.7394418,-9.2965887],[-40.7564219,-9.3150323],[-40.7372865,-9.3368708],[-40.7464789,-9.3710522],[-40.7430889,-9.4029455],[-40.7649756,-9.4132164],[-40.7672889,-9.4457041],[-40.7221786,-9.4459485],[-40.6813218,-9.467221],[-40.6206769,-9.4825255],[-40.5951233,-9.4673692],[-40.5557585,-9.4579381],[-40.5408152,-9.4240433],[-40.5107266,-9.4071789],[-40.4741747,-9.4207922],[-40.4538185,-9.4035174],[-40.4358983,-9.3621587],[-40.4181453,-9.3520533],[-40.3912784,-9.3721668],[-40.3563971,-9.3769943],[-40.3337541,-9.3505383],[-40.3373376,-9.335068],[-40.3190314,-9.2872692],[-40.3077871,-9.2713207],[-40.3005068,-9.231208],[-40.2861727,-9.1856114],[-40.294012,-9.1520678],[-40.2788467,-9.0945385],[-40.2478641,-9.0577378],[-40.2236023,-9.0566675],[-40.2011193,-9.0684658],[-40.1597208,-9.1078733],[-40.1298949,-9.1103046],[-40.0735397,-9.0753621],[-40.0655631,-9.0630652],[-39.9960306,-9.0609582],[-39.9580347,-9.0485916],[-39.8888191,-8.9658368],[-39.8734564,-8.9340387],[-39.8794186,-8.9019086],[-39.9012593,-8.8641588],[-39.8929577,-8.828794],[-39.8227319,-8.8135158],[-39.7887962,-8.8191096],[-39.7477853,-8.794041],[-39.6931964,-8.7986757],[-39.6746292,-8.7871572],[-39.673824,-8.7454614],[-39.6930366,-8.680512],[-39.6911317,-8.6623129],[-39.652364,-8.6603516],[-39.5952263,-8.6512059],[-39.556658,-8.6230886],[-39.5186123,-8.6039111],[-39.4856967,-8.5964458],[-39.4612466,-8.5820402],[-39.4521096,-8.5631992],[-39.4354904,-8.5633018],[-39.4160408,-8.5421279],[-39.3797936,-8.5328206],[-39.3451437,-8.5585006],[-39.2932156,-8.5606292],[-39.2751598,-8.576825],[-39.2634051,-8.6152185],[-39.2478833,-8.6249988],[-39.2454926,-8.6841059],[-39.234268,-8.7053364],[-39.200781,-8.7109876],[-39.1809958,-8.7063009],[-39.1687128,-8.6915045],[-39.1439462,-8.7125191],[-39.0375772,-8.7346909],[-38.9919113,-8.7675519],[-38.977432,-8.7930867],[-38.9519332,-8.8046682],[-38.9249375,-8.7947475],[-38.8681044,-8.7838654],[-38.8163043,-8.786181],[-38.7969895,-8.7934644],[-38.7396837,-8.8448477],[-38.7065435,-8.8622606],[-38.6936588,-8.9029688],[-38.6892326,-8.9473956],[-38.6725158,-8.9739755],[-38.6407103,-8.9872682],[-38.6240985,-8.9800469],[-38.6083358,-8.9498221],[-38.6075857,-8.893264],[-38.5899504,-8.8565392],[-38.5704286,-8.8303691],[-38.5550678,-8.8233578],[-38.5124067,-8.830586],[-38.4808098,-8.8493261],[-38.4697972,-8.8642411],[-38.4793182,-8.9017437],[-38.5020467,-8.9166207],[-38.5193747,-8.9393497],[-38.5035127,-8.9814111],[-38.4490997,-9.0263588],[-38.4035158,-9.0372331],[-38.3624418,-9.0009412],[-38.32354,-8.9900092],[-38.3027903,-9.0138683],[-38.2899593,-9.0471618],[-38.3037371,-9.0616433],[-38.3210421,-9.0700337],[-38.3164728,-9.108796],[-38.3212952,-9.129903],[-38.3163219,-9.1445154],[-38.287601,-9.1738839],[-38.2800756,-9.2072189],[-38.2875128,-9.2171293],[-38.2505456,-9.2904806]],[[-35.9982206,-7.8137562],[-36.0215873,-7.8102391]],[[-36.89595,-8.2408201],[-36.9082635,-8.2530931]],[[-37.5253053,-8.9633598],[-37.5191111,-8.9683333]],[[-37.5191111,-8.9683333],[-37.5074193,-8.967544],[-37.5043893,-8.9653873],[-37.4965078,-8.9715159],[-37.4923447,-8.9875552],[-37.4681995,-8.9985786],[-37.4165025,-9.0065641],[-37.3586391,-9.0538891],[-37.3277033,-9.0932257],[-37.3174531,-9.0924019],[-37.3106995,-9.1004188],[-37.2822858,-9.1488418],[-37.2470816,-9.1790184],[-37.2335552,-9.2065858],[-37.2343415,-9.2401754],[-37.1983152,-9.2154825],[-37.1589467,-9.2391017],[-37.1682826,-9.2518259],[-37.1643357,-9.2757055],[-37.1299203,-9.2600634],[-37.1164756,-9.2409306],[-37.0906725,-9.2463621],[-37.0571996,-9.2817884],[-37.0616712,-9.304162],[-37.0285115,-9.314017],[-37.0033646,-9.3526135]],[[-37.0033646,-9.3526135],[-36.9790812,-9.3595307],[-36.9585287,-9.3787006],[-36.9524337,-9.3825434],[-36.9440073,-9.3823402],[-36.9310996,-9.3715815],[-36.9304372,-9.3700363]],[[-36.9304372,-9.3700363],[-36.9365515,-9.3498863],[-36.9158205,-9.2990208],[-36.8674694,-9.2685315],[-36.8360412,-9.2886286],[-36.7617725,-9.271457],[-36.6892248,-9.2964447],[-36.6704222,-9.3132355],[-36.6446864,-9.3143715],[-36.603625,-9.3415125],[-36.5665761,-9.3314374],[-36.5718396,-9.2925828],[-36.5532163,-9.282593],[-36.4904055,-9.2612143],[-36.4871653,-9.2402014],[-36.4625173,-9.2392511],[-36.43183,-9.2121305],[-36.4152992,-9.2296735],[-36.3996113,-9.2245271],[-36.3873836,-9.2235575],[-36.3583459,-9.2182882]],[[-36.3583459,-9.2182882],[-36.3536025,-9.2201217]],[[-36.3536025,-9.2201217],[-36.3276442,-9.2007677],[-36.3215198,-9.1853806],[-36.2949756,-9.1724428],[-36.2647196,-9.1658626],[-36.2572548,-9.1401488],[-36.2668438,-9.1023818],[-36.2409616,-9.0993929],[-36.202797,-9.0668449],[-36.1985057,-9.0466767],[-36.1576646,-9.0420303],[-36.1517282,-9.0426944],[-36.1388883,-9.0360098],[-36.1272786,-9.0336695],[-36.1114919,-9.0176731],[-36.1043282,-8.9989293],[-36.1268105,-8.9812763],[-36.1224516,-8.9527343],[-36.0864106,-8.9440674],[-36.0734492,-8.9256394],[-36.063935,-8.9153373]],[[-36.063935,-8.9153373],[-36.0332561,-8.9084191]],[[-36.0332561,-8.9084191],[-36.0611161,-8.8950777],[-36.1254878,-8.842348],[-36.0907114,-8.776868],[-36.0557862,-8.7550805],[-36.0273474,-8.7765593],[-35.9859464,-8.7809551],[-35.9662713,-8.7621402],[-35.9669278,-8.7431426],[-35.929293,-8.7420322],[-35.9135987,-8.7501512],[-35.8610589,-8.7512807],[-35.8457441,-8.7350596],[-35.8451454,-8.7160947],[-35.8210313,-8.7089883],[-35.8194774,-8.6813512],[-35.8072742,-8.6498618],[-35.8256876,-8.6284722],[-35.8555178,-8.6124904],[-35.8387083,-8.5788258],[-35.8556161,-8.5389395],[-35.8370962,-8.5254711],[-35.813507,-8.5518957],[-35.8136355,-8.584883],[-35.7930097,-8.5990354],[-35.7740041,-8.6002508],[-35.7449274,-8.5896428],[-35.7282804,-8.5932814],[-35.7137612,-8.5803368],[-35.6981526,-8.5472082],[-35.6142039,-8.5294905],[-35.5490081,-8.4867515],[-35.5452499,-8.4549933],[-35.5505774,-8.4320715],[-35.5657989,-8.4148309],[-35.5784395,-8.4310949],[-35.5969949,-8.4094752],[-35.5478557,-8.3568265],[-35.5578724,-8.3295597],[-35.5097484,-8.3005309],[-35.5130055,-8.2222858],[-35.4836706,-8.202829],[-35.4925117,-8.184525],[-35.4489974,-8.1698635],[-35.4388564,-8.1269627],[-35.4792741,-8.1044645],[-35.4430367,-8.0796153],[-35.4294214,-8.0810041],[-35.4390567,-8.03975],[-35.4656146,-8.0311391],[-35.4572379,-7.988958],[-35.3876154,-8.0034474],[-35.3044594,-7.9416459],[-35.323893,-7.9317339],[-35.405635,-7.8250436],[-35.4056376,-7.7757378],[-35.4378309,-7.7503523],[-35.4128388,-7.7404806],[-35.4191181,-7.7212793],[-35.4456726,-7.6927185],[-35.4449392,-7.649736],[-35.4628695,-7.6171011],[-35.4517797,-7.5783019],[-35.4659562,-7.5509123],[-35.4896915,-7.5559444],[-35.4958272,-7.5202124]],[[-35.4958272,-7.5202124],[-35.5019269,-7.5125111]],[[-36.0332561,-8.9084191],[-36.026411,-8.9079691]],[[-36.026411,-8.9079691],[-36.0053839,-8.9130004],[-35.9635466,-8.9024076],[-35.9594669,-8.892924],[-35.9534401,-8.8940392],[-35.924276,-8.8846275],[-35.9114175,-8.8612891],[-35.8619307,-8.858369],[-35.8491388,-8.8718121],[-35.8078957,-8.8603875],[-35.790621,-8.8534138],[-35.7769157,-8.8692653],[-35.7829807,-8.8975421],[-35.748399,-8.9171517],[-35.7137008,-8.9047978],[-35.6712041,-8.896634],[-35.6575178,-8.8806584],[-35.6321278,-8.8812783],[-35.6137823,-8.8643945],[-35.5466403,-8.8275905],[-35.517771,-8.8167578],[-35.4957537,-8.8283023],[-35.4642941,-8.8163642],[-35.4598277,-8.8377745],[-35.4112256,-8.836231],[-35.3945703,-8.849836],[-35.2527821,-8.887233],[-35.2378375,-8.8827229],[-35.209094,-8.8917637],[-35.1682513,-8.8924711],[-35.1554217,-8.9125995]],[[-35.1554217,-8.9125995],[-35.1292056,-8.8665628],[-35.1343094,-8.8426906],[-35.1061176,-8.7731627],[-35.0860612,-8.7467111],[-35.0891125,-8.7256357],[-35.0790165,-8.7036292],[-35.0903289,-8.6949783],[-35.0713544,-8.6722002],[-35.0717213,-8.6526487],[-35.0475613,-8.6113008],[-35.0547203,-8.6067787],[-35.065315,-8.5972142]],[[-35.065315,-8.5972142],[-35.0699333,-8.5669714],[-35.0808421,-8.5564287],[-35.0775046,-8.5293193],[-35.1261,-8.51931],[-35.1679517,-8.4785599],[-35.202997,-8.4790237],[-35.2380528,-8.4174516],[-35.1928882,-8.3763975],[-35.1930545,-8.3575041],[-35.1707213,-8.355121],[-35.1540475,-8.3208466],[-35.1517431,-8.2791942],[-35.1957968,-8.2976953],[-35.2212022,-8.2903831],[-35.2356966,-8.2910546],[-35.2387127,-8.2719374],[-35.2500107,-8.2782078],[-35.2659685,-8.2502495],[-35.2594813,-8.2176849],[-35.2568599,-8.2088455],[-35.2272557,-8.2068097],[-35.2189859,-8.1875775],[-35.2282148,-8.1545281],[-35.1957694,-8.0795422],[-35.2044414,-8.0383715],[-35.2236306,-8.0208461],[-35.1780793,-7.9949747],[-35.1556861,-7.9694121],[-35.098779,-7.9725098],[-35.076241,-7.9499983],[-35.0289287,-7.9338391],[-35.0577982,-7.9057265],[-35.0661832,-7.8992466],[-35.0846597,-7.8909291],[-35.1024033,-7.8752132],[-35.1220258,-7.8494775],[-35.1399618,-7.7922596],[-35.1102065,-7.7492284],[-35.0992594,-7.7225361],[-35.0981272,-7.7151812],[-35.0452041,-7.7444802],[-34.9991362,-7.7312464],[-34.9828917,-7.7354115],[-34.9717492,-7.7290884],[-34.9619728,-7.7083189],[-34.9379942,-7.7051273],[-34.9168758,-7.6869976],[-34.9111104,-7.6870833],[-34.8986887,-7.6864881],[-34.8880263,-7.7099941],[-34.8777178,-7.7096869]],[[-34.8777178,-7.7096869],[-34.8635738,-7.712382],[-34.8608767,-7.7093827],[-34.851093,-7.6889714],[-34.8423111,-7.6819493],[-34.8336415,-7.6830836],[-34.8218856,-7.6486215],[-34.8087327,-7.6300602],[-34.8279251,-7.5857906],[-34.8371585,-7.5561864],[-34.8329129,-7.5503832],[-34.8358718,-7.5457284],[-34.8580231,-7.5379505]],[[-35.2485947,-7.3747796],[-35.2766288,-7.384919],[-35.2908002,-7.3975509],[-35.3018744,-7.40381]],[[-35.5040079,-7.5079737],[-35.4958272,-7.5202124]],[[-35.065315,-8.5972142],[-35.0538117,-8.6072754],[-35.0449451,-8.6051712],[-35.0453771,-8.5938436],[-35.0337771,-8.5716121],[-35.0035784,-8.5492436],[-35.0024139,-8.4988527],[-34.983278,-8.4574112],[-34.9802892,-8.4392768],[-34.9605527,-8.39567],[-34.9742406,-8.384646],[-34.948389,-8.3422626],[-34.952102,-8.2978718],[-34.9448979,-8.2623846],[-34.9178159,-8.2119826],[-34.9122057,-8.1643792],[-34.8831631,-8.1014769],[-34.8570725,-8.0257188],[-34.8403742,-8.0080928],[-34.8233996,-7.9464312],[-34.8237479,-7.8882217],[-34.8335239,-7.8706954],[-34.8450402,-7.8130659],[-34.8238353,-7.7551585],[-34.8318129,-7.6997774],[-34.848463,-7.6878292],[-34.8528157,-7.6908507],[-34.8630554,-7.712178],[-34.8777178,-7.7096869]],[[-32.4014264,-3.8261771],[-32.4029245,-3.8359902],[-32.4487363,-3.8561471],[-32.4572296,-3.8781655],[-32.4216735,-3.8691889],[-32.3972852,-3.8567615],[-32.4014264,-3.8261771]],[[-38.23759,-9.3297945],[-38.2235974,-9.3469064]],[[-38.2235974,-9.3469064],[-38.205573,-9.3636489],[-38.1941767,-9.3943858],[-38.2047642,-9.4186743],[-38.1572696,-9.4403982],[-38.1181198,-9.4422607],[-38.1089424,-9.4356214],[-38.0777597,-9.4411067],[-38.0678462,-9.4585026],[-38.0361068,-9.4658],[-38.0221548,-9.4699909],[-37.9979494,-9.4992833],[-38.0022284,-9.5066225]],[[-38.0022284,-9.5066225],[-38.0032899,-9.5150299]],[[-38.0032899,-9.5150299],[-37.9893302,-9.5273587],[-37.935399,-9.5419124],[-37.8861699,-9.5501668],[-37.8182483,-9.5928939],[-37.7915152,-9.6228227],[-37.7903103,-9.633044]],[[-37.7903103,-9.633044],[-37.7855541,-9.6391762],[-37.7469947,-9.6249209]],[[-37.7469947,-9.6249209],[-37.7052049,-9.634498],[-37.670392,-9.6559792],[-37.6540515,-9.6863334],[-37.577684,-9.7368078],[-37.515373,-9.7458745],[-37.4730916,-9.7463641],[-37.4249223,-9.7615658],[-37.4099011,-9.7626496],[-37.3816332,-9.7804882]],[[-37.3816332,-9.7804882],[-37.3491033,-9.7898084],[-37.3437833,-9.7938715],[-37.3382715,-9.8032142]],[[-37.3382715,-9.8032142],[-37.3145395,-9.8230976],[-37.2852199,-9.8306289],[-37.2619127,-9.8491387],[-37.2476963,-9.8889071],[-37.2347241,-9.8976191],[-37.217159,-9.9000516],[-37.1883003,-9.8966326],[-37.1694902,-9.8941297],[-37.153295,-9.9008708],[-37.137983,-9.9125261]],[[-37.137983,-9.9125261],[-37.1337799,-9.9137652]],[[-37.1337799,-9.9137652],[-37.1180078,-9.8900219],[-37.1183004,-9.8732775],[-37.1034931,-9.8478203],[-37.0401897,-9.807315],[-37.0318683,-9.7875321],[-36.9972274,-9.756078],[-37.0003168,-9.734433],[-36.9858985,-9.7066359],[-36.9691916,-9.6946255],[-36.9655744,-9.6762364],[-36.9420998,-9.6403728],[-36.9248326,-9.6281219],[-36.9079495,-9.6285141],[-36.8999987,-9.6231864],[-36.9045865,-9.6165271],[-36.8733741,-9.5858133],[-36.8366909,-9.5571923],[-36.833282,-9.5450299],[-36.8592043,-9.5465718],[-36.8782021,-9.5337974],[-36.915908,-9.5227681],[-36.9796568,-9.4861268],[-37.0191372,-9.4356121],[-37.0206314,-9.4142787]],[[-37.0206314,-9.4142787],[-37.0397139,-9.4178333],[-37.0279801,-9.3860994]],[[-37.0279801,-9.3860994],[-37.0227811,-9.3695959],[-36.9941597,-9.3743042],[-36.9796404,-9.3593283]],[[-36.9796404,-9.3593283],[-37.0033646,-9.3526135]],[[-37.5191111,-8.9683333],[-37.5459722,-8.9609444]],[[-37.833637,-8.9264118],[-37.8253338,-8.9324283]],[[-37.1337799,-9.9137652],[-37.1260823,-9.9202758]],[[-37.1260823,-9.9202758],[-37.1138859,-9.9256234],[-37.0936757,-9.9457869],[-37.0624048,-9.9825197],[-37.0330877,-9.9875786],[-36.9963712,-9.9723746],[-36.9732919,-9.9843638],[-36.9616864,-9.9963701]],[[-36.9616864,-9.9963701],[-36.9539332,-10.0185449],[-36.9529046,-10.0321427]],[[-36.9529046,-10.0321427],[-36.9565986,-10.053734],[-36.9456955,-10.0873628],[-36.9288451,-10.1011833],[-36.9167774,-10.1266927],[-36.8943792,-10.1395267],[-36.8699454,-10.1471254],[-36.855749,-10.1648566]],[[-36.855749,-10.1648566],[-36.8503855,-10.1784477]],[[-36.8503855,-10.1784477],[-36.8436105,-10.1738581],[-36.8382403,-10.1658384],[-36.8308429,-10.1629381],[-36.8127245,-10.1461133],[-36.7685567,-10.1226112],[-36.7660832,-10.1117536],[-36.7143825,-10.0538406],[-36.7051097,-10.0195886],[-36.7069405,-10.0005926],[-36.6869503,-9.9654723],[-36.6458869,-9.9852051],[-36.6423127,-10.0084865],[-36.6510336,-10.0345967],[-36.5172162,-10.0405194],[-36.5095824,-10.0686186],[-36.4913613,-10.0710942],[-36.4549519,-10.0322699],[-36.4835172,-10.0270413],[-36.4721148,-9.9741944],[-36.480113,-9.9611958],[-36.4710017,-9.9389767],[-36.4861343,-9.9276373],[-36.4998665,-9.8920922],[-36.496552,-9.8669568],[-36.5275803,-9.8476973],[-36.5531991,-9.8390806],[-36.5260374,-9.8032483],[-36.4738309,-9.8028749],[-36.4653954,-9.7870874],[-36.3595973,-9.7692867],[-36.3428629,-9.7401159],[-36.3431386,-9.7132147],[-36.370715,-9.6979442],[-36.3789805,-9.658632],[-36.3941648,-9.6483676],[-36.3921049,-9.6029049],[-36.3503975,-9.592274],[-36.3462337,-9.6046062],[-36.3164841,-9.6128198],[-36.2879722,-9.6088056],[-36.2499278,-9.6233306],[-36.2400444,-9.5934722],[-36.1916556,-9.60015],[-36.2185222,-9.5631917],[-36.2268444,-9.5144972],[-36.3065557,-9.5224034],[-36.3291097,-9.5101573],[-36.3554239,-9.4693402],[-36.3394155,-9.4645751],[-36.3893631,-9.4253786],[-36.3398921,-9.286712],[-36.3258782,-9.2781972],[-36.3311264,-9.2750483],[-36.3405707,-9.2404287],[-36.3466752,-9.2366777],[-36.350978,-9.2248735],[-36.3559327,-9.2183859]],[[-36.3559327,-9.2183859],[-36.3583459,-9.2182882]],[[-36.9304372,-9.3700363],[-36.9332537,-9.3744187],[-36.9402696,-9.3802845],[-36.9464876,-9.3830224],[-36.9554646,-9.3812511],[-36.9796404,-9.3593283]],[[-37.0279801,-9.3860994],[-37.0206314,-9.4142787]],[[-36.8503855,-10.1784477],[-36.8464658,-10.1875073]],[[-36.8464658,-10.1875073],[-36.8356745,-10.1950155],[-36.8263467,-10.2111873],[-36.8014388,-10.2131064],[-36.7885611,-10.2280941],[-36.759159,-10.2249199],[-36.7352144,-10.2419349],[-36.7212114,-10.2645986],[-36.6914611,-10.2715844],[-36.6592757,-10.2684482],[-36.6385707,-10.251963],[-36.6226392,-10.2552517],[-36.6004501,-10.2900603],[-36.5718256,-10.3161472],[-36.5569866,-10.3748876],[-36.5626853,-10.4139182],[-36.5294169,-10.4308933],[-36.5019299,-10.4311324],[-36.4630962,-10.4084796],[-36.4276286,-10.4335147],[-36.403575,-10.486978]],[[-36.403575,-10.486978],[-36.3864339,-10.4967433],[-36.332901,-10.4015672],[-36.2935058,-10.353459],[-36.3016211,-10.3230829],[-36.2760988,-10.2802765],[-36.240249,-10.2487306],[-36.2167848,-10.2215801],[-36.1855036,-10.1989225],[-36.1703186,-10.174948],[-36.1445625,-10.1555459],[-36.1338498,-10.1597979],[-36.109228,-10.1300201],[-36.0887945,-10.0943946],[-36.045717,-10.0750793],[-36.0044461,-10.0047702],[-35.9754531,-9.9670269],[-35.9379302,-9.9024339],[-35.9068559,-9.8744655],[-35.903433,-9.8481258],[-35.8852755,-9.8346976],[-35.858228,-9.7918909],[-35.822339,-9.7477886],[-35.8127588,-9.729734],[-35.7603934,-9.682562],[-35.7094416,-9.6657871],[-35.6931137,-9.6241834],[-35.6508767,-9.5686209],[-35.5913367,-9.5288975],[-35.57929,-9.502851],[-35.524976,-9.4423604],[-35.4999464,-9.4215149],[-35.4961514,-9.3945298],[-35.4834271,-9.369691],[-35.4577244,-9.3430167],[-35.4078878,-9.3073678],[-35.3553075,-9.256888],[-35.320063,-9.1994166],[-35.294822,-9.1713332],[-35.2957925,-9.1558061],[-35.2799497,-9.1254661],[-35.2701829,-9.1224937],[-35.2566718,-9.0887298],[-35.2397716,-9.0679966],[-35.2391492,-9.0494218],[-35.222802,-9.0170539],[-35.1810715,-8.9774385],[-35.1554217,-8.9125995]],[[-36.026411,-8.9079691],[-36.063935,-8.9153373]],[[-36.3536025,-9.2201217],[-36.3559327,-9.2183859]],[[-37.154725,-10.1843631],[-37.1504675,-10.1631679],[-37.0664591,-10.1364347]],[[-37.0664591,-10.1364347],[-37.0679654,-10.0922995],[-37.062024,-10.0615473],[-37.0297839,-10.0569375],[-37.0069411,-10.0377451],[-36.9534541,-10.0228196]],[[-36.9534541,-10.0228196],[-36.9616864,-9.9963701]],[[-37.1260823,-9.9202758],[-37.137983,-9.9125261]],[[-37.3382715,-9.8032142],[-37.3466157,-9.7911833],[-37.3701525,-9.7851929],[-37.3816332,-9.7804882]],[[-37.7469947,-9.6249209],[-37.7903103,-9.633044]],[[-38.0032899,-9.5150299],[-38.0066455,-9.520808]],[[-38.0066455,-9.520808],[-38.0141836,-9.5278286],[-38.0226164,-9.5406648],[-38.0209014,-9.560914],[-38.037026,-9.5802775],[-38.0454493,-9.5838466],[-38.0507324,-9.5885623]],[[-38.0507324,-9.5885623],[-38.0617041,-9.5911632]],[[-38.0617041,-9.5911632],[-38.0488721,-9.6323926],[-38.0166551,-9.6388738],[-38.0322192,-9.6606865],[-38.0343001,-9.6867161],[-38.0450383,-9.6974549],[-38.038619,-9.7500946],[-38.020426,-9.797863],[-37.9999705,-9.8143261],[-37.9954442,-9.8460787],[-38.007183,-9.8687177],[-37.9951654,-9.8784874],[-37.9983653,-9.9059246],[-37.9750295,-9.9369297],[-37.9554324,-9.9429999],[-37.9134407,-9.9331128],[-37.8625558,-9.9885966],[-37.8520777,-9.9904569],[-37.8270049,-10.0341612],[-37.7909033,-10.0327032],[-37.7826444,-10.0435984],[-37.8020145,-10.1124474],[-37.7779303,-10.1341413],[-37.7822309,-10.1855917],[-37.7656811,-10.1960449],[-37.7470908,-10.2380727],[-37.7503827,-10.2894991],[-37.7433128,-10.3383907],[-37.7786833,-10.3431919],[-37.8391708,-10.3867597],[-37.8404222,-10.3939283],[-37.8372813,-10.3996479],[-37.8432688,-10.403109],[-37.853109,-10.4062775],[-37.852755,-10.4251898],[-37.8530161,-10.4357275],[-37.820987,-10.4836401],[-37.8126051,-10.507247],[-37.8192872,-10.5396416],[-37.8398147,-10.552394],[-37.8325709,-10.5611072],[-37.8178384,-10.5857658]],[[-37.8178384,-10.5857658],[-37.8050824,-10.5944981]],[[-37.8050824,-10.5944981],[-37.7852879,-10.600947],[-37.7685318,-10.611684],[-37.7315585,-10.6301382],[-37.7245183,-10.6407229],[-37.6979278,-10.6474752],[-37.7150392,-10.6689163],[-37.6739125,-10.7026263],[-37.677443,-10.7154116],[-37.662941,-10.712018],[-37.66856,-10.6745329],[-37.6402816,-10.6047205],[-37.5585747,-10.6194508],[-37.5304611,-10.6457986],[-37.50946,-10.626232],[-37.4745009,-10.5664591],[-37.4597452,-10.5943099],[-37.4226444,-10.5762908],[-37.3945425,-10.5823203],[-37.3428391,-10.5410043],[-37.3281224,-10.5434977],[-37.3202916,-10.5383648],[-37.3468073,-10.5068304],[-37.3699448,-10.4601693],[-37.3682209,-10.4517055],[-37.4103647,-10.4167983],[-37.4114396,-10.3292409],[-37.4027973,-10.2897153],[-37.3623142,-10.3282986],[-37.3502551,-10.3557818],[-37.350684,-10.3809318],[-37.3259657,-10.3666809],[-37.2958003,-10.3201236],[-37.2740238,-10.3064939],[-37.2546557,-10.3051779],[-37.2414728,-10.2873717],[-37.2581841,-10.2682336],[-37.2929051,-10.255812],[-37.2612124,-10.2383751],[-37.2513612,-10.2552265],[-37.2384073,-10.2724274],[-37.2232395,-10.2983458],[-37.2099237,-10.2958657],[-37.1723926,-10.3155467],[-37.1688162,-10.333333],[-37.1722436,-10.334557],[-37.1716475,-10.3376225],[-37.1525538,-10.3238314],[-37.1512071,-10.3192499],[-37.154105,-10.308139],[-37.1391351,-10.2800449],[-37.1407158,-10.2463281],[-37.150998,-10.2358117],[-37.1506148,-10.2251676],[-37.1435471,-10.211309],[-37.1377575,-10.1934431],[-37.154725,-10.1843631]],[[-37.8050824,-10.5944981],[-37.809528,-10.6157764]],[[-37.809528,-10.6157764],[-37.8113881,-10.6255361],[-37.8029907,-10.6521623],[-37.8140471,-10.6698198],[-37.8098934,-10.6858484],[-37.8099319,-10.6888083],[-37.8305105,-10.6823984],[-37.8475103,-10.6992649],[-37.9096224,-10.7155103],[-37.9454812,-10.7565173],[-37.9528941,-10.7501022],[-37.9768025,-10.7579327],[-38.0250319,-10.7255192],[-38.0318754,-10.7079966],[-38.0485734,-10.7034538],[-38.067792,-10.7156658],[-38.0983533,-10.7124371],[-38.1435605,-10.7190129],[-38.1833944,-10.7053632],[-38.2058528,-10.7119617],[-38.2145634,-10.723344],[-38.2093598,-10.7604353],[-38.2185886,-10.7832972],[-38.238345,-10.8001848],[-38.2313983,-10.8429341],[-38.2374459,-10.8761491],[-38.2281683,-10.9141839],[-38.1806156,-10.9427672],[-38.1865421,-10.9642065],[-38.1700454,-10.9889955],[-38.1019991,-11.0158945],[-38.1024196,-11.0439829],[-38.0809638,-11.0640434],[-38.0884012,-11.1162559],[-38.0656188,-11.1229761],[-38.0712201,-11.143546],[-38.0571807,-11.1720853],[-38.0233545,-11.177767],[-38.0029487,-11.193824],[-37.9822963,-11.1911066],[-37.9764057,-11.2155386],[-37.990642,-11.2279944],[-37.9836406,-11.248288],[-37.9958538,-11.259476],[-37.9922089,-11.2788293],[-38.012019,-11.2844064],[-38.0107193,-11.2952476],[-37.9873881,-11.3314555],[-37.9981269,-11.3356689],[-37.9985492,-11.339676]],[[-37.9985492,-11.339676],[-37.9772855,-11.3421511]],[[-37.9772855,-11.3421511],[-37.9503708,-11.3065471],[-37.9221231,-11.2414585],[-37.9047926,-11.2219551],[-37.8724489,-11.2173894],[-37.8674576,-11.2213261],[-37.87638,-11.1865902],[-37.8464968,-11.1607612],[-37.7934412,-11.1329744],[-37.7695986,-11.1352027],[-37.7612053,-11.1416648],[-37.7067905,-11.1743166],[-37.6467198,-11.1261992],[-37.6495457,-11.1088792],[-37.622419,-11.0674753],[-37.5651514,-11.0400518],[-37.5685133,-11.0254575],[-37.531008,-10.9962223],[-37.5196612,-10.9603419],[-37.4556426,-10.9775498],[-37.4942326,-10.9047067],[-37.4583661,-10.8840157],[-37.406934,-10.8321713],[-37.3975418,-10.8479099],[-37.3696653,-10.8518842],[-37.3393789,-10.8472685],[-37.2445086,-10.7783836],[-37.2725273,-10.7528384],[-37.2830605,-10.7317337],[-37.2589259,-10.701732],[-37.2384961,-10.7083608],[-37.2269482,-10.6840483],[-37.2963995,-10.6010278],[-37.2645932,-10.586763],[-37.217563,-10.6112645],[-37.1761449,-10.5802518],[-37.1808145,-10.5628024],[-37.1396678,-10.5070334],[-37.1371291,-10.4537536],[-37.118728,-10.4414772],[-37.110742,-10.4231159],[-37.1155584,-10.3983258],[-37.1201247,-10.3953348],[-37.1203802,-10.3913965],[-37.1293212,-10.3857552],[-37.1294809,-10.3799541],[-37.1149992,-10.3706941],[-37.1128328,-10.3728979],[-37.1111706,-10.3728232],[-37.1077715,-10.3698723],[-37.0663657,-10.3302105],[-37.054333,-10.3370838],[-37.0261214,-10.330342],[-37.0151282,-10.3307112],[-37.0084499,-10.3292378],[-37.0033411,-10.3290777],[-37.0005224,-10.3279726],[-37.0000099,-10.3349713],[-36.9953335,-10.3584015],[-36.978998,-10.3713898],[-36.9841869,-10.3978469],[-36.9612852,-10.442273],[-36.9332907,-10.4419047],[-36.9329383,-10.4262098],[-36.9055524,-10.4166327],[-36.9157572,-10.3934145],[-36.9125589,-10.3695496],[-36.9007488,-10.3501212],[-36.9026627,-10.3242115],[-36.9358844,-10.3066811],[-36.9337251,-10.2761459],[-36.9523737,-10.2665204],[-36.9290282,-10.2228287],[-36.9611888,-10.2356638],[-36.9715941,-10.2045478],[-36.9947943,-10.1776004],[-37.0169026,-10.1910129],[-37.0575196,-10.1810599],[-37.1503834,-10.1631198]],[[-37.1503834,-10.1631198],[-37.154725,-10.1843631]],[[-37.9772855,-11.3421511],[-37.9819239,-11.3529208]],[[-37.9819239,-11.3529208],[-37.9797618,-11.3539775],[-37.9763906,-11.3668252],[-37.9721761,-11.3734399],[-37.9748108,-11.3821261],[-37.9799074,-11.3842807],[-37.9777678,-11.389353],[-37.9612809,-11.4019276],[-37.956474,-11.3960671],[-37.950791,-11.4030999],[-37.945364,-11.412789],[-37.9456289,-11.4230337],[-37.9363691,-11.4216614],[-37.9298165,-11.4042949],[-37.9222888,-11.4038934],[-37.9146036,-11.4069839],[-37.910387,-11.4104693],[-37.9044605,-11.411759],[-37.9010339,-11.4330369],[-37.8935375,-11.4336708],[-37.8823804,-11.4247047],[-37.8534577,-11.4674974],[-37.8235926,-11.4925822],[-37.8122886,-11.51702],[-37.7896669,-11.5249333],[-37.7589745,-11.5253783],[-37.749361,-11.5386277],[-37.7003569,-11.5595073],[-37.6984173,-11.5634142],[-37.6929316,-11.5623072],[-37.6884457,-11.5631063],[-37.6712859,-11.5624039],[-37.6722966,-11.5599093],[-37.6682118,-11.5535337],[-37.6534499,-11.5295068],[-37.6436043,-11.5244154],[-37.60401,-11.5402565],[-37.590269,-11.5284951],[-37.5785501,-11.5521789],[-37.5627166,-11.5426752],[-37.5170038,-11.5469251],[-37.5047505,-11.5249101],[-37.475325,-11.522367]],[[-37.475325,-11.522367],[-37.4581857,-11.5237135],[-37.4325207,-11.5111781]],[[-37.4325207,-11.5111781],[-37.4108864,-11.4954325],[-37.3686307,-11.4598165],[-37.3476727,-11.4418253]],[[-37.3476727,-11.4418253],[-37.3122179,-11.4229911],[-37.2996847,-11.3636844],[-37.2603198,-11.2897955],[-37.2070498,-11.2229464],[-37.1661092,-11.1824984],[-37.1329321,-11.1141258],[-37.0663909,-11.0170781],[-37.0353692,-10.9798473],[-37.0340254,-10.9562448],[-36.9530599,-10.8515135],[-36.8580877,-10.7486818],[-36.7844259,-10.6882294],[-36.7346858,-10.6580667],[-36.6729468,-10.6307931],[-36.6127009,-10.5884047],[-36.527295,-10.5512561],[-36.4367935,-10.5170562],[-36.4087988,-10.5126924],[-36.403575,-10.486978]],[[-36.8464658,-10.1875073],[-36.853755,-10.1681113],[-36.855749,-10.1648566]],[[-36.9529046,-10.0321427],[-36.9534541,-10.0228196]],[[-37.0664591,-10.1364347],[-37.1503834,-10.1631198]],[[-46.1266475,-12.9123867],[-46.1129205,-12.9180275],[-46.104644,-12.9249255]],[[-46.104644,-12.9249255],[-46.1246636,-12.9598204],[-46.1663753,-12.977276],[-46.1938118,-12.9967524],[-46.2755338,-13.0202133],[-46.2938098,-13.0595399]],[[-46.2938098,-13.0595399],[-46.3014121,-13.0672766]],[[-46.3014121,-13.0672766],[-46.316385,-13.0909773],[-46.3157947,-13.1187347],[-46.2996101,-13.1281286],[-46.3070303,-13.1706718],[-46.3043483,-13.2059795],[-46.3276793,-13.2529237],[-46.3055418,-13.2516639],[-46.2999859,-13.2828818],[-46.317902,-13.3052278],[-46.3064706,-13.307999],[-46.2924869,-13.3169301],[-46.2202554,-13.2956893],[-46.1748511,-13.2769535],[-46.1032194,-13.2575102],[-46.0802173,-13.2738374],[-46.0682755,-13.2954418],[-46.0733396,-13.3113689],[-46.0993391,-13.3344932],[-46.1354731,-13.3755242],[-46.1622858,-13.3826351],[-46.1917297,-13.4099817],[-46.2319648,-13.4185849],[-46.2373491,-13.4348044],[-46.2101648,-13.4618865],[-46.233156,-13.4817453],[-46.2302613,-13.511774],[-46.2472571,-13.5216887],[-46.2374522,-13.5445555],[-46.24138,-13.5713861],[-46.2317192,-13.5832136],[-46.1996428,-13.5725394],[-46.1675389,-13.5897333],[-46.1627454,-13.6036421],[-46.2163979,-13.6359857],[-46.2561978,-13.6841624],[-46.23577,-13.7010531],[-46.2510312,-13.7368664],[-46.2229368,-13.7654029],[-46.229975,-13.7742093],[-46.2774951,-13.7908815],[-46.2324747,-13.8486074],[-46.2568302,-13.8871755],[-46.2641903,-13.9474351],[-46.2582261,-13.9570485],[-46.2530267,-13.9695326],[-46.220066,-13.9754228],[-46.2130884,-14.0305578],[-46.2276801,-14.0442614],[-46.2243922,-14.1050276],[-46.1880325,-14.1452307],[-46.1841003,-14.1569481],[-46.1805645,-14.1557812],[-46.1679792,-14.1604442],[-46.1321884,-14.1528501],[-46.1181409,-14.1599493],[-46.0982283,-14.1999275],[-46.0610483,-14.1954846],[-46.0525646,-14.2044721],[-46.0604058,-14.2327006],[-46.0295909,-14.2595295],[-45.9954281,-14.2561577],[-45.9644033,-14.2843113],[-45.9570512,-14.3213986],[-45.9422146,-14.343255],[-45.9071553,-14.3551898],[-45.9326429,-14.4098593],[-45.9758064,-14.434248],[-46.0036893,-14.4254522],[-46.0000734,-14.4466222],[-46.0190031,-14.4720712],[-45.996085,-14.488406],[-46.0039971,-14.5145895],[-45.9814491,-14.5318979],[-45.9913237,-14.5651792],[-45.9852551,-14.5781326],[-45.9978884,-14.6035777],[-45.9843987,-14.6218787],[-45.989515,-14.658845],[-46.0105164,-14.66219],[-46.0279691,-14.6810075],[-46.0055037,-14.688998],[-45.9990602,-14.7159387],[-46.007302,-14.7509791],[-45.9989273,-14.7682823],[-46.0025841,-14.795839],[-46.0186719,-14.8185497],[-46.0411979,-14.8264946],[-46.0252869,-14.8557565],[-46.0313272,-14.8614337],[-46.0349721,-14.8680571],[-46.0394858,-14.8719769],[-46.0393785,-14.8752515]],[[-46.0393785,-14.8752515],[-46.0375749,-14.8746562]],[[-46.0375749,-14.8746562],[-46.0212792,-14.8837783],[-46.0033932,-14.9088337],[-45.9958369,-14.9274706],[-45.9660809,-14.9656455],[-45.9697264,-14.992339],[-45.9754941,-15.0388816],[-46.0184972,-15.0813013],[-46.0284766,-15.1141102],[-46.0437202,-15.1181296],[-46.0477756,-15.1637296],[-46.0542806,-15.1719695],[-46.0787231,-15.1755061],[-46.1189155,-15.2020783],[-46.0988173,-15.2167858],[-46.0970883,-15.2431113],[-46.0770818,-15.2646818],[-46.058113,-15.2627418],[-46.0385625,-15.2309154],[-46.0295237,-15.2018083],[-45.9845053,-15.195961],[-45.9606118,-15.1439301],[-45.945579,-15.1378148],[-45.9160003,-15.1364019],[-45.871247,-15.1588109],[-45.8443333,-15.1452488],[-45.8294892,-15.1200089],[-45.8209677,-15.1183303],[-45.7838878,-15.1144581],[-45.756745,-15.1185313],[-45.7511095,-15.1225822],[-45.7464406,-15.1210761],[-45.7421058,-15.1183801]],[[-45.7421058,-15.1183801],[-45.7374297,-15.1180165]],[[-45.7374297,-15.1180165],[-45.7288578,-15.1131857],[-45.7239646,-15.1042671],[-45.7152514,-15.1019048],[-45.715744,-15.097012],[-45.6971788,-15.0929602],[-45.6908427,-15.08515],[-45.6903874,-15.0873661],[-45.678833,-15.0796393],[-45.6748119,-15.0805426],[-45.6610006,-15.0613173],[-45.6571986,-15.0447878],[-45.6570586,-15.0273493],[-45.6246188,-15.0213685],[-45.6027119,-14.9895328],[-45.5670507,-14.9564953],[-45.5675669,-14.9458332],[-45.534729,-14.9382576],[-45.5149058,-14.9540651],[-45.4900515,-14.9607627],[-45.4588234,-14.9542124],[-45.4344688,-14.9217511],[-45.4102964,-14.9234388],[-45.3555693,-14.8775076],[-45.3477947,-14.8625688],[-45.3164204,-14.8512552],[-45.2397938,-14.7818437],[-45.2055737,-14.7447389],[-45.1912989,-14.7497118],[-45.1720166,-14.7346788],[-45.1362896,-14.7474168],[-45.0827727,-14.7487667],[-45.0650718,-14.7308658],[-45.0476938,-14.690537],[-45.0319311,-14.6761701],[-44.9957479,-14.6678154],[-44.9729068,-14.6387713],[-44.9166802,-14.6196603],[-44.8910165,-14.5976553],[-44.8691947,-14.5933847],[-44.8481798,-14.5469245],[-44.8300094,-14.5334442],[-44.8345748,-14.5074923],[-44.8107661,-14.5031012],[-44.7693734,-14.4773383],[-44.7567426,-14.4783805],[-44.7256578,-14.4576492],[-44.6883532,-14.4166809],[-44.6742097,-14.4244958],[-44.6588784,-14.3957573],[-44.6328212,-14.3875826],[-44.6255951,-14.3761099],[-44.5983693,-14.3685005],[-44.5655652,-14.34006],[-44.5427329,-14.3405294],[-44.5108436,-14.3226879],[-44.48314,-14.3221174],[-44.447598,-14.3059353],[-44.4286006,-14.2866355]],[[-44.4286006,-14.2866355],[-44.4219203,-14.2802118]],[[-44.4219203,-14.2802118],[-44.4252149,-14.2795769],[-44.4263251,-14.2742913],[-44.4488626,-14.2257703],[-44.462154,-14.2236808],[-44.4616837,-14.1944504],[-44.440075,-14.1884764],[-44.4474443,-14.1475165],[-44.4302002,-14.1408602],[-44.4183188,-14.0995682],[-44.4264064,-14.0816422],[-44.3908006,-14.0756425],[-44.3770833,-14.0460696],[-44.3136565,-14.0439184],[-44.2771251,-14.0314786],[-44.2688057,-14.0055248],[-44.2495336,-13.9879069],[-44.252834,-13.9716337],[-44.1978471,-13.9266668],[-44.1767696,-13.9482858],[-44.154849,-13.9497026],[-44.1102961,-13.9808549],[-44.1020026,-13.9624635],[-44.1089136,-13.942851],[-44.0894775,-13.9075739],[-44.0643957,-13.9254776],[-44.0376283,-13.903836],[-44.0554792,-13.8741179],[-44.0730207,-13.8697937],[-44.0663329,-13.8694807],[-44.030439,-13.8740671],[-43.9998127,-13.8169275],[-43.9793471,-13.8317926],[-43.9628052,-13.8234899],[-43.9425836,-13.7882438],[-43.9231775,-13.8028307],[-43.9100104,-13.7944074],[-43.8927999,-13.7529235],[-43.8366518,-13.7460065],[-43.8223253,-13.734312],[-43.8183979,-13.7257831],[-43.8142897,-13.7083541],[-43.9331362,-13.6562766],[-43.9167687,-13.6343842],[-43.8787844,-13.6047981],[-43.8805013,-13.5879059],[-43.8586691,-13.5641693],[-43.8352115,-13.5214721],[-43.8147158,-13.5250187],[-43.8059328,-13.5068153],[-43.8159096,-13.4951146],[-43.8535984,-13.4801484],[-43.8664829,-13.483052],[-43.8978991,-13.4703783],[-43.9079486,-13.4312794],[-43.8914591,-13.3807391],[-43.8828787,-13.3361711],[-43.8597328,-13.3091235],[-43.857171,-13.2620518],[-43.8018614,-13.2194119],[-43.7720874,-13.2190979],[-43.7576114,-13.2064608],[-43.731976,-13.2067481],[-43.7179264,-13.1818346],[-43.6757613,-13.1692213],[-43.6484021,-13.1842782],[-43.6391096,-13.1650488],[-43.6456011,-13.1385715],[-43.6815549,-13.115881],[-43.686357,-12.9331871],[-43.659729,-12.9370096],[-43.6260088,-12.9206961],[-43.5862563,-12.9264786],[-43.5496395,-12.8865977],[-43.551483,-12.8625826],[-43.536422,-12.6368587],[-43.4435977,-12.5514355],[-43.553545,-12.5065033],[-43.679363,-12.3894935],[-43.7054059,-12.3843533],[-43.7074067,-12.3707773],[-43.6853203,-12.318992],[-43.7099399,-12.3225119],[-43.7366568,-12.2841677],[-43.7673064,-12.2807172],[-43.7817763,-12.2580365],[-43.8048254,-12.2459914],[-43.8207282,-12.2514208],[-43.8522558,-12.2423062],[-43.9086679,-12.2568317],[-43.9289048,-12.2431642],[-43.9148932,-12.2290248],[-43.9042,-12.1974165],[-43.8875517,-12.1717983],[-43.8665844,-12.1586687],[-43.845793,-12.1647848],[-43.8152417,-12.1372127],[-43.823917,-12.1251656],[-43.7976677,-12.1116159],[-43.7945011,-12.0903244],[-43.7317464,-12.0481346],[-43.7235517,-12.0160646],[-43.7500065,-12.0147321],[-43.7601002,-12.0036914],[-43.7396,-11.971379],[-43.7392431,-11.9484172],[-43.7217991,-11.9408184],[-43.6936657,-11.8999469],[-43.7123206,-11.8811015],[-43.7056581,-11.8692994],[-43.6616559,-11.8652279],[-43.6774358,-11.7967756],[-43.706768,-11.7287706],[-43.7382185,-11.6756734],[-43.7627926,-11.6106368],[-43.7750807,-11.5502965],[-43.7903635,-11.5003158],[-43.7934262,-11.4693329],[-43.8057507,-11.4455897],[-43.8165351,-11.3872982],[-43.8358232,-11.3301849],[-43.8616784,-11.2808104],[-43.8947615,-11.1746646],[-43.9101421,-11.1353636],[-43.9216388,-11.0889971],[-43.9600768,-11.0505885],[-43.9866216,-11.0100235],[-44.0003202,-10.9982301],[-44.0259271,-10.9542848],[-44.0172476,-10.9414902],[-43.9902369,-10.9324942],[-43.9697296,-10.9279622],[-43.9574418,-10.9282389],[-43.9424615,-10.9074083],[-43.9243884,-10.8992577],[-43.9222482,-10.8746271],[-43.9019855,-10.8520296]],[[-43.9019855,-10.8520296],[-43.9159843,-10.8399582],[-43.9185203,-10.8347848],[-43.9209548,-10.8128738]],[[-43.9209548,-10.8128738],[-43.9076662,-10.8036427],[-43.920549,-10.7709791],[-43.9273514,-10.7576871],[-43.9358312,-10.7350517],[-43.9510825,-10.7016956],[-43.9917599,-10.6666988],[-43.9970348,-10.6405273],[-44.0581984,-10.6218201],[-44.0834286,-10.58909]],[[-44.0834286,-10.58909],[-44.1007513,-10.5917227]],[[-44.2313495,-10.6240371],[-44.2373502,-10.6265499],[-44.2451562,-10.6277684],[-44.2574708,-10.6267023],[-44.2666554,-10.623153],[-44.2797996,-10.6109208],[-44.2901819,-10.596712]],[[-44.4729565,-10.635109],[-44.4803595,-10.6415203],[-44.5045152,-10.6507394],[-44.5186524,-10.6508923],[-44.5274701,-10.646954],[-44.5468098,-10.6301286]],[[-44.5468098,-10.6301286],[-44.5895146,-10.6324192]],[[-45.7162471,-10.1526111],[-45.7234839,-10.1554127]],[[-46.5522029,-11.262799],[-46.5764346,-11.341899],[-46.5772529,-11.3604873],[-46.5674829,-11.372004],[-46.5629646,-11.3707757],[-46.5572313,-11.3720857],[-46.5363846,-11.3718307],[-46.5320213,-11.3746657],[-46.5276146,-11.402574]],[[-46.5240555,-11.4636343],[-46.4402129,-11.520884],[-46.3481413,-11.5066007]],[[-43.5790266,-9.3203902],[-43.6060153,-9.3515715],[-43.6138576,-9.3626991],[-43.6274924,-9.3766403],[-43.6464024,-9.3882887],[-43.6692016,-9.4070474],[-43.685759,-9.4177938],[-43.6937288,-9.4210693],[-43.700649,-9.4215561],[-43.7211447,-9.4277962],[-43.7514198,-9.4340724]],[[-44.0277653,-10.412474],[-44.0347965,-10.4301687],[-44.0357645,-10.4447135],[-44.0258437,-10.4754707]],[[-44.0769473,-10.5860035],[-44.0834286,-10.58909]],[[-43.9209548,-10.8128738],[-43.9201433,-10.8271768],[-43.9177087,-10.8375237],[-43.9019855,-10.8520296]],[[-44.4219203,-14.2802118],[-44.3994487,-14.2782819]],[[-44.3994487,-14.2782819],[-44.3615887,-14.2728126],[-44.3405958,-14.2494003],[-44.3207628,-14.2447565],[-44.3164832,-14.2403492],[-44.302338,-14.2532425],[-44.2720059,-14.2466422],[-44.2475053,-14.2601183],[-44.2409879,-14.2542189],[-44.2398461,-14.2588765],[-44.2396486,-14.2484947],[-44.2091227,-14.2466719],[-44.1703803,-14.268695],[-44.1603345,-14.2577596],[-44.1372648,-14.2641514],[-44.1145298,-14.2600439],[-44.0882868,-14.2780763],[-44.0744512,-14.2706396],[-44.034621,-14.2890284],[-43.9976496,-14.2654044],[-43.9905957,-14.2725945],[-43.9208304,-14.2978039],[-43.8924798,-14.3010168],[-43.8514245,-14.3190739],[-43.8361445,-14.3111487],[-43.794765,-14.3359724],[-43.7831867,-14.3392337]],[[-43.7831867,-14.3392337],[-43.7458553,-14.2830747]],[[-43.7458553,-14.2830747],[-43.7119551,-14.2392973],[-43.697262,-14.2097325],[-43.6787343,-14.144956],[-43.670585,-14.0908853],[-43.6572377,-14.0474539],[-43.6530823,-14.0029711],[-43.6269951,-13.9601339],[-43.6243865,-13.91992],[-43.613782,-13.8953741],[-43.6142902,-13.8374554],[-43.5870509,-13.8122143],[-43.5942983,-13.7782153],[-43.5877337,-13.7570489],[-43.5586232,-13.7367742],[-43.5541584,-13.7233797],[-43.5483541,-13.7122176],[-43.5515688,-13.6912329]],[[-43.5515688,-13.6912329],[-43.5584861,-13.6702284],[-43.5605562,-13.6587713],[-43.5567568,-13.644507]],[[-43.5567568,-13.644507],[-43.5094922,-13.5755754],[-43.4671355,-13.5671342],[-43.4443472,-13.5508906],[-43.4535924,-13.5808403],[-43.4667351,-13.6057112],[-43.486585,-13.6679537],[-43.4993336,-13.7333522],[-43.5376811,-13.7723739],[-43.5419198,-13.796758],[-43.5167069,-13.7928774],[-43.4801846,-13.8321001],[-43.4825058,-13.8504526],[-43.4523782,-13.8751597],[-43.4394639,-13.8761722],[-43.2413235,-13.6103942],[-43.1876611,-13.5190127],[-43.163065,-13.4415306],[-43.1294308,-13.4275963],[-43.1165179,-13.3239092],[-42.9600615,-13.3340575],[-42.9475468,-13.2905224],[-42.9149889,-13.2907681],[-42.9145395,-13.2615634],[-42.9232267,-13.2464971],[-42.9070177,-13.179281],[-42.9096658,-13.139115],[-42.9260191,-13.1293185],[-42.9329141,-13.0817849],[-42.9544752,-13.0601927],[-42.9743782,-13.0275577],[-42.9806865,-12.9710083],[-42.973262,-12.9520162],[-42.9443253,-12.9413873],[-42.8912978,-12.8892841],[-42.8868962,-12.8475725],[-42.8872037,-12.7969831],[-42.878582,-12.7246062],[-42.8886259,-12.5416454],[-42.9112389,-12.534141],[-42.9391058,-12.5042849],[-42.9530709,-12.4708336],[-42.9278758,-12.436427],[-42.9433625,-12.4260843],[-42.9673087,-12.38346],[-42.9623539,-12.358578],[-42.9749395,-12.3281028],[-42.9630331,-12.3024884],[-42.9637149,-12.2687224],[-42.9809757,-12.2602386],[-42.9757881,-12.2418881],[-42.9906344,-12.193852],[-43.0280772,-12.164126],[-43.0339124,-12.1495],[-43.0636003,-12.1399492],[-43.0574372,-12.0969115],[-43.0747337,-12.0950836],[-43.0828042,-12.0699359],[-43.1109087,-12.0463766],[-43.1418774,-12.0459721],[-43.1365527,-12.019485],[-42.9454785,-11.9768517],[-42.915199,-11.9720089],[-42.9025966,-11.9623321],[-42.8728996,-11.964039],[-42.8135364,-11.9410499],[-42.8611932,-11.7939595],[-42.8205572,-11.7761969],[-42.7892102,-11.7486381],[-42.7599465,-11.7389435]],[[-42.7599465,-11.7389435],[-42.7484106,-11.7230263]],[[-42.7484106,-11.7230263],[-42.736559,-11.7143788],[-42.7406278,-11.7108936],[-42.7524776,-11.7050401],[-42.7884096,-11.6904713],[-42.8043022,-11.6742023],[-42.8138643,-11.6497437],[-42.833284,-11.6355123],[-42.8644641,-11.5990661],[-42.8674756,-11.5619443],[-42.8614507,-11.5413117],[-42.8367685,-11.5273376],[-42.9126198,-11.2772626],[-42.8195329,-11.3082804],[-42.8368349,-11.2736939],[-42.8360452,-11.2347729],[-42.8437052,-11.2196185],[-42.8325401,-11.1985037],[-42.8383748,-11.1565115],[-42.8026423,-11.1260421],[-42.786237,-11.119552],[-42.7653436,-11.0870195],[-42.7893366,-11.0555854],[-42.758018,-11.0438534],[-42.762563,-11.0158009],[-42.7226665,-11.0032766],[-42.6713211,-11.0146073],[-42.6660205,-11.0250116],[-42.6363163,-11.0376787],[-42.62496,-11.0561387],[-42.6201065,-11.0875401],[-42.5382005,-11.0050284],[-42.5163611,-11.0132532],[-42.5247687,-11.048887],[-42.5101147,-11.0604575],[-42.5001118,-11.0962761],[-42.5109351,-11.1054104],[-42.5164663,-11.1328059],[-42.5092517,-11.1491129],[-42.5012252,-11.1555758],[-42.486876,-11.1493162],[-42.4759469,-11.1792384],[-42.451176,-11.2169125],[-42.4541014,-11.23016],[-42.4404345,-11.2541359],[-42.4469521,-11.2574604],[-42.4403487,-11.265758],[-42.4278398,-11.285251],[-42.3748783,-11.2755626],[-42.3479711,-11.2775846],[-42.3296857,-11.2872362],[-42.2402901,-11.261235],[-42.2582794,-11.1423102],[-42.1897145,-11.0748635],[-42.146161,-11.0472524],[-42.145262,-11.0233062],[-42.0890672,-11.0222174],[-42.0742308,-11.0274325],[-42.0888947,-10.9328926],[-41.8219723,-10.6976998],[-41.7690817,-10.7221523],[-41.7444813,-10.7081265],[-41.7139222,-10.7415271],[-41.6952465,-10.79331],[-41.6734025,-10.8106343],[-41.6594346,-10.8062632],[-41.6035435,-10.8100431],[-41.5733995,-10.7764521],[-41.57144,-10.7559448],[-41.5889828,-10.7445453],[-41.5859847,-10.7204889],[-41.5594061,-10.7053794],[-41.5460335,-10.6645716],[-41.5329703,-10.6794195],[-41.5038933,-10.6659993],[-41.506074,-10.6417486],[-41.4718093,-10.6282458],[-41.4628382,-10.6031589],[-41.4303571,-10.5894337],[-41.4272673,-10.5762802],[-41.3917692,-10.5677023],[-41.3973669,-10.5475766],[-41.3815222,-10.5187405],[-41.4148106,-10.4996553],[-41.4530028,-10.4882722],[-41.473083,-10.4653731],[-41.4457085,-10.4414729],[-41.3772361,-10.4165422],[-41.364607,-10.3939392],[-41.3350889,-10.3780712],[-41.3138705,-10.344425],[-41.2865881,-10.3356988],[-41.2761971,-10.3437608],[-41.2433394,-10.3237857],[-41.2421652,-10.3068022],[-41.2006431,-10.2715031],[-41.180923,-10.2642378],[-41.1440005,-10.2230027],[-41.1714288,-10.1962837],[-41.1576295,-10.1566523],[-41.1669481,-10.1299703],[-41.159054,-10.1140161],[-41.1894248,-10.0869935],[-41.1932314,-10.0656175],[-41.169002,-10.0317541],[-41.1694043,-10.0140343],[-41.1932527,-10.0085052],[-41.2193622,-9.9911474],[-41.2344908,-9.9902359],[-41.2558199,-9.9729705],[-41.2369708,-9.929127],[-41.2275273,-9.930565],[-41.2063449,-9.9515036],[-41.1821686,-9.955664],[-41.1570808,-9.9433896],[-41.1436623,-9.9272811],[-41.1035208,-9.9180296],[-41.1055208,-9.9434846],[-41.0835397,-9.9458587],[-41.0577703,-9.9158159],[-41.0425927,-9.9275095],[-40.9633841,-9.8838386],[-40.9445662,-9.881278],[-40.927597,-9.8986413],[-40.8915579,-9.913711],[-40.8822796,-9.8958405],[-40.8640895,-9.8893933],[-40.831628,-9.8644707],[-40.816578,-9.8716844],[-40.6433264,-9.8868044],[-40.5027422,-9.9711545],[-40.4121828,-9.9735127],[-40.3835096,-9.944302],[-40.3407449,-9.9266999],[-40.3163848,-9.9078998],[-40.2860699,-9.9457958],[-40.2259581,-9.9213429],[-40.1824424,-9.8873012],[-39.9818821,-9.8046406],[-39.9204361,-9.7911123],[-39.9029084,-9.7816744],[-39.897959,-9.7406573],[-39.8823411,-9.7458873],[-39.852542,-9.807088],[-39.7957647,-9.8438103]],[[-39.7957647,-9.8438103],[-39.6857157,-9.7628357],[-39.6628186,-9.750663],[-39.6689216,-9.7291686],[-39.6441021,-9.7068286],[-39.6000655,-9.6996446],[-39.3595727,-9.6156913],[-39.3308224,-9.5943626],[-39.3075302,-9.6074754],[-39.2809868,-9.6347026],[-39.2237003,-9.634628],[-39.2116173,-9.6456938],[-39.1750821,-9.6363323],[-39.1656714,-9.6460373],[-39.1173278,-9.6457453],[-39.1100528,-9.6256943],[-38.9652883,-9.6391201],[-38.8517888,-9.6313571],[-38.8201404,-9.6514224],[-38.7847894,-9.6468173],[-38.548946,-9.6854742],[-38.487785,-9.7125109],[-38.4584567,-9.7089341],[-38.4432358,-9.6985996],[-38.3636533,-9.7068404],[-38.3508638,-9.6779705],[-38.3076047,-9.660971],[-38.285333,-9.6906314],[-38.2248159,-9.6744712],[-38.191033,-9.6768926],[-38.1758737,-9.6696368],[-38.1566607,-9.6775208],[-38.1484371,-9.6495849],[-38.1207819,-9.6254726],[-38.1186142,-9.6190161],[-38.0896621,-9.6111978],[-38.0666307,-9.5898639]],[[-38.0666307,-9.5898639],[-38.0507324,-9.5885623]],[[-38.0066455,-9.520808],[-38.0022284,-9.5066225]],[[-38.2235974,-9.3469064],[-38.2395412,-9.3271289],[-38.2505456,-9.2904806]],[[-41.3583362,-8.7076202],[-41.3653603,-8.7055837]],[[-41.400314,-8.7463749],[-41.4087958,-8.7704118],[-41.4242667,-8.8025554]],[[-42.7484106,-11.7230263],[-42.7421352,-11.7287323]],[[-42.7421352,-11.7287323],[-42.7378716,-11.7307898],[-42.7261229,-11.7242207],[-42.6805867,-11.7199168],[-42.6618694,-11.7089955],[-42.6441085,-11.7178484],[-42.5821144,-11.7141334],[-42.5652111,-11.7358934],[-42.5203324,-11.7490303],[-42.4876149,-11.7753728],[-42.4721506,-11.7252347],[-42.454241,-11.747852],[-42.4315683,-11.7601771],[-42.415019,-11.7631238],[-42.4046802,-11.7596146],[-42.3820563,-11.7551858],[-42.3765337,-11.7598314],[-42.3662715,-11.7565556],[-42.3651568,-11.7459205],[-42.3604047,-11.7358056],[-42.3592199,-11.7163601],[-42.3600246,-11.7139868],[-42.3565091,-11.7200266],[-42.3505492,-11.7200247],[-42.3427307,-11.7296237],[-42.3401352,-11.737185],[-42.3017861,-11.7838018],[-42.2918579,-11.8124147],[-42.2824763,-11.8777258],[-42.2740714,-11.8862985],[-42.231626,-11.9738495],[-42.242021,-12.0057075],[-42.2356918,-12.0224351],[-42.2460325,-12.047036],[-42.2183358,-12.0705587],[-42.0772193,-12.2466938],[-42.1631738,-12.2380053],[-42.1241208,-12.2776792],[-42.1203783,-12.2940204],[-42.1064598,-12.3072732],[-42.09856,-12.2915687],[-42.039818,-12.2911217],[-42.0582812,-12.2451082],[-42.056267,-12.2204984],[-42.0318458,-12.2302825],[-41.9848722,-12.2914472],[-41.9681123,-12.2658948],[-41.9890508,-12.2310953],[-41.9664881,-12.2218051],[-41.971528,-12.2049868],[-41.9688601,-12.1412636],[-41.9765514,-12.1072173],[-41.9697822,-12.0922403],[-41.9446507,-12.0964949],[-41.93602,-12.1119438],[-41.9159672,-12.1063833],[-41.8884151,-12.1242754],[-41.796198,-12.1587907],[-41.7833645,-12.1606041],[-41.7690007,-12.1949795],[-41.7428051,-12.2368305],[-41.7651352,-12.272596],[-41.7540679,-12.3031633],[-41.7510757,-12.3156635],[-41.7456045,-12.3178219],[-41.7444525,-12.3285893],[-41.7287119,-12.3691687],[-41.6658261,-12.3826568],[-41.6184207,-12.3802935],[-41.5402463,-12.3568581],[-41.5177133,-12.3719556],[-41.5137693,-12.3702094],[-41.4796744,-12.3705849],[-41.4578374,-12.3797536],[-41.4526879,-12.3884689],[-41.4467568,-12.4021075],[-41.4414762,-12.4132056],[-41.4379763,-12.3974845],[-41.4270396,-12.382212],[-41.4297114,-12.3709327],[-41.4397406,-12.3606721],[-41.4410294,-12.3522333],[-41.4250955,-12.3431855],[-41.4434698,-12.3085859],[-41.4345287,-12.2645007],[-41.4118595,-12.2477986],[-41.4152387,-12.2234408],[-41.4001688,-12.2000178],[-41.3548676,-12.1683991],[-41.3715996,-12.1187441],[-41.36823,-12.0829587],[-41.3934481,-12.0764011],[-41.4076367,-12.0489004],[-41.4166127,-11.9980168],[-41.4447086,-11.9861146],[-41.4556563,-11.969639],[-41.4475242,-11.9460501],[-41.4255465,-11.9341421],[-41.4226243,-11.8716596],[-41.3989078,-11.8127686],[-41.3961341,-11.7800295],[-41.3831295,-11.7703956],[-41.3664349,-11.7792739],[-41.3261273,-11.7843105],[-41.3216707,-11.7980758],[-41.254233,-11.8125656],[-41.243907,-11.8392049],[-41.2547141,-11.8756204],[-41.2538099,-11.9032222],[-41.2233297,-11.9186528],[-41.1089905,-11.948062],[-41.0861161,-11.9191831],[-41.06353,-11.9317196],[-41.0489455,-11.9698193],[-41.0248883,-12.0022421],[-40.9725254,-12.0164165],[-40.920524,-12.0143719],[-40.8970771,-11.9902822],[-40.9089697,-12.0595765],[-40.8735935,-12.1257414],[-40.8940104,-12.1549166],[-40.9721215,-12.1290509],[-40.9972642,-12.1486808],[-41.0408782,-12.1476004],[-41.0490687,-12.1816167],[-41.0407715,-12.2111488],[-41.0151923,-12.2418439],[-40.9834896,-12.2626081],[-41.061353,-12.2653157],[-41.0627597,-12.2849377],[-41.158603,-12.3860004],[-41.1566313,-12.4085224],[-41.170152,-12.4478031],[-41.204595,-12.4769751],[-41.1929032,-12.4987222],[-41.1009401,-12.4731947],[-41.0839458,-12.4654258],[-41.0526515,-12.4756748],[-40.9809539,-12.4604409],[-40.9635696,-12.4932257],[-40.9774411,-12.5168632],[-40.9785057,-12.5658837],[-41.0074422,-12.6211097],[-40.9833653,-12.7006448],[-40.9822096,-12.7365964],[-40.9673314,-12.7930407],[-41.0199753,-12.9153972],[-40.9887808,-12.9111215],[-40.9768575,-12.9267384],[-40.9943277,-12.9720679],[-40.9579843,-12.982087],[-40.9607844,-13.0032127],[-40.9534398,-13.0327873],[-40.9282809,-13.0438392],[-40.8890971,-13.0064703],[-40.8681627,-13.0057319],[-40.8550999,-13.0183837],[-40.8365231,-13.015403],[-40.7862889,-13.04406],[-40.7382106,-13.0387399],[-40.7152479,-13.0172799],[-40.6986524,-13.0250537],[-40.6523514,-13.0001434],[-40.6079909,-12.9974012],[-40.5752877,-13.0031749],[-40.5464642,-12.9913163],[-40.5079806,-12.9461769],[-40.4856461,-12.958719],[-40.4718329,-12.9998944],[-40.4562911,-13.0158808],[-40.4511084,-13.0362428],[-40.436588,-13.0473762],[-40.415802,-13.0875016],[-40.400147,-13.0662057],[-40.3611857,-13.0839802],[-40.3393489,-13.0800185],[-40.3420137,-13.0534827],[-40.3058097,-13.043417],[-40.1991753,-13.048685],[-40.188993,-13.0266932],[-40.1733008,-13.0208403],[-40.1440151,-12.9823025],[-40.1026349,-12.9831087],[-40.0654392,-12.9927184],[-40.0327603,-12.9848436],[-39.9911395,-12.9631873],[-39.9881075,-12.9306306],[-39.8998045,-12.8746445],[-39.9281213,-12.8170832],[-39.8941956,-12.7533925],[-39.839698,-12.8162312],[-39.7991653,-12.841242],[-39.784738,-12.8387519],[-39.7702661,-12.8550958],[-39.7274652,-12.8769852],[-39.7126842,-12.8621419],[-39.6787469,-12.8872611],[-39.6448071,-12.9299525],[-39.6052979,-12.9358622],[-39.5819293,-12.9569051],[-39.5750494,-12.9596259],[-39.5422594,-13.0067455],[-39.5317161,-13.0204077],[-39.5078683,-13.0015515],[-39.4738796,-12.9841647],[-39.4658949,-12.9532291]],[[-39.4658949,-12.9532291],[-39.458935,-12.9495572]],[[-39.458935,-12.9495572],[-39.4641246,-12.9102319],[-39.478701,-12.8635849],[-39.474412,-12.8476293],[-39.5027213,-12.8127561],[-39.4974715,-12.7402783],[-39.4732288,-12.7239366],[-39.4672906,-12.6994417],[-39.4349895,-12.6759476],[-39.4409098,-12.6241691],[-39.4397153,-12.6146776],[-39.4146887,-12.615509],[-39.394136,-12.5930236],[-39.3700478,-12.5833601],[-39.3398316,-12.5596018],[-39.277357,-12.5373961],[-39.2618455,-12.5487199],[-39.2265132,-12.5464623],[-39.2048091,-12.5123858],[-39.1418201,-12.5020793],[-39.0936093,-12.4941767],[-39.0751628,-12.5008663],[-39.0575239,-12.5409613],[-39.0044522,-12.5634911],[-38.947496,-12.5399887],[-38.9106412,-12.5179],[-38.8774352,-12.5106594],[-38.8465518,-12.5105285],[-38.8340598,-12.4921362],[-38.8519427,-12.4837827],[-38.8381591,-12.4087753],[-38.8310643,-12.3878693]],[[-38.8310643,-12.3878693],[-38.8362905,-12.380543],[-38.8386014,-12.3715763],[-38.8364776,-12.3682752],[-38.7951897,-12.3695005]],[[-38.7951897,-12.3695005],[-38.775202,-12.3641758],[-38.6562927,-12.3731132],[-38.622573,-12.3202895],[-38.6014071,-12.3241857],[-38.5797239,-12.314247],[-38.5685867,-12.3083291],[-38.564905,-12.3286236],[-38.5312813,-12.339318],[-38.5292453,-12.2974644],[-38.5291955,-12.2881332],[-38.5283304,-12.2817881],[-38.5295854,-12.2756998]],[[-38.5295854,-12.2756998],[-38.5255636,-12.2724691]],[[-38.5255636,-12.2724691],[-38.520802,-12.2593044],[-38.5494365,-12.2447725],[-38.5866668,-12.1936777],[-38.5887466,-12.1776642],[-38.5704631,-12.1252589],[-38.5902002,-12.0374917],[-38.6073193,-12.0213688],[-38.6074146,-11.9929985],[-38.6312852,-11.9332609],[-38.5970437,-11.9530403],[-38.6048782,-11.9044985],[-38.587788,-11.8508266],[-38.5764362,-11.8326509],[-38.5775741,-11.8000018],[-38.5430977,-11.7577877],[-38.5637385,-11.7409823],[-38.5744507,-11.7359025],[-38.6024661,-11.7145208],[-38.6364198,-11.7000221],[-38.6419693,-11.694862],[-38.6434185,-11.6921256],[-38.6642039,-11.6929463],[-38.684108,-11.6982726],[-38.7202774,-11.6915936],[-38.7382917,-11.6961242],[-38.7583904,-11.6986505],[-38.7639686,-11.7007596],[-38.7806841,-11.7133497],[-38.7920627,-11.7236344],[-38.7981825,-11.7379592],[-38.8019101,-11.7408783],[-38.8085712,-11.7459644],[-38.823273,-11.7718068],[-38.8502061,-11.7959867],[-38.8650577,-11.8009084],[-38.9006478,-11.8817087],[-38.9148844,-11.8995489],[-38.9283009,-11.8723189],[-38.9349321,-11.8371412],[-38.9685698,-11.8255468],[-38.9816371,-11.8098108],[-39.004994,-11.8116655],[-39.0390941,-11.8259919],[-39.0746704,-11.8281155],[-39.0831156,-11.8591694],[-39.1063322,-11.8883756],[-39.120581,-11.9246893],[-39.1639838,-11.9508182],[-39.1749652,-11.9813766],[-39.2966769,-11.9907993],[-39.3229141,-11.9736441],[-39.360238,-11.9667168],[-39.388965,-11.9920121],[-39.4125766,-12.0029532],[-39.469298,-12.0114774],[-39.5366242,-12.0255033],[-39.5769031,-12.0391404],[-39.5938198,-12.0611244],[-39.613995,-12.0207062],[-39.6239474,-12.0192443],[-39.6449708,-11.9657215],[-39.6777616,-11.9236546],[-39.691442,-11.9245833],[-39.7191058,-11.9055069],[-39.7431332,-11.9030756],[-39.7484251,-11.8600414],[-39.7408259,-11.8422733],[-39.7130981,-11.8238753],[-39.7452674,-11.8186258],[-39.8109496,-11.8246257],[-39.8128591,-11.8111449],[-39.8462876,-11.7739413],[-39.8406534,-11.7553098],[-39.8851467,-11.7401442],[-39.9085779,-11.7205959],[-39.9076577,-11.7079105],[-39.9255327,-11.6674613],[-39.9473696,-11.6582844],[-39.9580012,-11.6299544],[-39.9616545,-11.6191998],[-39.9604311,-11.558207],[-39.9685841,-11.4908669],[-39.9370541,-11.4783024],[-39.9310765,-11.4950142],[-39.9087982,-11.4952834],[-39.8832174,-11.4812348],[-39.8388291,-11.4949844],[-39.8146545,-11.4927017],[-39.7912896,-11.4783335],[-39.7609137,-11.4468542],[-39.7652296,-11.4290825],[-39.7575625,-11.4209873],[-39.787281,-11.4043938],[-39.7970466,-11.3941477],[-39.8485707,-11.3503379],[-39.8618464,-11.3129368],[-39.9552984,-11.2486547],[-39.9529984,-11.1568736],[-39.9819104,-11.1511593],[-40.0245161,-10.9809159],[-40.018536,-10.9690909],[-40.0174381,-10.9025379],[-40.015828,-10.8850927],[-40.0099411,-10.8805962],[-39.9990504,-10.8842182],[-39.960757,-10.8973323],[-39.9483105,-10.9049834],[-39.9377192,-10.9071755],[-39.9235033,-10.9176325],[-39.8795184,-10.9075063],[-39.8651129,-10.9050768],[-39.8574162,-10.9188964],[-39.8253582,-10.9396193],[-39.7988478,-10.9388289],[-39.7821762,-10.954799],[-39.7522686,-10.9531698],[-39.7222577,-10.9629586],[-39.716902,-10.9535379],[-39.6693974,-10.947046],[-39.6275726,-10.9149719],[-39.6317354,-10.8964802],[-39.626025,-10.8746644],[-39.6419624,-10.8604891],[-39.6432596,-10.8531657],[-39.6385145,-10.8460401],[-39.6404,-10.8430202],[-39.6657936,-10.8381027],[-39.6610354,-10.8180055],[-39.6747564,-10.8071173],[-39.682996,-10.7647971],[-39.6984993,-10.749621],[-39.7049776,-10.7277662],[-39.7017515,-10.7163189],[-39.6961623,-10.6762395],[-39.6979484,-10.6707768],[-39.7238335,-10.6594687],[-39.7463931,-10.6399599],[-39.7628466,-10.5623772],[-39.7729354,-10.5502945],[-39.7557859,-10.4541084],[-39.7312995,-10.4099212],[-39.7393173,-10.3490461],[-39.7353405,-10.3368806],[-39.7219214,-10.3291215],[-39.7194956,-10.3226779],[-39.71378,-10.3093789],[-39.7212704,-10.2705502],[-39.7442512,-10.2427816],[-39.7374581,-10.2289679],[-39.7286575,-10.1156025],[-39.7342953,-10.0892246],[-39.7582077,-10.0735892],[-39.7651838,-10.0400433],[-39.7598016,-9.9917423],[-39.7671113,-9.97027],[-39.7493118,-9.9524475],[-39.7382949,-9.9010964],[-39.7449972,-9.8848181],[-39.7673293,-9.8669767],[-39.7877802,-9.8518661],[-39.7957647,-9.8438103]],[[-38.5255636,-12.2724691],[-38.527279,-12.2750905]],[[-38.527279,-12.2750905],[-38.468907,-12.2851537],[-38.4613684,-12.2684178],[-38.4341124,-12.2688824],[-38.3941631,-12.2493624],[-38.3776993,-12.2186719],[-38.3367719,-12.2413799],[-38.3100814,-12.2488136],[-38.2730623,-12.2783676],[-38.1202109,-12.2514321],[-38.1109732,-12.2358223],[-38.0765778,-12.2390583],[-38.076611,-12.1821117],[-38.0818995,-12.1581095],[-38.0667509,-12.1376657],[-38.0564642,-12.1446124],[-38.0192601,-12.1828995],[-38.0175376,-12.2181884],[-37.9225316,-12.2643218],[-37.9133942,-12.3094582],[-37.9711806,-12.3698139],[-37.9371726,-12.3718224],[-37.9245579,-12.3822563],[-37.8993237,-12.3800363],[-37.8950122,-12.382656],[-37.8932418,-12.390187],[-37.8952382,-12.3951125],[-37.8932837,-12.4082421]],[[-37.8932837,-12.4082421],[-37.8256041,-12.3096162],[-37.767268,-12.2352777],[-37.6907662,-12.1082642],[-37.6101041,-11.9556663],[-37.5247061,-11.766242],[-37.4446968,-11.6086071],[-37.4063284,-11.5365898],[-37.3842351,-11.5036349],[-37.3491581,-11.4621022],[-37.3476727,-11.4418253]],[[-37.4325207,-11.5111781],[-37.4554887,-11.5231383],[-37.475325,-11.522367]],[[-37.9819239,-11.3529208],[-37.9985492,-11.339676]],[[-37.809528,-10.6157764],[-37.8178384,-10.5857658]],[[-38.0617041,-9.5911632],[-38.0666307,-9.5898639]],[[-38.7951897,-12.3695005],[-38.835222,-12.3680809],[-38.8385693,-12.3713602],[-38.8356345,-12.3822744],[-38.8310643,-12.3878693]],[[-39.458935,-12.9495572],[-39.464112,-12.9600402]],[[-39.464112,-12.9600402],[-39.456978,-12.9769321],[-39.4469268,-12.9874297],[-39.4432331,-12.9932495],[-39.4208731,-12.9911779],[-39.3957188,-13.0015766],[-39.3818141,-13.0270729],[-39.3507071,-13.0488525],[-39.3421131,-13.0604501],[-39.3329091,-13.0627382],[-39.3231501,-13.0575801],[-39.3116609,-13.0603051],[-39.2625192,-13.0580583],[-39.2464074,-13.095327],[-39.2199836,-13.0833333],[-39.1955255,-13.0904423],[-39.1893748,-13.1091118],[-39.1587273,-13.0960605],[-39.1255237,-13.1005648],[-39.1243606,-13.104498],[-39.1799547,-13.1173223],[-39.2139276,-13.1090329],[-39.2247595,-13.1122883],[-39.2451681,-13.1311818],[-39.285699,-13.138715],[-39.2958392,-13.1425528],[-39.3024104,-13.1603724],[-39.3021397,-13.1635481],[-39.291217,-13.1736359],[-39.2418433,-13.2012009],[-39.2351877,-13.2074473],[-39.2186025,-13.1998744],[-39.2008199,-13.1996421],[-39.1949378,-13.2106713],[-39.1846402,-13.2212768],[-39.1809132,-13.2263659]],[[-39.1809132,-13.2263659],[-39.1630347,-13.2359394]],[[-39.1630347,-13.2359394],[-39.1505853,-13.2253365],[-39.1203376,-13.2466565],[-39.1150725,-13.2535047],[-39.0813405,-13.2561807],[-39.0752491,-13.2437694],[-39.0266509,-13.2449972],[-39.0079568,-13.2259802],[-38.9896974,-13.2528818],[-38.9465626,-13.2093543],[-38.9305012,-13.2085905]],[[-38.9305012,-13.2085905],[-38.917904,-13.2140413],[-38.8672058,-13.1862386],[-38.8360504,-13.1564842],[-38.7622769,-13.1189343],[-38.7470703,-13.0924574],[-38.7355399,-13.0896145],[-38.7126181,-13.0611023],[-38.6572126,-13.0335314],[-38.6433387,-13.0153131],[-38.5278289,-13.0099454],[-38.4884231,-13.0172697],[-38.4547273,-13.006586],[-38.4264913,-12.9815481],[-38.3872729,-12.956841],[-38.3527085,-12.9567855],[-38.3176276,-12.9285517],[-38.2799207,-12.8803754],[-38.243694,-12.8524768],[-38.1025681,-12.6860058],[-38.0467738,-12.6346095],[-38.0408934,-12.6104278],[-38.0229918,-12.5891551],[-38.001464,-12.5780112],[-37.9719443,-12.5191764],[-37.909356,-12.4278501],[-37.8932837,-12.4082421]],[[-38.527279,-12.2750905],[-38.5295854,-12.2756998]],[[-43.5567568,-13.644507],[-43.5602707,-13.6614839],[-43.5515688,-13.6912329]],[[-43.7458553,-14.2830747],[-43.7762439,-14.3319698],[-43.7985683,-14.3596936]],[[-43.7985683,-14.3596936],[-43.8143255,-14.3808003],[-43.8319646,-14.4430072],[-43.8738773,-14.5205836],[-43.8872301,-14.5851792],[-43.8768924,-14.609214],[-43.8744443,-14.6144354],[-43.8746779,-14.6221557],[-43.8792879,-14.6460772],[-43.8812372,-14.6541985],[-43.859201,-14.6742988],[-43.8468677,-14.672105],[-43.8005063,-14.6873135],[-43.7640378,-14.6921201],[-43.7555124,-14.7008351],[-43.7262579,-14.6981614],[-43.7210075,-14.7022652],[-43.7181447,-14.7114221],[-43.7120096,-14.7164501],[-43.6741651,-14.7324608],[-43.6590308,-14.7448733],[-43.6250269,-14.7552889],[-43.6060578,-14.7594635],[-43.5907803,-14.7508694],[-43.5737826,-14.7651633],[-43.5416401,-14.7791284],[-43.5391991,-14.805736],[-43.4783768,-14.792051],[-43.4721724,-14.7623647],[-43.4562273,-14.7401572],[-43.4253132,-14.7199792],[-43.3727734,-14.6991056],[-43.3541617,-14.698089],[-43.3112274,-14.6697481],[-43.2981427,-14.6760843],[-43.2450549,-14.6565111],[-43.203161,-14.656118],[-43.1906829,-14.6515663],[-43.1763498,-14.6505438],[-43.1514964,-14.6663341],[-43.1274974,-14.66568],[-43.1011077,-14.6754951],[-43.0839365,-14.6982726],[-43.0663892,-14.6805592],[-43.0383074,-14.6828079],[-43.0109473,-14.7016622],[-42.9773253,-14.6983871],[-42.9526882,-14.7084023],[-42.9374119,-14.7204477],[-42.9121978,-14.7444719],[-42.9038303,-14.7619561],[-42.8808002,-14.7692902],[-42.8423875,-14.796068],[-42.8202472,-14.8206286],[-42.790992,-14.8393791],[-42.7551378,-14.8464214],[-42.7472194,-14.8677547],[-42.7233598,-14.8856124],[-42.7041635,-14.8828283],[-42.648629,-14.9299879],[-42.6187221,-14.9397125],[-42.5989689,-14.9240978],[-42.5855825,-14.9316028],[-42.5864107,-14.9350166],[-42.5775196,-14.9388863],[-42.5606855,-14.9622972],[-42.4957414,-14.9948584],[-42.4759116,-15.0170404],[-42.4435981,-15.0206461],[-42.4443207,-15.0556059],[-42.4216786,-15.0655326],[-42.3964917,-15.0779916],[-42.3718571,-15.0736296],[-42.354907,-15.0982031],[-42.337247,-15.0804663],[-42.2826217,-15.1178927],[-42.2589842,-15.1220829],[-42.2231295,-15.0995589],[-42.1829591,-15.0996459],[-42.1733198,-15.085954],[-42.1538724,-15.1105601],[-42.1410455,-15.1288432],[-42.1163062,-15.1441201],[-42.1063499,-15.1682047],[-42.0960683,-15.1824421],[-42.0847098,-15.1865289],[-42.0732943,-15.175702],[-42.0416299,-15.1698314],[-41.9946916,-15.1588745],[-41.9534344,-15.1756645],[-41.8970388,-15.1518993],[-41.8704306,-15.1151801],[-41.8483105,-15.1168421],[-41.8007101,-15.1010971],[-41.4994053,-15.3726109],[-41.3564227,-15.5002861],[-41.3312061,-15.7446734]],[[-41.3312061,-15.7446734],[-41.3281729,-15.7418206],[-41.3177304,-15.7445066]],[[-41.3177304,-15.7445066],[-41.2929477,-15.7390055],[-41.2717587,-15.74813],[-41.2373904,-15.7375113],[-41.2153964,-15.7371659],[-41.197049,-15.7503601],[-41.1562845,-15.7613763],[-41.1425302,-15.772047],[-41.1215557,-15.7430118],[-41.0981309,-15.7410515],[-41.0775579,-15.7192879],[-41.0484153,-15.72387],[-41.0362729,-15.7138165],[-41.0060594,-15.7138373],[-40.9780972,-15.6881049],[-40.9749662,-15.6690837]],[[-40.9749662,-15.6690837],[-40.9631251,-15.6484003],[-40.9492015,-15.6562439]],[[-40.9492015,-15.6562439],[-40.9143317,-15.6609776],[-40.9025697,-15.6918421],[-40.8554496,-15.6871571],[-40.8313144,-15.6706535],[-40.8190283,-15.646342],[-40.7803371,-15.680198],[-40.7859479,-15.6922641],[-40.7676637,-15.7140794],[-40.7398608,-15.7036467],[-40.7438803,-15.6859094],[-40.7140185,-15.6719148],[-40.7005752,-15.667309],[-40.6823087,-15.6990212],[-40.6611991,-15.7071257],[-40.6449466,-15.7288594],[-40.6260312,-15.7182097],[-40.6010286,-15.7434102],[-40.6039498,-15.7592933],[-40.5731273,-15.7880744],[-40.5528649,-15.8037212],[-40.5063082,-15.7669015],[-40.4841247,-15.7757966],[-40.4614286,-15.7532317],[-40.4324702,-15.7786532],[-40.4281657,-15.8017066],[-40.3779678,-15.8184217],[-40.3567198,-15.8130148],[-40.3210087,-15.82074],[-40.274711,-15.8180443],[-40.2375823,-15.8050556],[-40.2074987,-15.8473114],[-40.1739661,-15.8704902],[-40.1742704,-15.8982496],[-40.1754034,-15.9039917],[-40.1647447,-15.9102313],[-40.1170523,-15.9034989],[-40.1035242,-15.9096136],[-40.0953844,-15.9037787],[-40.0748468,-15.9200533],[-40.0611601,-15.9640017],[-40.0457735,-15.9623563],[-40.0136907,-15.9840065],[-40.0044365,-16.0018382],[-39.9699071,-16.0041514],[-39.9557464,-15.9914283],[-39.9239802,-15.9950613]],[[-39.9239802,-15.9950613],[-39.9102435,-16.001421]],[[-39.9102435,-16.001421],[-39.9018221,-15.9995456],[-39.8635051,-15.995382],[-39.8562445,-15.983289],[-39.8465517,-15.9754336],[-39.8709067,-15.9528224],[-39.8916033,-15.9576806],[-39.9090952,-15.9466435],[-39.9486271,-15.8980308],[-39.9109832,-15.8671251],[-39.8772663,-15.8804491],[-39.8146878,-15.8657972],[-39.8161463,-15.8462643],[-39.7927925,-15.8287575],[-39.7884636,-15.8146902],[-39.7565624,-15.8040818],[-39.7418405,-15.7905842],[-39.7317409,-15.7779256],[-39.6931829,-15.7721931],[-39.6649257,-15.7518465],[-39.6539244,-15.7483716],[-39.6538374,-15.7454128],[-39.6439791,-15.7433339],[-39.6239624,-15.7662484],[-39.6163253,-15.7738045],[-39.6147197,-15.771333],[-39.6003501,-15.7661409],[-39.5790994,-15.7749962],[-39.5676442,-15.7731794],[-39.5366347,-15.7518927],[-39.530914,-15.7305364],[-39.5389874,-15.7162293],[-39.5336239,-15.6894469],[-39.544257,-15.6659637],[-39.5325788,-15.6188378],[-39.5511559,-15.6036268],[-39.5829381,-15.5926864],[-39.6159003,-15.6201861],[-39.6327414,-15.6193433],[-39.6451605,-15.5949927],[-39.6556759,-15.5933082],[-39.6751247,-15.6218126],[-39.6740475,-15.6368674],[-39.695667,-15.6301448],[-39.6830527,-15.6178305],[-39.695359,-15.5993117],[-39.7141166,-15.591279],[-39.7131724,-15.5658338],[-39.7518338,-15.5554121],[-39.7689313,-15.5660787],[-39.7867282,-15.5500471],[-39.8033742,-15.5408945],[-39.8301792,-15.5317869],[-39.836651,-15.5189445],[-39.8357705,-15.5172393],[-39.8363041,-15.5087406],[-39.8419453,-15.4824127],[-39.8296756,-15.4592578],[-39.7906719,-15.423662],[-39.7661196,-15.3783715],[-39.7885116,-15.3746056],[-39.7917581,-15.355825],[-39.809605,-15.3254129],[-39.8476861,-15.3110427],[-39.895543,-15.101721],[-39.8964266,-15.0530034],[-39.9103575,-15.0334392],[-39.9765514,-14.9589132],[-39.9443525,-14.9095267],[-39.9379573,-14.8774762],[-39.9405383,-14.855552],[-39.9210475,-14.8466352],[-39.9067436,-14.809998],[-39.8737985,-14.8172312],[-39.8706575,-14.8003441],[-39.8303094,-14.773478],[-39.8136541,-14.7512861],[-39.7739639,-14.7319547],[-39.7583531,-14.7123281],[-39.7457291,-14.6579072],[-39.7294087,-14.6378078],[-39.7156405,-14.5785682],[-39.7353549,-14.555289],[-39.7318045,-14.5090285],[-39.7180431,-14.4837327],[-39.7069348,-14.4472766],[-39.7089564,-14.4223832],[-39.7129604,-14.4180549],[-39.7153313,-14.4156826],[-39.714069,-14.4107816],[-39.6994834,-14.3757105],[-39.7144987,-14.3694724],[-39.7321313,-14.3720671],[-39.7422488,-14.3626863],[-39.7901191,-14.3506165],[-39.8192507,-14.3830581],[-39.8497849,-14.3748425],[-39.8601259,-14.3859995],[-39.8912768,-14.3803097],[-39.9068268,-14.3645071],[-39.9483333,-14.362948],[-39.9823261,-14.321681],[-40.0020398,-14.2816508],[-39.9829092,-14.2100285],[-39.9799358,-14.1730751],[-39.9702655,-14.1642238],[-39.9189304,-14.1819145],[-39.8889953,-14.1383263],[-39.8567799,-14.143951],[-39.8253642,-14.1138611],[-39.8181631,-14.0978333],[-39.8312061,-14.0824778],[-39.7940502,-14.0666772],[-39.7944774,-14.0126241],[-39.7539123,-13.9872158],[-39.7540267,-13.972249],[-39.7357277,-13.9322085],[-39.7050151,-13.9098901],[-39.7100514,-13.8994299],[-39.6822508,-13.8824811],[-39.7037588,-13.8608772],[-39.7009455,-13.8354612],[-39.6886967,-13.8078432],[-39.7276175,-13.7706931],[-39.7199806,-13.7419485],[-39.757184,-13.6661967],[-39.7641934,-13.6316783],[-39.7776052,-13.6069591],[-39.7933397,-13.589542],[-39.7934272,-13.5850663],[-39.795855,-13.5783719],[-39.8135826,-13.5635682],[-39.8082713,-13.5555411],[-39.791265,-13.5389256],[-39.7866973,-13.5291236],[-39.7530254,-13.5105091]],[[-39.7530254,-13.5105091],[-39.7519836,-13.5077147],[-39.7483034,-13.5044897],[-39.7443053,-13.5033099],[-39.7271405,-13.5030357],[-39.7164692,-13.511656]],[[-39.7164692,-13.511656],[-39.712176,-13.5125408],[-39.6991613,-13.5183063],[-39.6685949,-13.5369759],[-39.6250983,-13.4815392],[-39.6040703,-13.4658952],[-39.5839597,-13.4792487],[-39.5621911,-13.476839],[-39.5416686,-13.4396399],[-39.5026742,-13.4197096],[-39.4867887,-13.400198],[-39.484477,-13.3803956],[-39.4648599,-13.3737493],[-39.4799824,-13.337593],[-39.4686401,-13.3311402],[-39.4711283,-13.3053195],[-39.4571838,-13.3022991],[-39.4260988,-13.2659169],[-39.4352949,-13.2419763],[-39.3808089,-13.2330821],[-39.3615131,-13.2505095],[-39.3469515,-13.2510948],[-39.3344773,-13.2180747],[-39.3154276,-13.2060813],[-39.2688506,-13.2639294],[-39.2477691,-13.2659872],[-39.2281611,-13.2931446],[-39.2049994,-13.2885735],[-39.2088463,-13.276514],[-39.2084808,-13.271163],[-39.2158788,-13.264563],[-39.2181176,-13.2668633],[-39.2186216,-13.2627961],[-39.2156243,-13.2324877],[-39.2122867,-13.2271292],[-39.1865979,-13.2369911],[-39.1713228,-13.2332741]],[[-39.1713228,-13.2332741],[-39.1809132,-13.2263659]],[[-39.464112,-12.9600402],[-39.4658949,-12.9532291]],[[-42.7421352,-11.7287323],[-42.7599465,-11.7389435]],[[-39.9102435,-16.001421],[-39.9147979,-15.9999934]],[[-39.9147979,-15.9999934],[-39.9221984,-16.0286254],[-39.8820034,-16.068033],[-39.8746732,-16.0940679],[-39.8568289,-16.1138248],[-39.8805142,-16.1437454],[-39.8833906,-16.194693],[-39.898403,-16.2013672],[-39.9365211,-16.2457808],[-39.9201017,-16.2637394],[-39.9522397,-16.2978551],[-39.9604959,-16.3218827],[-39.991102,-16.3127343],[-40.0258067,-16.3664681],[-40.0455701,-16.4220389],[-40.0627169,-16.4319863],[-40.0657978,-16.4575202],[-40.0794094,-16.4642299],[-40.1033027,-16.4370103],[-40.1406657,-16.4967728],[-40.1701688,-16.5312792],[-40.1544457,-16.5654902],[-40.1578974,-16.5794549],[-40.2298106,-16.5614449],[-40.2754901,-16.5734177],[-40.2876388,-16.5975704],[-40.298248,-16.652466],[-40.3129879,-16.6754341],[-40.3030011,-16.7036876],[-40.3101667,-16.7362155],[-40.3358372,-16.7797142],[-40.3236055,-16.8012692],[-40.2700764,-16.7953294],[-40.2508293,-16.8311546],[-40.2521215,-16.8600506],[-40.2719675,-16.8701937],[-40.2816371,-16.9011836],[-40.3027738,-16.8922436],[-40.331523,-16.9080273],[-40.366485,-16.8741723],[-40.3759008,-16.8858723],[-40.4129934,-16.8976371],[-40.4266074,-16.8897302]],[[-40.4266074,-16.8897302],[-40.4369662,-16.8931557]],[[-40.4369662,-16.8931557],[-40.44427,-16.8935237],[-40.4514828,-16.8910432],[-40.4541056,-16.8815934],[-40.4801726,-16.8768086],[-40.4923269,-16.8873987],[-40.490991,-16.8961206],[-40.4971418,-16.9173327],[-40.5169976,-16.9610515],[-40.5231316,-16.9670654],[-40.5454433,-16.9841997],[-40.5503535,-17.0014032],[-40.555578,-17.0133992],[-40.5646092,-17.0489752],[-40.5699287,-17.0601694],[-40.5704993,-17.080231],[-40.5567855,-17.089602],[-40.5571938,-17.1048603],[-40.5683806,-17.1321289],[-40.578103,-17.1446115],[-40.5791587,-17.1482483],[-40.5783293,-17.162683],[-40.5777459,-17.16796],[-40.5746087,-17.1803347],[-40.5538612,-17.1890303],[-40.5623065,-17.2123758],[-40.5583942,-17.2306761],[-40.5722499,-17.2513728],[-40.5528438,-17.2875212],[-40.572244,-17.2947661],[-40.5948417,-17.3235648],[-40.6046846,-17.3561943],[-40.6024773,-17.3935968],[-40.6226072,-17.4032931],[-40.5975065,-17.4206333],[-40.5700817,-17.4158915],[-40.5541591,-17.4355679],[-40.520579,-17.4448113],[-40.5209414,-17.4583486],[-40.4824147,-17.4925902],[-40.4890624,-17.5197897],[-40.4751989,-17.5337778],[-40.4604149,-17.5685022],[-40.4106843,-17.5682273],[-40.4182146,-17.5990974],[-40.3968117,-17.6256053],[-40.3799343,-17.6113093],[-40.3614456,-17.6366708],[-40.334049,-17.6321484],[-40.3228247,-17.6613147],[-40.2990206,-17.6745676],[-40.2955147,-17.6994936],[-40.2703222,-17.7270585],[-40.2559053,-17.7195462],[-40.2402077,-17.7349232],[-40.2207966,-17.7372474],[-40.2136573,-17.7536875],[-40.2180757,-17.795659],[-40.1741273,-17.8515612],[-40.2126577,-17.8957941],[-40.2635475,-17.9220233],[-40.2654631,-17.9323213],[-40.2268229,-17.9582598],[-40.2223506,-17.9804174]],[[-40.2223506,-17.9804174],[-39.6889474,-18.3208315],[-39.6660146,-18.3332183]],[[-39.6660146,-18.3332183],[-39.636916,-18.2357966],[-39.5859794,-18.1468753],[-39.5489449,-18.1018555],[-39.5416073,-18.0784976],[-39.4976912,-18.0064787],[-39.4564532,-17.9587515],[-39.4273055,-17.9341748],[-39.3619092,-17.9053893],[-39.3644416,-17.890754],[-39.3195987,-17.8916576],[-39.2795248,-17.8727159],[-39.266167,-17.8599909],[-39.2581949,-17.8267608],[-39.2059762,-17.7726664],[-39.208052,-17.747346],[-39.1909005,-17.7419167],[-39.1358003,-17.6902527],[-39.1876871,-17.606152],[-39.1912719,-17.5255994],[-39.1918304,-17.4443496],[-39.2166191,-17.3407045],[-39.2210726,-17.3017741],[-39.2129101,-17.2394895],[-39.2120619,-17.1612608],[-39.19803,-17.1271658],[-39.182016,-17.1123553],[-39.1714432,-17.0369372],[-39.1721848,-17.0130467],[-39.155532,-16.9803552],[-39.1514591,-16.9422489],[-39.1236855,-16.9043497],[-39.1419621,-16.8684413],[-39.145462,-16.8088443],[-39.1416455,-16.7614573],[-39.125883,-16.7309527],[-39.1069849,-16.7089152],[-39.1047612,-16.6823666],[-39.0900501,-16.6284817],[-39.094417,-16.6097047],[-39.0853239,-16.572819],[-39.0852328,-16.5473059],[-39.0593248,-16.4569464],[-39.0617288,-16.4340665],[-39.0399398,-16.3958624],[-39.0087732,-16.3749211],[-39.0129498,-16.353678],[-39.0060608,-16.3327553],[-39.0204055,-16.3239733],[-39.0218557,-16.2853373],[-39.0110638,-16.2457858],[-38.9717695,-16.19868],[-38.9481067,-16.1556665],[-38.9566285,-16.1301953],[-38.9520495,-16.0969527],[-38.9025435,-15.9636021],[-38.8528393,-15.8493541],[-38.894601,-15.7644432],[-38.910326,-15.7191784],[-38.9274387,-15.6909923],[-38.9382182,-15.6447601],[-38.9441581,-15.5918158],[-38.9421675,-15.5394209],[-38.9516766,-15.4691144],[-38.9727812,-15.3880162],[-38.9907516,-15.2881607],[-38.9966538,-15.2146172],[-38.9949171,-15.1502154],[-38.9964192,-15.0008721],[-39.0067453,-14.951663],[-39.0187067,-14.9201762],[-39.0236109,-14.8619535],[-39.0230952,-14.8059003],[-39.0274128,-14.7830074],[-39.0490714,-14.7774283],[-39.0621871,-14.7469531],[-39.0651113,-14.6692704],[-39.0616264,-14.6249854],[-39.0351742,-14.5322678],[-39.0327279,-14.4875026],[-39.0016206,-14.3444811],[-38.9799147,-14.2936579],[-38.9949362,-14.266368],[-38.987802,-14.2205431],[-38.9899051,-14.199321],[-38.9428314,-14.0146877],[-38.9433312,-13.9971141],[-38.9276929,-13.9398459],[-38.9287859,-13.9068342],[-38.9814637,-13.8286408],[-38.9952459,-13.802006],[-39.0003368,-13.7757142],[-38.9916572,-13.7248077],[-38.9760256,-13.6984536],[-38.9512386,-13.6706617],[-38.9287308,-13.6575309],[-38.9175093,-13.6742339],[-38.8984879,-13.665992],[-38.8911288,-13.6405308],[-38.9039475,-13.6249321],[-38.9013877,-13.6017516],[-38.9333737,-13.5631951],[-38.9263479,-13.5150446],[-38.9110064,-13.4950894],[-38.9170404,-13.4837908],[-38.892562,-13.4609772],[-38.9056233,-13.4272646],[-38.9131994,-13.3786407],[-38.9462404,-13.3989233],[-38.9640337,-13.3568768],[-38.9647167,-13.294884],[-38.9484147,-13.2455322],[-38.9305012,-13.2085905]],[[-39.1630347,-13.2359394],[-39.1713228,-13.2332741]],[[-39.7164692,-13.511656],[-39.7264554,-13.503195],[-39.745643,-13.5035247],[-39.7503422,-13.5061301],[-39.7530254,-13.5105091]],[[-47.3107096,-16.0308364],[-47.3099514,-16.0366666],[-47.3126749,-16.0421107]],[[-47.3126749,-16.0421107],[-47.3085003,-16.042092],[-47.3099749,-16.048486]],[[-47.3099749,-16.048486],[-47.3083581,-16.0502989],[-47.3076865,-16.0565002]],[[-47.3076865,-16.0565002],[-47.3075989,-16.0636407],[-47.3131586,-16.0856078],[-47.3329111,-16.0867316],[-47.336561,-16.1194875],[-47.3505851,-16.1385341],[-47.3319567,-16.1717392],[-47.3345377,-16.1983935],[-47.3219811,-16.2314256],[-47.334288,-16.2585865],[-47.3516084,-16.2754134],[-47.3524215,-16.3066762],[-47.3654888,-16.3298811],[-47.4030493,-16.3759185],[-47.4201416,-16.3831948],[-47.4269215,-16.4340202],[-47.4461699,-16.4501464],[-47.4595246,-16.5041259],[-47.446005,-16.5173669],[-47.4442298,-16.5393026],[-47.4060723,-16.5578251],[-47.3744293,-16.584915],[-47.3473129,-16.5908332],[-47.339147,-16.6026508],[-47.3011068,-16.6249778],[-47.2737876,-16.6619406],[-47.2508621,-16.6648074],[-47.2461895,-16.700457],[-47.2289826,-16.7121525],[-47.2364892,-16.7553454],[-47.2197008,-16.7780734],[-47.2211844,-16.8077662],[-47.2064375,-16.8383888],[-47.2096329,-16.8635581],[-47.2031153,-16.8928856],[-47.1654429,-16.9169193],[-47.1650498,-16.9221115],[-47.1681564,-16.9282254],[-47.1713264,-16.9336114],[-47.1665777,-16.9489495],[-47.1534919,-16.953413],[-47.1429928,-16.9717391],[-47.1373502,-16.9907424],[-47.1438297,-17.010629],[-47.1374263,-17.0203168],[-47.1646313,-17.0455102],[-47.1730509,-17.0449647],[-47.2481762,-17.0985566],[-47.2593417,-17.1007588],[-47.2624467,-17.0978766],[-47.2640132,-17.1059435],[-47.2671474,-17.1136585],[-47.2748591,-17.105835],[-47.2834238,-17.1305782],[-47.2971259,-17.1420425],[-47.3519875,-17.1664994],[-47.3502328,-17.1964985],[-47.3560742,-17.2026384],[-47.3746782,-17.2163307],[-47.3735638,-17.22008],[-47.3800156,-17.2238916],[-47.3790146,-17.2362775],[-47.3819329,-17.2433568],[-47.3896233,-17.2451251],[-47.3989173,-17.2426465],[-47.4101452,-17.2475929],[-47.4067246,-17.2554389],[-47.4231265,-17.2621074],[-47.4169348,-17.2647024],[-47.4344592,-17.2762185],[-47.4218047,-17.2872107],[-47.4212104,-17.3039145],[-47.4217116,-17.3159684],[-47.4241852,-17.3240292],[-47.4332703,-17.3173051],[-47.4501536,-17.3282166],[-47.4499298,-17.3349514],[-47.44054,-17.3464814],[-47.4470623,-17.3492696],[-47.4574639,-17.3531787],[-47.4758865,-17.3450934],[-47.4879548,-17.3495063],[-47.4984106,-17.3360036]],[[-47.4984106,-17.3360036],[-47.5137462,-17.3292869]],[[-47.5137462,-17.3292869],[-47.5126493,-17.3353219],[-47.5048768,-17.3372463],[-47.5091214,-17.3437379],[-47.5206398,-17.357497],[-47.5145067,-17.3749523],[-47.5340531,-17.4005259],[-47.5282939,-17.4388645],[-47.502948,-17.4902433],[-47.5056512,-17.5079852],[-47.4772836,-17.5127848],[-47.4547257,-17.541786],[-47.4314768,-17.5237402],[-47.4004487,-17.5118175],[-47.3744483,-17.5235951],[-47.3254145,-17.5238006],[-47.3066249,-17.5584603],[-47.2955212,-17.5663823],[-47.2870827,-17.5750436],[-47.2719744,-17.5997562],[-47.2656534,-17.6149],[-47.2807997,-17.6476307],[-47.2713657,-17.6658635],[-47.3137022,-17.698963],[-47.3169505,-17.7252432],[-47.3421123,-17.746645],[-47.3329179,-17.7683927],[-47.3532807,-17.7880863],[-47.3507473,-17.8139461],[-47.365876,-17.834548],[-47.3565072,-17.8600732],[-47.3581938,-17.865764],[-47.3541149,-17.869802],[-47.3559097,-17.8766598],[-47.3546908,-17.8768988],[-47.3590884,-17.8845946],[-47.3579173,-17.8851204],[-47.3566028,-17.8892552],[-47.356971,-17.8912219],[-47.3554317,-17.8954453],[-47.3480466,-17.897668],[-47.3432905,-17.9008706],[-47.3413546,-17.9044556],[-47.3409244,-17.9366967],[-47.3384149,-17.9354778],[-47.3129613,-17.9618874],[-47.3230084,-17.9831567],[-47.2876025,-18.0405197]],[[-47.2876025,-18.0405197],[-47.282903,-18.022011]],[[-47.282903,-18.022011],[-47.266895,-18.001779],[-47.234887,-17.997677],[-47.212902,-17.983787],[-47.19605,-17.961948],[-47.175829,-17.932056],[-47.154243,-17.929929],[-47.163655,-17.9713],[-47.173913,-17.999675],[-47.155324,-18.016967],[-47.151397,-18.047764],[-47.123898,-18.058771],[-47.112319,-18.086896],[-47.09136,-18.102748],[-47.088474,-18.121738],[-47.103123,-18.152388],[-47.082535,-18.187736],[-47.088147,-18.202394],[-47.034939,-18.21243],[-47.006042,-18.195622],[-46.990844,-18.224837],[-46.975333,-18.226116],[-46.944172,-18.198825],[-46.935721,-18.2315],[-46.9153,-18.268991],[-46.86377,-18.28733],[-46.851499,-18.308075],[-46.832267,-18.307366],[-46.815757,-18.319838],[-46.785938,-18.30267],[-46.757343,-18.311629],[-46.758233,-18.328038],[-46.731381,-18.337867],[-46.718106,-18.358271],[-46.68018,-18.360655],[-46.656996,-18.393944],[-46.636603,-18.396173],[-46.560498,-18.433561],[-46.555495,-18.445772],[-46.510293,-18.470302],[-46.469654,-18.475992],[-46.446806,-18.490135],[-46.424344,-18.514141],[-46.381359,-18.515321],[-46.355812,-18.545245],[-46.358107,-18.565876],[-46.340007,-18.596798],[-46.317815,-18.57705],[-46.307789,-18.555928],[-46.273923,-18.538527],[-46.255275,-18.545781],[-46.232597,-18.524098],[-46.212128,-18.535412],[-46.186475,-18.534667],[-46.181347,-18.522815],[-46.138694,-18.511338],[-46.125545,-18.523194],[-46.107774,-18.515121],[-46.094416,-18.528344],[-46.063472,-18.527382],[-46.015867,-18.542797],[-45.984073,-18.540837],[-45.972521,-18.530464],[-45.958914,-18.544375],[-45.936519,-18.569183],[-45.916287,-18.56319],[-45.902167,-18.575878],[-45.875029,-18.578547],[-45.86124,-18.593371],[-45.855016,-18.593618],[-45.838489,-18.595396],[-45.829078,-18.587222],[-45.82399,-18.576908],[-45.806419,-18.56695],[-45.808915,-18.541166],[-45.800547,-18.506812],[-45.800157,-18.485603],[-45.806254,-18.485037],[-45.787736,-18.474219],[-45.773247,-18.46702],[-45.764028,-18.48087],[-45.741726,-18.489074],[-45.731446,-18.504662],[-45.722592,-18.507086],[-45.704537,-18.488363],[-45.676515,-18.49245],[-45.657071,-18.486916]],[[-45.657071,-18.486916],[-45.641193,-18.476645]],[[-45.641193,-18.476645],[-45.63952,-18.475135],[-45.642864,-18.465247],[-45.643515,-18.461033],[-45.639009,-18.461447],[-45.642967,-18.453696],[-45.640415,-18.445863],[-45.636043,-18.444344],[-45.627912,-18.438886],[-45.629337,-18.435059],[-45.628033,-18.417487],[-45.573557,-18.372175],[-45.572312,-18.355315],[-45.498367,-18.316901],[-45.489169,-18.318588],[-45.429272,-18.319999],[-45.405591,-18.310155],[-45.373414,-18.289161],[-45.361977,-18.269233],[-45.344088,-18.259006],[-45.317373,-18.219257],[-45.294044,-18.213218],[-45.267317,-18.220924],[-45.2522982,-18.188386],[-45.229371,-18.15979],[-45.231974,-18.134613]],[[-45.231974,-18.134613],[-45.24446,-18.137161],[-45.247413,-18.13526],[-45.249609,-18.131152],[-45.249116,-18.123763],[-45.23908,-18.109715],[-45.231777,-18.108204]],[[-45.231777,-18.108204],[-45.187565,-18.123378],[-45.183937,-18.108818],[-45.18169,-18.101713],[-45.197383,-18.073673],[-45.203927,-18.046293],[-45.180077,-18.030457],[-45.182053,-18.009381],[-45.195995,-18.000482]],[[-45.195995,-18.000482],[-45.202639,-17.989797]],[[-45.202639,-17.989797],[-45.208889,-17.992127],[-45.207779,-17.995082],[-45.214186,-17.989351],[-45.241518,-17.975949],[-45.254916,-17.988107],[-45.256883,-17.993665],[-45.269572,-17.988304],[-45.27123,-17.984746],[-45.280011,-17.975152],[-45.286855,-17.970268],[-45.289978,-17.963545],[-45.290683,-17.961306],[-45.297356,-17.959278],[-45.340215,-17.936586],[-45.345223,-17.910252],[-45.387917,-17.901643],[-45.447112,-17.904868],[-45.45647,-17.905139],[-45.467302,-17.900586],[-45.466071,-17.880816],[-45.451752,-17.865755],[-45.466558,-17.831949],[-45.441008,-17.793421],[-45.417768,-17.773915],[-45.445041,-17.736858],[-45.425288,-17.733904],[-45.412381,-17.710678],[-45.415028,-17.682588],[-45.402854,-17.665964],[-45.415317,-17.645489],[-45.448706,-17.618102],[-45.434575,-17.582912],[-45.408656,-17.587051],[-45.382347,-17.573159],[-45.384491,-17.5214],[-45.420568,-17.48441],[-45.442715,-17.488579],[-45.502851,-17.453465],[-45.517355,-17.422072],[-45.537729,-17.4201],[-45.560249,-17.400718],[-45.562161,-17.384852],[-45.541871,-17.375225],[-45.505318,-17.322645],[-45.510098,-17.257558],[-45.496032,-17.25116],[-45.492894,-17.221001],[-45.473517,-17.197931],[-45.483507,-17.175193],[-45.452811,-17.154397],[-45.435815,-17.118067],[-45.447831,-17.104265],[-45.501999,-17.101652],[-45.542647,-17.059432],[-45.552999,-17.034747],[-45.511153,-17.03593],[-45.504894,-16.960874],[-45.52065,-16.938949],[-45.56375,-16.941441],[-45.592875,-16.890817],[-45.617625,-16.876024],[-45.654223,-16.880257],[-45.671923,-16.890049],[-45.697565,-16.883437],[-45.721793,-16.898011],[-45.750741,-16.874888],[-45.756157,-16.855652],[-45.77371,-16.856266],[-45.778024,-16.831365],[-45.831667,-16.830015],[-45.855871,-16.810709],[-45.85777,-16.765241],[-45.885436,-16.728394],[-45.888739,-16.702837],[-45.918553,-16.707754],[-45.939519,-16.721257],[-45.95827,-16.695036],[-45.991534,-16.694063],[-46.013069,-16.633443],[-45.984085,-16.620918],[-45.97355,-16.595812],[-45.941189,-16.54658],[-45.922054,-16.539069],[-45.916265,-16.506382],[-45.921458,-16.493017],[-45.901982,-16.471156],[-45.892893,-16.44653],[-45.911649,-16.412483],[-45.907229,-16.397508],[-45.920763,-16.371547],[-45.944457,-16.376894],[-45.952374,-16.397945],[-45.97395,-16.397805],[-46.005928,-16.379382],[-46.02443,-16.388083],[-46.065781,-16.392001],[-46.084801,-16.370067],[-46.117595,-16.378919],[-46.148939,-16.378395],[-46.167013,-16.364585],[-46.188971,-16.360552],[-46.198226,-16.341302],[-46.242607,-16.339929],[-46.272361,-16.328176],[-46.264717,-16.306872],[-46.26475,-16.29294],[-46.239956,-16.285404],[-46.219643,-16.25782],[-46.230852,-16.237745],[-46.214711,-16.230796],[-46.196427,-16.240096],[-46.152554,-16.234572],[-46.126616,-16.245125],[-46.099837,-16.228594],[-46.077368,-16.194273],[-46.078991,-16.169398],[-46.053708,-16.127364],[-46.041319,-16.082889],[-46.036926,-16.046692],[-45.999368,-16.035799],[-45.987423,-16.015778],[-45.946202,-16.040076],[-45.930207,-16.060701],[-45.937178,-16.08932],[-45.913827,-16.08121],[-45.911327,-16.099359],[-45.892521,-16.108952],[-45.86292,-16.089246],[-45.850084,-16.091857],[-45.805742,-16.062113],[-45.793001,-15.995398],[-45.778017,-15.952002],[-45.737391,-15.910329],[-45.722926,-15.866492],[-45.680828,-15.825817],[-45.659155,-15.791581],[-45.645262,-15.785033],[-45.620838,-15.752075],[-45.591683,-15.722302],[-45.583975,-15.708192],[-45.567343,-15.698546],[-45.567616,-15.686691],[-45.589255,-15.656775],[-45.589753,-15.623533],[-45.583559,-15.580326],[-45.604603,-15.537607],[-45.584302,-15.511975],[-45.599675,-15.441977],[-45.661025,-15.416636],[-45.706617,-15.427967],[-45.720751,-15.43822],[-45.744492,-15.428495],[-45.755493,-15.411099],[-45.793785,-15.430899],[-45.818256,-15.405058],[-45.776318,-15.367253],[-45.710378,-15.339315],[-45.69449,-15.32012],[-45.674885,-15.309324],[-45.633733,-15.258376],[-45.619944,-15.249615],[-45.603702,-15.21689],[-45.601423,-15.198687],[-45.637053,-15.228899],[-45.719896,-15.241459],[-45.754191,-15.208696],[-45.76809,-15.182529],[-45.7398388,-15.1203849]],[[-45.7398388,-15.1203849],[-45.7421058,-15.1183801]],[[-46.0375749,-14.8746562],[-46.0485611,-14.8782827]],[[-46.0485611,-14.8782827],[-46.0673034,-14.9097754],[-46.0793361,-14.9048431],[-46.0881416,-14.9363926],[-46.1072919,-14.938407],[-46.1203001,-14.9200586],[-46.1387485,-14.9284954],[-46.1592268,-14.9079844],[-46.1664135,-14.9084497],[-46.1615537,-14.9310482],[-46.1755505,-14.9494252],[-46.2113038,-14.9369656],[-46.2322235,-14.9222961],[-46.2600565,-14.9300408],[-46.2868648,-14.9281457],[-46.29467,-14.9086131],[-46.3193358,-14.900439],[-46.3181674,-14.8832583],[-46.3004725,-14.8580787],[-46.325087,-14.8456231],[-46.3221999,-14.8145803],[-46.3550072,-14.7942008],[-46.3657836,-14.795406],[-46.4045319,-14.7603312],[-46.4238049,-14.7559729],[-46.4473617,-14.7316769],[-46.4631397,-14.7311744],[-46.4765621,-14.7050974],[-46.5097242,-14.7160762],[-46.5102818,-14.7382606],[-46.5441922,-14.7530124],[-46.5432281,-14.7686732],[-46.5638389,-14.7833849],[-46.5585055,-14.8221536],[-46.5319268,-14.8302984],[-46.521556,-14.8511795],[-46.5465359,-14.9254445],[-46.5408375,-14.9516036],[-46.5210077,-14.967394],[-46.5308107,-15.0052785],[-46.5206716,-15.0137398],[-46.502722,-15.0508979],[-46.5513197,-15.0638756],[-46.5753084,-15.0836319],[-46.6280595,-15.0894905],[-46.6515351,-15.0846034],[-46.6816692,-15.0586204],[-46.7264771,-15.0384155],[-46.7818569,-15.0193214],[-46.8205547,-15.0107669],[-46.856899,-15.010266],[-46.8641705,-15.0203851],[-46.9083441,-15.0458631],[-46.9205918,-15.050859],[-46.9260374,-15.0735624],[-46.8977634,-15.0942172],[-46.8884431,-15.1156449],[-46.9128412,-15.1557732],[-46.9373469,-15.2050198],[-46.9408666,-15.2307016],[-46.9276553,-15.2550953],[-46.9063464,-15.2366187],[-46.8914846,-15.2352596],[-46.8893183,-15.2822469],[-46.8753369,-15.2839233],[-46.8356758,-15.3251277],[-46.847957,-15.3467604],[-46.8678404,-15.3572925],[-46.8494784,-15.373164],[-46.9151246,-15.4148348],[-46.9293133,-15.4399397],[-46.9324305,-15.4831717],[-46.9442146,-15.5181869],[-46.948688,-15.5578444],[-46.9177476,-15.5900078],[-46.8548835,-15.6183005],[-46.8557027,-15.6831245],[-46.8424533,-15.714671],[-46.8271475,-15.7299712],[-46.8274702,-15.7512492],[-46.814729,-15.7955985],[-46.8245079,-15.8123262],[-46.8055018,-15.8593948],[-46.8143581,-15.8871836],[-46.824868,-15.8857186],[-46.9843092,-15.9240313],[-47.0220964,-15.9287803],[-47.0603838,-15.9400587],[-47.0768869,-15.9581333],[-47.1149112,-15.9536681],[-47.1386268,-15.9290202],[-47.1717381,-15.9541297],[-47.1672988,-15.9683774],[-47.2095607,-15.9926771],[-47.2217175,-16.0121546],[-47.2447732,-16.017722],[-47.2765091,-16.0093563],[-47.3107096,-16.0308364]],[[-45.202639,-17.989797],[-45.198443,-17.987804]],[[-45.198443,-17.987804],[-45.179747,-17.958309],[-45.156113,-17.953765],[-45.116429,-17.930781],[-45.099301,-17.963147],[-45.07371,-17.968138],[-45.020309,-18.007594],[-45.019515,-18.049157],[-44.963959,-18.085091],[-44.935782,-18.080459],[-44.867544,-18.104522],[-44.848639,-18.127339],[-44.840118,-18.13211],[-44.816665,-18.138487],[-44.802701,-18.130602],[-44.781819,-18.146687],[-44.749541,-18.151843],[-44.733602,-18.139484],[-44.731963,-18.122491],[-44.714792,-18.108138],[-44.707763,-18.086749],[-44.688239,-18.072229],[-44.662081,-18.071591],[-44.613917,-18.043877],[-44.603748,-18.022141],[-44.610943,-18.008462],[-44.585959,-17.986374],[-44.571208,-17.99359],[-44.54341,-17.963504],[-44.527568,-17.998312],[-44.538326,-18.048804],[-44.526039,-18.061322],[-44.491049,-18.065587],[-44.474096,-18.078199],[-44.444424,-18.070472],[-44.423383,-18.07042],[-44.423101,-18.039558],[-44.404504,-18.019497],[-44.404553,-17.999859],[-44.391993,-17.9776],[-44.387455,-17.937666],[-44.352748,-17.913398],[-44.300385,-17.907548],[-44.305473,-17.873951],[-44.304403,-17.825722],[-44.289517,-17.777859],[-44.276418,-17.76128],[-44.291694,-17.744013],[-44.286888,-17.714598],[-44.288152,-17.695028],[-44.285102,-17.680666],[-44.263166,-17.690806],[-44.191502,-17.653599],[-44.159471,-17.655519],[-44.144082,-17.631751],[-44.122631,-17.618369],[-44.117459,-17.604974],[-44.12497,-17.571933],[-44.10057,-17.550171],[-44.095439,-17.521996],[-44.10752,-17.504561],[-44.094831,-17.487743],[-44.085718,-17.435729],[-44.080891,-17.433837],[-44.059776,-17.442405],[-44.045837,-17.458053],[-44.021961,-17.493082],[-44.005841,-17.501081],[-43.978137,-17.538926],[-43.954686,-17.559332],[-43.927807,-17.562872],[-43.893979,-17.609025],[-43.899433,-17.662456],[-43.888796,-17.684761],[-43.896522,-17.71652],[-43.893604,-17.740155],[-43.865353,-17.761527],[-43.870549,-17.77846],[-43.843563,-17.805287],[-43.842893,-17.832596],[-43.816083,-17.853689],[-43.804481,-17.888534],[-43.775521,-17.900377],[-43.763653,-17.924566]],[[-43.763653,-17.924566],[-43.760056,-17.925237]],[[-43.760056,-17.925237],[-43.751057,-17.905264],[-43.738673,-17.881605],[-43.715453,-17.884013],[-43.70844,-17.878321],[-43.679268,-17.859657],[-43.685079,-17.847977],[-43.676868,-17.830661],[-43.644906,-17.798893],[-43.628741,-17.770464],[-43.609555,-17.753842],[-43.607132,-17.749913],[-43.605438,-17.712745],[-43.591691,-17.692796],[-43.603795,-17.669757],[-43.611644,-17.630321],[-43.58144,-17.621639],[-43.566672,-17.571367],[-43.572794,-17.555868],[-43.548369,-17.539967],[-43.502891,-17.558414],[-43.511877,-17.528951],[-43.491924,-17.516336],[-43.484021,-17.54503],[-43.445541,-17.556222],[-43.445666,-17.539076],[-43.423829,-17.532528],[-43.380871,-17.549605],[-43.386144,-17.527423],[-43.351872,-17.510897],[-43.31507,-17.51962],[-43.3363,-17.483918],[-43.299098,-17.468142],[-43.286197,-17.449906],[-43.300275,-17.435351],[-43.294194,-17.411986],[-43.279853,-17.394615],[-43.254539,-17.406238],[-43.217463,-17.414278],[-43.19651,-17.38878],[-43.201172,-17.362548],[-43.228496,-17.344528],[-43.217235,-17.317423],[-43.187119,-17.307407],[-43.170341,-17.291598],[-43.154256,-17.311971],[-43.132627,-17.289545],[-43.110399,-17.28795],[-43.084779,-17.257301],[-43.052999,-17.206431],[-43.025491,-17.186018],[-43.004994,-17.193327],[-42.985354,-17.164205],[-42.990459,-17.147214],[-42.969808,-17.105622],[-42.946648,-17.090922],[-42.925906,-17.054772],[-42.898773,-17.039585],[-42.868044,-17.045087],[-42.83527,-17.042362],[-42.821632,-17.025007],[-42.794676,-17.009511],[-42.79074,-16.980483],[-42.777515,-16.981479],[-42.757831,-16.943596],[-42.760939,-16.926797],[-42.744213,-16.907841],[-42.757175,-16.885709],[-42.729694,-16.869308],[-42.738975,-16.856092],[-42.733062,-16.826776],[-42.682203,-16.809785],[-42.661269,-16.780414],[-42.661585,-16.757284],[-42.621859,-16.756818],[-42.610202,-16.730301],[-42.573333,-16.739406],[-42.558121,-16.734116],[-42.54221,-16.708256],[-42.502643,-16.689379],[-42.476825,-16.669811],[-42.463743,-16.673435],[-42.403819,-16.642722],[-42.399452,-16.633495],[-42.424617,-16.625391],[-42.425266,-16.589532],[-42.439979,-16.580876],[-42.439261,-16.561839],[-42.463707,-16.516562],[-42.461176,-16.50122],[-42.413777,-16.479782],[-42.406436,-16.471196],[-42.376922,-16.474557],[-42.324692,-16.492666],[-42.290623,-16.491631],[-42.266313,-16.468289],[-42.247966,-16.477307],[-42.225044,-16.474844],[-42.196839,-16.461502],[-42.181689,-16.478725],[-42.156369,-16.471519],[-42.138156,-16.453375],[-42.115461,-16.452904],[-42.097864,-16.422069],[-42.093742,-16.388275],[-42.077622,-16.381038],[-42.02683,-16.377263],[-41.987817,-16.39876],[-41.958926,-16.398458],[-41.897998,-16.367645],[-41.892752,-16.349401],[-41.911138,-16.308052],[-41.932505,-16.281413],[-41.899534,-16.232317],[-41.899445,-16.215474],[-41.866629,-16.178633],[-41.833525,-16.172691],[-41.812588,-16.1515],[-41.801955,-16.1686],[-41.77582,-16.17067],[-41.766147,-16.185164],[-41.71697,-16.179501],[-41.699057,-16.167261],[-41.690239,-16.159954],[-41.694846,-16.139822],[-41.684493,-16.106424],[-41.717711,-16.10291],[-41.705896,-16.084224],[-41.710089,-16.056914],[-41.701202,-16.037364],[-41.661077,-16.018966],[-41.660461,-16.007415],[-41.632658,-15.983412],[-41.636968,-15.971447],[-41.611484,-15.955795],[-41.587743,-15.902878],[-41.562,-15.899914],[-41.529592,-15.911674],[-41.508783,-15.867597],[-41.49163,-15.858294],[-41.462315,-15.881981],[-41.434491,-15.869743],[-41.408211,-15.839004],[-41.390685,-15.835335],[-41.387274,-15.814254],[-41.348744,-15.805278],[-41.334145,-15.765251]],[[-41.334145,-15.765251],[-41.327265,-15.755978],[-41.3301925,-15.7433223]],[[-41.3301925,-15.7433223],[-41.3312061,-15.7446734]],[[-43.7985683,-14.3596936],[-43.7831867,-14.3392337]],[[-44.3994487,-14.2782819],[-44.4286006,-14.2866355]],[[-45.7374297,-15.1180165],[-45.7398388,-15.1203849]],[[-39.9147979,-15.9999934],[-39.9239802,-15.9950613]],[[-40.9492015,-15.6562439],[-40.9749662,-15.6690837]],[[-41.3177304,-15.7445066],[-41.3247583,-15.7421442],[-41.3293685,-15.7422237],[-41.3301925,-15.7433223]],[[-41.3301925,-15.7433223],[-41.327378,-15.756945],[-41.334145,-15.765251]],[[-43.760056,-17.925237],[-43.769147,-17.929661]],[[-43.769147,-17.929661],[-43.783856,-17.952371],[-43.819907,-18.025881],[-43.843688,-18.027046],[-43.855728,-18.041182],[-43.883768,-18.039264],[-43.937696,-18.060311],[-43.937211,-18.075156],[-43.915245,-18.101448],[-43.917729,-18.118895],[-43.955783,-18.140991],[-43.954157,-18.157588],[-43.99279,-18.200443],[-44.011102,-18.208691],[-44.021492,-18.208029],[-44.066623,-18.196612],[-44.088354,-18.220438],[-44.061121,-18.259081],[-44.054127,-18.270808],[-44.047895,-18.281449],[-44.015336,-18.286482],[-44.002508,-18.304797],[-43.987863,-18.324609]],[[-43.987863,-18.324609],[-43.976854,-18.333633],[-43.977179,-18.343234],[-43.988381,-18.345444],[-43.998186,-18.343802],[-44.009419,-18.337247],[-44.01732,-18.341222]],[[-44.01732,-18.341222],[-44.005104,-18.350932],[-43.959429,-18.359556],[-43.930327,-18.377478],[-43.902225,-18.374046],[-43.878459,-18.362846],[-43.861288,-18.389907],[-43.818243,-18.395499],[-43.82818,-18.417367],[-43.858123,-18.443475],[-43.878952,-18.448997],[-43.894923,-18.463111],[-43.868619,-18.481949],[-43.87821,-18.501713],[-43.925921,-18.501589],[-43.926634,-18.516756],[-43.987029,-18.546624],[-43.99548,-18.53809],[-44.04482,-18.554078],[-44.068533,-18.567525],[-44.061981,-18.572536],[-44.068773,-18.577839],[-44.060361,-18.586808],[-44.053953,-18.594918],[-44.057551,-18.635511],[-44.039242,-18.639715],[-44.021431,-18.667483],[-44.017818,-18.676371],[-44.007504,-18.676429]],[[-44.007504,-18.676429],[-44.003762,-18.660293]],[[-44.003762,-18.660293],[-44.003296,-18.648056],[-43.946609,-18.631452],[-43.938742,-18.630826],[-43.930312,-18.632269],[-43.916993,-18.63687],[-43.91345,-18.641506],[-43.901731,-18.650115],[-43.893465,-18.664122],[-43.880425,-18.670516],[-43.859138,-18.662932],[-43.851821,-18.663409],[-43.834786,-18.661177],[-43.832191,-18.658359],[-43.825082,-18.645007],[-43.788487,-18.614018],[-43.772045,-18.635278],[-43.736481,-18.622439],[-43.719677,-18.647007],[-43.678319,-18.645377],[-43.655579,-18.665864],[-43.638798,-18.657841],[-43.600283,-18.684447],[-43.578929,-18.686242],[-43.56397,-18.704407],[-43.534991,-18.712781],[-43.510632,-18.696696],[-43.502377,-18.673708],[-43.51119,-18.662208],[-43.506677,-18.635607],[-43.521672,-18.599913],[-43.533662,-18.596668],[-43.570982,-18.566111],[-43.609089,-18.518107],[-43.583036,-18.471785],[-43.570394,-18.439344],[-43.549117,-18.446545],[-43.530368,-18.433929],[-43.503558,-18.37342],[-43.47941,-18.365629],[-43.455619,-18.327523],[-43.458487,-18.306101],[-43.445752,-18.298091],[-43.393639,-18.296907],[-43.351975,-18.314435],[-43.342161,-18.325951],[-43.318025,-18.31373],[-43.305728,-18.280754],[-43.23864,-18.274932],[-43.221141,-18.245259],[-43.236085,-18.215597],[-43.216611,-18.206928],[-43.20153,-18.21763],[-43.185692,-18.202847],[-43.184144,-18.177545],[-43.138441,-18.122987],[-43.133225,-18.095524],[-43.088409,-18.099161],[-43.075685,-18.068036],[-43.033641,-18.08745],[-43.012299,-18.124255],[-42.991856,-18.146746],[-42.967448,-18.150433],[-42.961701,-18.123516],[-42.943392,-18.112085],[-42.909175,-18.110212],[-42.878599,-18.116624]],[[-42.878599,-18.116624],[-42.857439,-18.119274]],[[-42.857439,-18.119274],[-42.840025,-18.093775],[-42.819458,-18.09329],[-42.811812,-18.09428],[-42.793494,-18.104505],[-42.77719,-18.098688],[-42.778727,-18.090564],[-42.756229,-18.087617],[-42.745459,-18.089304],[-42.716251,-18.094145],[-42.693463,-18.081738],[-42.693929,-18.068005],[-42.665598,-18.04864],[-42.64412,-18.046207],[-42.60607,-17.99948],[-42.578999,-17.986019],[-42.561948,-17.947886],[-42.53613,-17.94684],[-42.523764,-17.962826],[-42.519691,-17.959266],[-42.515448,-17.934131],[-42.487248,-17.928116],[-42.487417,-17.913758],[-42.490045,-17.886373],[-42.465506,-17.836548],[-42.468339,-17.812423],[-42.435303,-17.814492],[-42.410106,-17.79448],[-42.389517,-17.812731],[-42.375793,-17.795454],[-42.385052,-17.781232],[-42.374104,-17.766405],[-42.346145,-17.783207],[-42.299674,-17.782546],[-42.286262,-17.783276],[-42.27836,-17.789321]],[[-42.27836,-17.789321],[-42.253253,-17.778227]],[[-42.253253,-17.778227],[-42.226472,-17.77391],[-42.214295,-17.771],[-42.220369,-17.757247],[-42.212322,-17.73667],[-42.222944,-17.706323],[-42.235672,-17.700852],[-42.24119,-17.672534],[-42.25814,-17.649269],[-42.250436,-17.616003],[-42.27908,-17.595069],[-42.280523,-17.583944],[-42.255692,-17.561223],[-42.26049,-17.532244],[-42.229463,-17.489195],[-42.225671,-17.469154],[-42.202383,-17.451843],[-42.173048,-17.458173],[-42.1634,-17.486345],[-42.16251,-17.49751],[-42.138055,-17.520694],[-42.132569,-17.529087],[-42.127698,-17.548734],[-42.134295,-17.562891],[-42.133212,-17.571273],[-42.126469,-17.577473],[-42.109541,-17.594562],[-42.088769,-17.600498],[-42.063599,-17.603694],[-42.046567,-17.600971],[-42.01446,-17.617139],[-41.996169,-17.646404],[-41.984368,-17.655009],[-41.996547,-17.638384],[-41.974565,-17.611275],[-41.930169,-17.577835],[-41.908769,-17.530386],[-41.889376,-17.530542],[-41.868475,-17.511105],[-41.849111,-17.515413],[-41.808452,-17.498608],[-41.800409,-17.482158],[-41.77815,-17.469656],[-41.752225,-17.436499],[-41.767786,-17.422667],[-41.757562,-17.387689],[-41.738378,-17.373097],[-41.724348,-17.337568],[-41.728962,-17.327422],[-41.69041,-17.27858],[-41.68883,-17.251686],[-41.671812,-17.235343],[-41.642312,-17.232697],[-41.611847,-17.251442],[-41.59879,-17.267835],[-41.57506,-17.266757],[-41.545535,-17.275006],[-41.5198219,-17.2987782],[-41.452572,-17.324868],[-41.427899,-17.323577],[-41.402662,-17.308685],[-41.397331,-17.295809],[-41.364868,-17.294521],[-41.356011,-17.308608],[-41.351401,-17.346703],[-41.347626,-17.335718],[-41.322743,-17.31147],[-41.315687,-17.273582],[-41.32014,-17.24322],[-41.333835,-17.232896],[-41.342247,-17.181774],[-41.330762,-17.142586],[-41.33546,-17.124166],[-41.325294,-17.103502],[-41.324122,-17.058742],[-41.300934,-17.04057],[-41.263317,-17.038948],[-41.258252,-17.047346],[-41.212476,-17.046191],[-41.206575,-17.033644],[-41.154107,-17.016966],[-41.119732,-16.961047],[-41.095224,-16.944565],[-41.068052,-16.959906],[-41.047729,-16.947968],[-41.046737,-16.933801],[-41.017269,-16.917981],[-41.000743,-16.930305],[-40.965768,-16.899231],[-40.963717,-16.866687],[-40.929495,-16.828033],[-40.911838,-16.815785],[-40.892805,-16.804859],[-40.88302,-16.827609],[-40.863024,-16.837969],[-40.846735,-16.866522],[-40.806975,-16.85013],[-40.797302,-16.831046],[-40.755283,-16.819499],[-40.709726,-16.83319],[-40.695511,-16.843112],[-40.670333,-16.832588],[-40.650096,-16.800935],[-40.622796,-16.786057],[-40.589311,-16.781811],[-40.586152,-16.797302],[-40.534053,-16.801921],[-40.511049,-16.823747],[-40.477253,-16.843372],[-40.466352,-16.837122],[-40.446572,-16.857809],[-40.440864,-16.878509],[-40.4336234,-16.8874091]],[[-40.4336234,-16.8874091],[-40.4266074,-16.8897302]],[[-42.253253,-17.778227],[-42.266693,-17.788346]],[[-42.266693,-17.788346],[-42.276217,-17.811445],[-42.27529,-17.839085],[-42.276869,-17.855665],[-42.251462,-17.900707],[-42.238928,-17.907774],[-42.233405,-17.911482],[-42.218303,-17.919054],[-42.217651,-17.929938],[-42.212939,-17.930429],[-42.207171,-17.939049],[-42.203455,-17.947568],[-42.19488,-17.955373],[-42.177615,-18.001185],[-42.149613,-18.014643],[-42.114429,-18.051864],[-42.103511,-18.075306],[-42.074705,-18.084051],[-42.061055,-18.105468],[-42.060482,-18.107786],[-42.049626,-18.145818],[-42.039133,-18.142844],[-42.018223,-18.130349],[-41.997255,-18.111198],[-41.975698,-18.117641],[-41.957546,-18.109348],[-41.933959,-18.119218],[-41.886737,-18.085806],[-41.885322,-18.068178],[-41.86479,-18.046125],[-41.834762,-18.041459],[-41.834467,-18.022943],[-41.817773,-18.009887],[-41.824385,-17.978941],[-41.807558,-17.974536],[-41.799257,-17.93959],[-41.778218,-17.934316],[-41.762723,-17.915769],[-41.718836,-17.917257],[-41.704128,-17.89908],[-41.695609,-17.902935],[-41.658978,-17.923857],[-41.651491,-17.946231],[-41.626117,-17.962127],[-41.593047,-17.970886],[-41.592817,-18.007986],[-41.567706,-18.021569],[-41.592304,-18.05502],[-41.618261,-18.071183],[-41.612106,-18.086048],[-41.625501,-18.107646],[-41.657377,-18.126875],[-41.660243,-18.135345],[-41.652849,-18.142655],[-41.653842,-18.179397],[-41.638312,-18.197618],[-41.640879,-18.204913],[-41.622857,-18.224097],[-41.597775,-18.232789],[-41.575064,-18.257144],[-41.561778,-18.258938],[-41.543995,-18.266526],[-41.518163,-18.24976],[-41.510842,-18.260286],[-41.477285,-18.254362],[-41.454341,-18.26297],[-41.433614,-18.240184],[-41.423915,-18.24904],[-41.416915,-18.281195],[-41.385405,-18.266409],[-41.367937,-18.273515],[-41.344976,-18.26628],[-41.327971,-18.275446],[-41.313006,-18.297903],[-41.288322,-18.311767],[-41.292645,-18.3295],[-41.316732,-18.326965],[-41.307091,-18.376119],[-41.32717,-18.397091],[-41.334991,-18.429947],[-41.321446,-18.445459],[-41.319739,-18.474075],[-41.290695,-18.467028],[-41.291852,-18.486266],[-41.280396,-18.494259],[-41.268647,-18.502415],[-41.24259,-18.487483],[-41.226831,-18.474881],[-41.215328,-18.468077],[-41.209477,-18.455632],[-41.196336,-18.446053],[-41.181838,-18.4395792]],[[-41.181838,-18.4395792],[-41.1807981,-18.4326826]],[[-41.1807981,-18.4326826],[-41.166669,-18.4152173],[-41.1448914,-18.4094773],[-41.1533536,-18.4051804],[-41.1474978,-18.3533812],[-41.1589207,-18.3082435],[-41.0971916,-18.2565812],[-41.1044479,-18.2132768],[-41.0927345,-18.1954013],[-41.0560846,-18.1666211],[-41.0145895,-18.1575794],[-40.9932169,-18.1662347],[-40.9741926,-18.142105],[-40.9545374,-18.1544944],[-40.9500038,-18.1292866],[-40.9322096,-18.1364835],[-40.9092833,-18.1148302],[-40.8775551,-18.1194293],[-40.8450758,-18.149813],[-40.7714961,-18.15594],[-40.7733033,-18.1075627],[-40.8869894,-18.000641],[-40.8631315,-17.9883169],[-40.8305529,-17.95418],[-40.8081616,-17.9520472],[-40.7709306,-17.986422],[-40.7717685,-18.0033881],[-40.7507676,-18.0099088],[-40.725769,-18.0012172],[-40.7096093,-18.0209897],[-40.6905241,-18.0127127],[-40.6731863,-18.0110413]],[[-40.6731863,-18.0110413],[-40.6514943,-18.0068654]],[[-40.6514943,-18.0068654],[-40.6261519,-17.9910539],[-40.6239288,-17.9857279],[-40.621884,-17.960566],[-40.6095329,-17.9376588],[-40.5871613,-17.9390208],[-40.5847119,-17.9181666],[-40.5679302,-17.9160293],[-40.5168219,-17.8944233],[-40.5033329,-17.9106792],[-40.4841295,-17.9086447],[-40.462738,-17.9282124],[-40.4450547,-17.9188255],[-40.4174187,-17.9270343],[-40.3678286,-17.9226325],[-40.3339556,-17.9273598],[-40.3234355,-17.9389442],[-40.2553548,-17.9717994],[-40.2223506,-17.9804174]],[[-40.4369662,-16.8931557],[-40.4336234,-16.8874091]],[[-50.9188348,-19.4715837],[-50.9349978,-19.4674775]],[[-50.9349978,-19.4674775],[-50.9569218,-19.4760228],[-50.9629462,-19.5005788],[-50.9447644,-19.5256663],[-50.9241683,-19.5586174],[-50.9243946,-19.5808846],[-50.9465426,-19.5916898],[-50.9618022,-19.5817398],[-50.9875546,-19.5895076],[-50.9904676,-19.6054019],[-51.0365743,-19.6870124],[-51.0454329,-19.7375557],[-51.0303071,-19.7514419],[-51.0399394,-19.7771183],[-51.0236289,-19.8039456],[-51.0193069,-19.8704502],[-50.9994713,-19.9063755],[-51.0024986,-19.9247949]],[[-51.0024986,-19.9247949],[-51.01029,-19.9352473],[-51.0209112,-19.9590874],[-51.0208245,-19.9678705],[-51.0186551,-19.9736255]],[[-51.0186551,-19.9736255],[-51.0048071,-19.9992171],[-51.0060365,-20.0252998],[-51.0168649,-20.0415931],[-51.0097567,-20.0720261],[-51.000475,-20.0853844]],[[-51.000475,-20.0853844],[-50.9691294,-20.0364452],[-50.9470541,-20.0312523],[-50.9336598,-20.0149292],[-50.8971994,-19.9901552],[-50.8761761,-19.990825],[-50.851583,-19.9697666],[-50.8173362,-19.9583332],[-50.7836015,-19.9372295],[-50.7354129,-19.930189],[-50.661324,-19.909002],[-50.6319448,-19.8709166],[-50.5992127,-19.8447331],[-50.5779488,-19.8163744],[-50.5576227,-19.8131274],[-50.4861992,-19.7856507]],[[-50.4861992,-19.7856507],[-50.4719182,-19.7796558],[-50.4598825,-19.7834836],[-50.4401248,-19.7940962]],[[-50.4401248,-19.7940962],[-50.4171328,-19.8011365],[-50.3527589,-19.8646024],[-50.3064103,-19.874086],[-50.285631,-19.8678179],[-50.2451559,-19.8767577],[-50.2156518,-19.8666484],[-50.1624139,-19.8783143],[-50.0972433,-19.875479],[-50.0472392,-19.9153896],[-50.0030529,-19.926447],[-49.9698825,-19.9200484],[-49.9460521,-19.923911],[-49.8883369,-19.9453049],[-49.8555733,-19.946825],[-49.8352745,-19.933315],[-49.7824562,-19.9244631],[-49.7121496,-19.9312615],[-49.6344053,-19.9319321],[-49.6110265,-19.9187849],[-49.5514852,-19.905841],[-49.5140049,-19.9143115],[-49.4999252,-19.9259621],[-49.4927862,-19.9504212],[-49.458242,-19.975931],[-49.4345392,-19.9823852],[-49.3564865,-19.9867173],[-49.3366021,-19.9820846],[-49.2975378,-19.9605454],[-49.2651731,-19.962038],[-49.249647,-19.9695542],[-49.2464315,-19.9751613],[-49.2483388,-19.999637],[-49.2839236,-20.0047717],[-49.2982158,-20.0334346],[-49.3072553,-20.0603193],[-49.308538,-20.1038929],[-49.2992464,-20.1670761],[-49.2642762,-20.231263],[-49.2590821,-20.248092],[-49.2397014,-20.2872498],[-49.225294,-20.3053431],[-49.2029996,-20.3046712],[-49.1835625,-20.3146598],[-49.1224111,-20.273545],[-49.0893002,-20.2121746],[-49.0718032,-20.1614972],[-49.0648389,-20.1526071],[-49.0329473,-20.1500559],[-49.0004263,-20.1607481],[-48.9860452,-20.1707653],[-48.9720232,-20.2077903],[-48.9617858,-20.2633012],[-48.965783,-20.2792918],[-48.9656668,-20.3628993]],[[-48.9656668,-20.3628993],[-48.9701397,-20.3818715],[-48.9703528,-20.3897905],[-48.9630303,-20.4031215]],[[-48.9630303,-20.4031215],[-48.9230117,-20.4247847]],[[-48.9230117,-20.4247847],[-48.8982024,-20.4418731],[-48.8921333,-20.4407195],[-48.8786069,-20.4296692]],[[-48.8786069,-20.4296692],[-48.8715859,-20.4171027],[-48.8692832,-20.3792756],[-48.8784296,-20.3561378],[-48.8756657,-20.3149986],[-48.8887604,-20.2948472],[-48.8865458,-20.2711626],[-48.8533641,-20.2130495],[-48.8553925,-20.180144]],[[-48.8553925,-20.180144],[-48.8293304,-20.1632251],[-48.8221267,-20.1615471],[-48.7811373,-20.1638525]],[[-48.7811373,-20.1638525],[-48.7537233,-20.1533683]],[[-48.7537233,-20.1533683],[-48.7313411,-20.1493818],[-48.7071077,-20.1602172]],[[-48.7071077,-20.1602172],[-48.6421287,-20.1664961],[-48.6006412,-20.1397105],[-48.5546289,-20.130299],[-48.5092316,-20.1387963],[-48.4762218,-20.1347649],[-48.4390266,-20.1202206],[-48.4057768,-20.113511],[-48.3749359,-20.1231032],[-48.3171344,-20.113347],[-48.2749559,-20.1421127],[-48.2546878,-20.1438158],[-48.2177475,-20.1252888],[-48.2281268,-20.1042144],[-48.2534251,-20.0779207],[-48.2441319,-20.0474038],[-48.223658,-20.0293112],[-48.2077715,-20.03937],[-48.1824659,-20.074627],[-48.1820543,-20.0895131],[-48.15566,-20.1053012],[-48.1477216,-20.1241396],[-48.1054874,-20.146356],[-48.0767758,-20.1484296],[-48.024392,-20.124729],[-48.016676,-20.118462],[-48.0024175,-20.1039695],[-47.9897482,-20.072963],[-47.9885171,-20.040348],[-47.9759693,-20.0353727],[-47.9460221,-20.0604678],[-47.9434963,-20.0919985],[-47.9341021,-20.1078536],[-47.8954628,-20.1252583],[-47.8750773,-20.0983727],[-47.8698078,-20.0761523],[-47.8589921,-20.0499272],[-47.8732795,-20.0373602]],[[-47.8732795,-20.0373602],[-47.8762029,-20.02874],[-47.8752142,-20.0185748],[-47.8597507,-19.9929397]],[[-47.8597507,-19.9929397],[-47.8346805,-19.9960656],[-47.8056581,-19.9851317],[-47.7336817,-19.9879282],[-47.7126917,-19.978148],[-47.6879891,-19.9902445],[-47.6706264,-20.0225159],[-47.6396561,-20.0472194],[-47.6139901,-20.042109],[-47.5947481,-20.0258915],[-47.5838246,-19.9966646],[-47.5526378,-19.9960259],[-47.5401584,-19.984325],[-47.5085321,-19.9829406],[-47.4682927,-19.9614222],[-47.429546,-20.0069667],[-47.4255158,-20.0176965],[-47.4448424,-20.0303817],[-47.4387084,-20.0510888],[-47.4081335,-20.0801963],[-47.4014575,-20.0836394],[-47.3745709,-20.0836627],[-47.3586764,-20.1039816],[-47.3232893,-20.1167535],[-47.3058711,-20.1332643],[-47.2794279,-20.1524288],[-47.2570444,-20.166204],[-47.2573479,-20.1846702],[-47.2505709,-20.1996702],[-47.2310736,-20.2191522]],[[-47.2310736,-20.2191522],[-47.218871,-20.225415]],[[-47.218871,-20.225415],[-47.198189,-20.222],[-47.176334,-20.240557],[-47.153978,-20.232488],[-47.14705,-20.236744],[-47.141928,-20.264911],[-47.128959,-20.28559],[-47.107978,-20.281267],[-47.10354,-20.245995],[-47.109207,-20.203797],[-47.068133,-20.198016],[-47.045459,-20.187659],[-46.98358,-20.195781],[-46.967162,-20.176002],[-46.933848,-20.170354]],[[-46.933848,-20.170354],[-46.90457,-20.179714]],[[-46.90457,-20.179714],[-46.899733,-20.179288],[-46.892862,-20.173427],[-46.912152,-20.164038],[-46.926143,-20.159546],[-46.93008,-20.149465],[-46.906204,-20.135535],[-46.895739,-20.143861],[-46.829891,-20.140454],[-46.847276,-20.125864],[-46.848518,-20.099551],[-46.834671,-20.090802],[-46.82334,-20.050317],[-46.797217,-20.029435],[-46.755421,-20.024458],[-46.715526,-20.039029],[-46.670955,-20.044349],[-46.666809,-20.051987],[-46.642955,-20.044573],[-46.628867,-20.023434],[-46.62588,-20.021005],[-46.601952,-19.996296],[-46.604113,-19.98515],[-46.633698,-19.969004],[-46.62945,-19.942195],[-46.601012,-19.928194],[-46.586053,-19.898254],[-46.57079,-19.890794],[-46.546582,-19.905734],[-46.541455,-19.868963],[-46.519007,-19.857684],[-46.50357,-19.870582],[-46.460988,-19.88435],[-46.425442,-19.867148],[-46.409359,-19.880046],[-46.374223,-19.868721],[-46.336488,-19.867537],[-46.322591,-19.849671],[-46.320475,-19.815518],[-46.293617,-19.802136],[-46.280305,-19.805333],[-46.243428,-19.784738],[-46.207129,-19.804938],[-46.173925,-19.800608],[-46.133001,-19.80203],[-46.122291,-19.784465],[-46.123604,-19.759161],[-46.098079,-19.708735],[-46.103339,-19.695482],[-46.126767,-19.685136],[-46.118685,-19.663289],[-46.093407,-19.663767],[-46.08405,-19.651466],[-46.050836,-19.655899],[-46.035778,-19.646473],[-46.009751,-19.655726],[-45.9924,-19.645039],[-45.982863,-19.638973],[-45.956547,-19.616206],[-45.952649,-19.614212],[-45.952054,-19.612538]],[[-45.952054,-19.612538],[-45.945419,-19.602128]],[[-45.945419,-19.602128],[-45.923935,-19.55431],[-45.89047,-19.500987],[-45.90128,-19.471457],[-45.885864,-19.420564],[-45.889603,-19.401519],[-45.877738,-19.372802],[-45.865801,-19.364003],[-45.866024,-19.339753],[-45.839031,-19.312918],[-45.845802,-19.30456],[-45.819002,-19.250431],[-45.809719,-19.24186],[-45.814004,-19.209689],[-45.799082,-19.192778],[-45.789263,-19.159885],[-45.775116,-19.152575],[-45.771049,-19.11828],[-45.757701,-19.11523],[-45.755955,-19.0913],[-45.73733,-19.063855],[-45.741969,-19.0511],[-45.715641,-19.031475],[-45.715483,-19.001305],[-45.69977,-18.982085],[-45.712933,-18.963682],[-45.691117,-18.931165],[-45.687653,-18.910686],[-45.663822,-18.899048],[-45.667657,-18.891487],[-45.664711,-18.856494],[-45.669181,-18.845208],[-45.644798,-18.825952],[-45.633338,-18.819832],[-45.645602,-18.812221],[-45.641524,-18.789163],[-45.634,-18.784408],[-45.691575,-18.773434],[-45.702105,-18.760571],[-45.693523,-18.741302],[-45.692188,-18.708451],[-45.668595,-18.700861],[-45.662534,-18.679617],[-45.639299,-18.665583],[-45.635492,-18.63222],[-45.637262,-18.608047],[-45.622683,-18.580893],[-45.619994,-18.56605],[-45.621402,-18.522943],[-45.636018,-18.511795],[-45.633625,-18.490098],[-45.645279,-18.491257]],[[-45.645279,-18.491257],[-45.657071,-18.486916]],[[-47.282903,-18.022011],[-47.2830694,-18.0442692]],[[-47.2830694,-18.0442692],[-47.2834118,-18.0527929],[-47.2901229,-18.0605608],[-47.3576318,-18.0852333],[-47.3700398,-18.1160146],[-47.3918894,-18.1168725],[-47.4050672,-18.1360461],[-47.408067,-18.1419159],[-47.4146913,-18.1434197],[-47.4288824,-18.1458601],[-47.4333794,-18.1572546],[-47.4375501,-18.1674296],[-47.4806058,-18.1783207],[-47.4969651,-18.1990171],[-47.539358,-18.2150381],[-47.5882303,-18.2264318],[-47.6070005,-18.2462041],[-47.6073287,-18.263959],[-47.63877,-18.2876781],[-47.6106129,-18.313336],[-47.6461849,-18.3402287],[-47.6624567,-18.3350847],[-47.6707087,-18.3574747],[-47.6864603,-18.357457],[-47.6940404,-18.3749681],[-47.710375,-18.3796542],[-47.7168546,-18.3620882],[-47.7369631,-18.3626023],[-47.7564309,-18.3992713],[-47.7468002,-18.4099378],[-47.7494887,-18.4125515],[-47.7790168,-18.4241351],[-47.810572,-18.4001154],[-47.829735,-18.4113034],[-47.8387927,-18.4517602],[-47.8579639,-18.4390126],[-47.8879121,-18.4772192],[-47.914274,-18.4665778],[-47.9295493,-18.4878432],[-47.952655,-18.4938398],[-47.9621978,-18.4960714],[-47.9631962,-18.4937609],[-47.9649597,-18.477357],[-47.9763821,-18.4777827],[-47.9809103,-18.4428612],[-47.9966664,-18.4535262],[-48.0380723,-18.4347123],[-48.0474563,-18.4176461],[-48.0681178,-18.4267065],[-48.1107876,-18.428594],[-48.1465333,-18.4095445],[-48.1593809,-18.3755081],[-48.1972066,-18.3631719],[-48.2214763,-18.3619685],[-48.2279685,-18.344975],[-48.2567775,-18.342977],[-48.2750115,-18.3291113],[-48.287235,-18.3472136],[-48.318073,-18.3670951],[-48.4000129,-18.3728089],[-48.4111716,-18.3576201],[-48.4420499,-18.3566186],[-48.484114,-18.3785746],[-48.4927768,-18.352975],[-48.5156492,-18.3664159],[-48.5262169,-18.3539807],[-48.5545426,-18.3469494],[-48.5614147,-18.3238865],[-48.6023528,-18.3348221],[-48.6338249,-18.3276484],[-48.6471697,-18.3438906],[-48.7422953,-18.3524984],[-48.7577234,-18.3447611],[-48.7871685,-18.3532014],[-48.8280249,-18.3752488],[-48.8320838,-18.3461352],[-48.8727515,-18.3328468],[-48.8882794,-18.3170959],[-48.9367738,-18.3062076],[-48.9711389,-18.3304868],[-48.9815012,-18.3563742],[-49.0059642,-18.374359],[-49.0296362,-18.36882],[-49.0487005,-18.3974989],[-49.0790512,-18.4166711],[-49.1263129,-18.3843143],[-49.1548475,-18.4048896],[-49.1614616,-18.4182148],[-49.2025283,-18.4292342],[-49.1925855,-18.4497216],[-49.2293182,-18.4803786],[-49.2540865,-18.5259333],[-49.2856353,-18.536312],[-49.2934845,-18.564679],[-49.3274973,-18.5622003],[-49.3438841,-18.5978656],[-49.3850575,-18.6460619],[-49.4057131,-18.645098],[-49.455975,-18.5778985],[-49.4817256,-18.5605478],[-49.4857626,-18.5094353],[-49.499833,-18.4910228],[-49.5353064,-18.4918071],[-49.5464672,-18.5011279],[-49.5444763,-18.535998],[-49.6420083,-18.5552431],[-49.6526051,-18.5735899],[-49.6355382,-18.5900196],[-49.6478626,-18.6018142],[-49.6669645,-18.5906591],[-49.6937324,-18.590641],[-49.7328262,-18.616023],[-49.7721992,-18.6132646],[-49.7848196,-18.6422477],[-49.8197929,-18.6325772],[-49.8361535,-18.6366896],[-49.870211,-18.6143407],[-49.8893049,-18.6099351],[-49.9043716,-18.6213046],[-49.9316515,-18.6239931],[-49.9738163,-18.6143197],[-49.9814547,-18.6046454],[-50.0200643,-18.5993635],[-50.0426032,-18.6198727],[-50.0502051,-18.6435418],[-50.0800431,-18.6722438],[-50.164288,-18.6643525],[-50.1988769,-18.6790799],[-50.2502634,-18.6778911],[-50.31449,-18.7007498],[-50.3320133,-18.7248106],[-50.3452976,-18.7509184],[-50.3656856,-18.7944115],[-50.3862367,-18.819731],[-50.4234927,-18.8326532],[-50.4355985,-18.8767983],[-50.4610231,-18.9136472],[-50.5056842,-18.9322003],[-50.5118782,-18.9519649],[-50.5006273,-18.9762627],[-50.5040182,-19.0044822],[-50.4950762,-19.0128685],[-50.5049146,-19.0507551],[-50.5351625,-19.0988871],[-50.5730293,-19.1223828],[-50.5877655,-19.1399476],[-50.6567471,-19.1336973],[-50.6776879,-19.1398107],[-50.671757,-19.1627133],[-50.6838926,-19.1760808],[-50.7341529,-19.187695],[-50.7465327,-19.239907],[-50.770439,-19.2609848],[-50.7859507,-19.2626272],[-50.8188904,-19.2917345],[-50.8415857,-19.3508004],[-50.8753571,-19.4228408],[-50.8290442,-19.467035],[-50.8249435,-19.4750414],[-50.8304513,-19.4922756],[-50.8493869,-19.4981367],[-50.9188348,-19.4715837]],[[-45.945419,-19.602128],[-45.946594,-19.606395]],[[-45.946594,-19.606395],[-45.937073,-19.619842],[-45.943739,-19.637125],[-45.934536,-19.642111],[-45.937215,-19.685238],[-45.937917,-19.69707],[-45.92334,-19.725426],[-45.894519,-19.755307],[-45.881351,-19.760388],[-45.876935,-19.785887],[-45.856384,-19.816647],[-45.825481,-19.828579],[-45.808947,-19.846205],[-45.82212,-19.86338],[-45.820556,-19.891572],[-45.797954,-19.907743],[-45.79297,-19.927498],[-45.765098,-19.952387],[-45.760527,-19.972805],[-45.744318,-19.973896],[-45.733254,-19.998192],[-45.718536,-19.997317],[-45.705957,-20.017558],[-45.62684,-20.070471],[-45.625992,-20.0883],[-45.603656,-20.10924],[-45.609478,-20.148161],[-45.588998,-20.16606],[-45.565644,-20.158781],[-45.52953,-20.171272],[-45.508538,-20.195181],[-45.492958,-20.1884],[-45.456428,-20.206765],[-45.439508,-20.175316],[-45.45599,-20.146331],[-45.406024,-20.15177],[-45.39425,-20.127219],[-45.374,-20.121145],[-45.395975,-20.062973],[-45.380264,-20.026273],[-45.393866,-20.021128],[-45.411363,-19.990324],[-45.43209,-19.971364],[-45.4375,-19.942045],[-45.456636,-19.93414],[-45.471939,-19.908614],[-45.501932,-19.89249],[-45.496934,-19.860846],[-45.469758,-19.870299],[-45.41803,-19.870853],[-45.383675,-19.884193],[-45.376453,-19.907389],[-45.331928,-19.931137],[-45.30529,-19.934602],[-45.289746,-19.91382],[-45.268453,-19.908845],[-45.247954,-19.939928],[-45.206941,-19.977546],[-45.194103,-19.984578],[-45.171066,-19.980487],[-45.145312,-19.987944],[-45.145786,-19.984627],[-45.143839,-19.967028],[-45.148657,-19.956193],[-45.14737,-19.954251],[-45.1504706,-19.9434181],[-45.148576,-19.9314],[-45.142798,-19.930146],[-45.139719,-19.924472],[-45.134896,-19.919414],[-45.133743,-19.907442],[-45.129987,-19.908606],[-45.118682,-19.904416],[-45.114691,-19.908572],[-45.113201,-19.867807],[-45.09936,-19.860305],[-45.115531,-19.825095],[-45.110252,-19.805863],[-45.087844,-19.797578],[-45.052904,-19.797934],[-45.047415,-19.788946],[-44.999804,-19.785707],[-44.987769,-19.783644],[-44.989375,-19.761192],[-44.966151,-19.743469],[-44.967496,-19.712101],[-44.963009,-19.705366],[-44.955976,-19.694333],[-44.947895,-19.688996]],[[-44.947895,-19.688996],[-44.948193,-19.681599]],[[-44.948193,-19.681599],[-44.944896,-19.67714],[-44.955499,-19.672754],[-44.971195,-19.675126],[-44.985203,-19.625123],[-44.982345,-19.610277],[-45.000317,-19.58893],[-45.005741,-19.560451],[-44.990458,-19.544052],[-45.005445,-19.485301],[-45.006725,-19.4732],[-44.991442,-19.45764],[-44.954312,-19.450941],[-44.914289,-19.456605],[-44.908549,-19.482565],[-44.851939,-19.461504],[-44.84796,-19.451096],[-44.813616,-19.430849],[-44.79768,-19.403137],[-44.796353,-19.376816],[-44.775409,-19.355312],[-44.753104,-19.355488],[-44.740231,-19.325573],[-44.737639,-19.277327],[-44.717557,-19.260645],[-44.71561,-19.239481],[-44.695469,-19.21808],[-44.664168,-19.217401],[-44.632261,-19.230548],[-44.570302,-19.202191],[-44.541341,-19.170649],[-44.49592,-19.159111],[-44.471607,-19.165576],[-44.456537,-19.163956],[-44.40934,-19.129971],[-44.392119,-19.108513],[-44.37669,-19.083204],[-44.371571,-19.073176],[-44.343405,-19.072098],[-44.306514,-19.027802],[-44.275636,-19.014276],[-44.271035,-19.000387],[-44.264591,-18.983552],[-44.251494,-18.973704],[-44.244903,-18.968562],[-44.226096,-18.961121],[-44.217159,-18.95185],[-44.212559,-18.960838],[-44.201037,-18.959096],[-44.183025,-18.944837],[-44.154844,-18.957648],[-44.099484,-18.935268],[-44.070744,-18.91345],[-44.061501,-18.889721],[-44.042992,-18.891258],[-44.030128,-18.903378],[-43.999608,-18.91056],[-43.995719,-18.919892],[-43.989478,-18.900725],[-43.987621,-18.886152],[-43.965693,-18.854253],[-43.94225,-18.847406],[-43.944361,-18.839152],[-43.960241,-18.78124],[-43.97718,-18.740979],[-43.978463,-18.713944],[-43.990621,-18.704158],[-43.993797,-18.680327],[-43.998697,-18.667805]],[[-43.998697,-18.667805],[-44.007504,-18.676429]],[[-44.01732,-18.341222],[-43.99057,-18.345385],[-43.978483,-18.344008],[-43.976425,-18.341975],[-43.977164,-18.333171],[-43.987863,-18.324609]],[[-43.769147,-17.929661],[-43.763653,-17.924566]],[[-45.198443,-17.987804],[-45.195995,-18.000482]],[[-45.231777,-18.108204],[-45.238548,-18.109234],[-45.245184,-18.11731],[-45.25002,-18.12643],[-45.247892,-18.134682],[-45.243402,-18.137349],[-45.231974,-18.134613]],[[-45.641193,-18.476645],[-45.645279,-18.491257]],[[-44.513356,-19.990164],[-44.515742,-19.996582],[-44.5083,-20.006498],[-44.498971,-20.012232],[-44.499592,-20.022659],[-44.49637,-20.027468],[-44.505732,-20.036927]],[[-44.505732,-20.036927],[-44.496968,-20.076873],[-44.476215,-20.08014],[-44.474814,-20.104883],[-44.444987,-20.147692],[-44.467438,-20.164169],[-44.486878,-20.157797],[-44.508287,-20.169405],[-44.543971,-20.16675],[-44.548876,-20.201467],[-44.572578,-20.228493],[-44.56862,-20.269722],[-44.565016,-20.274903],[-44.590953,-20.296439],[-44.622474,-20.299445],[-44.630978,-20.316529],[-44.64177,-20.324728],[-44.652283,-20.327201],[-44.654879,-20.351791],[-44.651305,-20.361037],[-44.654112,-20.361747],[-44.649363,-20.366107],[-44.629599,-20.38695],[-44.622775,-20.408243],[-44.616789,-20.427569],[-44.594098,-20.457306],[-44.547172,-20.481781],[-44.516685,-20.473576],[-44.48731,-20.449047],[-44.463079,-20.440883],[-44.416887,-20.440513],[-44.408788,-20.427313],[-44.395871,-20.443283],[-44.381364,-20.457705],[-44.383295,-20.479207],[-44.32626,-20.511578],[-44.344192,-20.532105],[-44.330756,-20.569646],[-44.306076,-20.594936],[-44.323166,-20.612584],[-44.357227,-20.608085],[-44.3588,-20.635544],[-44.39729,-20.663464],[-44.401082,-20.676529],[-44.391447,-20.682744],[-44.397969,-20.69396],[-44.415751,-20.69525],[-44.41742,-20.704643]],[[-44.41742,-20.704643],[-44.419621,-20.717085]],[[-44.419621,-20.717085],[-44.397027,-20.745301],[-44.389254,-20.753341],[-44.377906,-20.749065],[-44.360107,-20.71112],[-44.332198,-20.726569],[-44.278361,-20.727821],[-44.237218,-20.722351],[-44.191171,-20.746074],[-44.175603,-20.752466],[-44.148608,-20.746693],[-44.143666,-20.7612],[-44.149744,-20.765052],[-44.140494,-20.778357],[-44.092655,-20.7843],[-44.061095,-20.796863],[-44.054935,-20.809139],[-44.002339,-20.800062],[-44.005534,-20.801129],[-44.004709,-20.807442],[-44.005797,-20.823383],[-43.974848,-20.861767],[-43.974511,-20.881353],[-43.936106,-20.920783],[-43.90582,-20.921853],[-43.897328,-20.897174],[-43.895602,-20.886004],[-43.891004,-20.886009],[-43.847607,-20.888229],[-43.816495,-20.871841],[-43.797026,-20.877173],[-43.782886,-20.85813],[-43.769115,-20.853971],[-43.759729,-20.851715],[-43.730909,-20.844972],[-43.716899,-20.855027],[-43.688734,-20.852215],[-43.665407,-20.83846],[-43.644841,-20.836636],[-43.639844,-20.842108],[-43.620077,-20.854688]],[[-43.620077,-20.854688],[-43.616387,-20.856118]],[[-43.616387,-20.856118],[-43.599993,-20.843713],[-43.595476,-20.8341],[-43.597596,-20.826412],[-43.573806,-20.812649],[-43.557669,-20.77735],[-43.558198,-20.760314],[-43.531163,-20.764589],[-43.496801,-20.757926],[-43.485296,-20.738821],[-43.436649,-20.716473],[-43.444596,-20.70897],[-43.432303,-20.682145],[-43.448956,-20.653522],[-43.43329,-20.598309],[-43.416101,-20.581306],[-43.403214,-20.546917],[-43.3676548,-20.5496343],[-43.359399,-20.532411],[-43.304021,-20.498068],[-43.260871,-20.517854],[-43.255439,-20.542201],[-43.247633,-20.544655],[-43.167976,-20.51035],[-43.128497,-20.501356],[-43.102664,-20.494039],[-43.079976,-20.482256],[-43.05183,-20.451247],[-43.076949,-20.432037],[-43.117968,-20.449074],[-43.122552,-20.430375],[-43.15768,-20.40543],[-43.168553,-20.394451],[-43.15839,-20.345541],[-43.136367,-20.335219],[-43.146909,-20.314485],[-43.166719,-20.314312],[-43.172985,-20.309852],[-43.180469,-20.282866],[-43.176823,-20.271376],[-43.150963,-20.251118],[-43.152084,-20.211916],[-43.161606,-20.194997],[-43.164124,-20.186466],[-43.150939,-20.166416],[-43.140069,-20.174784],[-43.113487,-20.17922],[-43.095915,-20.173078],[-43.074858,-20.186221],[-43.057531,-20.18155],[-43.040712,-20.161531],[-43.027275,-20.163803],[-42.997379,-20.147305],[-42.996358,-20.139566],[-42.975614,-20.112],[-42.956478,-20.066969],[-42.960333,-20.055469],[-42.933305,-20.038574],[-42.903873,-20.045732],[-42.873742,-20.036598],[-42.836088,-20.013776],[-42.779916,-20.023674],[-42.771062,-20.010106],[-42.767423,-20.012064],[-42.745583,-20.0239],[-42.72741,-20.009581]],[[-42.72741,-20.009581],[-42.719488,-20.015498],[-42.715938,-20.016254],[-42.710336,-20.013935],[-42.705902,-20.005639],[-42.698326,-19.999185]],[[-42.698326,-19.999185],[-42.668951,-19.992878],[-42.651784,-19.985109],[-42.651192,-19.98074],[-42.641641,-19.972315],[-42.631504,-19.961957],[-42.633575,-19.950133],[-42.634942,-19.938838],[-42.613871,-19.918262],[-42.578562,-19.900853]],[[-42.578562,-19.900853],[-42.548365,-19.882145]],[[-42.548365,-19.882145],[-42.551462,-19.870229],[-42.522873,-19.846686],[-42.50581,-19.821657],[-42.498287,-19.795376],[-42.486385,-19.789861],[-42.47943,-19.766899],[-42.488123,-19.782781],[-42.52153,-19.801939],[-42.540975,-19.80429],[-42.557598,-19.8031],[-42.605322,-19.796692]],[[-42.605322,-19.796692],[-42.616268,-19.787222],[-42.647132,-19.787106]],[[-42.647132,-19.787106],[-42.696979,-19.764151]],[[-42.696979,-19.764151],[-42.721897,-19.758236],[-42.729359,-19.769286]],[[-42.729359,-19.769286],[-42.732005,-19.788905],[-42.7439,-19.792974],[-42.755007,-19.782989],[-42.777377,-19.79484],[-42.806103,-19.785767],[-42.800908,-19.770549],[-42.81216,-19.753427],[-42.79796,-19.732825],[-42.807124,-19.713155],[-42.828502,-19.721861],[-42.858378,-19.713793],[-42.851652,-19.736839],[-42.908417,-19.749734],[-42.924423,-19.699945],[-42.933322,-19.702492],[-42.939521,-19.703828],[-42.954627,-19.70932],[-42.983821,-19.660813],[-42.986093,-19.634671],[-43.005335,-19.636058],[-43.003442,-19.621872],[-43.002899,-19.60159],[-43.003071,-19.588229],[-43.005393,-19.584178],[-43.015634,-19.57133],[-43.016904,-19.562658],[-43.031919,-19.561254],[-43.042091,-19.564962],[-43.047281,-19.551707],[-43.044155,-19.516389],[-43.064097,-19.467281],[-43.055258,-19.431671],[-43.046336,-19.422919],[-43.010578,-19.443253],[-43.013591,-19.458689],[-42.990776,-19.48311],[-42.966204,-19.531726],[-42.914636,-19.523534],[-42.91093,-19.48148],[-42.882456,-19.480731],[-42.889475,-19.460821],[-42.874096,-19.42593],[-42.820973,-19.408951],[-42.798425,-19.409319],[-42.770684,-19.393961],[-42.764925,-19.387097],[-42.727597,-19.332117],[-42.744189,-19.280497],[-42.739434,-19.257477],[-42.77253,-19.204449],[-42.792478,-19.188333],[-42.780954,-19.160285],[-42.823251,-19.158761],[-42.873003,-19.121247],[-42.902075,-19.109585],[-42.934071,-19.119195],[-42.948198,-19.152068],[-42.989659,-19.124108],[-42.996985,-19.101038],[-43.043172,-19.067802],[-43.067235,-19.060759],[-43.094404,-19.106084],[-43.160126,-19.11276],[-43.175775,-19.132086],[-43.192103,-19.140503],[-43.25114,-19.139789],[-43.271957,-19.132114],[-43.269409,-19.093256],[-43.240415,-19.090963],[-43.247472,-19.06804],[-43.241235,-19.02438],[-43.239898,-19.013493],[-43.220545,-19.004641],[-43.218119,-18.989646],[-43.195471,-18.973232],[-43.184968,-18.984142],[-43.159079,-18.968463],[-43.174274,-18.937404],[-43.168121,-18.925444],[-43.197695,-18.883982],[-43.207978,-18.840944],[-43.205411,-18.789196],[-43.225199,-18.771576],[-43.234498,-18.771932],[-43.246595,-18.772201],[-43.244075,-18.766812],[-43.240504,-18.75892],[-43.232289,-18.744763],[-43.231274,-18.733964],[-43.202481,-18.716549],[-43.213533,-18.664678],[-43.204052,-18.621055],[-43.206112,-18.602013],[-43.182433,-18.591878],[-43.180475,-18.57143],[-43.156826,-18.557841],[-43.151484,-18.538706],[-43.168943,-18.526045],[-43.158901,-18.479448],[-43.120903,-18.477093],[-43.101601,-18.468387],[-43.101848,-18.443065],[-43.11129,-18.417961],[-43.087247,-18.394888],[-43.030724,-18.401133],[-43.003994,-18.395073],[-42.984462,-18.378208],[-42.969439,-18.387008],[-42.925337,-18.366674],[-42.896292,-18.375885],[-42.868879,-18.364039],[-42.863703,-18.351565],[-42.871562,-18.320117],[-42.870735,-18.285062],[-42.885799,-18.27597],[-42.911549,-18.290442],[-42.922535,-18.279636],[-42.93215,-18.239573],[-42.942012,-18.237558],[-42.945653,-18.221441],[-42.936761,-18.207419]],[[-42.936761,-18.207419],[-42.936586,-18.200012],[-42.931928,-18.185076],[-42.929605,-18.181934],[-42.912286,-18.172151]],[[-42.912286,-18.172151],[-42.889301,-18.158983],[-42.878614,-18.139375],[-42.866801,-18.123065]],[[-42.866801,-18.123065],[-42.878599,-18.116624]],[[-44.003762,-18.660293],[-43.998697,-18.667805]],[[-44.948193,-19.681599],[-44.94438,-19.690652]],[[-44.94438,-19.690652],[-44.9282031,-19.6955784],[-44.918118,-19.706634],[-44.904111,-19.714071],[-44.896758,-19.715055],[-44.887169,-19.719069],[-44.880401,-19.716353],[-44.879144,-19.711112],[-44.8695237,-19.714018],[-44.843719,-19.730362],[-44.840347,-19.728888],[-44.827569,-19.739561],[-44.81688,-19.747753],[-44.809621,-19.768312],[-44.805221,-19.773018],[-44.802749,-19.76943],[-44.791924,-19.76836],[-44.78014,-19.776089],[-44.773123,-19.792648],[-44.786351,-19.812061],[-44.786292,-19.852759],[-44.759266,-19.87947],[-44.748386,-19.892231],[-44.74257,-19.89776],[-44.732398,-19.893999],[-44.686616,-19.87657],[-44.663041,-19.893598],[-44.63826,-19.924823],[-44.641766,-19.931954],[-44.627556,-19.940058],[-44.585979,-19.957656],[-44.549119,-19.97983],[-44.535683,-19.969958],[-44.513356,-19.990164]],[[-42.729359,-19.769286],[-42.696979,-19.764151]],[[-42.647132,-19.787106],[-42.616754,-19.787152],[-42.605322,-19.796692]],[[-42.548365,-19.882145],[-42.546049,-19.88606]],[[-42.546049,-19.88606],[-42.513946,-19.906561],[-42.502606,-19.898151],[-42.479601,-19.908526],[-42.459177,-19.900048],[-42.442456,-19.858023],[-42.405787,-19.862396],[-42.370266,-19.860441],[-42.357586,-19.884588],[-42.357767,-19.924321],[-42.297788,-19.936507],[-42.231588,-19.924857],[-42.217942,-19.930523],[-42.176418,-19.925146],[-42.158952,-19.958165],[-42.160269,-19.982719],[-42.16002,-19.994521],[-42.14176,-20.015721],[-42.114492,-20.008674],[-42.10455,-19.987413],[-42.10453,-19.967274],[-42.085331,-19.960275],[-42.075519,-19.93713],[-42.056386,-19.950633],[-42.039957,-19.930853],[-42.014837,-19.916012],[-42.000648,-19.922393],[-41.99427,-19.92254],[-41.980433,-19.929265],[-41.97396,-19.93825],[-41.97031,-19.933103],[-41.975979,-19.919097],[-41.971469,-19.888767],[-41.928615,-19.878294],[-41.889473,-19.884702],[-41.870632,-19.858282],[-41.841663,-19.842335],[-41.826401,-19.828664],[-41.803409,-19.833425],[-41.802662,-19.836926],[-41.815192,-19.838665],[-41.807746,-19.8754],[-41.818711,-19.886509],[-41.816693,-19.899793],[-41.829843,-19.897041],[-41.841794,-19.930306],[-41.814651,-19.942646],[-41.79794,-19.979732],[-41.745969,-19.988698],[-41.735375,-19.998415],[-41.656374,-19.942645],[-41.657838,-19.970298],[-41.630145,-19.992896],[-41.617174,-19.982984],[-41.590349,-20.001282],[-41.56636,-19.98644],[-41.548008,-19.994934],[-41.559656,-20.033106],[-41.53848,-20.057852],[-41.50357,-20.057357],[-41.503331,-20.103784],[-41.490623,-20.119681],[-41.469415,-20.11053],[-41.453273,-20.121549],[-41.428222,-20.165005],[-41.437355,-20.191794],[-41.417753,-20.20115]],[[-41.417753,-20.20115],[-41.4128938,-20.2022325]],[[-41.4128938,-20.2022325],[-41.3821145,-20.1888131],[-41.338194,-20.0881176],[-41.3335563,-20.0588396],[-41.3091067,-20.0163706],[-41.311799,-19.9724195],[-41.3008581,-19.9365254],[-41.2726601,-19.9424386],[-41.2444702,-19.9373418],[-41.2280447,-19.9049851],[-41.2066347,-19.9040544],[-41.1851882,-19.8899338],[-41.1840042,-19.8488244],[-41.1641051,-19.8063868],[-41.1716906,-19.7783371]],[[-41.1716906,-19.7783371],[-41.1746414,-19.7672385]],[[-41.1746414,-19.7672385],[-41.1882133,-19.7566945],[-41.1776462,-19.7079769],[-41.1768883,-19.6986979],[-41.1631625,-19.6646102],[-41.1386263,-19.6587247],[-41.1278053,-19.641611],[-41.1059326,-19.6298199],[-41.092656,-19.6018447],[-41.0741098,-19.5986638],[-41.0719177,-19.5844082],[-41.0368602,-19.570457],[-41.0449672,-19.5385621],[-41.0371069,-19.4924342]],[[-41.0371069,-19.4924342],[-41.0247499,-19.5016979],[-41.0144828,-19.5063912],[-40.9882782,-19.5079403]],[[-40.9882782,-19.5079403],[-40.9711934,-19.4946019],[-40.9535719,-19.4734409],[-40.9513894,-19.465661],[-40.9502249,-19.4581991],[-40.96792,-19.4304373],[-40.9507131,-19.3929999],[-40.9304484,-19.3841516],[-40.9384679,-19.3460655],[-40.9076927,-19.3088127],[-40.9327768,-19.296053],[-40.9439683,-19.2786701],[-40.9217079,-19.2701228],[-40.9328578,-19.2511547],[-40.9330263,-19.2426307],[-40.9366045,-19.2266811],[-40.9310227,-19.2224219],[-40.9259317,-19.1896977],[-40.9325834,-19.1862869],[-40.9480788,-19.1416066],[-40.9589991,-19.1363869],[-40.9581665,-19.1283367],[-40.9628916,-19.1215583],[-40.9922807,-19.1019206],[-41.0087437,-19.0993299],[-41.0126044,-19.0758017],[-41.0354885,-19.0715593],[-41.0557203,-19.0659464],[-41.065441,-19.0377948],[-41.0659291,-19.0163813],[-41.0617701,-19.0063175],[-41.0322203,-18.9908474],[-41.0614954,-18.9676902],[-41.0646541,-18.9452654],[-41.1036739,-18.9340607],[-41.1268471,-18.8945065],[-41.1529583,-18.8866091],[-41.1663607,-18.8582317],[-41.1990073,-18.8633344],[-41.2147844,-18.8776398],[-41.2435824,-18.8527491],[-41.2454775,-18.8219591],[-41.2325444,-18.7972788],[-41.1341302,-18.7960413],[-41.1105065,-18.8389374],[-41.0191307,-18.837302],[-40.9639135,-18.8411701],[-40.9497652,-18.8281263],[-40.9418604,-18.8260568],[-40.9303024,-18.8245119],[-40.9167726,-18.8155434],[-40.9400042,-18.7702862],[-40.9414976,-18.6892947],[-40.9520614,-18.6808293],[-41.0052269,-18.667277],[-41.0508923,-18.634154],[-41.0419885,-18.6054031],[-41.0158793,-18.4767544],[-41.0230287,-18.4572609],[-41.1787533,-18.4435158]],[[-41.1787533,-18.4435158],[-41.181838,-18.4395792]],[[-42.266693,-17.788346],[-42.27836,-17.789321]],[[-42.857439,-18.119274],[-42.866801,-18.123065]],[[-42.912286,-18.172151],[-42.929991,-18.182346],[-42.934725,-18.192266],[-42.936761,-18.207419]],[[-46.90457,-20.179714],[-46.899761,-20.190108]],[[-46.899761,-20.190108],[-46.883946,-20.190159],[-46.8733,-20.176743],[-46.838938,-20.189874],[-46.803433,-20.208197],[-46.789761,-20.208458],[-46.782898,-20.221592],[-46.776441,-20.273923],[-46.742775,-20.26772],[-46.693591,-20.27896],[-46.676119,-20.301776],[-46.609277,-20.334578],[-46.597449,-20.323001],[-46.57176,-20.342274],[-46.564893,-20.366399],[-46.539983,-20.370662],[-46.520942,-20.357605],[-46.496635,-20.379801],[-46.464132,-20.400066],[-46.422734,-20.414196],[-46.433403,-20.434228],[-46.423367,-20.450017],[-46.417345,-20.483958],[-46.374729,-20.508287],[-46.364201,-20.52832],[-46.346292,-20.532073],[-46.344589,-20.552035],[-46.288792,-20.560153],[-46.287744,-20.537309],[-46.261682,-20.528476],[-46.24933,-20.508466],[-46.204336,-20.519815],[-46.198464,-20.54083],[-46.146697,-20.568014],[-46.11048,-20.535167],[-46.08931,-20.538903],[-46.056343,-20.556729],[-46.044071,-20.538465],[-46.016942,-20.561721],[-45.989206,-20.558492],[-45.965647,-20.574802],[-45.960526,-20.6039],[-45.921145,-20.606507],[-45.905865,-20.624643],[-45.876613,-20.633693],[-45.875936,-20.651534],[-45.828645,-20.674912],[-45.791615,-20.715685],[-45.783942,-20.717413]],[[-45.783942,-20.717413],[-45.757563,-20.713008],[-45.733717,-20.734716]],[[-45.733717,-20.734716],[-45.735091,-20.754414],[-45.713941,-20.78378],[-45.675536,-20.804288],[-45.673837,-20.819695]],[[-45.673837,-20.819695],[-45.68107,-20.833013],[-45.684508,-20.845612],[-45.684783,-20.852036],[-45.681949,-20.858748],[-45.667298,-20.871254],[-45.658022,-20.874395]],[[-45.658022,-20.874395],[-45.623669,-20.86513],[-45.605635,-20.887423]],[[-45.605635,-20.887423],[-45.604652,-20.907061],[-45.601623,-20.92255],[-45.598294,-20.930326],[-45.595058,-20.933538],[-45.589659,-20.936381],[-45.584933,-20.936949],[-45.565288,-20.934535]],[[-45.565288,-20.934535],[-45.539121,-20.936435],[-45.524215,-20.973211],[-45.472942,-21.019287],[-45.419024,-21.022566],[-45.403993,-21.056362],[-45.379353,-21.075815],[-45.365276,-21.064532]],[[-45.365276,-21.064532],[-45.342467,-21.068769],[-45.337508,-21.061234],[-45.326631,-21.054379]],[[-45.326631,-21.054379],[-45.3185,-21.055608],[-45.302144,-21.050965],[-45.282339,-21.045968],[-45.278487,-21.054616],[-45.270172,-21.06058],[-45.25843,-21.090106],[-45.265141,-21.088196],[-45.268436,-21.09649],[-45.268311,-21.107036],[-45.280048,-21.109287],[-45.283262,-21.115932],[-45.27896,-21.12202],[-45.266288,-21.130095],[-45.235874,-21.140269],[-45.204895,-21.136922],[-45.216574,-21.097605],[-45.215745,-21.070868],[-45.20443,-21.07867],[-45.179111,-21.090574],[-45.156376,-21.113355],[-45.150598,-21.149632],[-45.150681,-21.1583],[-45.143547,-21.187275],[-45.141368,-21.186652],[-45.139232,-21.18008],[-45.130684,-21.173987],[-45.111749,-21.154754],[-45.102935,-21.129308],[-45.083939,-21.126198],[-45.075069,-21.108047],[-45.04058,-21.103244],[-45.038513,-21.124127],[-45.010822,-21.135001],[-44.968336,-21.126928],[-44.946841,-21.109088],[-44.934294,-21.114186],[-44.908449,-21.178404],[-44.88752,-21.181415],[-44.863395,-21.166667],[-44.842246,-21.177329],[-44.848844,-21.192676],[-44.810092,-21.220507],[-44.791174,-21.222251],[-44.775162,-21.209211],[-44.756818,-21.235858],[-44.743826,-21.230377],[-44.747083,-21.222027],[-44.707502,-21.196615],[-44.701193,-21.169344],[-44.714089,-21.145838],[-44.696164,-21.126562],[-44.669477,-21.115279],[-44.659983,-21.097049],[-44.621059,-21.074748],[-44.632941,-21.049697],[-44.647108,-20.993302],[-44.660709,-20.990366],[-44.665415,-20.949963],[-44.658616,-20.903653],[-44.669272,-20.887592],[-44.699546,-20.86496],[-44.70367,-20.847071],[-44.659625,-20.863749],[-44.647911,-20.856248],[-44.642645,-20.839363],[-44.634952,-20.833162],[-44.612261,-20.813639],[-44.60363,-20.816229],[-44.568524,-20.804748],[-44.556656,-20.806587],[-44.548599,-20.819811],[-44.522498,-20.828868],[-44.505498,-20.829256],[-44.475125,-20.793304],[-44.461927,-20.789487],[-44.447654,-20.786264],[-44.433524,-20.77369],[-44.426764,-20.756032],[-44.427087,-20.737192],[-44.423815,-20.734394],[-44.42529,-20.715616]],[[-44.42529,-20.715616],[-44.41742,-20.704643]],[[-44.505732,-20.036927],[-44.507544,-20.033961],[-44.496347,-20.027179],[-44.499532,-20.022997],[-44.499094,-20.012035],[-44.513356,-19.990164]],[[-44.94438,-19.690652],[-44.947895,-19.688996]],[[-45.946594,-19.606395],[-45.952054,-19.612538]],[[-47.0450512,-21.2629544],[-47.0418962,-21.2697425]],[[-47.0418962,-21.2697425],[-47.0423696,-21.2899549],[-47.016527,-21.3423629],[-46.9968389,-21.3576981],[-47.0095357,-21.3707497],[-47.016168,-21.3965034],[-47.0102072,-21.420823],[-46.9843674,-21.4266951],[-46.9647087,-21.4181135],[-46.9342496,-21.4252539],[-46.8933056,-21.4156141],[-46.8826741,-21.4049495],[-46.842084,-21.3891083],[-46.8321491,-21.3665382],[-46.7895373,-21.3729595],[-46.776398,-21.3628248],[-46.7389748,-21.3925723],[-46.7147217,-21.3926621],[-46.6655312,-21.3611582],[-46.6471993,-21.3641931],[-46.6487303,-21.3917213],[-46.6265671,-21.4114874],[-46.6018899,-21.4439608],[-46.5765137,-21.4269572],[-46.5602225,-21.44233],[-46.5284936,-21.4449939],[-46.5180211,-21.4534919],[-46.50889,-21.4891271],[-46.5219012,-21.5202676],[-46.5229777,-21.5299379],[-46.5007767,-21.5497611],[-46.5219942,-21.5845087],[-46.518228,-21.6128219],[-46.5473674,-21.6304338],[-46.5481577,-21.6481826],[-46.5659174,-21.6569384],[-46.5646313,-21.6786794],[-46.5930358,-21.6831783],[-46.6215947,-21.675543],[-46.6230198,-21.7129462],[-46.6308415,-21.7408998],[-46.6260303,-21.7662265],[-46.6512016,-21.7894427],[-46.6909705,-21.8369638],[-46.665285,-21.848788],[-46.6475365,-21.8804608],[-46.6737785,-21.9110527],[-46.6536443,-21.9417049],[-46.6433949,-21.9761066],[-46.6158686,-21.9955445],[-46.6132624,-22.0149627],[-46.6403429,-22.0088843],[-46.685389,-22.0374221],[-46.664786,-22.0688631],[-46.7221634,-22.0749778],[-46.7211777,-22.0780883],[-46.7188373,-22.0886791],[-46.6649482,-22.096362],[-46.646755,-22.0918932],[-46.6227309,-22.1099309],[-46.6130415,-22.1502525],[-46.6404581,-22.1577196],[-46.6464271,-22.1779461],[-46.6708008,-22.1842606],[-46.6781678,-22.2240419],[-46.7104007,-22.2623901],[-46.7052841,-22.295824],[-46.7179524,-22.3169443],[-46.6975028,-22.3376306],[-46.6663078,-22.3809903],[-46.6665163,-22.4151098],[-46.6316074,-22.4358357],[-46.554814,-22.44665],[-46.5421469,-22.494356],[-46.4549551,-22.5217324],[-46.4146427,-22.5579277],[-46.4337254,-22.5745679],[-46.4059705,-22.6221789],[-46.3930589,-22.6629741],[-46.4277141,-22.6613577],[-46.4806366,-22.6783159],[-46.4573342,-22.7070572],[-46.4527231,-22.7275819],[-46.3635472,-22.7556473],[-46.3345415,-22.7603001],[-46.3567204,-22.785108],[-46.3624438,-22.7938785],[-46.3672846,-22.8014746]],[[-46.3672846,-22.8014746],[-46.3768111,-22.8278195]],[[-46.3768111,-22.8278195],[-46.3724091,-22.8831304],[-46.3563107,-22.9003033],[-46.315332,-22.886793],[-46.2950288,-22.8978191],[-46.2790257,-22.8783476],[-46.2585307,-22.8905747],[-46.1921979,-22.8652306],[-46.1553279,-22.8641682],[-46.13828,-22.8949706],[-46.1390937,-22.9227553],[-46.0952183,-22.894429],[-46.050675,-22.896975]],[[-46.050675,-22.896975],[-46.026798,-22.884876]],[[-46.026798,-22.884876],[-46.012793,-22.88599],[-46.001451,-22.880036],[-45.951145,-22.845879],[-45.938812,-22.846471],[-45.913929,-22.819081],[-45.904626,-22.819654],[-45.909057,-22.829299],[-45.903875,-22.836944],[-45.901019,-22.836059],[-45.893673,-22.838954],[-45.887282,-22.87205],[-45.879767,-22.875454],[-45.8638522,-22.8687103],[-45.8481273,-22.8378307],[-45.809802,-22.8293866],[-45.8005945,-22.8476294],[-45.7818841,-22.8552572],[-45.7669649,-22.8423465],[-45.7709451,-22.8059268],[-45.7549173,-22.7929122],[-45.7119176,-22.7732277],[-45.71408,-22.7618481],[-45.7325571,-22.7220027],[-45.7564638,-22.72104],[-45.7956339,-22.7390214],[-45.8058373,-22.7369777],[-45.8151885,-22.7301946],[-45.817693,-22.7161445],[-45.811641,-22.6987077],[-45.7878589,-22.6933565],[-45.7505519,-22.6712425],[-45.7428067,-22.6591669],[-45.7161828,-22.6619924],[-45.6979552,-22.6497703],[-45.7174694,-22.6210098],[-45.73669,-22.6101504],[-45.7267937,-22.587023],[-45.6954392,-22.5863386],[-45.6797214,-22.5734188],[-45.6605737,-22.5778408],[-45.6661076,-22.6126952],[-45.6810783,-22.6363357],[-45.6661848,-22.6512012],[-45.6181281,-22.6379141],[-45.6050788,-22.6204322],[-45.5793868,-22.6053855],[-45.5599393,-22.6276023],[-45.5659653,-22.6565228],[-45.4888005,-22.6287852],[-45.4738566,-22.5888942],[-45.4355472,-22.6183207],[-45.4129317,-22.6222155],[-45.4105211,-22.651671],[-45.3978765,-22.6534238],[-45.3609582,-22.6387614],[-45.332962,-22.6176392],[-45.2614069,-22.6071156],[-45.2545407,-22.5816243],[-45.2230954,-22.5636307],[-45.1645153,-22.5379287],[-45.1600093,-22.5169168],[-45.1284594,-22.4971103],[-45.0826458,-22.4863677],[-45.0549289,-22.470504],[-44.9918141,-22.4661729],[-44.9698484,-22.4719446],[-44.9400702,-22.4526691],[-44.8976822,-22.4491138],[-44.8897308,-22.432124],[-44.8595994,-22.4230432],[-44.8396837,-22.4272319],[-44.8281806,-22.4228003],[-44.8076736,-22.4096661]],[[-44.8076736,-22.4096661],[-44.804196,-22.3944705]],[[-44.804196,-22.3944705],[-44.7302412,-22.3611199],[-44.7211659,-22.3602294],[-44.7047151,-22.3678567],[-44.6882194,-22.3728936],[-44.6703924,-22.3748184],[-44.6592574,-22.3743731],[-44.6274461,-22.3459444],[-44.6159267,-22.3320187],[-44.592428,-22.3228686],[-44.555208,-22.3306953],[-44.5302293,-22.3231889],[-44.4633792,-22.2763202],[-44.4589343,-22.2610961],[-44.4523877,-22.2582179],[-44.4497777,-22.2578699],[-44.4450798,-22.2571666],[-44.3947967,-22.2589069],[-44.3768855,-22.2682984],[-44.3524219,-22.2576839],[-44.3170128,-22.2593875],[-44.2845176,-22.2435627],[-44.2635061,-22.2434359],[-44.2498362,-22.2604013],[-44.2236691,-22.2599392],[-44.1807049,-22.2335714]],[[-44.1807049,-22.2335714],[-44.1793685,-22.2285101]],[[-44.1793685,-22.2285101],[-44.181799,-22.195463],[-44.195681,-22.186305],[-44.200698,-22.162469],[-44.191009,-22.142262],[-44.217578,-22.105489],[-44.190456,-22.101131],[-44.196567,-22.081834],[-44.145403,-22.016112],[-44.12327,-21.995883],[-44.07983,-21.995238],[-44.058323,-22.013439],[-44.051406,-22.032363],[-44.008696,-22.020968],[-43.98958,-21.967231],[-43.985145,-21.942035],[-43.997025,-21.930939],[-44.000561,-21.927458],[-44.000565,-21.917195],[-44.011406,-21.910821],[-44.026468,-21.911801]],[[-44.026468,-21.911801],[-44.031517,-21.910412],[-44.037723,-21.917814],[-44.046824,-21.923193],[-44.050618,-21.927066],[-44.070362,-21.926112],[-44.071544,-21.921929]],[[-44.071544,-21.921929],[-44.078019,-21.893531],[-44.089838,-21.880795],[-44.097505,-21.865692],[-44.093164,-21.837054],[-44.10121,-21.823674],[-44.098304,-21.819687],[-44.098177,-21.806655],[-44.096576,-21.802862],[-44.09206,-21.803013],[-44.086126,-21.793648],[-44.083874,-21.793234],[-44.077672,-21.79543],[-44.077768,-21.739605],[-44.072824,-21.732185]],[[-44.072824,-21.732185],[-44.072693,-21.72713]],[[-44.072693,-21.72713],[-44.079957,-21.728777],[-44.07471,-21.707077],[-44.077196,-21.703534],[-44.078915,-21.700686],[-44.073536,-21.692447],[-44.073101,-21.688493],[-44.073079,-21.671297],[-44.075779,-21.662506],[-44.090731,-21.659704],[-44.091479,-21.666072],[-44.093824,-21.669523],[-44.098602,-21.666684],[-44.115222,-21.661077],[-44.118996,-21.668798],[-44.122881,-21.668537],[-44.146293,-21.653427],[-44.14429,-21.640365],[-44.165066,-21.612001],[-44.158559,-21.543441],[-44.167663,-21.544304],[-44.189325,-21.564348],[-44.192697,-21.561566],[-44.197559,-21.565157],[-44.243519,-21.612476],[-44.267181,-21.59517],[-44.275799,-21.577577],[-44.329256,-21.597367],[-44.351168,-21.590221],[-44.381426,-21.592603],[-44.411625,-21.557189],[-44.42381,-21.531694],[-44.457472,-21.527098],[-44.491456,-21.55432],[-44.496621,-21.576524],[-44.529318,-21.575865],[-44.542957,-21.588966],[-44.578365,-21.59126],[-44.592994,-21.608648],[-44.645016,-21.620472],[-44.653018,-21.640839],[-44.672748,-21.642867],[-44.704725,-21.623641],[-44.725226,-21.624162],[-44.752092,-21.604983],[-44.780752,-21.612976],[-44.803224,-21.587138],[-44.825719,-21.590108],[-44.865092,-21.608179],[-44.909892,-21.641936],[-44.965139,-21.629384],[-45.028733,-21.631143],[-45.036869,-21.63192],[-45.027158,-21.616756],[-45.028329,-21.597479],[-45.054362,-21.557427],[-45.064307,-21.524722],[-45.050402,-21.50103],[-45.050031,-21.466649],[-45.042165,-21.454879],[-45.045155,-21.420946],[-45.051763,-21.41826],[-45.061061,-21.408613],[-45.10644,-21.393144],[-45.116054,-21.361367],[-45.128524,-21.345248],[-45.148461,-21.361628],[-45.201883,-21.355542],[-45.226042,-21.372021],[-45.250934,-21.368243],[-45.273494,-21.374735],[-45.306867,-21.354193],[-45.326624,-21.328643],[-45.358897,-21.324186],[-45.399252,-21.297915],[-45.370795,-21.270502],[-45.363975,-21.255855],[-45.386847,-21.245324],[-45.36349,-21.218352],[-45.34848,-21.188037],[-45.312223,-21.178381],[-45.305057,-21.173964],[-45.315574,-21.152039],[-45.339246,-21.129473],[-45.333311,-21.089418],[-45.342107,-21.068659]],[[-45.342107,-21.068659],[-45.365276,-21.064532]],[[-45.565288,-20.934535],[-45.585865,-20.936893],[-45.591843,-20.935437],[-45.59723,-20.93165],[-45.600654,-20.925659],[-45.60409,-20.911375],[-45.605635,-20.887423]],[[-45.658022,-20.874395],[-45.666933,-20.871489],[-45.679603,-20.86133],[-45.684,-20.855166],[-45.684814,-20.849548],[-45.681183,-20.833288],[-45.673837,-20.819695]],[[-45.733717,-20.734716],[-45.758535,-20.712059],[-45.783942,-20.717413]],[[-46.899761,-20.190108],[-46.933848,-20.170354]],[[-47.218871,-20.225415],[-47.2325698,-20.2275223]],[[-47.2325698,-20.2275223],[-47.2473518,-20.2586438],[-47.2767287,-20.291638],[-47.2858418,-20.3335586],[-47.2982081,-20.3484357],[-47.2880312,-20.3931778],[-47.2961002,-20.427256],[-47.2879652,-20.4445878],[-47.2927656,-20.4477336],[-47.2921207,-20.4490397],[-47.283738,-20.4554286],[-47.247405,-20.4805342],[-47.2271191,-20.4885247],[-47.2268702,-20.4910793],[-47.2195406,-20.496521],[-47.1545174,-20.5195532],[-47.138234,-20.5545926],[-47.1426277,-20.5660141],[-47.1233226,-20.6127225],[-47.1087345,-20.6208048],[-47.0968958,-20.6445283],[-47.1012353,-20.6831658],[-47.1153008,-20.7072048],[-47.1490655,-20.7076166],[-47.1862607,-20.7311344],[-47.1888183,-20.7706247],[-47.2048158,-20.7743437],[-47.2247543,-20.8000989],[-47.2144844,-20.8272194],[-47.2400443,-20.8852817],[-47.2104581,-20.924139],[-47.1437389,-20.9823857],[-47.152672,-21.0243903],[-47.1469812,-21.0380418],[-47.1370422,-21.0880229],[-47.1184774,-21.1090533],[-47.1335055,-21.1334556],[-47.1173051,-21.1536959],[-47.1236478,-21.1679094],[-47.0956514,-21.2096737],[-47.0744916,-21.2079059],[-47.0789122,-21.2305951],[-47.0522817,-21.2465187],[-47.0450512,-21.2629544]],[[-45.326631,-21.054379],[-45.342107,-21.068659]],[[-44.072693,-21.72713],[-44.067362,-21.729573]],[[-44.067362,-21.729573],[-44.053776,-21.713247],[-44.024354,-21.714149],[-43.995555,-21.697017],[-43.988773,-21.693191],[-44.015114,-21.67721],[-44.015495,-21.664084],[-43.995378,-21.66404],[-43.970234,-21.654212],[-43.961985,-21.653432],[-43.948081,-21.651557],[-43.949792,-21.646028],[-43.965201,-21.630538],[-43.982648,-21.628797],[-44.008461,-21.619615],[-44.021172,-21.603708],[-44.040016,-21.591508],[-44.084152,-21.559439],[-44.091297,-21.53146],[-44.086801,-21.520816],[-44.082324,-21.523461],[-44.054708,-21.517543],[-44.026336,-21.534988],[-43.979793,-21.543771],[-43.967897,-21.527003],[-43.929462,-21.506298],[-43.911017,-21.504381],[-43.886672,-21.507134],[-43.874928,-21.502896],[-43.871756,-21.496179],[-43.867825,-21.500051],[-43.861804,-21.504242],[-43.850876,-21.503702],[-43.847025,-21.507508],[-43.830961,-21.504328],[-43.814621,-21.526156],[-43.797626,-21.522323],[-43.739705,-21.531707],[-43.705886,-21.585407],[-43.693368,-21.585887],[-43.688251,-21.576852],[-43.67935,-21.558135],[-43.684247,-21.530054],[-43.648967,-21.496634],[-43.65474,-21.470003],[-43.672931,-21.462645],[-43.671676,-21.43974],[-43.70926,-21.413735],[-43.686265,-21.384413],[-43.63948,-21.382034],[-43.604795,-21.332572],[-43.552652,-21.307065],[-43.50684,-21.315738],[-43.50351,-21.298181],[-43.462431,-21.271542],[-43.444629,-21.250815],[-43.43833,-21.204364],[-43.451413,-21.193942],[-43.443644,-21.167983],[-43.417235,-21.158143],[-43.437226,-21.141329],[-43.464755,-21.146026],[-43.483686,-21.118165],[-43.498038,-21.114986],[-43.518515,-21.055239],[-43.535658,-21.05901],[-43.535419,-21.05559],[-43.519973,-21.049204],[-43.535846,-20.99559],[-43.558424,-20.978211],[-43.553494,-20.943989],[-43.522742,-20.937556],[-43.525244,-20.933581],[-43.557474,-20.903534],[-43.560668,-20.874707],[-43.577722,-20.877095],[-43.582468,-20.873304],[-43.600375,-20.86397],[-43.61859,-20.86491]],[[-43.61859,-20.86491],[-43.620077,-20.854688]],[[-44.419621,-20.717085],[-44.42529,-20.715616]],[[-43.616387,-20.856118],[-43.61859,-20.86491]],[[-44.067362,-21.729573],[-44.072824,-21.732185]],[[-44.071544,-21.921929],[-44.070559,-21.925963],[-44.055692,-21.925653],[-44.050359,-21.926997],[-44.026468,-21.911801]],[[-44.1793685,-22.2285101],[-44.1738579,-22.2305896]],[[-44.1738579,-22.2305896],[-44.141684,-22.2203866],[-44.1172885,-22.1899042],[-44.0603543,-22.1602258],[-44.0338174,-22.1522504],[-43.998022,-22.1559339],[-43.9648813,-22.1393525],[-43.8796514,-22.1140214],[-43.8579706,-22.0950507],[-43.8423705,-22.0996411],[-43.7748424,-22.0657263],[-43.7560486,-22.0779715],[-43.7542898,-22.0826506],[-43.7363036,-22.0945197],[-43.7314476,-22.0962232],[-43.7282507,-22.0907145],[-43.7228305,-22.0835466],[-43.6812941,-22.071777],[-43.6720908,-22.0903495],[-43.6464278,-22.0648524],[-43.6128889,-22.0822966],[-43.5871374,-22.0545872],[-43.5834318,-22.0566004],[-43.5658991,-22.0879712],[-43.559605,-22.083812],[-43.5493398,-22.0808586],[-43.5355017,-22.0754273],[-43.5184225,-22.0609476],[-43.5069295,-22.0620096],[-43.476156,-22.0692107],[-43.4532253,-22.0668656],[-43.4464445,-22.0632263],[-43.4433251,-22.0614786]],[[-43.4433251,-22.0614786],[-43.4281699,-22.0547531]],[[-43.4281699,-22.0547531],[-43.4109872,-22.0489648],[-43.3685753,-22.0205074],[-43.3650143,-22.0104667],[-43.3162356,-22.0076697],[-43.2949277,-22.0164932],[-43.245467,-22.0065741],[-43.2215116,-22.0337609],[-43.2029477,-22.0374372],[-43.1695744,-22.0218105],[-43.1470229,-22.030952],[-43.1361231,-22.0296985],[-43.1288978,-22.0336742],[-43.1333747,-22.0584097],[-43.1537114,-22.0741605],[-43.1466518,-22.0906928],[-43.1355584,-22.1098842],[-43.1168288,-22.0851408],[-43.1061821,-22.0826565],[-43.0751292,-22.0848746],[-43.053126,-22.0817249],[-43.0331612,-22.0659049],[-43.0391521,-22.0445945],[-43.0078774,-22.0315079],[-42.9969043,-22.0361104],[-42.9689855,-22.014895],[-42.9091062,-21.9905067],[-42.8814275,-21.9592662],[-42.7877903,-21.9295698],[-42.7399783,-21.9086643],[-42.6849644,-21.8791981],[-42.6143208,-21.8558872],[-42.6043803,-21.8455572],[-42.4491667,-21.7803726],[-42.3956274,-21.7616407],[-42.3735795,-21.7458488],[-42.3517225,-21.7441704]],[[-42.3517225,-21.7441704],[-42.3334621,-21.7458488],[-42.3141474,-21.7378314],[-42.3088632,-21.7327598],[-42.3065855,-21.7284474]],[[-42.3065855,-21.7284474],[-42.2887589,-21.7214625]],[[-42.2887589,-21.7214625],[-42.2666492,-21.7144732]],[[-42.2666492,-21.7144732],[-42.2667389,-21.708281],[-42.2685635,-21.7062715],[-42.2714351,-21.6997216],[-42.2714429,-21.685479],[-42.2721906,-21.6813545],[-42.2833664,-21.6809528],[-42.2883564,-21.6674546],[-42.3077333,-21.6599774],[-42.3350391,-21.6597212],[-42.3423984,-21.6566515],[-42.3651522,-21.6464585],[-42.3646733,-21.6321669],[-42.3592431,-21.626882],[-42.3600887,-21.6211875],[-42.366021,-21.6204344],[-42.3637154,-21.613313],[-42.3518686,-21.590027],[-42.324772,-21.5694436],[-42.3275709,-21.5628112],[-42.3273882,-21.5575109],[-42.3148828,-21.555899],[-42.3085673,-21.5490814],[-42.2971882,-21.5235355],[-42.2555846,-21.483612],[-42.2921249,-21.4592381],[-42.2753662,-21.4283085],[-42.2753117,-21.4041794],[-42.251524,-21.4068269],[-42.2363502,-21.3951254],[-42.2488966,-21.3908661],[-42.2300242,-21.3664945],[-42.2379724,-21.3194524],[-42.2286368,-21.2820599],[-42.1897249,-21.250506],[-42.1880926,-21.2303908],[-42.2029341,-21.2204462],[-42.1944335,-21.2017374],[-42.2059978,-21.1871596],[-42.20036,-21.17331],[-42.1915706,-21.1471176],[-42.1706476,-21.1286444],[-42.1706603,-21.1146119]],[[-42.1706603,-21.1146119],[-42.1640269,-21.1010601],[-42.1605441,-21.1001948],[-42.1513027,-21.1040998],[-42.1402155,-21.103472]],[[-42.1402155,-21.103472],[-42.1333095,-21.0807075],[-42.1046812,-21.0550927],[-42.0848094,-21.0229899],[-42.1413633,-20.9926409],[-42.15095,-20.974029],[-42.1380367,-20.9600489],[-42.121081,-20.96047],[-42.0937947,-20.935626],[-42.0477841,-20.9347277],[-42.0376544,-20.9269847],[-41.9933027,-20.9304709],[-41.9666893,-20.9169515],[-41.9673098,-20.8985727],[-41.926707,-20.8387898],[-41.9260785,-20.8020072],[-41.9230025,-20.7925131],[-41.9019903,-20.7966257],[-41.8796307,-20.7732134],[-41.8747382,-20.7659343]],[[-41.8747382,-20.7659343],[-41.8797957,-20.7595677]],[[-41.8797957,-20.7595677],[-41.8635136,-20.7419435],[-41.8482132,-20.6869247],[-41.8132318,-20.6532647],[-41.8205019,-20.6277853],[-41.8509385,-20.6212613],[-41.8283912,-20.5572962],[-41.8042989,-20.5384028],[-41.8191867,-20.4981921],[-41.8254228,-20.4832588],[-41.8128709,-20.4805695],[-41.7994356,-20.4772833],[-41.8035979,-20.429529],[-41.8147612,-20.4193468],[-41.8278741,-20.413135],[-41.8351113,-20.40863],[-41.8595116,-20.3728426],[-41.8418651,-20.3265497],[-41.7974493,-20.2964975],[-41.785395,-20.2955113],[-41.77695,-20.2825913],[-41.7805008,-20.2819885],[-41.7697523,-20.2550974],[-41.7567537,-20.206866]],[[-41.7567537,-20.206866],[-41.4111404,-20.2073696]],[[-41.4111404,-20.2073696],[-41.417753,-20.20115]],[[-42.546049,-19.88606],[-42.578562,-19.900853]],[[-42.698326,-19.999185],[-42.710009,-20.013544],[-42.712504,-20.015402],[-42.719245,-20.015658],[-42.723559,-20.009532],[-42.72741,-20.009581]],[[-41.1807981,-18.4326826],[-41.1787533,-18.4435158]],[[-40.9882782,-19.5079403],[-41.0088412,-19.5073558],[-41.0190737,-19.5048815],[-41.0371069,-19.4924342]],[[-41.1746414,-19.7672385],[-41.1729841,-19.761639]],[[-41.1729841,-19.761639],[-41.1601588,-19.7644087],[-41.150091,-19.7640524],[-41.1413064,-19.7687262],[-41.1391957,-19.7712007],[-41.1241034,-19.7780064],[-41.0969435,-19.7876021],[-41.055179,-19.762841],[-41.0346379,-19.7922773],[-40.9957672,-19.8039841],[-40.9907199,-19.7605592],[-40.9729241,-19.72524],[-40.9476113,-19.7207617],[-40.9298471,-19.6961778],[-40.937216,-19.643943],[-40.9293955,-19.6112113],[-40.9123845,-19.5994409],[-40.8826364,-19.5924948],[-40.8609461,-19.5671341],[-40.8412938,-19.5646713],[-40.8569861,-19.5865982],[-40.8529797,-19.6173965],[-40.83445,-19.6170893],[-40.8231236,-19.5933375],[-40.7850087,-19.5962479],[-40.7741025,-19.6156396],[-40.7796779,-19.6335488],[-40.7564942,-19.652358],[-40.7260712,-19.6419821],[-40.7221993,-19.6243345],[-40.6871725,-19.6239213],[-40.5816935,-19.6844367],[-40.5576979,-19.705119],[-40.5406536,-19.7096562]],[[-40.5406536,-19.7096562],[-40.5273416,-19.7156003]],[[-40.5273416,-19.7156003],[-40.5080371,-19.6667806],[-40.5025142,-19.6576613],[-40.4979441,-19.653726],[-40.4857067,-19.6435893],[-40.4827341,-19.6389354],[-40.4748712,-19.6422081],[-40.4632383,-19.6306548],[-40.4187455,-19.6413151],[-40.3729619,-19.6196824],[-40.3757646,-19.5983247],[-40.3884679,-19.5621458],[-40.3711918,-19.5564729],[-40.3756585,-19.5312164],[-40.3923689,-19.5101519],[-40.4165788,-19.5087954],[-40.4450174,-19.4500321],[-40.4385466,-19.4330005],[-40.4564207,-19.4180842],[-40.46475,-19.3922843],[-40.4766864,-19.3769629],[-40.4769389,-19.3703163],[-40.4825161,-19.3652483],[-40.4910221,-19.3711083],[-40.4939341,-19.3639865],[-40.5106519,-19.3496528],[-40.5245403,-19.3310116],[-40.5145462,-19.3249011],[-40.5088982,-19.3194267],[-40.5074557,-19.3072775],[-40.4720719,-19.293789],[-40.461594,-19.2797643],[-40.4432278,-19.2914813],[-40.4204631,-19.2382321],[-40.4181137,-19.2189152],[-40.403147,-19.1984751],[-40.4122767,-19.1889758],[-40.3869178,-19.1133876],[-40.3466146,-19.0832074],[-40.3237753,-19.0762533],[-40.2909903,-19.0784992],[-40.263886,-19.0328932],[-40.2063254,-18.9066397],[-40.2070949,-18.8908902],[-40.2263256,-18.8776043],[-40.261002,-18.8408363],[-40.2670116,-18.8378397],[-40.317929,-18.8505273],[-40.3615012,-18.8467131],[-40.3682919,-18.8476304],[-40.3757475,-18.8474896],[-40.3859739,-18.8480223],[-40.4016915,-18.8509207],[-40.4055892,-18.8346045],[-40.4030692,-18.8305484],[-40.3943653,-18.8210765],[-40.3945158,-18.7817654],[-40.3481737,-18.7454333],[-40.3364149,-18.7258328],[-40.2842707,-18.5767975],[-40.2546837,-18.5669628],[-40.2300266,-18.5826419],[-40.1650159,-18.5443423],[-40.1653966,-18.5202884],[-40.1327698,-18.4975084],[-40.1590268,-18.4747555],[-40.183683,-18.4732321],[-40.2065619,-18.4902048],[-40.2373844,-18.4959419],[-40.2471692,-18.4966484],[-40.2573093,-18.4949073],[-40.2764661,-18.4909585],[-40.2924615,-18.4809712],[-40.3195016,-18.4389008],[-40.3251415,-18.4106237],[-40.3548935,-18.3777595],[-40.4021361,-18.3854722],[-40.4322644,-18.3616007],[-40.4870027,-18.37736],[-40.4509054,-18.4067168],[-40.4850679,-18.4133259],[-40.4967716,-18.3902199],[-40.5097958,-18.3903112],[-40.5350834,-18.3666025],[-40.5372208,-18.3616382],[-40.5488659,-18.3596329],[-40.5729069,-18.3623453],[-40.5806513,-18.3564503],[-40.5746282,-18.3491741],[-40.5862195,-18.3400939],[-40.6048752,-18.340598],[-40.6111733,-18.2979971],[-40.6188435,-18.2874965],[-40.5585455,-18.230713],[-40.5453462,-18.2004402],[-40.5635389,-18.1537397],[-40.5626376,-18.1295264]],[[-40.5626376,-18.1295264],[-40.5571214,-18.1189307],[-40.5575081,-18.1157431],[-40.5788984,-18.0960626]],[[-40.5788984,-18.0960626],[-40.5903791,-18.1093574],[-40.6138637,-18.0909875],[-40.6405206,-18.0338448],[-40.6617346,-18.018792]],[[-40.6617346,-18.018792],[-40.6731863,-18.0110413]],[[-40.5273416,-19.7156003],[-40.5211204,-19.7284854]],[[-40.5211204,-19.7284854],[-40.5265596,-19.7861182],[-40.5327024,-19.7976687],[-40.521211,-19.8156568],[-40.50512,-19.8536688],[-40.5028913,-19.8772713],[-40.4775056,-19.9046355],[-40.4744538,-19.9370448],[-40.452759,-19.9372055],[-40.4490512,-19.9557558],[-40.4502382,-19.9812164],[-40.4484672,-19.987472],[-40.4453815,-19.9970327],[-40.412827,-20.0183972],[-40.3858297,-20.015824],[-40.356673,-20.04879],[-40.3441182,-20.0366299],[-40.2958217,-20.0228662],[-40.243715,-20.041341],[-40.2338548,-20.0424921],[-40.2284896,-20.0259826],[-40.2205061,-20.0283216],[-40.2133971,-20.0291418],[-40.1993972,-20.0355169],[-40.1942881,-20.0362827],[-40.1947607,-20.049183]],[[-40.1947607,-20.049183],[-40.1589145,-20.0358822],[-40.1350262,-19.9595744],[-40.1360006,-19.9415156],[-40.1022134,-19.9213309],[-40.0829838,-19.8759643],[-40.0691033,-19.8619978],[-40.0547817,-19.8148313],[-40.0153222,-19.7681372],[-39.9680737,-19.7258444],[-39.9071834,-19.6844193],[-39.8496964,-19.6601677],[-39.8108024,-19.6496129],[-39.8090039,-19.63416],[-39.7784822,-19.5763782],[-39.7304632,-19.468371],[-39.6964555,-19.3669047],[-39.6891136,-19.306034],[-39.6914533,-19.2732265],[-39.7104011,-19.1670844],[-39.7356351,-18.9775905],[-39.7427941,-18.9360835],[-39.7497524,-18.8380728],[-39.7460078,-18.6962597],[-39.7406804,-18.6504792],[-39.7283871,-18.6110842],[-39.7282224,-18.518274],[-39.7147528,-18.4619453],[-39.6660146,-18.3332183]],[[-40.6514943,-18.0068654],[-40.6617346,-18.018792]],[[-40.5788984,-18.0960626],[-40.5586596,-18.1141379],[-40.5569498,-18.1171738],[-40.5626376,-18.1295264]],[[-29.3384236,-20.486783],[-29.3441611,-20.5102515],[-29.33053,-20.5221671],[-29.2991521,-20.5189343],[-29.3384236,-20.486783]],[[-40.9476195,-20.8853573],[-40.9265121,-20.8912177],[-40.8907549,-20.8897416]],[[-40.8907549,-20.8897416],[-40.8510149,-20.8860526],[-40.8280435,-20.8908312],[-40.7588884,-20.8656525]],[[-40.7588884,-20.8656525],[-40.7464333,-20.850072],[-40.7202129,-20.8465796],[-40.6533185,-20.8058727],[-40.6291267,-20.8186801],[-40.6078171,-20.8059923],[-40.5833074,-20.8027222],[-40.5760626,-20.7741894],[-40.5567203,-20.7464715],[-40.5341728,-20.7396697],[-40.5118873,-20.6937142],[-40.4693947,-20.6326868],[-40.4552696,-20.6233914],[-40.4344093,-20.6363482],[-40.4037841,-20.5976506],[-40.3935813,-20.5600929],[-40.3520228,-20.4955754],[-40.3229425,-20.429427],[-40.3196594,-20.406002],[-40.2966188,-20.3632253],[-40.2832585,-20.3531435],[-40.2713959,-20.3232054],[-40.2900396,-20.3076378],[-40.2891235,-20.2837799],[-40.2584728,-20.2658397],[-40.2343543,-20.2761491],[-40.2157149,-20.2349098],[-40.1989444,-20.2168336],[-40.1838238,-20.1672882],[-40.1815522,-20.1345773],[-40.1719949,-20.1081674],[-40.1738309,-20.0749044],[-40.1947607,-20.049183]],[[-40.5211204,-19.7284854],[-40.5406536,-19.7096562]],[[-41.1729841,-19.761639],[-41.1716906,-19.7783371]],[[-41.4128938,-20.2022325],[-41.4111404,-20.2073696]],[[-41.4111404,-20.2073696],[-41.4155813,-20.2073631]],[[-41.4155813,-20.2073631],[-41.4067354,-20.2340704],[-41.3815454,-20.2235359],[-41.3731894,-20.2035161],[-41.34999,-20.1980769],[-41.3437773,-20.2005652],[-41.339925,-20.2161063],[-41.3383101,-20.2248387],[-41.3506157,-20.2343225],[-41.3480899,-20.2428082],[-41.3238858,-20.2495515],[-41.315506,-20.2621814],[-41.3116261,-20.265188],[-41.310469,-20.2693793],[-41.3128729,-20.2726507],[-41.3193715,-20.2736123],[-41.3194528,-20.2790734],[-41.3163216,-20.2823644],[-41.3140229,-20.2959915],[-41.3504962,-20.3020826],[-41.3618614,-20.3209754],[-41.3612801,-20.3254512],[-41.3459982,-20.3743293],[-41.3232443,-20.3954159],[-41.3150572,-20.422957],[-41.324005,-20.4931001],[-41.3096297,-20.5161323],[-41.2961859,-20.5182855],[-41.2969808,-20.5175063],[-41.2878349,-20.5138454],[-41.2832898,-20.4951297],[-41.2765392,-20.4863276],[-41.2763578,-20.4892909],[-41.2666563,-20.4914285],[-41.2587999,-20.4904619],[-41.2100127,-20.4910406],[-41.225413,-20.4612599],[-41.209565,-20.4462411],[-41.1663915,-20.4458958],[-41.1624687,-20.423477],[-41.1424762,-20.4315706],[-41.120691,-20.4239263],[-41.0823563,-20.4405877],[-41.0520259,-20.474156],[-41.0479267,-20.4797443],[-41.0193883,-20.4780134],[-41.0042001,-20.4682306],[-41.010385,-20.4337553],[-40.9928581,-20.4384377],[-40.968943,-20.4625696],[-40.9723288,-20.4807758],[-40.9594881,-20.4992472],[-40.9569681,-20.5518354],[-40.9683025,-20.5762726],[-40.9525071,-20.6017485],[-40.9118681,-20.6155694],[-40.9158242,-20.643945],[-40.9342204,-20.6627923],[-40.9326042,-20.6850184],[-40.9595168,-20.6966581],[-40.9567283,-20.7138545],[-40.9695543,-20.7554145],[-40.9943142,-20.7788333],[-40.9800093,-20.8286051],[-40.9883901,-20.8315208],[-40.9893852,-20.8381309],[-40.9867044,-20.8615575],[-40.9476195,-20.8853573]],[[-41.47169,-21.2027426],[-41.4680424,-21.203624],[-41.4603557,-21.2087711]],[[-41.4603557,-21.2087711],[-41.4403571,-21.213938],[-41.4125157,-21.2017556],[-41.388013,-21.1989007],[-41.3161839,-21.2135457],[-41.303455,-21.2285988],[-41.2767152,-21.2402293],[-41.2413685,-21.2203603],[-41.1937387,-21.2440657],[-41.1633039,-21.2428731],[-41.1081172,-21.2225264],[-41.0909102,-21.2212365],[-41.0593193,-21.2346468],[-41.0445825,-21.2530586],[-41.0249052,-21.2458027],[-41.0047404,-21.2510999],[-40.9957952,-21.2861898],[-40.9654412,-21.2958068]],[[-40.9654412,-21.2958068],[-40.9529703,-21.2352966],[-40.9146039,-21.1727357],[-40.8584235,-21.1276302],[-40.8297976,-21.0475971],[-40.8134908,-21.0353602],[-40.8048991,-21.0024585],[-40.8085605,-20.9581746],[-40.7949905,-20.9251957],[-40.7583802,-20.8794797],[-40.7588884,-20.8656525]],[[-40.8907549,-20.8897416],[-40.9270152,-20.8911122],[-40.9476195,-20.8853573]],[[-41.4155813,-20.2073631],[-41.7567537,-20.206866]],[[-41.8797957,-20.7595677],[-41.8640224,-20.7653416]],[[-41.8640224,-20.7653416],[-41.8567436,-20.7634767],[-41.8481876,-20.7743723],[-41.8288264,-20.7943438],[-41.7991687,-20.8053185],[-41.7667418,-20.8019956],[-41.7492421,-20.8141906],[-41.7398545,-20.8175037],[-41.7458898,-20.8524366],[-41.7430208,-20.8698267],[-41.7415026,-20.8697299],[-41.7370702,-20.8700249],[-41.7330486,-20.8692553],[-41.7254037,-20.8657158],[-41.7187274,-20.8679437],[-41.715697,-20.8718246],[-41.7256588,-20.8951376],[-41.7256096,-20.9211314],[-41.7331194,-20.9270047],[-41.7374022,-20.9310317],[-41.7335096,-20.940145],[-41.7257375,-20.950698],[-41.7116275,-20.9805924],[-41.7252015,-21.033078],[-41.7161889,-21.047051],[-41.7362793,-21.1014302],[-41.7105529,-21.111111],[-41.7122909,-21.1251118],[-41.6884281,-21.1221734],[-41.6125895,-21.1570009],[-41.5867479,-21.1494743],[-41.5782375,-21.1697453],[-41.5482883,-21.1832995],[-41.5115501,-21.1758363],[-41.4865243,-21.1798929],[-41.47169,-21.2027426]],[[-42.2666492,-21.7144732],[-42.2599387,-21.7129288]],[[-42.2599387,-21.7129288],[-42.2370801,-21.6972095],[-42.2069011,-21.783775]],[[-42.2069011,-21.783775],[-42.1672494,-21.8586929],[-42.1651789,-21.8588136],[-42.1653163,-21.8598489],[-42.1628492,-21.8589001],[-42.1616497,-21.8605297]],[[-42.1616497,-21.8605297],[-42.152208,-21.8589931],[-42.1490683,-21.8592018],[-42.1402891,-21.8564682],[-42.1393677,-21.8540422],[-42.1402052,-21.8522337],[-42.1335201,-21.8417012],[-42.1284326,-21.8440399],[-42.1252227,-21.8462614],[-42.1204684,-21.8503595],[-42.1202589,-21.8478111],[-42.1190727,-21.8419395],[-42.1184428,-21.8380166],[-42.1184405,-21.8372673],[-42.1250123,-21.8255987],[-42.1201741,-21.8225468],[-42.0854534,-21.8014446],[-42.061476,-21.7991062],[-42.0556594,-21.7818087],[-42.0220436,-21.7682413],[-42.0136166,-21.765652],[-42.018644,-21.7506007],[-41.9849886,-21.7328857],[-41.9633675,-21.7336902],[-41.9551861,-21.7293155],[-41.9486286,-21.7304601],[-41.9398234,-21.7414097]],[[-41.9398234,-21.7414097],[-41.9371006,-21.7412201],[-41.9367381,-21.5967529]],[[-41.9367381,-21.5967529],[-41.900984,-21.5756146],[-41.8846834,-21.5800412],[-41.8609876,-21.5456017],[-41.8236325,-21.5129047],[-41.824984,-21.4822695],[-41.7427273,-21.464314],[-41.6794712,-21.5162617],[-41.6269524,-21.5957165],[-41.657021,-21.4791441],[-41.6188723,-21.4720428],[-41.6002766,-21.4815782],[-41.5746651,-21.4468364],[-41.5510548,-21.4290496],[-41.5846422,-21.3162096],[-41.5535397,-21.2963694],[-41.496178,-21.2450194],[-41.4700532,-21.2314135],[-41.4696296,-21.2027933]],[[-41.4696296,-21.2027933],[-41.47169,-21.2027426]],[[-41.8640224,-20.7653416],[-41.8747382,-20.7659343]],[[-42.1402155,-21.103472],[-42.1516543,-21.1040621],[-42.1590159,-21.1005643],[-42.1636888,-21.1006831],[-42.1706603,-21.1146119]],[[-42.2082672,-22.3608168],[-42.2157555,-22.3736828]],[[-42.2157555,-22.3736828],[-42.2144176,-22.3984418],[-42.2112271,-22.4076615],[-42.2114383,-22.4115321],[-42.1952261,-22.4307505],[-42.1914939,-22.4332586],[-42.173162,-22.4255126],[-42.1614577,-22.4285757],[-42.1587393,-22.4244561],[-42.1496675,-22.4266355],[-42.1178589,-22.4045835],[-42.1113678,-22.404378],[-42.1001598,-22.4274789],[-42.0862621,-22.4391418],[-42.0687309,-22.4353306],[-42.0627823,-22.4329982],[-42.0631317,-22.4195174],[-42.0237888,-22.3879439],[-41.9973625,-22.4002958],[-41.9443615,-22.3843654],[-41.9378845,-22.3946379],[-41.9069097,-22.4000169],[-41.8698466,-22.4194091],[-41.8280634,-22.4082691],[-41.8177903,-22.417031]],[[-41.8177903,-22.417031],[-41.7692028,-22.3892076],[-41.7734981,-22.3640535],[-41.694244,-22.3032911],[-41.6576305,-22.2827814],[-41.4938465,-22.2153852],[-41.3567844,-22.1770056],[-41.2700191,-22.1553552],[-41.2114597,-22.1357172],[-41.1341587,-22.0967157],[-41.1232334,-22.0841749],[-41.0710789,-22.0546911],[-41.0097233,-22.0246122],[-40.9908291,-22.0102766],[-40.9779049,-21.9820612],[-40.974773,-21.945194],[-41.0238987,-21.7326029],[-41.0227047,-21.6857469],[-41.0123084,-21.6209843],[-41.0399204,-21.62083],[-41.0726467,-21.5256098],[-41.0709644,-21.5032156],[-41.0475002,-21.467962],[-41.023109,-21.4452646],[-41.0024753,-21.4074133],[-40.9826275,-21.3916109],[-40.9613987,-21.3607767],[-40.9654412,-21.2958068]],[[-41.4603557,-21.2087711],[-41.4696296,-21.2027933]],[[-41.9367381,-21.5967529],[-41.9371223,-21.7411954],[-41.9304036,-21.7413288],[-41.9299873,-21.7434243]],[[-41.9299873,-21.7434243],[-41.9343924,-21.7670677],[-41.9498803,-21.770054],[-41.9593878,-21.7925407],[-41.9700565,-21.8052067],[-41.9551701,-21.8480242],[-41.9499107,-21.8560494],[-41.9365254,-21.8723099],[-41.8500609,-21.8860156],[-41.8356453,-21.8872019],[-41.7965011,-21.8789631],[-41.7730581,-21.8897351],[-41.7037375,-21.8896672],[-41.7095886,-21.8945405],[-41.721023,-21.944889],[-41.7168619,-21.9818561],[-41.7348277,-22.0046156],[-41.7619793,-22.0195128],[-41.7545058,-22.0817818],[-41.7790516,-22.0973349],[-41.8198511,-22.0991088],[-41.8326297,-22.078302],[-41.8874956,-22.0489693],[-41.9086702,-22.0682686],[-41.9360329,-22.056873],[-41.9623817,-22.0786154],[-41.9578042,-22.1163249],[-42.0272001,-22.1579554],[-42.0749216,-22.163861],[-42.0979368,-22.1940756],[-42.0983646,-22.2018889],[-42.1177193,-22.2079912],[-42.1249067,-22.2111379],[-42.158978,-22.2150683],[-42.2490087,-22.2952436],[-42.2558305,-22.3215003],[-42.2217027,-22.3392502],[-42.2149285,-22.3466927],[-42.2082672,-22.3608168]],[[-42.5505713,-22.4557544],[-42.5365531,-22.4576927],[-42.5151484,-22.4359496],[-42.4999643,-22.4347397],[-42.4712343,-22.4492477],[-42.45097,-22.433881],[-42.3895682,-22.4202697],[-42.3548481,-22.4291713],[-42.2921563,-22.4128963],[-42.2895312,-22.4076012],[-42.2775568,-22.4017327],[-42.2941732,-22.3923025],[-42.2571526,-22.3664728],[-42.2108869,-22.3617689]],[[-42.2108869,-22.3617689],[-42.2082672,-22.3608168]],[[-41.9299873,-21.7434243],[-41.9398234,-21.7414097]],[[-42.1616497,-21.8605297],[-42.1621676,-21.8602067],[-42.162893,-21.8588876],[-42.1663154,-21.8595374],[-42.2069011,-21.783775]],[[-42.2599387,-21.7129288],[-42.2887589,-21.7214625]],[[-42.3065855,-21.7284474],[-42.3115053,-21.7357967],[-42.3193101,-21.7402913],[-42.3346161,-21.746031],[-42.3517225,-21.7441704]],[[-43.4281699,-22.0547531],[-43.4369938,-22.0599687]],[[-43.4369938,-22.0599687],[-43.3988421,-22.2211443]],[[-43.3988421,-22.2211443],[-43.3253957,-22.2787201]],[[-43.3253957,-22.2787201],[-43.2886686,-22.3707353],[-43.2844937,-22.3665478],[-43.2783281,-22.3561616]],[[-43.2783281,-22.3561616],[-43.2737325,-22.3467659],[-43.2685315,-22.3411988],[-43.2657544,-22.3347322],[-43.2633099,-22.3209589],[-43.2117262,-22.2998627],[-43.1738702,-22.3101723],[-43.1455246,-22.3040041],[-43.1270074,-22.275873],[-43.1063459,-22.2815437],[-43.0898996,-22.2613579],[-43.0939542,-22.2423264],[-43.0759482,-22.2234582],[-43.0477635,-22.2086149],[-43.0207642,-22.1618091],[-42.9549754,-22.1388705],[-42.9738592,-22.0972407],[-42.9637439,-22.0888375],[-42.9126739,-22.1088782],[-42.8721995,-22.101401],[-42.8644057,-22.1275928],[-42.874411,-22.1544837],[-42.8638676,-22.1652444],[-42.8036473,-22.1332487],[-42.7937806,-22.1221539],[-42.7655393,-22.1228001],[-42.7503681,-22.1212091],[-42.7555737,-22.1565373],[-42.7449549,-22.1761591],[-42.751617,-22.1913085],[-42.7336705,-22.2108875],[-42.7369295,-22.21932],[-42.7440072,-22.2338715],[-42.7213925,-22.2480832],[-42.7136795,-22.2653048],[-42.7110089,-22.2872787],[-42.7262844,-22.318217],[-42.7156242,-22.3599067],[-42.7082713,-22.3653392],[-42.7099259,-22.3749446],[-42.7084458,-22.3764948],[-42.6841528,-22.3934145],[-42.6524999,-22.3959673],[-42.6411946,-22.3924332],[-42.624779,-22.3883647],[-42.6117612,-22.382011],[-42.5938509,-22.3643551],[-42.5844353,-22.3552637],[-42.5730489,-22.3594924],[-42.561391,-22.3613192],[-42.5548098,-22.3734996],[-42.5522743,-22.378203],[-42.5543252,-22.3814632],[-42.5571005,-22.3962901],[-42.5562315,-22.4239711],[-42.5712024,-22.4489596],[-42.5523358,-22.4518776],[-42.5505713,-22.4557544]],[[-42.5505713,-22.4557544],[-42.5534556,-22.4665369],[-42.5633725,-22.4675799],[-42.5931764,-22.5337256],[-42.6033599,-22.5407096],[-42.5645647,-22.6201258],[-42.528002,-22.6316918],[-42.5264332,-22.7046722],[-42.5307824,-22.7170714],[-42.441784,-22.7303105],[-42.4468128,-22.8227507],[-42.4720018,-22.8201836],[-42.4837301,-22.8299118],[-42.5154853,-22.8257014],[-42.5319499,-22.8087681],[-42.562567,-22.8071345],[-42.5813511,-22.8057369],[-42.6342931,-22.8368721],[-42.6771901,-22.8777261],[-42.6793533,-22.9094454],[-42.6702348,-22.9110325],[-42.6653466,-22.9074464],[-42.6465855,-22.9078653],[-42.6341909,-22.9197361],[-42.6412124,-22.9375378]],[[-42.6412124,-22.9375378],[-42.5666977,-22.9327026],[-42.3548215,-22.9356348],[-42.2003942,-22.9435358],[-42.0971656,-22.9524361],[-42.0426479,-22.9643494],[-42.0249665,-22.9494228],[-42.0368114,-22.936768],[-42.0286862,-22.8984246],[-42.004295,-22.8895319],[-41.9822803,-22.8713987],[-41.9864918,-22.8532617],[-41.9708172,-22.8233984],[-41.9331814,-22.809839],[-41.921825,-22.7871168],[-41.8932072,-22.785568],[-41.8858944,-22.7544229],[-41.9254452,-22.7704847],[-41.9580227,-22.7353094],[-41.9798809,-22.724798],[-41.9890743,-22.7076128],[-41.9997135,-22.6327455],[-41.9787479,-22.5613935],[-41.9638401,-22.5366266],[-41.9325176,-22.5375345],[-41.893333,-22.4884565],[-41.8595386,-22.4701612],[-41.8538204,-22.4480531],[-41.8177903,-22.417031]],[[-42.2157555,-22.3736828],[-42.2108869,-22.3617689]],[[-44.231468,-23.0753284],[-44.2499071,-23.109995],[-44.2726213,-23.1174329],[-44.2867117,-23.1360824],[-44.3061617,-23.1211848],[-44.3253934,-23.1543517],[-44.3692448,-23.1668518],[-44.3512027,-23.2141959],[-44.3378855,-23.2232601],[-44.3113276,-23.1804693],[-44.2884123,-23.1765762],[-44.2534797,-23.1892814],[-44.244869,-23.1999884],[-44.2070373,-23.1924798],[-44.1926804,-23.1986729],[-44.172154,-23.1815792],[-44.1399607,-23.1670272],[-44.1177421,-23.1859001],[-44.0945029,-23.1747534],[-44.1171524,-23.1533358],[-44.1376976,-23.1596698],[-44.1402736,-23.1216087],[-44.1644271,-23.1419058],[-44.1763606,-23.1171075],[-44.2089007,-23.1114835],[-44.2091948,-23.0922599],[-44.231468,-23.0753284]],[[-44.7280809,-23.368932],[-44.7321055,-23.3588911],[-44.7011774,-23.3402412],[-44.6850498,-23.347481],[-44.6550234,-23.3429163],[-44.6400855,-23.3309999],[-44.5993579,-23.3591691],[-44.5853556,-23.3595584],[-44.563271,-23.3329699],[-44.5557631,-23.3035671],[-44.5358119,-23.2920771],[-44.5271944,-23.2727545],[-44.5799661,-23.2708988],[-44.5748435,-23.2335604],[-44.6209522,-23.2582831],[-44.6382847,-23.2339882],[-44.6667264,-23.2350824],[-44.6571267,-23.2146882],[-44.6251187,-23.2223684],[-44.6263612,-23.1962341],[-44.6437158,-23.1964214],[-44.6948458,-23.2326372],[-44.7211571,-23.2018262],[-44.6951627,-23.1511773],[-44.6990838,-23.1306665],[-44.6868467,-23.0752527],[-44.6686919,-23.0542549],[-44.6185755,-23.044163],[-44.5770236,-23.0488298],[-44.5305385,-23.0271277],[-44.4948288,-23.024135],[-44.4775306,-23.0058107],[-44.4611853,-23.0073678],[-44.4484932,-23.0251924],[-44.4341611,-22.9628484],[-44.4230012,-22.950631],[-44.3926444,-22.950955],[-44.3671543,-22.9604358],[-44.3311195,-22.9258117],[-44.3189443,-22.9564692],[-44.2998713,-22.9586671],[-44.3258915,-22.9918131],[-44.345302,-22.991253],[-44.3630425,-23.0182486],[-44.3486912,-23.0282105],[-44.3029345,-23.002256],[-44.2413617,-23.0010878],[-44.2305499,-23.0142225],[-44.2471805,-23.0485816],[-44.237068,-23.0565336],[-44.2005934,-23.0383087],[-44.1916294,-23.0541358],[-44.1656601,-23.0339368]],[[-44.1656601,-23.0339368],[-44.1661793,-23.0152514],[-44.1676989,-23.003356],[-44.1931077,-22.9281033],[-44.1745978,-22.9277112],[-44.1646137,-22.9035013],[-44.118817,-22.8673356],[-44.0884689,-22.8836431],[-44.045259,-22.8829853],[-44.0182628,-22.8706739],[-43.9902289,-22.8423512],[-43.9648722,-22.8863523],[-43.940507,-22.8837131],[-43.9269686,-22.8705539],[-43.9037913,-22.8300812],[-43.8884989,-22.8240973],[-43.8800848,-22.8114736],[-43.8725963,-22.8091538],[-43.8424251,-22.7985306],[-43.8377599,-22.7958622],[-43.8301545,-22.7879007],[-43.839835,-22.7559053],[-43.832772,-22.7311503],[-43.8178034,-22.7176031],[-43.7984948,-22.7013224],[-43.8199221,-22.6793964],[-43.8176128,-22.6660558],[-43.8408408,-22.6481258],[-43.8026464,-22.6292973],[-43.7719771,-22.60726],[-43.776266,-22.5669767],[-43.7933899,-22.5488393],[-43.7699193,-22.5179589],[-43.7657762,-22.4587933],[-43.7728787,-22.4375461],[-43.7553254,-22.408878],[-43.7190759,-22.3764863],[-43.7012477,-22.3843121],[-43.6635329,-22.3431572],[-43.6690858,-22.325424],[-43.6539143,-22.3120911],[-43.6053513,-22.3072775],[-43.5621442,-22.2648535],[-43.5251682,-22.2763321],[-43.5147473,-22.2364607],[-43.4810676,-22.2498326],[-43.4705153,-22.2244498],[-43.4577583,-22.2163254],[-43.426496,-22.2360492],[-43.4193205,-22.224065]],[[-43.4193205,-22.224065],[-43.4004141,-22.2162982],[-43.4369938,-22.0599687]],[[-43.4369938,-22.0599687],[-43.4433251,-22.0614786]],[[-44.1738579,-22.2305896],[-44.1807049,-22.2335714]],[[-44.804196,-22.3944705],[-44.7937922,-22.4090768]],[[-44.7937922,-22.4090768],[-44.7763519,-22.4120831],[-44.7553337,-22.4152692],[-44.7339428,-22.4328958],[-44.7192455,-22.4634211],[-44.7238223,-22.4761657],[-44.7127903,-22.509367],[-44.6710072,-22.5366647],[-44.6771244,-22.5475284],[-44.6416234,-22.5602024],[-44.6471202,-22.5846413],[-44.6402486,-22.6080579],[-44.5969551,-22.6099938],[-44.583777,-22.6228551],[-44.5460294,-22.6069617],[-44.5085884,-22.640947],[-44.485175,-22.6110516],[-44.4648767,-22.6159696],[-44.4314745,-22.5986518],[-44.4059457,-22.5989991],[-44.3923701,-22.572494],[-44.3449903,-22.5878487],[-44.3264885,-22.5884476],[-44.2833338,-22.6043817],[-44.2456062,-22.6064197],[-44.2039458,-22.615971],[-44.1842763,-22.6372991],[-44.1613652,-22.6782584],[-44.1989603,-22.7352873],[-44.2295279,-22.7355418],[-44.2504728,-22.7575675],[-44.2676787,-22.8292436],[-44.2965216,-22.8278766],[-44.3742233,-22.8580862],[-44.4230592,-22.8504965],[-44.4332925,-22.8688376],[-44.4661916,-22.8853713],[-44.4849432,-22.846201],[-44.5052785,-22.8515493],[-44.5559534,-22.8880917],[-44.6073108,-22.885237],[-44.6386735,-22.9141538],[-44.6550633,-22.9233564],[-44.6716578,-22.9192868],[-44.6786072,-22.9262152],[-44.7134344,-22.9298754],[-44.7438207,-22.9472056],[-44.751031,-22.972011],[-44.7767395,-22.9780555],[-44.8012564,-22.9965004],[-44.7928172,-23.0098386],[-44.8022084,-23.0487801],[-44.8188437,-23.0914584],[-44.8105998,-23.1155346],[-44.8254815,-23.143741],[-44.8227272,-23.1600769],[-44.8727325,-23.1825022],[-44.8801147,-23.2133097],[-44.8893206,-23.2265949],[-44.8694641,-23.249834],[-44.8421302,-23.2557224],[-44.8399931,-23.2633896],[-44.8188487,-23.2897377],[-44.7874214,-23.2991069],[-44.7867846,-23.3100876],[-44.7816111,-23.3258969],[-44.7280809,-23.368932]],[[-43.793141,-23.0614563],[-43.8773965,-23.0498313],[-43.8994668,-23.0687956],[-43.9333909,-23.057165],[-43.9544335,-23.0409264],[-43.9737221,-23.0455041],[-44.0107424,-23.0793065],[-44.006465,-23.0964754],[-43.9879975,-23.1024004],[-43.9679631,-23.0904553],[-43.8820962,-23.0747432],[-43.7836641,-23.0626873],[-43.630363,-23.0502651],[-43.5769517,-23.0481352],[-43.6142776,-23.030969],[-43.706992,-23.0530833],[-43.793141,-23.0614563]],[[-43.8824602,-22.9248429],[-43.9109268,-22.9413852],[-43.8968922,-22.9586076],[-43.8824602,-22.9248429]],[[-43.2783281,-22.3561616],[-43.2877739,-22.370703],[-43.3253957,-22.2787201]],[[-43.3988421,-22.2211443],[-43.4193205,-22.224065]],[[-44.1656601,-23.0339368],[-44.1446907,-23.036032],[-44.1133457,-23.0232034],[-44.0825803,-22.9929905],[-44.0813277,-22.9594999],[-44.0537747,-22.9422934],[-44.0410331,-22.9474006],[-44.0472935,-22.9845043],[-44.0122839,-22.9459265],[-43.9509172,-22.9269528],[-43.9102718,-22.9310166],[-43.8830205,-22.9215042],[-43.867489,-22.9039029],[-43.8456571,-22.9017065],[-43.8320353,-22.9311906],[-43.8102224,-22.917569],[-43.7843279,-22.9242711],[-43.7462805,-22.9458873],[-43.7006032,-22.9857035],[-43.6742791,-22.9803094],[-43.6532004,-23.0027751],[-43.6229159,-23.0078702],[-43.562373,-23.0531564],[-43.5085352,-23.0475738],[-43.4928009,-23.0353181],[-43.3986838,-23.0143491],[-43.3359425,-23.011363],[-43.2873845,-23.0148424],[-43.2747269,-23.002277],[-43.2407815,-23.0004151],[-43.2266681,-22.988537],[-43.1952466,-22.9884332],[-43.1565953,-22.9533049],[-43.1803779,-22.9479345],[-43.1615378,-22.9052779],[-43.1958862,-22.8920373],[-43.2365296,-22.8620282],[-43.2735418,-22.8101522],[-43.27863,-22.7804863],[-43.2578794,-22.7564137],[-43.1947401,-22.7220395],[-43.151794,-22.7080015],[-43.1339363,-22.7150404],[-43.1176099,-22.6986864],[-43.0845631,-22.6796607],[-43.037207,-22.7007754],[-43.0294023,-22.7476182],[-43.0638281,-22.7648069],[-43.0815323,-22.7893856],[-43.0650793,-22.8029319],[-43.0971232,-22.8281171],[-43.1015676,-22.8530319],[-43.1345626,-22.8815742],[-43.0986248,-22.9315746],[-43.1104297,-22.9536496],[-43.0773004,-22.9559543],[-43.0457447,-22.9724856],[-43.0140716,-22.9770959],[-43.0046864,-22.9697186],[-42.9177002,-22.9749446],[-42.8707092,-22.9656493],[-42.7331058,-22.9564613],[-42.7026317,-22.9565952],[-42.6412124,-22.9375378]],[[-43.1722315,-22.7756487],[-43.1885841,-22.7945695],[-43.2193146,-22.7851515],[-43.2566881,-22.7974008],[-43.2656753,-22.8128498],[-43.2376545,-22.8327381],[-43.2102231,-22.8156526],[-43.1726462,-22.825297],[-43.1783521,-22.8020611],[-43.1574536,-22.7873981],[-43.1722315,-22.7756487]],[[-49.8476578,-21.2718421],[-49.8251443,-21.276411],[-49.8167481,-21.2793725],[-49.809567,-21.2842942],[-49.8029796,-21.2923192]],[[-49.8029796,-21.2923192],[-49.7718211,-21.3061846],[-49.7538039,-21.297016],[-49.7277927,-21.3449248],[-49.7117726,-21.3349737],[-49.6714866,-21.3491992],[-49.6284218,-21.3544337],[-49.5806463,-21.3832159],[-49.5696057,-21.4030657]],[[-49.5696057,-21.4030657],[-49.5259124,-21.4473449]],[[-49.5259124,-21.4473449],[-49.4954782,-21.4941683],[-49.4622519,-21.5158189]],[[-49.4622519,-21.5158189],[-49.4492447,-21.5211081],[-49.4323664,-21.5353271],[-49.4179796,-21.5432996],[-49.4054559,-21.543993],[-49.3815814,-21.5351425]],[[-49.3815814,-21.5351425],[-49.3770339,-21.5348989]],[[-49.3770339,-21.5348989],[-49.3703922,-21.5357946],[-49.3487182,-21.5426352],[-49.3415648,-21.5454732],[-49.3350308,-21.5500967],[-49.327168,-21.5619821]],[[-49.327168,-21.5619821],[-49.3121295,-21.6163121],[-49.2827183,-21.6501628],[-49.2782397,-21.6552881],[-49.2386356,-21.6708038],[-49.2294131,-21.6703244],[-49.2132932,-21.6711444]],[[-49.2132932,-21.6711444],[-49.2274006,-21.6595359]],[[-49.2274006,-21.6595359],[-49.2355096,-21.6346884],[-49.2399933,-21.6211027],[-49.2253313,-21.6108535],[-49.2122184,-21.6048151],[-49.1801263,-21.5911358],[-49.1547551,-21.5543947],[-49.1493074,-21.5289358],[-49.1167117,-21.512405],[-49.1141409,-21.4987171],[-49.0871378,-21.4662836],[-49.0561669,-21.4877566],[-49.0196104,-21.4824315],[-48.9932583,-21.4562635],[-48.979189,-21.4160895],[-48.9492886,-21.425989],[-48.9483302,-21.3991662],[-48.9105963,-21.3771128],[-48.887101,-21.3877339],[-48.8729608,-21.3942951],[-48.8360673,-21.3927607],[-48.7748725,-21.42738],[-48.7568576,-21.4240061]],[[-48.7568576,-21.4240061],[-48.752385,-21.4062841]],[[-48.752385,-21.4062841],[-48.7451251,-21.392425],[-48.7470625,-21.3581457],[-48.7343563,-21.3335479],[-48.7341871,-21.2609802],[-48.7233049,-21.2417548],[-48.6952542,-21.2213891],[-48.7243671,-21.1898095],[-48.7363056,-21.14876],[-48.7459251,-21.1480337],[-48.7769036,-21.0992454],[-48.7705106,-21.0909832],[-48.7254258,-21.0738162],[-48.7157831,-21.0473825],[-48.6919966,-21.0121524],[-48.7084799,-20.980997],[-48.7290824,-20.9774538],[-48.7440241,-20.9556319],[-48.7750539,-20.9454682],[-48.77238,-20.9264664],[-48.7505528,-20.9022424],[-48.7440866,-20.894043],[-48.7546227,-20.8775334],[-48.7470769,-20.831183],[-48.7194019,-20.812958],[-48.7206743,-20.8028266],[-48.7176088,-20.8000954],[-48.7228638,-20.7836913],[-48.7262565,-20.7655889],[-48.7315433,-20.7603695],[-48.7477737,-20.753001],[-48.7526446,-20.7444063],[-48.7640355,-20.7407303],[-48.7891901,-20.7257109],[-48.7923696,-20.7230777],[-48.7980857,-20.7155909],[-48.7974149,-20.7125695],[-48.7865066,-20.6887289],[-48.798561,-20.6548052],[-48.8274722,-20.6590688],[-48.840686,-20.6521647],[-48.8457105,-20.6250369],[-48.832567,-20.5770772],[-48.8401898,-20.5560624],[-48.8513662,-20.546284],[-48.8673646,-20.531224],[-48.8674821,-20.5110065],[-48.8816937,-20.499682],[-48.8870712,-20.481687],[-48.8913531,-20.4766893],[-48.8923843,-20.4547635],[-48.8821199,-20.4408693],[-48.8864579,-20.4368891]],[[-48.8864579,-20.4368891],[-48.8949446,-20.4418139],[-48.8998625,-20.4413362],[-48.9230117,-20.4247847]],[[-48.9630303,-20.4031215],[-48.9688978,-20.3937402],[-48.9706678,-20.3865862],[-48.9656668,-20.3628993]],[[-50.4401248,-19.7940962],[-50.454493,-19.7860424],[-50.4693236,-19.7798888],[-50.4781877,-19.7814578],[-50.4861992,-19.7856507]],[[-51.000475,-20.0853844],[-51.0691631,-20.2500495]],[[-51.0691631,-20.2500495],[-51.1093896,-20.2800922]],[[-51.1093896,-20.2800922],[-51.104648,-20.286392],[-51.092991,-20.289901],[-51.078922,-20.328211],[-51.0548649,-20.3581198],[-51.02066,-20.3858572],[-50.9863424,-20.4403112],[-50.9790159,-20.4725429],[-50.9825274,-20.495711],[-50.9691781,-20.5106671],[-50.9662849,-20.549228],[-50.9364873,-20.5548187],[-50.9130004,-20.5408666],[-50.8682717,-20.5453457],[-50.8412619,-20.5333452],[-50.8190489,-20.533079],[-50.7791421,-20.5454362],[-50.7728472,-20.5544419],[-50.7616334,-20.5762113],[-50.7664912,-20.6248074],[-50.8020604,-20.6024025],[-50.8011407,-20.6703431],[-50.7509765,-20.6814095],[-50.7458184,-20.7211074],[-50.722885,-20.7068468],[-50.6855468,-20.707797],[-50.6826136,-20.7335222],[-50.6595766,-20.7317204],[-50.6214634,-20.7677191],[-50.602395,-20.7728914],[-50.5055827,-20.7616059],[-50.4579645,-20.7778738],[-50.449937,-20.8008697],[-50.4252462,-20.7964201],[-50.4116598,-20.8130674],[-50.3926592,-20.8092152],[-50.3508745,-20.8460949],[-50.3311558,-20.8547738],[-50.3232394,-20.8727931],[-50.3039132,-20.8691508],[-50.2767161,-20.8836031],[-50.2582896,-20.9058434],[-50.2266271,-20.8886389],[-50.2148471,-20.8986762],[-50.1817245,-20.9010345],[-50.1495158,-20.8732029],[-50.1328484,-20.8823135],[-50.0926816,-20.8867652],[-50.0510367,-20.9343989],[-50.0319042,-20.9332582],[-50.022374,-20.9435817],[-50.0438293,-20.9913107],[-50.0744694,-21.017472],[-50.1074772,-21.0630001],[-50.1041039,-21.0997234],[-50.1473087,-21.1391198],[-50.1483,-21.1555833],[-50.132862,-21.1927544],[-50.1139664,-21.2088479],[-50.09098,-21.2203344],[-50.0859539,-21.2197655],[-50.0605956,-21.215024],[-50.0277253,-21.2107276],[-50.0002179,-21.2266555],[-49.9620609,-21.2277122],[-49.8846692,-21.2481684],[-49.8476578,-21.2718421]],[[-48.7071077,-20.1602172],[-48.7274444,-20.1507998],[-48.7354644,-20.1495884],[-48.7537233,-20.1533683]],[[-48.7811373,-20.1638525],[-48.8257432,-20.1619575],[-48.8391382,-20.1686537],[-48.8553925,-20.180144]],[[-48.8786069,-20.4296692],[-48.8864579,-20.4368891]],[[-48.752385,-21.4062841],[-48.7493712,-21.4215768]],[[-48.7493712,-21.4215768],[-48.7377937,-21.4198106],[-48.7261589,-21.4196682],[-48.7185306,-21.429629],[-48.7194477,-21.4425798],[-48.7090619,-21.4883833],[-48.6854386,-21.4859663],[-48.6752849,-21.4889636],[-48.6613317,-21.5287162],[-48.6355514,-21.5665888],[-48.6236503,-21.541734],[-48.6161465,-21.5340194],[-48.6035945,-21.5140609],[-48.575525,-21.5165896],[-48.5627372,-21.5314752],[-48.5284493,-21.5198997],[-48.4868258,-21.5184388],[-48.4710754,-21.512694],[-48.4639851,-21.4923878],[-48.432058,-21.4909142],[-48.406803,-21.4728003],[-48.3940508,-21.4922078],[-48.3705665,-21.5050168],[-48.3514758,-21.4922814],[-48.2210209,-21.4712239],[-48.197954,-21.4649606],[-48.1778485,-21.4375725],[-48.1454322,-21.4298727],[-48.1176433,-21.435117],[-48.0761138,-21.4768971],[-48.054209,-21.481364],[-48.024018,-21.5376615],[-47.9909643,-21.5656661],[-47.9986691,-21.5817043],[-47.9937681,-21.584533],[-47.9878226,-21.5898986],[-47.9841829,-21.5954501],[-47.950138,-21.5983995],[-47.9251908,-21.5766806],[-47.9131682,-21.5893084],[-47.892896,-21.5825804],[-47.8649587,-21.6120954],[-47.8371443,-21.6045194],[-47.8346077,-21.6115962],[-47.818556,-21.6147668],[-47.8068276,-21.6355115],[-47.8188381,-21.6599715],[-47.8090995,-21.699288],[-47.7681522,-21.6914638],[-47.7368293,-21.7118828],[-47.7217836,-21.7059499],[-47.7052003,-21.7206835],[-47.6814804,-21.7157865],[-47.6671571,-21.7426131],[-47.6449198,-21.7264509],[-47.6315089,-21.7269103],[-47.6235415,-21.7404543],[-47.5986362,-21.7383058],[-47.5822035,-21.7523212],[-47.5698608,-21.7843349],[-47.5524919,-21.7944394],[-47.5382466,-21.8021174]],[[-47.5382466,-21.8021174],[-47.5348359,-21.7976436],[-47.5107459,-21.8081911]],[[-47.5107459,-21.8081911],[-47.4646275,-21.7854968],[-47.4385429,-21.7808285],[-47.4248063,-21.7556969],[-47.3668468,-21.7787012],[-47.3468981,-21.8065311],[-47.3322516,-21.7842584],[-47.2996563,-21.7632995],[-47.2932941,-21.7573556],[-47.3036808,-21.7373111],[-47.3303403,-21.7265827],[-47.3269226,-21.7037714],[-47.337498,-21.6869864],[-47.3222221,-21.6499535],[-47.3421613,-21.6422103],[-47.3806019,-21.6498117],[-47.3997708,-21.6220886],[-47.3818819,-21.5994799],[-47.3642764,-21.5936931],[-47.3570924,-21.5700048],[-47.3075037,-21.5512254],[-47.2909207,-21.5535998],[-47.2763683,-21.5256697],[-47.2822922,-21.5156152],[-47.2716219,-21.457502],[-47.2369566,-21.4430202],[-47.2149226,-21.4269945],[-47.2046167,-21.3849913],[-47.1870203,-21.3587776],[-47.1751159,-21.3192466],[-47.1573325,-21.3022801],[-47.1275857,-21.3288151],[-47.1076666,-21.3158253],[-47.0654749,-21.2693552],[-47.0480777,-21.2682679]],[[-47.0480777,-21.2682679],[-47.0450512,-21.2629544]],[[-47.2325698,-20.2275223],[-47.2310736,-20.2191522]],[[-47.8597507,-19.9929397],[-47.8724421,-20.0130302],[-47.8758308,-20.0214101],[-47.8758201,-20.0324105],[-47.8732795,-20.0373602]],[[-51.6442757,-20.9555242],[-51.6596463,-20.9685035],[-51.6787264,-20.9729444],[-51.705683,-20.9703564]],[[-51.705683,-20.9703564],[-51.7222304,-20.976768],[-51.7596476,-21.0221968],[-51.7719774,-21.0459252]],[[-51.7719774,-21.0459252],[-51.7724764,-21.0511213]],[[-51.7724764,-21.0511213],[-51.7677318,-21.0569193],[-51.7643972,-21.054683],[-51.7618578,-21.0642675],[-51.719458,-21.0696246],[-51.7019579,-21.0909809],[-51.697849,-21.0954084],[-51.6906032,-21.1446882],[-51.6537841,-21.1674581],[-51.6136783,-21.1416537],[-51.5914512,-21.1486358],[-51.5934459,-21.170995],[-51.5646093,-21.1901455],[-51.5430206,-21.1916777],[-51.4866929,-21.233111],[-51.4353074,-21.2457343],[-51.3994479,-21.2669321],[-51.3853483,-21.2843565],[-51.325357,-21.2916894],[-51.3040189,-21.3086411],[-51.2616879,-21.3275783],[-51.2377772,-21.326808],[-51.1897265,-21.3770868],[-51.1656989,-21.3841483],[-51.1480784,-21.3745866],[-51.122436,-21.3815943],[-51.1009539,-21.3702268],[-51.0542505,-21.4046512],[-51.0341283,-21.4084459],[-51.0258517,-21.4256077],[-50.9985668,-21.4393988],[-50.9814978,-21.4318604],[-50.9469595,-21.4478554],[-50.9248712,-21.4413593],[-50.9044807,-21.484772],[-50.8742864,-21.4888984],[-50.8647206,-21.5095796],[-50.8695237,-21.5250926],[-50.8137092,-21.5423824],[-50.7942118,-21.5590592],[-50.7893367,-21.5493801],[-50.7774612,-21.542772],[-50.7735203,-21.5446233],[-50.7692616,-21.5481703],[-50.7726495,-21.5578948],[-50.7817072,-21.5629313],[-50.7078743,-21.5855038],[-50.6703738,-21.6049356],[-50.6521523,-21.6235328],[-50.6466327,-21.6506802],[-50.6276064,-21.6429473],[-50.6203287,-21.6459531],[-50.6208553,-21.6538629]],[[-50.6208553,-21.6538629],[-50.6140726,-21.6567784]],[[-50.6140726,-21.6567784],[-50.6066578,-21.6591145],[-50.6003902,-21.6615698],[-50.5729613,-21.6871354],[-50.5690953,-21.6906631],[-50.5690361,-21.692154],[-50.56696,-21.6907233],[-50.5651482,-21.6898561],[-50.5612036,-21.6908398],[-50.5065764,-21.7090835],[-50.4694221,-21.705892],[-50.4628418,-21.7002282],[-50.4614535,-21.6899656],[-50.4572668,-21.6872966],[-50.454983,-21.6894453],[-50.4517622,-21.6911669],[-50.4376297,-21.6953735],[-50.4006149,-21.7139625],[-50.3969488,-21.7171505],[-50.3621777,-21.7221294],[-50.3522742,-21.7117633],[-50.3177158,-21.707305],[-50.2944414,-21.7173232],[-50.2743608,-21.7075521]],[[-50.2743608,-21.7075521],[-50.2655365,-21.7032814]],[[-50.2655365,-21.7032814],[-50.248949,-21.7000788],[-50.2444168,-21.6993621],[-50.207621,-21.6868129],[-50.1729222,-21.6950876],[-50.1553819,-21.6810553],[-50.1165307,-21.6918186],[-50.1001248,-21.6434938],[-50.1001188,-21.6209986],[-50.0611094,-21.5894354],[-50.0448072,-21.607914],[-50.0282063,-21.5892349],[-49.9967107,-21.5887823],[-49.9866446,-21.5878634],[-49.9540759,-21.5770341],[-49.9248074,-21.5564627],[-49.9087784,-21.5386538],[-49.9100424,-21.5230273],[-49.9108995,-21.5104603],[-49.8914839,-21.4758948],[-49.8722429,-21.4688611],[-49.8611456,-21.4304801],[-49.8685525,-21.3926257],[-49.8239765,-21.3303331],[-49.8180553,-21.3031039],[-49.8317876,-21.284571],[-49.8305894,-21.280817],[-49.8319166,-21.2768076],[-49.8331372,-21.2772645],[-49.8316287,-21.2749525]],[[-49.8316287,-21.2749525],[-49.8476578,-21.2718421]],[[-51.1093896,-20.2800922],[-51.117583,-20.2869446]],[[-51.117583,-20.2869446],[-51.1607664,-20.3052241],[-51.2399055,-20.3169359],[-51.2956845,-20.3284821],[-51.321445,-20.3396192],[-51.3508686,-20.3631794],[-51.3751155,-20.396527],[-51.4092796,-20.4595706],[-51.4492291,-20.4828154],[-51.4928561,-20.5465063],[-51.5002223,-20.5682163],[-51.5330051,-20.5969939],[-51.5883103,-20.6356507],[-51.6242875,-20.7125187],[-51.6348992,-20.7548484],[-51.6245322,-20.7717971],[-51.6329772,-20.8215582],[-51.6297015,-20.8614529],[-51.613677,-20.8963192],[-51.6189985,-20.9325906],[-51.6235873,-20.9444329],[-51.6442757,-20.9555242]],[[-49.7720015,-22.5006463],[-49.748004,-22.5400975],[-49.7365002,-22.5883762],[-49.7070581,-22.6186891],[-49.6888333,-22.6013208],[-49.6615622,-22.6071079],[-49.6301442,-22.6239856],[-49.6249953,-22.649635],[-49.6025855,-22.6654619],[-49.5803802,-22.616504],[-49.5853909,-22.6039021],[-49.5588319,-22.5655454],[-49.5474844,-22.56105],[-49.5344439,-22.5448715],[-49.5328758,-22.5438385],[-49.5158307,-22.5181692],[-49.5092588,-22.5180119],[-49.5030166,-22.5138467],[-49.4896875,-22.5418596],[-49.4544066,-22.567697],[-49.444351,-22.6004981],[-49.4175799,-22.6218573],[-49.3556207,-22.6366889],[-49.3535048,-22.6452462],[-49.3570218,-22.6449236],[-49.3396897,-22.6659058],[-49.3356656,-22.6763548],[-49.3589935,-22.6825815],[-49.3713344,-22.7073299],[-49.3839921,-22.7080983],[-49.3823385,-22.7139834],[-49.3856966,-22.7629144],[-49.3682353,-22.8188247],[-49.378128,-22.8575904],[-49.3695115,-22.8837839],[-49.3381133,-22.8901237],[-49.3090505,-22.8850174],[-49.3023166,-22.9137182],[-49.2894064,-22.933685],[-49.3036367,-22.9529004],[-49.2799883,-22.9696687],[-49.2568393,-22.9749675],[-49.2457885,-23.0128355],[-49.2220378,-23.0364807],[-49.2411529,-23.0703303],[-49.2374117,-23.1184776],[-49.2484996,-23.1649804],[-49.2427,-23.20775],[-49.2124641,-23.2245388],[-49.2043476,-23.2744901],[-49.2137479,-23.2957365],[-49.2037982,-23.3070523],[-49.2150753,-23.3400122],[-49.2063248,-23.378127],[-49.2179367,-23.3867569],[-49.2204135,-23.391666]],[[-49.2204135,-23.391666],[-49.2131171,-23.4175117]],[[-49.2131171,-23.4175117],[-49.1906732,-23.4293419],[-49.18293,-23.4231607],[-49.1788738,-23.4328882],[-49.1889866,-23.4410457],[-49.1562283,-23.4762289],[-49.1612905,-23.5416555],[-49.1566537,-23.5451487],[-49.1343205,-23.5470225],[-49.1175948,-23.5601992],[-49.1236263,-23.5783602],[-49.127198,-23.5847749],[-49.1204292,-23.6317902],[-49.1363372,-23.6615736],[-49.1415814,-23.7120809],[-49.1327337,-23.7214747],[-49.0327924,-23.6775923],[-49.0256789,-23.6503506],[-48.9969767,-23.6422044],[-48.9783178,-23.6234093],[-48.9251536,-23.626426],[-48.8673433,-23.6081465],[-48.8373915,-23.5944894],[-48.8187973,-23.6089592],[-48.8024695,-23.6374316],[-48.7809569,-23.6428024],[-48.766728,-23.6135899],[-48.6995935,-23.6027558],[-48.6779753,-23.5876263],[-48.6229066,-23.5944449],[-48.6072718,-23.5749431],[-48.6267542,-23.5619649],[-48.644623,-23.5206954],[-48.6245379,-23.4971187],[-48.642741,-23.4718918],[-48.6493693,-23.4221657],[-48.6331238,-23.3978751],[-48.6279332,-23.3563704],[-48.6474606,-23.3290778],[-48.5905088,-23.314921],[-48.5370618,-23.2731957],[-48.4915389,-23.2611333],[-48.4360667,-23.2733929],[-48.4060447,-23.2676308],[-48.4028636,-23.2852816],[-48.3683777,-23.297022],[-48.3388334,-23.282011],[-48.3369499,-23.268],[-48.3003553,-23.257879],[-48.2731334,-23.2737022],[-48.2538032,-23.2575413],[-48.260767,-23.2299453],[-48.2453295,-23.2096259],[-48.2211461,-23.191752],[-48.1900508,-23.1752196],[-48.1819929,-23.1418865],[-48.1832362,-23.1131063],[-48.1628518,-23.0889431],[-48.1566882,-23.0865298],[-48.1100599,-23.0904949],[-48.0917034,-23.0865004],[-48.0768522,-23.0905335],[-48.0683387,-23.0909601],[-48.0570436,-23.1038342],[-48.0383939,-23.0892415],[-48.0383381,-23.0742776],[-48.0217969,-23.0674284],[-48.0185441,-23.0691113],[-48.0052188,-23.0652027],[-47.954681,-23.0336145],[-47.9464516,-23.0020253],[-47.9284663,-22.9798434],[-47.9328603,-22.9660254],[-47.9337867,-22.9450958],[-47.9400312,-22.9361883],[-47.9470651,-22.933386],[-47.9462385,-22.9075401],[-47.9320204,-22.8910506]],[[-47.9320204,-22.8910506],[-47.9391818,-22.8828927]],[[-47.9391818,-22.8828927],[-47.9615431,-22.8903482],[-47.9877712,-22.8879465],[-48.001227,-22.8994449],[-48.015283,-22.8841087],[-48.0012258,-22.8767532],[-48.0144435,-22.8522502],[-48.0399224,-22.8468873],[-48.031998,-22.825744],[-48.02786,-22.754213],[-48.018273,-22.741369],[-48.021126,-22.724562],[-48.026027,-22.72363],[-48.038356,-22.725163],[-48.070082,-22.736922],[-48.083882,-22.72393],[-48.098664,-22.688783],[-48.0938849,-22.6510124],[-48.090343,-22.6323841],[-48.1160438,-22.629418],[-48.1476726,-22.6317256],[-48.2104662,-22.6181138],[-48.2177904,-22.5983055],[-48.2361045,-22.5987715],[-48.242629,-22.6179213],[-48.2614799,-22.6054322],[-48.2569114,-22.6001413],[-48.248555,-22.5697914],[-48.25301,-22.5506616],[-48.2606506,-22.5414861],[-48.2842532,-22.5147849],[-48.2766682,-22.4956117],[-48.2430343,-22.479432],[-48.243835,-22.4682606],[-48.2688861,-22.447904],[-48.2778305,-22.4234186],[-48.2539047,-22.3900145],[-48.2401262,-22.3933154],[-48.2372747,-22.3882185],[-48.2392485,-22.3670163],[-48.2509183,-22.3438544],[-48.2914901,-22.2694369],[-48.3266601,-22.2612137],[-48.3223164,-22.2269718],[-48.3257149,-22.2152265],[-48.3128715,-22.200676]],[[-48.3128715,-22.200676],[-48.3218744,-22.1912215]],[[-48.3218744,-22.1912215],[-48.3554797,-22.1668144],[-48.3810025,-22.1625477],[-48.3937451,-22.143278],[-48.4020238,-22.1025534],[-48.4284694,-22.0898907],[-48.4526123,-22.0514544],[-48.4768576,-22.0418268],[-48.5033114,-22.019421],[-48.5442932,-22.0345397],[-48.5690026,-22.0025936],[-48.5874091,-22.000414],[-48.6264882,-21.9712288],[-48.6448666,-21.9688532],[-48.669801,-21.9498335],[-48.6884491,-21.9126172],[-48.7180453,-21.9077209],[-48.726689,-21.8909989],[-48.7609187,-21.884046],[-48.7828562,-21.8951325],[-48.8089529,-21.8906423],[-48.807939,-21.8932874],[-48.8218121,-21.8895926],[-48.8479384,-21.9098748],[-48.879157,-21.9208652],[-48.892171,-21.906657],[-48.9034268,-21.8734164],[-48.9180721,-21.8605359],[-48.969077,-21.8481691],[-48.9819347,-21.8394249],[-48.9884971,-21.815411],[-48.9619218,-21.7849945],[-48.9602298,-21.7717361],[-48.9731228,-21.7586122],[-49.0440737,-21.7742247],[-49.1084947,-21.7481258],[-49.1438275,-21.6942366],[-49.1560843,-21.6535178],[-49.1642027,-21.6473698],[-49.1762673,-21.6454343],[-49.1986811,-21.6530783],[-49.2100702,-21.6668547]],[[-49.2100702,-21.6668547],[-49.2132932,-21.6711444]],[[-49.327168,-21.5619821],[-49.3327159,-21.5527124],[-49.3383134,-21.5475403],[-49.360596,-21.5386729],[-49.3770339,-21.5348989]],[[-49.3815814,-21.5351425],[-49.4073429,-21.5443332],[-49.4146079,-21.5441046],[-49.4226109,-21.5415641],[-49.4382982,-21.5309946],[-49.4473963,-21.5222905],[-49.4622519,-21.5158189]],[[-49.5259124,-21.4473449],[-49.5495357,-21.4178532],[-49.5696057,-21.4030657]],[[-49.8029796,-21.2923192],[-49.814346,-21.2806086],[-49.8316287,-21.2749525]],[[-50.2655365,-21.7032814],[-50.2715517,-21.7217703]],[[-50.2715517,-21.7217703],[-50.2585196,-21.7386619],[-50.2252185,-21.7525095],[-50.2176021,-21.7605957],[-50.1630763,-21.7784232],[-50.1474581,-21.7987594],[-50.0975382,-21.8457773],[-50.0709375,-21.8564653],[-50.0167056,-21.9101291],[-50.0064109,-21.9256381],[-49.9805335,-21.9426322],[-49.9681511,-21.9385251],[-49.9446879,-21.9538781],[-49.8946183,-21.9676317],[-49.8854528,-21.9713982],[-49.8685408,-21.9846041],[-49.8181372,-22.0008525],[-49.7684268,-22.0434177],[-49.7377629,-22.028805],[-49.6506914,-22.06768],[-49.6371247,-22.0748635],[-49.6176673,-22.1135803],[-49.584994,-22.1127457],[-49.5621421,-22.1452769],[-49.5262267,-22.1555189],[-49.5300379,-22.1815931],[-49.5110853,-22.1897261],[-49.4887086,-22.2349206],[-49.4624305,-22.2452165],[-49.458505,-22.2465299],[-49.4418222,-22.2655676],[-49.4319173,-22.294208],[-49.4254944,-22.2957746],[-49.4412016,-22.3281169],[-49.4650723,-22.3362094],[-49.4828654,-22.3561923],[-49.4950321,-22.3829973],[-49.5197513,-22.3936177],[-49.5563551,-22.3920324],[-49.6039301,-22.443077],[-49.601588,-22.4604174],[-49.6285118,-22.4691534],[-49.6463794,-22.4366403],[-49.674472,-22.4687206],[-49.6943674,-22.4561984],[-49.7017976,-22.4471388],[-49.7040356,-22.4434028],[-49.7102724,-22.4442424],[-49.7215091,-22.4640341],[-49.7479853,-22.4849254],[-49.7565364,-22.4970699],[-49.7556128,-22.4981541],[-49.7720015,-22.5006463]],[[-48.7493712,-21.4215768],[-48.7568576,-21.4240061]],[[-49.2274006,-21.6595359],[-49.2100702,-21.6668547]],[[-48.3218744,-22.1912215],[-48.298743,-22.1921813]],[[-48.298743,-22.1921813],[-48.2742852,-22.1922895],[-48.2550345,-22.1630342],[-48.2158414,-22.1588242],[-48.2052482,-22.1503382],[-48.1818987,-22.1550681],[-48.1758824,-22.1664176],[-48.1347001,-22.183235],[-48.1047199,-22.1800811],[-48.0802878,-22.1570296],[-48.0578181,-22.1507292],[-48.0437203,-22.1288703],[-48.0479766,-22.0779394],[-48.0265796,-22.0769278],[-47.9874988,-22.1177394],[-47.9473797,-22.1111237],[-47.9275407,-22.1311259],[-47.9197894,-22.1506999],[-47.8515759,-22.15653],[-47.8086526,-22.1329725],[-47.760452,-22.163217],[-47.759708,-22.184292],[-47.7112944,-22.2144991],[-47.6949446,-22.2015807],[-47.658919,-22.1895149],[-47.6452801,-22.193227],[-47.5993155,-22.1790695],[-47.5900931,-22.1520023],[-47.5588076,-22.1562192],[-47.5499748,-22.1481568],[-47.5620335,-22.113795],[-47.577034,-22.0935319]],[[-47.577034,-22.0935319],[-47.6068078,-22.0664141]],[[-47.6068078,-22.0664141],[-47.5811421,-22.0323016],[-47.5746285,-22.0142922],[-47.5819182,-21.9904181],[-47.5442215,-21.9802929],[-47.5354037,-21.9556534],[-47.5119128,-21.9358967],[-47.5106265,-21.8793213],[-47.543294,-21.8625611],[-47.5550202,-21.8374338],[-47.5426167,-21.8213552],[-47.524066,-21.811089],[-47.5242086,-21.8023138]],[[-47.5242086,-21.8023138],[-47.5382466,-21.8021174]],[[-47.9391818,-22.8828927],[-47.9148191,-22.883417]],[[-47.9148191,-22.883417],[-47.8762629,-22.8642522],[-47.8578548,-22.8669517],[-47.8687696,-22.8990093],[-47.8447611,-22.9016352],[-47.8088846,-22.8777451],[-47.8074892,-22.8809717],[-47.8122265,-22.9051508],[-47.8138044,-22.9160236],[-47.8127429,-22.9206031],[-47.8151084,-22.923293],[-47.8227696,-22.9359385],[-47.8226885,-22.9435698],[-47.816289,-22.9629017],[-47.8120166,-22.9812392],[-47.7966514,-22.9782131],[-47.7774657,-22.9775571],[-47.7659915,-22.979994],[-47.7571633,-22.9978093],[-47.76692,-23.0150665],[-47.7820244,-23.0145427],[-47.7871,-23.0293096],[-47.7677085,-23.0296142],[-47.7829967,-23.0403587],[-47.8299267,-23.0823725],[-47.8308551,-23.0892319],[-47.8106249,-23.0965898],[-47.8128631,-23.1372328],[-47.7897292,-23.1522574],[-47.7529158,-23.1217496],[-47.7416468,-23.1394003],[-47.7139763,-23.1406738],[-47.7121363,-23.1597798],[-47.6875411,-23.1729735],[-47.6842589,-23.1965266],[-47.6921669,-23.2189955],[-47.6845462,-23.2197403],[-47.6328184,-23.1911041]],[[-47.6328184,-23.1911041],[-47.6290573,-23.1915128]],[[-47.6290573,-23.1915128],[-47.6159252,-23.1818367],[-47.6130074,-23.1524546],[-47.5876705,-23.1533096],[-47.5869415,-23.1453477],[-47.6067253,-23.1317885],[-47.6198035,-23.1417831],[-47.6241522,-23.1376768],[-47.6244682,-23.1141287],[-47.6171083,-23.1117206],[-47.6160587,-23.106434],[-47.5813895,-23.1037254],[-47.5632346,-23.0906857],[-47.5493757,-23.0973751],[-47.5420163,-23.0983774],[-47.5286261,-23.0948139],[-47.5097134,-23.0913723],[-47.4888075,-23.107493],[-47.4653002,-23.1098863],[-47.4475045,-23.1071888]],[[-47.4475045,-23.1071888],[-47.4210149,-23.0930438]],[[-47.4210149,-23.0930438],[-47.4214813,-23.0892385],[-47.4370965,-23.0577776],[-47.4505433,-23.0419064],[-47.4607717,-23.0332092],[-47.4274067,-23.0023494],[-47.4042291,-23.0095088],[-47.3887656,-22.9836441],[-47.4065228,-22.9644533],[-47.3873551,-22.9559862],[-47.3970897,-22.9031056],[-47.4354163,-22.8956566],[-47.4650576,-22.8582044],[-47.5193971,-22.854415],[-47.527417,-22.8301143],[-47.5200086,-22.8147346],[-47.496479,-22.7821305],[-47.4950566,-22.7674302],[-47.4929628,-22.7534659],[-47.5033198,-22.7299307],[-47.474296,-22.7383149],[-47.4248748,-22.7105926],[-47.3909721,-22.7039265],[-47.361881,-22.680851],[-47.334084,-22.713321],[-47.312744,-22.687374],[-47.291789,-22.692813],[-47.2786913,-22.6623013],[-47.2537658,-22.6248672],[-47.2333245,-22.6118476],[-47.2312674,-22.5806228],[-47.2184289,-22.5611156],[-47.214443,-22.5349881],[-47.2365738,-22.5205921],[-47.2472686,-22.4936349],[-47.2468057,-22.4706924],[-47.2320504,-22.4605136],[-47.2248805,-22.4479669],[-47.2152034,-22.4320598],[-47.2016483,-22.4337141],[-47.1832608,-22.4363602],[-47.1628116,-22.4638683],[-47.1485945,-22.4813348],[-47.1209416,-22.4559188],[-47.1165218,-22.4320175],[-47.1108147,-22.4157397],[-47.1058151,-22.4084652],[-47.0885044,-22.3990715],[-47.0809591,-22.3439391],[-47.0774451,-22.3310088],[-47.091217,-22.3218753],[-47.0984749,-22.2932104],[-47.1352916,-22.2997702],[-47.1725075,-22.2925617],[-47.1842908,-22.2920201],[-47.1833275,-22.2791708],[-47.1840241,-22.2748762],[-47.1924979,-22.2724919],[-47.1992404,-22.282609],[-47.2302655,-22.2568258],[-47.227448,-22.2385544],[-47.2277001,-22.2273967],[-47.2363711,-22.2217629],[-47.2271006,-22.2097331],[-47.2163731,-22.2044438],[-47.2045147,-22.2047526],[-47.1935456,-22.1689152],[-47.1992573,-22.149781],[-47.1974889,-22.0987169],[-47.2584419,-22.091429],[-47.2765436,-22.1023367],[-47.3015174,-22.1028097],[-47.3413522,-22.0908705],[-47.3774909,-22.0957894],[-47.442046,-22.0635816],[-47.4553639,-22.0829251],[-47.5014131,-22.0875006],[-47.5222537,-22.0720051],[-47.5527118,-22.0885265]],[[-47.5527118,-22.0885265],[-47.577034,-22.0935319]],[[-48.298743,-22.1921813],[-48.3128715,-22.200676]],[[-47.4210149,-23.0930438],[-47.4282105,-23.1010927]],[[-47.4282105,-23.1010927],[-47.4115361,-23.1200514],[-47.4233624,-23.1567921],[-47.3983404,-23.1618413],[-47.35204,-23.132759],[-47.339276,-23.111153],[-47.305624,-23.133952],[-47.291534,-23.156646],[-47.260271,-23.146819],[-47.245354,-23.182815],[-47.195376,-23.186159],[-47.1566285,-23.2019471],[-47.1201435,-23.198864],[-47.1135779,-23.1787296],[-47.133716,-23.1465744],[-47.1417918,-23.1005953],[-47.08432,-23.0896934],[-47.0922471,-23.0582487],[-47.070169,-23.047636],[-47.0425693,-23.0525148],[-47.038051,-23.0655605],[-47.0049944,-23.1023473],[-46.9744113,-23.07168],[-46.9424035,-23.0668682],[-46.9034347,-23.0363109],[-46.9273549,-22.9879363],[-46.9261948,-22.9745448],[-46.9026623,-22.9483235],[-46.8755622,-22.9374648],[-46.889424,-22.909701],[-46.870772,-22.902721],[-46.830165,-22.906924],[-46.815929,-22.895669],[-46.851074,-22.876245],[-46.858385,-22.8361772],[-46.8187184,-22.8450913],[-46.8012668,-22.8356295],[-46.784231,-22.8497152],[-46.7608793,-22.8478524],[-46.7545068,-22.8224485],[-46.7294501,-22.8167886],[-46.7212803,-22.7836705],[-46.703501,-22.7708211],[-46.6749499,-22.7676172],[-46.647978,-22.7731635],[-46.6539496,-22.7890155],[-46.6238959,-22.8052606],[-46.6177739,-22.8313275],[-46.5792306,-22.8474375],[-46.5428116,-22.8386472],[-46.5128334,-22.8215953],[-46.500496,-22.8263919],[-46.4500347,-22.8223612],[-46.4363673,-22.8199223],[-46.4042342,-22.8071688],[-46.3947492,-22.8183155],[-46.3785381,-22.8204242],[-46.374515,-22.820242]],[[-46.374515,-22.820242],[-46.3672846,-22.8014746]],[[-47.0418962,-21.2697425],[-47.0480777,-21.2682679]],[[-47.5107459,-21.8081911],[-47.5242086,-21.8023138]],[[-47.6068078,-22.0664141],[-47.5783867,-22.088927],[-47.5527118,-22.0885265]],[[-51.9361268,-21.4623165],[-51.9428155,-21.4649219],[-51.9491231,-21.469819],[-51.955249,-21.4779445],[-51.9679033,-21.5017621]],[[-51.9679033,-21.5017621],[-52.0003676,-21.5166265],[-52.0620417,-21.5032685],[-52.0777894,-21.5152225],[-52.1022934,-21.5548406],[-52.0987673,-21.5749856],[-52.0688756,-21.5981075],[-52.0483403,-21.6563421],[-52.0764924,-21.7148802],[-52.1028652,-21.7452912],[-52.147792,-21.7595888],[-52.1612618,-21.7707737],[-52.1839844,-21.8144605],[-52.1905614,-21.8461447],[-52.233433,-21.883754],[-52.2484061,-21.9022804],[-52.2749632,-21.9149419],[-52.3014847,-21.9421686],[-52.3190194,-21.9721319],[-52.3391918,-22.0478264],[-52.377218,-22.1066782],[-52.3919064,-22.1146789],[-52.4081883,-22.1416352],[-52.4457419,-22.1769469],[-52.4799657,-22.2008818],[-52.4877143,-22.217206],[-52.5869392,-22.2567505],[-52.6019914,-22.2719514],[-52.6333804,-22.2849861],[-52.6502765,-22.301001],[-52.6951341,-22.3146106],[-52.745835,-22.343313],[-52.7983309,-22.3782734],[-52.8398869,-22.415311],[-52.8547612,-22.4391124],[-52.885837,-22.4528736],[-52.9882459,-22.4868783],[-53.0143612,-22.5206658],[-53.039801,-22.5273956],[-53.0738065,-22.5488576],[-53.097789,-22.5824763]],[[-53.097789,-22.5824763],[-53.1078623,-22.5955115],[-53.1098578,-22.6043011],[-53.1087062,-22.6150398],[-53.0945825,-22.6379787]],[[-53.0945825,-22.6379787],[-53.0557979,-22.6326227],[-53.030807,-22.6084114],[-52.972425,-22.5704843],[-52.9247426,-22.565624],[-52.9053625,-22.5722073],[-52.8583628,-22.608001],[-52.8154397,-22.5970432],[-52.7828639,-22.6020617],[-52.7503018,-22.6123689]],[[-52.7503018,-22.6123689],[-52.7269043,-22.6252423],[-52.7179958,-22.6275369],[-52.7082514,-22.6280619],[-52.6971054,-22.6270066],[-52.6630376,-22.6119177],[-52.6441646,-22.5975396]],[[-52.6441646,-22.5975396],[-52.6113574,-22.5744716],[-52.5893444,-22.5660966],[-52.5453772,-22.6117435],[-52.5026768,-22.6345557],[-52.4676343,-22.6158782],[-52.4330458,-22.6071665],[-52.3686111,-22.6293368],[-52.3004356,-22.635445],[-52.2786947,-22.6203902],[-52.2504131,-22.6154264],[-52.2280991,-22.6425169],[-52.2225772,-22.6755354],[-52.1971818,-22.6589303],[-52.156678,-22.6447189],[-52.156854,-22.6286819],[-52.1609654,-22.5894509],[-52.1519563,-22.5685566],[-52.1388808,-22.5312652],[-52.1186213,-22.516835],[-52.0896174,-22.5212499],[-52.0518778,-22.5393263]],[[-52.0518778,-22.5393263],[-52.0253578,-22.5397413],[-52.0126511,-22.5416962]],[[-52.0126511,-22.5416962],[-52.002595,-22.5455001],[-51.9911832,-22.5507667],[-51.9405126,-22.5673428],[-51.8789728,-22.624353],[-51.8470961,-22.632226],[-51.7814179,-22.615842],[-51.7454609,-22.6245809]],[[-51.7454609,-22.6245809],[-51.7357046,-22.6242925],[-51.7330367,-22.6286144],[-51.7258674,-22.6614648]],[[-51.7258674,-22.6614648],[-51.6991709,-22.6693686],[-51.6463861,-22.6563411],[-51.6158422,-22.6625934],[-51.5914778,-22.6851988],[-51.5595692,-22.6971793],[-51.5434953,-22.6895165],[-51.4989018,-22.6905293],[-51.4719041,-22.6771868],[-51.4530961,-22.6557505],[-51.4247256,-22.6535108],[-51.4020163,-22.6679055],[-51.3736492,-22.6581329],[-51.3393163,-22.6653649]],[[-51.3393163,-22.6653649],[-51.3118386,-22.67354],[-51.2998138,-22.6739876],[-51.2982028,-22.6735075]],[[-51.2982028,-22.6735075],[-51.2981071,-22.6695032],[-51.294981,-22.6686141],[-51.2952866,-22.662313],[-51.2876303,-22.6585293],[-51.2875243,-22.6081931],[-51.2691947,-22.5470159],[-51.2171786,-22.5348723],[-51.1948037,-22.5156311],[-51.1752634,-22.5014465],[-51.1569683,-22.4829709],[-51.1455443,-22.4801356],[-51.1421077,-22.4861947],[-51.1271238,-22.4902656],[-51.1129221,-22.4904218],[-51.0632784,-22.4737469],[-51.0184554,-22.4730809],[-51.0252316,-22.4912007],[-51.0332553,-22.4970755],[-51.0355639,-22.5043218],[-51.0317749,-22.5125071],[-51.0092543,-22.5211342],[-50.9864859,-22.518517],[-50.9791379,-22.5337619],[-50.9731381,-22.5590121],[-50.96228,-22.6331006],[-50.9325239,-22.6724487],[-50.9058873,-22.6377864],[-50.888881,-22.6562012],[-50.8521372,-22.6594452],[-50.828856,-22.6521918],[-50.8463422,-22.6165832],[-50.8393195,-22.5862507],[-50.8530279,-22.5755757],[-50.8418058,-22.5496904],[-50.8579449,-22.5287037],[-50.8364357,-22.5028277],[-50.8313471,-22.4840922],[-50.8452058,-22.4748549],[-50.843651,-22.4451744],[-50.8295581,-22.4282799],[-50.8001695,-22.4437106],[-50.7835444,-22.4351866],[-50.7866959,-22.4119235],[-50.7626964,-22.3838198],[-50.7700051,-22.349841],[-50.7589419,-22.3034925],[-50.7354282,-22.2808285],[-50.7166236,-22.2497024],[-50.7311036,-22.2199243],[-50.7173238,-22.1881211],[-50.7259463,-22.1680081],[-50.7096854,-22.1336908],[-50.7250252,-22.0889777],[-50.7047942,-22.0444309],[-50.7053518,-22.0256458]],[[-50.7053518,-22.0256458],[-50.7179609,-22.0132207]],[[-50.7179609,-22.0132207],[-50.7268474,-22.0111228],[-50.7803838,-22.0024722],[-50.8323694,-21.9868284],[-50.8454677,-21.9736745],[-50.829074,-21.9494072],[-50.8138557,-21.9514009],[-50.7737162,-21.904366],[-50.7417843,-21.8813995],[-50.7255072,-21.8614433],[-50.713516,-21.8539031],[-50.711421,-21.8271549],[-50.7217547,-21.8035585],[-50.7080354,-21.7788766],[-50.6848574,-21.7898787],[-50.6349112,-21.7666428],[-50.6384796,-21.7477937],[-50.6324172,-21.7343466],[-50.6273654,-21.726954],[-50.6149331,-21.6993131],[-50.6118276,-21.6790445],[-50.6131332,-21.6586693]],[[-50.6131332,-21.6586693],[-50.6208553,-21.6538629]],[[-51.7724764,-21.0511213],[-51.7756445,-21.0730936]],[[-51.7756445,-21.0730936],[-51.7896709,-21.1021195],[-51.82359,-21.1268398],[-51.8654739,-21.1305401],[-51.8789848,-21.1481377],[-51.8795737,-21.1994307],[-51.8485145,-21.2666384],[-51.8613733,-21.3171125],[-51.8687621,-21.3535302],[-51.9075357,-21.3864558],[-51.9224073,-21.4404292],[-51.9361268,-21.4623165]],[[-50.7179609,-22.0132207],[-50.6962673,-22.0232393]],[[-50.6962673,-22.0232393],[-50.668861,-22.0283511],[-50.6221904,-22.0565774],[-50.6058043,-22.0618742],[-50.6009383,-22.0690983],[-50.5593774,-22.0784494],[-50.5505817,-22.0948887],[-50.5187697,-22.1127157],[-50.5107412,-22.136155],[-50.4685982,-22.1664537],[-50.4226862,-22.1734711],[-50.395704,-22.1873109],[-50.3474877,-22.1872565],[-50.3038204,-22.216478],[-50.3096698,-22.2482001],[-50.3252999,-22.2714191],[-50.3314186,-22.3057359],[-50.330083,-22.3592862],[-50.3142059,-22.3563563],[-50.2938309,-22.3705159],[-50.2602079,-22.3706373],[-50.2830436,-22.4148409],[-50.3353089,-22.4538213],[-50.3499943,-22.4789721],[-50.3309995,-22.5064447],[-50.314559,-22.5472159],[-50.2664444,-22.5626269],[-50.2288085,-22.5254235],[-50.2007614,-22.5436254],[-50.18612,-22.5440112],[-50.1692083,-22.5925658],[-50.1536503,-22.588041],[-50.1192412,-22.5593277],[-50.1250696,-22.540874],[-50.0877042,-22.4904515],[-50.0410431,-22.4978957],[-50.0267787,-22.5113039],[-49.9922564,-22.5070472],[-49.9828109,-22.5300232],[-49.9625616,-22.5244685],[-49.9263115,-22.5408102],[-49.9072681,-22.5408056],[-49.8878546,-22.5254694],[-49.8853851,-22.5058139],[-49.8500897,-22.5234793],[-49.8247479,-22.5258764],[-49.8030045,-22.51444],[-49.7886636,-22.5067771],[-49.7720015,-22.5006463]],[[-50.2715517,-21.7217703],[-50.2743608,-21.7075521]],[[-50.6140726,-21.6567784],[-50.6131332,-21.6586693]],[[-51.2982028,-22.6735075],[-51.2814276,-22.6664774]],[[-51.2814276,-22.6664774],[-51.2651999,-22.6676974],[-51.2428803,-22.6895762],[-51.228336,-22.7160172],[-51.1870158,-22.7298921],[-51.1644128,-22.7489629],[-51.1279231,-22.7599926],[-51.057615,-22.7660571],[-51.0111421,-22.792297]],[[-51.0111421,-22.792297],[-50.9945854,-22.7921495]],[[-50.9945854,-22.7921495],[-50.9861925,-22.7859913],[-50.9786781,-22.7826098],[-50.9718896,-22.7824478],[-50.9592501,-22.7879064],[-50.9456364,-22.8039323]],[[-50.9456364,-22.8039323],[-50.919054,-22.7959305]],[[-50.919054,-22.7959305],[-50.8953334,-22.7943002],[-50.8887189,-22.7965312],[-50.8760306,-22.8064795],[-50.8544726,-22.8199684]],[[-50.8544726,-22.8199684],[-50.8376258,-22.8401324],[-50.8237503,-22.8657799],[-50.7978171,-22.8885524],[-50.7931381,-22.9051173],[-50.8061462,-22.9402993],[-50.795935,-22.9511794],[-50.7586621,-22.9476544],[-50.7295268,-22.9624986],[-50.7112162,-22.9547444],[-50.679942,-22.9032102],[-50.6615854,-22.8954775],[-50.6038084,-22.9231785],[-50.5770572,-22.9039445],[-50.5300104,-22.9191495],[-50.5110192,-22.9446388],[-50.4827394,-22.9369345],[-50.4303025,-22.9464074],[-50.4189476,-22.9139331],[-50.3790746,-22.9054056],[-50.3592495,-22.9160588],[-50.3401866,-22.9480729],[-50.3184953,-22.9506826],[-50.2733879,-22.9310013],[-50.2441636,-22.94955],[-50.1833934,-22.9537733],[-50.1480536,-22.9351283],[-50.1154098,-22.9397912],[-50.0928258,-22.9225047],[-50.0715498,-22.9281236],[-50.0527394,-22.9052685],[-50.0162405,-22.9103352],[-49.9904075,-22.9234822],[-49.9657446,-22.9141403],[-49.9613778,-22.930863],[-49.9741983,-22.9544968],[-49.9545019,-22.9784205],[-49.9307596,-22.9830312],[-49.8995854,-23.0020053],[-49.9159033,-23.0347875],[-49.9116022,-23.0511186],[-49.8853291,-23.0650684],[-49.8505758,-23.0732551],[-49.8336586,-23.0659429],[-49.7917155,-23.1024262],[-49.7629482,-23.105576],[-49.751382,-23.0977574],[-49.725551,-23.1094381],[-49.7349051,-23.1328893],[-49.7164932,-23.1483933],[-49.677708,-23.1749426],[-49.6631968,-23.1941999],[-49.6291493,-23.2767541],[-49.6258029,-23.2866501],[-49.6308803,-23.2994757],[-49.6216945,-23.3318896],[-49.6379014,-23.3425521],[-49.6334367,-23.3564211],[-49.6118066,-23.3546535],[-49.5904025,-23.3827925],[-49.5985165,-23.3981866],[-49.572375,-23.4362344],[-49.5729514,-23.443944],[-49.5756191,-23.4435844],[-49.5901066,-23.435871],[-49.603186,-23.4512926]],[[-49.603186,-23.4512926],[-49.5980687,-23.4582326]],[[-49.5980687,-23.4582326],[-49.5961303,-23.459754],[-49.5960749,-23.4634262],[-49.582629,-23.4805163],[-49.5800813,-23.4854561],[-49.5485197,-23.4956601],[-49.5283316,-23.5108399],[-49.5095203,-23.509889],[-49.4807326,-23.5336412],[-49.4732784,-23.5350442],[-49.4531904,-23.5275161],[-49.3915463,-23.5344989],[-49.3834497,-23.5256864],[-49.3464084,-23.5273897],[-49.3311344,-23.525356],[-49.348533,-23.5131866],[-49.322209,-23.4703018],[-49.3604983,-23.4351347],[-49.3617608,-23.4232757],[-49.3505705,-23.418733],[-49.3172519,-23.4006338],[-49.2935354,-23.4176068],[-49.2628236,-23.4122029],[-49.2518171,-23.4089016],[-49.248023,-23.4128374],[-49.2436379,-23.4140555],[-49.236653,-23.4146594],[-49.22869,-23.4209856],[-49.2141133,-23.4187717]],[[-49.2141133,-23.4187717],[-49.2204135,-23.391666]],[[-50.6962673,-22.0232393],[-50.7053518,-22.0256458]],[[-49.2131171,-23.4175117],[-49.2141133,-23.4187717]],[[-49.5980687,-23.4582326],[-49.6012211,-23.4612625]],[[-49.6012211,-23.4612625],[-49.6025725,-23.4706395],[-49.5998572,-23.4785009],[-49.6160428,-23.4900306],[-49.6183059,-23.5017212],[-49.6272659,-23.5084303],[-49.6242171,-23.5233026],[-49.6002062,-23.5356244],[-49.6079896,-23.5652324],[-49.602017,-23.5826967],[-49.6189093,-23.594331],[-49.6142134,-23.6134738],[-49.6063521,-23.6237147],[-49.6082423,-23.6276203],[-49.6021338,-23.6521161],[-49.5857375,-23.6638419],[-49.5802117,-23.6645879],[-49.5798761,-23.6783285],[-49.5491992,-23.7040164],[-49.5555161,-23.7221308],[-49.5513241,-23.738734],[-49.5665451,-23.7719289],[-49.5600689,-23.8119307],[-49.587494,-23.8271395],[-49.6089057,-23.8485871],[-49.5997181,-23.8570897],[-49.5853486,-23.890429],[-49.5401857,-23.9273283]],[[-49.5401857,-23.9273283],[-49.532208,-23.9301059]],[[-49.532208,-23.9301059],[-49.5307614,-23.9225118],[-49.5269897,-23.9224293],[-49.5169049,-23.9233526],[-49.5116047,-23.9258999],[-49.5096007,-23.9313435],[-49.523322,-23.9344172],[-49.5056688,-23.9548441],[-49.5091146,-23.9639205],[-49.5072424,-23.9673937],[-49.5006007,-23.9694895],[-49.4901549,-24.0186596],[-49.4871537,-24.0245998],[-49.4634431,-24.0274358],[-49.4575401,-24.0494852],[-49.4378235,-24.0587863],[-49.4318438,-24.0856013],[-49.3891,-24.1196287],[-49.3365663,-24.1375819],[-49.3415441,-24.203122],[-49.3559578,-24.2145123],[-49.336908,-24.2275556],[-49.3053741,-24.251431],[-49.290793,-24.2937264],[-49.2870008,-24.2990582],[-49.2829055,-24.3070909],[-49.2811169,-24.3096577],[-49.2698211,-24.307175],[-49.2312127,-24.3303952],[-49.2161546,-24.3558903],[-49.2476759,-24.3927177],[-49.2473988,-24.4062994],[-49.2378503,-24.4044728],[-49.2405166,-24.4190722],[-49.2406832,-24.4220148]],[[-49.2406832,-24.4220148],[-49.2505178,-24.4454195]],[[-49.2505178,-24.4454195],[-49.2512639,-24.4574375],[-49.2453174,-24.4651093],[-49.2484906,-24.4633992],[-49.2491229,-24.4665261],[-49.2591131,-24.4727938],[-49.2654579,-24.4793291],[-49.2914917,-24.4999015],[-49.2947262,-24.5064014],[-49.287117,-24.5142033],[-49.2883439,-24.522837],[-49.2868484,-24.5232335],[-49.2837925,-24.5336775],[-49.3176777,-24.5666395],[-49.3035971,-24.5969487],[-49.3140712,-24.6320664],[-49.2996253,-24.6549573],[-49.3120154,-24.6635327],[-49.278132,-24.6930215],[-49.2232588,-24.6985849],[-49.187123,-24.6736981],[-49.1360713,-24.6752471],[-49.1115946,-24.6883523],[-49.0746749,-24.6734165],[-49.0644047,-24.6860254],[-49.0518457,-24.6806952],[-49.0350678,-24.6408212],[-49.0400336,-24.6368465],[-49.0183748,-24.6426165],[-49.0083629,-24.6345631],[-48.9992665,-24.6378551],[-48.9878588,-24.6659022],[-48.9632894,-24.6732153],[-48.8404009,-24.6649768],[-48.7882067,-24.6811894],[-48.7786516,-24.6967322],[-48.7447499,-24.6932497],[-48.7185899,-24.6830148],[-48.6770593,-24.6925268],[-48.641642,-24.6896675],[-48.6040298,-24.6682968],[-48.5722028,-24.6906386],[-48.5445846,-24.7179601]],[[-48.5445846,-24.7179601],[-48.5381446,-24.7262018]],[[-48.5381446,-24.7262018],[-48.530823,-24.7166703],[-48.5285928,-24.69204],[-48.5245047,-24.6826268],[-48.5212422,-24.6819799],[-48.5104818,-24.6731229],[-48.4946802,-24.6685368],[-48.4694293,-24.6633966],[-48.4645035,-24.6598452],[-48.4593405,-24.6559843],[-48.4602559,-24.6426966],[-48.4600344,-24.6407534],[-48.4539818,-24.6165878],[-48.4474726,-24.5992878],[-48.4424146,-24.5965961],[-48.4325896,-24.5910368],[-48.4040754,-24.577977],[-48.4025666,-24.5655843],[-48.4297273,-24.549607],[-48.4296854,-24.5314579],[-48.3963827,-24.5228472],[-48.3818782,-24.5033702],[-48.3941359,-24.4828488],[-48.354245,-24.4622262],[-48.3522038,-24.4474554],[-48.3485585,-24.4450744],[-48.3500446,-24.4350156],[-48.3577631,-24.4272636],[-48.3652549,-24.4209209],[-48.3999132,-24.426942],[-48.3599742,-24.3683346],[-48.3628456,-24.3477165],[-48.3531315,-24.3419839],[-48.3572826,-24.3062343],[-48.3831292,-24.3041742],[-48.3727336,-24.2941704],[-48.3662691,-24.2875646],[-48.3536464,-24.2852215],[-48.3523254,-24.2880235],[-48.3403355,-24.2885671],[-48.3352855,-24.2929458],[-48.3280156,-24.2987687],[-48.3175337,-24.3134362],[-48.2528954,-24.2578359],[-48.2002862,-24.2617067],[-48.1711126,-24.2450401],[-48.1436856,-24.2205043],[-48.1412615,-24.1945189],[-48.0986009,-24.2020712],[-48.057514,-24.1762145],[-48.0499221,-24.1378952],[-48.0087538,-24.1354029],[-47.980779,-24.1133823],[-47.9531278,-24.1198318]],[[-47.9531278,-24.1198318],[-47.9539264,-24.1107244]],[[-47.9539264,-24.1107244],[-47.9717012,-24.0997049],[-47.9800748,-24.0755827],[-47.9981028,-24.073828],[-48.031311,-24.0467781],[-48.0574335,-24.0169831],[-48.0851995,-24.007924],[-48.1251385,-24.0142789],[-48.1211913,-23.9677507],[-48.1668892,-23.9222456],[-48.1678734,-23.9006101],[-48.1888907,-23.8830558],[-48.1821098,-23.8699333],[-48.2001516,-23.8430364],[-48.1687937,-23.845747],[-48.1196202,-23.8236796],[-48.0741241,-23.7797072],[-48.0595469,-23.7594038],[-48.0161744,-23.7610535],[-47.9962568,-23.7432331],[-47.9440112,-23.7541669],[-47.922833,-23.7934421],[-47.8943433,-23.7802062],[-47.8599781,-23.7770352],[-47.8402044,-23.7301496],[-47.8703205,-23.7094688],[-47.8872024,-23.6837922],[-47.8842355,-23.6585886],[-47.9006927,-23.6470911],[-47.9103768,-23.6058288],[-47.8357839,-23.5865575],[-47.8168804,-23.5884257],[-47.7870676,-23.5653292],[-47.7787184,-23.5390352],[-47.7869328,-23.5065664],[-47.8071712,-23.487547],[-47.7877379,-23.4513087],[-47.7655697,-23.432569],[-47.758406,-23.3994214],[-47.7299776,-23.385597],[-47.7217128,-23.3441475],[-47.6826967,-23.3349003],[-47.675562,-23.3683439],[-47.6429426,-23.3618321],[-47.6106947,-23.3675199],[-47.6060116,-23.3643975],[-47.5914263,-23.3658608],[-47.5835272,-23.3638412],[-47.5785072,-23.3385294],[-47.5991552,-23.3233745],[-47.6086881,-23.3020184],[-47.6057296,-23.2722611],[-47.6149013,-23.2605463],[-47.6162269,-23.207872],[-47.6319058,-23.1921004]],[[-47.6319058,-23.1921004],[-47.6328184,-23.1911041]],[[-47.9148191,-22.883417],[-47.9320204,-22.8910506]],[[-47.4282105,-23.1010927],[-47.4475045,-23.1071888]],[[-47.6290573,-23.1915128],[-47.6319058,-23.1921004]],[[-47.9539264,-24.1107244],[-47.9465439,-24.117532]],[[-47.9465439,-24.117532],[-47.9205831,-24.099726],[-47.9056319,-24.0932174],[-47.9017169,-24.0896324],[-47.8713221,-24.076605],[-47.8666354,-24.0829224],[-47.8565208,-24.1229384],[-47.8274617,-24.1335381],[-47.7925169,-24.1350926],[-47.7367738,-24.1252031],[-47.7219662,-24.1132288],[-47.7339888,-24.0981272],[-47.7089771,-24.0715918],[-47.6982225,-24.0681388],[-47.6803041,-24.0452615],[-47.6452899,-24.0420925],[-47.6378877,-24.0438176],[-47.6137533,-24.0446841],[-47.6337967,-24.1027816],[-47.6284538,-24.1139879],[-47.5828118,-24.0754528],[-47.570456,-24.0780219],[-47.562186,-24.0391371],[-47.4988455,-24.0529062],[-47.4922383,-24.0702213],[-47.4650531,-24.076327],[-47.4525886,-24.0518871],[-47.4261222,-24.0691414],[-47.3769459,-24.0484953],[-47.3562899,-24.0224626],[-47.3103628,-24.0089812],[-47.2440182,-24.0218075],[-47.2107126,-24.0014341],[-47.1999532,-24.000595]],[[-47.1999532,-24.000595],[-47.1887141,-23.9910786],[-47.2017382,-23.9452216],[-47.1880229,-23.9310897],[-47.1600035,-23.9355852],[-47.1384953,-23.9049422],[-47.1324869,-23.884448],[-47.1347216,-23.8818301],[-47.1180626,-23.8497531],[-47.072649,-23.841852],[-47.028693,-23.846215],[-47.007245,-23.815666],[-47.0318955,-23.7695143],[-47.0322432,-23.7430481],[-47.0498461,-23.7311247],[-47.0624598,-23.708631],[-47.0621606,-23.6824693],[-47.075984,-23.680787],[-47.083265,-23.658016],[-47.058989,-23.639732],[-47.0561783,-23.6187033],[-47.0412205,-23.6105741],[-47.020508,-23.567361],[-47.006126,-23.554358],[-46.993703,-23.508334],[-47.017211,-23.472587],[-47.010532,-23.445723],[-47.037571,-23.435529],[-47.0361237,-23.3990847],[-47.0429147,-23.3522613],[-46.9640341,-23.3235746],[-46.9414095,-23.3213825],[-46.9224067,-23.3079266],[-46.9019133,-23.3075829],[-46.867464,-23.277939],[-46.844371,-23.282006],[-46.834489,-23.286227],[-46.834676,-23.280627],[-46.809716,-23.274626],[-46.805947,-23.27248],[-46.802441,-23.257011],[-46.792796,-23.261192],[-46.783686,-23.265378],[-46.7445536,-23.2502751],[-46.7021117,-23.2518123],[-46.6942003,-23.259201],[-46.622762,-23.256729],[-46.615501,-23.227563],[-46.605265,-23.228468],[-46.516779,-23.238513],[-46.472741,-23.276643],[-46.446926,-23.271495],[-46.434303,-23.279628],[-46.418451,-23.316319],[-46.396249,-23.285818],[-46.359771,-23.267791],[-46.311501,-23.227427],[-46.307736,-23.198041],[-46.286019,-23.190976],[-46.27581,-23.184938],[-46.262198,-23.186387]],[[-46.262198,-23.186387],[-46.263527,-23.183595]],[[-46.263527,-23.183595],[-46.260579,-23.176109],[-46.2560852,-23.1718348],[-46.2575016,-23.1674365],[-46.2536411,-23.1564583],[-46.2215501,-23.1230164],[-46.204872,-23.084424],[-46.16144,-23.066122],[-46.158941,-23.049925],[-46.140472,-23.038841],[-46.125536,-23.009277],[-46.067217,-22.980196],[-46.05702,-22.973059],[-46.055912,-22.970054],[-46.049096,-22.954915],[-46.0443,-22.905334]],[[-46.0443,-22.905334],[-46.050675,-22.896975]],[[-46.3768111,-22.8278195],[-46.374515,-22.820242]],[[-45.3335719,-23.7225775],[-45.3414736,-23.7277895],[-45.3635131,-23.7873919],[-45.3664936,-23.8110095],[-45.4619346,-23.888147],[-45.460388,-23.9141997],[-45.4443223,-23.9341456],[-45.4078725,-23.9385004],[-45.2916865,-23.910313],[-45.2872038,-23.941308],[-45.2685279,-23.9652845],[-45.240545,-23.9627376],[-45.2322281,-23.944626],[-45.2484783,-23.9032372],[-45.288854,-23.873698],[-45.2868893,-23.8515278],[-45.2553328,-23.8360519],[-45.2298332,-23.7763327],[-45.2558742,-23.7498879],[-45.2830398,-23.7343185],[-45.3335719,-23.7225775]],[[-45.1387659,-23.7897479],[-45.1606547,-23.8017794],[-45.1470621,-23.8176192],[-45.1175715,-23.8026894],[-45.1387659,-23.7897479]],[[-45.8424023,-23.758196],[-45.8077114,-23.7591072],[-45.800668,-23.7696852],[-45.7675158,-23.7624323],[-45.6255157,-23.7871012],[-45.6231068,-23.8050813],[-45.5875578,-23.7926744],[-45.5601955,-23.7925316],[-45.533392,-23.8233564],[-45.5026446,-23.8426375],[-45.4669769,-23.8190682],[-45.4319897,-23.8295354],[-45.3961345,-23.8091138],[-45.396868,-23.7805715],[-45.4124827,-23.7536692],[-45.398766,-23.7367442],[-45.4196571,-23.7258581],[-45.4305175,-23.6826592],[-45.4241915,-23.6461929],[-45.4074729,-23.6243404],[-45.3882545,-23.6347035],[-45.3573437,-23.6243306],[-45.3434037,-23.600672],[-45.3114123,-23.5756653],[-45.2850822,-23.5723269],[-45.2726537,-23.5864209],[-45.244225,-23.5937286],[-45.2154068,-23.5686209],[-45.2306148,-23.5475821],[-45.2219509,-23.5306241],[-45.1948747,-23.5203112],[-45.1859847,-23.536796],[-45.1660244,-23.5293309],[-45.1602159,-23.5000272],[-45.0833508,-23.4961175],[-45.0551072,-23.4591894],[-45.0671639,-23.4467816],[-45.0613964,-23.4202216],[-45.0088565,-23.4059326],[-44.9493341,-23.3786443],[-44.9421504,-23.3570614],[-44.9210299,-23.3509196],[-44.9080106,-23.3340716],[-44.8876425,-23.3387171],[-44.8891397,-23.3596666],[-44.8651678,-23.3569588],[-44.8368651,-23.3695881],[-44.8441802,-23.3872616],[-44.7850628,-23.3780342],[-44.7505718,-23.3660388],[-44.7280809,-23.368932]],[[-44.7937922,-22.4090768],[-44.8076736,-22.4096661]],[[-46.026798,-22.884876],[-46.0443,-22.905334]],[[-46.263527,-23.183595],[-46.238885,-23.187514]],[[-46.238885,-23.187514],[-46.232566,-23.189651],[-46.224675,-23.196238],[-46.204882,-23.209674],[-46.196283,-23.218793],[-46.183962,-23.224183],[-46.165017,-23.235146],[-46.151963,-23.267518],[-46.145215,-23.273663],[-46.119359,-23.285482],[-46.112747,-23.288583],[-46.098649,-23.309239],[-46.098993,-23.326004],[-46.0605729,-23.3577916],[-46.047902,-23.3761788],[-46.0346451,-23.3871518],[-46.0014247,-23.3861069],[-45.9946239,-23.40581],[-45.9797063,-23.4184134],[-45.9522487,-23.4497456],[-45.9618114,-23.4718485],[-45.9616508,-23.4963364],[-45.9497086,-23.5005082],[-45.9174514,-23.5057898],[-45.882723,-23.4953912],[-45.865799,-23.4833465],[-45.835352,-23.4828678],[-45.7964433,-23.491218],[-45.7876036,-23.4958056],[-45.7886341,-23.5018605],[-45.7592762,-23.5130211],[-45.7460907,-23.5398288],[-45.7403813,-23.5850474],[-45.7153279,-23.608783],[-45.7030226,-23.6042034],[-45.6977668,-23.6250323],[-45.7074982,-23.6447732],[-45.7416925,-23.6681687],[-45.796058,-23.682972],[-45.794878,-23.715684],[-45.8424023,-23.758196]],[[-45.0806737,-23.526167],[-45.0777006,-23.5612394],[-45.0567155,-23.5455456],[-45.0806737,-23.526167]],[[-47.9465439,-24.117532],[-47.9531278,-24.1198318]],[[-48.5381446,-24.7262018],[-48.5291747,-24.7315898]],[[-48.5291747,-24.7315898],[-48.5317828,-24.7367666],[-48.5224747,-24.7360679],[-48.5094728,-24.74015],[-48.4993063,-24.7389676],[-48.5167241,-24.7801821],[-48.5488908,-24.7972137],[-48.5613345,-24.8265329],[-48.5678141,-24.8474996],[-48.5666761,-24.8639577],[-48.5493901,-24.8791638],[-48.5671436,-24.9038712],[-48.5628676,-24.9394293],[-48.5673709,-24.9722669],[-48.5952033,-24.9961342],[-48.6008313,-25.0105057],[-48.5838052,-25.0415844],[-48.5579385,-25.0639725],[-48.5598759,-25.077961],[-48.5285838,-25.1007893],[-48.4808824,-25.0369881],[-48.4740493,-25.0125524],[-48.4111527,-24.9802317],[-48.3786378,-24.9970283],[-48.3469716,-25.0352408],[-48.3177739,-25.0565481],[-48.3074617,-25.0354827],[-48.2846277,-25.0391923],[-48.2633319,-24.9928045],[-48.2353924,-24.9955833],[-48.2319501,-25.0153583],[-48.214943,-25.0296741],[-48.2160543,-25.0766716],[-48.1713342,-25.1422586],[-48.1666386,-25.1660086],[-48.1933632,-25.1898656],[-48.1627203,-25.2098366],[-48.1512382,-25.2281274],[-48.1148836,-25.250702],[-48.0985821,-25.2412534],[-48.0621061,-25.2400852],[-48.0402996,-25.2187445],[-48.0269112,-25.2219935],[-48.0239381,-25.2291433],[-48.0307015,-25.2387678],[-48.0831092,-25.2819972],[-48.0994745,-25.3123213]],[[-48.0994745,-25.3123213],[-48.0468761,-25.2585301],[-47.945992,-25.1743206],[-47.9264866,-25.16169],[-47.9083367,-25.1185339],[-47.9023781,-25.0656706],[-47.8869055,-25.0512669],[-47.8717418,-25.0115718],[-47.8429223,-24.976605],[-47.800267,-24.9367522],[-47.7158621,-24.8683726],[-47.6230426,-24.7991402],[-47.5610293,-24.7579095],[-47.5103698,-24.7289578],[-47.4248093,-24.6851413],[-47.3752748,-24.650078],[-47.2450093,-24.5739702],[-47.1861655,-24.5326024],[-47.1852021,-24.5244773],[-47.1408434,-24.4895432],[-47.0532789,-24.4331004],[-47.0037122,-24.4094793],[-47.0182394,-24.3788361],[-47.0024817,-24.3620659],[-47.0024247,-24.3369544],[-46.9718344,-24.3050536],[-46.9402013,-24.2808002],[-46.8446255,-24.2184061],[-46.6574484,-24.1160252],[-46.6052433,-24.0901393]],[[-46.6052433,-24.0901393],[-46.5994021,-24.0436937],[-46.6127351,-24.0357466],[-46.6039879,-24.0302687],[-46.6029011,-24.0218882],[-46.5921373,-24.0057449],[-46.5979561,-23.9973575],[-46.6082461,-23.9987272],[-46.6425363,-24.0102009],[-46.661937,-23.988102],[-46.680297,-23.987013],[-46.685496,-23.98242],[-46.687808,-23.984771],[-46.707884,-23.990888],[-46.743319,-23.991892],[-46.755007,-23.975588],[-46.758201,-23.972543],[-46.762572,-23.964413],[-46.764893,-23.961727],[-46.775113,-23.956785],[-46.781103,-23.948724],[-46.789596,-23.940766],[-46.793259,-23.943087],[-46.806898,-23.938153],[-46.8135525,-23.9398464],[-46.8299233,-23.9473052],[-46.8553134,-23.9734973],[-46.8825104,-23.9839614],[-46.8684858,-24.0096306],[-46.9003413,-24.0461444],[-46.9282027,-24.0450112],[-46.9362067,-24.0333867],[-46.9786056,-24.0642507],[-47.0066926,-24.0640637],[-47.0271991,-24.0516327],[-47.0343344,-24.030847],[-47.0883633,-24.0173766],[-47.10711,-23.9938027],[-47.1393643,-24.014195],[-47.1692117,-24.0021209],[-47.1999532,-24.000595]],[[-46.6052433,-24.0901393],[-46.4930239,-24.0385176],[-46.4454726,-24.0211132],[-46.4081497,-24.0158424],[-46.377996,-23.9937819],[-46.3717254,-23.9749121],[-46.3323278,-23.9727232],[-46.3193634,-23.9972659],[-46.3243627,-24.0222526],[-46.2994977,-24.0161004],[-46.2847189,-24.0323852],[-46.265198,-24.0040519],[-46.2119003,-23.9864078],[-46.1912849,-23.9899399],[-46.1819031,-23.9611759],[-46.1655934,-23.9441573],[-46.1805433,-23.9330936],[-46.1671342,-23.9110452],[-46.1408407,-23.8921059],[-46.1293924,-23.8450825],[-46.0886796,-23.8221206],[-46.0342637,-23.8105568],[-45.9411516,-23.7757178],[-45.8983204,-23.7653529],[-45.8424023,-23.758196]],[[-46.238885,-23.187514],[-46.262198,-23.186387]],[[-54.154223,-23.9922004],[-54.1690081,-23.9989943]],[[-54.1690081,-23.9989943],[-54.0753301,-24.0331015],[-54.055834,-24.0365497],[-54.0172401,-24.0153272],[-53.998415,-23.985706],[-53.9733094,-23.9818258],[-53.9637992,-24.0139578],[-53.9910461,-24.0677761],[-53.9886309,-24.1267099],[-53.9398507,-24.1224027],[-53.9131447,-24.1355489],[-53.9240889,-24.1569288],[-53.9050437,-24.1772629],[-53.8491126,-24.1869802],[-53.8354684,-24.167852],[-53.8094287,-24.1859779],[-53.7983335,-24.1686281],[-53.7432173,-24.1495558],[-53.7347783,-24.1633224],[-53.7433666,-24.188074],[-53.7090112,-24.1790525],[-53.6884273,-24.2030986],[-53.6511058,-24.2191116],[-53.641928,-24.2394355],[-53.6137682,-24.2475002],[-53.5917749,-24.2414535],[-53.5714783,-24.2521629],[-53.5708781,-24.2608049],[-53.5495941,-24.2468038],[-53.529411,-24.2468402],[-53.4910776,-24.2314701],[-53.4811296,-24.2181236],[-53.4581577,-24.2231355],[-53.4302803,-24.2402648],[-53.3600735,-24.2498516],[-53.3218756,-24.1985724],[-53.2997632,-24.1958425],[-53.2855607,-24.1707709],[-53.2774785,-24.1626871],[-53.2615058,-24.1729206],[-53.2413649,-24.1657519]],[[-53.2413649,-24.1657519],[-53.2367829,-24.166946]],[[-53.2367829,-24.166946],[-53.2316459,-24.1658062],[-53.203581,-24.1365093],[-53.138027,-24.1530291],[-53.1181159,-23.9978102],[-53.1072081,-23.9285955],[-53.0029782,-23.9531198],[-52.9855276,-23.9758755],[-52.9739714,-23.9658853],[-52.9663449,-23.9655137],[-52.9346039,-23.9697843],[-52.9231204,-23.9879942],[-52.8854166,-23.9872636],[-52.8652412,-23.9946889],[-52.8531116,-23.9950419],[-52.8550898,-24.0010563],[-52.8528098,-24.005024],[-52.8451316,-24.0053708],[-52.8153156,-24.0031203],[-52.7966692,-24.0181049],[-52.7604432,-24.0297972],[-52.7355269,-23.9900789],[-52.715496,-23.976462],[-52.6954157,-23.9511674],[-52.7056171,-23.9277667],[-52.6197102,-23.9534061],[-52.6124841,-23.943758],[-52.5610315,-23.8384971],[-52.5703576,-23.8105723],[-52.5596676,-23.7720802],[-52.54494,-23.7471144],[-52.5188491,-23.7761607],[-52.3277589,-23.552491]],[[-52.3277589,-23.552491],[-52.3508273,-23.5528546],[-52.3787693,-23.5467032],[-52.3977436,-23.5392359],[-52.4083571,-23.5272028],[-52.3914907,-23.5145446],[-52.41672,-23.49447],[-52.4219737,-23.4697028],[-52.4205196,-23.2341079],[-52.3897747,-23.202898],[-52.3550086,-23.195501],[-52.3472556,-23.1946678],[-52.3376487,-23.1969904],[-52.3041059,-23.1915361],[-52.257995,-23.1678357],[-52.2438351,-23.1713515],[-52.2385008,-23.1622897],[-52.2329901,-23.139543],[-52.2424661,-23.1168176],[-52.2507641,-23.0661223],[-52.2477568,-23.0263447],[-52.182387,-23.0425399],[-52.1628933,-23.0663858],[-52.1442005,-23.0531739],[-52.0984469,-23.0411888],[-52.0777985,-23.0286735],[-52.0280471,-23.0165453],[-52.0236869,-22.997807],[-52.0424895,-22.9493053],[-52.0583535,-22.9541026],[-52.0679292,-22.9232141],[-52.0960214,-22.9025839],[-52.0663243,-22.8720748],[-52.0776556,-22.8667412],[-52.0810676,-22.83834],[-52.0704038,-22.7963719],[-52.0878775,-22.7900362],[-52.088629,-22.7696614],[-52.0621799,-22.7619861],[-52.0487362,-22.7214373],[-52.0578812,-22.695017],[-52.0334043,-22.6772964],[-52.0316259,-22.6578225],[-52.0106297,-22.6488259],[-51.9969045,-22.6170421],[-52.0099014,-22.6042761],[-52.0039613,-22.5791179],[-52.028983,-22.5509777],[-52.0283521,-22.5395129]],[[-52.0283521,-22.5395129],[-52.0518778,-22.5393263]],[[-52.6441646,-22.5975396],[-52.6630339,-22.6119156],[-52.69,-22.6243566],[-52.7016951,-22.6276667],[-52.7224292,-22.6267524],[-52.7324223,-22.6226451],[-52.7503018,-22.6123689]],[[-53.0945825,-22.6379787],[-53.1051872,-22.6219296]],[[-53.1051872,-22.6219296],[-53.1476084,-22.6780813],[-53.1660298,-22.6937994]],[[-53.1660298,-22.6937994],[-53.1853664,-22.7187337],[-53.1935276,-22.7253468],[-53.2067208,-22.7312603]],[[-53.2067208,-22.7312603],[-53.2441288,-22.7346976],[-53.3001456,-22.7538518],[-53.3595079,-22.7795565],[-53.3775322,-22.8032341],[-53.3987296,-22.8067269],[-53.4296507,-22.8329554],[-53.4847612,-22.8638542],[-53.5468271,-22.8900963],[-53.5707711,-22.9284913],[-53.6074235,-22.9513335],[-53.634125,-22.9984951]],[[-53.634125,-22.9984951],[-53.6298958,-23.0135048]],[[-53.6298958,-23.0135048],[-53.6365887,-23.1250308],[-53.6547546,-23.1441601],[-53.6679996,-23.1823501],[-53.699341,-23.2349043],[-53.7055967,-23.2632524],[-53.7252209,-23.3104334],[-53.7413238,-23.3356384],[-53.7754879,-23.3751314],[-53.8160218,-23.3856449],[-53.8765944,-23.4197884],[-53.932055,-23.4459488],[-53.9601976,-23.4434149],[-53.9865967,-23.4647936],[-54.0043425,-23.51108],[-54.0084866,-23.5490387],[-54.0240178,-23.5860784],[-54.0322298,-23.6516617],[-54.0446082,-23.6686559],[-54.0535148,-23.7016786],[-54.0526388,-23.7250676],[-54.0804586,-23.7808971],[-54.0881053,-23.8445303],[-54.0794097,-23.880756],[-54.0980444,-23.9439205],[-54.1104355,-23.9608238],[-54.1297086,-23.9821083],[-54.154223,-23.9922004]],[[-53.2367829,-24.166946],[-53.246274,-24.1859149]],[[-53.246274,-24.1859149],[-53.2639815,-24.2153305],[-53.2577095,-24.233865],[-53.2781469,-24.2524732],[-53.2811628,-24.2896427],[-53.2887862,-24.3081288],[-53.256661,-24.3380745],[-53.2208518,-24.354356],[-53.1656375,-24.3655879],[-53.1519572,-24.417294],[-53.1688952,-24.437105],[-53.1611986,-24.4525375],[-53.1634543,-24.4904383],[-53.1798433,-24.5114286],[-53.1628473,-24.5315856],[-53.1423745,-24.5350084],[-53.1225366,-24.5636211],[-53.0947978,-24.5750165],[-53.0937041,-24.6118789],[-53.0424982,-24.6108965],[-53.0311718,-24.6575725],[-52.9961995,-24.6739798],[-52.9634752,-24.7047911],[-52.9134184,-24.7166277],[-52.9227835,-24.758462],[-52.9078235,-24.7635576],[-52.8775263,-24.7512768],[-52.8600736,-24.7585604],[-52.8661244,-24.7905641],[-52.8489376,-24.7945021],[-52.8313319,-24.8154678],[-52.7989025,-24.7974118],[-52.7757825,-24.8050512],[-52.807327,-24.8272555],[-52.791233,-24.8465068],[-52.763648,-24.8457486],[-52.7178045,-24.8666425],[-52.6946343,-24.894652],[-52.6620386,-24.8941793],[-52.6781717,-24.924136],[-52.6826687,-24.9310058],[-52.6645858,-24.932012],[-52.660415,-24.92666]],[[-52.660415,-24.92666],[-52.6558017,-24.9293651]],[[-52.6558017,-24.9293651],[-52.6513559,-24.9229427],[-52.6497545,-24.9093505],[-52.6461601,-24.9159773],[-52.6449918,-24.9128166],[-52.6414062,-24.912821],[-52.6345894,-24.9093199],[-52.6024377,-24.896423],[-52.6016897,-24.8786432],[-52.5746919,-24.8682519],[-52.5607448,-24.8514846],[-52.5346781,-24.8495886],[-52.5445479,-24.8266521],[-52.5371955,-24.8030881],[-52.5410314,-24.7653461],[-52.5095311,-24.755559],[-52.489613,-24.7398299],[-52.457786,-24.7477383],[-52.437832,-24.7366053],[-52.438367,-24.7130712],[-52.4248061,-24.7039165],[-52.4052794,-24.7218309],[-52.3696394,-24.7072373],[-52.3258833,-24.6806652],[-52.3241879,-24.6670497],[-52.3179747,-24.6629658],[-52.2960023,-24.662786],[-52.2939234,-24.6573499],[-52.2902804,-24.6607905],[-52.284911,-24.6486364],[-52.2294609,-24.6235845],[-52.1973408,-24.6188089],[-52.1879903,-24.6234979],[-52.1729681,-24.6330388],[-52.1371885,-24.6260327],[-52.1083663,-24.5991685],[-52.0709322,-24.5746051],[-52.0534959,-24.5713695]],[[-52.0534959,-24.5713695],[-52.0470569,-24.5646134]],[[-52.0470569,-24.5646134],[-52.0455211,-24.5572042],[-52.0165913,-24.4712111],[-52.0375117,-24.4440014],[-52.0270787,-24.4379131],[-52.015552,-24.4439885],[-52.0264682,-24.4358927],[-52.0132238,-24.3807289],[-51.999618,-24.3655466],[-51.9908882,-24.3121853],[-51.9774622,-24.2704535],[-51.9492978,-24.2249854],[-51.9758497,-24.2206937],[-51.992742,-24.2026592],[-51.986348,-24.1898844],[-51.957458,-24.179916],[-51.9508038,-24.1624517],[-51.9203565,-24.1626472],[-51.9275474,-24.1281323],[-51.9096485,-24.1125333],[-51.9391905,-24.0685187],[-51.9592325,-24.0676428],[-51.9424575,-24.031444],[-51.9390143,-23.990393],[-51.9572921,-23.9600865],[-51.9616597,-23.9391517],[-51.9388544,-23.9109501],[-51.9396846,-23.8867124],[-51.9420143,-23.8757684],[-51.9586806,-23.8573139],[-52.0051029,-23.8225767],[-52.0108237,-23.7904748],[-52.0468241,-23.8052025],[-52.0343542,-23.7755314],[-52.0597179,-23.743837],[-52.0611041,-23.730975],[-52.0941867,-23.7208776],[-52.124911,-23.6853485],[-52.1408494,-23.690586],[-52.1596873,-23.6778652],[-52.1573759,-23.6532169],[-52.1900181,-23.6446899],[-52.2056852,-23.6550542],[-52.2422962,-23.6347313],[-52.2942462,-23.6185211],[-52.2924339,-23.5904805],[-52.2942996,-23.5832618],[-52.3025748,-23.5768263],[-52.3277589,-23.552491]],[[-52.0470569,-24.5646134],[-52.0452187,-24.569378]],[[-52.0452187,-24.569378],[-52.0162515,-24.5873354],[-51.9969939,-24.6030258],[-51.9796172,-24.616358],[-51.9456678,-24.5991163],[-51.9145168,-24.6062404],[-51.8855813,-24.5945137],[-51.8704097,-24.5701034],[-51.877589,-24.5512544],[-51.8381531,-24.533236],[-51.8360545,-24.5185088],[-51.858252,-24.5068596],[-51.8299793,-24.4790228],[-51.8278301,-24.4573203],[-51.8245026,-24.4497574],[-51.8182868,-24.449917],[-51.8010183,-24.4647502],[-51.7970665,-24.4713738],[-51.7914043,-24.479316],[-51.7909438,-24.4903687],[-51.789324,-24.4949804],[-51.7711402,-24.5060243],[-51.757552,-24.5290217],[-51.7469958,-24.5676517],[-51.7248961,-24.5961223],[-51.6907444,-24.5816573],[-51.6621056,-24.5845751],[-51.6045661,-24.5558894],[-51.5370507,-24.5627653],[-51.5052666,-24.5754968],[-51.4659557,-24.5568031],[-51.4548707,-24.5810935],[-51.4728834,-24.6060235],[-51.4870673,-24.6090551],[-51.4965975,-24.6363013],[-51.4727128,-24.6337539],[-51.4706254,-24.6524867],[-51.4512889,-24.6584387],[-51.4463768,-24.6866403],[-51.4132623,-24.7253034],[-51.410129,-24.7563311],[-51.3741834,-24.7732899],[-51.3606001,-24.7590662],[-51.3328499,-24.7596225]],[[-51.3328499,-24.7596225],[-51.3311793,-24.7545057],[-51.3230414,-24.7637239],[-51.2900083,-24.7571593],[-51.2560187,-24.7873668],[-51.2060938,-24.76548],[-51.1996509,-24.768388],[-51.2114764,-24.7954308],[-51.1564303,-24.8080358],[-51.1458735,-24.8490248],[-51.1356744,-24.8643628],[-51.0981793,-24.8797505],[-51.1211224,-24.9041366],[-51.0928184,-24.9100728],[-51.1001824,-24.9207073],[-51.0866242,-24.9368154],[-51.0694247,-24.9350895],[-51.0428401,-24.9149721],[-51.0379305,-24.9294056],[-51.0568949,-24.9384877],[-51.0509642,-24.9553008],[-51.0198467,-24.9685371],[-50.9860956,-24.9666318],[-50.9838979,-24.9649097],[-50.9857869,-24.9605636],[-50.9759228,-24.9519938],[-50.9629443,-24.9329726],[-50.9820757,-24.9072901],[-50.9983908,-24.8631137]],[[-50.9983908,-24.8631137],[-51.0045884,-24.8630783]],[[-51.0045884,-24.8630783],[-51.028796,-24.8551044],[-51.0668557,-24.8159469],[-51.0639987,-24.6913883],[-51.0809525,-24.6626952],[-51.0836442,-24.6344311],[-51.1004263,-24.6238831],[-51.1180422,-24.6293476],[-51.1319278,-24.6161434],[-51.1314797,-24.5807563],[-51.1587819,-24.5689258],[-51.1682392,-24.5378558],[-51.1921262,-24.524187],[-51.1932651,-24.5178466],[-51.168403,-24.5072892],[-51.1660919,-24.4884529],[-51.139012,-24.4681073],[-51.1391774,-24.4319717],[-51.1082598,-24.4175533],[-51.0809787,-24.3636715],[-51.1066451,-24.325212],[-51.0961824,-24.3218263],[-51.1141714,-24.3083692],[-51.1048434,-24.3047531],[-51.1079023,-24.3010849],[-51.1087591,-24.2837183],[-51.1315638,-24.2681092],[-51.2038761,-24.2458915],[-51.2072906,-24.2230294],[-51.2301999,-24.2104819],[-51.2799514,-24.2025283],[-51.3222125,-24.1688912],[-51.3662048,-24.149789],[-51.3733719,-24.1347281],[-51.357174,-24.1223575],[-51.3423686,-24.1332006],[-51.3058777,-24.1278495],[-51.280476,-24.0981711],[-51.2681239,-24.1097848],[-51.2343973,-24.0865067],[-51.2084594,-24.1069393],[-51.1780072,-24.1004256],[-51.1331748,-24.0695774],[-51.1142701,-24.0852742],[-51.0822958,-24.0653826],[-51.0818554,-24.0440312],[-51.0960362,-24.0328774],[-51.0996489,-23.9973891],[-51.0943984,-23.9781087],[-51.1101432,-23.9657845],[-51.1125637,-23.9426741],[-51.0697548,-23.9165266],[-51.0353418,-23.9058429],[-51.0165102,-23.9186752],[-50.9669215,-23.8971667],[-50.9573431,-23.8485816],[-50.9399791,-23.8295483],[-50.9375333,-23.8233373],[-50.9372032,-23.8190452],[-50.9150304,-23.8180617],[-50.9009256,-23.7994515]],[[-50.9009256,-23.7994515],[-50.89734,-23.7940452]],[[-50.89734,-23.7940452],[-50.8983969,-23.7870723],[-50.8924426,-23.7748633],[-50.8882016,-23.77176],[-50.8821107,-23.7567445],[-50.9132093,-23.726626],[-50.915398,-23.7143698],[-50.8774495,-23.6961633],[-50.8860485,-23.675418],[-50.9030328,-23.6762984],[-50.9213156,-23.661247],[-50.9221014,-23.6382818],[-50.9450118,-23.6074958],[-50.9303729,-23.5653117],[-50.9533545,-23.5389942],[-50.9463449,-23.4927002],[-50.9279329,-23.4808341],[-50.9235803,-23.4547319],[-50.9467006,-23.4582624],[-50.9563004,-23.4402382],[-50.9534813,-23.4161732],[-50.9817362,-23.4164451],[-50.9956938,-23.3949024],[-50.993811,-23.3785358],[-51.0104018,-23.3556976],[-50.9813061,-23.3508351],[-50.9779149,-23.312085]],[[-50.9779149,-23.312085],[-50.9685294,-23.308937],[-50.9643275,-23.3059259],[-50.9620488,-23.2990603],[-50.9617244,-23.2942749],[-50.9631332,-23.2903195],[-50.9717649,-23.2814897]],[[-50.9717649,-23.2814897],[-50.9881639,-23.254027],[-50.9670082,-23.2373053],[-50.9690002,-23.1968402],[-50.9507575,-23.1724036],[-50.9630635,-23.1635968],[-50.9716793,-23.1294777],[-50.9588387,-23.1030253],[-50.9771547,-23.0947996],[-50.9777798,-23.0719217],[-50.9888061,-23.0450949],[-50.9614333,-23.0450897],[-50.941268,-23.0314237],[-50.9545172,-23.0032803],[-50.9449344,-22.9738187],[-50.9784196,-22.9632916],[-50.9794856,-22.9371317],[-50.9495261,-22.9280806],[-50.9388027,-22.9179028],[-50.9308838,-22.8969904],[-50.9368424,-22.8741101],[-50.9606261,-22.8472265],[-50.9854792,-22.8574189],[-50.9967389,-22.8484009],[-50.9772003,-22.8240117],[-51.0070918,-22.8151589],[-51.0074508,-22.8002948],[-51.0043772,-22.7937092]],[[-51.0043772,-22.7937092],[-51.0111421,-22.792297]],[[-51.2814276,-22.6664774],[-51.2971917,-22.6732062],[-51.306495,-22.6744902],[-51.3393163,-22.6653649]],[[-51.7258674,-22.6614648],[-51.7343452,-22.6254664],[-51.73699,-22.6241228],[-51.7454609,-22.6245809]],[[-52.0126511,-22.5416962],[-52.0283521,-22.5395129]],[[-50.9717649,-23.2814897],[-50.9650122,-23.2875684],[-50.9619624,-23.2925755],[-50.9634018,-23.3034174],[-50.9666957,-23.3079526],[-50.9779149,-23.312085]],[[-50.89734,-23.7940452],[-50.8873378,-23.8040942]],[[-50.8873378,-23.8040942],[-50.8957834,-23.8401913],[-50.8817022,-23.8484771],[-50.8466432,-23.8815445],[-50.8175875,-23.8768974],[-50.7903408,-23.8886806],[-50.7871396,-23.9055709],[-50.7554454,-23.9226836],[-50.7320348,-23.9476575],[-50.7416112,-23.9661979],[-50.7431945,-24.0059803],[-50.7190587,-24.0295832],[-50.6936083,-24.0262509],[-50.6887076,-24.0422008],[-50.6610707,-24.0690117],[-50.6208774,-24.0778204],[-50.5758229,-24.0636322],[-50.5362929,-24.0703888],[-50.5209531,-24.0859453],[-50.496652,-24.0895491],[-50.4763361,-24.1058557],[-50.426517,-24.1015014],[-50.3842653,-24.1043007],[-50.3653869,-24.1169742],[-50.3306181,-24.1225863],[-50.3357502,-24.1090805],[-50.3443951,-24.0667585],[-50.336318,-24.0249927],[-50.3100355,-24.0220232],[-50.2896365,-23.9872591],[-50.2947437,-23.9733129],[-50.2698539,-23.9542555],[-50.228943,-23.9744489],[-50.220817,-23.9974561],[-50.1569954,-23.9397323],[-50.1183241,-23.9621073],[-50.0814916,-23.9610794],[-50.0417028,-23.9903157],[-50.0024786,-23.9724245],[-49.9715939,-23.9674576],[-49.976415,-23.9248488],[-49.9558715,-23.8938293],[-49.9647838,-23.8696944],[-49.9234995,-23.8437933],[-49.9173499,-23.8624506],[-49.853415,-23.9008393],[-49.8302934,-23.9362715],[-49.8368167,-23.9490216],[-49.8292506,-23.9788585],[-49.8125916,-23.9800162],[-49.7930271,-24.0038279],[-49.7552545,-24.065589],[-49.7312491,-24.0827443],[-49.7029081,-24.0650213],[-49.6834142,-24.078929],[-49.6479523,-24.0771531],[-49.6155484,-24.0560292],[-49.6309306,-24.0473768],[-49.6225075,-23.9976775],[-49.5852097,-23.9608067],[-49.5647841,-23.9636883],[-49.5626972,-23.9616521],[-49.5640191,-23.9436179],[-49.570209,-23.9405153],[-49.5589371,-23.9415764],[-49.5557227,-23.9400447],[-49.5562877,-23.9473793],[-49.5490676,-23.9445757],[-49.5384959,-23.9385581],[-49.5443701,-23.9351619]],[[-49.5443701,-23.9351619],[-49.5401857,-23.9273283]],[[-49.6012211,-23.4612625],[-49.603186,-23.4512926]],[[-50.8544726,-22.8199684],[-50.8922507,-22.7949258],[-50.919054,-22.7959305]],[[-50.9456364,-22.8039323],[-50.9616153,-22.7862284],[-50.9681747,-22.7834121],[-50.9759279,-22.7821003],[-50.9834117,-22.7844367],[-50.9945854,-22.7921495]],[[-50.9945854,-22.7921495],[-51.0043772,-22.7937092]],[[-51.0045884,-24.8630783],[-50.9978167,-24.8626683]],[[-50.9978167,-24.8626683],[-50.9824277,-24.8532389],[-50.9765877,-24.8532391],[-50.9680634,-24.8493586],[-50.9545616,-24.8506627],[-50.9490688,-24.8442643],[-50.9164559,-24.8564579],[-50.9086179,-24.8390154],[-50.8799506,-24.8315119],[-50.8758932,-24.8319215],[-50.8505635,-24.8556449],[-50.8206167,-24.8459115],[-50.7827805,-24.854535],[-50.7497209,-24.8314262],[-50.732199,-24.8506059],[-50.6797877,-24.8558112],[-50.6608933,-24.8480565],[-50.6348067,-24.8618929],[-50.6274167,-24.8802681],[-50.6098664,-24.8809442],[-50.5901411,-24.8779427],[-50.5722259,-24.8610398],[-50.5237819,-24.8325015],[-50.5040081,-24.8290537],[-50.4689511,-24.8009533],[-50.4380396,-24.8041961],[-50.5271846,-24.937899],[-50.5023968,-24.9532643],[-50.4971951,-24.975369],[-50.4322537,-25.0034237],[-50.4354438,-25.0366985],[-50.4118365,-25.0287741],[-50.3940309,-25.0797109],[-50.3767249,-25.0854929],[-50.3692544,-25.1047394],[-50.3514725,-25.1107155],[-50.3290323,-25.1321259],[-50.2882742,-25.1336265],[-50.2729682,-25.1479464],[-50.2805021,-25.2118305],[-50.2662247,-25.2287726],[-50.2707241,-25.2771322],[-50.2873874,-25.3188793],[-50.2803811,-25.3769503],[-50.3051922,-25.3804322],[-50.3231186,-25.4172036],[-50.3482669,-25.425828],[-50.3414737,-25.4539835],[-50.3564411,-25.4996157],[-50.3544649,-25.5198898],[-50.3532822,-25.5355867],[-50.3208532,-25.5463488],[-50.2723851,-25.5440702],[-50.2482325,-25.5726058],[-50.2161979,-25.5835623],[-50.1898999,-25.5840122],[-50.1783018,-25.5826807],[-50.1714093,-25.5837736],[-50.1623607,-25.5894203],[-50.0979051,-25.6316742]],[[-50.0979051,-25.6316742],[-50.0875199,-25.6383004]],[[-50.0875199,-25.6383004],[-50.0830239,-25.6385136],[-50.070257,-25.6441696],[-50.0619206,-25.6467612],[-50.0551937,-25.6433974],[-50.0492738,-25.6415864],[-50.0289939,-25.6292213],[-50.0272942,-25.6216817],[-50.0271609,-25.6051932],[-50.0204214,-25.6019729],[-50.0214376,-25.6059599],[-50.0108441,-25.6023432],[-49.9925258,-25.587447],[-49.9704084,-25.5227196],[-49.9574994,-25.5078255],[-49.9343758,-25.5058669],[-49.9100735,-25.4488841],[-49.8935137,-25.4721763],[-49.856851,-25.4941895],[-49.8465246,-25.4761067],[-49.7671605,-25.466719],[-49.7666604,-25.4505022],[-49.7476586,-25.4364249],[-49.7403926,-25.4151324],[-49.7410383,-25.3663349],[-49.7583518,-25.3612536],[-49.8196637,-25.2700552],[-49.8431075,-25.2540944],[-49.8491534,-25.2339077],[-49.8173144,-25.2263447],[-49.7939654,-25.2002813],[-49.7706667,-25.1968174],[-49.7556621,-25.2165757],[-49.7298459,-25.2246268],[-49.7121911,-25.217417],[-49.6796906,-25.1707536],[-49.6825775,-25.1677497],[-49.6877685,-25.159398],[-49.7033621,-25.1494607],[-49.7146384,-25.1386842],[-49.7276711,-25.1327033],[-49.7271961,-25.1313596],[-49.7327922,-25.1241655],[-49.7428438,-25.0791802],[-49.7369627,-25.0652307],[-49.7354611,-25.0615814],[-49.7187447,-25.0575473],[-49.7125686,-25.0543238],[-49.7112176,-25.0454098],[-49.7052158,-25.0425551],[-49.7035257,-25.018991],[-49.6805512,-25.0087391],[-49.632294,-24.9999882],[-49.6080026,-24.9828513],[-49.6021386,-24.9869783],[-49.5957719,-24.9756068],[-49.5767625,-24.9637575],[-49.5728866,-24.9398289],[-49.5494032,-24.9409977],[-49.5394542,-24.9165158],[-49.5095518,-24.9009933],[-49.5085784,-24.8773003],[-49.5284076,-24.8621234],[-49.5375067,-24.8182403],[-49.5671599,-24.7971094],[-49.5297698,-24.7155786],[-49.5690562,-24.6824254],[-49.5734814,-24.6680221],[-49.6124232,-24.6814624],[-49.6431069,-24.6615002],[-49.5911783,-24.6349786],[-49.5899271,-24.618653],[-49.5596209,-24.6044339],[-49.5392126,-24.5720112],[-49.5236895,-24.5763712],[-49.5281279,-24.6005367],[-49.5041332,-24.6110893],[-49.4912255,-24.5518036],[-49.466381,-24.5446256],[-49.4517556,-24.5259288],[-49.4314479,-24.5213373],[-49.4291555,-24.5006876],[-49.3967099,-24.496597],[-49.3592482,-24.4776945],[-49.3467754,-24.4584787],[-49.2756757,-24.4169488],[-49.2602149,-24.4245309]],[[-49.2602149,-24.4245309],[-49.2406832,-24.4220148]],[[-49.532208,-23.9301059],[-49.5443701,-23.9351619]],[[-50.8873378,-23.8040942],[-50.9009256,-23.7994515]],[[-54.26894,-24.0590279],[-54.2862316,-24.0682254],[-54.3141561,-24.1040009],[-54.334227,-24.1163763],[-54.3455788,-24.1570492],[-54.3299632,-24.187957],[-54.3306814,-24.230271],[-54.3225729,-24.2516575],[-54.2774409,-24.2914447],[-54.2578191,-24.3552654],[-54.2627684,-24.3781341],[-54.292898,-24.4245667],[-54.3265126,-24.4651747],[-54.3361051,-24.5080196],[-54.3200482,-24.5680481],[-54.3188175,-24.6069396],[-54.3343363,-24.7011012],[-54.3700859,-24.7562192],[-54.3899278,-24.7772832],[-54.3949768,-24.8112832],[-54.4369866,-24.9414242],[-54.4493445,-25.0141459],[-54.463547,-25.056906],[-54.4595183,-25.1020636],[-54.4458725,-25.1139142],[-54.4248858,-25.1532656],[-54.4478333,-25.1687802],[-54.474288,-25.2130135],[-54.4912342,-25.2779663],[-54.5253651,-25.3315358],[-54.586413,-25.3965778],[-54.6042831,-25.4409428],[-54.6190931,-25.4506973],[-54.6036678,-25.4824553],[-54.5947339,-25.537976],[-54.5935181,-25.5922462],[-54.5528867,-25.5881529],[-54.5345379,-25.5991872],[-54.5263422,-25.6288288],[-54.5024631,-25.6144302],[-54.4702174,-25.6357679],[-54.4238679,-25.6928712],[-54.4252962,-25.6589049],[-54.397052,-25.6397113],[-54.3870437,-25.5980501],[-54.3712828,-25.5944561],[-54.3454761,-25.6049062],[-54.3289058,-25.5719021],[-54.2883178,-25.5544066],[-54.2537193,-25.5964092],[-54.2341677,-25.5875956],[-54.2229194,-25.564836],[-54.2030733,-25.5588354],[-54.192929,-25.5339978],[-54.1631106,-25.5426072],[-54.1157271,-25.4985354],[-54.0948569,-25.497991],[-54.1014446,-25.5298164],[-54.1198091,-25.5532823],[-54.1195437,-25.5835102],[-54.1018156,-25.6180567],[-54.0913095,-25.6169969],[-54.0834924,-25.5621886],[-54.0453376,-25.5851564],[-54.0287494,-25.5665344],[-54.01081,-25.5665328],[-53.9912454,-25.5860855]],[[-53.9912454,-25.5860855],[-53.9682488,-25.5867216],[-53.9399919,-25.5715748],[-53.9047235,-25.5942268],[-53.8770478,-25.584265],[-53.8205748,-25.5408276],[-53.8019873,-25.5409373],[-53.7966371,-25.5521882],[-53.8180583,-25.5897008],[-53.7968331,-25.6070619],[-53.7789569,-25.5904467],[-53.7786899,-25.5624355],[-53.7575348,-25.5529311],[-53.725448,-25.5861849],[-53.7041972,-25.580787],[-53.7176098,-25.5520715],[-53.6760497,-25.5044525],[-53.6356532,-25.524249],[-53.5953586,-25.5651731],[-53.5736466,-25.555851],[-53.5793035,-25.5257138],[-53.562943,-25.5072822],[-53.5482845,-25.5121609],[-53.5410217,-25.5448681],[-53.5070755,-25.5436042],[-53.4788592,-25.5315291],[-53.4477168,-25.5287946],[-53.4377101,-25.5048894],[-53.3978226,-25.5026992],[-53.3625442,-25.5362008],[-53.3463522,-25.5316162],[-53.3388186,-25.5136469],[-53.3491067,-25.5007083],[-53.3531784,-25.4903937],[-53.3477988,-25.4811637]],[[-53.3477988,-25.4811637],[-53.3290173,-25.4765378],[-53.3214847,-25.4775051],[-53.313267,-25.4814124],[-53.3060385,-25.4878937],[-53.3031728,-25.4967477]],[[-53.3031728,-25.4967477],[-53.3288508,-25.539067],[-53.3251243,-25.5503157],[-53.2798768,-25.5440156],[-53.2684292,-25.5595491],[-53.2710959,-25.5859111],[-53.2533531,-25.5867514],[-53.2378729,-25.574478],[-53.2120116,-25.5749187],[-53.1937613,-25.5567362],[-53.201205,-25.5282079]],[[-53.201205,-25.5282079],[-53.1919275,-25.5172082],[-53.1661816,-25.5098981],[-53.1588479,-25.5089446]],[[-53.1588479,-25.5089446],[-53.143543,-25.513675]],[[-53.143543,-25.513675],[-53.1299019,-25.511692],[-53.1304763,-25.5040448],[-53.1108705,-25.4779679],[-53.1158118,-25.4051703],[-53.0887086,-25.3872691],[-53.0809879,-25.3561698],[-53.0769378,-25.3557365],[-53.0634803,-25.354145],[-53.036917,-25.3311319],[-53.0025399,-25.3310404],[-52.9862648,-25.3086103],[-52.9493514,-25.2990875],[-52.9046852,-25.2698313],[-52.875775,-25.285331],[-52.8549079,-25.2764099],[-52.8518411,-25.273765],[-52.8437751,-25.2703254],[-52.8361006,-25.2679436],[-52.8307287,-25.2522817],[-52.77993,-25.2494095],[-52.775051,-25.2418976],[-52.7211709,-25.2123555],[-52.7009589,-25.2173908],[-52.6609197,-25.2059908],[-52.6585335,-25.1878537],[-52.6912398,-25.1643466],[-52.6690273,-25.1459356],[-52.6701179,-25.1287622],[-52.6572923,-25.1050118],[-52.6612553,-25.0727615],[-52.6150979,-25.0378446],[-52.6024861,-25.0114265],[-52.6211368,-24.9847046],[-52.6058184,-24.968191],[-52.5995531,-24.9638197],[-52.596224,-24.9665773],[-52.5926187,-24.9542421],[-52.6109605,-24.9365016],[-52.6220568,-24.9618715],[-52.6598522,-24.9530613],[-52.6381713,-24.9437035],[-52.6469243,-24.9345722],[-52.6514628,-24.932949]],[[-52.6514628,-24.932949],[-52.660415,-24.92666]],[[-53.246274,-24.1859149],[-53.2413649,-24.1657519]],[[-54.1690081,-23.9989943],[-54.1808739,-24.0065259],[-54.2171949,-24.0359906]],[[-54.2171949,-24.0359906],[-54.2494639,-24.0559018],[-54.26894,-24.0590279]],[[-53.9912454,-25.5860855],[-53.9702553,-25.6009426],[-53.9514893,-25.6467087],[-53.941924,-25.6191512],[-53.9167903,-25.6160827],[-53.9144853,-25.6332687],[-53.8840811,-25.6582456],[-53.8624923,-25.6586085],[-53.850465,-25.7008526],[-53.8664457,-25.7413317],[-53.8309233,-25.7808442],[-53.8222755,-25.800324],[-53.8418882,-25.8390156],[-53.8316599,-25.8593604],[-53.8395679,-25.8826856],[-53.8240015,-25.8955933],[-53.8202932,-25.927252],[-53.8428116,-25.9336556],[-53.8354994,-25.9724749],[-53.8176836,-25.989964],[-53.7801244,-26.0084636],[-53.7716138,-26.0314698],[-53.7378591,-26.0412422],[-53.7266149,-26.0647917],[-53.740105,-26.0835158],[-53.741514,-26.1160169],[-53.7103078,-26.1305632],[-53.7000696,-26.1528282],[-53.6822014,-26.1620718],[-53.6411691,-26.2155345],[-53.6535212,-26.2351071],[-53.6399713,-26.2525236]],[[-53.6399713,-26.2525236],[-53.6334036,-26.2547002],[-53.6297254,-26.2614525],[-53.6257015,-26.2625654],[-53.5936192,-26.2558958],[-53.5843296,-26.2590734],[-53.5822163,-26.2724168],[-53.5534836,-26.2926096],[-53.5237076,-26.2920211],[-53.4984093,-26.3030406],[-53.4702349,-26.2901297],[-53.4246944,-26.2800667],[-53.3998165,-26.254013],[-53.3760719,-26.241614],[-53.3048557,-26.260529],[-53.2890034,-26.2480361],[-53.2260153,-26.3184752],[-53.165447,-26.3512796],[-53.150939,-26.344519],[-53.1269968,-26.3724881],[-53.093228,-26.3920221],[-53.0464406,-26.3813775],[-52.9933039,-26.3475248],[-52.9504203,-26.3622865],[-52.8665078,-26.3582736],[-52.8469285,-26.3444065],[-52.7753913,-26.3478885],[-52.7634936,-26.3536707],[-52.7377632,-26.3421849],[-52.7188906,-26.357301],[-52.678622,-26.352676],[-52.6597739,-26.3738708],[-52.6211027,-26.395509],[-52.5958322,-26.4160624],[-52.5789527,-26.4081527],[-52.5352648,-26.4034031]],[[-52.5352648,-26.4034031],[-52.5232321,-26.3995992]],[[-52.5232321,-26.3995992],[-52.5168582,-26.3705456],[-52.4971902,-26.3272613],[-52.506589,-26.315077],[-52.4986281,-26.3001846],[-52.4958131,-26.2692074],[-52.5395643,-26.2253775],[-52.5372308,-26.2006988],[-52.5513657,-26.1645716],[-52.568999,-26.1441354],[-52.5620972,-26.1087003],[-52.5376137,-26.1146602],[-52.5156175,-26.1017736],[-52.5166432,-26.0887811],[-52.4861186,-26.084627],[-52.445107,-26.1049356],[-52.4150044,-26.1049365],[-52.4060735,-26.0897238],[-52.384436,-26.0856408],[-52.3576894,-26.0669835],[-52.3820674,-26.051641],[-52.3643575,-26.0328207],[-52.3846965,-26.0023335],[-52.384683,-25.9516552],[-52.3380251,-25.9300529],[-52.3222309,-25.9055036],[-52.2803027,-25.8742123],[-52.2734742,-25.8456601],[-52.2576147,-25.8468523],[-52.2270279,-25.7898446],[-52.2234167,-25.7605634],[-52.2348062,-25.7393315],[-52.262058,-25.7385492],[-52.2667252,-25.7246988]],[[-52.2667252,-25.7246988],[-52.2891942,-25.7102983],[-52.2959738,-25.7086541],[-52.3048597,-25.7095337],[-52.3115337,-25.7124546]],[[-52.3115337,-25.7124546],[-52.3088646,-25.6898525],[-52.3240277,-25.6778718],[-52.3544128,-25.7030984],[-52.4042762,-25.7012962],[-52.4450065,-25.6731427],[-52.4671188,-25.6786939],[-52.5332103,-25.6447449],[-52.5221754,-25.6905743],[-52.5520883,-25.6914563],[-52.5766764,-25.6620605],[-52.5764138,-25.6470955],[-52.6193338,-25.6296406],[-52.6277963,-25.6550338],[-52.6937492,-25.6539563],[-52.7152634,-25.6649034],[-52.7221056,-25.6267324],[-52.7670073,-25.6106648],[-52.7832167,-25.5700298],[-52.7950986,-25.5672147],[-52.80676,-25.6050378],[-52.8300333,-25.5888589],[-52.8470064,-25.5879088],[-52.8674453,-25.6140026],[-52.8797763,-25.6091859],[-52.9073637,-25.5642913],[-52.9590396,-25.5569941],[-52.9810175,-25.5712227],[-53.0007753,-25.534534],[-53.023054,-25.5395114],[-53.0504947,-25.5777021],[-53.0733144,-25.560115],[-53.077542,-25.5394331],[-53.102014,-25.5350171],[-53.1275732,-25.5638051],[-53.1385129,-25.5301807],[-53.143543,-25.513675]],[[-53.1588479,-25.5089446],[-53.1887944,-25.5156564],[-53.1949349,-25.5195887],[-53.201205,-25.5282079]],[[-53.3031728,-25.4967477],[-53.3038474,-25.4918757],[-53.3082917,-25.4853606],[-53.316039,-25.4799585],[-53.3262602,-25.4766163],[-53.3324859,-25.4769183],[-53.3477988,-25.4811637]],[[-52.3115337,-25.7124546],[-52.3079431,-25.7106343],[-52.3006677,-25.7086808],[-52.2929461,-25.7092413],[-52.2857312,-25.7117078],[-52.2667252,-25.7246988]],[[-52.5232321,-26.3995992],[-52.5187326,-26.4015213]],[[-52.5187326,-26.4015213],[-52.496272,-26.4200194],[-52.4767233,-26.421436],[-52.4636056,-26.4396036],[-52.4333066,-26.4402033],[-52.3980605,-26.42882],[-52.3774195,-26.4409567],[-52.3049939,-26.4402571],[-52.2902188,-26.4553658],[-52.2616222,-26.4542808],[-52.2298118,-26.4670431],[-52.2028476,-26.4587849],[-52.1770614,-26.4551102],[-52.1295515,-26.4772059],[-52.1116325,-26.4749634],[-52.0813539,-26.525111],[-52.0651889,-26.5230182],[-52.0212151,-26.5487221],[-52.0087675,-26.5665606],[-51.9433269,-26.5712026],[-51.9283319,-26.5843685],[-51.9002917,-26.5792836],[-51.8734505,-26.5993625],[-51.8339981,-26.5900386],[-51.8205615,-26.5786004],[-51.789399,-26.5886824],[-51.7345458,-26.5723759],[-51.694165,-26.5812113],[-51.671999,-26.5651968],[-51.6568594,-26.5664278],[-51.6309939,-26.5878183],[-51.5969898,-26.58406],[-51.5356074,-26.5917979]],[[-51.5356074,-26.5917979],[-51.5120815,-26.5816876]],[[-51.5120815,-26.5816876],[-51.5231893,-26.5274474],[-51.5269002,-26.4977251],[-51.5224834,-26.4811825],[-51.5331762,-26.4386027],[-51.5448569,-26.4302999],[-51.5444006,-26.4241562],[-51.5518695,-26.4186372],[-51.548809,-26.4016448],[-51.5660828,-26.3931957],[-51.5623652,-26.3682287],[-51.5848285,-26.3221135],[-51.5806595,-26.2967891],[-51.6280787,-26.2896571],[-51.6404956,-26.2700222],[-51.6797915,-26.2689969],[-51.7013822,-26.2439241],[-51.7308617,-26.2619268],[-51.7641946,-26.2498703],[-51.7696323,-26.2370411],[-51.7047468,-26.1260173],[-51.6956666,-26.1032689],[-51.7383448,-26.0493224],[-51.7237215,-26.0118608],[-51.7430482,-25.9706952],[-51.7313033,-25.9571052],[-51.7141815,-25.9217131],[-51.6984954,-25.9148051],[-51.6808042,-25.932805],[-51.6966641,-25.9561436],[-51.7096288,-25.9780656],[-51.6778585,-25.99527],[-51.6676921,-26.0102917],[-51.6431919,-25.9973818],[-51.6192309,-26.0037115],[-51.5842443,-25.9983315],[-51.5812405,-25.9767195],[-51.5504679,-25.9869095],[-51.5345463,-25.9643283],[-51.5212699,-25.9693159],[-51.5028532,-25.9427223],[-51.4778259,-25.921458],[-51.4492363,-25.9513851],[-51.4127122,-25.9246681],[-51.4154103,-25.9487922],[-51.3814795,-25.9341131],[-51.3806236,-25.894476],[-51.3227651,-25.8461335],[-51.3218196,-25.8264518],[-51.2932166,-25.8307291],[-51.2816852,-25.7916427],[-51.2578446,-25.8066487],[-51.2022332,-25.7678044],[-51.1855464,-25.770648],[-51.1714276,-25.7457779],[-51.1321278,-25.7632041],[-51.1174873,-25.7460562],[-51.1164839,-25.7202751],[-51.0975666,-25.7099967],[-51.0492067,-25.6976889],[-51.0200667,-25.7057732],[-51.0096525,-25.6745784],[-50.992595,-25.6781866],[-50.9757078,-25.6616348],[-50.9900241,-25.6416759],[-50.9801485,-25.6299822],[-51.0068979,-25.6039713],[-50.9854076,-25.5729553],[-51.0313213,-25.5683571],[-51.045037,-25.5561869],[-51.0697285,-25.5589827],[-51.0988745,-25.5526924],[-51.1257072,-25.5218734],[-51.1452833,-25.4836442],[-51.1349721,-25.4751307],[-51.1185994,-25.4764959],[-51.0896787,-25.447783],[-51.1146205,-25.441077],[-51.1501538,-25.4054804],[-51.1600708,-25.3804884],[-51.1349082,-25.3682825],[-51.1367586,-25.3454793],[-51.2078684,-25.3086768],[-51.2087637,-25.2886841],[-51.1853203,-25.2459335],[-51.2055635,-25.2089887],[-51.18487,-25.1840606],[-51.20157,-25.1717837],[-51.2453783,-25.1040921],[-51.2263202,-25.0786469],[-51.2446572,-25.0709206],[-51.2545469,-25.0400155],[-51.2415667,-25.0253871],[-51.2397576,-24.9858778],[-51.2440804,-24.9697331],[-51.2537227,-24.9962333],[-51.2536197,-25.0211634],[-51.2879244,-25.0585586],[-51.3123454,-25.050554],[-51.3156816,-25.0290305],[-51.3294395,-25.0166492],[-51.3350244,-24.9739502],[-51.3269659,-24.9504437],[-51.3328267,-24.9296897],[-51.3695773,-24.9285865],[-51.3827468,-24.9185886],[-51.405094,-24.9200122],[-51.3933763,-24.8773527],[-51.3715108,-24.8741279],[-51.3707598,-24.8225975],[-51.3525957,-24.7890595],[-51.3372894,-24.7943914],[-51.3301843,-24.7876054],[-51.320236,-24.7894043],[-51.3161827,-24.7819614],[-51.3328499,-24.7596225]],[[-52.0452187,-24.569378],[-52.0534959,-24.5713695]],[[-52.6558017,-24.9293651],[-52.6514628,-24.932949]],[[-51.5120815,-26.5816876],[-51.507795,-26.5809242]],[[-51.507795,-26.5809242],[-51.4973868,-26.5852636],[-51.4752325,-26.6193957],[-51.454883,-26.6406582],[-51.435346,-26.6881781],[-51.4073176,-26.70062],[-51.3927778,-26.6848787],[-51.3911297,-26.6632474],[-51.3253187,-26.6485981],[-51.2948899,-26.6558927],[-51.2835172,-26.6423633],[-51.2292258,-26.6166244],[-51.2367949,-26.6078918],[-51.2249954,-26.5911805],[-51.231517,-26.5485977],[-51.2502094,-26.5194763],[-51.2731744,-26.4983042],[-51.2511304,-26.4720702],[-51.2793484,-26.4538078],[-51.3004929,-26.4178719],[-51.291695,-26.4042119],[-51.2854928,-26.3977424],[-51.2743491,-26.398634],[-51.2778923,-26.3931246]],[[-51.2778923,-26.3931246],[-51.2624519,-26.3792892]],[[-51.2624519,-26.3792892],[-51.2479512,-26.3298664],[-51.194074,-26.3014791],[-51.1619388,-26.2910267],[-51.148403,-26.2787746],[-51.101911,-26.2728112],[-51.0856062,-26.2330212],[-51.0788732,-26.2274238],[-51.0568457,-26.2439017],[-50.9989726,-26.2310534],[-50.9748918,-26.2441157],[-50.9644819,-26.2679161],[-50.9473857,-26.281234],[-50.9315532,-26.2684955],[-50.9440114,-26.2429562],[-50.9325129,-26.2344918],[-50.908207,-26.2512143],[-50.9091388,-26.2846351],[-50.8819619,-26.2792658],[-50.8724416,-26.2445027],[-50.846873,-26.2663831],[-50.7976048,-26.2301802],[-50.750563,-26.2244501],[-50.7459296,-26.2467729],[-50.7308595,-26.249908],[-50.7154784,-26.2338548],[-50.7277985,-26.2014514],[-50.7056204,-26.1897056],[-50.6775895,-26.1472181],[-50.6483104,-26.1303502],[-50.6565623,-26.1018131],[-50.6309991,-26.0646211],[-50.5948011,-26.0703959],[-50.5519076,-26.0575582],[-50.5525092,-26.0426318],[-50.5862879,-26.0476008],[-50.5914895,-26.0225393],[-50.5619125,-26.0064933],[-50.5508688,-26.0382627],[-50.5023602,-26.0242432],[-50.4591296,-26.0272142],[-50.4295381,-26.0629874],[-50.4138881,-26.0648994],[-50.408416,-26.0590907],[-50.4001443,-26.0625911],[-50.3678024,-26.0866137],[-50.3702386,-26.1087116],[-50.3657339,-26.1121487],[-50.3500646,-26.1233848],[-50.3242603,-26.1352799],[-50.3219429,-26.1257479],[-50.3325115,-26.1078097],[-50.3320127,-26.0853748],[-50.2980142,-26.0543171],[-50.2873903,-26.0558091],[-50.2512218,-26.0304735],[-50.2363389,-26.0354609],[-50.2226853,-26.0604246],[-50.2087834,-26.0570194],[-50.1779718,-26.0785023],[-50.161577,-26.0576771],[-50.1702508,-26.0251885],[-50.1401632,-26.0265834],[-50.1083567,-26.0583439],[-50.0974307,-26.0499345],[-50.0964092,-26.045999],[-50.0871914,-26.0354865],[-50.0869512,-26.0288389],[-50.0789236,-26.0250961],[-50.0556471,-26.0361935],[-50.0216078,-26.0320327],[-50.0019167,-26.0402339],[-50.0110633,-26.0267338],[-49.9964939,-26.0121319]],[[-49.9964939,-26.0121319],[-49.9934323,-26.01135]],[[-49.9934323,-26.01135],[-49.9869297,-25.9951814],[-49.9776112,-26.0039229],[-49.9677643,-26.0050767],[-49.967644,-25.9915566],[-49.9732943,-25.9590849],[-49.986614,-25.9404448],[-50.0111624,-25.9310211],[-50.0227684,-25.8910414],[-50.0374097,-25.8806403],[-50.0831639,-25.8994104],[-50.1433599,-25.8874601],[-50.1751739,-25.8724483],[-50.1737512,-25.8581293],[-50.204828,-25.8245071],[-50.2315202,-25.8106525],[-50.2093024,-25.7876431],[-50.1872018,-25.787208],[-50.1818901,-25.7837616],[-50.1882244,-25.7725842],[-50.1533906,-25.7541967],[-50.1518426,-25.7487684],[-50.1505357,-25.7375423],[-50.15138,-25.7364036],[-50.1521883,-25.7320226],[-50.1274399,-25.712377],[-50.1263501,-25.7106635],[-50.1462232,-25.6863788],[-50.135195,-25.6750475],[-50.1357015,-25.6639298],[-50.1269622,-25.6632983],[-50.1137854,-25.6667975],[-50.0953981,-25.6539843],[-50.089687,-25.6502885],[-50.0972072,-25.6353963]],[[-50.0972072,-25.6353963],[-50.0979051,-25.6316742]],[[-50.9978167,-24.8626683],[-50.9983908,-24.8631137]],[[-50.0875199,-25.6383004],[-50.0972072,-25.6353963]],[[-49.9934323,-26.01135],[-49.9840669,-26.0141685]],[[-49.9840669,-26.0141685],[-49.9631377,-26.0275984],[-49.9777593,-26.0528319],[-49.9689157,-26.0566944],[-49.9665104,-26.0516649]],[[-49.9665104,-26.0516649],[-49.9480927,-26.0307138],[-49.9481068,-26.0291078],[-49.9526605,-26.0249539],[-49.960789,-26.0209845]],[[-49.960789,-26.0209845],[-49.9494797,-26.0126058],[-49.9339677,-26.0177041],[-49.8907725,-26.0293655],[-49.8662311,-26.0454037],[-49.8635578,-26.048121],[-49.8386181,-26.0639446],[-49.8345321,-26.0692838],[-49.8358387,-26.0716174],[-49.8307794,-26.0831446],[-49.8148476,-26.0941155],[-49.7873688,-26.0984611],[-49.7735629,-26.1194135],[-49.7715794,-26.1077965],[-49.7790713,-26.1059792],[-49.776948,-26.1018199]],[[-49.776948,-26.1018199],[-49.7652194,-26.1137753],[-49.7541483,-26.1180333],[-49.7499306,-26.1222332],[-49.7485109,-26.1250319],[-49.7489641,-26.1401181]],[[-49.7489641,-26.1401181],[-49.7287546,-26.141796],[-49.7266634,-26.1490465],[-49.6992924,-26.1613002],[-49.6807649,-26.1865019],[-49.636728,-26.1910522],[-49.6289845,-26.1921437],[-49.6229226,-26.215574],[-49.6052352,-26.211931],[-49.5705804,-26.2248761],[-49.5523465,-26.2331102],[-49.5519798,-26.2251252],[-49.4909621,-26.2142533],[-49.4793639,-26.1840571],[-49.4523629,-26.1619579],[-49.4334457,-26.168591],[-49.3726085,-26.1534048],[-49.3702152,-26.1557533],[-49.3608472,-26.1370906],[-49.31468,-26.108929],[-49.2928806,-26.1026316],[-49.2896216,-26.1037786],[-49.2769582,-26.0828956],[-49.2557627,-26.0679584],[-49.239861,-26.0349863],[-49.1744743,-26.004206],[-49.1749596,-26.0000541],[-49.1375609,-26.0092665],[-49.1292904,-25.9971337],[-49.1281642,-25.9987811],[-49.0981087,-26.0104567],[-49.0717076,-26.0003947],[-49.0599537,-26.018486],[-49.0518217,-26.0199389],[-49.0434601,-26.0053733],[-49.0201609,-26.0157474],[-48.9942518,-26.0093054],[-48.9604784,-25.9807998],[-48.6820323,-25.9836713],[-48.6495503,-25.9578473],[-48.6215282,-25.9819868],[-48.5994844,-25.97673]],[[-48.5994844,-25.97673],[-48.5597196,-25.8907489],[-48.5646653,-25.8564196],[-48.5375649,-25.8435697],[-48.5266128,-25.8019801],[-48.5009548,-25.7534543],[-48.4316145,-25.6428746],[-48.3903071,-25.604056],[-48.3582855,-25.5859468],[-48.3199262,-25.5865626],[-48.2901316,-25.5461365],[-48.2769112,-25.5140512],[-48.2870256,-25.4891998],[-48.2393219,-25.465269],[-48.2149358,-25.4740505],[-48.1978832,-25.4279896],[-48.1622966,-25.37497],[-48.0994745,-25.3123213]],[[-48.5291747,-24.7315898],[-48.5425922,-24.7259712],[-48.5445846,-24.7179601]],[[-49.2505178,-24.4454195],[-49.2602149,-24.4245309]],[[-53.6399713,-26.2525236],[-53.6458858,-26.2766644],[-53.6710734,-26.3307319],[-53.6857281,-26.3354044],[-53.7002756,-26.3628918],[-53.696649,-26.4019605],[-53.7033502,-26.4171114],[-53.6877198,-26.4314332],[-53.7092422,-26.5012416],[-53.7313362,-26.5103879],[-53.7227745,-26.5276649],[-53.7390348,-26.5484462],[-53.7221142,-26.5589891],[-53.7223263,-26.5810829],[-53.7346075,-26.6074378],[-53.7299537,-26.620366],[-53.7516225,-26.6354733],[-53.7261606,-26.6591855],[-53.7347264,-26.7168645],[-53.7435098,-26.7336158],[-53.7141393,-26.7513418],[-53.7285483,-26.7649803],[-53.6983698,-26.8292995],[-53.678276,-26.8430588],[-53.694322,-26.8891309],[-53.6800092,-26.9094373],[-53.7267291,-26.9591053],[-53.718659,-26.9842058],[-53.7647967,-27.0453718],[-53.7933355,-27.0416191],[-53.8014678,-27.0862847],[-53.7777023,-27.1015206],[-53.824192,-27.1337135],[-53.8371493,-27.1556386],[-53.8296431,-27.1726275]],[[-53.8296431,-27.1726275],[-53.8090034,-27.1727598],[-53.7738616,-27.1474686]],[[-53.7738616,-27.1474686],[-53.7686998,-27.1496187],[-53.7629422,-27.1553555],[-53.7515895,-27.1880526],[-53.7490015,-27.1912184]],[[-53.7490015,-27.1912184],[-53.7352636,-27.1907901],[-53.6750504,-27.1606825],[-53.6501258,-27.1788221],[-53.6479191,-27.1913085]],[[-53.6479191,-27.1913085],[-53.6511769,-27.2127152],[-53.6496601,-27.2169407],[-53.6455475,-27.2195664],[-53.6380697,-27.2188728],[-53.6307258,-27.2133786]],[[-53.6307258,-27.2133786],[-53.6182319,-27.1873364],[-53.5914418,-27.1874727],[-53.5540029,-27.173178],[-53.5307406,-27.1945466],[-53.5074789,-27.2042124]],[[-53.5074789,-27.2042124],[-53.4947061,-27.2039403],[-53.4912981,-27.2020274],[-53.4887966,-27.1971901],[-53.4886105,-27.185385],[-53.4917069,-27.1766918]],[[-53.4917069,-27.1766918],[-53.5051496,-27.1614501],[-53.5043642,-27.1356415],[-53.4763393,-27.1389083],[-53.4525555,-27.1561351],[-53.4179383,-27.1444445],[-53.4011986,-27.1295012],[-53.3776178,-27.0919808],[-53.3533047,-27.1153807],[-53.3122408,-27.119688],[-53.2929369,-27.1408089],[-53.320727,-27.1982383],[-53.293067,-27.1969193],[-53.2320857,-27.1711117],[-53.1972164,-27.1926527],[-53.1811367,-27.1882679],[-53.1723622,-27.1480209],[-53.1545929,-27.1406169],[-53.1321831,-27.1802287],[-53.0774788,-27.1631158],[-53.069718,-27.1515543],[-53.0790453,-27.1184736],[-53.0700983,-27.0984942]],[[-53.0700983,-27.0984942],[-53.0590423,-27.0882454],[-53.0482135,-27.0836504],[-53.0298341,-27.0825743],[-53.0241465,-27.0846139],[-53.0204394,-27.0875227],[-53.0175015,-27.0938728]],[[-53.0175015,-27.0938728],[-53.0213514,-27.1057905],[-53.0413939,-27.1249055],[-53.0375501,-27.1577479],[-53.0193158,-27.1538174],[-53.0030057,-27.1356146],[-52.9837257,-27.156503],[-53.0025644,-27.1976227],[-52.991719,-27.2176533],[-52.9681942,-27.2111029],[-52.9566923,-27.1632578],[-52.9360669,-27.1780364],[-52.9293114,-27.2040764],[-52.9033596,-27.1990902],[-52.8599769,-27.1704273],[-52.8430785,-27.1785255],[-52.8466916,-27.2023335],[-52.8339914,-27.2112922],[-52.8075153,-27.2023721],[-52.7635597,-27.2112333],[-52.7639082,-27.2429623],[-52.7397649,-27.2552421],[-52.7122882,-27.2400034],[-52.7072601,-27.2721932],[-52.6809898,-27.2740514],[-52.6767383,-27.2466088],[-52.6574574,-27.2395345],[-52.6461956,-27.2606121],[-52.6178894,-27.2657059],[-52.5874994,-27.2468901],[-52.5438602,-27.2410847],[-52.5291471,-27.2626863],[-52.4930183,-27.2671533],[-52.4763924,-27.2605782],[-52.4798149,-27.2355428],[-52.4462101,-27.217412],[-52.4301649,-27.223725],[-52.4390853,-27.2644049],[-52.4156089,-27.2852581],[-52.3936592,-27.2851463],[-52.3785034,-27.3026838],[-52.3502253,-27.2882432],[-52.3130843,-27.3092657],[-52.2910463,-27.3068335],[-52.3060917,-27.265723],[-52.2939566,-27.2566509],[-52.2571493,-27.2562013],[-52.2597603,-27.2789379],[-52.2778953,-27.2949224],[-52.2348009,-27.3106581],[-52.2271795,-27.3290007],[-52.2056261,-27.3273864],[-52.1910065,-27.2917198],[-52.1737838,-27.2720469],[-52.1593055,-27.2815636],[-52.1612892,-27.3142878],[-52.1263285,-27.3025235],[-52.1056867,-27.3133503],[-52.103287,-27.3466956],[-52.0660571,-27.3395366],[-52.010832,-27.3466054],[-52.0228896,-27.3621543],[-52.0064474,-27.3746257],[-51.9734125,-27.3723383],[-51.9520867,-27.3802471],[-51.952099,-27.3951736],[-51.9909427,-27.3890925],[-52.0086081,-27.3987836],[-52.0077968,-27.4038972],[-51.971862,-27.4103676],[-51.9512992,-27.4173062],[-51.9334922,-27.4332155],[-51.9335484,-27.4381325],[-51.9502272,-27.4554076],[-51.9637942,-27.463136],[-51.9508222,-27.475325],[-51.9183845,-27.4584344],[-51.9004867,-27.4640604]],[[-51.9004867,-27.4640604],[-51.9025458,-27.4913778],[-51.9013469,-27.4992749],[-51.8941382,-27.5181078],[-51.8907899,-27.5203181],[-51.882709,-27.5209371],[-51.8791731,-27.5206288],[-51.8761044,-27.5187629],[-51.8737661,-27.5132771],[-51.8802636,-27.4940898],[-51.8797137,-27.4874084]],[[-51.8797137,-27.4874084],[-51.8773103,-27.4829963],[-51.8725722,-27.4788274],[-51.8669386,-27.476189],[-51.8590428,-27.4749955],[-51.8528666,-27.4761791],[-51.8451441,-27.4804948],[-51.8432428,-27.4860195],[-51.845884,-27.4978243]],[[-51.845884,-27.4978243],[-51.8370708,-27.522233],[-51.7984337,-27.5094318],[-51.8017881,-27.4939626],[-51.75968,-27.4867563],[-51.7303892,-27.511502],[-51.7166827,-27.5103401],[-51.6996498,-27.4790642],[-51.6732478,-27.4880457],[-51.6647179,-27.5172667],[-51.6511652,-27.5195172]],[[-51.6511652,-27.5195172],[-51.6466567,-27.5145299],[-51.6471074,-27.5031753],[-51.6455803,-27.4954082],[-51.6407527,-27.4903174],[-51.6319435,-27.4882145],[-51.6297756,-27.4795542]],[[-51.6297756,-27.4795542],[-51.6001618,-27.4869137],[-51.5617521,-27.4606061],[-51.5528303,-27.4297788],[-51.5498929,-27.3831258],[-51.5331916,-27.3702914],[-51.5650505,-27.3285793],[-51.5860404,-27.3317877]],[[-51.5860404,-27.3317877],[-51.5922077,-27.3325379],[-51.5936435,-27.3290945],[-51.5975807,-27.3268651],[-51.6005021,-27.3267902],[-51.60833,-27.330085],[-51.6111291,-27.3290904],[-51.6120554,-27.3268124],[-51.6101699,-27.3217304],[-51.5947949,-27.2960239],[-51.5686144,-27.297976]],[[-51.5686144,-27.297976],[-51.5621913,-27.2951936],[-51.5363428,-27.2882],[-51.5291989,-27.2939405],[-51.524035,-27.3002396],[-51.5145308,-27.3165158],[-51.4880003,-27.3099893],[-51.4863345,-27.3286142],[-51.4587649,-27.3437004],[-51.4359192,-27.3152533],[-51.4109335,-27.3297761],[-51.3669296,-27.3383595],[-51.3114203,-27.3304114],[-51.2997901,-27.290432],[-51.3258516,-27.2612011],[-51.3136527,-27.2407911],[-51.2807569,-27.2129477],[-51.2666512,-27.2279476],[-51.2209552,-27.2361037],[-51.2100567,-27.2599989],[-51.1584756,-27.2874372],[-51.1129207,-27.2408927],[-51.0940426,-27.2509134],[-51.0659006,-27.2522431],[-51.0257295,-27.2207379],[-51.0258596,-27.1950399],[-50.9861488,-27.1619012],[-50.960505,-27.1545704],[-50.9366307,-27.1233763],[-50.9134337,-27.1192979],[-50.8804091,-27.1266333],[-50.8712682,-27.1532194],[-50.8411917,-27.1655496],[-50.7842658,-27.1182311],[-50.7356115,-27.1203833],[-50.7209232,-27.1376914],[-50.7067109,-27.1180816],[-50.716738,-27.1045823],[-50.6715371,-27.0748269],[-50.6185066,-27.0011931],[-50.609318,-26.9754288],[-50.6191444,-26.9536552],[-50.5910556,-26.9284242],[-50.5944291,-26.9053347],[-50.5834601,-26.8869708],[-50.5872325,-26.8613646],[-50.5578618,-26.832657],[-50.541838,-26.8347606],[-50.5063232,-26.8078226],[-50.5184968,-26.7866531],[-50.5251833,-26.7831611]],[[-50.5251833,-26.7831611],[-50.5321378,-26.7778559]],[[-50.5321378,-26.7778559],[-50.5416342,-26.7722499],[-50.5558311,-26.7711921],[-50.5705546,-26.7601421],[-50.5896822,-26.7486217],[-50.6054411,-26.7381692],[-50.6435025,-26.7114773],[-50.658126,-26.6769078],[-50.6873876,-26.6586537],[-50.7170658,-26.6848148],[-50.7565087,-26.6922653],[-50.7831475,-26.6823719],[-50.8087347,-26.6527964],[-50.8559951,-26.5605958],[-50.9023032,-26.556346],[-50.915828,-26.5448164],[-50.9185744,-26.5487255],[-50.930947,-26.5502765],[-50.9432403,-26.5483515],[-50.9452262,-26.548768],[-50.9522539,-26.5404016],[-50.9941078,-26.5077261],[-50.9965516,-26.447891],[-50.9766134,-26.4418909],[-50.9707589,-26.4261306],[-50.9854088,-26.4048767],[-51.0633749,-26.4021339],[-51.0892718,-26.3913215],[-51.1279813,-26.3994982],[-51.1379023,-26.4151808],[-51.1901604,-26.452145],[-51.2014633,-26.4271176],[-51.2342578,-26.4065016],[-51.2605665,-26.398686],[-51.2669681,-26.3861058]],[[-51.2669681,-26.3861058],[-51.2778923,-26.3931246]],[[-51.507795,-26.5809242],[-51.5356074,-26.5917979]],[[-52.5187326,-26.4015213],[-52.5352648,-26.4034031]],[[-51.2624519,-26.3792892],[-51.2669681,-26.3861058]],[[-50.5321378,-26.7778559],[-50.5204912,-26.7770951]],[[-50.5204912,-26.7770951],[-50.5170029,-26.773336],[-50.5002215,-26.7710737],[-50.5001843,-26.7557547],[-50.5164454,-26.7154096],[-50.5054907,-26.6954966],[-50.5126776,-26.6815731],[-50.500026,-26.6579589],[-50.4696483,-26.6609451],[-50.4729162,-26.6977208],[-50.4208379,-26.7253911],[-50.3858072,-26.7391439],[-50.3536471,-26.7367392],[-50.3342353,-26.7956737],[-50.3414495,-26.8273129],[-50.2999588,-26.8406198],[-50.2792252,-26.8380132],[-50.2769165,-26.8465028],[-50.2687201,-26.8513252],[-50.2654053,-26.8545281],[-50.2544808,-26.8630776]],[[-50.2544808,-26.8630776],[-50.2237865,-26.823202],[-50.2124936,-26.813978],[-50.1994744,-26.8137132],[-50.1740638,-26.7922228],[-50.1621783,-26.7922679],[-50.1439659,-26.7969005],[-50.1319945,-26.8040565],[-50.1020035,-26.8175625],[-50.0717857,-26.8067081],[-50.0456278,-26.8134049],[-50.0149057,-26.810759],[-49.9798944,-26.7958697],[-49.9397353,-26.8027109],[-49.9284353,-26.7893519],[-49.9059389,-26.7872688],[-49.8801358,-26.7329051],[-49.8742942,-26.730654],[-49.8420973,-26.7103974],[-49.8308657,-26.7050804],[-49.8103937,-26.7124141],[-49.7925225,-26.7492205],[-49.7712773,-26.7669913],[-49.7610206,-26.774328]],[[-49.7610206,-26.774328],[-49.7552541,-26.7761861],[-49.7519875,-26.77926],[-49.749864,-26.7852698],[-49.7458328,-26.7854495],[-49.7422518,-26.7839939],[-49.737374,-26.7757483],[-49.7318172,-26.7724094],[-49.7302662,-26.7667086]],[[-49.7302662,-26.7667086],[-49.7194267,-26.726322],[-49.7176761,-26.7225115],[-49.7017751,-26.7044912],[-49.6477806,-26.6925696],[-49.6175971,-26.7037662],[-49.6187339,-26.6427003],[-49.5857223,-26.6245872],[-49.5801841,-26.5797353],[-49.5620839,-26.5485468],[-49.5384983,-26.5229511],[-49.5189121,-26.5250086],[-49.4918906,-26.5083561],[-49.4529257,-26.5021738],[-49.44138,-26.4890145],[-49.4172115,-26.5101262],[-49.3762581,-26.4879949],[-49.3319426,-26.5386908],[-49.2931823,-26.5426818],[-49.298964,-26.5719774],[-49.2873286,-26.6043017],[-49.2624238,-26.6168776],[-49.2212924,-26.6116558],[-49.2003552,-26.6223338],[-49.1752984,-26.6137857],[-49.1635289,-26.6486903],[-49.110149,-26.6308306],[-49.1137577,-26.6529797],[-49.0655167,-26.6545289],[-49.0463863,-26.6499257],[-49.0181754,-26.684642],[-49.0465377,-26.7049157],[-49.0400743,-26.7285321],[-49.0484201,-26.7401077],[-49.0485883,-26.7465398],[-49.0422831,-26.7657364],[-49.0145843,-26.7634883],[-48.9988342,-26.7479399],[-48.9898897,-26.7368551],[-48.9800652,-26.7365475],[-48.9370151,-26.6936378],[-48.9178769,-26.6450251],[-48.8854495,-26.6582426],[-48.8711103,-26.6422337],[-48.8644939,-26.6375548],[-48.8611186,-26.6353533],[-48.8554541,-26.6173485],[-48.8598653,-26.559006],[-48.8313903,-26.5418572],[-48.8261506,-26.5202806],[-48.8181008,-26.5167118],[-48.8063446,-26.5131907],[-48.7521774,-26.5394126],[-48.7304525,-26.5715409],[-48.7294532,-26.5901677],[-48.7067275,-26.5971607],[-48.6890106,-26.5717633],[-48.6648363,-26.5809303]],[[-48.6648363,-26.5809303],[-48.6267938,-26.4987825],[-48.5935453,-26.4530709],[-48.5994767,-26.4323846],[-48.5912343,-26.4048309],[-48.5625464,-26.353824],[-48.5419417,-26.3017335],[-48.5041197,-26.2372922],[-48.5247558,-26.2098685],[-48.5276456,-26.1638226],[-48.5497775,-26.1708504],[-48.5768579,-26.1658064],[-48.5975559,-26.1304513],[-48.6024955,-26.0719734],[-48.6106081,-26.0607574],[-48.5994844,-25.97673]],[[-49.7489641,-26.1401181],[-49.7487992,-26.1241737],[-49.7535034,-26.1183532],[-49.7608548,-26.1176422],[-49.7649976,-26.1140649],[-49.776948,-26.1018199]],[[-49.960789,-26.0209845],[-49.9530779,-26.0246451],[-49.9479528,-26.0303198],[-49.9560188,-26.0367998],[-49.9665104,-26.0516649]],[[-49.9840669,-26.0141685],[-49.9964939,-26.0121319]],[[-51.3096265,-27.7119096],[-51.3024508,-27.7230586]],[[-51.3024508,-27.7230586],[-51.276128,-27.7240242],[-51.2704828,-27.7523073],[-51.2262537,-27.7711841],[-51.1912823,-27.7761507],[-51.1577918,-27.8028892],[-51.1346065,-27.8036571],[-51.1289232,-27.8320476],[-51.0982717,-27.8274176],[-51.0765643,-27.8418454],[-51.0721612,-27.8645116],[-51.0529908,-27.869788],[-51.0582788,-27.8968387],[-51.0199085,-27.9224875],[-51.0189557,-27.957048],[-50.9936288,-27.9460069],[-50.9470437,-27.9672425],[-50.9239682,-27.9716546],[-50.9232384,-28.0119878],[-50.8923361,-28.021156],[-50.8753996,-28.0401999],[-50.8813874,-28.0672564],[-50.8993599,-28.0896556],[-50.8759188,-28.0950754],[-50.858991,-28.1397055],[-50.8367577,-28.1194],[-50.8137868,-28.1415602],[-50.7940761,-28.1386404],[-50.782816,-28.175983],[-50.7888221,-28.198335],[-50.7614854,-28.193141],[-50.7533452,-28.2456844],[-50.7107406,-28.2665167],[-50.695224,-28.2885195],[-50.6649077,-28.3127962],[-50.6516748,-28.3434574],[-50.6284503,-28.3645961],[-50.6332902,-28.378916],[-50.6115593,-28.3932666],[-50.5922669,-28.3819459],[-50.5592689,-28.4173972],[-50.5370015,-28.4297226],[-50.531594,-28.4078106],[-50.4704404,-28.4149022],[-50.4287806,-28.433541],[-50.395171,-28.4331574],[-50.3768372,-28.4436738],[-50.3599941,-28.4198395],[-50.3404469,-28.4409658],[-50.3038899,-28.437901],[-50.2729133,-28.4570719],[-50.2468002,-28.4282705],[-50.2357086,-28.4570291],[-50.2226487,-28.4632721],[-50.1990863,-28.4448338],[-50.1780074,-28.4522534],[-50.1620146,-28.4813851],[-50.1392568,-28.4939534],[-50.1472781,-28.4495265],[-50.1113576,-28.4444705],[-50.1261868,-28.4745281],[-50.0728184,-28.4808072],[-50.0258232,-28.4730834],[-50.0138764,-28.4507755],[-49.9886396,-28.4452528],[-49.9525054,-28.4503368],[-49.9284437,-28.4714096],[-49.8635729,-28.462846],[-49.8666498,-28.4886323],[-49.8439264,-28.4851968],[-49.8172655,-28.4698688],[-49.7909263,-28.4964202],[-49.7642734,-28.4621023],[-49.7639017,-28.5013738],[-49.738818,-28.5085099],[-49.7354803,-28.5236153],[-49.7467201,-28.5353911],[-49.7414703,-28.5493909],[-49.7137486,-28.5723982],[-49.7125354,-28.5768006],[-49.7101947,-28.6043446],[-49.6936651,-28.6255538]],[[-49.6936651,-28.6255538],[-49.704704,-28.63163]],[[-49.704704,-28.63163],[-49.6708087,-28.6155171],[-49.6524014,-28.5996806],[-49.6523627,-28.5971216],[-49.6560723,-28.5654756],[-49.6516976,-28.5545037],[-49.6452438,-28.5439294],[-49.6406847,-28.5421934],[-49.610038,-28.5252596],[-49.5903392,-28.5003135],[-49.5724683,-28.5011199],[-49.5627346,-28.49517],[-49.5554262,-28.4905998],[-49.5500503,-28.4856043],[-49.5626544,-28.4678033],[-49.5433346,-28.4427917],[-49.5357573,-28.4294462],[-49.5467525,-28.4372639],[-49.550172,-28.4372749],[-49.5637072,-28.4139869],[-49.5434979,-28.3884779],[-49.5588329,-28.3726377],[-49.5512276,-28.3529577],[-49.5337574,-28.3505228],[-49.5351855,-28.3139795],[-49.5256474,-28.3066469],[-49.5237243,-28.2758795],[-49.5421577,-28.2699352],[-49.5398697,-28.2340448],[-49.5286054,-28.2099295],[-49.5310222,-28.1877868],[-49.5098288,-28.1678512],[-49.5105541,-28.1550572],[-49.4754938,-28.1350079],[-49.4536802,-28.1393527],[-49.4323044,-28.1138534],[-49.3969675,-28.1110061],[-49.395088,-28.1069785],[-49.3971774,-28.0742478],[-49.3675895,-28.0621994],[-49.3711034,-28.045663],[-49.3536717,-28.0265866],[-49.3488163,-27.9957589],[-49.3293826,-27.9837953],[-49.3114468,-27.974413],[-49.3092084,-27.9664169],[-49.310702,-27.9628099],[-49.3110036,-27.9519831]],[[-49.3110036,-27.9519831],[-49.3073216,-27.9300621]],[[-49.3073216,-27.9300621],[-49.299375,-27.9068373],[-49.2966348,-27.9004921],[-49.2910164,-27.8914989],[-49.2830744,-27.8837027],[-49.283442,-27.8805616],[-49.280721,-27.8733785],[-49.2969156,-27.8690244],[-49.3058289,-27.855649],[-49.3112363,-27.8550501],[-49.3133527,-27.8356967],[-49.316906,-27.8315151],[-49.3339226,-27.8364337],[-49.3475086,-27.8231216],[-49.3746892,-27.8160361],[-49.4204272,-27.7871821],[-49.4356796,-27.7580884],[-49.4670635,-27.7468608],[-49.4729923,-27.729433],[-49.4580858,-27.7107173],[-49.4689311,-27.6865302],[-49.503495,-27.6516984],[-49.5104056,-27.6268798],[-49.5059719,-27.6046923]],[[-49.5059719,-27.6046923],[-49.5066183,-27.6007243]],[[-49.5066183,-27.6007243],[-49.5570953,-27.6179782],[-49.5822252,-27.6393664],[-49.6093618,-27.6509852],[-49.6244515,-27.6607471],[-49.6376938,-27.6414436],[-49.620277,-27.6188617],[-49.6293973,-27.6189516],[-49.649398,-27.6373699],[-49.651895,-27.6429422],[-49.6852159,-27.6532047],[-49.7115009,-27.6435578],[-49.7268145,-27.6546162],[-49.7306386,-27.651164],[-49.7421363,-27.6312386],[-49.7321324,-27.6192612],[-49.7651657,-27.5835291],[-49.8149433,-27.5579823],[-49.8347088,-27.5391073],[-49.8510502,-27.5052174],[-49.8935368,-27.4954449],[-49.8926785,-27.4580486],[-49.9253469,-27.4188539],[-49.9478152,-27.4117655],[-49.9961217,-27.4134734],[-50.0326562,-27.3719892],[-50.0252006,-27.3290598],[-50.0989192,-27.2987059],[-50.1248565,-27.2756754],[-50.1669475,-27.2746657],[-50.1829763,-27.2545705],[-50.2039073,-27.243497],[-50.2360639,-27.242785],[-50.264955,-27.2269493],[-50.2634312,-27.2141192],[-50.2914455,-27.2002931],[-50.2866235,-27.1693381],[-50.3067594,-27.1643505],[-50.3149976,-27.1229942],[-50.3466437,-27.0945516],[-50.3433023,-27.0904621],[-50.3412034,-27.0841393],[-50.3311716,-27.0752221],[-50.3260265,-27.0724729],[-50.3290383,-27.0618012],[-50.3300837,-27.0574067],[-50.317271,-27.0291312],[-50.3174332,-27.0185093],[-50.3153553,-27.0118774],[-50.3129111,-27.0076146],[-50.3088957,-27.004843],[-50.3021157,-26.9905929],[-50.2889907,-26.9678371],[-50.2768774,-26.9188686],[-50.2544808,-26.8630776]],[[-50.5204912,-26.7770951],[-50.5251833,-26.7831611]],[[-51.5686144,-27.297976],[-51.594816,-27.2960751],[-51.5980623,-27.309136],[-51.6103055,-27.3219083],[-51.6119886,-27.3259462],[-51.6115176,-27.3286496],[-51.6065867,-27.3299406],[-51.6006062,-27.3268252],[-51.5980651,-27.3267459],[-51.5941071,-27.3286224],[-51.5921668,-27.3325389],[-51.5860404,-27.3317877]],[[-51.6297756,-27.4795542],[-51.6194935,-27.5002824]],[[-51.6194935,-27.5002824],[-51.6311317,-27.5414631],[-51.6083281,-27.5413715],[-51.5866097,-27.5221982],[-51.5783165,-27.5261035],[-51.5856355,-27.5696056],[-51.5598995,-27.5822521],[-51.554876,-27.5639917],[-51.536606,-27.5625703],[-51.5329755,-27.5625792]],[[-51.5329755,-27.5625792],[-51.5130743,-27.5565923],[-51.5001444,-27.5564567],[-51.4852323,-27.5618523],[-51.4784181,-27.569726],[-51.4766362,-27.5794225]],[[-51.4766362,-27.5794225],[-51.4752826,-27.6007409],[-51.4623281,-27.6045837],[-51.4442304,-27.6197876],[-51.4357176,-27.6343257],[-51.4166129,-27.6530621],[-51.4052908,-27.631861],[-51.3812886,-27.6254965],[-51.3701089,-27.6366712],[-51.3779345,-27.6600239],[-51.3601128,-27.6787943],[-51.3308702,-27.6709395],[-51.3133938,-27.678758],[-51.3096265,-27.7119096]],[[-49.7302662,-26.7667086],[-49.7318453,-26.7724465],[-49.7372785,-26.7756475],[-49.7397637,-26.780861],[-49.7440282,-26.7848011],[-49.7503332,-26.7850787],[-49.7519038,-26.7794044],[-49.7554564,-26.776094],[-49.7610206,-26.774328]],[[-49.5066183,-27.6007243],[-49.4973496,-27.5849602]],[[-49.4973496,-27.5849602],[-49.4729261,-27.5657766],[-49.4363205,-27.5845227],[-49.4189169,-27.5722683],[-49.3943438,-27.5631264],[-49.3881916,-27.5601453],[-49.3729303,-27.5640613],[-49.3544956,-27.562657],[-49.3139475,-27.5888737],[-49.3045372,-27.5804153],[-49.325175,-27.5618547],[-49.32209,-27.5527662],[-49.3247355,-27.5294441],[-49.3220832,-27.5180453],[-49.2940814,-27.4751986],[-49.2930512,-27.4683336],[-49.3017866,-27.4514843],[-49.2959231,-27.4292957],[-49.3111133,-27.3960934],[-49.2790443,-27.3452231],[-49.278678,-27.3401375],[-49.2641901,-27.3316817],[-49.2455583,-27.3258109],[-49.2261881,-27.3151293],[-49.2192384,-27.3046839],[-49.2048348,-27.2948308],[-49.1827342,-27.2914833],[-49.1732171,-27.295307],[-49.1221815,-27.2755999],[-49.1102276,-27.2804641],[-49.0375686,-27.271872],[-49.009351,-27.2489427],[-48.989687,-27.2485405],[-48.9266247,-27.2022296],[-48.8819121,-27.1844916],[-48.8582369,-27.1634855],[-48.8183002,-27.1379823],[-48.8067464,-27.1413569],[-48.8027007,-27.1415046],[-48.7782655,-27.1516467],[-48.7519671,-27.1467109],[-48.7429533,-27.1484872],[-48.7057467,-27.1416443],[-48.6912088,-27.1487362],[-48.6901742,-27.1843224],[-48.6750647,-27.1976076],[-48.6737321,-27.1997665]],[[-48.6737321,-27.1997665],[-48.6701402,-27.2080334],[-48.6672591,-27.2126839],[-48.6617804,-27.2162115],[-48.6234822,-27.2109581],[-48.6174655,-27.2127199]],[[-48.6174655,-27.2127199],[-48.6043824,-27.212292]],[[-48.6043824,-27.212292],[-48.5544793,-27.1961616],[-48.5422741,-27.1826259],[-48.499332,-27.18757],[-48.4998784,-27.1461376],[-48.5254935,-27.1289876],[-48.5474637,-27.1561695],[-48.585558,-27.1449171],[-48.6131744,-27.103876],[-48.591817,-27.0803429],[-48.5940877,-27.0627959],[-48.5810635,-27.0274636],[-48.5828168,-27.0000756],[-48.6160277,-27.0040872],[-48.6283221,-26.9931647],[-48.6265385,-26.9332671],[-48.6435342,-26.9034366],[-48.6275153,-26.833296],[-48.6046484,-26.8256706],[-48.5967051,-26.803554],[-48.6733202,-26.7599593],[-48.6885469,-26.6768401],[-48.6794808,-26.6229647],[-48.6648363,-26.5809303]],[[-49.4973496,-27.5849602],[-49.5059719,-27.6046923]],[[-49.3073216,-27.9300621],[-49.3036957,-27.9414618]],[[-49.3036957,-27.9414618],[-49.2871894,-27.936381],[-49.2643558,-27.9508619],[-49.1928774,-27.9694023],[-49.1789043,-27.9787746],[-49.1540138,-27.9686037],[-49.1448324,-27.9968061],[-49.1039622,-28.0073967],[-49.0509646,-27.9901957],[-49.0348393,-28.0140791],[-49.0346948,-28.0352598],[-48.9734088,-28.081459],[-48.9676677,-28.0847411],[-48.9695474,-28.0837843],[-48.9694962,-28.090045],[-48.9729073,-28.1015182],[-48.9511899,-28.0965467],[-48.9388824,-28.0911393],[-48.9377676,-28.0884286],[-48.9367714,-28.072862],[-48.9016991,-28.060854],[-48.8936953,-28.0800361],[-48.8322628,-28.0716341],[-48.8100894,-28.0783709],[-48.7962326,-28.0950264],[-48.7070124,-28.0826493],[-48.7198988,-28.0463],[-48.7091445,-28.0300294],[-48.6849833,-28.0174658],[-48.6566048,-27.9881899],[-48.6365208,-27.9562288]],[[-48.6365208,-27.9562288],[-48.6211327,-27.9452057],[-48.5731286,-27.8856976],[-48.5987365,-27.8792906],[-48.5985039,-27.853827],[-48.5708388,-27.8360425],[-48.5447019,-27.8302883],[-48.529472,-27.7889503],[-48.5153921,-27.7812079],[-48.493616,-27.7941354],[-48.4782557,-27.7618218],[-48.5063337,-27.747483],[-48.5055348,-27.7240717],[-48.4817645,-27.6917208],[-48.467304,-27.6511865],[-48.4274369,-27.5939839],[-48.4256872,-27.5420345],[-48.4003016,-27.4993587],[-48.3760903,-27.4779866],[-48.3706022,-27.4498407],[-48.3913887,-27.4353116],[-48.4117346,-27.4049943],[-48.4166373,-27.3805606],[-48.4834723,-27.3782829],[-48.5262704,-27.408262],[-48.5369689,-27.357959],[-48.5259546,-27.3440545],[-48.5380321,-27.3070483],[-48.5886483,-27.3193378],[-48.6154675,-27.271683],[-48.6131904,-27.2354756],[-48.6043824,-27.212292]],[[-48.6174655,-27.2127199],[-48.6614363,-27.2162482],[-48.6672382,-27.2127029],[-48.6701484,-27.2080122],[-48.6737321,-27.1997665]],[[-49.704704,-28.63163],[-49.7058225,-28.6281023]],[[-49.7058225,-28.6281023],[-49.7145667,-28.6254337],[-49.7489579,-28.6290225],[-49.7540255,-28.6272493],[-49.7981923,-28.6240162],[-49.8140127,-28.6355045],[-49.8240798,-28.6649572],[-49.8381736,-28.6716646],[-49.8476143,-28.7037902],[-49.8975361,-28.7213093],[-49.9108345,-28.7127498],[-49.9346778,-28.7256765],[-49.9217437,-28.7455426],[-49.9613329,-28.7721804],[-49.9569943,-28.7836107],[-49.9661441,-28.8213279],[-49.9567607,-28.8703633],[-49.9435899,-28.8796583],[-49.9631796,-28.9189189],[-49.9580268,-28.9625515],[-49.9336567,-28.9658216],[-49.9424305,-29.0012094],[-49.9429707,-28.9942765],[-49.9591547,-29.0104812],[-49.9469385,-29.0318308],[-49.9697599,-29.1005732],[-49.9682774,-29.1147769],[-50.0049122,-29.1406371],[-50.0386135,-29.1774386],[-50.0628447,-29.1859154],[-50.0876318,-29.1837495],[-50.0900688,-29.2106298],[-50.0757103,-29.2158635],[-50.0669867,-29.2133657],[-50.052717,-29.2130902],[-50.0469979,-29.2171842],[-50.0516697,-29.2144045],[-50.0672241,-29.2146133],[-50.0740635,-29.2168447],[-50.0837665,-29.2153818],[-50.0889976,-29.2235466],[-50.1330356,-29.1973491],[-50.1406832,-29.2377834],[-50.1552287,-29.2476875],[-50.134067,-29.3021625],[-50.0906541,-29.3108993],[-50.0595088,-29.3412031],[-50.0467758,-29.3403586],[-50.038131,-29.3481743],[-50.0410027,-29.3550659]],[[-50.0410027,-29.3550659],[-50.0336971,-29.3498465]],[[-50.0336971,-29.3498465],[-50.051215,-29.3241113],[-50.0622086,-29.3149271],[-50.1091795,-29.279675],[-50.1125473,-29.2669892],[-50.1098894,-29.258449],[-50.1084564,-29.2543687],[-50.1076487,-29.2534991],[-50.094735,-29.2513816],[-50.0833747,-29.2502482],[-50.0713696,-29.2487169],[-50.067171,-29.2493429],[-49.9768148,-29.2149033],[-49.9650151,-29.1994445],[-49.9498345,-29.2007233],[-49.9480433,-29.2022066],[-49.9435644,-29.2026961],[-49.912866,-29.2079428],[-49.8692354,-29.2244388],[-49.8572408,-29.2378636],[-49.8526158,-29.2444127],[-49.8507843,-29.2492218],[-49.8173798,-29.2856538],[-49.7905422,-29.2858847],[-49.7759297,-29.2974099],[-49.7420974,-29.2988203],[-49.7466774,-29.3241217],[-49.7417406,-29.3290164],[-49.7228745,-29.3264032]],[[-49.7228745,-29.3264032],[-49.7048471,-29.3097299],[-49.5886011,-29.1727733],[-49.4343545,-29.0091056],[-49.3625057,-28.9430673],[-49.2442803,-28.8451053],[-49.1475363,-28.7755045],[-49.0787653,-28.7321151],[-48.9745782,-28.6714801],[-48.8635538,-28.6172662],[-48.8162252,-28.6060575],[-48.81531,-28.5882263],[-48.7818609,-28.5482293],[-48.7614945,-28.5354858],[-48.7466706,-28.5033699],[-48.7664203,-28.4744887],[-48.7591767,-28.4456455],[-48.7454138,-28.4264759],[-48.7439095,-28.3964378],[-48.7112207,-28.3449856],[-48.6974451,-28.2915716],[-48.6609978,-28.2268579],[-48.6660766,-28.2058158],[-48.6528704,-28.1563344],[-48.6387117,-28.142478],[-48.6318565,-28.0850364],[-48.6062357,-28.0522903],[-48.6047964,-28.0192674],[-48.6309085,-28.0065198],[-48.6285847,-27.9756893],[-48.6365208,-27.9562288]],[[-49.3036957,-27.9414618],[-49.3110036,-27.9519831]],[[-53.8296431,-27.1726275],[-53.8415965,-27.1656115],[-53.8586307,-27.1326179],[-53.8850032,-27.1354033],[-53.8977469,-27.1703311],[-53.9168985,-27.1747524],[-53.9465845,-27.1512593],[-53.9677443,-27.1989031],[-54.0080173,-27.1983946],[-54.0159091,-27.2330074],[-54.0277768,-27.2548537],[-54.0564013,-27.2650766],[-54.0722781,-27.2909545],[-54.1010469,-27.303263],[-54.1548951,-27.2968585],[-54.1573283,-27.2632057],[-54.1865574,-27.2649093],[-54.1933396,-27.3084602],[-54.2119743,-27.3456102],[-54.2144362,-27.3815781],[-54.2675105,-27.4042904],[-54.2678077,-27.4313537],[-54.2942248,-27.4459101],[-54.3106418,-27.4219623],[-54.341542,-27.4043517],[-54.3350661,-27.4512946],[-54.3572144,-27.4649427],[-54.3987584,-27.411613],[-54.4114043,-27.405286],[-54.4391199,-27.4247486],[-54.4720566,-27.4344595],[-54.4426327,-27.4649219],[-54.4495063,-27.4754245],[-54.5005991,-27.4803532],[-54.520919,-27.5033165],[-54.5733512,-27.4536101],[-54.5893943,-27.4581845],[-54.59495,-27.4873672],[-54.6157921,-27.532241],[-54.6480251,-27.5402344],[-54.6567412,-27.5132169],[-54.680116,-27.526641],[-54.6716648,-27.5664167],[-54.6808563,-27.5745014],[-54.7448607,-27.5626414],[-54.7587251,-27.5815035],[-54.7877189,-27.5701781],[-54.7951866,-27.5349829],[-54.8097871,-27.5300474],[-54.8265535,-27.5540257],[-54.8477222,-27.6213131],[-54.903167,-27.6363877],[-54.9021982,-27.7024887],[-54.9066386,-27.7297869],[-54.9494242,-27.7792846],[-54.9776622,-27.77086],[-55.0057782,-27.7962255],[-55.0243129,-27.7941998],[-55.0579123,-27.7680858],[-55.083869,-27.7841284],[-55.0827106,-27.7968583],[-55.0342675,-27.8246638],[-55.0246941,-27.835311],[-55.0363835,-27.8577803],[-55.0853093,-27.8430957],[-55.1262762,-27.8598184],[-55.124006,-27.8814864],[-55.1393124,-27.8950654],[-55.1715604,-27.861276],[-55.2026827,-27.8578592],[-55.2322671,-27.8840687],[-55.2664617,-27.9297895],[-55.3093708,-27.9222498],[-55.3303065,-27.9314514],[-55.3399894,-27.9665261],[-55.3771528,-27.9765257],[-55.3871865,-27.9861896],[-55.369395,-28.0272605],[-55.4139679,-28.0546489],[-55.4384353,-28.0863349]],[[-55.4384353,-28.0863349],[-55.4283438,-28.0984685],[-55.418144,-28.0908073],[-55.4148668,-28.0878178],[-55.4088379,-28.0896915],[-55.4032108,-28.1137811],[-55.3653273,-28.1240399],[-55.3549823,-28.1335688],[-55.3662023,-28.1648398],[-55.3384956,-28.1848373],[-55.3265272,-28.2092926],[-55.3514376,-28.25412],[-55.3809054,-28.2872336],[-55.4097736,-28.2945639],[-55.4435716,-28.2487684],[-55.4607268,-28.2516861],[-55.4862251,-28.2722703],[-55.4902595,-28.3052806],[-55.5041627,-28.3311968],[-55.5253334,-28.343352],[-55.4999836,-28.366129],[-55.5026872,-28.3997818],[-55.5244367,-28.4151842],[-55.5287579,-28.4577616],[-55.568031,-28.4693202],[-55.5903785,-28.4884472],[-55.6242109,-28.4884479],[-55.6350567,-28.496178],[-55.6792661,-28.4983274],[-55.6971347,-28.5314123],[-55.7283485,-28.550472],[-55.7341922,-28.5732189],[-55.7723749,-28.5852084],[-55.7695137,-28.5945053],[-55.7545572,-28.5986028],[-55.733219,-28.6227483],[-55.699765,-28.6261406],[-55.7199851,-28.6531486],[-55.6966144,-28.654836],[-55.6756802,-28.6715277],[-55.6416941,-28.6691854],[-55.5909107,-28.6907839],[-55.5729666,-28.6762805],[-55.5617213,-28.697009]],[[-55.5617213,-28.697009],[-55.5498372,-28.7074737]],[[-55.5498372,-28.7074737],[-55.5360586,-28.6979955],[-55.5316054,-28.6863746],[-55.5262313,-28.6904108],[-55.5223079,-28.7034291],[-55.5120004,-28.6971433],[-55.4891046,-28.6905374],[-55.4950342,-28.6801961],[-55.4945452,-28.6724226],[-55.4814988,-28.6686986],[-55.4720064,-28.6646758],[-55.4555289,-28.6680988],[-55.4460969,-28.6752535],[-55.4358553,-28.6679985],[-55.4272651,-28.650993],[-55.303217,-28.671337],[-55.2749674,-28.6722555],[-55.2554389,-28.6827144],[-55.2230006,-28.6692551],[-55.2220358,-28.7131262],[-55.2075342,-28.7114981],[-55.1830061,-28.7492404],[-55.1553734,-28.7367317],[-55.1121488,-28.742536],[-55.0986068,-28.7534756],[-55.0560092,-28.766692],[-55.0078475,-28.796472],[-54.9964296,-28.7777398],[-54.9645784,-28.8082729],[-54.92197,-28.8253452],[-54.90212,-28.8175634],[-54.8610183,-28.8321182],[-54.7941941,-28.8746516],[-54.7721268,-28.8720034],[-54.7079318,-28.8366984],[-54.7154441,-28.8034886],[-54.7101541,-28.7857202],[-54.675543,-28.7377263],[-54.6173219,-28.7533041],[-54.6117378,-28.7796731],[-54.5828513,-28.7892653],[-54.5651176,-28.8375656],[-54.5385771,-28.8473746],[-54.5287827,-28.8664169],[-54.4838218,-28.8711743],[-54.457394,-28.8862852],[-54.410382,-28.9222081],[-54.389294,-28.9877424],[-54.3777217,-29.004479],[-54.3511012,-28.9729186],[-54.3570987,-28.96107],[-54.3432958,-28.929486],[-54.2924824,-28.9281193],[-54.2610988,-28.9125509],[-54.2330912,-28.9253322],[-54.2158135,-28.9202626],[-54.1860386,-28.8941349],[-54.1492349,-28.8949627],[-54.1348661,-28.882605],[-54.0952653,-28.9049402],[-54.0481768,-28.9117876],[-54.0237492,-28.9039921],[-53.9529096,-28.8983641],[-53.9550945,-28.8749016],[-53.9253411,-28.8405121],[-53.8921838,-28.8118442],[-53.8739577,-28.8149112],[-53.8437365,-28.7989512],[-53.8183043,-28.8085198],[-53.7871075,-28.8091961],[-53.7831787,-28.8305499],[-53.7604087,-28.8649503],[-53.7416586,-28.8622676],[-53.7167248,-28.8854477],[-53.6833221,-28.9013159],[-53.6678409,-28.9376785],[-53.6359477,-28.9467303],[-53.6088223,-28.9380207],[-53.5820706,-28.9438941],[-53.5457521,-28.9750311],[-53.5259282,-29.016413],[-53.5071341,-29.0337255],[-53.4943805,-29.0730784],[-53.4408929,-29.0956324],[-53.4290835,-29.0949267],[-53.3857798,-29.1237437],[-53.3484542,-29.1184864],[-53.3321161,-29.1282236],[-53.2787486,-29.1313934],[-53.2758749,-29.1456784],[-53.2614367,-29.144295]],[[-53.2614367,-29.144295],[-53.2584727,-29.1394322],[-53.2403703,-29.1378612],[-53.1414219,-29.1307891],[-53.1150981,-29.1480052],[-53.0942656,-29.1398567],[-53.0725352,-29.1777897],[-53.0566109,-29.1802619],[-53.0423306,-29.1633513],[-53.0088677,-29.1545337],[-52.9994526,-29.1389851],[-52.9735289,-29.1598159],[-52.9192173,-29.183361],[-52.8956177,-29.2132573],[-52.8994457,-29.2236196],[-52.8859645,-29.2628813],[-52.8964142,-29.2664769],[-52.8825789,-29.3009345],[-52.8901656,-29.3196909],[-52.8579671,-29.3172714],[-52.8245664,-29.3279248],[-52.8106039,-29.3180827],[-52.7760238,-29.3517423],[-52.7436436,-29.3657725],[-52.7404985,-29.3351773],[-52.7199514,-29.3114492],[-52.7218024,-29.292502],[-52.6979309,-29.2872535],[-52.6931424,-29.2721607],[-52.6947024,-29.2606504],[-52.6758426,-29.2538062],[-52.6740293,-29.2331482],[-52.6195487,-29.2308491],[-52.5984465,-29.2142618],[-52.5801065,-29.2282877],[-52.5587416,-29.2199299],[-52.5356057,-29.2245462],[-52.5010067,-29.2472842],[-52.4809542,-29.2370878],[-52.4564348,-29.2402916],[-52.4394396,-29.229373],[-52.4385978,-29.1898569],[-52.4128,-29.1520942],[-52.3730666,-29.1435762],[-52.3104878,-29.1584952],[-52.2866566,-29.1480893],[-52.2810558,-29.1249282],[-52.2692357,-29.1188139],[-52.2468929,-29.101983],[-52.2121426,-29.0949778]],[[-52.2121426,-29.0949778],[-52.2062449,-29.0853046],[-52.209138,-29.0507726],[-52.2197608,-29.0113161],[-52.240957,-28.9718038],[-52.2676516,-28.9454233],[-52.2607506,-28.9325906],[-52.2803367,-28.9124671],[-52.2781905,-28.8999664],[-52.299423,-28.8755933],[-52.3061496,-28.8411676],[-52.329545,-28.8216142],[-52.3044775,-28.7720552],[-52.3008129,-28.7479839],[-52.2777524,-28.7351771],[-52.2784913,-28.6960762],[-52.2598245,-28.6823284],[-52.2522273,-28.6724289],[-52.243464,-28.6596517],[-52.2104784,-28.6699489],[-52.1920238,-28.6697543],[-52.1626325,-28.6593616],[-52.1335381,-28.6730021],[-52.1022844,-28.6648636],[-52.1058842,-28.6496826],[-52.0929839,-28.6159208],[-51.9964698,-28.6104894],[-51.9943679,-28.6725012],[-51.8568095,-28.661967],[-51.8493164,-28.6489235],[-51.8562612,-28.605884],[-51.8403893,-28.5790409],[-51.7823514,-28.5131796],[-51.784745,-28.474511],[-51.7381534,-28.4497088],[-51.6871219,-28.4667013],[-51.641682,-28.4656133],[-51.6219783,-28.4761399],[-51.5846461,-28.4243257],[-51.547814,-28.4217765],[-51.4987499,-28.3981547],[-51.5388697,-28.3675291],[-51.5297919,-28.3339944],[-51.5447456,-28.3136277],[-51.5940081,-28.301363],[-51.6399711,-28.2455204],[-51.6523731,-28.2124377],[-51.6576675,-28.173376],[-51.6962678,-28.1473676],[-51.6794724,-28.1350912],[-51.6335034,-28.1336925],[-51.6196339,-28.1097631],[-51.6240329,-28.071348],[-51.6393426,-28.0449259],[-51.6632175,-27.9778658],[-51.636232,-27.9662543],[-51.574333,-27.9878393],[-51.5437442,-27.9908033],[-51.5257348,-27.98396],[-51.5092376,-27.9553827],[-51.4601508,-27.949232],[-51.4583686,-27.9290089],[-51.4321865,-27.9122168],[-51.4173548,-27.9162572],[-51.403106,-27.8852137],[-51.3826966,-27.8739209],[-51.3782097,-27.8264301],[-51.3504364,-27.7870845],[-51.3311922,-27.7874815],[-51.3356211,-27.752633],[-51.3075034,-27.7543984],[-51.3012105,-27.7465851],[-51.3018492,-27.7390918],[-51.3067148,-27.7351367],[-51.304154,-27.7289391]],[[-51.304154,-27.7289391],[-51.3096265,-27.7119096]],[[-51.4766362,-27.5794225],[-51.4777967,-27.5710291],[-51.4833418,-27.5632276],[-51.4910482,-27.5589566],[-51.5019085,-27.5561374],[-51.5084583,-27.5561136],[-51.5329755,-27.5625792]],[[-51.6194935,-27.5002824],[-51.6304095,-27.4891415],[-51.637204,-27.4888118],[-51.6436426,-27.4925564],[-51.6469045,-27.5008579],[-51.6462969,-27.5101495],[-51.6474327,-27.5163319],[-51.6511652,-27.5195172]],[[-51.845884,-27.4978243],[-51.8434087,-27.4887125],[-51.843627,-27.4831359],[-51.8463267,-27.4793449],[-51.8505328,-27.4770025],[-51.8576607,-27.475154],[-51.8630693,-27.4752404],[-51.8740397,-27.4797936],[-51.8797137,-27.4874084]],[[-51.8797137,-27.4874084],[-51.8739134,-27.5114993],[-51.8753543,-27.5179525],[-51.8805896,-27.5209569],[-51.8922708,-27.5197067],[-51.8947903,-27.5170212],[-51.902342,-27.4955225],[-51.8999018,-27.4698658],[-51.9004867,-27.4640604]],[[-53.0175015,-27.0938728],[-53.0214175,-27.0864976],[-53.0273476,-27.0831824],[-53.034338,-27.082315],[-53.0506272,-27.0841999],[-53.0610241,-27.0894163],[-53.0700983,-27.0984942]],[[-53.4917069,-27.1766918],[-53.4889007,-27.1835042],[-53.488333,-27.1954471],[-53.4904619,-27.2010414],[-53.4930806,-27.2034785],[-53.5074789,-27.2042124]],[[-53.6307258,-27.2133786],[-53.6351528,-27.2174134],[-53.6421149,-27.2198051],[-53.6475049,-27.2189003],[-53.6508192,-27.2155074],[-53.6479191,-27.1913085]],[[-53.7490015,-27.1912184],[-53.7620333,-27.1571237],[-53.7650661,-27.1524963],[-53.7703264,-27.1486676],[-53.7738616,-27.1474686]],[[-52.2121426,-29.0949778],[-52.2050528,-29.0945711],[-52.2036071,-29.1014465],[-52.1996134,-29.1104254],[-52.184157,-29.1080704],[-52.1709156,-29.10542],[-52.1655346,-29.0888016],[-52.1267396,-29.0812791],[-52.0953256,-29.0835971],[-52.0784323,-29.0676695],[-52.046061,-29.0577056],[-52.0485884,-29.020557],[-52.0210972,-29.0396772],[-51.9700279,-29.0391018],[-51.9551472,-29.0745114],[-51.9258515,-29.0748655],[-51.9132693,-29.0416651],[-51.918325,-29.0228589],[-51.8140991,-29.0145116],[-51.805329,-29.0457027],[-51.8083994,-29.0817241],[-51.7585114,-29.1036534],[-51.7321281,-29.1289815],[-51.7563924,-29.1388787],[-51.7337965,-29.1777585],[-51.7569225,-29.1926403],[-51.7547847,-29.2605618],[-51.8014838,-29.2597738],[-51.7970018,-29.2994147],[-51.761584,-29.2952918],[-51.7153064,-29.2969671],[-51.7018885,-29.3344499],[-51.7289575,-29.3340626],[-51.7274541,-29.3694054],[-51.6910799,-29.3713727]],[[-51.6910799,-29.3713727],[-51.6912295,-29.4235255]],[[-51.6912295,-29.4235255],[-51.6803343,-29.4134075],[-51.6694576,-29.4182931],[-51.6575304,-29.3993035],[-51.610879,-29.4010901],[-51.6168875,-29.3783719],[-51.5612643,-29.3747066],[-51.5622428,-29.3587752],[-51.5339219,-29.3515301],[-51.3544815,-29.3516848],[-51.3364537,-29.3329693],[-51.2987161,-29.3175801],[-51.2506562,-29.3076608],[-51.2165229,-29.3366523],[-51.2122985,-29.3585712],[-51.1796075,-29.3251053],[-51.1369115,-29.3387977],[-51.1259633,-29.3139012],[-51.0998207,-29.3176496],[-51.0886247,-29.2909419],[-51.0698846,-29.2917037],[-51.0490953,-29.3077082],[-51.0306763,-29.2936705],[-51.0010575,-29.3174954],[-50.9843518,-29.3040389],[-50.9636043,-29.3059354],[-50.9306793,-29.2865666],[-50.9218307,-29.3052482],[-50.9074693,-29.3022073],[-50.8820578,-29.2701455],[-50.8162391,-29.2574132],[-50.7967911,-29.2768633],[-50.7617756,-29.2768326],[-50.7613626,-29.3093803],[-50.7429856,-29.3269588],[-50.7114511,-29.334368],[-50.6919246,-29.3227399],[-50.6739625,-29.3365352],[-50.68237,-29.3596062],[-50.6443653,-29.3837746],[-50.6453176,-29.4082381],[-50.657206,-29.4221208],[-50.6844388,-29.4076537],[-50.7046205,-29.4185132],[-50.7214972,-29.4411385],[-50.7154758,-29.4551719],[-50.6511525,-29.5024802]],[[-50.6511525,-29.5024802],[-50.6308646,-29.5585958],[-50.6232966,-29.5572623]],[[-50.6232966,-29.5572623],[-50.5724982,-29.5525636],[-50.5527589,-29.538637],[-50.4328876,-29.5372576],[-50.4055578,-29.5188947],[-50.3572775,-29.4986777],[-50.3181609,-29.4727408],[-50.3147819,-29.457086],[-50.2693133,-29.4714822],[-50.2947362,-29.4854376],[-50.2553237,-29.497043],[-50.2151325,-29.496884],[-50.1864147,-29.5035429],[-50.2115404,-29.4606641],[-50.2220462,-29.4321783],[-50.2200357,-29.3894407],[-50.2449657,-29.3739548],[-50.2390064,-29.3539728],[-50.2496775,-29.3349874],[-50.2125987,-29.3342867],[-50.1756507,-29.349859],[-50.1055,-29.3280979],[-50.0601323,-29.3648022],[-50.0421584,-29.3532484]],[[-50.0421584,-29.3532484],[-50.0410027,-29.3550659]],[[-49.7058225,-28.6281023],[-49.6936651,-28.6255538]],[[-51.3024508,-27.7230586],[-51.304154,-27.7289391]],[[-53.7506661,-30.5145579],[-53.7331388,-30.4988327]],[[-53.7331388,-30.4988327],[-53.7117749,-30.4830234],[-53.7188528,-30.4297568],[-53.7174414,-30.4196365],[-53.7118378,-30.4238052],[-53.7166578,-30.4112801],[-53.715147,-30.401846],[-53.7056111,-30.4009842],[-53.6925771,-30.4222648],[-53.6559506,-30.4323113],[-53.6343518,-30.3942996],[-53.6140435,-30.3778142],[-53.5501702,-30.3655136],[-53.5467434,-30.3928172],[-53.52759,-30.4032137],[-53.5011972,-30.3795835],[-53.4827191,-30.3433086],[-53.4660604,-30.3284727],[-53.4624998,-30.3010434],[-53.4815761,-30.2961077],[-53.4728168,-30.2700993],[-53.4198065,-30.2303189],[-53.4141964,-30.2114538],[-53.3845967,-30.2040243],[-53.3408053,-30.1699379],[-53.339501,-30.1584645],[-53.3111588,-30.1408741]],[[-53.3111588,-30.1408741],[-53.3035081,-30.137415]],[[-53.3035081,-30.137415],[-53.298183,-30.1336109],[-53.2625126,-30.0921544],[-53.259248,-30.0909272],[-53.2453405,-30.0908169],[-53.2094096,-30.0558868],[-53.2050256,-30.0430964],[-53.1534504,-29.9844528],[-53.1256589,-29.9682751],[-53.0954,-29.9669879],[-53.0897178,-29.9616272],[-53.0945258,-29.9275963],[-53.119945,-29.9197601],[-53.1208881,-29.8958289],[-53.1092322,-29.8558329],[-53.1200569,-29.8350416],[-53.1602787,-29.8141808],[-53.1760066,-29.7634751],[-53.2089738,-29.7588384],[-53.2208315,-29.7305777],[-53.2099464,-29.719587],[-53.2038592,-29.6694707],[-53.1875615,-29.6696622],[-53.1868337,-29.6319608],[-53.1540954,-29.6325788],[-53.1366714,-29.6082199],[-53.1365262,-29.5590715],[-53.0728865,-29.5594635],[-53.0517037,-29.5406118],[-53.1801161,-29.4709221],[-53.2353071,-29.46532],[-53.2577021,-29.4328129],[-53.2382415,-29.4119081],[-53.2258184,-29.3875583],[-53.2199187,-29.3698815],[-53.239481,-29.3403532],[-53.2385149,-29.3323024],[-53.2340007,-29.3337271],[-53.2284988,-29.3275818],[-53.2300005,-29.3092301],[-53.2457232,-29.2965784],[-53.2107798,-29.2641165],[-53.2493802,-29.2384633],[-53.247753,-29.2218332],[-53.2434064,-29.2068963],[-53.2424871,-29.1991952],[-53.2480379,-29.1922981],[-53.2603154,-29.1971433],[-53.2665604,-29.190666],[-53.2444176,-29.1758664],[-53.2437663,-29.1672488],[-53.2516658,-29.170144],[-53.2586759,-29.1623774],[-53.2614367,-29.144295]],[[-55.5498372,-28.7074737],[-55.5477228,-28.7085949]],[[-55.5477228,-28.7085949],[-55.5376613,-28.7223529],[-55.534324,-28.7301172],[-55.5200545,-28.7263082],[-55.4788641,-28.7981005],[-55.4327733,-28.8274423],[-55.4311503,-28.8578478],[-55.3675076,-28.8799911],[-55.3730301,-28.9205678],[-55.3423163,-28.9427698],[-55.3292986,-28.939111],[-55.3209727,-28.9420301],[-55.322323,-28.9602332],[-55.2975159,-28.9683294],[-55.2931616,-28.9923514],[-55.2795611,-29.008236],[-55.2728855,-29.0570405],[-55.2740392,-29.089555],[-55.2854893,-29.104814],[-55.2695585,-29.1214553],[-55.2793322,-29.1831343],[-55.297445,-29.1944599],[-55.2789312,-29.2109658],[-55.2427898,-29.1900781],[-55.2097854,-29.1896957],[-55.2064392,-29.2058248],[-55.1814087,-29.2083566],[-55.1554001,-29.1954967],[-55.1173299,-29.2000931],[-55.1141906,-29.2139876],[-55.0855103,-29.2091263],[-55.0499011,-29.2242855],[-55.04285,-29.2445491],[-54.9976447,-29.2678847],[-54.984916,-29.2777393],[-54.9777942,-29.2775751],[-54.9683868,-29.2901786],[-54.9595864,-29.3143109],[-54.9322869,-29.3210384],[-54.8956734,-29.3493156],[-54.8941556,-29.364302],[-54.8656808,-29.397663],[-54.8699299,-29.4122083],[-54.8480605,-29.4670676],[-54.8500009,-29.4770859],[-54.833254,-29.4879126],[-54.8419691,-29.5196393],[-54.8622495,-29.5449127],[-54.8428918,-29.5504343],[-54.8328499,-29.574565],[-54.7969962,-29.5774877],[-54.7833057,-29.6039866],[-54.8102791,-29.6337279],[-54.8197316,-29.6350741],[-54.8326686,-29.6661462],[-54.8490745,-29.6614303],[-54.9239528,-29.6629171],[-54.9633864,-29.6964711],[-54.980916,-29.6942041],[-55.0071034,-29.7107316],[-55.0393455,-29.7061092],[-55.0720559,-29.6802674],[-55.0749048,-29.6587764],[-55.124101,-29.6602542],[-55.129083,-29.7196031],[-55.126409,-29.7491679],[-55.1354291,-29.7571273],[-55.1118851,-29.8001824],[-55.1250751,-29.8201415],[-55.1500934,-29.8265467],[-55.1413358,-29.851965],[-55.1485727,-29.8700093],[-55.171746,-29.8801939],[-55.1944,-29.915504],[-55.2291906,-29.9285335],[-55.2668484,-30.0292711],[-55.3079905,-30.0877753],[-55.2740936,-30.0810182],[-55.1880284,-30.0789721],[-55.1772295,-30.0453404],[-55.13683,-30.0418612],[-55.115474,-30.0466513],[-55.0989883,-30.0360118],[-55.0948329,-30.0355053],[-55.0987276,-30.0606927],[-55.0869166,-30.0776916],[-55.0770636,-30.1242617],[-55.0605453,-30.1449224],[-55.0432343,-30.1350479],[-55.0065617,-30.1299978],[-55.0016099,-30.1120567],[-54.9744662,-30.0874413],[-54.9497369,-30.0834663],[-54.9384983,-30.0661332],[-54.9146914,-30.073287],[-54.8915704,-30.0999677],[-54.8769896,-30.0960691],[-54.8172088,-30.1079459],[-54.7895796,-30.0942509],[-54.7724431,-30.0509195],[-54.7557936,-30.0285354],[-54.749427,-30.0219136],[-54.6787168,-30.0308666],[-54.6583895,-30.031377],[-54.6530116,-30.0245757],[-54.6380198,-30.0206961],[-54.6426383,-30.0158786],[-54.6326347,-29.9975415],[-54.6278296,-29.9912886],[-54.5885056,-29.9711191],[-54.5763996,-29.9630863],[-54.5326972,-29.9503133],[-54.4994483,-29.9329689],[-54.4771942,-29.9410706],[-54.4703936,-29.9589785],[-54.4050498,-29.9484092],[-54.3689386,-29.9340771],[-54.3199239,-29.9255456],[-54.2860571,-29.9328145],[-54.2465984,-29.8927157],[-54.2211956,-29.9149958],[-54.1877828,-29.928418],[-54.1371305,-29.9205201],[-54.105759,-29.925867],[-54.0710485,-29.9085618],[-54.0515265,-29.9116546],[-54.0299523,-29.9338205],[-54.0334838,-29.957573],[-54.008209,-29.981269],[-53.9514826,-29.9909903],[-53.9078401,-29.9828752],[-53.8758922,-29.9926286],[-53.8725022,-30.0097557],[-53.9018349,-30.0437548],[-53.9165118,-30.0868703],[-53.9405489,-30.1038319],[-53.9745279,-30.1749966],[-53.9669634,-30.217985],[-53.9878007,-30.2256309],[-53.9898718,-30.2476253],[-54.0183702,-30.2652142],[-53.9928702,-30.3079255],[-53.9655312,-30.3423337],[-53.9716676,-30.3591855],[-53.9518188,-30.3719355],[-53.9392151,-30.3941973],[-53.9404351,-30.4243748],[-53.9678,-30.4421798],[-53.9456253,-30.4891424],[-53.8806078,-30.4943777],[-53.8588932,-30.4762784],[-53.825628,-30.5118051],[-53.8048475,-30.5212744],[-53.7860135,-30.5174928],[-53.756159,-30.5180327],[-53.7506661,-30.5145579]],[[-53.3035081,-30.137415],[-53.3030859,-30.1414846]],[[-53.3030859,-30.1414846],[-53.3069153,-30.1727228],[-53.3298885,-30.2188707],[-53.3518469,-30.2484976],[-53.3447976,-30.2617287],[-53.3365451,-30.3187911],[-53.280705,-30.345543],[-53.2680451,-30.3452996],[-53.2554696,-30.3366658],[-53.219031,-30.3226651],[-53.2164521,-30.2977279],[-53.17941,-30.3243664],[-53.1704925,-30.3737914],[-53.1768021,-30.3943058],[-53.1996187,-30.404541],[-53.1984067,-30.4288073],[-53.2157458,-30.4440174],[-53.1858016,-30.4904534],[-53.1892322,-30.5323062],[-53.1555346,-30.5466212],[-53.1209215,-30.6014537],[-53.0894744,-30.6351683],[-53.0543353,-30.6563235],[-53.0353574,-30.6713151],[-52.9916769,-30.6714706],[-52.9883224,-30.6784282],[-52.9775112,-30.6751805],[-52.9746764,-30.6721538],[-52.9745952,-30.6040981],[-52.9313226,-30.6064864],[-52.9059256,-30.5741952],[-52.9118351,-30.5433306],[-52.8880636,-30.5037248],[-52.8838878,-30.4845994],[-52.8919673,-30.4502751],[-52.8765459,-30.4265057],[-52.8842835,-30.36093],[-52.8621981,-30.3585777],[-52.8385463,-30.3345417],[-52.7932089,-30.3322201],[-52.7646771,-30.3417841],[-52.7497242,-30.3625572],[-52.7195202,-30.3681049],[-52.684527,-30.3232452],[-52.6916666,-30.2946116],[-52.6883593,-30.272691],[-52.6712209,-30.2568497],[-52.6616881,-30.2146255],[-52.6261545,-30.244261],[-52.6216762,-30.2749141],[-52.6018175,-30.3261611],[-52.6089774,-30.3396129],[-52.5790054,-30.3738439],[-52.56197,-30.3603094],[-52.5546079,-30.3286045],[-52.5593622,-30.2851918],[-52.5321665,-30.2794467],[-52.5052279,-30.3140323],[-52.5090704,-30.3521616],[-52.5015037,-30.3623478],[-52.4189032,-30.362983],[-52.4050852,-30.3804388],[-52.3687213,-30.3644634],[-52.3569853,-30.3620248],[-52.3452775,-30.3591842]],[[-52.3452775,-30.3591842],[-52.3414945,-30.3585383],[-52.3339431,-30.3598231]],[[-52.3339431,-30.3598231],[-52.3193798,-30.3467491],[-52.3140602,-30.3433014],[-52.290332,-30.3471086],[-52.2636806,-30.3734936],[-52.2521503,-30.4179539],[-52.2127844,-30.4478054],[-52.1587231,-30.4427263],[-52.1735576,-30.4214769],[-52.1797864,-30.3863838],[-52.1602322,-30.3378266],[-52.1746604,-30.2809464],[-52.1664754,-30.2553958],[-52.1390338,-30.2321251],[-52.1359811,-30.2172078],[-52.1629248,-30.1996143],[-52.1480449,-30.1623936],[-52.1695945,-30.1255252],[-52.1627964,-30.0663012],[-52.1525255,-30.0534601],[-52.1463122,-30.02027],[-52.1549734,-29.9772961],[-52.1405981,-29.9248372],[-52.1799283,-29.9333719],[-52.1954148,-29.9137127],[-52.1842271,-29.8793732],[-52.1866957,-29.8526815],[-52.1747044,-29.8399116],[-52.1867118,-29.8162723],[-52.204266,-29.8096458],[-52.2125736,-29.7897506],[-52.2326122,-29.7754008],[-52.1856379,-29.7576135],[-52.1792771,-29.7680432],[-52.1362611,-29.748905],[-52.1183737,-29.722987],[-52.0826834,-29.7199363],[-52.0580302,-29.7262763],[-52.0360884,-29.7024248],[-52.0069957,-29.7055464],[-52.0013539,-29.7235843],[-51.97266,-29.7367327],[-51.9582,-29.7557332],[-51.9251068,-29.7611139],[-51.9079021,-29.774199],[-51.9210367,-29.7882834],[-51.9044102,-29.8114854],[-51.8864485,-29.8040247],[-51.8407752,-29.8237739],[-51.8155438,-29.8618223],[-51.769753,-29.8616712],[-51.7480047,-29.8519996],[-51.7583398,-29.8187882],[-51.7576956,-29.7920658],[-51.7364127,-29.7565225],[-51.7187438,-29.7428396],[-51.7242257,-29.7157428],[-51.7035315,-29.6941662],[-51.6795142,-29.6552831],[-51.6654635,-29.653307],[-51.6380421,-29.6291966],[-51.6627373,-29.5901039],[-51.6649968,-29.5007743],[-51.6705336,-29.4707945],[-51.6908851,-29.4707363]],[[-51.6908851,-29.4707363],[-51.6910799,-29.3713727]],[[-50.6232966,-29.5572623],[-50.6511525,-29.5024802]],[[-51.6912295,-29.4235255],[-51.6908851,-29.4707363]],[[-52.3339431,-30.3598231],[-52.3429449,-30.359014]],[[-52.3429449,-30.359014],[-52.3463935,-30.3653806],[-52.3543327,-30.3743091],[-52.3558686,-30.3791498],[-52.3585942,-30.3921231],[-52.3480348,-30.4309323],[-52.3733509,-30.4594116],[-52.404563,-30.4846559],[-52.4021851,-30.5095686],[-52.4347512,-30.5565511],[-52.4526515,-30.5708322],[-52.4409075,-30.574149],[-52.3570338,-30.6134921],[-52.3389452,-30.6537139],[-52.3411786,-30.7110082],[-52.2939817,-30.7515079],[-52.2673512,-30.7961592],[-52.2626002,-30.7997346],[-52.2403703,-30.7565874],[-52.2106491,-30.7555858],[-52.1896012,-30.7641863],[-52.18382,-30.8061777],[-52.1554954,-30.8629282],[-52.1408913,-30.8644014],[-52.0979537,-30.9070654],[-52.08191,-30.9029223],[-52.0557265,-30.9269692],[-52.0333944,-30.9165937],[-51.9754763,-30.9233749],[-51.9415338,-30.9437378],[-51.8823019,-30.9123264],[-51.8786166,-30.9235226],[-51.8649285,-30.9551869],[-51.8548813,-31.0040927],[-51.8104625,-31.0297821],[-51.8173214,-31.0474893],[-51.7885979,-31.1221615],[-51.808959,-31.1466017],[-51.8203871,-31.1590866],[-51.8180011,-31.1722857],[-51.7897744,-31.1763883],[-51.7802871,-31.2333614],[-51.7997193,-31.2557001],[-51.8117421,-31.2857497]],[[-51.8117421,-31.2857497],[-51.7904754,-31.2732673],[-51.7571475,-31.2861321],[-51.7066713,-31.2656211],[-51.6390705,-31.270668],[-51.6344574,-31.2554865],[-51.6425696,-31.2260765],[-51.6413103,-31.1876779],[-51.6286663,-31.1529541],[-51.6019634,-31.1317418],[-51.5672721,-31.1286268],[-51.5544882,-31.11407],[-51.4707147,-31.0981384],[-51.441814,-31.0880529],[-51.4657538,-31.0650351],[-51.4876868,-31.0195494],[-51.4997768,-30.9724141],[-51.5004336,-30.929376],[-51.4876289,-30.8999113],[-51.4435383,-30.8705558],[-51.3900842,-30.8798935],[-51.3726968,-30.8725352],[-51.3905801,-30.8402937],[-51.4058305,-30.7567506],[-51.391074,-30.6687385],[-51.3809298,-30.6434732],[-51.3640972,-30.6332405],[-51.3346126,-30.6337885],[-51.3176642,-30.6481622],[-51.3165991,-30.7041477],[-51.2930997,-30.7076756],[-51.30223,-30.6344481],[-51.2999424,-30.5639497],[-51.2791548,-30.5104036],[-51.2449136,-30.4427908],[-51.2282114,-30.4230493],[-51.1978793,-30.4080321],[-51.1527572,-30.414158],[-51.131912,-30.4352982],[-51.1196561,-30.3925903],[-51.0977155,-30.3575685],[-51.1291606,-30.3594523],[-51.1782153,-30.386402],[-51.1915395,-30.3773474],[-51.207356,-30.3408157],[-51.211874,-30.2995652],[-51.2385203,-30.3168479],[-51.2571972,-30.3057702],[-51.2952733,-30.3029469],[-51.3009389,-30.2740921],[-51.2987036,-30.2400939],[-51.3297964,-30.2303527],[-51.3148213,-30.1887451],[-51.3245623,-30.1684427],[-51.306971,-30.0972797],[-51.311383,-30.0807074],[-51.301706,-30.0426554],[-51.281123,-30.022104],[-51.2340372,-30.0478013],[-51.2503711,-30.092295],[-51.2650966,-30.0984964],[-51.2611492,-30.1227041],[-51.2328715,-30.135954],[-51.2321246,-30.1656355],[-51.2229627,-30.1878679],[-51.2066948,-30.1904099],[-51.1780059,-30.2184992],[-51.1839953,-30.2331669],[-51.1282055,-30.2477705],[-51.0764992,-30.2433844],[-51.0484225,-30.2679247],[-51.0307625,-30.2744752],[-51.0198014,-30.2965085],[-51.0316023,-30.3338706],[-51.0498171,-30.3445907],[-51.0474,-30.381496],[-51.0130056,-30.3896626],[-50.9734084,-30.4076171],[-50.930037,-30.4357706],[-50.9385533,-30.3750991],[-50.9270362,-30.3381587],[-50.914836,-30.3263913],[-50.844017,-30.3207571],[-50.79698,-30.3383821],[-50.7948677,-30.3123488],[-50.7820086,-30.2847728],[-50.7507312,-30.2967072],[-50.6732441,-30.2966408],[-50.6549662,-30.2814689],[-50.6688927,-30.2548818],[-50.6588881,-30.1999233],[-50.5982278,-30.1960157],[-50.5773911,-30.2353553],[-50.5459026,-30.2512455],[-50.5377796,-30.2738662],[-50.5553832,-30.3168313],[-50.5453163,-30.3559794],[-50.5656371,-30.387912],[-50.5645145,-30.4375764],[-50.57442,-30.4814758],[-50.6110979,-30.4857109],[-50.6492172,-30.4536054],[-50.6564259,-30.4308461],[-50.6501842,-30.4135717],[-50.6196463,-30.4067191],[-50.5967321,-30.3910186],[-50.6206633,-30.3567733],[-50.6309712,-30.3614274],[-50.6296377,-30.3915319],[-50.6434419,-30.3959193],[-50.7055849,-30.3476309],[-50.7294942,-30.3681373],[-50.7005131,-30.4247626],[-50.68643,-30.5008003],[-50.6795415,-30.6091725],[-50.6901159,-30.7069243],[-50.7019874,-30.7463272],[-50.7207657,-30.7797483],[-50.7537767,-30.8189372],[-50.7904835,-30.8293965],[-50.8569299,-30.8654119],[-50.8823419,-30.8915879],[-50.9196389,-30.9063873],[-50.9680875,-30.8978204],[-50.9521651,-30.9548699],[-50.9569856,-31.0095653],[-50.9723935,-31.0329255],[-50.9949517,-31.0481032],[-51.0485298,-31.0615924],[-51.1036155,-31.0993805],[-51.1246526,-31.0981745],[-51.1626912,-31.0754245],[-51.1768912,-31.079768],[-51.1808397,-31.1253939],[-51.167168,-31.1805708],[-51.1569866,-31.2465796],[-51.157477,-31.2847123],[-51.1791108,-31.3649811],[-51.2022383,-31.4110955],[-51.2375439,-31.4574351]],[[-51.2375439,-31.4574351],[-51.1859619,-31.5043878]],[[-51.1859619,-31.5043878],[-51.1040088,-31.4214322],[-51.0400803,-31.3599453],[-50.970369,-31.3048742],[-50.8791407,-31.2270415],[-50.833645,-31.1821099],[-50.7570711,-31.0965073],[-50.6678539,-30.9629043],[-50.5583124,-30.8181972],[-50.4649102,-30.6807062],[-50.37398,-30.5628916],[-50.3400977,-30.5111926],[-50.3040508,-30.4423891],[-50.2642914,-30.3360488],[-50.1579692,-30.0665181],[-50.1099159,-29.9566682],[-50.0527831,-29.8383021],[-49.9763975,-29.6971509],[-49.91159,-29.5907784],[-49.8285526,-29.4757689],[-49.715804,-29.3324012],[-49.7228745,-29.3264032]],[[-50.0336971,-29.3498465],[-50.0400861,-29.354814],[-50.0421584,-29.3532484]],[[-55.4384353,-28.0863349],[-55.4545376,-28.095596],[-55.4878785,-28.0764551],[-55.4994061,-28.0810628],[-55.5132429,-28.1146478],[-55.5305813,-28.1154587],[-55.5641642,-28.1635054],[-55.5890965,-28.1417757],[-55.5834062,-28.1251731],[-55.6107303,-28.1174554],[-55.6196824,-28.1535491],[-55.6342309,-28.1778382],[-55.6530168,-28.1821016],[-55.69258,-28.2187903],[-55.7712461,-28.2414545],[-55.7825587,-28.2560574],[-55.7731786,-28.2742401],[-55.7329098,-28.2859753],[-55.6802024,-28.3222263],[-55.6707807,-28.3456874],[-55.6887689,-28.3881561],[-55.6907378,-28.4132957],[-55.7197035,-28.4186791],[-55.7343525,-28.3812095],[-55.7565667,-28.3694314],[-55.8096431,-28.3657443],[-55.8505849,-28.35539],[-55.8710892,-28.3572625],[-55.9003859,-28.3983461],[-55.9009504,-28.4187544],[-55.8826016,-28.4638382],[-55.884006,-28.4791631],[-55.9492936,-28.4945927],[-55.9882152,-28.4981152],[-56.0112241,-28.5068934],[-56.0232301,-28.522765],[-56.0208968,-28.5531966],[-56.0023709,-28.5782987],[-56.0033733,-28.5977984],[-56.017674,-28.6129435],[-56.0562722,-28.6292036],[-56.1191509,-28.6812475],[-56.1434536,-28.709132],[-56.1606775,-28.7396514],[-56.1941555,-28.775198],[-56.2609311,-28.7790068],[-56.2891127,-28.793722],[-56.2997424,-28.8081133],[-56.2981677,-28.8844444],[-56.3038116,-28.9030324],[-56.3441939,-28.9400565],[-56.3789902,-28.9480299],[-56.406336,-28.9725956],[-56.4161742,-29.0007364],[-56.3991173,-29.0173516],[-56.4131021,-29.0619185],[-56.4304202,-29.0795035],[-56.5030254,-29.0886616],[-56.5501313,-29.1166534],[-56.5887534,-29.1198128],[-56.6169245,-29.1710693],[-56.645843,-29.200294],[-56.6547606,-29.223794],[-56.6492068,-29.2549564],[-56.6645228,-29.2949909],[-56.6999653,-29.3564409],[-56.7129681,-29.3673526],[-56.758703,-29.3709046],[-56.7731516,-29.3869927],[-56.7795004,-29.4373726],[-56.7969515,-29.4490669],[-56.8220924,-29.4900248],[-56.8608157,-29.5073469],[-56.9019617,-29.5338167],[-56.9295372,-29.5662151],[-56.9678003,-29.6017949],[-56.9711484,-29.6434064],[-57.0009237,-29.6519146],[-57.0211046,-29.6833173],[-57.0997221,-29.7483201],[-57.1319054,-29.7701601],[-57.172021,-29.7806849],[-57.2210531,-29.7763015],[-57.2354002,-29.7807884],[-57.2978169,-29.8347292],[-57.329688,-29.8876354],[-57.3240796,-29.9217294],[-57.3281407,-29.9720368],[-57.3519807,-30.0080586],[-57.3963322,-30.0227942],[-57.4175216,-30.0383726],[-57.4537611,-30.0815588],[-57.4646043,-30.110343],[-57.5256147,-30.1513855],[-57.5880191,-30.1783448],[-57.6033674,-30.1896711],[-57.5578464,-30.2133834],[-57.5679792,-30.252231],[-57.5508317,-30.2726194],[-57.5002731,-30.2888531],[-57.4867597,-30.2668292],[-57.4522953,-30.2760374],[-57.4164045,-30.2779779],[-57.4213809,-30.3008757],[-57.389445,-30.3024616],[-57.3787505,-30.2794207],[-57.352036,-30.284485],[-57.3069794,-30.2623328],[-57.2845645,-30.2937221],[-57.270061,-30.2849845],[-57.2202614,-30.2892854],[-57.2029119,-30.2844296],[-57.1962531,-30.2645065],[-57.1679137,-30.2490263],[-57.1682194,-30.1976361],[-57.1447777,-30.1716128],[-57.129165,-30.1408381],[-57.1144833,-30.1454574],[-57.0806721,-30.0934226],[-57.044805,-30.1057389],[-57.0238981,-30.0875422],[-56.9934426,-30.0857118],[-56.9555809,-30.1011449],[-56.9177737,-30.0962017],[-56.9026295,-30.1123408],[-56.8888888,-30.0891085],[-56.8745412,-30.0862486],[-56.8241669,-30.0956445],[-56.8008819,-30.1211528],[-56.780271,-30.1266304],[-56.7840054,-30.1511656],[-56.7297856,-30.1717041],[-56.7083946,-30.1881321],[-56.6636787,-30.1974266],[-56.6411633,-30.2348189],[-56.6241255,-30.2465843],[-56.6076822,-30.282946],[-56.5370237,-30.3341373],[-56.546144,-30.3606494],[-56.5215767,-30.3589506],[-56.4913648,-30.3981094],[-56.4621782,-30.3844822],[-56.4399785,-30.4325237],[-56.3981877,-30.4484393],[-56.4062363,-30.4686105],[-56.3892667,-30.4930602],[-56.3682596,-30.5031673],[-56.3504861,-30.4966128],[-56.3312845,-30.5293528],[-56.2973315,-30.5262641],[-56.2789601,-30.5532644],[-56.2379619,-30.5734285],[-56.2140956,-30.6084648],[-56.1876747,-30.6046947],[-56.1718754,-30.6188294],[-56.1666943,-30.6634195],[-56.151942,-30.6804522],[-56.1507922,-30.704701],[-56.1073301,-30.7320019],[-56.0956878,-30.7540221],[-56.0727324,-30.7453832],[-56.0621349,-30.7750214],[-56.0229805,-30.7861433],[-56.0043757,-30.8398411],[-55.9903804,-30.8664108],[-56.0076947,-30.8935271],[-56.005484,-30.9223194],[-56.0152926,-30.9445104],[-56.0070591,-30.9837524],[-56.0176399,-31.0030238],[-56.0184383,-31.0477292],[-56.0076546,-31.071737],[-55.9792988,-31.0731996],[-55.9302837,-31.0862639],[-55.9258535,-31.0768346],[-55.8707577,-31.0715702],[-55.8552817,-31.0451157],[-55.8323066,-31.044374],[-55.807156,-31.016512],[-55.7808851,-31.0171475],[-55.7523329,-30.9985831],[-55.7243594,-30.9660351],[-55.7039537,-30.9552217],[-55.6661864,-30.9539785],[-55.6634682,-30.9331682],[-55.6421179,-30.9116009],[-55.6631488,-30.8718906],[-55.6378614,-30.8462234],[-55.5672775,-30.8454456],[-55.5635603,-30.8686611],[-55.5459085,-30.8905441],[-55.5101745,-30.9017558],[-55.5041596,-30.9247543],[-55.4783597,-30.9538495],[-55.4443563,-30.9584503],[-55.4267274,-30.9812511],[-55.4370495,-31.0047158],[-55.3872421,-31.0205731],[-55.3488292,-31.0428691],[-55.3601032,-31.0674343],[-55.3455474,-31.0755763],[-55.3298022,-31.1165402],[-55.3395545,-31.1270512],[-55.3186327,-31.1451068],[-55.2896985,-31.1452773],[-55.2906187,-31.1636709],[-55.2719144,-31.1728355],[-55.250105,-31.2060085],[-55.2467621,-31.2522405],[-55.2137078,-31.2632037],[-55.1741937,-31.2681749],[-55.1476319,-31.2943357],[-55.1090404,-31.307681],[-55.0744643,-31.3320897],[-55.0432115,-31.3083903],[-55.0318935,-31.2697414],[-55.0024077,-31.2692158],[-54.9828462,-31.3113966],[-54.9530712,-31.3319713],[-54.9592089,-31.3524541],[-54.935053,-31.3564763],[-54.9406467,-31.3806458],[-54.8859789,-31.3772778],[-54.8783856,-31.3980773],[-54.8364553,-31.4419383],[-54.8048848,-31.4289888],[-54.7889074,-31.4333381],[-54.7520227,-31.4244629],[-54.6703379,-31.4540783],[-54.5864586,-31.456553],[-54.5770731,-31.481337],[-54.5156442,-31.5101774],[-54.4729407,-31.570353],[-54.4573188,-31.6012051],[-54.4657385,-31.6100249],[-54.4515116,-31.6400362],[-54.4562268,-31.6517005],[-54.1585091,-31.8735442],[-54.1405204,-31.8948926],[-54.0809081,-31.9294635],[-54.0404409,-31.8968187],[-54.0068824,-31.9125759],[-53.9632615,-31.9219603],[-53.9721785,-31.9415094],[-53.9475107,-31.9546349]],[[-53.9475107,-31.9546349],[-53.9511932,-31.9322569],[-53.9525085,-31.9232206],[-53.9437976,-31.9157084],[-53.9303304,-31.8969687],[-53.9315306,-31.8746443],[-53.915745,-31.8633537],[-53.9068207,-31.8380626],[-53.9277849,-31.8056654],[-53.9063976,-31.7973506],[-53.9240709,-31.7756963],[-53.8998351,-31.7353451],[-53.9032726,-31.7256483],[-53.8808535,-31.6623772],[-53.8615833,-31.6299527],[-53.8492743,-31.6251372],[-53.8375515,-31.5881929],[-53.8391228,-31.5511087],[-53.8269647,-31.5461009],[-53.8218863,-31.5151611],[-53.8326267,-31.4702309],[-53.8057059,-31.4628469],[-53.7812105,-31.4385898],[-53.8009337,-31.3739403],[-53.7911588,-31.3439273],[-53.7652507,-31.3121912],[-53.7404689,-31.3291138],[-53.7190302,-31.3267066],[-53.6862453,-31.3370269],[-53.6170914,-31.3290531],[-53.6023883,-31.3064418],[-53.60312,-31.2874896],[-53.5675931,-31.2647694],[-53.5627124,-31.252091],[-53.5547799,-31.2368313],[-53.5300739,-31.2420349],[-53.5275979,-31.2084151],[-53.5171718,-31.1791984],[-53.4920836,-31.149536],[-53.4806892,-31.1220297],[-53.4868624,-31.070335],[-53.4750912,-31.0586239],[-53.4714672,-31.0320579],[-53.4388216,-30.9768539],[-53.4635194,-30.9444851],[-53.4967063,-30.9614652],[-53.5021823,-30.9398829],[-53.5283919,-30.945272],[-53.5926037,-30.8955126],[-53.6100768,-30.8635872],[-53.6472145,-30.8691967],[-53.6522711,-30.8405474],[-53.6723973,-30.8423488],[-53.7011199,-30.8159497],[-53.7071427,-30.8010952],[-53.7452796,-30.7727154],[-53.7684838,-30.7978332],[-53.8051884,-30.7879068],[-53.8035387,-30.765323],[-53.8209056,-30.7514304],[-53.803895,-30.7291815],[-53.7947071,-30.6712544],[-53.798445,-30.6385544],[-53.7743383,-30.620683],[-53.7627842,-30.5873512],[-53.7404295,-30.5654337],[-53.7439147,-30.5155878]],[[-53.7439147,-30.5155878],[-53.7506661,-30.5145579]],[[-55.5477228,-28.7085949],[-55.5617213,-28.697009]],[[-53.9475107,-31.9546349],[-53.9132435,-31.9656762],[-53.8921252,-31.9953876],[-53.8572436,-31.9966804],[-53.8511367,-32.0268271],[-53.8333169,-32.055143],[-53.8066922,-32.0698594],[-53.7562909,-32.0761537],[-53.7442283,-32.1152625],[-53.7176117,-32.1530026],[-53.7113277,-32.1990057],[-53.6851896,-32.2196225],[-53.677794,-32.2585979],[-53.6555154,-32.290539],[-53.6428639,-32.2962995],[-53.6449773,-32.3323926],[-53.6341498,-32.34754],[-53.6452054,-32.3838542],[-53.6143752,-32.398404],[-53.6150311,-32.416573],[-53.5888356,-32.435173],[-53.5840398,-32.4513054],[-53.5551652,-32.4733766],[-53.5106304,-32.4866035],[-53.4709373,-32.4806894],[-53.4565768,-32.5167487],[-53.4368959,-32.5481619],[-53.4033945,-32.5799895],[-53.3555381,-32.5905746],[-53.3388153,-32.5846223],[-53.2888051,-32.6210966],[-53.271797,-32.6052235],[-53.2455852,-32.6071117],[-53.2370648,-32.6297685],[-53.1667213,-32.648587],[-53.1283785,-32.6384631],[-53.0846437,-32.6582422],[-53.0769654,-32.6278228],[-53.0629964,-32.6180597],[-53.0201046,-32.6130717],[-53.0007997,-32.5978724],[-52.9918651,-32.5452278],[-52.9781366,-32.4989648],[-52.9399494,-32.4748543],[-52.8924389,-32.4610807],[-52.8023888,-32.4470194],[-52.766388,-32.426221],[-52.7235563,-32.3816226],[-52.7241868,-32.3700112],[-52.7716795,-32.3526357],[-52.7901137,-32.3788209],[-52.8169514,-32.3472802],[-52.7784338,-32.2521706],[-52.7767632,-32.2306006],[-52.736366,-32.1892758],[-52.736739,-32.1686895],[-52.7188884,-32.1541562],[-52.6749516,-32.1640385],[-52.6336521,-32.1466679],[-52.6284941,-32.1620369],[-52.6566138,-32.205916],[-52.6879575,-32.2808999],[-52.6949048,-32.3179361],[-52.614973,-32.4434743],[-52.5882909,-32.5049176],[-52.5864091,-32.5306965],[-52.6116771,-32.620476],[-52.6884998,-32.7577727],[-52.7226639,-32.8328129],[-52.761257,-32.885828],[-52.8077793,-32.9105803],[-52.8322257,-32.9150415],[-52.8674249,-32.9098804],[-52.9077896,-32.8876856],[-52.9484615,-32.8548774],[-52.9987567,-32.8018521],[-53.0041578,-32.7819173],[-53.0414155,-32.8015149],[-53.0700944,-32.8338099],[-53.1012812,-32.8219888],[-53.1239055,-32.7938378],[-53.1413716,-32.8072649],[-53.1556383,-32.8521139],[-53.1591882,-32.9050299],[-53.1544623,-32.9524869],[-53.1744375,-33.0035061],[-53.2074946,-33.0450315],[-53.2411918,-33.0761348],[-53.2601624,-33.1074109],[-53.2773734,-33.1093609],[-53.337157,-33.0825922],[-53.350704,-33.1035121],[-53.4082671,-33.1612805],[-53.4322027,-33.1621027],[-53.4517042,-33.2202313],[-53.4696818,-33.2600809],[-53.4247745,-33.4407202],[-53.440037,-33.5188979],[-53.4656299,-33.5579681],[-53.5011438,-33.5434151],[-53.5146339,-33.5540763],[-53.5125006,-33.6026003],[-53.5339639,-33.6514051],[-53.53235,-33.6888045],[-53.439516,-33.6934614],[-53.4310511,-33.7393548],[-53.3969018,-33.7507722],[-53.369913,-33.7438377],[-53.2649755,-33.6713115],[-53.1504134,-33.5853674],[-53.086162,-33.5306713],[-52.802024,-33.3049126],[-52.7555709,-33.2628364],[-52.7130228,-33.2180913],[-52.6501111,-33.1416911],[-52.6238585,-33.1042389],[-52.593206,-33.0502341],[-52.5482005,-32.9619305],[-52.5114733,-32.8991571],[-52.4879128,-32.8510658],[-52.45584,-32.7616901],[-52.4157339,-32.6052336],[-52.3681675,-32.4817519],[-52.3407579,-32.4245715],[-52.293031,-32.3383187],[-52.2509215,-32.2798444],[-52.1990058,-32.2266002],[-52.141,-32.1792274],[-52.0994219,-32.1593338],[-52.1048078,-32.1059604],[-52.0992658,-32.0830655],[-52.1577651,-32.1128094],[-52.1498998,-32.0749573],[-52.1341208,-32.0575467],[-52.099535,-32.0472517],[-52.1097285,-32.0241113],[-52.1363413,-32.0457209],[-52.1711627,-32.0554776],[-52.2171572,-32.0846317],[-52.2402236,-32.0797642],[-52.1978792,-32.0527845],[-52.2033568,-32.0387877],[-52.1542737,-32.0265481],[-52.1132543,-32.010722],[-52.0961427,-31.9961824],[-52.1212129,-31.9786897],[-52.1882474,-31.9828594],[-52.2038675,-32.0383895],[-52.2424605,-32.0311492],[-52.2341607,-32.0165357],[-52.2394,-31.9852354],[-52.2186316,-31.9599975],[-52.1875318,-31.9637077],[-52.1669866,-31.9441496],[-52.1420227,-31.9523],[-52.1129189,-31.9430992],[-52.1376202,-31.9192941],[-52.185815,-31.9040422],[-52.2214187,-31.8725091],[-52.2487331,-31.8778427],[-52.2568273,-31.8493499],[-52.2218846,-31.8370124],[-52.2126163,-31.8076394],[-52.2257675,-31.7518981],[-52.1929286,-31.7225792],[-52.1523643,-31.6993368],[-52.1041442,-31.6846629],[-52.0572191,-31.6832052],[-52.030653,-31.6923453],[-52.0211971,-31.6624382],[-52.0099329,-31.5976409],[-52.0179349,-31.5403383],[-52.0011499,-31.4409157],[-51.9870681,-31.3945445],[-51.9672691,-31.3779242],[-51.9601307,-31.3527831],[-51.9327295,-31.3351486],[-51.9194628,-31.3107659],[-51.892088,-31.3156825],[-51.8750396,-31.3090397],[-51.8439353,-31.3232485],[-51.8117421,-31.2857497]],[[-52.3429449,-30.359014],[-52.3452775,-30.3591842]],[[-53.3030859,-30.1414846],[-53.3111588,-30.1408741]],[[-53.7331388,-30.4988327],[-53.7439147,-30.5155878]],[[-51.2375439,-31.4574351],[-51.282406,-31.4969314],[-51.3432066,-31.5279111],[-51.3648721,-31.5318094],[-51.3993089,-31.5204054],[-51.4281762,-31.4919981],[-51.4551162,-31.5288507],[-51.4467703,-31.5361716],[-51.4621579,-31.5670493],[-51.4984103,-31.5831574],[-51.5298012,-31.6209752],[-51.5614819,-31.6700457],[-51.613264,-31.7294055],[-51.6560543,-31.7649289],[-51.6896312,-31.7813386],[-51.7345903,-31.7886855],[-51.8022987,-31.7884648],[-51.8275028,-31.8023177],[-51.8047766,-31.8147534],[-51.8096979,-31.84354],[-51.8604104,-31.8701763],[-51.9081596,-31.8689086],[-51.9869115,-31.8265293],[-52.0153984,-31.8165537],[-52.0625298,-31.8161521],[-52.0970015,-31.8347491],[-52.0820162,-31.8660223],[-52.048521,-31.8895458],[-52.0152082,-31.9224186],[-52.0046527,-31.9449178],[-52.0152468,-31.9667097],[-52.0538326,-31.9849292],[-52.0390526,-32.0300227],[-52.0496934,-32.0772102],[-52.0897707,-32.1314027],[-52.0757538,-32.1414871],[-51.9689076,-32.0318384],[-51.9207816,-31.9877447],[-51.8476723,-31.9307776],[-51.7480209,-31.8699809],[-51.6123956,-31.8033063],[-51.5023749,-31.7428838],[-51.4272386,-31.6956174],[-51.2938104,-31.598729],[-51.2494298,-31.563923],[-51.1859619,-31.5043878]],[[-57.7522947,-17.5644631],[-57.7928672,-17.5557418],[-57.7777497,-17.5844599],[-57.7840251,-17.6074213],[-57.7756908,-17.6570178],[-57.7622474,-17.6606126],[-57.7490399,-17.6932195],[-57.730967,-17.7187723],[-57.709642,-17.7298838],[-57.7201344,-17.7717191],[-57.6832259,-17.8080026],[-57.6831673,-17.8281371],[-57.7206673,-17.8278599],[-57.6319187,-17.9856326],[-57.600112,-18.0463673],[-57.5748646,-18.1318873],[-57.5051406,-18.2003416],[-57.4805248,-18.20676],[-57.453919,-18.2311941],[-57.5578344,-18.2403485],[-57.7666753,-18.8992853],[-57.7198374,-18.8990654],[-57.7193149,-18.977049],[-57.6970058,-18.9973912],[-57.7102033,-19.0325932],[-57.7844457,-19.0339013],[-58.1318187,-19.7584974],[-57.8581517,-19.9714168],[-57.8624267,-19.9856452],[-57.902348,-20.0421143],[-57.9277073,-20.0229986],[-57.9579053,-20.0214339],[-57.9725993,-20.0481103],[-57.9875137,-20.0585966],[-58.0228438,-20.0581684],[-58.0372913,-20.0718584],[-58.0439877,-20.0987806],[-58.0567652,-20.1072692],[-58.0931544,-20.110354],[-58.115353,-20.1437452],[-58.1526595,-20.152869],[-58.1671536,-20.167267],[-58.1218462,-20.1943926],[-58.154222,-20.215731],[-58.1664182,-20.2366334],[-58.159397,-20.2638484],[-58.1445503,-20.2717774],[-58.1195235,-20.2495816],[-58.089891,-20.264528],[-58.1030505,-20.3211688],[-58.0939362,-20.3513566],[-58.0763752,-20.3846884],[-58.0246189,-20.4000963],[-58.0043487,-20.4265916],[-57.99856,-20.4555636],[-58.0135964,-20.4802642],[-58.0201755,-20.509763],[-57.9970131,-20.5755259],[-58.0131283,-20.6082964],[-57.9955743,-20.6317264],[-57.970386,-20.6441918],[-57.9882287,-20.6867291],[-57.9810273,-20.7057461],[-57.950181,-20.6982951],[-57.9367946,-20.6700127],[-57.9136749,-20.6707641],[-57.9032882,-20.6898206],[-57.870173,-20.7254706],[-57.8789114,-20.7505168],[-57.9341543,-20.7459545],[-57.9495254,-20.7652765],[-57.9594917,-20.7979086],[-57.9412272,-20.8008159],[-57.9110131,-20.7889558],[-57.8932904,-20.7907824],[-57.8593969,-20.8248557],[-57.8578964,-20.850928],[-57.8726808,-20.8539],[-57.9289443,-20.8952298],[-57.8865311,-20.9086465],[-57.8636024,-20.9488495],[-57.8197813,-20.9379956],[-57.8252691,-20.965241],[-57.8175295,-20.9805825],[-57.8681955,-21.0418754],[-57.865794,-21.0667101],[-57.8458909,-21.0969282],[-57.8649891,-21.1363361],[-57.8489583,-21.1878573],[-57.8530214,-21.2271316],[-57.9064641,-21.265551],[-57.9204283,-21.2846397],[-57.8949626,-21.3071725],[-57.8547358,-21.3168718],[-57.8611244,-21.3506169],[-57.8924513,-21.3779487],[-57.9080965,-21.4026099],[-57.9100862,-21.4209737],[-57.927257,-21.4498314],[-57.9344177,-21.4841208],[-57.9604876,-21.5099208],[-57.9685265,-21.5353372],[-57.9616162,-21.5624435],[-57.918964,-21.5822012],[-57.9145595,-21.5956142],[-57.9422158,-21.6208996],[-57.9300377,-21.6573316],[-57.8871923,-21.6820763],[-57.8985469,-21.7058784],[-57.9408933,-21.7329073],[-57.9402748,-21.7583507],[-57.9084931,-21.7739686],[-57.9311093,-21.824589],[-57.9719784,-21.8458866],[-57.916173,-21.8762919],[-57.947985,-21.9003903],[-57.9369953,-21.9279206],[-57.9650196,-21.9836133],[-57.9749461,-22.015409],[-58.0061611,-22.0312131],[-58.0095925,-22.0452751],[-57.9876849,-22.0591377],[-57.9920301,-22.0904636],[-57.9419989,-22.0829157],[-57.9297197,-22.1202719],[-57.8627107,-22.1309544],[-57.8290297,-22.1201906],[-57.8052315,-22.1500503],[-57.7792735,-22.1251745],[-57.747723,-22.1390495],[-57.7234044,-22.1102015],[-57.6892317,-22.088592],[-57.677376,-22.1015604],[-57.636983,-22.1058067],[-57.6181636,-22.0953892],[-57.607533,-22.1269456],[-57.5864271,-22.1444473],[-57.5807663,-22.175337],[-57.547718,-22.1820566],[-57.5168337,-22.173625]],[[-57.5168337,-22.173625],[-57.5078775,-22.1713569],[-57.5064831,-22.1626559],[-57.5094395,-22.161276]],[[-57.5094395,-22.161276],[-57.5090628,-22.1592296],[-57.5049058,-22.1580149],[-57.5019213,-22.1590036],[-57.5017268,-22.167181]],[[-57.5017268,-22.167181],[-57.4970359,-22.1657748],[-57.4935333,-22.1604224],[-57.4905619,-22.1410515],[-57.4769393,-22.1314118],[-57.4656907,-22.1270277],[-57.4608556,-22.0878274],[-57.4298433,-22.06935],[-57.417492,-22.024661],[-57.3855898,-21.984448],[-57.3751626,-21.9700128],[-57.3374745,-21.9613114],[-57.3070025,-21.9312984],[-57.277594,-21.940988],[-57.2471276,-21.9256476],[-57.2258054,-21.8995807],[-57.2062543,-21.8870203],[-57.1905459,-21.8533271],[-57.1926849,-21.8390801],[-57.1765573,-21.8043813],[-57.1568047,-21.7853313],[-57.1662664,-21.7568864],[-57.1180136,-21.7063113],[-57.1066656,-21.679277],[-57.0736276,-21.6588901],[-57.0450089,-21.653787],[-57.0278222,-21.630488],[-57.0114395,-21.6226419],[-56.9589511,-21.6371705],[-56.9450434,-21.6148936],[-56.944356,-21.5930672],[-56.9305786,-21.5547296],[-56.8860898,-21.5023472],[-56.8745336,-21.4994117],[-56.8519301,-21.4605194],[-56.8263141,-21.4628905],[-56.8008538,-21.4756899],[-56.8035836,-21.4346806],[-56.8150525,-21.4021727],[-56.8040995,-21.3501585],[-56.8119667,-21.326052],[-56.788296,-21.292337],[-56.7965622,-21.2294895],[-56.8312971,-21.1518126],[-56.8588922,-21.1137473],[-56.8447441,-21.0753421],[-56.8670339,-21.0444445],[-56.8694076,-21.0179775],[-56.8604689,-20.9825197],[-56.8805055,-20.9305154],[-56.8596664,-20.8863761],[-56.8738329,-20.8575607],[-56.8586071,-20.8350364],[-56.8464587,-20.7923869],[-56.8685223,-20.763798],[-56.8718866,-20.7280883],[-56.8927127,-20.6841799],[-56.8689016,-20.6387906],[-56.8733714,-20.5801993],[-56.9060985,-20.5333542],[-56.9107313,-20.5072335],[-56.9239774,-20.490901],[-56.9205519,-20.464831],[-56.9391606,-20.4420732],[-56.9420616,-20.4150592],[-56.9675099,-20.4249409],[-56.9903015,-20.4215945],[-56.9905406,-20.3946913],[-57.0101495,-20.3588478],[-57.0068303,-20.3407578],[-56.9489903,-20.3334162],[-56.9464825,-20.3036082],[-56.9633366,-20.2919075],[-56.9574221,-20.2459934],[-56.9658106,-20.2214675],[-56.9979761,-20.1889198],[-56.9471153,-20.1869624],[-56.9054354,-20.2367935],[-56.8871084,-20.2394589],[-56.8781008,-20.2570843],[-56.8256917,-20.272581],[-56.8342979,-20.3132691],[-56.8329381,-20.35495],[-56.8191172,-20.3866433],[-56.7937216,-20.3993227],[-56.7795648,-20.4171778],[-56.7524513,-20.4023977],[-56.702088,-20.4044999],[-56.6778776,-20.3700021],[-56.6806293,-20.3576937],[-56.5680762,-20.3563249],[-56.5493548,-20.3626334],[-56.5164872,-20.3565074],[-56.5096196,-20.3444217],[-56.4717873,-20.3286897],[-56.4507035,-20.3137112],[-56.4115875,-20.3338498],[-56.3916095,-20.3372638],[-56.3983618,-20.3621709],[-56.3944603,-20.4098255],[-56.4021796,-20.4371695],[-56.3930046,-20.4836556],[-56.3729295,-20.494241],[-56.3643792,-20.5318516],[-56.3383243,-20.5532143],[-56.2853549,-20.6169338],[-56.2746454,-20.644395],[-56.2472051,-20.6377351],[-56.2291944,-20.6583953],[-56.2147998,-20.6459853],[-56.2177016,-20.6129546],[-56.1845568,-20.6322003],[-56.1686819,-20.6162208],[-56.1497499,-20.6249607],[-56.140863,-20.6917724],[-56.1176511,-20.7409509],[-56.0738997,-20.7681083],[-56.0550154,-20.7630081],[-56.0217369,-20.7730649],[-56.0064636,-20.8016993],[-55.9679343,-20.8196701],[-55.9384624,-20.8216896],[-55.9251118,-20.8115055],[-55.8920124,-20.8076615],[-55.8710661,-20.775806],[-55.8457119,-20.7550081],[-55.8455664,-20.7333508],[-55.7920782,-20.7483589],[-55.7706923,-20.7642279],[-55.7545623,-20.7545444],[-55.7301681,-20.7756959],[-55.7094636,-20.8477807],[-55.6885082,-20.8871026],[-55.686528,-20.9179057],[-55.6378105,-20.9498868],[-55.6209494,-20.9752767],[-55.5624235,-20.9957426],[-55.5155186,-20.9943437],[-55.4887989,-21.0208823],[-55.4733,-21.0194122],[-55.4311911,-21.0503564],[-55.3786284,-21.0453893],[-55.3589208,-21.0340974],[-55.3190242,-21.0509065],[-55.3008255,-21.0215364],[-55.2663957,-20.9983316],[-55.2540427,-21.0156699]],[[-55.2540427,-21.0156699],[-55.2077277,-21.0355096]],[[-55.2077277,-21.0355096],[-55.2111991,-21.0130851],[-55.2009201,-20.9985199],[-55.195592,-20.9743811],[-55.2028941,-20.948602],[-55.1973333,-20.9318797],[-55.200363,-20.9158115],[-55.2007216,-20.9098143],[-55.1949269,-20.8827347],[-55.1917456,-20.8796886],[-55.1838681,-20.8723686],[-55.1645692,-20.8606912],[-55.170837,-20.8448748],[-55.1561854,-20.831644],[-55.1547661,-20.8102868],[-55.1530154,-20.7990691],[-55.1694732,-20.7666674],[-55.1778459,-20.7350827],[-55.20492,-20.7218861],[-55.2031703,-20.7067948],[-55.2208953,-20.6922359],[-55.2195315,-20.6787309],[-55.2179396,-20.6522565],[-55.2055613,-20.5997143],[-55.2082572,-20.5908094],[-55.2096127,-20.589367],[-55.2061078,-20.5762327],[-55.2057364,-20.5740768],[-55.2149862,-20.5540578],[-55.2177052,-20.5447374],[-55.2274691,-20.5372219],[-55.2364213,-20.5312496],[-55.2386733,-20.5304327],[-55.2403739,-20.5242655],[-55.2558281,-20.4978365],[-55.2521292,-20.4809208],[-55.2728908,-20.4735913],[-55.2760765,-20.4481903],[-55.2945218,-20.4382427],[-55.2982579,-20.4320021],[-55.3060842,-20.4227758],[-55.3080739,-20.4240468],[-55.3069798,-20.4198208],[-55.3061371,-20.4164168],[-55.3188515,-20.4098449],[-55.342202,-20.4174179],[-55.3453646,-20.4322208],[-55.3490908,-20.4325614],[-55.3495647,-20.4431075],[-55.3601781,-20.4374517],[-55.3909402,-20.4324592],[-55.3876539,-20.4093441],[-55.355951,-20.3872747],[-55.3556624,-20.3470473],[-55.3408161,-20.3379316],[-55.3454631,-20.3151532],[-55.2949186,-20.337341],[-55.2790395,-20.322129],[-55.2585072,-20.3309582],[-55.247234,-20.2862432],[-55.2710169,-20.2867516],[-55.2681889,-20.2495086],[-55.2294893,-20.2020384],[-55.1912169,-20.1726778],[-55.1373554,-20.1446368],[-55.0834995,-20.1541862],[-55.065682,-20.1161681],[-55.0755901,-20.0886528],[-55.0963868,-20.0455978],[-55.0981688,-20.0203509],[-55.1286081,-19.9991424],[-55.1396748,-19.9717971],[-55.1796668,-19.9927563],[-55.1997223,-19.9941283],[-55.2223978,-19.978997],[-55.2516166,-19.9828494],[-55.2679981,-20.0005976],[-55.2851557,-19.9903823],[-55.3169571,-19.9882221],[-55.3233724,-19.9722599],[-55.3102469,-19.9471188],[-55.329762,-19.9243142],[-55.33676,-19.8820453],[-55.3546444,-19.8628067],[-55.3788075,-19.8495309],[-55.3946094,-19.8014974],[-55.3465947,-19.7607357],[-55.3241208,-19.6931324],[-55.3057655,-19.6726688],[-55.2884572,-19.6073923],[-55.2659397,-19.5857835],[-55.2411352,-19.5213971],[-55.225964,-19.496234],[-55.203931,-19.4167572],[-55.1874889,-19.4042216],[-55.1634778,-19.403467],[-55.1119051,-19.3699429],[-55.1240117,-19.3529602],[-55.101672,-19.3349992],[-55.1043634,-19.3349678],[-55.107025,-19.3283366],[-55.1169079,-19.3301115],[-55.1424276,-19.3457548],[-55.1699846,-19.3333449],[-55.1768434,-19.3155616],[-55.2057886,-19.2840833],[-55.2395849,-19.2658546],[-55.2513518,-19.2507936],[-55.2767282,-19.2489393],[-55.3043683,-19.2579294],[-55.3200907,-19.2386884],[-55.3450775,-19.2443848],[-55.3506694,-19.2624935],[-55.4220351,-19.2577506],[-55.4306945,-19.2411112],[-55.4649957,-19.2182463],[-55.3990029,-18.5820937],[-55.3061819,-18.2479791],[-55.1389964,-17.6478325]],[[-55.1389964,-17.6478325],[-55.1420033,-17.6392871]],[[-55.1420033,-17.6392871],[-55.2089503,-17.6157483],[-55.2503096,-17.5848767],[-55.2996749,-17.541193],[-55.3518155,-17.5476916],[-55.3537599,-17.531617],[-55.4052044,-17.5123968],[-55.4437374,-17.5117761],[-55.4654475,-17.4868574],[-55.5150329,-17.4836213],[-55.5496184,-17.4480817],[-55.5597307,-17.4396546],[-55.5748727,-17.434666],[-55.5852567,-17.4076463],[-55.5829072,-17.3790709],[-55.597839,-17.3717295]],[[-55.597839,-17.3717295],[-55.6134215,-17.359852]],[[-55.6134215,-17.359852],[-55.6389256,-17.3497901],[-55.6892624,-17.3404395],[-55.7170237,-17.345881],[-55.7298724,-17.3398751],[-55.7612066,-17.323532],[-55.7876445,-17.3286458],[-55.805011,-17.3094399],[-55.806508,-17.2980101],[-55.8263212,-17.2888269],[-55.8350956,-17.2913571],[-55.8696498,-17.2753556],[-55.8865622,-17.2847647],[-55.9093871,-17.263146],[-55.9313674,-17.2646584],[-55.9413141,-17.2778839],[-55.9500832,-17.2630047],[-55.9739274,-17.2536053],[-55.9857339,-17.2584002],[-55.9905342,-17.2570261],[-55.9887364,-17.2415165],[-56.0005107,-17.2462433],[-56.017376,-17.2183196],[-56.0185698,-17.2094581],[-56.0160675,-17.1902288],[-56.0378684,-17.1774287],[-56.049516,-17.1724341],[-56.0827304,-17.1777458],[-56.1123441,-17.1663486],[-56.1288482,-17.1794232],[-56.1844615,-17.1945709],[-56.2130102,-17.2259386],[-56.2690411,-17.239792],[-56.2865701,-17.2704402],[-56.313541,-17.2694291],[-56.3440177,-17.2852847],[-56.3830663,-17.2879584],[-56.38893,-17.3019463],[-56.4325993,-17.3185875],[-56.442331,-17.3312821],[-56.4773991,-17.305408],[-56.5080719,-17.2952844],[-56.5138734,-17.3128227],[-56.5510156,-17.3228763],[-56.6118524,-17.3319082],[-56.6200181,-17.3220326],[-56.6514596,-17.3265476],[-56.663575,-17.3388297],[-56.6831814,-17.3165664],[-56.7016512,-17.3199384],[-56.7338542,-17.3098602],[-56.7568856,-17.3256863],[-56.7674608,-17.3645847],[-56.7843122,-17.3686531],[-56.7910296,-17.3910659],[-56.8297428,-17.3913258],[-56.824407,-17.4230789],[-56.8409099,-17.4420086],[-56.8502388,-17.4867813],[-56.8759675,-17.5329722],[-56.9175445,-17.5413551],[-56.9449609,-17.5529495],[-56.9503793,-17.5686349],[-56.9734925,-17.5803843],[-56.9814111,-17.6110155],[-56.9591079,-17.6128389],[-56.9838501,-17.6418931],[-56.9882191,-17.65929],[-57.0132748,-17.6724294],[-57.0333769,-17.6947411],[-57.0449146,-17.7303213],[-57.0739121,-17.7354635],[-57.0985808,-17.7704176],[-57.1209426,-17.780164],[-57.1467441,-17.7675051],[-57.2042483,-17.7892519],[-57.2271374,-17.7827847],[-57.2648357,-17.8203496],[-57.2837729,-17.8129128],[-57.3113845,-17.8178245],[-57.3534564,-17.8378584],[-57.3680807,-17.8261992],[-57.4097521,-17.8539153],[-57.4262763,-17.856396],[-57.4619356,-17.8985358],[-57.4852744,-17.8622281],[-57.5093604,-17.8638881],[-57.5347769,-17.8536338],[-57.5310279,-17.8391135],[-57.5520038,-17.8282053],[-57.5763315,-17.8005284],[-57.6093088,-17.7975415],[-57.6231109,-17.736359],[-57.6403039,-17.7173593],[-57.6635542,-17.7298538],[-57.6846131,-17.7164815],[-57.6717799,-17.6641124],[-57.6866154,-17.6427452],[-57.6905042,-17.6388571],[-57.6913988,-17.628508],[-57.6998343,-17.6111177],[-57.712196,-17.5589094],[-57.7250315,-17.5310124],[-57.7400515,-17.5363052],[-57.7522947,-17.5644631]],[[-55.2077277,-21.0355096],[-55.2668646,-21.009432],[-55.2695026,-21.008928],[-55.2719601,-21.0103],[-55.2741707,-21.0143846],[-55.2791393,-21.0357356]],[[-55.2791393,-21.0357356],[-55.3034544,-21.0761501],[-55.3087633,-21.0909663],[-55.306845,-21.0964415]],[[-55.306845,-21.0964415],[-55.3075284,-21.1056866],[-55.3116524,-21.1096026],[-55.3176812,-21.1102376],[-55.3214906,-21.1164679],[-55.3215368,-21.1207464],[-55.3193374,-21.1259256],[-55.3148575,-21.1295222],[-55.3086194,-21.1319701],[-55.3063858,-21.1384483]],[[-55.3063858,-21.1384483],[-55.3257707,-21.1694863],[-55.3292214,-21.1762767],[-55.3219406,-21.1863811],[-55.3184184,-21.2016039],[-55.3170376,-21.2156269],[-55.3194994,-21.2421188],[-55.3004675,-21.2488742],[-55.2958054,-21.290677],[-55.3016887,-21.3048592],[-55.2878228,-21.3111262],[-55.2908283,-21.3288547],[-55.2940803,-21.3313989],[-55.2970053,-21.3465225],[-55.2850527,-21.3540802],[-55.2676037,-21.3974564],[-55.2615476,-21.4003908],[-55.2397122,-21.4174767],[-55.2120637,-21.4278646],[-55.2107208,-21.4420104],[-55.1671264,-21.4607366],[-55.1492306,-21.4746666],[-55.1384351,-21.4836211],[-55.1417052,-21.5083573],[-55.1033155,-21.5392801],[-55.0983078,-21.5689571],[-55.0868513,-21.5657936],[-55.0583668,-21.5640441],[-55.0362618,-21.5778428],[-55.0179546,-21.5600277],[-55.013362,-21.4845837],[-54.8925741,-21.3377201],[-54.8644231,-21.3369539],[-54.8414433,-21.351064],[-54.8175074,-21.3377247],[-54.7829877,-21.347357],[-54.7851843,-21.3672484],[-54.7701302,-21.3781266],[-54.7014275,-21.3554424],[-54.6807723,-21.3450853],[-54.672725,-21.3048261],[-54.630844,-21.2925045],[-54.5735287,-21.2390968],[-54.5302539,-21.2125626],[-54.5242379,-21.1895821],[-54.5590497,-21.1483414],[-54.5215751,-21.1271778],[-54.4822451,-21.122512],[-54.5089239,-21.0095125],[-54.5068311,-20.9941304],[-54.4910535,-21.0022901],[-54.4635912,-21.0084833],[-54.4522984,-21.0232076],[-54.4253451,-21.0278304],[-54.408242,-21.0421611],[-54.3765541,-21.105999],[-54.3550807,-21.1017616],[-54.3362865,-21.1208611],[-54.292169,-21.1397689],[-54.2960149,-21.1740108],[-54.2792501,-21.1751807],[-54.2603479,-21.2047619],[-54.266801,-21.2276663],[-54.2435131,-21.2569667],[-54.2295811,-21.2911454],[-54.205716,-21.2975878],[-54.1990017,-21.3351352],[-54.1473808,-21.3740589],[-54.1457394,-21.3819961],[-54.1019284,-21.4188178],[-54.1051193,-21.42969],[-54.0375603,-21.4756758],[-54.0057887,-21.5132079],[-53.9409907,-21.5460051],[-53.9015305,-21.5487819],[-53.8822074,-21.5610358],[-53.8514167,-21.5643428],[-53.8267907,-21.5569339],[-53.763142,-21.5734048],[-53.7406651,-21.568129],[-53.7283949,-21.5784934],[-53.6739085,-21.5522833],[-53.639201,-21.5796444],[-53.6250806,-21.5725869]],[[-53.6250806,-21.5725869],[-53.6196212,-21.5671978]],[[-53.6196212,-21.5671978],[-53.6038903,-21.5355938],[-53.6095581,-21.5083538],[-53.6108618,-21.4992719],[-53.6130475,-21.4791828],[-53.6180393,-21.473795],[-53.6222969,-21.4702973],[-53.636339,-21.4595323],[-53.6372647,-21.4561188],[-53.6281692,-21.4433604],[-53.6291305,-21.4414486],[-53.6246294,-21.4372185],[-53.6275027,-21.4312874],[-53.625817,-21.4271094],[-53.6209807,-21.420116],[-53.6190417,-21.4206835],[-53.6175696,-21.4146007],[-53.6214276,-21.4119097],[-53.6220699,-21.4084087],[-53.6150854,-21.3864816],[-53.6148968,-21.3839306],[-53.6173067,-21.3699461],[-53.6214297,-21.3628169],[-53.6330712,-21.3399709],[-53.6380211,-21.3365132],[-53.6415788,-21.3150226],[-53.6424259,-21.3064453],[-53.6460256,-21.3003703],[-53.6540326,-21.2867724],[-53.6837593,-21.2243077],[-53.6833663,-21.2156129],[-53.6832593,-21.2053205],[-53.6842603,-21.1936297],[-53.6823958,-21.1945194],[-53.6857167,-21.1827549],[-53.6923309,-21.1731101],[-53.6969533,-21.1735252],[-53.7172207,-21.1527328],[-53.7229707,-21.1462279],[-53.726206,-21.1423301],[-53.7392169,-21.1089647],[-53.7411858,-21.1053399],[-53.7571077,-21.0836152],[-53.7611468,-21.0792199],[-53.8096628,-21.0707054],[-53.8282281,-21.0507244],[-53.8480144,-21.0439868],[-53.8472342,-21.0075431],[-53.8562723,-20.9896351],[-53.876129,-20.9830714],[-53.9084267,-20.9579058],[-53.9524473,-20.9602744],[-53.9710173,-20.9532823],[-53.9735671,-20.9499452],[-53.9825017,-20.9423712],[-53.9860535,-20.933918],[-53.9973972,-20.9282201],[-54.0048553,-20.9154832],[-54.0058868,-20.8918438],[-54.0195007,-20.8637568],[-54.0340556,-20.8499843],[-54.0726462,-20.8293393],[-54.0920974,-20.7980308],[-54.1141463,-20.7848057],[-54.1494254,-20.7760782],[-54.1637405,-20.7558031],[-54.1754035,-20.7251896],[-54.2023852,-20.7110335],[-54.2066303,-20.6746248],[-54.1960016,-20.6575476],[-54.1777123,-20.595818],[-54.1954817,-20.5370372],[-54.1864709,-20.5096775],[-54.1840494,-20.476424],[-54.1728204,-20.4569503],[-54.1412856,-20.4568039],[-54.112831,-20.4355403],[-54.0609133,-20.4204175],[-54.0376193,-20.4210376],[-54.0292796,-20.4036137],[-53.9855559,-20.3973426],[-53.9663377,-20.3814913],[-53.9410169,-20.3822146],[-53.9218727,-20.3712404],[-53.8877858,-20.3649204],[-53.9149492,-20.3413812],[-53.9538467,-20.3313153],[-53.9897969,-20.304381],[-53.9858175,-20.2748427],[-54.0113433,-20.2495797],[-54.0086681,-20.2389865],[-54.0415306,-20.2103444],[-54.0660229,-20.1775538],[-54.0689105,-20.1492143],[-54.1000434,-20.1180924],[-54.0856001,-20.1011888],[-54.0594212,-20.0876048],[-54.0543328,-20.0698101],[-53.9761344,-20.0480935],[-53.9582984,-20.0310095],[-53.9509796,-19.9984884],[-53.8955689,-19.9951508],[-53.9076594,-19.9376645],[-53.9193081,-19.9130455],[-53.9489724,-19.8698031],[-53.9482652,-19.8673923],[-53.9631081,-19.8615461],[-53.9780714,-19.8024722],[-53.9769096,-19.7857903],[-53.9919226,-19.7665561],[-53.9896174,-19.7420995],[-53.9932224,-19.7257996],[-53.9659099,-19.722494],[-53.954643,-19.7099551],[-53.9270204,-19.7144021],[-53.9043477,-19.7022435],[-53.8625875,-19.5302819],[-53.8391469,-19.5372986],[-53.7945155,-19.5813791],[-53.7826961,-19.6168757],[-53.7620228,-19.6367223],[-53.7213448,-19.6642605],[-53.7103875,-19.6812967],[-53.6485646,-19.7078205],[-53.6339546,-19.7400269],[-53.6003189,-19.7716524],[-53.5840066,-19.7708179],[-53.5507896,-19.7845747],[-53.5329153,-19.7809629],[-53.4941617,-19.794272],[-53.4712347,-19.7881352],[-53.4551503,-19.7980028],[-53.4262862,-19.7874776],[-53.4492277,-19.7468282],[-53.4674093,-19.6976714],[-53.4882768,-19.6908115],[-53.4774125,-19.6025672],[-53.5042268,-19.5684532],[-53.5041001,-19.5510669],[-53.5265369,-19.5154549],[-53.5286313,-19.4933116],[-53.5511746,-19.4617321],[-53.5716826,-19.3772422],[-53.582352,-19.3511606],[-53.6030909,-19.3289187],[-53.6069671,-19.302451],[-53.6377598,-19.2667827],[-53.6221013,-19.2549746],[-53.6089721,-19.2144048],[-53.6079427,-19.1833055],[-53.5407165,-19.1864931],[-53.5186674,-19.1810324],[-53.4870993,-19.1860676],[-53.4434269,-19.1784002],[-53.4287233,-19.1598321],[-53.4213941,-19.1118859],[-53.4039727,-19.0999493],[-53.3949035,-19.080036],[-53.3546064,-19.0628934],[-53.3396987,-19.0500962],[-53.3693373,-19.02061],[-53.4019337,-19.0063824],[-53.3869505,-18.9811463],[-53.3824253,-18.9435443],[-53.4010749,-18.9412359],[-53.4161042,-18.9127696],[-53.4365441,-18.8962283],[-53.4562128,-18.8944276],[-53.4632206,-18.8745131],[-53.4895711,-18.8497398],[-53.4885514,-18.837547],[-53.3453389,-18.775399],[-53.3771821,-18.7413519],[-53.3816904,-18.7230468],[-53.3730825,-18.6803973],[-53.4126333,-18.6543503],[-53.4331452,-18.6545586],[-53.4349445,-18.6305624],[-53.4691794,-18.6182931],[-53.4724507,-18.5774885],[-53.5005437,-18.5214605],[-53.518135,-18.5139181],[-53.5517899,-18.4742635],[-53.5664117,-18.4373204],[-53.5457409,-18.4189695],[-53.5247229,-18.4168228],[-53.4989159,-18.4013155],[-53.4877911,-18.4105344],[-53.4618056,-18.4033994],[-53.4419751,-18.3867327],[-53.4355312,-18.3825803],[-53.4488953,-18.3506228],[-53.4309878,-18.3313951],[-53.4464348,-18.3095847],[-53.4588891,-18.2813814],[-53.4569515,-18.2736328],[-53.4394762,-18.2540337],[-53.4002185,-18.2399752],[-53.3630815,-18.2563844],[-53.3474946,-18.2570197],[-53.3312898,-18.2348158],[-53.3801001,-18.2059341],[-53.3727073,-18.1993338],[-53.3577426,-18.1939951],[-53.317157,-18.2085187],[-53.3054737,-18.2035787],[-53.2652821,-18.164412],[-53.2488805,-18.1599934],[-53.2264104,-18.1349582],[-53.2242346,-18.1094552],[-53.2254701,-18.0661818],[-53.2363156,-18.05134]],[[-53.2363156,-18.05134],[-53.2415444,-18.0047098]],[[-53.2415444,-18.0047098],[-53.307573,-17.9959785],[-53.3356748,-18.0069075],[-53.3807712,-18.0087572],[-53.4057084,-17.9920489],[-53.4350488,-17.9845827],[-53.4572943,-17.999699],[-53.4601554,-18.0220326],[-53.4860712,-18.0404003],[-53.5178768,-18.0206482],[-53.5750192,-18.0126507],[-53.6069948,-17.9954897],[-53.6125462,-17.9780328],[-53.6520434,-17.9763287],[-53.6777472,-17.9897936],[-53.6927188,-18.0069201],[-53.7268023,-18.0034729],[-53.7338219,-17.9953349],[-53.7742172,-18.0007701],[-53.8086091,-17.9722466],[-53.8241628,-17.9487043],[-53.854247,-17.9258343],[-53.8769378,-17.9235289],[-53.8985506,-17.9088024],[-53.9242445,-17.9199634],[-53.9522962,-17.9146877],[-53.9477716,-17.8987829],[-53.9550243,-17.8712438],[-53.9359416,-17.8320981],[-53.910353,-17.8038856],[-53.8954943,-17.7770247],[-53.8883811,-17.7489926],[-53.8609367,-17.7207118],[-53.8546834,-17.7030036],[-53.8002416,-17.6707893],[-53.7569664,-17.6734603],[-53.739769,-17.6650093],[-53.7046075,-17.6635095],[-53.6934025,-17.5002017],[-53.6800749,-17.2535697],[-53.6984681,-17.2306558],[-53.73321,-17.2309018],[-53.7590784,-17.2431425],[-53.7857133,-17.2875151],[-53.8200727,-17.2946157],[-53.834963,-17.3357604],[-53.8332681,-17.3571102],[-53.8683836,-17.3683775],[-53.9146006,-17.4144145],[-53.9311006,-17.4394503],[-53.9730501,-17.472244],[-54.0232666,-17.4770731],[-54.0580771,-17.5131293],[-54.045908,-17.5372274],[-54.051633,-17.5627701],[-54.0732693,-17.5878013],[-54.0901945,-17.6176581],[-54.1088304,-17.6152019],[-54.1341872,-17.6187264],[-54.1620475,-17.6072396],[-54.1934133,-17.6061271],[-54.2139957,-17.6201748],[-54.2437438,-17.6289046],[-54.2745496,-17.6540482],[-54.3308523,-17.661479],[-54.3716358,-17.6450507],[-54.3877987,-17.6319367],[-54.3770818,-17.607434],[-54.3859105,-17.5814497],[-54.4059423,-17.5536054],[-54.4263032,-17.5370001],[-54.4669149,-17.5290742],[-54.484664,-17.4890941],[-54.536332,-17.4775852],[-54.5541884,-17.4886684],[-54.5816628,-17.468007],[-54.5886138,-17.4771219],[-54.6173362,-17.4904239],[-54.6647762,-17.4993347],[-54.6767534,-17.5015268],[-54.6787818,-17.5053688],[-54.6900546,-17.5031706],[-54.746913,-17.5199422],[-54.7570029,-17.5344943],[-54.762171,-17.5544161],[-54.756891,-17.5599566],[-54.8213108,-17.5973862],[-54.8250042,-17.6096759],[-54.8515863,-17.6130333],[-54.8608638,-17.6238535],[-54.8970355,-17.620346],[-54.9143075,-17.6084507],[-55.0473123,-17.640333],[-55.0726482,-17.6316326],[-55.1370875,-17.6501878]],[[-55.1370875,-17.6501878],[-55.1389964,-17.6478325]],[[-53.0734884,-18.0451427],[-53.0722775,-18.0339753]],[[-53.0722775,-18.0339753],[-53.1767934,-18.0415807],[-53.1987916,-18.0203061],[-53.2304084,-18.0116973]],[[-53.2304084,-18.0116973],[-53.2363156,-18.05134]],[[-53.6196212,-21.5671978],[-53.617369,-21.5779182]],[[-53.617369,-21.5779182],[-53.6083537,-21.5902361],[-53.6263347,-21.6131957],[-53.7335757,-21.6215031],[-53.727188,-21.6643757],[-53.7417778,-21.6841551],[-53.7323389,-21.7302932],[-53.7370633,-21.7893943],[-53.7277019,-21.8057354],[-53.7559226,-21.83384],[-53.7625361,-21.8472166],[-53.7869533,-21.8787792],[-53.7908092,-21.9079471],[-53.7927535,-21.9226521],[-53.7892115,-21.9432841],[-53.760318,-21.9604084],[-53.7537707,-21.9859748],[-53.7315383,-21.9941327],[-53.7376055,-22.0163751],[-53.7139862,-22.0229441],[-53.6866844,-22.0403252],[-53.6926575,-22.0546194],[-53.6730713,-22.0737847],[-53.663408,-22.1116755],[-53.6445212,-22.1165867],[-53.6268076,-22.1388258],[-53.5961324,-22.1477278],[-53.5939684,-22.1717337],[-53.5903376,-22.2031394],[-53.562813,-22.2315245],[-53.5744346,-22.2425493],[-53.5568309,-22.3049155],[-53.5337857,-22.3349777],[-53.5389482,-22.3749275],[-53.5143712,-22.402932],[-53.5101348,-22.4339823],[-53.4829139,-22.4553185],[-53.5184624,-22.5318283],[-53.5330183,-22.5430617]],[[-53.5330183,-22.5430617],[-53.5476183,-22.5446276],[-53.5526796,-22.5472254],[-53.5606648,-22.5563192],[-53.5627604,-22.5669724]],[[-53.5627604,-22.5669724],[-53.5605329,-22.5706384],[-53.5503941,-22.5709745],[-53.5448502,-22.5775286],[-53.5402074,-22.5792637],[-53.5334838,-22.5803454],[-53.510124,-22.5769131]],[[-53.510124,-22.5769131],[-53.4991097,-22.5871588],[-53.5004402,-22.6055266],[-53.5143607,-22.6001561],[-53.5244202,-22.6096586],[-53.5240399,-22.6147307],[-53.5125236,-22.6319003],[-53.5580854,-22.6716433],[-53.5589217,-22.6845899],[-53.5346719,-22.7206193],[-53.5189141,-22.7549169],[-53.5057199,-22.7627602],[-53.5248636,-22.7934773],[-53.5600008,-22.8103077],[-53.5683414,-22.8353119],[-53.6121834,-22.8595752],[-53.6223975,-22.9019975],[-53.6345028,-22.909952],[-53.6520762,-22.9224224],[-53.6528566,-22.939515],[-53.6564509,-22.9814197],[-53.6340024,-23.0033823]],[[-53.6340024,-23.0033823],[-53.634125,-22.9984951]],[[-53.2067208,-22.7312603],[-53.1989995,-22.7283333],[-53.1888907,-22.7219472],[-53.1809561,-22.7136303],[-53.1660298,-22.6937994]],[[-53.1051872,-22.6219296],[-53.1101115,-22.610225],[-53.108915,-22.5983165],[-53.097789,-22.5824763]],[[-51.9679033,-21.5017621],[-51.9635281,-21.4960198],[-51.9523993,-21.4736037],[-51.9444044,-21.4658415],[-51.9361268,-21.4623165]],[[-51.7756445,-21.0730936],[-51.7719774,-21.0459252]],[[-51.705683,-20.9703564],[-51.6856219,-20.9730192],[-51.6657334,-20.9705204],[-51.6548912,-20.9652618],[-51.6442757,-20.9555242]],[[-51.117583,-20.2869446],[-51.0691631,-20.2500495]],[[-51.0186551,-19.9736255],[-51.0211489,-19.9640283],[-51.0200251,-19.9563095],[-51.0116372,-19.9379301],[-51.0024986,-19.9247949]],[[-50.9349978,-19.4674775],[-50.9408855,-19.4537338]],[[-50.9408855,-19.4537338],[-50.9521315,-19.4426335],[-50.9853022,-19.4313828],[-51.0014487,-19.4153307],[-51.0189384,-19.4010838],[-51.029906,-19.3669788],[-51.0412379,-19.3582339],[-51.0652499,-19.3305782],[-51.086857,-19.3139993],[-51.1265369,-19.3032868],[-51.1432251,-19.2870724],[-51.1691682,-19.2869631],[-51.1876418,-19.2689996],[-51.2573458,-19.2664855],[-51.2759732,-19.2611265],[-51.3029987,-19.2239183],[-51.3213292,-19.2185343],[-51.3448675,-19.2139068],[-51.3639605,-19.222506],[-51.3689524,-19.2180971],[-51.3701184,-19.1995871],[-51.3926331,-19.1962778],[-51.417195,-19.1701096],[-51.4272881,-19.1651906],[-51.4585146,-19.1677776],[-51.4740732,-19.1537129],[-51.4976479,-19.1614011],[-51.5271028,-19.138922],[-51.5509349,-19.1406521],[-51.592212,-19.1267874],[-51.6084347,-19.1409997],[-51.6338214,-19.1313634],[-51.651604,-19.1359991],[-51.6599195,-19.1343787],[-51.7170503,-19.1069853],[-51.7352751,-19.0988186],[-51.7479075,-19.0909353],[-51.7910824,-19.0798312],[-51.8168818,-19.0547208],[-51.8576816,-19.0505313],[-51.8906643,-19.0177686],[-51.9067679,-18.9945819],[-51.9400077,-18.968472],[-51.9956616,-18.9742346],[-52.0344708,-18.9580622],[-52.0799944,-18.9508492],[-52.1057927,-18.9259298],[-52.105569,-18.9068189],[-52.1462319,-18.8946598],[-52.1730423,-18.8569967],[-52.1873538,-18.8458754],[-52.2505018,-18.839869],[-52.2632303,-18.8282244],[-52.2933538,-18.8292451],[-52.3051407,-18.8404398],[-52.3672295,-18.8010697],[-52.3695128,-18.7994876],[-52.370625,-18.7919308],[-52.379193,-18.7816994],[-52.4008354,-18.7586721],[-52.4100407,-18.7476259],[-52.4243518,-18.7329831],[-52.4344887,-18.7184232],[-52.4528216,-18.6906008],[-52.4574528,-18.6889285],[-52.5398643,-18.6597499],[-52.5524044,-18.6570821],[-52.5886921,-18.6879335],[-52.5983605,-18.6899236],[-52.6404504,-18.6905284],[-52.6873098,-18.6783425],[-52.7161033,-18.6914091],[-52.746015,-18.6924069],[-52.7651871,-18.6806226],[-52.7852626,-18.6815089],[-52.8091012,-18.667215],[-52.8464687,-18.666953],[-52.872214,-18.6461177],[-52.8929275,-18.6455938],[-52.9167596,-18.6402946],[-52.9176575,-18.6152409],[-52.926253,-18.6125558],[-52.9518167,-18.5766716],[-52.9623514,-18.5408197],[-52.942511,-18.5170307],[-52.9157605,-18.5089029],[-52.8990952,-18.4768327],[-52.8809573,-18.4654927],[-52.8732937,-18.4267916],[-52.8067938,-18.4176957],[-52.7588732,-18.3631404],[-52.7593196,-18.3480709],[-52.7759033,-18.3287534],[-52.814259,-18.3112978],[-52.8732067,-18.3148335],[-52.9352301,-18.2965543],[-52.9652657,-18.2989407],[-53.0048945,-18.3224661],[-53.020866,-18.3462792],[-53.0445358,-18.3439222],[-53.0699358,-18.3428798],[-53.0996557,-18.3136191],[-53.1035214,-18.291817],[-53.1101876,-18.2195633],[-53.1297381,-18.1607025],[-53.1290165,-18.1384845],[-53.14324,-18.0818367],[-53.1236517,-18.0588283],[-53.0892185,-18.0567828],[-53.0757114,-18.0507954],[-53.0734884,-18.0451427]],[[-57.5017268,-22.167181],[-57.5018107,-22.1591248],[-57.504545,-22.1580173],[-57.5089608,-22.1590704],[-57.5094395,-22.161276]],[[-57.5168337,-22.173625],[-57.4835499,-22.1922816],[-57.4448357,-22.1877668],[-57.3862672,-22.2044165],[-57.3713845,-22.2317503],[-57.3576889,-22.2264003],[-57.3158021,-22.2361892],[-57.2959932,-22.2191034],[-57.2377612,-22.2512801],[-57.2179698,-22.2410823],[-57.2032521,-22.2117245],[-57.1841904,-22.2293179],[-57.1484636,-22.2338362],[-57.1363038,-22.2262593],[-57.1086453,-22.2314046],[-57.1022908,-22.2484589],[-57.0794982,-22.2495249],[-57.0000043,-22.2229663],[-56.9874526,-22.2426378],[-56.9590973,-22.237984],[-56.9472109,-22.2561111],[-56.9157353,-22.2553976],[-56.8890809,-22.245303],[-56.8753501,-22.2635159],[-56.8798582,-22.2777037],[-56.8423859,-22.3015878],[-56.8026856,-22.2835045],[-56.8019673,-22.2490303],[-56.7724664,-22.2584168],[-56.7630014,-22.2424148],[-56.7441029,-22.2412392],[-56.7203029,-22.2566662],[-56.6824244,-22.2215012],[-56.6789775,-22.2464656],[-56.6385734,-22.2603803],[-56.6313169,-22.2454508],[-56.6055921,-22.2319817],[-56.5823173,-22.2056444],[-56.5570985,-22.1880783],[-56.5570521,-22.1690914],[-56.5226885,-22.1377567],[-56.5188509,-22.1082824],[-56.4708908,-22.0798515],[-56.4345803,-22.0849081],[-56.4022531,-22.080079],[-56.3676632,-22.1368542],[-56.3738377,-22.1499626],[-56.3218538,-22.2143943],[-56.299425,-22.2174598],[-56.26304,-22.2396433],[-56.2374592,-22.2366225],[-56.2335641,-22.2559499],[-56.2090751,-22.2782067],[-56.193285,-22.2710097],[-56.1743279,-22.2856057],[-56.1305909,-22.2842049],[-56.1245682,-22.2706425],[-56.0866096,-22.2863124],[-56.0635321,-22.2764259],[-56.0078013,-22.2926982],[-55.9799898,-22.2793142],[-55.9459982,-22.2835833],[-55.9165691,-22.2777171],[-55.901812,-22.2851819],[-55.8431265,-22.2871094],[-55.8323762,-22.3256525],[-55.8209895,-22.3451086],[-55.8008553,-22.3553042],[-55.8037116,-22.372243],[-55.7798183,-22.3843248],[-55.7487056,-22.3834175],[-55.7372206,-22.4111581],[-55.7339153,-22.4415317],[-55.7511166,-22.4746765],[-55.7472827,-22.505515],[-55.7236467,-22.5517823],[-55.698471,-22.5632723],[-55.6828835,-22.5888691],[-55.641368,-22.6127055],[-55.6251579,-22.6282529],[-55.6144219,-22.6550953],[-55.6133942,-22.717023],[-55.6201529,-22.7533634],[-55.6506364,-22.7933309],[-55.6658547,-22.8524621],[-55.6612184,-22.882188],[-55.6509664,-22.8872855],[-55.6339058,-22.991781],[-55.6393893,-23.0259092],[-55.6113185,-23.047665],[-55.6113109,-23.0768353],[-55.5958235,-23.1194677],[-55.5967818,-23.1525977],[-55.5733963,-23.1433433],[-55.5418854,-23.1561324],[-55.5430994,-23.1807879],[-55.5232812,-23.197787],[-55.5402337,-23.2208337],[-55.5372784,-23.2512624],[-55.5226578,-23.259713],[-55.5530803,-23.2795321],[-55.5559125,-23.3163231],[-55.5345664,-23.3333552],[-55.5194212,-23.3651743],[-55.5044807,-23.3784698],[-55.5155897,-23.4095754],[-55.5446944,-23.4493317],[-55.5516965,-23.4894396],[-55.5466839,-23.5226098],[-55.526527,-23.5673511],[-55.5381803,-23.5918935],[-55.5304278,-23.6278216],[-55.4746739,-23.6504699],[-55.4759663,-23.6751962],[-55.462156,-23.6839427],[-55.4634672,-23.7119674],[-55.4362574,-23.7167603],[-55.4486744,-23.7422695],[-55.4301796,-23.7901412],[-55.4538885,-23.8192704],[-55.4415458,-23.8293466],[-55.4355666,-23.8723807],[-55.4463353,-23.9169315],[-55.4278692,-23.9263193],[-55.4199855,-23.9572967],[-55.3875992,-23.9675007],[-55.3454859,-23.9945972],[-55.3177216,-23.9628938],[-55.235373,-24.006622],[-55.2069243,-24.0036025],[-55.1984203,-23.9866936],[-55.1786588,-23.9937987],[-55.1287264,-23.98373],[-55.1069709,-23.9652119],[-55.0903576,-23.9825746],[-55.0623315,-23.9932886],[-54.9985893,-23.9575893],[-54.9666801,-23.9661658],[-54.9252523,-23.9602818],[-54.9268771,-23.924814],[-54.9086879,-23.9113704],[-54.8601131,-23.9052013],[-54.8363205,-23.8839164],[-54.8143204,-23.8904277],[-54.7927967,-23.8680787],[-54.7051834,-23.8646063],[-54.6985731,-23.8419968],[-54.6686473,-23.8171906],[-54.6467748,-23.8337631],[-54.6165884,-23.8350205],[-54.6097366,-23.8513764],[-54.5814792,-23.8458011],[-54.5148814,-23.8851784],[-54.4401395,-23.9042761],[-54.4147006,-23.9581102],[-54.394308,-23.9652556],[-54.3868621,-23.9828167],[-54.351957,-24.0076726],[-54.3188541,-24.0105075],[-54.3099595,-24.0463149],[-54.293239,-24.0613569],[-54.2893306,-24.0683713],[-54.284134,-24.0675568],[-54.26894,-24.0590279]],[[-54.2171949,-24.0359906],[-54.1746867,-24.0019728],[-54.154223,-23.9922004]],[[-53.6298958,-23.0135048],[-53.6340024,-23.0033823]],[[-53.510124,-22.5769131],[-53.517717,-22.5754684],[-53.5341165,-22.5804068],[-53.5435033,-22.5781725],[-53.5509278,-22.5707193],[-53.5627604,-22.5669724]],[[-53.5627604,-22.5669724],[-53.5614428,-22.5579699],[-53.556904,-22.5512644],[-53.5501834,-22.5455227],[-53.5330183,-22.5430617]],[[-53.617369,-21.5779182],[-53.6250806,-21.5725869]],[[-55.3063858,-21.1384483],[-55.3179005,-21.127498],[-55.3208166,-21.1234691],[-55.3217082,-21.1192338],[-55.3209896,-21.1146738],[-55.3184847,-21.1109189],[-55.3142098,-21.1090886],[-55.311169,-21.1093553],[-55.3073311,-21.1051694],[-55.306845,-21.0964415]],[[-55.2791393,-21.0357356],[-55.2728798,-21.0114001],[-55.2683552,-21.0090471],[-55.2540427,-21.0156699]],[[-60.7099896,-13.687327],[-60.7046824,-13.7046713],[-60.6461545,-13.7387043],[-60.6235162,-13.7195351],[-60.6003771,-13.7489045],[-60.574761,-13.7474353],[-60.5694102,-13.7687045],[-60.5319304,-13.7715548],[-60.4984569,-13.789018],[-60.4726823,-13.7937191],[-60.4842355,-13.848864],[-60.4674284,-13.8561433],[-60.4551528,-13.8809775],[-60.450121,-13.9286386],[-60.4275955,-13.9435763],[-60.4187643,-13.9745128],[-60.3890708,-13.9788613],[-60.382096,-13.9874563],[-60.3775112,-14.011267]],[[-60.3775112,-14.011267],[-60.3387816,-14.0196818],[-60.3142663,-14.0608419],[-60.2548754,-14.0481086],[-60.2379246,-14.0367136],[-60.1678275,-14.0122202],[-60.1271275,-14.0267845],[-60.0974284,-14.0244711],[-60.0311421,-14.0354238],[-60.0005132,-14.0515952],[-59.973131,-14.0414661],[-59.950891,-14.0563005],[-59.9497813,-14.0778519],[-59.9187746,-14.0832357],[-59.902244,-14.1229589],[-59.8419451,-14.1709526],[-59.839142,-14.1448418],[-59.8251671,-14.1196744],[-59.8271816,-14.0814737],[-59.8069104,-14.0432238],[-59.749671,-14.0331757],[-59.7361172,-14.0961429],[-59.707385,-14.1104374],[-59.6660363,-14.0916778],[-59.6326144,-14.0884605],[-59.6149001,-14.0735703],[-59.5796808,-14.0569081],[-59.5357432,-14.0098504],[-59.492293,-14.0163113],[-59.4566653,-14.0419175],[-59.4129317,-14.014321],[-59.3803709,-13.9834778],[-59.3641255,-14.002469],[-59.344259,-14.0524107],[-59.3680979,-14.0922904],[-59.374747,-14.1300451],[-59.4069651,-14.1520178],[-59.405559,-14.16072],[-59.4234392,-14.2145079],[-59.4104037,-14.246306],[-59.4054666,-14.2778869],[-59.3958026,-14.2904074],[-59.3859676,-14.3315105],[-59.3674249,-14.3436179],[-59.3435381,-14.4007195],[-59.3441977,-14.4180749],[-59.3185674,-14.5016731],[-59.2994211,-14.4579351],[-59.3072413,-14.4339045],[-59.290887,-14.3894459],[-59.2555252,-14.3628598],[-59.2227542,-14.3509203],[-59.163998,-14.3489229],[-59.1442323,-14.3431307],[-59.1264322,-14.3170312],[-59.1089477,-14.3116849],[-59.0937538,-14.2883088],[-59.0955723,-14.2421387],[-59.1039719,-14.2297466],[-59.092184,-14.1926567],[-59.0671405,-14.1662899],[-59.0789202,-14.1450083],[-59.0377898,-14.0579714],[-59.0456212,-13.9999611],[-58.0840608,-13.9999858],[-58.0922941,-14.0531866],[-58.0927385,-14.1349843],[-58.1302084,-14.2005285],[-58.1446681,-14.2037836],[-58.1547353,-14.2250091],[-58.1799738,-14.2459562],[-58.1804763,-14.2584227],[-58.2180871,-14.3010205],[-58.2299093,-14.3431052],[-58.2320338,-14.385776],[-57.8352005,-14.2985058],[-57.8144079,-14.302625],[-57.7347131,-14.2916043]],[[-57.7347131,-14.2916043],[-57.7328659,-14.3034131]],[[-57.7328659,-14.3034131],[-57.7239424,-14.3030025],[-57.7125114,-14.2950302],[-57.6973867,-14.2970024],[-57.6755936,-14.2868322],[-57.6715542,-14.2696695],[-57.6570202,-14.2361806]],[[-57.6570202,-14.2361806],[-57.6305906,-14.2090578],[-57.6179105,-14.1999304],[-57.6025308,-14.1951448]],[[-57.6025308,-14.1951448],[-57.5748388,-14.1996873],[-57.5595647,-14.225577],[-57.547235,-14.2289242],[-57.5337638,-14.2214084],[-57.5018142,-14.2214633],[-57.4782624,-14.2115143],[-57.455451,-14.190166],[-57.418073,-14.1791097],[-57.4100628,-14.1630455],[-57.3770056,-14.1556265],[-57.3633163,-14.1800563],[-57.3318055,-14.1858501],[-57.3055953,-14.1731281],[-57.2380771,-14.1681357],[-57.2020252,-14.1887064],[-57.1744985,-14.1864746],[-57.1490065,-14.1643232],[-57.1179332,-14.1737586],[-57.0892213,-14.1563492],[-57.0788138,-14.1652751],[-57.0814535,-14.1888541],[-57.0636067,-14.1985256],[-57.0301505,-14.1936838],[-57.0013711,-14.1928129],[-56.934517,-14.1529319],[-56.890639,-14.1480436],[-56.7689056,-14.1507267],[-56.7259086,-14.1329973],[-56.7154147,-14.1570174],[-56.73024,-14.1705498],[-56.7065367,-14.1982736],[-56.6776763,-14.1987413],[-56.6556812,-14.2152981],[-56.6179445,-14.1997352],[-56.6045586,-14.2009935],[-56.519551,-14.2557698],[-56.5390007,-14.2629363],[-56.5434915,-14.2794971],[-56.5698272,-14.3132108],[-56.5751354,-14.3351688],[-56.5571975,-14.341603],[-56.5412834,-14.3955517],[-56.5232809,-14.4184093],[-56.4762924,-14.4504515],[-56.4298283,-14.4632369],[-56.4140207,-14.4603322],[-56.3883768,-14.4864346],[-56.3884017,-14.5204644],[-56.3955802,-14.5331314],[-56.4556744,-14.5763468],[-56.5268713,-14.6688781],[-56.4811613,-14.6666759],[-56.4626731,-14.6779178],[-56.4528403,-14.7037308],[-56.4589183,-14.7180451],[-56.447958,-14.7381403],[-56.4164702,-14.7505161],[-56.3332443,-14.7669191],[-56.318957,-14.7485483],[-56.2984104,-14.7661875],[-56.255344,-14.7342772],[-56.260935,-14.7170744],[-56.2497659,-14.6968678],[-56.2050066,-14.6679007],[-56.1716925,-14.6789112],[-56.1623913,-14.6605277],[-56.1379834,-14.6522047],[-56.12182,-14.6622107],[-56.1023337,-14.6961408],[-56.0284315,-14.6811485],[-56.0225157,-14.6687626],[-55.9944558,-14.6786453],[-55.9729061,-14.6753286],[-55.9301105,-14.6830855],[-55.8561406,-14.6560366],[-55.8371509,-14.6277716],[-55.8340853,-14.5998336],[-55.8498304,-14.581278],[-55.8438532,-14.5649836],[-55.8559652,-14.5517569],[-55.8372132,-14.5235664],[-55.7986446,-14.5061487],[-55.7706641,-14.5013657],[-55.7423682,-14.480585],[-55.7281844,-14.4586617],[-55.6948963,-14.4748096],[-55.6617086,-14.4421239],[-55.6350835,-14.4515201],[-55.6242942,-14.4384312],[-55.571791,-14.4262853],[-55.5685331,-14.4145979],[-55.5353003,-14.4071926],[-55.4984426,-14.3656978],[-55.4794389,-14.353845],[-55.4590783,-14.3578521],[-55.4364674,-14.3508443],[-55.4297949,-14.3202786],[-55.4062356,-14.336376],[-55.3653666,-14.3390909],[-55.3601249,-14.3266897],[-55.3283609,-14.3229384],[-55.298912,-14.2945343],[-55.2377947,-14.2928979],[-55.22209,-14.2885837],[-55.2141498,-14.2623357],[-55.2266293,-14.2385078],[-55.2008549,-14.2178042],[-55.1869855,-14.2232811],[-55.1626968,-14.2109899],[-55.1422303,-14.2216211],[-55.1188375,-14.2032846],[-55.0929608,-14.2143797],[-55.0693355,-14.2047945],[-55.0392356,-14.2298882],[-55.0264344,-14.2487529],[-54.9841309,-14.2241378],[-54.9687223,-14.2244395],[-54.9395425,-14.2405295],[-54.9212844,-14.2376421],[-54.8983505,-14.2196897],[-54.8759477,-14.2168071],[-54.8505327,-14.2291538],[-54.8432003,-14.2591428],[-54.8259772,-14.2535109],[-54.8137822,-14.26081],[-54.808864,-14.2648458],[-54.8111168,-14.2781446],[-54.8371081,-14.3197386],[-54.8435854,-14.3263867],[-54.8583962,-14.3311553],[-54.8554924,-14.338125],[-54.8586664,-14.3483744],[-54.8711979,-14.3849987],[-54.8922133,-14.3977469],[-54.8978684,-14.4020369],[-54.8981657,-14.3949646],[-54.9164649,-14.4093105],[-54.9238564,-14.4131832],[-54.9564402,-14.4347679],[-54.959903,-14.4356828],[-54.9775728,-14.4398923],[-54.9892826,-14.4419492],[-55.0006657,-14.4503243],[-55.0441196,-14.4429897],[-55.0931506,-14.4294005],[-55.1185939,-14.4536996],[-55.1145198,-14.4727183],[-55.1224076,-14.5091872],[-55.1371202,-14.5243841],[-55.1667735,-14.4955452],[-55.1908856,-14.4940603],[-55.2165651,-14.5092888],[-55.2047344,-14.5243576],[-55.2069674,-14.5503993],[-55.2317264,-14.5619687],[-55.2744126,-14.6146679],[-55.30958,-14.5968974],[-55.3557263,-14.5623424],[-55.3821894,-14.5516427],[-55.3981193,-14.5556559],[-55.3920396,-14.6024888],[-55.4001152,-14.6285189],[-55.4334956,-14.6441135],[-55.4396737,-14.6594281],[-55.4664309,-14.6639753],[-55.4774008,-14.6957156],[-55.5223822,-14.7565223],[-55.6016213,-14.7850026],[-55.6031355,-14.787976],[-55.6021393,-14.7899721],[-55.6071083,-14.7923675],[-55.636574,-14.8041801],[-55.6424572,-14.8130119],[-55.643344,-14.8179575],[-55.6471589,-14.8198719],[-55.650631,-14.8229493],[-55.6527207,-14.8241283],[-55.6310792,-14.8357645],[-55.5956362,-14.8421348],[-55.576902,-14.8719545],[-55.5515721,-14.8575334],[-55.4928304,-14.8786039],[-55.4565475,-14.8652753],[-55.4171529,-14.8438048],[-55.3777136,-14.8350329],[-55.3556682,-14.8201438],[-55.3334509,-14.8456058],[-55.3103059,-14.8098701],[-55.2877027,-14.8137974],[-55.2848472,-14.8076357],[-55.2527102,-14.81024],[-55.2263601,-14.8226221],[-55.2162769,-14.8243131],[-55.1937184,-14.8080685],[-55.1898468,-14.804739],[-55.1761998,-14.7956877],[-55.1619742,-14.7910502],[-55.1597137,-14.7870794],[-55.1514991,-14.7878561],[-55.1591482,-14.7929523],[-55.1571488,-14.7946498],[-55.1565319,-14.7998781],[-55.1433286,-14.8110499],[-55.1429492,-14.8161487],[-55.1519355,-14.8378043],[-55.1433423,-14.9007615],[-55.1152863,-14.9340345],[-55.1078128,-14.9665391],[-55.1313562,-14.9692423],[-55.1810799,-15.0169816],[-55.1698389,-15.0945889],[-55.1574996,-15.1165628],[-55.1099373,-15.1092841]],[[-55.1099373,-15.1092841],[-55.0961773,-15.1045927]],[[-55.0961773,-15.1045927],[-55.078907,-15.0957306],[-55.0581767,-15.0989707],[-55.0172569,-15.0836919],[-54.9967981,-15.0836671],[-54.9457837,-15.0708311],[-54.9152561,-15.0687444],[-54.8443184,-15.0668779],[-54.7364385,-14.9707565],[-54.6974313,-14.9530573],[-54.6563261,-14.917024],[-54.5851384,-14.8950132],[-54.5400441,-14.8856899]],[[-54.5400441,-14.8856899],[-54.5234984,-14.8823838],[-54.4983143,-14.8631027]],[[-54.4983143,-14.8631027],[-54.4966117,-14.8418427],[-54.5147221,-14.7927959],[-54.476642,-14.7729974],[-54.4303138,-14.7601096],[-54.3987164,-14.7632093],[-54.3415173,-14.7346141],[-54.2900979,-14.7169415],[-54.2441276,-14.7065108],[-54.1965295,-14.6849604],[-54.1837674,-14.6525435],[-54.1446191,-14.644166],[-54.1336486,-14.6279038],[-54.1099517,-14.6156406],[-54.0959189,-14.6206439],[-54.0310916,-14.6051046],[-54.0157682,-14.613043],[-53.9897011,-14.6113425],[-53.973578,-14.6084894],[-53.960548,-14.6038609],[-53.9474957,-14.611415],[-53.9415783,-14.6168192],[-53.9203242,-14.6343835],[-53.8697886,-14.6200504],[-53.8317235,-14.6169138],[-53.7977008,-14.6285021],[-53.7956555,-14.6302901],[-53.7896962,-14.6331736],[-53.7828161,-14.6331141],[-53.7828584,-14.6342149]],[[-53.7828584,-14.6342149],[-53.7726598,-14.634324]],[[-53.7726598,-14.634324],[-53.7544331,-14.6261205],[-53.7499974,-14.6249145],[-53.7457621,-14.6223703],[-53.7215616,-14.6124679],[-53.6975708,-14.5753923],[-53.6370017,-14.5672894],[-53.5970906,-14.5572779],[-53.5574374,-14.5201757],[-53.5605715,-14.5006157],[-53.5319296,-14.461594],[-53.5168025,-14.4596559],[-53.457282,-14.3913401],[-53.4556924,-14.3866162],[-53.4552572,-14.3807154],[-53.4546202,-14.3735114],[-53.4516241,-14.3528494],[-53.4632839,-14.3152064],[-53.4540646,-14.2889968],[-53.4551942,-14.264748],[-53.4195002,-14.2299127],[-53.4004123,-14.1829495],[-53.3762363,-14.1655235],[-53.3644341,-14.1363569],[-53.3657872,-14.0664759],[-53.3589812,-14.0270484],[-53.352785,-14.0210978],[-53.3461176,-14.001963],[-53.327226,-14.003364],[-53.3162124,-13.96008],[-53.2996764,-13.9486949],[-53.2850675,-13.9093671],[-53.2632712,-13.885357],[-53.2571671,-13.8717931],[-53.2564192,-13.8516896],[-53.2512958,-13.8294004],[-53.2504098,-13.8190331],[-53.2489569,-13.8022193],[-53.2264573,-13.785876],[-53.2170745,-13.7560434],[-53.1958489,-13.7390726],[-53.1784401,-13.7145282],[-53.1650445,-13.7079563],[-53.164352,-13.6958609],[-53.1426771,-13.6751295],[-53.1332991,-13.6520652],[-53.1199947,-13.6486492],[-53.0812428,-13.612965],[-53.0871146,-13.5921768],[-53.0746418,-13.560289],[-53.0880119,-13.536692],[-53.0895281,-13.5153708],[-53.0691858,-13.4710249],[-53.0680984,-13.445786],[-53.0488447,-13.4371324],[-53.0263017,-13.3830065],[-53.0263614,-13.3616381],[-53.0063687,-13.3422992],[-53.0092551,-13.3196252],[-52.9912888,-13.3066775],[-52.9643081,-13.2701333],[-52.9627558,-13.217188],[-52.9277635,-13.2009803],[-52.9152454,-13.1639637],[-52.9121537,-13.1580499],[-52.9019124,-13.158425],[-52.8992287,-13.1630028],[-52.8994869,-13.1264747],[-52.8835095,-13.0620852],[-52.8639078,-13.0273278],[-52.8734239,-13.0178029],[-52.8794123,-12.9869833],[-52.8558835,-12.9647835],[-52.8354255,-12.9271622],[-52.8240813,-12.8781335],[-52.8132786,-12.8717089],[-52.8130747,-12.8502945],[-52.8347175,-12.8363501],[-52.8498183,-12.8093625],[-52.8949048,-12.7845778],[-52.8912257,-12.7736562],[-52.9114313,-12.7531297],[-52.8899971,-12.7396143],[-52.9022752,-12.7294683],[-52.9244327,-12.7452299],[-52.9351397,-12.6939305],[-52.9475843,-12.6662692],[-52.9603501,-12.6709925],[-52.9607189,-12.6601302],[-52.9459543,-12.6536581],[-52.9379117,-12.6273413],[-52.9201729,-12.6214997],[-52.9248666,-12.6028342],[-52.9440865,-12.5852486],[-52.96768,-12.5859061],[-52.96573,-12.5565275],[-52.9857924,-12.5293806],[-53.0248139,-12.509274],[-53.0353995,-12.4857138],[-53.0742359,-12.4647063],[-53.1043091,-12.4356863],[-53.1089954,-12.3857354],[-53.114624,-12.3703348],[-53.1219337,-12.3594416],[-53.1366816,-12.3492432],[-53.1483862,-12.3211632],[-53.162168,-12.325332],[-53.1909024,-12.3079524],[-53.1921159,-12.2844148],[-53.1880899,-12.2754205],[-53.2126459,-12.2699953],[-53.245197,-12.2550404],[-53.2611512,-12.2280573],[-53.2812382,-12.2253687],[-53.2880672,-12.2306987],[-53.306765,-12.2292091],[-53.3093282,-12.2199854],[-53.3180013,-12.1952866],[-53.3017258,-12.171373],[-53.3096137,-12.1553473],[-53.3320639,-12.1515283],[-53.3437352,-12.1322904],[-53.3414866,-12.1001676],[-53.3588376,-12.0855363],[-53.3605736,-12.0529179],[-53.3796569,-12.0500625],[-53.3845824,-12.0290995],[-53.3945048,-12.0154652],[-53.4374124,-11.9936767],[-53.4476441,-11.978359],[-53.4806591,-11.9807979],[-53.4872918,-11.9494188],[-53.5061116,-11.9489881],[-53.5482281,-11.9359011],[-53.5479584,-11.9219336],[-53.5711581,-11.8948078],[-53.5880761,-11.8591753],[-53.5872909,-11.8254822],[-53.601639,-11.7867921],[-53.6084145,-11.7436783],[-53.5692391,-11.6514234],[-53.5715766,-11.6159046],[-53.5406459,-11.5981879],[-53.5465297,-11.5729375],[-53.516909,-11.5444645],[-53.5044166,-11.5242904],[-53.4755659,-11.5179148],[-53.4695244,-11.5004242],[-53.4419197,-11.4646278],[-53.439253,-11.4315899],[-53.4279727,-11.4249233],[-53.4003843,-11.4359036],[-53.388065,-11.4210991],[-53.3782662,-11.3913148],[-53.3667587,-11.3829435],[-53.3024333,-11.3133408],[-53.2907535,-11.3022161],[-53.2800562,-11.281094],[-53.2511735,-11.2638524],[-53.2601329,-11.2439266]],[[-53.2601329,-11.2439266],[-53.2619606,-11.2362464],[-53.2604478,-11.2289643],[-53.2401652,-11.2017417]],[[-53.2401652,-11.2017417],[-53.2404811,-11.1810237],[-53.2420823,-11.1479671],[-53.2640104,-11.1112277],[-53.2669793,-11.0908152],[-53.2852427,-11.0826916],[-53.2854889,-11.03797],[-53.3158942,-11.000419],[-53.3181399,-10.9582388],[-53.2989329,-10.9294649],[-53.2379641,-10.8714107],[-53.1941913,-10.8579199],[-53.1631302,-10.8588853],[-53.1294095,-10.8464486],[-53.1228644,-10.8178712],[-53.0991334,-10.7871158],[-53.0981816,-10.7536249],[-53.0831811,-10.7034917],[-53.0949321,-10.6863405],[-53.091864,-10.6470541],[-53.0524024,-10.6096192],[-53.0532993,-10.5859077],[-53.0879261,-10.5658373],[-53.0826352,-10.5454604],[-53.083007,-10.4997573],[-53.0670081,-10.4607967],[-53.0610908,-10.4183402],[-53.0459411,-10.3641773],[-53.02144,-10.3228289],[-52.9857867,-10.3165747],[-52.9589262,-10.302457],[-52.9542521,-10.2735988],[-52.9712608,-10.2545634],[-52.9788691,-10.224709],[-52.9784976,-10.1758236],[-52.998474,-10.1548826],[-53.0033357,-10.132992],[-52.9913551,-10.1082386],[-52.9957061,-10.0843545],[-52.9917036,-10.0709605],[-52.955824,-10.0426293],[-52.9433874,-10.026122]],[[-52.9433874,-10.026122],[-52.9191502,-10.0037089],[-52.9125115,-9.9999255],[-52.8998051,-9.9967846]],[[-52.8998051,-9.9967846],[-52.8879081,-9.9572644],[-52.8689137,-9.9488484],[-52.8584307,-9.9198078],[-52.8241662,-9.9052677],[-52.7987392,-9.8803559],[-52.7760016,-9.8325203],[-52.7334881,-9.8043032],[-52.7138368,-9.8064452],[-52.6868265,-9.7904741],[-52.6570239,-9.7819381],[-52.6301239,-9.7309939],[-52.6312911,-9.6974757],[-52.6218877,-9.6828053]],[[-52.6218877,-9.6828053],[-53.0004717,-9.6552689],[-54.1066155,-9.5719207]],[[-57.6678008,-8.3639381],[-57.6764036,-8.340972],[-57.6802225,-8.3269407],[-57.6790853,-8.3153258],[-57.6742261,-8.3062113],[-57.6648349,-8.2948832]],[[-57.6648349,-8.2948832],[-57.6630828,-8.2685022],[-57.6590571,-8.2581775],[-57.6439678,-8.2310878]],[[-57.8829998,-7.7467218],[-57.896749,-7.6778845],[-57.901446,-7.6683322],[-57.909393,-7.6610528]],[[-58.1384405,-7.3490342],[-58.1369999,-7.3564081],[-58.1407241,-7.3633998]],[[-53.2401652,-11.2017417],[-53.2448425,-11.2110901],[-53.2567441,-11.2242542],[-53.2615516,-11.2322035],[-53.2601329,-11.2439266]],[[-53.7726598,-14.634324],[-53.7771607,-14.6351969]],[[-53.7771607,-14.6351969],[-53.7950031,-14.6711258],[-53.8221261,-14.6733519],[-53.8617809,-14.7032869],[-53.8680108,-14.7212032],[-53.8878289,-14.7255421],[-53.9110086,-14.746618],[-53.9838207,-14.7714194],[-53.9900269,-14.784583],[-54.0179274,-14.7924785],[-54.0425459,-14.8191791],[-54.0757109,-14.8281522],[-54.0927306,-14.8250094],[-54.0829862,-14.8694334],[-54.0265644,-14.8982111],[-53.971766,-14.9736073],[-53.9329082,-14.9908686],[-53.9473099,-15.0387838],[-53.9464024,-15.0731905],[-53.9248337,-15.0831424],[-53.9384145,-15.1005859],[-53.94027,-15.1668579],[-53.9272311,-15.1827648],[-53.9494035,-15.2347901],[-53.9102061,-15.2447521],[-53.888999,-15.2584852],[-53.8749579,-15.2488789],[-53.8220567,-15.2615814],[-53.7872011,-15.2921515],[-53.7843317,-15.3074377],[-53.7329745,-15.3432908],[-53.6566178,-15.3422116],[-53.6300905,-15.3572344],[-53.6074924,-15.3488469],[-53.5500625,-15.3762813],[-53.5318833,-15.3652882],[-53.5084062,-15.3821021],[-53.4856307,-15.3819538],[-53.4797634,-15.3677682],[-53.4209188,-15.3455547],[-53.3970269,-15.3476799],[-53.3807551,-15.3742267],[-53.3230621,-15.3667153],[-53.3130044,-15.3359518],[-53.2952578,-15.3210387],[-53.2680234,-15.3409931],[-53.2669981,-15.3516132],[-53.2206833,-15.3993094],[-53.2033771,-15.4338119],[-53.1722127,-15.4348725],[-53.1658505,-15.4448605],[-53.1596949,-15.4931646],[-53.1358032,-15.5048945],[-53.1253364,-15.5201263],[-53.1367657,-15.5379058],[-53.1219732,-15.5550262],[-53.0735737,-15.5467181],[-53.0438195,-15.5590621],[-53.0185678,-15.5402966],[-53.01538,-15.5242792],[-52.992614,-15.5174751],[-52.952522,-15.5223376],[-52.8917264,-15.5094982],[-52.850959,-15.4829579],[-52.8301325,-15.4597658],[-52.8087067,-15.4518852],[-52.7516777,-15.4792718],[-52.7276268,-15.4786371],[-52.7133037,-15.5146449],[-52.7031692,-15.5558826],[-52.7085073,-15.5637429],[-52.7343559,-15.5823596],[-52.7542745,-15.6143561],[-52.7648486,-15.6268896],[-52.759581,-15.6397564],[-52.7686302,-15.6474658],[-52.7681406,-15.6628235],[-52.7659759,-15.6812842],[-52.7518732,-15.689535],[-52.7521297,-15.6970567],[-52.744636,-15.7056352],[-52.754427,-15.7136302],[-52.7368748,-15.7238431],[-52.7213672,-15.7417703],[-52.6920091,-15.7196455],[-52.6678055,-15.7278769],[-52.6161337,-15.7714267],[-52.6076699,-15.7991862],[-52.5671463,-15.8303449],[-52.5447892,-15.8420129],[-52.5095728,-15.8562091],[-52.5039371,-15.8632713],[-52.4170932,-15.8797963],[-52.3871084,-15.8833516],[-52.3669308,-15.8906536],[-52.3247564,-15.9056975],[-52.2990733,-15.9117081],[-52.2681228,-15.8981215],[-52.2599012,-15.9041304]],[[-52.2599012,-15.9041304],[-52.2572481,-15.8953101],[-52.2479693,-15.8901847]],[[-52.2479693,-15.8901847],[-52.2159323,-15.8915822],[-52.1992861,-15.8827063],[-52.1751265,-15.8880196],[-52.1313821,-15.8954985],[-52.1096389,-15.882653],[-52.0733217,-15.8816546],[-52.0386521,-15.8861359],[-52.0275745,-15.8882617],[-52.0054027,-15.879431],[-51.9813041,-15.8425042],[-51.9531249,-15.8344788],[-51.9484549,-15.8100984],[-51.9129113,-15.8132336],[-51.8874443,-15.8318088],[-51.879841,-15.8229438]],[[-51.879841,-15.8229438],[-51.878179,-15.8090154],[-51.8750577,-15.8000421],[-51.8624831,-15.7911908]],[[-51.8624831,-15.7911908],[-51.8592473,-15.7874643]],[[-51.8592473,-15.7874643],[-51.8391108,-15.7503701],[-51.8261465,-15.7339027],[-51.820131,-15.7301525],[-51.8051451,-15.7257712]],[[-51.8051451,-15.7257712],[-51.8057386,-15.7112483],[-51.7571321,-15.6334465],[-51.7616464,-15.596838],[-51.7702604,-15.5736429],[-51.7798514,-15.5554215],[-51.7751308,-15.5322678],[-51.760886,-15.5300637],[-51.7556134,-15.5574154],[-51.7393436,-15.5592768],[-51.7255764,-15.544129],[-51.7371803,-15.5267965],[-51.7285664,-15.5018063],[-51.7057302,-15.4975624],[-51.7000568,-15.4740008],[-51.7094595,-15.4594918],[-51.6912771,-15.4258682],[-51.6972226,-15.4091862],[-51.669531,-15.374421],[-51.6873706,-15.3468505],[-51.6914677,-15.3249149],[-51.6797381,-15.290064],[-51.6506993,-15.2730935],[-51.668793,-15.2546151],[-51.6681964,-15.2321668],[-51.6507182,-15.2033039],[-51.649292,-15.174675],[-51.6061345,-15.162297],[-51.5640798,-15.1086091],[-51.5468907,-15.1004651],[-51.5341081,-15.0652022],[-51.4620029,-15.0479797],[-51.4441342,-15.0345996],[-51.4269632,-15.0076659],[-51.4017387,-15.0028534],[-51.3769297,-15.0102626],[-51.3595787,-15.0023992],[-51.3355323,-14.9717535],[-51.3070507,-14.9809707],[-51.295042,-15.0302486],[-51.2676087,-15.044413],[-51.2190088,-15.0247016],[-51.1983989,-15.0027752],[-51.15705,-14.985611],[-51.1449181,-14.9434106],[-51.0871098,-14.9213487],[-51.0855193,-14.9035588],[-51.0930003,-14.8935438],[-51.0896375,-14.8401805],[-51.0707095,-14.8099634],[-51.0448213,-14.7928386],[-51.0566607,-14.7612964],[-51.0531885,-14.7388819],[-51.029233,-14.7074084],[-51.0266586,-14.6593581],[-51.0100072,-14.6457339],[-50.9928355,-14.6124579],[-50.9962494,-14.5746109],[-50.9642292,-14.5282977],[-50.973025,-14.4976842],[-50.9680137,-14.4819971],[-50.9889651,-14.4535716],[-50.9849149,-14.4319171],[-50.9978306,-14.4156747],[-50.9844832,-14.3764446],[-50.9882005,-14.3599682],[-50.9693146,-14.3358323],[-50.9781733,-14.2972436],[-50.9548889,-14.2332145],[-50.9402094,-14.2184689],[-50.9100275,-14.148419],[-50.8951037,-14.1308696],[-50.8711194,-14.11793],[-50.8518089,-14.1176257],[-50.8348823,-14.0946837],[-50.8329111,-14.0708596],[-50.8550439,-14.0258773],[-50.8471508,-13.9997948],[-50.8663329,-13.979648],[-50.8626275,-13.9540243],[-50.8402336,-13.9236819],[-50.8406443,-13.8637887],[-50.8590855,-13.8287048],[-50.8543701,-13.7997614],[-50.8583114,-13.7536609],[-50.8721273,-13.7399011],[-50.8690193,-13.7248042],[-50.8297337,-13.7098143],[-50.8062258,-13.6938146],[-50.786569,-13.6466268],[-50.7836065,-13.6203941],[-50.7715851,-13.6045005],[-50.7683782,-13.5608543],[-50.7589998,-13.5203153],[-50.7148156,-13.4914731],[-50.6940354,-13.4695508],[-50.6835249,-13.445191],[-50.6639456,-13.4349565],[-50.6696223,-13.3976196],[-50.6653237,-13.3755658],[-50.6464959,-13.3619688],[-50.6085957,-13.3175954],[-50.6066294,-13.2789389],[-50.592727,-13.2605582],[-50.5841755,-13.2176963],[-50.6059358,-13.1875102],[-50.5936237,-13.1636575],[-50.5995303,-13.1360913],[-50.5945502,-13.096701],[-50.6103187,-13.0647588],[-50.6064732,-13.0540029],[-50.5763134,-13.0541372],[-50.5690214,-13.0424957],[-50.5935939,-13.0072101],[-50.548804,-12.9928203],[-50.5376929,-12.9774134]],[[-50.5376929,-12.9774134],[-50.5237278,-12.9711832],[-50.5276,-12.9506553]],[[-50.5276,-12.9506553],[-50.5134792,-12.9128663],[-50.510974,-12.8867658],[-50.4998954,-12.8678115]],[[-50.4998954,-12.8678115],[-50.5105498,-12.8615562],[-50.5125394,-12.8590585]],[[-50.5669545,-12.8434234],[-50.5916229,-12.8307385],[-50.6005434,-12.8244273],[-50.6014824,-12.8209811],[-50.5995372,-12.8175175],[-50.5948447,-12.814227]],[[-51.3042873,-9.77286],[-52.6218877,-9.6828053]],[[-52.8998051,-9.9967846],[-52.915581,-10.0014246],[-52.9232904,-10.0072067],[-52.9433874,-10.026122]],[[-60.3775112,-14.011267],[-60.383055,-13.9926418],[-60.4032362,-13.9998022],[-60.4060405,-14.030345],[-60.4261176,-14.0489176],[-60.447631,-14.0856296],[-60.4791528,-14.0954326],[-60.482542,-14.1348699],[-60.4752133,-14.1602975],[-60.4915995,-14.1900373],[-60.4716796,-14.192731],[-60.4649069,-14.234041],[-60.4497391,-14.2510968],[-60.4652368,-14.264411],[-60.4531588,-14.3143463],[-60.4341798,-14.3358082],[-60.3954848,-14.3643105],[-60.4038727,-14.401021],[-60.3983763,-14.4257898],[-60.3831221,-14.4418251],[-60.3789319,-14.4637191],[-60.3381787,-14.5118859],[-60.3240992,-14.6021033],[-60.2930458,-14.625271],[-60.272148,-14.6202922],[-60.2443214,-15.096806],[-60.5010196,-15.0962195],[-60.5650189,-15.1086836],[-60.5004328,-15.1797951],[-60.2386048,-15.4738516],[-60.1717171,-16.2661061],[-59.5002041,-16.2784608],[-58.7861909,-16.3068836]],[[-58.7861909,-16.3068836],[-58.7944015,-16.292349],[-58.7961365,-16.2505796],[-58.7715167,-16.214824],[-58.7624176,-16.1743385],[-58.7144341,-16.1409254],[-58.7037806,-16.0925277],[-58.6861984,-16.0719774],[-58.6936359,-16.0367068],[-58.6757166,-16.0149695],[-58.6391017,-16.0038314],[-58.63099,-15.9810376],[-58.5970394,-15.963631],[-58.5817426,-15.9424907],[-58.5571152,-15.9501049],[-58.4983425,-15.940825],[-58.4856719,-15.9299985],[-58.4531327,-15.9214324],[-58.4107783,-15.8905589],[-58.3750662,-15.8873341],[-58.3493711,-15.9146061],[-58.3069562,-15.9232049],[-58.2886168,-15.9514097],[-58.2968147,-15.9929633],[-58.2362123,-16.0355352],[-58.1705243,-16.0456871],[-58.1518844,-16.0445588],[-58.16234,-16.0032502],[-58.1581371,-15.9781988],[-58.1731964,-15.9316891],[-58.1720099,-15.9064141],[-58.1550737,-15.8645006],[-58.1321063,-15.8473229],[-58.1092885,-15.8438282],[-58.0921299,-15.8202625],[-58.068174,-15.8296166],[-58.0401504,-15.8208795],[-58.0013899,-15.8235249],[-57.9791159,-15.8125079],[-57.9436565,-15.8209941],[-57.9344083,-15.7984635],[-57.9667933,-15.7711616],[-57.9768715,-15.7738848],[-57.9659591,-15.7143292],[-57.9340618,-15.7163389],[-57.9217194,-15.7313145],[-57.882319,-15.7424127],[-57.879032,-15.7195099],[-57.8999086,-15.6825881],[-57.8940345,-15.6640597],[-57.904144,-15.6504673],[-57.955127,-15.6255606],[-57.9879194,-15.6038373],[-57.9906611,-15.5617036],[-57.9585328,-15.5288141],[-57.9427173,-15.5482065],[-57.9207894,-15.5558502],[-57.9029431,-15.5410588],[-57.9164121,-15.5142264],[-57.9126074,-15.4869392],[-57.8745468,-15.4839462],[-57.832036,-15.5108606],[-57.8427387,-15.5413874],[-57.8297208,-15.5568015],[-57.8137717,-15.6109182],[-57.7958448,-15.6172452],[-57.7831431,-15.6391966],[-57.8019665,-15.6503704],[-57.8084259,-15.6715004],[-57.8089154,-15.7525327],[-57.7990262,-15.7586966],[-57.7603564,-15.6802212],[-57.742488,-15.7096284],[-57.722205,-15.7271166],[-57.6993145,-15.7127168],[-57.712819,-15.6469122],[-57.6970019,-15.6023934],[-57.7028327,-15.5775187],[-57.69529,-15.5491436],[-57.7069318,-15.5162937],[-57.7008646,-15.4789882],[-57.7122475,-15.4545028],[-57.508048,-15.510007],[-57.4852908,-15.5709419],[-57.4988617,-15.6267868],[-57.4927729,-15.6747848],[-57.510754,-15.6958026],[-57.5201544,-15.7455333],[-57.4884318,-15.7454834],[-57.4504227,-15.7548159],[-57.4199,-15.7367116],[-57.4061961,-15.7195305],[-57.3784154,-15.7137781],[-57.3444384,-15.7304528],[-57.321438,-15.7511585],[-57.3072901,-15.778485],[-57.3122195,-15.8100428],[-57.2719947,-15.8332553],[-57.2511895,-15.7948108],[-57.2249568,-15.7905895],[-57.2233554,-15.810714],[-57.1957641,-15.795823],[-57.176991,-15.7753739],[-57.1759993,-15.747693],[-57.1139779,-15.6540341],[-57.1237811,-15.6408724],[-57.0880376,-15.5744317],[-57.0687607,-15.5704233],[-57.0618768,-15.5366695],[-57.0416072,-15.5257122],[-57.0155135,-15.486578],[-56.9972863,-15.4695436],[-56.9702224,-15.4665057],[-56.9566691,-15.4558843],[-56.9837003,-15.4356458],[-56.9904744,-15.4088036],[-56.9722269,-15.3671549],[-56.8593771,-15.2129016],[-56.8299581,-15.1869399],[-56.8138948,-15.1595829],[-56.8218346,-15.13948],[-56.8056644,-15.1060763],[-56.8363834,-15.0748271],[-56.8561437,-15.0415454],[-56.8585243,-15.0135915],[-56.8815765,-14.9988445],[-56.8978079,-15.0155785],[-56.9234029,-15.0095878],[-56.9547484,-15.0288215],[-56.9865447,-14.9975329],[-56.958705,-14.994512],[-56.9593945,-14.9720182],[-56.9316164,-14.9600842],[-56.9203353,-14.9249183],[-56.8897892,-14.9118313],[-56.8807432,-14.8759484],[-56.8688792,-14.8713803],[-56.8564235,-14.8266252],[-56.8439815,-14.809446],[-56.8252222,-14.8032562],[-56.8126455,-14.7775843],[-56.7819957,-14.7412069],[-56.7613721,-14.7403985],[-56.7590508,-14.6985061],[-56.7222765,-14.6833171],[-56.7187472,-14.6795475],[-56.7290053,-14.656391],[-56.7226606,-14.6511125],[-56.906676,-14.5918042],[-56.9207067,-14.5719898],[-56.9119019,-14.5480626],[-56.9497076,-14.5029943],[-56.9635806,-14.5033071],[-57.0079354,-14.5298824],[-57.029489,-14.5140977],[-57.0730268,-14.5194036],[-57.1025399,-14.533568],[-57.1033888,-14.5613666],[-57.146142,-14.561396],[-57.153483,-14.5458574],[-57.1758634,-14.5405674],[-57.1966041,-14.5485958],[-57.2293435,-14.5396],[-57.2427878,-14.5499632],[-57.2831969,-14.5560014],[-57.3291031,-14.5271845],[-57.3296702,-14.4964645],[-57.3436329,-14.4821527],[-57.3727315,-14.5044921],[-57.4082597,-14.4852595],[-57.4279778,-14.4924224],[-57.4415507,-14.4567626],[-57.4601329,-14.4398172],[-57.4842886,-14.4507514],[-57.5041653,-14.439765],[-57.5256576,-14.4666841],[-57.5460327,-14.469923],[-57.5961603,-14.5060232],[-57.6191152,-14.5356883],[-57.647295,-14.5515234],[-57.6723969,-14.5532499],[-57.701357,-14.5033969],[-57.7134454,-14.4910773]],[[-57.7134454,-14.4910773],[-57.6990492,-14.4563275],[-57.6998413,-14.441259],[-57.7036736,-14.4266259]],[[-57.7036736,-14.4266259],[-57.7198226,-14.3753722]],[[-57.7198226,-14.3753722],[-57.7347131,-14.2916043]],[[-57.7036736,-14.4266259],[-57.7015015,-14.4321251],[-57.6989725,-14.4484225],[-57.6998869,-14.4588432],[-57.7134454,-14.4910773]],[[-58.7861909,-16.3068836],[-58.4304714,-16.321295],[-58.3941679,-16.2967772],[-58.388701,-16.2610025],[-58.3657234,-16.2733408],[-58.3284134,-16.2704522],[-58.3031109,-16.3076866],[-58.3071421,-16.37019],[-58.3447791,-16.4001511],[-58.3561672,-16.4263463],[-58.3337504,-16.4900151],[-58.3438582,-16.5177267],[-58.3860655,-16.5435927],[-58.3938376,-16.5628727],[-58.4213356,-16.5735517],[-58.4360882,-16.5923583],[-58.4631091,-16.6522195],[-58.4734442,-16.7451697],[-58.466673,-16.7568816],[-58.4760304,-16.8274445],[-58.4618988,-16.8410824],[-58.4669236,-16.9110622],[-58.474419,-16.9349574],[-58.456752,-16.9399572],[-58.4609536,-16.964724],[-58.4315048,-16.9908198],[-58.4305889,-17.0722635],[-58.4235325,-17.1132338],[-58.3958657,-17.1046488],[-58.3872829,-17.11886],[-58.3975624,-17.136756],[-58.3970015,-17.1815511],[-58.3696428,-17.2003801],[-58.3460059,-17.2327389],[-58.3034755,-17.2702707],[-58.2782571,-17.2991959],[-58.2765591,-17.323738],[-58.2635877,-17.344677],[-58.1951426,-17.3689577],[-58.1980576,-17.3861164],[-58.1772016,-17.3915664],[-58.1531693,-17.3836439],[-58.1454784,-17.4136682],[-58.1228699,-17.4146831],[-58.1183906,-17.4503746],[-58.0892817,-17.461136],[-58.0601442,-17.450721],[-58.0495309,-17.4630302],[-58.0433869,-17.4926684],[-58.0232231,-17.4943845],[-57.9929736,-17.5150583],[-57.9716991,-17.5056011],[-57.8834421,-17.449542],[-57.7522947,-17.5644631]],[[-55.6134215,-17.359852],[-55.6027802,-17.3673651]],[[-55.6027802,-17.3673651],[-55.5936136,-17.3692318],[-55.5940611,-17.3655288],[-55.5917062,-17.3608792],[-55.5853883,-17.3505209],[-55.5846398,-17.3538166],[-55.5756261,-17.3520321],[-55.532809,-17.3330761],[-55.5042225,-17.3505767],[-55.4907213,-17.3447482],[-55.4612539,-17.350576],[-55.4363539,-17.369411],[-55.4067111,-17.3570963],[-55.370929,-17.3625262],[-55.3648392,-17.3603081],[-55.3512469,-17.3388287],[-55.3266806,-17.3360733],[-55.3065609,-17.3223141],[-55.3001599,-17.2899593],[-55.254984,-17.2945418],[-55.2204572,-17.2675981],[-55.1971014,-17.2368333],[-55.1841468,-17.2098756],[-55.1461117,-17.189491],[-55.1180822,-17.1829047],[-55.08182,-17.1333032],[-55.0665791,-17.1314598],[-55.0228514,-17.1033712],[-54.9909474,-17.1166576],[-54.967777,-17.1063614],[-54.9471982,-17.1074507],[-54.9355838,-17.0860676],[-54.9133203,-17.0866301],[-54.8950991,-17.0741552],[-54.8998047,-17.0723939],[-54.9218446,-17.0581194],[-54.9049711,-17.0155933],[-54.9325252,-17.0156647],[-54.9258865,-16.9799014],[-54.9144796,-16.9760004],[-54.9312746,-16.9259002],[-54.9310262,-16.9048056],[-54.9190467,-16.8788723],[-54.9013329,-16.8767673],[-54.8961571,-16.8365457],[-54.9033732,-16.8162946],[-54.8951651,-16.7991443],[-54.9463155,-16.7448636],[-54.9567174,-16.6845536],[-54.9932466,-16.6619228],[-54.9741833,-16.6535554],[-54.9586234,-16.6270214],[-54.9675936,-16.6087378],[-54.9604657,-16.5897696],[-54.9583234,-16.5411895],[-54.9365181,-16.5348629],[-54.9698907,-16.470641],[-55.0170352,-16.5047139],[-55.0320025,-16.4827262],[-55.0352873,-16.4626863],[-55.0601074,-16.446239],[-55.1009797,-16.4402727],[-55.1167835,-16.449138],[-55.1483661,-16.4464822],[-55.1566004,-16.4652757],[-55.140237,-16.4746954],[-55.1524338,-16.5047595],[-55.1805916,-16.5293403],[-55.2166001,-16.5241645],[-55.2660046,-16.5302363],[-55.2880077,-16.5116646],[-55.2827111,-16.4666648],[-55.2986831,-16.4524982],[-55.3165996,-16.4211092],[-55.3474328,-16.4223795],[-55.3849326,-16.3987379],[-55.3574328,-16.3742906],[-55.3646548,-16.3516654],[-55.3526411,-16.3168739],[-55.385766,-16.3317843],[-55.390766,-16.3147214],[-55.4140992,-16.3173361],[-55.4244474,-16.3045139],[-55.4582656,-16.3046107],[-55.4692914,-16.287499],[-55.5190987,-16.3089678],[-55.5324319,-16.2794432],[-55.5407278,-16.2792032],[-55.5241349,-16.2724991],[-55.5262507,-16.2413176],[-55.5057654,-16.2271046],[-55.4915988,-16.1958328],[-55.4582022,-16.1683964],[-55.4382279,-16.1624996],[-55.4299324,-16.1446522],[-55.4121351,-16.1424997],[-55.4040235,-16.1191665],[-55.3649328,-16.1106664],[-55.3624328,-16.1055744],[-55.3735277,-16.1052611],[-55.3710159,-16.0958333],[-55.3700507,-16.0859513],[-55.3694567,-16.0483335],[-55.3657661,-16.0377387],[-55.3576891,-16.0258336],[-55.3542508,-16.019849],[-55.3599995,-16.0232669],[-55.3674327,-16.026396],[-55.3932659,-16.0022921],[-55.3940993,-15.9891403],[-55.4333638,-15.9658339],[-55.4261825,-15.9425007],[-55.4223133,-15.9358341],[-55.4239014,-15.9343652],[-55.4722788,-15.9593203],[-55.507432,-15.9878675],[-55.5159167,-15.9748492],[-55.4811623,-15.9329369],[-55.4695559,-15.9029583],[-55.5090986,-15.8895631],[-55.519307,-15.9066675],[-55.5440985,-15.9073822],[-55.5679046,-15.9204736],[-55.5718605,-15.8714057],[-55.5595151,-15.8695844],[-55.5424319,-15.8458345],[-55.5575254,-15.8174077],[-55.5540983,-15.8086688],[-55.573265,-15.8079026],[-55.5704746,-15.7766682],[-55.5340986,-15.7590332],[-55.5387177,-15.7371209],[-55.6191197,-15.7373688],[-55.5824293,-15.7141164],[-55.5467718,-15.6836654],[-55.5163434,-15.6472554],[-55.4701491,-15.581032],[-55.446245,-15.5613039],[-55.4235262,-15.5645714],[-55.4011085,-15.5319094],[-55.4043033,-15.4883411],[-55.3841668,-15.46317],[-55.3907836,-15.4355097],[-55.4178422,-15.4302963],[-55.4091597,-15.4110715],[-55.372769,-15.3972841],[-55.3607321,-15.4065473],[-55.3287342,-15.4040364],[-55.3093469,-15.390408],[-55.2965202,-15.3590284],[-55.30944,-15.3536531],[-55.3103627,-15.3305095],[-55.3268071,-15.2730016],[-55.2766448,-15.255336],[-55.2842876,-15.2363533],[-55.1991065,-15.2289155],[-55.1692161,-15.2054892],[-55.0986074,-15.1060796]],[[-55.0986074,-15.1060796],[-55.1099373,-15.1092841]],[[-57.6025308,-14.1951448],[-57.6119828,-14.1975268],[-57.6237312,-14.2033327],[-57.6361968,-14.2143468],[-57.6570202,-14.2361806]],[[-57.7328659,-14.3034131],[-57.7198226,-14.3753722]],[[-55.6027802,-17.3673651],[-55.597839,-17.3717295]],[[-55.1420033,-17.6392871],[-55.1370875,-17.6501878]],[[-53.2415444,-18.0047098],[-53.2304084,-18.0116973]],[[-53.0722775,-18.0339753],[-53.0736476,-18.0229657]],[[-53.0736476,-18.0229657],[-53.0647494,-17.9845366],[-53.071315,-17.9659132],[-53.1047187,-17.9276243],[-53.1248223,-17.918015],[-53.1227249,-17.8982747],[-53.135743,-17.8756462],[-53.1337961,-17.8324855],[-53.159894,-17.7960312],[-53.1617069,-17.7764126],[-53.1658984,-17.7672381],[-53.1667889,-17.7643144],[-53.1710785,-17.7591929],[-53.172069,-17.7569311],[-53.1801411,-17.7487099],[-53.2021732,-17.7259884],[-53.2337892,-17.7130374],[-53.2334636,-17.7109112],[-53.2347159,-17.7090774],[-53.2369292,-17.7015882],[-53.2442799,-17.6899495],[-53.2400953,-17.6581454],[-53.2409517,-17.655289],[-53.2434765,-17.6535696],[-53.2430537,-17.6502264],[-53.2476371,-17.6480428],[-53.2464262,-17.6455102],[-53.2480421,-17.6406906],[-53.2362465,-17.5782373],[-53.2435161,-17.5260604],[-53.2421066,-17.5252105],[-53.2426658,-17.506137],[-53.2238491,-17.4609948],[-53.2249377,-17.4541577],[-53.2287601,-17.4446662],[-53.2303384,-17.4398931],[-53.2109679,-17.4026593],[-53.2009055,-17.3718219],[-53.2019544,-17.340922],[-53.2118412,-17.3272933],[-53.2080973,-17.2931612],[-53.1718272,-17.2331751],[-53.1551668,-17.1868367],[-53.1566662,-17.1706845],[-53.1275167,-17.1545758],[-53.110745,-17.1081403],[-53.0874917,-17.1008125],[-53.0548061,-17.0641756],[-53.071421,-17.0496052],[-53.0608971,-17.0305634],[-53.053547,-16.9788949],[-53.0350329,-16.9424731],[-53.0394551,-16.9126931],[-53.0191666,-16.9002232],[-53.0174078,-16.8782915],[-53.0054934,-16.8652765],[-52.9450246,-16.8551914],[-52.9270067,-16.8188256],[-52.9173063,-16.8133705],[-52.8988749,-16.7945794],[-52.8844177,-16.7764073],[-52.8594506,-16.7685953],[-52.8372442,-16.7718969],[-52.8293704,-16.7701427],[-52.8081932,-16.7422776],[-52.7925243,-16.7401439],[-52.7856585,-16.714447],[-52.7623086,-16.7070228],[-52.755119,-16.6722833],[-52.7690571,-16.6726847],[-52.7631719,-16.6642434],[-52.7484622,-16.6558197],[-52.7410747,-16.6520897],[-52.7205939,-16.6460733],[-52.723286,-16.62299],[-52.7378929,-16.6134819],[-52.7275853,-16.5863466],[-52.7032115,-16.5963439],[-52.6901023,-16.5846052],[-52.6729273,-16.5696264],[-52.6544824,-16.5607108],[-52.6490711,-16.5599655],[-52.6506174,-16.5508487],[-52.6457359,-16.5461826],[-52.6290358,-16.5378619],[-52.6258063,-16.5215064]],[[-52.6258063,-16.5215064],[-52.6345036,-16.5133438],[-52.6316352,-16.5001506]],[[-52.6316352,-16.5001506],[-52.6127559,-16.5017547],[-52.6077929,-16.4808885],[-52.6047449,-16.4634543],[-52.6386778,-16.4375587],[-52.6516772,-16.408483],[-52.6745488,-16.4124041],[-52.680704,-16.3881153],[-52.6851825,-16.3720194],[-52.6825316,-16.3209027],[-52.6825566,-16.3017423],[-52.6579667,-16.2800754],[-52.6297648,-16.2865818],[-52.6193461,-16.2838801],[-52.6103955,-16.2717467]],[[-52.6103955,-16.2717467],[-52.5891948,-16.269497],[-52.587318,-16.2680703],[-52.5827195,-16.2546894]],[[-52.5827195,-16.2546894],[-52.5710607,-16.2526526],[-52.5545962,-16.2524165]],[[-52.5545962,-16.2524165],[-52.5689264,-16.2338872],[-52.5696204,-16.2286062],[-52.5659785,-16.224274],[-52.5490839,-16.2252657]],[[-52.5490839,-16.2252657],[-52.5473373,-16.1632322],[-52.5264499,-16.1553939],[-52.5259589,-16.141064],[-52.4985674,-16.1421392],[-52.488136,-16.1304309],[-52.4605729,-16.1277183],[-52.4395408,-16.1100841],[-52.3988793,-16.0933424],[-52.3806109,-16.0989217],[-52.3700672,-16.0877149],[-52.3299379,-16.0721758],[-52.3240427,-16.0378143],[-52.3108158,-16.0070365],[-52.28913,-15.9794146],[-52.2903395,-15.9655473],[-52.2568953,-15.9308847],[-52.2521827,-15.9079146],[-52.2549335,-15.8967705]],[[-52.2549335,-15.8967705],[-52.2599012,-15.9041304]],[[-53.7771607,-14.6351969],[-53.7828584,-14.6342149]],[[-54.4983143,-14.8631027],[-54.5228485,-14.8820741],[-54.5400441,-14.8856899]],[[-55.0961773,-15.1045927],[-55.0986074,-15.1060796]],[[-51.8051451,-15.7257712],[-51.8233267,-15.7314335],[-51.8345195,-15.7438316],[-51.8592473,-15.7874643]],[[-51.8624831,-15.7911908],[-51.8733208,-15.7981395],[-51.8763102,-15.8020547],[-51.879841,-15.8229438]],[[-52.2479693,-15.8901847],[-52.2549335,-15.8967705]],[[-52.5490839,-16.2252657],[-52.5667047,-16.2244594],[-52.5701092,-16.231041],[-52.5682613,-16.2347453],[-52.5608455,-16.2403971],[-52.5545962,-16.2524165]],[[-52.5827195,-16.2546894],[-52.5880889,-16.2688137],[-52.5914757,-16.270277],[-52.6103955,-16.2717467]],[[-52.6316352,-16.5001506],[-52.6294216,-16.5177702]],[[-52.6294216,-16.5177702],[-52.6221702,-16.5147],[-52.6105297,-16.5128161],[-52.6073302,-16.5228317],[-52.5995908,-16.5331953],[-52.5719454,-16.5181011],[-52.5658977,-16.5469006],[-52.5512282,-16.5438353],[-52.5492495,-16.5454675],[-52.5461726,-16.5523552],[-52.5063735,-16.542687],[-52.4937026,-16.5635017],[-52.4570714,-16.5577423],[-52.4409502,-16.5449285],[-52.4172858,-16.5425643],[-52.4038896,-16.554829],[-52.3642839,-16.5362018],[-52.3331669,-16.5530473],[-52.3099503,-16.5787518],[-52.2770813,-16.586622],[-52.2597305,-16.5986558],[-52.2456168,-16.5802694],[-52.2326979,-16.5388022],[-52.210803,-16.5084259],[-52.1980821,-16.4789046],[-52.194212,-16.4661823],[-52.1794197,-16.4616591],[-52.1750582,-16.4733896],[-52.1675016,-16.4770279],[-52.1466728,-16.4693839],[-52.0887815,-16.4735967],[-52.0582733,-16.4881287],[-52.0491708,-16.4983441],[-52.0440261,-16.5386011],[-52.0243375,-16.5464314],[-52.003504,-16.5677404],[-51.9787233,-16.6229138],[-51.917998,-16.6508884],[-51.8994974,-16.634156],[-51.8662278,-16.6590035],[-51.8076976,-16.630092],[-51.7745021,-16.6049584],[-51.752773,-16.5989074],[-51.7433897,-16.6215471],[-51.70869,-16.6431028],[-51.6758287,-16.6256682],[-51.6690823,-16.5990725],[-51.6325771,-16.5953087],[-51.595303,-16.6045007],[-51.5747772,-16.6537665],[-51.5512049,-16.6423223],[-51.5395179,-16.605455],[-51.5065284,-16.580096],[-51.5053351,-16.5393649],[-51.4890634,-16.5417206],[-51.4478583,-16.5214977],[-51.4422141,-16.5182144],[-51.4041354,-16.4724579],[-51.4000541,-16.4682217],[-51.3937183,-16.4663879]],[[-51.3937183,-16.4663879],[-51.3738513,-16.4463371]],[[-51.3738513,-16.4463371],[-51.3920498,-16.4502476],[-51.4036898,-16.4025015],[-51.4158301,-16.3948484],[-51.4121061,-16.3719348],[-51.4398869,-16.3492568],[-51.4290553,-16.3201507],[-51.4089348,-16.3015559],[-51.4047451,-16.267302],[-51.3902428,-16.2736977],[-51.3829142,-16.2809403],[-51.3677166,-16.2846153],[-51.1124054,-16.3068532],[-51.1297134,-16.2575921],[-51.1331341,-16.2288034],[-51.1560232,-16.1963054],[-51.1709028,-16.1897405],[-51.1624377,-16.157146],[-51.1773548,-16.1470446],[-51.1784991,-16.1151805],[-51.1959915,-16.0990618],[-51.2108521,-16.0216329],[-51.2066549,-16.0036097],[-51.2356616,-15.9943897],[-51.2407098,-15.9496888],[-51.2215296,-15.9412635],[-51.2051064,-15.9633525],[-51.1785179,-15.9538423],[-51.1311291,-15.9663166],[-51.1146577,-15.9611156],[-51.0870205,-15.9782291],[-51.0671,-15.969127],[-51.0336616,-15.9885403],[-51.0298297,-15.9987966],[-50.9841337,-16.0294925],[-50.9784958,-16.0195649],[-50.9402974,-16.020911],[-50.9142357,-16.0537382],[-50.8855466,-16.0439147],[-50.8720692,-16.0109505],[-50.8435983,-16.0096122],[-50.8142681,-16.0236304],[-50.7802637,-15.9681672],[-50.7939355,-15.9461529],[-50.7718491,-15.9264551],[-50.746485,-15.9227429],[-50.7422401,-15.8999014],[-50.7234926,-15.8771101],[-50.7111297,-15.8999164],[-50.6841258,-15.9098846],[-50.6834316,-15.9521168],[-50.6222084,-15.9625278],[-50.6036549,-16.0006775],[-50.592262,-16.0058328],[-50.5848796,-16.0382287],[-50.5062348,-16.008314],[-50.5099029,-16.0368504],[-50.4896212,-16.0407072],[-50.4753266,-16.0681812],[-50.4772612,-16.1024829],[-50.4797334,-16.1175527],[-50.4779614,-16.1199496],[-50.4652913,-16.1205959],[-50.4499635,-16.119216],[-50.4404302,-16.1016904],[-50.3980362,-16.0818114],[-50.367431,-16.075726],[-50.3335658,-16.0914072],[-50.2958446,-16.083336],[-50.2573769,-16.0942471],[-50.2265738,-16.0765866],[-50.1857802,-16.0725257],[-50.1146031,-16.0428957],[-50.0998699,-16.0330308],[-50.0833724,-16.0445869],[-50.0589236,-16.0282563],[-50.0417612,-16.0303706],[-50.0223966,-16.0115231],[-50.0053368,-16.0127132],[-49.9784824,-15.9929068],[-49.9632091,-15.9732403],[-49.9135957,-15.9692051],[-49.8861465,-15.9754544],[-49.8671736,-15.9884456],[-49.8655386,-15.9839419],[-49.8548376,-15.9582111],[-49.8326456,-15.927512],[-49.8403967,-15.9064534],[-49.8163114,-15.9067378],[-49.8045937,-15.887137],[-49.798342,-15.8778231],[-49.8123348,-15.8461102],[-49.809867,-15.8241728],[-49.8595362,-15.7751131],[-49.8863419,-15.7575068],[-49.9033973,-15.7592964],[-49.9386195,-15.7490955],[-49.9683185,-15.7663485],[-49.9801898,-15.7631947],[-50.0207093,-15.7817115],[-50.0493054,-15.7729415],[-50.0726215,-15.7823922],[-50.0862614,-15.7695861],[-50.074176,-15.7467398],[-50.0664487,-15.7172537],[-50.0764839,-15.6999607],[-50.0788994,-15.6883696],[-50.1089269,-15.6635048]],[[-50.1089269,-15.6635048],[-50.1215934,-15.6602133],[-50.1251155,-15.6540053],[-50.1242611,-15.6434682],[-50.1266456,-15.6341905]],[[-50.1266456,-15.6341905],[-50.1366735,-15.5709014],[-50.1566754,-15.5603991],[-50.1657026,-15.5245888],[-50.1575089,-15.4993827],[-50.1589299,-15.4784355],[-50.1647556,-15.4430605],[-50.1508942,-15.4048463],[-50.1439843,-15.4036967],[-50.133529,-15.392592],[-50.1257361,-15.3536982],[-50.1307854,-15.3531624],[-50.1318441,-15.3380279],[-50.112677,-15.3219387],[-50.1041436,-15.3030104],[-50.1068687,-15.290611],[-50.1047302,-15.2833837],[-50.0979561,-15.2790982],[-50.0930125,-15.2729711],[-50.0806716,-15.2375959],[-50.0590438,-15.2247179],[-50.0390474,-15.1974525],[-50.0555931,-15.1830154],[-50.0360067,-15.144303],[-50.0610676,-15.1080586],[-50.0483449,-15.0630675],[-49.9659517,-14.9999864],[-49.9300147,-14.9840165],[-49.9242284,-14.9702523],[-49.8809821,-14.9854102],[-49.8515934,-14.9794413],[-49.839003,-14.9653985],[-49.8504469,-14.9364778],[-49.8299222,-14.8049831],[-49.8178906,-14.7933874],[-49.8159249,-14.7689146],[-49.7810909,-14.7615834],[-49.752978,-14.7053113],[-49.7323987,-14.6943389],[-49.7321209,-14.6871833],[-49.7401199,-14.6760336],[-49.7457006,-14.6703284],[-49.7429246,-14.6673385],[-49.7459816,-14.6570988],[-49.7767805,-14.6405068],[-49.7848925,-14.6197551],[-49.8176496,-14.6014389],[-49.8195038,-14.5916446],[-49.8230283,-14.565729],[-49.8203138,-14.5561245],[-49.8099806,-14.5420778],[-49.7857002,-14.5334744],[-49.7710915,-14.5068291],[-49.7554491,-14.5038408],[-49.7569208,-14.4942921],[-49.7720314,-14.4807408],[-49.7638423,-14.4752642],[-49.7226498,-14.4792379],[-49.7140596,-14.4642337],[-49.7131442,-14.4679397],[-49.702817,-14.4691385],[-49.6940049,-14.4660027]],[[-49.6940049,-14.4660027],[-49.6972257,-14.4620675]],[[-49.6972257,-14.4620675],[-49.7020042,-14.4601431],[-49.7126412,-14.4532032],[-49.7381495,-14.4425752],[-49.7323905,-14.4287958],[-49.7322831,-14.4194523],[-49.7495563,-14.4152803],[-49.7515568,-14.412496],[-49.759783,-14.4164402],[-49.7620565,-14.402603],[-49.7545917,-14.3991234],[-49.7665531,-14.393694],[-49.7794807,-14.366774],[-49.7749196,-14.3498393],[-49.8002278,-14.3203062],[-49.7889549,-14.2997178],[-49.8208719,-14.2583188],[-49.8079467,-14.2219467],[-49.8296206,-14.2044899],[-49.8466221,-14.1765572],[-49.8313631,-14.1359639],[-49.8465637,-14.1150727],[-49.8671466,-14.1181034],[-49.8941404,-14.0614611],[-49.87342,-14.0451919],[-49.8842803,-14.0332919],[-49.8734239,-14.0098222],[-49.8818413,-13.9863649],[-49.85362,-13.9811416],[-49.8660347,-13.960827],[-49.8557312,-13.9479645],[-49.8350329,-13.9557798],[-49.8185057,-13.9408343],[-49.837949,-13.8994978],[-49.8654243,-13.9129768],[-49.872927,-13.8973758],[-49.9060608,-13.900883],[-49.9365988,-13.8845269],[-49.9510649,-13.914419],[-49.9740372,-13.8863797],[-49.9609207,-13.8675477],[-49.9588685,-13.8467073],[-49.9415053,-13.8347684],[-49.9390615,-13.825799],[-49.9576167,-13.8173378],[-49.9560068,-13.8120004],[-49.9465651,-13.8144586],[-49.9312254,-13.7906417],[-49.931509,-13.7865611],[-49.9207282,-13.7714363],[-49.9361712,-13.7474949],[-49.9604472,-13.7435647],[-49.9627285,-13.7135574],[-49.9713109,-13.6902585],[-50.0192848,-13.6885236],[-50.0323908,-13.6798864],[-50.0529563,-13.7057222],[-50.0595377,-13.7047184],[-50.0685053,-13.6857743],[-50.0841499,-13.6885102],[-50.1014856,-13.6615853],[-50.1132866,-13.6592814],[-50.1138136,-13.6847822]],[[-50.1138136,-13.6847822],[-50.1163416,-13.6892588],[-50.1214489,-13.6882301],[-50.1360306,-13.6807001],[-50.1406462,-13.6749457],[-50.1523441,-13.6451396]],[[-50.1523441,-13.6451396],[-50.1586705,-13.651751],[-50.2284252,-13.651662],[-50.2347367,-13.6460228],[-50.2396249,-13.6540526],[-50.233643,-13.619879],[-50.2513631,-13.5568366],[-50.2328145,-13.5572564],[-50.2273681,-13.5397788],[-50.2033127,-13.5350539],[-50.1664846,-13.5523147],[-50.1632002,-13.5335809],[-50.1427584,-13.5369666],[-50.1190091,-13.5085644],[-50.0569546,-13.5232291],[-50.0004229,-13.4866354],[-49.9578662,-13.496435],[-49.9355867,-13.4931367],[-49.9106441,-13.5072607],[-49.8856754,-13.4932803],[-49.8756121,-13.5051299],[-49.8634793,-13.500538],[-49.8546634,-13.4984035],[-49.8435292,-13.4837683],[-49.8224514,-13.4528309],[-49.8108056,-13.4638993],[-49.7789454,-13.4503746],[-49.7585875,-13.4263195],[-49.7224225,-13.4231764],[-49.672001,-13.3710034],[-49.6562851,-13.3689985],[-49.6439434,-13.3503395],[-49.6250298,-13.3542788],[-49.5906588,-13.3018337],[-49.5530887,-13.2786469],[-49.5312545,-13.2805734],[-49.4941127,-13.2539231],[-49.4783857,-13.2545245],[-49.4596913,-13.2484284],[-49.4423054,-13.2463997],[-49.4090535,-13.2678177],[-49.371834,-13.276707]],[[-49.371834,-13.276707],[-49.3683159,-13.2723014]],[[-50.503634,-12.8506995],[-50.5072037,-12.8507063],[-50.508136,-12.852756],[-50.5070725,-12.857941],[-50.5109811,-12.8608983]],[[-50.5109811,-12.8608983],[-50.4998954,-12.8678115]],[[-50.5276,-12.9506553],[-50.5376929,-12.9774134]],[[-49.6972257,-14.4620675],[-49.6904285,-14.4697537]],[[-49.6904285,-14.4697537],[-49.6841159,-14.4785447],[-49.6796411,-14.478653],[-49.6605315,-14.4809778],[-49.6632859,-14.5256758],[-49.6514517,-14.5529543],[-49.6337541,-14.5702509],[-49.6426742,-14.6309744],[-49.6248713,-14.6765568],[-49.5668151,-14.6448],[-49.5727863,-14.6290302],[-49.5573337,-14.5988433],[-49.542894,-14.5344947],[-49.5487282,-14.4990142],[-49.5416177,-14.4638946],[-49.5228905,-14.475286],[-49.4980218,-14.4639515],[-49.4735935,-14.4624857],[-49.4970621,-14.2551857],[-49.5616434,-14.2328365],[-49.5591185,-14.2108301],[-49.517395,-14.2147666],[-49.4740607,-14.2591222],[-49.4650844,-14.2879054],[-49.4258329,-14.2615774],[-49.4297523,-14.284526],[-49.4169989,-14.30322],[-49.4183662,-14.3353783],[-49.4068328,-14.368936],[-49.4159467,-14.3930344],[-49.402553,-14.4008512],[-49.4093619,-14.4297251],[-49.4040325,-14.4420661],[-49.3567746,-14.5003298],[-49.3884501,-14.5075842],[-49.40117,-14.5334347],[-49.442085,-14.5521627],[-49.4536031,-14.5695396],[-49.4525334,-14.5889338],[-49.4321145,-14.606288],[-49.4327876,-14.6222511],[-49.3913591,-14.6379504],[-49.3725025,-14.6232222],[-49.3560811,-14.6086279],[-49.3409411,-14.6261621],[-49.3280303,-14.6374834],[-49.320421,-14.668246],[-49.2895862,-14.6763632],[-49.2814462,-14.7025676],[-49.2410575,-14.7242453],[-49.2325582,-14.7247829],[-49.2004682,-14.7462781],[-49.1905584,-14.7680871],[-49.1521352,-14.7685839],[-49.1505873,-14.7369983],[-49.1313052,-14.7364668],[-49.1256913,-14.7449547],[-49.1161628,-14.746185],[-49.0867171,-14.7308269],[-49.0696346,-14.7435806],[-49.0610027,-14.7235243],[-49.0419726,-14.7086762],[-49.0103042,-14.7204507],[-49.0093558,-14.698398],[-49.0217716,-14.684995],[-49.014886,-14.6627143],[-49.0286987,-14.6349298],[-49.0540827,-14.6171083],[-49.0344119,-14.6029631],[-48.9917218,-14.5864599],[-48.9790759,-14.6156107],[-48.9912537,-14.6303975],[-48.9822723,-14.6465114],[-48.9598077,-14.6607744],[-48.9502798,-14.6810444],[-48.9063552,-14.670973],[-48.8813872,-14.6800523],[-48.8759412,-14.6945355],[-48.8182197,-14.6765144],[-48.8070861,-14.6654331],[-48.7976039,-14.6604203]],[[-48.7976039,-14.6604203],[-48.7826949,-14.666537],[-48.7749152,-14.6598063],[-48.7805178,-14.6521243],[-48.779582,-14.6501213],[-48.7751316,-14.6490196],[-48.7736574,-14.6434953]],[[-48.7736574,-14.6434953],[-48.7643551,-14.6434681],[-48.7472735,-14.6604376],[-48.7247503,-14.6853689],[-48.7316307,-14.7093072],[-48.71278,-14.726555],[-48.7267978,-14.810934],[-48.7606625,-14.8462841],[-48.7574387,-14.8616829]],[[-48.7574387,-14.8616829],[-48.7440297,-14.885636],[-48.7516921,-14.9050476],[-48.7492773,-14.9347565],[-48.7200204,-14.9513177],[-48.6901095,-14.9546527],[-48.6859937,-14.9578987],[-48.6982147,-14.9807728],[-48.6837546,-14.9797126],[-48.6681876,-14.9825613],[-48.6552403,-14.9613145],[-48.6487768,-14.9673598],[-48.6494962,-14.9776873],[-48.6332154,-14.9898477],[-48.615886,-14.9881514],[-48.5562441,-15.0148083],[-48.5471666,-15.0066628],[-48.522081,-15.0177509],[-48.5100815,-15.0123203],[-48.5003547,-14.9846499],[-48.4487484,-14.9572642],[-48.422045,-14.9374255],[-48.3859099,-14.944642],[-48.3517877,-14.9079895],[-48.3251573,-14.8991791],[-48.2920504,-14.8969126],[-48.2566856,-14.8730678],[-48.2368546,-14.8809077],[-48.1857689,-14.8489134],[-48.1013519,-14.8486422],[-48.0826272,-14.8591057],[-48.0908509,-14.8852678],[-48.0767999,-14.8920703],[-48.0594561,-14.858461],[-48.0407719,-14.8575135],[-48.0409096,-14.8381414],[-48.0130173,-14.8230532],[-47.9902358,-14.8026207],[-47.9516011,-14.8029085],[-47.9226593,-14.7943277],[-47.9077121,-14.7988088],[-47.8942127,-14.7822138],[-47.8565709,-14.7656602],[-47.8258815,-14.7295048],[-47.8144373,-14.6999781],[-47.786327,-14.6902897],[-47.7734031,-14.6451658],[-47.7170482,-14.6529405],[-47.7053466,-14.6717023],[-47.6895711,-14.7359826],[-47.6599012,-14.7064347],[-47.6317958,-14.750896],[-47.6413741,-14.7591425],[-47.6463462,-14.8309627],[-47.6342954,-14.8302539],[-47.6142971,-14.793829],[-47.5669643,-14.7572028],[-47.557738,-14.7322841],[-47.5340119,-14.7381956],[-47.5236177,-14.7762132],[-47.478288,-14.7993349],[-47.4617577,-14.8155799],[-47.4225037,-14.8292104],[-47.3600737,-14.8030988],[-47.3547582,-14.7811662],[-47.3525721,-14.7745519],[-47.3099007,-14.7600844],[-47.3144823,-14.7548525],[-47.3224028,-14.7498961],[-47.3150997,-14.7448996],[-47.316314,-14.7384712],[-47.312,-14.748238],[-47.3090146,-14.7509364],[-47.3040395,-14.7385129],[-47.290145,-14.7014292],[-47.2759181,-14.6949387],[-47.2503398,-14.7002653],[-47.2314563,-14.6798106],[-47.2340353,-14.6437802],[-47.2157897,-14.6268583],[-47.217451,-14.6057711],[-47.19501,-14.5768699],[-47.1917558,-14.5562146],[-47.1777037,-14.5395776],[-47.1543105,-14.5477115],[-47.1572324,-14.4662647],[-47.1837895,-14.4387072],[-47.1911521,-14.3737405],[-47.1822052,-14.3491534],[-47.1844309,-14.3027144],[-47.1716539,-14.2674982],[-47.1389994,-14.2543611],[-47.1369574,-14.2187623],[-47.1292851,-14.2006073],[-47.0854046,-14.1707185],[-47.0842906,-14.1423734],[-47.0609219,-14.1116108],[-47.0321125,-14.0895085],[-46.968484,-14.0957438],[-46.9380375,-14.103],[-46.8890938,-14.0705675],[-46.8755858,-14.0333836],[-46.8363163,-14.0434626],[-46.8266501,-14.027613],[-46.832285,-14.0061448],[-46.8509549,-13.9864407],[-46.8376185,-13.9683577],[-46.8371719,-13.9116762],[-46.8607021,-13.8978624],[-46.8667211,-13.8807806],[-46.825503,-13.847963],[-46.8518105,-13.8288244],[-46.8464216,-13.8165677],[-46.8171696,-13.7959635],[-46.8376212,-13.7651777],[-46.8213386,-13.7501602],[-46.8108147,-13.7252989],[-46.7922837,-13.728264],[-46.7857538,-13.7028808],[-46.8016049,-13.6948181],[-46.8159486,-13.6571477],[-46.8505643,-13.6332782],[-46.8543282,-13.6225361],[-46.818753,-13.5888065],[-46.8138418,-13.5876078],[-46.7970649,-13.5942974],[-46.7934216,-13.5806925],[-46.7885899,-13.5558626],[-46.7723905,-13.5401938],[-46.7848674,-13.5118289],[-46.7681697,-13.4907274],[-46.762032,-13.4379224],[-46.7333914,-13.3863065],[-46.7228382,-13.3864826],[-46.7147025,-13.387622],[-46.7068961,-13.382211],[-46.699059,-13.3689114],[-46.7087801,-13.330817],[-46.7086423,-13.3230958],[-46.70363,-13.3067837],[-46.7023645,-13.2967055],[-46.6774838,-13.2836831],[-46.6840054,-13.2544456],[-46.6775597,-13.2398399],[-46.6157557,-13.2238005],[-46.5787244,-13.2031597],[-46.5307544,-13.1540063],[-46.5062805,-13.0971287],[-46.4808394,-13.0868043],[-46.4530828,-13.065891],[-46.4511059,-13.0549914],[-46.2987271,-13.063779]],[[-46.2987271,-13.063779],[-46.2938098,-13.0595399]],[[-46.104644,-12.9249255],[-46.112965,-12.9180104]],[[-46.1869091,-12.949172],[-46.195902,-12.956977],[-46.2293481,-12.9575868]],[[-48.1534103,-13.1619883],[-48.1457724,-13.1560722],[-48.1436592,-13.1524725]],[[-49.3553015,-13.2609816],[-49.371834,-13.276707]],[[-50.1523441,-13.6451396],[-50.1472332,-13.6461709],[-50.1425354,-13.6589079],[-50.1413439,-13.672411],[-50.1378932,-13.6793589],[-50.1184806,-13.6892841],[-50.1148696,-13.6879756],[-50.1138136,-13.6847822]],[[-50.1266456,-15.6341905],[-50.1239811,-15.647384],[-50.1254532,-15.652919],[-50.1223975,-15.6596214],[-50.1089269,-15.6635048]],[[-51.3738513,-16.4463371],[-51.3704926,-16.4656898]],[[-51.3704926,-16.4656898],[-51.3494389,-16.4766929],[-51.3483527,-16.491666],[-51.3025812,-16.5313658],[-51.2878798,-16.5990131],[-51.2566641,-16.6166972],[-51.2514612,-16.6508907],[-51.2221317,-16.6947098],[-51.2239349,-16.7101427],[-51.2284704,-16.71043],[-51.2155782,-16.7356064],[-51.226883,-16.7611458],[-51.2209357,-16.7920662],[-51.2056098,-16.8105271],[-51.1957995,-16.8395258],[-51.1734363,-16.8472553],[-51.1688243,-16.8663828],[-51.1516629,-16.8698555],[-51.145546,-16.8927885],[-51.1039657,-16.8945351],[-51.0789959,-16.9408058],[-51.057356,-16.9521491],[-51.0580494,-16.9232089],[-51.0515728,-16.8701798],[-51.0571129,-16.8604408],[-51.0079613,-16.8478636],[-50.9855975,-16.8282915],[-50.9711836,-16.7935562],[-50.9241542,-16.7834907],[-50.897072,-16.7547193],[-50.849269,-16.726946],[-50.8296062,-16.6886692],[-50.8116889,-16.6953965],[-50.8183742,-16.7218436],[-50.8040722,-16.7342672],[-50.806965,-16.7558911],[-50.790406,-16.7964941],[-50.7996165,-16.8234761],[-50.7602425,-16.8168293],[-50.7360724,-16.8068607],[-50.7054018,-16.8095524],[-50.65138,-16.8397663],[-50.6412158,-16.8349807],[-50.5761766,-16.8479397],[-50.5751264,-16.8380416],[-50.5463744,-16.8187601],[-50.5068229,-16.8116224],[-50.4817953,-16.7975446],[-50.4491817,-16.7971569],[-50.4209584,-16.745082],[-50.3979868,-16.7162194],[-50.3772707,-16.7178534],[-50.3615476,-16.7026265],[-50.3510189,-16.7257936],[-50.3600818,-16.7413879],[-50.3349252,-16.7556924],[-50.3004346,-16.7628426],[-50.2731813,-16.7982627],[-50.2549285,-16.762148],[-50.2532917,-16.7331624],[-50.1858128,-16.6829073],[-50.1546524,-16.6811047],[-50.0055661,-16.6201203],[-49.9727923,-16.5901991],[-49.9368644,-16.6107946],[-49.9106717,-16.614447],[-49.8865645,-16.6401488],[-49.7768197,-16.6384737],[-49.7454551,-16.65271],[-49.734734,-16.6389035],[-49.6885861,-16.6708933],[-49.6906464,-16.6910688],[-49.655372,-16.7379492],[-49.6535109,-16.760484],[-49.641007,-16.7706151],[-49.6325634,-16.8042507],[-49.5989519,-16.8022014],[-49.610732,-16.8418279],[-49.6288658,-16.8463071],[-49.6653164,-16.8753005],[-49.6857867,-16.8729475],[-49.7148374,-16.8807862],[-49.7368121,-16.91086],[-49.7207886,-16.9543157],[-49.6997881,-16.9425061],[-49.6735028,-16.9568444],[-49.5951196,-16.9527124],[-49.6342261,-17.0105222],[-49.6062616,-17.0638823],[-49.5769752,-17.0482747],[-49.5685606,-17.0354532],[-49.5473982,-17.0458646],[-49.5274502,-17.0261822],[-49.5203122,-17.0005099],[-49.4872811,-16.979899],[-49.4698925,-16.9920976],[-49.484556,-17.0225801],[-49.4814514,-17.0422858],[-49.4882567,-17.0761725],[-49.4749485,-17.0949392],[-49.4891469,-17.1595714],[-49.462031,-17.1654464],[-49.4529537,-17.1455962],[-49.4244998,-17.1589055],[-49.3901094,-17.1576743],[-49.3679487,-17.142293],[-49.3207845,-17.1311495],[-49.2943983,-17.1097303],[-49.2316978,-17.0825395],[-49.2157767,-17.0921034],[-49.1919192,-17.1372951],[-49.1780069,-17.1230077],[-49.1554174,-17.122696],[-49.1113039,-17.1359802],[-49.1193629,-17.1179101],[-49.1084176,-17.0810631],[-49.0831392,-17.0633724],[-49.0545482,-17.0527202],[-49.0351781,-17.0669248],[-49.0139022,-17.0675767],[-48.9823533,-17.0923876],[-48.9406931,-17.0783698],[-48.9238651,-17.0590812],[-48.909405,-17.0645066],[-48.8869207,-17.0479359],[-48.8599356,-17.0489703],[-48.844574,-17.0605584],[-48.8413516,-17.0862259],[-48.8286508,-17.1060736],[-48.7953244,-17.1896839],[-48.7460015,-17.1654739],[-48.7034189,-17.1584241],[-48.6523082,-17.1787452],[-48.6411141,-17.1778741],[-48.6458876,-17.124682],[-48.6813028,-17.112578],[-48.6884165,-17.093941],[-48.7070807,-17.0803778],[-48.7053034,-17.0568865],[-48.7152233,-17.0396123],[-48.7517205,-17.0173664],[-48.7688635,-17.0130959],[-48.7661914,-16.9926501],[-48.7805037,-16.979552],[-48.769417,-16.9370624],[-48.7776895,-16.9204235],[-48.8017772,-16.9161993],[-48.803774,-16.8913959],[-48.7874664,-16.8359993],[-48.7910264,-16.8070187],[-48.8073295,-16.7912166],[-48.8282791,-16.7952181],[-48.8310257,-16.7667046],[-48.8560598,-16.7514326],[-48.9118007,-16.7313794],[-48.9146191,-16.727973],[-48.901995,-16.70119],[-48.8726632,-16.6571366],[-48.8188549,-16.6508464],[-48.8057201,-16.6330195],[-48.7857178,-16.6315123],[-48.7234716,-16.6865023],[-48.7179715,-16.629248],[-48.7271339,-16.6044772],[-48.755123,-16.6056507],[-48.7857762,-16.5876996],[-48.8402752,-16.502607],[-48.8648207,-16.4864574],[-48.8628869,-16.4543286],[-48.8830829,-16.4422025],[-48.9003067,-16.4184324],[-48.8653073,-16.3940039],[-48.821115,-16.3987195],[-48.8011122,-16.3828739],[-48.7604972,-16.3854901],[-48.7502443,-16.3754125],[-48.7627437,-16.354379],[-48.7508573,-16.3321647],[-48.7677755,-16.3075682],[-48.7696122,-16.29127]],[[-48.7696122,-16.29127],[-48.7734132,-16.2775575]],[[-48.7734132,-16.2775575],[-48.8055501,-16.2693118],[-48.8261351,-16.2559016],[-48.8290536,-16.2334841],[-48.848443,-16.2269387],[-48.8718329,-16.2385094],[-48.8972239,-16.2371653],[-48.9221954,-16.2190343],[-48.9468854,-16.2439065],[-48.9543405,-16.2368994],[-48.9611783,-16.2275447],[-48.9335266,-16.1922839],[-48.9226362,-16.1635714],[-48.9420529,-16.1312462],[-48.9810571,-16.1253538],[-49.0123232,-16.1407272],[-49.0584421,-16.1286509],[-49.1062748,-16.1461267],[-49.1402209,-16.1290177],[-49.1650551,-16.1375697],[-49.1822115,-16.1265897],[-49.1710059,-16.095939],[-49.149863,-16.0833299],[-49.1463183,-16.0437562],[-49.1551349,-16.0266481],[-49.1409587,-16.014677],[-49.1525947,-15.9820274],[-49.1807754,-15.9587804],[-49.1746038,-15.9400884],[-49.1988872,-15.9278421],[-49.1998047,-15.8867163],[-49.2173473,-15.8560155],[-49.1286973,-15.6242838],[-49.1494469,-15.6158406],[-49.1702814,-15.6274701],[-49.1830296,-15.6132699],[-49.1848024,-15.5984065],[-49.1477241,-15.5868197],[-49.1301402,-15.5739439],[-49.107785,-15.5445116],[-49.0890323,-15.538637],[-49.0815644,-15.4860124],[-49.0920512,-15.469018],[-49.0748357,-15.4551866],[-49.077863,-15.4411164],[-49.0712515,-15.3963674],[-49.0847202,-15.3850865],[-49.0791338,-15.3428745],[-49.0625232,-15.3076076],[-49.0422717,-15.3003229],[-49.0271951,-15.2770298],[-49.0006637,-15.2652592],[-48.9381168,-15.2588156],[-48.9200279,-15.2259289],[-48.9205548,-15.2164027],[-48.9082814,-15.16394],[-48.8855302,-15.1424396],[-48.8847177,-15.123526],[-48.8529193,-15.0866004],[-48.8538534,-15.0601594],[-48.8320507,-15.0404106],[-48.8283334,-15.0207697],[-48.803636,-14.9961773],[-48.8062732,-14.9594034],[-48.8023312,-14.9474351],[-48.7977209,-14.9295704],[-48.7867762,-14.91513],[-48.7617186,-14.8879671],[-48.7652485,-14.8688571],[-48.7574387,-14.8616829]],[[-48.7736574,-14.6434953],[-48.7755793,-14.6494834],[-48.7800538,-14.6505857],[-48.7796634,-14.6542042],[-48.7748076,-14.6589034],[-48.7817785,-14.6659852],[-48.7859726,-14.6657277],[-48.7976039,-14.6604203]],[[-49.6904285,-14.4697537],[-49.6940049,-14.4660027]],[[-48.7734132,-16.2775575],[-48.7658069,-16.2904162]],[[-48.7658069,-16.2904162],[-48.7189735,-16.2816324],[-48.7021828,-16.2901263],[-48.6502245,-16.2904827],[-48.6312773,-16.282712],[-48.6229375,-16.3042692],[-48.5453002,-16.3410949],[-48.5232969,-16.3411724],[-48.520362,-16.3346657],[-48.4986908,-16.3242556],[-48.4967117,-16.317013],[-48.4887439,-16.3043916],[-48.4848036,-16.2987346],[-48.4363369,-16.2836521],[-48.3987138,-16.2923053],[-48.374219,-16.3089653],[-48.3811865,-16.3137668],[-48.3930211,-16.3209011],[-48.4027202,-16.3405626],[-48.3999692,-16.3513179],[-48.4003809,-16.369626],[-48.4014588,-16.3827362],[-48.3586614,-16.4015491],[-48.3416071,-16.4441483],[-48.305797,-16.453154],[-48.2874972,-16.4838025]],[[-48.2874972,-16.4838025],[-48.2698608,-16.4928914],[-48.2653232,-16.4974197],[-48.257548,-16.5296099]],[[-48.257548,-16.5296099],[-48.2291616,-16.6023476],[-48.1952183,-16.6413952],[-48.1897731,-16.6778627],[-48.1947174,-16.7350037],[-48.1686063,-16.7329568],[-48.1462417,-16.7426742],[-48.1052169,-16.7483132],[-48.101885,-16.7657088],[-48.0766041,-16.7992011],[-48.0852198,-16.8601091],[-48.0783747,-16.8796063],[-48.0896586,-16.8911224],[-48.0792661,-16.9207646],[-48.0666026,-16.9324886],[-48.0352408,-16.9215961],[-48.0065464,-16.9344882],[-48.0018226,-16.9516014],[-47.9267941,-17.0011418],[-47.9213251,-16.9821682],[-47.9009356,-16.9532779],[-47.911294,-16.9246946],[-47.902823,-16.9154958],[-47.833572,-16.9252007],[-47.807955,-16.9171207],[-47.7896007,-16.9280955],[-47.7716009,-16.9191885],[-47.7306823,-16.9292834],[-47.6952143,-16.912249],[-47.6845462,-16.9444677],[-47.6968433,-16.9612902],[-47.7001523,-17.0026874],[-47.7173717,-17.0246517],[-47.7132381,-17.0543309],[-47.6897895,-17.0818034],[-47.662737,-17.0874381],[-47.6594341,-17.1085437],[-47.6415968,-17.1323588],[-47.6292133,-17.1530788],[-47.5982919,-17.1669596],[-47.5704029,-17.2110796],[-47.5307644,-17.2425886],[-47.5312349,-17.2490132],[-47.5225435,-17.2792971],[-47.5184895,-17.2883258],[-47.4995431,-17.3020078],[-47.5099869,-17.3242576]],[[-47.5099869,-17.3242576],[-47.4984106,-17.3360036]],[[-47.3076865,-16.0565002],[-47.3085041,-16.0499714]],[[-47.3085041,-16.0499714],[-48.2778112,-16.0495978],[-48.2513944,-15.955654],[-48.2587351,-15.9296878],[-48.2771091,-15.9074416],[-48.2716483,-15.883715],[-48.2858068,-15.8445339],[-48.280657,-15.8239459],[-48.2429068,-15.7973121],[-48.2096863,-15.754044],[-48.2088841,-15.7153612],[-48.2376815,-15.7085121],[-48.241331,-15.6867065],[-48.2341602,-15.6419091],[-48.2182154,-15.6233359],[-48.1997298,-15.622914],[-48.200009,-15.5022782],[-47.4184069,-15.5018199],[-47.4140246,-15.5485451],[-47.4027651,-15.5474564],[-47.3765167,-15.5766676],[-47.3208407,-15.5865891],[-47.3319763,-15.628512],[-47.3266032,-15.652618],[-47.3281031,-15.6889177],[-47.3124896,-15.6972871],[-47.3207455,-15.7230306],[-47.313691,-15.7448666],[-47.3521725,-15.8146306],[-47.3543613,-15.8140644],[-47.3569553,-15.8197013],[-47.3545785,-15.8214645],[-47.368099,-15.8356435],[-47.3788324,-15.8842243],[-47.3673663,-15.9200546],[-47.3690839,-15.9205564],[-47.3720462,-15.9353112],[-47.3730399,-15.9387232],[-47.3707364,-15.9429613],[-47.3704778,-15.9472025],[-47.3732468,-15.9601635],[-47.3753481,-15.9665788],[-47.3690542,-16.0032595],[-47.3485985,-16.0062169],[-47.3256782,-16.0296187],[-47.3169329,-16.0361916],[-47.3100062,-16.0362735]],[[-47.3100062,-16.0362735],[-47.3107096,-16.0308364]],[[-46.0485611,-14.8782827],[-46.0393785,-14.8752515]],[[-46.3014121,-13.0672766],[-46.2987271,-13.063779]],[[-53.0736476,-18.0229657],[-53.070996,-18.0292976],[-53.0734884,-18.0451427]],[[-50.9408855,-19.4537338],[-50.9188348,-19.4715837]],[[-47.2830694,-18.0442692],[-47.2876025,-18.0405197]],[[-47.5137462,-17.3292869],[-47.5099869,-17.3242576]],[[-48.257548,-16.5296099],[-48.2605756,-16.513747],[-48.2665593,-16.4956691],[-48.2798235,-16.4869881],[-48.2874972,-16.4838025]],[[-48.7658069,-16.2904162],[-48.7696122,-16.29127]],[[-51.3704926,-16.4656898],[-51.3937183,-16.4663879]],[[-52.6294216,-16.5177702],[-52.6258063,-16.5215064]],[[-47.3085041,-16.0499714],[-47.3099749,-16.048486]],[[-47.3126749,-16.0421107],[-47.3100062,-16.0362735]]],"bbox":[-73.99045,-33.7507722,-29.2991521,5.2718411]}
