{"type":"Topology","objects":{"geometrias":{"type":"GeometryCollection","geometries":[{"type":"Polygon","arcs":[[0,1,2,3,4,5,6,7]],"properties":{"code_micro":43001,"name_micro":"Santa Rosa","code_state":43,"code_region":4,"abbrev_state":"RS","name_state":"Rio Grande do Sul","name_region":"Sul","year":2020}},{"type":"Polygon","arcs":[[8,-8,9,10,11,12]],"properties":{"code_micro":43002,"name_micro":"Três Passos","code_state":43,"code_region":4,"abbrev_state":"RS","name_state":"Rio Grande do Sul","name_region":"Sul","year":2020}},{"type":"Polygon","arcs":[[13,14,15,16,17,18,19,-13]],"properties":{"code_micro":43003,"name_micro":"Frederico Westphalen","code_state":43,"code_region":4,"abbrev_state":"RS","name_state":"Rio Grande do Sul","name_region":"Sul","year":2020}},{"type":"Polygon","arcs":[[20,21,22,23,-19]],"properties":{"code_micro":43004,"name_micro":"Erechim","code_state":43,"code_region":4,"abbrev_state":"RS","name_state":"Rio Grande do Sul","name_region":"Sul","year":2020}},{"type":"Polygon","arcs":[[24,25,26,27,28,-23]],"properties":{"code_micro":43005,"name_micro":"Sananduva","code_state":43,"code_region":4,"abbrev_state":"RS","name_state":"Rio Grande do Sul","name_region":"Sul","year":2020}},{"type":"Polygon","arcs":[[29,30,31,32,33,34,-2]],"properties":{"code_micro":43006,"name_micro":"Cerro Largo","code_state":43,"code_region":4,"abbrev_state":"RS","name_state":"Rio Grande do Sul","name_region":"Sul","year":2020}},{"type":"Polygon","arcs":[[35,36,37,38,39,40,41,-4,42,43,-33,44,-31,45,46]],"properties":{"code_micro":43007,"name_micro":"Santo Ângelo","code_state":43,"code_region":4,"abbrev_state":"RS","name_state":"Rio Grande do Sul","name_region":"Sul","year":2020}},{"type":"Polygon","arcs":[[47,48,49,50,51,-15,52,-11,53,-6,54,-41]],"properties":{"code_micro":43008,"name_micro":"Ijuí","code_state":43,"code_region":4,"abbrev_state":"RS","name_state":"Rio Grande do Sul","name_region":"Sul","year":2020}},{"type":"Polygon","arcs":[[55,-51,56,57,58,59,60,-17]],"properties":{"code_micro":43009,"name_micro":"Carazinho","code_state":43,"code_region":4,"abbrev_state":"RS","name_state":"Rio Grande do Sul","name_region":"Sul","year":2020}},{"type":"Polygon","arcs":[[61,62,63,64,65,66,67,68,69,70,-26,71,-21,-18,-61]],"properties":{"code_micro":43010,"name_micro":"Passo Fundo","code_state":43,"code_region":4,"abbrev_state":"RS","name_state":"Rio Grande do Sul","name_region":"Sul","year":2020}},{"type":"Polygon","arcs":[[72,73,74,75,-58,76,-49,77,-39,78,79]],"properties":{"code_micro":43011,"name_micro":"Cruz Alta","code_state":43,"code_region":4,"abbrev_state":"RS","name_state":"Rio Grande do Sul","name_region":"Sul","year":2020}},{"type":"Polygon","arcs":[[80,-59,-76,81,-63]],"properties":{"code_micro":43012,"name_micro":"Não-Me-Toque","code_state":43,"code_region":4,"abbrev_state":"RS","name_state":"Rio Grande do Sul","name_region":"Sul","year":2020}},{"type":"Polygon","arcs":[[82,83,84,85,86,87,-66,88,-64,-82,-75]],"properties":{"code_micro":43013,"name_micro":"Soledade","code_state":43,"code_region":4,"abbrev_state":"RS","name_state":"Rio Grande do Sul","name_region":"Sul","year":2020}},{"type":"Polygon","arcs":[[89,-87,90,91,92,93,94,-68]],"properties":{"code_micro":43014,"name_micro":"Guaporé","code_state":43,"code_region":4,"abbrev_state":"RS","name_state":"Rio Grande do Sul","name_region":"Sul","year":2020}},{"type":"Polygon","arcs":[[95,96,97,98,99,100,101,102,103,104,-28,105,-70,106,-94]],"properties":{"code_micro":43015,"name_micro":"Vacaria","code_state":43,"code_region":4,"abbrev_state":"RS","name_state":"Rio Grande do Sul","name_region":"Sul","year":2020}},{"type":"Polygon","arcs":[[107,108,109,110,111,112,-98,113,-96,-93]],"properties":{"code_micro":43016,"name_micro":"Caxias do Sul","code_state":43,"code_region":4,"abbrev_state":"RS","name_state":"Rio Grande do Sul","name_region":"Sul","year":2020}},{"type":"Polygon","arcs":[[114,115,116,117,-80,118,-37,119,120]],"properties":{"code_micro":43017,"name_micro":"Santiago","code_state":43,"code_region":4,"abbrev_state":"RS","name_state":"Rio Grande do Sul","name_region":"Sul","year":2020}},{"type":"Polygon","arcs":[[121,122,123,124,125,126,127,128,-116,129,130]],"properties":{"code_micro":43018,"name_micro":"Santa Maria","code_state":43,"code_region":4,"abbrev_state":"RS","name_state":"Rio Grande do Sul","name_region":"Sul","year":2020}},{"type":"Polygon","arcs":[[-129,131,132,133,134,135,-117]],"properties":{"code_micro":43019,"name_micro":"Restinga Seca","code_state":43,"code_region":4,"abbrev_state":"RS","name_state":"Rio Grande do Sul","name_region":"Sul","year":2020}},{"type":"Polygon","arcs":[[136,137,138,139,140,141,142,143,-84,144,-73,-118,-136]],"properties":{"code_micro":43020,"name_micro":"Santa Cruz do Sul","code_state":43,"code_region":4,"abbrev_state":"RS","name_state":"Rio Grande do Sul","name_region":"Sul","year":2020}},{"type":"Polygon","arcs":[[145,146,147,148,-109,149,-91,-86,150,-143]],"properties":{"code_micro":43021,"name_micro":"Lajeado-Estrela","code_state":43,"code_region":4,"abbrev_state":"RS","name_state":"Rio Grande do Sul","name_region":"Sul","year":2020}},{"type":"Polygon","arcs":[[-128,151,152,153,154,155,156,-140,157,-138,158,-134,159,-132]],"properties":{"code_micro":43022,"name_micro":"Cachoeira do Sul","code_state":43,"code_region":4,"abbrev_state":"RS","name_state":"Rio Grande do Sul","name_region":"Sul","year":2020}},{"type":"Polygon","arcs":[[160,-148,161,162,163,164,165,166,-111]],"properties":{"code_micro":43023,"name_micro":"Montenegro","code_state":43,"code_region":4,"abbrev_state":"RS","name_state":"Rio Grande do Sul","name_region":"Sul","year":2020}},{"type":"Polygon","arcs":[[167,168,169,-102,170,-100,171,-112,-167,172]],"properties":{"code_micro":43024,"name_micro":"Gramado-Canela","code_state":43,"code_region":4,"abbrev_state":"RS","name_state":"Rio Grande do Sul","name_region":"Sul","year":2020}},{"type":"Polygon","arcs":[[-146,-142,173,-156,174,175,176,177,-163,178]],"properties":{"code_micro":43025,"name_micro":"São Jerônimo","code_state":43,"code_region":4,"abbrev_state":"RS","name_state":"Rio Grande do Sul","name_region":"Sul","year":2020}},{"type":"Polygon","arcs":[[179,180,181,182,-168,183,-165,184,-177]],"properties":{"code_micro":43026,"name_micro":"Porto Alegre","code_state":43,"code_region":4,"abbrev_state":"RS","name_state":"Rio Grande do Sul","name_region":"Sul","year":2020}},{"type":"Polygon","arcs":[[185,-169,-183,186,187,188,-104]],"properties":{"code_micro":43027,"name_micro":"Osório","code_state":43,"code_region":4,"abbrev_state":"RS","name_state":"Rio Grande do Sul","name_region":"Sul","year":2020}},{"type":"Polygon","arcs":[[189,190,191,-181,192,-175,-155,193,194]],"properties":{"code_micro":43028,"name_micro":"Camaquã","code_state":43,"code_region":4,"abbrev_state":"RS","name_state":"Rio Grande do Sul","name_region":"Sul","year":2020}},{"type":"Polygon","arcs":[[195,196,197,-131,198,-121,199,-47]],"properties":{"code_micro":43029,"name_micro":"Campanha Ocidental","code_state":43,"code_region":4,"abbrev_state":"RS","name_state":"Rio Grande do Sul","name_region":"Sul","year":2020}},{"type":"Polygon","arcs":[[200,-197,201,202,-123]],"properties":{"code_micro":43030,"name_micro":"Campanha Central","code_state":43,"code_region":4,"abbrev_state":"RS","name_state":"Rio Grande do Sul","name_region":"Sul","year":2020}},{"type":"Polygon","arcs":[[203,204,205,-124,-203]],"properties":{"code_micro":43031,"name_micro":"Campanha Meridional","code_state":43,"code_region":4,"abbrev_state":"RS","name_state":"Rio Grande do Sul","name_region":"Sul","year":2020}},{"type":"Polygon","arcs":[[206,207,208,209,210,211,212,-195,213,-153,214,-126,215,-205]],"properties":{"code_micro":43032,"name_micro":"Serras de Sudeste","code_state":43,"code_region":4,"abbrev_state":"RS","name_state":"Rio Grande do Sul","name_region":"Sul","year":2020}},{"type":"Polygon","arcs":[[216,217,218,219,220,221,222,-191,223,-212]],"properties":{"code_micro":43033,"name_micro":"Pelotas","code_state":43,"code_region":4,"abbrev_state":"RS","name_state":"Rio Grande do Sul","name_region":"Sul","year":2020}},{"type":"Polygon","arcs":[[224,225,226,-218,227,-210,228,-208]],"properties":{"code_micro":43034,"name_micro":"Jaguarão","code_state":43,"code_region":4,"abbrev_state":"RS","name_state":"Rio Grande do Sul","name_region":"Sul","year":2020}},{"type":"MultiPolygon","arcs":[[[229,-222,230,-220,231,-226]],[[232,-188]]],"properties":{"code_micro":43035,"name_micro":"Litoral Lagunar","code_state":43,"code_region":4,"abbrev_state":"RS","name_state":"Rio Grande do Sul","name_region":"Sul","year":2020}}]}},"arcs":[[[-54.4746213,-27.4812321],[-54.5005991,-27.4803532],[-54.520919,-27.5033165],[-54.5371271,-27.5028133],[-54.5424115,-27.4867498],[-54.5733512,-27.4536101],[-54.5911066,-27.4628525],[-54.59495,-27.4873672],[-54.6095405,-27.5104205],[-54.6157921,-27.532241],[-54.634082,-27.5463835],[-54.6480251,-27.5402344],[-54.6567412,-27.5132169],[-54.6709371,-27.5047647],[-54.680116,-27.526641],[-54.6716648,-27.5664167],[-54.6808563,-27.5745014],[-54.7172349,-27.56489],[-54.7448607,-27.5626414],[-54.7587251,-27.5815035],[-54.7781274,-27.5837166],[-54.7877189,-27.5701781],[-54.7951866,-27.5349829],[-54.8097871,-27.5300474],[-54.8265535,-27.5540257],[-54.8477222,-27.6213131],[-54.860765,-27.6294407],[-54.8788586,-27.6259787],[-54.903167,-27.6363877],[-54.9049816,-27.656224],[-54.9024867,-27.7155686],[-54.9066386,-27.7297869],[-54.9374074,-27.7704522],[-54.9494242,-27.7792846],[-54.9776622,-27.77086],[-54.9930424,-27.7755487],[-55.0002662,-27.7923566],[-55.0243129,-27.7941998],[-55.0451119,-27.7725342],[-55.0579123,-27.7680858],[-55.083869,-27.7841284],[-55.0827106,-27.7968583],[-55.0342675,-27.8246638],[-55.0246941,-27.835311],[-55.0363835,-27.8577803],[-55.0516752,-27.8524129]],[[-55.0516752,-27.8524129],[-55.0547103,-27.8628453],[-55.0463002,-27.8624095],[-55.0456555,-27.8694005],[-55.0485812,-27.922799],[-55.0162427,-27.9249488],[-54.9882685,-27.9047432],[-54.9647469,-27.9222533],[-54.9616657,-27.936614],[-54.9571284,-27.9343398],[-54.9424186,-27.9300197],[-54.9400419,-27.9106391],[-54.8909692,-27.9096878],[-54.892162,-27.8552352],[-54.8734288,-27.8571867],[-54.8550977,-27.8760727],[-54.8292567,-27.8718201],[-54.8261028,-27.9028032],[-54.8188359,-27.9155572],[-54.7973295,-27.9217203],[-54.7871296,-27.9357423],[-54.7858853,-27.9912223],[-54.7685458,-27.9853401],[-54.7535645,-27.9793137],[-54.7178001,-27.985206]],[[-54.7178001,-27.985206],[-54.7177721,-28.0136241]],[[-54.7177721,-28.0136241],[-54.61582,-28.0117481],[-54.6162168,-27.9363517],[-54.5858357,-27.9485849],[-54.5570002,-27.9798722],[-54.5154307,-27.9828424],[-54.4915917,-27.9658838],[-54.4812483,-27.9804727],[-54.4710486,-27.9745638],[-54.4514485,-27.958582],[-54.448624,-27.947698],[-54.4246763,-27.9233524],[-54.411004,-27.9175194],[-54.380036,-27.9167394],[-54.3825486,-27.8723304],[-54.3693738,-27.8351477],[-54.3498971,-27.8331018],[-54.3362337,-27.8428406],[-54.3383553,-27.8558884],[-54.3046662,-27.8925586],[-54.2776767,-27.8927869],[-54.2696574,-27.9068665],[-54.250689,-27.9076884],[-54.2249524,-27.9258131],[-54.2161193,-27.9425423],[-54.1822224,-27.9716968],[-54.1652184,-28.001823],[-54.1419745,-28.014166],[-54.1356613,-28.018523],[-54.1283282,-28.0153952],[-54.1153663,-28.0136593],[-54.0939794,-28.0087258],[-54.0896913,-27.9933485]],[[-54.0896913,-27.9933485],[-54.0767375,-28.0074738]],[[-54.0767375,-28.0074738],[-54.0667228,-28.0006491],[-54.0477202,-27.977162],[-54.044433,-27.9718534],[-54.0417052,-27.9579704],[-54.0458605,-27.9407436],[-54.0739167,-27.9394398],[-54.085767,-27.9301131],[-54.0772802,-27.9176507],[-54.1060727,-27.8986836],[-54.1147868,-27.8826748],[-54.125805,-27.8731179],[-54.114766,-27.8610081],[-54.1276541,-27.8422572],[-54.1418963,-27.8422678],[-54.1454685,-27.8376615],[-54.1467651,-27.8257646],[-54.1275755,-27.8150713],[-54.131304,-27.806945],[-54.1254676,-27.8095805],[-54.143259,-27.7986828],[-54.1567069,-27.7964373],[-54.1389261,-27.7966061],[-54.137422,-27.7776491],[-54.1257583,-27.7687254],[-54.1155343,-27.7680078],[-54.1056563,-27.770487],[-54.1100166,-27.7773109],[-54.0873305,-27.7866656],[-54.085037,-27.7845628],[-54.0703701,-27.770996],[-54.0585301,-27.7680048],[-54.0665108,-27.7448856]],[[-54.0665108,-27.7448856],[-54.0685258,-27.7432797]],[[-54.0685258,-27.7432797],[-54.071003,-27.7332051],[-54.0689876,-27.7295737],[-54.0925404,-27.725446],[-54.1134189,-27.702518],[-54.1137137,-27.6924786],[-54.1385068,-27.7078595],[-54.1440468,-27.7050654],[-54.1591746,-27.7137664],[-54.163152,-27.7072124],[-54.1577755,-27.6937758],[-54.1757721,-27.6677743],[-54.1569806,-27.6424785],[-54.1812105,-27.6222912],[-54.149914,-27.6223724],[-54.1688183,-27.611514],[-54.1813835,-27.6168352],[-54.196708,-27.6043106],[-54.2034041,-27.6063652],[-54.1999824,-27.5912239],[-54.2040862,-27.594663],[-54.2078343,-27.5919588],[-54.2124428,-27.6001584],[-54.2643961,-27.6307719],[-54.2784334,-27.6727461],[-54.2942978,-27.6780696],[-54.3245597,-27.6719219],[-54.3556391,-27.6587291],[-54.3722624,-27.6474919],[-54.3744782,-27.6452825],[-54.3800842,-27.6358349],[-54.3868492,-27.627741],[-54.3883675,-27.6202208],[-54.385466,-27.6209417],[-54.3851036,-27.6090093],[-54.3973558,-27.599524],[-54.3918246,-27.5907765],[-54.3995719,-27.5900054],[-54.4043633,-27.5877638],[-54.396056,-27.5809836],[-54.4090284,-27.5749119],[-54.4176598,-27.5508178],[-54.4543731,-27.520233],[-54.4636612,-27.5286622],[-54.473411,-27.5236744],[-54.4691656,-27.5040271],[-54.4746213,-27.4812321]],[[-53.7176953,-27.1825018],[-53.7352636,-27.1907901],[-53.7515895,-27.1880526],[-53.7629422,-27.1553555],[-53.7801413,-27.1495899],[-53.8148466,-27.1758898],[-53.8415965,-27.1656115],[-53.8612782,-27.1284814],[-53.8835199,-27.1318638],[-53.8977469,-27.1703311],[-53.9168985,-27.1747524],[-53.9290366,-27.1589678],[-53.9465845,-27.1512593],[-53.9607107,-27.1651098],[-53.9552027,-27.1784811],[-53.9677443,-27.1989031],[-54.0080173,-27.1983946],[-54.0149804,-27.2081104],[-54.0159091,-27.2330074],[-54.0277768,-27.2548537],[-54.0564013,-27.2650766],[-54.0722781,-27.2909545],[-54.0965089,-27.3027778],[-54.1548951,-27.2968585],[-54.1557689,-27.2690029],[-54.1654857,-27.2540783],[-54.1865574,-27.2649093],[-54.1933396,-27.3084602],[-54.2119743,-27.3456102],[-54.2144362,-27.3815781],[-54.2353529,-27.393707],[-54.2598447,-27.3962381],[-54.2675105,-27.4042904],[-54.2678077,-27.4313537],[-54.2829593,-27.4477782],[-54.2942248,-27.4459101],[-54.3106418,-27.4219623],[-54.341542,-27.4043517],[-54.3350661,-27.4512946],[-54.3403896,-27.463356],[-54.3572144,-27.4649427],[-54.3697685,-27.4525829],[-54.3987584,-27.411613],[-54.4114043,-27.405286],[-54.4391199,-27.4247486],[-54.4566459,-27.4221597],[-54.4720566,-27.4344595],[-54.4439911,-27.4599617],[-54.4561768,-27.4781383],[-54.4746213,-27.4812321]],[[-54.0685258,-27.7432797],[-54.0658388,-27.7349441]],[[-54.0658388,-27.7349441],[-54.0418726,-27.7467416],[-54.0301968,-27.7502157],[-54.0242236,-27.7406947],[-54.0173816,-27.7441316],[-54.0006872,-27.7703965],[-53.9629651,-27.7799151],[-53.9424192,-27.7707659],[-53.9174113,-27.7723414],[-53.8935671,-27.7813419],[-53.8708072,-27.7651533],[-53.8168322,-27.7672518],[-53.7794484,-27.7526172],[-53.7631399,-27.7543934],[-53.7574774,-27.7525021],[-53.7627432,-27.7122482],[-53.7743991,-27.7070809],[-53.7701884,-27.6845408],[-53.7447279,-27.6559564],[-53.7271608,-27.6644201],[-53.6896428,-27.6730467],[-53.6753841,-27.6881278],[-53.6322733,-27.7090178],[-53.6046266,-27.6892855],[-53.5900498,-27.6884333]],[[-53.5900498,-27.6884333],[-53.578192,-27.6759504]],[[-53.578192,-27.6759504],[-53.5766963,-27.6600978],[-53.5852793,-27.657827],[-53.5889674,-27.6557736],[-53.5818448,-27.6453467],[-53.586515,-27.6416655],[-53.5803558,-27.6352033],[-53.5756177,-27.6291354],[-53.5707458,-27.6340465],[-53.5645292,-27.6182653],[-53.5867417,-27.5890416],[-53.5723526,-27.5735823],[-53.5689335,-27.542956],[-53.5784356,-27.524689],[-53.5726421,-27.5084332],[-53.5726616,-27.4817119],[-53.5559891,-27.45836],[-53.5579082,-27.4526582],[-53.5728632,-27.442717],[-53.5831326,-27.4557802],[-53.6106002,-27.467621],[-53.6162197,-27.4726689],[-53.6199834,-27.4602195],[-53.6434463,-27.431402],[-53.6503221,-27.4252017],[-53.6394071,-27.4129844],[-53.6545629,-27.4036678],[-53.6495128,-27.3766052],[-53.6534266,-27.3715794],[-53.6592107,-27.3626768],[-53.6467153,-27.3449376],[-53.6522449,-27.3394542],[-53.6388311,-27.3311663],[-53.6436094,-27.3283274],[-53.6627017,-27.3159122],[-53.6625567,-27.3029707],[-53.64737,-27.299724],[-53.6623795,-27.2869826],[-53.6463228,-27.2814379],[-53.6517248,-27.2537116],[-53.6698523,-27.2467593],[-53.6753909,-27.2312796],[-53.7069303,-27.2153786],[-53.7176953,-27.1825018]],[[-53.578192,-27.6759504],[-53.57108,-27.6818549]],[[-53.57108,-27.6818549],[-53.5752746,-27.6859906],[-53.5760484,-27.6886831],[-53.5813933,-27.6943214],[-53.5791682,-27.7084566],[-53.574942,-27.7305664],[-53.5683273,-27.7327671],[-53.5665653,-27.7351798]],[[-53.5665653,-27.7351798],[-53.5571062,-27.7417318]],[[-53.5571062,-27.7417318],[-53.544099,-27.7361568],[-53.5393045,-27.7363848],[-53.5291774,-27.7321501],[-53.4996003,-27.7413752],[-53.4896944,-27.7380155],[-53.4686936,-27.7476711],[-53.4596354,-27.7558283],[-53.4368658,-27.73792],[-53.4237396,-27.721025],[-53.4341924,-27.7059827],[-53.4027454,-27.6792488],[-53.3945577,-27.6666487],[-53.4036868,-27.6345198],[-53.3810778,-27.6104676],[-53.3461913,-27.6190788],[-53.3249537,-27.6078262],[-53.3143626,-27.6007302],[-53.2930657,-27.5744182],[-53.2830202,-27.5461022],[-53.2911124,-27.5299134],[-53.2758226,-27.5179907],[-53.2801252,-27.4842943],[-53.2625013,-27.4862261],[-53.2439738,-27.5027262],[-53.2138704,-27.485266],[-53.188351,-27.4942517],[-53.1972208,-27.5234329],[-53.1824106,-27.5351849],[-53.2277771,-27.561043],[-53.231082,-27.5764739],[-53.2241861,-27.5918897],[-53.2062892,-27.6000795],[-53.1839577,-27.5877401],[-53.161251,-27.5916916],[-53.1479554,-27.6052418],[-53.1215483,-27.5937977],[-53.1011272,-27.6073142],[-53.1005605,-27.6327858],[-53.1116346,-27.6470737],[-53.1034156,-27.6667444],[-53.0867085,-27.6638543],[-53.071416,-27.6737949],[-53.0728737,-27.6751094],[-53.0862521,-27.6724684],[-53.1002826,-27.6755037],[-53.1008446,-27.7003501],[-53.085471,-27.6986868],[-53.0826088,-27.7148569],[-53.105469,-27.716719],[-53.0943229,-27.7290593],[-53.071049,-27.7259137],[-53.0875014,-27.7362793],[-53.1023082,-27.7350264],[-53.1080951,-27.759551],[-53.0931013,-27.7623091],[-53.0644818,-27.7852865],[-53.0247921,-27.8038205],[-53.0074778,-27.832009],[-52.9886747,-27.8347501],[-52.992525,-27.8494868],[-52.987102,-27.8727942],[-52.9659397,-27.8707929],[-52.9236535,-27.887382],[-52.9069445,-27.8887709],[-52.8568099,-27.8794661],[-52.8316195,-27.8925437],[-52.8158806,-27.8879395],[-52.7964682,-27.900442],[-52.7905308,-27.9135244],[-52.7721488,-27.9154469]],[[-52.7721488,-27.9154469],[-52.7580234,-27.8801466],[-52.7801265,-27.8514036],[-52.7812668,-27.8265082],[-52.8186064,-27.8303651],[-52.8225318,-27.8077955],[-52.855394,-27.8030821],[-52.85887,-27.7724608],[-52.8816757,-27.7772164],[-52.882392,-27.7608364],[-52.8947791,-27.7508373],[-52.8835617,-27.7367634],[-52.8955717,-27.7211307],[-52.8620093,-27.7132019],[-52.8546853,-27.7029825],[-52.8838765,-27.6964851],[-52.8819695,-27.6726848],[-52.8292527,-27.6747633],[-52.7747283,-27.6814715],[-52.7668007,-27.6902373],[-52.7600542,-27.6909152]],[[-52.7600542,-27.6909152],[-52.7464563,-27.646986],[-52.7551576,-27.6374936],[-52.73971,-27.6247234],[-52.7669389,-27.6089149],[-52.743435,-27.603795],[-52.7341958,-27.5909535],[-52.734549,-27.5879459],[-52.7544903,-27.5914227],[-52.7681065,-27.5847525],[-52.7610172,-27.5795571],[-52.7397083,-27.5603729],[-52.7405127,-27.5544855],[-52.7472002,-27.538383],[-52.7833561,-27.5011074],[-52.7898551,-27.4846002],[-52.7535068,-27.4580501],[-52.7346199,-27.4370129],[-52.7225631,-27.4152881],[-52.7326772,-27.4009216],[-52.7341091,-27.3558862],[-52.7285207,-27.3362253],[-52.7428043,-27.322696],[-52.7162127,-27.319574],[-52.7066003,-27.299462],[-52.6915217,-27.2844197]],[[-52.6915217,-27.2844197],[-52.7072601,-27.2721932],[-52.7060643,-27.2571932],[-52.7149898,-27.2368503],[-52.7340151,-27.2426534],[-52.7403307,-27.2560478],[-52.7608282,-27.2537004],[-52.7585959,-27.215192],[-52.7747626,-27.207522],[-52.8183448,-27.2028241],[-52.8339914,-27.2112922],[-52.8466916,-27.2023335],[-52.8430785,-27.1785255],[-52.8544663,-27.1696914],[-52.8851406,-27.1826681],[-52.8963561,-27.1947658],[-52.9181973,-27.2031968],[-52.9376012,-27.1983545],[-52.9421824,-27.1664217],[-52.9587502,-27.1647825],[-52.9674427,-27.1883275],[-52.9681942,-27.2111029],[-52.9866105,-27.2206974],[-52.9993947,-27.2080098],[-53.0005043,-27.1851522],[-52.9851446,-27.1704881],[-52.9837257,-27.156503],[-53.0030057,-27.1356146],[-53.0193158,-27.1538174],[-53.0375501,-27.1577479],[-53.0450488,-27.1373317],[-53.0413939,-27.1249055],[-53.0213514,-27.1057905],[-53.0204394,-27.0875227],[-53.0320951,-27.082302],[-53.0590423,-27.0882454],[-53.0790453,-27.1184736],[-53.069718,-27.1515543],[-53.0774788,-27.1631158],[-53.1321831,-27.1802287],[-53.1403447,-27.1744194],[-53.1545929,-27.1406169],[-53.1723622,-27.1480209],[-53.1811367,-27.1882679],[-53.1972164,-27.1926527],[-53.2320857,-27.1711117],[-53.293067,-27.1969193],[-53.3078492,-27.2165417],[-53.3225818,-27.2115049],[-53.2929369,-27.1408089],[-53.3122408,-27.119688],[-53.3372317,-27.1214574],[-53.3533047,-27.1153807],[-53.3649824,-27.0943479],[-53.37639,-27.0914656],[-53.3931897,-27.1087938],[-53.4062146,-27.1365442],[-53.4576158,-27.1571519],[-53.4911955,-27.1323251],[-53.5043642,-27.1356415],[-53.5051496,-27.1614501],[-53.4917069,-27.1766918],[-53.4947061,-27.2039403],[-53.518249,-27.2021778],[-53.5540029,-27.173178],[-53.5914418,-27.1874727],[-53.6182319,-27.1873364],[-53.6307258,-27.2133786],[-53.6508192,-27.2155074],[-53.6501258,-27.1788221],[-53.6750504,-27.1606825],[-53.7176953,-27.1825018]],[[-52.7600542,-27.6909152],[-52.7609524,-27.6959462],[-52.7531369,-27.6910029],[-52.7500589,-27.712594],[-52.7399667,-27.713917],[-52.7455284,-27.7166803],[-52.751754,-27.7255456],[-52.7459831,-27.7475243],[-52.7155189,-27.7479922],[-52.7160644,-27.7611944],[-52.6968364,-27.7857328],[-52.6800123,-27.7959148],[-52.6606452,-27.8337568],[-52.647615,-27.8763527],[-52.6290614,-27.8666175],[-52.607233,-27.8696244],[-52.5980008,-27.8917424],[-52.5834489,-27.9065892],[-52.5798456,-27.9253189],[-52.589489,-27.9241568],[-52.597242,-27.9242002],[-52.5970772,-27.9348323],[-52.6112521,-27.9423926],[-52.5992475,-27.9419167],[-52.5902927,-27.947865],[-52.5761846,-27.946419],[-52.5626476,-27.9599268],[-52.5416293,-27.9557412],[-52.5298064,-27.9383769],[-52.4769077,-27.9590354],[-52.4693051,-27.9759131],[-52.4484254,-27.9853264],[-52.4010427,-27.9833927],[-52.3207263,-27.9733368],[-52.3063651,-27.9596773],[-52.2685498,-27.9547756],[-52.2327026,-27.973927],[-52.2153394,-27.9722001],[-52.1891851,-27.9599211],[-52.1698993,-27.9429118],[-52.1469724,-27.9459105],[-52.1430163,-27.953399],[-52.1392059,-27.9526557],[-52.1358133,-27.9528662],[-52.1062127,-27.9476322],[-52.0772952,-27.9342058],[-52.0683313,-27.926309],[-52.0817986,-27.9222558],[-52.0607581,-27.8848763],[-52.0550002,-27.8856589],[-52.0175539,-27.8812545],[-52.0060687,-27.8902829],[-51.9693266,-27.8848525]],[[-51.9693266,-27.8848525],[-51.9371038,-27.8840703],[-51.9303912,-27.8850082]],[[-51.9303912,-27.8850082],[-51.9354892,-27.87057],[-51.9295678,-27.8558238],[-51.9373465,-27.8466653],[-51.9247539,-27.8515849],[-51.9616931,-27.8133638],[-51.9288682,-27.7836706],[-51.9247302,-27.7522177],[-51.9074204,-27.7569689],[-51.888403,-27.7222053],[-51.896188,-27.7099015],[-51.8786818,-27.7127214],[-51.8801625,-27.6832847],[-51.892773,-27.6790533],[-51.8910863,-27.6487897],[-51.8807146,-27.6432273],[-51.8935391,-27.6104801],[-51.9000488,-27.6037825],[-51.8826957,-27.5927375],[-51.8916651,-27.5789658],[-51.8788598,-27.5618679],[-51.8417732,-27.5455661],[-51.8524144,-27.5308405],[-51.8281494,-27.5384821],[-51.8370708,-27.522233]],[[-51.8370708,-27.522233],[-51.8551292,-27.5154503],[-51.8432118,-27.4874121],[-51.8630693,-27.4752404],[-51.880448,-27.4923793],[-51.8753543,-27.5179525],[-51.8941382,-27.5181078],[-51.9020448,-27.4971818],[-51.8999538,-27.4681209],[-51.9183845,-27.4584344],[-51.9508222,-27.475325],[-51.9637942,-27.463136],[-51.9416734,-27.4488785],[-51.9372698,-27.4273065],[-51.9687787,-27.4106515],[-51.9995823,-27.409739],[-52.0047901,-27.3935099],[-51.9786975,-27.3889042],[-51.952099,-27.3951736],[-51.9520867,-27.3802471],[-51.9751692,-27.3724325],[-52.0064474,-27.3746257],[-52.0232169,-27.3558802],[-52.010832,-27.3466054],[-52.0198518,-27.3319461],[-52.0383697,-27.3442034],[-52.082194,-27.3401736],[-52.1073709,-27.3431414],[-52.1076546,-27.3097018],[-52.1263285,-27.3025235],[-52.1612892,-27.3142878],[-52.1683643,-27.3055814],[-52.1593055,-27.2815636],[-52.1683344,-27.2709151],[-52.1889887,-27.2879576],[-52.2056261,-27.3273864],[-52.2211385,-27.3319965],[-52.2337335,-27.3125836],[-52.2505333,-27.3021431],[-52.2729787,-27.304385],[-52.2778953,-27.2949224],[-52.2597603,-27.2789379],[-52.2368566,-27.2737692],[-52.2545435,-27.256359],[-52.3046707,-27.2626304],[-52.3047025,-27.2766923],[-52.2910463,-27.3068335],[-52.3130843,-27.3092657],[-52.3502253,-27.2882432],[-52.3674804,-27.3045195],[-52.3785034,-27.3026838],[-52.3811387,-27.260818],[-52.3997418,-27.263265],[-52.3936592,-27.2851463],[-52.4156089,-27.2852581],[-52.4390853,-27.2644049],[-52.4420748,-27.2505129],[-52.4301314,-27.2224496],[-52.4478304,-27.2181879],[-52.4798149,-27.2355428],[-52.4763924,-27.2605782],[-52.4930183,-27.2671533],[-52.5291471,-27.2626863],[-52.5438602,-27.2410847],[-52.5636001,-27.2489161],[-52.5874994,-27.2468901],[-52.6178894,-27.2657059],[-52.6461956,-27.2606121],[-52.6574574,-27.2395345],[-52.6767383,-27.2466088],[-52.6809898,-27.2740514],[-52.6915217,-27.2844197]],[[-51.9303912,-27.8850082],[-51.9337967,-27.8906128]],[[-51.9337967,-27.8906128],[-51.9176079,-27.8977994],[-51.9326683,-27.9038073],[-51.9294547,-27.9296848],[-51.9096969,-27.9524236],[-51.9083834,-27.9844781],[-51.9093704,-27.9905485],[-51.9329711,-27.991164],[-51.9349411,-28.0055778],[-51.9108162,-28.0278609],[-51.924213,-28.0488446],[-51.9104394,-28.0667956],[-51.9083216,-28.0836315],[-51.9171945,-28.0957111],[-51.9112023,-28.1135662],[-51.9090912,-28.1185275],[-51.8866492,-28.1161274],[-51.856656,-28.1482096],[-51.8009771,-28.1634084],[-51.7809,-28.2055924],[-51.7596066,-28.2109446],[-51.7526429,-28.2137357],[-51.7191922,-28.1960091],[-51.6990767,-28.1949289],[-51.693921,-28.1862963],[-51.7046278,-28.1609152],[-51.6937485,-28.1499657]],[[-51.6937485,-28.1499657],[-51.6962678,-28.1473676]],[[-51.6962678,-28.1473676],[-51.6941493,-28.1453157],[-51.673627,-28.1348433],[-51.6562599,-28.1351433],[-51.6408318,-28.1336339],[-51.6361524,-28.1352832],[-51.6255807,-28.1314237],[-51.6316441,-28.1201043],[-51.6130288,-28.0971616],[-51.6113117,-28.0903779],[-51.6240329,-28.071348],[-51.6136843,-28.063044],[-51.6393426,-28.0449259],[-51.6504385,-28.0257902],[-51.6746655,-28.0221433],[-51.6554138,-28.0047309],[-51.6520332,-27.9892798],[-51.6632175,-27.9778658],[-51.636232,-27.9662543],[-51.5973971,-27.9765901],[-51.574333,-27.9878393],[-51.5437442,-27.9908033],[-51.5257348,-27.98396],[-51.5092376,-27.9553827],[-51.4601508,-27.949232],[-51.4583686,-27.9290089],[-51.4321865,-27.9122168],[-51.4173548,-27.9162572],[-51.403106,-27.8852137],[-51.3826966,-27.8739209],[-51.3782097,-27.8264301],[-51.3641694,-27.8120983],[-51.3504364,-27.7870845],[-51.3311922,-27.7874815],[-51.3356211,-27.752633],[-51.3075034,-27.7543984],[-51.3012105,-27.7465851],[-51.3018492,-27.7390918],[-51.3067148,-27.7351367],[-51.304154,-27.7289391]],[[-51.304154,-27.7289391],[-51.3105827,-27.7154941],[-51.3020007,-27.7025595],[-51.3126454,-27.6932697],[-51.3143548,-27.6759684],[-51.3308702,-27.6709395],[-51.3601128,-27.6787943],[-51.3779345,-27.6600239],[-51.3701089,-27.6366712],[-51.3892464,-27.6238144],[-51.4052908,-27.631861],[-51.4191535,-27.6546386],[-51.4339078,-27.6550574],[-51.4359842,-27.6311359],[-51.4590791,-27.6060697],[-51.4767643,-27.5987746],[-51.4773806,-27.5725858],[-51.4928159,-27.5583354],[-51.5130743,-27.5565923],[-51.554876,-27.5639917],[-51.5598995,-27.5822521],[-51.5856355,-27.5696056],[-51.5778171,-27.5319054],[-51.5923595,-27.5235699],[-51.6102606,-27.5427985],[-51.6311317,-27.5414631],[-51.6197769,-27.5020971],[-51.6325786,-27.488608],[-51.6462226,-27.4973097],[-51.6474327,-27.5163319],[-51.6596634,-27.519301],[-51.6755755,-27.5082841],[-51.6742287,-27.4864593],[-51.7016496,-27.4800121],[-51.7166827,-27.5103401],[-51.7303892,-27.511502],[-51.7468246,-27.4919133],[-51.75968,-27.4867563],[-51.7969058,-27.4899677],[-51.8022669,-27.5017184],[-51.7870009,-27.5162058],[-51.7930329,-27.5312044],[-51.8182557,-27.5140232],[-51.8370708,-27.522233]],[[-55.0516752,-27.8524129],[-55.0853093,-27.8430957],[-55.1138325,-27.8489913],[-55.1262762,-27.8598184],[-55.124006,-27.8814864],[-55.1393124,-27.8950654],[-55.1715604,-27.861276],[-55.2026827,-27.8578592],[-55.2322672,-27.8840687],[-55.2501219,-27.9142136],[-55.2664617,-27.9297895],[-55.2858009,-27.9322843],[-55.3093708,-27.9222498],[-55.3303065,-27.9314514],[-55.3397771,-27.9659781]],[[-55.3397771,-27.9659781],[-55.318321,-27.9725396]],[[-55.318321,-27.9725396],[-55.3112534,-27.9844421],[-55.3106753,-27.9892126],[-55.3120469,-27.9931654],[-55.3109846,-27.9950864],[-55.3048598,-27.9964749],[-55.2979683,-27.9951045]],[[-55.2979683,-27.9951045],[-55.2784772,-27.9822407],[-55.2535974,-27.990887],[-55.2460652,-28.0026298],[-55.2181493,-28.0022078],[-55.2280552,-28.0259814],[-55.1896894,-28.0100648],[-55.1828202,-28.0156677],[-55.1938228,-28.0271078],[-55.1823688,-28.0343033],[-55.1736843,-28.0540587],[-55.1523729,-28.043705],[-55.1488601,-28.0805265],[-55.1403271,-28.0855914],[-55.126428,-28.0585996],[-55.1008499,-28.0641875],[-55.1141653,-28.0804762],[-55.1030219,-28.0966408],[-55.1047308,-28.1169416],[-55.0880345,-28.1271912],[-55.0668558,-28.1113844],[-55.0503371,-28.1226171],[-55.030767,-28.1456445],[-55.0448286,-28.169725],[-55.0290659,-28.1785903],[-55.0097078,-28.1673595],[-54.9711437,-28.166554],[-54.9703214,-28.1857961],[-54.9452512,-28.1805544],[-54.9285607,-28.2011009],[-54.920927,-28.1815525],[-54.8939205,-28.1673788],[-54.8799309,-28.1871819],[-54.8586578,-28.1867214],[-54.8610136,-28.1633306],[-54.8038637,-28.1779768],[-54.7817429,-28.1683408],[-54.7581005,-28.1905477],[-54.7519978,-28.2097789],[-54.7611714,-28.2532862],[-54.7560074,-28.2902295],[-54.7482653,-28.3066354],[-54.7666826,-28.3343592],[-54.7686676,-28.3576987],[-54.7541501,-28.3667937],[-54.7254726,-28.3623878],[-54.7227015,-28.3548916],[-54.6942964,-28.3380599],[-54.6858727,-28.3445025],[-54.6905061,-28.3643662],[-54.6754332,-28.3930196],[-54.6513973,-28.3970381],[-54.6626773,-28.4132762],[-54.6531939,-28.4224681],[-54.6134218,-28.4391014],[-54.5929016,-28.4199505],[-54.5865182,-28.3886139],[-54.573392,-28.3642509],[-54.5425327,-28.3578902],[-54.5398531,-28.3529192],[-54.5427557,-28.3456206],[-54.5451501,-28.3308647],[-54.5556558,-28.3159398],[-54.5476154,-28.3047897],[-54.5523106,-28.2839213],[-54.4990574,-28.2564336],[-54.4787664,-28.232555],[-54.4509775,-28.2256007],[-54.4512087,-28.1942602],[-54.4106255,-28.1931039],[-54.4123396,-28.1350064],[-54.3961428,-28.1287639],[-54.415997,-28.1120305],[-54.4273612,-28.0936145],[-54.4267972,-28.0699488],[-54.4645402,-28.0772868],[-54.4941398,-28.0988681],[-54.5100387,-28.1007715],[-54.5280194,-28.0927095],[-54.5323646,-28.1142263],[-54.5540094,-28.1165073],[-54.5744234,-28.0933079],[-54.6270351,-28.093635],[-54.6403853,-28.0977547],[-54.6632709,-28.0740746],[-54.7295011,-28.0559668],[-54.7382225,-28.0585722],[-54.7327203,-28.010303]],[[-54.7327203,-28.010303],[-54.7249434,-28.0100878],[-54.7223659,-28.0088103],[-54.7177751,-28.0100769]],[[-54.7177751,-28.0100769],[-54.7178001,-27.985206]],[[-55.5617213,-28.697009],[-55.5498372,-28.7074737]],[[-55.5498372,-28.7074737],[-55.5360586,-28.6979955],[-55.5316054,-28.6863746],[-55.5262313,-28.6904108],[-55.5146487,-28.7060842],[-55.4891046,-28.6905374],[-55.4909574,-28.664713],[-55.4814988,-28.6686986],[-55.4720064,-28.6646758],[-55.4555289,-28.6680988],[-55.4460969,-28.6752535],[-55.4358553,-28.6679985],[-55.4272651,-28.650993],[-55.3947452,-28.6579741],[-55.3749737,-28.6572777],[-55.3660949,-28.6540251],[-55.3559983,-28.6494949],[-55.3477124,-28.6609103],[-55.3304587,-28.6674437],[-55.3206389,-28.6552661],[-55.303217,-28.671337],[-55.2749674,-28.6722555],[-55.2554389,-28.6827144],[-55.2230006,-28.6692551],[-55.2268665,-28.6920449],[-55.2220358,-28.7131262],[-55.2075342,-28.7114981],[-55.1830061,-28.7492404],[-55.1647979,-28.7516683],[-55.1553734,-28.7367317],[-55.132632,-28.7449994],[-55.1121488,-28.742536],[-55.0986068,-28.7534756],[-55.0560092,-28.766692],[-55.0078475,-28.796472],[-54.9964296,-28.7777398],[-54.9645784,-28.8082729],[-54.92197,-28.8253452],[-54.90212,-28.8175634],[-54.8816789,-28.8291212],[-54.8610183,-28.8321182],[-54.8441108,-28.8510793],[-54.8330791,-28.8483448],[-54.7941941,-28.8746516],[-54.7721268,-28.8720034],[-54.7537277,-28.8536461],[-54.7404355,-28.8547839],[-54.7079318,-28.8366984],[-54.7154441,-28.8034886],[-54.7101541,-28.7857202],[-54.675543,-28.7377263],[-54.6528345,-28.740462],[-54.6173219,-28.7533041],[-54.6117378,-28.7796731],[-54.5828513,-28.7892653],[-54.5957335,-28.8057498],[-54.5787046,-28.8130697],[-54.5651176,-28.8375656],[-54.5385771,-28.8473746],[-54.5287827,-28.8664169],[-54.4838218,-28.8711743],[-54.4768818,-28.8820896],[-54.457394,-28.8862852],[-54.410382,-28.9222081],[-54.389294,-28.9877424],[-54.3777217,-29.004479],[-54.3511012,-28.9729186],[-54.3570987,-28.96107]],[[-54.3570987,-28.96107],[-54.3438123,-28.9297695],[-54.3406248,-28.9292155],[-54.3309076,-28.9310848]],[[-54.3309076,-28.9310848],[-54.3324548,-28.9275442],[-54.3409641,-28.9086305],[-54.3542096,-28.8938605],[-54.3575314,-28.8858722],[-54.3631488,-28.8655334],[-54.3561165,-28.8510539],[-54.3561235,-28.8252547],[-54.3640238,-28.7843692],[-54.3745701,-28.7926901],[-54.3947012,-28.7868907],[-54.3935984,-28.7644319],[-54.4013378,-28.7531351],[-54.3949376,-28.746582],[-54.3976123,-28.7264925],[-54.4073443,-28.7295973],[-54.4112671,-28.7356623],[-54.4051016,-28.7176721],[-54.3901276,-28.7037485],[-54.3800447,-28.6982644],[-54.3718907,-28.700874],[-54.3548247,-28.7070418],[-54.3434112,-28.7121156],[-54.333495,-28.7210072],[-54.3148641,-28.7046405],[-54.3133827,-28.6947158],[-54.3165483,-28.685438],[-54.3227486,-28.6860043],[-54.3299734,-28.6805246],[-54.3315738,-28.6728289],[-54.3188216,-28.6662873],[-54.309055,-28.6664124],[-54.2880431,-28.6649015],[-54.2812938,-28.676684],[-54.2727799,-28.6666154],[-54.2423973,-28.6473238],[-54.197053,-28.6600574],[-54.1918332,-28.644361],[-54.177276,-28.6343655],[-54.175767,-28.618584],[-54.1515414,-28.6089837],[-54.1525796,-28.603543],[-54.1572769,-28.5818816],[-54.1449909,-28.5627504],[-54.1517742,-28.5561378],[-54.1406567,-28.5558643],[-54.1329711,-28.556698]],[[-54.1329711,-28.556698],[-54.128436,-28.5546942]],[[-54.128436,-28.5546942],[-54.128014,-28.4901193],[-54.1399675,-28.4840682],[-54.1386365,-28.4604108],[-54.1485876,-28.4328395],[-54.0932557,-28.4259615],[-54.1102988,-28.3918771],[-54.11362,-28.3464187],[-54.0720416,-28.3397672],[-54.0649032,-28.3223926],[-54.0664178,-28.2999564],[-54.0451032,-28.2923747],[-54.0327158,-28.2742062],[-54.0129826,-28.2857991],[-53.9929402,-28.2827623],[-53.9697695,-28.2875748],[-53.9625924,-28.2431963],[-53.9482636,-28.2248318],[-53.9277451,-28.2404031],[-53.9238803,-28.2375154],[-53.9178091,-28.2170847],[-53.9157715,-28.2069692],[-53.9179936,-28.1848938],[-53.9127626,-28.1604641],[-53.9311591,-28.1186597],[-53.9161821,-28.1153406],[-53.9105487,-28.1107143],[-53.9045253,-28.082758],[-53.9148557,-28.0705848],[-53.9285597,-28.0618199],[-53.9529753,-28.0596675],[-53.9708641,-28.0667388],[-53.9929067,-28.0485456],[-54.0107463,-28.0120713],[-54.0294874,-27.9937293],[-54.0343175,-27.9846871],[-54.0417903,-28.0033091],[-54.0599931,-28.0216242]],[[-54.0599931,-28.0216242],[-54.0772791,-28.0084741],[-54.0896913,-27.9933485]],[[-54.7177721,-28.0136241],[-54.7177751,-28.0100769]],[[-54.7177751,-28.0100769],[-54.7191585,-28.0093491],[-54.7327203,-28.010303]],[[-55.2979683,-27.9951045],[-55.3031197,-27.9964446],[-55.309517,-27.995903],[-55.3119343,-27.9938595],[-55.318321,-27.9725396]],[[-55.3397771,-27.9659781],[-55.3771528,-27.9765257],[-55.3871865,-27.9861896],[-55.369395,-28.0272605],[-55.3905088,-28.0452307],[-55.4139679,-28.0546489],[-55.4384353,-28.0863349]],[[-55.4384353,-28.0863349],[-55.4283438,-28.0984685],[-55.418144,-28.0908073],[-55.4148668,-28.0878178],[-55.4088379,-28.0896915],[-55.4032108,-28.1137811],[-55.3653273,-28.1240399],[-55.3549823,-28.1335688],[-55.3676655,-28.1500985],[-55.3662023,-28.1648398],[-55.3384956,-28.1848373],[-55.3427782,-28.1994192],[-55.3265272,-28.2092926],[-55.3514376,-28.25412],[-55.3644431,-28.2615981],[-55.3809054,-28.2872336],[-55.3837235,-28.3049122],[-55.4097736,-28.2945639],[-55.4435716,-28.2487684],[-55.4607268,-28.2516861],[-55.4862251,-28.2722703],[-55.4902595,-28.3052806],[-55.5041627,-28.3311968],[-55.5253334,-28.343352],[-55.4999836,-28.366129],[-55.5026872,-28.3997818],[-55.5244367,-28.4151842],[-55.5233814,-28.4481826],[-55.5287579,-28.4577616],[-55.568031,-28.4693202],[-55.5903785,-28.4884472],[-55.6242109,-28.4884479],[-55.6350567,-28.496178],[-55.6792661,-28.4983274],[-55.6971347,-28.5314123],[-55.7283485,-28.550472],[-55.7341922,-28.5732189],[-55.7723749,-28.5852084],[-55.7695137,-28.5945053],[-55.7545572,-28.5986028],[-55.733219,-28.6227483],[-55.699765,-28.6261406],[-55.7199851,-28.6531486],[-55.6966144,-28.654836],[-55.6756802,-28.6715277],[-55.6416941,-28.6691854],[-55.6287823,-28.684544],[-55.6166432,-28.6779537],[-55.5909108,-28.6907839],[-55.5729666,-28.6762805],[-55.5617213,-28.697009]],[[-54.128436,-28.5546942],[-54.1318033,-28.5627125]],[[-54.1318033,-28.5627125],[-54.119711,-28.5611627],[-54.1104198,-28.5628044],[-54.1008024,-28.5662179],[-54.0982164,-28.562097],[-54.0898402,-28.5693972],[-54.0945854,-28.5773177],[-54.0914046,-28.5832692],[-54.0836003,-28.568519],[-54.0634339,-28.5880326],[-54.036536,-28.594723],[-54.0203999,-28.6115871],[-54.0009646,-28.6223857],[-54.0073268,-28.6337467],[-53.967852,-28.6397799],[-53.9372114,-28.62728],[-53.9314373,-28.6055713],[-53.8944043,-28.5839284],[-53.9096136,-28.5476753],[-53.8966733,-28.5464299],[-53.8802673,-28.5261324],[-53.8716508,-28.5327148],[-53.8549063,-28.5152578],[-53.8385656,-28.5137359],[-53.8110347,-28.4880247],[-53.7855315,-28.4880022],[-53.7779163,-28.4714971],[-53.78092,-28.4458151],[-53.7699512,-28.439114],[-53.7443021,-28.4632855],[-53.7337061,-28.4650561],[-53.7164983,-28.4849915],[-53.6932253,-28.4825423],[-53.6679984,-28.5124264],[-53.6463869,-28.5141964],[-53.6006985,-28.5268319],[-53.5683683,-28.5292456],[-53.5499712,-28.5484298],[-53.5251728,-28.5491786],[-53.512886,-28.5706259],[-53.488819,-28.5669233],[-53.4755542,-28.557431],[-53.4611322,-28.5514819],[-53.4569231,-28.5474125],[-53.462285,-28.5417013],[-53.4631931,-28.52731],[-53.4490376,-28.5105696],[-53.4602302,-28.4914937],[-53.4507561,-28.4837698],[-53.429313,-28.4493332],[-53.4103165,-28.4309029],[-53.4179097,-28.4120071],[-53.3731669,-28.3867511],[-53.4005367,-28.242284],[-53.3783303,-28.2369175],[-53.3579994,-28.2443569],[-53.3558758,-28.2414803],[-53.3490031,-28.2347473],[-53.3430013,-28.2333326],[-53.3251399,-28.2227401],[-53.3119711,-28.1989232]],[[-53.3119711,-28.1989232],[-53.3150494,-28.1926495]],[[-53.3150494,-28.1926495],[-53.3155923,-28.177609],[-53.3318515,-28.1741197],[-53.349995,-28.1555337],[-53.3529742,-28.1287462],[-53.4029971,-28.136227],[-53.4176604,-28.1157576],[-53.4117888,-28.0874121],[-53.4506842,-28.0746429],[-53.4626142,-28.0778293],[-53.4808578,-28.0990575],[-53.4877567,-28.1010749],[-53.4980813,-28.1356291],[-53.5115869,-28.1323564],[-53.5207668,-28.0990601],[-53.5402307,-28.0841651],[-53.5317327,-28.0699217],[-53.5572444,-28.0568917],[-53.5677372,-28.0410249],[-53.568104,-28.0013713],[-53.5970212,-27.983338],[-53.6188435,-27.9815882],[-53.6255567,-27.9477261],[-53.6145739,-27.9399799],[-53.611551,-27.9321209],[-53.6069861,-27.9261212],[-53.597282,-27.9183319],[-53.5680447,-27.9014491],[-53.5558378,-27.885322],[-53.5413684,-27.8820936],[-53.5260845,-27.8651532],[-53.5148187,-27.8225928],[-53.5138538,-27.816905],[-53.5250952,-27.7951248],[-53.5380613,-27.7836782],[-53.548174,-27.7755168],[-53.5607092,-27.7604216],[-53.5626906,-27.7536354],[-53.5754174,-27.7547792],[-53.5741822,-27.745696],[-53.5658034,-27.7432945]],[[-53.5658034,-27.7432945],[-53.5665653,-27.7351798]],[[-53.57108,-27.6818549],[-53.5900498,-27.6884333]],[[-54.0658388,-27.7349441],[-54.0665108,-27.7448856]],[[-54.0767375,-28.0074738],[-54.0599931,-28.0216242]],[[-53.5571062,-27.7417318],[-53.5658034,-27.7432945]],[[-53.3150494,-28.1926495],[-53.3105641,-28.191685]],[[-53.3105641,-28.191685],[-53.291476,-28.1715573],[-53.2685917,-28.1630681],[-53.2398852,-28.1610612],[-53.2233526,-28.1464216],[-53.1968732,-28.159355],[-53.1846421,-28.1842979],[-53.1829457,-28.2043494],[-53.1678229,-28.2078421],[-53.1541016,-28.2304965],[-53.119315,-28.2576439],[-53.1304611,-28.2675473],[-53.1180581,-28.2895406],[-53.1016678,-28.2813055],[-53.0996918,-28.2797618],[-53.0815027,-28.2839138],[-53.0681231,-28.2982313],[-53.0575414,-28.2986052],[-53.0432162,-28.3050234],[-53.0376225,-28.3108512],[-53.0345795,-28.3174777],[-53.0324371,-28.3181013],[-53.0221202,-28.316351],[-53.0264127,-28.3276047],[-53.0253725,-28.3424119],[-53.027583,-28.3546083],[-53.0368669,-28.3710816],[-53.0280157,-28.3765824],[-53.0106593,-28.3673637],[-53.0017316,-28.36793]],[[-53.0017316,-28.36793],[-52.9999048,-28.3559308],[-52.9656265,-28.3357376],[-52.9549825,-28.3338758],[-52.9431533,-28.3759544],[-52.8423674,-28.384488],[-52.81658,-28.3826624],[-52.8084895,-28.372747],[-52.7680277,-28.3773495],[-52.763014,-28.3934445],[-52.7480521,-28.4033556],[-52.7320705,-28.4276906],[-52.7144727,-28.4288518],[-52.7026631,-28.4446814],[-52.6983147,-28.4698721],[-52.6663592,-28.4552108],[-52.6427305,-28.4280095],[-52.6243487,-28.4132866]],[[-52.6243487,-28.4132866],[-52.6280745,-28.409609]],[[-52.6280745,-28.409609],[-52.648725,-28.3768146],[-52.643478,-28.3730257],[-52.6300542,-28.3543851],[-52.6028207,-28.3406304],[-52.5935281,-28.3039572],[-52.6367865,-28.3009359],[-52.6546321,-28.2645912],[-52.6267773,-28.2399],[-52.6081324,-28.2338176],[-52.6075414,-28.2056397],[-52.6377057,-28.1912807],[-52.631288,-28.1739306],[-52.6342916,-28.1719779],[-52.655571,-28.1657848],[-52.6545469,-28.1400274],[-52.660561,-28.1218028],[-52.6878805,-28.1148818],[-52.7242331,-28.059605],[-52.7374676,-28.0554307],[-52.7550667,-28.0364041],[-52.7974271,-28.0333277],[-52.8156466,-28.0414856],[-52.812351,-28.0377485],[-52.828192,-28.0292084],[-52.8210315,-28.0084786],[-52.7998107,-27.984061],[-52.7892279,-27.9848581],[-52.7588107,-27.9685984],[-52.7581056,-27.9570744],[-52.7418695,-27.9474032],[-52.7658224,-27.9304176],[-52.7721488,-27.9154469]],[[-52.6280745,-28.409609],[-52.6259972,-28.4106626]],[[-52.6259972,-28.4106626],[-52.6029481,-28.4130399],[-52.5887395,-28.4296782],[-52.5999546,-28.4579297],[-52.608919,-28.4635121],[-52.6178453,-28.5147384],[-52.615255,-28.5190583],[-52.6043454,-28.5109391],[-52.5523154,-28.5297975],[-52.5461732,-28.547378]],[[-52.5461732,-28.547378],[-52.5423304,-28.5434422]],[[-52.5423304,-28.5434422],[-52.5255839,-28.5360854],[-52.5222278,-28.5535542]],[[-52.5222278,-28.5535542],[-52.4987327,-28.5670344],[-52.4827936,-28.55861],[-52.4576311,-28.5651922],[-52.4337301,-28.5485892],[-52.3915803,-28.5680857],[-52.382942,-28.5775921],[-52.3610598,-28.5790604],[-52.3375219,-28.6057098],[-52.3118851,-28.6487088],[-52.2882707,-28.6422831],[-52.2706183,-28.666743],[-52.2537947,-28.6607738]],[[-52.2537947,-28.6607738],[-52.2464414,-28.6622764]],[[-52.2464414,-28.6622764],[-52.2356916,-28.6711474],[-52.2104784,-28.6699489],[-52.1920238,-28.6697543],[-52.1952089,-28.6549465],[-52.1626325,-28.6593616],[-52.1335381,-28.6730021],[-52.1022844,-28.6648636],[-52.1058842,-28.6496827],[-52.0925651,-28.6332906],[-52.0929839,-28.6159208],[-51.9964698,-28.6104894],[-51.9943679,-28.6725012],[-51.8568095,-28.661967],[-51.8493164,-28.6489235],[-51.8565806,-28.6293322],[-51.8562612,-28.605884],[-51.8403893,-28.5790409],[-51.8085914,-28.5583174],[-51.8141542,-28.5516726],[-51.795556,-28.523276],[-51.7823514,-28.5131796],[-51.790343,-28.4879644],[-51.7694176,-28.4577737],[-51.7516993,-28.4486909],[-51.7131582,-28.4546689],[-51.6871219,-28.4667013],[-51.641682,-28.4656133],[-51.6328998,-28.4686001],[-51.6219783,-28.4761399]],[[-51.6219783,-28.4761399],[-51.6197554,-28.4796454]],[[-51.6197554,-28.4796454],[-51.6142292,-28.4471162],[-51.6051162,-28.4505475],[-51.5846461,-28.4243257],[-51.547814,-28.4217765],[-51.5191468,-28.4126359],[-51.4987499,-28.3981547],[-51.5082886,-28.3863456],[-51.5352045,-28.374152],[-51.5397109,-28.3597729],[-51.5297919,-28.3339944],[-51.5447456,-28.3136277],[-51.5940081,-28.301363],[-51.6399711,-28.2455204],[-51.6523731,-28.2124377],[-51.6667875,-28.2020018],[-51.6500968,-28.1867111],[-51.6576675,-28.173376],[-51.6859406,-28.1572112]],[[-51.6859406,-28.1572112],[-51.6937485,-28.1499657]],[[-51.9337967,-27.8906128],[-51.9383363,-27.8845196],[-51.9693266,-27.8848525]],[[-53.2614368,-29.144295],[-53.1760908,-29.1314875],[-53.1636857,-29.1371746],[-53.1414219,-29.1307891],[-53.1175555,-29.1453727],[-53.0994037,-29.1411922],[-53.0725352,-29.1777897],[-53.0566109,-29.1802619],[-53.0644166,-29.160314],[-53.0523016,-29.1561998],[-53.0423306,-29.1633513],[-53.0165759,-29.1554721],[-53.0050967,-29.1480535],[-53.0109233,-29.1460427],[-53.0047533,-29.1371087]],[[-53.0047533,-29.1371087],[-52.9982524,-29.1267078]],[[-52.9982524,-29.1267078],[-53.0024424,-29.1257844],[-52.9910358,-29.1212105],[-52.9874172,-29.1056695],[-52.9801392,-29.1017216],[-52.9484302,-29.095796],[-52.9576501,-29.0659961],[-52.9351173,-29.0669839],[-52.9163467,-29.0538501],[-52.8620827,-29.0397718],[-52.8579364,-29.0433524],[-52.8437893,-29.0382254],[-52.8371444,-29.0380436],[-52.8319719,-29.0367691],[-52.8305304,-29.032485],[-52.8171355,-29.0315089],[-52.8108459,-29.0337746],[-52.7998884,-29.0238214],[-52.7783259,-29.0321395],[-52.7615041,-29.0284447],[-52.7181976,-29.0099431],[-52.7094414,-28.7898723],[-52.7305868,-28.7618545],[-52.7286123,-28.7504625],[-52.7256635,-28.7338488],[-52.7306992,-28.7125801],[-52.7190168,-28.7069407],[-52.7284074,-28.6852512]],[[-52.7284074,-28.6852512],[-52.740165,-28.6880342],[-52.7301892,-28.6799615],[-52.7311061,-28.6726572],[-52.7817357,-28.6570923],[-52.7825714,-28.6810849],[-52.7917532,-28.6879055],[-52.8210968,-28.687981],[-52.8215054,-28.7077737],[-52.832458,-28.7248764],[-52.8536375,-28.7236998],[-52.8741717,-28.7062708],[-52.8829247,-28.7236597],[-52.8960293,-28.7313312],[-52.9255631,-28.7297986],[-52.9506892,-28.736821],[-52.9560941,-28.7610073],[-52.9679689,-28.7619797],[-52.985956,-28.7484968],[-53.0101256,-28.7571635],[-53.031861,-28.7558678],[-53.032032,-28.7265275],[-53.0128309,-28.717014],[-53.0353071,-28.6852437],[-53.0245041,-28.6649725],[-53.0294236,-28.6433667],[-53.0261357,-28.6178096],[-53.0144043,-28.5928984],[-53.0244526,-28.5778786],[-53.0176999,-28.5675361],[-53.0439567,-28.5506101],[-53.0426789,-28.5377266],[-53.0758073,-28.5010368],[-53.0637055,-28.4534397],[-53.0469767,-28.4353117],[-53.0563019,-28.4184169],[-53.0575539,-28.3966404],[-53.040003,-28.3852304],[-53.0085295,-28.3845017],[-53.0017316,-28.36793]],[[-53.3105641,-28.191685],[-53.3119711,-28.1989232]],[[-54.1318033,-28.5627125],[-54.1329711,-28.556698]],[[-54.3309076,-28.9310848],[-54.3167196,-28.9286598]],[[-54.3167196,-28.9286598],[-54.3073071,-28.9289561],[-54.2795654,-28.9205789],[-54.2706612,-28.9129846],[-54.2330912,-28.9253322],[-54.2158135,-28.9202626],[-54.2007132,-28.9010094],[-54.1860386,-28.8941349],[-54.1492349,-28.8949627],[-54.1348661,-28.882605],[-54.1183286,-28.8876712],[-54.0952653,-28.9049402],[-54.0481768,-28.9117876],[-54.0237492,-28.9039921],[-53.9962008,-28.9039769],[-53.9799488,-28.8980142],[-53.9529096,-28.8983641],[-53.9550945,-28.8749016],[-53.9253411,-28.8405121],[-53.8921838,-28.8118442],[-53.8739577,-28.8149112],[-53.8645291,-28.8035979],[-53.8437365,-28.7989512],[-53.8147483,-28.8065527],[-53.8109113,-28.7977018],[-53.8061157,-28.8007014],[-53.7871075,-28.8091961],[-53.7831787,-28.8305499],[-53.7604087,-28.8649503],[-53.7416586,-28.8622676],[-53.7199287,-28.8750316],[-53.7167248,-28.8854477],[-53.6833221,-28.9013159],[-53.6678409,-28.9376785],[-53.6359477,-28.9467303],[-53.6088223,-28.9380207],[-53.5820706,-28.9438941],[-53.5724302,-28.9530305],[-53.5649819,-28.9577944],[-53.5563644,-28.9676569],[-53.5457521,-28.9750311],[-53.5289082,-28.9670407],[-53.5241544,-28.973275],[-53.533616,-28.993899],[-53.5259282,-29.016413],[-53.5071341,-29.0337255],[-53.5021288,-29.0640167],[-53.4943805,-29.0730784],[-53.4766038,-29.0767571],[-53.4408929,-29.0956324],[-53.4290835,-29.0949267],[-53.4086062,-29.1122531],[-53.3857798,-29.1237437],[-53.3484542,-29.1184864],[-53.3321161,-29.1282236],[-53.2902073,-29.1278134],[-53.2787486,-29.1313934],[-53.2758749,-29.1456784],[-53.2614368,-29.144295]],[[-52.6259972,-28.4106626],[-52.6243487,-28.4132866]],[[-52.7284074,-28.6852512],[-52.7107995,-28.692403],[-52.7089167,-28.6860573],[-52.7144655,-28.6838241],[-52.7065732,-28.6682517],[-52.6953859,-28.6663293],[-52.7009302,-28.6434895],[-52.7109795,-28.6337212],[-52.702315,-28.6287128],[-52.6896951,-28.6360883],[-52.6688317,-28.618145],[-52.6641361,-28.606416],[-52.6609609,-28.6072435],[-52.663178,-28.6128372],[-52.6570425,-28.6205737],[-52.6515827,-28.6218565],[-52.6287977,-28.626843],[-52.6286303,-28.6358146],[-52.5986251,-28.6451013],[-52.5837846,-28.6437099],[-52.5791021,-28.6520894],[-52.5605388,-28.6522616],[-52.5459044,-28.6397938],[-52.5465282,-28.6338142],[-52.5462983,-28.6189238],[-52.5486168,-28.6185565],[-52.5578773,-28.6056678],[-52.5776314,-28.6044374],[-52.5803759,-28.6007752],[-52.5788226,-28.5939263],[-52.5805962,-28.5818911],[-52.5692003,-28.5800972],[-52.5591633,-28.5768418],[-52.5553777,-28.5625126],[-52.5461732,-28.547378]],[[-52.9982524,-29.1267078],[-52.9994526,-29.1389851]],[[-52.9994526,-29.1389851],[-52.9911697,-29.1451798],[-52.9857832,-29.1476779],[-52.9659347,-29.1534929],[-52.9537902,-29.1702768],[-52.9192173,-29.183361],[-52.8956177,-29.2132573],[-52.8994457,-29.2236196],[-52.8859645,-29.2628813],[-52.8964142,-29.2664769],[-52.8825789,-29.3009345],[-52.8901656,-29.3196909],[-52.8579671,-29.3172714],[-52.8245664,-29.3279248],[-52.8106039,-29.3180827],[-52.7794,-29.3425942],[-52.7760238,-29.3517423],[-52.7502022,-29.3634193],[-52.7432933,-29.3590325],[-52.7404985,-29.3351773],[-52.7286811,-29.3362744],[-52.7265915,-29.320229],[-52.7114494,-29.3075186],[-52.7131545,-29.3033189],[-52.6931424,-29.2721607],[-52.6758426,-29.2538062],[-52.6740293,-29.2331482],[-52.6496301,-29.2283669],[-52.6195487,-29.2308491],[-52.5984465,-29.2142618],[-52.5801065,-29.2282877],[-52.5587416,-29.2199299],[-52.5356057,-29.2245462],[-52.5010067,-29.2472842]],[[-52.5010067,-29.2472842],[-52.4990559,-29.2472217]],[[-52.4990559,-29.2472217],[-52.4809542,-29.2370878],[-52.4564348,-29.2402916],[-52.4394396,-29.229373],[-52.4338248,-29.2079067],[-52.4385978,-29.1898569],[-52.4128,-29.1520942],[-52.3730666,-29.1435762],[-52.3104878,-29.1584952],[-52.2866566,-29.1480893],[-52.2810558,-29.1249282],[-52.2692357,-29.1188139],[-52.2554886,-29.1202883],[-52.2468929,-29.101983],[-52.2121426,-29.0949778]],[[-52.2121426,-29.0949778],[-52.2062449,-29.0853046],[-52.209138,-29.0507726],[-52.2197608,-29.0113161],[-52.2318176,-28.9987506],[-52.226775,-28.9724683],[-52.240957,-28.9718038],[-52.2676516,-28.9454233],[-52.2607506,-28.9325906],[-52.2803367,-28.9124671],[-52.2781905,-28.8999664],[-52.299423,-28.8755933],[-52.3061496,-28.8411676],[-52.329545,-28.8216142],[-52.3044775,-28.7720552],[-52.2952526,-28.7625713],[-52.3008129,-28.7479839],[-52.2777524,-28.7351771],[-52.2784913,-28.6960762],[-52.2677122,-28.6933751],[-52.2494746,-28.6698027]],[[-52.2494746,-28.6698027],[-52.2537947,-28.6607738]],[[-52.5222278,-28.5535542],[-52.5423304,-28.5434422]],[[-52.2464414,-28.6622764],[-52.2494746,-28.6698027]],[[-52.2121426,-29.0949778],[-52.2060048,-29.1109972],[-52.1744538,-29.1075924],[-52.1655346,-29.0888016],[-52.1267396,-29.0812791],[-52.0953256,-29.0835971],[-52.0784323,-29.0676695],[-52.046061,-29.0577056],[-52.0485884,-29.020557],[-52.0210972,-29.0396772],[-51.9700279,-29.0391018],[-51.9551472,-29.0745114],[-51.9258515,-29.0748655],[-51.9132693,-29.0416651],[-51.918325,-29.0228589],[-51.852305,-29.0168473],[-51.8516041,-29.0258081],[-51.8140991,-29.0145116],[-51.805329,-29.0457027],[-51.8083994,-29.0817241],[-51.7585114,-29.1036534],[-51.7390049,-29.1188335]],[[-51.7390049,-29.1188335],[-51.739129,-29.1367534]],[[-51.739129,-29.1367534],[-51.7122262,-29.1156541],[-51.7299721,-29.0945043],[-51.7283622,-29.0797589],[-51.7106738,-29.0804974],[-51.7375268,-29.0190619],[-51.7411829,-28.9945188],[-51.7600161,-28.9964923],[-51.7512845,-28.9754233],[-51.7774947,-28.9700272],[-51.7676087,-28.9432944],[-51.7904362,-28.9323676],[-51.7898229,-28.9279608],[-51.7983435,-28.910261],[-51.8132245,-28.9078192],[-51.7993741,-28.8858681],[-51.7764136,-28.8803398],[-51.7586932,-28.8566237],[-51.7546756,-28.8359849],[-51.5752397,-28.8333708],[-51.5000217,-28.8272049],[-51.4830819,-28.8420603],[-51.4724209,-28.8480686],[-51.4625271,-28.8557331],[-51.4419164,-28.844609],[-51.457734,-28.8355382],[-51.4570282,-28.8167098],[-51.4620791,-28.8018471],[-51.4377189,-28.8058297]],[[-51.4377189,-28.8058297],[-51.4339276,-28.8033973],[-51.4485215,-28.7943691],[-51.4544367,-28.7855739],[-51.4314142,-28.7714701],[-51.4357576,-28.7521422],[-51.4246669,-28.7444695],[-51.4255764,-28.7387994],[-51.4403662,-28.7159679],[-51.432176,-28.7090462],[-51.4343395,-28.6887136],[-51.4507693,-28.6840615],[-51.4458447,-28.6780729],[-51.4156279,-28.6583052],[-51.4095301,-28.6455842],[-51.4013708,-28.6365784],[-51.4024525,-28.6314808],[-51.4000909,-28.6276539],[-51.3994574,-28.6181845],[-51.3925088,-28.6202017],[-51.4014249,-28.6154874],[-51.4031845,-28.5872823],[-51.3995618,-28.5817038],[-51.393211,-28.5746451],[-51.3957059,-28.5675042],[-51.3980869,-28.5611151],[-51.4006567,-28.5531207],[-51.4052266,-28.5346048],[-51.4199227,-28.5178054],[-51.4179494,-28.5074271],[-51.4280579,-28.5022641],[-51.4438309,-28.4920797],[-51.4486993,-28.487368],[-51.4582488,-28.496229],[-51.4716596,-28.5056857],[-51.4719419,-28.5255014],[-51.4875715,-28.5233698],[-51.5302828,-28.5460546],[-51.5370081,-28.5265519],[-51.5598722,-28.5205524],[-51.5869078,-28.5203686],[-51.5997187,-28.5352836],[-51.6028673,-28.535767],[-51.6088574,-28.5366488],[-51.6131866,-28.5279626],[-51.6095589,-28.5275072],[-51.6149177,-28.5239543],[-51.6168534,-28.4889896]],[[-51.6168534,-28.4889896],[-51.6219783,-28.4761399]],[[-51.4377189,-28.8058297],[-51.4277394,-28.8065439],[-51.4072358,-28.8018193],[-51.3728245,-28.8305134],[-51.3295213,-28.8427664],[-51.3166583,-28.8480632],[-51.3107597,-28.8373062],[-51.2746546,-28.8288666],[-51.2484807,-28.8175272],[-51.2338354,-28.8172593],[-51.1768293,-28.8567925],[-51.1631968,-28.8729146],[-51.1443439,-28.8837688],[-51.1086474,-28.8684839],[-51.1081736,-28.8471346],[-51.0886506,-28.8430781],[-51.0722049,-28.8624802],[-51.0477766,-28.8621422],[-51.0473204,-28.8453551],[-51.0324084,-28.8328723],[-51.0169968,-28.8412559],[-50.9936387,-28.8159841]],[[-50.9936387,-28.8159841],[-50.9804899,-28.8160331],[-50.9767534,-28.8146412],[-50.9628853,-28.7944818]],[[-50.9628853,-28.7944818],[-50.931449,-28.8075246],[-50.9141896,-28.80177],[-50.8906712,-28.8063192],[-50.8838334,-28.841247],[-50.8414629,-28.8298344],[-50.8188432,-28.8376808],[-50.8275355,-28.8557993],[-50.821017,-28.8673625],[-50.7943881,-28.8746616],[-50.8202202,-28.8928676],[-50.8065492,-28.9124844],[-50.8108539,-28.9293901],[-50.7924008,-28.9353467],[-50.8103324,-28.9590203],[-50.8130543,-28.9694352],[-50.795031,-28.9668407],[-50.7914079,-28.9791837],[-50.7826969,-29.0000758],[-50.7992349,-29.0253809],[-50.8151362,-29.028471],[-50.8228945,-29.0542932],[-50.8686405,-29.0689856],[-50.8925913,-29.066688],[-50.9084631,-29.0750277],[-50.931328,-29.0744609],[-50.9442313,-29.0713205],[-50.9353436,-29.0788486],[-50.9089662,-29.083547],[-50.9109096,-29.1077788],[-50.9143418,-29.1193354],[-50.90383,-29.1160029],[-50.8712281,-29.1207339],[-50.8479924,-29.1214815],[-50.8410006,-29.1337159],[-50.8417079,-29.1508218],[-50.8365173,-29.1818744],[-50.8359944,-29.1860487],[-50.8549493,-29.2136884],[-50.8543954,-29.2254012],[-50.8581022,-29.228962],[-50.8563024,-29.2339854],[-50.8583056,-29.2431964],[-50.8592673,-29.2475897]],[[-50.8592673,-29.2475897],[-50.8532534,-29.2641589]],[[-50.8532534,-29.2641589],[-50.8439827,-29.2602012],[-50.8229428,-29.260608],[-50.810234,-29.2635973],[-50.7967911,-29.2768633],[-50.7767204,-29.2753377],[-50.7580284,-29.2822741],[-50.7613626,-29.3093803],[-50.7429856,-29.3269588],[-50.7114511,-29.334368],[-50.6919246,-29.3227399],[-50.6831402,-29.3313528],[-50.6731297,-29.3382804],[-50.68237,-29.3596062],[-50.6454372,-29.3806563],[-50.6445501,-29.4059687],[-50.6570305,-29.4220737],[-50.6844388,-29.4076537],[-50.7045164,-29.4183936],[-50.7214972,-29.4411385],[-50.7154758,-29.4551719],[-50.6812125,-29.4785826],[-50.6607147,-29.5064603],[-50.6511525,-29.5024802]],[[-50.6511525,-29.5024802],[-50.6308646,-29.5585958],[-50.6290491,-29.5607457],[-50.6232966,-29.5572623]],[[-50.6232966,-29.5572623],[-50.6023675,-29.551816],[-50.5724982,-29.5525636],[-50.5527589,-29.538637],[-50.4328876,-29.5372576],[-50.4116637,-29.5183713],[-50.4040297,-29.5160687],[-50.3863239,-29.5097607],[-50.3782875,-29.5068683],[-50.3708513,-29.5003328],[-50.3692545,-29.4986363]],[[-50.3692545,-29.4986363],[-50.3606733,-29.4996462],[-50.3572775,-29.4986777],[-50.3373752,-29.4877217],[-50.334198,-29.4840386],[-50.3348414,-29.479488],[-50.3289994,-29.4788246]],[[-50.3289994,-29.4788246],[-50.3172934,-29.4752214],[-50.3197096,-29.4606975],[-50.3135115,-29.437668],[-50.311153,-29.4360572],[-50.2910046,-29.4498312],[-50.2939222,-29.4681979],[-50.2695205,-29.4601994],[-50.2665113,-29.4594003],[-50.2693133,-29.4714822],[-50.2947362,-29.4854376],[-50.2553237,-29.497043],[-50.2151325,-29.496884],[-50.2105797,-29.5157619],[-50.1976836,-29.5164895],[-50.1747083,-29.5331424],[-50.1680553,-29.5324398],[-50.1838761,-29.5136827],[-50.1831326,-29.4779227],[-50.1994744,-29.4839024],[-50.2115404,-29.4606641],[-50.2110924,-29.4420461],[-50.2220462,-29.4321783],[-50.2200357,-29.3894407],[-50.2449657,-29.3739548],[-50.2390064,-29.3539728],[-50.2496775,-29.3349874],[-50.2125987,-29.3342867],[-50.1756507,-29.349859],[-50.1608526,-29.3396104],[-50.1368761,-29.338983],[-50.1055,-29.3280979],[-50.0601323,-29.3648022],[-50.0421584,-29.3532484]],[[-50.0421584,-29.3532484],[-50.0595088,-29.3412031],[-50.0906541,-29.3108993],[-50.134067,-29.3021625],[-50.1425247,-29.2713911],[-50.1552287,-29.2476875],[-50.1406832,-29.2377834],[-50.148226,-29.2199227],[-50.1347366,-29.2150717],[-50.1330356,-29.1973491],[-50.0889976,-29.2235466],[-50.0876318,-29.1837495],[-50.0628447,-29.1859154],[-50.0386135,-29.1774386],[-50.0049122,-29.1406371],[-49.9682774,-29.1147769],[-49.9697599,-29.1005732],[-49.9569425,-29.0629374],[-49.9609987,-29.0508076],[-49.9469385,-29.0318308],[-49.9591547,-29.0104812],[-49.9336567,-28.9658216],[-49.9580268,-28.9625515],[-49.9631796,-28.9189189],[-49.9435899,-28.8796583],[-49.9567607,-28.8703633],[-49.9661441,-28.8213279],[-49.9569943,-28.7836107],[-49.9613329,-28.7721804],[-49.9217437,-28.7455426],[-49.9346778,-28.7256765],[-49.9108345,-28.7127498],[-49.8975361,-28.7213093],[-49.8689623,-28.7160439],[-49.8719956,-28.7035699],[-49.8476143,-28.7037902],[-49.8380106,-28.6900262],[-49.8381736,-28.6716646],[-49.8240798,-28.6649572],[-49.8140127,-28.6355045],[-49.7981923,-28.6240162],[-49.7789039,-28.6294802],[-49.6913518,-28.6208914],[-49.7101947,-28.6043446],[-49.7079683,-28.5822272],[-49.7259776,-28.5695039],[-49.7309012,-28.551183],[-49.7467201,-28.5353911],[-49.7354803,-28.5236153],[-49.7392665,-28.5003347],[-49.7639017,-28.5013738],[-49.7642734,-28.4621023],[-49.7909263,-28.4964202],[-49.8172655,-28.4698688],[-49.8361531,-28.4942901],[-49.8439264,-28.4851968],[-49.8666498,-28.4886323],[-49.8635729,-28.462846],[-49.8888457,-28.4594203],[-49.9016491,-28.4648422],[-49.9285138,-28.4512235],[-49.9284437,-28.4714096],[-49.9423245,-28.4824344],[-49.9525054,-28.4503368],[-49.9693758,-28.4525176],[-49.9886396,-28.4452528],[-50.0024522,-28.458033],[-50.0138764,-28.4507755],[-50.0258232,-28.4730834],[-50.0728184,-28.4808072],[-50.0909418,-28.4756107],[-50.1261868,-28.4745281],[-50.1268385,-28.4633719],[-50.1113576,-28.4444705],[-50.1269337,-28.4397298],[-50.1472781,-28.4495265],[-50.1392568,-28.4939534],[-50.162623,-28.4953209],[-50.1620146,-28.4813851],[-50.1780074,-28.4522534],[-50.1990863,-28.4448338],[-50.2226487,-28.4632721],[-50.2357086,-28.4570291],[-50.2468002,-28.4282705],[-50.2729133,-28.4570719],[-50.2928469,-28.4510336],[-50.3038899,-28.437901],[-50.3296183,-28.4342305],[-50.3404469,-28.4409658],[-50.3599941,-28.4198395],[-50.3703461,-28.4227593],[-50.3768372,-28.4436738],[-50.395171,-28.4331574],[-50.4287806,-28.433541],[-50.4704404,-28.4149022],[-50.5010841,-28.4125375],[-50.5127266,-28.4049245],[-50.531594,-28.4078106],[-50.5370015,-28.4297226],[-50.5592689,-28.4173972],[-50.5765408,-28.3942598],[-50.5922669,-28.3819459],[-50.6115593,-28.3932666],[-50.6332902,-28.378916],[-50.6284503,-28.3645961],[-50.6516748,-28.3434574],[-50.6649077,-28.3127962],[-50.695224,-28.2885195],[-50.6965973,-28.2678412],[-50.7107406,-28.2665167],[-50.7533452,-28.2456844],[-50.7614854,-28.193141],[-50.7888221,-28.198335],[-50.782816,-28.175983],[-50.7927077,-28.1578468],[-50.7940761,-28.1386404],[-50.8137868,-28.1415602],[-50.8259371,-28.1217127],[-50.8367577,-28.1194],[-50.858991,-28.1397055],[-50.8719685,-28.13742],[-50.8691838,-28.1164215],[-50.8759188,-28.0950754],[-50.8993599,-28.0896556],[-50.8984814,-28.075516],[-50.8813874,-28.0672564],[-50.8753996,-28.0401999],[-50.8923361,-28.021156],[-50.9232384,-28.0119878],[-50.9278712,-27.9905825],[-50.9239682,-27.9716546],[-50.9470437,-27.9672425],[-50.9936288,-27.9460069],[-51.002258,-27.964213],[-51.0189557,-27.957048],[-51.0199084,-27.9224875],[-51.0509794,-27.9076595],[-51.0582788,-27.8968387],[-51.0529908,-27.869788],[-51.0721612,-27.8645116],[-51.0765643,-27.8418454],[-51.0982717,-27.8274176],[-51.1289232,-27.8320476],[-51.1346065,-27.8036571],[-51.1577918,-27.8028892],[-51.1912823,-27.7761507],[-51.2262537,-27.7711841],[-51.2704828,-27.7523073],[-51.276128,-27.7240242],[-51.304154,-27.7289391]],[[-51.6962678,-28.1473676],[-51.6859406,-28.1572112]],[[-51.6197554,-28.4796454],[-51.6168534,-28.4889896]],[[-51.739129,-29.1367534],[-51.7393474,-29.1378547]],[[-51.7393474,-29.1378547],[-51.7563924,-29.1388787],[-51.7468316,-29.1650459],[-51.7337965,-29.1777585],[-51.7569225,-29.1926403],[-51.7468549,-29.2155197],[-51.7542752,-29.2244842],[-51.7547847,-29.2605618],[-51.8014838,-29.2597738],[-51.7970018,-29.2994147],[-51.761584,-29.2952918],[-51.743472,-29.3092118],[-51.7349493,-29.2973736],[-51.7153064,-29.2969671],[-51.7018885,-29.3344499],[-51.7289575,-29.3340626],[-51.7274541,-29.3694054],[-51.6910799,-29.3713727]],[[-51.6910799,-29.3713727],[-51.6912295,-29.4235255]],[[-51.6912295,-29.4235255],[-51.6803343,-29.4134075],[-51.6694576,-29.4182931],[-51.6575304,-29.3993035],[-51.610879,-29.4010901],[-51.6168875,-29.3783719],[-51.5612643,-29.3747066],[-51.5622428,-29.3587752],[-51.5339219,-29.3515301],[-51.3544815,-29.3516848],[-51.3544175,-29.3331343],[-51.3364537,-29.3329693],[-51.2987161,-29.3175801],[-51.282835,-29.3185799],[-51.2506562,-29.3076608],[-51.2165229,-29.3366523],[-51.2275491,-29.3441533],[-51.2199798,-29.3516148],[-51.2122985,-29.3585712]],[[-51.2122985,-29.3585712],[-51.1920459,-29.343731],[-51.1796075,-29.3251053],[-51.1369115,-29.3387977],[-51.1259633,-29.3139012],[-51.0998207,-29.3176496],[-51.0886247,-29.2909419],[-51.0698846,-29.2917037],[-51.0490953,-29.3077082],[-51.0306763,-29.2936705],[-51.0139703,-29.3014728],[-51.0010575,-29.3174954],[-50.9691029,-29.2979153],[-50.9522403,-29.304786],[-50.9437433,-29.2875333],[-50.9306793,-29.2865666],[-50.9196847,-29.3081851],[-50.9097075,-29.2876605],[-50.8919578,-29.2882612],[-50.8820578,-29.2701454],[-50.8643572,-29.2550855]],[[-50.8643572,-29.2550855],[-50.8592673,-29.2475897]],[[-50.9628853,-28.7944818],[-50.9775368,-28.8151746],[-50.9936387,-28.8159841]],[[-54.9322869,-29.3210384],[-54.9277251,-29.3269566]],[[-54.9277251,-29.3269566],[-54.9216524,-29.3195912],[-54.9087952,-29.3120618],[-54.8903635,-29.3225036],[-54.8337192,-29.3187096],[-54.8275465,-29.3328755],[-54.8409313,-29.3472631],[-54.8292793,-29.3515724],[-54.7799117,-29.3454198],[-54.7640734,-29.3599521],[-54.7394882,-29.3956243],[-54.706259,-29.3883852],[-54.6862869,-29.3940504],[-54.6866212,-29.3247308],[-54.6656849,-29.3238283],[-54.6445266,-29.3117827],[-54.6170725,-29.3487278],[-54.5921204,-29.3432727],[-54.5638058,-29.3154696],[-54.5493376,-29.3100087],[-54.5384381,-29.3112926],[-54.5128283,-29.3177673],[-54.4924822,-29.3317175],[-54.5018471,-29.3516315],[-54.5021609,-29.3691973],[-54.4856218,-29.3805284],[-54.4963319,-29.3907845],[-54.4832349,-29.4099224],[-54.4304852,-29.4245226],[-54.4276252,-29.4362617],[-54.3979009,-29.4406927],[-54.3763694,-29.4290827],[-54.3706079,-29.4104673],[-54.3436826,-29.4290429],[-54.3081806,-29.4318327],[-54.3123399,-29.4149199],[-54.2781097,-29.4231045],[-54.2667555,-29.4096862],[-54.2251244,-29.4102403],[-54.2129085,-29.425195],[-54.1979521,-29.428733],[-54.198148,-29.4739071],[-54.1703692,-29.4831639],[-54.1674868,-29.4766332],[-54.1727715,-29.4690311],[-54.1701739,-29.4594479],[-54.1501941,-29.4829428],[-54.1416797,-29.4803774],[-54.1215683,-29.4630918],[-54.1011398,-29.463173],[-54.0910585,-29.4446126],[-54.0693243,-29.4471906],[-54.0540477,-29.4300004],[-54.0516892,-29.4147257],[-54.0354081,-29.4015898],[-54.0022619,-29.4151029],[-53.9964268,-29.4087984],[-53.9469139,-29.4043744],[-53.932304,-29.3950825],[-53.8902526,-29.3947289],[-53.8617832,-29.3743113],[-53.8364559,-29.3680007],[-53.799612,-29.3702718],[-53.792128,-29.3450118],[-53.7655525,-29.3447566],[-53.7624225,-29.3632567],[-53.7180932,-29.3946374],[-53.7198976,-29.4050009],[-53.6967039,-29.4108892],[-53.6871913,-29.4670714],[-53.6872853,-29.4861578],[-53.716576,-29.5217442],[-53.708564,-29.5457671],[-53.7014437,-29.549493],[-53.6871546,-29.5758977],[-53.6555218,-29.5941763],[-53.6272273,-29.604729]],[[-53.6272273,-29.604729],[-53.5828508,-29.5770382],[-53.6023106,-29.5644002],[-53.6298552,-29.5683744],[-53.6498038,-29.5356506],[-53.6549626,-29.5196851],[-53.6546586,-29.5080682],[-53.6475972,-29.496926],[-53.6166316,-29.4823887],[-53.6171701,-29.4784785],[-53.6115784,-29.4625761],[-53.590188,-29.4656569],[-53.5707801,-29.4809126],[-53.5683627,-29.459364],[-53.5522424,-29.440903],[-53.5184037,-29.4710208],[-53.4990871,-29.4550237],[-53.505807,-29.4252524],[-53.5257228,-29.4056026],[-53.5023316,-29.362908],[-53.4704101,-29.3512446],[-53.4388665,-29.3493663],[-53.3874333,-29.3520033],[-53.3679106,-29.3582168],[-53.3635167,-29.3588925],[-53.3469031,-29.3770146],[-53.3323952,-29.4190105],[-53.3126562,-29.437531],[-53.2382415,-29.4119081]],[[-53.2382415,-29.4119081],[-53.2273119,-29.4030226],[-53.2256004,-29.3778416],[-53.2305812,-29.3587132],[-53.2300005,-29.3092301],[-53.2457232,-29.2965784],[-53.2376583,-29.283821],[-53.2107798,-29.2641165],[-53.2327411,-29.2453666],[-53.2493802,-29.2384633],[-53.247753,-29.2218332],[-53.2434064,-29.2068963],[-53.2424871,-29.1991952],[-53.2480379,-29.1922981],[-53.2603154,-29.1971433],[-53.2665604,-29.190666],[-53.2444176,-29.1758664],[-53.2437663,-29.1672488],[-53.2516658,-29.170144],[-53.2586759,-29.1623774],[-53.2614368,-29.144295]],[[-54.3167196,-28.9286598],[-54.3288843,-28.9310776],[-54.3432958,-28.929486],[-54.3570987,-28.96107]],[[-55.5498372,-28.7074737],[-55.5477228,-28.7085949]],[[-55.5477228,-28.7085949],[-55.5200545,-28.7263082],[-55.4954597,-28.7648405],[-55.4788641,-28.7981005],[-55.4658121,-28.8121235],[-55.4488054,-28.8128844],[-55.4327733,-28.8274423],[-55.4311503,-28.8578478],[-55.40072,-28.87097],[-55.3675076,-28.8799911],[-55.375861,-28.900697],[-55.3730301,-28.9205678],[-55.3423163,-28.9427698],[-55.3292986,-28.939111],[-55.3209727,-28.9420301],[-55.3189584,-28.9518576],[-55.3145773,-28.9643145],[-55.3065696,-28.9660406],[-55.2975159,-28.9683294],[-55.2931616,-28.9923514],[-55.2795611,-29.008236],[-55.281484,-29.0241508],[-55.2644937,-29.0536764],[-55.2728855,-29.0570405],[-55.2740392,-29.089555],[-55.2854893,-29.104814],[-55.2695585,-29.1214553],[-55.2683809,-29.1425476],[-55.2766716,-29.153331],[-55.2793322,-29.1831343],[-55.297445,-29.1944599],[-55.3033528,-29.2133453],[-55.2789312,-29.2109658],[-55.2427898,-29.1900781],[-55.2097854,-29.1896957],[-55.2064392,-29.2058248],[-55.1814087,-29.2083566],[-55.1554001,-29.1954967],[-55.1173299,-29.2000931],[-55.1141906,-29.2139876],[-55.0855103,-29.2091263],[-55.069879,-29.2229265],[-55.0499011,-29.2242855],[-55.04285,-29.2445491],[-55.0032626,-29.267748],[-54.9752582,-29.2787285],[-54.9595864,-29.3143109],[-54.9322869,-29.3210384]],[[-55.3044577,-30.0749141],[-55.3144652,-30.0831222]],[[-55.3144652,-30.0831222],[-55.2850528,-30.0915699],[-55.2740936,-30.0810182],[-55.216075,-30.0802835],[-55.2124168,-30.0852627],[-55.1944381,-30.080121],[-55.1772295,-30.0453404],[-55.1627719,-30.0436681],[-55.142557,-30.054236],[-55.13683,-30.0418612],[-55.115474,-30.0466513],[-55.0989883,-30.0360118],[-55.0948329,-30.0355053],[-55.0987276,-30.0606927],[-55.0869166,-30.0776916],[-55.0770636,-30.1242617],[-55.0605453,-30.1449224],[-55.0432343,-30.1350479],[-55.0065617,-30.1299978],[-55.0016099,-30.1120567],[-54.9744662,-30.0874413],[-54.9497369,-30.0834663],[-54.9384983,-30.0661332],[-54.9146914,-30.073287],[-54.8915704,-30.0999677],[-54.8769896,-30.0960691],[-54.8408581,-30.1002031],[-54.8172088,-30.1079459],[-54.7895796,-30.0942509],[-54.7724431,-30.0509195],[-54.7567067,-30.0386488],[-54.7547682,-30.0244373],[-54.7359329,-30.0209657],[-54.7118558,-30.0259616],[-54.6958036,-30.0298679],[-54.6933801,-30.0355793],[-54.6821806,-30.032073],[-54.6583895,-30.031377],[-54.6530116,-30.0245757],[-54.6380198,-30.0206961],[-54.6426383,-30.0158786],[-54.6127142,-29.9852896],[-54.5893833,-29.9756307],[-54.5858896,-29.9624513],[-54.5326972,-29.9503133],[-54.5111346,-29.9405522],[-54.4955636,-29.9333623],[-54.4771942,-29.9410706],[-54.4703936,-29.9589785],[-54.4050498,-29.9484092],[-54.3689386,-29.9340771],[-54.3199239,-29.9255456],[-54.2860571,-29.9328145],[-54.2570459,-29.907629],[-54.2465984,-29.8927157],[-54.2211956,-29.9149958],[-54.1877828,-29.928418],[-54.1544268,-29.9270856],[-54.1371305,-29.9205201],[-54.105759,-29.925867],[-54.0710485,-29.9085618],[-54.0515265,-29.9116546],[-54.0299523,-29.9338205],[-54.0334838,-29.957573],[-54.0175799,-29.9653973],[-54.008209,-29.981269],[-53.9514826,-29.9909903],[-53.9078401,-29.9828752],[-53.8758922,-29.9926286],[-53.8725022,-30.0097557],[-53.9018349,-30.0437548],[-53.9165118,-30.0868703],[-53.9405489,-30.1038319],[-53.9586067,-30.1411999],[-53.9587241,-30.1555421],[-53.9745279,-30.1749966],[-53.9643747,-30.2005051],[-53.9669634,-30.217985],[-53.9878007,-30.2256309],[-53.9898718,-30.2476253],[-54.0183702,-30.2652142],[-53.9928702,-30.3079255],[-53.9844133,-30.3107104],[-53.9655312,-30.3423337],[-53.9716676,-30.3591855],[-53.9518188,-30.3719355],[-53.9392151,-30.3941973],[-53.9404351,-30.4243748],[-53.9678,-30.4421798],[-53.9591522,-30.4714683],[-53.9456253,-30.4891424],[-53.9012863,-30.4899101],[-53.8872761,-30.4971881]],[[-53.8872761,-30.4971881],[-53.8588932,-30.4762784],[-53.825628,-30.5118051],[-53.8048475,-30.5212744],[-53.7860135,-30.5174928],[-53.756159,-30.5180327],[-53.7506661,-30.5145579]],[[-53.7506661,-30.5145579],[-53.7331388,-30.4988327]],[[-53.7331388,-30.4988327],[-53.7264413,-30.4882615],[-53.7206109,-30.4852418],[-53.7117749,-30.4830234],[-53.7198662,-30.4481424],[-53.7188528,-30.4297568],[-53.7174414,-30.4196365],[-53.7118378,-30.4238052],[-53.7166578,-30.4112801],[-53.715147,-30.401846],[-53.7056111,-30.4009842],[-53.6925771,-30.4222648],[-53.6559506,-30.4323113],[-53.647886,-30.4257366],[-53.6343518,-30.3942996],[-53.6140435,-30.3778142],[-53.5501702,-30.3655136],[-53.5467434,-30.3928172],[-53.52759,-30.4032137],[-53.5011972,-30.3795835],[-53.5011053,-30.370635],[-53.4827191,-30.3433086],[-53.4660604,-30.3284727],[-53.4624998,-30.3010434],[-53.4815761,-30.2961077],[-53.4728168,-30.2700993],[-53.451128,-30.2507805],[-53.4198065,-30.2303189],[-53.4141964,-30.2114538],[-53.3901429,-30.2130706],[-53.3845967,-30.2040243],[-53.3408053,-30.1699379],[-53.339501,-30.1584645],[-53.3111588,-30.1408741]],[[-53.3111588,-30.1408741],[-53.3035081,-30.137415]],[[-53.3035081,-30.137415],[-53.298183,-30.1336109],[-53.2816931,-30.1090973],[-53.2625126,-30.0921544],[-53.259248,-30.0909272],[-53.2453405,-30.0908169],[-53.2094096,-30.0558868],[-53.1948957,-30.0341561],[-53.1895772,-30.0284332],[-53.1757821,-30.0124033],[-53.1688233,-30.0056772],[-53.1646797,-29.9996633],[-53.159977,-29.9926875],[-53.1256589,-29.9682751]],[[-53.1256589,-29.9682751],[-53.1496656,-29.9625957],[-53.1724333,-29.9673339],[-53.1961445,-29.960949],[-53.2264598,-29.9668888],[-53.2567063,-29.958614],[-53.2773838,-29.9841937],[-53.2935924,-29.9780102],[-53.3193663,-29.9940715],[-53.3745746,-30.0224591],[-53.4495586,-30.0475149],[-53.4688926,-30.0463882],[-53.4809359,-30.0440044],[-53.4820531,-30.0593144],[-53.4884091,-30.059528],[-53.5123093,-30.0613123],[-53.5155728,-30.0568879],[-53.5255616,-30.0560378],[-53.5467694,-30.0737654],[-53.5452958,-30.0758928],[-53.551732,-30.082196],[-53.5867395,-30.0975884],[-53.6010191,-30.0957471],[-53.6340713,-30.0940858],[-53.6430935,-30.0757624],[-53.6711213,-30.0508415],[-53.6348629,-29.9892674],[-53.6344235,-29.9629199],[-53.6518931,-29.9301418],[-53.6498655,-29.8970739],[-53.6454177,-29.8890475],[-53.6090915,-29.8719528],[-53.5796997,-29.8707673],[-53.5713209,-29.8632159],[-53.546405,-29.8608682],[-53.5487518,-29.8317279],[-53.5631881,-29.8156272],[-53.5563378,-29.7907885],[-53.5429379,-29.7903936],[-53.5184891,-29.7648266],[-53.5344346,-29.7530539],[-53.5339491,-29.7294097],[-53.5454865,-29.7238406],[-53.5445001,-29.704716],[-53.5566257,-29.6876865],[-53.5860844,-29.6947024],[-53.5926406,-29.6803364],[-53.6145833,-29.6705544],[-53.632639,-29.670731],[-53.6187302,-29.6488267],[-53.6380385,-29.6381472],[-53.6500366,-29.6228213],[-53.6272273,-29.604729]],[[-54.9277251,-29.3269566],[-54.9132092,-29.3405841]],[[-54.9132092,-29.3405841],[-54.8956734,-29.3493156],[-54.8941556,-29.364302],[-54.8656808,-29.397663],[-54.8699299,-29.4122083],[-54.8480605,-29.4670676],[-54.8500009,-29.4770859],[-54.833254,-29.4879126],[-54.8419691,-29.5196393],[-54.8589971,-29.5282917],[-54.8622495,-29.5449127],[-54.8428918,-29.5504343],[-54.8328499,-29.574565],[-54.7969962,-29.5774877],[-54.7833057,-29.6039866],[-54.8001769,-29.620052],[-54.8043513,-29.6268521],[-54.8272926,-29.6439569],[-54.8326686,-29.6661462],[-54.8490745,-29.6614303],[-54.8705497,-29.6701245],[-54.8832461,-29.6634558],[-54.9069115,-29.6680455],[-54.9239528,-29.6629171],[-54.9633864,-29.6964711],[-54.980916,-29.6942041],[-55.0071034,-29.7107316],[-55.0393455,-29.7061092],[-55.0720559,-29.6802674],[-55.0749048,-29.6587764],[-55.124101,-29.6602542],[-55.129083,-29.7196031],[-55.126409,-29.7491679],[-55.1354291,-29.7571273],[-55.1196773,-29.7775985],[-55.1118851,-29.8001824],[-55.1250751,-29.8201415],[-55.1500934,-29.8265467],[-55.1413358,-29.851965],[-55.1485727,-29.8700093],[-55.171746,-29.8801939],[-55.1780769,-29.8971935],[-55.1944,-29.915504],[-55.2224713,-29.9199727],[-55.2342756,-29.9427159],[-55.2451931,-29.9879331],[-55.2594743,-30.0021058],[-55.2668484,-30.0292711],[-55.2810991,-30.051738],[-55.2984056,-30.0661714],[-55.3044577,-30.0749141]],[[-53.1256589,-29.9682751],[-53.1141796,-29.9719475],[-53.0954,-29.9669879],[-53.0881158,-29.9628713],[-53.0897178,-29.9616272],[-53.09446,-29.9578145],[-53.0945258,-29.9275963],[-53.119945,-29.9197601],[-53.1208881,-29.8958289],[-53.1113353,-29.869248],[-53.1120174,-29.8459048],[-53.1200569,-29.8350416],[-53.1453669,-29.8207795]],[[-53.1453669,-29.8207795],[-53.1602787,-29.8141808],[-53.1650161,-29.8007277],[-53.1638689,-29.7947305]],[[-53.1638689,-29.7947305],[-53.1658871,-29.7878236],[-53.1641651,-29.7763079],[-53.1853869,-29.766943],[-53.1977787,-29.7648781],[-53.2208315,-29.7305777],[-53.2099464,-29.719587],[-53.2133024,-29.7015371],[-53.2041315,-29.6932606],[-53.2038592,-29.6694707],[-53.1875615,-29.6696622],[-53.1868337,-29.6319608],[-53.1540954,-29.6325788],[-53.1505293,-29.612561],[-53.1366714,-29.6082199],[-53.1365262,-29.5590715],[-53.0728865,-29.5594636],[-53.0581283,-29.5695885],[-53.0486721,-29.5547753],[-53.028481,-29.5539609]],[[-53.028481,-29.5539609],[-53.0323579,-29.553381]],[[-53.0323579,-29.553381],[-53.1283967,-29.4963912],[-53.1801161,-29.4709221],[-53.2116429,-29.4706065],[-53.2353071,-29.46532],[-53.2577021,-29.4328129],[-53.2382415,-29.4119081]],[[-53.0323579,-29.553381],[-53.0282206,-29.5509386]],[[-53.0282206,-29.5509386],[-53.0345948,-29.5345946]],[[-53.0345948,-29.5345946],[-53.0307607,-29.534762],[-53.0215512,-29.5309697],[-53.0066681,-29.5455195]],[[-53.0066681,-29.5455195],[-52.9860199,-29.5511329],[-52.9705171,-29.5629555],[-52.9643936,-29.5697505],[-52.957806,-29.5902195],[-52.9620659,-29.6021324],[-52.944396,-29.6466661],[-52.9304858,-29.6599721],[-52.9352737,-29.6837676],[-52.9276195,-29.7000897],[-52.9269678,-29.7826848],[-52.9046162,-29.8223773],[-52.8913907,-29.8654564],[-52.870877,-29.8745293],[-52.8655056,-29.8975561],[-52.8514172,-29.910528],[-52.8315855,-29.9118556],[-52.8170909,-29.9231559],[-52.7876516,-29.9048745],[-52.7413411,-29.9047394],[-52.7546102,-29.8855588],[-52.7549289,-29.8426369],[-52.7368517,-29.8201405],[-52.7409669,-29.8043242],[-52.7036726,-29.7926976],[-52.660792,-29.8006147],[-52.6532199,-29.7945981],[-52.6118345,-29.7923815],[-52.5969313,-29.7857326],[-52.5535801,-29.8074786],[-52.551793,-29.8303305],[-52.530889,-29.8314743],[-52.5035539,-29.8486089],[-52.5098098,-29.8728676],[-52.4785083,-29.8718801],[-52.4631511,-29.898378],[-52.4611499,-29.9202515],[-52.450764,-29.9242943],[-52.431339,-29.9068217],[-52.4375672,-29.89748],[-52.4344639,-29.8679337],[-52.4125715,-29.8568096],[-52.3998478,-29.8399845],[-52.3141497,-29.8354998],[-52.3160482,-29.8148196],[-52.3044961,-29.8087425],[-52.3175794,-29.7831784],[-52.3331732,-29.7376302],[-52.3309246,-29.7175638],[-52.3135964,-29.7044815],[-52.3172812,-29.6904282],[-52.3005297,-29.6741833],[-52.2779025,-29.6842613],[-52.2752252,-29.6869909],[-52.2601,-29.7023803],[-52.2354111,-29.6895802],[-52.2303041,-29.6765037],[-52.2100355,-29.6663636],[-52.1798075,-29.6709208],[-52.1643232,-29.6960156],[-52.1260913,-29.7212593],[-52.1220699,-29.7238376]],[[-52.1220699,-29.7238376],[-52.1183737,-29.722987]],[[-52.1183737,-29.722987],[-52.0826834,-29.7199363],[-52.0580302,-29.7262763],[-52.0360884,-29.7024248],[-52.0069957,-29.7055464],[-52.0013539,-29.7235843],[-51.97266,-29.7367327],[-51.9610323,-29.7360121],[-51.9553067,-29.7655105],[-51.9429791,-29.7586468]],[[-51.9429791,-29.7586468],[-51.9436521,-29.7381441],[-51.9642398,-29.7011204],[-51.9823025,-29.6605489],[-51.9698612,-29.6336446],[-51.9803859,-29.6279033],[-51.9874283,-29.6272092],[-52.0093164,-29.6246065],[-52.0336727,-29.6069103],[-52.0443019,-29.5841891],[-52.0679198,-29.5733782],[-52.0800976,-29.5544576],[-52.1004225,-29.5506983],[-52.0969382,-29.5342882],[-52.1089674,-29.5225408],[-52.1065998,-29.496357],[-52.126889,-29.49645],[-52.1439628,-29.4816839],[-52.1798961,-29.4745432],[-52.1893949,-29.462799],[-52.2421939,-29.4482713],[-52.2854032,-29.4201703],[-52.2901218,-29.4118937],[-52.2937059,-29.4097884],[-52.2994011,-29.4066868],[-52.3019536,-29.4065452],[-52.3020863,-29.4001552],[-52.3125475,-29.39573],[-52.3211089,-29.3919765],[-52.3352455,-29.3878711],[-52.3385773,-29.3842001],[-52.3508953,-29.3700989],[-52.3676943,-29.3723277],[-52.39053,-29.3534954],[-52.4013197,-29.3660665],[-52.4104585,-29.3590769],[-52.415377,-29.3460049],[-52.4417095,-29.3456104],[-52.4599209,-29.3661397],[-52.4897099,-29.3441642],[-52.5225902,-29.3378157],[-52.5335733,-29.317024],[-52.5236204,-29.2967457],[-52.5254928,-29.2631293],[-52.5206728,-29.2523526],[-52.5176947,-29.2462488],[-52.5048284,-29.2497138]],[[-52.5048284,-29.2497138],[-52.5010067,-29.2472842]],[[-52.9994526,-29.1389851],[-53.0047533,-29.1371087]],[[-51.9429791,-29.7586468],[-51.9102768,-29.7665774],[-51.9210367,-29.7882834],[-51.9044102,-29.8114854],[-51.8864485,-29.8040247],[-51.8714321,-29.8158798],[-51.8407752,-29.8237739],[-51.8155438,-29.8618223],[-51.769753,-29.8616712],[-51.7480047,-29.8519996],[-51.7583398,-29.8187882],[-51.7576956,-29.7920658],[-51.7364127,-29.7565225],[-51.7187438,-29.7428396],[-51.7242257,-29.7157428],[-51.7035315,-29.6941662],[-51.6795142,-29.6552831],[-51.6654635,-29.653307],[-51.6484838,-29.6386638]],[[-51.6484838,-29.6386638],[-51.6380618,-29.6289268]],[[-51.6380618,-29.6289268],[-51.6525082,-29.6004002],[-51.6618207,-29.5927363],[-51.6649968,-29.5007743],[-51.6907733,-29.5007596],[-51.6904171,-29.4877749],[-51.6680845,-29.4874793],[-51.6705336,-29.4707945],[-51.6908851,-29.4707363]],[[-51.6908851,-29.4707363],[-51.6910799,-29.3713727]],[[-51.7393474,-29.1378547],[-51.7390049,-29.1188335]],[[-52.4990559,-29.2472217],[-52.5048284,-29.2497138]],[[-53.3035081,-30.137415],[-53.3030859,-30.1414846]],[[-53.3030859,-30.1414846],[-53.3069153,-30.1727228],[-53.3284975,-30.2058904],[-53.3298885,-30.2188707],[-53.3518469,-30.2484976],[-53.3447976,-30.2617287],[-53.3427236,-30.2949131],[-53.3365451,-30.3187911],[-53.280705,-30.345543],[-53.2680451,-30.3452996],[-53.2554696,-30.3366658],[-53.219031,-30.3226651],[-53.2164521,-30.2977279],[-53.17941,-30.3243664],[-53.1773534,-30.3585468],[-53.1704925,-30.3737914],[-53.1768021,-30.3943058],[-53.1996187,-30.404541],[-53.1984067,-30.4288073],[-53.2157458,-30.4440174],[-53.206353,-30.4644359],[-53.1858016,-30.4904534],[-53.1925778,-30.5048787],[-53.1892322,-30.5323062],[-53.1555346,-30.5466212],[-53.1343379,-30.5755354],[-53.1209215,-30.6014537],[-53.0894744,-30.6351683],[-53.0543353,-30.6563235],[-53.0353574,-30.6713151],[-53.0257313,-30.6654212],[-52.9977284,-30.6666253],[-52.9808004,-30.6776885],[-52.9714993,-30.6554501],[-52.9745952,-30.6040981],[-52.9313226,-30.6064864],[-52.9059256,-30.5741952],[-52.9118351,-30.5433306],[-52.9060774,-30.5255294],[-52.8880636,-30.5037248],[-52.8838878,-30.4845994],[-52.8919673,-30.4502751],[-52.8765459,-30.4265057],[-52.8817548,-30.4106255],[-52.8842835,-30.36093],[-52.8621981,-30.3585777],[-52.8385463,-30.3345417],[-52.7932089,-30.3322201],[-52.7879523,-30.3424835],[-52.7646771,-30.3417841],[-52.7497242,-30.3625572],[-52.7195202,-30.3681049],[-52.6958692,-30.34394],[-52.684527,-30.3232452],[-52.6916666,-30.2946116],[-52.6883593,-30.272691],[-52.6712209,-30.2568497],[-52.6690981,-30.228536],[-52.6616881,-30.2146255],[-52.6427413,-30.2240311],[-52.6261545,-30.244261],[-52.6216762,-30.2749141],[-52.6066786,-30.3049582],[-52.6018175,-30.3261611],[-52.6089774,-30.3396129],[-52.5790054,-30.3738439],[-52.56197,-30.3603094],[-52.5546079,-30.3286045],[-52.5593622,-30.2851918],[-52.5321665,-30.2794467],[-52.5172955,-30.2919474],[-52.5052279,-30.3140323],[-52.5108163,-30.3262365],[-52.5090704,-30.3521616],[-52.5015037,-30.3623478],[-52.4189032,-30.362983],[-52.4050852,-30.3804388],[-52.3844637,-30.376743],[-52.3687213,-30.3644634],[-52.3569853,-30.3620248],[-52.3452775,-30.3591842]],[[-52.3452775,-30.3591842],[-52.3414945,-30.3585383],[-52.3339431,-30.3598231]],[[-52.3339431,-30.3598231],[-52.3193798,-30.3467491],[-52.3140602,-30.3433014],[-52.290332,-30.3471086],[-52.2776338,-30.3680533],[-52.2636806,-30.3734936],[-52.2637811,-30.3946386],[-52.2521503,-30.4179539],[-52.2127844,-30.4478054],[-52.1838653,-30.4491134],[-52.1693865,-30.4419789],[-52.1587231,-30.4427263]],[[-52.1587231,-30.4427263],[-52.1735576,-30.4214769],[-52.1797864,-30.3863838],[-52.1602322,-30.3378266],[-52.1580002,-30.330439],[-52.1711249,-30.3071133],[-52.1746604,-30.2809464],[-52.1664754,-30.2553958],[-52.1390338,-30.2321251],[-52.1359811,-30.2172078],[-52.1629248,-30.1996143],[-52.1609853,-30.1832584],[-52.1480449,-30.1623936],[-52.1578061,-30.1365001],[-52.1695945,-30.1255252],[-52.1627964,-30.0663012],[-52.1525255,-30.0534601],[-52.1538213,-30.0285013],[-52.1463122,-30.02027],[-52.1549734,-29.9772961],[-52.1405981,-29.9248372],[-52.1799283,-29.9333719],[-52.1954148,-29.9137127],[-52.1934363,-29.8896954],[-52.1842271,-29.8793732],[-52.1866957,-29.8526815],[-52.1747044,-29.8399116],[-52.1867118,-29.8162723],[-52.204266,-29.8096458],[-52.2125736,-29.7897506],[-52.2326122,-29.7754008],[-52.1856379,-29.7576135],[-52.1792771,-29.7680432],[-52.1362611,-29.748905],[-52.1359318,-29.734067],[-52.1221306,-29.7255692]],[[-52.1221306,-29.7255692],[-52.1220699,-29.7238376]],[[-53.0066681,-29.5455195],[-53.0225163,-29.5308801],[-53.0345948,-29.5345946]],[[-53.0282206,-29.5509386],[-53.028481,-29.5539609]],[[-53.1638689,-29.7947305],[-53.1651322,-29.8001173],[-53.1613174,-29.8128856],[-53.1581756,-29.8157873],[-53.1453669,-29.8207795]],[[-51.6912295,-29.4235255],[-51.6908851,-29.4707363]],[[-51.6380618,-29.6289268],[-51.6418906,-29.6357715]],[[-51.6418906,-29.6357715],[-51.5659017,-29.7365781],[-51.5755792,-29.7397601],[-51.5865282,-29.7760165],[-51.5604133,-29.7851877],[-51.5421146,-29.7737878],[-51.5221267,-29.7810019],[-51.4979443,-29.8084953],[-51.4922351,-29.8231895],[-51.4520886,-29.8289788],[-51.4381683,-29.8443744],[-51.4276659,-29.8432308],[-51.3995694,-29.8369997],[-51.3750929,-29.8404353],[-51.3678182,-29.8394286],[-51.3667419,-29.8373343]],[[-51.3667419,-29.8373343],[-51.3702592,-29.8364107]],[[-51.3702592,-29.8364107],[-51.3499497,-29.8186478],[-51.3664023,-29.7833554],[-51.3337162,-29.7566427],[-51.3023119,-29.7817936],[-51.2680027,-29.7812275],[-51.2507419,-29.7757737],[-51.2268938,-29.7821341],[-51.2116924,-29.7939834],[-51.1964064,-29.788504],[-51.1893386,-29.7715228],[-51.204052,-29.7559332],[-51.2098197,-29.7344196],[-51.195329,-29.712476],[-51.1944705,-29.6797799],[-51.2197607,-29.6821703],[-51.2305274,-29.65012],[-51.2295584,-29.6329095],[-51.2283771,-29.6285087]],[[-51.2283771,-29.6285087],[-51.2377893,-29.5806906]],[[-51.2377893,-29.5806906],[-51.2519836,-29.5736202],[-51.2594399,-29.5691137],[-51.262183,-29.5601097],[-51.2493914,-29.5620132],[-51.2320148,-29.540422],[-51.2254724,-29.5217131],[-51.1736639,-29.4854895],[-51.1685906,-29.4354267],[-51.2261438,-29.3930846],[-51.2165178,-29.3754963],[-51.2076942,-29.3730804],[-51.2122985,-29.3585712]],[[-51.2309374,-29.6167501],[-51.2143801,-29.6214305],[-51.2070043,-29.6145818],[-51.1330514,-29.6280052],[-51.1346017,-29.638074],[-51.0625188,-29.6471123],[-51.048859,-29.5617131],[-51.0437843,-29.5449148],[-51.0140168,-29.5480162],[-50.9931632,-29.542715],[-50.8560591,-29.5562219],[-50.8565453,-29.5844289],[-50.8370019,-29.592395],[-50.8314505,-29.6034127],[-50.82402,-29.6021804],[-50.8196593,-29.6007328],[-50.8134275,-29.6050668],[-50.8111501,-29.6090664],[-50.8057138,-29.6169832],[-50.8017498,-29.6662221],[-50.803299,-29.6785226],[-50.8231954,-29.6850408],[-50.8397272,-29.7247496],[-50.8688905,-29.7297088],[-50.887694,-29.7008201],[-50.9228142,-29.6876862],[-50.9341955,-29.6725218],[-50.9478512,-29.7029689],[-50.9354474,-29.7483635],[-50.9342361,-29.7690964],[-50.9577409,-29.7892814],[-50.863652,-29.7891355],[-50.8528164,-29.7907481],[-50.8356931,-29.7658807],[-50.8010291,-29.7750774],[-50.7872309,-29.7662433],[-50.7728519,-29.7761937],[-50.7234492,-29.7692356],[-50.6936717,-29.7901492]],[[-50.6936717,-29.7901492],[-50.7066156,-29.7712501],[-50.6864999,-29.7464622],[-50.6985614,-29.71393],[-50.683937,-29.6944213],[-50.6841095,-29.6768267],[-50.6447621,-29.6815241],[-50.6084322,-29.6971989],[-50.6036191,-29.7066999],[-50.5710243,-29.7161423],[-50.5480967,-29.7124304],[-50.5257714,-29.7186636],[-50.5074202,-29.69543],[-50.490777,-29.6902386],[-50.4616321,-29.6955696],[-50.4493437,-29.6793721],[-50.3832567,-29.7192961],[-50.3586378,-29.7157672],[-50.3555101,-29.7033825],[-50.33667,-29.7006455],[-50.3322163,-29.6829329],[-50.3180325,-29.6818804],[-50.3136105,-29.674722],[-50.3211002,-29.6564167],[-50.3447772,-29.6565634],[-50.3502092,-29.6622986],[-50.357887,-29.6351145],[-50.3332412,-29.6059466],[-50.3467029,-29.5974423],[-50.3549035,-29.5564152],[-50.336619,-29.5434761],[-50.3423426,-29.5420575],[-50.3422253,-29.538318],[-50.3558328,-29.5259467],[-50.3571414,-29.5077132],[-50.3476147,-29.4939364]],[[-50.3476147,-29.4939364],[-50.3605021,-29.4996329],[-50.3692545,-29.4986363]],[[-50.6232966,-29.5572623],[-50.6294964,-29.5607016],[-50.6511525,-29.5024802]],[[-50.8532534,-29.2641589],[-50.8643572,-29.2550855]],[[-51.2377893,-29.5806906],[-51.2309374,-29.6167501]],[[-52.1183737,-29.722987],[-52.1221306,-29.7255692]],[[-52.1587231,-30.4427263],[-52.15236,-30.447765],[-52.1462082,-30.4547524],[-52.124977,-30.4762943],[-52.1005005,-30.4829255],[-52.0808419,-30.5106535],[-52.062852,-30.5063827],[-52.0269608,-30.5371061],[-52.0113737,-30.5455125],[-52.0025825,-30.561708],[-51.9867225,-30.5674812],[-51.9822459,-30.5758793],[-51.9907562,-30.5852259],[-52.0010792,-30.5963627],[-51.9723415,-30.6378528],[-51.9235529,-30.5908759],[-51.7670307,-30.4668122],[-51.7664795,-30.4925435],[-51.7596103,-30.4988855]],[[-51.7596103,-30.4988855],[-51.7560464,-30.5037083]],[[-51.7560464,-30.5037083],[-51.7512426,-30.4819274],[-51.714173,-30.4707562],[-51.717699,-30.4479306],[-51.7002291,-30.4398573],[-51.6821512,-30.4076471],[-51.6787911,-30.3970026],[-51.6754128,-30.3945442],[-51.6726279,-30.3886372],[-51.6729263,-30.3747345],[-51.6688406,-30.3611533],[-51.6567493,-30.3472189],[-51.6596466,-30.343783],[-51.6623376,-30.3427961],[-51.6487522,-30.3397621],[-51.6539383,-30.3014148],[-51.6837063,-30.284552],[-51.6793388,-30.275854],[-51.6795657,-30.264833],[-51.6736944,-30.2519836],[-51.679199,-30.2443485],[-51.6690926,-30.2356774],[-51.6961826,-30.1328859],[-51.6953654,-30.0956748],[-51.6884018,-30.0803423],[-51.6611689,-30.074364],[-51.6500352,-30.0821817],[-51.626957,-30.0727214],[-51.6235538,-30.048614],[-51.6050453,-30.0371502],[-51.6002331,-30.0131992],[-51.5738986,-30.0225215],[-51.5715585,-30.034784],[-51.5414156,-30.0492716],[-51.5187445,-30.0373419],[-51.4960076,-30.0376429],[-51.4784776,-30.023716],[-51.4468229,-30.0104265],[-51.4347922,-29.9831761],[-51.4043093,-29.9872939],[-51.368631,-29.9747227],[-51.3499944,-29.9620224],[-51.3126532,-29.9486288],[-51.2885665,-29.9470993],[-51.2875461,-29.9298403],[-51.3007373,-29.9302578],[-51.3103247,-29.9315491],[-51.3275329,-29.9096335],[-51.3676319,-29.8892123],[-51.3558873,-29.8412408]],[[-51.3558873,-29.8412408],[-51.3667419,-29.8373343]],[[-51.6418906,-29.6357715],[-51.6484838,-29.6386638]],[[-51.7560464,-30.5037083],[-51.755847,-30.5085761]],[[-51.755847,-30.5085761],[-51.7520103,-30.5313786],[-51.7436705,-30.5318802],[-51.7200557,-30.524824],[-51.6950636,-30.5268555],[-51.6790091,-30.5090003],[-51.652524,-30.5209212],[-51.641436,-30.539958],[-51.6233136,-30.5431327],[-51.6124959,-30.5252934],[-51.5909895,-30.5295532],[-51.5631941,-30.5107959],[-51.5468272,-30.521547],[-51.524539,-30.5100372],[-51.5357246,-30.4493488],[-51.5268501,-30.418644],[-51.4935454,-30.4123176],[-51.4667763,-30.3868728],[-51.4508791,-30.3893271],[-51.4330262,-30.3811668],[-51.4334198,-30.3517411],[-51.4800492,-30.3489348],[-51.4950102,-30.3537068],[-51.4971051,-30.3313333],[-51.5172773,-30.3242556],[-51.5227251,-30.3211598],[-51.5074792,-30.2965172],[-51.5141136,-30.26921],[-51.5022663,-30.259495],[-51.4833562,-30.2612286],[-51.466567,-30.2538012],[-51.424295,-30.2537281],[-51.4191072,-30.2607594],[-51.4062823,-30.2303996],[-51.3332079,-30.2260171]],[[-51.3332079,-30.2260171],[-51.3224176,-30.2127894],[-51.3148213,-30.1887451],[-51.3245623,-30.1684427],[-51.306971,-30.0972797],[-51.311383,-30.0807074],[-51.301706,-30.0426554],[-51.2993723,-30.0026256],[-51.281123,-30.022104],[-51.2502406,-30.0352996],[-51.2340372,-30.0478013],[-51.2503711,-30.092295],[-51.2650966,-30.0984964],[-51.2611492,-30.1227041],[-51.2328715,-30.135954],[-51.2251292,-30.1525026],[-51.2321246,-30.1656355],[-51.2229627,-30.1878679],[-51.2066948,-30.1904099],[-51.1780059,-30.2184992],[-51.1839953,-30.2331669],[-51.1550408,-30.2406119],[-51.1573337,-30.2609768],[-51.1426863,-30.2656623],[-51.1282055,-30.2477705],[-51.0764992,-30.2433844],[-51.0484225,-30.2679247],[-51.0307625,-30.2744752],[-51.0198014,-30.2965085],[-51.0316023,-30.3338706],[-51.0498171,-30.3445907],[-51.0412947,-30.3663749],[-51.0474,-30.381496],[-51.0130056,-30.3896626],[-50.9734084,-30.4076171],[-50.930037,-30.4357706],[-50.9376096,-30.4068671],[-50.9385533,-30.3750991],[-50.9270362,-30.3381587],[-50.9148361,-30.3263913],[-50.844017,-30.3207571],[-50.79698,-30.3383821],[-50.7948677,-30.3123488],[-50.7820086,-30.2847729],[-50.7507312,-30.2967072],[-50.7215007,-30.2993166],[-50.6732441,-30.2966408],[-50.6561419,-30.2859811],[-50.6688927,-30.2548818],[-50.6588881,-30.1999233],[-50.644324,-30.1922431],[-50.6208196,-30.1984063]],[[-50.6208196,-30.1984063],[-50.6214937,-30.1198739],[-50.6356151,-30.0554778],[-50.6580639,-30.0467255],[-50.6783409,-30.0539571],[-50.7004879,-30.0339986],[-50.7005504,-30.0179743],[-50.7117244,-30.0033093],[-50.7178536,-29.978934],[-50.7023108,-29.9755054],[-50.6870335,-29.9489402],[-50.7041899,-29.9407413],[-50.706232,-29.9261678],[-50.6790939,-29.8864568],[-50.6853401,-29.8392323],[-50.7340752,-29.8135651],[-50.7520566,-29.7888321],[-50.7403373,-29.7820315],[-50.7196719,-29.7907402],[-50.6936717,-29.7901492]],[[-51.2309374,-29.6167501],[-51.2283771,-29.6285087]],[[-51.3702592,-29.8364107],[-51.3558873,-29.8412408]],[[-50.3289994,-29.4788246],[-50.3350766,-29.4854586],[-50.3476147,-29.4939364]],[[-50.6208196,-30.1984063],[-50.5982278,-30.1960157],[-50.5773911,-30.2353553],[-50.5604688,-30.2516815],[-50.5459026,-30.2512455],[-50.5377796,-30.2738662],[-50.5430121,-30.2999224],[-50.5553832,-30.3168313],[-50.5462626,-30.3312246],[-50.5453163,-30.3559794],[-50.5656371,-30.387912],[-50.5645145,-30.4375764],[-50.57442,-30.4814758],[-50.5826612,-30.4901355],[-50.6110979,-30.4857109],[-50.6492172,-30.4536054],[-50.6564259,-30.4308461],[-50.6501842,-30.4135717],[-50.6196463,-30.4067191],[-50.5967321,-30.3910186],[-50.6206633,-30.3567733],[-50.6309712,-30.3614274],[-50.6296377,-30.3915319],[-50.6434419,-30.3959193],[-50.7055849,-30.3476309],[-50.7294942,-30.3681373],[-50.7078801,-30.409153],[-50.6963756,-30.4410988],[-50.68643,-30.5008003],[-50.6795415,-30.6091725],[-50.6832753,-30.6636005],[-50.6901159,-30.7069243],[-50.7019874,-30.7463272],[-50.7207657,-30.7797483],[-50.7537767,-30.8189372],[-50.7904835,-30.8293965],[-50.8164889,-30.8411959],[-50.8569299,-30.8654119],[-50.8823419,-30.8915879],[-50.9196389,-30.9063873],[-50.9680875,-30.8978204],[-50.9521651,-30.9548699],[-50.9569856,-31.0095653],[-50.9723935,-31.0329255],[-50.9949517,-31.0481032],[-51.023704,-31.0515363],[-51.0485298,-31.0615924],[-51.1036155,-31.0993805],[-51.1246526,-31.0981745],[-51.1626912,-31.0754245],[-51.1768912,-31.079768],[-51.1808397,-31.1253939],[-51.167168,-31.1805708],[-51.1569866,-31.2465796],[-51.157477,-31.2847123],[-51.1791108,-31.3649811],[-51.2022383,-31.4110955],[-51.2375439,-31.4574351]],[[-51.2375439,-31.4574351],[-51.1859619,-31.5043878]],[[-51.1859619,-31.5043878],[-51.1040088,-31.4214322],[-51.0400803,-31.3599453],[-50.970369,-31.3048742],[-50.8791407,-31.2270415],[-50.833645,-31.1821099],[-50.7732013,-31.1170514],[-50.7509527,-31.0878772],[-50.7037188,-31.0147518],[-50.6416471,-30.9266311],[-50.5471478,-30.8026171],[-50.4649102,-30.6807062],[-50.3650726,-30.5500148],[-50.3374063,-30.5066369],[-50.3060611,-30.4471156],[-50.2642914,-30.3360488],[-50.2215534,-30.2298999],[-50.1643184,-30.0815717],[-50.1099159,-29.9566682],[-50.0527831,-29.8383021],[-49.9763975,-29.6971509],[-49.9437437,-29.6410207],[-49.91159,-29.5907784],[-49.8285526,-29.4757689],[-49.715804,-29.3324012],[-49.7435636,-29.3197173],[-49.7420974,-29.2988203],[-49.7759297,-29.2974099],[-49.7905422,-29.2858847],[-49.8173798,-29.2856538],[-49.8522,-29.2536409],[-49.8575699,-29.232622],[-49.8692354,-29.2244388],[-49.912866,-29.2079428],[-49.935434,-29.2082815],[-49.9650151,-29.1994445],[-49.9692819,-29.2117801],[-49.9965852,-29.2282623],[-50.0099322,-29.2254095],[-50.0365467,-29.2378462],[-50.115649,-29.2607666],[-50.1091795,-29.279675],[-50.0720365,-29.3103138],[-50.0641366,-29.3108354],[-50.0336971,-29.3498465],[-50.0421584,-29.3532484]],[[-52.1086271,-30.9055313],[-52.0979537,-30.9070654]],[[-52.0979537,-30.9070654],[-52.08191,-30.9029223],[-52.0557265,-30.9269692],[-52.0333944,-30.9165937],[-52.0130536,-30.9226274],[-51.9754763,-30.9233749],[-51.9415338,-30.9437378],[-51.8823019,-30.9123264],[-51.8786166,-30.9235226],[-51.8649285,-30.9551869],[-51.8640406,-30.9793117],[-51.8548813,-31.0040928],[-51.8104625,-31.0297821],[-51.8173214,-31.0474893],[-51.7885979,-31.1221615],[-51.7915577,-31.1401907],[-51.808959,-31.1466017],[-51.8203871,-31.1590866],[-51.81302,-31.1733211],[-51.7897744,-31.1763883],[-51.7802871,-31.2333614],[-51.7997193,-31.2557001],[-51.8117421,-31.2857497]],[[-51.8117421,-31.2857497],[-51.7904754,-31.2732673],[-51.7571475,-31.2861321],[-51.7066713,-31.2656211],[-51.6642254,-31.2711167],[-51.6282843,-31.2654514],[-51.6425696,-31.2260765],[-51.6413103,-31.1876779],[-51.6286663,-31.1529541],[-51.6019634,-31.1317418],[-51.5672721,-31.1286268],[-51.5544882,-31.11407],[-51.4707147,-31.0981384],[-51.441814,-31.0880529],[-51.4657538,-31.0650351],[-51.4876868,-31.0195494],[-51.4997768,-30.9724141],[-51.5004336,-30.929376],[-51.4876289,-30.8999113],[-51.4435383,-30.8705558],[-51.3900842,-30.8798935],[-51.3726968,-30.8725352],[-51.3905801,-30.8402937],[-51.4028587,-30.7837962],[-51.4058305,-30.7567506],[-51.391074,-30.6687385],[-51.3809298,-30.6434732],[-51.3640972,-30.6332405],[-51.3346126,-30.6337885],[-51.3176642,-30.6481622],[-51.3139576,-30.688503],[-51.3165991,-30.7041477],[-51.2970396,-30.7399923],[-51.2933503,-30.7647755],[-51.298081,-30.7919086],[-51.2811428,-30.8016678],[-51.2941413,-30.7515578],[-51.2930997,-30.7076756],[-51.30223,-30.6344481],[-51.3033486,-30.5885501],[-51.2999424,-30.5639497],[-51.2791548,-30.5104036],[-51.2449136,-30.4427908],[-51.2282114,-30.4230493],[-51.1978793,-30.4080321],[-51.1527572,-30.414158],[-51.131912,-30.4352982],[-51.1196561,-30.3925903],[-51.1041728,-30.3763416],[-51.0977155,-30.3575685],[-51.128588,-30.3592513],[-51.1782153,-30.386402],[-51.1915395,-30.3773474],[-51.207356,-30.3408157],[-51.211874,-30.2995652],[-51.2385203,-30.3168479],[-51.2571972,-30.3057702],[-51.2952733,-30.3029469],[-51.3009389,-30.2740921],[-51.2918591,-30.2545274],[-51.2987036,-30.2400939],[-51.3246615,-30.2352112],[-51.3332079,-30.2260171]],[[-51.755847,-30.5085761],[-51.7596103,-30.4988855]],[[-52.3339431,-30.3598231],[-52.3429449,-30.359014]],[[-52.3429449,-30.359014],[-52.3463935,-30.3653806],[-52.3543327,-30.3743091],[-52.3558686,-30.3791498],[-52.3585942,-30.3921231],[-52.3480348,-30.4309323],[-52.3733509,-30.4594116],[-52.404563,-30.4846559],[-52.4021851,-30.5095686],[-52.4212462,-30.5302676],[-52.4347512,-30.5565511],[-52.4340374,-30.5746401],[-52.3996465,-30.5959917],[-52.3570338,-30.6134921],[-52.3389452,-30.6537139],[-52.3443767,-30.6715582],[-52.3363802,-30.6809505],[-52.3411786,-30.7110082],[-52.3246695,-30.7145906],[-52.3160748,-30.7324827],[-52.2939817,-30.7515079],[-52.2918426,-30.7644772],[-52.2560954,-30.792779],[-52.2403703,-30.7565874],[-52.2106491,-30.7555858],[-52.2082252,-30.7770968],[-52.1896012,-30.7641863],[-52.18382,-30.8061777],[-52.1700047,-30.8407183],[-52.1554954,-30.8629282],[-52.136434,-30.8716813],[-52.1245903,-30.8831234],[-52.1226544,-30.8847192],[-52.1158908,-30.8880629],[-52.112265,-30.8992147],[-52.1086271,-30.9055313]],[[-55.4384353,-28.0863349],[-55.4545376,-28.095596],[-55.4878785,-28.0764551],[-55.4994061,-28.0810628],[-55.5132429,-28.1146478],[-55.5305813,-28.1154587],[-55.5475954,-28.1364832],[-55.5493331,-28.1559629],[-55.5641642,-28.1635054],[-55.5890965,-28.1417757],[-55.5834062,-28.1251731],[-55.6107303,-28.1174554],[-55.6207849,-28.1309814],[-55.6196824,-28.1535491],[-55.6342309,-28.1778382],[-55.6530168,-28.1821016],[-55.69258,-28.2187903],[-55.7712461,-28.2414545],[-55.7825587,-28.2560574],[-55.7731786,-28.2742401],[-55.7329098,-28.2859753],[-55.7017731,-28.3111919],[-55.6802024,-28.3222263],[-55.6707808,-28.3456874],[-55.6887689,-28.3881561],[-55.6907378,-28.4132957],[-55.704337,-28.4275562],[-55.7197035,-28.4186791],[-55.7343525,-28.3812095],[-55.7565667,-28.3694314],[-55.8096431,-28.3657443],[-55.8505849,-28.35539],[-55.8710892,-28.3572625],[-55.9003859,-28.3983461],[-55.9009504,-28.4187544],[-55.8826016,-28.4638382],[-55.884006,-28.4791631],[-55.9287913,-28.486352],[-55.9492936,-28.4945927],[-55.9882152,-28.4981152],[-56.0112241,-28.5068934],[-56.0232301,-28.522765],[-56.0208968,-28.5531966],[-56.0023709,-28.5782987],[-56.0033733,-28.5977984],[-56.017674,-28.6129435],[-56.0562722,-28.6292036],[-56.0820049,-28.6541993],[-56.1191509,-28.6812475],[-56.1434536,-28.709132],[-56.1606775,-28.7396514],[-56.1941555,-28.775198],[-56.2609311,-28.7790068],[-56.2891127,-28.793722],[-56.2997424,-28.8081133],[-56.2981677,-28.8844444],[-56.3038116,-28.9030324],[-56.3441939,-28.9400565],[-56.3789902,-28.9480299],[-56.406336,-28.9725956],[-56.4161742,-29.0007364],[-56.3991173,-29.0173516],[-56.4100027,-29.0386555],[-56.4131021,-29.0619185],[-56.4304202,-29.0795035],[-56.5030254,-29.0886616],[-56.5501313,-29.1166534],[-56.5887534,-29.1198128],[-56.5948743,-29.1362911],[-56.6169245,-29.1710693],[-56.645843,-29.200294],[-56.6547606,-29.223794],[-56.6492068,-29.2549564],[-56.6645228,-29.2949909],[-56.6999653,-29.3564409],[-56.7129681,-29.3673526],[-56.758703,-29.3709046],[-56.7731516,-29.3869927],[-56.7803612,-29.4162898],[-56.7795004,-29.4373726],[-56.7969515,-29.4490669],[-56.8220924,-29.4900248],[-56.8608157,-29.5073469],[-56.9019617,-29.5338167],[-56.9295372,-29.5662151],[-56.9509178,-29.5806873],[-56.9678003,-29.6017949],[-56.9711484,-29.6434064],[-57.0009237,-29.6519146],[-57.0211046,-29.6833173],[-57.0997221,-29.7483201],[-57.1319054,-29.7701601],[-57.172021,-29.7806849],[-57.2210531,-29.7763015],[-57.2354002,-29.7807884],[-57.2978169,-29.8347292],[-57.3245789,-29.8728178],[-57.329688,-29.8876354],[-57.3240796,-29.9217294],[-57.3281407,-29.9720368],[-57.3519807,-30.0080586],[-57.3963322,-30.0227942],[-57.4175216,-30.0383726],[-57.4537612,-30.0815588],[-57.4646043,-30.110343],[-57.5256147,-30.1513855],[-57.5880191,-30.1783448],[-57.6326603,-30.1747769],[-57.6320547,-30.187039],[-57.6033674,-30.1896711],[-57.5578464,-30.2133834],[-57.5577145,-30.2331507],[-57.5679792,-30.252231],[-57.5508317,-30.2726194],[-57.5254088,-30.2854722],[-57.5002731,-30.2888531],[-57.4867597,-30.2668292],[-57.4635234,-30.2653999],[-57.4522953,-30.2760374],[-57.4164045,-30.2779779],[-57.4213809,-30.3008757],[-57.3907587,-30.304002],[-57.3787505,-30.2794207],[-57.3649191,-30.2710503],[-57.352036,-30.284485],[-57.3069794,-30.2623328],[-57.2845645,-30.2937221],[-57.270061,-30.2849845],[-57.2500772,-30.2891569],[-57.204209,-30.2851423],[-57.1962531,-30.2645065],[-57.1679137,-30.2490263],[-57.1551621,-30.2341362],[-57.1654289,-30.2245123],[-57.1682194,-30.1976361],[-57.1447777,-30.1716128],[-57.129165,-30.1408381],[-57.1144833,-30.1454574],[-57.1046793,-30.1263402],[-57.0782815,-30.0915162],[-57.067139,-30.0911852],[-57.044805,-30.1057389],[-57.0238981,-30.0875422],[-56.9934426,-30.0857118],[-56.9774231,-30.0975546],[-56.9555809,-30.1011449],[-56.932416,-30.0939369],[-56.9047437,-30.1090957],[-56.8736508,-30.0927239],[-56.8503738,-30.0888961],[-56.8046452,-30.1059758],[-56.8008819,-30.1211528],[-56.780271,-30.1266304],[-56.7840054,-30.1511656],[-56.7297856,-30.1717041],[-56.7083946,-30.1881321],[-56.6978853,-30.2047657],[-56.685502,-30.1961273],[-56.6636787,-30.1974266],[-56.6411633,-30.2348189],[-56.6241255,-30.2465843],[-56.6076822,-30.282946],[-56.5853044,-30.2903669],[-56.5758793,-30.3035598],[-56.5370237,-30.3341373],[-56.5519926,-30.3441509],[-56.546144,-30.3606494],[-56.5215767,-30.3589506],[-56.5051903,-30.3704745],[-56.5070908,-30.3818414],[-56.4913648,-30.3981094],[-56.4621782,-30.3844822],[-56.4445371,-30.4116076],[-56.4399785,-30.4325237],[-56.4148301,-30.4381301],[-56.3981877,-30.4484393],[-56.4062363,-30.4686105],[-56.3892667,-30.4930602],[-56.3682596,-30.5031673],[-56.3504861,-30.4966128],[-56.3312845,-30.5293528],[-56.2898655,-30.5322561]],[[-56.2898655,-30.5322561],[-56.2644279,-30.5239362],[-56.2568951,-30.5224257],[-56.2459808,-30.501435],[-56.2339518,-30.5100202],[-56.2196181,-30.4958075],[-56.1814376,-30.481764],[-56.1713504,-30.4654651],[-56.1547244,-30.4699589],[-56.1309709,-30.4561617],[-56.0863288,-30.4523852],[-56.0676483,-30.4380461],[-56.056734,-30.4350085],[-56.0238232,-30.4418896],[-55.9470673,-30.4222715],[-55.9278602,-30.4307699],[-55.9151144,-30.4243435],[-55.8622404,-30.4331972],[-55.8277448,-30.426392],[-55.7729017,-30.4088363],[-55.7697005,-30.3967962],[-55.7462763,-30.3953193],[-55.7125714,-30.4044668],[-55.7065688,-30.402589],[-55.6833784,-30.3863989],[-55.6817334,-30.3774748],[-55.6879725,-30.3592921],[-55.6754825,-30.3224673],[-55.6634025,-30.304835],[-55.6788646,-30.2959493],[-55.6715946,-30.2715527],[-55.6914947,-30.2559235],[-55.6794695,-30.2501477],[-55.6749103,-30.2205897],[-55.6519609,-30.230731],[-55.6435738,-30.2125697],[-55.6716608,-30.202254],[-55.6657711,-30.1729064],[-55.6489599,-30.159913],[-55.6522465,-30.1466379],[-55.6768119,-30.1218234],[-55.6616791,-30.103119],[-55.6061007,-30.1443094],[-55.575128,-30.1499788],[-55.538451,-30.1632407],[-55.5298706,-30.1476595],[-55.4994826,-30.1205137],[-55.5010891,-30.1051022],[-55.4877598,-30.0880611],[-55.4618891,-30.0828187],[-55.4571092,-30.0890032],[-55.415716,-30.089854],[-55.3842558,-30.0746984],[-55.3130667,-30.0813064]],[[-55.3130667,-30.0813064],[-55.3044577,-30.0749141]],[[-54.9132092,-29.3405841],[-54.9250383,-29.3283636],[-54.9288841,-29.3263504],[-54.9322869,-29.3210384]],[[-55.5477228,-28.7085949],[-55.5617213,-28.697009]],[[-55.3144652,-30.0831222],[-55.3130667,-30.0813064]],[[-56.2898655,-30.5322561],[-56.2789601,-30.5532644],[-56.2583376,-30.562013],[-56.2598481,-30.5804104],[-56.2379619,-30.5734285],[-56.2344929,-30.5869889],[-56.2140956,-30.6084648],[-56.1876747,-30.6046947],[-56.1718754,-30.6188294],[-56.1803468,-30.630294],[-56.1655649,-30.6408919],[-56.1666943,-30.6634195],[-56.151942,-30.6804522],[-56.1507922,-30.704701],[-56.130307,-30.7165151],[-56.1267853,-30.7405517],[-56.1073301,-30.7320019],[-56.0956878,-30.7540221],[-56.0741836,-30.7455784],[-56.0630169,-30.7533062],[-56.0626115,-30.77459],[-56.0391271,-30.7752235],[-56.0229805,-30.7861433],[-56.0124718,-30.8073009],[-56.0043757,-30.8398411],[-55.9933685,-30.8459049],[-55.9903804,-30.8664108],[-56.0076947,-30.8935271],[-56.005484,-30.9223194],[-56.0152926,-30.9445104],[-56.0070591,-30.9837524],[-56.0176399,-31.0030238],[-56.0142342,-31.0215897],[-56.0184383,-31.0477292],[-56.0076546,-31.071737],[-55.9926745,-31.0850473],[-55.9792988,-31.0731996],[-55.9302837,-31.0862639],[-55.9258535,-31.0768346],[-55.890865,-31.0771489],[-55.8707577,-31.0715702],[-55.8552817,-31.0451157],[-55.8323066,-31.044374],[-55.807156,-31.016512],[-55.7808851,-31.0171475],[-55.7523329,-30.9985831],[-55.7243594,-30.9660351],[-55.7187941,-30.9416425],[-55.7039537,-30.9552217],[-55.6661864,-30.9539785],[-55.6634682,-30.9331682],[-55.6421179,-30.9116009],[-55.6631488,-30.8718906],[-55.6499775,-30.8660175],[-55.6378614,-30.8462234],[-55.6225173,-30.8421966],[-55.6001198,-30.8475503],[-55.5792534,-30.8400957],[-55.5672775,-30.8454456],[-55.5635603,-30.8686611],[-55.5459085,-30.8905441],[-55.5101745,-30.9017558],[-55.5041596,-30.9247543],[-55.4783597,-30.9538495],[-55.4573084,-30.9513752],[-55.4443563,-30.9584503],[-55.4267274,-30.9812511],[-55.4370495,-31.0047158],[-55.4066897,-31.0187487],[-55.3872421,-31.0205731],[-55.3488292,-31.0428691],[-55.3601032,-31.0674343],[-55.3455474,-31.0755763],[-55.3298022,-31.1165402],[-55.3395545,-31.1270512],[-55.3186327,-31.1451068],[-55.2896985,-31.1452773],[-55.2906187,-31.1636709],[-55.2719144,-31.1728355],[-55.2827173,-31.1939074],[-55.2628055,-31.1946841],[-55.250105,-31.2060085],[-55.2467621,-31.2522405],[-55.2137078,-31.2632037],[-55.1741937,-31.2681749],[-55.1476319,-31.2943357],[-55.1090404,-31.307681],[-55.0744643,-31.3320897],[-55.0600837,-31.31543],[-55.0432115,-31.3083903],[-55.0345731,-31.2872183],[-55.0807339,-31.210611]],[[-55.0807339,-31.210611],[-55.0683987,-31.1589712],[-55.095594,-31.11811],[-55.0914589,-31.0977234],[-55.1002502,-31.0868171],[-55.1170948,-31.0139419],[-55.1228552,-31.0066178],[-55.13059,-30.9901686],[-55.1462965,-30.9838741],[-55.1277827,-30.9404018],[-55.109792,-30.9308023],[-55.107273,-30.9125342],[-55.0785413,-30.8938735],[-55.0471003,-30.8845384],[-55.0288007,-30.8546457],[-55.037117,-30.8392583],[-55.031583,-30.8267907],[-55.0407352,-30.7933863],[-55.0246258,-30.775218],[-55.0310341,-30.7618497],[-55.0155308,-30.7360798],[-55.0158451,-30.7308574],[-55.0121502,-30.7266713],[-55.0106848,-30.7259157],[-54.9723737,-30.7335111],[-54.9267082,-30.7197613],[-54.9060774,-30.7194632],[-54.8437867,-30.7354713],[-54.8107499,-30.7133844],[-54.8000811,-30.7002594],[-54.7822733,-30.699159],[-54.771485,-30.6852619],[-54.7729889,-30.6635894],[-54.7327042,-30.6306043],[-54.7223122,-30.6038662],[-54.7211352,-30.5994183],[-54.6999598,-30.5966263],[-54.6903829,-30.6162568],[-54.6757876,-30.6050884],[-54.619649,-30.6174392],[-54.6081301,-30.6231752],[-54.5733588,-30.6130071],[-54.5447219,-30.6213969],[-54.5266178,-30.6140841],[-54.5040157,-30.6313495],[-54.4749082,-30.622385],[-54.439023,-30.6228466],[-54.4145605,-30.6399783],[-54.4099072,-30.6548922],[-54.3902655,-30.6741607],[-54.3739469,-30.6769724],[-54.3566276,-30.7030599],[-54.346297,-30.7370849],[-54.3232601,-30.7282299],[-54.2788714,-30.7301513],[-54.2477428,-30.7499455],[-54.2324443,-30.7431196],[-54.2138448,-30.7579091],[-54.1943097,-30.7585342],[-54.1603827,-30.7773646],[-54.1425401,-30.7618811],[-54.1453897,-30.7349444],[-54.1366009,-30.7106478],[-54.0997757,-30.6990283],[-54.0864363,-30.7008166],[-54.0611732,-30.6869086],[-54.0376517,-30.7001616],[-54.0181613,-30.6934649],[-54.014022,-30.6662843],[-54.0050579,-30.6503456],[-53.9812773,-30.639421],[-53.987148,-30.6176679],[-53.9665476,-30.5943525],[-53.953142,-30.5917488],[-53.9346262,-30.5750489],[-53.9206238,-30.5479354],[-53.8909581,-30.520745],[-53.8822425,-30.5061326],[-53.8872761,-30.4971881]],[[-55.0807339,-31.210611],[-55.0357536,-31.2839029],[-55.0318935,-31.2697414],[-55.0024077,-31.2692158],[-55.0005361,-31.2830209],[-54.9856526,-31.2924387],[-54.9828462,-31.3113966],[-54.9530712,-31.3319713],[-54.9592089,-31.3524541],[-54.935053,-31.3564763],[-54.9406467,-31.3806458],[-54.8859789,-31.3772778],[-54.8783856,-31.3980773],[-54.8579257,-31.4080496],[-54.8615372,-31.4179221],[-54.8364553,-31.4419383],[-54.8048848,-31.4289888],[-54.7889074,-31.4333381],[-54.7520227,-31.4244629],[-54.7213078,-31.4370064],[-54.6772991,-31.4473288],[-54.6703379,-31.4540783],[-54.5864586,-31.456553],[-54.5770731,-31.481337],[-54.56012,-31.4926983],[-54.5156442,-31.5101774],[-54.4902596,-31.5510233],[-54.4729407,-31.570353],[-54.4573188,-31.6012051],[-54.4657385,-31.6100249],[-54.4515116,-31.6400362],[-54.4562268,-31.6517005],[-54.1585091,-31.8735442],[-54.1405204,-31.8948926],[-54.1052823,-31.9129479],[-54.1005509,-31.9280786],[-54.0809081,-31.9294635],[-54.0404409,-31.8968187],[-54.0163711,-31.9010322],[-54.0068824,-31.9125759],[-53.9632615,-31.9219603],[-53.9725382,-31.9405453],[-53.9605805,-31.95528],[-53.9475107,-31.9546349]],[[-53.9475107,-31.9546349],[-53.9530404,-31.9192408],[-53.9363971,-31.9120706],[-53.9315306,-31.8746443],[-53.915745,-31.8633537],[-53.9068207,-31.8380626],[-53.9277849,-31.8056654],[-53.9063976,-31.7973506],[-53.9240709,-31.7756963],[-53.8998351,-31.7353451],[-53.9032726,-31.7256483],[-53.8889931,-31.6939227],[-53.8896327,-31.6659871],[-53.8808535,-31.6623772],[-53.8615833,-31.6299527],[-53.8492743,-31.6251372],[-53.8375515,-31.5881929],[-53.8391228,-31.5511087],[-53.8269647,-31.5461009],[-53.8218863,-31.5151611],[-53.8326267,-31.4702309],[-53.8057059,-31.4628469],[-53.7812105,-31.4385898],[-53.7920417,-31.4111152],[-53.8009337,-31.3739403],[-53.7911588,-31.3439273],[-53.7776646,-31.3363232],[-53.7652507,-31.3121912],[-53.7404689,-31.3291138],[-53.7190302,-31.3267066],[-53.6862453,-31.3370269],[-53.6727803,-31.330404],[-53.6531813,-31.3358424],[-53.6170914,-31.3290531],[-53.6237228,-31.3165227],[-53.6023883,-31.3064418],[-53.60312,-31.2874896],[-53.5696264,-31.2702004],[-53.5547799,-31.2368313],[-53.5300739,-31.242035],[-53.5275979,-31.2084151],[-53.5172994,-31.2034551],[-53.5171718,-31.1791984],[-53.4920836,-31.149536],[-53.4926035,-31.1334414],[-53.4806892,-31.1220297],[-53.4959514,-31.1040977],[-53.4864642,-31.0970451],[-53.4868624,-31.070335],[-53.4750912,-31.0586239],[-53.4893806,-31.0355582],[-53.4714672,-31.0320579],[-53.4634822,-31.0130716],[-53.4388216,-30.9768539],[-53.4328445,-30.9762713],[-53.4297699,-30.9671121],[-53.4397852,-30.9647486],[-53.4510728,-30.9682262],[-53.4635194,-30.9444851],[-53.4967063,-30.9614652],[-53.5143938,-30.9426415],[-53.5232292,-30.9411275],[-53.5317586,-30.9430826],[-53.5626737,-30.9218199],[-53.5738447,-30.9080247],[-53.5900911,-30.9247644],[-53.6015499,-30.9189158],[-53.5894398,-30.9079921],[-53.5900054,-30.8994641],[-53.6055406,-30.8943161],[-53.6011393,-30.8786815],[-53.6100768,-30.8635872],[-53.6472145,-30.8691967],[-53.6522711,-30.8405474],[-53.6723973,-30.8423488],[-53.7011199,-30.8159497],[-53.7071427,-30.8010952],[-53.7452796,-30.7727154],[-53.7576607,-30.7750139],[-53.7684838,-30.7978332],[-53.7854742,-30.7999055],[-53.8051884,-30.7879068],[-53.8035387,-30.765323],[-53.8209056,-30.7514304],[-53.803895,-30.7291815],[-53.8134163,-30.7178863],[-53.7972575,-30.7056933],[-53.7947071,-30.6712544],[-53.798445,-30.6385544],[-53.7743383,-30.620683],[-53.7627842,-30.5873512],[-53.7404295,-30.5654337],[-53.7389409,-30.5417185],[-53.7489736,-30.5331465],[-53.7439147,-30.5155878]],[[-53.7439147,-30.5155878],[-53.7506661,-30.5145579]],[[-53.9475107,-31.9546349],[-53.9132435,-31.9656762],[-53.8965477,-31.981149],[-53.8921252,-31.9953876],[-53.8572436,-31.9966804],[-53.8511367,-32.0268271],[-53.8376176,-32.0333952],[-53.8333169,-32.055143],[-53.8066922,-32.0698594],[-53.7562909,-32.0761537],[-53.7453664,-32.0914399],[-53.7256297,-32.0983558]],[[-53.7256297,-32.0983558],[-53.7207817,-32.100147]],[[-53.7207817,-32.100147],[-53.7113405,-32.0995507],[-53.7036719,-32.0758694]],[[-53.7036719,-32.0758694],[-53.7079701,-32.0742291],[-53.7134609,-32.0709309],[-53.7170586,-32.0703599],[-53.7155676,-32.0577129],[-53.7152498,-32.0240954],[-53.7125717,-32.0182792],[-53.7128148,-31.9992921],[-53.7037441,-31.9919191],[-53.7033174,-31.9888139],[-53.699616,-31.9843189],[-53.686583,-31.9873491],[-53.6843906,-31.9897542],[-53.6703833,-31.986588],[-53.6352894,-31.9815857],[-53.6416204,-31.9675563],[-53.6154554,-31.9638027],[-53.592226,-31.951168],[-53.588869,-31.9419514],[-53.6013417,-31.9177103],[-53.5550104,-31.917913],[-53.5140089,-31.8991956],[-53.5078585,-31.8895945],[-53.4722496,-31.8681504],[-53.4610931,-31.8418322],[-53.4514795,-31.8400704],[-53.4220396,-31.8334596],[-53.4065676,-31.843393],[-53.3549751,-31.8372234],[-53.3380357,-31.8499745],[-53.3193493,-31.851097],[-53.2823823,-31.8666929],[-53.2541424,-31.8731068],[-53.2402093,-31.8824546],[-53.2200612,-31.8847616],[-53.1900241,-31.8882133],[-53.1798059,-31.8815952],[-53.1578251,-31.89078],[-53.1393284,-31.8787673],[-53.1214358,-31.8826408],[-53.1023278,-31.8693465],[-53.0749955,-31.8806803],[-53.0493059,-31.8844443],[-53.0173433,-31.8701336],[-52.9451787,-31.8655394],[-52.9339947,-31.867083],[-52.9210489,-31.8828839],[-52.9179902,-31.8840855]],[[-52.9179902,-31.8840855],[-52.9148693,-31.8908377]],[[-52.9148693,-31.8908377],[-52.8780504,-31.8844556],[-52.8569633,-31.8671389],[-52.8260423,-31.8550208],[-52.8478473,-31.8407055],[-52.8665638,-31.8075678],[-52.8926167,-31.800554],[-52.8841959,-31.783575],[-52.8675959,-31.7717748],[-52.8686555,-31.7557516],[-52.8882899,-31.7509619],[-52.9007576,-31.7227018],[-52.8894702,-31.7061789],[-52.8977258,-31.68982],[-52.8890201,-31.6798537],[-52.9155653,-31.6659789],[-52.9401673,-31.6445217],[-52.9293701,-31.6093001],[-52.9441289,-31.5920974],[-52.9575242,-31.5904065],[-52.9911732,-31.5594818],[-52.9878869,-31.5226895],[-52.9759803,-31.5039938],[-52.9692078,-31.4685293],[-52.959221,-31.4460227],[-52.9393147,-31.4310235],[-52.9265112,-31.4063664],[-52.9293046,-31.3652012],[-52.9180588,-31.3554265],[-52.9183895,-31.3334218],[-52.9063856,-31.3136663],[-52.9162878,-31.2807617],[-52.9150112,-31.2553982],[-52.9210171,-31.2462291],[-52.9091153,-31.2245708],[-52.9111536,-31.1997537],[-52.9285884,-31.1345744],[-52.9241535,-31.1098921],[-52.9306564,-31.0986557],[-52.9307009,-31.0693108],[-52.9154823,-31.0582503],[-52.9016769,-31.000848],[-52.8919814,-30.9940661],[-52.873739,-30.9609445],[-52.8737787,-30.9492655],[-52.8577177,-30.9183099],[-52.8247263,-30.9048189],[-52.8099887,-30.9130356],[-52.7935752,-30.9065253],[-52.7304578,-30.8953371],[-52.7103261,-30.9038672],[-52.6748489,-30.9073542],[-52.6530352,-30.9212881],[-52.6334042,-30.9515511],[-52.5977746,-30.9536605],[-52.5850247,-30.9420583],[-52.5560438,-30.9457087],[-52.5537423,-30.9345967],[-52.4913368,-30.926488],[-52.4767296,-30.9105737],[-52.4653502,-30.9172542],[-52.4320409,-30.8985535],[-52.4232161,-30.9211657],[-52.4040059,-30.9050818],[-52.3673325,-30.9095423],[-52.3513555,-30.8976992],[-52.3358294,-30.9009125],[-52.3141358,-30.8871619],[-52.2906506,-30.9095082],[-52.2751754,-30.8966779],[-52.2754086,-30.8845764],[-52.2518518,-30.8843213],[-52.2286671,-30.8914645],[-52.2009264,-30.9069733],[-52.1872413,-30.9015607],[-52.1632926,-30.9039932],[-52.135764,-30.8997647],[-52.1068335,-30.9287262],[-52.1021384,-30.9186959],[-52.0985563,-30.9108877]],[[-52.0985563,-30.9108877],[-52.1086271,-30.9055313]],[[-52.3429449,-30.359014],[-52.3452775,-30.3591842]],[[-53.3030859,-30.1414846],[-53.3111588,-30.1408741]],[[-53.7331388,-30.4988327],[-53.7439147,-30.5155878]],[[-52.9148693,-31.8908377],[-52.9293222,-31.8862676]],[[-52.9293222,-31.8862676],[-52.9611036,-31.9040078],[-52.9792889,-31.9021408],[-53.0154233,-31.9119894],[-53.0459721,-31.9152263],[-53.0630256,-31.9324856],[-53.1000911,-31.9603679],[-53.1011178,-31.9807316],[-53.1234098,-31.9994271],[-53.0415057,-32.0024038],[-53.0280648,-32.0213366],[-53.0087574,-32.030397],[-52.9941745,-32.025084],[-52.9514963,-32.0340223],[-52.9338965,-32.0302205],[-52.8821937,-32.0447768],[-52.8583132,-32.0417514],[-52.8473768,-32.0542337],[-52.8183827,-32.058924],[-52.8048738,-32.0800369],[-52.8026815,-32.0867744],[-52.7974531,-32.0928625],[-52.7906376,-32.1062304],[-52.7777122,-32.0983773],[-52.7855033,-32.0810966],[-52.7813796,-32.0635387],[-52.7027227,-31.9570558],[-52.6627606,-31.9006873],[-52.6485247,-31.8992786],[-52.626343,-31.9142153],[-52.6085773,-31.9297565],[-52.5843282,-31.9374924],[-52.5742149,-31.9485225],[-52.5571792,-31.9436327],[-52.5444294,-31.9558889],[-52.5145731,-31.9533225],[-52.4973185,-31.9941822],[-52.4784464,-31.9915453],[-52.4667923,-31.9996882],[-52.4604653,-31.9960596],[-52.4476244,-32.0059765],[-52.4328993,-32.0112218],[-52.4233334,-32.0161162],[-52.4184178,-32.0162797]],[[-52.4184178,-32.0162797],[-52.4182898,-32.0121276]],[[-52.4182898,-32.0121276],[-52.4187734,-31.9719299],[-52.3916856,-31.9486386]],[[-52.3916856,-31.9486386],[-52.3808266,-31.9139253],[-52.3813862,-31.9012305]],[[-52.3813862,-31.9012305],[-52.3988998,-31.8826586],[-52.4077247,-31.8625285],[-52.3898333,-31.8534993],[-52.3933424,-31.8280981],[-52.3831154,-31.8060793],[-52.3592234,-31.8004718],[-52.3354176,-31.7841463],[-52.3033361,-31.7743168],[-52.2688511,-31.7766706],[-52.2231922,-31.7890475]],[[-52.2231922,-31.7890475],[-52.2278069,-31.7603146],[-52.2204416,-31.7459648],[-52.1929286,-31.7225792],[-52.1523643,-31.6993368],[-52.1041442,-31.6846629],[-52.0572191,-31.6832052],[-52.0326834,-31.6952113],[-52.0238288,-31.673221],[-52.0099329,-31.5976409],[-52.0179349,-31.5403383],[-52.009507,-31.5029545],[-52.0011499,-31.4409157],[-51.9870681,-31.3945445],[-51.9624212,-31.3700274],[-51.9601307,-31.3527831],[-51.9486438,-31.3393224],[-51.9327295,-31.3351486],[-51.9194628,-31.3107659],[-51.892088,-31.3156825],[-51.8750396,-31.3090397],[-51.8439353,-31.3232486],[-51.8339305,-31.3063967],[-51.8117421,-31.2857497]],[[-52.0979537,-30.9070654],[-52.0985563,-30.9108877]],[[-53.7256297,-32.0983558],[-53.7443946,-32.1163717],[-53.7176117,-32.1530026],[-53.7234882,-32.1736793],[-53.7128469,-32.1772063],[-53.7113277,-32.1990057],[-53.6851896,-32.2196225],[-53.6764946,-32.2381293],[-53.677794,-32.2585979],[-53.6555154,-32.290539],[-53.6428639,-32.2962995],[-53.6449773,-32.3323926],[-53.6341498,-32.34754],[-53.6449488,-32.3843371],[-53.6143752,-32.398404],[-53.6150311,-32.416573],[-53.5888356,-32.435173],[-53.5840398,-32.4513054],[-53.5670614,-32.4585327],[-53.5435373,-32.479068],[-53.4709373,-32.4806894],[-53.4565768,-32.5167487],[-53.4368959,-32.5481619],[-53.4033945,-32.5799895],[-53.3881204,-32.5869281],[-53.369697,-32.569866],[-53.3555381,-32.5905746],[-53.3388153,-32.5846223],[-53.3071926,-32.6033634],[-53.2888051,-32.6210966],[-53.271797,-32.6052235],[-53.2455852,-32.6071117],[-53.2370648,-32.6297685],[-53.2146823,-32.638817],[-53.1667213,-32.648587],[-53.1283785,-32.6384631],[-53.1085261,-32.6430143],[-53.0846437,-32.6582422],[-53.0769654,-32.6278228],[-53.0629964,-32.6180597],[-53.0201046,-32.6130716],[-53.0007997,-32.5978724],[-52.9918651,-32.5452278],[-52.9781366,-32.4989648],[-52.9593495,-32.4848763],[-52.9195975,-32.4676247],[-52.8890754,-32.4605055],[-52.8345399,-32.4538789],[-52.7989238,-32.4455916],[-52.7803937,-32.4365099],[-52.7472301,-32.4087094],[-52.7259771,-32.3857487],[-52.7241868,-32.3700112],[-52.7716795,-32.3526357],[-52.7725641,-32.3678373],[-52.7901137,-32.3788209],[-52.8169514,-32.3472802],[-52.8210849,-32.3341114],[-52.806916,-32.3182543],[-52.7784338,-32.2521706],[-52.7767632,-32.2306006],[-52.7540926,-32.2112964],[-52.7686116,-32.202287],[-52.736366,-32.1892758],[-52.736739,-32.1686895],[-52.7209158,-32.1543118],[-52.6749516,-32.1640385],[-52.658817,-32.153577],[-52.645882,-32.1522718],[-52.6336521,-32.1466679],[-52.6234685,-32.1460581],[-52.6203336,-32.1346508]],[[-52.6203336,-32.1346508],[-52.5626463,-32.0995789],[-52.5449437,-32.0998807],[-52.4921311,-32.0554299],[-52.4725193,-32.0556803],[-52.4414857,-32.0642552],[-52.4284992,-32.0471349],[-52.4095498,-32.0385212],[-52.4078273,-32.0323237],[-52.4099336,-32.0282328],[-52.419439,-32.0251005]],[[-52.419439,-32.0251005],[-52.4184178,-32.0162797]],[[-52.9293222,-31.8862676],[-52.9179902,-31.8840855]],[[-53.7036719,-32.0758694],[-53.7207817,-32.100147]],[[-52.6203336,-32.1346508],[-52.6228602,-32.1467273],[-52.62802,-32.1510835],[-52.6284941,-32.1620369],[-52.6566138,-32.205916],[-52.6879575,-32.2808999],[-52.6949048,-32.3179361],[-52.614973,-32.4434743],[-52.5882909,-32.5049176],[-52.5862145,-32.5267407],[-52.6116771,-32.620476],[-52.6884998,-32.7577727],[-52.7226639,-32.8328129],[-52.761257,-32.885828],[-52.8077793,-32.9105803],[-52.8322257,-32.9150415],[-52.8674249,-32.9098804],[-52.9077896,-32.8876856],[-52.9484615,-32.8548774],[-52.9987567,-32.8018521],[-53.0041578,-32.7819173],[-53.0414155,-32.8015149],[-53.0700944,-32.8338099],[-53.1012812,-32.8219888],[-53.1239055,-32.7938378],[-53.1413716,-32.8072649],[-53.1556383,-32.8521139],[-53.1591882,-32.9050299],[-53.1544623,-32.9524869],[-53.1635675,-32.9839095],[-53.1744375,-33.0035061],[-53.2074946,-33.0450315],[-53.2411918,-33.0761348],[-53.2601624,-33.1074109],[-53.2773734,-33.1093609],[-53.337157,-33.0825922],[-53.350704,-33.1035121],[-53.4082671,-33.1612805],[-53.4322027,-33.1621027],[-53.4517042,-33.2202313],[-53.4696818,-33.2600809],[-53.4401845,-33.3818579],[-53.4288349,-33.4146019],[-53.4247745,-33.4407202],[-53.440037,-33.5188979],[-53.4656299,-33.5579681],[-53.5011438,-33.5434151],[-53.5146339,-33.5540763],[-53.5125006,-33.6026003],[-53.525973,-33.6255658],[-53.5336157,-33.6591948],[-53.53235,-33.6888045],[-53.439516,-33.6934614],[-53.4310511,-33.7393548],[-53.416744,-33.7483016],[-53.391424,-33.7504327],[-53.369913,-33.7438377],[-53.3413691,-33.7219091],[-53.2649755,-33.6713115],[-53.2063603,-33.6260603],[-53.1662599,-33.5979037],[-53.086162,-33.5306713],[-52.802024,-33.3049126],[-52.7693054,-33.2761234],[-52.7266595,-33.2331511],[-52.687673,-33.1885176],[-52.6363881,-33.1232717],[-52.5995091,-33.0620848],[-52.5561492,-32.9765063],[-52.5114733,-32.8991571],[-52.4879128,-32.8510658],[-52.45584,-32.7616901],[-52.4332308,-32.6681891],[-52.4157339,-32.6052336],[-52.3864302,-32.5258308],[-52.3681675,-32.4817519],[-52.3407579,-32.4245715],[-52.293031,-32.3383187],[-52.2509215,-32.2798444],[-52.1990058,-32.2266002],[-52.141,-32.1792274],[-52.0994219,-32.1593338],[-52.1048078,-32.1059604],[-52.0992658,-32.0830655],[-52.1577651,-32.1128094],[-52.1498998,-32.0749573],[-52.1341208,-32.0575467],[-52.099535,-32.0472517],[-52.0723171,-32.0510871],[-52.0799993,-32.0282902],[-52.1097285,-32.0241113],[-52.1363413,-32.0457209],[-52.1711627,-32.0554776],[-52.2171572,-32.0846317],[-52.2402236,-32.0797642],[-52.1978792,-32.0527846],[-52.2033568,-32.0387877],[-52.1542737,-32.0265481],[-52.1132543,-32.010722],[-52.0961427,-31.9961824],[-52.1212129,-31.9786897],[-52.1331974,-31.9832105],[-52.1882474,-31.9828594],[-52.1968569,-32.027037],[-52.2038675,-32.0383895],[-52.2424605,-32.0311492],[-52.2341607,-32.0165357],[-52.2394,-31.9852354],[-52.2186316,-31.9599975],[-52.1875318,-31.9637077],[-52.1669866,-31.9441496],[-52.1420227,-31.9523],[-52.1129189,-31.9430992],[-52.1376202,-31.9192941],[-52.185815,-31.9040422],[-52.2214187,-31.8725091],[-52.2344834,-31.8946859],[-52.2487331,-31.8778427],[-52.2568273,-31.8493499],[-52.2445865,-31.8382536],[-52.2230115,-31.843374],[-52.2234594,-31.8133796],[-52.2126163,-31.8076394],[-52.2231922,-31.7890475]],[[-52.3813862,-31.9012305],[-52.3916856,-31.9486386]],[[-52.4182898,-32.0121276],[-52.419439,-32.0251005]],[[-51.2375439,-31.4574351],[-51.282406,-31.4969314],[-51.3432066,-31.5279111],[-51.3648721,-31.5318094],[-51.3993089,-31.5204054],[-51.4163442,-31.5095569],[-51.4281762,-31.4919981],[-51.4551162,-31.5288507],[-51.4467703,-31.5361716],[-51.4621579,-31.5670493],[-51.4505355,-31.5949562],[-51.4697574,-31.5897048],[-51.4751526,-31.5659556],[-51.4984103,-31.5831574],[-51.5298012,-31.6209752],[-51.5614819,-31.6700457],[-51.613264,-31.7294055],[-51.6560543,-31.7649289],[-51.6896312,-31.7813386],[-51.7345903,-31.7886855],[-51.8022987,-31.7884648],[-51.8275028,-31.8023177],[-51.8047766,-31.8147534],[-51.8096979,-31.84354],[-51.8604104,-31.8701763],[-51.8787072,-31.8730833],[-51.9081596,-31.8689086],[-51.929573,-31.8603197],[-51.9869115,-31.8265293],[-52.0153984,-31.8165537],[-52.0625298,-31.8161521],[-52.0970015,-31.8347491],[-52.0820162,-31.8660223],[-52.048521,-31.8895458],[-52.0429331,-31.902682],[-52.0152082,-31.9224186],[-52.0046527,-31.9449178],[-52.0152468,-31.9667097],[-52.0380238,-31.9709222],[-52.0538326,-31.9849292],[-52.0390526,-32.0300227],[-52.0496934,-32.0772102],[-52.0897707,-32.1314027],[-52.0757538,-32.1414871],[-51.9689076,-32.0318384],[-51.9207816,-31.9877447],[-51.8476723,-31.9307776],[-51.7601324,-31.8766358],[-51.6913222,-31.8408778],[-51.6123956,-31.8033063],[-51.5023749,-31.7428838],[-51.4529851,-31.712541],[-51.4003527,-31.6765205],[-51.2938104,-31.598729],[-51.243915,-31.5593145],[-51.1859619,-31.5043878]]],"bbox":[-57.6326603,-33.7504327,-49.6913518,-27.082302]}
