{"type":"Topology","objects":{"geometrias":{"type":"GeometryCollection","geometries":[{"type":"Polygon","arcs":[[0,1,2,3,4,5,6,7,8]],"properties":{"code_muni":1500107,"abbrev_state":"PA","name_state":"Pará","name_region":"Norte","name_muni":"Abaetetuba","code_state":15,"code_region":1,"year":2020}},{"type":"Polygon","arcs":[[9,10,11]],"properties":{"code_muni":1500131,"abbrev_state":"PA","name_state":"Pará","name_region":"Norte","name_muni":"Abel Figueiredo","code_state":15,"code_region":1,"year":2020}},{"type":"Polygon","arcs":[[12,13,14,15,16,17,18,19,20,21,22,23,24,25,26]],"properties":{"code_muni":1500206,"abbrev_state":"PA","name_state":"Pará","name_region":"Norte","name_muni":"Acará","code_state":15,"code_region":1,"year":2020}},{"type":"Polygon","arcs":[[27,28,29,30,31,32,33,34]],"properties":{"code_muni":1500305,"abbrev_state":"PA","name_state":"Pará","name_region":"Norte","name_muni":"Afuá","code_state":15,"code_region":1,"year":2020}},{"type":"Polygon","arcs":[[35,36,37,38,39,40,41,42]],"properties":{"code_muni":1500347,"abbrev_state":"PA","name_state":"Pará","name_region":"Norte","name_muni":"Água Azul do Norte","code_state":15,"code_region":1,"year":2020}},{"type":"Polygon","arcs":[[43,44,45,46,47,48,49,50]],"properties":{"code_muni":1500404,"abbrev_state":"PA","name_state":"Pará","name_region":"Norte","name_muni":"Alenquer","code_state":15,"code_region":1,"year":2020}},{"type":"Polygon","arcs":[[51,52,53,-51,54,55,56,57,58,59,60,61,62,63,64]],"properties":{"code_muni":1500503,"abbrev_state":"PA","name_state":"Pará","name_region":"Norte","name_muni":"Almeirim","code_state":15,"code_region":1,"year":2020}},{"type":"Polygon","arcs":[[65,66,67,68,69,70,71,72,73,74,75,76,77,78,79,80,81]],"properties":{"code_muni":1500602,"abbrev_state":"PA","name_state":"Pará","name_region":"Norte","name_muni":"Altamira","code_state":15,"code_region":1,"year":2020}},{"type":"Polygon","arcs":[[-35,82,-33,83,84,85,86,87,88,89,90,91,92,93,94]],"properties":{"code_muni":1500701,"abbrev_state":"PA","name_state":"Pará","name_region":"Norte","name_muni":"Anajás","code_state":15,"code_region":1,"year":2020}},{"type":"Polygon","arcs":[[95,96,97,98,99]],"properties":{"code_muni":1500800,"abbrev_state":"PA","name_state":"Pará","name_region":"Norte","name_muni":"Ananindeua","code_state":15,"code_region":1,"year":2020}},{"type":"Polygon","arcs":[[100,101,102,103,104,105,106,107,108]],"properties":{"code_muni":1500859,"abbrev_state":"PA","name_state":"Pará","name_region":"Norte","name_muni":"Anapu","code_state":15,"code_region":1,"year":2020}},{"type":"Polygon","arcs":[[109,110,111,112]],"properties":{"code_muni":1500909,"abbrev_state":"PA","name_state":"Pará","name_region":"Norte","name_muni":"Augusto Corrêa","code_state":15,"code_region":1,"year":2020}},{"type":"Polygon","arcs":[[113,114,115,116,117,118,119,120,121]],"properties":{"code_muni":1500958,"abbrev_state":"PA","name_state":"Pará","name_region":"Norte","name_muni":"Aurora do Pará","code_state":15,"code_region":1,"year":2020}},{"type":"Polygon","arcs":[[122,123,124,125,126,127,128,129]],"properties":{"code_muni":1501006,"abbrev_state":"PA","name_state":"Pará","name_region":"Norte","name_muni":"Aveiro","code_state":15,"code_region":1,"year":2020}},{"type":"Polygon","arcs":[[130,131,132,133,134,135,136,137,138,139,140,141]],"properties":{"code_muni":1501105,"abbrev_state":"PA","name_state":"Pará","name_region":"Norte","name_muni":"Bagre","code_state":15,"code_region":1,"year":2020}},{"type":"Polygon","arcs":[[142,143,144,-136,145,146,147,148,149,150,151,152,153,154,155]],"properties":{"code_muni":1501204,"abbrev_state":"PA","name_state":"Pará","name_region":"Norte","name_muni":"Baião","code_state":15,"code_region":1,"year":2020}},{"type":"Polygon","arcs":[[-38,156,157,158,159,160,161,162]],"properties":{"code_muni":1501253,"abbrev_state":"PA","name_state":"Pará","name_region":"Norte","name_muni":"Bannach","code_state":15,"code_region":1,"year":2020}},{"type":"Polygon","arcs":[[-17,163,164,165,166,167,168,-9,169,170]],"properties":{"code_muni":1501303,"abbrev_state":"PA","name_state":"Pará","name_region":"Norte","name_muni":"Barcarena","code_state":15,"code_region":1,"year":2020}},{"type":"Polygon","arcs":[[171,172,173,174,175,176,-165,177,-15,178,179,-97]],"properties":{"code_muni":1501402,"abbrev_state":"PA","name_state":"Pará","name_region":"Norte","name_muni":"Belém","code_state":15,"code_region":1,"year":2020}},{"type":"Polygon","arcs":[[180,-129,181,182,183,184,185,186,187,188]],"properties":{"code_muni":1501451,"abbrev_state":"PA","name_state":"Pará","name_region":"Norte","name_muni":"Belterra","code_state":15,"code_region":1,"year":2020}},{"type":"Polygon","arcs":[[-100,189,190,191,192,193,194,195]],"properties":{"code_muni":1501501,"abbrev_state":"PA","name_state":"Pará","name_region":"Norte","name_muni":"Benevides","code_state":15,"code_region":1,"year":2020}},{"type":"Polygon","arcs":[[196,197,198,199,-10,200]],"properties":{"code_muni":1501576,"abbrev_state":"PA","name_state":"Pará","name_region":"Norte","name_muni":"Bom Jesus do Tocantins","code_state":15,"code_region":1,"year":2020}},{"type":"Polygon","arcs":[[201,202,203,204,205,206,207,208,209,210]],"properties":{"code_muni":1501600,"abbrev_state":"PA","name_state":"Pará","name_region":"Norte","name_muni":"Bonito","code_state":15,"code_region":1,"year":2020}},{"type":"Polygon","arcs":[[211,212,213,214,215,216,-111]],"properties":{"code_muni":1501709,"abbrev_state":"PA","name_state":"Pará","name_region":"Norte","name_muni":"Bragança","code_state":15,"code_region":1,"year":2020}},{"type":"Polygon","arcs":[[217,218,219,220,-68,221,222,223,224,225,226,227,228,229]],"properties":{"code_muni":1501725,"abbrev_state":"PA","name_state":"Pará","name_region":"Norte","name_muni":"Brasil Novo","code_state":15,"code_region":1,"year":2020}},{"type":"Polygon","arcs":[[230,231,232,233,234,235,236]],"properties":{"code_muni":1501758,"abbrev_state":"PA","name_state":"Pará","name_region":"Norte","name_muni":"Brejo Grande do Araguaia","code_state":15,"code_region":1,"year":2020}},{"type":"Polygon","arcs":[[237,238,-153,239,240,241,242,243,244]],"properties":{"code_muni":1501782,"abbrev_state":"PA","name_state":"Pará","name_region":"Norte","name_muni":"Breu Branco","code_state":15,"code_region":1,"year":2020}},{"type":"Polygon","arcs":[[245,246,247,248,249,250,251,252,-141,253,254,255,256,-87,257,-85,258,-31]],"properties":{"code_muni":1501808,"abbrev_state":"PA","name_state":"Pará","name_region":"Norte","name_muni":"Breves","code_state":15,"code_region":1,"year":2020}},{"type":"Polygon","arcs":[[259,-191,-27,260,261,262,263,264,265,266,267,268]],"properties":{"code_muni":1501907,"abbrev_state":"PA","name_state":"Pará","name_region":"Norte","name_muni":"Bujaru","code_state":15,"code_region":1,"year":2020}},{"type":"Polygon","arcs":[[269,270,271,272,273]],"properties":{"code_muni":1501956,"abbrev_state":"PA","name_state":"Pará","name_region":"Norte","name_muni":"Cachoeira do Piriá","code_state":15,"code_region":1,"year":2020}},{"type":"Polygon","arcs":[[274,275,276,277,-176,278,279,280,281,282,283]],"properties":{"code_muni":1502004,"abbrev_state":"PA","name_state":"Pará","name_region":"Norte","name_muni":"Cachoeira do Arari","code_state":15,"code_region":1,"year":2020}},{"type":"Polygon","arcs":[[284,285,286,287,288,289,290]],"properties":{"code_muni":1502103,"abbrev_state":"PA","name_state":"Pará","name_region":"Norte","name_muni":"Cametá","code_state":15,"code_region":1,"year":2020}},{"type":"Polygon","arcs":[[291,292,-41,293,294]],"properties":{"code_muni":1502152,"abbrev_state":"PA","name_state":"Pará","name_region":"Norte","name_muni":"Canaã dos Carajás","code_state":15,"code_region":1,"year":2020}},{"type":"Polygon","arcs":[[295,296,297,-202,298,299,300,301]],"properties":{"code_muni":1502202,"abbrev_state":"PA","name_state":"Pará","name_region":"Norte","name_muni":"Capanema","code_state":15,"code_region":1,"year":2020}},{"type":"Polygon","arcs":[[302,303,304,305,306,-120,307,308,309,310,311,312,313,314,315,316]],"properties":{"code_muni":1502301,"abbrev_state":"PA","name_state":"Pará","name_region":"Norte","name_muni":"Capitão Poço","code_state":15,"code_region":1,"year":2020}},{"type":"Polygon","arcs":[[317,318,319,320,321,322,323,324,325,326,327,328,329,330]],"properties":{"code_muni":1502400,"abbrev_state":"PA","name_state":"Pará","name_region":"Norte","name_muni":"Castanhal","code_state":15,"code_region":1,"year":2020}},{"type":"MultiPolygon","arcs":[[[331]],[[332,-28,-95,333,334,-275,335,336]],[[337]],[[338]],[[339]]],"properties":{"code_muni":1502509,"abbrev_state":"PA","name_state":"Pará","name_region":"Norte","name_muni":"Chaves","code_state":15,"code_region":1,"year":2020}},{"type":"Polygon","arcs":[[340,341,-281,342,343,344,345]],"properties":{"code_muni":1502608,"abbrev_state":"PA","name_state":"Pará","name_region":"Norte","name_muni":"Colares","code_state":15,"code_region":1,"year":2020}},{"type":"Polygon","arcs":[[346,347,348,349,350,351]],"properties":{"code_muni":1502707,"abbrev_state":"PA","name_state":"Pará","name_region":"Norte","name_muni":"Conceição do Araguaia","code_state":15,"code_region":1,"year":2020}},{"type":"Polygon","arcs":[[352,-25,353,354,355,356,-262]],"properties":{"code_muni":1502756,"abbrev_state":"PA","name_state":"Pará","name_region":"Norte","name_muni":"Concórdia do Pará","code_state":15,"code_region":1,"year":2020}},{"type":"Polygon","arcs":[[357,358,359,360,361,362,363,364,365,366,367,-159,368,369]],"properties":{"code_muni":1502764,"abbrev_state":"PA","name_state":"Pará","name_region":"Norte","name_muni":"Cumaru do Norte","code_state":15,"code_region":1,"year":2020}},{"type":"Polygon","arcs":[[370,371,372,-294,373,374,375]],"properties":{"code_muni":1502772,"abbrev_state":"PA","name_state":"Pará","name_region":"Norte","name_muni":"Curionópolis","code_state":15,"code_region":1,"year":2020}},{"type":"Polygon","arcs":[[376,-254,-140,377,378,379,380,381,382]],"properties":{"code_muni":1502806,"abbrev_state":"PA","name_state":"Pará","name_region":"Norte","name_muni":"Curralinho","code_state":15,"code_region":1,"year":2020}},{"type":"Polygon","arcs":[[383,384,385,-45]],"properties":{"code_muni":1502855,"abbrev_state":"PA","name_state":"Pará","name_region":"Norte","name_muni":"Curuá","code_state":15,"code_region":1,"year":2020}},{"type":"Polygon","arcs":[[386,387,388,389,390]],"properties":{"code_muni":1502905,"abbrev_state":"PA","name_state":"Pará","name_region":"Norte","name_muni":"Curuçá","code_state":15,"code_region":1,"year":2020}},{"type":"Polygon","arcs":[[391,392,393,394,395,396,397,398]],"properties":{"code_muni":1502939,"abbrev_state":"PA","name_state":"Pará","name_region":"Norte","name_muni":"Dom Eliseu","code_state":15,"code_region":1,"year":2020}},{"type":"Polygon","arcs":[[399,400,-375,401,402,403]],"properties":{"code_muni":1502954,"abbrev_state":"PA","name_state":"Pará","name_region":"Norte","name_muni":"Eldorado do Carajás","code_state":15,"code_region":1,"year":2020}},{"type":"Polygon","arcs":[[404,405,406,407]],"properties":{"code_muni":1503002,"abbrev_state":"PA","name_state":"Pará","name_region":"Norte","name_muni":"Faro","code_state":15,"code_region":1,"year":2020}},{"type":"Polygon","arcs":[[408,409,410,411,412,-348,413]],"properties":{"code_muni":1503044,"abbrev_state":"PA","name_state":"Pará","name_region":"Norte","name_muni":"Floresta do Araguaia","code_state":15,"code_region":1,"year":2020}},{"type":"Polygon","arcs":[[414,415,416,417,418,-313]],"properties":{"code_muni":1503077,"abbrev_state":"PA","name_state":"Pará","name_region":"Norte","name_muni":"Garrafão do Norte","code_state":15,"code_region":1,"year":2020}},{"type":"Polygon","arcs":[[-243,419,420,421,422,423,424,425,-394,426,427,428,429]],"properties":{"code_muni":1503093,"abbrev_state":"PA","name_state":"Pará","name_region":"Norte","name_muni":"Goianésia do Pará","code_state":15,"code_region":1,"year":2020}},{"type":"Polygon","arcs":[[430,-65,431,-63,432,433,434,435,436,-248,437,-246,-30]],"properties":{"code_muni":1503101,"abbrev_state":"PA","name_state":"Pará","name_region":"Norte","name_muni":"Gurupá","code_state":15,"code_region":1,"year":2020}},{"type":"Polygon","arcs":[[438,439,440,441,442,443,444,445,446,447]],"properties":{"code_muni":1503200,"abbrev_state":"PA","name_state":"Pará","name_region":"Norte","name_muni":"Igarapé-Açu","code_state":15,"code_region":1,"year":2020}},{"type":"Polygon","arcs":[[448,449,450,451,-290,452,453,454,-6]],"properties":{"code_muni":1503309,"abbrev_state":"PA","name_state":"Pará","name_region":"Norte","name_muni":"Igarapé-Miri","code_state":15,"code_region":1,"year":2020}},{"type":"Polygon","arcs":[[-324,455,456,-267,457,458,459]],"properties":{"code_muni":1503408,"abbrev_state":"PA","name_state":"Pará","name_region":"Norte","name_muni":"Inhangapi","code_state":15,"code_region":1,"year":2020}},{"type":"Polygon","arcs":[[460,461,462,-244,-430,463,464,465,466,467,-309,468,-118]],"properties":{"code_muni":1503457,"abbrev_state":"PA","name_state":"Pará","name_region":"Norte","name_muni":"Ipixuna do Pará","code_state":15,"code_region":1,"year":2020}},{"type":"Polygon","arcs":[[469,470,471,472,-304,473,474,475]],"properties":{"code_muni":1503507,"abbrev_state":"PA","name_state":"Pará","name_region":"Norte","name_muni":"Irituia","code_state":15,"code_region":1,"year":2020}},{"type":"Polygon","arcs":[[476,477,478,479,480,-76,481,482,483,484,-72,485,486,487,-126]],"properties":{"code_muni":1503606,"abbrev_state":"PA","name_state":"Pará","name_region":"Norte","name_muni":"Itaituba","code_state":15,"code_region":1,"year":2020}},{"type":"Polygon","arcs":[[488,489,490,491,492]],"properties":{"code_muni":1503705,"abbrev_state":"PA","name_state":"Pará","name_region":"Norte","name_muni":"Itupiranga","code_state":15,"code_region":1,"year":2020}},{"type":"Polygon","arcs":[[493,494,495,-478]],"properties":{"code_muni":1503754,"abbrev_state":"PA","name_state":"Pará","name_region":"Norte","name_muni":"Jacareacanga","code_state":15,"code_region":1,"year":2020}},{"type":"Polygon","arcs":[[-423,496,497,498,499,500,501,502,503]],"properties":{"code_muni":1503804,"abbrev_state":"PA","name_state":"Pará","name_region":"Norte","name_muni":"Jacundá","code_state":15,"code_region":1,"year":2020}},{"type":"Polygon","arcs":[[504,505,506,507,508,-124,509,510,511,512]],"properties":{"code_muni":1503903,"abbrev_state":"PA","name_state":"Pará","name_region":"Norte","name_muni":"Juruti","code_state":15,"code_region":1,"year":2020}},{"type":"Polygon","arcs":[[513,514,-382,515,516,517,-291,-452,518,-450,519]],"properties":{"code_muni":1504000,"abbrev_state":"PA","name_state":"Pará","name_region":"Norte","name_muni":"Limoeiro do Ajuru","code_state":15,"code_region":1,"year":2020}},{"type":"Polygon","arcs":[[520,521,522,-122,523,-306,524,-472]],"properties":{"code_muni":1504059,"abbrev_state":"PA","name_state":"Pará","name_region":"Norte","name_muni":"Mãe do Rio","code_state":15,"code_region":1,"year":2020}},{"type":"Polygon","arcs":[[525,526,527,528]],"properties":{"code_muni":1504109,"abbrev_state":"PA","name_state":"Pará","name_region":"Norte","name_muni":"Magalhães Barata","code_state":15,"code_region":1,"year":2020}},{"type":"Polygon","arcs":[[529,530,531,532,-491,533,534,535,536,-371,537,-400,538,539,540,-198]],"properties":{"code_muni":1504208,"abbrev_state":"PA","name_state":"Pará","name_region":"Norte","name_muni":"Marabá","code_state":15,"code_region":1,"year":2020}},{"type":"Polygon","arcs":[[541,-529,542,-441,543,544,545,546]],"properties":{"code_muni":1504307,"abbrev_state":"PA","name_state":"Pará","name_region":"Norte","name_muni":"Maracanã","code_state":15,"code_region":1,"year":2020}},{"type":"Polygon","arcs":[[547,-391,548,549,550,-443,551,-527]],"properties":{"code_muni":1504406,"abbrev_state":"PA","name_state":"Pará","name_region":"Norte","name_muni":"Marapanim","code_state":15,"code_region":1,"year":2020}},{"type":"Polygon","arcs":[[-190,-99,552,553,-13]],"properties":{"code_muni":1504422,"abbrev_state":"PA","name_state":"Pará","name_region":"Norte","name_muni":"Marituba","code_state":15,"code_region":1,"year":2020}},{"type":"Polygon","arcs":[[554,555,-220,556,557]],"properties":{"code_muni":1504455,"abbrev_state":"PA","name_state":"Pará","name_region":"Norte","name_muni":"Medicilândia","code_state":15,"code_region":1,"year":2020}},{"type":"Polygon","arcs":[[558,-436,559,560,561,562,563,-133,564,-131,565,-252,566,-250]],"properties":{"code_muni":1504505,"abbrev_state":"PA","name_state":"Pará","name_region":"Norte","name_muni":"Melgaço","code_state":15,"code_region":1,"year":2020}},{"type":"Polygon","arcs":[[567,-288,568,569,570,-143,571,572]],"properties":{"code_muni":1504604,"abbrev_state":"PA","name_state":"Pará","name_region":"Norte","name_muni":"Mocajuba","code_state":15,"code_region":1,"year":2020}},{"type":"Polygon","arcs":[[573,-170,-8,574,-454,575,-573,576,-155,577,-238,578,579,-19]],"properties":{"code_muni":1504703,"abbrev_state":"PA","name_state":"Pará","name_region":"Norte","name_muni":"Moju","code_state":15,"code_region":1,"year":2020}},{"type":"Polygon","arcs":[[580,581,582,-187,583,584,585,586,587,588,589,590]],"properties":{"code_muni":1504752,"abbrev_state":"PA","name_state":"Pará","name_region":"Norte","name_muni":"Mojuí dos Campos","code_state":15,"code_region":1,"year":2020}},{"type":"Polygon","arcs":[[-56,591,-49,592,593,-58,594]],"properties":{"code_muni":1504802,"abbrev_state":"PA","name_state":"Pará","name_region":"Norte","name_muni":"Monte Alegre","code_state":15,"code_region":1,"year":2020}},{"type":"Polygon","arcs":[[595,-91,596,597,-514,598,-4,599,600]],"properties":{"code_muni":1504901,"abbrev_state":"PA","name_state":"Pará","name_region":"Norte","name_muni":"Muaná","code_state":15,"code_region":1,"year":2020}},{"type":"Polygon","arcs":[[601,602,603,-416,604,-311,605,-467,606,607,608,-272,609]],"properties":{"code_muni":1504950,"abbrev_state":"PA","name_state":"Pará","name_region":"Norte","name_muni":"Nova Esperança do Piriá","code_state":15,"code_region":1,"year":2020}},{"type":"Polygon","arcs":[[-501,-493,610,-532,611]],"properties":{"code_muni":1504976,"abbrev_state":"PA","name_state":"Pará","name_region":"Norte","name_muni":"Nova Ipixuna","code_state":15,"code_region":1,"year":2020}},{"type":"Polygon","arcs":[[612,-448,613,614,615,-205,616]],"properties":{"code_muni":1505007,"abbrev_state":"PA","name_state":"Pará","name_region":"Norte","name_muni":"Nova Timboteua","code_state":15,"code_region":1,"year":2020}},{"type":"Polygon","arcs":[[617,-495,618,-78,619,-480]],"properties":{"code_muni":1505031,"abbrev_state":"PA","name_state":"Pará","name_region":"Norte","name_muni":"Novo Progresso","code_state":15,"code_region":1,"year":2020}},{"type":"Polygon","arcs":[[620,-106,621,622,623,-534,-490,624,625,-498,626,-421,627,628]],"properties":{"code_muni":1505064,"abbrev_state":"PA","name_state":"Pará","name_region":"Norte","name_muni":"Novo Repartimento","code_state":15,"code_region":1,"year":2020}},{"type":"Polygon","arcs":[[629,630,-513,631,-511,632,633,-385,634,-53,635]],"properties":{"code_muni":1505106,"abbrev_state":"PA","name_state":"Pará","name_region":"Norte","name_muni":"Óbidos","code_state":15,"code_region":1,"year":2020}},{"type":"Polygon","arcs":[[636,-378,-139,637,-137,-145,638,-570,639,-286,640,-517,641,-380]],"properties":{"code_muni":1505205,"abbrev_state":"PA","name_state":"Pará","name_region":"Norte","name_muni":"Oeiras do Pará","code_state":15,"code_region":1,"year":2020}},{"type":"Polygon","arcs":[[642,-408,643,644,645,-506,646,-630]],"properties":{"code_muni":1505304,"abbrev_state":"PA","name_state":"Pará","name_region":"Norte","name_muni":"Oriximiná","code_state":15,"code_region":1,"year":2020}},{"type":"Polygon","arcs":[[647,648,-210,649,650,-475,651,-317,652,653,654]],"properties":{"code_muni":1505403,"abbrev_state":"PA","name_state":"Pará","name_region":"Norte","name_muni":"Ourém","code_state":15,"code_region":1,"year":2020}},{"type":"Polygon","arcs":[[655,656,657,658,-361,659,-359,660,-370,661,-157,-37,662,663]],"properties":{"code_muni":1505437,"abbrev_state":"PA","name_state":"Pará","name_region":"Norte","name_muni":"Ourilândia do Norte","code_state":15,"code_region":1,"year":2020}},{"type":"Polygon","arcs":[[664,665,666,-107,-621,667,668,669,-148,670]],"properties":{"code_muni":1505486,"abbrev_state":"PA","name_state":"Pará","name_region":"Norte","name_muni":"Pacajá","code_state":15,"code_region":1,"year":2020}},{"type":"Polygon","arcs":[[-237,671,672,673]],"properties":{"code_muni":1505494,"abbrev_state":"PA","name_state":"Pará","name_region":"Norte","name_muni":"Palestina do Pará","code_state":15,"code_region":1,"year":2020}},{"type":"Polygon","arcs":[[674,-465,675,-428,676,-392,677,678,679,-608]],"properties":{"code_muni":1505502,"abbrev_state":"PA","name_state":"Pará","name_region":"Norte","name_muni":"Paragominas","code_state":15,"code_region":1,"year":2020}},{"type":"Polygon","arcs":[[-537,680,-664,681,-43,682,-292,683,-372]],"properties":{"code_muni":1505536,"abbrev_state":"PA","name_state":"Pará","name_region":"Norte","name_muni":"Parauapebas","code_state":15,"code_region":1,"year":2020}},{"type":"Polygon","arcs":[[-162,684,685,-410,686]],"properties":{"code_muni":1505551,"abbrev_state":"PA","name_state":"Pará","name_region":"Norte","name_muni":"Pau d'Arco","code_state":15,"code_region":1,"year":2020}},{"type":"Polygon","arcs":[[687,688,-617,-204,689,-297,690]],"properties":{"code_muni":1505601,"abbrev_state":"PA","name_state":"Pará","name_region":"Norte","name_muni":"Peixe-Boi","code_state":15,"code_region":1,"year":2020}},{"type":"Polygon","arcs":[[691,-402,692,693,694]],"properties":{"code_muni":1505635,"abbrev_state":"PA","name_state":"Pará","name_region":"Norte","name_muni":"Piçarra","code_state":15,"code_region":1,"year":2020}},{"type":"Polygon","arcs":[[695,-185,696,697,-70,698,699,-585]],"properties":{"code_muni":1505650,"abbrev_state":"PA","name_state":"Pará","name_region":"Norte","name_muni":"Placas","code_state":15,"code_region":1,"year":2020}},{"type":"Polygon","arcs":[[-93,700,-601,701,-2,702,-168,703,-166,-177,-278,704,705,706]],"properties":{"code_muni":1505700,"abbrev_state":"PA","name_state":"Pará","name_region":"Norte","name_muni":"Ponta de Pedras","code_state":15,"code_region":1,"year":2020}},{"type":"Polygon","arcs":[[707,-562,708,709,710,-109,711,-666,712,-671,-147,713,-134,-564]],"properties":{"code_muni":1505809,"abbrev_state":"PA","name_state":"Pará","name_region":"Norte","name_muni":"Portel","code_state":15,"code_region":1,"year":2020}},{"type":"Polygon","arcs":[[714,-61,715,716,717,718,719,-230,720,-228,721,-226,722,723,724,725,726,727,728,-709,-561,729,-434]],"properties":{"code_muni":1505908,"abbrev_state":"PA","name_state":"Pará","name_region":"Norte","name_muni":"Porto de Moz","code_state":15,"code_region":1,"year":2020}},{"type":"Polygon","arcs":[[-594,730,731,-555,732,-717,733,-59]],"properties":{"code_muni":1506005,"abbrev_state":"PA","name_state":"Pará","name_region":"Norte","name_muni":"Prainha","code_state":15,"code_region":1,"year":2020}},{"type":"Polygon","arcs":[[734,735,736,-688,737,-302,738,739]],"properties":{"code_muni":1506104,"abbrev_state":"PA","name_state":"Pará","name_region":"Norte","name_muni":"Primavera","code_state":15,"code_region":1,"year":2020}},{"type":"Polygon","arcs":[[740,741,742,-740,743,744]],"properties":{"code_muni":1506112,"abbrev_state":"PA","name_state":"Pará","name_region":"Norte","name_muni":"Quatipuru","code_state":15,"code_region":1,"year":2020}},{"type":"Polygon","arcs":[[-161,745,-367,746,747,-350,748,-412,749,-685]],"properties":{"code_muni":1506138,"abbrev_state":"PA","name_state":"Pará","name_region":"Norte","name_muni":"Redenção","code_state":15,"code_region":1,"year":2020}},{"type":"Polygon","arcs":[[750,751,-163,-687,-409]],"properties":{"code_muni":1506161,"abbrev_state":"PA","name_state":"Pará","name_region":"Norte","name_muni":"Rio Maria","code_state":15,"code_region":1,"year":2020}},{"type":"Polygon","arcs":[[-396,752,-425,753,-503,754,755,-201,-12,756]],"properties":{"code_muni":1506187,"abbrev_state":"PA","name_state":"Pará","name_region":"Norte","name_muni":"Rondon do Pará","code_state":15,"code_region":1,"year":2020}},{"type":"Polygon","arcs":[[757,-183,758,-127,-488,759,-486,-71,-698]],"properties":{"code_muni":1506195,"abbrev_state":"PA","name_state":"Pará","name_region":"Norte","name_muni":"Rurópolis","code_state":15,"code_region":1,"year":2020}},{"type":"Polygon","arcs":[[760,-547,761,762]],"properties":{"code_muni":1506203,"abbrev_state":"PA","name_state":"Pará","name_region":"Norte","name_muni":"Salinópolis","code_state":15,"code_region":1,"year":2020}},{"type":"Polygon","arcs":[[763,-282,-342,764]],"properties":{"code_muni":1506302,"abbrev_state":"PA","name_state":"Pará","name_region":"Norte","name_muni":"Salvaterra","code_state":15,"code_region":1,"year":2020}},{"type":"Polygon","arcs":[[765,766,-172,-96,-196,767,768,769]],"properties":{"code_muni":1506351,"abbrev_state":"PA","name_state":"Pará","name_region":"Norte","name_muni":"Santa Bárbara do Pará","code_state":15,"code_region":1,"year":2020}},{"type":"Polygon","arcs":[[770,-706,771,-276,-335]],"properties":{"code_muni":1506401,"abbrev_state":"PA","name_state":"Pará","name_region":"Norte","name_muni":"Santa Cruz do Arari","code_state":15,"code_region":1,"year":2020}},{"type":"Polygon","arcs":[[772,-770,773,-193,774,-269,775,-457,776,-322,777]],"properties":{"code_muni":1506500,"abbrev_state":"PA","name_state":"Pará","name_region":"Norte","name_muni":"Santa Izabel do Pará","code_state":15,"code_region":1,"year":2020}},{"type":"Polygon","arcs":[[778,779,780,-654,781,-315,782,-418,783,-603,784,785,786,-215]],"properties":{"code_muni":1506559,"abbrev_state":"PA","name_state":"Pará","name_region":"Norte","name_muni":"Santa Luzia do Pará","code_state":15,"code_region":1,"year":2020}},{"type":"Polygon","arcs":[[-366,787,788,-352,789,-747]],"properties":{"code_muni":1506583,"abbrev_state":"PA","name_state":"Pará","name_region":"Norte","name_muni":"Santa Maria das Barreiras","code_state":15,"code_region":1,"year":2020}},{"type":"Polygon","arcs":[[790,-446,791,-327,792,-207,793,-615]],"properties":{"code_muni":1506609,"abbrev_state":"PA","name_state":"Pará","name_region":"Norte","name_muni":"Santa Maria do Pará","code_state":15,"code_region":1,"year":2020}},{"type":"Polygon","arcs":[[-365,794,-363,795,796,-788]],"properties":{"code_muni":1506708,"abbrev_state":"PA","name_state":"Pará","name_region":"Norte","name_muni":"Santana do Araguaia","code_state":15,"code_region":1,"year":2020}},{"type":"Polygon","arcs":[[-46,-633,-510,-123,797,-189,798,-582,799,-591,800,-589,801,802,803,-731,-593,-48,804]],"properties":{"code_muni":1506807,"abbrev_state":"PA","name_state":"Pará","name_region":"Norte","name_muni":"Santarém","code_state":15,"code_region":1,"year":2020}},{"type":"Polygon","arcs":[[805,-545,806,-439,807,-737]],"properties":{"code_muni":1506906,"abbrev_state":"PA","name_state":"Pará","name_region":"Norte","name_muni":"Santarém Novo","code_state":15,"code_region":1,"year":2020}},{"type":"Polygon","arcs":[[808,-280,809,-174,810,-766,-773,811,812,813,814,-344]],"properties":{"code_muni":1507003,"abbrev_state":"PA","name_state":"Pará","name_region":"Norte","name_muni":"Santo Antônio do Tauá","code_state":15,"code_region":1,"year":2020}},{"type":"Polygon","arcs":[[815,816,817,818,-388]],"properties":{"code_muni":1507102,"abbrev_state":"PA","name_state":"Pará","name_region":"Norte","name_muni":"São Caetano de Odivelas","code_state":15,"code_region":1,"year":2020}},{"type":"Polygon","arcs":[[-540,819,-234,820,821]],"properties":{"code_muni":1507151,"abbrev_state":"PA","name_state":"Pará","name_region":"Norte","name_muni":"São Domingos do Araguaia","code_state":15,"code_region":1,"year":2020}},{"type":"Polygon","arcs":[[-264,822,-356,823,824,825,-115,826,-522,827,-470,828]],"properties":{"code_muni":1507201,"abbrev_state":"PA","name_state":"Pará","name_region":"Norte","name_muni":"São Domingos do Capim","code_state":15,"code_region":1,"year":2020}},{"type":"Polygon","arcs":[[-623,829,-80,830,-796,-362,-659,831,832,-656,-681,-536,833]],"properties":{"code_muni":1507300,"abbrev_state":"PA","name_state":"Pará","name_region":"Norte","name_muni":"São Félix do Xingu","code_state":15,"code_region":1,"year":2020}},{"type":"Polygon","arcs":[[-551,834,835,836,-329,837,-444]],"properties":{"code_muni":1507409,"abbrev_state":"PA","name_state":"Pará","name_region":"Norte","name_muni":"São Francisco do Pará","code_state":15,"code_region":1,"year":2020}},{"type":"Polygon","arcs":[[838,839,-695,840,-673,841,-235,-820]],"properties":{"code_muni":1507458,"abbrev_state":"PA","name_state":"Pará","name_region":"Norte","name_muni":"São Geraldo do Araguaia","code_state":15,"code_region":1,"year":2020}},{"type":"Polygon","arcs":[[842,-389,-819]],"properties":{"code_muni":1507466,"abbrev_state":"PA","name_state":"Pará","name_region":"Norte","name_muni":"São João da Ponta","code_state":15,"code_region":1,"year":2020}},{"type":"Polygon","arcs":[[843,-763,844,-806,-736,845,-742]],"properties":{"code_muni":1507474,"abbrev_state":"PA","name_state":"Pará","name_region":"Norte","name_muni":"São João de Pirabas","code_state":15,"code_region":1,"year":2020}},{"type":"Polygon","arcs":[[-541,-822,846,-232,847,-199]],"properties":{"code_muni":1507508,"abbrev_state":"PA","name_state":"Pará","name_region":"Norte","name_muni":"São João do Araguaia","code_state":15,"code_region":1,"year":2020}},{"type":"Polygon","arcs":[[-326,848,-459,849,-265,-829,-476,-651,850,-208,-793]],"properties":{"code_muni":1507607,"abbrev_state":"PA","name_state":"Pará","name_region":"Norte","name_muni":"São Miguel do Guamá","code_state":15,"code_region":1,"year":2020}},{"type":"Polygon","arcs":[[851,-256,852,-383,-515,-598,853,-89]],"properties":{"code_muni":1507706,"abbrev_state":"PA","name_state":"Pará","name_region":"Norte","name_muni":"São Sebastião da Boa Vista","code_state":15,"code_region":1,"year":2020}},{"type":"Polygon","arcs":[[854,855]],"properties":{"code_muni":1507755,"abbrev_state":"PA","name_state":"Pará","name_region":"Norte","name_muni":"Sapucaia","code_state":15,"code_region":1,"year":2020}},{"type":"MultiPolygon","arcs":[[[856,857,-81,858,-104]],[[859,860,861,-101,-711,862,-728]]],"properties":{"code_muni":1507805,"abbrev_state":"PA","name_state":"Pará","name_region":"Norte","name_muni":"Senador José Porfírio","code_state":15,"code_region":1,"year":2020}},{"type":"Polygon","arcs":[[863,-337,864,-283,-764]],"properties":{"code_muni":1507904,"abbrev_state":"PA","name_state":"Pará","name_region":"Norte","name_muni":"Soure","code_state":15,"code_region":1,"year":2020}},{"type":"Polygon","arcs":[[-580,865,-462,866,-20]],"properties":{"code_muni":1507953,"abbrev_state":"PA","name_state":"Pará","name_region":"Norte","name_muni":"Tailândia","code_state":15,"code_region":1,"year":2020}},{"type":"Polygon","arcs":[[-549,-390,-843,-818,867,-331,868,-836,869]],"properties":{"code_muni":1507961,"abbrev_state":"PA","name_state":"Pará","name_region":"Norte","name_muni":"Terra Alta","code_state":15,"code_region":1,"year":2020}},{"type":"Polygon","arcs":[[870,-406,871,-508,872,-645]],"properties":{"code_muni":1507979,"abbrev_state":"PA","name_state":"Pará","name_region":"Norte","name_muni":"Terra Santa","code_state":15,"code_region":1,"year":2020}},{"type":"Polygon","arcs":[[873,-23,874,-21,-867,-461,-117,875,-825,876]],"properties":{"code_muni":1508001,"abbrev_state":"PA","name_state":"Pará","name_region":"Norte","name_muni":"Tomé-Açu","code_state":15,"code_region":1,"year":2020}},{"type":"Polygon","arcs":[[877,-745,878,-300,879,-648,880,-780,881,-213]],"properties":{"code_muni":1508035,"abbrev_state":"PA","name_state":"Pará","name_region":"Norte","name_muni":"Tracuateua","code_state":15,"code_region":1,"year":2020}},{"type":"Polygon","arcs":[[882,-74,883,884,-483]],"properties":{"code_muni":1508050,"abbrev_state":"PA","name_state":"Pará","name_region":"Norte","name_muni":"Trairão","code_state":15,"code_region":1,"year":2020}},{"type":"Polygon","arcs":[[-658,885,-832]],"properties":{"code_muni":1508084,"abbrev_state":"PA","name_state":"Pará","name_region":"Norte","name_muni":"Tucumã","code_state":15,"code_region":1,"year":2020}},{"type":"Polygon","arcs":[[886,-150,887,-669,888,-628,889,-241,890]],"properties":{"code_muni":1508100,"abbrev_state":"PA","name_state":"Pará","name_region":"Norte","name_muni":"Tucuruí","code_state":15,"code_region":1,"year":2020}},{"type":"Polygon","arcs":[[891,-398,892,-679]],"properties":{"code_muni":1508126,"abbrev_state":"PA","name_state":"Pará","name_region":"Norte","name_muni":"Ulianópolis","code_state":15,"code_region":1,"year":2020}},{"type":"Polygon","arcs":[[-556,893,-803,894,-587,895,-699,-69,-221]],"properties":{"code_muni":1508159,"abbrev_state":"PA","name_state":"Pará","name_region":"Norte","name_muni":"Uruará","code_state":15,"code_region":1,"year":2020}},{"type":"Polygon","arcs":[[896,-346,897,-814,898,-319,899,-817]],"properties":{"code_muni":1508209,"abbrev_state":"PA","name_state":"Pará","name_region":"Norte","name_muni":"Vigia","code_state":15,"code_region":1,"year":2020}},{"type":"MultiPolygon","arcs":[[[900,-113,901,902,-786,903,-610,-271,904,-274]],[[905]]],"properties":{"code_muni":1508308,"abbrev_state":"PA","name_state":"Pará","name_region":"Norte","name_muni":"Viseu","code_state":15,"code_region":1,"year":2020}},{"type":"Polygon","arcs":[[-726,906,907,-223,908,-66,909,-857,-103,910,-861,911]],"properties":{"code_muni":1508357,"abbrev_state":"PA","name_state":"Pará","name_region":"Norte","name_muni":"Vitória do Xingu","code_state":15,"code_region":1,"year":2020}},{"type":"Polygon","arcs":[[912,-856,913,-39,-752,914,-693]],"properties":{"code_muni":1508407,"abbrev_state":"PA","name_state":"Pará","name_region":"Norte","name_muni":"Xinguara","code_state":15,"code_region":1,"year":2020}}]}},"arcs":[[[-48.8374083,-1.5214442],[-48.8418518,-1.5238237]],[[-48.8418518,-1.5238237],[-48.9067721,-1.537466]],[[-48.9067721,-1.537466],[-48.9974333,-1.5687614]],[[-48.9974333,-1.5687614],[-49.0255706,-1.5818528],[-49.0538557,-1.6045057],[-49.0829076,-1.6307256]],[[-49.0829076,-1.6307256],[-49.1180287,-1.6727329],[-49.1312952,-1.6847686],[-49.1545474,-1.7017597]],[[-49.1545474,-1.7017597],[-49.153767,-1.7051018],[-49.1480239,-1.7123846],[-49.1042677,-1.7567529],[-49.1130993,-1.8018674],[-49.065338,-1.8135072],[-49.0341801,-1.8300402],[-49.0039657,-1.8112026],[-48.9964696,-1.8441394],[-48.975076,-1.8754681],[-48.9798348,-1.8964633],[-48.9435463,-1.9261582]],[[-48.9435463,-1.9261582],[-48.9417381,-1.9293887],[-48.9304758,-1.9393731],[-48.905768,-1.9565822]],[[-48.905768,-1.9565822],[-48.5304107,-1.6993218]],[[-48.5304107,-1.6993218],[-48.6602943,-1.6923112],[-48.6900966,-1.684631],[-48.702124,-1.6806665],[-48.7085163,-1.6636625],[-48.7198766,-1.6491486],[-48.7457509,-1.6149855],[-48.7498112,-1.6114345],[-48.751599,-1.6138615],[-48.7654328,-1.6016714],[-48.7805885,-1.6052293],[-48.8017493,-1.6078704],[-48.8128869,-1.6020111],[-48.8278536,-1.5745198],[-48.835488,-1.5468219],[-48.8374083,-1.5214442]],[[-48.6129339,-4.8138074],[-48.5244379,-4.9268942],[-48.5329385,-5.0051543],[-48.5048207,-5.0658029],[-48.4824644,-5.0954378],[-48.4519358,-5.1122455]],[[-48.4519358,-5.1122455],[-48.3155936,-5.0069924],[-48.1946307,-4.9110163]],[[-48.1946307,-4.9110163],[-48.270289,-4.9235413],[-48.3056288,-4.9095329],[-48.3225741,-4.9154901],[-48.3249632,-4.9006345],[-48.3277356,-4.8946725],[-48.3387636,-4.8847841],[-48.3684292,-4.8953033],[-48.4037069,-4.8673065],[-48.4263508,-4.862516],[-48.4550453,-4.8931686],[-48.4934355,-4.8591213],[-48.5064889,-4.8237387],[-48.5167651,-4.8215186],[-48.5270969,-4.8259577],[-48.5710455,-4.8247874],[-48.6129339,-4.8138074]],[[-48.2930171,-1.4705396],[-48.3317511,-1.466946]],[[-48.3317511,-1.466946],[-48.3318468,-1.4692402]],[[-48.3318468,-1.4692402],[-48.3549897,-1.4706785],[-48.3728782,-1.4899567],[-48.4103749,-1.5094423],[-48.4723508,-1.5211319],[-48.5003508,-1.5181798]],[[-48.5003508,-1.5181798],[-48.507903,-1.5305327]],[[-48.507903,-1.5305327],[-48.4805438,-1.5706738],[-48.4390443,-1.6530995]],[[-48.4390443,-1.6530995],[-48.441491,-1.6558337]],[[-48.441491,-1.6558337],[-48.4438506,-1.7197158],[-48.4376285,-1.7361335],[-48.4512073,-1.794811],[-48.4717387,-1.8343045],[-48.4649572,-1.875618],[-48.4918175,-1.9089863],[-48.5112925,-1.9491459],[-48.5110168,-1.9779266],[-48.5431379,-2.0225181],[-48.5853231,-2.046492],[-48.5852128,-2.0764013],[-48.6156576,-2.1109103],[-48.6241864,-2.1453983],[-48.6550155,-2.164536],[-48.6849327,-2.194771],[-48.7104579,-2.1966896],[-48.7097667,-2.2367984],[-48.7212331,-2.2566323],[-48.7465186,-2.2614537],[-48.7484337,-2.2913872],[-48.7889353,-2.3265937],[-48.8097954,-2.3880779],[-48.8388974,-2.3796751],[-48.8592674,-2.3917039],[-48.8784386,-2.4998804],[-48.8602927,-2.5345971],[-48.8554941,-2.5788598],[-48.8313788,-2.6007034],[-48.828237,-2.6015282]],[[-48.828237,-2.6015282],[-48.8155739,-2.5641241],[-48.8245976,-2.5356211],[-48.8202926,-2.5196829],[-48.7939895,-2.490856],[-48.7548457,-2.4307621],[-48.7372541,-2.4317184],[-48.6991554,-2.3991184],[-48.6864677,-2.4320461],[-48.7000316,-2.4467081],[-48.6612942,-2.4651954],[-48.6283735,-2.4512905],[-48.61332,-2.46183],[-48.5938769,-2.482838],[-48.5674311,-2.4831887],[-48.5112067,-2.5474232],[-48.5023247,-2.5576935],[-48.4953773,-2.5589518]],[[-48.4953773,-2.5589518],[-48.5126819,-2.5264824],[-48.4971022,-2.5083739],[-48.4986322,-2.4562007],[-48.4890675,-2.4179558],[-48.458492,-2.3901846],[-48.4514348,-2.3202076],[-48.4415159,-2.2951709],[-48.4134319,-2.290003],[-48.3773213,-2.2568387],[-48.3719305,-2.2346661],[-48.3297588,-2.177717],[-48.2895154,-2.1865358],[-48.2854849,-2.1944393],[-48.2886222,-2.2036858],[-48.2864878,-2.2212979],[-48.2836794,-2.2224371]],[[-48.2836794,-2.2224371],[-48.2669161,-2.2181797],[-48.2583736,-2.2128997],[-48.2443742,-2.1877311]],[[-48.2443742,-2.1877311],[-48.217293,-2.1702247],[-48.1975708,-2.1767459],[-48.1711472,-2.1353439],[-48.1527128,-2.1324409],[-48.1359638,-2.1207809],[-48.0709045,-2.0836498]],[[-48.0709045,-2.0836498],[-48.0537842,-2.0844785]],[[-48.0537842,-2.0844785],[-48.0762898,-2.0422439],[-48.0717066,-2.0151135],[-48.0419199,-1.9268399],[-48.0545097,-1.9060983],[-48.0530952,-1.8754818],[-48.0729854,-1.8487784]],[[-48.0729854,-1.8487784],[-48.0782774,-1.8297076]],[[-48.0782774,-1.8297076],[-48.0885069,-1.8271393],[-48.117181,-1.7953787],[-48.1365945,-1.7729395],[-48.1763985,-1.7702942],[-48.1784824,-1.7303344],[-48.1973168,-1.6949851],[-48.218704,-1.6929878],[-48.2278214,-1.6942036],[-48.2365416,-1.6568136],[-48.2311523,-1.6311803],[-48.2509642,-1.6196285],[-48.2685464,-1.5823701],[-48.2912346,-1.5696518],[-48.2755694,-1.5413348],[-48.2998464,-1.494756],[-48.2897126,-1.4832743],[-48.292544,-1.4770612],[-48.2930171,-1.4705396]],[[-50.1072191,-0.4708616],[-50.1959776,-0.2135243],[-50.298666,-0.1015891],[-50.3031696,-0.0581062],[-50.3318106,-0.0131351],[-50.3778843,0.022814],[-50.3956986,0.0504982],[-50.4129705,0.1124693],[-50.4328801,0.1495618],[-50.4708823,0.1775176],[-50.5230134,0.1883753],[-50.5583187,0.2128952],[-50.599668,0.2493574]],[[-50.599668,0.2493574],[-50.6681975,0.1850345],[-50.7619561,0.120978],[-50.8035185,0.1063234],[-50.9210933,0.0761336],[-50.9809629,0.0354058],[-50.9969123,0.0034511],[-51.0173382,-0.0107236],[-51.0656742,-0.0762263],[-51.1132027,-0.0966079],[-51.1748986,-0.1045348],[-51.2163629,-0.1186128],[-51.3024816,-0.2526427],[-51.3230321,-0.2637693],[-51.3477828,-0.2996133],[-51.3683699,-0.3762575],[-51.4236695,-0.4366112],[-51.4324792,-0.4733425]],[[-51.4324792,-0.4733425],[-51.3719285,-0.4639758],[-51.3038474,-0.4367483],[-51.2295058,-0.4290802],[-51.1550512,-0.4024578],[-51.1435176,-0.4206826],[-51.149388,-0.4682315],[-51.1484498,-0.4831563],[-51.1809144,-0.5056302],[-51.1446735,-0.5478598],[-51.1044397,-0.5410684],[-51.0929241,-0.562877],[-51.1218392,-0.6251766],[-51.1178919,-0.6493094],[-51.0944552,-0.6615551]],[[-51.0944552,-0.6615551],[-51.0447527,-0.653324],[-51.0110596,-0.6309225],[-50.9858983,-0.5966113],[-50.9581139,-0.5744287],[-50.8426814,-0.5319442],[-50.7926741,-0.521835],[-50.771254,-0.5088146],[-50.7463941,-0.5154547],[-50.7106948,-0.5569635],[-50.6841894,-0.622449],[-50.6637047,-0.6371494],[-50.6244972,-0.6435708],[-50.6122949,-0.6661256],[-50.6051558,-0.6698608],[-50.5415575,-0.67246],[-50.531356,-0.6767652],[-50.5128009,-0.699908],[-50.4774934,-0.720956]],[[-50.4774934,-0.720956],[-50.4767621,-0.7238346]],[[-50.4767621,-0.7238346],[-50.4730626,-0.7206368]],[[-50.4730626,-0.7206368],[-50.4494364,-0.6870986]],[[-50.4494364,-0.6870986],[-50.4177102,-0.7048732],[-50.4044921,-0.6962361],[-50.4065321,-0.6659411],[-50.3912311,-0.6444433],[-50.3580261,-0.6294282],[-50.3428035,-0.6294098],[-50.3389798,-0.6361253],[-50.3273959,-0.6331443],[-50.3183057,-0.6136847],[-50.3197752,-0.5800109],[-50.3228846,-0.5779403],[-50.3293133,-0.5688703],[-50.3179349,-0.4870181],[-50.2882984,-0.4719194],[-50.2872972,-0.4420077],[-50.2770601,-0.4162543],[-50.2701074,-0.3623462],[-50.2725497,-0.3563824],[-50.2643449,-0.3490921],[-50.2670954,-0.3430607],[-50.2379348,-0.3144326],[-50.2336407,-0.3127859],[-50.1145242,-0.4647672],[-50.1072191,-0.4708616]],[[-51.0368706,-6.4705445],[-51.0382259,-6.4813703]],[[-51.0382259,-6.4813703],[-51.0567803,-6.5240613],[-51.0622346,-6.5239856],[-51.0566601,-6.5378128],[-51.0099477,-6.5897655],[-51.0145655,-6.6279325],[-50.9944427,-6.6665414],[-50.9013399,-6.7101708],[-50.8872538,-6.7474166],[-50.8561677,-6.7762309],[-50.8277164,-6.8277927],[-50.7544224,-6.8732045],[-50.7512541,-6.8974816],[-50.7566242,-6.9790143],[-50.7058069,-7.0166211],[-50.6508141,-7.0419533],[-50.6479219,-7.0564674],[-50.5627825,-7.0762773],[-50.5383635,-7.0976803],[-50.531141,-7.1421625],[-50.5088394,-7.1756903],[-50.5091426,-7.1930144]],[[-50.5091426,-7.1930144],[-50.492726,-7.1931798],[-50.4274775,-7.2304489],[-50.4021156,-7.2213873],[-50.3763927,-7.2527896]],[[-50.3763927,-7.2527896],[-50.0710952,-7.0001642]],[[-50.0710952,-7.0001642],[-49.7297769,-6.7147157]],[[-49.7297769,-6.7147157],[-49.7450314,-6.7126494],[-49.7387984,-6.6732911],[-49.7782476,-6.6600548],[-49.7910786,-6.6423332],[-49.816117,-6.6609344],[-49.8437203,-6.658507],[-49.8655248,-6.6413179],[-49.9577925,-6.5906135],[-49.9977279,-6.5500028],[-50.0739994,-6.5380162],[-50.1359467,-6.5800185],[-50.2080809,-6.5892498],[-50.2328625,-6.5766951],[-50.2693128,-6.5961901],[-50.3004697,-6.6295148],[-50.3144784,-6.5788124],[-50.3318366,-6.5502999],[-50.354032,-6.5356157],[-50.3539207,-6.500002],[-50.3618952,-6.4821073],[-50.3859744,-6.4852942],[-50.4101419,-6.4903491],[-50.4207827,-6.5107058],[-50.4746701,-6.5078247]],[[-50.4746701,-6.5078247],[-50.4845862,-6.5147633]],[[-50.4845862,-6.5147633],[-50.522422,-6.5084158],[-50.5425065,-6.5315906],[-50.590004,-6.5220204],[-50.6027308,-6.5359535],[-50.6677246,-6.5437528],[-50.7159752,-6.5418878],[-50.7257528,-6.4926373],[-50.7668389,-6.4877545],[-50.7636989,-6.4599829],[-50.7912543,-6.4352135],[-50.826642,-6.3758627],[-50.8092806,-6.3564728],[-50.8255638,-6.3409427],[-50.8068658,-6.3096958],[-50.8069003,-6.28054],[-50.8207802,-6.2759907],[-50.8512231,-6.3035275],[-50.8931762,-6.3004188],[-50.9390903,-6.3292181],[-50.9476762,-6.3659313],[-50.9362037,-6.405978],[-50.9594562,-6.4281495],[-50.9754249,-6.4319816],[-50.9870638,-6.4360967],[-51.0061484,-6.4475962],[-51.0368706,-6.4705445]],[[-55.4136337,1.5456719],[-55.4134242,-1.3991195]],[[-55.4134242,-1.3991195],[-55.4089787,-1.4019203],[-55.4033517,-1.4092134],[-55.4016719,-1.4087362],[-55.3975679,-1.4175382],[-55.3799201,-1.4259805],[-55.3696666,-1.4281303],[-55.3370506,-1.445582],[-55.3169692,-1.443366],[-55.2847658,-1.4700837],[-55.2662021,-1.4632156],[-55.2223968,-1.4963097],[-55.198787,-1.4857676],[-55.1843291,-1.500763],[-55.1765704,-1.5357045],[-55.147048,-1.5669448],[-55.1177103,-1.5831222],[-55.1080202,-1.6118402],[-55.0563482,-1.694754],[-55.0745195,-1.7578945],[-55.0313844,-1.7916073],[-54.9838914,-1.7997228],[-54.9359684,-1.823612],[-54.9182152,-1.8452508],[-54.934192,-1.8625216],[-54.9415331,-1.8939843],[-54.9601593,-1.9042633],[-55.0448493,-1.9050104],[-55.0330228,-1.9200529],[-54.9808717,-1.9141656],[-54.9659895,-1.9638797],[-54.9020895,-1.9632203],[-54.8698224,-1.9761077],[-54.9485003,-2.0166357],[-55.0147529,-2.0404136],[-55.0345567,-2.069219],[-55.0640081,-2.1405275],[-55.0948957,-2.1669461]],[[-55.0948957,-2.1669461],[-54.9888073,-2.1616384],[-54.9395277,-2.1323156],[-54.8880338,-2.1290558],[-54.842916,-2.1416062],[-54.824503,-2.1383528],[-54.8120544,-2.1244228],[-54.7644727,-2.1071267],[-54.7388035,-2.0715112],[-54.7013871,-2.0826602],[-54.6161429,-2.0781103]],[[-54.6161429,-2.0781103],[-54.5968079,-2.0793756],[-54.54633,-2.0903543],[-54.5324974,-2.097884],[-54.5205821,-2.1082615]],[[-54.5205821,-2.1082615],[-54.5122755,-2.1093684]],[[-54.5122755,-2.1093684],[-54.5092448,-2.0744037],[-54.5350292,-2.0590489],[-54.5353055,-2.0546999],[-54.5170802,-2.0370336],[-54.4945033,-2.0172532],[-54.4726648,-1.9621326],[-54.4447724,-1.9183822],[-54.4228342,-1.9085729],[-54.4090505,-1.8842673],[-54.4228845,-1.8427383],[-54.4196909,-1.8233137],[-54.3889565,-1.7993837],[-54.3991823,-1.7753677],[-54.3958582,-1.722671],[-54.3620856,-1.7210757],[-54.3674772,-1.6694763],[-54.3826394,-1.6384607],[-54.3672123,-1.6096517],[-54.3690998,-1.5867257],[-54.3681939,-1.5766098],[-54.3782938,-1.5377295],[-54.3859805,-1.5356738],[-54.389377,-1.552656],[-54.3903601,-1.5674931],[-54.4367484,-1.4929502],[-54.4590424,-1.4930671],[-54.5022951,-1.517943],[-54.5253782,-1.511668],[-54.5541435,-1.5208621],[-54.5745409,-1.4839704],[-54.6017584,-1.4779078],[-54.6220025,-1.4588519],[-54.6358001,-1.4442525],[-54.6365827,-1.4177759],[-54.6362063,-1.3610377],[-54.6241252,-1.3370513],[-54.6307457,-1.3081052],[-54.6240928,-1.2562047],[-54.6475587,-1.2406865],[-54.6711653,-1.2496078],[-54.6942665,-1.2187127],[-54.6986771,-1.1787405],[-54.6818095,-1.1221227],[-54.6884246,-1.0927367],[-54.6757908,-1.0792826],[-54.6661598,-1.0232448],[-54.6260128,-1.0222609],[-54.6237598,-1.0003],[-54.601591,-0.9478202],[-54.6053085,-0.8817789],[-54.6287722,-0.8577383],[-54.6472231,-0.8581114],[-54.6571616,-0.7994607],[-54.6483351,-0.7783979],[-54.6768858,-0.7638069],[-54.6908895,-0.6957513],[-54.6771692,-0.6214255],[-54.6937787,-0.603462],[-54.7549435,-0.5658787],[-54.7679756,-0.5483772],[-54.7978051,-0.5097396],[-54.7995264,-0.4798085],[-54.8231922,-0.4298497],[-54.8178882,-0.3831597],[-54.8336427,-0.367006],[-54.8577538,-0.3739684],[-54.8722574,-0.3256212],[-54.903444,-0.2833435],[-54.9174229,-0.2833044],[-54.9256665,-0.2540231],[-54.9153965,-0.2227628],[-54.9235859,-0.1590169],[-54.9104503,-0.0980507],[-54.8997782,-0.0978592],[-54.8699172,-0.053739],[-54.8695584,-0.0172319],[-54.852283,0.0275005],[-54.8743915,0.0288576],[-54.8902542,0.0491094],[-54.899778,0.089706],[-54.9256971,0.1417858],[-54.9033385,0.1760509],[-54.9092239,0.2027208],[-54.899866,0.2458464],[-54.9048403,0.3283036],[-54.8731131,0.3504455],[-54.8621151,0.3725216]],[[-54.8621151,0.3725216],[-54.8643302,0.3796796]],[[-54.8643302,0.3796796],[-54.8472925,0.4332504],[-54.8603219,0.4764539],[-54.936529,0.5036528],[-55.0011425,0.4821269],[-55.007636,0.5077654],[-54.976366,0.5742499],[-54.9897254,0.5990228],[-55.0283367,0.6060351],[-55.0566037,0.6277498],[-55.0667426,0.6535766],[-55.0497467,0.680931],[-55.0586084,0.717246],[-55.0349171,0.7296981],[-55.023012,0.7850946],[-55.0328635,0.8087267],[-55.0212806,0.8583762],[-55.0273865,0.8859561],[-55.088929,0.9263926],[-55.0898663,0.9502579],[-55.0647005,1.0003682],[-55.1024455,1.0631235],[-55.1452642,1.0537847],[-55.1968939,1.0679679],[-55.216516,1.0734195],[-55.2233643,1.0783987],[-55.2292825,1.0914098],[-55.2268204,1.1019063],[-55.2069549,1.1433064],[-55.203482,1.1977152],[-55.2131673,1.2104117],[-55.2608849,1.2317702],[-55.2434226,1.2652268],[-55.2511916,1.2862147],[-55.2503141,1.3359479],[-55.2847772,1.3711589],[-55.3126418,1.3807636],[-55.3426027,1.4518764],[-55.3307791,1.4766311],[-55.3667906,1.4964307],[-55.3530387,1.5250319],[-55.3611737,1.5457534],[-55.4136337,1.5456719]],[[-51.7792879,-1.1660776],[-51.8090963,-1.1571011],[-51.8872859,-1.1663971],[-51.9229007,-1.1329634],[-51.9469037,-1.1660067],[-51.9619572,-1.1344374],[-51.9939523,-1.1347229],[-51.9911221,-1.171816],[-52.0409005,-1.1701323],[-52.062961,-1.1928913],[-52.0475632,-1.2142842],[-52.070459,-1.2359841],[-52.1098719,-1.2181159],[-52.1067638,-1.1830679],[-52.1202623,-1.146198],[-52.1467312,-1.1487914],[-52.1789319,-1.1295951],[-52.2147327,-1.1349578],[-52.2655945,-1.1289777],[-52.3127909,-1.1142085],[-52.3329879,-1.1158915],[-52.3581556,-1.0625844],[-52.4001787,-1.0436305],[-52.4167912,-1.0256118],[-52.4199283,-0.9659632],[-52.4376793,-0.9288754],[-52.4047158,-0.9127377],[-52.403158,-0.8771483],[-52.419851,-0.8546977],[-52.4555179,-0.8302661],[-52.5169334,-0.858616],[-52.5418462,-0.8365449],[-52.5169699,-0.8090464],[-52.5182377,-0.7755192],[-52.4971522,-0.7229462],[-52.5103877,-0.679184],[-52.5131837,-0.6196459],[-52.5322928,-0.5763552],[-52.5763261,-0.5764098],[-52.61299,-0.5948934],[-52.640009,-0.5849061],[-52.6954363,-0.4964017],[-52.70068,-0.4529291],[-52.6810757,-0.415085],[-52.6973482,-0.3929354],[-52.6818497,-0.3399645],[-52.6841716,-0.3143137],[-52.7544268,-0.2621886],[-52.7604398,-0.2375744],[-52.8360989,-0.1861492],[-52.8447693,-0.1597267],[-52.8641028,-0.1447643],[-52.9040129,-0.1549377],[-52.9327437,-0.1423073],[-52.9710222,-0.0431101],[-52.9772926,0.0237963],[-53.0149667,0.0596921],[-53.0111292,0.0950459],[-53.029266,0.1047191],[-53.0521271,0.1573389],[-53.0942925,0.195307],[-53.1058506,0.2373476],[-53.0941268,0.2589577],[-53.131376,0.2962017],[-53.136459,0.3260357],[-53.1753105,0.3817172],[-53.1612041,0.398538],[-53.1677453,0.4457283],[-53.1551284,0.4801797],[-53.1697689,0.4937348],[-53.1520646,0.5318937],[-53.1473221,0.6003346],[-53.1227118,0.6300909],[-53.1057436,0.6794615],[-53.1469379,0.6997862],[-53.1574069,0.7290729],[-53.1846077,0.7475027],[-53.1902726,0.7683835],[-53.2551477,0.8092116],[-53.2874946,0.8457159],[-53.3219937,0.8720013],[-53.4114942,0.9293442],[-53.4108033,0.9820425],[-53.4268299,0.992426],[-53.4223294,1.0337374],[-53.4558237,1.0773718],[-53.4591576,1.1336804],[-53.4443579,1.1513192],[-53.4044098,1.1511736],[-53.3960801,1.1792925],[-53.438769,1.232134],[-53.4699094,1.2399701],[-53.5252098,1.2117165],[-53.5463212,1.2285074],[-53.5233275,1.2613389],[-53.5527117,1.2802892],[-53.5626334,1.3065819],[-53.5333853,1.3224288],[-53.5456272,1.3474523],[-53.5706899,1.337302],[-53.5952181,1.3581541],[-53.6332463,1.3473586],[-53.6648539,1.3752498],[-53.7014598,1.3779189],[-53.7837222,1.4028539],[-53.820106,1.3891676],[-53.8877512,1.4077873],[-53.876742,1.4354522],[-53.8959981,1.4551258],[-53.9670765,1.4843951],[-53.9974678,1.4757713],[-53.9995265,1.5047707],[-54.0202741,1.5157631],[-54.0519674,1.4944892],[-54.06916,1.5009694],[-54.0987782,1.5505238],[-54.1019449,1.5843053],[-54.1436637,1.640612],[-54.1857503,1.6537353],[-54.2008834,1.6455793],[-54.2627439,1.6883824],[-54.2695781,1.7048118],[-54.3093044,1.7410503],[-54.3414715,1.7398184],[-54.3516918,1.7540727],[-54.4039456,1.7597567],[-54.4571677,1.7583028],[-54.4959444,1.7469426],[-54.528107,1.7649425],[-54.6019171,1.7845734],[-54.6436397,1.7686],[-54.7447791,1.7758008],[-54.7544217,1.797808],[-54.7384599,1.8248356],[-54.7701983,1.9256957],[-54.7559997,1.9742069],[-54.7690252,1.9962038],[-54.8038049,2.0258228],[-54.8062543,2.1389277],[-54.7678915,2.1809114],[-54.7631109,2.2023191],[-54.8114203,2.266378],[-54.7961664,2.3179651],[-54.80756,2.3416749],[-54.8746964,2.4153254],[-54.8722509,2.4337466],[-54.9354217,2.5185854],[-54.9543067,2.5836924],[-55.0038059,2.591027],[-55.1030864,2.5257359],[-55.1234732,2.5677203],[-55.1728658,2.5594387],[-55.2348061,2.5034753],[-55.3202556,2.5154633],[-55.356226,2.475653],[-55.3456432,2.4480823],[-55.3853987,2.4184543],[-55.4294499,2.4389661],[-55.4997845,2.4433308],[-55.5706752,2.4236096],[-55.577917,2.4354889],[-55.642262,2.416061],[-55.6984185,2.4216359],[-55.7076969,2.4032133]],[[-55.7076969,2.4032133],[-55.6898623,2.3402981],[-55.6588473,2.2656804],[-55.6274284,2.222565],[-55.6226046,2.1854523],[-55.6073089,2.1635856],[-55.6149997,2.1355471],[-55.5895227,2.112565],[-55.556175,2.1023292],[-55.5547404,2.0786786],[-55.5123535,2.0569081],[-55.5169834,2.0230798],[-55.5408425,1.9955393],[-55.5835825,1.9595901],[-55.5920636,1.926573],[-55.5857146,1.8995227],[-55.5513412,1.8666881],[-55.492004,1.8465458],[-55.4618915,1.8280991],[-55.4380057,1.7765996],[-55.4417259,1.7617898],[-55.4550371,1.7207264],[-55.4276041,1.6686079],[-55.4320903,1.6434775],[-55.4699019,1.5850436],[-55.4453634,1.5527981],[-55.4226406,1.546607]],[[-55.4226406,1.546607],[-55.4136337,1.5456719]],[[-54.8643302,0.3796796],[-54.8593484,0.3648636]],[[-54.8593484,0.3648636],[-54.8137527,0.3576734],[-54.7969165,0.3295426],[-54.7452201,0.3043611],[-54.6842389,0.2448654],[-54.6812468,0.210832],[-54.6681246,0.2004393],[-54.6407199,0.1336305],[-54.6021677,0.1383023],[-54.5361133,0.0867958],[-54.4469219,0.0856991],[-54.4422638,0.0508068],[-54.4043609,0.0338704],[-54.38791,-0.0079268],[-54.3978546,-0.0695429],[-54.4346677,-0.0698781],[-54.423583,-0.1116156],[-54.4330876,-0.1349404],[-54.4016106,-0.1463728],[-54.382387,-0.1702399],[-54.3684731,-0.2233285],[-54.3901954,-0.2525041],[-54.3500245,-0.2986472],[-54.319113,-0.3576783],[-54.3286656,-0.395727],[-54.322666,-0.4290636],[-54.34367,-0.4453248],[-54.346669,-0.4706973],[-54.31983,-0.4707845],[-54.2712481,-0.4908661],[-54.2331666,-0.4780608],[-54.2154703,-0.5157291],[-54.1833278,-0.5350935],[-54.179888,-0.5956075],[-54.1548574,-0.5821034],[-54.1238055,-0.5855697],[-54.1297525,-0.6179577],[-54.088086,-0.6085522],[-54.066741,-0.6290103],[-54.0255516,-0.6295723],[-54.029244,-0.6621938],[-54.0564387,-0.7294281]],[[-54.0564387,-0.7294281],[-54.0596643,-0.7575187],[-54.0691598,-0.7801577],[-54.079064,-0.7908019],[-54.0888002,-0.7982365]],[[-54.0888002,-0.7982365],[-54.1235495,-0.8276122],[-54.1213581,-0.8491435],[-54.1033778,-0.8713987],[-54.0779924,-0.8895916],[-54.0505554,-0.8948754],[-54.0350226,-0.9017118],[-54.0145834,-0.9230659],[-54.0139177,-0.9273707],[-53.9594026,-0.994547]],[[-53.9594026,-0.994547],[-53.9320788,-0.9984119],[-53.8991336,-0.9923698],[-53.8815512,-0.9839776],[-53.8092198,-0.9495234],[-53.7004685,-0.985765],[-53.6841344,-1.01645],[-53.6754062,-1.0914807],[-53.6476327,-1.1343348],[-53.6335805,-1.1400576],[-53.6282686,-1.1534241],[-53.6328833,-1.1881346],[-53.6131838,-1.2047266],[-53.574548,-1.2144724],[-53.5563019,-1.2518286],[-53.49521,-1.3417859],[-53.4769728,-1.4197036],[-53.464051,-1.4544548],[-53.426606,-1.5278899],[-53.3830734,-1.6257841],[-53.3611994,-1.6880063],[-53.3535741,-1.7489142],[-53.3204376,-1.749417],[-53.3108778,-1.7687853],[-53.2429113,-1.7574434],[-53.2161815,-1.7585635],[-53.1180484,-1.7811449],[-53.0472692,-1.7688191],[-53.0185423,-1.7574378]],[[-53.0185423,-1.7574378],[-52.9933272,-1.7374229]],[[-52.9933272,-1.7374229],[-52.9707562,-1.6959577],[-52.9391852,-1.6563173],[-52.7923775,-1.6252453],[-52.7456559,-1.6109556],[-52.6827255,-1.5842955],[-52.6416289,-1.5787465],[-52.4154612,-1.5631992],[-52.3203197,-1.5306441],[-52.2719838,-1.5171077],[-52.2632644,-1.5103391]],[[-52.2632644,-1.5103391],[-52.2461518,-1.5013654]],[[-52.2461518,-1.5013654],[-52.2132318,-1.4832611],[-52.1115652,-1.4701496],[-52.0618185,-1.4496942],[-51.9911192,-1.4351],[-51.9558137,-1.4059665],[-51.9365146,-1.3824205]],[[-51.9365146,-1.3824205],[-51.9192583,-1.3647367],[-51.9044322,-1.345537],[-51.8971476,-1.3307697],[-51.8909277,-1.3094783]],[[-51.8909277,-1.3094783],[-51.8891249,-1.2749905],[-51.8757541,-1.2635823],[-51.8680411,-1.2491153],[-51.8163109,-1.217178],[-51.790701,-1.1986097],[-51.7792879,-1.1660776]],[[-51.9581236,-3.4770433],[-51.9512328,-3.4138283],[-51.9984845,-3.3615518],[-52.0247351,-3.3110701],[-52.058709,-3.2666133],[-52.0822098,-3.2572858],[-52.1159028,-3.220062],[-52.1299408,-3.176107],[-52.1671485,-3.1499848],[-52.1628973,-3.1165862],[-52.1835154,-3.0907039],[-52.2201063,-3.0659041],[-52.228149,-2.9988751],[-52.2685451,-2.9935065],[-52.2796129,-3.0004843],[-52.292942,-3.0220879],[-52.293022,-3.0266882],[-52.2981251,-3.0337117],[-52.3572176,-3.0683127]],[[-52.3572176,-3.0683127],[-52.3609042,-3.0794599]],[[-52.3609042,-3.0794599],[-52.3588778,-3.0915347],[-52.3654573,-3.1116412],[-52.3943791,-3.1309969],[-52.4145688,-3.1657521],[-52.4436569,-3.1641954],[-52.482956,-3.2241935],[-52.496857,-3.2637068],[-52.4853423,-3.3062962],[-52.4956216,-3.315345],[-52.4991554,-3.3661316],[-52.4894417,-3.3851599],[-52.5201585,-3.4062263],[-52.5117701,-3.431002],[-52.4693301,-3.4115246],[-52.4033792,-3.4352652],[-52.3765406,-3.4886927],[-52.3532407,-3.5008167],[-52.3637894,-3.5344331],[-52.3809893,-3.5330531],[-52.4252402,-3.5730698],[-52.4360238,-3.6116547],[-52.449145,-3.6176898],[-52.4519276,-3.6627801],[-52.4890751,-3.6952076],[-52.5114896,-3.6962437],[-52.5491214,-3.7195753],[-52.5697704,-3.7539469],[-52.6134317,-3.783085],[-52.6501842,-3.8218759],[-52.6983802,-3.8189941],[-52.7273889,-3.8409261],[-52.7569052,-3.8403477],[-52.7852406,-3.8573157],[-52.8361862,-3.8516196],[-52.8669949,-3.8201831],[-52.9283758,-3.8714365],[-52.9380799,-3.9088798],[-53.0198523,-3.9343875],[-53.0415781,-3.9269902],[-53.0708864,-3.8978879],[-53.0976967,-3.8958139],[-53.1221069,-3.8645835],[-53.1499899,-3.8726777],[-53.1636064,-3.8585499],[-53.1604109,-3.8209288],[-53.1969171,-3.7911564],[-53.2083122,-3.7858572],[-53.2089584,-3.7452399],[-53.1712789,-3.714912],[-53.1790197,-3.6737365]],[[-53.1790197,-3.6737365],[-53.2241304,-3.7230804],[-53.2456347,-3.7355588],[-53.2363513,-3.7897924],[-53.2679054,-3.8223206],[-53.3243061,-3.8452178],[-53.3348683,-3.8724465],[-53.4081888,-3.901287],[-53.4308251,-3.9272566],[-53.4188573,-3.9549384],[-53.4363845,-3.9763649],[-53.4640635,-3.978522],[-53.483136,-3.9619179],[-53.5191343,-3.9652882],[-53.52452,-4.0090946],[-53.5043316,-4.0386475],[-53.5063296,-4.0555229],[-53.5585218,-4.0780892],[-53.5762762,-4.1049393],[-53.6371889,-4.1134246],[-53.6400526,-4.0959999],[-53.8265206,-4.1375732],[-53.8429721,-4.1498754],[-53.8523851,-4.1970963],[-53.9023857,-4.1828702],[-53.9428065,-4.2187134],[-53.9972726,-4.2223518],[-53.9869137,-4.2426817],[-54.023828,-4.266863],[-54.0483286,-4.2496427],[-54.0431132,-4.2191475],[-54.0658281,-4.2191106],[-54.0782504,-4.2387332],[-54.100058,-4.2319212]],[[-54.100058,-4.2319212],[-54.1589706,-4.2076213],[-54.1679478,-4.1931385],[-54.2001426,-4.2027827],[-54.2205247,-4.2682696],[-54.2798338,-4.3164988],[-54.301668,-4.3123496],[-54.3047552,-4.2805158],[-54.3630013,-4.2641089],[-54.3846749,-4.2884684],[-54.4132801,-4.2911048],[-54.4195002,-4.2644247],[-54.4897252,-4.2513704],[-54.5088852,-4.2657912],[-54.5342806,-4.3333012],[-54.4978072,-4.3379082],[-54.5030549,-4.35846],[-54.5524428,-4.3956309],[-54.5819453,-4.3933034],[-54.6089232,-4.3765059],[-54.6093041,-4.3561595],[-54.6430009,-4.3266868],[-54.6747209,-4.315979],[-54.6817233,-4.3200338],[-54.7237826,-4.3841087],[-54.7356164,-4.4245466],[-54.7967525,-4.4637116],[-54.8130846,-4.4283981],[-54.8418688,-4.4102362]],[[-54.8418688,-4.4102362],[-54.8559221,-4.4400322],[-54.8868109,-4.4571233],[-54.8987834,-4.4627428],[-54.9295063,-4.4902302],[-54.9155879,-4.5128808],[-54.9201773,-4.5372803],[-54.9809228,-4.5915896],[-55.0047586,-4.5781836],[-55.043976,-4.5850724],[-55.0577775,-4.5990494],[-55.1283142,-4.6040314],[-55.1552564,-4.6417022],[-55.222392,-4.6428458],[-55.2686717,-4.6671132],[-55.3099281,-4.665165],[-55.3384231,-4.6302478],[-55.3867275,-4.6526945],[-55.4075902,-4.6245817],[-55.4360052,-4.6330678],[-55.4607312,-4.6090145],[-55.497795,-4.620392]],[[-55.497795,-4.620392],[-55.4928644,-4.650053],[-55.4655128,-4.6908581],[-55.4767008,-4.7297098]],[[-55.4767008,-4.7297098],[-55.4843953,-4.7367003]],[[-55.4843953,-4.7367003],[-55.4949868,-4.7364334],[-55.4950867,-4.7660583],[-55.529119,-4.7970717],[-55.4817358,-4.8158619],[-55.445983,-4.8417613],[-55.4282553,-4.9331843],[-55.4073395,-4.9465906],[-55.3633957,-5.0140929],[-55.3572834,-5.0535602],[-55.3863177,-5.0734157],[-55.3928396,-5.1114823],[-55.4242869,-5.123897],[-55.4502308,-5.1779474],[-55.5004023,-5.1810298],[-55.536254,-5.2014379],[-55.564172,-5.1903969],[-55.5934553,-5.1961624],[-55.5739542,-5.2321202],[-55.6137603,-5.2318473],[-55.623871,-5.2522971],[-55.5822891,-5.2966795],[-55.5483457,-5.2849802],[-55.5034539,-5.2976813],[-55.4792032,-5.3463584],[-55.4892345,-5.3648316],[-55.4082575,-5.4311191],[-55.390395,-5.3885527],[-55.345885,-5.3846388],[-55.3409485,-5.4075582],[-55.3136231,-5.4314037],[-55.3206215,-5.450793],[-55.2822868,-5.5091365]],[[-55.2822868,-5.5091365],[-55.2802895,-5.5128511],[-55.2781978,-5.5293521]],[[-55.2781978,-5.5293521],[-55.2715892,-5.5489231],[-55.2819272,-5.5804634],[-55.2369295,-5.6844968],[-55.2133945,-5.6969878],[-55.2068455,-5.7595687],[-55.1603996,-5.7667632],[-55.1132582,-5.8250395],[-55.0986775,-5.8214146],[-55.0757585,-5.8863493],[-55.0474491,-5.9244795],[-55.0242871,-5.9362322],[-55.0439817,-6.011151],[-55.0706141,-6.0088058],[-55.1332352,-6.0392299],[-55.1590308,-6.0591741],[-55.1664753,-6.0802414],[-55.1997554,-6.0973839],[-55.2187887,-6.0807696],[-55.2501238,-6.0795852],[-55.2862578,-6.0567989],[-55.2893661,-6.0224179],[-55.3213953,-6.0415068],[-55.3390108,-6.0964503],[-55.3224216,-6.1394074],[-55.2977849,-6.1464767],[-55.2952861,-6.1745162],[-55.3317915,-6.1976795],[-55.3352837,-6.2491946],[-55.302396,-6.3135032],[-55.2425614,-6.3554546],[-55.2458679,-6.4120437],[-55.2552632,-6.4418109],[-55.1919819,-6.5485209],[-55.1955377,-6.6032569],[-55.1751747,-6.6268037],[-55.1881757,-6.6586581],[-55.1673469,-6.6853541],[-55.1674786,-6.7331001],[-55.1928439,-6.7744365]],[[-55.1928439,-6.7744365],[-55.2074486,-6.7733354]],[[-55.2074486,-6.7733354],[-55.2033986,-6.8397497],[-55.2206444,-6.8476356],[-55.193875,-6.8910818],[-55.2226727,-6.9052567],[-55.2358714,-6.9285034],[-55.2261496,-6.9719259],[-55.2517612,-6.97911],[-55.2434794,-7.0607963],[-55.2493936,-7.0954697],[-55.2399506,-7.1086938],[-55.2528974,-7.1626778],[-55.2355093,-7.1948105],[-55.2452009,-7.2184524],[-55.2102603,-7.2227772],[-55.1995646,-7.2452635],[-55.1973423,-7.298827],[-55.2103157,-7.3306531],[-55.1930396,-7.3526057],[-55.2103715,-7.3982777],[-55.1518715,-7.4387096],[-55.1759005,-7.4577858],[-55.1471523,-7.4906708],[-55.1084579,-7.48747],[-55.0865492,-7.5199559],[-55.0646739,-7.5258227],[-55.0706994,-7.5516741],[-55.0641197,-7.5877731],[-55.0795905,-7.6539969],[-55.1121431,-7.6953447],[-55.0820654,-7.7261738],[-55.029062,-7.740871],[-55.0153195,-7.7519978],[-55.0069799,-7.8172408],[-55.0410351,-7.8314785],[-55.0552565,-7.8542724],[-55.0876232,-7.8770712],[-55.0639829,-7.9335328],[-55.0817297,-7.9649658],[-55.1140899,-7.9705864],[-55.1443156,-8.0044871],[-55.1275382,-8.061778],[-55.1722876,-8.1137631],[-55.2112631,-8.1396498],[-55.2024032,-8.1718241],[-55.2376454,-8.2326852],[-55.2000966,-8.282902],[-55.2155645,-8.3069121],[-55.1949064,-8.3471019],[-55.2143718,-8.3816156],[-55.1900961,-8.4210139],[-55.1934833,-8.4542279],[-55.2080053,-8.4749568],[-55.1911751,-8.5158876],[-55.164758,-8.5563174],[-55.1711776,-8.6324453],[-55.1197936,-8.6597368],[-55.082733,-8.6929791],[-55.0686189,-8.7181604],[-55.0894889,-8.7758806],[-55.1188644,-8.7731813],[-55.1538169,-8.739682],[-55.1768168,-8.7013241],[-55.2084304,-8.7322955],[-55.2577052,-8.7163794],[-55.2708999,-8.7377871],[-55.23551,-8.7811793],[-55.2418975,-8.8268913],[-55.2219818,-8.846728],[-55.178427,-8.8428448],[-55.1768472,-8.8931405],[-55.1612068,-8.9145261],[-55.1718944,-8.9698536],[-55.1184852,-8.9867265],[-55.1115669,-9.0380676],[-54.9835631,-9.0528629],[-54.968124,-9.0719084],[-54.9444285,-9.0511027],[-54.8741222,-9.0634474],[-54.810924,-9.0918004],[-54.7510598,-9.1094955],[-54.724309,-9.1529037],[-54.6812569,-9.1529049],[-54.6746501,-9.186351],[-54.6972602,-9.2224557],[-54.7199539,-9.2394627],[-54.7723423,-9.3001011],[-54.7322901,-9.316493],[-54.7198657,-9.3699087],[-54.6840106,-9.4049509],[-54.6865344,-9.4293838],[-54.6713377,-9.4854056],[-54.632448,-9.5029456],[-54.6134541,-9.5358262]],[[-54.6134541,-9.5358262],[-54.1066155,-9.5719207],[-53.1333861,-9.6451782],[-53.1332474,-9.6351519]],[[-53.1332474,-9.6351519],[-53.1125277,-9.5524305],[-53.0567226,-9.5305053],[-53.0424989,-9.4772994],[-52.995078,-9.4752954],[-52.9730557,-9.4518707],[-52.9299104,-9.4548246],[-52.9396094,-9.4214239],[-52.9216353,-9.3836157],[-52.944226,-9.3295035],[-52.9745566,-9.240591],[-52.9645209,-9.2245515],[-53.0229914,-9.1566934],[-53.0812742,-9.1434382],[-53.0848002,-9.1161263],[-53.0160844,-9.0644244],[-53.0382459,-9.0421891],[-53.052,-9.0028879],[-53.0416398,-8.9796167],[-53.0486861,-8.9455873],[-53.015937,-8.9199613],[-52.9917742,-8.8355658],[-52.9990572,-8.8042581],[-53.0351867,-8.75178],[-53.0369366,-8.7286293],[-53.0062746,-8.7048285],[-52.9319162,-8.7300397],[-52.9240829,-8.7047858],[-52.9493343,-8.684949],[-52.9288829,-8.629636],[-52.8967174,-8.6276095],[-52.8992143,-8.5967357],[-52.8899146,-8.5866827],[-52.8879391,-8.5728168],[-52.9146882,-8.5316499],[-52.9049376,-8.5204571],[-52.9148505,-8.5059827],[-52.9455493,-8.4866395],[-52.951552,-8.4358014],[-52.9239725,-8.4329044],[-52.9165819,-8.4135561],[-52.9420494,-8.3907715],[-52.9399898,-8.3532822],[-52.9795503,-8.3378619],[-52.9906847,-8.3074945],[-53.0081093,-8.2953445],[-52.9729121,-8.2721797],[-52.9631068,-8.2364646],[-52.9296567,-8.2228399],[-52.9403053,-8.201333],[-52.9252703,-8.162625],[-52.9654407,-8.1215493],[-52.9561886,-8.0710673],[-52.9842444,-8.0335363],[-52.9699946,-8.0148222],[-53.0097758,-7.997813],[-53.037552,-7.9304763],[-53.0670541,-7.9186276],[-53.0572162,-7.8937324],[-53.01561,-7.8748039],[-53.0298897,-7.8564293],[-52.9921099,-7.8277421],[-52.9959125,-7.7967027],[-53.0346899,-7.7760089],[-53.037298,-7.7214146],[-53.0581044,-7.6878342],[-53.1001098,-7.6820748],[-53.1181584,-7.6453404],[-53.1129093,-7.6245162],[-53.1462209,-7.5981659],[-53.1466028,-7.5791323],[-53.1681104,-7.5539471],[-53.1383587,-7.5465381],[-53.0923534,-7.4775666],[-53.1075258,-7.460998],[-53.1242697,-7.4457881],[-53.1200747,-7.3955064],[-53.1475513,-7.3988427],[-53.1783548,-7.3804264],[-53.1653833,-7.3571301],[-53.2081378,-7.313771],[-53.2348873,-7.2985254],[-53.2814413,-7.2327312],[-53.2997973,-7.2308701],[-53.3151371,-7.2000325],[-53.2865203,-7.1758739],[-53.2560269,-7.1372253],[-53.2618545,-7.1048187],[-53.2808853,-7.102279],[-53.3118331,-7.0550993],[-53.3174382,-7.0274561],[-53.2787942,-6.96564],[-53.2826122,-6.9369991],[-53.3116373,-6.9160751],[-53.2888286,-6.8650345],[-53.2480075,-6.8314909],[-53.247252,-6.7868827],[-53.2740811,-6.7674919],[-53.3441941,-6.7494164],[-53.3684969,-6.7232522],[-53.3949152,-6.7176253],[-53.4240552,-6.6749884],[-53.4460799,-6.6865784],[-53.4685203,-6.6347168],[-53.4669097,-6.6102914],[-53.4400573,-6.559071],[-53.4035464,-6.5646359],[-53.3738615,-6.5940232],[-53.366602,-6.5855969],[-53.3142731,-6.4995447],[-53.3106351,-6.4628884],[-53.3032492,-6.4569459],[-53.2783801,-6.4611266],[-53.257411,-6.465055],[-53.2373526,-6.5004446],[-53.2145813,-6.4694582],[-53.1817739,-6.4587101],[-53.213104,-6.4243901],[-53.1911582,-6.4005653],[-53.1943583,-6.3714814],[-53.2341041,-6.3395872],[-53.2291902,-6.293671],[-53.2602124,-6.2892691],[-53.2671575,-6.2543192],[-53.2861624,-6.2343355],[-53.2876857,-6.2096865],[-53.3069351,-6.1656757],[-53.3454414,-6.1807251],[-53.3513794,-6.1718811],[-53.3408845,-6.1319167],[-53.3729126,-6.1150987],[-53.3827449,-6.0816269],[-53.3689698,-6.0579558],[-53.2858565,-6.0288803],[-53.2792432,-5.9817672],[-53.2183049,-5.9428489],[-53.202415,-5.9586142],[-53.1490789,-5.9377556],[-53.1279954,-5.9008651],[-53.0941571,-5.8719483],[-53.0591331,-5.8860532],[-53.0295158,-5.8745623],[-53.0195103,-5.8569493],[-52.9758564,-5.8450813],[-52.952241,-5.798608],[-52.9318591,-5.7912086],[-52.9393767,-5.7440264],[-52.8962142,-5.7056617],[-52.8759989,-5.6980705],[-52.8514095,-5.7100592],[-52.8321588,-5.6899387],[-52.8022709,-5.715671],[-52.7715181,-5.72227],[-52.753188,-5.7114015],[-52.742658,-5.6840089],[-52.7025232,-5.6676454],[-52.6902417,-5.6537143],[-52.7006606,-5.6122118],[-52.6842719,-5.5871483],[-52.6855179,-5.52505],[-52.6614637,-5.4131144],[-52.6459898,-5.4005382],[-52.6422103,-5.3556523],[-52.6598514,-5.3083335],[-52.6310772,-5.2654904],[-52.6122458,-5.2430721],[-52.4943508,-5.2181559],[-52.4500988,-5.1849956],[-52.42638,-5.1539845],[-52.4079876,-5.1836002],[-52.3747959,-5.2045613],[-52.3433806,-5.1793206],[-52.2953476,-5.1944149],[-52.2737116,-5.2260212],[-52.2840168,-5.2576342],[-52.2134883,-5.2911684],[-52.1482958,-5.3160981],[-52.119514,-5.3141854],[-52.1052645,-5.2713883],[-52.0685178,-5.2430302],[-52.0760165,-5.2156485],[-52.0510747,-5.1514007]],[[-52.0510747,-5.1514007],[-52.0786797,-5.1281657],[-52.0610975,-5.0527323],[-52.042879,-5.0160357],[-52.0643503,-4.9879266],[-52.0587313,-4.9699237],[-52.082543,-4.9109976],[-52.1158726,-4.8927088],[-52.0845164,-4.8092402],[-52.0924255,-4.7921976],[-52.0893489,-4.7406338],[-52.0756498,-4.6940924],[-52.0799845,-4.6778439],[-52.0523367,-4.6547607],[-52.0502641,-4.6365914],[-52.0066613,-4.6231492],[-51.9688204,-4.5827653],[-51.924426,-4.510779],[-51.8805964,-4.4612272],[-51.8780962,-4.4344171],[-51.8323971,-4.4345348],[-51.7727956,-4.4738664],[-51.7414839,-4.4556611],[-51.7179252,-4.455227],[-51.6622902,-4.4088419],[-51.6720119,-4.3704044],[-51.7011536,-4.3720449],[-51.7082918,-4.3288033],[-51.7407622,-4.3369441],[-51.7570653,-4.322624],[-51.7860917,-4.34691],[-51.8010158,-4.3360745],[-51.8185963,-4.2964319],[-51.8333191,-4.285711],[-51.8166769,-4.2328316],[-51.8370639,-4.2152761],[-51.8754858,-4.2368017],[-51.8896448,-4.2765478],[-51.9093623,-4.2706888],[-51.9428432,-4.1992047],[-51.9621774,-4.2043346],[-52.0101458,-4.1772096],[-52.0569842,-4.1244137],[-52.0672105,-4.0747272],[-52.0941304,-4.0629956],[-52.1224636,-4.0659255],[-52.1473444,-4.0903728],[-52.1639392,-4.0600376],[-52.2767898,-4.0319822],[-52.328547,-4.0112717],[-52.337093,-3.9884039],[-52.2905769,-3.9708065],[-52.2781669,-3.9519502],[-52.2847114,-3.9312964],[-52.2809323,-3.8755048],[-52.2986163,-3.8479688],[-52.3026189,-3.7504656],[-52.2955258,-3.7323903],[-52.2874112,-3.7272754],[-52.2671673,-3.7222171],[-52.2594137,-3.7061708],[-52.2238306,-3.7000564],[-52.2042408,-3.6419319],[-52.1681145,-3.563963],[-52.1107677,-3.5596412],[-52.0866145,-3.533202],[-52.0683886,-3.5343174],[-52.0393291,-3.5018376],[-52.0362268,-3.4975498],[-51.9795846,-3.4995584],[-51.9634408,-3.4890551]],[[-51.9634408,-3.4890551],[-51.9581236,-3.4770433]],[[-50.4494364,-0.6870986],[-50.4666017,-0.6909256],[-50.4730626,-0.7206368]],[[-50.4767621,-0.7238346],[-50.4709941,-0.7414529]],[[-50.4709941,-0.7414529],[-50.4683262,-0.7570731],[-50.4798427,-0.7797762],[-50.4948939,-0.7888484],[-50.5094932,-0.8161045],[-50.497099,-0.8321654],[-50.5029079,-0.8664788],[-50.471012,-0.8976245],[-50.471316,-0.9448006],[-50.4864359,-0.9684741],[-50.5291157,-0.9701057],[-50.5315787,-1.0076611],[-50.5130611,-1.0119925],[-50.4694162,-1.0264858],[-50.4600258,-1.0140176],[-50.4349999,-1.023866],[-50.4171275,-0.980735],[-50.3966514,-0.9691614],[-50.3672917,-0.9660845]],[[-50.3672917,-0.9660845],[-50.3138973,-0.9604106],[-50.2976432,-0.9622275],[-50.2969233,-0.9650246],[-50.2991301,-0.9706711],[-50.2924551,-0.9738667]],[[-50.2924551,-0.9738667],[-50.2653367,-0.9715224],[-50.2435977,-0.9817422],[-50.2388327,-0.990788],[-50.2152287,-1.0482957],[-50.2176271,-1.0545729],[-50.208718,-1.0664171],[-50.1937766,-1.0742131]],[[-50.1937766,-1.0742131],[-49.9320642,-1.095613]],[[-49.9320642,-1.095613],[-49.9106406,-1.0830551],[-49.8803988,-1.1079802],[-49.8765949,-1.1616261],[-49.8403018,-1.1989795],[-49.8189161,-1.2340788],[-49.763694,-1.2618351],[-49.7115818,-1.232312],[-49.6821865,-1.2626025],[-49.6645494,-1.2673163],[-49.6071425,-1.2706115],[-49.6001343,-1.2671794],[-49.568333,-1.2199847],[-49.5266309,-1.1880438]],[[-49.5266309,-1.1880438],[-49.5247705,-1.1838213]],[[-49.5247705,-1.1838213],[-49.507106,-1.1136244],[-49.5062124,-1.0686685],[-49.4668878,-1.0527472],[-49.501495,-1.0119499],[-49.5473855,-1.0067209],[-49.5458677,-0.9997971],[-49.5412759,-0.9954394],[-49.5397749,-0.9901762],[-49.5397337,-0.9930832],[-49.5369623,-0.9893543],[-49.5303734,-0.9841482],[-49.5351031,-0.9813685],[-49.5323958,-0.9770694],[-49.5302383,-0.9730006]],[[-49.5302383,-0.9730006],[-49.5233317,-0.9682662]],[[-49.5233317,-0.9682662],[-49.5212728,-0.9660232],[-49.5184655,-0.9648659],[-49.5206691,-0.9634813],[-49.5202319,-0.9602242],[-49.5294626,-0.9458058],[-49.5440477,-0.8759814],[-49.49772,-0.7431355],[-49.4874619,-0.7052137],[-49.4802979,-0.6870487],[-49.481758,-0.6834811],[-49.4862762,-0.6687112]],[[-49.4862762,-0.6687112],[-49.49192,-0.6655195]],[[-49.49192,-0.6655195],[-49.5004681,-0.6494775],[-49.5478287,-0.6190435],[-49.6131084,-0.5905653],[-49.6522671,-0.5562401],[-49.6787506,-0.5577908],[-49.7308036,-0.5902613],[-49.7753038,-0.6047538],[-49.8205509,-0.6003053],[-49.8519449,-0.5800967],[-49.9022692,-0.5310413],[-49.9652496,-0.4934636],[-50.0141369,-0.47837],[-50.0811814,-0.479874],[-50.0919119,-0.4683541],[-50.1072191,-0.4708616]],[[-48.3357922,-1.2503476],[-48.3530442,-1.2210259]],[[-48.3530442,-1.2210259],[-48.391104,-1.2256698],[-48.4053723,-1.2257978],[-48.427581,-1.257193],[-48.4222075,-1.3130206],[-48.4353938,-1.3459661],[-48.421404,-1.369319],[-48.429888,-1.394464],[-48.42488,-1.398774],[-48.41059,-1.394153],[-48.3746015,-1.412117],[-48.3760727,-1.4279526],[-48.381212,-1.4319091],[-48.3872347,-1.4453693],[-48.3503191,-1.456907]],[[-48.3503191,-1.456907],[-48.3434321,-1.4381526]],[[-48.3434321,-1.4381526],[-48.331518,-1.4288645],[-48.3354631,-1.4166269],[-48.3364533,-1.4111163],[-48.3520725,-1.4062561],[-48.3673515,-1.3701365],[-48.3623785,-1.3613475],[-48.3465007,-1.3461871],[-48.3427765,-1.3439577],[-48.3399228,-1.3290474]],[[-48.3399228,-1.3290474],[-48.3458761,-1.3189868],[-48.3515438,-1.3159551],[-48.3519861,-1.3071022],[-48.3520402,-1.2790485],[-48.3357922,-1.2503476]],[[-51.7482858,-2.845507],[-51.7472088,-2.8489225],[-51.7321185,-2.8565918],[-51.6980426,-2.8557647],[-51.6770953,-2.9258385],[-51.6321187,-2.9699389],[-51.6374016,-3.0148608],[-51.6786454,-3.0106044],[-51.7185707,-3.0605712],[-51.7211496,-3.0827165],[-51.7264272,-3.0867273],[-51.7491812,-3.1003794],[-51.7513537,-3.1076449]],[[-51.7513537,-3.1076449],[-51.7435817,-3.1034624]],[[-51.7435817,-3.1034624],[-51.7242667,-3.1105731],[-51.714895,-3.1239924],[-51.6773499,-3.1309814],[-51.6699973,-3.134077],[-51.6766693,-3.1429797],[-51.679591,-3.1476552],[-51.6829707,-3.151859],[-51.6869922,-3.154746],[-51.6831249,-3.1586066],[-51.6088046,-3.152167],[-51.6313054,-3.2523975],[-51.6994972,-3.2575772],[-51.7155411,-3.269473],[-51.7340677,-3.3202786],[-51.7522055,-3.3926335],[-51.7412648,-3.4272869],[-51.7126494,-3.4671027],[-51.7241477,-3.4871557],[-51.7594256,-3.4800476],[-51.7828425,-3.4870776],[-51.8004554,-3.4872935],[-51.8066315,-3.4971715],[-51.8020354,-3.5044733]],[[-51.8020354,-3.5044733],[-51.7139532,-3.5048076],[-51.6971504,-3.5341155],[-51.6596521,-3.57155],[-51.5958446,-3.5759387],[-51.5825614,-3.5924031],[-51.5761755,-3.6511814],[-51.5453991,-3.6815016],[-51.5482132,-3.6981547],[-51.5846996,-3.7610631],[-51.5644838,-3.7984414],[-51.5175619,-3.7696119],[-51.507097,-3.7839201],[-51.5204548,-3.8287471],[-51.5237307,-3.8665793],[-51.5007154,-3.8611767],[-51.4610314,-3.8841383],[-51.432813,-3.884341],[-51.4068979,-3.9147544],[-51.4228412,-3.9476619],[-51.3840048,-4.0305401],[-51.4178407,-4.0809711],[-51.399952,-4.1039238],[-51.3954239,-4.1475186],[-51.3705148,-4.1955246],[-51.3774549,-4.247551],[-51.3440361,-4.3102226],[-51.3561456,-4.335615],[-51.321508,-4.4090102],[-51.3486177,-4.4317274],[-51.3655074,-4.4280306],[-51.3833432,-4.4544464],[-51.336338,-4.4665461],[-51.362844,-4.4904293],[-51.3844552,-4.5492303],[-51.3454739,-4.6022066],[-51.3517014,-4.6317902],[-51.3169256,-4.6642531],[-51.3119806,-4.7159875],[-51.3367887,-4.740241],[-51.3632033,-4.8195704],[-51.3898955,-4.850435],[-51.3983713,-4.8821972],[-51.4208118,-4.9133877],[-51.4421226,-4.9211406],[-51.4660323,-4.9757574],[-51.4571189,-5.0006051],[-51.4321819,-5.0293355],[-51.4314036,-5.0552719],[-51.4125653,-5.0755404],[-51.4129776,-5.1257027],[-51.447819,-5.1502147]],[[-51.447819,-5.1502147],[-50.9301963,-5.1505729]],[[-50.9301963,-5.1505729],[-50.8600311,-5.0003873],[-50.8686993,-4.9882911],[-50.8511977,-4.9558711],[-50.8472019,-4.9124446],[-50.8597305,-4.8999696],[-50.8584492,-4.8688548],[-50.9122822,-4.8646978],[-50.9206757,-4.8168819],[-50.93406,-4.7910968],[-50.9065664,-4.7287979],[-50.932115,-4.6864294],[-50.9063989,-4.6746675],[-50.920113,-4.6259803],[-50.8946178,-4.5819456],[-50.9067252,-4.4958801],[-50.9031755,-4.4705104],[-50.8797813,-4.447527],[-50.9004541,-4.4123419],[-50.9961469,-4.3466789],[-50.9852594,-4.3322025],[-50.9819807,-4.3159151],[-50.9937045,-4.2713023]],[[-50.9937045,-4.2713023],[-50.9858117,-4.2393187],[-50.9970639,-4.213191],[-51.0188072,-4.2109798],[-51.0492611,-4.2303244],[-51.0700096,-4.1997034],[-51.1146398,-4.0884367],[-51.120644,-4.0813972],[-51.160896,-4.0726691],[-51.1910649,-4.0832084],[-51.20906,-4.0721512],[-51.2277531,-4.0307529],[-51.2486249,-4.0288465],[-51.2482866,-3.9848696],[-51.2792826,-3.9591823],[-51.2966215,-3.9244593],[-51.2940077,-3.9056427],[-51.2624793,-3.87666],[-51.2290031,-3.7816724],[-51.2293948,-3.7431768],[-51.2121472,-3.7286861],[-51.2012864,-3.6669102],[-51.1667568,-3.6670985],[-51.1673974,-3.4486605],[-51.1996721,-3.4461377],[-51.2243391,-3.4132097],[-51.2305338,-3.4025959],[-51.237457,-3.3733023],[-51.2636219,-3.3158129],[-51.2640618,-3.2895458],[-51.253897,-3.2690751],[-51.238922,-3.2002806],[-51.2093684,-3.1560187],[-51.1745373,-3.1583631],[-51.1465627,-3.1325608],[-51.142953,-3.1237084],[-51.1466956,-3.1160276]],[[-51.1466956,-3.1160276],[-51.1542221,-3.1112817]],[[-51.1542221,-3.1112817],[-51.1977598,-3.0685469],[-51.1701146,-3.0656368],[-51.1553144,-3.0420574],[-51.1612326,-3.0186512],[-51.2103165,-2.9994748],[-51.2372297,-2.9747641],[-51.2754246,-2.9592842],[-51.3050652,-2.9320117],[-51.32476,-2.9450693],[-51.3628972,-2.9111443],[-51.3980361,-2.8890745],[-51.3972845,-2.8802382],[-51.4311698,-2.8212982],[-51.4493946,-2.7695868],[-51.5039525,-2.7464096],[-51.5330328,-2.7442359],[-51.5453113,-2.7513837],[-51.5720393,-2.7654895],[-51.6445098,-2.7695676],[-51.7198969,-2.7963114],[-51.7482858,-2.845507]],[[-46.3330025,-1.0474992],[-46.346368,-1.00725],[-46.389504,-1.0206766],[-46.4151731,-1.0006072],[-46.4283765,-1.0241255],[-46.4662492,-1.0264336],[-46.4648314,-0.9980531],[-46.4764817,-0.9642149],[-46.4459789,-0.910891],[-46.4102555,-0.8876399],[-46.4289182,-0.8653991],[-46.4796365,-0.8832979],[-46.4979803,-0.8727207],[-46.5150786,-0.9296538],[-46.5564755,-0.9177489],[-46.5762871,-0.9805807],[-46.601561,-0.9570469],[-46.6403488,-0.9733832]],[[-46.6403488,-0.9733832],[-46.6458495,-1.0071988],[-46.6599272,-1.0274875],[-46.6563186,-1.03582],[-46.6518106,-1.1101729],[-46.627419,-1.1496494],[-46.6159497,-1.1862572],[-46.6352365,-1.2264051],[-46.5484646,-1.3354244]],[[-46.5484646,-1.3354244],[-46.3850235,-1.2121766]],[[-46.3850235,-1.2121766],[-46.3884215,-1.2090657],[-46.3711146,-1.1589134],[-46.3457232,-1.1139797],[-46.3465521,-1.07261],[-46.3330025,-1.0474992]],[[-47.5868179,-2.0062149],[-47.5870119,-2.0002743]],[[-47.5870119,-2.0002743],[-47.7462875,-2.0008628],[-47.7541231,-2.0182702],[-47.7940657,-2.0391744],[-47.8121952,-2.0940683],[-47.8386685,-2.1301984],[-47.8496981,-2.1721181],[-47.8778481,-2.1739786],[-47.9321774,-2.1906937],[-47.9580867,-2.2220441]],[[-47.9580867,-2.2220441],[-47.9819564,-2.2212746]],[[-47.9819564,-2.2212746],[-47.986066,-2.2537348],[-48.0039556,-2.2648723],[-48.0241559,-2.3126642],[-48.0455101,-2.3251237],[-48.0553143,-2.3599873],[-48.0317598,-2.4079015],[-48.0326222,-2.4507304],[-48.0479267,-2.4967218],[-48.0230649,-2.4946375],[-48.0045136,-2.5205381],[-47.9870704,-2.5065793],[-47.9520348,-2.5170589]],[[-47.9520348,-2.5170589],[-47.9460939,-2.4891209],[-47.9560089,-2.4461143],[-47.9868396,-2.417967],[-47.9590634,-2.3797],[-47.9507639,-2.3403072],[-47.9308482,-2.3265789],[-47.8574522,-2.3212251],[-47.8389532,-2.2997973],[-47.8294979,-2.3064765],[-47.8275686,-2.3230192],[-47.8212408,-2.3269818],[-47.7872353,-2.3470019],[-47.7380646,-2.3239921],[-47.7177616,-2.302092],[-47.706806,-2.3028545],[-47.7045116,-2.3167029],[-47.6547406,-2.3457118],[-47.6477303,-2.3649381],[-47.6211772,-2.3743838],[-47.6063042,-2.3564391],[-47.56621,-2.3447958],[-47.5313858,-2.3737468],[-47.5147048,-2.3706756],[-47.49755,-2.3672553],[-47.4822345,-2.3682995],[-47.4680079,-2.3700691],[-47.4525913,-2.4020287],[-47.4392523,-2.4074238]],[[-47.4392523,-2.4074238],[-47.441174,-2.4052992]],[[-47.441174,-2.4052992],[-47.4453968,-2.3903143],[-47.4370922,-2.3671209],[-47.4545336,-2.3363919],[-47.4318837,-2.3033093],[-47.4242922,-2.2439516],[-47.4576693,-2.215914],[-47.491871,-2.2088582],[-47.5147568,-2.1845051],[-47.5105859,-2.1463301]],[[-47.5105859,-2.1463301],[-47.5116756,-2.1268905]],[[-47.5116756,-2.1268905],[-47.5364771,-2.1291161],[-47.5548944,-2.1014059],[-47.5823943,-2.1075484],[-47.5793144,-2.0669759],[-47.5799547,-2.0465206],[-47.5868179,-2.0062149]],[[-55.2959506,-3.2398475],[-55.3469244,-3.2216962],[-55.3751406,-3.2362529],[-56.3446289,-3.2647951]],[[-56.3446289,-3.2647951],[-56.5004832,-3.3069569],[-56.7024015,-3.3574926],[-56.7249314,-3.3435729],[-56.7678915,-3.2428893]],[[-56.7678915,-3.2428893],[-56.887239,-3.4990467],[-56.9560834,-3.6586271]],[[-56.9560834,-3.6586271],[-56.8946509,-3.6911827],[-56.8875935,-3.7048005],[-56.9062068,-3.7454031],[-56.8933231,-3.8182198],[-56.8758241,-3.8218381],[-56.877512,-3.9190649],[-56.8385467,-3.933498],[-56.8238506,-3.9547659],[-56.8229584,-4.0123538],[-56.7764706,-4.009545],[-56.7523196,-4.0248011],[-56.7490192,-4.057945],[-56.7214019,-4.0832328],[-56.7317329,-4.1341105],[-56.7088727,-4.2461173],[-56.6792919,-4.2327599],[-56.6702387,-4.2357532],[-56.6522921,-4.2500799],[-56.6284877,-4.3015129],[-56.5911518,-4.3051198],[-56.5517097,-4.2770633],[-56.5554612,-4.2538038],[-56.5253705,-4.2272044],[-56.5327616,-4.1756993],[-56.5181283,-4.1514335],[-56.4684037,-4.1286213],[-56.4264792,-4.1343913],[-56.360595,-4.1335232],[-56.3110377,-4.1724966],[-56.2837649,-4.1597642],[-56.2378468,-4.1557203],[-56.241876,-4.1283739],[-56.2251833,-4.110807],[-56.1888767,-4.0966559],[-56.1988439,-4.0726092],[-56.1898737,-4.0453754],[-56.1561252,-4.0093085],[-56.1552023,-3.9834898],[-56.113456,-3.9622705],[-56.059458,-3.9189981],[-56.0360116,-3.9083361],[-56.0278196,-3.8558164],[-56.0112887,-3.8547803],[-55.9906482,-3.8613109],[-55.9845095,-3.8624188],[-55.9588186,-3.8717336],[-55.9177589,-3.9298569],[-55.8973671,-3.9350545],[-55.8678545,-3.9155177],[-55.8517871,-3.9471144],[-55.8467349,-3.9994095],[-55.8268099,-4.0173878],[-55.7901436,-4.0054557],[-55.7433943,-4.0035139],[-55.7214314,-4.0503853],[-55.6984251,-4.0556334],[-55.6542316,-4.090737]],[[-55.6542316,-4.090737],[-55.6233713,-4.0600003],[-55.6036451,-4.0222736],[-55.5747256,-4.0053297],[-55.5576449,-4.0252964],[-55.5647626,-4.0782249],[-55.5647866,-4.1413441],[-55.5318925,-4.1542282],[-55.3170849,-4.0776733],[-55.302921,-4.0790806],[-55.3008649,-4.0700656],[-55.3191704,-4.0308535],[-55.2993377,-4.0004708],[-55.321117,-3.9585639],[-55.3242489,-3.9416353],[-55.3153941,-3.9158014],[-55.2787558,-3.9212359],[-55.2543734,-3.8932255],[-55.2222286,-3.8955512],[-55.2031396,-3.8822609],[-55.1456436,-3.8674506]],[[-55.1456436,-3.8674506],[-55.1486414,-3.8631672]],[[-55.1486414,-3.8631672],[-55.1429786,-3.8432013],[-55.1511111,-3.8114076],[-55.1200856,-3.7887633],[-55.1383775,-3.7334024],[-55.1742306,-3.6967535],[-55.1519498,-3.6747007],[-55.1724484,-3.6479004],[-55.1433929,-3.6205492],[-55.1380872,-3.588999],[-55.1157845,-3.5735536],[-55.115531,-3.5424334],[-55.0940044,-3.5056313],[-55.1017285,-3.4766128],[-55.1202825,-3.45857],[-55.1219509,-3.430783],[-55.0876403,-3.4002046],[-55.0789738,-3.3441697],[-55.0857834,-3.3257802],[-55.0561189,-3.3105028],[-55.0373984,-3.2547411],[-55.0509529,-3.2325716],[-55.1369771,-3.2495501],[-55.1648369,-3.2438672]],[[-55.1648369,-3.2438672],[-55.2959506,-3.2398475]],[[-50.3004118,-1.805535],[-50.2900243,-1.8172187],[-50.2856697,-1.8286456]],[[-50.2856697,-1.8286456],[-50.2851917,-1.8338139],[-50.2869714,-1.8428892],[-50.2912791,-1.8498832],[-50.3300813,-1.8751178]],[[-50.3300813,-1.8751178],[-50.409665,-1.9330181],[-50.4544738,-1.9319464]],[[-50.4544738,-1.9319464],[-50.4674118,-1.9473995],[-50.4840859,-1.9600554],[-50.5189761,-1.9614285],[-50.5582773,-1.9858042],[-50.571697,-2.0118952],[-50.5336418,-2.0691847],[-50.5311203,-2.0922513],[-50.5302857,-2.1034366],[-50.5206962,-2.1422976],[-50.5058653,-2.1928784],[-50.4622779,-2.2106397],[-50.4131144,-2.2579448],[-50.3891969,-2.3098042],[-50.3667194,-2.3313995],[-50.3498059,-2.3842838],[-50.3305271,-2.410728],[-50.3144475,-2.4527176],[-50.2759692,-2.5055959],[-50.2056949,-2.5267527],[-50.1602757,-2.5928809],[-50.1533596,-2.6195431],[-50.1324453,-2.6455746],[-50.1482771,-2.6810956],[-50.1402457,-2.826954],[-50.1186619,-2.872205],[-50.0938004,-2.8853407],[-50.1157476,-2.947791],[-50.0857483,-2.9613465],[-50.1108632,-2.9940268],[-50.0859176,-3.0323299],[-50.0693082,-3.0362222],[-50.0210839,-3.0744345],[-49.9948852,-3.1322374],[-49.9839141,-3.1448982],[-49.9708827,-3.1625491]],[[-49.9708827,-3.1625491],[-49.9744729,-3.1554355]],[[-49.9744729,-3.1554355],[-49.931134,-3.0977299],[-49.9100254,-3.0912981],[-49.9021109,-3.064873],[-49.90905,-3.038144],[-49.8991672,-3.0036804],[-49.8947464,-2.995338],[-49.8967083,-2.9888192]],[[-49.8967083,-2.9888192],[-49.8808352,-2.9747829],[-49.8475805,-2.9310268],[-49.8492715,-2.8915246],[-49.8529408,-2.8493225]],[[-49.8529408,-2.8493225],[-49.8810802,-2.8404839],[-49.9104963,-2.812893]],[[-49.9104963,-2.812893],[-49.9360577,-2.7748914],[-49.9429423,-2.7503279],[-49.9457497,-2.6697313],[-49.967163,-2.6500177],[-49.9753303,-2.6214994],[-49.9664154,-2.5747115],[-49.968777,-2.5458982],[-50.0009002,-2.5083364],[-50.0541401,-2.5162584],[-50.0729207,-2.4868926],[-50.0810525,-2.4489479],[-50.1095302,-2.4106197],[-50.1116366,-2.365329],[-50.1052521,-2.3201843],[-50.0844665,-2.2867879],[-50.0792204,-2.2589485],[-50.0881927,-2.2213364],[-50.1083383,-2.2051219],[-50.1023334,-2.1768806],[-50.1153012,-2.1396231],[-50.0605232,-2.1027329],[-50.0749428,-2.06942],[-50.0702195,-2.0313135],[-50.0717222,-1.9549126],[-50.0551407,-1.9186749],[-50.0566926,-1.9086107],[-50.1081393,-1.86039],[-50.131496,-1.8149992]],[[-50.131496,-1.8149992],[-50.1795289,-1.8311815],[-50.2044747,-1.8117434],[-50.2472275,-1.8076807],[-50.2537208,-1.8060617]],[[-50.2537208,-1.8060617],[-50.2564136,-1.8077909]],[[-50.2564136,-1.8077909],[-50.3004118,-1.805535]],[[-49.6766688,-2.6635011],[-49.6836937,-2.6659192]],[[-49.6836937,-2.6659192],[-49.7334794,-2.6661679]],[[-49.7334794,-2.6661679],[-49.7393051,-2.7073072],[-49.765223,-2.7103122],[-49.7843554,-2.7322341],[-49.7897702,-2.7525551],[-49.7727521,-2.7828551],[-49.7992924,-2.9371823],[-49.8136159,-2.962899],[-49.8967083,-2.9888192]],[[-49.9744729,-3.1554355],[-49.9675008,-3.1669554]],[[-49.9675008,-3.1669554],[-49.9731638,-3.1914085],[-49.9306604,-3.2282293],[-49.9354378,-3.2570895],[-49.9228013,-3.3048032],[-49.9085802,-3.3256747]],[[-49.9085802,-3.3256747],[-49.9029954,-3.3677414],[-49.8344704,-3.4041088],[-49.8394144,-3.4364132],[-49.8082433,-3.481033],[-49.8178275,-3.509345],[-49.8059131,-3.5330844],[-49.8473046,-3.5756478],[-49.8984956,-3.5906445],[-49.908893,-3.6002004],[-49.9123869,-3.6061046],[-49.9199177,-3.6128335],[-49.9364983,-3.6506622]],[[-49.9364983,-3.6506622],[-49.9599734,-3.6570188],[-49.9655268,-3.6609508]],[[-49.9655268,-3.6609508],[-49.9567798,-3.6664159],[-49.9541363,-3.6735467],[-49.9398319,-3.6663391],[-49.9094962,-3.6602997],[-49.8724703,-3.6650097],[-49.8581375,-3.643755],[-49.8074158,-3.6260399],[-49.7692641,-3.6201014],[-49.7385804,-3.5962603],[-49.7332928,-3.5977751],[-49.7315055,-3.5982168],[-49.7145666,-3.5938344],[-49.7004139,-3.592099],[-49.6897243,-3.5931963],[-49.6671363,-3.5650563],[-49.6647174,-3.5517206],[-49.6367124,-3.5248721],[-49.6303337,-3.5245307],[-49.6238856,-3.5170248],[-49.613796,-3.5143089],[-49.6005208,-3.5192836]],[[-49.6005208,-3.5192836],[-49.5986642,-3.5161992],[-49.5976077,-3.5131132]],[[-49.5976077,-3.5131132],[-49.6016048,-3.503274],[-49.6031955,-3.4904505]],[[-49.6031955,-3.4904505],[-49.6129115,-3.4462649],[-49.60091,-3.4159833]],[[-49.60091,-3.4159833],[-49.4725503,-3.4152522]],[[-49.4725503,-3.4152522],[-49.470743,-3.4053251],[-49.4634347,-3.3901795],[-49.4604438,-3.3676817],[-49.4846858,-3.3521698],[-49.4909923,-3.3249162],[-49.5232789,-3.2604257],[-49.5323307,-3.1964829],[-49.5255499,-3.1709996],[-49.5480817,-3.1594759],[-49.5638301,-3.1206628],[-49.6162479,-3.0887263],[-49.6293893,-3.049452],[-49.622913,-3.01801],[-49.6234673,-3.0008698],[-49.6006864,-2.9775851],[-49.5625326,-2.939471],[-49.4907656,-2.924751],[-49.4536604,-2.8914356],[-49.4653665,-2.8576592],[-49.4695147,-2.7878885],[-49.4651821,-2.7397017],[-49.4373304,-2.7146669],[-49.3995268,-2.7150084],[-49.3864936,-2.6828941],[-49.3865123,-2.6639733]],[[-49.3865123,-2.6639733],[-49.6766688,-2.6635011]],[[-50.5091426,-7.1930144],[-50.5344236,-7.204708],[-50.5498701,-7.2164775],[-50.5761668,-7.2367781],[-50.6108063,-7.2301935],[-50.6614189,-7.3126292],[-50.700007,-7.3228803],[-50.7245628,-7.3435363],[-50.7603168,-7.3503299],[-50.8119999,-7.3180087],[-50.8470602,-7.3204563],[-50.8933975,-7.3380338],[-50.9223142,-7.3319479],[-50.9441236,-7.3677918],[-50.9639533,-7.3726149],[-50.9674241,-7.3725021]],[[-50.9674241,-7.3725021],[-50.972009,-7.3734542]],[[-50.972009,-7.3734542],[-50.9742717,-7.3790473],[-50.974319,-7.4000359],[-50.9941766,-7.4212735],[-50.9853997,-7.4514954],[-50.996344,-7.4938252],[-50.9691796,-7.5411942],[-50.9539221,-7.5820302],[-50.9297316,-7.5993967],[-50.8990881,-7.59721],[-50.8543652,-7.613214],[-50.8084818,-7.6535462],[-50.7780327,-7.6362568],[-50.7713122,-7.6752644],[-50.7352266,-7.7440953],[-50.7197306,-7.7325194],[-50.683703,-7.7356729],[-50.6646724,-7.7134514],[-50.6338967,-7.7056914],[-50.5587287,-7.7474303],[-50.5256427,-7.7526058],[-50.5203662,-7.7559476],[-50.5116199,-7.7658849]],[[-50.5116199,-7.7658849],[-50.5093408,-7.7561012]],[[-50.5093408,-7.7561012],[-50.4880629,-7.7495896],[-50.4686421,-7.723696],[-50.4501144,-7.7149408]],[[-50.4501144,-7.7149408],[-50.431419,-7.697934],[-50.4147286,-7.6940145],[-50.3942593,-7.6749897],[-50.3909811,-7.6679699],[-50.3932531,-7.6512182],[-50.3459223,-7.6587079],[-50.3413658,-7.6008843],[-50.3683048,-7.5754705],[-50.3665637,-7.5322801],[-50.3477003,-7.4843459]],[[-50.3477003,-7.4843459],[-50.3588099,-7.4524171],[-50.3909141,-7.430836],[-50.3892002,-7.3774397],[-50.3816436,-7.3622298],[-50.4040555,-7.3187952],[-50.3836668,-7.2832355],[-50.3746131,-7.2659253],[-50.3763927,-7.2527896]],[[-48.507903,-1.5305327],[-48.5062685,-1.5265847]],[[-48.5062685,-1.5265847],[-48.5186558,-1.4561513],[-48.515235,-1.3943313],[-48.5452119,-1.3543735],[-48.5541791,-1.3138875],[-48.6004616,-1.2463243],[-48.6244082,-1.1921668]],[[-48.6244082,-1.1921668],[-48.6683267,-1.2600857],[-48.7022969,-1.3223659]],[[-48.7022969,-1.3223659],[-48.7289515,-1.3755799],[-48.7606569,-1.4525419]],[[-48.7606569,-1.4525419],[-48.7759291,-1.4740927],[-48.8276801,-1.5163681]],[[-48.8276801,-1.5163681],[-48.8374083,-1.5214442]],[[-48.5304107,-1.6993218],[-48.5271538,-1.6781651],[-48.5161846,-1.6735261],[-48.4898807,-1.6766578],[-48.4471596,-1.6594969]],[[-48.4471596,-1.6594969],[-48.4390443,-1.6530995]],[[-48.3530442,-1.2210259],[-48.3100966,-1.1629508],[-48.2990432,-1.1372259],[-48.2986291,-1.114556]],[[-48.2986291,-1.114556],[-48.3159052,-1.0823356]],[[-48.3159052,-1.0823356],[-48.3237638,-1.0596596],[-48.4694837,-1.0194267]],[[-48.4694837,-1.0194267],[-48.4930724,-1.038426]],[[-48.4930724,-1.038426],[-48.5244826,-1.0839254],[-48.607519,-1.1721088]],[[-48.607519,-1.1721088],[-48.6244082,-1.1921668]],[[-48.5062685,-1.5265847],[-48.5003508,-1.5181798]],[[-48.3318468,-1.4692402],[-48.3319608,-1.4628878]],[[-48.3319608,-1.4628878],[-48.3503191,-1.456907]],[[-55.2338697,-3.2419207],[-55.1648369,-3.2438672]],[[-55.1486414,-3.8631672],[-55.1466024,-3.8660804]],[[-55.1466024,-3.8660804],[-55.1297253,-3.8633545],[-55.0932289,-3.8726719],[-55.0850593,-3.9192941],[-55.0689482,-3.9382863],[-55.0179723,-3.9213416],[-55.0025055,-3.8921974],[-55.018338,-3.8652508],[-55.015593,-3.8585721],[-54.9807281,-3.8477085],[-54.9557522,-3.8146223]],[[-54.9557522,-3.8146223],[-54.9439253,-3.8091459]],[[-54.9439253,-3.8091459],[-54.947222,-3.8024421],[-54.9447254,-3.774106],[-54.9529175,-3.7264878],[-54.9100317,-3.6807761],[-54.9057773,-3.6474138],[-54.9168375,-3.6003623],[-54.9053631,-3.5737245],[-54.8991404,-3.5702964],[-54.8821461,-3.560417],[-54.8498598,-3.5594989]],[[-54.8498598,-3.5594989],[-54.8337334,-3.5561273]],[[-54.8337334,-3.5561273],[-54.8343135,-3.282848]],[[-54.8343135,-3.282848],[-54.8324381,-2.6551115]],[[-54.8324381,-2.6551115],[-54.809281,-2.6401289],[-54.8136982,-2.6067696],[-54.8300813,-2.5705641],[-54.9583358,-2.5706827],[-54.9550354,-2.5581879],[-54.9571679,-2.549125],[-55.0583903,-2.5493347],[-55.0941133,-2.7515931],[-55.1022588,-2.8202863],[-55.1270286,-2.9008208],[-55.1700335,-3.0054659],[-55.1865598,-3.0906879],[-55.2109182,-3.1740105],[-55.2338697,-3.2419207]],[[-48.3399228,-1.3290474],[-48.3011325,-1.3369239],[-48.2968164,-1.3639761],[-48.2772917,-1.3941684],[-48.2930171,-1.4705396]],[[-48.2930171,-1.4705396],[-48.2622346,-1.4689489]],[[-48.2622346,-1.4689489],[-48.2549016,-1.4442732]],[[-48.2549016,-1.4442732],[-48.234739,-1.4295088],[-48.2457121,-1.3995981],[-48.2316823,-1.3748646]],[[-48.2316823,-1.3748646],[-48.20741,-1.257177]],[[-48.20741,-1.257177],[-48.2157935,-1.2550452],[-48.2188205,-1.255553],[-48.2213745,-1.2586647],[-48.2253116,-1.2652588],[-48.2232648,-1.2773409]],[[-48.2232648,-1.2773409],[-48.2440455,-1.2944838],[-48.2599057,-1.2732371],[-48.3281245,-1.2564056],[-48.3357922,-1.2503476]],[[-48.9315746,-4.9461626],[-48.9189347,-4.9612535]],[[-48.9189347,-4.9612535],[-48.9632742,-4.9774639],[-48.9972666,-4.9729121],[-49.0142124,-4.9868971],[-49.0274373,-5.0419488],[-49.0063848,-5.0674108],[-49.0023548,-5.1231404],[-49.0221057,-5.1765144],[-49.0091294,-5.2084627],[-49.0063278,-5.2211956],[-48.9950787,-5.2417378],[-48.9925977,-5.2832887]],[[-48.9925977,-5.2832887],[-48.9620188,-5.2850142],[-48.9259367,-5.3010618],[-48.8750465,-5.3379279],[-48.7980738,-5.3458496],[-48.7551507,-5.3491654]],[[-48.7551507,-5.3491654],[-48.4519358,-5.1122455]],[[-48.6129339,-4.8138074],[-48.6188275,-4.8097392],[-48.6626556,-4.792751],[-48.6929063,-4.7813424],[-48.7717459,-4.7339609],[-48.7914928,-4.7075573],[-48.8079107,-4.7145315],[-48.8439379,-4.7278884],[-48.8609343,-4.7491007],[-48.8725739,-4.8236817],[-48.8980198,-4.836113],[-48.910691,-4.8977267],[-48.9255447,-4.9209897],[-48.9278809,-4.9350897],[-48.9315746,-4.9461626]],[[-47.1946719,-1.2681066],[-47.2066434,-1.2353406]],[[-47.2066434,-1.2353406],[-47.2054807,-1.22486]],[[-47.2054807,-1.22486],[-47.292647,-1.2787999],[-47.3429782,-1.2870512]],[[-47.3429782,-1.2870512],[-47.4275368,-1.3700474]],[[-47.4275368,-1.3700474],[-47.4270333,-1.3829016]],[[-47.4270333,-1.3829016],[-47.4363158,-1.4465232],[-47.4155051,-1.4775037],[-47.4186232,-1.495393]],[[-47.4186232,-1.495393],[-47.3625909,-1.463242],[-47.3511221,-1.5003729],[-47.3331233,-1.5028063],[-47.3083387,-1.4759388],[-47.2858836,-1.486184],[-47.2963671,-1.5130089],[-47.3340762,-1.5293004],[-47.3416543,-1.5456355],[-47.3317529,-1.5539021]],[[-47.3317529,-1.5539021],[-47.3245189,-1.564312]],[[-47.3245189,-1.564312],[-47.2893152,-1.5383809],[-47.2468112,-1.4877309],[-47.1939528,-1.3963823]],[[-47.1939528,-1.3963823],[-47.1937419,-1.3950625],[-47.1871747,-1.3932371],[-47.1946719,-1.2681066]],[[-46.6403488,-0.9733832],[-46.6420417,-0.9488571],[-46.624984,-0.9211857],[-46.6323874,-0.8954783],[-46.6158625,-0.8590454],[-46.5956152,-0.8441926],[-46.6189755,-0.8054803],[-46.6401525,-0.7950127],[-46.7354436,-0.8622322],[-46.739773,-0.8207577],[-46.7831605,-0.8475154],[-46.8002845,-0.8821658]],[[-46.8002845,-0.8821658],[-46.8155824,-0.8912954],[-46.8056427,-0.9271376],[-46.83547,-0.9346636],[-46.8453948,-0.9592133],[-46.8396366,-0.9980139],[-46.8571477,-1.0898772],[-46.9592927,-1.2572191],[-46.9837903,-1.2146445],[-47.0262292,-1.2055835],[-47.0010853,-1.2552613],[-47.0020686,-1.2935867]],[[-47.0020686,-1.2935867],[-46.9966571,-1.3109147]],[[-46.9966571,-1.3109147],[-46.9412862,-1.294238],[-46.9335193,-1.3263793],[-46.9163758,-1.4086813],[-46.9050373,-1.429255],[-46.8708978,-1.4364559],[-46.8488264,-1.4566795],[-46.8572087,-1.5181265],[-46.8735749,-1.5563615],[-46.8311663,-1.546878]],[[-46.8311663,-1.546878],[-46.8241599,-1.5432957]],[[-46.8241599,-1.5432957],[-46.5484646,-1.3354244]],[[-52.906015,-2.714112],[-52.9619118,-2.687068],[-52.9893541,-2.6814217]],[[-52.9893541,-2.6814217],[-53.0023817,-2.6731779]],[[-53.0023817,-2.6731779],[-52.9996266,-2.6783378],[-52.9921547,-2.6877535],[-52.9818241,-2.6957933],[-52.9596969,-2.7406292],[-52.9572411,-2.7527307],[-52.9553216,-2.7685263],[-52.9177392,-2.7970486],[-52.8963513,-2.7976343],[-52.8725225,-2.8206897],[-52.8852993,-2.8990238],[-52.8899898,-2.9576771],[-52.8761004,-2.974685],[-52.8853799,-3.0603569],[-52.8774662,-3.1007398],[-52.8430455,-3.1671602],[-52.7552367,-3.2641254],[-52.710877,-3.3416983],[-52.7008192,-3.347417],[-52.6942384,-3.3961151],[-52.684295,-3.4032087],[-52.6686027,-3.4538788],[-52.6970025,-3.5027798],[-52.7219058,-3.4936935],[-52.7254329,-3.5275059],[-52.7487102,-3.5320492],[-52.7665751,-3.5790995],[-52.7961555,-3.583308],[-52.8187173,-3.6267472],[-52.8555784,-3.6182857],[-52.898018,-3.633241],[-52.9756301,-3.6127885],[-52.9970517,-3.6305628],[-53.0239331,-3.6091437],[-53.0336289,-3.6497711],[-53.0519111,-3.6569899],[-53.1172969,-3.6286804],[-53.1565718,-3.6649616]],[[-53.1565718,-3.6649616],[-53.1790197,-3.6737365]],[[-52.3609042,-3.0794599],[-52.3592676,-3.0755097]],[[-52.3592676,-3.0755097],[-52.3631438,-3.0744255],[-52.3654596,-3.071925],[-52.3697398,-3.0517737],[-52.3489814,-3.0063481],[-52.3174754,-2.972255],[-52.3236905,-2.9063151],[-52.319043,-2.8971637],[-52.2881764,-2.8820214],[-52.2740942,-2.8450923]],[[-52.2740942,-2.8450923],[-52.2902374,-2.808503]],[[-52.2902374,-2.808503],[-52.3007365,-2.7994879],[-52.331375,-2.7828711],[-52.3799077,-2.7737265]],[[-52.3799077,-2.7737265],[-52.4334884,-2.7688079],[-52.5012942,-2.7736702],[-52.5374847,-2.7367534]],[[-52.5374847,-2.7367534],[-52.5569874,-2.7249809],[-52.6232012,-2.7164247]],[[-52.6232012,-2.7164247],[-52.6839911,-2.722911]],[[-52.6839911,-2.722911],[-52.7557929,-2.7407946],[-52.7799715,-2.7525599],[-52.7890506,-2.7585303]],[[-52.7890506,-2.7585303],[-52.8184626,-2.7636142],[-52.8294632,-2.7620881],[-52.8584581,-2.7436072],[-52.906015,-2.714112]],[[-48.172277,-5.7086479],[-48.1412274,-5.6543538],[-48.138152,-5.6026901],[-48.1947353,-5.5630933],[-48.2786891,-5.5404233],[-48.3255215,-5.4937487],[-48.3347689,-5.5054741]],[[-48.3347689,-5.5054741],[-48.3629851,-5.5218051],[-48.3879324,-5.5587106],[-48.4397391,-5.5818009],[-48.4612424,-5.5987013]],[[-48.4612424,-5.5987013],[-48.4624693,-5.6050767]],[[-48.4624693,-5.6050767],[-48.4799346,-5.6152165],[-48.4911872,-5.6242159],[-48.5039089,-5.6468681],[-48.5864927,-5.7004098],[-48.6009352,-5.7313832],[-48.6077362,-5.8017686],[-48.6328751,-5.8271641],[-48.6118761,-5.87465],[-48.6232675,-5.8874904]],[[-48.6232675,-5.8874904],[-48.6398123,-5.9431194],[-48.6609615,-5.9801695],[-48.6452849,-5.9970846],[-48.5836124,-5.9922234],[-48.5488365,-6.0280041],[-48.5329045,-6.0321439]],[[-48.5329045,-6.0321439],[-48.5287669,-6.0277778]],[[-48.5287669,-6.0277778],[-48.5294085,-6.0241545],[-48.5345992,-6.0161933],[-48.5114915,-5.9723278],[-48.5002124,-5.9294261],[-48.4818759,-5.9244026],[-48.3614003,-5.6995365],[-48.2389295,-5.6730563],[-48.172277,-5.7086479]],[[-48.92561,-3.4129403],[-49.0008787,-3.4121192]],[[-49.0008787,-3.4121192],[-49.5965233,-3.4151075],[-49.60091,-3.4159833]],[[-49.6031955,-3.4904505],[-49.6023562,-3.5003921],[-49.5984175,-3.5095004],[-49.5958039,-3.5253937]],[[-49.5958039,-3.5253937],[-49.6185261,-3.5680641],[-49.6357882,-3.6260873],[-49.6603595,-3.6848114],[-49.6610542,-3.740103],[-49.6393281,-3.802282],[-49.6413833,-3.8349295],[-49.6149446,-3.8730885],[-49.613805,-3.9828531],[-49.616833,-4.0513035],[-49.6082711,-4.0724477]],[[-49.6082711,-4.0724477],[-49.2394072,-4.0774378]],[[-49.2394072,-4.0774378],[-49.2130509,-4.0633401],[-49.184495,-4.0295907],[-49.1492447,-4.0209833],[-49.1326043,-4.0326886],[-49.1141328,-4.0733086],[-49.0798,-4.1019504],[-49.0515235,-4.0837295],[-49.0725204,-4.0579879],[-49.073073,-3.9961894],[-49.1074623,-3.975112],[-49.1142427,-3.9443601],[-49.1303007,-3.9409211],[-49.1490722,-3.8787433],[-49.1336573,-3.8425103],[-49.1797156,-3.8318847],[-49.1877437,-3.7968548],[-49.269213,-3.7815108],[-49.2744067,-3.7062809],[-49.2618933,-3.681333],[-49.2571297,-3.6351672],[-49.2269379,-3.606473],[-49.2008784,-3.5997294],[-49.1728861,-3.5622355],[-49.1718035,-3.5366005],[-49.1230232,-3.5431756],[-49.1012132,-3.5777264],[-49.0681546,-3.5925951],[-49.038131,-3.5903162],[-49.0290633,-3.5471372]],[[-49.0290633,-3.5471372],[-49.0248005,-3.5111706],[-48.9740433,-3.457252],[-48.9235603,-3.4241445]],[[-48.9235603,-3.4241445],[-48.92561,-3.4129403]],[[-51.0944552,-0.6615551],[-51.1501963,-0.6826522],[-51.1854477,-0.7262859],[-51.1917007,-0.7559823],[-51.1865829,-0.8298786],[-51.1775618,-0.8563216]],[[-51.1775618,-0.8563216],[-51.169366,-0.8963246],[-51.1703916,-0.9290686],[-51.1716499,-0.9418887]],[[-51.1716499,-0.9418887],[-51.1923926,-1.0395102],[-51.2074746,-1.0733257]],[[-51.2074746,-1.0733257],[-51.2168669,-1.1079875]],[[-51.2168669,-1.1079875],[-51.1839753,-1.1248384],[-51.1660331,-1.1508537],[-51.1333624,-1.1708031],[-51.0674253,-1.1510615],[-51.023364,-1.1236956],[-50.9856648,-1.1195982],[-50.9368619,-1.1192873],[-50.8845604,-1.1607106],[-50.8489457,-1.176672],[-50.8336993,-1.1992491]],[[-50.8336993,-1.1992491],[-50.8196997,-1.1998558],[-50.8150864,-1.2032736],[-50.8047021,-1.2255202],[-50.8008634,-1.2422942]],[[-50.8008634,-1.2422942],[-50.8046416,-1.2741108],[-50.8416407,-1.2974908],[-50.8568594,-1.3220561],[-50.8926756,-1.3788425],[-50.896947,-1.3970433],[-50.874314,-1.4487135],[-50.8398665,-1.4248086],[-50.8249211,-1.4397593],[-50.797563,-1.4321722],[-50.7508663,-1.5037988],[-50.7312554,-1.5590325],[-50.6544749,-1.6203229],[-50.6274142,-1.6428124],[-50.6146735,-1.6513338],[-50.6020315,-1.6661167],[-50.5828594,-1.7084522],[-50.5278936,-1.7496255],[-50.5086391,-1.7461964],[-50.4673664,-1.7805565],[-50.4414212,-1.7805787],[-50.4216424,-1.7884298],[-50.3383766,-1.8063675]],[[-50.3383766,-1.8063675],[-50.308362,-1.8052038],[-50.2564136,-1.8077909]],[[-50.2537208,-1.8060617],[-50.2531936,-1.7909089],[-50.2663875,-1.7815036],[-50.2911419,-1.7304897],[-50.3056943,-1.7154631],[-50.3012817,-1.6694536],[-50.3340559,-1.6144685],[-50.403447,-1.5960351],[-50.4357292,-1.5952972],[-50.290985,-1.5312073],[-50.2794182,-1.4902835],[-50.2869984,-1.4776961],[-50.2885253,-1.4106791],[-50.2822266,-1.3984579],[-50.2454169,-1.3842925],[-50.2476367,-1.3605163],[-50.2071888,-1.3394039],[-50.1818572,-1.3296506],[-50.1318312,-1.3206785],[-50.1008366,-1.3450885],[-50.0607212,-1.3371466],[-50.0178852,-1.3699895],[-50.0098565,-1.3557778],[-50.0072481,-1.3418973],[-49.9733586,-1.3181751],[-49.9751424,-1.3006343]],[[-49.9751424,-1.3006343],[-49.983852,-1.2978426]],[[-49.983852,-1.2978426],[-49.9863365,-1.1544574],[-49.9700009,-1.1357603],[-49.9300565,-1.1150916],[-49.9315788,-1.0983953]],[[-49.9315788,-1.0983953],[-49.9320877,-1.0955057],[-50.1937766,-1.0742131]],[[-50.2924551,-0.9738667],[-50.2988135,-0.9712579],[-50.2993569,-0.9693844],[-50.2967872,-0.9638515],[-50.2998386,-0.9613558],[-50.3162934,-0.960683],[-50.3497446,-0.9675667],[-50.3672917,-0.9660845]],[[-50.4709941,-0.7414529],[-50.4774934,-0.720956]],[[-48.2602893,-1.4667393],[-48.2622346,-1.4689489]],[[-48.0782774,-1.8297076],[-48.0817391,-1.8152826]],[[-48.0817391,-1.8152826],[-48.0656133,-1.8009731],[-48.0434304,-1.7740124],[-48.0069687,-1.7653218],[-47.983902,-1.7339428],[-47.9776553,-1.7274375],[-47.9776404,-1.7202186],[-47.9779884,-1.714481],[-47.9729965,-1.7114518],[-47.9613711,-1.7060521],[-47.9615223,-1.7004803],[-47.9613661,-1.6808389],[-47.9434972,-1.6678411],[-47.9109898,-1.6639252],[-47.8862534,-1.6834507],[-47.8870092,-1.7463703],[-47.8928172,-1.7680491],[-47.8894234,-1.7697374]],[[-47.8894234,-1.7697374],[-47.8850884,-1.7608011]],[[-47.8850884,-1.7608011],[-47.8700353,-1.7236681],[-47.8734323,-1.6935091],[-47.8808876,-1.661938],[-47.8577026,-1.6292657]],[[-47.8577026,-1.6292657],[-47.8737901,-1.5932631],[-47.917316,-1.5671325]],[[-47.917316,-1.5671325],[-47.9594842,-1.5905484]],[[-47.9594842,-1.5905484],[-47.9789807,-1.5920983],[-48.0021482,-1.5700107],[-48.0034303,-1.5393174],[-47.9896524,-1.5176914],[-47.9975687,-1.4880762],[-48.0358245,-1.4778362],[-48.0524334,-1.5003249],[-48.0561827,-1.5285434],[-48.0870135,-1.53921],[-48.1015422,-1.5397261]],[[-48.1015422,-1.5397261],[-48.1185652,-1.5456026],[-48.1284008,-1.5472851],[-48.1431252,-1.5456183],[-48.1562365,-1.5416753],[-48.1800116,-1.5298734]],[[-48.1800116,-1.5298734],[-48.199482,-1.497328],[-48.2366583,-1.4734261],[-48.2602893,-1.4667393]],[[-46.4435038,-1.7030361],[-46.4684855,-1.6814955],[-46.4820872,-1.6731314],[-46.5084286,-1.6643208]],[[-46.5084286,-1.6643208],[-46.5305898,-1.6182646],[-46.5725434,-1.6675087],[-46.5606908,-1.6971452],[-46.587909,-1.7110381],[-46.5943555,-1.7518017],[-46.6122713,-1.7439582],[-46.6353191,-1.7718514],[-46.6063741,-1.879819],[-46.6091342,-1.9164799],[-46.5811991,-1.9439147],[-46.5808899,-2.001423],[-46.5948672,-2.0804132],[-46.5893587,-2.1569542],[-46.6156967,-2.1913078],[-46.6055393,-2.2231287]],[[-46.6055393,-2.2231287],[-46.5004197,-2.3815313],[-46.4393678,-2.4131621]],[[-46.4393678,-2.4131621],[-46.4127859,-2.3791338],[-46.4318916,-2.3644873],[-46.4324291,-2.2971111],[-46.4163041,-2.2738216],[-46.4305234,-2.2352003],[-46.4106359,-2.2287552],[-46.3911392,-2.2501412],[-46.3509244,-2.2240678],[-46.3355811,-2.1940389],[-46.2832969,-2.1543901],[-46.2730844,-2.1201116],[-46.2745992,-2.0546288],[-46.2604287,-2.0460831],[-46.2514378,-2.0006193],[-46.2364854,-1.9664352],[-46.2227059,-1.9102252],[-46.2435218,-1.8786276],[-46.2110274,-1.8310593],[-46.2303286,-1.8031233],[-46.2536366,-1.7958462],[-46.31413,-1.804271],[-46.3244891,-1.772696],[-46.3151897,-1.7415582]],[[-46.3151897,-1.7415582],[-46.390816,-1.7212482],[-46.4217215,-1.6986844],[-46.4435038,-1.7030361]],[[-49.0074903,-0.440545],[-49.020627,-0.4208582],[-49.0621889,-0.4550345],[-49.0861317,-0.4387863],[-49.1061884,-0.4438463],[-49.118906,-0.473384],[-49.1447673,-0.4891276],[-49.1716303,-0.4744763],[-49.2080213,-0.5099926]],[[-49.2080213,-0.5099926],[-49.2067984,-0.5351721],[-49.1841044,-0.5820519],[-49.1474912,-0.6091477],[-49.1376606,-0.65425],[-49.1481928,-0.6919147],[-49.1536308,-0.705539],[-49.1655922,-0.7205273],[-49.1733656,-0.716744],[-49.1779923,-0.7182497],[-49.1898624,-0.7315743]],[[-49.1898624,-0.7315743],[-49.1918844,-0.7404333]],[[-49.1918844,-0.7404333],[-49.186106,-0.774438],[-49.1904644,-0.8198298],[-49.1498851,-0.8189967],[-49.142824,-0.840741],[-49.0847139,-0.8899763],[-49.0495173,-0.9011923],[-49.0400972,-0.9490139],[-49.0132143,-0.9686444],[-48.960876,-0.9831888],[-48.96663,-1.0337652],[-48.9281045,-1.0401374],[-48.9140696,-1.0892822],[-48.9181875,-1.139954],[-48.8927727,-1.1580603],[-48.8651027,-1.2004724],[-48.8015447,-1.213061],[-48.7449692,-1.1877891],[-48.713907,-1.188107],[-48.6735448,-1.1745595],[-48.607519,-1.1721088]],[[-48.4930724,-1.038426],[-48.4504341,-1.0001295]],[[-48.4504341,-1.0001295],[-48.4392958,-0.9824776]],[[-48.4392958,-0.9824776],[-48.4395444,-0.9788488]],[[-48.4395444,-0.9788488],[-48.4629895,-0.9705523],[-48.5222361,-0.9737367],[-48.574794,-0.9519525],[-48.6097363,-0.9443804],[-48.6252662,-0.9528321],[-48.6381006,-0.8959611],[-48.6908733,-0.8784778],[-48.7312894,-0.7997155],[-48.7543784,-0.7716833],[-48.756936,-0.7510515],[-48.9620449,-0.651489]],[[-48.9620449,-0.651489],[-49.0024048,-0.4779586]],[[-49.0024048,-0.4779586],[-49.0074903,-0.440545]],[[-49.6520084,-2.0103097],[-49.7947878,-2.1643117]],[[-49.7947878,-2.1643117],[-49.8295385,-2.1489736],[-49.8200033,-2.2069266],[-49.8065483,-2.2279325],[-49.7815489,-2.2216558],[-49.749391,-2.2316815],[-49.7347187,-2.250217],[-49.7350776,-2.2902638],[-49.7235832,-2.300891],[-49.7393533,-2.3398624],[-49.7402463,-2.4118566],[-49.724942,-2.4578581],[-49.7411917,-2.5217751]],[[-49.7411917,-2.5217751],[-49.74486,-2.535398]],[[-49.74486,-2.535398],[-49.7004457,-2.5447019],[-49.6927767,-2.5765918],[-49.6761318,-2.5896571],[-49.6100272,-2.5273888],[-49.5845479,-2.5126564],[-49.5799962,-2.4914889],[-49.5343835,-2.5139561],[-49.5078914,-2.5528825],[-49.478738,-2.5345943],[-49.4625776,-2.5635738],[-49.4277192,-2.5318149],[-49.3986937,-2.5395456],[-49.3728577,-2.5170352],[-49.3712458,-2.4944565],[-49.3505484,-2.4605898],[-49.3323017,-2.4670959],[-49.3239071,-2.463552],[-49.3168048,-2.4629962],[-49.308493,-2.4591795],[-49.3044361,-2.4545414]],[[-49.3044361,-2.4545414],[-49.2975345,-2.4506226]],[[-49.2975345,-2.4506226],[-49.2802417,-2.4208534],[-49.2780565,-2.3949032],[-49.3573128,-2.3596237],[-49.3386106,-2.3244791],[-49.3172411,-2.3107521],[-49.2920772,-2.2526572],[-49.2546817,-2.2205934],[-49.2466834,-2.188915],[-49.2247959,-2.1653046],[-49.2266332,-2.1472472],[-49.1895393,-2.1036411],[-49.2638292,-2.0248114],[-49.3154669,-2.0534458],[-49.308548,-2.0184161],[-49.3181352,-1.9945124]],[[-49.3181352,-1.9945124],[-49.3654087,-2.0020037],[-49.3836071,-1.9755687],[-49.3659392,-1.9284275],[-49.3907194,-1.9249253],[-49.4038004,-1.9240854],[-49.4201329,-1.9591064],[-49.4644748,-1.9996526],[-49.5940108,-1.972376],[-49.6063028,-1.9767485],[-49.6107628,-1.9927782],[-49.6520084,-2.0103097]],[[-49.8232482,-6.2486435],[-50.5678697,-6.2494837],[-50.5423956,-6.2660352],[-50.5219974,-6.3394774],[-50.4999485,-6.3414848],[-50.4925294,-6.3402099],[-50.4922839,-6.3496404],[-50.4938955,-6.3600358],[-50.5078098,-6.3778995],[-50.5071943,-6.3794921],[-50.510148,-6.3891402],[-50.4966422,-6.4004585],[-50.486864,-6.4326749],[-50.4925054,-6.4947237],[-50.4865577,-6.5005323],[-50.484916,-6.508952],[-50.4824528,-6.5137935]],[[-50.4824528,-6.5137935],[-50.4746701,-6.5078247]],[[-49.7297769,-6.7147157],[-49.7235555,-6.6935995],[-49.7149461,-6.6717856],[-49.7158867,-6.6478406],[-49.7031679,-6.6354937],[-49.70605,-6.5971456],[-49.66419,-6.5377001],[-49.695728,-6.4852794],[-49.7257997,-6.4630035],[-49.7102178,-6.4433204],[-49.736085,-6.3755818],[-49.7610551,-6.3696627],[-49.7933379,-6.338963],[-49.7860029,-6.3218664],[-49.7960562,-6.2698885]],[[-49.7960562,-6.2698885],[-49.8232482,-6.2486435]],[[-47.198988,-1.0021748],[-47.2156222,-1.0008011]],[[-47.2156222,-1.0008011],[-47.195523,-1.179653],[-47.1999579,-1.205409]],[[-47.1999579,-1.205409],[-47.2066434,-1.2353406]],[[-47.1946719,-1.2681066],[-47.1874059,-1.3893926]],[[-47.1874059,-1.3893926],[-47.1825673,-1.3861549],[-47.0786991,-1.2263383],[-47.0601466,-1.2012872],[-47.0575902,-1.1960272],[-47.053896,-1.1567762],[-47.0144514,-1.1384642],[-46.987135,-1.111977],[-46.9778575,-1.0869877],[-46.964903,-1.0433649],[-46.9836518,-1.0136683],[-47.0019981,-1.0116263]],[[-47.0019981,-1.0116263],[-47.0170305,-1.0164898]],[[-47.0170305,-1.0164898],[-47.061143,-1.0381505],[-47.0871709,-1.0384848],[-47.098421,-1.037854],[-47.1413687,-0.9902223],[-47.1578525,-0.9924859],[-47.198988,-1.0021748]],[[-47.3057936,-1.6103003],[-47.3061747,-1.6211314]],[[-47.3061747,-1.6211314],[-47.3026498,-1.6299221],[-47.3063955,-1.649589],[-47.3153713,-1.6635793],[-47.3092905,-1.709486],[-47.2952629,-1.7224258],[-47.2847852,-1.7671813],[-47.2532011,-1.8045477],[-47.2197265,-1.7938632],[-47.2039202,-1.8051646],[-47.1954801,-1.8221071],[-47.2207047,-1.8636397],[-47.2296728,-1.8848595],[-47.2168982,-1.9107749],[-47.2217831,-1.9460974],[-47.2600638,-1.9904687],[-47.2913417,-1.997512],[-47.2993131,-2.020073],[-47.3563968,-2.0752119],[-47.3853986,-2.0788395]],[[-47.3853986,-2.0788395],[-47.4181796,-2.0796295]],[[-47.4181796,-2.0796295],[-47.4703991,-2.0875131],[-47.5109803,-2.1299795]],[[-47.5109803,-2.1299795],[-47.5105859,-2.1463301]],[[-47.441174,-2.4052992],[-47.4303117,-2.4165142]],[[-47.4303117,-2.4165142],[-47.405818,-2.4660586],[-47.3907855,-2.4714048],[-47.405422,-2.5079637],[-47.3940689,-2.5360137],[-47.3556057,-2.5572792],[-47.3476228,-2.5796878]],[[-47.3476228,-2.5796878],[-47.3239211,-2.5708519]],[[-47.3239211,-2.5708519],[-47.2704813,-2.5687037],[-47.2169806,-2.5935675]],[[-47.2169806,-2.5935675],[-47.2138446,-2.5932786]],[[-47.2138446,-2.5932786],[-47.2178788,-2.5818025],[-47.1770281,-2.5522702],[-47.162698,-2.4931769],[-47.1796514,-2.4800465],[-47.2120636,-2.4138427],[-47.1928009,-2.394569],[-47.2109371,-2.3585646],[-47.2121715,-2.331305],[-47.2387186,-2.2693093],[-47.2407435,-2.2242661],[-47.2092665,-2.1908502],[-47.1911841,-2.1835163],[-47.1894804,-2.1422901],[-47.1673302,-2.0949462],[-47.1708209,-2.0727749],[-47.1430045,-1.987639],[-47.1632172,-1.9313596],[-47.1372418,-1.9161403],[-47.1256318,-1.8861112],[-47.0817285,-1.8861708],[-47.0652257,-1.8747552],[-47.0546307,-1.8624411],[-47.0481883,-1.8582672],[-47.0370064,-1.8563176],[-47.0312292,-1.8610953],[-47.0249985,-1.8577727]],[[-47.0249985,-1.8577727],[-47.006276,-1.8504762]],[[-47.006276,-1.8504762],[-46.990737,-1.839763],[-46.976777,-1.8076913],[-46.9787158,-1.8029833],[-46.9761521,-1.7985721],[-46.9635806,-1.7808484],[-46.9719797,-1.7570264],[-46.9635304,-1.7520725],[-46.9446597,-1.7488196],[-46.9513627,-1.7027868],[-46.9345922,-1.6810468],[-46.9480381,-1.65844],[-46.9803061,-1.6278277],[-46.9868161,-1.6115783],[-46.9769799,-1.608674],[-46.9815494,-1.6013035]],[[-46.9815494,-1.6013035],[-46.9796782,-1.5965065]],[[-46.9796782,-1.5965065],[-47.0030373,-1.5780769],[-47.0133925,-1.5798417],[-47.040873,-1.5562245],[-47.0529713,-1.5455153],[-47.0755233,-1.5420264],[-47.0841248,-1.542859],[-47.1063079,-1.561375],[-47.1394565,-1.5573791],[-47.1470934,-1.5727636],[-47.1770844,-1.5706693],[-47.2307442,-1.5932824],[-47.2802618,-1.5853968],[-47.300605,-1.6029978],[-47.3057936,-1.6103003]],[[-47.8994576,-1.0468275],[-47.9509504,-1.0411462]],[[-47.9509504,-1.0411462],[-47.9749284,-1.0623209],[-47.9917045,-1.1029109],[-48.021485,-1.1338065]],[[-48.021485,-1.1338065],[-47.9691667,-1.2025779]],[[-47.9691667,-1.2025779],[-48.0360432,-1.2084302]],[[-48.0360432,-1.2084302],[-48.0301236,-1.3893826],[-48.02549,-1.4128825],[-47.9861461,-1.4222326]],[[-47.9861461,-1.4222326],[-47.8766053,-1.3181745]],[[-47.8766053,-1.3181745],[-47.8779496,-1.3476711],[-47.861706,-1.3548225],[-47.8530535,-1.3978073],[-47.786777,-1.4006927],[-47.7559298,-1.4500584]],[[-47.7559298,-1.4500584],[-47.7600106,-1.4525895]],[[-47.7600106,-1.4525895],[-47.7479278,-1.481009],[-47.6971489,-1.4830954],[-47.6670118,-1.4701271],[-47.6530657,-1.4311299]],[[-47.6530657,-1.4311299],[-47.6425954,-1.3787169]],[[-47.6425954,-1.3787169],[-47.6384356,-1.374769]],[[-47.6384356,-1.374769],[-47.7787362,-1.3051801],[-47.8454789,-1.2866393],[-47.8420971,-1.265798],[-47.8080684,-1.2079119],[-47.8352664,-1.1597326],[-47.8383348,-1.1304815],[-47.8101416,-1.0807382],[-47.8125282,-1.0682935]],[[-47.8125282,-1.0682935],[-47.8111702,-1.0634084]],[[-47.8111702,-1.0634084],[-47.8356504,-1.0625721],[-47.8449805,-1.0624511],[-47.8876195,-1.0492038],[-47.8994576,-1.0468275]],[[-48.8781504,-0.1815306],[-48.8796787,-0.1572364],[-48.9156335,-0.1512864],[-48.932707,-0.1627938],[-48.945854,-0.1980814],[-48.9245512,-0.2139814],[-48.881319,-0.2033437],[-48.8781504,-0.1815306]],[[-48.917901,-0.2295537],[-48.9470183,-0.2222134],[-48.9972673,-0.1862099],[-49.0126204,-0.1598834],[-49.0394245,-0.1693389],[-49.0643202,-0.1612274],[-49.113368,-0.1606274],[-49.1367384,-0.1682408],[-49.1961676,-0.1313531],[-49.2128923,-0.1486866],[-49.246034,-0.1612027],[-49.3345562,-0.1605218],[-49.3787478,-0.1910237],[-49.4221892,-0.1684469],[-49.4386111,-0.1264927],[-49.4316564,-0.0881999],[-49.4167957,-0.0674722],[-49.3890917,-0.0587664],[-49.3574527,-0.0239332],[-49.3583383,0.0079365],[-49.3749153,0.0443993],[-49.397009,0.0621591],[-49.4789561,0.0810633],[-49.531741,0.0811588],[-49.5769481,0.0907358],[-49.6322276,0.0748934],[-49.6656591,0.096562],[-49.6995784,0.1505051],[-49.6927197,0.1780972],[-49.6444491,0.2166634],[-49.63329,0.2413523],[-49.583738,0.2725382],[-49.5291541,0.2917297],[-49.4886299,0.3341952],[-49.4998788,0.3667802],[-49.5477582,0.3901311],[-49.5819234,0.418674],[-49.618127,0.3920543],[-49.6569138,0.393877],[-49.731086,0.3752833],[-49.7777692,0.3413052],[-49.8077867,0.3320504],[-49.8282806,0.3554297],[-49.8892148,0.3225009],[-49.9384746,0.3652911],[-49.9805094,0.360503],[-49.9929089,0.3384154],[-50.0513843,0.3367464],[-50.0984446,0.3444633],[-50.1316929,0.3306634],[-50.1678189,0.3402908],[-50.1776349,0.3755814],[-50.1727376,0.397643],[-50.12005,0.4300057],[-50.0774344,0.4634433],[-50.036413,0.5341784],[-50.027856,0.5678313],[-50.037307,0.6018789],[-50.0726399,0.635792],[-50.1043542,0.63955],[-50.1388537,0.6205974],[-50.1791355,0.6347323],[-50.21351,0.6559749],[-50.2260857,0.6962372],[-50.3285877,0.6743485],[-50.35857,0.6600921],[-50.4365469,0.600107],[-50.4672645,0.5309222],[-50.4859901,0.458905],[-50.5039997,0.4350876],[-50.5238924,0.3723908],[-50.556148,0.3067173],[-50.599668,0.2493574]],[[-49.49192,-0.6655195],[-49.4892631,-0.6670218]],[[-49.4892631,-0.6670218],[-49.4489152,-0.5879871],[-49.4573058,-0.5712365],[-49.4493315,-0.5292271],[-49.4178807,-0.5018956],[-49.3937473,-0.3774746],[-49.3674678,-0.3519751],[-49.3357179,-0.3373391],[-49.3063251,-0.3699107],[-49.2781324,-0.4399106],[-49.2681606,-0.4528097],[-49.2408266,-0.4769937],[-49.219162,-0.4834945],[-49.2170996,-0.4907459],[-49.2080213,-0.5099926]],[[-49.0074903,-0.440545],[-49.0065699,-0.4453112]],[[-49.0065699,-0.4453112],[-48.9886901,-0.4078187],[-48.9425217,-0.3352957],[-48.9228244,-0.2914493],[-48.9272417,-0.256759],[-48.917901,-0.2295537]],[[-49.4497734,0.1126925],[-49.4769071,0.1482064],[-49.5023673,0.1173847],[-49.4497734,0.1126925]],[[-49.6084465,0.18248],[-49.6328581,0.1945],[-49.6606827,0.1872599],[-49.6774531,0.1557239],[-49.6534572,0.1450355],[-49.6154018,0.1528203],[-49.6084465,0.18248]],[[-49.6318823,0.2102698],[-49.6180802,0.1992406],[-49.5763181,0.2197068],[-49.5740745,0.2493265],[-49.6021381,0.2427679],[-49.6318823,0.2102698]],[[-48.171572,-0.8164393],[-48.2211661,-0.8229017],[-48.2369332,-0.8375711],[-48.2684634,-0.9029275],[-48.2937708,-0.9196765],[-48.3658013,-0.9189255],[-48.4095658,-0.9057518]],[[-48.4095658,-0.9057518],[-48.4395444,-0.9788488]],[[-48.4392958,-0.9824776],[-48.307179,-1.0190707],[-48.2912585,-1.0169457]],[[-48.2912585,-1.0169457],[-48.2197581,-1.0098614]],[[-48.2197581,-1.0098614],[-48.217237,-1.0078154],[-48.2016767,-1.0072937]],[[-48.2016767,-1.0072937],[-48.1923786,-0.9914403],[-48.1930088,-0.9481442],[-48.1756488,-0.9498883],[-48.1668182,-0.9110864],[-48.1515401,-0.9028559],[-48.1504334,-0.8954239],[-48.1595127,-0.8772723],[-48.1486229,-0.8377841],[-48.171572,-0.8164393]],[[-49.4817775,-8.6737311],[-49.4540257,-8.6153915],[-49.4098882,-8.5800019],[-49.4005772,-8.5587983],[-49.3914974,-8.4897785],[-49.3791073,-8.4594433],[-49.3494094,-8.4183765],[-49.2991332,-8.3953662],[-49.2833241,-8.3795572],[-49.2674375,-8.3341894],[-49.2486603,-8.2553764],[-49.215854,-8.1942117],[-49.2038625,-8.1400069],[-49.2073277,-8.1225007],[-49.193163,-8.0764651],[-49.1781072,-8.0647607],[-49.1737507,-8.0144182],[-49.1820284,-7.9769635],[-49.1696421,-7.9547897],[-49.1627769,-7.9005312],[-49.164913,-7.8328703],[-49.1500554,-7.8121134],[-49.1607401,-7.791369],[-49.1922168,-7.780734],[-49.2965276,-7.6964425],[-49.328079,-7.677795],[-49.360968,-7.6149398]],[[-49.360968,-7.6149398],[-49.3861905,-7.6407783],[-49.4110197,-7.6496414],[-49.4272219,-7.7345601],[-49.4729505,-7.7572098],[-49.5049684,-7.8161204],[-49.4998252,-7.8288853],[-49.5188588,-7.8441519],[-49.5691353,-7.8181117],[-49.6035846,-7.8659973],[-49.6059478,-7.8751925],[-49.6126406,-7.8767311],[-49.6171967,-7.8893764],[-49.630189,-7.8949633],[-49.6385834,-7.9141796],[-49.6631898,-7.9199834],[-49.6862784,-7.9090913],[-49.6985862,-7.9019426],[-49.7430786,-7.9054981],[-49.8144688,-7.9505019],[-49.8169985,-7.9613949]],[[-49.8169985,-7.9613949],[-49.8268988,-7.9680311]],[[-49.8268988,-7.9680311],[-49.8321117,-7.987162],[-49.8597204,-8.0026998],[-49.8863931,-8.0348595],[-49.9052526,-8.0557608],[-49.9140875,-8.096572],[-49.8997223,-8.1306323],[-49.8735585,-8.1450697],[-49.8656675,-8.1790579],[-49.8736952,-8.2022326],[-49.8730553,-8.2455159],[-49.8571372,-8.2732365],[-49.8520024,-8.2920773],[-49.8267806,-8.3318157]],[[-49.8267806,-8.3318157],[-49.8234985,-8.3305385]],[[-49.8234985,-8.3305385],[-49.8190541,-8.3283527],[-49.812947,-8.3282443],[-49.7835592,-8.3289885],[-49.770605,-8.3314032],[-49.7397477,-8.3345821],[-49.7153895,-8.2937121],[-49.683946,-8.2794064],[-49.6590549,-8.2860272],[-49.6593287,-8.5004642],[-49.7019116,-8.5026828],[-49.777532,-8.5730688],[-49.762636,-8.626692],[-49.758698,-8.6740585],[-49.7319484,-8.7067945],[-49.7329162,-8.7271138],[-49.7025283,-8.760941],[-49.6578023,-8.770964],[-49.6315274,-8.7947087],[-49.5958579,-8.7972077],[-49.5840799,-8.7879371],[-49.5545015,-8.7420782],[-49.5405794,-8.7151087],[-49.5396094,-8.7034954],[-49.4817775,-8.6737311]],[[-48.0817391,-1.8152826],[-48.0729854,-1.8487784]],[[-48.0537842,-2.0844785],[-47.9868524,-2.0904418]],[[-47.9868524,-2.0904418],[-47.9885664,-2.0966271]],[[-47.9885664,-2.0966271],[-47.9845969,-2.0886065],[-47.9811805,-2.0703019],[-47.926011,-2.0067143],[-47.8897119,-1.98338],[-47.9075636,-1.9665614],[-47.8988734,-1.8775327],[-47.8786822,-1.8423364],[-47.8944995,-1.7803939]],[[-47.8944995,-1.7803939],[-47.8894234,-1.7697374]],[[-51.1896767,-7.5237414],[-51.187206,-7.5261099],[-51.1847246,-7.5334909],[-51.1842023,-7.5437717],[-51.1860395,-7.5579757],[-51.1924866,-7.5655767],[-51.2023992,-7.5696512]],[[-51.2023992,-7.5696512],[-51.2183471,-7.5801036],[-51.2411723,-7.600455],[-51.2153751,-7.630332],[-51.2133714,-7.6770465],[-51.1985069,-7.6878846],[-51.1832519,-7.7330535]],[[-51.1832519,-7.7330535],[-51.1371467,-7.7663177],[-51.1362047,-7.7691344],[-51.1442079,-7.786594]],[[-51.1442079,-7.786594],[-51.177372,-7.8755737],[-51.2308466,-7.9045181],[-51.2501192,-7.9518668],[-51.2621806,-7.9562167],[-51.3061257,-7.9769466],[-51.3389237,-7.9769778],[-51.3498445,-8.0066494],[-51.4042046,-8.0170916],[-51.4248484,-8.0060037],[-51.4421801,-8.0282979],[-51.4355432,-8.0767314],[-51.4660431,-8.1063447],[-51.4909652,-8.1528642],[-51.5520427,-8.2056339],[-51.5951845,-8.1913113],[-51.6200924,-8.2021844],[-51.6582383,-8.2467782],[-51.7230377,-8.2291607],[-51.753681,-8.2302203],[-51.7711236,-8.2710229],[-51.7908475,-8.2695051],[-51.8411528,-8.2542916],[-51.8681778,-8.2366709],[-51.8737914,-8.230728],[-51.8885706,-8.223278],[-51.9107631,-8.2489135],[-51.8921806,-8.3023469],[-51.8877924,-8.3094594],[-51.8698997,-8.3098095],[-51.8536819,-8.3371314],[-51.8350679,-8.3330185],[-51.7985964,-8.3494702],[-51.7939541,-8.3567712],[-51.781713,-8.3796813]],[[-51.781713,-8.3796813],[-51.7644267,-8.4317384],[-51.7829568,-8.4564301],[-51.8057387,-8.5446657],[-51.8062112,-8.5662276],[-51.7712063,-8.6064804],[-51.7752407,-8.6716063],[-51.7859608,-8.67953],[-51.7794584,-8.7251576],[-51.8302127,-8.7677121],[-51.9165754,-8.8115184],[-51.9221517,-8.852808],[-51.892766,-8.8742147],[-51.8809594,-8.8973957],[-51.85429,-8.905638],[-51.7844008,-8.8826592],[-51.7419599,-8.8872928],[-51.7319605,-8.9004772],[-51.7355717,-8.9837689],[-51.7040954,-9.0089355],[-51.6960179,-9.0320775],[-51.6333521,-9.062452],[-51.5948731,-9.0887166],[-51.5639538,-9.0818711],[-51.573232,-9.1425443],[-51.5439891,-9.167768],[-51.5437937,-9.1842627],[-51.5132946,-9.1997902],[-51.4838716,-9.2631754],[-51.4868168,-9.3097741],[-51.4638464,-9.3405403],[-51.4887888,-9.3811978],[-51.4721214,-9.4098049],[-51.4378446,-9.4401074],[-51.4355988,-9.4703793],[-51.4124051,-9.4993686],[-51.3890727,-9.5124386],[-51.3671473,-9.5521159],[-51.3171248,-9.6049873],[-51.3250695,-9.6431305],[-51.3170996,-9.6806334],[-51.2853967,-9.698891]],[[-51.2853967,-9.698891],[-51.2613726,-9.614919],[-51.2575158,-9.5756653],[-51.1862299,-9.523977],[-51.1612294,-9.5338277],[-51.1400103,-9.5594735],[-51.125239,-9.5318786],[-51.11909,-9.4929513],[-51.0905395,-9.4852628],[-51.0696751,-9.4455015],[-51.0658696,-9.4304421],[-51.0592271,-9.3660718],[-51.0776533,-9.3344009],[-51.0711217,-9.2926888],[-51.0836199,-9.261635],[-51.0638471,-9.2491558],[-51.063122,-9.2192505],[-51.0556489,-9.1885851],[-51.1212921,-9.1297687],[-51.0905399,-9.0704009],[-51.1011217,-9.0416047],[-51.0841497,-9.0075661],[-51.0584328,-9.0005097],[-51.0554826,-8.980583]],[[-51.0554826,-8.980583],[-51.0725991,-8.9667203],[-51.0796748,-8.9576457],[-51.08332,-8.945385],[-51.0835368,-8.9374491]],[[-51.0835368,-8.9374491],[-51.1116225,-8.9274442],[-51.1031516,-8.8993017],[-51.0753168,-8.9020373],[-51.0437905,-8.8621053],[-51.0333151,-8.8429873],[-51.0398661,-8.830332],[-51.0236779,-8.7701824],[-51.0273152,-8.7402217],[-51.0270928,-8.7315945]],[[-51.0270928,-8.7315945],[-51.032344,-8.7075336],[-51.0469225,-8.6771134],[-51.0208948,-8.640584],[-50.9785514,-8.6231717],[-50.9404533,-8.577798],[-50.9353934,-8.5721155],[-50.9370327,-8.5569575],[-50.9460671,-8.5312391],[-50.9271746,-8.5004341],[-50.9094786,-8.4462705],[-50.8696209,-8.4126374],[-50.8858951,-8.392836],[-50.8673947,-8.3367004],[-50.8334838,-8.3256326],[-50.8176961,-8.2962899],[-50.7664256,-8.3196296],[-50.7343939,-8.2946685],[-50.7459279,-8.2643282],[-50.7040892,-8.2460109],[-50.661698,-8.2464733],[-50.6284541,-8.2010239],[-50.5996206,-8.1913124]],[[-50.5996206,-8.1913124],[-50.5522585,-8.1444965],[-50.5595611,-8.1032518],[-50.5255621,-8.0981462],[-50.523007,-8.0543003],[-50.5055842,-8.022967],[-50.5334201,-8.0084804],[-50.5110309,-7.9702999],[-50.5383372,-7.9557962],[-50.5511409,-7.8984312],[-50.6000046,-7.8884401],[-50.5622844,-7.8592829],[-50.5409489,-7.7964635],[-50.5131502,-7.7680925]],[[-50.5131502,-7.7680925],[-50.5116199,-7.7658849]],[[-50.972009,-7.3734542],[-50.9810644,-7.3764771]],[[-50.9810644,-7.3764771],[-51.0179295,-7.3587982],[-51.0220957,-7.3588349],[-51.0366684,-7.3506251],[-51.0367634,-7.3446277],[-51.0589303,-7.3276232],[-51.0703672,-7.3194707],[-51.1026517,-7.3492557],[-51.1155625,-7.3401813],[-51.1485871,-7.3581032],[-51.1885664,-7.3467824],[-51.226452,-7.3830146],[-51.2277884,-7.399806],[-51.230236,-7.4038584],[-51.2168181,-7.4229766],[-51.2138727,-7.4432914],[-51.2095395,-7.4593435],[-51.1987025,-7.4925929],[-51.1896767,-7.5237414]],[[-49.461269,-5.8997396],[-49.5112739,-5.8828692],[-49.5797359,-5.8960264],[-49.6062236,-5.9123538],[-49.6336336,-5.9061474],[-49.7089372,-5.9506587],[-49.7347265,-5.9289981],[-49.7554138,-5.9306617],[-49.7685533,-5.8882],[-49.7631647,-5.8471234],[-49.7801928,-5.8354368],[-49.7918336,-5.7854847],[-49.8318916,-5.836181],[-49.8259146,-5.855666]],[[-49.8259146,-5.855666],[-49.8015546,-5.8671272],[-49.7921675,-5.894125],[-49.8075273,-5.9268097],[-49.7964713,-5.9436825],[-49.78005,-6.0051397],[-49.7912778,-6.0216599],[-49.7682817,-6.0537191],[-49.7818783,-6.1140828],[-49.7533373,-6.1612535],[-49.7556004,-6.1720592],[-49.7419783,-6.175135],[-49.7365807,-6.1838963],[-49.7358022,-6.2075527],[-49.7883824,-6.2202586],[-49.8285826,-6.2181495],[-49.8251044,-6.2454428]],[[-49.8251044,-6.2454428],[-49.7960562,-6.2698885]],[[-49.7297769,-6.7147157],[-49.4112773,-6.4452729]],[[-49.4112773,-6.4452729],[-49.4193032,-6.4324976],[-49.4237497,-6.3667468],[-49.4147431,-6.3620979],[-49.4051048,-6.3554142],[-49.4152411,-6.3548728],[-49.4332989,-6.3304468],[-49.5196037,-6.3326126],[-49.5284378,-6.3017089],[-49.5621072,-6.2861724],[-49.5733586,-6.2596931],[-49.5589163,-6.2427125],[-49.5577176,-6.2122887],[-49.4740791,-6.0983121],[-49.4815742,-6.0803689],[-49.4591616,-6.0176069],[-49.4678319,-5.9926794],[-49.457471,-5.9015748]],[[-49.457471,-5.9015748],[-49.461269,-5.8997396]],[[-49.8460522,-1.3337239],[-49.8496273,-1.3408367],[-49.9751424,-1.3006343]],[[-50.131496,-1.8149992],[-50.0646702,-1.7918739],[-49.9915772,-1.7830986],[-49.944332,-1.7959596]],[[-49.944332,-1.7959596],[-49.8846137,-1.8247103],[-49.8678818,-1.8303897],[-49.8479945,-1.8331488],[-49.8165779,-1.831516]],[[-49.8165779,-1.831516],[-49.7451622,-1.8161401],[-49.7181898,-1.8356009]],[[-49.7181898,-1.8356009],[-49.715296,-1.8298412]],[[-49.715296,-1.8298412],[-49.6595294,-1.7891698],[-49.6077751,-1.7603974]],[[-49.6077751,-1.7603974],[-49.589246,-1.7360803],[-49.5845209,-1.6800799],[-49.636721,-1.6785915],[-49.6826845,-1.6433679],[-49.7105508,-1.6017278],[-49.7205508,-1.5365874],[-49.7071917,-1.5038118],[-49.7067707,-1.441221],[-49.7239107,-1.3706636],[-49.7720256,-1.361549],[-49.8200301,-1.3181038],[-49.8460522,-1.3337239]],[[-55.4134242,-1.3991195],[-55.1740248,-1.6792887]],[[-55.1740248,-1.6792887],[-55.1664683,-1.7312427],[-55.1766798,-1.9221621],[-55.1575414,-1.9436621],[-55.1601958,-1.9662022],[-55.1836603,-1.9955024],[-55.1848104,-2.0469595],[-55.2090086,-2.1039747],[-55.2664686,-2.1064415],[-55.2630067,-2.1184838],[-55.2508875,-2.1309971],[-55.1802313,-2.1522233]],[[-55.1802313,-2.1522233],[-55.1770317,-2.1554447],[-55.1704544,-2.1582717],[-55.1474816,-2.1641194],[-55.1203088,-2.1676236],[-55.0948957,-2.1669461]],[[-47.7554521,-0.6089193],[-47.7775832,-0.5817874],[-47.8142727,-0.5764182],[-47.830646,-0.6105249],[-47.8205928,-0.6364821],[-47.837801,-0.6816863],[-47.8554744,-0.6394008],[-47.8459009,-0.6251847],[-47.8587456,-0.5703664],[-47.8950011,-0.5581201],[-47.9089971,-0.5783076],[-47.921104,-0.6256315],[-47.964621,-0.6420758],[-47.977011,-0.6861855]],[[-47.977011,-0.6861855],[-47.9605128,-0.7042897],[-47.9518984,-0.7767689]],[[-47.9518984,-0.7767689],[-47.9589279,-0.7921136],[-47.9242949,-0.8283948],[-47.9204877,-0.861673],[-47.9325119,-0.9032612],[-47.9009605,-0.9314896]],[[-47.9009605,-0.9314896],[-47.8629002,-0.9360111],[-47.8409021,-0.9491531],[-47.8147503,-0.9220076]],[[-47.8147503,-0.9220076],[-47.8150812,-0.8928638],[-47.7548971,-0.6796991],[-47.7602675,-0.6725383],[-47.7704574,-0.6612935],[-47.7554521,-0.6089193]],[[-48.0425131,-3.8171336],[-48.0783719,-3.8068014],[-48.1047663,-3.7888266],[-48.1598762,-3.8045494],[-48.2111555,-3.7950602],[-48.2688463,-3.7951298],[-48.2898795,-3.813879],[-48.3229345,-3.8144456],[-48.3866231,-3.8351332]],[[-48.3866231,-3.8351332],[-48.3904577,-3.8420075]],[[-48.3904577,-3.8420075],[-48.3690379,-3.8802336],[-48.3701023,-3.9218799],[-48.3827144,-3.9464458],[-48.3849344,-4.0110813]],[[-48.3849344,-4.0110813],[-48.3846229,-4.0324519]],[[-48.3846229,-4.0324519],[-48.3724939,-4.062151],[-48.3718499,-4.0836115],[-48.3063466,-4.1557152],[-48.2695162,-4.2152556],[-48.2127703,-4.2222328],[-48.1609123,-4.200996],[-47.816153,-4.6147285]],[[-47.816153,-4.6147285],[-47.789921,-4.5855104],[-47.7540405,-4.5908236],[-47.7248128,-4.6064181],[-47.6776313,-4.6077851],[-47.6376763,-4.5714003],[-47.6119419,-4.5573579],[-47.5835668,-4.5229601],[-47.5637242,-4.4745575],[-47.5376001,-4.4525953],[-47.4763146,-4.3564394],[-47.4795412,-4.3284996],[-47.4420493,-4.2874251],[-47.3717681,-4.2455858],[-47.3791525,-4.2211365],[-47.3658287,-4.18064],[-47.3402351,-4.1770458],[-47.3512895,-4.1053029]],[[-47.3512895,-4.1053029],[-47.4101196,-4.1289689],[-47.4173125,-4.1403654],[-47.4712883,-4.1503542],[-47.4862375,-4.1463698],[-47.5391174,-4.1172897],[-47.5690902,-4.0928704],[-47.6793986,-4.0686095],[-47.6964252,-4.0402641],[-47.7212034,-4.0291737],[-47.7721473,-4.0481925],[-47.7830684,-4.0601877],[-47.8523443,-4.0466701],[-47.8672317,-4.0356865],[-47.8940401,-3.9961405],[-47.9380161,-3.9513984],[-47.955818,-3.9464834],[-47.9805646,-3.9021126],[-47.980683,-3.8882792],[-48.0095719,-3.8300728],[-48.0213481,-3.8235071],[-48.0281208,-3.8192916]],[[-48.0281208,-3.8192916],[-48.0301563,-3.8217882],[-48.0336537,-3.8224862],[-48.0425131,-3.8171336]],[[-48.8522427,-5.9651378],[-48.8530537,-5.9607986],[-48.8606909,-5.9544386],[-48.8641848,-5.9477977],[-48.8703766,-5.9492151],[-48.8902193,-5.9296981],[-48.8986592,-5.8988418],[-48.989176,-5.8394881],[-49.0337138,-5.8308255],[-49.0519899,-5.8380763],[-49.2338523,-5.7955796],[-49.2683527,-5.8202827],[-49.2993577,-5.8249951],[-49.3357438,-5.8505355],[-49.3748616,-5.8637028],[-49.41502,-5.8989039],[-49.4476905,-5.9004593]],[[-49.4476905,-5.9004593],[-49.457471,-5.9015748]],[[-49.4112773,-6.4452729],[-49.2026001,-6.2629547]],[[-49.2026001,-6.2629547],[-49.1991209,-6.2642252]],[[-49.1991209,-6.2642252],[-48.8522427,-5.9651378]],[[-58.8950359,-0.0109629],[-58.8865816,-0.0591839],[-58.8638839,-0.0780298],[-58.8652551,-0.1689373],[-58.881038,-0.1965794],[-58.8793146,-0.2293369],[-58.8653947,-0.2655488],[-58.8749835,-0.2958234],[-58.8730952,-0.3437211],[-58.8361542,-0.3727456],[-58.7834791,-0.388968],[-58.7252824,-0.4383191],[-58.736521,-0.4717409],[-58.709988,-0.5170359],[-58.7090107,-0.5458643],[-58.7318301,-0.5791878],[-58.7363256,-0.6193516],[-58.7082778,-0.6567789],[-58.7061278,-0.6788638],[-58.6367412,-0.7201017],[-58.6128469,-0.75831],[-58.5602206,-0.7977394],[-58.5559695,-0.8137163],[-58.4605874,-0.862868],[-58.4364854,-0.8859778],[-58.4519752,-0.9240868],[-58.4105876,-0.9822266],[-58.4289115,-1.0286156],[-58.3637272,-1.0711199],[-58.3583034,-1.1077123],[-58.3412499,-1.1110344],[-58.3167203,-1.1476751],[-58.2558849,-1.1308204],[-58.2125916,-1.1665326],[-58.1895279,-1.2033192],[-58.154004,-1.2326797],[-58.1144244,-1.1645785],[-58.0939993,-1.1621358],[-58.0810504,-1.1311624],[-58.0586708,-1.1065398],[-58.0173321,-1.1036085],[-58.0012559,-1.1481148],[-57.9657808,-1.1710272],[-57.975749,-1.1929135],[-57.9641683,-1.2152881],[-57.9751627,-1.2398121],[-57.9912388,-1.3512663],[-57.95431,-1.3797702],[-57.9597339,-1.3968675],[-57.9114565,-1.4047322],[-57.8771053,-1.4233436],[-57.8228177,-1.438682],[-57.7799886,-1.5100239],[-57.7176873,-1.503283],[-57.6980441,-1.5549136],[-57.7061555,-1.5724492],[-57.6746383,-1.5950156],[-57.6219144,-1.5891542],[-57.6007075,-1.5721561],[-57.5794517,-1.6043938],[-57.5440744,-1.6111343],[-57.4730754,-1.6788804],[-57.4434639,-1.6646183],[-57.3857558,-1.6976848],[-57.3533836,-1.7368071],[-57.3251892,-1.7173682],[-57.292255,-1.7082836],[-57.2581481,-1.7117025],[-57.2308333,-1.7275272],[-57.1996094,-1.7227408],[-57.1616911,-1.7403237],[-57.1580752,-1.7708003],[-57.1268512,-1.766014],[-57.1190086,-1.7888468],[-57.0916449,-1.7779555],[-57.0792824,-1.8025708],[-57.0666755,-1.8571237],[-57.0284152,-1.9180238],[-56.9883509,-1.9071603],[-56.9611252,-1.952972],[-56.9236786,-1.9643087],[-56.8762985,-1.9923486],[-56.8590445,-2.015926],[-56.8167648,-2.0229705],[-56.7669924,-2.0086976],[-56.7266021,-2.0309607],[-56.7213822,-2.0591744],[-56.7327642,-2.0917397],[-56.7694297,-2.1406729],[-56.760959,-2.1740582],[-56.7077679,-2.183902],[-56.6790728,-2.2125642],[-56.6354265,-2.2035988],[-56.6129132,-2.2101713],[-56.5856222,-2.1765273]],[[-56.5856222,-2.1765273],[-56.5964276,-2.1555918],[-56.6306344,-2.159967],[-56.6333795,-2.1318426],[-56.6191936,-2.0710384],[-56.6445169,-2.0406204],[-56.6495434,-1.9860807],[-56.6260362,-1.9795777],[-56.5994009,-1.9537177],[-56.5921799,-1.9159988],[-56.598288,-1.8766696],[-56.6155454,-1.8594057],[-56.65951,-1.8452017],[-56.6819903,-1.8039263],[-56.6736195,-1.7580084],[-56.7270133,-1.7272075],[-56.724401,-1.6787526],[-56.7401521,-1.6693991],[-56.7504273,-1.6534339],[-56.7490161,-1.651949]],[[-56.7490161,-1.651949],[-56.7517133,-1.6521015]],[[-56.7517133,-1.6521015],[-56.7605925,-1.6013484],[-56.7934021,-1.5995134],[-56.8031213,-1.6028964],[-56.8073495,-1.6185913],[-56.8423206,-1.6480614],[-56.8773705,-1.6556711],[-56.9180704,-1.6476723],[-56.9635454,-1.5810652],[-56.9897077,-1.5895901],[-57.0004908,-1.5499346],[-57.039402,-1.5377847],[-57.0632947,-1.517892],[-57.1266813,-1.5159145],[-57.1466028,-1.4963148],[-57.1435977,-1.4231717],[-57.1604306,-1.4168999],[-57.1859655,-1.435557],[-57.2131257,-1.4194546],[-57.2372093,-1.4332382],[-57.2999601,-1.3905838],[-57.3139615,-1.3524612],[-57.3287963,-1.3395384],[-57.3836805,-1.3329891],[-57.4055142,-1.3501845],[-57.4285741,-1.3476333],[-57.4660726,-1.3099814],[-57.4774598,-1.2654509],[-57.4918556,-1.2590125],[-57.5207694,-1.2104811],[-57.5284926,-1.1727296],[-57.5533768,-1.1263185],[-57.5808508,-1.1240923],[-57.5912087,-1.0989029],[-57.6521555,-1.0952754],[-57.6782397,-1.0815056],[-57.6793255,-1.0508428],[-57.7160768,-1.0234366],[-57.7155531,-0.9886988],[-57.7576528,-0.9887405],[-57.7697394,-0.9494893],[-57.8220483,-0.9262756],[-57.8545775,-0.9242019],[-57.8762731,-0.888156],[-57.9144978,-0.8597668],[-57.9823808,-0.8425703],[-57.9842125,-0.8062712],[-57.9999639,-0.7920521],[-58.0717431,-0.7933126],[-58.0911651,-0.8126253],[-58.1224346,-0.8086236],[-58.1463522,-0.7927069],[-58.1868865,-0.790192],[-58.2029128,-0.8075316],[-58.2344351,-0.7701857],[-58.2231586,-0.7387438],[-58.2662407,-0.6867079],[-58.2858836,-0.6502725],[-58.3195222,-0.6120051],[-58.3272404,-0.5296625],[-58.3388256,-0.5231896],[-58.3419962,-0.4828938],[-58.3982466,-0.4748577],[-58.4132767,-0.4468149],[-58.4404983,-0.4391867],[-58.5094448,-0.4502814],[-58.5219413,-0.4333336],[-58.5130487,-0.4068215],[-58.5201388,-0.3757483],[-58.4908551,-0.3798008],[-58.4482186,-0.3607001],[-58.4739434,-0.3321589],[-58.4410503,-0.2945832],[-58.4531876,-0.2803669],[-58.4820887,-0.2899127],[-58.5327766,-0.2706259],[-58.5887142,-0.2718587],[-58.6312752,-0.2420942],[-58.635911,-0.2156256],[-58.667303,-0.1620896],[-58.7146365,-0.1224196],[-58.7064663,-0.1061154],[-58.7150601,-0.0660774],[-58.7706634,-0.0568229],[-58.7950544,-0.074478],[-58.8371048,-0.0755448],[-58.8235818,-0.0333893],[-58.8503067,-0.0318822],[-58.8734376,-0.0076481],[-58.8950359,-0.0109629]],[[-49.193796,-7.1298147],[-49.2117721,-7.1603545],[-49.2280776,-7.1857311],[-49.2632453,-7.1784043],[-49.3053879,-7.190382],[-49.3284426,-7.1760877],[-49.3419985,-7.2051593],[-49.4061056,-7.2327412],[-49.3963326,-7.2446594],[-49.4226398,-7.2749422],[-49.470971,-7.2839553],[-49.4886342,-7.3044519],[-49.5195231,-7.3101391],[-49.5474412,-7.2948996],[-49.6015008,-7.3039767],[-49.6156945,-7.3221204],[-49.6645818,-7.3233778],[-49.6886387,-7.3391902],[-49.7417481,-7.3384248],[-49.7745569,-7.348698],[-49.8009468,-7.3354893],[-49.811886,-7.3462332],[-49.8279702,-7.3715834],[-49.8281381,-7.7000537]],[[-49.8281381,-7.7000537],[-49.8564407,-7.9727307]],[[-49.8564407,-7.9727307],[-49.8497227,-7.9759024]],[[-49.8497227,-7.9759024],[-49.8374147,-7.9749856]],[[-49.8374147,-7.9749856],[-49.8169985,-7.9613949]],[[-49.360968,-7.6149398],[-49.3815774,-7.5691029],[-49.3779974,-7.4964458],[-49.2694453,-7.3728486],[-49.231475,-7.3257861],[-49.1852842,-7.2351718],[-49.1831997,-7.2145997],[-49.193796,-7.1298147]],[[-47.2138446,-2.5932786],[-47.2049915,-2.5899256]],[[-47.2049915,-2.5899256],[-47.1569237,-2.5727971],[-47.1483948,-2.5564076],[-47.1100867,-2.5537986],[-47.0878011,-2.5046574],[-47.0899471,-2.4732697],[-47.1061975,-2.4529408],[-47.1134402,-2.4265292],[-47.1115185,-2.4018699],[-47.0917725,-2.3512175],[-47.0708335,-2.3483721],[-47.0824784,-2.335787],[-47.040061,-2.3081807],[-47.0331455,-2.2901005],[-47.0011754,-2.2792192],[-46.9523367,-2.2481842],[-46.9310296,-2.2205729],[-46.8881382,-2.2097225],[-46.895492,-2.1665632]],[[-46.895492,-2.1665632],[-46.922362,-2.1540243]],[[-46.922362,-2.1540243],[-46.9109802,-2.1130319],[-46.9331558,-2.0845759],[-46.9349912,-2.0749664],[-46.8996372,-2.0109457],[-46.9043508,-1.9939308],[-46.9127565,-1.9736635],[-46.9712103,-1.9261528],[-47.0149842,-1.8700087],[-47.0148107,-1.8576007]],[[-47.0148107,-1.8576007],[-47.0249985,-1.8577727]],[[-49.2394072,-4.0774378],[-49.6068546,-4.0729269]],[[-49.6068546,-4.0729269],[-49.5980544,-4.1355668],[-49.5590531,-4.2571376],[-49.5256935,-4.3194651],[-49.5194418,-4.3575398],[-49.5043055,-4.3878519],[-49.5113854,-4.4061556],[-49.4949738,-4.4652738],[-49.4945789,-4.4985005]],[[-49.4945789,-4.4985005],[-49.322602,-4.5007002]],[[-49.322602,-4.5007002],[-49.2672696,-4.4368463],[-49.2403528,-4.4261285],[-49.2290804,-4.4068415],[-49.1956014,-4.4243614],[-49.1648234,-4.3655678],[-49.1323579,-4.3541761],[-49.1140268,-4.3343496],[-49.1056856,-4.3215901],[-49.0436011,-4.3195491],[-49.0167689,-4.3352851],[-49.0197405,-4.356027]],[[-49.0197405,-4.356027],[-49.0170244,-4.3682842]],[[-49.0170244,-4.3682842],[-48.9926603,-4.3685594],[-48.9215718,-4.3393195],[-48.8713236,-4.3080922],[-48.8457423,-4.3075965],[-48.8016827,-4.260617],[-48.7741622,-4.2528733],[-48.7632667,-4.2323646],[-48.7458497,-4.1456003],[-48.71738,-4.1116473],[-48.6251328,-4.1202172],[-48.6047431,-4.129508],[-48.5747675,-4.1215337],[-48.5143218,-4.0823355],[-48.4652938,-4.070471],[-48.4403776,-4.077841],[-48.4102626,-4.0333751],[-48.3879051,-4.0174153]],[[-48.3879051,-4.0174153],[-48.3849344,-4.0110813]],[[-48.3904577,-3.8420075],[-48.3887427,-3.837308]],[[-48.3887427,-3.837308],[-48.4512405,-3.8059302],[-48.4922397,-3.8239803],[-48.5165426,-3.8082019],[-48.5898489,-3.8090248],[-48.5986515,-3.7934051],[-48.6718541,-3.7492369],[-48.6856018,-3.7591824],[-48.7275717,-3.7263305],[-48.8161069,-3.7126705],[-48.8709908,-3.6472146],[-48.8902129,-3.6366328],[-48.8763792,-3.5740044]],[[-48.8763792,-3.5740044],[-48.8838941,-3.5679545]],[[-48.8838941,-3.5679545],[-48.8981498,-3.5751876],[-48.9529144,-3.5632424],[-48.9581473,-3.5546517],[-48.9792227,-3.5430451],[-49.0290633,-3.5471372]],[[-51.4324792,-0.4733425],[-51.4846183,-0.5434323],[-51.5151162,-0.5660446],[-51.5955362,-0.6504378],[-51.6834486,-0.7940294],[-51.6955135,-0.9212915],[-51.6856469,-1.0128623],[-51.7043365,-1.067741],[-51.7793719,-1.1375926],[-51.7792879,-1.1660776]],[[-51.8909277,-1.3094783],[-51.89248,-1.315363],[-51.8988422,-1.3350206],[-51.9096816,-1.3529686],[-51.9365146,-1.3824205]],[[-52.2461518,-1.5013654],[-52.251873,-1.5040647]],[[-52.251873,-1.5040647],[-52.2457592,-1.5202674],[-52.2374298,-1.5520095],[-52.1998224,-1.6042268],[-52.0924516,-1.6068749],[-52.0252013,-1.5966453],[-51.9700261,-1.6102675],[-51.9520366,-1.6465906],[-51.9860674,-1.700992],[-51.9900407,-1.7429815],[-51.9784516,-1.803415],[-51.9700591,-1.8170113],[-51.9667357,-1.8256288],[-51.9635253,-1.8255728]],[[-51.9635253,-1.8255728],[-51.9594346,-1.8107388]],[[-51.9594346,-1.8107388],[-51.9244947,-1.7622515],[-51.8898471,-1.7302803],[-51.8596822,-1.7581544],[-51.7610959,-1.7231367],[-51.5660316,-1.6933196],[-51.5472889,-1.6825998],[-51.5111776,-1.642102],[-51.4581175,-1.6428011],[-51.2090597,-1.2266598],[-51.2370102,-1.2378024],[-51.2763091,-1.220977],[-51.2564972,-1.200808],[-51.22817,-1.1364098]],[[-51.22817,-1.1364098],[-51.2074746,-1.0733257]],[[-51.1716499,-0.9418887],[-51.1690039,-0.8998732],[-51.1775618,-0.8563216]],[[-47.4029245,-0.9771756],[-47.4064499,-0.9744892]],[[-47.4064499,-0.9744892],[-47.4258137,-0.9829991]],[[-47.4258137,-0.9829991],[-47.473921,-0.9941828],[-47.500651,-1.0027987],[-47.610401,-1.0315149]],[[-47.610401,-1.0315149],[-47.6199007,-1.0663538]],[[-47.6199007,-1.0663538],[-47.706567,-1.0573444]],[[-47.706567,-1.0573444],[-47.6912621,-1.1111055],[-47.6958199,-1.1354321],[-47.6803738,-1.1886429],[-47.6920973,-1.2122125],[-47.7305938,-1.2451066],[-47.7088718,-1.258277],[-47.6549333,-1.2404584]],[[-47.6549333,-1.2404584],[-47.6383864,-1.3746871],[-47.6258995,-1.3519948]],[[-47.6258995,-1.3519948],[-47.5853986,-1.3074626],[-47.4959551,-1.2368989]],[[-47.4959551,-1.2368989],[-47.4965884,-1.2310689]],[[-47.4965884,-1.2310689],[-47.4757034,-1.2030114],[-47.4669492,-1.1620075],[-47.4521519,-1.1510183],[-47.4458169,-1.1141922],[-47.4197315,-1.0791662],[-47.4025367,-1.0353484],[-47.4006474,-1.0287782],[-47.405151,-1.0047091],[-47.4131197,-1.0050315],[-47.4029245,-0.9771756]],[[-49.1545474,-1.7017597],[-49.1871864,-1.7310133]],[[-49.1871864,-1.7310133],[-49.1939331,-1.7402676]],[[-49.1939331,-1.7402676],[-49.2090446,-1.7940842],[-49.2427139,-1.858201],[-49.2524923,-1.8847323]],[[-49.2524923,-1.8847323],[-49.2621596,-1.9420225],[-49.2967723,-1.9654075],[-49.3181352,-1.9945124]],[[-49.2975345,-2.4506226],[-49.2159342,-2.4009895]],[[-49.2159342,-2.4009895],[-49.1577115,-2.3666206],[-49.1392167,-2.3199669],[-49.1102739,-2.3048733],[-49.1037449,-2.2630383],[-49.0906843,-2.2409808],[-49.0495218,-2.2164326],[-49.0204886,-2.2122169],[-48.9601552,-2.1569234],[-48.949667,-2.1339918],[-48.9489914,-2.098381],[-48.9631843,-2.0619589],[-48.9257371,-2.0216067],[-48.8746014,-1.9952523],[-48.8779325,-1.9847951]],[[-48.8779325,-1.9847951],[-48.8936584,-1.9629444],[-48.91869,-1.9481467],[-48.9387723,-1.9323075],[-48.9435463,-1.9261582]],[[-47.8766053,-1.3181745],[-48.0004312,-1.4360056]],[[-48.0004312,-1.4360056],[-48.1343484,-1.515193],[-48.1015422,-1.5397261]],[[-47.9594842,-1.5905484],[-47.9440618,-1.5786313]],[[-47.9440618,-1.5786313],[-47.9495665,-1.5701316]],[[-47.9495665,-1.5701316],[-47.7559298,-1.4500584]],[[-47.9520348,-2.5170589],[-47.927069,-2.5297668],[-47.931962,-2.5431181],[-47.9430545,-2.5513963],[-47.9539396,-2.5620838],[-47.9792615,-2.5977643],[-48.0285948,-2.6245782],[-48.0461142,-2.6436642],[-48.0391049,-2.7113933],[-48.0759594,-2.7812591],[-48.0888218,-2.8428063],[-48.091029,-2.899863],[-48.1286783,-2.947287],[-48.1798225,-2.9488805],[-48.2023963,-2.9698425],[-48.2146812,-3.01227],[-48.2314894,-3.0335237],[-48.2515105,-3.0877143],[-48.2564104,-3.1208245],[-48.2857771,-3.0936411],[-48.3030025,-3.0993202],[-48.3197126,-3.1443627],[-48.3088321,-3.1644441],[-48.3323677,-3.1975251],[-48.3619828,-3.1985476],[-48.3914589,-3.2164504],[-48.4149547,-3.2007552],[-48.4483511,-3.237645],[-48.4809298,-3.2354383],[-48.5305686,-3.1956707]],[[-48.5305686,-3.1956707],[-48.5517664,-3.1972868],[-48.5906024,-3.2255212],[-48.6328781,-3.2295807],[-48.6675152,-3.2540398],[-48.6900089,-3.2931698],[-48.7570268,-3.3435198],[-48.7994842,-3.359395],[-48.8195343,-3.3800681],[-48.8745374,-3.3894124],[-48.8944796,-3.375582],[-48.9253058,-3.4035225]],[[-48.9253058,-3.4035225],[-48.9235603,-3.4241445]],[[-48.8838941,-3.5679545],[-48.8821267,-3.5631887]],[[-48.8821267,-3.5631887],[-48.8612985,-3.5699642],[-48.8404907,-3.5210465],[-48.8368262,-3.4686011],[-48.8179369,-3.4687338],[-48.7609321,-3.3952265],[-48.7193955,-3.3849364],[-48.6965714,-3.3596316],[-48.6997337,-3.3350447],[-48.6532976,-3.3548451],[-48.6256236,-3.3077935],[-48.6088348,-3.3147496],[-48.5587705,-3.3028523],[-48.5442095,-3.2781324],[-48.5237471,-3.282286],[-48.5028467,-3.2597024],[-48.474229,-3.2758269],[-48.4206533,-3.2609319],[-48.4086799,-3.2798917],[-48.3528203,-3.2303148],[-48.3046762,-3.2505459],[-48.2889609,-3.222338],[-48.2591571,-3.2092986],[-48.2229565,-3.2228092],[-48.1581853,-3.2209556],[-48.1375915,-3.1890606],[-48.1121796,-3.2089037],[-48.0901276,-3.1804496],[-48.0991502,-3.1537732],[-48.0690462,-3.1416655],[-48.0556834,-3.1052912],[-48.001321,-3.1126672],[-47.9865392,-3.0697704],[-47.9534571,-3.0852972],[-47.917773,-3.0706571],[-47.9207139,-3.0371802],[-47.8731026,-2.9984007],[-47.8533073,-3.0097092],[-47.7987525,-2.9789105],[-47.791011,-2.958701],[-47.8162835,-2.9368858],[-47.7860947,-2.9125493],[-47.7968461,-2.886094],[-47.8002662,-2.8437077],[-47.8413188,-2.858577],[-47.8625158,-2.8284311],[-47.8514285,-2.8146342],[-47.8545647,-2.7722378],[-47.8800148,-2.7791163],[-47.8832886,-2.7474269],[-47.9071596,-2.7376255],[-47.8889244,-2.7091811],[-47.8795975,-2.6625631],[-47.8646802,-2.6458091],[-47.8714025,-2.6117897],[-47.8280936,-2.6221795],[-47.8305858,-2.5902862],[-47.7799547,-2.5824061],[-47.7776348,-2.5564683],[-47.7529965,-2.5205993],[-47.7136255,-2.5664432],[-47.6753614,-2.6725525],[-47.6851461,-2.7336862],[-47.6639514,-2.7448893],[-47.6308711,-2.7972182],[-47.5747016,-2.832123],[-47.5001721,-2.87164],[-47.3920818,-2.8910567]],[[-47.3920818,-2.8910567],[-47.3913711,-2.8704226]],[[-47.3913711,-2.8704226],[-47.4067868,-2.8274524],[-47.3908397,-2.7492017],[-47.3665911,-2.6936745],[-47.3457028,-2.6636274],[-47.312702,-2.658005],[-47.3111452,-2.6498749],[-47.3347576,-2.6217957],[-47.3372908,-2.5763884]],[[-47.3372908,-2.5763884],[-47.3476228,-2.5796878]],[[-47.4303117,-2.4165142],[-47.4392523,-2.4074238]],[[-47.6202539,-1.6319065],[-47.6157841,-1.6342516],[-47.6014181,-1.6775131],[-47.5747884,-1.7007108],[-47.5672456,-1.7324563],[-47.5615355,-1.7826129],[-47.5666992,-1.7922365],[-47.587398,-1.8145988],[-47.5790635,-1.8573879],[-47.5882086,-1.870056]],[[-47.5882086,-1.870056],[-47.5894228,-1.8774607]],[[-47.5894228,-1.8774607],[-47.5498468,-1.8717874],[-47.5272315,-1.8506421],[-47.5146245,-1.8554255],[-47.4687338,-1.8828247],[-47.4662345,-1.9142114],[-47.4388448,-1.9101627],[-47.4322429,-1.9224052],[-47.4316106,-1.9269122],[-47.4346932,-1.9362267],[-47.4364296,-1.9432504],[-47.4394521,-1.9651436],[-47.4160775,-2.0101869],[-47.4156233,-2.0186245],[-47.4045502,-2.0601645],[-47.3991169,-2.0786175]],[[-47.3991169,-2.0786175],[-47.3853986,-2.0788395]],[[-47.3061747,-1.6211314],[-47.3107434,-1.6117021]],[[-47.3107434,-1.6117021],[-47.3281385,-1.6059017]],[[-47.3281385,-1.6059017],[-47.3360602,-1.593827],[-47.3424034,-1.5960219],[-47.3484221,-1.6019472],[-47.3595921,-1.6219469],[-47.4025893,-1.6239564],[-47.40424,-1.6313297],[-47.4294413,-1.6291239],[-47.4346829,-1.6283592],[-47.4392882,-1.6227181],[-47.4461313,-1.6240061],[-47.522339,-1.6276922],[-47.5572596,-1.6038841],[-47.5581753,-1.6186663],[-47.5763694,-1.6110681],[-47.585025,-1.6220289],[-47.5972673,-1.6121791],[-47.6035032,-1.6039871],[-47.6253902,-1.6229313],[-47.6202539,-1.6319065]],[[-56.9560834,-3.6586271],[-57.0004891,-3.7591296],[-57.2536156,-4.2967522],[-57.5855733,-5.0007431],[-57.8606349,-5.6007241]],[[-57.8606349,-5.6007241],[-57.8209408,-5.5580043],[-57.781162,-5.5615633],[-57.7574663,-5.5811423],[-57.7399668,-5.5583041],[-57.7143859,-5.5475208],[-57.6994706,-5.5726384],[-57.7252447,-5.6223728],[-57.7014917,-5.6356548],[-57.6587167,-5.6259694],[-57.6448279,-5.6365791],[-57.6178514,-5.6022251],[-57.5941628,-5.5764481],[-57.5212122,-5.5453766],[-57.4715529,-5.5477898],[-57.4447165,-5.5580934],[-57.4241863,-5.5865869],[-57.3575765,-5.6196694],[-57.2788854,-5.624703],[-57.2859384,-5.6637292],[-57.3010436,-5.677089],[-57.3203583,-5.7232202],[-57.2926356,-5.7535002],[-57.2692151,-5.8132521],[-57.2206913,-5.8353447],[-57.1869351,-5.8651256],[-57.0975161,-5.879425],[-57.0617376,-5.9058479],[-56.965411,-5.9323871],[-56.9710714,-5.9905267],[-56.9424072,-5.9896497],[-56.9149123,-6.0127934],[-56.8349332,-6.0003515],[-56.828549,-5.9813904],[-56.7830156,-5.980557],[-56.7276825,-5.9656756],[-56.6916092,-5.9689973],[-56.6298799,-5.9943729],[-56.597573,-5.9987374],[-56.6032671,-6.0202201],[-56.6779368,-6.0616459],[-56.7025169,-6.0616523],[-56.7216528,-6.0842034],[-56.7286544,-6.1126759],[-56.7544949,-6.1535903],[-56.7261864,-6.1901657],[-56.7416031,-6.2080267],[-56.7352655,-6.2633051],[-56.7184285,-6.2804832],[-56.7687625,-6.3649829],[-56.7833532,-6.3736323],[-56.7863514,-6.4063485],[-56.8008273,-6.4155095],[-56.8081309,-6.4565595],[-56.8405427,-6.4959396],[-56.8413799,-6.5240712],[-56.8568579,-6.5778967],[-56.8347952,-6.6163615],[-56.8538779,-6.6447587],[-56.8842129,-6.6685803],[-56.8755989,-6.7176372],[-56.8614396,-6.7507588],[-56.8657692,-6.7761307],[-56.8487413,-6.8049609],[-56.8440779,-6.8500042],[-56.8609039,-6.8877406],[-56.8851615,-6.8978003],[-56.8924626,-6.9909007],[-56.9127688,-7.0254736],[-56.9484323,-7.0631925],[-56.9961619,-7.0886802],[-57.0014604,-7.1130015],[-57.0416591,-7.1424588],[-57.0402761,-7.1810184],[-57.0634886,-7.2185109],[-57.0943556,-7.2425119],[-57.1111635,-7.2389221],[-57.1790819,-7.3433267],[-57.1982192,-7.3927161],[-57.1964106,-7.4833177],[-57.1950512,-7.4966906],[-57.1547991,-7.5247172],[-57.0877965,-7.5557698],[-57.0652204,-7.5549806],[-57.0380556,-7.5914175],[-57.0368585,-7.6465745],[-57.0142406,-7.6602245],[-56.9877684,-7.6541579],[-56.9635189,-7.6849407],[-56.9511323,-7.7246714],[-56.9243005,-7.7445253],[-56.883743,-7.8017089],[-56.8876869,-7.8229246],[-56.9147131,-7.8210404],[-56.9189082,-7.8429939],[-56.9433827,-7.8752802],[-56.9361623,-7.9120876],[-56.8971886,-7.959476],[-56.8993224,-8.0036514],[-56.8947709,-8.0243548],[-56.8704952,-8.0475725],[-56.8389391,-8.0547935],[-56.7963559,-8.1025299],[-56.7641561,-8.1241273],[-56.7282115,-8.1420371],[-56.696407,-8.1774515],[-56.6912655,-8.2010057],[-56.6618543,-8.1904973],[-56.6298781,-8.2118612],[-56.6344744,-8.2486988],[-56.5923813,-8.2670198],[-56.533014,-8.2606609],[-56.4806018,-8.2733821],[-56.4409329,-8.3126824],[-56.4212086,-8.3130729],[-56.3874383,-8.2904292],[-56.3678301,-8.2446937],[-56.3398787,-8.2438737],[-56.312967,-8.2657221],[-56.294183,-8.3090908],[-56.2348763,-8.3133772],[-56.1912357,-8.3393915],[-56.1977659,-8.3593309],[-56.1596001,-8.4055808]],[[-56.1596001,-8.4055808],[-56.1592676,-8.2422014]],[[-56.1592676,-8.2422014],[-56.1272096,-8.1671437],[-56.1297352,-8.128213],[-56.0872896,-8.093586],[-56.0764028,-8.0616245],[-56.0826869,-8.0413155],[-56.0578729,-7.9923064],[-56.058764,-7.9381093],[-56.1170976,-7.9185213],[-56.1025422,-7.8684445],[-56.1125427,-7.840856],[-56.13924,-7.8095302],[-56.1553512,-7.7617265],[-56.1582697,-7.7275825],[-56.1427521,-7.7095742],[-56.1729837,-7.6552081],[-56.1650157,-7.6077729],[-56.1760407,-7.5656796],[-56.1661292,-7.5351407],[-56.1777143,-7.4649436],[-56.202292,-7.4322925],[-56.2294575,-7.4210956],[-56.2404083,-7.3308528],[-56.253181,-7.3205583],[-56.2056864,-7.2721331],[-56.2333251,-7.2537894],[-56.2110981,-7.2024314],[-56.2332058,-7.1798228],[-56.2179899,-7.1560423],[-56.2108457,-7.0786709],[-56.2284018,-7.0586717],[-56.2265709,-7.0258972],[-56.2057889,-6.9967545],[-56.2104353,-6.9396038],[-56.1751799,-6.9336772],[-56.1689055,-6.8992116],[-56.1399338,-6.8711925],[-56.1414339,-6.8261745],[-56.154373,-6.8004713],[-56.1292335,-6.7672627],[-56.1448693,-6.7461369],[-56.1422673,-6.715696],[-56.0868188,-6.6849287],[-56.0632425,-6.6528373],[-56.0745724,-6.6223715],[-56.0587651,-6.5939866],[-56.0262382,-6.5938866],[-56.0110117,-6.6009491],[-56.0043778,-6.599351],[-55.995981,-6.5686475],[-55.9487651,-6.5623182],[-55.9462958,-6.5478942],[-55.91432,-6.5257275],[-55.8778467,-6.5278548],[-55.8532402,-6.4846325],[-55.834767,-6.4840381],[-55.8023486,-6.4459119],[-55.7647656,-6.4133677],[-55.7812606,-6.3576609],[-55.7416193,-6.3287072],[-55.7566769,-6.2799357],[-55.7199254,-6.2946741],[-55.6962874,-6.3457605],[-55.6589567,-6.3789555],[-55.6172049,-6.3922869],[-55.5933949,-6.3863763],[-55.529426,-6.4093424],[-55.5120881,-6.4070444],[-55.4987901,-6.4217898],[-55.4879314,-6.4421732],[-55.4845335,-6.4552986],[-55.432983,-6.4639698],[-55.3736477,-6.5066178],[-55.3594818,-6.5192651],[-55.3473483,-6.5225801],[-55.3217863,-6.5496616],[-55.2850374,-6.5799064],[-55.27623,-6.6187155],[-55.2502867,-6.6482721],[-55.2136202,-6.6423423],[-55.2060311,-6.6868502],[-55.1903152,-6.6948713],[-55.1958684,-6.757667],[-55.2040917,-6.7737162]],[[-55.2040917,-6.7737162],[-55.1928439,-6.7744365]],[[-55.2781978,-5.5293521],[-55.2798883,-5.5155542]],[[-55.2798883,-5.5155542],[-55.5661227,-5.5143808],[-55.5796478,-5.5098597],[-55.5960127,-5.5141197],[-55.6253985,-5.5414573],[-55.6836185,-5.5795134],[-55.7126183,-5.5734017],[-55.7140395,-5.5408369],[-55.7494825,-5.4886224],[-55.7878999,-5.483167],[-55.8037033,-5.4597534],[-55.8222889,-5.4612338],[-55.8608988,-5.404588],[-55.8972907,-5.4083618],[-55.930703,-5.3679729],[-55.9582609,-5.3638635],[-55.9740415,-5.3944603],[-55.9283179,-5.4470833],[-55.9426203,-5.4753283],[-55.9376841,-5.5859991],[-56.0245344,-5.6214868],[-55.9990679,-5.6630056],[-56.0416773,-5.6787174],[-56.057091,-5.6518416],[-56.1206471,-5.6192662],[-56.1300404,-5.6432163],[-56.1926488,-5.614355],[-56.2231814,-5.6230238],[-56.2644046,-5.6086873],[-56.2882926,-5.6122277],[-56.3682374,-5.5856894],[-56.382874,-5.6071611],[-56.4081265,-5.61771],[-56.4081014,-5.6420964],[-56.4492986,-5.6441019],[-56.4722325,-5.626749],[-56.48382,-5.5832693],[-56.52057,-5.5890928],[-56.5547134,-5.5530425],[-56.5919566,-5.5458532],[-56.5960419,-5.5039062],[-56.6130185,-5.4648232],[-56.6109044,-5.3974189],[-56.6033524,-5.3801066],[-56.625792,-5.352918],[-56.6505696,-5.3450689],[-56.6548486,-5.2760863],[-56.6436842,-5.2513813],[-56.6205676,-5.2421632],[-56.6189599,-5.2210809],[-56.5627091,-5.2061021],[-56.5486557,-5.185938],[-56.5409055,-5.1487393],[-56.5348467,-5.1427006],[-56.5078449,-5.1457534],[-56.4841818,-5.1208536],[-56.4727929,-5.0837101],[-56.4440722,-5.0413349],[-56.4544578,-5.0234421],[-56.4503474,-5.0050436],[-56.4911824,-4.9724448],[-56.4975137,-4.9469417],[-56.48415,-4.9073272],[-56.451655,-4.9020723],[-56.4570985,-4.8469083],[-56.4421494,-4.7656706],[-56.4044277,-4.7192975],[-56.3920996,-4.6827724],[-56.3513431,-4.6505162],[-56.2959843,-4.6155743],[-56.2845141,-4.6056093],[-56.277096,-4.5708407],[-56.2608993,-4.5671149],[-56.2173465,-4.6023409],[-56.2104823,-4.6033021],[-56.1920153,-4.5964272],[-56.1658447,-4.6357383],[-56.1577062,-4.6738007],[-56.179675,-4.7013134],[-56.1588757,-4.7530872],[-56.1788175,-4.7845749],[-56.1564821,-4.8337448],[-56.1209021,-4.8429318],[-56.0816504,-4.8194468],[-56.0628496,-4.8297894],[-56.0458515,-4.8501016],[-56.0395393,-4.8396925],[-56.0397372,-4.8093416],[-56.0241738,-4.78629],[-56.0484272,-4.7671735],[-56.0695983,-4.7264579],[-56.0579053,-4.7073236],[-56.0915122,-4.6206432],[-56.0229834,-4.5858287],[-56.016592,-4.5577264],[-55.9979865,-4.5504506],[-55.981756,-4.5537038],[-55.9738964,-4.5365816],[-55.9698175,-4.5344408],[-55.9521205,-4.537851],[-55.8817582,-4.5953613],[-55.8531685,-4.6102936],[-55.7927871,-4.6293792],[-55.7593763,-4.6293636],[-55.718518,-4.6515175],[-55.7105664,-4.6732118],[-55.6658975,-4.6881863],[-55.5676803,-4.699921],[-55.5179233,-4.6982692],[-55.5011821,-4.7235253]],[[-55.5011821,-4.7235253],[-55.4890306,-4.7276087],[-55.4827806,-4.7356931]],[[-55.4827806,-4.7356931],[-55.4767008,-4.7297098]],[[-55.497795,-4.620392],[-55.5085108,-4.6179629]],[[-55.5085108,-4.6179629],[-55.5263575,-4.6043196],[-55.5334424,-4.5876881],[-55.5379555,-4.5707656]],[[-55.5379555,-4.5707656],[-55.5531885,-4.5323812],[-55.5708102,-4.5375519],[-55.6063169,-4.5054798],[-55.6510616,-4.5183973],[-55.6763388,-4.5131146],[-55.6643476,-4.4863648],[-55.6693141,-4.4552301],[-55.6382837,-4.4147379],[-55.6263397,-4.4123596],[-55.6260641,-4.3724759],[-55.6568391,-4.3061177],[-55.6800126,-4.3032827],[-55.7128998,-4.2612459],[-55.7350907,-4.2438863],[-55.8000619,-4.2896029],[-55.8463101,-4.2703226],[-55.8632417,-4.2486481],[-55.8969147,-4.2346723],[-55.7751486,-4.1524334],[-55.7282007,-4.125573],[-55.6542316,-4.090737]],[[-49.4179979,-4.6871777],[-49.4356065,-4.7080435]],[[-49.4356065,-4.7080435],[-49.4586607,-4.7637397],[-49.4769971,-4.782774],[-49.5004368,-4.7837222],[-49.7719097,-4.8127477],[-50.3155586,-4.8275167],[-50.2872242,-4.8723595],[-50.3194485,-4.9193837],[-50.3067535,-4.9472488],[-50.3578038,-4.93446],[-50.3962833,-4.9599802],[-50.4792845,-4.9647043],[-50.4825303,-5.0136551],[-50.4725566,-5.0289476],[-50.4955312,-5.0948927],[-50.5023675,-5.1063599],[-50.5098148,-5.1119416],[-50.5016987,-5.1222164],[-50.5119471,-5.1492251],[-50.5131119,-5.1640177],[-50.5156479,-5.1784206]],[[-50.5156479,-5.1784206],[-50.5051122,-5.1883368],[-50.5027306,-5.1949408],[-50.5071989,-5.2251695],[-50.4768347,-5.2768765],[-50.4287508,-5.2706358],[-50.4062193,-5.2950491],[-50.3491746,-5.3061587],[-50.3097287,-5.3323503],[-50.293142,-5.3285138],[-50.2639181,-5.3601144],[-50.207387,-5.3682133],[-50.1434745,-5.3920312],[-50.0939993,-5.40065],[-50.0685583,-5.4252343],[-50.0277793,-5.4132216],[-50.0004171,-5.4274318],[-49.9534159,-5.417575],[-49.9083833,-5.4158741],[-49.8498041,-5.3920899],[-49.8262152,-5.4027422],[-49.8129172,-5.4392973],[-49.7731633,-5.4528012],[-49.7520849,-5.447326],[-49.7419469,-5.4440784],[-49.7302433,-5.4364927],[-49.6954964,-5.419616],[-49.6688005,-5.4175866],[-49.63447,-5.4309836],[-49.6024108,-5.4145488],[-49.5517498,-5.4470905],[-49.5374435,-5.4364256],[-49.4871071,-5.4669585],[-49.4768007,-5.4563785],[-49.4212712,-5.4498397],[-49.3837512,-5.4188768],[-49.4042187,-5.3972086],[-49.3846888,-5.3737112],[-49.3864902,-5.3488272],[-49.3535202,-5.3096655],[-49.3613497,-5.2879001],[-49.331272,-5.2641504],[-49.3396935,-5.2125969],[-49.3273874,-5.1772098]],[[-49.3273874,-5.1772098],[-49.319546,-5.1593493]],[[-49.319546,-5.1593493],[-49.3193533,-5.0767202],[-49.32826,-5.0004859],[-49.3201342,-4.9828559],[-49.365742,-4.9156968],[-49.4050474,-4.9032669],[-49.4093585,-4.8755746],[-49.4062137,-4.8526207],[-49.4264974,-4.7812959],[-49.4179979,-4.6871777]],[[-57.8606349,-5.6007241],[-58.033639,-5.9781378],[-58.2625526,-6.4689221],[-58.2931091,-6.493882],[-58.3270562,-6.500374],[-58.3323084,-6.5329997],[-58.3498866,-6.5624011],[-58.4217769,-6.6107148],[-58.4651949,-6.670041],[-58.4784712,-6.6996136],[-58.4817556,-6.7814217],[-58.4345559,-6.9088065],[-58.3802498,-6.970504],[-58.3354221,-6.9863726],[-58.2882552,-7.061674],[-58.2399205,-7.0955109],[-58.1809958,-7.1817367],[-58.168085,-7.2313349],[-58.1748107,-7.2714285],[-58.1700099,-7.3132232],[-58.1384405,-7.3490342],[-58.118602,-7.3530631],[-58.0613616,-7.3951912],[-58.0398352,-7.446345],[-58.002168,-7.4881303],[-57.972582,-7.5345881],[-57.9520562,-7.5801442],[-57.9343873,-7.6567724],[-57.8989504,-7.6718905],[-57.8796423,-7.7819074],[-57.840971,-7.8614777],[-57.8331651,-7.8948624],[-57.828833,-7.9728959],[-57.8039975,-8.0034251],[-57.7765286,-8.0521753],[-57.7284399,-8.0942158],[-57.7198593,-8.146605],[-57.7046383,-8.1680236],[-57.6772464,-8.1713961],[-57.6456109,-8.2062915],[-57.6439678,-8.2310878],[-57.6620791,-8.264982],[-57.6790555,-8.3335028],[-57.6678008,-8.3639381],[-57.6865577,-8.4070078],[-57.6815844,-8.4331259],[-57.6539947,-8.4650723],[-57.6590545,-8.5003866],[-57.633422,-8.5268109],[-57.6505026,-8.5533713],[-57.6447781,-8.5819802],[-57.6222457,-8.5911884],[-57.6205597,-8.6477445],[-57.6053024,-8.6628336],[-57.5936149,-8.7074193],[-57.5929389,-8.756477],[-57.5623651,-8.7612518],[-57.5230025,-8.7497337],[-57.4524982,-8.7866128],[-57.4175043,-8.7926085],[-57.4162157,-8.8589951],[-57.3843829,-8.8795574],[-57.3178883,-8.8857123],[-57.3060316,-8.9099045],[-57.2861971,-8.9154972],[-57.2401898,-8.9064918],[-57.1950043,-8.9275137],[-57.1382742,-8.9946121],[-57.0946052,-9.0171114],[-57.0900292,-9.0382179],[-57.0596053,-9.0642778],[-57.0392416,-9.09829],[-57.0604425,-9.1371304],[-57.0601323,-9.1819673],[-57.0226379,-9.2197009],[-56.9955493,-9.2338426],[-56.9522491,-9.2230836],[-56.8723618,-9.2391627],[-56.8603337,-9.2316457],[-56.8201088,-9.2463404],[-56.8034149,-9.2674537],[-56.7755214,-9.3295274],[-56.7723236,-9.3909593],[-56.7542707,-9.4063641],[-56.7083858,-9.3732067],[-56.6718827,-9.3673969],[-56.156522,-9.4103978]],[[-56.156522,-9.4103978],[-56.1571271,-8.9999737]],[[-56.1571271,-8.9999737],[-56.1596001,-8.4055808]],[[-49.322602,-4.5007002],[-49.4972743,-4.5011045],[-49.4911923,-4.5199993]],[[-49.4911923,-4.5199993],[-49.4707729,-4.5562151],[-49.406664,-4.6070958],[-49.4073279,-4.6270029]],[[-49.4073279,-4.6270029],[-49.4366326,-4.6583043],[-49.438441,-4.6629766],[-49.4329162,-4.681027],[-49.4255377,-4.696548]],[[-49.4255377,-4.696548],[-49.4179979,-4.6871777]],[[-49.4179979,-4.6871777],[-49.3751845,-4.7427028],[-49.3243252,-4.7068934],[-49.2806008,-4.7082855],[-49.2582427,-4.7366044],[-49.2382694,-4.7796919],[-49.2258265,-4.826661],[-49.1944086,-4.8470786],[-49.181326,-4.8346662],[-49.1452419,-4.8339771],[-49.1280995,-4.8446503],[-49.0384407,-4.8535872],[-49.006768,-4.8337579]],[[-49.006768,-4.8337579],[-49.0004656,-4.8329918]],[[-49.0004656,-4.8329918],[-49.0004402,-4.4093168],[-49.0156856,-4.3794261]],[[-49.0156856,-4.3794261],[-49.0197405,-4.356027]],[[-55.8785328,-2.004362],[-55.8969706,-2.0007468],[-55.9137553,-1.9938986],[-55.9283173,-1.9865884]],[[-55.9283173,-1.9865884],[-55.956475,-1.9683492],[-56.0382063,-1.9387133],[-56.085732,-1.9715005]],[[-56.085732,-1.9715005],[-56.0952834,-1.9974452]],[[-56.0952834,-1.9974452],[-56.0956775,-2.0104406]],[[-56.0956775,-2.0104406],[-56.097558,-2.0371332],[-56.1694261,-2.1455081],[-56.2202971,-2.1958428],[-56.3072364,-2.2424541],[-56.3843157,-2.2704754],[-56.4127577,-2.3217155],[-56.42565,-2.3691538],[-56.4655948,-2.4231151],[-56.462267,-2.4339173],[-56.4021072,-2.4565168],[-56.4263006,-2.5015831],[-56.6097644,-2.8963407],[-56.7678915,-3.2428893]],[[-56.3446289,-3.2647951],[-55.8190635,-2.3765765],[-55.8133438,-2.3337183],[-55.7911783,-2.3229189],[-55.773957,-2.2975748],[-55.6922554,-2.2623187],[-55.6681223,-2.226638],[-55.6597172,-2.1971408],[-55.6252595,-2.1937979],[-55.6216409,-2.1583074]],[[-55.6216409,-2.1583074],[-55.6188671,-2.116571],[-55.6426773,-2.0789373],[-55.7381471,-2.0194871],[-55.7479528,-1.9923303]],[[-55.7479528,-1.9923303],[-55.7594912,-1.9988579],[-55.7724833,-2.0029613],[-55.8205323,-2.0073031]],[[-55.8205323,-2.0073031],[-55.8785328,-2.004362]],[[-49.1716867,-1.7161229],[-49.2329615,-1.7049026],[-49.3226014,-1.7037439],[-49.415853,-1.7188689]],[[-49.415853,-1.7188689],[-49.4194108,-1.7227196],[-49.4706019,-1.7413246],[-49.513743,-1.7593876],[-49.5320532,-1.7769878],[-49.5620283,-1.7796219],[-49.5860518,-1.7796896],[-49.6077751,-1.7603974]],[[-49.715296,-1.8298412],[-49.7336934,-1.8802743]],[[-49.7336934,-1.8802743],[-49.7468552,-1.893664],[-49.7373281,-1.9331788],[-49.7151863,-1.9385618],[-49.7340481,-2.0003701],[-49.7361951,-2.0147359],[-49.738499,-2.0322001],[-49.7064643,-2.0690463]],[[-49.7064643,-2.0690463],[-49.6520084,-2.0103097]],[[-49.2524923,-1.8847323],[-49.2104379,-1.7974601],[-49.2065182,-1.7844068],[-49.2012211,-1.7564562],[-49.1939331,-1.7402676]],[[-49.1871864,-1.7310133],[-49.1716867,-1.7161229]],[[-47.5894228,-1.8774607],[-47.5938101,-1.895246]],[[-47.5938101,-1.895246],[-47.614927,-1.9233543],[-47.6012389,-1.9794559],[-47.5875078,-1.99295]],[[-47.5875078,-1.99295],[-47.5868179,-2.0062149]],[[-47.5116756,-2.1268905],[-47.5109803,-2.1299795]],[[-47.4181796,-2.0796295],[-47.3991169,-2.0786175]],[[-47.6080585,-0.6977687],[-47.6314928,-0.7062589]],[[-47.6314928,-0.7062589],[-47.6905877,-0.7234532],[-47.7199255,-0.7446693],[-47.7222613,-0.7781419],[-47.721425,-0.8060006],[-47.7288995,-0.8177965],[-47.7271527,-0.8260299],[-47.7100417,-0.8315726],[-47.7117861,-0.8618115],[-47.6651106,-0.867627],[-47.6443102,-0.8780839],[-47.5858222,-0.9483291]],[[-47.5858222,-0.9483291],[-47.5827062,-0.9411634]],[[-47.5827062,-0.9411634],[-47.5596915,-0.9235594],[-47.5710322,-0.8958917],[-47.5668508,-0.8452362],[-47.5499608,-0.8274437],[-47.5816223,-0.7677059],[-47.5804384,-0.7499107],[-47.5944925,-0.7296952],[-47.5942379,-0.7278111],[-47.5845878,-0.7162085],[-47.6080585,-0.6977687]],[[-48.9189347,-4.9612535],[-48.9533295,-4.9201821]],[[-48.9533295,-4.9201821],[-49.0004218,-4.8330735]],[[-49.0004218,-4.8330735],[-49.0003321,-4.9069306],[-49.0330842,-4.9192477],[-49.0580451,-4.9603146],[-49.0542655,-4.9775311],[-49.0821832,-5.0124843],[-49.10158,-5.0234986],[-49.1160555,-5.0581793],[-49.1423587,-5.0776524],[-49.1343305,-5.1256586],[-49.1524369,-5.1796572],[-49.1476563,-5.2184517],[-49.1639656,-5.26058],[-49.1480467,-5.2752167],[-49.1319913,-5.2725596],[-49.1287525,-5.2846799],[-49.1393821,-5.2999588],[-49.1457943,-5.3117683],[-49.1622711,-5.3182329],[-49.1690759,-5.3376521],[-49.2453253,-5.2840812],[-49.2865531,-5.2271572]],[[-49.2865531,-5.2271572],[-49.3273874,-5.1772098]],[[-50.5156479,-5.1784206],[-50.5263033,-5.185972],[-50.570451,-5.1969375],[-50.6692832,-5.1781356],[-50.6754525,-5.1747373],[-50.7134508,-5.17359]],[[-50.7134508,-5.17359],[-50.7202039,-5.1746578]],[[-50.7202039,-5.1746578],[-50.7235038,-5.2178204],[-50.7641719,-5.2221289],[-50.7713645,-5.2373261],[-50.7546165,-5.3114512],[-50.7917588,-5.3150038],[-50.7987317,-5.3621198],[-50.7868684,-5.3996548],[-50.8573965,-5.4179702],[-50.8833103,-5.4340287],[-50.8743115,-5.4915334],[-50.9473976,-5.5258282],[-50.9528345,-5.6143417],[-50.9244773,-5.6306822],[-50.8781711,-5.6325304],[-50.8471437,-5.7063716],[-50.8990358,-5.6943132],[-50.8987526,-5.7132453],[-50.9205907,-5.7404262],[-50.9279495,-5.7670067],[-50.9203087,-5.7926836],[-50.9461554,-5.8037497],[-50.9624368,-5.7842208],[-50.9861495,-5.7942742],[-51.0219791,-5.7869949],[-51.0315601,-5.7694421],[-51.0864491,-5.7809712],[-51.1110066,-5.8147134],[-51.1058145,-5.8501451],[-51.1260945,-5.9187671],[-51.1642844,-5.9279582],[-51.1776211,-5.9658095],[-51.2219791,-5.9635338],[-51.2636737,-5.9949607],[-51.3062887,-5.9805184],[-51.3226751,-5.9652152],[-51.3574209,-5.9668553],[-51.3932856,-6.0161549],[-51.401645,-6.0458248],[-51.3685923,-6.0460625],[-51.3143693,-6.0820756],[-51.3105325,-6.0873706],[-51.2809487,-6.1027226],[-51.2699525,-6.1190712],[-51.2544298,-6.1620427],[-51.245728,-6.172377],[-51.2039274,-6.1714278],[-51.167003,-6.1878451],[-51.1487768,-6.2166843]],[[-51.1487768,-6.2166843],[-51.127066,-6.1996509],[-51.1197278,-6.1713229],[-51.0920044,-6.1254987],[-51.0715624,-6.1216127],[-51.0260039,-6.0571677],[-51.0057045,-6.0459314],[-51.003391,-6.0214522],[-50.9777013,-5.9889531],[-50.9367243,-5.970648],[-50.9162235,-5.9832206],[-50.8668179,-5.9848736],[-50.8420073,-5.9736988],[-50.8015635,-5.9718574],[-50.784116,-5.9868988],[-50.7504268,-5.977842],[-50.722871,-5.954691],[-50.715528,-5.9072931],[-50.6818107,-5.9189729],[-50.6502251,-5.9089263],[-50.575724,-5.9185652],[-50.5312526,-5.8812792],[-50.4726137,-5.8746585],[-50.4550038,-5.8561592],[-50.416223,-5.8555693],[-50.3939455,-5.8753742],[-50.3599746,-5.8767708],[-50.3438365,-5.8642649],[-50.2989188,-5.902595],[-50.2469191,-5.9172466],[-50.1954228,-5.8827964],[-50.1689761,-5.9099481],[-50.1455844,-5.9063302],[-50.1053609,-5.9244126],[-50.0709161,-5.8922138],[-50.0563375,-5.9056418],[-50.0589714,-5.9415795],[-50.0174716,-5.9454065],[-50.0117525,-5.9067518],[-49.9810859,-5.920098],[-49.9326413,-5.8596234],[-49.9053279,-5.8552108],[-49.867531,-5.8683312],[-49.8259146,-5.855666]],[[-49.461269,-5.8997396],[-49.4476905,-5.9004593]],[[-48.8522427,-5.9651378],[-48.7312097,-5.8600505]],[[-48.7312097,-5.8600505],[-48.816846,-5.8062325],[-48.8866638,-5.7060437],[-48.8903816,-5.6888084],[-48.9371618,-5.646581],[-48.9407128,-5.6326834],[-48.9446575,-5.5528569]],[[-48.9446575,-5.5528569],[-48.9414696,-5.5236414],[-49.0153276,-5.4600503],[-49.0055241,-5.4101924],[-49.0103581,-5.3685891],[-49.0334891,-5.3521986],[-49.0280847,-5.3277215],[-49.0004635,-5.2969861],[-48.9925977,-5.2832887]],[[-47.4215391,-0.6661309],[-47.4298809,-0.6510419],[-47.4111143,-0.6027782],[-47.4217333,-0.5846346],[-47.4743536,-0.5922733],[-47.4849043,-0.6194248],[-47.4699879,-0.6937537],[-47.473545,-0.7353311],[-47.4958764,-0.7217403],[-47.5010207,-0.6911149],[-47.5313704,-0.6177697],[-47.5642764,-0.5815948],[-47.5832483,-0.6029729],[-47.5865794,-0.6382508],[-47.6106873,-0.6863561],[-47.6080585,-0.6977687]],[[-47.5827062,-0.9411634],[-47.610401,-1.0315149]],[[-47.4258137,-0.9829991],[-47.4128974,-0.9766499]],[[-47.4128974,-0.9766499],[-47.4019463,-0.9520111],[-47.4250099,-0.8997277],[-47.3840098,-0.8716046],[-47.401314,-0.8451778],[-47.3964768,-0.8264908],[-47.3811394,-0.8365276]],[[-47.3811394,-0.8365276],[-47.3772563,-0.8225951]],[[-47.3772563,-0.8225951],[-47.3870044,-0.8169166],[-47.396566,-0.8154231],[-47.4007606,-0.7650015],[-47.4241526,-0.7546589],[-47.4318389,-0.7331172],[-47.394619,-0.7266563],[-47.4176239,-0.690698],[-47.4215391,-0.6661309]],[[-47.6314928,-0.7062589],[-47.6371343,-0.6361046],[-47.6327309,-0.6021061],[-47.6699627,-0.5751776],[-47.7027401,-0.535082],[-47.738597,-0.5367241],[-47.7710187,-0.5637427],[-47.7554521,-0.6089193]],[[-47.8147503,-0.9220076],[-47.809572,-0.954934],[-47.7687343,-0.9725979],[-47.7779529,-1.0606808]],[[-47.7779529,-1.0606808],[-47.7740121,-1.0594152]],[[-47.7740121,-1.0594152],[-47.706567,-1.0573444]],[[-47.6199007,-1.0663538],[-47.5858222,-0.9483291]],[[-48.3434321,-1.4381526],[-48.3319608,-1.4628878]],[[-48.3319608,-1.4628878],[-48.3317511,-1.466946]],[[-53.0105812,-2.6779118],[-53.1069059,-2.6859796],[-53.1464094,-2.6652726],[-53.1701015,-2.6951682],[-53.2078828,-2.7206504],[-53.2469908,-2.7697089],[-53.2715766,-2.7711169],[-53.3097454,-2.7433385],[-53.3580253,-2.7373339],[-53.4085241,-2.7498592],[-53.4543786,-2.7764869],[-53.4871566,-2.7648884],[-53.5648863,-2.7917907],[-53.5942976,-2.8131081],[-53.6083826,-2.8651508],[-53.8554122,-2.8874675]],[[-53.8554122,-2.8874675],[-53.8307764,-2.916792],[-53.8394364,-2.9300329],[-53.8140226,-3.0040178],[-53.7978549,-3.0197151],[-53.7149364,-3.0156903],[-53.7108297,-3.0303032],[-53.6647503,-3.0418038],[-53.6460236,-3.0615674],[-53.6171327,-3.1280289],[-53.6222171,-3.1469049],[-53.5576041,-3.1891309],[-53.5088792,-3.2783506],[-53.4974396,-3.3737827],[-53.4871045,-3.3997145],[-53.4990532,-3.4381004],[-53.4770796,-3.4661065],[-53.479327,-3.4886801],[-53.4986881,-3.5158857],[-53.4739946,-3.5418978],[-53.4336326,-3.5364211],[-53.3997162,-3.5140357],[-53.3313823,-3.5110936],[-53.2639942,-3.4961487],[-53.2511372,-3.5139913],[-53.2239972,-3.5965229],[-53.1875224,-3.6409727],[-53.1565718,-3.6649616]],[[-53.0023817,-2.6731779],[-53.0015295,-2.6716156]],[[-53.0015295,-2.6716156],[-53.0105812,-2.6779118]],[[-51.2168669,-1.1079875],[-51.22817,-1.1364098]],[[-51.9594346,-1.8107388],[-51.9665925,-1.8346304]],[[-51.9665925,-1.8346304],[-51.9661759,-1.8759639],[-51.9534845,-1.8840271],[-51.9329578,-1.897553],[-51.9115702,-1.9173023],[-51.8823465,-1.926413],[-51.8746497,-1.9445703]],[[-51.8746497,-1.9445703],[-51.8561792,-1.9583548],[-51.7969826,-1.9575656],[-51.7572035,-1.9406122],[-51.7315907,-1.8912097],[-51.6929239,-1.8625749],[-51.6729506,-1.8580829],[-51.6390367,-1.8742219],[-51.5992564,-1.8804302],[-51.5516229,-1.8653904],[-51.5155221,-1.8421618],[-51.479898,-1.8357537],[-51.4263701,-1.7940968],[-51.3456705,-1.7767254]],[[-51.3456705,-1.7767254],[-51.31587,-1.7527781],[-51.3011426,-1.7475987],[-51.2865626,-1.7499353],[-51.2719232,-1.7567061]],[[-51.2719232,-1.7567061],[-51.2409248,-1.7870966],[-51.2186172,-1.7993205],[-51.1738673,-1.8056194],[-51.1139788,-1.8250442],[-51.0857804,-1.8168608],[-51.0531448,-1.82322],[-51.0304502,-1.8459337],[-50.9830297,-1.841021],[-50.9435019,-1.8564248],[-50.9358355,-1.8713581],[-50.9115609,-1.8866689],[-50.8846731,-1.8689378],[-50.8447227,-1.8928766],[-50.8046988,-1.9129127],[-50.7548125,-1.9000335],[-50.7352804,-1.8808083],[-50.7356422,-1.8660106],[-50.6877497,-1.8051835],[-50.668805,-1.7941243],[-50.6248901,-1.7954681],[-50.6065213,-1.8211079],[-50.5805836,-1.8611921],[-50.5673907,-1.8743473],[-50.5340849,-1.9181194],[-50.5029441,-1.9204749],[-50.4559423,-1.9220657],[-50.4544738,-1.9319464]],[[-50.3300813,-1.8751178],[-50.2884978,-1.8470626],[-50.2857222,-1.8380764],[-50.2856697,-1.8286456]],[[-50.3004118,-1.805535],[-50.3383766,-1.8063675]],[[-50.8008634,-1.2422942],[-50.8070905,-1.2193648],[-50.8170019,-1.2010166],[-50.8336993,-1.1992491]],[[-49.2318854,-2.4133479],[-49.3044361,-2.4545414]],[[-49.74486,-2.535398],[-49.7469392,-2.5430157]],[[-49.7469392,-2.5430157],[-49.742112,-2.5967351],[-49.7504117,-2.6473957],[-49.7383472,-2.666192]],[[-49.7383472,-2.666192],[-49.6836937,-2.6659192]],[[-49.6766688,-2.6635011],[-49.5613644,-2.662828],[-49.3652452,-2.6641422]],[[-49.3652452,-2.6641422],[-49.3596881,-2.6759664],[-49.3586572,-2.6655325],[-49.3241327,-2.6730901],[-49.3032687,-2.6231378],[-49.2808325,-2.608876],[-49.2618577,-2.5730767],[-49.2521057,-2.527264],[-49.2037492,-2.4855277],[-49.2021641,-2.4630275],[-49.2318854,-2.4133479]],[[-48.441491,-1.6558337],[-48.4471596,-1.6594969]],[[-48.905768,-1.9565822],[-48.8779325,-1.9847951]],[[-49.2159342,-2.4009895],[-49.2318854,-2.4133479]],[[-49.3652452,-2.6641422],[-49.3865123,-2.6639733]],[[-49.4725503,-3.4152522],[-49.0008787,-3.4121192]],[[-48.92561,-3.4129403],[-48.9259055,-3.4070451]],[[-48.9259055,-3.4070451],[-48.9333365,-3.4083373],[-48.9380103,-3.3953341],[-48.9530933,-3.3123964],[-48.9609919,-3.2395221],[-48.9604628,-3.2302586],[-48.9576606,-3.2016525],[-48.9333454,-3.1726865],[-48.9118518,-3.1512827],[-48.9469891,-3.0861845],[-48.9905201,-3.0632807],[-48.9968817,-3.0201641],[-48.991523,-2.9842764],[-49.0049359,-2.9481159],[-49.0231534,-2.9453407],[-49.0372432,-2.9098858],[-49.0322171,-2.8577118],[-48.988158,-2.8380239],[-48.9744082,-2.8210285],[-48.9911008,-2.7958546],[-48.9501363,-2.7614343],[-48.9427412,-2.7366226],[-48.893687,-2.6838233],[-48.8624352,-2.6672442],[-48.835017,-2.6385957],[-48.828237,-2.6015282]],[[-54.5653462,-2.6727175],[-54.5999889,-2.6537909],[-54.6113509,-2.6422723],[-54.623349,-2.6254821]],[[-54.623349,-2.6254821],[-54.7180557,-2.5936108],[-54.7388897,-2.6499996],[-54.7763882,-2.6611118]],[[-54.7763882,-2.6611118],[-54.8324489,-2.6610981],[-54.8343135,-3.282848]],[[-54.8337334,-3.5561273],[-54.8279321,-3.555552]],[[-54.8279321,-3.555552],[-54.8113708,-3.5341705],[-54.7800047,-3.522793],[-54.7322519,-3.5237443],[-54.6991655,-3.5208852],[-54.7035258,-3.5145331],[-54.7120058,-3.4826412],[-54.6963637,-3.4683193],[-54.6438631,-3.4175514],[-54.620174,-3.4119686],[-54.59867,-3.4047298],[-54.5747232,-3.3717178],[-54.5602029,-3.3621968],[-54.5326395,-3.3606633],[-54.5167271,-3.3705749],[-54.4959168,-3.3951738],[-54.4552758,-3.3905647],[-54.4298032,-3.3772098],[-54.3893064,-3.3705955],[-54.3437494,-3.3768101],[-54.3228945,-3.3947283],[-54.2859826,-3.4023752]],[[-54.2859826,-3.4023752],[-54.2890026,-3.3781935]],[[-54.2890026,-3.3781935],[-54.2558274,-3.3553214],[-54.2640859,-3.3102907],[-54.2590545,-3.2733022]],[[-54.2590545,-3.2733022],[-54.2489288,-3.2665215]],[[-54.2489288,-3.2665215],[-54.2474108,-3.143207],[-54.2283031,-3.1378311],[-54.2252392,-3.1199797],[-54.2250004,-3.0750007],[-54.2609353,-2.99811],[-54.2500004,-2.9522223],[-54.2984274,-2.8802943],[-54.3303925,-2.874268],[-54.3666667,-2.7875004],[-54.3898395,-2.7810792],[-54.4425333,-2.7828606]],[[-54.4425333,-2.7828606],[-54.4624356,-2.7872228],[-54.4691637,-2.7866402],[-54.4757463,-2.7839451],[-54.481882,-2.7784651],[-54.4974396,-2.7582364]],[[-54.4974396,-2.7582364],[-54.549417,-2.7026436],[-54.5653462,-2.6727175]],[[-54.8593484,0.3648636],[-54.8621151,0.3725216]],[[-54.5122755,-2.1093684],[-54.3322122,-2.3911547],[-54.3281773,-2.399538],[-54.2659158,-2.4154129]],[[-54.2659158,-2.4154129],[-54.1484221,-2.360165],[-54.0932882,-2.3074287],[-54.0491644,-2.2334952],[-54.0353536,-2.1771866],[-54.0361467,-2.1125973],[-54.0243642,-2.0901504],[-54.0083356,-2.0737898],[-53.9980854,-2.069901],[-53.9701813,-2.0423811],[-53.9582994,-2.0270962],[-53.9200409,-2.0006775],[-53.8464293,-1.9635682],[-53.8003392,-1.9340605],[-53.787183,-1.912802],[-53.7935833,-1.8841284],[-53.8340985,-1.8849304],[-53.8971908,-1.8978541],[-53.9183869,-1.9095432],[-53.7910373,-1.724311],[-53.8220751,-1.6997283],[-53.9039105,-1.6869374],[-53.9272201,-1.665297],[-53.9266808,-1.6442126],[-53.8985019,-1.6387002],[-53.8639835,-1.6113782],[-53.8639543,-1.5903527],[-53.8849301,-1.5554148],[-53.8851106,-1.5074926],[-53.8242581,-1.4292721],[-53.8166824,-1.3790504],[-53.8301035,-1.3406223],[-53.8760946,-1.3054082],[-53.879829,-1.2850177],[-53.8547341,-1.2439754],[-53.8791156,-1.2049478],[-53.903426,-1.0929447],[-53.8927609,-1.0719775],[-53.9024445,-1.0483313],[-53.9440743,-1.0364752],[-53.9594026,-0.994547]],[[-54.0888002,-0.7982365],[-54.0709729,-0.7828789],[-54.0609374,-0.7615332],[-54.0573535,-0.7446143],[-54.0564387,-0.7294281]],[[-49.5243426,-0.9708171],[-49.5302383,-0.9730006]],[[-49.5247705,-1.1838213],[-49.5901642,-1.3322774]],[[-49.5901642,-1.3322774],[-49.6233862,-1.3462512],[-49.6006047,-1.3681664],[-49.5444403,-1.3797304],[-49.4963859,-1.4211856],[-49.5198247,-1.455748],[-49.5204919,-1.4949885],[-49.5042457,-1.4949913],[-49.5013596,-1.6106823],[-49.4488515,-1.6539297],[-49.415853,-1.7188689]],[[-49.1716867,-1.7161229],[-49.1261532,-1.6802403],[-49.1090438,-1.6628051],[-49.0829076,-1.6307256]],[[-48.9974333,-1.5687614],[-48.9476068,-1.5509606]],[[-48.9476068,-1.5509606],[-48.9639911,-1.5241142],[-48.9694889,-1.4897281],[-48.9988803,-1.4793004],[-49.1024089,-1.4039377],[-49.1097697,-1.3771184],[-49.105134,-1.3177795],[-49.0889352,-1.2804688],[-49.0951593,-1.2533313],[-49.1146894,-1.2404168],[-49.1295245,-1.200842],[-49.146524,-1.1903725],[-49.1657757,-1.1563226],[-49.1940227,-1.1563986],[-49.1953558,-1.1328413],[-49.2136301,-1.1169653],[-49.212802,-1.107313],[-49.1911083,-1.0931635],[-49.1768783,-1.062887],[-49.197238,-1.0332591],[-49.2003522,-1.023549],[-49.2200804,-1.0003975],[-49.3266855,-0.9716613],[-49.32544,-0.9494223],[-49.3288518,-0.9376372],[-49.3575238,-0.9286688],[-49.4014679,-0.9274743],[-49.4364707,-0.9135367],[-49.4521634,-0.9356076],[-49.4451029,-0.9560021],[-49.479244,-0.9894794],[-49.5243426,-0.9708171]],[[-46.8444168,-1.8998019],[-46.857841,-1.9142573]],[[-46.857841,-1.9142573],[-46.8567539,-1.9320007],[-46.8483649,-1.942686],[-46.8507743,-2.0636727],[-46.8642422,-2.0801603],[-46.8660991,-2.1202482],[-46.8903134,-2.1553454]],[[-46.8903134,-2.1553454],[-46.895492,-2.1665632]],[[-47.2049915,-2.5899256],[-47.2129269,-2.5931956],[-47.2169806,-2.5935675]],[[-47.3239211,-2.5708519],[-47.3372908,-2.5763884]],[[-47.3913711,-2.8704226],[-47.3919653,-2.8897453],[-47.05728,-2.6188386]],[[-47.05728,-2.6188386],[-47.0461125,-2.5809791],[-47.0510052,-2.554317],[-47.0271677,-2.4971087],[-46.9753943,-2.4752036],[-46.9092526,-2.4222738],[-46.860007,-2.4172122],[-46.8392295,-2.4236096],[-46.7746164,-2.410546],[-46.7593189,-2.4110275],[-46.691642,-2.4348725],[-46.6289522,-2.4727792],[-46.5711139,-2.4960533],[-46.5215032,-2.5076193],[-46.4642547,-2.4709153],[-46.4358496,-2.4709154]],[[-46.4358496,-2.4709154],[-46.4393678,-2.4131621]],[[-46.6055393,-2.2231287],[-46.6068773,-2.2372143],[-46.8444168,-1.8998019]],[[-49.319546,-5.1593493],[-49.3124466,-5.1906483],[-49.2865531,-5.2271572]],[[-49.0004218,-4.8330735],[-49.006768,-4.8337579]],[[-47.2943953,-0.9690039],[-47.4029245,-0.9771756]],[[-47.4965884,-1.2310689],[-47.4928109,-1.2443329]],[[-47.4928109,-1.2443329],[-47.481035,-1.2641351],[-47.4625673,-1.2758678],[-47.428926,-1.3006335],[-47.4233188,-1.3178972],[-47.4303162,-1.3458038]],[[-47.4303162,-1.3458038],[-47.4275368,-1.3700474]],[[-47.3429782,-1.2870512],[-47.3452286,-1.1072568],[-47.3195316,-1.0670644],[-47.3206443,-1.030588],[-47.3000192,-1.008486],[-47.2856203,-0.9869678],[-47.2943953,-0.9690039]],[[-56.1592676,-8.2422014],[-56.1571271,-8.9999737]],[[-56.156522,-9.4103978],[-54.6134541,-9.5358262]],[[-55.2074486,-6.7733354],[-55.2040917,-6.7737162]],[[-50.1085,-4.0779777],[-50.881448,-3.8535677],[-50.7938614,-4.0004259],[-50.6732863,-4.2087306],[-50.7156967,-4.242091],[-50.761638,-4.2501237],[-50.818417,-4.294947],[-50.8825368,-4.2889945],[-50.9385076,-4.2703165],[-50.9937045,-4.2713023]],[[-50.9301963,-5.1505729],[-50.9272346,-5.1514518]],[[-50.9272346,-5.1514518],[-50.846501,-5.1651913],[-50.8131704,-5.1522299],[-50.7532164,-5.1758856]],[[-50.7532164,-5.1758856],[-50.7134508,-5.17359]],[[-49.4356065,-4.7080435],[-49.4255377,-4.696548]],[[-49.4255377,-4.696548],[-49.4367721,-4.6704498],[-49.4381571,-4.6608843],[-49.4073279,-4.6270029]],[[-49.4911923,-4.5199993],[-49.4972481,-4.5022845],[-49.4945789,-4.4985005]],[[-49.6068546,-4.0729269],[-49.8063613,-4.0712213],[-49.8095827,-4.036818],[-49.8271082,-3.9957868],[-49.8483296,-3.9677701],[-49.8979443,-4.0223485],[-49.9311161,-4.0717536],[-49.9825492,-4.0530916],[-50.0128557,-4.0606743],[-50.0351999,-4.0691249],[-50.0708812,-4.0750359],[-50.0913375,-4.0790584],[-50.0977535,-4.0821951]],[[-50.0977535,-4.0821951],[-50.1085,-4.0779777]],[[-55.717956,2.4020985],[-55.7856223,2.3935687],[-55.833565,2.4091678],[-55.9079785,2.3796519],[-55.9403102,2.3495955],[-55.9568461,2.2359547],[-55.9524854,2.195064],[-55.9253701,2.1721588],[-55.8985094,2.1279968],[-55.8724205,2.0590523],[-55.8812582,2.0372594],[-55.8481182,1.9902922],[-55.8360384,1.9582599],[-55.8244264,1.865629],[-55.8113742,1.8050066],[-55.839062,1.762068],[-55.822005,1.7258762],[-55.7979808,1.6054685],[-55.7672288,1.553983],[-55.7467522,1.5352487],[-55.7371176,1.4769908],[-55.719509,1.4578072],[-55.6614744,1.4420331],[-55.6208916,1.4005851],[-55.6121213,1.3589761],[-55.5904748,1.331287],[-55.5886047,1.2969156],[-55.6101984,1.2620153],[-55.6002043,1.2267351],[-55.6334761,1.1960024],[-55.6280901,1.1769149],[-55.65937,1.1497044],[-55.6568945,1.1273629],[-55.7264546,1.0931138],[-55.7268182,1.0491777],[-55.7399826,1.0229296],[-55.7301429,0.9859325],[-55.7444819,0.9680286],[-55.7583186,0.9173555],[-55.7464291,0.8897864],[-55.7728169,0.875055],[-55.7949018,0.8202458],[-55.8431726,0.8165512],[-55.8580921,0.7897809],[-55.8843126,0.7853572],[-55.8947584,0.7382299],[-55.9482573,0.7186032],[-55.9700893,0.6298789],[-55.9652076,0.5956859],[-55.9769973,0.5578166],[-55.9589537,0.5357103],[-55.93823,0.545568],[-55.9194485,0.5270196],[-55.9153124,0.4805243],[-55.9232802,0.4454288],[-55.9042303,0.4252531],[-55.8947577,0.3682644],[-55.947755,0.3465615],[-55.9794483,0.3467456],[-56.016254,0.359504],[-56.0377294,0.3784139],[-56.10176,0.3994968],[-56.1257357,0.3701902],[-56.1405516,0.3371026],[-56.1613015,0.3172875],[-56.1501492,0.2626312],[-56.1747895,0.2050981],[-56.1710952,0.1803114],[-56.1479568,0.152537],[-56.1392337,0.1175271],[-56.0895909,0.0539328],[-56.0932006,0.0284212],[-56.0452852,-0.0313873],[-56.0280943,-0.086929],[-56.0227887,-0.2197597],[-56.0516761,-0.2668567],[-56.0547901,-0.2999348],[-56.0370079,-0.328988],[-56.0518985,-0.3497079],[-56.0426769,-0.4028304],[-56.0669561,-0.4297496],[-56.0833953,-0.4278463],[-56.1109229,-0.496891],[-56.1300636,-0.517417],[-56.1549261,-0.5026778],[-56.177619,-0.5331986],[-56.1993456,-0.5453745],[-56.2136739,-0.5796653],[-56.2013954,-0.5965521],[-56.2162873,-0.6738722],[-56.2446754,-0.6956105],[-56.2460367,-0.7223414],[-56.2668722,-0.7520673],[-56.2498865,-0.7739547],[-56.2450319,-0.8059018],[-56.225588,-0.8565668],[-56.2050774,-0.8432453],[-56.1378423,-0.8624746],[-56.1414701,-0.8826788],[-56.1067259,-0.9137067],[-56.0743079,-0.9718451],[-56.0807641,-1.0280093],[-56.0497173,-1.0545606],[-56.0401253,-1.0811148],[-56.0524406,-1.1064519],[-56.068421,-1.2083175],[-56.0401946,-1.222925],[-56.0363438,-1.2583115],[-56.0089765,-1.2893199],[-55.9901313,-1.2972782],[-55.9459506,-1.2925737],[-55.9132841,-1.3093718],[-55.8886524,-1.296873],[-55.8157111,-1.2779216],[-55.7841132,-1.3099623],[-55.7568937,-1.3235709],[-55.7307282,-1.317747],[-55.6993674,-1.3395923],[-55.6995666,-1.3560362],[-55.731897,-1.4080835],[-55.7361715,-1.4391147],[-55.7181978,-1.4830906],[-55.6942068,-1.4974651],[-55.6845892,-1.5305769],[-55.6717286,-1.7852882],[-55.713063,-1.8150553],[-55.7440675,-1.8213088],[-55.7523145,-1.8370311],[-55.7231779,-1.8565487],[-55.7302804,-1.886166],[-55.7570104,-1.8858317],[-55.8022261,-1.9270055],[-55.8200107,-1.9155774],[-55.8500604,-1.9680564],[-55.8691163,-1.9676103],[-55.888009,-1.9817805],[-55.9025331,-1.998657]],[[-55.9025331,-1.998657],[-55.8785328,-2.004362]],[[-55.8205323,-2.0073031],[-55.7688711,-2.0024509],[-55.7479528,-1.9923303]],[[-55.6216409,-2.1583074],[-55.5891701,-2.1558649],[-55.5765916,-2.1703169],[-55.5237006,-2.1551547],[-55.4688963,-2.1317195],[-55.4068062,-2.1301242],[-55.3735325,-2.1355509],[-55.3591746,-2.1740532],[-55.2838693,-2.2158569],[-55.2349744,-2.2170388],[-55.1977292,-2.2268164],[-55.1615319,-2.2561054],[-55.1279782,-2.2632398],[-55.1034212,-2.2566663],[-55.0699246,-2.2327754],[-55.0948957,-2.1669461]],[[-55.0948957,-2.1669461],[-55.1132792,-2.1679987],[-55.1425012,-2.1650391],[-55.1742292,-2.1571738],[-55.1802313,-2.1522233]],[[-55.1740248,-1.6792887],[-55.4134237,-1.3998391],[-55.4132617,1.5456071],[-55.4226406,1.546607]],[[-55.7076969,2.4032133],[-55.717956,2.4020985]],[[-49.8165779,-1.831516],[-49.8519678,-1.8324364],[-49.8765522,-1.8280464],[-49.944332,-1.7959596]],[[-49.9104963,-2.812893],[-49.8862461,-2.836786],[-49.8748908,-2.8431497],[-49.8529408,-2.8493225]],[[-49.7334794,-2.6661679],[-49.7383472,-2.666192]],[[-49.7469392,-2.5430157],[-49.7411917,-2.5217751]],[[-49.7947878,-2.1643117],[-49.7064643,-2.0690463]],[[-49.7336934,-1.8802743],[-49.7181898,-1.8356009]],[[-55.717956,2.4020985],[-55.7470366,2.4105376],[-55.7667045,2.4553296],[-55.8388951,2.4622686],[-55.8808697,2.4889886],[-55.9016722,2.5173189],[-55.9346782,2.5335401],[-55.9783139,2.5274219],[-55.9779796,2.4964858],[-55.9911983,2.4670974],[-55.989922,2.4173455],[-56.0366734,2.3743199],[-56.0225928,2.3475333],[-56.0506795,2.3350707],[-56.0739543,2.3709085],[-56.0902012,2.372367],[-56.0938401,2.3212589],[-56.1281494,2.2865429],[-56.1325391,2.2637497],[-56.1090116,2.2448301],[-56.0880622,2.2499711],[-56.0429581,2.2278718],[-56.0563434,2.1894345],[-56.035145,2.1688853],[-56.0031495,2.16769],[-55.9698121,2.1131213],[-55.9267602,2.0751896],[-55.9021219,2.0294038],[-55.9138152,1.9906055],[-55.9364257,1.9865514],[-55.9206002,1.9190604],[-55.90393,1.8881128],[-55.9343722,1.8715794],[-55.9564535,1.8451782],[-55.9990386,1.8313637],[-56.0367277,1.8502898],[-56.0987314,1.846612],[-56.1299783,1.8592948],[-56.1527014,1.8907862],[-56.2345387,1.8986942],[-56.2441215,1.878163],[-56.3214781,1.9236996],[-56.3350139,1.9371836],[-56.4118972,1.928347],[-56.4370969,1.9517867],[-56.4829321,1.9541525],[-56.4956521,1.9380548],[-56.5798431,1.9059607],[-56.6215364,1.9459583],[-56.6735432,1.9127658],[-56.7164288,1.9260721],[-56.7649869,1.888445],[-56.8015176,1.8741551],[-56.8935683,1.8994047],[-56.9197951,1.930438],[-56.9592603,1.9244683],[-56.9761841,1.9030262],[-57.0007912,1.9073698],[-57.0320421,1.9469966],[-57.0712971,1.9687982],[-57.0735435,2.0024537],[-57.0867653,2.0265193],[-57.1584013,1.9918631],[-57.1791806,1.9902311],[-57.2292123,1.9535859],[-57.2529579,1.9485161],[-57.27732,1.9830715],[-57.3044062,1.9975416],[-57.3132905,1.9772738],[-57.3457093,1.9803448],[-57.3677695,1.9237949],[-57.4335208,1.9060482],[-57.4320157,1.8585502],[-57.4509881,1.8064353],[-57.5019624,1.7861582],[-57.4970403,1.7734931],[-57.5342705,1.7082552],[-57.5533214,1.692508],[-57.5761306,1.7027239],[-57.6048535,1.6930353],[-57.6294353,1.6985471],[-57.650515,1.682436],[-57.6981342,1.7138108],[-57.7923535,1.7267103],[-57.7984335,1.6971264],[-57.8195983,1.6839094],[-57.8950805,1.6743776],[-57.9136031,1.6476827],[-57.9502957,1.647666],[-57.981128,1.6594102],[-57.9786567,1.5728413],[-58.0056003,1.5168355],[-58.0272692,1.5086841],[-58.061026,1.5254018],[-58.0695482,1.5073972],[-58.0976876,1.513986],[-58.1295247,1.4989538],[-58.1496561,1.5100687],[-58.1607434,1.5601738],[-58.1895491,1.571646],[-58.2332732,1.5474707],[-58.2623564,1.5707902],[-58.3172406,1.5684948],[-58.3324767,1.5907334],[-58.3631891,1.5380737],[-58.3896397,1.5354341],[-58.3856898,1.4700439],[-58.4128764,1.4727402],[-58.4485472,1.4560754],[-58.4650766,1.4662859],[-58.5088297,1.4630001],[-58.4981622,1.4301763],[-58.505217,1.4032192],[-58.4716361,1.3742098],[-58.4710517,1.3194013],[-58.4951613,1.2949691],[-58.4963272,1.2680153],[-58.5382704,1.2677183],[-58.5596676,1.290227],[-58.5885556,1.2699497],[-58.6288346,1.2885549],[-58.6613284,1.280485],[-58.6802168,1.2962979],[-58.7104969,1.2899487],[-58.719946,1.2337833],[-58.7302207,1.2107166],[-58.7513302,1.2085319],[-58.8213323,1.1710488],[-58.8543928,1.1835071],[-58.8710552,1.2176752],[-58.8954981,1.2287814],[-58.8955003,0.0009203],[-58.8950359,-0.0109629]],[[-56.7517133,-1.6521015],[-56.7156785,-1.6415081]],[[-56.7156785,-1.6415081],[-56.682207,-1.642811],[-56.6734605,-1.649851],[-56.6567631,-1.6500452],[-56.6158747,-1.6569927],[-56.6035986,-1.6700788],[-56.5609578,-1.6774197],[-56.5486207,-1.709321],[-56.5508201,-1.765734],[-56.5142368,-1.8034081],[-56.481099,-1.8023695],[-56.4590163,-1.8485536],[-56.4361544,-1.8376705],[-56.375453,-1.866135],[-56.3447291,-1.9107259],[-56.3158988,-1.9067088],[-56.2675526,-1.9149705],[-56.2347037,-1.8998042],[-56.2012347,-1.946082],[-56.1765942,-1.9636117],[-56.1522601,-1.9546143],[-56.1502854,-1.9347792],[-56.1220117,-1.9302602],[-56.0891786,-1.9783313]],[[-56.0891786,-1.9783313],[-56.085732,-1.9715005]],[[-55.9283173,-1.9865884],[-55.9025331,-1.998657]],[[-47.1530926,-1.3652185],[-47.1775579,-1.3873537],[-47.18457,-1.3934002],[-47.1861253,-1.3923909]],[[-47.1861253,-1.3923909],[-47.1870956,-1.3940138],[-47.1930773,-1.3943911],[-47.1939528,-1.3963823]],[[-47.3245189,-1.564312],[-47.3220104,-1.5771146]],[[-47.3220104,-1.5771146],[-47.3177588,-1.5974664],[-47.3213693,-1.6031172],[-47.3281385,-1.6059017]],[[-47.3107434,-1.6117021],[-47.3057936,-1.6103003]],[[-46.9796782,-1.5965065],[-46.9756096,-1.5885253]],[[-46.9756096,-1.5885253],[-46.9773056,-1.5748734],[-46.9791906,-1.558347],[-46.9684349,-1.5208744],[-46.9785946,-1.5050847],[-47.0583915,-1.456139],[-47.0422799,-1.4312587],[-47.038034,-1.416651],[-47.0551352,-1.3826063],[-47.0694465,-1.3858225]],[[-47.0694465,-1.3858225],[-47.1530926,-1.3652185]],[[-51.1834804,-6.4672033],[-51.1460373,-6.5147294],[-51.1509838,-6.5511564],[-51.1375658,-6.5735686],[-51.1350896,-6.6140912]],[[-51.1350896,-6.6140912],[-51.1275619,-6.6210029],[-51.1239235,-6.6277635]],[[-51.1239235,-6.6277635],[-51.1246405,-6.6411892],[-51.0832282,-6.6601574],[-51.07531,-6.67924],[-51.1033997,-6.7363329],[-51.1026193,-6.8783059],[-51.170058,-6.9154504],[-51.2066514,-6.9617145],[-51.2222372,-6.9582385],[-51.2701993,-6.9797433],[-51.2779303,-6.9859037],[-51.2821185,-6.9939234],[-51.297736,-7.0024839],[-51.3023712,-7.0020868],[-51.3121435,-7.0135157],[-51.3417314,-7.0482463],[-51.354182,-7.0521279],[-51.3853746,-7.0500541],[-51.4215927,-7.0329914],[-51.4470937,-7.0072668],[-51.5408158,-7.00277],[-51.61196,-7.0100198],[-51.6690703,-6.9967538],[-51.6838755,-7.0225968]],[[-51.6838755,-7.0225968],[-51.6573158,-7.0865438],[-51.6644296,-7.1118712],[-51.6542858,-7.1519731],[-51.6580386,-7.1900211],[-51.674788,-7.2203131],[-51.700267,-7.2222482],[-51.7494846,-7.2738185],[-51.7538218,-7.3084306],[-51.7762679,-7.3240107],[-51.7619033,-7.3478764],[-51.7654318,-7.3703563],[-51.7998779,-7.4155447],[-51.8192355,-7.4527275],[-51.8186254,-7.4824081],[-51.8387945,-7.4916255],[-51.8670708,-7.5303211],[-51.8833465,-7.5893573],[-51.8739025,-7.6555312],[-51.8870452,-7.6776439],[-51.8824828,-7.702056],[-51.9369888,-7.7242819],[-51.9623163,-7.7708529],[-51.9985987,-7.742406],[-52.038186,-7.7291239],[-52.1034644,-7.7670434],[-52.1456236,-7.8135842],[-52.1485405,-7.8390483],[-52.130722,-7.86684],[-52.1665187,-7.8829878],[-52.1729635,-7.9104648],[-52.1658532,-7.9740604],[-52.1444286,-7.9839811],[-52.1529058,-8.0230977],[-52.1482427,-8.0589741],[-52.1275212,-8.0592605],[-52.1372079,-8.0975876],[-52.1187679,-8.1797911],[-52.072407,-8.2151096],[-52.083295,-8.2777191],[-52.0779375,-8.3135889],[-52.0326566,-8.3373266],[-52.0240717,-8.3602732],[-52.0251264,-8.4065567],[-51.9971315,-8.4243464],[-51.9549623,-8.420831],[-51.9379028,-8.4408473],[-51.8886566,-8.4257656],[-51.8558179,-8.4263016],[-51.8140678,-8.4050642],[-51.781713,-8.3796813]],[[-51.1442079,-7.786594],[-51.1365139,-7.7703304],[-51.136644,-7.767063],[-51.1832519,-7.7330535]],[[-51.2023992,-7.5696512],[-51.1935063,-7.5663879],[-51.1872035,-7.5597191],[-51.1852639,-7.5546056],[-51.1841462,-7.5381574],[-51.1866191,-7.52719],[-51.1896767,-7.5237414]],[[-50.9810644,-7.3764771],[-50.9741197,-7.3734152],[-50.9674241,-7.3725021]],[[-51.0382259,-6.4813703],[-51.0368964,-6.4751142]],[[-51.0368964,-6.4751142],[-51.0468272,-6.4774512],[-51.0695617,-6.490666],[-51.1468466,-6.4830252],[-51.162504,-6.4710003],[-51.1834804,-6.4672033]],[[-51.0301704,-3.1057105],[-51.0512295,-3.1094256],[-51.0726148,-3.1051772],[-51.082616,-3.1064974],[-51.0902285,-3.1127874],[-51.1006131,-3.1278731]],[[-51.1006131,-3.1278731],[-51.1142822,-3.1364651]],[[-51.1142822,-3.1364651],[-51.1466956,-3.1160276]],[[-50.1085,-4.0779777],[-50.1010553,-4.0754452]],[[-50.1010553,-4.0754452],[-50.0969957,-4.0639833],[-50.1072726,-4.0315311],[-50.1308045,-4.0273585],[-50.1234722,-3.9878647],[-50.0878081,-3.9580927],[-50.0710036,-3.9605944],[-50.0557798,-3.9219585],[-50.0178082,-3.9049885],[-50.0056698,-3.8844143],[-50.0126929,-3.8594047],[-49.9826647,-3.8480039],[-49.9673621,-3.8244923],[-49.973079,-3.7974559],[-49.9575222,-3.7914087],[-49.9579995,-3.7876952],[-49.9679385,-3.7776109],[-49.9723037,-3.7721996],[-49.9779683,-3.7563017],[-49.9980018,-3.7137669],[-49.968664,-3.6641232]],[[-49.968664,-3.6641232],[-49.9629465,-3.6586569],[-49.9434158,-3.6516858],[-49.9364983,-3.6506622]],[[-49.9085802,-3.3256747],[-49.9694145,-3.3196288],[-50.0064121,-3.3315883],[-50.0697464,-3.3007963],[-50.0795869,-3.2832868],[-50.1131651,-3.2696117],[-50.1566953,-3.300461],[-50.192782,-3.2732201],[-50.2096334,-3.2375485],[-50.2484452,-3.243372],[-50.2553021,-3.2742853],[-50.2826455,-3.3015075],[-50.3214412,-3.3218163],[-50.3292248,-3.3511049],[-50.356006,-3.3654648],[-50.3629166,-3.3844283],[-50.4229672,-3.4130844],[-50.4365858,-3.3954072],[-50.4756658,-3.3987822],[-50.4956141,-3.4289512],[-50.4859221,-3.4583254],[-50.8089506,-3.4950388],[-50.8121447,-3.42505],[-50.8409476,-3.3683462],[-50.8343642,-3.3336293],[-50.8468098,-3.2961571],[-50.9362041,-3.2311797],[-50.93484,-3.2149921],[-50.9658109,-3.1894817],[-50.9749246,-3.1586755],[-50.9727286,-3.1246481],[-51.0125594,-3.126641],[-51.0301704,-3.1057105]],[[-48.5287669,-6.0277778],[-48.5327364,-6.0444538]],[[-48.5327364,-6.0444538],[-48.505182,-6.0616059],[-48.4830984,-6.0939254],[-48.4398488,-6.1177147],[-48.3971808,-6.1287219],[-48.3912929,-6.1467035]],[[-48.3912929,-6.1467035],[-48.3654883,-6.1473739],[-48.3245162,-6.1327193],[-48.2880473,-6.0975637],[-48.2831587,-6.0815576],[-48.2984849,-6.0501309],[-48.3351601,-6.0357197],[-48.3347163,-6.0042748],[-48.2919557,-5.9685142],[-48.2519581,-5.9603733],[-48.2316293,-5.9461389],[-48.2301253,-5.9225184],[-48.2919698,-5.8368374],[-48.3000139,-5.7887008],[-48.2902384,-5.7435391],[-48.27571,-5.7265134],[-48.2306488,-5.7292609],[-48.172277,-5.7086479]],[[-47.05728,-2.6188386],[-47.3897575,-2.8878127],[-47.3920818,-2.8910567]],[[-48.8821267,-3.5631887],[-48.8763792,-3.5740044]],[[-48.3887427,-3.837308],[-48.3866231,-3.8351332]],[[-48.0425131,-3.8171336],[-48.0323734,-3.82223]],[[-48.0323734,-3.82223],[-48.0306262,-3.8150447],[-48.0334549,-3.8095856],[-48.0208686,-3.7965474],[-47.9508947,-3.731505],[-47.9213393,-3.7389033],[-47.8824093,-3.7317589],[-47.8608437,-3.7022399],[-47.8208227,-3.6815706],[-47.7367903,-3.6992437],[-47.6821888,-3.6393275],[-47.6624863,-3.6009078],[-47.6599316,-3.5839199],[-47.6357297,-3.5733156],[-47.5943858,-3.5732662],[-47.4935971,-3.5443506],[-47.4415331,-3.5220871],[-47.3526456,-3.4729412],[-47.3376198,-3.4503322],[-47.2735608,-3.454113],[-47.25434,-3.4513537],[-47.2195909,-3.4559919],[-47.2053143,-3.4673679],[-47.2007044,-3.5170807],[-47.2278954,-3.5244893],[-47.2283669,-3.5264756],[-47.2145755,-3.5400761],[-47.1736968,-3.5841277],[-47.1537848,-3.6226275],[-47.0938977,-3.6218586],[-47.0542301,-3.5693884],[-47.0466955,-3.5683244],[-47.0382526,-3.5642982]],[[-47.0382526,-3.5642982],[-47.0184659,-3.5655395],[-47.0040617,-3.5426413],[-46.9688798,-3.5144028],[-46.9824151,-3.496162],[-46.9484548,-3.476799],[-46.9535366,-3.4318284],[-46.9403434,-3.4149518],[-46.92974,-3.3738319],[-46.8848342,-3.3351737],[-46.8586432,-3.3429786],[-46.8460364,-3.319271],[-46.8148613,-3.3114659],[-46.802059,-3.2659998],[-46.7791907,-3.2421684],[-46.7715436,-3.2040662],[-46.7226309,-3.159132],[-46.7496037,-3.1244909],[-46.6886218,-3.0929714],[-46.6731808,-3.0673062],[-46.6773342,-3.0342723],[-46.6684899,-2.9927955],[-46.6474296,-2.9698118],[-46.6730342,-2.9450709],[-46.6539285,-2.9310654],[-46.680828,-2.883143],[-46.639416,-2.8835578],[-46.6400023,-2.8509089],[-46.6109773,-2.8552524],[-46.5989568,-2.79698],[-46.6252943,-2.8065459],[-46.6313534,-2.7708688],[-46.6696138,-2.7346049],[-46.6648251,-2.6951673],[-46.6380966,-2.6872113],[-46.6060909,-2.6394741],[-46.5673419,-2.626783],[-46.5068486,-2.616874],[-46.5094384,-2.5906125],[-46.4735724,-2.5465816],[-46.4193336,-2.5324251],[-46.4358496,-2.4709154]],[[-51.1487768,-6.2166843],[-51.16051,-6.2661898],[-51.1909234,-6.2688019],[-51.1989777,-6.2867834],[-51.1821422,-6.3202402],[-51.1572347,-6.3298221],[-51.1522658,-6.3501992],[-51.1432071,-6.3808477],[-51.1432047,-6.4298484],[-51.1576713,-6.4538367],[-51.1834804,-6.4672033]],[[-51.0368964,-6.4751142],[-51.0368706,-6.4705445]],[[-50.4845862,-6.5147633],[-50.4824528,-6.5137935]],[[-49.8232482,-6.2486435],[-49.8251044,-6.2454428]],[[-50.4501144,-7.7149408],[-50.4297794,-7.7335378],[-50.4132937,-7.7404294],[-50.3913052,-7.7622122],[-50.3427554,-7.7771133],[-50.3460564,-7.7916491],[-50.3148655,-7.8207678],[-50.293757,-7.8658672],[-50.2399713,-7.8852329],[-50.1812275,-7.8482306],[-50.1355634,-7.8382052],[-50.1140538,-7.8119056],[-50.0702273,-7.8337149],[-50.0338086,-7.8423551],[-50.0256378,-7.8637716],[-49.9989434,-7.8625454],[-49.9789729,-7.8937393],[-49.933086,-7.9213581],[-49.9266164,-7.9419065],[-49.8762832,-7.9506954],[-49.8751715,-7.9572866],[-49.8689998,-7.9549516],[-49.8579421,-7.9649712],[-49.8589981,-7.9717912]],[[-49.8589981,-7.9717912],[-49.8564407,-7.9727307]],[[-49.8281381,-7.7000537],[-49.8543828,-7.6734396],[-49.8633335,-7.6759869],[-49.9003277,-7.6545027],[-49.9541914,-7.6600517],[-49.9730813,-7.6424128],[-50.0285548,-7.6558074],[-50.0400321,-7.6466119],[-50.0679248,-7.6750061],[-50.0896145,-7.6837199],[-50.1246388,-7.6607858],[-50.1478312,-7.6589994],[-50.1549169,-7.6531971],[-50.1550573,-7.6142027],[-50.2104984,-7.5795519],[-50.2321121,-7.5514505],[-50.2789179,-7.5235689],[-50.295284,-7.5147988],[-50.32081,-7.5069546],[-50.3477003,-7.4843459]],[[-47.2226417,-0.9725702],[-47.2246988,-0.9637546]],[[-47.2246988,-0.9637546],[-47.2943953,-0.9690039]],[[-47.2054807,-1.22486],[-47.1999579,-1.205409]],[[-47.2156222,-1.0008011],[-47.2226417,-0.9725702]],[[-49.193108,-6.2670405],[-49.2026001,-6.2629547]],[[-49.4112773,-6.4452729],[-49.1246921,-6.8218983],[-49.0834133,-6.843251]],[[-49.0834133,-6.843251],[-49.0437712,-6.8157714],[-49.0188835,-6.7842105],[-48.9637126,-6.7794597],[-48.913853,-6.7573695],[-48.8511291,-6.7486772],[-48.8258553,-6.7546541],[-48.7690982,-6.7307016],[-48.7444027,-6.6985804],[-48.6709127,-6.6690044],[-48.6519604,-6.6399512],[-48.6643572,-6.5705715],[-48.6462681,-6.5088892],[-48.6260795,-6.4785098]],[[-48.6260795,-6.4785098],[-48.7498532,-6.3784564],[-48.7961088,-6.3790712],[-48.816718,-6.3613957],[-48.8561861,-6.350627],[-48.8731267,-6.3322621],[-48.8895068,-6.3076606],[-48.9560172,-6.3112013],[-48.9625206,-6.3345246],[-48.9524949,-6.3607615],[-48.9408317,-6.4061794],[-48.9456583,-6.4288382],[-49.000269,-6.3854408],[-49.0508543,-6.376837],[-49.0552476,-6.3495572],[-49.0803738,-6.3242767],[-49.1065497,-6.3178137],[-49.1618571,-6.266765],[-49.1739918,-6.2652544],[-49.193108,-6.2670405]],[[-54.8279321,-3.555552],[-54.8498598,-3.5594989]],[[-54.9439253,-3.8091459],[-54.9410336,-3.8067086]],[[-54.9410336,-3.8067086],[-54.9405348,-3.795921],[-54.9029187,-3.7570047],[-54.9087853,-3.7287861],[-54.9018932,-3.7242811],[-54.8538107,-3.7300982],[-54.8223084,-3.7740852],[-54.7551933,-3.7824121],[-54.7348645,-3.7707095],[-54.6997516,-3.790598],[-54.6989246,-3.8122658],[-54.7170018,-3.8449146],[-54.7600331,-3.8610742],[-54.7468402,-3.8866835],[-54.7718292,-3.9142993],[-54.775918,-3.941686],[-54.7506406,-3.9592717],[-54.7611917,-3.9892487],[-54.740805,-4.0375373],[-54.762893,-4.0438022],[-54.785198,-4.0516487],[-54.7876982,-4.0575148],[-54.7784753,-4.0656809],[-54.7876987,-4.131657],[-54.8129214,-4.1372378],[-54.8160901,-4.1444612],[-54.8184486,-4.1781414],[-54.7951191,-4.2017135],[-54.7953953,-4.2261303],[-54.826506,-4.2343986],[-54.8477275,-4.2587544],[-54.8580283,-4.3123026],[-54.8756732,-4.3405067],[-54.8492023,-4.377204],[-54.8364215,-4.3964602],[-54.8418688,-4.4102362]],[[-54.100058,-4.2319212],[-54.1108273,-4.2122417],[-54.0848941,-4.1851768],[-54.0920242,-4.1553415],[-54.0858287,-4.0993238],[-54.0504697,-4.0799734],[-54.0783332,-4.0645524],[-54.099225,-4.0532071],[-54.1257521,-4.0377847],[-54.1374401,-4.0321109],[-54.1350825,-3.9880779],[-54.1101913,-3.9739569],[-54.1178355,-3.9044719],[-54.11578,-3.8119729],[-54.1476718,-3.8371183],[-54.16925,-3.8242348],[-54.1526401,-3.7774561],[-54.1893568,-3.7547032],[-54.2074183,-3.7280205],[-54.2543623,-3.6928824],[-54.2536063,-3.6616535],[-54.2327726,-3.6477669],[-54.2185478,-3.6364854],[-54.2447804,-3.6114261],[-54.2692772,-3.5678007],[-54.263,-3.4903713],[-54.2756648,-3.4667267],[-54.2579931,-3.449034],[-54.2982518,-3.4318562]],[[-54.2982518,-3.4318562],[-54.2953611,-3.4255992],[-54.2875295,-3.4175241],[-54.2859826,-3.4023752]],[[-49.5233317,-0.9682662],[-49.5243426,-0.9708171]],[[-48.9476068,-1.5509606],[-48.9067721,-1.537466]],[[-48.8418518,-1.5238237],[-48.8276801,-1.5163681]],[[-48.7606569,-1.4525419],[-48.7399386,-1.400042],[-48.7219376,-1.3604387],[-48.7022969,-1.3223659]],[[-49.1918844,-0.7404333],[-49.1938845,-0.7442934]],[[-49.1938845,-0.7442934],[-49.2137684,-0.7327959],[-49.2494634,-0.7676349],[-49.2790505,-0.7543629],[-49.2990468,-0.7719063],[-49.3180196,-0.7549631],[-49.3206145,-0.7254865],[-49.3624996,-0.738335]],[[-49.3624996,-0.738335],[-49.4862762,-0.6687112]],[[-51.2719232,-1.7567061],[-51.2900601,-1.7489819],[-51.3049543,-1.7481191],[-51.3188114,-1.7547869],[-51.3456705,-1.7767254]],[[-51.8746497,-1.9445703],[-51.9058446,-2.0034466],[-51.9163413,-2.0742372],[-51.9396251,-2.1077363],[-51.9396195,-2.2570928],[-51.9217851,-2.2814879],[-51.9205427,-2.3315481],[-51.8664515,-2.3643109],[-51.8616248,-2.3868433],[-51.8817656,-2.4326507],[-51.8753413,-2.4578573],[-51.848376,-2.5084076],[-51.848233,-2.5243489]],[[-51.848233,-2.5243489],[-51.8575374,-2.5691916]],[[-51.8575374,-2.5691916],[-51.8566184,-2.5911956],[-51.8338734,-2.6574427],[-51.8201496,-2.6975679],[-51.7979008,-2.7278109],[-51.7726251,-2.7924984],[-51.7482858,-2.845507]],[[-51.1542221,-3.1112817],[-51.1142822,-3.1364651]],[[-51.1006131,-3.1278731],[-51.086917,-3.1091466],[-51.077311,-3.1051098],[-51.0301704,-3.1057105]],[[-49.9675008,-3.1669554],[-49.9708827,-3.1625491]],[[-52.251873,-1.5040647],[-52.2632644,-1.5103391]],[[-52.9933272,-1.7374229],[-52.999767,-1.7433762]],[[-52.999767,-1.7433762],[-52.9987994,-1.7715341],[-53.0292418,-1.7833344],[-53.0456823,-1.8338989],[-53.0541305,-1.8632324],[-53.0734651,-1.8960415],[-53.1165516,-1.9182002],[-53.1381878,-1.9505142],[-53.1761566,-1.9795621],[-53.2180825,-1.9949471],[-53.2377972,-1.9871787],[-53.2634367,-1.9756065],[-53.2876314,-1.9811685],[-53.3011834,-1.9875414],[-53.3596302,-2.0254493],[-53.3454077,-2.0531704],[-53.3050433,-2.0815589],[-53.2766898,-2.0878761],[-53.2722406,-2.1447473],[-53.2502671,-2.1717412],[-53.2256999,-2.3652942],[-53.2710223,-2.4049428],[-53.293831,-2.4496085],[-53.3254667,-2.4536969],[-53.3842709,-2.504984],[-52.9667661,-2.6570335],[-52.9982678,-2.6682728]],[[-52.9982678,-2.6682728],[-53.0015295,-2.6716156]],[[-53.0015295,-2.6716156],[-52.9893541,-2.6814217]],[[-52.9893541,-2.6814217],[-52.960184,-2.6873929],[-52.906015,-2.714112]],[[-52.7890506,-2.7585303],[-52.7629845,-2.7438373],[-52.73827,-2.7358478],[-52.6839911,-2.722911]],[[-52.6232012,-2.7164247],[-52.568456,-2.7231774],[-52.5544851,-2.7260808],[-52.5374847,-2.7367534]],[[-52.3799077,-2.7737265],[-52.3328508,-2.7822567],[-52.3050392,-2.7968998],[-52.2940916,-2.8046027],[-52.2902374,-2.808503]],[[-52.2902374,-2.808503],[-52.2764871,-2.8302152]],[[-52.2764871,-2.8302152],[-52.2619307,-2.8159366],[-52.2497062,-2.8110451],[-52.2341087,-2.8099567],[-52.1989598,-2.8138881]],[[-52.1989598,-2.8138881],[-52.1270877,-2.8040118],[-52.1048782,-2.7944664],[-52.0438539,-2.7925059]],[[-52.0438539,-2.7925059],[-52.0617092,-2.766686]],[[-52.0617092,-2.766686],[-52.0649835,-2.7378455],[-52.0549304,-2.686244],[-52.0024288,-2.6305904],[-51.9888121,-2.5756593],[-51.9573968,-2.5221027],[-51.9282357,-2.4944736],[-51.9020133,-2.5069388],[-51.8722365,-2.5492782],[-51.854453,-2.5524757]],[[-51.854453,-2.5524757],[-51.848233,-2.5243489]],[[-51.9665925,-1.8346304],[-51.9635253,-1.8255728]],[[-54.2659158,-2.4154129],[-54.2521625,-2.451575],[-54.2346654,-2.4673039],[-54.2266944,-2.4771726],[-54.2263256,-2.4818491],[-54.23097,-2.5038167],[-54.24055,-2.5249676],[-54.2540034,-2.5742726],[-54.2400248,-2.5968406],[-54.1831888,-2.6289382],[-54.1852776,-2.6520883],[-54.1484151,-2.7015576],[-54.158858,-2.7228989],[-54.111613,-2.7546035],[-54.1122156,-2.8864972]],[[-54.1122156,-2.8864972],[-53.8554122,-2.8874675]],[[-53.0105812,-2.6779118],[-52.9982678,-2.6682728]],[[-52.999767,-1.7433762],[-53.0185423,-1.7574378]],[[-47.0839389,-0.8320025],[-47.0934191,-0.840656]],[[-47.0934191,-0.840656],[-47.1185931,-0.8939207],[-47.1338381,-0.8999192],[-47.1884802,-0.895317],[-47.2193099,-0.9025477],[-47.2309759,-0.9093785],[-47.2427815,-0.9188494]],[[-47.2427815,-0.9188494],[-47.2246988,-0.9637546]],[[-47.2226417,-0.9725702],[-47.198988,-1.0021748]],[[-47.0170305,-1.0164898],[-47.0125279,-1.0133455]],[[-47.0125279,-1.0133455],[-47.0324757,-0.9908384],[-47.0754252,-0.976169],[-47.0809561,-0.9513728],[-47.0724227,-0.9318553],[-47.0747049,-0.9184022],[-47.0758409,-0.9069542],[-47.0735878,-0.9016818],[-47.082894,-0.8583516],[-47.0839389,-0.8320025]],[[-46.9533331,-0.858043],[-46.936802,-0.8537116],[-46.9422472,-0.8074709],[-46.9702914,-0.7674795],[-46.946944,-0.7287346],[-46.9738813,-0.7042078],[-46.989143,-0.7184881],[-47.0026589,-0.7607985],[-47.0314339,-0.7679175],[-47.0360541,-0.7923371],[-47.0640628,-0.7967966]],[[-47.0640628,-0.7967966],[-47.0674337,-0.813269]],[[-47.0674337,-0.813269],[-47.0839389,-0.8320025]],[[-47.0125279,-1.0133455],[-46.9936331,-1.0055152]],[[-46.9936331,-1.0055152],[-46.9918395,-0.9989068],[-46.9978081,-0.9903543],[-46.9958361,-0.9834663],[-46.9995122,-0.9797444],[-46.9956514,-0.9483312],[-47.0068085,-0.9150854],[-46.9832449,-0.8999454],[-46.9594699,-0.8629155],[-46.9533331,-0.858043]],[[-50.5093408,-7.7561012],[-50.5110358,-7.7650425],[-50.5131502,-7.7680925]],[[-50.5996206,-8.1913124],[-50.5985901,-8.209818],[-50.5263957,-8.1783697],[-50.4786221,-8.1805285],[-50.4619182,-8.203724],[-50.4312583,-8.2172281],[-50.4036999,-8.2004671],[-50.3565304,-8.1898353],[-50.3280297,-8.1952735],[-50.292448,-8.2378308],[-50.273204,-8.2447734],[-50.2536403,-8.2816345],[-50.2329258,-8.2911037],[-50.2144447,-8.3452772],[-50.1874751,-8.3603296],[-50.1630063,-8.3463815],[-50.0916386,-8.3715325],[-50.0700596,-8.3604113],[-50.0381146,-8.3884483],[-49.9960583,-8.3961359],[-49.948479,-8.3768954],[-49.920112,-8.3944199],[-49.8813582,-8.3856289],[-49.8671373,-8.3575735],[-49.8431394,-8.343008],[-49.8385046,-8.3366562],[-49.8322257,-8.3353649]],[[-49.8322257,-8.3353649],[-49.8267806,-8.3318157]],[[-49.8268988,-7.9680311],[-49.8374147,-7.9749856]],[[-49.8497227,-7.9759024],[-49.8589981,-7.9717912]],[[-49.193796,-7.1298147],[-49.1935253,-7.0407019]],[[-49.1935253,-7.0407019],[-49.9876913,-7.1845416],[-50.3763927,-7.2527896]],[[-48.3846229,-4.0324519],[-48.3879051,-4.0174153]],[[-49.0170244,-4.3682842],[-49.0156856,-4.3794261]],[[-49.0004656,-4.8329918],[-48.9533295,-4.9201821]],[[-48.9533295,-4.9201821],[-48.9315746,-4.9461626]],[[-48.1946307,-4.9110163],[-47.816153,-4.6147285]],[[-54.9410336,-3.8067086],[-54.9557522,-3.8146223]],[[-55.1466024,-3.8660804],[-55.1456436,-3.8674506]],[[-55.5379555,-4.5707656],[-55.5296095,-4.5982034],[-55.5229213,-4.6077576],[-55.5085108,-4.6179629]],[[-47.262638,-0.6567772],[-47.2827765,-0.6380016],[-47.2863682,-0.6029552],[-47.3213679,-0.5912953],[-47.3842549,-0.6024933],[-47.3952975,-0.6538016],[-47.4215391,-0.6661309]],[[-47.3772563,-0.8225951],[-47.349429,-0.709343]],[[-47.349429,-0.709343],[-47.3189524,-0.7122004],[-47.2780097,-0.6822658],[-47.262638,-0.6567772]],[[-48.5061068,-0.7508911],[-48.55385,-0.7058241],[-48.5724976,-0.6805377],[-48.5983804,-0.6817369],[-48.6220968,-0.6645825],[-48.6538785,-0.6572371],[-48.6811007,-0.6677531],[-48.8239867,-0.6499195],[-48.9620449,-0.651489]],[[-48.4095658,-0.9057518],[-48.4747161,-0.8739021],[-48.5060619,-0.810438],[-48.5061068,-0.7508911]],[[-48.1374907,-1.1999257],[-48.1686035,-1.153871],[-48.2166024,-1.1445045],[-48.223956,-1.1107303],[-48.2417068,-1.0890691],[-48.2767347,-1.1089884],[-48.3018165,-1.1063516]],[[-48.3018165,-1.1063516],[-48.2986291,-1.114556]],[[-48.2232648,-1.2773409],[-48.2249572,-1.2638292],[-48.2181831,-1.2553096],[-48.20741,-1.257177]],[[-48.20741,-1.257177],[-48.2031837,-1.236533]],[[-48.2031837,-1.236533],[-48.1374907,-1.1999257]],[[-49.4892631,-0.6670218],[-49.3624996,-0.738335]],[[-49.1938845,-0.7442934],[-49.1898624,-0.7315743]],[[-48.0769831,-1.2048147],[-48.1067077,-1.1952627],[-48.1374907,-1.1999257]],[[-48.2031837,-1.236533],[-48.2316823,-1.3748646]],[[-48.2549016,-1.4442732],[-48.2602893,-1.4667393]],[[-48.1800116,-1.5298734],[-48.164541,-1.5383423],[-48.1398706,-1.5461482],[-48.1239802,-1.5469949],[-48.1015422,-1.5397261]],[[-48.0004312,-1.4360056],[-47.9861461,-1.4222326]],[[-48.0360432,-1.2084302],[-48.0583177,-1.2103743],[-48.0681493,-1.2095458],[-48.0769831,-1.2048147]],[[-46.9966571,-1.3109147],[-46.9971227,-1.3121431]],[[-46.9971227,-1.3121431],[-47.0206673,-1.3311416],[-47.0809386,-1.2962805],[-47.1341432,-1.3129256],[-47.1552694,-1.3593801]],[[-47.1552694,-1.3593801],[-47.0694465,-1.3858225]],[[-46.9756096,-1.5885253],[-46.9815494,-1.6013035]],[[-47.006276,-1.8504762],[-47.0148107,-1.8576007]],[[-46.922362,-2.1540243],[-46.8903134,-2.1553454]],[[-46.857841,-1.9142573],[-46.840451,-1.8830666]],[[-46.840451,-1.8830666],[-46.832862,-1.8649026],[-46.8372941,-1.823722],[-46.8376244,-1.8117908],[-46.8342072,-1.804737],[-46.8419131,-1.7748037],[-46.8483339,-1.7204004],[-46.7930577,-1.7163401],[-46.8021918,-1.6642847],[-46.7903279,-1.6209252],[-46.7954209,-1.5912654],[-46.8055052,-1.5479757]],[[-46.8055052,-1.5479757],[-46.8311663,-1.546878]],[[-51.0270928,-8.7315945],[-50.9585094,-8.7129739],[-50.9440338,-8.7318384],[-50.9471995,-8.7561175],[-50.9005133,-8.7472512],[-50.8865394,-8.7587659],[-50.9020332,-8.8059093],[-50.8790604,-8.8785968],[-50.876402,-8.9538665],[-50.8652318,-8.9956314],[-50.8443392,-8.995671],[-50.8402552,-8.9674017],[-50.8172329,-8.9711679],[-50.7937875,-8.9526306],[-50.7585609,-8.9670765],[-50.7332814,-8.9615995],[-50.6939269,-8.9833939],[-50.6822271,-8.9628791],[-50.6822295,-8.9295143],[-50.63206,-8.9201703],[-50.5990601,-8.928049],[-50.5780646,-8.958176],[-50.5200344,-8.9729802],[-50.4402583,-8.9629531],[-50.3822855,-8.9712076],[-50.3340425,-8.9670866],[-50.303199,-8.9384101],[-50.2728347,-8.9385752],[-50.2553399,-8.9215893],[-50.2098904,-8.9377951],[-50.1430047,-8.9796112],[-50.1168342,-8.9774349],[-50.0784228,-8.9916732],[-50.0581712,-9.0183667],[-50.0351408,-9.0301732],[-50.0018895,-9.073358],[-49.9751693,-9.0809473],[-49.9589158,-9.1091938],[-49.8786396,-9.0952809]],[[-49.8786396,-9.0952809],[-49.8516138,-9.0654349],[-49.8425897,-9.0273259],[-49.7936636,-8.9794338],[-49.7676841,-8.9336881],[-49.6843583,-8.8564749],[-49.5924113,-8.8394912],[-49.5434457,-8.761395],[-49.4876063,-8.6885047],[-49.4817775,-8.6737311]],[[-49.8234985,-8.3305385],[-49.8322257,-8.3353649]],[[-47.4928109,-1.2443329],[-47.4959551,-1.2368989]],[[-47.6258995,-1.3519948],[-47.6385627,-1.3749752],[-47.6425954,-1.3787169]],[[-47.6530657,-1.4311299],[-47.4186232,-1.495393]],[[-47.4270333,-1.3829016],[-47.4303162,-1.3458038]],[[-51.0835368,-8.9374491],[-51.0819607,-8.9515158],[-51.0769295,-8.9619603],[-51.0632302,-8.9751254],[-51.0554826,-8.980583]],[[-51.2853967,-9.698891],[-51.3042873,-9.77286]],[[-51.3042873,-9.77286],[-50.8428938,-9.8008231],[-50.2248064,-9.8411535],[-50.2037848,-9.7909143],[-50.1978964,-9.7588349],[-50.1510053,-9.6956082],[-50.1390049,-9.6274599],[-50.1073697,-9.5942802],[-50.1073321,-9.5725075],[-50.0895623,-9.5456929],[-50.1053376,-9.4754105],[-50.0901168,-9.4315957],[-50.0528335,-9.372673],[-50.055468,-9.3346989],[-50.0377849,-9.2894054],[-50.0050057,-9.2687597],[-49.9969316,-9.2376524],[-49.9661483,-9.2308641],[-49.943475,-9.2008857],[-49.9054199,-9.1697448],[-49.8786396,-9.0952809]],[[-55.2959506,-3.2398475],[-55.2338697,-3.2419207]],[[-54.8324381,-2.6551115],[-54.7763882,-2.6611118]],[[-54.623349,-2.6254821],[-54.6124603,-2.6409605],[-54.6005123,-2.653357],[-54.5653462,-2.6727175]],[[-54.4974396,-2.7582364],[-54.4823256,-2.7779468],[-54.4763565,-2.7835735],[-54.4661096,-2.787102],[-54.4573575,-2.7865711],[-54.4425333,-2.7828606]],[[-54.2489288,-3.2665215],[-54.239419,-3.2630519]],[[-54.239419,-3.2630519],[-54.1926648,-3.1982987],[-54.149054,-3.1853007],[-54.1140813,-3.1724084],[-54.0997484,-3.1634198],[-54.1029482,-3.1322549],[-54.0699766,-3.1143679],[-54.050703,-3.0825415],[-54.0460494,-2.9987685],[-54.0866601,-2.9646441],[-54.09897,-2.9350682],[-54.1030241,-2.8865334]],[[-54.1030241,-2.8865334],[-54.1122156,-2.8864972]],[[-54.5205821,-2.1082615],[-54.5363071,-2.0954229],[-54.5514154,-2.088553],[-54.6012491,-2.0786414],[-54.6161429,-2.0781103]],[[-47.2427815,-0.9188494],[-47.2759563,-0.9164142],[-47.263614,-0.8860137],[-47.2941466,-0.8429008],[-47.3335066,-0.8421239],[-47.3583702,-0.8552995],[-47.3811394,-0.8365276]],[[-47.4128974,-0.9766499],[-47.4064499,-0.9744892]],[[-47.4029245,-0.9771756],[-47.2246988,-0.9637546]],[[-48.2912585,-1.0169457],[-48.3021839,-1.0188989],[-48.309947,-1.018304],[-48.4392958,-0.9824776]],[[-48.4504341,-1.0001295],[-48.4694837,-1.0194267]],[[-48.3159052,-1.0823356],[-48.3018165,-1.1063516]],[[-48.0769831,-1.2048147],[-48.0651292,-1.210024],[-47.9691667,-1.2025779]],[[-47.9691667,-1.2025779],[-48.1115421,-1.0154478]],[[-48.1115421,-1.0154478],[-48.1278765,-1.0329643],[-48.1767647,-1.0260169],[-48.1988682,-1.0132764],[-48.2086551,-1.0138023],[-48.2138255,-1.0068457]],[[-48.2138255,-1.0068457],[-48.2197581,-1.0098614]],[[-47.977011,-0.6861855],[-48.0196956,-0.6865582],[-48.0494838,-0.6593102],[-48.1416321,-0.7542149]],[[-48.1416321,-0.7542149],[-48.1182907,-0.7701121],[-48.1100182,-0.7569298],[-48.0745175,-0.7758587],[-48.0611947,-0.7971213],[-48.0685647,-0.9061594],[-48.0721138,-1.0649971],[-47.9430645,-1.0387919]],[[-47.9430645,-1.0387919],[-47.9194544,-0.9731157]],[[-47.9194544,-0.9731157],[-47.9878132,-0.9452206],[-48.0038194,-0.9248765],[-48.0066237,-0.8708046],[-48.0197373,-0.8615603],[-48.0110062,-0.8301908],[-48.02934,-0.7892286],[-48.0039857,-0.7660322],[-48.0006803,-0.7642359],[-47.9839858,-0.760732],[-47.9773693,-0.7625224],[-47.9768144,-0.7738096],[-47.9518984,-0.7767689]],[[-48.7312097,-5.8600505],[-48.7269398,-5.8646923],[-48.6848557,-5.8905102],[-48.6327727,-5.8756343],[-48.6232675,-5.8874904]],[[-48.4624693,-5.6050767],[-48.4616623,-5.6008817]],[[-48.4616623,-5.6008817],[-48.5581545,-5.5591726],[-48.5796813,-5.5374275],[-48.6145721,-5.5444428],[-48.6576846,-5.5356728],[-48.7283242,-5.4928433],[-48.7988,-5.4730192],[-48.8527734,-5.480385],[-48.9446575,-5.5528569]],[[-47.8850884,-1.7608011],[-47.8944995,-1.7803939]],[[-47.9885664,-2.0966271],[-47.9894441,-2.1019234]],[[-47.9894441,-2.1019234],[-47.9860767,-2.1298427],[-47.9828439,-2.1405003],[-47.9805175,-2.1850319],[-47.9644533,-2.2209424]],[[-47.9644533,-2.2209424],[-47.9580867,-2.2220441]],[[-47.5870119,-2.0002743],[-47.5875078,-1.99295]],[[-47.5938101,-1.895246],[-47.5882086,-1.870056]],[[-47.6202539,-1.6319065],[-47.628633,-1.6364958],[-47.6388842,-1.6314425],[-47.639494,-1.6416288],[-47.6591374,-1.6492122],[-47.6796161,-1.6401957],[-47.7172129,-1.6462949],[-47.7443638,-1.6681702],[-47.7704721,-1.672966],[-47.7823528,-1.653917],[-47.8240899,-1.6288695],[-47.8577026,-1.6292657]],[[-50.9272346,-5.1514518],[-51.5004566,-5.150155],[-52.0510747,-5.1514007]],[[-53.1332474,-9.6351519],[-53.1333882,-9.6453296],[-52.0003209,-9.7258355],[-51.3042873,-9.77286]],[[-51.6838755,-7.0225968],[-51.7027603,-6.9973873],[-51.7145438,-6.9862064],[-51.7435993,-6.9624988],[-51.7247912,-6.9330337],[-51.690239,-6.9301294],[-51.686571,-6.9030945],[-51.7252396,-6.899846],[-51.6942651,-6.868767],[-51.7201567,-6.8445042],[-51.7310099,-6.7987716],[-51.7035123,-6.7962748],[-51.6658204,-6.8067743],[-51.6008674,-6.7532027],[-51.5885959,-6.7070718],[-51.5495384,-6.6712279],[-51.5061258,-6.6463176],[-51.4418973,-6.6378148],[-51.4167637,-6.6191921],[-51.3527356,-6.5905631],[-51.3325613,-6.5821248],[-51.2946484,-6.5770084],[-51.2874036,-6.5841872],[-51.2762046,-6.60268],[-51.2368676,-6.6208136],[-51.1774209,-6.6154348],[-51.1548172,-6.6289005],[-51.1389234,-6.6282935],[-51.1327317,-6.6279237],[-51.1252575,-6.6238444]],[[-51.1252575,-6.6238444],[-51.1350896,-6.6140912]],[[-50.7202039,-5.1746578],[-50.7532164,-5.1758856]],[[-47.7740121,-1.0594152],[-47.7848681,-1.0621961]],[[-47.7848681,-1.0621961],[-47.8111985,-1.0656968]],[[-47.8111985,-1.0656968],[-47.8125282,-1.0682935]],[[-47.6384356,-1.374769],[-47.6549333,-1.2404584]],[[-48.7312097,-5.8600505],[-49.1991209,-6.2642252]],[[-49.1991209,-6.2642252],[-49.193108,-6.2670405]],[[-48.6260795,-6.4785098],[-48.607185,-6.4480111],[-48.5405762,-6.4008421],[-48.5002152,-6.3509276],[-48.447707,-6.3511789],[-48.3826793,-6.3796079],[-48.3752974,-6.3467488],[-48.3848765,-6.324503],[-48.4171226,-6.2985866],[-48.4127108,-6.2813296],[-48.436132,-6.2013716],[-48.4349388,-6.1831683],[-48.3912929,-6.1467035]],[[-48.5327364,-6.0444538],[-48.5329045,-6.0321439]],[[-47.9194544,-0.9731157],[-47.9001798,-0.9751941],[-47.9009605,-0.9314896]],[[-47.0640628,-0.7967966],[-47.0819055,-0.7645206],[-47.0909027,-0.7184058],[-47.0753848,-0.6939467],[-47.0920322,-0.6741364],[-47.1211877,-0.6762125],[-47.140301,-0.6984657],[-47.1372425,-0.7325483],[-47.1730556,-0.7616149],[-47.1676021,-0.694762],[-47.1769888,-0.6731962],[-47.2045817,-0.6981438],[-47.2050593,-0.6495647],[-47.2183704,-0.6325563],[-47.2619621,-0.6242868],[-47.262638,-0.6567772]],[[-47.349429,-0.709343],[-47.3811394,-0.8365276]],[[-47.0934191,-0.840656],[-47.0674337,-0.813269]],[[-48.4616623,-5.6008817],[-48.4612424,-5.5987013]],[[-48.3347689,-5.5054741],[-48.3273469,-5.4869211],[-48.347241,-5.4353555],[-48.3734856,-5.4027369],[-48.3935104,-5.3942126],[-48.4645898,-5.4122918],[-48.5139025,-5.4298196],[-48.5575365,-5.416711],[-48.5967334,-5.4225444],[-48.6291243,-5.4100587],[-48.6504881,-5.3849182],[-48.7368801,-5.3739624],[-48.7551507,-5.3491654]],[[-47.7600106,-1.4525895],[-47.9495665,-1.5701316]],[[-47.9440618,-1.5786313],[-47.917316,-1.5671325]],[[-47.3220104,-1.5771146],[-47.3317529,-1.5539021]],[[-49.9320642,-1.095613],[-49.9315788,-1.0983953]],[[-49.983852,-1.2978426],[-49.8491303,-1.3409296],[-49.8460522,-1.3337239]],[[-49.5901642,-1.3322774],[-49.5266309,-1.1880438]],[[-49.6378215,-6.6369537],[-49.73303,-6.7174548]],[[-49.73303,-6.7174548],[-49.7344072,-7.0163424],[-49.6851673,-7.030987],[-49.6465489,-7.0090911],[-49.5542498,-7.0035044],[-49.4961623,-6.9893946],[-49.4631135,-6.9967357],[-49.4169043,-6.9908684],[-49.4249385,-6.9444658],[-49.4448157,-6.9270926],[-49.4257505,-6.8525961],[-49.389273,-6.8106819],[-49.35475,-6.8155199],[-49.3407418,-6.8288404],[-49.3377336,-6.7299235],[-49.3764163,-6.7282506],[-49.4084428,-6.7084011],[-49.4896633,-6.712706],[-49.5429228,-6.7272913],[-49.5634743,-6.7174977],[-49.5679992,-6.6861528],[-49.588218,-6.6564529],[-49.6378215,-6.6369537]],[[-51.8020354,-3.5044733],[-51.8592109,-3.5530767],[-51.9158879,-3.531097],[-51.9085933,-3.5098371],[-51.9453797,-3.4774684],[-51.9523714,-3.4722363]],[[-51.9523714,-3.4722363],[-51.9634408,-3.4890551]],[[-52.0510747,-5.1514007],[-51.447819,-5.1502147]],[[-52.0617092,-2.766686],[-52.0350372,-2.8017372]],[[-52.0350372,-2.8017372],[-52.0003188,-2.8611508],[-51.9446455,-2.8803836],[-51.9082553,-2.9236092],[-51.8762394,-2.9849896],[-51.8484592,-3.0212546],[-51.8533353,-3.0442502],[-51.8310762,-3.0562987],[-51.8276203,-3.081973],[-51.8196771,-3.0928398],[-51.7819361,-3.1170248]],[[-51.7819361,-3.1170248],[-51.7513537,-3.1076449]],[[-51.8575374,-2.5691916],[-51.854453,-2.5524757]],[[-48.5061068,-0.7508911],[-48.4880288,-0.7339583],[-48.4705945,-0.6140523],[-48.4737255,-0.526714],[-48.4411059,-0.4122095],[-48.3882519,-0.3526907],[-48.3746329,-0.30307],[-48.3969104,-0.2516341],[-48.4402362,-0.2254047],[-48.5051168,-0.2425761],[-48.6335677,-0.2315883],[-48.6522864,-0.240736],[-48.714967,-0.251842],[-48.7437274,-0.2499224],[-48.8116183,-0.2148354],[-48.8347118,-0.2226507],[-48.9028777,-0.2225098],[-48.917901,-0.2295537]],[[-49.0065699,-0.4453112],[-49.0024048,-0.4779586]],[[-48.9259055,-3.4070451],[-48.9253058,-3.4035225]],[[-48.5305686,-3.1956707],[-48.5172681,-3.1400625],[-48.493926,-3.0976545],[-48.5284063,-3.0543859],[-48.5156312,-3.0366297],[-48.5573187,-2.9622855],[-48.5523768,-2.9368258],[-48.5329361,-2.919023],[-48.5291572,-2.886037],[-48.5094855,-2.853821],[-48.4823746,-2.8504407],[-48.478768,-2.8315263],[-48.497457,-2.8109468],[-48.4843191,-2.7659635],[-48.4634048,-2.7400042],[-48.4548524,-2.6885647],[-48.4745129,-2.6559314],[-48.4692056,-2.6240316],[-48.4633263,-2.6012851],[-48.4861307,-2.5949929],[-48.4953773,-2.5589518]],[[-47.9430645,-1.0387919],[-47.8994576,-1.0468275]],[[-47.8111702,-1.0634084],[-47.8111985,-1.0656968]],[[-47.7848681,-1.0621961],[-47.7779529,-1.0606808]],[[-56.7156785,-1.6415081],[-56.7490161,-1.651949]],[[-56.5856222,-2.1765273],[-56.569591,-2.1747589],[-56.5270653,-2.1391952],[-56.5076277,-2.1437004],[-56.4778933,-2.1703764],[-56.4441803,-2.1539257],[-56.4138828,-2.1759496],[-56.367785,-2.1370767],[-56.3511484,-2.1488699],[-56.3167613,-2.140126],[-56.2974569,-2.1008075],[-56.2561526,-2.0883161],[-56.2283772,-2.0562204],[-56.1970688,-2.0569228],[-56.1867034,-2.0428213],[-56.1450856,-2.0392059],[-56.1067261,-2.0270363],[-56.0956775,-2.0104406]],[[-56.0952834,-1.9974452],[-56.0891786,-1.9783313]],[[-47.9868524,-2.0904418],[-48.0709045,-2.0836498]],[[-48.2443742,-2.1877311],[-48.2508434,-2.1956742],[-48.2569809,-2.2101508],[-48.2605672,-2.2149787],[-48.2794299,-2.2217205],[-48.2836794,-2.2224371]],[[-47.9819564,-2.2212746],[-47.9644533,-2.2209424]],[[-47.9894441,-2.1019234],[-47.9868524,-2.0904418]],[[-46.8002845,-0.8821658],[-46.8094433,-0.8609813],[-46.8049855,-0.8261256],[-46.8335204,-0.8263796],[-46.8241705,-0.7902724],[-46.8360207,-0.7467125],[-46.8608736,-0.7410597],[-46.884449,-0.769662],[-46.883672,-0.8076491],[-46.912821,-0.8211231],[-46.9161311,-0.852419],[-46.9533331,-0.858043]],[[-46.9936331,-1.0055152],[-47.0019981,-1.0116263]],[[-47.1874059,-1.3893926],[-47.187624,-1.3939165],[-47.1861253,-1.3923909]],[[-47.1530926,-1.3652185],[-47.1552694,-1.3593801]],[[-46.9971227,-1.3121431],[-47.0020686,-1.2935867]],[[-55.2798883,-5.5155542],[-55.2822868,-5.5091365]],[[-55.4843953,-4.7367003],[-55.4827806,-4.7356931]],[[-55.4827806,-4.7356931],[-55.4851239,-4.7313271],[-55.4909547,-4.7266056],[-55.5011821,-4.7235253]],[[-51.1239235,-6.6277635],[-51.1252575,-6.6238444]],[[-49.5976077,-3.5131132],[-49.6005208,-3.5192836]],[[-49.9655268,-3.6609508],[-49.968664,-3.6641232]],[[-50.1010553,-4.0754452],[-50.0977535,-4.0821951]],[[-49.6068546,-4.0729269],[-49.6082711,-4.0724477]],[[-49.5958039,-3.5253937],[-49.5976077,-3.5131132]],[[-48.0323734,-3.82223],[-48.0281208,-3.8192916]],[[-47.3512895,-4.1053029],[-47.3194243,-4.0477745],[-47.2931109,-4.0522709],[-47.2389286,-3.9986308],[-47.1902562,-3.9837047],[-47.1731461,-3.9238234],[-47.1484961,-3.9144898],[-47.128751,-3.8766426],[-47.1066248,-3.8809428],[-47.0852051,-3.85664],[-47.0835715,-3.8244046],[-47.0557157,-3.7735356],[-47.0447389,-3.666533],[-47.0452682,-3.6254991],[-47.0307939,-3.5947199],[-47.0382526,-3.5642982]],[[-53.8554122,-2.8874675],[-54.1030241,-2.8865334]],[[-54.239419,-3.2630519],[-54.2590545,-3.2733022]],[[-54.2890026,-3.3781935],[-54.2860051,-3.3994922],[-54.2864503,-3.4138076],[-54.28934,-3.420156],[-54.2982518,-3.4318562]],[[-48.1416321,-0.7542149],[-48.1584045,-0.7742128],[-48.171572,-0.8164393]],[[-48.2016767,-1.0072937],[-48.2138255,-1.0068457]],[[-48.1115421,-1.0154478],[-48.021485,-1.1338065]],[[-47.9509504,-1.0411462],[-47.9430645,-1.0387919]],[[-46.3151897,-1.7415582],[-46.2949754,-1.7265901],[-46.2658526,-1.7328418],[-46.2475775,-1.7209245],[-46.2112229,-1.7271762],[-46.2035024,-1.705295],[-46.1740864,-1.7005085],[-46.1553227,-1.6754034],[-46.1658773,-1.634375],[-46.1336272,-1.5818183],[-46.1440841,-1.5178302],[-46.1761387,-1.4773849],[-46.1435954,-1.449737],[-46.1534659,-1.4256059],[-46.1145704,-1.351941],[-46.1333341,-1.3097341],[-46.1615773,-1.2818889],[-46.1400773,-1.2476926],[-46.1508273,-1.2326461],[-46.1330409,-1.2103693],[-46.0981694,-1.1960591],[-46.0871388,-1.1344187],[-46.0614248,-1.0996178],[-46.0896027,-1.0496404],[-46.0968582,-1.0223384],[-46.139576,-1.0561549],[-46.1506536,-1.051042],[-46.1605034,-1.0051743],[-46.1859494,-1.0232514],[-46.2154454,-1.0263182],[-46.2127638,-0.9793434],[-46.1757444,-0.9428069],[-46.1793895,-0.9142167],[-46.2029373,-0.8853199],[-46.2635039,-0.9120073],[-46.2670339,-0.9629861],[-46.2877317,-0.9994154],[-46.3213602,-1.0246632],[-46.3330025,-1.0474992]],[[-46.3850235,-1.2121766],[-46.8241599,-1.5432957]],[[-46.8241599,-1.5432957],[-46.8055052,-1.5479757]],[[-46.840451,-1.8830666],[-46.8444168,-1.8998019]],[[-46.5084286,-1.6643208],[-46.4871796,-1.6709299],[-46.4713327,-1.6791547],[-46.4511124,-1.7007402],[-46.4435038,-1.7030361]],[[-46.3159884,-1.0054306],[-46.305622,-0.997831],[-46.3221321,-0.9364081],[-46.3399791,-0.9598486],[-46.3159884,-1.0054306]],[[-52.1989598,-2.8138881],[-52.2270256,-2.810181],[-52.2447873,-2.8104583],[-52.2540927,-2.8120921],[-52.2643474,-2.817702],[-52.2764871,-2.8302152]],[[-52.2764871,-2.8302152],[-52.2740942,-2.8450923]],[[-52.3592676,-3.0755097],[-52.3572176,-3.0683127]],[[-51.9581236,-3.4770433],[-51.9523714,-3.4722363]],[[-51.7435817,-3.1034624],[-51.75526,-3.109747],[-51.7819361,-3.1170248]],[[-52.0350372,-2.8017372],[-52.0438539,-2.7925059]],[[-49.4112773,-6.4452729],[-49.6378215,-6.6369537]],[[-49.73303,-6.7174548],[-50.0710952,-7.0001642]],[[-49.1935253,-7.0407019],[-49.2174451,-6.9614693],[-49.2095281,-6.9254206],[-49.1719412,-6.8929351],[-49.1152709,-6.8699495],[-49.0834133,-6.843251]]],"bbox":[-58.8955003,-9.8411535,-46.0614248,2.591027]}
