{"type":"Topology","objects":{"geometrias":{"type":"GeometryCollection","geometries":[{"type":"Polygon","arcs":[[0,1,2,3,4,5,6,7,8,9]],"properties":{"code_muni":5200050,"abbrev_state":"GO","name_state":"Goiás","name_region":"Centro-Oeste","name_muni":"Abadia de Goiás","code_state":52,"code_region":5,"year":2020}},{"type":"Polygon","arcs":[[10,11,12,13,14,15,16,17,18,19,20]],"properties":{"code_muni":5200100,"abbrev_state":"GO","name_state":"Goiás","name_region":"Centro-Oeste","name_muni":"Abadiânia","code_state":52,"code_region":5,"year":2020}},{"type":"Polygon","arcs":[[21,22,23,24,25,26,27,28,29,30,31,32,33]],"properties":{"code_muni":5200134,"abbrev_state":"GO","name_state":"Goiás","name_region":"Centro-Oeste","name_muni":"Acreúna","code_state":52,"code_region":5,"year":2020}},{"type":"Polygon","arcs":[[34,35,36,37,38,39,40,41]],"properties":{"code_muni":5200159,"abbrev_state":"GO","name_state":"Goiás","name_region":"Centro-Oeste","name_muni":"Adelândia","code_state":52,"code_region":5,"year":2020}},{"type":"Polygon","arcs":[[42,43,44,45,46,47,48,49]],"properties":{"code_muni":5200175,"abbrev_state":"GO","name_state":"Goiás","name_region":"Centro-Oeste","name_muni":"Água Fria de Goiás","code_state":52,"code_region":5,"year":2020}},{"type":"Polygon","arcs":[[50,51,52,53,54,55,56]],"properties":{"code_muni":5200209,"abbrev_state":"GO","name_state":"Goiás","name_region":"Centro-Oeste","name_muni":"Água Limpa","code_state":52,"code_region":5,"year":2020}},{"type":"Polygon","arcs":[[57,58,59,60,61,62]],"properties":{"code_muni":5200258,"abbrev_state":"GO","name_state":"Goiás","name_region":"Centro-Oeste","name_muni":"Águas Lindas de Goiás","code_state":52,"code_region":5,"year":2020}},{"type":"Polygon","arcs":[[63,64,-19,65,66,67,68,69]],"properties":{"code_muni":5200308,"abbrev_state":"GO","name_state":"Goiás","name_region":"Centro-Oeste","name_muni":"Alexânia","code_state":52,"code_region":5,"year":2020}},{"type":"Polygon","arcs":[[70,71,72,73,74]],"properties":{"code_muni":5200506,"abbrev_state":"GO","name_state":"Goiás","name_region":"Centro-Oeste","name_muni":"Aloândia","code_state":52,"code_region":5,"year":2020}},{"type":"Polygon","arcs":[[75,76,77,78,79,80,81]],"properties":{"code_muni":5200555,"abbrev_state":"GO","name_state":"Goiás","name_region":"Centro-Oeste","name_muni":"Alto Horizonte","code_state":52,"code_region":5,"year":2020}},{"type":"Polygon","arcs":[[82,83,84,85,86,87,88,89,90,91]],"properties":{"code_muni":5200605,"abbrev_state":"GO","name_state":"Goiás","name_region":"Centro-Oeste","name_muni":"Alto Paraíso de Goiás","code_state":52,"code_region":5,"year":2020}},{"type":"Polygon","arcs":[[92,93,94,95,96,97,98,99,100,101,102,103,104,105,106]],"properties":{"code_muni":5200803,"abbrev_state":"GO","name_state":"Goiás","name_region":"Centro-Oeste","name_muni":"Alvorada do Norte","code_state":52,"code_region":5,"year":2020}},{"type":"Polygon","arcs":[[107,108,109,110,111,112,113,114,115,116,117,118,119,120,121,122]],"properties":{"code_muni":5200829,"abbrev_state":"GO","name_state":"Goiás","name_region":"Centro-Oeste","name_muni":"Amaralina","code_state":52,"code_region":5,"year":2020}},{"type":"Polygon","arcs":[[123,124,125,126,127,128,129,130,131]],"properties":{"code_muni":5200852,"abbrev_state":"GO","name_state":"Goiás","name_region":"Centro-Oeste","name_muni":"Americano do Brasil","code_state":52,"code_region":5,"year":2020}},{"type":"Polygon","arcs":[[132,133,134]],"properties":{"code_muni":5200902,"abbrev_state":"GO","name_state":"Goiás","name_region":"Centro-Oeste","name_muni":"Amorinópolis","code_state":52,"code_region":5,"year":2020}},{"type":"Polygon","arcs":[[135,136,137,138,139,140,141,142,143,144,145,146,147,-14,148,149]],"properties":{"code_muni":5201108,"abbrev_state":"GO","name_state":"Goiás","name_region":"Centro-Oeste","name_muni":"Anápolis","code_state":52,"code_region":5,"year":2020}},{"type":"Polygon","arcs":[[150,151]],"properties":{"code_muni":5201207,"abbrev_state":"GO","name_state":"Goiás","name_region":"Centro-Oeste","name_muni":"Anhanguera","code_state":52,"code_region":5,"year":2020}},{"type":"Polygon","arcs":[[152,153,154,155,-41,156,157,158,159,160,161,162,163,-129]],"properties":{"code_muni":5201306,"abbrev_state":"GO","name_state":"Goiás","name_region":"Centro-Oeste","name_muni":"Anicuns","code_state":52,"code_region":5,"year":2020}},{"type":"Polygon","arcs":[[164,165,166,167,168,169,170,171,172,173,174,175,176]],"properties":{"code_muni":5201405,"abbrev_state":"GO","name_state":"Goiás","name_region":"Centro-Oeste","name_muni":"Aparecida de Goiânia","code_state":52,"code_region":5,"year":2020}},{"type":"Polygon","arcs":[[177,178,179,180,181,182]],"properties":{"code_muni":5201454,"abbrev_state":"GO","name_state":"Goiás","name_region":"Centro-Oeste","name_muni":"Aparecida do Rio Doce","code_state":52,"code_region":5,"year":2020}},{"type":"Polygon","arcs":[[183,184,185,186,187,188,189]],"properties":{"code_muni":5201504,"abbrev_state":"GO","name_state":"Goiás","name_region":"Centro-Oeste","name_muni":"Aporé","code_state":52,"code_region":5,"year":2020}},{"type":"Polygon","arcs":[[190,191,192,193,194,195,196,197]],"properties":{"code_muni":5201603,"abbrev_state":"GO","name_state":"Goiás","name_region":"Centro-Oeste","name_muni":"Araçu","code_state":52,"code_region":5,"year":2020}},{"type":"Polygon","arcs":[[198,199,200,201,202,203]],"properties":{"code_muni":5201702,"abbrev_state":"GO","name_state":"Goiás","name_region":"Centro-Oeste","name_muni":"Aragarças","code_state":52,"code_region":5,"year":2020}},{"type":"Polygon","arcs":[[204,-8,205,206,207,208,209,210,-168]],"properties":{"code_muni":5201801,"abbrev_state":"GO","name_state":"Goiás","name_region":"Centro-Oeste","name_muni":"Aragoiânia","code_state":52,"code_region":5,"year":2020}},{"type":"Polygon","arcs":[[211,212,213,214,215,216,217,218,219,220,221,222,223,224,225]],"properties":{"code_muni":5202155,"abbrev_state":"GO","name_state":"Goiás","name_region":"Centro-Oeste","name_muni":"Araguapaz","code_state":52,"code_region":5,"year":2020}},{"type":"Polygon","arcs":[[226,227,228,229,230,231,232,233,234,235,236,237,238,239,240,241,242,243]],"properties":{"code_muni":5202353,"abbrev_state":"GO","name_state":"Goiás","name_region":"Centro-Oeste","name_muni":"Arenópolis","code_state":52,"code_region":5,"year":2020}},{"type":"Polygon","arcs":[[244,245,246,247,248,249,-213,250,251,252,253]],"properties":{"code_muni":5202502,"abbrev_state":"GO","name_state":"Goiás","name_region":"Centro-Oeste","name_muni":"Aruanã","code_state":52,"code_region":5,"year":2020}},{"type":"Polygon","arcs":[[254,255,256,257,258,259,260,261,262,263,264,265,266,267,268,269,270,271,272]],"properties":{"code_muni":5202601,"abbrev_state":"GO","name_state":"Goiás","name_region":"Centro-Oeste","name_muni":"Aurilândia","code_state":52,"code_region":5,"year":2020}},{"type":"Polygon","arcs":[[-161,273,274,275,276,277,278,279,280,-194,281]],"properties":{"code_muni":5202809,"abbrev_state":"GO","name_state":"Goiás","name_region":"Centro-Oeste","name_muni":"Avelinópolis","code_state":52,"code_region":5,"year":2020}},{"type":"Polygon","arcs":[[282,283,284,285,286,287,288,289,290,-200]],"properties":{"code_muni":5203104,"abbrev_state":"GO","name_state":"Goiás","name_region":"Centro-Oeste","name_muni":"Baliza","code_state":52,"code_region":5,"year":2020}},{"type":"Polygon","arcs":[[291,292,293,294,295,296,297,298,299,300,301,302,303,304]],"properties":{"code_muni":5203203,"abbrev_state":"GO","name_state":"Goiás","name_region":"Centro-Oeste","name_muni":"Barro Alto","code_state":52,"code_region":5,"year":2020}},{"type":"Polygon","arcs":[[305,306,307,308,309,-173,310,311,312,313,314,315,316,317,318,319,320,321]],"properties":{"code_muni":5203302,"abbrev_state":"GO","name_state":"Goiás","name_region":"Centro-Oeste","name_muni":"Bela Vista de Goiás","code_state":52,"code_region":5,"year":2020}},{"type":"Polygon","arcs":[[322,-202,323,-290,324,325,326,327,328,-229,329,330]],"properties":{"code_muni":5203401,"abbrev_state":"GO","name_state":"Goiás","name_region":"Centro-Oeste","name_muni":"Bom Jardim de Goiás","code_state":52,"code_region":5,"year":2020}},{"type":"Polygon","arcs":[[331,332,333,334,335,336,337,338,339,340,341,342,343,344,345]],"properties":{"code_muni":5203500,"abbrev_state":"GO","name_state":"Goiás","name_region":"Centro-Oeste","name_muni":"Bom Jesus de Goiás","code_state":52,"code_region":5,"year":2020}},{"type":"Polygon","arcs":[[346,347,348,349,350,351,352]],"properties":{"code_muni":5203559,"abbrev_state":"GO","name_state":"Goiás","name_region":"Centro-Oeste","name_muni":"Bonfinópolis","code_state":52,"code_region":5,"year":2020}},{"type":"Polygon","arcs":[[353,354,355,356,357,358,-123,359,360]],"properties":{"code_muni":5203575,"abbrev_state":"GO","name_state":"Goiás","name_region":"Centro-Oeste","name_muni":"Bonópolis","code_state":52,"code_region":5,"year":2020}},{"type":"Polygon","arcs":[[361,362,363,364,365,366,367]],"properties":{"code_muni":5203609,"abbrev_state":"GO","name_state":"Goiás","name_region":"Centro-Oeste","name_muni":"Brazabrantes","code_state":52,"code_region":5,"year":2020}},{"type":"Polygon","arcs":[[368,369,370,371,372,373,374,375,-247]],"properties":{"code_muni":5203807,"abbrev_state":"GO","name_state":"Goiás","name_region":"Centro-Oeste","name_muni":"Britânia","code_state":52,"code_region":5,"year":2020}},{"type":"Polygon","arcs":[[376,377,378,379,380,381,-53,382]],"properties":{"code_muni":5203906,"abbrev_state":"GO","name_state":"Goiás","name_region":"Centro-Oeste","name_muni":"Buriti Alegre","code_state":52,"code_region":5,"year":2020}},{"type":"Polygon","arcs":[[383,384,385,386,387,388,389,390,391]],"properties":{"code_muni":5203939,"abbrev_state":"GO","name_state":"Goiás","name_region":"Centro-Oeste","name_muni":"Buriti de Goiás","code_state":52,"code_region":5,"year":2020}},{"type":"Polygon","arcs":[[392,393,394,395,-101,396,397,398,399,400,401]],"properties":{"code_muni":5203962,"abbrev_state":"GO","name_state":"Goiás","name_region":"Centro-Oeste","name_muni":"Buritinópolis","code_state":52,"code_region":5,"year":2020}},{"type":"Polygon","arcs":[[402,403,404,405]],"properties":{"code_muni":5204003,"abbrev_state":"GO","name_state":"Goiás","name_region":"Centro-Oeste","name_muni":"Cabeceiras","code_state":52,"code_region":5,"year":2020}},{"type":"Polygon","arcs":[[406,-179,407,408,409,410,411,412,413,414,415,416,417]],"properties":{"code_muni":5204102,"abbrev_state":"GO","name_state":"Goiás","name_region":"Centro-Oeste","name_muni":"Cachoeira Alta","code_state":52,"code_region":5,"year":2020}},{"type":"Polygon","arcs":[[418,419,420,421,-262,422,-260,423,-258,424,425]],"properties":{"code_muni":5204201,"abbrev_state":"GO","name_state":"Goiás","name_region":"Centro-Oeste","name_muni":"Cachoeira de Goiás","code_state":52,"code_region":5,"year":2020}},{"type":"Polygon","arcs":[[426,427,428,429,430,431,432,433]],"properties":{"code_muni":5204250,"abbrev_state":"GO","name_state":"Goiás","name_region":"Centro-Oeste","name_muni":"Cachoeira Dourada","code_state":52,"code_region":5,"year":2020}},{"type":"Polygon","arcs":[[-178,434,435,436,437,438,439,440,441,442,-408]],"properties":{"code_muni":5204300,"abbrev_state":"GO","name_state":"Goiás","name_region":"Centro-Oeste","name_muni":"Caçu","code_state":52,"code_region":5,"year":2020}},{"type":"Polygon","arcs":[[443,-288,444,445,446,447,448,449,450,451,452,453,454,455,456,457,458,459,460,461,462,463,464,465,466,467,-232,468,469,-326]],"properties":{"code_muni":5204409,"abbrev_state":"GO","name_state":"Goiás","name_region":"Centro-Oeste","name_muni":"Caiapônia","code_state":52,"code_region":5,"year":2020}},{"type":"Polygon","arcs":[[470,471,472,473,474,475,476,477,478,479,480]],"properties":{"code_muni":5204508,"abbrev_state":"GO","name_state":"Goiás","name_region":"Centro-Oeste","name_muni":"Caldas Novas","code_state":52,"code_region":5,"year":2020}},{"type":"Polygon","arcs":[[481,482,483,484,-307,485,486,487]],"properties":{"code_muni":5204557,"abbrev_state":"GO","name_state":"Goiás","name_region":"Centro-Oeste","name_muni":"Caldazinha","code_state":52,"code_region":5,"year":2020}},{"type":"Polygon","arcs":[[488,489,490,491,492,493,494,495,496]],"properties":{"code_muni":5204607,"abbrev_state":"GO","name_state":"Goiás","name_region":"Centro-Oeste","name_muni":"Campestre de Goiás","code_state":52,"code_region":5,"year":2020}},{"type":"Polygon","arcs":[[497,498,499,500,501,502,503,504,505,506,507]],"properties":{"code_muni":5204656,"abbrev_state":"GO","name_state":"Goiás","name_region":"Centro-Oeste","name_muni":"Campinaçu","code_state":52,"code_region":5,"year":2020}},{"type":"Polygon","arcs":[[508,509,510,511,512,513,514,515,516,517,518,519,-499,520]],"properties":{"code_muni":5204706,"abbrev_state":"GO","name_state":"Goiás","name_region":"Centro-Oeste","name_muni":"Campinorte","code_state":52,"code_region":5,"year":2020}},{"type":"Polygon","arcs":[[521,522,523,524]],"properties":{"code_muni":5204805,"abbrev_state":"GO","name_state":"Goiás","name_region":"Centro-Oeste","name_muni":"Campo Alegre de Goiás","code_state":52,"code_region":5,"year":2020}},{"type":"Polygon","arcs":[[525,526,-140]],"properties":{"code_muni":5204854,"abbrev_state":"GO","name_state":"Goiás","name_region":"Centro-Oeste","name_muni":"Campo Limpo de Goiás","code_state":52,"code_region":5,"year":2020}},{"type":"Polygon","arcs":[[527,528,529,530,531,532]],"properties":{"code_muni":5204904,"abbrev_state":"GO","name_state":"Goiás","name_region":"Centro-Oeste","name_muni":"Campos Belos","code_state":52,"code_region":5,"year":2020}},{"type":"Polygon","arcs":[[533,534,535,536,537,538,-77,539,540]],"properties":{"code_muni":5204953,"abbrev_state":"GO","name_state":"Goiás","name_region":"Centro-Oeste","name_muni":"Campos Verdes","code_state":52,"code_region":5,"year":2020}},{"type":"Polygon","arcs":[[541,542,543,544,545,546,547,548,549,550]],"properties":{"code_muni":5205000,"abbrev_state":"GO","name_state":"Goiás","name_region":"Centro-Oeste","name_muni":"Carmo do Rio Verde","code_state":52,"code_region":5,"year":2020}},{"type":"Polygon","arcs":[[551,552,553,554,555,556,557,558,-333,559,560,561]],"properties":{"code_muni":5205059,"abbrev_state":"GO","name_state":"Goiás","name_region":"Centro-Oeste","name_muni":"Castelândia","code_state":52,"code_region":5,"year":2020}},{"type":"Polygon","arcs":[[-524,562,563,564,565,566,567,568,569,570,571,572,573]],"properties":{"code_muni":5205109,"abbrev_state":"GO","name_state":"Goiás","name_region":"Centro-Oeste","name_muni":"Catalão","code_state":52,"code_region":5,"year":2020}},{"type":"Polygon","arcs":[[574,-196,575,-280,576,577,578,579,580,581,582]],"properties":{"code_muni":5205208,"abbrev_state":"GO","name_state":"Goiás","name_region":"Centro-Oeste","name_muni":"Caturaí","code_state":52,"code_region":5,"year":2020}},{"type":"Polygon","arcs":[[583,584,585,586,587,-85,588,589,590]],"properties":{"code_muni":5205307,"abbrev_state":"GO","name_state":"Goiás","name_region":"Centro-Oeste","name_muni":"Cavalcante","code_state":52,"code_region":5,"year":2020}},{"type":"Polygon","arcs":[[591,592,593,594,595,596,597,-551,598,599,600,601]],"properties":{"code_muni":5205406,"abbrev_state":"GO","name_state":"Goiás","name_region":"Centro-Oeste","name_muni":"Ceres","code_state":52,"code_region":5,"year":2020}},{"type":"Polygon","arcs":[[602,603,604,605,606,607,608,609,610,611,612,613,614,615]],"properties":{"code_muni":5205455,"abbrev_state":"GO","name_state":"Goiás","name_region":"Centro-Oeste","name_muni":"Cezarina","code_state":52,"code_region":5,"year":2020}},{"type":"Polygon","arcs":[[616,617,618,619,-185,620,621]],"properties":{"code_muni":5205471,"abbrev_state":"GO","name_state":"Goiás","name_region":"Centro-Oeste","name_muni":"Chapadão do Céu","code_state":52,"code_region":5,"year":2020}},{"type":"Polygon","arcs":[[622,623,624,625,626,627]],"properties":{"code_muni":5205497,"abbrev_state":"GO","name_state":"Goiás","name_region":"Centro-Oeste","name_muni":"Cidade Ocidental","code_state":52,"code_region":5,"year":2020}},{"type":"Polygon","arcs":[[628,629,630,631,632,633,634,635,636,637,-60,638]],"properties":{"code_muni":5205513,"abbrev_state":"GO","name_state":"Goiás","name_region":"Centro-Oeste","name_muni":"Cocalzinho de Goiás","code_state":52,"code_region":5,"year":2020}},{"type":"Polygon","arcs":[[639,640,641,642,-506,643,644,645,-87,646,-587]],"properties":{"code_muni":5205521,"abbrev_state":"GO","name_state":"Goiás","name_region":"Centro-Oeste","name_muni":"Colinas do Sul","code_state":52,"code_region":5,"year":2020}},{"type":"Polygon","arcs":[[647,648,649,650,651,652,-273,653,654,655,656,657,-387]],"properties":{"code_muni":5205703,"abbrev_state":"GO","name_state":"Goiás","name_region":"Centro-Oeste","name_muni":"Córrego do Ouro","code_state":52,"code_region":5,"year":2020}},{"type":"Polygon","arcs":[[658,659,-21,660,-64,661,662,663,-635]],"properties":{"code_muni":5205802,"abbrev_state":"GO","name_state":"Goiás","name_region":"Centro-Oeste","name_muni":"Corumbá de Goiás","code_state":52,"code_region":5,"year":2020}},{"type":"Polygon","arcs":[[664,665,-477,666,-55,667,-381,668,669,670,671,672]],"properties":{"code_muni":5205901,"abbrev_state":"GO","name_state":"Goiás","name_region":"Centro-Oeste","name_muni":"Corumbaíba","code_state":52,"code_region":5,"year":2020}},{"type":"Polygon","arcs":[[673,-628,674,675,676]],"properties":{"code_muni":5206206,"abbrev_state":"GO","name_state":"Goiás","name_region":"Centro-Oeste","name_muni":"Cristalina","code_state":52,"code_region":5,"year":2020}},{"type":"Polygon","arcs":[[677,-316,678,679,680,681,682,683]],"properties":{"code_muni":5206305,"abbrev_state":"GO","name_state":"Goiás","name_region":"Centro-Oeste","name_muni":"Cristianópolis","code_state":52,"code_region":5,"year":2020}},{"type":"Polygon","arcs":[[684,685,686,687,688,-224,689,690,691,692,693,694,695,696,697]],"properties":{"code_muni":5206404,"abbrev_state":"GO","name_state":"Goiás","name_region":"Centro-Oeste","name_muni":"Crixás","code_state":52,"code_region":5,"year":2020}},{"type":"Polygon","arcs":[[698,699,700,701,702,703]],"properties":{"code_muni":5206503,"abbrev_state":"GO","name_state":"Goiás","name_region":"Centro-Oeste","name_muni":"Cromínia","code_state":52,"code_region":5,"year":2020}},{"type":"Polygon","arcs":[[704,705,706,-670,707,-152,708,-567,709]],"properties":{"code_muni":5206602,"abbrev_state":"GO","name_state":"Goiás","name_region":"Centro-Oeste","name_muni":"Cumari","code_state":52,"code_region":5,"year":2020}},{"type":"Polygon","arcs":[[710,711,712,713,714,-400]],"properties":{"code_muni":5206701,"abbrev_state":"GO","name_state":"Goiás","name_region":"Centro-Oeste","name_muni":"Damianópolis","code_state":52,"code_region":5,"year":2020}},{"type":"Polygon","arcs":[[715,716,717,-362,718,719,720,721,722]],"properties":{"code_muni":5206800,"abbrev_state":"GO","name_state":"Goiás","name_region":"Centro-Oeste","name_muni":"Damolândia","code_state":52,"code_region":5,"year":2020}},{"type":"Polygon","arcs":[[723,724,725,-573]],"properties":{"code_muni":5206909,"abbrev_state":"GO","name_state":"Goiás","name_region":"Centro-Oeste","name_muni":"Davinópolis","code_state":52,"code_region":5,"year":2020}},{"type":"Polygon","arcs":[[726,727,-242,728,-240,729,730,731,732,733,734,735]],"properties":{"code_muni":5207105,"abbrev_state":"GO","name_state":"Goiás","name_region":"Centro-Oeste","name_muni":"Diorama","code_state":52,"code_region":5,"year":2020}},{"type":"Polygon","arcs":[[736,737,738,-446,739,-286,740,-284]],"properties":{"code_muni":5207253,"abbrev_state":"GO","name_state":"Goiás","name_region":"Centro-Oeste","name_muni":"Doverlândia","code_state":52,"code_region":5,"year":2020}},{"type":"Polygon","arcs":[[741,742,743,744,745,746,747,-608,748]],"properties":{"code_muni":5207352,"abbrev_state":"GO","name_state":"Goiás","name_region":"Centro-Oeste","name_muni":"Edealina","code_state":52,"code_region":5,"year":2020}},{"type":"Polygon","arcs":[[749,-31,750,751,752,753,754,755,756,757,758,-743]],"properties":{"code_muni":5207402,"abbrev_state":"GO","name_state":"Goiás","name_region":"Centro-Oeste","name_muni":"Edéia","code_state":52,"code_region":5,"year":2020}},{"type":"Polygon","arcs":[[759,760,761,762,763,764,765,766]],"properties":{"code_muni":5207501,"abbrev_state":"GO","name_state":"Goiás","name_region":"Centro-Oeste","name_muni":"Estrela do Norte","code_state":52,"code_region":5,"year":2020}},{"type":"Polygon","arcs":[[767,768,769,770,771,772,773,774,775,776,777,-217]],"properties":{"code_muni":5207535,"abbrev_state":"GO","name_state":"Goiás","name_region":"Centro-Oeste","name_muni":"Faina","code_state":52,"code_region":5,"year":2020}},{"type":"Polygon","arcs":[[778,779,780,781,782,783,784,785,786,-650,787,788,789,790]],"properties":{"code_muni":5207600,"abbrev_state":"GO","name_state":"Goiás","name_region":"Centro-Oeste","name_muni":"Fazenda Nova","code_state":52,"code_region":5,"year":2020}},{"type":"Polygon","arcs":[[791,792,793,794,795,796,-269,797,-267,798,799,800,801,802]],"properties":{"code_muni":5207808,"abbrev_state":"GO","name_state":"Goiás","name_region":"Centro-Oeste","name_muni":"Firminópolis","code_state":52,"code_region":5,"year":2020}},{"type":"Polygon","arcs":[[803,804,805,806,807,808,809,810,-94,811,812,813]],"properties":{"code_muni":5207907,"abbrev_state":"GO","name_state":"Goiás","name_region":"Centro-Oeste","name_muni":"Flores de Goiás","code_state":52,"code_region":5,"year":2020}},{"type":"Polygon","arcs":[[814,815,816,-48,817,818,819,-404,820,-406,821,822,823,-807]],"properties":{"code_muni":5208004,"abbrev_state":"GO","name_state":"Goiás","name_region":"Centro-Oeste","name_muni":"Formosa","code_state":52,"code_region":5,"year":2020}},{"type":"Polygon","arcs":[[824,825,826,-764,827,828,-511,829,830]],"properties":{"code_muni":5208103,"abbrev_state":"GO","name_state":"Goiás","name_region":"Centro-Oeste","name_muni":"Formoso","code_state":52,"code_region":5,"year":2020}},{"type":"Polygon","arcs":[[831,-147,832,833,834,-16]],"properties":{"code_muni":5208152,"abbrev_state":"GO","name_state":"Goiás","name_region":"Centro-Oeste","name_muni":"Gameleira de Goiás","code_state":52,"code_region":5,"year":2020}},{"type":"Polygon","arcs":[[835,836,837,838,839]],"properties":{"code_muni":5208301,"abbrev_state":"GO","name_state":"Goiás","name_region":"Centro-Oeste","name_muni":"Divinópolis de Goiás","code_state":52,"code_region":5,"year":2020}},{"type":"Polygon","arcs":[[840,841,842,843,844,845,846,-347,847,848,849,850]],"properties":{"code_muni":5208400,"abbrev_state":"GO","name_state":"Goiás","name_region":"Centro-Oeste","name_muni":"Goianápolis","code_state":52,"code_region":5,"year":2020}},{"type":"Polygon","arcs":[[851,852,853,854,855,-710,-566]],"properties":{"code_muni":5208509,"abbrev_state":"GO","name_state":"Goiás","name_region":"Centro-Oeste","name_muni":"Goiandira","code_state":52,"code_region":5,"year":2020}},{"type":"Polygon","arcs":[[856,857,858,859,860,861,862,-302,863,864]],"properties":{"code_muni":5208608,"abbrev_state":"GO","name_state":"Goiás","name_region":"Centro-Oeste","name_muni":"Goianésia","code_state":52,"code_region":5,"year":2020}},{"type":"Polygon","arcs":[[865,866,867,868,869,870,-10,871,-166,872,-177,873,874,875,-845,876,877]],"properties":{"code_muni":5208707,"abbrev_state":"GO","name_state":"Goiás","name_region":"Centro-Oeste","name_muni":"Goiânia","code_state":52,"code_region":5,"year":2020}},{"type":"Polygon","arcs":[[878,879,-580,880,881,882,-868,883,884,-365]],"properties":{"code_muni":5208806,"abbrev_state":"GO","name_state":"Goiás","name_region":"Centro-Oeste","name_muni":"Goianira","code_state":52,"code_region":5,"year":2020}},{"type":"Polygon","arcs":[[885,886,887,888,-384,889,890,891,892,893,894,895,896,897,898,899,-771]],"properties":{"code_muni":5208905,"abbrev_state":"GO","name_state":"Goiás","name_region":"Centro-Oeste","name_muni":"Goiás","code_state":52,"code_region":5,"year":2020}},{"type":"Polygon","arcs":[[900,901,902,-561,903,-346,904,905,906,-377,907,908]],"properties":{"code_muni":5209101,"abbrev_state":"GO","name_state":"Goiás","name_region":"Centro-Oeste","name_muni":"Goiatuba","code_state":52,"code_region":5,"year":2020}},{"type":"Polygon","arcs":[[909,910,911,912,-341]],"properties":{"code_muni":5209150,"abbrev_state":"GO","name_state":"Goiás","name_region":"Centro-Oeste","name_muni":"Gouvelândia","code_state":52,"code_region":5,"year":2020}},{"type":"Polygon","arcs":[[-495,913,914,-615,915,916,-207,917,-6,918,919,920,921]],"properties":{"code_muni":5209200,"abbrev_state":"GO","name_state":"Goiás","name_region":"Centro-Oeste","name_muni":"Guapó","code_state":52,"code_region":5,"year":2020}},{"type":"Polygon","arcs":[[922,-772,-900,923,924]],"properties":{"code_muni":5209291,"abbrev_state":"GO","name_state":"Goiás","name_region":"Centro-Oeste","name_muni":"Guaraíta","code_state":52,"code_region":5,"year":2020}},{"type":"Polygon","arcs":[[925,926,927,928,929,930,931,932]],"properties":{"code_muni":5209408,"abbrev_state":"GO","name_state":"Goiás","name_region":"Centro-Oeste","name_muni":"Guarani de Goiás","code_state":52,"code_region":5,"year":2020}},{"type":"Polygon","arcs":[[-694,933,934,935,936,937,938]],"properties":{"code_muni":5209457,"abbrev_state":"GO","name_state":"Goiás","name_region":"Centro-Oeste","name_muni":"Guarinos","code_state":52,"code_region":5,"year":2020}},{"type":"Polygon","arcs":[[939,-897,940,941,942,943,944]],"properties":{"code_muni":5209606,"abbrev_state":"GO","name_state":"Goiás","name_region":"Centro-Oeste","name_muni":"Heitoraí","code_state":52,"code_region":5,"year":2020}},{"type":"Polygon","arcs":[[945,-210,946,947,948,949,950,951,-701,952,-699,953,954,955,956,-312,957,958,-170]],"properties":{"code_muni":5209705,"abbrev_state":"GO","name_state":"Goiás","name_region":"Centro-Oeste","name_muni":"Hidrolândia","code_state":52,"code_region":5,"year":2020}},{"type":"Polygon","arcs":[[959,960,961,962,963,964,965,966]],"properties":{"code_muni":5209804,"abbrev_state":"GO","name_state":"Goiás","name_region":"Centro-Oeste","name_muni":"Hidrolina","code_state":52,"code_region":5,"year":2020}},{"type":"Polygon","arcs":[[967,968,969,970,971,-813,972,-107,973,974,975,-929,976]],"properties":{"code_muni":5209903,"abbrev_state":"GO","name_state":"Goiás","name_region":"Centro-Oeste","name_muni":"Iaciara","code_state":52,"code_region":5,"year":2020}},{"type":"Polygon","arcs":[[977,-342,-913,978,-428,979,980,981,982]],"properties":{"code_muni":5209937,"abbrev_state":"GO","name_state":"Goiás","name_region":"Centro-Oeste","name_muni":"Inaciolândia","code_state":52,"code_region":5,"year":2020}},{"type":"Polygon","arcs":[[983,984,985,986,987,-32,-750,-742,988,-606]],"properties":{"code_muni":5209952,"abbrev_state":"GO","name_state":"Goiás","name_region":"Centro-Oeste","name_muni":"Indiara","code_state":52,"code_region":5,"year":2020}},{"type":"Polygon","arcs":[[989,-198,990,-583,991,992,-879,-364,993,-717,994,995]],"properties":{"code_muni":5210000,"abbrev_state":"GO","name_state":"Goiás","name_region":"Centro-Oeste","name_muni":"Inhumas","code_state":52,"code_region":5,"year":2020}},{"type":"Polygon","arcs":[[996,997,998,999,1000,-479,1001,-665,1002,1003,1004,-853,1005,-564,1006,-522,1007,-677]],"properties":{"code_muni":5210109,"abbrev_state":"GO","name_state":"Goiás","name_region":"Centro-Oeste","name_muni":"Ipameri","code_state":52,"code_region":5,"year":2020}},{"type":"Polygon","arcs":[[1008,1009,1010,-594,1011,1012]],"properties":{"code_muni":5210158,"abbrev_state":"GO","name_state":"Goiás","name_region":"Centro-Oeste","name_muni":"Ipiranga de Goiás","code_state":52,"code_region":5,"year":2020}},{"type":"Polygon","arcs":[[1013,-238,1014,1015,1016,-135,1017,1018,1019,1020,1021,1022,-731]],"properties":{"code_muni":5210208,"abbrev_state":"GO","name_state":"Goiás","name_region":"Centro-Oeste","name_muni":"Iporá","code_state":52,"code_region":5,"year":2020}},{"type":"Polygon","arcs":[[1023,1024,-1021,1025,1026,1027,1028,-784]],"properties":{"code_muni":5210307,"abbrev_state":"GO","name_state":"Goiás","name_region":"Centro-Oeste","name_muni":"Israelândia","code_state":52,"code_region":5,"year":2020}},{"type":"Polygon","arcs":[[1029,-942,1030,-895,1031,1032,1033,-125,1034,-132,1035,-162,-282,-193,1036,1037,1038,1039,1040,1041,1042]],"properties":{"code_muni":5210406,"abbrev_state":"GO","name_state":"Goiás","name_region":"Centro-Oeste","name_muni":"Itaberaí","code_state":52,"code_region":5,"year":2020}},{"type":"Polygon","arcs":[[-1041,1043,1044,1045,1046,1047]],"properties":{"code_muni":5210562,"abbrev_state":"GO","name_state":"Goiás","name_region":"Centro-Oeste","name_muni":"Itaguari","code_state":52,"code_region":5,"year":2020}},{"type":"Polygon","arcs":[[1048,-1042,-1048,1049,1050]],"properties":{"code_muni":5210604,"abbrev_state":"GO","name_state":"Goiás","name_region":"Centro-Oeste","name_muni":"Itaguaru","code_state":52,"code_region":5,"year":2020}},{"type":"Polygon","arcs":[[1051,-187,1052,1053,1054,1055]],"properties":{"code_muni":5210802,"abbrev_state":"GO","name_state":"Goiás","name_region":"Centro-Oeste","name_muni":"Itajá","code_state":52,"code_region":5,"year":2020}},{"type":"Polygon","arcs":[[1056,-692,1057,1058,1059,1060,1061,-1009,1062,1063,1064,1065,1066,-935]],"properties":{"code_muni":5210901,"abbrev_state":"GO","name_state":"Goiás","name_region":"Centro-Oeste","name_muni":"Itapaci","code_state":52,"code_region":5,"year":2020}},{"type":"Polygon","arcs":[[1067,1068,1069,1070,1071,-888,1072,-374]],"properties":{"code_muni":5211008,"abbrev_state":"GO","name_state":"Goiás","name_region":"Centro-Oeste","name_muni":"Itapirapuã","code_state":52,"code_region":5,"year":2020}},{"type":"Polygon","arcs":[[1073,1074,1075,-774,1076,-925,1077,-898,-940,1078,1079,1080,-546,1081,1082,1083,1084]],"properties":{"code_muni":5211206,"abbrev_state":"GO","name_state":"Goiás","name_region":"Centro-Oeste","name_muni":"Itapuranga","code_state":52,"code_region":5,"year":2020}},{"type":"Polygon","arcs":[[-189,1085,-1056,1086,-436,1087,1088]],"properties":{"code_muni":5211305,"abbrev_state":"GO","name_state":"Goiás","name_region":"Centro-Oeste","name_muni":"Itarumã","code_state":52,"code_region":5,"year":2020}},{"type":"Polygon","arcs":[[1089,1090,-1038,1091,-191,-990,1092,1093,1094,1095]],"properties":{"code_muni":5211404,"abbrev_state":"GO","name_state":"Goiás","name_region":"Centro-Oeste","name_muni":"Itauçu","code_state":52,"code_region":5,"year":2020}},{"type":"Polygon","arcs":[[1096,1097,1098,-344,1099,-983,1100,1101,1102,-434,1103,-432,1104,-430,1105,-379]],"properties":{"code_muni":5211503,"abbrev_state":"GO","name_state":"Goiás","name_region":"Centro-Oeste","name_muni":"Itumbiara","code_state":52,"code_region":5,"year":2020}},{"type":"Polygon","arcs":[[1106,-236,1107,1108,1109,-465,1110,1111,1112,-419,1113,-1019,1114,-134,1115,-1016]],"properties":{"code_muni":5211602,"abbrev_state":"GO","name_state":"Goiás","name_region":"Centro-Oeste","name_muni":"Ivolândia","code_state":52,"code_region":5,"year":2020}},{"type":"Polygon","arcs":[[1116,-33,-988,1117,1118]],"properties":{"code_muni":5211701,"abbrev_state":"GO","name_state":"Goiás","name_region":"Centro-Oeste","name_muni":"Jandaia","code_state":52,"code_region":5,"year":2020}},{"type":"Polygon","arcs":[[1119,1120,1121,1122,1123,-1051,1124,-1046,1125,1126,1127,1128,1129,1130,1131,1132,-860]],"properties":{"code_muni":5211800,"abbrev_state":"GO","name_state":"Goiás","name_region":"Centro-Oeste","name_muni":"Jaraguá","code_state":52,"code_region":5,"year":2020}},{"type":"Polygon","arcs":[[-454,1133,-452,1134,1135,1136,1137,1138,1139,-1088,-435,-183,1140,1141,1142,-456,1143]],"properties":{"code_muni":5211909,"abbrev_state":"GO","name_state":"Goiás","name_region":"Centro-Oeste","name_muni":"Jataí","code_state":52,"code_region":5,"year":2020}},{"type":"Polygon","arcs":[[1144,1145,1146,-735,1147,-733,1148,-1022,-1025,1149,-782]],"properties":{"code_muni":5212006,"abbrev_state":"GO","name_state":"Goiás","name_region":"Centro-Oeste","name_muni":"Jaupaci","code_state":52,"code_region":5,"year":2020}},{"type":"Polygon","arcs":[[-1129,1150,1151,1152,1153,1154]],"properties":{"code_muni":5212055,"abbrev_state":"GO","name_state":"Goiás","name_region":"Centro-Oeste","name_muni":"Jesúpolis","code_state":52,"code_region":5,"year":2020}},{"type":"Polygon","arcs":[[1155,1156,-909,1157,1158,-71]],"properties":{"code_muni":5212105,"abbrev_state":"GO","name_state":"Goiás","name_region":"Centro-Oeste","name_muni":"Joviânia","code_state":52,"code_region":5,"year":2020}},{"type":"Polygon","arcs":[[1159,1160,1161,-791,1162,1163,1164,-1070,1165,-371]],"properties":{"code_muni":5212204,"abbrev_state":"GO","name_state":"Goiás","name_region":"Centro-Oeste","name_muni":"Jussara","code_state":52,"code_region":5,"year":2020}},{"type":"Polygon","arcs":[[-1054,1166]],"properties":{"code_muni":5212253,"abbrev_state":"GO","name_state":"Goiás","name_region":"Centro-Oeste","name_muni":"Lagoa Santa","code_state":52,"code_region":5,"year":2020}},{"type":"Polygon","arcs":[[1167,1168,-849,1169,-352,1170,-482,1171]],"properties":{"code_muni":5212303,"abbrev_state":"GO","name_state":"Goiás","name_region":"Centro-Oeste","name_muni":"Leopoldo de Bulhões","code_state":52,"code_region":5,"year":2020}},{"type":"Polygon","arcs":[[1172,1173,1174,1175,1176,1177,-68,1178,1179,1180,1181,-997,-676,1182,-626]],"properties":{"code_muni":5212501,"abbrev_state":"GO","name_state":"Goiás","name_region":"Centro-Oeste","name_muni":"Luziânia","code_state":52,"code_region":5,"year":2020}},{"type":"Polygon","arcs":[[-952,1183,1184,-612,1185,1186,1187,1188,1189,1190,1191,1192,-702]],"properties":{"code_muni":5212600,"abbrev_state":"GO","name_state":"Goiás","name_region":"Centro-Oeste","name_muni":"Mairipotaba","code_state":52,"code_region":5,"year":2020}},{"type":"Polygon","arcs":[[1193,1194,1195,-402,1196,-714]],"properties":{"code_muni":5212709,"abbrev_state":"GO","name_state":"Goiás","name_region":"Centro-Oeste","name_muni":"Mambaí","code_state":52,"code_region":5,"year":2020}},{"type":"Polygon","arcs":[[1197,-115,1198,-113,1199,1200,1201,1202,1203,-541,1204,-82,1205,1206,1207,1208,-516,1209,-514,1210,-512,-829,1211,-762,1212,1213,-117]],"properties":{"code_muni":5212808,"abbrev_state":"GO","name_state":"Goiás","name_region":"Centro-Oeste","name_muni":"Mara Rosa","code_state":52,"code_region":5,"year":2020}},{"type":"Polygon","arcs":[[-476,1214,1215,-56,-667]],"properties":{"code_muni":5212907,"abbrev_state":"GO","name_state":"Goiás","name_region":"Centro-Oeste","name_muni":"Marzagão","code_state":52,"code_region":5,"year":2020}},{"type":"Polygon","arcs":[[1216,-249,1217,-375,-1073,-887,1218,-769,1219,-215]],"properties":{"code_muni":5212956,"abbrev_state":"GO","name_state":"Goiás","name_region":"Centro-Oeste","name_muni":"Matrinchã","code_state":52,"code_region":5,"year":2020}},{"type":"Polygon","arcs":[[1220,1221,1222,-553,1223,1224,1225,1226,1227,1228,1229]],"properties":{"code_muni":5213004,"abbrev_state":"GO","name_state":"Goiás","name_region":"Centro-Oeste","name_muni":"Maurilândia","code_state":52,"code_region":5,"year":2020}},{"type":"Polygon","arcs":[[1230,1231,1232,1233,1234,-45,1235,1236,1237]],"properties":{"code_muni":5213053,"abbrev_state":"GO","name_state":"Goiás","name_region":"Centro-Oeste","name_muni":"Mimoso de Goiás","code_state":52,"code_region":5,"year":2020}},{"type":"Polygon","arcs":[[1238,1239,1240,1241,-509,1242,-508,1243,-643,1244,-641,1245,-585]],"properties":{"code_muni":5213087,"abbrev_state":"GO","name_state":"Goiás","name_region":"Centro-Oeste","name_muni":"Minaçu","code_state":52,"code_region":5,"year":2020}},{"type":"MultiPolygon","arcs":[[[-619,1246]],[[1247,1248,1249,1250,1251,-617,1252,-1137,1253,1254,1255,1256,-448,1257,-738],[1258]]],"properties":{"code_muni":5213103,"abbrev_state":"GO","name_state":"Goiás","name_region":"Centro-Oeste","name_muni":"Mineiros","code_state":52,"code_region":5,"year":2020}},{"type":"Polygon","arcs":[[1259,-1026,-1020,-1114,-426,1260,-256,1261,-652,1262,-786,1263,-1028]],"properties":{"code_muni":5213400,"abbrev_state":"GO","name_state":"Goiás","name_region":"Centro-Oeste","name_muni":"Moiporá","code_state":52,"code_region":5,"year":2020}},{"type":"Polygon","arcs":[[1264,-529,1265,-591,1266,1267,1268,1269,1270,1271,1272,-839,1273,-531]],"properties":{"code_muni":5213509,"abbrev_state":"GO","name_state":"Goiás","name_region":"Centro-Oeste","name_muni":"Monte Alegre de Goiás","code_state":52,"code_region":5,"year":2020}},{"type":"Polygon","arcs":[[1274,-204,1275,-331,1276,1277,-244,1278,-727,1279,-1146,1280,-780,1281,-1161]],"properties":{"code_muni":5213707,"abbrev_state":"GO","name_state":"Goiás","name_region":"Centro-Oeste","name_muni":"Montes Claros de Goiás","code_state":52,"code_region":5,"year":2020}},{"type":"Polygon","arcs":[[1282,-464,1283,-462,1284,1285,1286,1287,1288,1289,1290,1291,1292]],"properties":{"code_muni":5213756,"abbrev_state":"GO","name_state":"Goiás","name_region":"Centro-Oeste","name_muni":"Montividiu","code_state":52,"code_region":5,"year":2020}},{"type":"Polygon","arcs":[[1293,1294,1295,1296,-1240]],"properties":{"code_muni":5213772,"abbrev_state":"GO","name_state":"Goiás","name_region":"Centro-Oeste","name_muni":"Montividiu do Norte","code_state":52,"code_region":5,"year":2020}},{"type":"Polygon","arcs":[[1297,1298,1299,1300,-73,1301,-1158,-908,-383,-52,1302,1303,1304,-472,1305]],"properties":{"code_muni":5213806,"abbrev_state":"GO","name_state":"Goiás","name_region":"Centro-Oeste","name_muni":"Morrinhos","code_state":52,"code_region":5,"year":2020}},{"type":"Polygon","arcs":[[1306,-219,1307,-777,1308,1309,-1075,1310,-1085,1311,1312,1313]],"properties":{"code_muni":5213855,"abbrev_state":"GO","name_state":"Goiás","name_region":"Centro-Oeste","name_muni":"Morro Agudo de Goiás","code_state":52,"code_region":5,"year":2020}},{"type":"Polygon","arcs":[[1314,-893,1315,-891,1316,-391,1317,1318,1319,-35,1320,1321,-154,1322,-127,1323,-1033]],"properties":{"code_muni":5213905,"abbrev_state":"GO","name_state":"Goiás","name_region":"Centro-Oeste","name_muni":"Mossâmedes","code_state":52,"code_region":5,"year":2020}},{"type":"Polygon","arcs":[[1324,-252,1325,-226,1326,-688,1327,1328]],"properties":{"code_muni":5214002,"abbrev_state":"GO","name_state":"Goiás","name_region":"Centro-Oeste","name_muni":"Mozarlândia","code_state":52,"code_region":5,"year":2020}},{"type":"Polygon","arcs":[[1329,1330,1331,1332,1333,1334,-109,1335,-358,1336]],"properties":{"code_muni":5214051,"abbrev_state":"GO","name_state":"Goiás","name_region":"Centro-Oeste","name_muni":"Mundo Novo","code_state":52,"code_region":5,"year":2020}},{"type":"Polygon","arcs":[[1337,1338,1339,-119,1340,1341,-760,1342,1343]],"properties":{"code_muni":5214101,"abbrev_state":"GO","name_state":"Goiás","name_region":"Centro-Oeste","name_muni":"Mutunópolis","code_state":52,"code_region":5,"year":2020}},{"type":"Polygon","arcs":[[-159,1344,1345,1346,1347,1348,1349,-275,1350]],"properties":{"code_muni":5214408,"abbrev_state":"GO","name_state":"Goiás","name_region":"Centro-Oeste","name_muni":"Nazário","code_state":52,"code_region":5,"year":2020}},{"type":"Polygon","arcs":[[1351,1352,1353,1354,-878,1355,-843,1356,1357,-143,1358]],"properties":{"code_muni":5214507,"abbrev_state":"GO","name_state":"Goiás","name_region":"Centro-Oeste","name_muni":"Nerópolis","code_state":52,"code_region":5,"year":2020}},{"type":"Polygon","arcs":[[1359,-504,1360,-502,1361,1362,1363,1364,1365,1366,1367,-296,1368,-294,1369,-292,1370,1371,-1238,1372,1373,-43,1374,1375,-89,1376,-645]],"properties":{"code_muni":5214606,"abbrev_state":"GO","name_state":"Goiás","name_region":"Centro-Oeste","name_muni":"Niquelândia","code_state":52,"code_region":5,"year":2020}},{"type":"Polygon","arcs":[[1377,1378,-1059,1379,-690]],"properties":{"code_muni":5214705,"abbrev_state":"GO","name_state":"Goiás","name_region":"Centro-Oeste","name_muni":"Nova América","code_state":52,"code_region":5,"year":2020}},{"type":"Polygon","arcs":[[-1004,-672,1380,-706,1381,-855,1382]],"properties":{"code_muni":5214804,"abbrev_state":"GO","name_state":"Goiás","name_region":"Centro-Oeste","name_muni":"Nova Aurora","code_state":52,"code_region":5,"year":2020}},{"type":"Polygon","arcs":[[1383,-254,1384,-1329,1385,-686,1386,1387,1388,-1333,1389,1390]],"properties":{"code_muni":5214838,"abbrev_state":"GO","name_state":"Goiás","name_region":"Centro-Oeste","name_muni":"Nova Crixás","code_state":52,"code_region":5,"year":2020}},{"type":"Polygon","arcs":[[1391,1392,-1064,1393,-1012,-593,1394,1395,1396,1397,1398,1399]],"properties":{"code_muni":5214861,"abbrev_state":"GO","name_state":"Goiás","name_region":"Centro-Oeste","name_muni":"Nova Glória","code_state":52,"code_region":5,"year":2020}},{"type":"Polygon","arcs":[[-1207,1400,-80,1401,1402,1403,1404,-518,1405,1406]],"properties":{"code_muni":5214879,"abbrev_state":"GO","name_state":"Goiás","name_region":"Centro-Oeste","name_muni":"Nova Iguaçu de Goiás","code_state":52,"code_region":5,"year":2020}},{"type":"Polygon","arcs":[[1407,1408,1409,1410,1411,-92,1412,1413,-814,-972,1414,-970,1415,1416,1417,-1270]],"properties":{"code_muni":5214903,"abbrev_state":"GO","name_state":"Goiás","name_region":"Centro-Oeste","name_muni":"Nova Roma","code_state":52,"code_region":5,"year":2020}},{"type":"Polygon","arcs":[[-720,1418,-367,1419,-1354,1420,-1352,1421]],"properties":{"code_muni":5215009,"abbrev_state":"GO","name_state":"Goiás","name_region":"Centro-Oeste","name_muni":"Nova Veneza","code_state":52,"code_region":5,"year":2020}},{"type":"Polygon","arcs":[[-1072,1422,-1164,1423,-789,1424,-648,-386,1425,-889]],"properties":{"code_muni":5215207,"abbrev_state":"GO","name_state":"Goiás","name_region":"Centro-Oeste","name_muni":"Novo Brasil","code_state":52,"code_region":5,"year":2020}},{"type":"Polygon","arcs":[[1426,1427,1428,1429,-1176,1430,1431,1432,1433,1434]],"properties":{"code_muni":5215231,"abbrev_state":"GO","name_state":"Goiás","name_region":"Centro-Oeste","name_muni":"Novo Gama","code_state":52,"code_region":5,"year":2020}},{"type":"Polygon","arcs":[[1435,1436,1437,-355,1438,1439]],"properties":{"code_muni":5215256,"abbrev_state":"GO","name_state":"Goiás","name_region":"Centro-Oeste","name_muni":"Novo Planalto","code_state":52,"code_region":5,"year":2020}},{"type":"Polygon","arcs":[[1440,1441,1442,1443,1444,1445,1446,-998,-1182]],"properties":{"code_muni":5215306,"abbrev_state":"GO","name_state":"Goiás","name_region":"Centro-Oeste","name_muni":"Orizona","code_state":52,"code_region":5,"year":2020}},{"type":"Polygon","arcs":[[-139,1447,1448,1449,1450,-721,-1422,-1359,-142,1451,-526]],"properties":{"code_muni":5215405,"abbrev_state":"GO","name_state":"Goiás","name_region":"Centro-Oeste","name_muni":"Ouro Verde de Goiás","code_state":52,"code_region":5,"year":2020}},{"type":"Polygon","arcs":[[-571,1452,1453,1454,-725,1455]],"properties":{"code_muni":5215504,"abbrev_state":"GO","name_state":"Goiás","name_region":"Centro-Oeste","name_muni":"Ouvidor","code_state":52,"code_region":5,"year":2020}},{"type":"Polygon","arcs":[[1456,1457,-639,-59,1458,1459,-1234]],"properties":{"code_muni":5215603,"abbrev_state":"GO","name_state":"Goiás","name_region":"Centro-Oeste","name_muni":"Padre Bernardo","code_state":52,"code_region":5,"year":2020}},{"type":"Polygon","arcs":[[-234,1460,-467,1461,-1109,1462]],"properties":{"code_muni":5215652,"abbrev_state":"GO","name_state":"Goiás","name_region":"Centro-Oeste","name_muni":"Palestina de Goiás","code_state":52,"code_region":5,"year":2020}},{"type":"Polygon","arcs":[[1463,1464,-1118,-987,1465,-985,1466,-604,1467,-616,-915,1468,-493,1469,-491,1470,1471,1472,-1347]],"properties":{"code_muni":5215702,"abbrev_state":"GO","name_state":"Goiás","name_region":"Centro-Oeste","name_muni":"Palmeiras de Goiás","code_state":52,"code_region":5,"year":2020}},{"type":"Polygon","arcs":[[1473,1474,1475,1476,1477,1478]],"properties":{"code_muni":5215801,"abbrev_state":"GO","name_state":"Goiás","name_region":"Centro-Oeste","name_muni":"Palmelo","code_state":52,"code_region":5,"year":2020}},{"type":"Polygon","arcs":[[1479,1480,-802,1481,1482,1483,-1119,-1465]],"properties":{"code_muni":5215900,"abbrev_state":"GO","name_state":"Goiás","name_region":"Centro-Oeste","name_muni":"Palminópolis","code_state":52,"code_region":5,"year":2020}},{"type":"Polygon","arcs":[[1484,-1098,1485,-906]],"properties":{"code_muni":5216007,"abbrev_state":"GO","name_state":"Goiás","name_region":"Centro-Oeste","name_muni":"Panamá","code_state":52,"code_region":5,"year":2020}},{"type":"Polygon","arcs":[[1486,-410,1487,-442,1488,-440,1489,1490,1491,1492,1493,1494]],"properties":{"code_muni":5216304,"abbrev_state":"GO","name_state":"Goiás","name_region":"Centro-Oeste","name_muni":"Paranaiguara","code_state":52,"code_region":5,"year":2020}},{"type":"Polygon","arcs":[[1495,-1112,1496,-1293,1497,1498,1499,1500,1501,-23,1502,-34,-1117,1503,1504,-264,1505,-421]],"properties":{"code_muni":5216403,"abbrev_state":"GO","name_state":"Goiás","name_region":"Centro-Oeste","name_muni":"Paraúna","code_state":52,"code_region":5,"year":2020}},{"type":"Polygon","arcs":[[1506,-1254,-1136,1507,-450,1508,-1256]],"properties":{"code_muni":5216452,"abbrev_state":"GO","name_state":"Goiás","name_region":"Centro-Oeste","name_muni":"Perolândia","code_state":52,"code_region":5,"year":2020}},{"type":"Polygon","arcs":[[-1153,1509,1510,1511,-1093,-996,1512,-723,1513,-1450,1514,-136,1515,1516,1517,1518]],"properties":{"code_muni":5216809,"abbrev_state":"GO","name_state":"Goiás","name_region":"Centro-Oeste","name_muni":"Petrolina de Goiás","code_state":52,"code_region":5,"year":2020}},{"type":"Polygon","arcs":[[1519,-538,1520,1521,-936,-1067,-963,1522,1523,1524,-1402,-79]],"properties":{"code_muni":5216908,"abbrev_state":"GO","name_state":"Goiás","name_region":"Centro-Oeste","name_muni":"Pilar de Goiás","code_state":52,"code_region":5,"year":2020}},{"type":"Polygon","arcs":[[1525,-956,1526,1527,1528,-1190,-1306,-471,1529,1530,-680,1531,-314]],"properties":{"code_muni":5217104,"abbrev_state":"GO","name_state":"Goiás","name_region":"Centro-Oeste","name_muni":"Piracanjuba","code_state":52,"code_region":5,"year":2020}},{"type":"Polygon","arcs":[[1532,-328,1533,-469,-231]],"properties":{"code_muni":5217203,"abbrev_state":"GO","name_state":"Goiás","name_region":"Centro-Oeste","name_muni":"Piranhas","code_state":52,"code_region":5,"year":2020}},{"type":"Polygon","arcs":[[1534,1535,-862,1536,-1132,1537,1538,1539,-1516,-150,1540,-12,1541,-659,-634,1542,-632]],"properties":{"code_muni":5217302,"abbrev_state":"GO","name_state":"Goiás","name_region":"Centro-Oeste","name_muni":"Pirenópolis","code_state":52,"code_region":5,"year":2020}},{"type":"Polygon","arcs":[[-1445,1543,-684,1544,1545,1546,-1475,1547,-1479,1548,1549,-480,-1001,1550,1551,1552,1553,1554]],"properties":{"code_muni":5217401,"abbrev_state":"GO","name_state":"Goiás","name_region":"Centro-Oeste","name_muni":"Pires do Rio","code_state":52,"code_region":5,"year":2020}},{"type":"Polygon","arcs":[[-46,-1235,-1460,1555,-819,1556]],"properties":{"code_muni":5217609,"abbrev_state":"GO","name_state":"Goiás","name_region":"Centro-Oeste","name_muni":"Planaltina","code_state":52,"code_region":5,"year":2020}},{"type":"Polygon","arcs":[[1557,-610,1558,-747,1559,1560,-1156,-75,1561,-1300,1562,-1298,-1189,1563,-1187]],"properties":{"code_muni":5217708,"abbrev_state":"GO","name_state":"Goiás","name_region":"Centro-Oeste","name_muni":"Pontalina","code_state":52,"code_region":5,"year":2020}},{"type":"Polygon","arcs":[[1564,-1440,1565,-361,1566,-121,1567,-1339,1568,1569,1570,1571,1572,-1295]],"properties":{"code_muni":5218003,"abbrev_state":"GO","name_state":"Goiás","name_region":"Centro-Oeste","name_muni":"Porangatu","code_state":52,"code_region":5,"year":2020}},{"type":"Polygon","arcs":[[1573,1574,1575,1576,1577,1578,1579,-1225,1580,-562,-903,1581,1582,1583,-754]],"properties":{"code_muni":5218052,"abbrev_state":"GO","name_state":"Goiás","name_region":"Centro-Oeste","name_muni":"Porteirão","code_state":52,"code_region":5,"year":2020}},{"type":"Polygon","arcs":[[-1259]],"properties":{"code_muni":5218102,"abbrev_state":"GO","name_state":"Goiás","name_region":"Centro-Oeste","name_muni":"Portelândia","code_state":52,"code_region":5,"year":2020}},{"type":"Polygon","arcs":[[1584,-975,1585,-105,1586,1587,-394,1588,-1195,1589,-931]],"properties":{"code_muni":5218300,"abbrev_state":"GO","name_state":"Goiás","name_region":"Centro-Oeste","name_muni":"Posse","code_state":52,"code_region":5,"year":2020}},{"type":"Polygon","arcs":[[1590,-954,-704,1591,-1192,1592,-1528]],"properties":{"code_muni":5218391,"abbrev_state":"GO","name_state":"Goiás","name_region":"Centro-Oeste","name_muni":"Professor Jamil","code_state":52,"code_region":5,"year":2020}},{"type":"Polygon","arcs":[[1593,-556,1594,1595,1596,1597,1598,1599,-416,1600,-414,1601,-412,1602,-1495,1603,-911,1604,-339,1605,-337,1606,-335,1607,-558]],"properties":{"code_muni":5218508,"abbrev_state":"GO","name_state":"Goiás","name_region":"Centro-Oeste","name_muni":"Quirinópolis","code_state":52,"code_region":5,"year":2020}},{"type":"Polygon","arcs":[[1608,-602,1609,-600,1610,-549,1611,1612,1613,1614,-1396]],"properties":{"code_muni":5218607,"abbrev_state":"GO","name_state":"Goiás","name_region":"Centro-Oeste","name_muni":"Rialma","code_state":52,"code_region":5,"year":2020}},{"type":"Polygon","arcs":[[1615,1616,-1614,1617,1618,1619,-1122,1620]],"properties":{"code_muni":5218706,"abbrev_state":"GO","name_state":"Goiás","name_region":"Centro-Oeste","name_muni":"Rianápolis","code_state":52,"code_region":5,"year":2020}},{"type":"Polygon","arcs":[[1621,-1304,1622,-57,-1216,1623,-474]],"properties":{"code_muni":5218789,"abbrev_state":"GO","name_state":"Goiás","name_region":"Centro-Oeste","name_muni":"Rio Quente","code_state":52,"code_region":5,"year":2020}},{"type":"Polygon","arcs":[[1624,-1291,1625,-1289,1626,-1287,1627,1628,-458,1629,-1142,1630,-181,1631,-418,1632,-1599,1633,-1597,1634,-1595,-555,1635,-1222,1636,1637,1638,1639,1640,-1499]],"properties":{"code_muni":5218805,"abbrev_state":"GO","name_state":"Goiás","name_region":"Centro-Oeste","name_muni":"Rio Verde","code_state":52,"code_region":5,"year":2020}},{"type":"Polygon","arcs":[[1641,-1378,-223,1642,-221,1643,-1314,1644,1645,-595,-1011,1646,-1061]],"properties":{"code_muni":5218904,"abbrev_state":"GO","name_state":"Goiás","name_region":"Centro-Oeste","name_muni":"Rubiataba","code_state":52,"code_region":5,"year":2020}},{"type":"Polygon","arcs":[[1647,-389,1648,-657,1649,1650,1651,-37,1652,-1319]],"properties":{"code_muni":5219001,"abbrev_state":"GO","name_state":"Goiás","name_region":"Centro-Oeste","name_muni":"Sanclerlândia","code_state":52,"code_region":5,"year":2020}},{"type":"Polygon","arcs":[[1653,-277,1654,-1349,1655,-1472,1656,-489,1657,1658]],"properties":{"code_muni":5219100,"abbrev_state":"GO","name_state":"Goiás","name_region":"Centro-Oeste","name_muni":"Santa Bárbara de Goiás","code_state":52,"code_region":5,"year":2020}},{"type":"Polygon","arcs":[[-1477,1659,-1546,1660,-682,1661,-1530,-481,-1550,1662]],"properties":{"code_muni":5219209,"abbrev_state":"GO","name_state":"Goiás","name_region":"Centro-Oeste","name_muni":"Santa Cruz de Goiás","code_state":52,"code_region":5,"year":2020}},{"type":"Polygon","arcs":[[-1166,-1069,1663,-372]],"properties":{"code_muni":5219258,"abbrev_state":"GO","name_state":"Goiás","name_region":"Centro-Oeste","name_muni":"Santa Fé de Goiás","code_state":52,"code_region":5,"year":2020}},{"type":"Polygon","arcs":[[1664,1665,1666,-1638,1667,-1230,1668,1669,1670,1671,1672,1673,1674,1675,1676,-27]],"properties":{"code_muni":5219308,"abbrev_state":"GO","name_state":"Goiás","name_region":"Centro-Oeste","name_muni":"Santa Helena de Goiás","code_state":52,"code_region":5,"year":2020}},{"type":"Polygon","arcs":[[-858,1677,-1397,-1615,-1617,1678,-1621,-1121,1679]],"properties":{"code_muni":5219357,"abbrev_state":"GO","name_state":"Goiás","name_region":"Centro-Oeste","name_muni":"Santa Isabel","code_state":52,"code_region":5,"year":2020}},{"type":"Polygon","arcs":[[1680,-1251,1681,-1249]],"properties":{"code_muni":5219407,"abbrev_state":"GO","name_state":"Goiás","name_region":"Centro-Oeste","name_muni":"Santa Rita do Araguaia","code_state":52,"code_region":5,"year":2020}},{"type":"Polygon","arcs":[[1682,1683,1684,1685,-966,1686,1687,1688,-865,1689,-300,1690,-298,1691,-1367]],"properties":{"code_muni":5219456,"abbrev_state":"GO","name_state":"Goiás","name_region":"Centro-Oeste","name_muni":"Santa Rita do Novo Destino","code_state":52,"code_region":5,"year":2020}},{"type":"Polygon","arcs":[[-1128,1692,1693,-1095,1694,-1511,1695,-1151]],"properties":{"code_muni":5219506,"abbrev_state":"GO","name_state":"Goiás","name_region":"Centro-Oeste","name_muni":"Santa Rosa de Goiás","code_state":52,"code_region":5,"year":2020}},{"type":"Polygon","arcs":[[1696,-1570,1697,-1344,1698,-766,1699,-826,1700,1701]],"properties":{"code_muni":5219605,"abbrev_state":"GO","name_state":"Goiás","name_region":"Centro-Oeste","name_muni":"Santa Tereza de Goiás","code_state":52,"code_region":5,"year":2020}},{"type":"Polygon","arcs":[[1702,1703,1704,-696,1705,-938,1706,-1521,-537,1707,-535,1708,-1203]],"properties":{"code_muni":5219704,"abbrev_state":"GO","name_state":"Goiás","name_region":"Centro-Oeste","name_muni":"Santa Terezinha de Goiás","code_state":52,"code_region":5,"year":2020}},{"type":"Polygon","arcs":[[1709,-1640,1710,-1666,1711,-25,1712,-1501]],"properties":{"code_muni":5219712,"abbrev_state":"GO","name_state":"Goiás","name_region":"Centro-Oeste","name_muni":"Santo Antônio da Barra","code_state":52,"code_region":5,"year":2020}},{"type":"Polygon","arcs":[[-1355,-1420,-366,-885,1713,-866]],"properties":{"code_muni":5219738,"abbrev_state":"GO","name_state":"Goiás","name_region":"Centro-Oeste","name_muni":"Santo Antônio de Goiás","code_state":52,"code_region":5,"year":2020}},{"type":"Polygon","arcs":[[1714,1715,-637,1716,-663,1717,-69,-1178,1718,-1429,1719,-1427,1720,-63]],"properties":{"code_muni":5219753,"abbrev_state":"GO","name_state":"Goiás","name_region":"Centro-Oeste","name_muni":"Santo Antônio do Descoberto","code_state":52,"code_region":5,"year":2020}},{"type":"Polygon","arcs":[[1721,1722,-836,1723,-1272,1724,-1417,1725,-968,1726,-927,1727,-933]],"properties":{"code_muni":5219803,"abbrev_state":"GO","name_state":"Goiás","name_region":"Centro-Oeste","name_muni":"São Domingos","code_state":52,"code_region":5,"year":2020}},{"type":"Polygon","arcs":[[-1155,1728,-1518,1729,-1539,1730,-1130]],"properties":{"code_muni":5219902,"abbrev_state":"GO","name_state":"Goiás","name_region":"Centro-Oeste","name_muni":"São Francisco de Goiás","code_state":52,"code_region":5,"year":2020}},{"type":"Polygon","arcs":[[-91,1731,-1375,-50,1732,-816,1733,-805,1734,-1413]],"properties":{"code_muni":5220009,"abbrev_state":"GO","name_state":"Goiás","name_region":"Centro-Oeste","name_muni":"São João d'Aliança","code_state":52,"code_region":5,"year":2020}},{"type":"Polygon","arcs":[[1735,-265,-1505,1736,-1483,1737,-800]],"properties":{"code_muni":5220058,"abbrev_state":"GO","name_state":"Goiás","name_region":"Centro-Oeste","name_muni":"São João da Paraúna","code_state":52,"code_region":5,"year":2020}},{"type":"Polygon","arcs":[[1738,-655,1739,-271,1740,-796,1741,-794,1742,1743,-39,1744,-1651]],"properties":{"code_muni":5220108,"abbrev_state":"GO","name_state":"Goiás","name_region":"Centro-Oeste","name_muni":"São Luís de Montes Belos","code_state":52,"code_region":5,"year":2020}},{"type":"Polygon","arcs":[[-1066,1745,-1392,1746,-1399,1747,-1688,1748,-964]],"properties":{"code_muni":5220157,"abbrev_state":"GO","name_state":"Goiás","name_region":"Centro-Oeste","name_muni":"São Luiz do Norte","code_state":52,"code_region":5,"year":2020}},{"type":"Polygon","arcs":[[1749,-1391,1750,-1331,1751,-1337,-357,1752,-1437]],"properties":{"code_muni":5220207,"abbrev_state":"GO","name_state":"Goiás","name_region":"Centro-Oeste","name_muni":"São Miguel do Araguaia","code_state":52,"code_region":5,"year":2020}},{"type":"Polygon","arcs":[[1753,1754,-319,1755,-317,-678,1756,1757,1758]],"properties":{"code_muni":5220264,"abbrev_state":"GO","name_state":"Goiás","name_region":"Centro-Oeste","name_muni":"São Miguel do Passa Quatro","code_state":52,"code_region":5,"year":2020}},{"type":"Polygon","arcs":[[1759,-1645,-1313,1760,-1083,1761,-544,1762,1763,-597]],"properties":{"code_muni":5220280,"abbrev_state":"GO","name_state":"Goiás","name_region":"Centro-Oeste","name_muni":"São Patrício","code_state":52,"code_region":5,"year":2020}},{"type":"Polygon","arcs":[[-1493,1764,-1491,1765,-438,1766]],"properties":{"code_muni":5220405,"abbrev_state":"GO","name_state":"Goiás","name_region":"Centro-Oeste","name_muni":"São Simão","code_state":52,"code_region":5,"year":2020}},{"type":"Polygon","arcs":[[-875,1767,-175,1768,-309,1769,-484,1770,-350]],"properties":{"code_muni":5220454,"abbrev_state":"GO","name_state":"Goiás","name_region":"Centro-Oeste","name_muni":"Senador Canedo","code_state":52,"code_region":5,"year":2020}},{"type":"Polygon","arcs":[[-1253,-622,1771,-190,-1089,-1140,1772,-1138]],"properties":{"code_muni":5220504,"abbrev_state":"GO","name_state":"Goiás","name_region":"Centro-Oeste","name_muni":"Serranópolis","code_state":52,"code_region":5,"year":2020}},{"type":"Polygon","arcs":[[-18,1773,-834,1774,-1168,1775,-487,1776,-322,1777,-1759,1778,1779,1780,-1442,1781,-1180,1782,-66]],"properties":{"code_muni":5220603,"abbrev_state":"GO","name_state":"Goiás","name_region":"Centro-Oeste","name_muni":"Silvânia","code_state":52,"code_region":5,"year":2020}},{"type":"Polygon","arcs":[[1783,-103,1784,-395,-1588]],"properties":{"code_muni":5220686,"abbrev_state":"GO","name_state":"Goiás","name_region":"Centro-Oeste","name_muni":"Simolândia","code_state":52,"code_region":5,"year":2020}},{"type":"MultiPolygon","arcs":[[[-811,1785,-95]],[[1786,-398,1787,-99,1788,1789,1790,-712]]],"properties":{"code_muni":5220702,"abbrev_state":"GO","name_state":"Goiás","name_region":"Centro-Oeste","name_muni":"Sítio d'Abadia","code_state":52,"code_region":5,"year":2020}},{"type":"Polygon","arcs":[[-1044,-1040,1791,-1090,1792,-1693,-1127,1793]],"properties":{"code_muni":5221007,"abbrev_state":"GO","name_state":"Goiás","name_region":"Centro-Oeste","name_muni":"Taquaral de Goiás","code_state":52,"code_region":5,"year":2020}},{"type":"Polygon","arcs":[[-1268,1794,-589,-84,1795,-1411,1796,-1409,1797]],"properties":{"code_muni":5221080,"abbrev_state":"GO","name_state":"Goiás","name_region":"Centro-Oeste","name_muni":"Teresina de Goiás","code_state":52,"code_region":5,"year":2020}},{"type":"Polygon","arcs":[[-1358,1798,-841,1799,-144]],"properties":{"code_muni":5221197,"abbrev_state":"GO","name_state":"Goiás","name_region":"Centro-Oeste","name_muni":"Terezópolis de Goiás","code_state":52,"code_region":5,"year":2020}},{"type":"Polygon","arcs":[[-1454,1800,-569,1801]],"properties":{"code_muni":5221304,"abbrev_state":"GO","name_state":"Goiás","name_region":"Centro-Oeste","name_muni":"Três Ranchos","code_state":52,"code_region":5,"year":2020}},{"type":"Polygon","arcs":[[1802,-578,1803,1804,-1659,1805,-496,-922,1806,-2,1807,-870,1808,-882]],"properties":{"code_muni":5221403,"abbrev_state":"GO","name_state":"Goiás","name_region":"Centro-Oeste","name_muni":"Trindade","code_state":52,"code_region":5,"year":2020}},{"type":"Polygon","arcs":[[1809,-1572,1810,-1702,1811,-831,-1241,-1297]],"properties":{"code_muni":5221452,"abbrev_state":"GO","name_state":"Goiás","name_region":"Centro-Oeste","name_muni":"Trombas","code_state":52,"code_region":5,"year":2020}},{"type":"Polygon","arcs":[[-793,1812,-803,-1481,1813,-1345,-158,1814,-1743]],"properties":{"code_muni":5221502,"abbrev_state":"GO","name_state":"Goiás","name_region":"Centro-Oeste","name_muni":"Turvânia","code_state":52,"code_region":5,"year":2020}},{"type":"Polygon","arcs":[[-29,1815,-1676,1816,-1674,1817,-1672,1818,-1670,1819,-1228,1820,1821,-1579,1822,-1577,1823,-1575,1824,-752,1825]],"properties":{"code_muni":5221551,"abbrev_state":"GO","name_state":"Goiás","name_region":"Centro-Oeste","name_muni":"Turvelândia","code_state":52,"code_region":5,"year":2020}},{"type":"Polygon","arcs":[[1826,-1335,1827,-1388,1828,-698,1829,-1704,1830,-1201,1831,-111]],"properties":{"code_muni":5221577,"abbrev_state":"GO","name_state":"Goiás","name_region":"Centro-Oeste","name_muni":"Uirapuru","code_state":52,"code_region":5,"year":2020}},{"type":"Polygon","arcs":[[-520,1832,-1404,1833,-1524,1834,-961,1835,-967,-1686,1836,-1684,1837,-1365,1838,-1363,1839,-500]],"properties":{"code_muni":5221601,"abbrev_state":"GO","name_state":"Goiás","name_region":"Centro-Oeste","name_muni":"Uruaçu","code_state":52,"code_region":5,"year":2020}},{"type":"Polygon","arcs":[[1840,-1080,1841,-944,-1043,-1049,-1124,1842,-1619,1843,-1612,-548]],"properties":{"code_muni":5221700,"abbrev_state":"GO","name_state":"Goiás","name_region":"Centro-Oeste","name_muni":"Uruana","code_state":52,"code_region":5,"year":2020}},{"type":"Polygon","arcs":[[-1447,1844,-1554,1845,-1552,1846,-999]],"properties":{"code_muni":5221809,"abbrev_state":"GO","name_state":"Goiás","name_region":"Centro-Oeste","name_muni":"Urutaí","code_state":52,"code_region":5,"year":2020}},{"type":"Polygon","arcs":[[-1434,1847,-1432,1848,-1174,1849,-624,1850]],"properties":{"code_muni":5221858,"abbrev_state":"GO","name_state":"Goiás","name_region":"Centro-Oeste","name_muni":"Valparaíso de Goiás","code_state":52,"code_region":5,"year":2020}},{"type":"Polygon","arcs":[[-917,1851,-613,-1185,1852,-950,1853,-948,1854,-208]],"properties":{"code_muni":5221908,"abbrev_state":"GO","name_state":"Goiás","name_region":"Centro-Oeste","name_muni":"Varjão","code_state":52,"code_region":5,"year":2020}},{"type":"Polygon","arcs":[[1855,-1757,-1544,-1444,1856,-1780]],"properties":{"code_muni":5222005,"abbrev_state":"GO","name_state":"Goiás","name_region":"Centro-Oeste","name_muni":"Vianópolis","code_state":52,"code_region":5,"year":2020}},{"type":"Polygon","arcs":[[1857,-758,1858,-756,1859,-1583,1860,-901,-1157,-1561,1861,-745]],"properties":{"code_muni":5222054,"abbrev_state":"GO","name_state":"Goiás","name_region":"Centro-Oeste","name_muni":"Vicentinópolis","code_state":52,"code_region":5,"year":2020}},{"type":"Polygon","arcs":[[1862,-809,1863,-823]],"properties":{"code_muni":5222203,"abbrev_state":"GO","name_state":"Goiás","name_region":"Centro-Oeste","name_muni":"Vila Boa","code_state":52,"code_region":5,"year":2020}},{"type":"Polygon","arcs":[[-305,1864,-303,-863,-1536,1865,-630,1866,-1458,1867,-1232,1868,-1371]],"properties":{"code_muni":5222302,"abbrev_state":"GO","name_state":"Goiás","name_region":"Centro-Oeste","name_muni":"Vila Propício","code_state":52,"code_region":5,"year":2020}}]}},"arcs":[[[-49.446919,-16.716463],[-49.4479238,-16.7246961]],[[-49.4479238,-16.7246961],[-49.4726469,-16.73545],[-49.4886668,-16.7359168],[-49.4980068,-16.7484307],[-49.5192519,-16.7408973],[-49.5401992,-16.7452533],[-49.5399808,-16.7667109],[-49.5471165,-16.7672785],[-49.5460091,-16.7764203],[-49.5329768,-16.7782011],[-49.5173732,-16.7953564]],[[-49.5173732,-16.7953564],[-49.5084437,-16.8035609],[-49.5060332,-16.8042697],[-49.4948566,-16.7927842],[-49.4877191,-16.7913579]],[[-49.4877191,-16.7913579],[-49.4773697,-16.7921224],[-49.4579649,-16.819773]],[[-49.4579649,-16.819773],[-49.4645125,-16.8461985],[-49.4595772,-16.8511179]],[[-49.4595772,-16.8511179],[-49.4567325,-16.8596175]],[[-49.4567325,-16.8596175],[-49.45273,-16.8617796],[-49.440151,-16.8595285],[-49.4332624,-16.8617207],[-49.4298708,-16.8642481]],[[-49.4298708,-16.8642481],[-49.4110629,-16.8519834]],[[-49.4110629,-16.8519834],[-49.3854179,-16.8299022]],[[-49.3854179,-16.8299022],[-49.3863838,-16.8283578],[-49.3893334,-16.7990766],[-49.4008394,-16.7842372],[-49.412236,-16.7407527],[-49.4298823,-16.7193015],[-49.4361028,-16.7205594],[-49.446919,-16.716463]],[[-48.9074098,-15.9894743],[-48.9141329,-16.0166191]],[[-48.9141329,-16.0166191],[-48.901501,-16.0301021],[-48.902665,-16.0544397],[-48.9141212,-16.0870191],[-48.9398676,-16.1344721]],[[-48.9398676,-16.1344721],[-48.9339429,-16.1485653]],[[-48.9339429,-16.1485653],[-48.9296684,-16.1701791],[-48.9335266,-16.1922839],[-48.9480048,-16.2034274],[-48.9611783,-16.2275447],[-48.9543405,-16.2368994],[-48.9468854,-16.2439065],[-48.9221954,-16.2190343],[-48.8972239,-16.2371653],[-48.8718329,-16.2385094],[-48.848443,-16.2269387],[-48.8290536,-16.2334841],[-48.8261351,-16.2559016],[-48.8055501,-16.2693118],[-48.7927208,-16.266118],[-48.7734132,-16.2775575]],[[-48.7734132,-16.2775575],[-48.7658069,-16.2904162]],[[-48.7658069,-16.2904162],[-48.7448027,-16.2841614],[-48.7286588,-16.2841313],[-48.7021828,-16.2901263],[-48.6792213,-16.2866178],[-48.6502245,-16.2904827],[-48.6312773,-16.282712],[-48.6198877,-16.3083431],[-48.6121302,-16.3133417],[-48.5985551,-16.3171907],[-48.586299,-16.3321463],[-48.5732452,-16.3277405],[-48.5453002,-16.3410949],[-48.5232969,-16.3411724],[-48.520362,-16.3346657],[-48.5202785,-16.3323951]],[[-48.5202785,-16.3323951],[-48.517128,-16.3306294]],[[-48.517128,-16.3306294],[-48.4986908,-16.3242556],[-48.4967117,-16.317013],[-48.4887439,-16.3043916],[-48.4848036,-16.2987346],[-48.4508269,-16.2907384],[-48.4415729,-16.2902705],[-48.4115474,-16.2866727]],[[-48.4115474,-16.2866727],[-48.4116326,-16.2790265],[-48.4222136,-16.264318],[-48.422325,-16.24027],[-48.4319923,-16.2339688],[-48.4432123,-16.2065308],[-48.488623,-16.1964203],[-48.5167195,-16.197586],[-48.5343061,-16.1735422],[-48.5625823,-16.1694375],[-48.5787695,-16.1624199],[-48.5884992,-16.1489745],[-48.611021,-16.1420886]],[[-48.611021,-16.1420886],[-48.6129654,-16.1448834]],[[-48.6129654,-16.1448834],[-48.6507191,-16.14466],[-48.6680794,-16.15226],[-48.6873316,-16.1436992],[-48.7210576,-16.1049308],[-48.7571695,-16.0718946],[-48.7656898,-16.0557209],[-48.7963861,-16.0159791],[-48.9074098,-15.9894743]],[[-50.3495462,-17.3035946],[-50.3523388,-17.3026242],[-50.392286,-17.1890212]],[[-50.392286,-17.1890212],[-50.4223441,-17.2310467],[-50.4308541,-17.2887094],[-50.451126,-17.3102865],[-50.4594833,-17.3310876],[-50.4819024,-17.3328696],[-50.4958526,-17.3434166],[-50.5135123,-17.3459908],[-50.5024053,-17.37495],[-50.5102996,-17.4003902],[-50.5229361,-17.4035281],[-50.5260993,-17.4155461],[-50.5287669,-17.4208802]],[[-50.5287669,-17.4208802],[-50.5239911,-17.4323641]],[[-50.5239911,-17.4323641],[-50.5256546,-17.4930288],[-50.516487,-17.5046175],[-50.5154907,-17.5212821],[-50.5268457,-17.5348504],[-50.5493477,-17.533386],[-50.5599872,-17.5460491],[-50.545963,-17.5777747],[-50.5504328,-17.587451],[-50.5587428,-17.5960294]],[[-50.5587428,-17.5960294],[-50.546908,-17.6044401],[-50.539549,-17.6201639]],[[-50.539549,-17.6201639],[-50.5210992,-17.6464839],[-50.4870943,-17.6490934],[-50.4782429,-17.6513616]],[[-50.4782429,-17.6513616],[-50.4769335,-17.6570316]],[[-50.4769335,-17.6570316],[-50.4328166,-17.6174741],[-50.3956852,-17.6181286],[-50.3776778,-17.6038249],[-50.3537136,-17.6061983],[-50.3337714,-17.5970162],[-50.3199898,-17.6125564],[-50.295437,-17.6137019],[-50.27804,-17.603202],[-50.2774631,-17.5830392],[-50.2672096,-17.5707509],[-50.254762,-17.5803754],[-50.2308778,-17.5649585],[-50.2007953,-17.5717089],[-50.1640713,-17.5685558],[-50.1555643,-17.5897131]],[[-50.1555643,-17.5897131],[-50.1503176,-17.5986037]],[[-50.1503176,-17.5986037],[-50.1489053,-17.595747],[-50.145982,-17.5941642],[-50.1445662,-17.5983114],[-50.1293502,-17.6061383],[-50.0964285,-17.5720758],[-50.0868738,-17.5459242],[-50.0759818,-17.5373062],[-50.0751002,-17.5322748],[-50.0753997,-17.5263739],[-50.0745526,-17.5003022],[-50.0657869,-17.4958465],[-50.0782903,-17.4746104],[-50.0782324,-17.4706783],[-50.0743429,-17.4663975],[-50.0736516,-17.4614898]],[[-50.0736516,-17.4614898],[-50.0790677,-17.454684],[-50.0910948,-17.4434309],[-50.106854,-17.4433927],[-50.1161786,-17.4385187],[-50.1252572,-17.4245054],[-50.1293201,-17.3697955],[-50.1418745,-17.3666738],[-50.1483144,-17.339957]],[[-50.1483144,-17.339957],[-50.1611213,-17.351974],[-50.169153,-17.3587701],[-50.1727882,-17.3518057],[-50.1969631,-17.3545756],[-50.2045413,-17.3639929],[-50.2052601,-17.3570157],[-50.1950375,-17.3439695],[-50.1916492,-17.3362119],[-50.1780354,-17.3237123],[-50.1754818,-17.3035864],[-50.1930396,-17.271936],[-50.2041279,-17.2774876],[-50.2004867,-17.2876458],[-50.2080932,-17.2970162],[-50.2315411,-17.2865715],[-50.2452984,-17.2712114]],[[-50.2452984,-17.2712114],[-50.2613515,-17.2479876],[-50.2869611,-17.2530885],[-50.3191566,-17.2763302],[-50.3334575,-17.2961133],[-50.3495462,-17.3035946]],[[-50.1413695,-16.3213915],[-50.1625957,-16.3214619],[-50.1847401,-16.3001947],[-50.2024259,-16.2992696]],[[-50.2024259,-16.2992696],[-50.221709,-16.316139]],[[-50.221709,-16.316139],[-50.2144021,-16.3413595],[-50.2345447,-16.3451795],[-50.2438659,-16.3490969],[-50.2473573,-16.3490083]],[[-50.2473573,-16.3490083],[-50.2477394,-16.3512503],[-50.2456745,-16.3549137],[-50.2352039,-16.3541932]],[[-50.2352039,-16.3541932],[-50.2233493,-16.3821624],[-50.223509,-16.3986338],[-50.2342856,-16.4039609],[-50.2432865,-16.4213148],[-50.2192064,-16.4105097],[-50.2053172,-16.4184588],[-50.1915893,-16.4145226],[-50.1742639,-16.4386169],[-50.1799042,-16.4503005],[-50.1691193,-16.4615596],[-50.1655353,-16.4732824]],[[-50.1655353,-16.4732824],[-50.15907,-16.4648475]],[[-50.15907,-16.4648475],[-50.1491846,-16.4434658],[-50.1657568,-16.4260684],[-50.1567097,-16.3996833],[-50.1503171,-16.3871831],[-50.1471277,-16.3842549],[-50.1490896,-16.3744228],[-50.134069,-16.3706766],[-50.1333119,-16.3379415]],[[-50.1333119,-16.3379415],[-50.1400357,-16.3282109],[-50.1413695,-16.3213915]],[[-47.7712942,-14.6410007],[-47.7806536,-14.6722214],[-47.7802907,-14.6796458],[-47.7903146,-14.6920521],[-47.8037095,-14.6918148],[-47.8144373,-14.6999781],[-47.8258815,-14.7295048],[-47.8339578,-14.7375781],[-47.8447992,-14.7521468],[-47.8565709,-14.7656602],[-47.8942127,-14.7822138],[-47.9077121,-14.7988088],[-47.9226593,-14.7943277],[-47.9516011,-14.8029085],[-47.9902358,-14.8026207],[-48.0040435,-14.8100861],[-48.0130173,-14.8230532],[-48.0314078,-14.8310581],[-48.0346545,-14.8476659],[-48.0407719,-14.8575135],[-48.0476289,-14.8584972],[-48.0594561,-14.858461],[-48.0767999,-14.8920703]],[[-48.0767999,-14.8920703],[-48.0788532,-14.8987961]],[[-48.0788532,-14.8987961],[-48.0589904,-14.909232],[-48.0462487,-14.922929],[-48.0421887,-14.9643369],[-48.0515458,-14.9662646],[-48.0489657,-14.9795359],[-48.0596265,-14.9895285],[-48.0619053,-15.027421],[-48.0596884,-15.0363021],[-48.0566014,-15.0395609],[-48.0628783,-15.0563993],[-48.0622966,-15.0636003],[-48.0834123,-15.0828876],[-48.0757991,-15.0883399],[-48.0768264,-15.0938639],[-48.0852088,-15.0978134],[-48.0936599,-15.1274183],[-48.0912105,-15.1357478]],[[-48.0912105,-15.1357478],[-48.077384,-15.1430086],[-48.0705739,-15.1428667],[-48.0560177,-15.1316266],[-48.0360495,-15.1339733],[-48.0181915,-15.132658],[-47.9962137,-15.1199325],[-47.9899389,-15.1038005],[-47.9695742,-15.1059517],[-47.9612957,-15.094922],[-47.9345437,-15.0803199],[-47.913517,-15.088926],[-47.8692456,-15.0933858],[-47.8586869,-15.0878225],[-47.8211847,-15.0965276],[-47.8047437,-15.0807344],[-47.7791832,-15.0692554],[-47.7624357,-15.0421552],[-47.7429846,-15.0397773],[-47.7163178,-15.0205707],[-47.6799605,-15.03923],[-47.573792,-15.047089]],[[-47.573792,-15.047089],[-47.5765209,-15.0229708]],[[-47.5765209,-15.0229708],[-47.5717146,-15.0105343],[-47.5741977,-14.9614063],[-47.5483212,-14.9259207],[-47.5380973,-14.931341],[-47.5164761,-14.9234105],[-47.4996225,-14.9071248],[-47.4920727,-14.8759099],[-47.490202,-14.8426069],[-47.481427,-14.8269517]],[[-47.481427,-14.8269517],[-47.478288,-14.7993349]],[[-47.478288,-14.7993349],[-47.5236177,-14.7762132],[-47.5340119,-14.7381956],[-47.557738,-14.7322841],[-47.5669643,-14.7572028],[-47.5845422,-14.7743173],[-47.6142971,-14.793829],[-47.6342954,-14.8302539],[-47.6463462,-14.8309627],[-47.6413741,-14.7591425],[-47.6317958,-14.750896],[-47.643404,-14.727195],[-47.6599012,-14.7064347],[-47.6746562,-14.7287734],[-47.6895711,-14.7359826],[-47.7053466,-14.6717023],[-47.7151294,-14.6586248],[-47.7333503,-14.6498445],[-47.7536245,-14.6487764],[-47.7557744,-14.6420087],[-47.7680195,-14.6428493],[-47.7712942,-14.6410007]],[[-48.8239732,-17.9154827],[-48.8442497,-17.9145802]],[[-48.8442497,-17.9145802],[-48.8509445,-17.9687696],[-48.8648095,-17.9917821],[-48.8673684,-18.0506868],[-48.887334,-18.0881308]],[[-48.887334,-18.0881308],[-48.8758913,-18.0897447],[-48.8746078,-18.13694],[-48.8643903,-18.1501247],[-48.8380853,-18.1663278],[-48.828785,-18.193675],[-48.7991983,-18.1958637],[-48.8122512,-18.2231413],[-48.8078584,-18.2334243]],[[-48.8078584,-18.2334243],[-48.8013301,-18.2306284]],[[-48.8013301,-18.2306284],[-48.7839366,-18.2404057],[-48.7629679,-18.2233378],[-48.7391339,-18.2177183],[-48.716667,-18.1980219],[-48.7277214,-18.1881035],[-48.7128576,-18.1714544],[-48.7301882,-18.1671016],[-48.721259,-18.1532148],[-48.7001088,-18.1430933],[-48.6853027,-18.1237414],[-48.6918045,-18.1166712],[-48.7118349,-18.1247904],[-48.7157742,-18.1173376],[-48.6994924,-18.1021242],[-48.6918074,-18.0942858]],[[-48.6918074,-18.0942858],[-48.7199483,-18.0755889],[-48.7176933,-18.0653819],[-48.7346315,-18.0411562],[-48.7379438,-17.9902378],[-48.7500036,-17.9609918],[-48.7607815,-17.9529592],[-48.7653606,-17.9345835]],[[-48.7653606,-17.9345835],[-48.7799457,-17.9344566],[-48.7851375,-17.9323272],[-48.7941132,-17.9202205],[-48.8130576,-17.9223151],[-48.8239732,-17.9154827]],[[-48.2814527,-15.8298781],[-48.2752525,-15.8170328],[-48.2429068,-15.7973121],[-48.2318914,-15.7784392],[-48.2172914,-15.7675967],[-48.2091968,-15.7519016],[-48.2080417,-15.7179341],[-48.2188077,-15.708974],[-48.2376815,-15.7085121],[-48.241331,-15.6867065],[-48.2346419,-15.6590478]],[[-48.2346419,-15.6590478],[-48.2520238,-15.6591994]],[[-48.2520238,-15.6591994],[-48.299127,-15.7090689],[-48.3266059,-15.7128638],[-48.3490735,-15.7258231],[-48.3550229,-15.7626555],[-48.3509373,-15.7918116],[-48.3695511,-15.8032458],[-48.3782941,-15.815927]],[[-48.3782941,-15.815927],[-48.3793503,-15.820977]],[[-48.3793503,-15.820977],[-48.3646288,-15.8187701],[-48.3520382,-15.823718]],[[-48.3520382,-15.823718],[-48.3387755,-15.8222049],[-48.3240456,-15.8321502],[-48.3148354,-15.8218177],[-48.2814527,-15.8298781]],[[-48.4199645,-15.9825421],[-48.4235534,-15.9869334],[-48.4552963,-15.9674197],[-48.4961009,-15.9321671],[-48.5244729,-15.9331824],[-48.541887,-15.9155992],[-48.5681627,-15.9146576],[-48.5906522,-15.9205558],[-48.603257,-15.9379122],[-48.6297493,-15.9410945],[-48.6507987,-15.9681693],[-48.6485571,-15.9878301],[-48.6312972,-16.0093987],[-48.6205214,-16.0382105],[-48.6165803,-16.0838421],[-48.623305,-16.1246256],[-48.6202758,-16.1377578]],[[-48.6202758,-16.1377578],[-48.611021,-16.1420886]],[[-48.4115474,-16.2866727],[-48.4061966,-16.2885092],[-48.3987138,-16.2923053],[-48.3935973,-16.3039342],[-48.3797404,-16.3008039],[-48.376473,-16.3032112]],[[-48.376473,-16.3032112],[-48.3742171,-16.3100434]],[[-48.3742171,-16.3100434],[-48.3678117,-16.3145038],[-48.3623298,-16.3214462],[-48.3404991,-16.3175079],[-48.3244387,-16.3173496]],[[-48.3244387,-16.3173496],[-48.3221886,-16.3067497],[-48.3202367,-16.2994352],[-48.3249131,-16.2701143],[-48.3482189,-16.2436548],[-48.3628511,-16.241413],[-48.3708637,-16.220625],[-48.3737806,-16.204174],[-48.3539605,-16.1860628],[-48.3516615,-16.1591376],[-48.3523796,-16.1372231],[-48.3510785,-16.1102426],[-48.3573323,-16.1048481],[-48.3685554,-16.0699488],[-48.3658332,-16.0279048],[-48.3702989,-16.0103461],[-48.3737925,-15.9950422],[-48.3953868,-15.977531],[-48.4037681,-15.9768761]],[[-48.4037681,-15.9768761],[-48.4199645,-15.9825421]],[[-49.5087602,-17.750598],[-49.4992296,-17.7481351],[-49.4739242,-17.7484979]],[[-49.4739242,-17.7484979],[-49.4574219,-17.7453706]],[[-49.4574219,-17.7453706],[-49.4428355,-17.7303429],[-49.4420061,-17.7105047],[-49.4359312,-17.7150872],[-49.4241992,-17.7173843],[-49.4170564,-17.6785997],[-49.4088963,-17.6676232]],[[-49.4088963,-17.6676232],[-49.4116884,-17.6550178]],[[-49.4116884,-17.6550178],[-49.4180667,-17.6592562],[-49.4306744,-17.6348351],[-49.4430613,-17.6341143],[-49.462784,-17.6402832],[-49.48356,-17.6549795],[-49.5042959,-17.6575036],[-49.5132993,-17.6710723],[-49.5087602,-17.750598]],[[-49.5836771,-14.1124949],[-49.593085,-14.1262979]],[[-49.593085,-14.1262979],[-49.572868,-14.1298066],[-49.5708072,-14.1471846],[-49.5603067,-14.1512704],[-49.5509495,-14.1565639],[-49.5472564,-14.170198],[-49.5630079,-14.1904919]],[[-49.5630079,-14.1904919],[-49.5523927,-14.2017445]],[[-49.5523927,-14.2017445],[-49.5415574,-14.2093686],[-49.5391689,-14.2088744],[-49.5342766,-14.2106935],[-49.517395,-14.2147666],[-49.4910888,-14.2394789],[-49.4814227,-14.2390966],[-49.4740607,-14.2591222],[-49.4814439,-14.2690693],[-49.4623644,-14.2905027],[-49.4595857,-14.289928],[-49.4527261,-14.28813],[-49.4463083,-14.280462],[-49.4342749,-14.2621272],[-49.4240795,-14.2688974]],[[-49.4240795,-14.2688974],[-49.3810063,-14.2526743],[-49.3652478,-14.2513801],[-49.3620346,-14.2639501],[-49.3294123,-14.2605594],[-49.3258035,-14.2536202],[-49.3212201,-14.2470342],[-49.3153329,-14.2408903],[-49.2845821,-14.2195169]],[[-49.2845821,-14.2195169],[-49.2786657,-14.2200665]],[[-49.2786657,-14.2200665],[-49.2784193,-14.194506],[-49.2746383,-14.1834183],[-49.2812482,-14.1719796],[-49.2841689,-14.1634104],[-49.3130003,-14.134576],[-49.3399212,-14.1245863],[-49.3605859,-14.1268959],[-49.3902811,-14.0829167],[-49.3884731,-14.0668374],[-49.421973,-14.0694927],[-49.4374731,-14.067714],[-49.4553061,-14.0828039],[-49.5210869,-14.0824263],[-49.5651989,-14.0967786],[-49.5719487,-14.1070427],[-49.5794975,-14.1088153],[-49.5836771,-14.1124949]],[[-47.1938766,-13.8595047],[-47.2013699,-13.8635622]],[[-47.2013699,-13.8635622],[-47.2286465,-13.8787325],[-47.2393178,-13.8742821],[-47.2411489,-13.8774485],[-47.2502651,-13.8949919],[-47.2407299,-13.9058784],[-47.2423705,-13.9384711],[-47.2639509,-13.9768144]],[[-47.2639509,-13.9768144],[-47.5053507,-13.9600367],[-47.5449873,-14.0062608],[-47.5522894,-14.0282072],[-47.5614578,-14.0371942],[-47.5790987,-14.0368604],[-47.590648,-14.051736],[-47.6090414,-14.0466041],[-47.625543,-14.0577655],[-47.6718483,-14.0674397],[-47.6990381,-14.0689181],[-47.7294537,-14.0967645],[-47.7652902,-14.0986117],[-47.7988773,-14.1385889],[-47.8094357,-14.1472948],[-47.8208559,-14.1441353],[-47.8473975,-14.1697845],[-47.8819958,-14.1780408],[-47.8937426,-14.1745059]],[[-47.8937426,-14.1745059],[-47.9320958,-14.1769764]],[[-47.9320958,-14.1769764],[-47.9021812,-14.2363981],[-47.8385403,-14.3344216]],[[-47.8385403,-14.3344216],[-47.8384251,-14.3315906]],[[-47.8384251,-14.3315906],[-47.8280184,-14.3461568]],[[-47.8280184,-14.3461568],[-47.8252129,-14.3547587]],[[-47.8252129,-14.3547587],[-47.8097919,-14.3671648],[-47.8071846,-14.3809353],[-47.8026248,-14.3818425],[-47.7975115,-14.3849193],[-47.7705461,-14.406012],[-47.7539046,-14.4116152],[-47.7427355,-14.4059896],[-47.7255404,-14.4237455],[-47.7283181,-14.4400469],[-47.7198498,-14.4466546],[-47.7027388,-14.4572405],[-47.7004101,-14.4637593],[-47.6844041,-14.4623898],[-47.6750109,-14.4589413],[-47.6640377,-14.4594732],[-47.6585706,-14.4572934],[-47.6457631,-14.4359879],[-47.6158504,-14.4268941],[-47.5906514,-14.429217],[-47.5810455,-14.4471417],[-47.5533233,-14.4538052],[-47.5478745,-14.4238074],[-47.5170118,-14.4319179],[-47.4868029,-14.423397],[-47.468702,-14.3837721],[-47.4643433,-14.3637446],[-47.4539278,-14.34686],[-47.4336224,-14.341871],[-47.4248147,-14.3231823],[-47.3954836,-14.3193256],[-47.3895648,-14.2989252],[-47.3964816,-14.2698129],[-47.3932906,-14.2612869],[-47.4086268,-14.2358284],[-47.4033214,-14.2244886],[-47.4314013,-14.210869],[-47.4498143,-14.1846978],[-47.4541251,-14.162537],[-47.4135455,-14.167319],[-47.4054005,-14.1631151],[-47.4035122,-14.1486238],[-47.3672567,-14.1307758],[-47.3315407,-14.148787],[-47.3251458,-14.1620716],[-47.3068962,-14.1561752],[-47.2859795,-14.1600516],[-47.2695637,-14.1467351],[-47.245734,-14.1419859],[-47.2036452,-14.150434],[-47.1873957,-14.1394695],[-47.1679824,-14.1432503],[-47.1561237,-14.1234413],[-47.1381426,-14.1196193],[-47.1328986,-14.1132459],[-47.1146574,-14.0971]],[[-47.1146574,-14.0971],[-47.1425045,-14.0486527],[-47.1478677,-14.0219846],[-47.1702348,-13.9900851],[-47.1932912,-13.9666119],[-47.176201,-13.9536844],[-47.1718972,-13.9141258],[-47.1834524,-13.8982607],[-47.1856464,-13.8816053],[-47.193259,-13.8764259],[-47.1887054,-13.869735],[-47.1938766,-13.8595047]],[[-46.886751,-14.3202011],[-46.8972003,-14.330242]],[[-46.8972003,-14.330242],[-46.898172,-14.3370487],[-46.8795917,-14.3602416],[-46.879752,-14.3896387],[-46.8802862,-14.3952643],[-46.8712852,-14.4038291],[-46.8751765,-14.4070139],[-46.8871753,-14.4076441],[-46.8863397,-14.4358547],[-46.8692504,-14.4361743],[-46.8613432,-14.4463066],[-46.8637561,-14.4710857],[-46.8524913,-14.4868833],[-46.8714522,-14.5016914],[-46.8514581,-14.5234206],[-46.8463958,-14.5413001],[-46.8095337,-14.5652589],[-46.79098,-14.5630503],[-46.7735634,-14.5823152],[-46.7616154,-14.5710345],[-46.7474257,-14.5972566],[-46.7087796,-14.5984208],[-46.702757,-14.6202553],[-46.6840934,-14.644328],[-46.6817849,-14.6609326],[-46.6831172,-14.6921937],[-46.6675057,-14.7183583],[-46.6663695,-14.7330911],[-46.6663346,-14.7410333],[-46.6646102,-14.7469903],[-46.6676648,-14.7563949],[-46.6500877,-14.7741996],[-46.6366463,-14.7727067],[-46.6297842,-14.775201],[-46.6315037,-14.7845675],[-46.6181155,-14.8033379],[-46.6187563,-14.8183174]],[[-46.6187563,-14.8183174],[-46.6131341,-14.8238387],[-46.6038536,-14.8233994],[-46.5950002,-14.8148418],[-46.5758887,-14.8164105],[-46.5604796,-14.8150145]],[[-46.5604796,-14.8150145],[-46.5638389,-14.7833849],[-46.5432281,-14.7686732],[-46.5441922,-14.7530124],[-46.5102818,-14.7382606],[-46.5097242,-14.7160762],[-46.5034458,-14.7040758]],[[-46.5034458,-14.7040758],[-46.4974327,-14.6770613],[-46.4999708,-14.6652846]],[[-46.4999708,-14.6652846],[-46.488212,-14.6462318],[-46.4816698,-14.6399898],[-46.4735017,-14.6358036]],[[-46.4735017,-14.6358036],[-46.4590112,-14.6253669],[-46.4434993,-14.6366353],[-46.4233312,-14.6347214],[-46.4047211,-14.6057475],[-46.3916666,-14.5988082],[-46.3754721,-14.5745192],[-46.3881931,-14.5416362],[-46.376136,-14.5198349],[-46.385408,-14.5080552],[-46.3779377,-14.4890506],[-46.3825567,-14.4824389],[-46.3971242,-14.4762933]],[[-46.3971242,-14.4762933],[-46.4068935,-14.4807095]],[[-46.4068935,-14.4807095],[-46.4343332,-14.483832],[-46.4584988,-14.4787155]],[[-46.4584988,-14.4787155],[-46.4661769,-14.4717955]],[[-46.4661769,-14.4717955],[-46.4711153,-14.4723094],[-46.4813753,-14.4795865],[-46.4858308,-14.4797712],[-46.5099397,-14.4768009],[-46.5414212,-14.4856844],[-46.558089,-14.4738352],[-46.563584,-14.4723408],[-46.572758,-14.4664191],[-46.5693106,-14.477374],[-46.6132027,-14.485322],[-46.6159793,-14.4943388],[-46.6446718,-14.5148101],[-46.6490586,-14.5040094],[-46.674056,-14.4898503],[-46.6858313,-14.4982826],[-46.7070886,-14.4694941],[-46.723729,-14.4609854],[-46.7102508,-14.446292],[-46.7188357,-14.4050767],[-46.7181793,-14.3948171]],[[-46.7181793,-14.3948171],[-46.727639,-14.3976988],[-46.7341027,-14.388044]],[[-46.7341027,-14.388044],[-46.7383153,-14.3751854],[-46.7433646,-14.3728603],[-46.7573258,-14.3825845],[-46.783146,-14.3905426],[-46.7965683,-14.3773886],[-46.8133101,-14.3766929],[-46.8133702,-14.354731]],[[-46.8133702,-14.354731],[-46.8162015,-14.3490438],[-46.8160609,-14.344137]],[[-46.8160609,-14.344137],[-46.8220037,-14.344181],[-46.8314506,-14.3516796],[-46.8362812,-14.350804],[-46.8450117,-14.3440624],[-46.8531452,-14.3337684],[-46.8692006,-14.34023],[-46.8768669,-14.3222231],[-46.8823113,-14.316902],[-46.886751,-14.3202011]],[[-49.9631723,-13.7027514],[-49.9627285,-13.7135574]],[[-49.9627285,-13.7135574],[-49.9558902,-13.7290669],[-49.9604472,-13.7435647],[-49.9503701,-13.7531849],[-49.9361712,-13.7474949],[-49.9228414,-13.7563044],[-49.9207282,-13.7714363],[-49.931509,-13.7865611],[-49.9312254,-13.7906417],[-49.9465651,-13.8144586],[-49.9560068,-13.8120004],[-49.9576167,-13.8173378],[-49.9390615,-13.825799],[-49.9415053,-13.8347684],[-49.9588685,-13.8467073],[-49.9609207,-13.8675477],[-49.9740372,-13.8863797],[-49.9518914,-13.9088863],[-49.9510649,-13.914419],[-49.9430947,-13.9146034]],[[-49.9430947,-13.9146034],[-49.9371136,-13.9018406],[-49.9364771,-13.8971216],[-49.9392628,-13.893225],[-49.9463081,-13.8921279]],[[-49.9463081,-13.8921279],[-49.9555885,-13.8948327],[-49.9526169,-13.8853233],[-49.9450134,-13.8868749],[-49.9261737,-13.890432],[-49.9060608,-13.900883],[-49.872927,-13.8973758],[-49.8654243,-13.9129768],[-49.8489234,-13.9125349],[-49.8459154,-13.8986782],[-49.837949,-13.8994978]],[[-49.837949,-13.8994978],[-49.8206965,-13.9067421]],[[-49.8206965,-13.9067421],[-49.8061218,-13.8863903],[-49.7895958,-13.8792559],[-49.7787794,-13.8663662],[-49.7796513,-13.8467591],[-49.7745025,-13.8461034],[-49.7589708,-13.8482441]],[[-49.7589708,-13.8482441],[-49.7522202,-13.8528935],[-49.7336668,-13.861167],[-49.7298713,-13.8613291],[-49.7213994,-13.8586282]],[[-49.7213994,-13.8586282],[-49.6962544,-13.8494603]],[[-49.6962544,-13.8494603],[-49.6766483,-13.8391438],[-49.6729741,-13.8381181],[-49.6671155,-13.8412388],[-49.6565626,-13.8554421]],[[-49.6565626,-13.8554421],[-49.624529,-13.8852081],[-49.621812,-13.9008043],[-49.609556,-13.9166773],[-49.5919463,-13.9267193],[-49.5382776,-13.9666451],[-49.5275843,-13.9791868],[-49.515979,-13.9841727],[-49.4828912,-13.9754138],[-49.4595816,-13.9866436],[-49.4361673,-13.9774615],[-49.4196163,-13.9554462],[-49.3783031,-13.9537497],[-49.3696106,-13.9592977],[-49.3629726,-13.9690959],[-49.349198,-13.9824605],[-49.3246972,-13.9948079],[-49.2961156,-13.9933705],[-49.28378,-13.9745244],[-49.2642602,-13.962008],[-49.2574687,-13.9407553],[-49.2565313,-13.8964518],[-49.2244988,-13.8653006]],[[-49.2244988,-13.8653006],[-49.334136,-13.8701229]],[[-49.334136,-13.8701229],[-49.3206836,-13.8588155],[-49.3172191,-13.8381307],[-49.2988183,-13.8085663],[-49.2975608,-13.7951956],[-49.3286701,-13.7653906],[-49.3423901,-13.7693823],[-49.3588959,-13.7709205],[-49.3691925,-13.7885985],[-49.3947251,-13.7940261],[-49.4123627,-13.8178701],[-49.4305334,-13.8157745],[-49.4425004,-13.8239251],[-49.4580016,-13.8117661],[-49.4781461,-13.8258094],[-49.4839976,-13.8284325],[-49.5192248,-13.8342444],[-49.526556,-13.8345113],[-49.5433401,-13.8204735],[-49.5442776,-13.8046129],[-49.557444,-13.8019949],[-49.5656108,-13.7815142],[-49.584537,-13.7858678],[-49.5894476,-13.7824192],[-49.5839753,-13.7763455],[-49.5788626,-13.7712788],[-49.5770014,-13.7674675]],[[-49.5770014,-13.7674675],[-49.5747776,-13.764396]],[[-49.5747776,-13.764396],[-49.5925893,-13.7648443],[-49.5967564,-13.7393778],[-49.6196717,-13.7547865],[-49.6565604,-13.7237824],[-49.679085,-13.7309391],[-49.6833969,-13.7494001],[-49.7155292,-13.7429778],[-49.7206134,-13.729758]],[[-49.7206134,-13.729758],[-49.7195919,-13.7281094]],[[-49.7195919,-13.7281094],[-49.7342278,-13.7175046],[-49.7648363,-13.7270012],[-49.7831744,-13.7270797],[-49.8118913,-13.6991435],[-49.8195043,-13.6932394],[-49.8277559,-13.6945055],[-49.838863,-13.6859803],[-49.885391,-13.6946311],[-49.9062244,-13.6837266],[-49.9139237,-13.6848013],[-49.9147813,-13.6861591],[-49.9471395,-13.694366],[-49.9540875,-13.7053278],[-49.9581701,-13.7023281],[-49.9631723,-13.7027514]],[[-49.900756,-16.230314],[-49.9137061,-16.2197544],[-49.9172613,-16.2187396],[-49.9260068,-16.226617]],[[-49.9260068,-16.226617],[-49.9311272,-16.224696]],[[-49.9311272,-16.224696],[-49.9452326,-16.224758]],[[-49.9452326,-16.224758],[-49.966565,-16.2379235],[-50.001534,-16.2407476],[-50.0320026,-16.2357923],[-50.0475652,-16.2248625],[-50.0840976,-16.2210812],[-50.1031165,-16.2395259],[-50.1054584,-16.2502463],[-50.0952646,-16.2680345]],[[-50.0952646,-16.2680345],[-50.0992847,-16.2803651]],[[-50.0992847,-16.2803651],[-50.063393,-16.2905439],[-50.0485347,-16.2657707],[-50.0307538,-16.2518945],[-50.033037,-16.3016393],[-50.0053434,-16.3311784],[-49.9800192,-16.3234537],[-49.9872917,-16.3072245],[-49.983154,-16.2879652],[-49.9722,-16.2812457],[-49.9638135,-16.273663],[-49.9537294,-16.2524692],[-49.9357339,-16.2449306],[-49.9199024,-16.2610015],[-49.8995959,-16.2596563]],[[-49.8995959,-16.2596563],[-49.8954818,-16.2575823],[-49.882398,-16.2583127],[-49.8745088,-16.2629872],[-49.8719798,-16.2664672]],[[-49.8719798,-16.2664672],[-49.867622,-16.2582538]],[[-49.867622,-16.2582538],[-49.8688717,-16.2544244],[-49.8702843,-16.2330002],[-49.900756,-16.230314]],[[-51.2127187,-16.5154702],[-51.231936,-16.5046487]],[[-51.231936,-16.5046487],[-51.2312706,-16.5085497],[-51.2446878,-16.5453317],[-51.2349376,-16.5609169],[-51.2165737,-16.5633972],[-51.2027704,-16.580952],[-51.2015541,-16.6067166],[-51.1832414,-16.6458511],[-51.1582485,-16.6319694],[-51.1374844,-16.6333743],[-51.1330273,-16.6614592],[-51.1238509,-16.6680372],[-51.1116289,-16.7108276],[-51.1148586,-16.7287119],[-51.1037174,-16.7342058],[-51.1022945,-16.756335],[-51.1081879,-16.7660706],[-51.088524,-16.7830544],[-51.0852407,-16.80191],[-51.0696337,-16.8163652],[-51.0662157,-16.821346],[-51.0573502,-16.8213069],[-51.0460807,-16.7968627],[-51.0475194,-16.7475928],[-51.0363822,-16.7363755],[-51.0231866,-16.6976686],[-51.0239117,-16.6817924],[-51.0332713,-16.6712126],[-51.0333556,-16.6547945],[-51.0299964,-16.6502425],[-51.0185793,-16.6531829],[-51.0001344,-16.6354703]],[[-51.0001344,-16.6354703],[-51.0252987,-16.6284397],[-51.0310253,-16.612039],[-51.025023,-16.6043073],[-51.0276332,-16.5667474],[-51.063183,-16.549117],[-51.0626838,-16.5374128],[-51.0741326,-16.5220281],[-51.0742384,-16.5186718],[-51.1339932,-16.5107423],[-51.1651022,-16.519211],[-51.1735825,-16.5197844],[-51.1905785,-16.5266493],[-51.2127187,-16.5154702]],[[-49.1650551,-16.1375697],[-49.1885835,-16.1402642]],[[-49.1885835,-16.1402642],[-49.1922114,-16.1440028]],[[-49.1922114,-16.1440028],[-49.1780627,-16.1622196]],[[-49.1780627,-16.1622196],[-49.1745559,-16.1776899],[-49.1566721,-16.1936665],[-49.1545539,-16.2136297],[-49.1457009,-16.221058]],[[-49.1457009,-16.221058],[-49.107531,-16.2225764],[-49.0462313,-16.2559666],[-49.0258431,-16.2570136],[-49.0239882,-16.2797021],[-49.0427215,-16.2856866],[-49.0489936,-16.318597],[-49.0333341,-16.3253052],[-49.0329681,-16.3422718],[-49.054996,-16.3477801],[-49.0840846,-16.3369344],[-49.1012673,-16.3248503],[-49.1138485,-16.3425274],[-49.162356,-16.3312292]],[[-49.162356,-16.3312292],[-49.1670724,-16.3160584]],[[-49.1670724,-16.3160584],[-49.1847296,-16.326885],[-49.1945854,-16.3471914]],[[-49.1945854,-16.3471914],[-49.1837842,-16.3470998],[-49.1762976,-16.3656968],[-49.155865,-16.3887894],[-49.1139785,-16.427473]],[[-49.1139785,-16.427473],[-49.0995517,-16.4071361],[-49.0969955,-16.3958889],[-49.0810618,-16.3879429],[-49.0725553,-16.3840564],[-49.0578044,-16.3756178],[-49.05011,-16.3762727],[-49.0419153,-16.3981337],[-49.0205054,-16.4115832],[-49.0025261,-16.4008343],[-48.980913,-16.3989988]],[[-48.980913,-16.3989988],[-48.996478,-16.4799785]],[[-48.996478,-16.4799785],[-48.996468,-16.4855498],[-48.8653073,-16.3940039]],[[-48.8653073,-16.3940039],[-48.8492495,-16.4007311],[-48.821115,-16.3987195],[-48.8011122,-16.3828739],[-48.7604972,-16.3854901],[-48.7502443,-16.3754125],[-48.7627437,-16.354379],[-48.7508573,-16.3321647],[-48.7677755,-16.3075682],[-48.7696122,-16.29127]],[[-48.7696122,-16.29127],[-48.7734132,-16.2775575]],[[-48.9339429,-16.1485653],[-48.9420529,-16.1312462]],[[-48.9420529,-16.1312462],[-48.9810571,-16.1253538],[-49.0123232,-16.1407272],[-49.0584421,-16.1286509],[-49.0665827,-16.1367479],[-49.1042718,-16.1461169],[-49.1146347,-16.1419846],[-49.1402209,-16.1290177],[-49.1521384,-16.1330448],[-49.1650551,-16.1375697]],[[-48.2717689,-18.3293534],[-48.2567775,-18.342977],[-48.2279685,-18.344975],[-48.2136663,-18.3375335]],[[-48.2136663,-18.3375335],[-48.1775997,-18.3289444],[-48.1733418,-18.314134],[-48.1862389,-18.3048331],[-48.2019015,-18.279597],[-48.226208,-18.2798799],[-48.2595097,-18.2897089],[-48.2690485,-18.3001536],[-48.2717689,-18.3293534]],[[-50.0992847,-16.2803651],[-50.1015089,-16.2825985]],[[-50.1015089,-16.2825985],[-50.1219029,-16.299389],[-50.1305637,-16.3044168]],[[-50.1305637,-16.3044168],[-50.1360703,-16.3114278],[-50.1390883,-16.3290766]],[[-50.1390883,-16.3290766],[-50.1333119,-16.3379415]],[[-50.15907,-16.4648475],[-50.1646448,-16.4738175],[-50.1694235,-16.4766528]],[[-50.1694235,-16.4766528],[-50.1608136,-16.4913345],[-50.1555763,-16.4940751],[-50.1528023,-16.496916],[-50.1411094,-16.4978538],[-50.0853039,-16.4914956],[-50.0810653,-16.5038152],[-50.0596058,-16.5029755],[-50.0420885,-16.5151871],[-50.0232875,-16.5066555],[-50.0168569,-16.5064056],[-50.0086884,-16.5114124],[-50.0038172,-16.5273432],[-49.9832297,-16.5606085]],[[-49.9832297,-16.5606085],[-49.9701844,-16.5579244],[-49.9577647,-16.5555575],[-49.938086,-16.5399589],[-49.9067167,-16.531536],[-49.8896333,-16.5219024],[-49.8414252,-16.516434]],[[-49.8414252,-16.516434],[-49.8303679,-16.519423]],[[-49.8303679,-16.519423],[-49.8297224,-16.5133893],[-49.8316565,-16.5019071],[-49.8393416,-16.4834066],[-49.8201669,-16.4696787],[-49.8119686,-16.4627186],[-49.8314544,-16.4452292],[-49.8183125,-16.4200025],[-49.8149794,-16.3981047]],[[-49.8149794,-16.3981047],[-49.8202028,-16.3862989],[-49.8005635,-16.3625636],[-49.7748696,-16.3714734],[-49.7520601,-16.3686292],[-49.7437868,-16.3624168],[-49.7564268,-16.322524],[-49.7692801,-16.3067685],[-49.7987861,-16.29953],[-49.8214277,-16.275633],[-49.8455956,-16.2827888],[-49.8785911,-16.275625]],[[-49.8785911,-16.275625],[-49.8719798,-16.2664672]],[[-49.8719798,-16.2664672],[-49.8799556,-16.259131],[-49.8932625,-16.2574411],[-49.8995959,-16.2596563]],[[-49.3126192,-16.7507211],[-49.3321659,-16.7495095],[-49.3496708,-16.7642126]],[[-49.3496708,-16.7642126],[-49.3557051,-16.793207],[-49.3653649,-16.8180612],[-49.3793427,-16.8301587]],[[-49.3793427,-16.8301587],[-49.3851612,-16.8326939]],[[-49.3851612,-16.8326939],[-49.3822987,-16.8372808],[-49.3780222,-16.8397639],[-49.3834713,-16.8616982],[-49.3732284,-16.8731827],[-49.3703624,-16.8835424],[-49.3672965,-16.890806]],[[-49.3672965,-16.890806],[-49.3657907,-16.8862615]],[[-49.3657907,-16.8862615],[-49.3585837,-16.882882],[-49.3541344,-16.8667322],[-49.3242919,-16.86172],[-49.3043554,-16.8677122],[-49.2791497,-16.8509423],[-49.2633696,-16.8486469],[-49.254426,-16.8458608],[-49.254086,-16.847765],[-49.2507418,-16.8485238],[-49.2092178,-16.8630356],[-49.2022492,-16.8606763],[-49.176882,-16.8749038],[-49.1700468,-16.8882964],[-49.1480316,-16.8853359]],[[-49.1480316,-16.8853359],[-49.1456484,-16.8819944],[-49.1416127,-16.8850681],[-49.1409953,-16.8881997]],[[-49.1409953,-16.8881997],[-49.1379199,-16.8837894],[-49.1386155,-16.8786348]],[[-49.1386155,-16.8786348],[-49.1490837,-16.861682],[-49.1474203,-16.840822],[-49.157837,-16.8401833],[-49.1570019,-16.832442],[-49.1548876,-16.8299616],[-49.1560394,-16.8241805]],[[-49.1560394,-16.8241805],[-49.1598402,-16.828288]],[[-49.1598402,-16.828288],[-49.1653993,-16.8275314],[-49.1700228,-16.819946],[-49.1589626,-16.7923922]],[[-49.1589626,-16.7923922],[-49.1603737,-16.7902111]],[[-49.1603737,-16.7902111],[-49.1824833,-16.781125],[-49.1867299,-16.7651168],[-49.2199751,-16.7379595],[-49.2590751,-16.7296321],[-49.2780846,-16.7428624],[-49.2971357,-16.7462957],[-49.3126192,-16.7507211]],[[-51.3641094,-18.2809358],[-51.3351925,-18.2997012],[-51.3001354,-18.3053746],[-51.2549403,-18.3529173],[-51.2379115,-18.3575005]],[[-51.2379115,-18.3575005],[-51.2183848,-18.3300373],[-51.1896085,-18.3099384],[-51.1732498,-18.2983463],[-51.1559742,-18.3040612]],[[-51.1559742,-18.3040612],[-51.1399983,-18.2960965]],[[-51.1399983,-18.2960965],[-51.1244981,-18.2827319],[-51.1271349,-18.2603501],[-51.1369979,-18.2454871],[-51.1240015,-18.2313471],[-51.1208623,-18.2002402],[-51.1233827,-18.1825074],[-51.1397976,-18.1713708],[-51.1511882,-18.1405406]],[[-51.1511882,-18.1405406],[-51.155422,-18.1320294]],[[-51.155422,-18.1320294],[-51.1636032,-18.1278798],[-51.1930793,-18.121223],[-51.1992713,-18.1080121],[-51.2321345,-18.1003426],[-51.236966,-18.085011],[-51.284501,-18.0842041],[-51.3059101,-18.1063963],[-51.308581,-18.1215652],[-51.3263056,-18.1353513],[-51.323437,-18.1673227],[-51.3322993,-18.1987259],[-51.3656102,-18.1990113],[-51.4029687,-18.1694065],[-51.4347497,-18.1613823],[-51.441004,-18.1635897],[-51.4471946,-18.1712985],[-51.4393582,-18.1837534],[-51.450196,-18.1996317],[-51.4560237,-18.2213509],[-51.435532,-18.2443249],[-51.4171587,-18.2447986],[-51.4105863,-18.2596068],[-51.3882214,-18.2613885],[-51.3641094,-18.2809358]],[[-52.3122743,-18.5018291],[-52.3202246,-18.5034523]],[[-52.3202246,-18.5034523],[-52.3305966,-18.5216801],[-52.329921,-18.5555285],[-52.2886218,-18.5903608],[-52.2911486,-18.6142109],[-52.3362345,-18.5998771],[-52.3816573,-18.5756345],[-52.3981762,-18.6044202],[-52.417314,-18.6173383],[-52.4333207,-18.6389198],[-52.5019495,-18.6759147]],[[-52.5019495,-18.6759147],[-52.4480256,-18.6919665],[-52.4243518,-18.7329831],[-52.4123932,-18.7397541],[-52.4096939,-18.7548644],[-52.379193,-18.7816994],[-52.3743029,-18.7920659],[-52.3539008,-18.8002034],[-52.3442559,-18.8181456],[-52.3241716,-18.8335309],[-52.3051407,-18.8404398],[-52.2933538,-18.8292451],[-52.2632303,-18.8282244],[-52.2505018,-18.839869],[-52.1873538,-18.8458754],[-52.1730423,-18.8569967],[-52.1462319,-18.8946598],[-52.105569,-18.9068189],[-52.1057927,-18.9259298],[-52.0881505,-18.9354427],[-52.0799944,-18.9508492],[-52.0344708,-18.9580622],[-51.9956616,-18.9742346],[-51.9661678,-18.9692929],[-51.9509943,-18.9811377],[-51.9400077,-18.968472],[-51.9067679,-18.9945819],[-51.8967809,-18.994702],[-51.8906643,-19.0177686],[-51.8576816,-19.0505313],[-51.8331284,-19.0564375],[-51.8157053,-19.0550947],[-51.796312,-19.0664318],[-51.7910824,-19.0798312],[-51.751782,-19.0855882],[-51.7418615,-19.10057],[-51.7170503,-19.1069853],[-51.6981395,-19.1196254],[-51.6899203,-19.1145696]],[[-51.6899203,-19.1145696],[-51.6867836,-19.1017365],[-51.6928121,-19.0670218],[-51.7240849,-18.8331575],[-51.7002817,-18.8071137],[-51.6823383,-18.7989432],[-51.6645316,-18.7813917]],[[-51.6645316,-18.7813917],[-51.6686673,-18.7791302]],[[-51.6686673,-18.7791302],[-51.6714475,-18.7658806],[-51.6952772,-18.7676599],[-51.7175798,-18.7533314],[-51.7438668,-18.7608667],[-51.7687836,-18.7613993],[-51.7844689,-18.7432091],[-51.7970007,-18.7416703],[-51.8016121,-18.7230904],[-51.8193863,-18.7153135],[-51.8506175,-18.6891894],[-51.8723928,-18.6765705],[-51.891612,-18.650831],[-51.893672,-18.6483439],[-51.891314,-18.6382739],[-51.8928394,-18.6361636],[-51.8966117,-18.6330699]],[[-51.8966117,-18.6330699],[-51.9003677,-18.6342143],[-51.911148,-18.623003],[-51.942953,-18.6150087],[-51.9573128,-18.5933199],[-51.9863897,-18.5853901],[-51.9913139,-18.568645],[-52.0156142,-18.5646407],[-52.0558397,-18.5145253],[-52.0719207,-18.504937],[-52.1048806,-18.5177085],[-52.1343101,-18.5175034],[-52.157288,-18.4960493],[-52.1729817,-18.5018953],[-52.191929,-18.4972502],[-52.2037837,-18.5067372],[-52.2502621,-18.509815],[-52.2734521,-18.4967186],[-52.298237,-18.4956849],[-52.3011986,-18.4950685],[-52.3060943,-18.4977721],[-52.3083003,-18.5027329],[-52.3122743,-18.5018291]],[[-49.6535897,-16.3309481],[-49.6697528,-16.3251135],[-49.6710674,-16.3070749],[-49.6872525,-16.2740481],[-49.711788,-16.2594801],[-49.7300591,-16.2617857],[-49.735507,-16.2828487]],[[-49.735507,-16.2828487],[-49.7381502,-16.2839918]],[[-49.7381502,-16.2839918],[-49.7348923,-16.2900595],[-49.7382889,-16.3090962],[-49.7248726,-16.3316705],[-49.7308683,-16.3434953],[-49.7282671,-16.3648432],[-49.7375633,-16.3769449],[-49.7278119,-16.3870801],[-49.7162587,-16.4365841],[-49.7389281,-16.4419759],[-49.7680686,-16.4339455]],[[-49.7680686,-16.4339455],[-49.7680319,-16.4426184],[-49.7424816,-16.4546967],[-49.7254219,-16.4722742],[-49.7043111,-16.4674719]],[[-49.7043111,-16.4674719],[-49.6957384,-16.4683792]],[[-49.6957384,-16.4683792],[-49.6940882,-16.4535011],[-49.6941269,-16.4506825],[-49.6949895,-16.4467197],[-49.6857571,-16.4385372],[-49.6813309,-16.4271213],[-49.6775724,-16.4232831],[-49.664398,-16.4285702]],[[-49.664398,-16.4285702],[-49.6657598,-16.4058265]],[[-49.6657598,-16.4058265],[-49.6617301,-16.3907325],[-49.6601728,-16.3817498],[-49.6538935,-16.355693],[-49.6535897,-16.3309481]],[[-51.8803446,-15.8242758],[-51.8922896,-15.8311214],[-51.9129113,-15.8132336],[-51.9484549,-15.8100984],[-51.9531249,-15.8344788],[-51.9813041,-15.8425042],[-51.9967083,-15.8732771],[-52.0079674,-15.8846314],[-52.0576873,-15.8875426],[-52.0733217,-15.8816546],[-52.1005083,-15.8890451],[-52.1149443,-15.885125],[-52.1313821,-15.8954985],[-52.1751265,-15.8880196],[-52.1926654,-15.880842],[-52.2159323,-15.8915822],[-52.2479693,-15.8901847],[-52.2568953,-15.9308847],[-52.266918,-15.9477238],[-52.2903395,-15.9655473],[-52.28913,-15.9794146],[-52.3108158,-16.0070365],[-52.3240427,-16.0378143],[-52.3284983,-16.0704034],[-52.3531725,-16.0846927],[-52.361022,-16.0815954]],[[-52.361022,-16.0815954],[-52.3559455,-16.0947759],[-52.357285,-16.1113646],[-52.3546399,-16.1313644],[-52.3328795,-16.1379634],[-52.3299982,-16.151416],[-52.3148072,-16.1522738],[-52.3016469,-16.1647374]],[[-52.3016469,-16.1647374],[-52.2997539,-16.1670773]],[[-52.2997539,-16.1670773],[-52.0353951,-15.9148759],[-51.8624375,-15.9092304]],[[-51.8624375,-15.9092304],[-51.8514693,-15.9066298]],[[-51.8514693,-15.9066298],[-51.8499983,-15.8851935],[-51.8398318,-15.8751487],[-51.8304691,-15.8697374],[-51.8383281,-15.8542431],[-51.8501996,-15.8638451],[-51.866364,-15.8596571],[-51.8763275,-15.8405366],[-51.8651373,-15.8271395],[-51.8645242,-15.8180477],[-51.8803446,-15.8242758]],[[-49.3851612,-16.8326939],[-49.4110629,-16.8519834]],[[-49.4298708,-16.8642481],[-49.4375352,-16.8601466]],[[-49.4375352,-16.8601466],[-49.4370514,-16.8661871],[-49.4344702,-16.8698659],[-49.4468919,-16.9011002],[-49.4623474,-16.8996862],[-49.4685011,-16.9131214],[-49.4823079,-16.9297435],[-49.4795571,-16.9800429]],[[-49.4795571,-16.9800429],[-49.4732909,-16.9969811],[-49.4766997,-17.0059303],[-49.484556,-17.0225801]],[[-49.484556,-17.0225801],[-49.4835606,-17.0237739]],[[-49.4835606,-17.0237739],[-49.4756686,-17.0230122],[-49.4744761,-17.0284482],[-49.464335,-17.0375237],[-49.4560597,-17.0413598],[-49.4384461,-17.0373687],[-49.4169774,-17.0443066],[-49.3969492,-17.0338963],[-49.3835074,-17.0413063],[-49.3741783,-17.038723],[-49.3703141,-17.0405844],[-49.3697247,-17.0352624],[-49.370705,-17.0320469],[-49.3688431,-17.0069899],[-49.3740862,-16.9820192],[-49.3711405,-16.9704801],[-49.3681736,-16.9558685],[-49.362644,-16.9389724],[-49.366451,-16.9239185],[-49.362786,-16.9192543],[-49.3604766,-16.8964503]],[[-49.3604766,-16.8964503],[-49.3672965,-16.890806]],[[-50.7989936,-14.9057802],[-50.8140454,-14.9100359]],[[-50.8140454,-14.9100359],[-50.8135391,-14.9126625],[-50.8162075,-14.9164091],[-50.8216056,-14.9239075],[-50.8260394,-14.9355641],[-50.8269885,-14.9657787],[-50.8155715,-14.9684648],[-50.8210147,-14.9989015],[-50.799073,-15.0154477]],[[-50.799073,-15.0154477],[-50.7921818,-15.0254762]],[[-50.7921818,-15.0254762],[-50.7690947,-15.0429852],[-50.7330695,-15.0628154],[-50.7315942,-15.0717106],[-50.7222331,-15.075987],[-50.7195418,-15.082963],[-50.7234367,-15.1062498],[-50.7133735,-15.1289102],[-50.7180354,-15.1492941],[-50.7409332,-15.1744905],[-50.7472663,-15.1819083],[-50.7405404,-15.220088],[-50.7305151,-15.2273158],[-50.7287926,-15.2495384]],[[-50.7287926,-15.2495384],[-50.7309842,-15.2516992],[-50.7315944,-15.2549849]],[[-50.7315944,-15.2549849],[-50.7264616,-15.2569759],[-50.7232665,-15.2642772],[-50.720042,-15.2620823],[-50.7142694,-15.269324],[-50.7029376,-15.2657845],[-50.6941556,-15.2688861],[-50.6803471,-15.2537101],[-50.6504592,-15.2460482],[-50.6152655,-15.2653814],[-50.6006526,-15.26109],[-50.5944563,-15.2792085],[-50.5794842,-15.2832488],[-50.5569825,-15.2767227],[-50.5548429,-15.2897014],[-50.5371015,-15.3079651],[-50.5199571,-15.3045215],[-50.4962858,-15.337368],[-50.4832322,-15.3466558],[-50.4623317,-15.3455428],[-50.4474042,-15.3513392],[-50.435288,-15.3666103],[-50.403844,-15.3466899],[-50.3830922,-15.3262075],[-50.3734543,-15.3277305],[-50.3565649,-15.3144668],[-50.3532905,-15.2944741],[-50.3369247,-15.2968677],[-50.3191501,-15.2743374],[-50.2930399,-15.254277],[-50.2740373,-15.2453027],[-50.2478137,-15.2382816],[-50.2454579,-15.2352105],[-50.2390884,-15.2415899],[-50.2333185,-15.2394267],[-50.1793208,-15.2492428],[-50.1333652,-15.2466532],[-50.1040406,-15.2392428],[-50.0846276,-15.2465757]],[[-50.0846276,-15.2465757],[-50.0793392,-15.2360025]],[[-50.0793392,-15.2360025],[-50.0722886,-15.23331]],[[-50.0722886,-15.23331],[-50.0646853,-15.2269126],[-50.0590438,-15.2247179]],[[-50.0590438,-15.2247179],[-50.0420614,-15.2058739]],[[-50.0420614,-15.2058739],[-50.0395074,-15.1965956],[-50.0548923,-15.1847628]],[[-50.0548923,-15.1847628],[-50.0519236,-15.1651273],[-50.0357013,-15.1457145],[-50.0464291,-15.1372974],[-50.0548938,-15.1244199]],[[-50.0548938,-15.1244199],[-50.0650414,-15.1332465],[-50.0830965,-15.1345526],[-50.1027323,-15.11972],[-50.1121411,-15.115895],[-50.1167019,-15.11397],[-50.1132304,-15.0987587],[-50.1283189,-15.0798391],[-50.1517298,-15.0814817],[-50.164371,-15.0650258],[-50.1855684,-15.0568043],[-50.1847066,-15.0373045],[-50.2070984,-15.0318523],[-50.2028135,-15.0200346],[-50.2365635,-15.0126355],[-50.2358265,-14.9915375],[-50.2415053,-14.975254],[-50.254922,-14.9591989],[-50.2685366,-14.960097],[-50.2872665,-14.9480609],[-50.2998776,-14.9423372],[-50.3102297,-14.9403148]],[[-50.3102297,-14.9403148],[-50.4032885,-15.0255154]],[[-50.4032885,-15.0255154],[-50.4510662,-15.0461783],[-50.4637372,-15.0443176],[-50.4993453,-15.0542259],[-50.5231779,-15.0522609],[-50.5512692,-15.0430643],[-50.5768466,-15.0215215],[-50.581484,-15.0053748],[-50.5939273,-14.9906466],[-50.6278199,-14.9811657],[-50.6462669,-14.9834768],[-50.6772632,-14.9591652],[-50.6966598,-14.9603929],[-50.729568,-14.9530694],[-50.738371,-14.9580704],[-50.770948,-14.9553523],[-50.7920142,-14.9263895],[-50.7989936,-14.9057802]],[[-51.7808005,-16.0532402],[-51.7989388,-16.0295977],[-51.8058231,-16.0300186]],[[-51.8058231,-16.0300186],[-51.820638,-16.0345921]],[[-51.820638,-16.0345921],[-51.8221954,-16.0419439],[-51.8237816,-16.0429435],[-51.8283009,-16.0568342],[-51.8372233,-16.0694788],[-51.8279677,-16.080032]],[[-51.8279677,-16.080032],[-51.8288905,-16.0821637]],[[-51.8288905,-16.0821637],[-51.8280306,-16.0880081],[-51.8167215,-16.0853264],[-51.7988307,-16.0946637],[-51.7922157,-16.1071323],[-51.7855515,-16.1414542],[-51.7774985,-16.1592724],[-51.7338649,-16.1981957],[-51.7224173,-16.2297725],[-51.7087218,-16.2274326],[-51.6715013,-16.2571329],[-51.6772124,-16.2714859],[-51.6672204,-16.2834866],[-51.6675267,-16.3098654],[-51.6740043,-16.3241259],[-51.6370297,-16.384744],[-51.6158651,-16.3976682],[-51.6703564,-16.4131106],[-51.6758891,-16.4169555],[-51.6647155,-16.430487],[-51.6676391,-16.4453667],[-51.6555285,-16.4594333],[-51.6554674,-16.4723086],[-51.6525308,-16.4759184],[-51.6365004,-16.485616],[-51.632303,-16.5074254],[-51.609105,-16.5435242],[-51.5692221,-16.5515225],[-51.5694427,-16.5635912],[-51.5733569,-16.5706789],[-51.6022772,-16.6023572]],[[-51.6022772,-16.6023572],[-51.595303,-16.6045007],[-51.5901952,-16.6137349],[-51.5812802,-16.6325635],[-51.5812988,-16.6478913],[-51.5747772,-16.6537665]],[[-51.5747772,-16.6537665],[-51.5689637,-16.6495604]],[[-51.5689637,-16.6495604],[-51.5591879,-16.6461653],[-51.5544431,-16.6357176],[-51.5397197,-16.6228658],[-51.5395179,-16.605455],[-51.5270208,-16.6007742],[-51.5065284,-16.580096],[-51.5053351,-16.5393649],[-51.4890634,-16.5417206],[-51.4704919,-16.5286257],[-51.4561921,-16.5289559],[-51.4209125,-16.4942426],[-51.4212753,-16.4845322],[-51.4000541,-16.4682217],[-51.3833822,-16.4667539]],[[-51.3833822,-16.4667539],[-51.3751314,-16.4598415]],[[-51.3751314,-16.4598415],[-51.3818256,-16.4425445],[-51.3937205,-16.4305383],[-51.3989132,-16.4224147]],[[-51.3989132,-16.4224147],[-51.3961387,-16.4182732]],[[-51.3961387,-16.4182732],[-51.3999677,-16.406346],[-51.4036898,-16.4025015],[-51.4158301,-16.3948484],[-51.4175781,-16.3821321],[-51.4108859,-16.3801187],[-51.429582,-16.3514429],[-51.4398869,-16.3492568],[-51.4290553,-16.3201507]],[[-51.4290553,-16.3201507],[-51.4437733,-16.3253574]],[[-51.4437733,-16.3253574],[-51.4550766,-16.327697],[-51.4651902,-16.3250548],[-51.465439,-16.3050052],[-51.4794414,-16.3047707],[-51.5144725,-16.2911835],[-51.5330524,-16.2763496],[-51.5369964,-16.2604241],[-51.5514713,-16.2442853]],[[-51.5514713,-16.2442853],[-51.554468,-16.2302544],[-51.5571059,-16.2279063],[-51.5756904,-16.2283938]],[[-51.5756904,-16.2283938],[-51.597353,-16.2290644],[-51.6015212,-16.2247401],[-51.6120745,-16.2005133]],[[-51.6120745,-16.2005133],[-51.6188743,-16.1828718]],[[-51.6188743,-16.1828718],[-51.631641,-16.1793209],[-51.6471045,-16.1495915],[-51.6427601,-16.1388645],[-51.6742169,-16.1298939],[-51.7169179,-16.0954135],[-51.7206331,-16.0803864],[-51.7569208,-16.0884341],[-51.769892,-16.0753891],[-51.7808005,-16.0532402]],[[-50.8415049,-14.1043251],[-50.8518089,-14.1176257],[-50.8711194,-14.11793],[-50.8951037,-14.1308696],[-50.9037008,-14.1102235],[-50.9197824,-14.1266249],[-50.9100275,-14.148419],[-50.9137226,-14.1685097],[-50.9233151,-14.1804903],[-50.9402094,-14.2184689],[-50.9548889,-14.2332145],[-50.9781733,-14.2972436],[-50.9684662,-14.3166155],[-50.9693146,-14.3358323],[-50.9882005,-14.3599682],[-50.9844832,-14.3764446],[-50.9978306,-14.4156747],[-50.9849149,-14.4319171],[-50.9889651,-14.4535716],[-50.9680137,-14.4819971],[-50.973025,-14.4976842],[-50.9642292,-14.5282977],[-50.9962494,-14.5746109],[-50.9928355,-14.6124579],[-51.0100072,-14.6457339],[-51.0266586,-14.6593581],[-51.0317548,-14.6778724],[-51.029233,-14.7074084],[-51.0531885,-14.7388819],[-51.0566607,-14.7612964],[-51.0451073,-14.7771092],[-51.0448213,-14.7928386],[-51.0707095,-14.8099634],[-51.0896375,-14.8401805],[-51.093809,-14.8604157],[-51.0930003,-14.8935438],[-51.0849483,-14.9153587]],[[-51.0849483,-14.9153587],[-51.0836827,-14.9178298],[-51.0917674,-14.9298402]],[[-51.0917674,-14.9298402],[-51.1113506,-14.9454198],[-51.1154095,-14.9707756],[-51.1346571,-15.0089733],[-51.1464054,-15.020541],[-51.1348517,-15.0381436],[-51.114128,-15.0575898],[-51.1208996,-15.0763043],[-51.1158829,-15.1020875],[-51.12485,-15.1028704],[-51.1289916,-15.1250037],[-51.1479846,-15.1308122],[-51.1446331,-15.1442132],[-51.1610776,-15.1865209],[-51.1747141,-15.200913],[-51.1737425,-15.2076094],[-51.1594634,-15.2214861],[-51.1478815,-15.207825],[-51.1362375,-15.2223481],[-51.110937,-15.225902],[-51.0720179,-15.2384566],[-51.0587897,-15.2636537]],[[-51.0587897,-15.2636537],[-51.0546929,-15.263535]],[[-51.0546929,-15.263535],[-51.0449766,-15.2764396],[-51.0254417,-15.2881654],[-51.0247895,-15.2981495],[-51.0067393,-15.3173354],[-50.9497873,-15.3182894],[-50.9258166,-15.3107333],[-50.9042077,-15.3128987],[-50.9081247,-15.2942492],[-50.9043775,-15.2455907],[-50.9157916,-15.2238485],[-50.9100977,-15.2019445],[-50.8960408,-15.2249047],[-50.8769568,-15.2022548],[-50.8660455,-15.1963268],[-50.8364904,-15.2014466],[-50.8036588,-15.2017233],[-50.798178,-15.1880635],[-50.7798536,-15.1782793],[-50.7453514,-15.1224042],[-50.7423227,-15.0915841],[-50.7648998,-15.0701479],[-50.7735175,-15.0495181],[-50.7955754,-15.0354987]],[[-50.7955754,-15.0354987],[-50.799073,-15.0154477]],[[-50.8140454,-14.9100359],[-50.7986579,-14.9007024],[-50.7998252,-14.8944857],[-50.8038185,-14.8904239]],[[-50.8038185,-14.8904239],[-50.8023518,-14.8557603],[-50.811491,-14.8490647],[-50.8288658,-14.8216772],[-50.8229002,-14.8065647],[-50.8257121,-14.7724918],[-50.8396869,-14.7573204],[-50.8306214,-14.7341005],[-50.8541288,-14.6770402],[-50.8694283,-14.6583362],[-50.8575462,-14.6316424],[-50.8448186,-14.6204356]],[[-50.8448186,-14.6204356],[-50.848287,-14.6211224]],[[-50.848287,-14.6211224],[-50.8522908,-14.6177926],[-50.861094,-14.6216109],[-50.8788496,-14.6013957],[-50.8780202,-14.5917708],[-50.8733504,-14.586466],[-50.8719247,-14.5789174],[-50.8719622,-14.5611436],[-50.8568201,-14.5413897],[-50.8613408,-14.5197949],[-50.8538154,-14.5105157],[-50.8579006,-14.4898627],[-50.8408515,-14.4701014],[-50.8397678,-14.4226708],[-50.7988145,-14.3906545],[-50.7934288,-14.3729808],[-50.7956494,-14.3501407],[-50.77749,-14.3535918],[-50.7596547,-14.3139631],[-50.7660389,-14.3046427],[-50.7751838,-14.2416845],[-50.800289,-14.2020078],[-50.8010374,-14.1792638],[-50.8168608,-14.1613536],[-50.8268262,-14.1386469],[-50.847795,-14.1173525],[-50.8415049,-14.1043251]],[[-50.6017462,-16.506465],[-50.6019721,-16.5219749]],[[-50.6019721,-16.5219749],[-50.6105897,-16.5430599],[-50.6106994,-16.5667532],[-50.6171064,-16.5915486],[-50.6528937,-16.5929367],[-50.6604182,-16.6119338]],[[-50.6604182,-16.6119338],[-50.6565133,-16.6123873]],[[-50.6565133,-16.6123873],[-50.6209336,-16.6272603]],[[-50.6209336,-16.6272603],[-50.6071284,-16.6345707],[-50.6055457,-16.639807],[-50.6073768,-16.6489997]],[[-50.6073768,-16.6489997],[-50.6077671,-16.6738715],[-50.5998173,-16.6785668]],[[-50.5998173,-16.6785668],[-50.5965948,-16.6900451],[-50.5881787,-16.694014],[-50.5843753,-16.6980224],[-50.5872937,-16.7095609]],[[-50.5872937,-16.7095609],[-50.594009,-16.712058],[-50.6047919,-16.7317029],[-50.6148805,-16.7458402],[-50.6082122,-16.7563319],[-50.6129028,-16.7784816],[-50.6487348,-16.8028437],[-50.6297369,-16.8133624],[-50.6412367,-16.8289067]],[[-50.6412367,-16.8289067],[-50.6412158,-16.8349807]],[[-50.6412158,-16.8349807],[-50.5761766,-16.8479397],[-50.5751264,-16.8380416],[-50.5463744,-16.8187601],[-50.5068229,-16.8116224],[-50.4817953,-16.7975446],[-50.4491817,-16.7971569]],[[-50.4491817,-16.7971569],[-50.4406235,-16.7836016],[-50.4399318,-16.7754134],[-50.4209584,-16.745082],[-50.4053991,-16.7330384],[-50.4069879,-16.7212391],[-50.3979868,-16.7162194],[-50.3772707,-16.7178534],[-50.3615476,-16.7026265]],[[-50.3615476,-16.7026265],[-50.3632947,-16.6956488]],[[-50.3632947,-16.6956488],[-50.3717604,-16.6915924],[-50.3651302,-16.6696609],[-50.367898,-16.6404534],[-50.37426,-16.6349109],[-50.3816502,-16.6379417],[-50.3894828,-16.6302322],[-50.4081794,-16.6370909],[-50.4292319,-16.6355238]],[[-50.4292319,-16.6355238],[-50.4294012,-16.6452546],[-50.4315943,-16.64984],[-50.4380989,-16.655969],[-50.4509286,-16.6636426]],[[-50.4509286,-16.6636426],[-50.4767604,-16.6727631],[-50.4830786,-16.66874],[-50.4896799,-16.6591017],[-50.4887149,-16.6473487]],[[-50.4887149,-16.6473487],[-50.4879846,-16.643133],[-50.4841828,-16.6375711]],[[-50.4841828,-16.6375711],[-50.5013109,-16.6268585],[-50.5151521,-16.6152117],[-50.5134857,-16.6050093],[-50.5225339,-16.5859921],[-50.5267568,-16.583309],[-50.536109,-16.5772318],[-50.5404545,-16.5686003],[-50.5364197,-16.5641548],[-50.5502744,-16.5484335],[-50.5608265,-16.5545213],[-50.5590891,-16.5412972],[-50.5585352,-16.5232859]],[[-50.5585352,-16.5232859],[-50.5628747,-16.5208378],[-50.5630668,-16.5138298]],[[-50.5630668,-16.5138298],[-50.5671035,-16.5103899],[-50.568696,-16.5149116],[-50.5887696,-16.5103752],[-50.5994689,-16.5066312],[-50.6017462,-16.506465]],[[-49.8303679,-16.519423],[-49.8224255,-16.5204752]],[[-49.8224255,-16.5204752],[-49.8150095,-16.519078],[-49.795334,-16.5235874],[-49.7670654,-16.5610457],[-49.7298239,-16.5800624]],[[-49.7298239,-16.5800624],[-49.7286091,-16.5731747]],[[-49.7286091,-16.5731747],[-49.7211836,-16.5616311],[-49.7128785,-16.5510511],[-49.6985818,-16.5284698]],[[-49.6985818,-16.5284698],[-49.6957528,-16.5193587]],[[-49.6957528,-16.5193587],[-49.6936931,-16.5057697]],[[-49.6936931,-16.5057697],[-49.6948731,-16.4925544],[-49.6942388,-16.4840462],[-49.6951526,-16.472206]],[[-49.6951526,-16.472206],[-49.7043111,-16.4674719]],[[-49.7680686,-16.4339455],[-49.7748751,-16.4362912],[-49.7725079,-16.4262443],[-49.788452,-16.4085125],[-49.8149794,-16.3981047]],[[-52.361022,-16.0815954],[-52.3713478,-16.0963283],[-52.3988793,-16.0933424],[-52.4395408,-16.1100841],[-52.4605729,-16.1277183],[-52.4766344,-16.1264621],[-52.5033715,-16.1414938],[-52.5145984,-16.133364],[-52.5264499,-16.1553939],[-52.5473373,-16.1632322],[-52.5505031,-16.1875631],[-52.545272,-16.2226104],[-52.5701092,-16.231041],[-52.5461643,-16.260228],[-52.5624808,-16.2651515],[-52.5827195,-16.2546894],[-52.5880889,-16.2688137],[-52.6103955,-16.2717467],[-52.6297648,-16.2865818],[-52.6603009,-16.2814034],[-52.6825566,-16.3017423],[-52.6869077,-16.3155218],[-52.68258,-16.3441296],[-52.6922087,-16.3483146],[-52.6926985,-16.3675206],[-52.6775955,-16.3799398],[-52.6875291,-16.3898933],[-52.6751263,-16.4122103],[-52.6516772,-16.408483],[-52.6408295,-16.4178185],[-52.6386778,-16.4375587],[-52.6192182,-16.4463069],[-52.6052879,-16.4655663],[-52.6127559,-16.5017547],[-52.6375635,-16.504485],[-52.6294216,-16.5177702]],[[-52.6294216,-16.5177702],[-52.6073302,-16.5228317],[-52.5995908,-16.5331953],[-52.5719454,-16.5181011],[-52.5658977,-16.5469006],[-52.5512282,-16.5438353],[-52.5492495,-16.5454675],[-52.5461726,-16.5523552],[-52.5045868,-16.5504721]],[[-52.5045868,-16.5504721],[-52.495337,-16.5623789],[-52.4917249,-16.5635958],[-52.4823378,-16.5620923]],[[-52.4823378,-16.5620923],[-52.4570714,-16.5577423],[-52.4409502,-16.5449285],[-52.4172858,-16.5425643],[-52.4038896,-16.554829],[-52.3751949,-16.5377143],[-52.3642839,-16.5362018],[-52.3331669,-16.5530473],[-52.3099503,-16.5787518],[-52.2770813,-16.586622],[-52.2597305,-16.5986558],[-52.2504216,-16.5869589]],[[-52.2504216,-16.5869589],[-52.2448923,-16.5640559]],[[-52.2448923,-16.5640559],[-52.2326979,-16.5388022],[-52.210803,-16.5084259],[-52.1980821,-16.4789046],[-52.194212,-16.4661823]],[[-52.194212,-16.4661823],[-52.1981687,-16.4636529]],[[-52.1981687,-16.4636529],[-52.2323062,-16.4568357],[-52.2462575,-16.4519739],[-52.2617227,-16.4360141],[-52.2496171,-16.4086333],[-52.2474738,-16.3894025],[-52.2355896,-16.385121],[-52.2380336,-16.3588793],[-52.2359437,-16.3518803],[-52.2682927,-16.3435951],[-52.277857,-16.3292774],[-52.3158346,-16.3200419],[-52.3204497,-16.299342],[-52.2971638,-16.2717671],[-52.3050846,-16.2492828],[-52.2763019,-16.2124106],[-52.2678972,-16.2113387],[-52.270083,-16.1968664],[-52.2829756,-16.1928229],[-52.295728,-16.1832517],[-52.2978332,-16.1711279]],[[-52.2978332,-16.1711279],[-52.3016469,-16.1647374]],[[-48.7574387,-14.8616829],[-48.7606625,-14.8462841],[-48.7406039,-14.826739],[-48.7403851,-14.8117045],[-48.7148401,-14.8029129],[-48.728133,-14.7793229],[-48.7188841,-14.7641562],[-48.71278,-14.726555],[-48.7316307,-14.7093072],[-48.7247503,-14.6853689],[-48.7273858,-14.6726963],[-48.7535791,-14.6596429],[-48.7643551,-14.6434681]],[[-48.7643551,-14.6434681],[-48.772918,-14.6430366],[-48.7751316,-14.6490196],[-48.779582,-14.6501213],[-48.7805178,-14.6521243],[-48.7749152,-14.6598063],[-48.7826949,-14.666537],[-48.7976039,-14.6604203]],[[-48.7976039,-14.6604203],[-48.8195484,-14.6684524]],[[-48.8195484,-14.6684524],[-48.826109,-14.685326],[-48.8428379,-14.6895423]],[[-48.8428379,-14.6895423],[-48.8615512,-14.6879655],[-48.8759412,-14.6945355],[-48.8813872,-14.6800523],[-48.8964672,-14.6772848],[-48.9165003,-14.6739856],[-48.924666,-14.6798036],[-48.9377179,-14.676844],[-48.9502798,-14.6810444]],[[-48.9502798,-14.6810444],[-48.9460274,-14.6842291]],[[-48.9460274,-14.6842291],[-48.9480664,-14.6970715],[-48.9275492,-14.709409],[-48.9127756,-14.7356742],[-48.8924968,-14.7460019],[-48.8985813,-14.7647369],[-48.8957198,-14.7822033],[-48.9078081,-14.8040295],[-48.9162211,-14.8347771],[-48.946604,-14.8545492],[-48.9930003,-14.9181214],[-49.0246953,-14.9441813],[-49.0480242,-14.9727391],[-49.0560031,-15.000289],[-49.04169,-15.0055567],[-49.0264699,-15.0213854],[-49.0125494,-15.0303877]],[[-49.0125494,-15.0303877],[-49.0097914,-15.0286726],[-49.0029164,-15.0299156],[-48.9966907,-15.0371663],[-48.9981618,-15.0526657]],[[-48.9981618,-15.0526657],[-49.0051408,-15.0741114],[-49.0251454,-15.0775809],[-49.0321365,-15.0865608],[-49.0486106,-15.1123064],[-49.0721148,-15.1268091],[-49.0824651,-15.1502879]],[[-49.0824651,-15.1502879],[-49.0796183,-15.1502432]],[[-49.0796183,-15.1502432],[-49.0539834,-15.1460084],[-49.0437611,-15.1322321],[-49.0239582,-15.1310948],[-49.0064211,-15.1144331],[-49.0048898,-15.1383186],[-48.9791967,-15.1346893],[-48.9703045,-15.161462],[-48.9251666,-15.15957],[-48.9082814,-15.16394]],[[-48.9082814,-15.16394],[-48.8940746,-15.1516207]],[[-48.8940746,-15.1516207],[-48.8860596,-15.1432612],[-48.8846941,-15.1373133],[-48.8847177,-15.123526]],[[-48.8847177,-15.123526],[-48.8784729,-15.1154669],[-48.8689102,-15.0983284],[-48.8529193,-15.0866004],[-48.8538534,-15.0601594],[-48.8320507,-15.0404106],[-48.8333047,-15.030078],[-48.8183825,-15.0113161],[-48.803636,-14.9961773],[-48.8083796,-14.9706449],[-48.806623,-14.9511102],[-48.7937758,-14.9368148],[-48.7931902,-14.9185957],[-48.7718066,-14.9067485],[-48.7617186,-14.8879671],[-48.7674436,-14.8810996],[-48.76252,-14.8748293],[-48.7652485,-14.8688571],[-48.7574387,-14.8616829]],[[-48.8560598,-16.7514326],[-48.8896696,-16.795196]],[[-48.8896696,-16.795196],[-48.9257754,-16.7870814],[-48.935624,-16.7934809],[-48.9708357,-16.7942619],[-48.9903319,-16.800022],[-49.0012821,-16.8180347],[-49.0233899,-16.8256492],[-49.0389225,-16.8144223],[-49.0559995,-16.8231719],[-49.0682273,-16.8228872],[-49.0568331,-16.7976172],[-49.0645881,-16.7917394]],[[-49.0645881,-16.7917394],[-49.067086,-16.7837128]],[[-49.067086,-16.7837128],[-49.0695638,-16.7838271],[-49.0760929,-16.7786575],[-49.0968781,-16.7734709],[-49.1344414,-16.8275838],[-49.1474139,-16.825691]],[[-49.1474139,-16.825691],[-49.1560394,-16.8241805]],[[-49.1386155,-16.8786348],[-49.1377555,-16.8817847],[-49.1461983,-16.898149]],[[-49.1461983,-16.898149],[-49.1396119,-16.9004266],[-49.1188247,-16.9132475],[-49.1230897,-16.9303402],[-49.1086923,-16.9484694],[-49.0839715,-16.9601523],[-49.0748921,-16.9564939],[-49.0570903,-16.9820891],[-49.0789461,-17.0040314],[-49.0921988,-17.0372064],[-49.0915374,-17.0553702]],[[-49.0915374,-17.0553702],[-49.0847205,-17.0603419]],[[-49.0847205,-17.0603419],[-49.0545482,-17.0527202],[-49.0351781,-17.0669248],[-49.0139022,-17.0675767],[-48.9823533,-17.0923876],[-48.9625418,-17.0860899],[-48.9604927,-17.074528],[-48.9406004,-17.0783221],[-48.9238651,-17.0590812],[-48.909405,-17.0645066],[-48.8869207,-17.0479359],[-48.8771512,-17.0474225],[-48.856841,-17.05361],[-48.8426206,-17.067323],[-48.8413516,-17.0862259],[-48.827577,-17.1144506],[-48.8007506,-17.1790646]],[[-48.8007506,-17.1790646],[-48.7953244,-17.1896839]],[[-48.7953244,-17.1896839],[-48.7904642,-17.1943225],[-48.7835785,-17.1857166],[-48.760142,-17.1707574],[-48.7355799,-17.1682199],[-48.7233411,-17.1585392],[-48.6912189,-17.1622296],[-48.6673582,-17.1690132],[-48.6523082,-17.1787452],[-48.6411141,-17.1778741],[-48.6382468,-17.1654515]],[[-48.6382468,-17.1654515],[-48.6407458,-17.1550758],[-48.6433009,-17.1466885],[-48.6433027,-17.144075]],[[-48.6433027,-17.144075],[-48.6386949,-17.1388468],[-48.6402477,-17.1302565],[-48.6458876,-17.124682],[-48.6566129,-17.1243855]],[[-48.6566129,-17.1243855],[-48.6801631,-17.1202786],[-48.6799171,-17.1049274],[-48.6989113,-17.0943489],[-48.7070807,-17.0803778],[-48.7053034,-17.0568865],[-48.7152233,-17.0396123],[-48.7376291,-17.0300897],[-48.7517205,-17.0173664],[-48.7688635,-17.0130959],[-48.7661914,-16.9926501],[-48.7805037,-16.979552],[-48.769417,-16.9370624],[-48.7776895,-16.9204235],[-48.8017772,-16.9161993],[-48.803774,-16.8913959],[-48.7918585,-16.8620238]],[[-48.7918585,-16.8620238],[-48.7920239,-16.843684],[-48.7894265,-16.8370862],[-48.7874664,-16.8359993]],[[-48.7874664,-16.8359993],[-48.7901378,-16.8296959]],[[-48.7901378,-16.8296959],[-48.7894658,-16.8102715],[-48.8073295,-16.7912166],[-48.8282791,-16.7952181],[-48.8310257,-16.7667046],[-48.8416577,-16.762342],[-48.8453492,-16.757182],[-48.8476015,-16.7575082],[-48.852505,-16.7559263],[-48.8560598,-16.7514326]],[[-51.8630523,-15.9144151],[-51.8624375,-15.9092304]],[[-52.2997539,-16.1670773],[-52.2978332,-16.1711279]],[[-52.1981687,-16.4636529],[-52.1823587,-16.4658558]],[[-52.1823587,-16.4658558],[-52.1756418,-16.4630723],[-52.1675016,-16.4770279],[-52.1466728,-16.4693839],[-52.1255767,-16.4720685]],[[-52.1255767,-16.4720685],[-52.1218357,-16.4723051]],[[-52.1218357,-16.4723051],[-52.123005,-16.4677813],[-52.1287528,-16.4590614],[-52.1449456,-16.4543369],[-52.1460339,-16.4479136],[-52.1132259,-16.4193139],[-52.0954187,-16.4009144],[-52.0699742,-16.3855275],[-52.0398944,-16.3490564],[-52.0259478,-16.3382235],[-52.0185574,-16.3116879],[-52.0039964,-16.3122518],[-51.9884438,-16.2961848],[-51.975192,-16.3010241],[-51.9665,-16.2770599],[-51.9551107,-16.2612441],[-51.9331084,-16.2539029],[-51.9046629,-16.2351101],[-51.9038645,-16.2300247],[-51.9018651,-16.2148854],[-51.8904412,-16.2099332],[-51.8899744,-16.1711449],[-51.9012199,-16.1707376],[-51.8935227,-16.1123362],[-51.8723955,-16.105534],[-51.8643558,-16.0948971],[-51.8438888,-16.0875453]],[[-51.8438888,-16.0875453],[-51.8279677,-16.080032]],[[-51.820638,-16.0345921],[-51.8244977,-16.0323328]],[[-51.8244977,-16.0323328],[-51.8285505,-16.0246575],[-51.8274683,-16.0175814],[-51.8200279,-16.009116],[-51.8277206,-15.990706],[-51.8577635,-15.973601],[-51.8521945,-15.9445194],[-51.8315568,-15.9415936],[-51.8213313,-15.9231932],[-51.8330288,-15.9167984],[-51.8630523,-15.9144151]],[[-50.1532129,-18.11535],[-50.1644166,-18.1224622],[-50.1821086,-18.1192811]],[[-50.1821086,-18.1192811],[-50.1864186,-18.1265396]],[[-50.1864186,-18.1265396],[-50.1799677,-18.1492555]],[[-50.1799677,-18.1492555],[-50.1734736,-18.1551774]],[[-50.1734736,-18.1551774],[-50.1608132,-18.1575819],[-50.1547991,-18.16502],[-50.1538036,-18.1787752]],[[-50.1538036,-18.1787752],[-50.1577798,-18.1857064]],[[-50.1577798,-18.1857064],[-50.1668323,-18.1943795],[-50.1675717,-18.1986864],[-50.1659593,-18.2009052],[-50.1556134,-18.2040644],[-50.1421086,-18.2032298]],[[-50.1421086,-18.2032298],[-50.1257963,-18.1831067],[-50.115226,-18.1906224],[-50.1255261,-18.2112357],[-50.1252071,-18.243834],[-50.0968896,-18.2469018],[-50.0964185,-18.2594183],[-50.0967312,-18.274252],[-50.1062934,-18.2929769],[-50.1159959,-18.316022]],[[-50.1159959,-18.316022],[-50.0974147,-18.3316547]],[[-50.0974147,-18.3316547],[-50.084802,-18.347354],[-50.0697916,-18.3600476],[-50.0506231,-18.3713936],[-50.046045,-18.3829154]],[[-50.046045,-18.3829154],[-50.0239884,-18.3940115],[-50.0190463,-18.381963],[-50.0083425,-18.3781098],[-50.0057789,-18.3739093],[-49.9855173,-18.3660038]],[[-49.9855173,-18.3660038],[-49.9773657,-18.3593163]],[[-49.9773657,-18.3593163],[-49.9757857,-18.349629],[-49.9557547,-18.3381257],[-49.941478,-18.3088999],[-49.8776623,-18.2894356],[-49.8669501,-18.2673406],[-49.8485787,-18.2597821],[-49.8087751,-18.2333619],[-49.8041603,-18.2270232],[-49.804244,-18.2293797],[-49.7979164,-18.2314117],[-49.7729705,-18.2200866],[-49.7659607,-18.2183711],[-49.7623266,-18.2159227],[-49.7569023,-18.2147518],[-49.7019565,-18.2441795],[-49.6999429,-18.2614787],[-49.6434833,-18.2737306],[-49.612244,-18.291366],[-49.5919323,-18.2839775],[-49.5679148,-18.28447],[-49.5765428,-18.2664909],[-49.562405,-18.2629678],[-49.5639258,-18.230569]],[[-49.5639258,-18.230569],[-49.5568382,-18.2053253]],[[-49.5568382,-18.2053253],[-49.5791577,-18.1858269],[-49.5836274,-18.1451601],[-49.6163429,-18.1077476],[-49.6307121,-18.0966872],[-49.6669504,-18.0811875],[-49.7167351,-18.0826886],[-49.7224023,-18.0905819],[-49.7850437,-18.06172],[-49.802606,-18.0708422],[-49.8387944,-18.0350876],[-49.8298898,-18.0228156],[-49.8420414,-18.0046354],[-49.8497617,-18.0005143],[-49.8717593,-18.0101481],[-49.8737794,-18.0248058],[-49.9084277,-18.0347097],[-49.9595224,-18.0880098],[-50.003254,-18.1020469],[-49.9997925,-18.1129521],[-50.0668127,-18.1020127],[-50.0831491,-18.1276838],[-50.0944873,-18.113733],[-50.1307186,-18.1185297],[-50.1381079,-18.1174144],[-50.1382469,-18.1062501],[-50.1460274,-18.1100821],[-50.1532129,-18.11535]],[[-49.0127825,-16.5275342],[-49.0159854,-16.5368319],[-49.0373213,-16.5520453]],[[-49.0373213,-16.5520453],[-49.0567454,-16.5614584],[-49.0653252,-16.5748976]],[[-49.0653252,-16.5748976],[-49.0674116,-16.590991],[-49.0780189,-16.5934851]],[[-49.0780189,-16.5934851],[-49.0766837,-16.6160473],[-49.0622385,-16.6415788],[-49.0478166,-16.6368233],[-49.0218525,-16.65585]],[[-49.0218525,-16.65585],[-49.008109,-16.6548114]],[[-49.008109,-16.6548114],[-48.994914,-16.6384296],[-48.9797189,-16.6512356],[-48.9587735,-16.6335998],[-48.9331497,-16.6279767],[-48.9466009,-16.6056153],[-48.9640092,-16.5666648],[-48.973551,-16.566217],[-48.9882047,-16.5824283],[-49.0001924,-16.5702374],[-49.0079918,-16.5478927],[-48.9980328,-16.5293124]],[[-48.9980328,-16.5293124],[-49.0127825,-16.5275342]],[[-49.6413971,-13.3580401],[-49.6500078,-13.356537]],[[-49.6500078,-13.356537],[-49.6505835,-13.3620661],[-49.672001,-13.3710034],[-49.7224225,-13.4231764],[-49.7585875,-13.4263195],[-49.7789454,-13.4503746],[-49.8108056,-13.4638993],[-49.8224514,-13.4528309],[-49.8429273,-13.4750484],[-49.8492835,-13.4960351],[-49.8634793,-13.500538],[-49.8756121,-13.5051299],[-49.8895644,-13.495932],[-49.9001699,-13.5012012],[-49.9062815,-13.5035463],[-49.9204478,-13.5060655],[-49.9355867,-13.4931367],[-49.9578662,-13.496435],[-49.9699169,-13.4940716],[-49.97434,-13.4985292],[-49.9775485,-13.4916315]],[[-49.9775485,-13.4916315],[-49.9846777,-13.4891714]],[[-49.9846777,-13.4891714],[-49.9931662,-13.4902186],[-50.0332893,-13.5112383],[-50.0431508,-13.5160758],[-50.0569546,-13.5232291],[-50.0885616,-13.5180772],[-50.1190091,-13.5085644],[-50.1369259,-13.5213879],[-50.1427584,-13.5369666],[-50.1632002,-13.5335809],[-50.1664846,-13.5523147],[-50.1916783,-13.5403586],[-50.2180398,-13.5373992],[-50.2328145,-13.5572564],[-50.2462015,-13.5547863],[-50.2550146,-13.5473565]],[[-50.2550146,-13.5473565],[-50.2615096,-13.5626755],[-50.2467842,-13.5766628],[-50.233643,-13.619879],[-50.2440547,-13.6486743],[-50.1772285,-13.6513324],[-50.1429266,-13.6564605],[-50.1406462,-13.6749457],[-50.1214489,-13.6882301],[-50.1132866,-13.6592814],[-50.1014856,-13.6615853],[-50.0841499,-13.6885102],[-50.0685053,-13.6857743],[-50.0595377,-13.7047184],[-50.0529563,-13.7057222],[-50.0323908,-13.6798864],[-50.0192848,-13.6885236],[-49.9963386,-13.6847733],[-49.9713109,-13.6902585]],[[-49.9713109,-13.6902585],[-49.9631723,-13.7027514]],[[-49.7195919,-13.7281094],[-49.7039789,-13.7181802]],[[-49.7039789,-13.7181802],[-49.7019451,-13.7051647],[-49.6825611,-13.6737642],[-49.6646688,-13.6741974],[-49.6485327,-13.6558873],[-49.6483103,-13.6359748],[-49.621897,-13.6041376],[-49.6060223,-13.600746],[-49.5916719,-13.5873793],[-49.5929216,-13.5674317],[-49.5568575,-13.5487564],[-49.5396936,-13.5287275],[-49.5501134,-13.5105582],[-49.5732823,-13.4838811],[-49.5717007,-13.4689071],[-49.5915329,-13.4608845],[-49.6154776,-13.4391212],[-49.6192356,-13.4313541],[-49.6134201,-13.4222084],[-49.601611,-13.4043258],[-49.6158404,-13.3696985],[-49.6406663,-13.3666904],[-49.6413971,-13.3580401]],[[-49.3368114,-16.292584],[-49.3485138,-16.2947631],[-49.3556154,-16.3060651],[-49.3744125,-16.3064149]],[[-49.3744125,-16.3064149],[-49.38114,-16.3147064]],[[-49.38114,-16.3147064],[-49.3973877,-16.3330578],[-49.4149514,-16.3437948],[-49.4400288,-16.3764579],[-49.4492843,-16.3791018],[-49.4534453,-16.3880859],[-49.4233925,-16.4055604]],[[-49.4233925,-16.4055604],[-49.4206455,-16.4061424],[-49.4096136,-16.4155321],[-49.408476,-16.4169817],[-49.4071321,-16.4185608],[-49.4031626,-16.4261015],[-49.3973163,-16.4280838],[-49.3981515,-16.4328021],[-49.3932844,-16.4375588],[-49.386646,-16.4563272],[-49.3544981,-16.4552317],[-49.3234133,-16.4377549]],[[-49.3234133,-16.4377549],[-49.2967578,-16.4433431]],[[-49.2967578,-16.4433431],[-49.303858,-16.4281103],[-49.3343943,-16.4071056],[-49.3392263,-16.3878996],[-49.3631419,-16.3844165],[-49.3669234,-16.3701892],[-49.3652243,-16.3339436],[-49.3461395,-16.3219659],[-49.3354761,-16.2944281]],[[-49.3354761,-16.2944281],[-49.3368114,-16.292584]],[[-51.0917674,-14.9298402],[-51.0852402,-14.9216181],[-51.0834656,-14.9171929],[-51.0849483,-14.9153587]],[[-51.0849483,-14.9153587],[-51.0871098,-14.9213487],[-51.113508,-14.9299219],[-51.1449181,-14.9434106],[-51.15705,-14.985611],[-51.1983989,-15.0027752],[-51.2190088,-15.0247016],[-51.2403049,-15.0292875],[-51.2676087,-15.044413],[-51.295042,-15.0302486],[-51.3070507,-14.9809707],[-51.333079,-14.9701173],[-51.3577269,-14.9998156]],[[-51.3577269,-14.9998156],[-51.3555424,-15.0129424],[-51.3714595,-15.019728],[-51.3967127,-15.0417719],[-51.3940838,-15.0617809],[-51.407488,-15.0874788],[-51.4042428,-15.0996956],[-51.4094322,-15.1104098],[-51.3959591,-15.1544786],[-51.3820753,-15.1745239],[-51.3820207,-15.1847643],[-51.3848543,-15.1966427],[-51.3802749,-15.2436211],[-51.2724092,-15.2758208],[-51.2307729,-15.2707522],[-51.2132706,-15.3080293],[-51.3067698,-15.3234239],[-51.3018813,-15.4110117],[-51.3157401,-15.4119395],[-51.3114146,-15.4808592],[-51.2928882,-15.4707158],[-51.2545719,-15.4872765],[-51.2339318,-15.488438],[-51.2317136,-15.4841662]],[[-51.2317136,-15.4841662],[-51.2183825,-15.480378],[-51.2129874,-15.4726473],[-51.2012421,-15.468685],[-51.1880617,-15.4509464],[-51.1435411,-15.4323084],[-51.1402672,-15.4196991],[-51.133663,-15.4168534],[-51.1247434,-15.4203303],[-51.1158194,-15.4297035]],[[-51.1158194,-15.4297035],[-51.1191044,-15.4366195]],[[-51.1191044,-15.4366195],[-50.9268215,-15.4492939]],[[-50.9268215,-15.4492939],[-50.9260738,-15.4425601],[-50.9355758,-15.4381783],[-50.9384597,-15.4340534],[-50.9391315,-15.4299251],[-50.945578,-15.425182],[-50.9552066,-15.4274361],[-50.9640725,-15.3906099],[-50.9647686,-15.3727291],[-50.9789362,-15.3566269],[-51.0015704,-15.3625583],[-51.0014079,-15.347015],[-51.0171828,-15.3453965],[-51.0228796,-15.344976],[-51.0249617,-15.3405418],[-51.0267948,-15.3467161],[-51.034546,-15.3327273],[-51.0463496,-15.3118625],[-51.06216,-15.2653923]],[[-51.06216,-15.2653923],[-51.0587897,-15.2636537]],[[-49.1747592,-17.9890596],[-49.1786989,-18.0246548],[-49.1734177,-18.0405722],[-49.1783635,-18.0625331],[-49.1940085,-18.0868808],[-49.2171151,-18.1114742],[-49.226426,-18.139715],[-49.2439519,-18.1560425],[-49.2461427,-18.1665937]],[[-49.2461427,-18.1665937],[-49.2429774,-18.1672193]],[[-49.2429774,-18.1672193],[-49.2250563,-18.1743326],[-49.1837582,-18.1656852],[-49.1552861,-18.1240686],[-49.1320623,-18.1175942],[-49.1260305,-18.1077932],[-49.1060612,-18.1073898],[-49.0996747,-18.1133626],[-49.0915023,-18.1554744],[-49.0767522,-18.1811089],[-49.0526967,-18.1962472],[-49.0136936,-18.2050061],[-49.0000668,-18.2278881],[-48.9941714,-18.2635168],[-48.9855016,-18.2656395],[-48.9834453,-18.2913661],[-48.9636643,-18.3118249],[-48.9595022,-18.3234789]],[[-48.9595022,-18.3234789],[-48.9367738,-18.3062076],[-48.9131295,-18.3052094]],[[-48.9131295,-18.3052094],[-48.9019737,-18.3070951],[-48.8963099,-18.2985689],[-48.9024724,-18.2741628],[-48.8852533,-18.2668954],[-48.8633057,-18.2878922],[-48.8323736,-18.266547],[-48.8188639,-18.2641671],[-48.8238345,-18.2385827],[-48.8124132,-18.2358615]],[[-48.8124132,-18.2358615],[-48.8078584,-18.2334243]],[[-48.887334,-18.0881308],[-48.8901065,-18.0922125],[-48.897027,-18.089197],[-48.9223631,-18.0731567],[-48.9226675,-18.0587169],[-48.9337564,-18.0443617],[-48.9305574,-18.021149],[-48.9365317,-18.0157759],[-48.9497274,-18.0193968],[-48.952032,-17.9980013],[-48.9608853,-17.9859288],[-48.9806722,-17.979323],[-48.996405,-17.9886623],[-49.0271154,-17.9707541],[-49.0387827,-17.9672831],[-49.0514753,-17.9523633],[-49.0593049,-17.9486905],[-49.0704757,-17.9595829],[-49.0855879,-17.9556076],[-49.1143115,-17.9838228],[-49.1323693,-17.983817],[-49.153225,-17.9695994],[-49.1747592,-17.9890596]],[[-50.367431,-16.075726],[-50.3913768,-16.0846485],[-50.42085,-16.0905207],[-50.4404302,-16.1016904],[-50.4499635,-16.119216],[-50.4779614,-16.1199496]],[[-50.4779614,-16.1199496],[-50.4796234,-16.1211346],[-50.4904608,-16.1479682],[-50.5017811,-16.1548287]],[[-50.5017811,-16.1548287],[-50.5185203,-16.1753074],[-50.5399571,-16.1797951],[-50.5574301,-16.2015812]],[[-50.5574301,-16.2015812],[-50.5427085,-16.2145278],[-50.5348612,-16.2274057],[-50.5189626,-16.2276392],[-50.4921129,-16.2473241],[-50.4632091,-16.2591954]],[[-50.4632091,-16.2591954],[-50.4583844,-16.2521453]],[[-50.4583844,-16.2521453],[-50.4546823,-16.2318044],[-50.4305498,-16.2274333],[-50.4121123,-16.2062898],[-50.4010941,-16.2019885],[-50.391516,-16.1902191],[-50.4009882,-16.1856127],[-50.3904911,-16.1581738],[-50.3795659,-16.1518687],[-50.3776713,-16.1530854],[-50.3752772,-16.1504355],[-50.3725266,-16.1482719]],[[-50.3725266,-16.1482719],[-50.3715142,-16.1333204]],[[-50.3715142,-16.1333204],[-50.3789895,-16.1058211],[-50.3679801,-16.0814647],[-50.3614546,-16.0807785],[-50.3593459,-16.0828176],[-50.3554046,-16.0788769]],[[-50.3554046,-16.0788769],[-50.367431,-16.075726]],[[-46.1908341,-14.2990877],[-46.1958359,-14.2981407]],[[-46.1958359,-14.2981407],[-46.2265015,-14.3183946],[-46.2399719,-14.3389051],[-46.2618674,-14.3522231],[-46.2799192,-14.3717982],[-46.3179046,-14.3694655],[-46.3330831,-14.3774393],[-46.3469175,-14.3730239],[-46.3640852,-14.3829003],[-46.3669456,-14.3996443],[-46.3944712,-14.4034949],[-46.4215293,-14.4169506],[-46.4322192,-14.4226812]],[[-46.4322192,-14.4226812],[-46.431835,-14.4337467],[-46.4342218,-14.4443354],[-46.4434225,-14.4619498],[-46.4498651,-14.4678944],[-46.4549216,-14.4723078]],[[-46.4549216,-14.4723078],[-46.4584988,-14.4787155]],[[-46.4068935,-14.4807095],[-46.3967653,-14.4743329]],[[-46.3967653,-14.4743329],[-46.3913863,-14.4763621],[-46.3851975,-14.4723107],[-46.3891996,-14.4576163],[-46.3807825,-14.4454276],[-46.3607557,-14.4413579]],[[-46.3607557,-14.4413579],[-46.3291943,-14.4522041]],[[-46.3291943,-14.4522041],[-46.3232213,-14.4469733],[-46.2907541,-14.4426906],[-46.2775066,-14.4337802],[-46.2561343,-14.4385903],[-46.2513396,-14.4450365],[-46.2241656,-14.4412666],[-46.2099993,-14.4532956]],[[-46.2099993,-14.4532956],[-46.1996162,-14.4546824]],[[-46.1996162,-14.4546824],[-46.1701326,-14.4368918],[-46.1991265,-14.4058806],[-46.1985682,-14.3641061],[-46.1860312,-14.3190602],[-46.1908341,-14.2990877]],[[-47.02042,-15.5428072],[-47.031207,-15.5399492],[-47.0416727,-15.5348535],[-47.0476272,-15.5342856],[-47.0589829,-15.5438007]],[[-47.0589829,-15.5438007],[-47.0740631,-15.5546695],[-47.1041993,-15.5591155],[-47.1250699,-15.5829635],[-47.1455133,-15.5946099],[-47.1667343,-15.5999917],[-47.1813403,-15.6004127],[-47.1810055,-15.612746],[-47.160848,-15.6501111],[-47.1303437,-15.6690224],[-47.1256984,-15.6907961],[-47.1022108,-15.7362701],[-47.1044745,-15.7596367],[-47.1126203,-15.7739791],[-47.1100638,-15.7898495],[-47.119586,-15.8068842],[-47.1201241,-15.8411753],[-47.1105231,-15.8745848],[-47.1166199,-15.9047549],[-47.1342452,-15.9247712]],[[-47.1342452,-15.9247712],[-47.1363976,-15.9313881],[-47.1149112,-15.9536681],[-47.0906226,-15.960916],[-47.0768869,-15.9581333],[-47.0603838,-15.9400587],[-47.0220964,-15.9287803],[-46.9843092,-15.9240313],[-46.824868,-15.8857186],[-46.8068987,-15.879249],[-46.8055018,-15.8593948],[-46.8232217,-15.8246331],[-46.8239565,-15.8089383],[-46.813149,-15.7872043],[-46.8274702,-15.7512492],[-46.8271475,-15.7299712],[-46.8424533,-15.714671],[-46.8557027,-15.6831245],[-46.8525929,-15.6530259],[-46.8590129,-15.6396352],[-46.8548835,-15.6183005],[-46.8825769,-15.6100842]],[[-46.8825769,-15.6100842],[-46.8887847,-15.6174777],[-46.890065,-15.6165834],[-46.8935038,-15.6167316],[-46.9158969,-15.6294],[-46.9230646,-15.6360868],[-46.9325635,-15.65046],[-46.9538151,-15.6544178],[-46.9571172,-15.6599105],[-46.9701455,-15.6520745],[-46.9865359,-15.6537966],[-46.9994535,-15.6453011],[-47.0124776,-15.6255634],[-47.0192013,-15.5562394],[-47.02042,-15.5428072]],[[-51.1464394,-18.300562],[-51.1559742,-18.3040612]],[[-51.2379115,-18.3575005],[-51.2245523,-18.3691967],[-51.2260479,-18.3946623],[-51.2103309,-18.4542525],[-51.1886075,-18.4846751],[-51.1699393,-18.4905799],[-51.1703904,-18.5069241],[-51.1583642,-18.5137398],[-51.1434152,-18.5434995],[-51.1131698,-18.5632505],[-51.1043805,-18.5836737],[-51.0752149,-18.6170246],[-51.080718,-18.6277522],[-51.059938,-18.6418969],[-51.0500225,-18.6616866],[-51.0363876,-18.6744607],[-51.0214119,-18.7034204],[-50.9920474,-18.7419124],[-50.9918016,-18.7588779],[-50.982632,-18.7839253],[-50.9857993,-18.7928915],[-50.964999,-18.8091703],[-50.9386086,-18.8413362],[-50.9382849,-18.8783932],[-50.9191148,-18.8896077],[-50.9097373,-18.8818344],[-50.8878801,-18.8986504],[-50.8491587,-18.922388],[-50.8415204,-18.9119799],[-50.8365526,-18.9126183]],[[-50.8365526,-18.9126183],[-50.8294136,-18.91073]],[[-50.8294136,-18.91073],[-50.8266355,-18.8974068],[-50.8307965,-18.885605],[-50.8195804,-18.8708197],[-50.8388798,-18.7443489],[-50.8254395,-18.718058],[-50.8123827,-18.7048333],[-50.7894658,-18.6573578]],[[-50.7894658,-18.6573578],[-50.7883277,-18.6493792]],[[-50.7883277,-18.6493792],[-50.7959089,-18.6451051],[-50.8264631,-18.6477792],[-50.8306296,-18.6368842],[-50.8626667,-18.6244096],[-50.8640485,-18.6043623],[-50.8798875,-18.5912798],[-50.9049355,-18.5689249],[-50.9238565,-18.5631671],[-50.9468044,-18.540265]],[[-50.9468044,-18.540265],[-50.9599104,-18.5329841],[-50.962825,-18.5276298],[-50.9664986,-18.5127498]],[[-50.9664986,-18.5127498],[-50.9395734,-18.5047344],[-50.9282199,-18.4927165],[-50.9004893,-18.478777],[-50.8975544,-18.4613741]],[[-50.8975544,-18.4613741],[-50.8914897,-18.4483328],[-50.87411,-18.4502251]],[[-50.87411,-18.4502251],[-50.8514386,-18.4516698],[-50.8364429,-18.4409641],[-50.8065475,-18.4344194],[-50.7900491,-18.421453],[-50.7598509,-18.4205169],[-50.754934,-18.4156239],[-50.7541867,-18.4136261],[-50.7578851,-18.4071123],[-50.7723501,-18.3766849],[-50.8083215,-18.3582323],[-50.8217968,-18.3593299],[-50.8457209,-18.3341648],[-50.8465009,-18.3119685],[-50.8537958,-18.300467]],[[-50.8537958,-18.300467],[-50.8688785,-18.3050081]],[[-50.8688785,-18.3050081],[-50.8823575,-18.3177806],[-50.89533,-18.3193355],[-50.9395487,-18.3145448],[-50.9516942,-18.3038555],[-50.9679962,-18.2911743],[-50.9810823,-18.3253228],[-51.0148522,-18.3334777],[-51.0567443,-18.3258367],[-51.096558,-18.3478577],[-51.1129397,-18.3328515],[-51.1266392,-18.3295815],[-51.1464394,-18.300562]],[[-50.7310733,-16.5875602],[-50.7619476,-16.6808997],[-50.7818787,-16.6922041],[-50.8011872,-16.687924],[-50.8116889,-16.6953965]],[[-50.8116889,-16.6953965],[-50.8135159,-16.7015341]],[[-50.8135159,-16.7015341],[-50.8183742,-16.7218436],[-50.8040722,-16.7342672],[-50.806965,-16.7558911],[-50.790406,-16.7964941],[-50.7996165,-16.8234761],[-50.7602425,-16.8168293],[-50.7360724,-16.8068607],[-50.7054018,-16.8095524],[-50.6797682,-16.8202559],[-50.65138,-16.8397663]],[[-50.65138,-16.8397663],[-50.6412367,-16.8289067]],[[-50.5872937,-16.7095609],[-50.584272,-16.7002935],[-50.5863538,-16.6953924],[-50.5998173,-16.6785668]],[[-50.6073768,-16.6489997],[-50.6058518,-16.6367415],[-50.6106268,-16.6323368],[-50.6209336,-16.6272603]],[[-50.6565133,-16.6123873],[-50.6819343,-16.616639]],[[-50.6819343,-16.616639],[-50.6939284,-16.619491],[-50.7057921,-16.6148975],[-50.7194043,-16.5936331],[-50.7310733,-16.5875602]],[[-49.7720688,-18.4908924],[-49.7577845,-18.511291]],[[-49.7577845,-18.511291],[-49.7634238,-18.5352991],[-49.7601013,-18.5572156],[-49.7425858,-18.5804324],[-49.7437851,-18.5850865],[-49.7469595,-18.5845482],[-49.7543261,-18.587915],[-49.7546109,-18.5953293],[-49.7538048,-18.6078869],[-49.7577031,-18.6097094]],[[-49.7577031,-18.6097094],[-49.7328262,-18.616023],[-49.6937324,-18.590641],[-49.6669645,-18.5906591],[-49.6478626,-18.6018142],[-49.6355382,-18.5900196],[-49.6526051,-18.5735899],[-49.6420083,-18.5552431],[-49.5752534,-18.5423262],[-49.5589651,-18.5467658],[-49.5444763,-18.535998],[-49.5464672,-18.5011279],[-49.5353064,-18.4918071],[-49.5004363,-18.4909927],[-49.4862851,-18.5064576],[-49.4861884,-18.5322676]],[[-49.4861884,-18.5322676],[-49.4666321,-18.5414037]],[[-49.4666321,-18.5414037],[-49.4463944,-18.5434419],[-49.4434492,-18.5427338],[-49.4242566,-18.5284461]],[[-49.4242566,-18.5284461],[-49.4222503,-18.5253717],[-49.4212605,-18.446682]],[[-49.4212605,-18.446682],[-49.4647665,-18.43074],[-49.4677306,-18.429053],[-49.4745514,-18.4185366]],[[-49.4745514,-18.4185366],[-49.4810684,-18.4166758],[-49.4993005,-18.4117266],[-49.5109424,-18.4072311],[-49.527802,-18.4095113],[-49.5447271,-18.4206789],[-49.5608709,-18.4230149],[-49.5882254,-18.4448694],[-49.6077147,-18.4422832],[-49.627056,-18.4526381],[-49.6443438,-18.4401015],[-49.6842078,-18.4259162],[-49.7120257,-18.4088055],[-49.7425119,-18.3554286],[-49.7603062,-18.3997033],[-49.75845,-18.4244823],[-49.7793436,-18.4471565],[-49.774573,-18.4727087],[-49.7726876,-18.4839198],[-49.7720688,-18.4908924]],[[-51.3641094,-18.2809358],[-51.3741696,-18.306479],[-51.3850265,-18.3242416],[-51.3783304,-18.3388414],[-51.3839998,-18.3641626],[-51.5031648,-18.4966555],[-51.5064433,-18.5154844],[-51.5212529,-18.5209141],[-51.5277188,-18.5381903]],[[-51.5277188,-18.5381903],[-51.5259136,-18.5419854],[-51.5119712,-18.5463343],[-51.4906387,-18.5684515],[-51.4620293,-18.5848429],[-51.4333644,-18.5952689],[-51.4383028,-18.6066218],[-51.3866985,-18.6205732],[-51.3650748,-18.642922],[-51.3309108,-18.671155],[-51.3092516,-18.6843145],[-51.2949986,-18.7060745],[-51.2758071,-18.7160768],[-51.2638636,-18.731816],[-51.2424665,-18.7330179],[-51.2296314,-18.741332],[-51.2133623,-18.7808881],[-51.1952157,-18.7815375],[-51.1648864,-18.8178174],[-51.147971,-18.8221167],[-51.144498,-18.8339698],[-51.1201304,-18.8567178],[-51.1209735,-18.8758117],[-51.0948914,-18.8696497],[-51.0767229,-18.8708627],[-51.0443544,-18.8872461],[-51.0343807,-18.9058866],[-51.0220253,-18.8976123],[-51.0068822,-18.9094999],[-50.9967996,-18.9052132],[-50.9712426,-18.9321167],[-50.9589102,-18.9608914],[-50.9607697,-18.9740266],[-50.9354087,-18.9779858],[-50.9406013,-18.9971959],[-50.9241575,-19.0226765],[-50.9037747,-19.0337063],[-50.8902985,-19.0256596],[-50.8802981,-19.0366604],[-50.8932188,-19.0485273],[-50.8886355,-19.0558955],[-50.8731673,-19.0514773],[-50.8186887,-19.0723653],[-50.7868511,-19.0926657],[-50.771249,-19.1194702],[-50.7644677,-19.1293682],[-50.7275482,-19.1629205],[-50.7330674,-19.1870299]],[[-50.7330674,-19.1870299],[-50.6779617,-19.1730697],[-50.671757,-19.1627133],[-50.6744943,-19.1362978],[-50.6456782,-19.1347831]],[[-50.6456782,-19.1347831],[-50.6414375,-19.1213472],[-50.6514625,-19.1125341],[-50.654605,-19.0984621],[-50.6548486,-19.0769386],[-50.6700199,-19.0614966],[-50.6645776,-19.0490646],[-50.6791563,-19.0348909],[-50.6808853,-19.028353],[-50.6781049,-19.0214562],[-50.6842942,-19.0141872],[-50.7069918,-19.001002]],[[-50.7069918,-19.001002],[-50.7104117,-18.9931196]],[[-50.7104117,-18.9931196],[-50.7369902,-18.9721538],[-50.7669954,-18.9641356],[-50.7874346,-18.9399015]],[[-50.7874346,-18.9399015],[-50.8092741,-18.9413156],[-50.8154671,-18.9402209],[-50.8185799,-18.931243]],[[-50.8185799,-18.931243],[-50.8338227,-18.9229665]],[[-50.8338227,-18.9229665],[-50.8365526,-18.9126183]],[[-52.1823587,-16.4658558],[-52.194212,-16.4661823]],[[-52.2448923,-16.5640559],[-52.2453065,-16.5794539]],[[-52.2453065,-16.5794539],[-52.2229494,-16.5785056],[-52.2041035,-16.5985589],[-52.1930396,-16.5953315],[-52.1718922,-16.6204701],[-52.1439632,-16.6225566],[-52.1454752,-16.6349199],[-52.1341941,-16.6363065],[-52.1317501,-16.6467863],[-52.1449207,-16.6737275],[-52.128893,-16.7092307],[-52.1337255,-16.7203667],[-52.1411127,-16.7525102],[-52.1569235,-16.7566541],[-52.1785072,-16.7740912],[-52.1668625,-16.7940513],[-52.1768639,-16.8077942],[-52.209032,-16.8058186],[-52.2221442,-16.8185641],[-52.2524436,-16.8290929],[-52.2619988,-16.8460902],[-52.2607145,-16.8677051],[-52.276785,-16.8837409],[-52.2788963,-16.900133],[-52.2967537,-16.9289746],[-52.3137897,-16.9305583],[-52.3238917,-16.9413957],[-52.3529757,-16.9413034],[-52.3626163,-16.9487183],[-52.3846305,-16.9475531],[-52.3895635,-16.9308764],[-52.4096998,-16.9085246],[-52.4207587,-16.9454508],[-52.4136693,-16.9567658],[-52.4320624,-17.002107],[-52.4200336,-17.0118944],[-52.4114833,-17.0334918],[-52.4197297,-17.0392586],[-52.4045852,-17.0707666],[-52.4098416,-17.0853934],[-52.3958089,-17.0921515],[-52.4020262,-17.1048142],[-52.3880601,-17.1335139],[-52.4041086,-17.1510502],[-52.412616,-17.1945086],[-52.3961658,-17.2039089],[-52.3919702,-17.2218541],[-52.4046582,-17.2574413]],[[-52.4046582,-17.2574413],[-52.4010268,-17.2614586]],[[-52.4010268,-17.2614586],[-52.3993688,-17.2592776],[-52.387844,-17.2604573],[-52.3694235,-17.2885918],[-52.3508072,-17.3033101],[-52.3402248,-17.3066642],[-52.3375568,-17.2989473],[-52.3170087,-17.2969777],[-52.3137857,-17.3081761],[-52.2904323,-17.3032979],[-52.2833728,-17.3147285],[-52.2690311,-17.3251313],[-52.2566711,-17.3248544],[-52.2451197,-17.3165948],[-52.2041765,-17.3214284],[-52.1742038,-17.3078419],[-52.1525307,-17.3229713],[-52.1456164,-17.3558994],[-52.1298233,-17.3630031],[-52.1066675,-17.3843724],[-52.0987527,-17.4009766]],[[-52.0987527,-17.4009766],[-52.0978583,-17.4145586]],[[-52.0978583,-17.4145586],[-52.1005831,-17.4176634],[-52.0991436,-17.431335],[-52.07906,-17.4372297],[-52.0701695,-17.4395009],[-52.0674209,-17.4403765],[-52.0638885,-17.4448768],[-52.0663101,-17.4467157],[-52.068645,-17.4500898],[-52.0656973,-17.4698108],[-52.0441992,-17.4685269],[-52.032893,-17.485738]],[[-52.032893,-17.485738],[-52.0298038,-17.4910574]],[[-52.0298038,-17.4910574],[-51.9920023,-17.4872546],[-51.9813937,-17.4690231],[-51.9783305,-17.4462847],[-51.9593403,-17.4276836],[-51.9480579,-17.4039966],[-51.9607565,-17.3910852],[-51.962388,-17.3736045]],[[-51.962388,-17.3736045],[-51.9557552,-17.355663],[-51.9429734,-17.3487471],[-51.9395603,-17.3483689]],[[-51.9395603,-17.3483689],[-51.932559,-17.3577663],[-51.9094246,-17.3665792],[-51.8873323,-17.3693253],[-51.8803609,-17.3341599],[-51.8542521,-17.3360764],[-51.8507775,-17.3030032],[-51.8395828,-17.2965347],[-51.8128266,-17.3131152],[-51.7810373,-17.3215143],[-51.7722775,-17.3156037],[-51.7622739,-17.2925625],[-51.7587258,-17.2856584],[-51.757894,-17.2814059],[-51.7467997,-17.2689758],[-51.7370002,-17.2710058]],[[-51.7370002,-17.2710058],[-51.7242181,-17.2824503],[-51.7125543,-17.2801417]],[[-51.7125543,-17.2801417],[-51.7009517,-17.275573]],[[-51.7009517,-17.275573],[-51.690338,-17.2756219],[-51.6729556,-17.2813375]],[[-51.6729556,-17.2813375],[-51.6425169,-17.2841916],[-51.6041712,-17.304683]],[[-51.6041712,-17.304683],[-51.5471383,-17.3240957],[-51.5265992,-17.3500447]],[[-51.5265992,-17.3500447],[-51.5218597,-17.3374373]],[[-51.5218597,-17.3374373],[-51.5136539,-17.3333158],[-51.4939674,-17.336585],[-51.4832605,-17.3447914]],[[-51.4832605,-17.3447914],[-51.4619413,-17.340576]],[[-51.4619413,-17.340576],[-51.4320117,-17.3394266],[-51.4224166,-17.3341828],[-51.4176529,-17.3283698],[-51.4161484,-17.3224083]],[[-51.4161484,-17.3224083],[-51.4113083,-17.3117837],[-51.3997872,-17.3000408],[-51.3597499,-17.2788924],[-51.3232527,-17.2701292],[-51.3193255,-17.2543592],[-51.2852479,-17.22336],[-51.2914686,-17.1901326],[-51.2910819,-17.18162],[-51.271496,-17.1896353],[-51.2664396,-17.1716559],[-51.2602765,-17.1528509],[-51.2395802,-17.1462668],[-51.2295212,-17.1316906],[-51.2060491,-17.1177492],[-51.1934608,-17.1254476],[-51.1709105,-17.116582],[-51.1544376,-17.1245214],[-51.1410168,-17.1175274],[-51.1324081,-17.1097594],[-51.1348765,-17.1078771],[-51.1332142,-17.1031508],[-51.1365222,-17.0913955],[-51.1148331,-17.0831605],[-51.0970473,-17.0556486],[-51.0954378,-17.0260015],[-51.0898293,-17.0196139],[-51.0879652,-16.9991799],[-51.0902432,-16.9962898],[-51.0966879,-16.9876884],[-51.1078006,-16.9691373],[-51.0545756,-16.957216]],[[-51.0545756,-16.957216],[-51.0789959,-16.9408058],[-51.1039657,-16.8945351],[-51.145546,-16.8927885],[-51.1516629,-16.8698555],[-51.1688243,-16.8663828],[-51.1734363,-16.8472553],[-51.1957995,-16.8395258],[-51.2056098,-16.8105271],[-51.224938,-16.8027028],[-51.2209357,-16.7920662],[-51.226883,-16.7611458],[-51.2155782,-16.7356064]],[[-51.2155782,-16.7356064],[-51.220933,-16.7299543]],[[-51.220933,-16.7299543],[-51.2357655,-16.7461125],[-51.2569423,-16.7835654],[-51.2961,-16.7874102],[-51.3183235,-16.7940092],[-51.3215771,-16.8036283],[-51.3477769,-16.8019821],[-51.3616665,-16.8199819],[-51.3828822,-16.8164176],[-51.4132767,-16.8265598],[-51.4263024,-16.8538997],[-51.4550237,-16.8641267],[-51.4816419,-16.8811501],[-51.5196768,-16.8914985],[-51.5560232,-16.8904795],[-51.5637159,-16.8790905],[-51.5881921,-16.8777355],[-51.6097172,-16.8885284],[-51.6336119,-16.9257068],[-51.6574672,-16.9202665],[-51.655967,-16.8708206],[-51.6580498,-16.8639457],[-51.6633218,-16.8568063],[-51.6693556,-16.8426683],[-51.6660841,-16.8340456],[-51.6535497,-16.8109656],[-51.6586947,-16.7953836],[-51.6338645,-16.7702584],[-51.6333369,-16.7584677],[-51.6024705,-16.7558993],[-51.5887207,-16.7338021],[-51.5968608,-16.7261315],[-51.5982704,-16.7019253],[-51.6090593,-16.6893581],[-51.6062769,-16.6816373],[-51.60425,-16.6683016],[-51.5857424,-16.6631297]],[[-51.5857424,-16.6631297],[-51.5747772,-16.6537665]],[[-51.6022772,-16.6023572],[-51.626003,-16.5987292],[-51.6360788,-16.5955038],[-51.6690823,-16.5990725],[-51.6731649,-16.6332787],[-51.6790817,-16.6357478],[-51.7034388,-16.6407331],[-51.7179433,-16.6339767],[-51.7433897,-16.6215471],[-51.754112,-16.5990041],[-51.7745021,-16.6049584],[-51.8076976,-16.630092],[-51.8263279,-16.6315963],[-51.8329168,-16.6420731],[-51.8662278,-16.6590035],[-51.8994974,-16.634156],[-51.917998,-16.6508884],[-51.9787233,-16.6229138],[-52.003504,-16.5677404],[-52.0126121,-16.569631],[-52.0243375,-16.5464314],[-52.0440261,-16.5386011],[-52.0582733,-16.4881287],[-52.0748357,-16.4858602],[-52.0981684,-16.4733272],[-52.1113139,-16.4724616],[-52.1181958,-16.470998]],[[-52.1181958,-16.470998],[-52.1255767,-16.4720685]],[[-48.7027449,-17.4964257],[-48.6971652,-17.5176458],[-48.7009997,-17.5302271],[-48.7145564,-17.5396284],[-48.7274728,-17.5351469],[-48.7402326,-17.5551426],[-48.7541946,-17.5625053],[-48.7805834,-17.5728174],[-48.8018091,-17.5737362],[-48.8200667,-17.5649724],[-48.845441,-17.5623905],[-48.880531,-17.5463031],[-48.9023109,-17.5299665],[-48.9264379,-17.5664223],[-48.9264785,-17.5926778],[-48.9281927,-17.5990819]],[[-48.9281927,-17.5990819],[-48.9243078,-17.6025139],[-48.9123661,-17.6260111],[-48.8930266,-17.63425],[-48.8910277,-17.6505802],[-48.8801243,-17.6657279],[-48.8501921,-17.6805296],[-48.8402241,-17.7135091]],[[-48.8402241,-17.7135091],[-48.8387121,-17.7213163]],[[-48.8387121,-17.7213163],[-48.8038317,-17.723044],[-48.7942401,-17.7153953],[-48.779062,-17.71549],[-48.7391374,-17.7503133],[-48.75124,-17.7839297],[-48.7443452,-17.8108527],[-48.7340003,-17.8168837],[-48.7260216,-17.8352473]],[[-48.7260216,-17.8352473],[-48.7144174,-17.8482218]],[[-48.7144174,-17.8482218],[-48.7043323,-17.8629956],[-48.6868294,-17.869147],[-48.6853901,-17.8911341],[-48.6741963,-17.9065062],[-48.6486978,-17.9261492],[-48.6355199,-17.9460305],[-48.6349722,-17.9613617],[-48.6215571,-18.0004356],[-48.6326917,-18.0194781],[-48.6293543,-18.0406515],[-48.6379208,-18.0473524]],[[-48.6379208,-18.0473524],[-48.6175011,-18.0652597],[-48.5634112,-18.0498525],[-48.5436086,-18.0320655],[-48.5495263,-18.0184966],[-48.5427462,-17.9917313],[-48.5192769,-17.9835987],[-48.5240348,-17.95551],[-48.517635,-17.9439091],[-48.5244463,-17.9249334],[-48.5073299,-17.901275],[-48.5097505,-17.8818712]],[[-48.5097505,-17.8818712],[-48.5150289,-17.874503]],[[-48.5150289,-17.874503],[-48.5133861,-17.8511955],[-48.5330185,-17.8468455],[-48.5470472,-17.8293668],[-48.5483053,-17.8120642],[-48.5404366,-17.7908894],[-48.5098054,-17.7855074],[-48.5219165,-17.765897],[-48.5211132,-17.7550989],[-48.4992156,-17.7398729],[-48.4973555,-17.7142601],[-48.4630247,-17.7133255],[-48.4544129,-17.6861319],[-48.4698403,-17.6626688],[-48.4510251,-17.6326258],[-48.45944,-17.629604],[-48.4764174,-17.6311691],[-48.4713297,-17.6208642],[-48.4630486,-17.6227086],[-48.4582234,-17.6136818],[-48.4663905,-17.6014266]],[[-48.4663905,-17.6014266],[-48.4846295,-17.5911873],[-48.5026601,-17.5737542]],[[-48.5026601,-17.5737542],[-48.50366,-17.5628273],[-48.4991321,-17.5490111],[-48.5065556,-17.5330957],[-48.5101101,-17.499578],[-48.4992795,-17.4927175],[-48.5048077,-17.4901965],[-48.53663,-17.478119],[-48.5470837,-17.4822641],[-48.5813827,-17.4766458],[-48.614834,-17.4762531],[-48.7027449,-17.4964257]],[[-48.8548851,-16.6524399],[-48.8584405,-16.63095],[-48.8764144,-16.6393531],[-48.9029397,-16.6648549],[-48.9200307,-16.6923645],[-48.9753866,-16.6929195],[-48.9955244,-16.6708496],[-49.0096143,-16.6635247]],[[-49.0096143,-16.6635247],[-49.0125076,-16.6628093]],[[-49.0125076,-16.6628093],[-49.0166876,-16.6702029],[-49.0226775,-16.6729376],[-49.0260841,-16.6834886],[-49.0318638,-16.6931078],[-49.0537966,-16.7161208],[-49.0519411,-16.726356],[-49.0686231,-16.7423134],[-49.0569038,-16.7552137],[-49.0611902,-16.7819731]],[[-49.0611902,-16.7819731],[-49.0645881,-16.7917394]],[[-48.8896696,-16.795196],[-48.8686541,-16.7678323]],[[-48.8686541,-16.7678323],[-48.8684037,-16.7646884],[-48.8646753,-16.7576002],[-48.883601,-16.7415879],[-48.9156237,-16.7307311],[-48.9174298,-16.7243268],[-48.9014043,-16.7071736],[-48.8793917,-16.6671125],[-48.8770168,-16.6652321],[-48.8563805,-16.6557756]],[[-48.8563805,-16.6557756],[-48.8548851,-16.6524399]],[[-49.693812,-16.6664952],[-49.7164226,-16.6705866]],[[-49.7164226,-16.6705866],[-49.7322342,-16.6772426]],[[-49.7322342,-16.6772426],[-49.7344494,-16.6884994],[-49.7352345,-16.6962542],[-49.7458667,-16.700177],[-49.7605602,-16.7247871],[-49.7625615,-16.7400102],[-49.7710642,-16.7524633],[-49.7708104,-16.7610057],[-49.780012,-16.7643853]],[[-49.780012,-16.7643853],[-49.781069,-16.7709802],[-49.7818382,-16.7820229],[-49.7767853,-16.7918819],[-49.7754433,-16.798076],[-49.7737557,-16.8003837],[-49.7683974,-16.8030245]],[[-49.7683974,-16.8030245],[-49.7593456,-16.8158668],[-49.7549768,-16.8510026],[-49.732953,-16.8629599],[-49.733014,-16.8790721],[-49.7392052,-16.8880761]],[[-49.7392052,-16.8880761],[-49.7349214,-16.8993886]],[[-49.7349214,-16.8993886],[-49.7148374,-16.8807862],[-49.7014795,-16.8790837],[-49.6857867,-16.8729475],[-49.6653164,-16.8753005],[-49.6288658,-16.8463071],[-49.610732,-16.8418279],[-49.6037503,-16.8211571],[-49.5989519,-16.8022014]],[[-49.5989519,-16.8022014],[-49.6325634,-16.8042507],[-49.6388983,-16.7955941],[-49.6169248,-16.7792278],[-49.641007,-16.7706151],[-49.6535109,-16.760484],[-49.655372,-16.7379492],[-49.6757008,-16.7245825],[-49.6732001,-16.7127924],[-49.6906464,-16.6910688],[-49.6885861,-16.6708933]],[[-49.6885861,-16.6708933],[-49.693812,-16.6664952]],[[-48.6645245,-13.6371808],[-48.6619405,-13.6415824],[-48.6612185,-13.6510127]],[[-48.6612185,-13.6510127],[-48.6673525,-13.6809798],[-48.7132757,-13.7268685],[-48.726912,-13.7749423],[-48.7623815,-13.7965089],[-48.7844945,-13.8179333],[-48.775354,-13.8303145],[-48.7702725,-13.8511038],[-48.7799452,-13.877781]],[[-48.7799452,-13.877781],[-48.7726034,-13.8878266],[-48.7690806,-13.9140003],[-48.7441651,-13.9361984],[-48.7303227,-13.9557581],[-48.7320814,-13.9727067],[-48.7343279,-13.9924933],[-48.7203044,-14.0064806],[-48.7134358,-14.0254576],[-48.7222236,-14.0460634],[-48.7148051,-14.0605071],[-48.7171624,-14.0871501],[-48.7091291,-14.0921702],[-48.706498,-14.0997662],[-48.7059118,-14.1211312],[-48.7194431,-14.1240999],[-48.7231383,-14.1275132]],[[-48.7231383,-14.1275132],[-48.7197688,-14.1304488]],[[-48.7197688,-14.1304488],[-48.7207222,-14.1428606],[-48.7071656,-14.1606179],[-48.6983791,-14.1511505],[-48.6729425,-14.1715597],[-48.6171073,-14.1790097],[-48.5989705,-14.185776],[-48.6007982,-14.1770923],[-48.5961343,-14.1662924],[-48.584628,-14.1643226],[-48.5764967,-14.1448455],[-48.563882,-14.13123],[-48.5291364,-14.1249451],[-48.499356,-14.1043738],[-48.494074,-14.081344],[-48.5016861,-14.0690839],[-48.4848026,-14.0632835],[-48.4833837,-14.0452468],[-48.4728526,-14.0348793],[-48.4732997,-14.0193885],[-48.4260163,-14.0118393],[-48.3979676,-14.0046433],[-48.3526302,-13.9750641],[-48.3365219,-13.9720189]],[[-48.3365219,-13.9720189],[-48.32227,-13.9583142]],[[-48.32227,-13.9583142],[-48.3240462,-13.951463],[-48.318211,-13.9448463],[-48.3175809,-13.9384973]],[[-48.3175809,-13.9384973],[-48.3271902,-13.9267766],[-48.3269918,-13.9216064],[-48.3243289,-13.9146883]],[[-48.3243289,-13.9146883],[-48.3280701,-13.9005184],[-48.341356,-13.8859484],[-48.3458832,-13.8626443]],[[-48.3458832,-13.8626443],[-48.3609396,-13.8491846],[-48.3595505,-13.8362995]],[[-48.3595505,-13.8362995],[-48.3850782,-13.8210906],[-48.3761274,-13.8051935],[-48.4012927,-13.7900603],[-48.4041653,-13.7782361],[-48.4174044,-13.7788765],[-48.4162767,-13.7746875],[-48.4184143,-13.7668396],[-48.4361545,-13.7578506],[-48.4355177,-13.7300566],[-48.4552143,-13.7090135],[-48.4446298,-13.698183],[-48.4654396,-13.6679419],[-48.4592661,-13.6275413],[-48.4664138,-13.6137814],[-48.4980481,-13.6095046],[-48.509439,-13.6157241],[-48.5248319,-13.6004652],[-48.5484075,-13.5952466],[-48.5605798,-13.6006347],[-48.5628599,-13.5918709],[-48.5920536,-13.6301378],[-48.6164392,-13.6320974],[-48.6247723,-13.6278816],[-48.636913,-13.6187324],[-48.6645245,-13.6371808]],[[-48.6613247,-13.6442091],[-48.6691002,-13.6413384],[-48.6966372,-13.6422596],[-48.7017081,-13.6389413]],[[-48.7017081,-13.6389413],[-48.7096061,-13.6439226]],[[-48.7096061,-13.6439226],[-48.7163577,-13.6454002],[-48.7269097,-13.6685393],[-48.7602488,-13.6888823],[-48.7878013,-13.7119505],[-48.7854102,-13.7435025],[-48.8058288,-13.7718947],[-48.7812968,-13.7937308],[-48.7864,-13.809895],[-48.8004445,-13.8142],[-48.8098567,-13.8235318],[-48.8364421,-13.8333108],[-48.8475833,-13.8508278],[-48.8693614,-13.8648936],[-48.86508,-13.8823465],[-48.868574,-13.9059207],[-48.8866059,-13.9226464],[-48.8813941,-13.9336352]],[[-48.8813941,-13.9336352],[-48.8956642,-13.9530258],[-48.9121688,-13.9618205],[-48.9218527,-13.9760559],[-48.9139983,-14.0017896],[-48.9241631,-14.0078113],[-48.9522243,-14.0163666],[-48.9601411,-14.0286251],[-48.973781,-14.0320351],[-48.9976047,-14.0307902],[-49.0164957,-14.0239279],[-49.0254446,-14.0117223],[-49.0578292,-14.0182904],[-49.077776,-14.0159123],[-49.1019451,-14.0054364],[-49.1130598,-14.0068419]],[[-49.1130598,-14.0068419],[-49.1337491,-14.0185078]],[[-49.1337491,-14.0185078],[-49.1429934,-14.0207901],[-49.1745852,-14.0244148],[-49.1810194,-14.0314819],[-49.1775379,-14.0618412],[-49.1800015,-14.0866949]],[[-49.1800015,-14.0866949],[-49.1832183,-14.0962474],[-49.1837529,-14.1055727],[-49.1819927,-14.1130709],[-49.1752457,-14.1259313]],[[-49.1752457,-14.1259313],[-49.175751,-14.1292877]],[[-49.175751,-14.1292877],[-49.1818094,-14.1341625]],[[-49.1818094,-14.1341625],[-49.179919,-14.14437],[-49.17772,-14.1571121],[-49.1820859,-14.1929243],[-49.1537208,-14.2117681],[-49.161217,-14.2277991],[-49.1599952,-14.2432694],[-49.1740848,-14.2667038],[-49.1661148,-14.2956734],[-49.1747545,-14.3239358],[-49.1898311,-14.343406],[-49.189971,-14.3610524]],[[-49.189971,-14.3610524],[-49.1816103,-14.3838685]],[[-49.1816103,-14.3838685],[-49.1366009,-14.3726132],[-49.0867218,-14.3311739],[-49.0088028,-14.0919976],[-48.7985552,-14.0619658],[-48.7799452,-13.877781]],[[-48.6612185,-13.6510127],[-48.6613247,-13.6442091]],[[-47.5246179,-17.4119152],[-47.5530737,-17.3777875],[-47.5547972,-17.3562963],[-47.5703193,-17.3441639],[-47.6028197,-17.3329556],[-47.6287105,-17.3091955],[-47.6571575,-17.2972631],[-47.6913478,-17.2580474],[-47.6765426,-17.2309185],[-47.6877685,-17.190927],[-47.7138466,-17.1537745],[-47.7370991,-17.1900915],[-47.7592439,-17.2016163],[-47.7930479,-17.212037],[-47.8459782,-17.260912],[-47.8840591,-17.2616326],[-47.8891276,-17.3781521],[-47.9149939,-17.4142811],[-47.913053,-17.4325467],[-47.9294872,-17.4638587],[-47.9410192,-17.473754],[-47.9404986,-17.4904437],[-47.9489336,-17.5111495],[-47.9448258,-17.5324343],[-47.965521,-17.5510151],[-47.9660471,-17.5876139],[-47.9613218,-17.5998924],[-47.9640512,-17.6254204],[-47.9467185,-17.6499568],[-47.938708,-17.6847048],[-47.9405173,-17.7120033],[-47.9269607,-17.7399894],[-47.934827,-17.7589785],[-47.9434119,-17.8077586],[-47.9589597,-17.8207132],[-47.9555511,-17.8422539],[-47.9695198,-17.8598731],[-47.9777922,-17.8871453],[-47.9838214,-17.8889056],[-47.9828839,-17.8932023],[-47.9834684,-17.8977797]],[[-47.9834684,-17.8977797],[-47.9821873,-17.8981648]],[[-47.9821873,-17.8981648],[-47.9412673,-17.8953199],[-47.9177756,-17.913872],[-47.908154,-17.9094444],[-47.9078759,-17.911524],[-47.9035776,-17.9138345],[-47.8947423,-17.9106036],[-47.8896011,-17.9105383],[-47.887245,-17.9161143],[-47.8605725,-17.9166185],[-47.8620431,-17.9095027],[-47.843325,-17.8905179],[-47.799484,-17.8718675],[-47.8107175,-17.8444967],[-47.7893761,-17.8435436],[-47.7621552,-17.8165488],[-47.7442684,-17.8311225],[-47.7182965,-17.840669],[-47.6918502,-17.8393362],[-47.6687641,-17.8355156],[-47.660931,-17.8375751],[-47.646625,-17.8141522],[-47.6434919,-17.8027326],[-47.6432957,-17.7984282],[-47.6458799,-17.7881121],[-47.6337053,-17.7700779],[-47.6168185,-17.73394],[-47.6239082,-17.710201],[-47.6187871,-17.6939344],[-47.6290153,-17.6817165],[-47.6410764,-17.6506354],[-47.6404335,-17.639684],[-47.6333499,-17.6218071],[-47.6327962,-17.616115],[-47.6172962,-17.6215889],[-47.6136521,-17.6040302],[-47.5918731,-17.5813853],[-47.6014888,-17.576331],[-47.5939578,-17.5576527],[-47.594316,-17.552579],[-47.5642051,-17.5376387],[-47.5557897,-17.5332068],[-47.56196,-17.5119753],[-47.5413511,-17.4876329],[-47.5393456,-17.479892],[-47.5366472,-17.4570746]],[[-47.5366472,-17.4570746],[-47.5282939,-17.4388645],[-47.5246179,-17.4119152]],[[-49.1457009,-16.221058],[-49.1440307,-16.2323363],[-49.1585004,-16.2535063],[-49.1801962,-16.2624295],[-49.1725472,-16.2936865]],[[-49.1725472,-16.2936865],[-49.162356,-16.3312292]],[[-46.2987271,-13.063779],[-46.2815629,-13.0451358],[-46.2755338,-13.0202133],[-46.1938118,-12.9967524],[-46.1663753,-12.977276],[-46.1246636,-12.9598204],[-46.1088147,-12.9384697],[-46.120116,-12.9256799],[-46.1509947,-12.9377361],[-46.1777318,-12.9393773],[-46.195902,-12.956977],[-46.2293481,-12.9575868],[-46.2380935,-12.9623869],[-46.2810157,-12.968555],[-46.304931,-12.97854],[-46.3706226,-12.987923],[-46.3680081,-12.9721127],[-46.3724272,-12.9445488],[-46.3652006,-12.9346972],[-46.3684008,-12.9025899],[-46.3657643,-12.863354],[-46.3829617,-12.8485596],[-46.4091181,-12.8455928],[-46.4179848,-12.8224367],[-46.4325688,-12.9306408],[-46.4459259,-12.9357678],[-46.4546499,-12.9711526],[-46.750611,-12.969155],[-46.8228182,-13.0067893],[-46.8318718,-13.0280991],[-46.8424192,-13.0364546],[-46.8566224,-13.0616811],[-46.8498944,-13.0711125]],[[-46.8498944,-13.0711125],[-46.8216134,-13.0580719],[-46.8123907,-13.0760203],[-46.7980354,-13.0858926],[-46.763421,-13.0908288],[-46.7532256,-13.1015293],[-46.7313997,-13.1024451]],[[-46.7313997,-13.1024451],[-46.716505,-13.104414],[-46.7123061,-13.1013995],[-46.7111945,-13.0921589]],[[-46.7111945,-13.0921589],[-46.7061388,-13.0825313],[-46.6726197,-13.060665],[-46.6230594,-13.0648213],[-46.6026685,-13.042027],[-46.570618,-13.0401854],[-46.5392236,-13.0170875],[-46.5021657,-13.0046962],[-46.4708353,-13.0099603],[-46.4566736,-13.0195087],[-46.4545056,-13.0353118],[-46.4485903,-13.0387104],[-46.4522394,-13.0457461]],[[-46.4522394,-13.0457461],[-46.4511059,-13.0549914]],[[-46.4511059,-13.0549914],[-46.2987271,-13.063779]],[[-49.7465638,-14.0718156],[-49.7384806,-14.0766774]],[[-49.7384806,-14.0766774],[-49.7343433,-14.0806906]],[[-49.7343433,-14.0806906],[-49.7335082,-14.1129645],[-49.737113,-14.120627],[-49.7449533,-14.1304696]],[[-49.7449533,-14.1304696],[-49.7526438,-14.1647698],[-49.7072321,-14.2123626],[-49.7511446,-14.2405568],[-49.7703085,-14.2614438],[-49.7568609,-14.270395],[-49.7528358,-14.2837496],[-49.7265339,-14.3007551],[-49.7104788,-14.3041273],[-49.7038065,-14.3127254],[-49.7034792,-14.3226016],[-49.7006717,-14.3347141],[-49.6907311,-14.3396362],[-49.6882519,-14.3432174],[-49.6818684,-14.3237182],[-49.6635909,-14.300204],[-49.6375542,-14.2938054],[-49.5904224,-14.2931293],[-49.5654368,-14.2761457],[-49.5616434,-14.2328365]],[[-49.5616434,-14.2328365],[-49.5603882,-14.200333]],[[-49.5603882,-14.200333],[-49.5630079,-14.1904919]],[[-49.593085,-14.1262979],[-49.597727,-14.1322945]],[[-49.597727,-14.1322945],[-49.6013076,-14.134444],[-49.6098911,-14.1328525],[-49.65363,-14.0992823],[-49.6637589,-14.083754],[-49.6823909,-14.0754324],[-49.679953,-14.0597991],[-49.6960039,-14.060239],[-49.6983098,-14.0557369],[-49.7309445,-14.0710267],[-49.7465638,-14.0718156]],[[-49.7431775,-15.295029],[-49.7474651,-15.2926751]],[[-49.7474651,-15.2926751],[-49.7598065,-15.3001891],[-49.7598648,-15.3068603],[-49.761505,-15.3107772]],[[-49.761505,-15.3107772],[-49.7571435,-15.3383033],[-49.7792569,-15.3382284],[-49.7877541,-15.3622635],[-49.7784231,-15.3825207],[-49.783731,-15.4107246],[-49.8008909,-15.448104],[-49.8137034,-15.4499506],[-49.84349,-15.4405362],[-49.8526598,-15.4472825],[-49.8623815,-15.4385657]],[[-49.8623815,-15.4385657],[-49.8610655,-15.4497871]],[[-49.8610655,-15.4497871],[-49.8868413,-15.4786355],[-49.889476,-15.5075132],[-49.8815084,-15.5195284],[-49.8372564,-15.5385221],[-49.828029,-15.5378703],[-49.8112823,-15.5325226],[-49.7731698,-15.5461702],[-49.7332278,-15.5253304]],[[-49.7332278,-15.5253304],[-49.7327571,-15.5050371]],[[-49.7327571,-15.5050371],[-49.7224147,-15.5080003],[-49.7032879,-15.5089203],[-49.6917392,-15.4969273],[-49.685567,-15.4580802],[-49.6970576,-15.444103],[-49.6950102,-15.4200439],[-49.6659508,-15.4149476],[-49.6580657,-15.4055907],[-49.6474202,-15.4107811],[-49.6387558,-15.4026887],[-49.6282598,-15.4079748],[-49.6064234,-15.4084261]],[[-49.6064234,-15.4084261],[-49.6047325,-15.3945512],[-49.6000595,-15.3886395],[-49.5882306,-15.3764973],[-49.5885658,-15.3632881]],[[-49.5885658,-15.3632881],[-49.59681,-15.3528756]],[[-49.59681,-15.3528756],[-49.6033393,-15.3555773],[-49.6115478,-15.3575181],[-49.6361709,-15.3542337],[-49.6458912,-15.3521442],[-49.6635866,-15.3401989],[-49.6721993,-15.3091815],[-49.7159492,-15.2957576],[-49.7431775,-15.295029]],[[-50.1805112,-18.0670395],[-50.1876509,-18.0604018]],[[-50.1876509,-18.0604018],[-50.2251291,-18.0783573],[-50.2838155,-18.079594],[-50.3034631,-18.0925169],[-50.3126264,-18.1137558],[-50.3237056,-18.1140474],[-50.3450199,-18.1352902],[-50.3526778,-18.1574441]],[[-50.3526778,-18.1574441],[-50.3604907,-18.1619495]],[[-50.3604907,-18.1619495],[-50.3715695,-18.1699501],[-50.3742665,-18.1803751],[-50.3811556,-18.1813816],[-50.3879878,-18.1856142],[-50.4149625,-18.1860736],[-50.424435,-18.1902731],[-50.4283809,-18.1895986],[-50.4370754,-18.1935395],[-50.4552092,-18.1894273],[-50.4625973,-18.1792416],[-50.480065,-18.1760428],[-50.4924235,-18.1582216],[-50.5231796,-18.158504],[-50.5468286,-18.1413635],[-50.5704363,-18.1302542],[-50.5847116,-18.1379678]],[[-50.5847116,-18.1379678],[-50.5643753,-18.1556797],[-50.5609311,-18.171251],[-50.5370477,-18.181526],[-50.5206544,-18.1749676],[-50.5201268,-18.2009694],[-50.5020757,-18.2119814],[-50.4789302,-18.2156109],[-50.4474633,-18.2299971],[-50.4095131,-18.2332691],[-50.4001258,-18.2445844]],[[-50.4001258,-18.2445844],[-50.3784877,-18.2432851],[-50.3753451,-18.2405918],[-50.3712704,-18.2309183]],[[-50.3712704,-18.2309183],[-50.3522057,-18.2191818],[-50.3398466,-18.2029526],[-50.3174247,-18.210451],[-50.2898257,-18.1982227],[-50.276489,-18.1779112],[-50.2531763,-18.1681915],[-50.246037,-18.1523745],[-50.228103,-18.1358072],[-50.213954,-18.145053],[-50.207707,-18.1464554],[-50.1848521,-18.141662]],[[-50.1848521,-18.141662],[-50.1864186,-18.1265396]],[[-50.1821086,-18.1192811],[-50.1599232,-18.1157829]],[[-50.1599232,-18.1157829],[-50.1620945,-18.0897247],[-50.1703878,-18.0733445]],[[-50.1703878,-18.0733445],[-50.1805112,-18.0670395]],[[-47.9821873,-17.8981648],[-47.9866067,-17.8968346]],[[-47.9866067,-17.8968346],[-47.9941557,-17.8940604],[-48.0004387,-17.9073686],[-48.0229347,-17.9173486],[-48.0739422,-17.9183127],[-48.0856305,-17.9123579],[-48.105408,-17.9252748],[-48.1154093,-17.9203728],[-48.1218231,-17.9232504],[-48.1284997,-17.9467046],[-48.142299,-17.9417222],[-48.1660773,-17.9664844]],[[-48.1660773,-17.9664844],[-48.1749029,-17.9700323]],[[-48.1749029,-17.9700323],[-48.1701581,-17.9743801],[-48.1658067,-17.9788345],[-48.1598068,-17.9786717],[-48.1300307,-17.9755263],[-48.1232982,-17.9808481],[-48.1031994,-17.9885985],[-48.080525,-18.0179286],[-48.0682297,-18.051168],[-48.0523027,-18.0616136],[-48.0333022,-18.062927],[-48.0213995,-18.0931181],[-48.0244315,-18.1188429],[-48.0418082,-18.1576906],[-48.0155337,-18.1685498],[-48.0138357,-18.1844673],[-48.0466675,-18.2229992],[-48.0474331,-18.2443117],[-48.0623573,-18.2643638]],[[-48.0623573,-18.2643638],[-48.0576166,-18.2691759],[-48.0503525,-18.294219],[-48.0465661,-18.2983299],[-48.0376951,-18.3007099],[-48.0123292,-18.3015765],[-47.999535,-18.2869519],[-47.9762694,-18.2875521],[-47.9712753,-18.2913937],[-47.9628958,-18.3150915],[-47.9384116,-18.3285471],[-47.9414777,-18.3392061],[-47.9377968,-18.3721037],[-47.9396783,-18.3789488],[-47.9478891,-18.3791937],[-47.9505869,-18.3796875],[-47.9612578,-18.3795766],[-47.9637627,-18.3843659],[-47.9705284,-18.384644],[-47.9899597,-18.4045465],[-48.0022903,-18.4127043],[-48.0180603,-18.4214942],[-48.0253347,-18.4256389],[-48.0270016,-18.436061]],[[-48.0270016,-18.436061],[-48.0083025,-18.4530967],[-47.979906,-18.4626914],[-47.952655,-18.4938398],[-47.9295493,-18.4878432],[-47.9254372,-18.471236],[-47.914274,-18.4665778],[-47.8879121,-18.4772192],[-47.8632433,-18.4697437],[-47.8604536,-18.4401908]],[[-47.8604536,-18.4401908],[-47.853715,-18.4186955],[-47.8661796,-18.4047776],[-47.8578226,-18.3929881],[-47.8637137,-18.3815133],[-47.8535478,-18.3694411],[-47.8710501,-18.3462866],[-47.9048807,-18.3387935],[-47.911491,-18.3279576],[-47.8890721,-18.3100407],[-47.8855211,-18.3044785],[-47.8813546,-18.2975611],[-47.8783473,-18.2931764],[-47.8766801,-18.2840391]],[[-47.8766801,-18.2840391],[-47.8780523,-18.2838509]],[[-47.8780523,-18.2838509],[-47.8771249,-18.2779118],[-47.8774985,-18.264424],[-47.8767071,-18.2241693],[-47.8628741,-18.2169879],[-47.8623793,-18.1990715],[-47.8496021,-18.1899054],[-47.8407981,-18.1563218],[-47.8210669,-18.1392439],[-47.7879923,-18.1211547],[-47.759965,-18.1188939],[-47.7502399,-18.1257015],[-47.712938,-18.1324148]],[[-47.712938,-18.1324148],[-47.7115173,-18.1314534]],[[-47.7115173,-18.1314534],[-47.7079624,-18.1224638],[-47.6853019,-18.1182837],[-47.6949329,-18.1085233],[-47.6646258,-18.0758017],[-47.6700801,-18.0426659],[-47.6340448,-18.0605647],[-47.5962939,-18.0068981],[-47.5938287,-17.9969738],[-47.5615892,-17.9835182],[-47.4972145,-18.0294672],[-47.492002,-18.0583272],[-47.4784396,-18.0774656],[-47.4336413,-18.1102912],[-47.415304,-18.130052],[-47.4079062,-18.1418722]],[[-47.4079062,-18.1418722],[-47.4077349,-18.1322656],[-47.3918894,-18.1168725],[-47.3700398,-18.1160146],[-47.3576318,-18.0852333],[-47.3214485,-18.0688667],[-47.3027867,-18.069855],[-47.2834435,-18.0577538],[-47.2830694,-18.0442692],[-47.3118246,-18.0062874],[-47.3230084,-17.9831567],[-47.3129613,-17.9618874],[-47.3293806,-17.9540243],[-47.3412829,-17.9348564],[-47.3428603,-17.898624],[-47.3554317,-17.8954453],[-47.3541149,-17.869802],[-47.365876,-17.834548],[-47.3621476,-17.8154757],[-47.3507473,-17.8139461],[-47.3532807,-17.7880863],[-47.3329179,-17.7683927],[-47.3421123,-17.746645],[-47.3372014,-17.7368854],[-47.3169505,-17.7252432],[-47.3137022,-17.698963],[-47.2955479,-17.682193],[-47.2860302,-17.6838528],[-47.2713657,-17.6658635],[-47.2807997,-17.6476307],[-47.2688931,-17.6362841],[-47.2648038,-17.6113892],[-47.288674,-17.5707342],[-47.3066249,-17.5584603],[-47.3254145,-17.5238006],[-47.3744483,-17.5235951],[-47.4004487,-17.5118175],[-47.4314768,-17.5237402],[-47.4547257,-17.541786],[-47.4668859,-17.5340177],[-47.4772836,-17.5127848],[-47.4911741,-17.5187779],[-47.5088518,-17.5012183],[-47.502948,-17.4902433],[-47.5133203,-17.4632237],[-47.5366472,-17.4570746]],[[-49.6544529,-16.4278623],[-49.664398,-16.4285702]],[[-49.6957384,-16.4683792],[-49.6951526,-16.472206]],[[-49.6936931,-16.5057697],[-49.6866748,-16.5022285]],[[-49.6866748,-16.5022285],[-49.6627969,-16.4998379],[-49.6545889,-16.5063542],[-49.6236123,-16.4929673]],[[-49.6236123,-16.4929673],[-49.6190159,-16.4880711]],[[-49.6190159,-16.4880711],[-49.6147801,-16.4907551],[-49.5793595,-16.4936312],[-49.5722495,-16.4961846],[-49.5578111,-16.50285],[-49.5392872,-16.5012805],[-49.5274503,-16.4985446],[-49.5152607,-16.4974989],[-49.4957695,-16.477909],[-49.4838321,-16.458362],[-49.4594094,-16.4589073],[-49.4475247,-16.4458075]],[[-49.4475247,-16.4458075],[-49.4475303,-16.437804]],[[-49.4475303,-16.437804],[-49.4579301,-16.4353697],[-49.4633984,-16.4275843],[-49.4649829,-16.4134978]],[[-49.4649829,-16.4134978],[-49.4783794,-16.4214691],[-49.4927908,-16.4140558],[-49.5031875,-16.4281808],[-49.544798,-16.4286947],[-49.5554227,-16.4086246],[-49.5812128,-16.4006646],[-49.6214799,-16.4004231],[-49.6310594,-16.4038872],[-49.6393809,-16.4230123],[-49.6487562,-16.4239143],[-49.6525779,-16.425641],[-49.6544529,-16.4278623]],[[-47.387425,-13.2648504],[-47.4000657,-13.2620179],[-47.4185811,-13.2722897],[-47.4364455,-13.2667829],[-47.454454,-13.2500071],[-47.4328978,-13.2384164],[-47.4390922,-13.2236805],[-47.4651907,-13.227158],[-47.4846822,-13.2218774],[-47.4878931,-13.2112802],[-47.4774514,-13.1871897],[-47.487209,-13.1826901],[-47.5088443,-13.1900339],[-47.5177151,-13.1833875],[-47.5410293,-13.1917981],[-47.5652595,-13.179662],[-47.5685676,-13.1434514],[-47.5609943,-13.1255621],[-47.5746786,-13.1149265],[-47.5931215,-13.1154824],[-47.6156147,-13.1036851],[-47.6458713,-13.1198323],[-47.6516952,-13.1498235],[-47.6691378,-13.1677536],[-47.6543242,-13.1766971],[-47.6666482,-13.2080876],[-47.6542981,-13.2192684],[-47.6568028,-13.2342719],[-47.639661,-13.2642926],[-47.6559224,-13.2764474],[-47.6582206,-13.3057776],[-47.6536575,-13.3134643],[-47.6498827,-13.3495957],[-47.6287514,-13.365694],[-47.6267549,-13.3855501],[-47.6377011,-13.3898225],[-47.6545058,-13.4154436],[-47.6556353,-13.4286756],[-47.6709903,-13.4412691],[-47.6797484,-13.4681748],[-47.7982282,-13.3289841],[-47.8236019,-13.3117114],[-47.8440886,-13.3183392],[-47.8651879,-13.3142351],[-47.8740603,-13.3204879],[-47.8986464,-13.3125729],[-47.9064982,-13.2991233],[-47.9363044,-13.2898552],[-47.9439503,-13.303586],[-47.9705718,-13.3115825],[-47.9732122,-13.2970108],[-47.9885408,-13.2763636],[-48.0252513,-13.2798336],[-48.034061,-13.2537272],[-48.0522263,-13.2567218],[-48.0541503,-13.2395873],[-48.0760426,-13.2427307],[-48.0792374,-13.2853782],[-48.1430995,-13.3061551],[-48.1537849,-13.3037511],[-48.157155,-13.3078937],[-48.1606652,-13.3028677],[-48.1648231,-13.3066603],[-48.1665211,-13.3015702],[-48.1698794,-13.3003456],[-48.1717163,-13.3064724],[-48.1719912,-13.3110217]],[[-48.1719912,-13.3110217],[-48.1648523,-13.3329739],[-48.1706358,-13.3673785],[-48.148568,-13.3794239],[-48.1436843,-13.4129596],[-48.1484303,-13.4406728],[-48.172694,-13.4469333],[-48.178345,-13.4223681],[-48.1927694,-13.4436827],[-48.189858,-13.4560141],[-48.1987112,-13.4714617],[-48.1765894,-13.4820324],[-48.1661527,-13.4769375],[-48.1575985,-13.495363],[-48.1315709,-13.5049685],[-48.1248245,-13.5402776],[-48.1080687,-13.54039],[-48.0920187,-13.5540918],[-48.1101328,-13.5686782],[-48.1113082,-13.6176592],[-48.1181028,-13.6196958]],[[-48.1181028,-13.6196958],[-48.1196603,-13.6275277]],[[-48.1196603,-13.6275277],[-48.09524,-13.6543074],[-48.0944589,-13.6858124],[-48.0836037,-13.6806699],[-48.0585505,-13.7014742],[-48.0538198,-13.7294715],[-48.0399319,-13.7465548],[-48.0269369,-13.7429138],[-48.0262145,-13.7643601],[-48.016292,-13.7809588],[-48.0275731,-13.8112179],[-48.0077935,-13.8184083],[-47.9994573,-13.8319853],[-47.962185,-13.8504581],[-47.9470419,-13.8865659],[-47.964096,-13.9061375],[-47.9561052,-13.9177318],[-47.9586854,-13.9398225],[-47.9444878,-13.9425214],[-47.9298206,-13.9561799],[-47.9195205,-13.9945613],[-47.9085618,-14.0139047],[-47.9224577,-14.0316586],[-47.9230146,-14.0359192],[-47.8977183,-14.0536273],[-47.898291,-14.0931662],[-47.9174312,-14.0965244],[-47.9148197,-14.1055799],[-47.9035976,-14.1120065],[-47.9141545,-14.1458919],[-47.9011721,-14.1635308],[-47.8993255,-14.1702317]],[[-47.8993255,-14.1702317],[-47.8937426,-14.1745059]],[[-47.2639509,-13.9768144],[-47.2754033,-13.955884],[-47.2917011,-13.9449013],[-47.3220967,-13.9435757],[-47.3345962,-13.9354951],[-47.3286284,-13.9136025],[-47.3094828,-13.8911858],[-47.3088751,-13.8666521],[-47.3172618,-13.8379297],[-47.353233,-13.8076244],[-47.339759,-13.7859318],[-47.3166775,-13.7706748],[-47.3058726,-13.746699],[-47.2863169,-13.7419306],[-47.2877005,-13.7297055],[-47.32638,-13.7329898],[-47.3322371,-13.7309855],[-47.3308195,-13.7164038],[-47.327832,-13.6963482],[-47.3060954,-13.6644024],[-47.3232009,-13.6454523],[-47.3177093,-13.6264472],[-47.2926494,-13.589095],[-47.2596224,-13.5327522],[-47.2556523,-13.4945321],[-47.2447304,-13.4707018],[-47.2471965,-13.4476621]],[[-47.2471965,-13.4476621],[-47.2584526,-13.4498213]],[[-47.2584526,-13.4498213],[-47.2679543,-13.4355484],[-47.2843994,-13.4286361],[-47.3075323,-13.407461],[-47.3297851,-13.3800222],[-47.3286785,-13.3592659],[-47.3507636,-13.348945],[-47.3465362,-13.3200371],[-47.3495436,-13.3130635],[-47.372845,-13.2941446],[-47.3705476,-13.2751992],[-47.3795387,-13.2649974],[-47.387425,-13.2648504]],[[-49.548721,-15.2059461],[-49.5534058,-15.1844648]],[[-49.5534058,-15.1844648],[-49.5846147,-15.1891279]],[[-49.5846147,-15.1891279],[-49.5928949,-15.2051125],[-49.6094009,-15.2210556],[-49.6290971,-15.2309129],[-49.6457463,-15.2500485],[-49.6558409,-15.2519953],[-49.6771732,-15.2409345],[-49.6951134,-15.2516532],[-49.7130418,-15.2520416],[-49.74668,-15.2401951]],[[-49.74668,-15.2401951],[-49.74576,-15.2523077],[-49.7701692,-15.2797813],[-49.7714962,-15.2884996]],[[-49.7714962,-15.2884996],[-49.7685879,-15.2904004]],[[-49.7685879,-15.2904004],[-49.748585,-15.292141]],[[-49.748585,-15.292141],[-49.7431775,-15.295029]],[[-49.59681,-15.3528756],[-49.5902846,-15.351629]],[[-49.5902846,-15.351629],[-49.5921205,-15.3428576]],[[-49.5921205,-15.3428576],[-49.5825452,-15.337506],[-49.5763056,-15.3395098],[-49.5745663,-15.3361761],[-49.5752287,-15.3343711],[-49.5844345,-15.3238175]],[[-49.5844345,-15.3238175],[-49.5893434,-15.3112584],[-49.5721995,-15.3011759],[-49.5678095,-15.2811429],[-49.5559481,-15.2779429],[-49.5506647,-15.2622255],[-49.5655614,-15.241957],[-49.548721,-15.2059461]],[[-49.780058,-16.9074169],[-49.7853171,-16.9085709],[-49.8037069,-16.9032157],[-49.8170974,-16.9120092]],[[-49.8170974,-16.9120092],[-49.8237907,-16.9239565],[-49.829902,-16.9594437],[-49.8566181,-16.9439718],[-49.8810625,-16.9727247]],[[-49.8810625,-16.9727247],[-49.8723968,-16.9768877]],[[-49.8723968,-16.9768877],[-49.8597806,-16.9868957],[-49.851819,-17.0101575],[-49.84115,-17.0233121],[-49.8534249,-17.0408723],[-49.8312643,-17.0476986],[-49.8222072,-17.06689],[-49.8247593,-17.0965607],[-49.8323161,-17.1100153],[-49.8512579,-17.1242441],[-49.8470676,-17.1559284],[-49.8434326,-17.164173],[-49.8288687,-17.1603644],[-49.8142637,-17.1619293],[-49.8074573,-17.1630137],[-49.7891405,-17.1544104],[-49.7826964,-17.1480394],[-49.7640419,-17.1391831],[-49.7575902,-17.1368845],[-49.7520104,-17.1391098],[-49.7431424,-17.1536463],[-49.7307356,-17.1573184],[-49.7233952,-17.1780809]],[[-49.7233952,-17.1780809],[-49.7240354,-17.1853686],[-49.7222826,-17.1880351],[-49.7117862,-17.1911031],[-49.7086423,-17.1948325]],[[-49.7086423,-17.1948325],[-49.7050752,-17.207189],[-49.6873927,-17.2199375],[-49.6789257,-17.2407096],[-49.6597264,-17.2532049],[-49.6508112,-17.2919917],[-49.645452,-17.2996351]],[[-49.645452,-17.2996351],[-49.6487238,-17.3020893]],[[-49.6487238,-17.3020893],[-49.6352879,-17.3039425],[-49.6296978,-17.2936605],[-49.6260379,-17.2941038]],[[-49.6260379,-17.2941038],[-49.6173665,-17.2912028]],[[-49.6173665,-17.2912028],[-49.6265097,-17.2784929],[-49.6153139,-17.2654362],[-49.6179752,-17.2519959],[-49.6190097,-17.2373979],[-49.6198939,-17.2280328]],[[-49.6198939,-17.2280328],[-49.6333393,-17.2257804],[-49.6321459,-17.2018656],[-49.6541183,-17.1806061],[-49.6613125,-17.1623875],[-49.6877525,-17.1337488],[-49.6850945,-17.1133121],[-49.6994291,-17.1064776],[-49.7052611,-17.0775148],[-49.7107391,-17.073188],[-49.7219778,-17.0719074],[-49.7291445,-17.0761635],[-49.7289243,-17.0732542],[-49.7267048,-17.0696656],[-49.7498187,-17.0107729],[-49.7519798,-16.9961852],[-49.7434491,-16.9638756]],[[-49.7434491,-16.9638756],[-49.7448749,-16.9543753]],[[-49.7448749,-16.9543753],[-49.7445365,-16.9482217],[-49.7493115,-16.9441784]],[[-49.7493115,-16.9441784],[-49.7593743,-16.94317],[-49.7802922,-16.9201175],[-49.780058,-16.9074169]],[[-52.7846197,-18.0713756],[-52.8207908,-18.3107249]],[[-52.8207908,-18.3107249],[-52.792981,-18.3175807],[-52.7759033,-18.3287534],[-52.7593196,-18.3480709],[-52.7675128,-18.3782473],[-52.7860677,-18.3903091],[-52.7945183,-18.4105164],[-52.8067938,-18.4176957],[-52.838486,-18.4236325]],[[-52.838486,-18.4236325],[-52.873406,-18.6458659]],[[-52.873406,-18.6458659],[-52.8464687,-18.666953],[-52.8254311,-18.6723998],[-52.8091012,-18.667215],[-52.7852626,-18.6815089],[-52.7651871,-18.6806226],[-52.748104,-18.6920557],[-52.7161033,-18.6914091],[-52.6873098,-18.6783425],[-52.6404504,-18.6905284],[-52.5886921,-18.6879335],[-52.5860116,-18.6809013],[-52.5524044,-18.6570821],[-52.5315493,-18.6574807],[-52.5019495,-18.6759147]],[[-52.3202246,-18.5034523],[-52.3099717,-18.5006236]],[[-52.3099717,-18.5006236],[-52.3172047,-18.4945286],[-52.3305378,-18.4742978],[-52.3663102,-18.4690387],[-52.4350688,-18.433315],[-52.4628675,-18.4005562],[-52.4657574,-18.3970823],[-52.4734548,-18.3678243],[-52.4913477,-18.3459103],[-52.5265994,-18.3408298],[-52.5221482,-18.3300072],[-52.5820631,-18.2832037],[-52.6030117,-18.2491333],[-52.631015,-18.2290706],[-52.643236,-18.2273004],[-52.6532325,-18.2074146],[-52.6845931,-18.1715519],[-52.7029809,-18.1658967],[-52.7145138,-18.1515384],[-52.7346464,-18.1392396],[-52.7762091,-18.0914685],[-52.7846197,-18.0713756]],[[-47.6879596,-16.0532668],[-47.6838182,-16.0499112],[-47.938646,-16.0498515]],[[-47.938646,-16.0498515],[-47.9461502,-16.0719858],[-47.9583778,-16.0862064]],[[-47.9583778,-16.0862064],[-47.9595617,-16.1084015]],[[-47.9595617,-16.1084015],[-47.9447919,-16.1273978],[-47.930009,-16.129251],[-47.9117513,-16.1343971],[-47.8959661,-16.1472042],[-47.8644618,-16.1547557],[-47.8577681,-16.1706544],[-47.8540153,-16.2062053],[-47.838102,-16.2307745],[-47.8086286,-16.2518075],[-47.7887971,-16.2476515],[-47.7850912,-16.2317945],[-47.7600958,-16.2179796],[-47.7353194,-16.1813736]],[[-47.7353194,-16.1813736],[-47.7317983,-16.1601409]],[[-47.7317983,-16.1601409],[-47.722873,-16.0927606],[-47.6930703,-16.0850448],[-47.6843204,-16.0707992],[-47.6879596,-16.0532668]],[[-48.5927471,-15.3642527],[-48.6185816,-15.3588264],[-48.630746,-15.3603961],[-48.6340607,-15.3636736]],[[-48.6340607,-15.3636736],[-48.6618011,-15.369416],[-48.6897523,-15.3991729],[-48.7120472,-15.4010896],[-48.7311971,-15.4623652],[-48.7472187,-15.4751381],[-48.7491879,-15.4950154],[-48.7553875,-15.4894449],[-48.7718293,-15.4902549],[-48.800417,-15.4972109],[-48.8101617,-15.506755]],[[-48.8101617,-15.506755],[-48.811994,-15.5154142]],[[-48.811994,-15.5154142],[-48.8289101,-15.5376308],[-48.8222733,-15.5468883],[-48.8090796,-15.5452176],[-48.7923008,-15.5554234],[-48.8052997,-15.5718206],[-48.7956629,-15.5900481]],[[-48.7956629,-15.5900481],[-48.8202811,-15.6117386],[-48.8269162,-15.6197373],[-48.8269999,-15.6260881]],[[-48.8269999,-15.6260881],[-48.8104974,-15.6334995],[-48.8151364,-15.6522031],[-48.8101345,-15.6677742],[-48.8307213,-15.6915685],[-48.8257167,-15.7175774],[-48.8346326,-15.724496],[-48.8164424,-15.749457],[-48.8341185,-15.799179],[-48.8564951,-15.8033417]],[[-48.8564951,-15.8033417],[-48.8567144,-15.8124148],[-48.8359993,-15.831351],[-48.7774138,-15.8237944],[-48.7629652,-15.8542446],[-48.7498273,-15.8581258],[-48.7178053,-15.8651631],[-48.6969644,-15.8560669],[-48.6745807,-15.8620484],[-48.6646077,-15.8442381],[-48.6811924,-15.8222689],[-48.7001362,-15.80726],[-48.6880771,-15.798214],[-48.6678873,-15.7685356],[-48.6481027,-15.766183],[-48.6380842,-15.7556558],[-48.6334703,-15.7549386],[-48.6135749,-15.7571874],[-48.5958816,-15.7618824],[-48.5791069,-15.7641229],[-48.5450794,-15.7899325],[-48.5431946,-15.8006698],[-48.5246099,-15.8139247],[-48.5123254,-15.8137608],[-48.4967702,-15.8279051],[-48.4637105,-15.8300298],[-48.4647449,-15.8565207],[-48.4585767,-15.8889378],[-48.4370469,-15.8987588],[-48.4192932,-15.9143002]],[[-48.4192932,-15.9143002],[-48.4199598,-15.9089145]],[[-48.4199598,-15.9089145],[-48.4087428,-15.8879854],[-48.3964928,-15.8676535],[-48.379128,-15.8251922]],[[-48.379128,-15.8251922],[-48.3782941,-15.815927]],[[-48.2520238,-15.6591994],[-48.2529601,-15.6500988],[-48.2822951,-15.6359969],[-48.3089676,-15.6245641],[-48.3399427,-15.6315638],[-48.3607708,-15.627939],[-48.3846866,-15.6113777],[-48.3886375,-15.6347333],[-48.402107,-15.652934],[-48.4126046,-15.6539199],[-48.4529639,-15.6353821],[-48.4791036,-15.6193758],[-48.5467772,-15.6062409],[-48.5479107,-15.5859423],[-48.5663005,-15.5740155],[-48.582885,-15.5539958],[-48.5903047,-15.5363135],[-48.5943512,-15.535973],[-48.5923842,-15.52957],[-48.5940783,-15.5225064],[-48.5811385,-15.508541],[-48.582024,-15.485004],[-48.5753533,-15.4773602],[-48.5682164,-15.4743682],[-48.5626018,-15.4698829],[-48.5583336,-15.463792],[-48.5572439,-15.4537892],[-48.5618873,-15.4511291],[-48.5670795,-15.4332944],[-48.5655504,-15.4193486],[-48.5608008,-15.39968],[-48.5629632,-15.3953296],[-48.5698281,-15.376436],[-48.5927471,-15.3642527]],[[-48.1196603,-13.6275277],[-48.122318,-13.6346136]],[[-48.122318,-13.6346136],[-48.1422088,-13.6530292],[-48.1467096,-13.6669556],[-48.1409639,-13.6842568],[-48.1460433,-13.7027232]],[[-48.1460433,-13.7027232],[-48.1457106,-13.7135824],[-48.1389937,-13.7275189],[-48.1368015,-13.7378068],[-48.1378528,-13.7534955]],[[-48.1378528,-13.7534955],[-48.1542945,-13.7733099],[-48.1730127,-13.7726907],[-48.1967092,-13.7927918],[-48.2094083,-13.8218739],[-48.2305725,-13.8369465],[-48.2417149,-13.8548722],[-48.2528245,-13.8553929],[-48.2763534,-13.8396164],[-48.2822986,-13.8312914],[-48.3016598,-13.8331932],[-48.3359562,-13.851829],[-48.3458832,-13.8626443]],[[-48.3243289,-13.9146883],[-48.3275161,-13.9239755],[-48.3269081,-13.9276771],[-48.3151849,-13.9414563],[-48.3101356,-13.9451013]],[[-48.3101356,-13.9451013],[-48.302578,-13.9421798],[-48.297843,-13.9412874],[-48.2827755,-13.9389002],[-48.2760523,-13.9491264],[-48.2479114,-13.9684561],[-48.2453001,-13.99332],[-48.2132191,-14.0018813],[-48.2206431,-14.0150538],[-48.2094638,-14.0247718],[-48.194936,-14.0211578],[-48.1847177,-14.0575999],[-48.1707103,-14.0682934],[-48.1747717,-14.0876024],[-48.1693753,-14.1057752],[-48.1562729,-14.1251613],[-48.1413797,-14.1318712],[-48.119518,-14.1556562],[-48.1288257,-14.1678238],[-48.0955471,-14.1905382],[-48.0866236,-14.1904801],[-48.0633483,-14.2158611],[-48.0526806,-14.216254],[-48.0441281,-14.2344833],[-48.0277136,-14.2323853],[-48.0013768,-14.2535227],[-47.9683726,-14.2620136],[-47.9540719,-14.2826739],[-47.9401525,-14.2862971],[-47.9227921,-14.2761511],[-47.9091316,-14.2818574],[-47.9116259,-14.2979847],[-47.9264018,-14.302877],[-47.9132921,-14.319629],[-47.9015216,-14.3338536],[-47.8942692,-14.333848],[-47.8839334,-14.3399142],[-47.8739822,-14.3524213],[-47.8636221,-14.3488995],[-47.8672157,-14.3468958],[-47.8593214,-14.3395516],[-47.8437098,-14.337009]],[[-47.8437098,-14.337009],[-47.8387964,-14.3366493],[-47.8385403,-14.3344216]],[[-47.9320958,-14.1769764],[-47.8993255,-14.1702317]],[[-50.5574301,-16.2015812],[-50.5837353,-16.2259151]],[[-50.5837353,-16.2259151],[-50.5977088,-16.2477477]],[[-50.5977088,-16.2477477],[-50.6095423,-16.2745337],[-50.6037321,-16.3028656],[-50.6071777,-16.3125038],[-50.6114373,-16.321065],[-50.6168308,-16.322169],[-50.6171512,-16.319839],[-50.6226144,-16.3163692],[-50.649153,-16.3190779],[-50.6835394,-16.343434],[-50.6797271,-16.3535955],[-50.6805129,-16.3570206],[-50.6818963,-16.3601912],[-50.6796938,-16.3626214],[-50.6853662,-16.3713263],[-50.6851245,-16.391619],[-50.6816991,-16.4017221],[-50.6795739,-16.406751]],[[-50.6795739,-16.406751],[-50.674362,-16.407787]],[[-50.674362,-16.407787],[-50.67356,-16.4101023],[-50.676432,-16.4225697],[-50.6755531,-16.4463637],[-50.6654029,-16.4510461],[-50.6586149,-16.4546869],[-50.6561385,-16.4601986],[-50.6557303,-16.4707747],[-50.6581482,-16.4829633],[-50.6563948,-16.4916499],[-50.650358,-16.494307],[-50.6380564,-16.5122028],[-50.6241075,-16.5092106],[-50.6111152,-16.4965678],[-50.6055339,-16.5000145]],[[-50.6055339,-16.5000145],[-50.6017462,-16.506465]],[[-50.5630668,-16.5138298],[-50.5615387,-16.5213812]],[[-50.5615387,-16.5213812],[-50.558043,-16.5209433],[-50.5573226,-16.5175829],[-50.5461924,-16.5109811],[-50.5459596,-16.5128197],[-50.542585,-16.5095861],[-50.5397943,-16.5025255]],[[-50.5397943,-16.5025255],[-50.5365103,-16.495884]],[[-50.5365103,-16.495884],[-50.533445,-16.4872887],[-50.530806,-16.4880288],[-50.5315645,-16.4836368],[-50.5384102,-16.4732466],[-50.5413759,-16.4661697],[-50.5450522,-16.4608178],[-50.5405159,-16.4565082],[-50.5465177,-16.4522475],[-50.5497901,-16.4490878],[-50.5457319,-16.4414446],[-50.534552,-16.4311469],[-50.534328,-16.4239141],[-50.5389978,-16.4065849],[-50.5355658,-16.4015348],[-50.5392718,-16.3949189],[-50.5345363,-16.3914432],[-50.5172475,-16.3719266],[-50.5190454,-16.3675577],[-50.5053937,-16.3598403],[-50.5040512,-16.3388977],[-50.4849937,-16.32488],[-50.4868618,-16.3245537],[-50.4849052,-16.3008334],[-50.4861901,-16.293392],[-50.4874364,-16.2939812],[-50.4844389,-16.2898467],[-50.4656871,-16.266358]],[[-50.4656871,-16.266358],[-50.4632091,-16.2591954]],[[-48.8564951,-15.8033417],[-48.8621354,-15.8059954],[-48.8556995,-15.8248649],[-48.8474401,-15.8389906],[-48.8710217,-15.8490247],[-48.870283,-15.8684476],[-48.8778621,-15.8781756],[-48.8971678,-15.8785842],[-48.90389,-15.911221],[-48.9014687,-15.945518],[-48.8972256,-15.953784],[-48.8884161,-15.9585473],[-48.8976683,-15.9808782]],[[-48.8976683,-15.9808782],[-48.9074098,-15.9894743]],[[-48.6129654,-16.1448834],[-48.6202758,-16.1377578]],[[-48.4199645,-15.9825421],[-48.4097194,-15.9766602]],[[-48.4097194,-15.9766602],[-48.4231589,-15.9483042],[-48.4172976,-15.9228019]],[[-48.4172976,-15.9228019],[-48.4192932,-15.9143002]],[[-48.3466824,-17.9442671],[-48.3786126,-17.9464516],[-48.3860985,-17.9410881],[-48.3957179,-17.9149281],[-48.3981396,-17.8947296],[-48.4110532,-17.8634068],[-48.4308869,-17.8607299],[-48.4510797,-17.8390452],[-48.4524071,-17.8446191],[-48.471778,-17.8661656],[-48.4941648,-17.8667117],[-48.497944,-17.8716471],[-48.5073567,-17.8744238],[-48.5122727,-17.8784494]],[[-48.5122727,-17.8784494],[-48.5097505,-17.8818712]],[[-48.6379208,-18.0473524],[-48.6604402,-18.064677],[-48.6582469,-18.085584],[-48.6918074,-18.0942858]],[[-48.8013301,-18.2306284],[-48.8124132,-18.2358615]],[[-48.9131295,-18.3052094],[-48.9071142,-18.3163459],[-48.8882794,-18.3170959],[-48.8727515,-18.3328468],[-48.8320838,-18.3461352],[-48.8280249,-18.3752488],[-48.8163616,-18.3796612],[-48.8061094,-18.3648551],[-48.7871685,-18.3532014],[-48.7714138,-18.3582423],[-48.7577234,-18.3447611],[-48.7422953,-18.3524984],[-48.7151699,-18.3478023],[-48.697747,-18.3501663],[-48.6776219,-18.343775],[-48.6471697,-18.3438906],[-48.6338249,-18.3276484],[-48.6023528,-18.3348221],[-48.5614147,-18.3238865],[-48.5545426,-18.3469494],[-48.5262169,-18.3539807],[-48.5156492,-18.3664159],[-48.4927768,-18.352975],[-48.4814222,-18.3606497],[-48.484114,-18.3785746],[-48.4420499,-18.3566186],[-48.4365739,-18.3653059],[-48.4111716,-18.3576201],[-48.4000129,-18.3728089],[-48.3526388,-18.3676968],[-48.3418354,-18.3707775]],[[-48.3418354,-18.3707775],[-48.3385501,-18.3622058],[-48.34637,-18.3497911],[-48.3477048,-18.3406897],[-48.3549337,-18.335799],[-48.3553923,-18.3240459],[-48.3560243,-18.3214202],[-48.3512265,-18.3222054],[-48.3422585,-18.3222791],[-48.340755,-18.3191069],[-48.3239692,-18.3009428],[-48.3365342,-18.2899958],[-48.3333741,-18.2868946],[-48.3188163,-18.2838874],[-48.3100614,-18.2741654],[-48.3150058,-18.2545109]],[[-48.3150058,-18.2545109],[-48.3202312,-18.2498951]],[[-48.3202312,-18.2498951],[-48.3339085,-18.201828],[-48.357083,-18.1712519],[-48.3708262,-18.1634626],[-48.3762738,-18.1499958],[-48.3954832,-18.142662],[-48.3957986,-18.1232546],[-48.3689078,-18.1074704],[-48.3674346,-18.0876274],[-48.3391979,-18.0829925],[-48.329521,-18.0748857],[-48.3230802,-18.0530077],[-48.3088816,-18.0502396],[-48.2977704,-18.0332686],[-48.3204357,-17.9875047],[-48.30949,-17.9540836],[-48.3152201,-17.9435888]],[[-48.3152201,-17.9435888],[-48.3296898,-17.9359097],[-48.334688,-17.9358568],[-48.3421392,-17.9397564],[-48.3466824,-17.9442671]],[[-47.5099869,-17.3242576],[-47.4879548,-17.3495063],[-47.4600437,-17.3441505],[-47.455017,-17.3306853],[-47.4378685,-17.3178782],[-47.4241852,-17.3240292],[-47.4195432,-17.2923546],[-47.4316836,-17.2733495],[-47.4171009,-17.2695165],[-47.4101452,-17.2475929],[-47.3896233,-17.2451251],[-47.3853226,-17.2280486],[-47.3661276,-17.2217757],[-47.3484877,-17.176223],[-47.3265203,-17.1541597],[-47.2971259,-17.1420425],[-47.2827101,-17.1440996],[-47.2819575,-17.1148932],[-47.2669511,-17.1083693],[-47.2563971,-17.0939981],[-47.2395492,-17.0836899],[-47.2055403,-17.0706816],[-47.1820537,-17.0532688],[-47.1780595,-17.0407701],[-47.146632,-17.032326],[-47.1403427,-17.018583],[-47.1441213,-16.9909364],[-47.1294759,-16.9751591],[-47.1590458,-16.9630068],[-47.1672751,-16.9526489],[-47.1818762,-16.9013299],[-47.2031153,-16.8928856],[-47.2024761,-16.8737676],[-47.2096329,-16.8635581],[-47.2064375,-16.8383888],[-47.2211844,-16.8077662],[-47.2197008,-16.7780734],[-47.2306818,-16.775791],[-47.2364892,-16.7553454],[-47.2289826,-16.7121525],[-47.2461895,-16.700457],[-47.2508621,-16.6648074],[-47.2737876,-16.6619406],[-47.3011068,-16.6249778],[-47.339147,-16.6026508],[-47.3473129,-16.5908332],[-47.3744293,-16.584915],[-47.396911,-16.5710971],[-47.4060723,-16.5578251],[-47.4442298,-16.5393026],[-47.446005,-16.5173669],[-47.4595246,-16.5041259],[-47.4461699,-16.4501464],[-47.4269215,-16.4340202],[-47.4225087,-16.412519],[-47.4271686,-16.3989138],[-47.4201416,-16.3831948],[-47.4030493,-16.3759185],[-47.3954857,-16.36229],[-47.3654888,-16.3298811],[-47.3524215,-16.3066762],[-47.3516084,-16.2754134],[-47.334288,-16.2585865],[-47.3219811,-16.2314256],[-47.3345377,-16.1983935],[-47.3319567,-16.1717392],[-47.3505851,-16.1385341],[-47.336561,-16.1194875],[-47.3329111,-16.0867316],[-47.3131586,-16.0856078],[-47.3083581,-16.0502989],[-47.6836373,-16.0498484],[-47.6879596,-16.0532668]],[[-47.7317983,-16.1601409],[-47.7320427,-16.166136]],[[-47.7320427,-16.166136],[-47.6584841,-16.1672609],[-47.6561508,-16.1907028],[-47.6565423,-16.2170087],[-47.6661302,-16.2421488],[-47.6450178,-16.2711846],[-47.6409083,-16.2844833],[-47.6499617,-16.2992318],[-47.6542953,-16.327039],[-47.6484866,-16.3583041],[-47.6492063,-16.3814023],[-47.6696255,-16.4148037],[-47.6890697,-16.4272879],[-47.702455,-16.4541757],[-47.7158127,-16.464502],[-47.7205115,-16.4937813],[-47.7174909,-16.521655],[-47.7368445,-16.5517437],[-47.7545694,-16.5561028],[-47.7646809,-16.5640835],[-47.7768192,-16.567258],[-47.7764877,-16.5382943],[-47.7907117,-16.5243658],[-47.805846,-16.5603746],[-47.8031026,-16.5770357],[-47.8223994,-16.6238408],[-47.8199622,-16.6334731],[-47.8544617,-16.6633605],[-47.880626,-16.7036212],[-47.8790524,-16.7223677],[-47.8920771,-16.7442245],[-47.8803798,-16.7673256],[-47.8881299,-16.7909269],[-47.8816045,-16.801319],[-47.9042949,-16.8139989],[-47.8900214,-16.8516485],[-47.8894658,-16.8568554],[-47.8896263,-16.8949672],[-47.8936528,-16.9031366],[-47.8877984,-16.9073245],[-47.8952161,-16.9108454],[-47.8939351,-16.9182268]],[[-47.8939351,-16.9182268],[-47.8729087,-16.9228261],[-47.833572,-16.9252007],[-47.807955,-16.9171207],[-47.7896007,-16.9280955],[-47.7716009,-16.9191885],[-47.7443985,-16.9297104],[-47.7306823,-16.9292834],[-47.6924374,-16.9099406],[-47.6845462,-16.9444677],[-47.6855409,-16.9495419],[-47.6968433,-16.9612902],[-47.7001523,-17.0026874],[-47.7173717,-17.0246517],[-47.7132381,-17.0543309],[-47.6897895,-17.0818034],[-47.662737,-17.0874381],[-47.6594341,-17.1085437],[-47.6415968,-17.1323588],[-47.6292133,-17.1530788],[-47.5982919,-17.1669596],[-47.5704029,-17.2110796],[-47.5391567,-17.2317842],[-47.5307644,-17.2425886],[-47.5312349,-17.2490132],[-47.5225435,-17.2792971],[-47.5184895,-17.2883258],[-47.4995431,-17.3020078],[-47.5099869,-17.3242576]],[[-48.5725842,-17.1293616],[-48.6013942,-17.1192084],[-48.602527,-17.1312939],[-48.616944,-17.152662],[-48.6382468,-17.1654515]],[[-48.7953244,-17.1896839],[-48.8038612,-17.1887776]],[[-48.8038612,-17.1887776],[-48.8004726,-17.2121044],[-48.8096953,-17.2239958],[-48.7972214,-17.2454498],[-48.7852171,-17.2872391],[-48.8041917,-17.3157557],[-48.7968367,-17.3389513],[-48.7911659,-17.345486]],[[-48.7911659,-17.345486],[-48.7941418,-17.3538386]],[[-48.7941418,-17.3538386],[-48.7913941,-17.3540483],[-48.7540843,-17.2799475],[-48.703221,-17.238207]],[[-48.703221,-17.238207],[-48.6064145,-17.222873]],[[-48.6064145,-17.222873],[-48.5994132,-17.2020189],[-48.5905868,-17.1964366],[-48.5907462,-17.1808828],[-48.5882166,-17.1727392],[-48.5845253,-17.1681385],[-48.5798065,-17.1558511],[-48.5809949,-17.1512647],[-48.5787741,-17.1451279],[-48.5725842,-17.1293616]],[[-50.1420338,-14.1274567],[-50.1437958,-14.1255726],[-50.3526271,-14.3523543]],[[-50.3526271,-14.3523543],[-50.3278771,-14.4064517],[-50.3089539,-14.4414597],[-50.3017083,-14.4449658],[-50.307176,-14.4921266],[-50.2882091,-14.5026287],[-50.2680688,-14.542383],[-50.2883461,-14.5566353],[-50.2947821,-14.5813221],[-50.2533717,-14.6133372],[-50.2396763,-14.6186028],[-50.2415433,-14.6463161],[-50.235066,-14.6487979],[-50.2768147,-14.7343953],[-50.3004533,-14.7398345],[-50.3242604,-14.7255694],[-50.3666188,-14.7253371],[-50.3875408,-14.730616],[-50.4145621,-14.7303956],[-50.4216764,-14.7365938]],[[-50.4216764,-14.7365938],[-50.4457351,-14.7307392]],[[-50.4457351,-14.7307392],[-50.4342101,-14.7638445],[-50.4238696,-14.7627079],[-50.4128946,-14.7922756],[-50.4001175,-14.798194],[-50.3869319,-14.791328],[-50.3800169,-14.8124874],[-50.3570935,-14.8120013],[-50.3572832,-14.8290374],[-50.3196489,-14.876314],[-50.3197652,-14.8887267],[-50.3032065,-14.8976896],[-50.3138139,-14.913883],[-50.3061221,-14.9261546],[-50.3215125,-14.9378431]],[[-50.3215125,-14.9378431],[-50.3102297,-14.9403148]],[[-50.0548938,-15.1244199],[-50.0610648,-15.1066967],[-50.0514003,-15.0707939],[-50.0343671,-15.0487261],[-50.0190035,-15.0425317],[-49.9877889,-15.0148097],[-49.9693385,-15.0202018],[-49.9659517,-14.9999864],[-49.9300147,-14.9840165],[-49.9247822,-14.9705219],[-49.9080104,-14.9659941],[-49.908564,-14.9755184],[-49.9032578,-14.982036],[-49.8667013,-14.9824291]],[[-49.8667013,-14.9824291],[-49.8579497,-14.9805232]],[[-49.8579497,-14.9805232],[-49.8438696,-14.9676601],[-49.8440339,-14.9567868],[-49.8504469,-14.9364778],[-49.8500904,-14.9096529],[-49.8506476,-14.9008641],[-49.8383404,-14.8763111],[-49.8385073,-14.8589989],[-49.8299222,-14.8049831],[-49.8178906,-14.7933874],[-49.8247869,-14.7816089],[-49.8159249,-14.7689146],[-49.7964777,-14.7658385]],[[-49.7964777,-14.7658385],[-49.7750302,-14.7541525]],[[-49.7750302,-14.7541525],[-49.7733683,-14.7414705],[-49.752978,-14.7053113],[-49.7323987,-14.6943389],[-49.7440365,-14.6588215],[-49.7767805,-14.6405068],[-49.7848925,-14.6197551],[-49.820726,-14.6080528],[-49.8245314,-14.5948199],[-49.816144,-14.5758755],[-49.8230283,-14.565729],[-49.8203138,-14.5561245],[-49.817537,-14.5474144],[-49.8099806,-14.5420778],[-49.7889502,-14.5323876],[-49.7787214,-14.5168923],[-49.7639174,-14.512182],[-49.754891,-14.4820124],[-49.7471168,-14.4738208],[-49.7226498,-14.4792379],[-49.721145,-14.4686962],[-49.7140596,-14.4642337],[-49.6940049,-14.4660027]],[[-49.6940049,-14.4660027],[-49.6972257,-14.4620675]],[[-49.6972257,-14.4620675],[-49.7020042,-14.4601431],[-49.7126412,-14.4532032],[-49.7381495,-14.4425752],[-49.7323905,-14.4287958],[-49.7322831,-14.4194523],[-49.7495563,-14.4152803],[-49.7515568,-14.412496],[-49.759783,-14.4164402],[-49.7658885,-14.4073762],[-49.7545917,-14.3991234],[-49.7665531,-14.393694],[-49.7794807,-14.366774],[-49.7749196,-14.3498393],[-49.7810263,-14.3346999],[-49.7793596,-14.3227054],[-49.7962571,-14.330398],[-49.792058,-14.3129207],[-49.7909241,-14.3096457]],[[-49.7909241,-14.3096457],[-49.8025571,-14.3041856]],[[-49.8025571,-14.3041856],[-49.8155687,-14.3155872],[-49.8225364,-14.3361546],[-49.8396962,-14.344228],[-49.8738708,-14.3332171],[-49.8918919,-14.3429524],[-49.9022583,-14.3383879],[-49.9235041,-14.3641224],[-49.9280606,-14.388523],[-50.0056744,-14.3151653],[-50.0355947,-14.3018281],[-50.0319541,-14.2789322],[-50.0682259,-14.2440455],[-50.0738435,-14.2284258],[-50.1000342,-14.2288267],[-50.1183687,-14.2219971],[-50.1259214,-14.1996776],[-50.1190108,-14.1783835],[-50.1305112,-14.1323133],[-50.1391724,-14.127907],[-50.1420338,-14.1274567]],[[-49.3207845,-17.1311495],[-49.3679487,-17.142293]],[[-49.3679487,-17.142293],[-49.3870328,-17.1563995],[-49.4012235,-17.1592102]],[[-49.4012235,-17.1592102],[-49.4244998,-17.1589055],[-49.4365869,-17.1448283],[-49.4529537,-17.1455962]],[[-49.4529537,-17.1455962],[-49.4453401,-17.1460552],[-49.4304223,-17.1727184],[-49.4082855,-17.1871301],[-49.4067351,-17.2038666],[-49.4403956,-17.2299563],[-49.4457501,-17.2409774],[-49.4665853,-17.2431789],[-49.4701386,-17.2574198],[-49.4829295,-17.2592706],[-49.4899518,-17.2632744],[-49.4821205,-17.2675223],[-49.4743598,-17.280517],[-49.4528297,-17.3137977],[-49.4293247,-17.3065975],[-49.3896924,-17.3165605],[-49.3515903,-17.3196522],[-49.3475842,-17.3393928],[-49.323578,-17.3631488],[-49.3006963,-17.3738338]],[[-49.3006963,-17.3738338],[-49.2992838,-17.3695856]],[[-49.2992838,-17.3695856],[-49.2916132,-17.3614034],[-49.2989218,-17.3435601],[-49.2890333,-17.3379751],[-49.3044759,-17.3169367],[-49.2833408,-17.2856966],[-49.2800643,-17.2602467],[-49.2612214,-17.2378892],[-49.2693369,-17.2184075],[-49.2569786,-17.2000173],[-49.2717824,-17.1837383],[-49.2767537,-17.1596517],[-49.2868063,-17.1510186],[-49.3183397,-17.1382603],[-49.3207845,-17.1311495]],[[-48.2715658,-18.2237747],[-48.2751748,-18.2202448]],[[-48.2751748,-18.2202448],[-48.2787573,-18.2337549],[-48.2843381,-18.2350989],[-48.2957062,-18.2343345],[-48.3149738,-18.2468222]],[[-48.3149738,-18.2468222],[-48.3150058,-18.2545109]],[[-48.3418354,-18.3707775],[-48.310541,-18.3867095],[-48.318073,-18.3670951],[-48.287235,-18.3472136],[-48.2717689,-18.3293534]],[[-48.2136663,-18.3375335],[-48.2260918,-18.3475024],[-48.2214763,-18.3619685],[-48.1972066,-18.3631719],[-48.1593809,-18.3755081],[-48.1465333,-18.4095445],[-48.1107876,-18.428594],[-48.0941245,-18.4309731],[-48.0681178,-18.4267065],[-48.0629644,-18.4142185],[-48.0474563,-18.4176461],[-48.0380723,-18.4347123],[-48.0270016,-18.436061]],[[-48.0623573,-18.2643638],[-48.1436068,-18.2244101],[-48.1572228,-18.2311945],[-48.2220169,-18.201941],[-48.2339538,-18.2028433],[-48.2715658,-18.2237747]],[[-46.3291943,-14.4522041],[-46.3346162,-14.4531315]],[[-46.3346162,-14.4531315],[-46.3330811,-14.4643287],[-46.3304186,-14.4694079],[-46.3174629,-14.4955939],[-46.317365,-14.522899],[-46.2929173,-14.5379484],[-46.2797824,-14.5692865],[-46.2624797,-14.5807922],[-46.2543332,-14.5983014],[-46.247587,-14.6050394],[-46.2177478,-14.6115601],[-46.2097497,-14.6082633],[-46.1834443,-14.6253281],[-46.1819164,-14.6411304],[-46.162024,-14.6649674],[-46.1495561,-14.6640034],[-46.0250768,-14.6781274]],[[-46.0250768,-14.6781274],[-46.0209526,-14.669919]],[[-46.0209526,-14.669919],[-46.0188584,-14.6430372],[-46.0511105,-14.6159909],[-46.0781118,-14.6091554],[-46.0942825,-14.6207633],[-46.1198552,-14.5865621],[-46.1094439,-14.5584715],[-46.1185869,-14.5497007],[-46.1235567,-14.5282233],[-46.1323346,-14.5268545],[-46.1493027,-14.5009479],[-46.1727735,-14.4863418],[-46.1959728,-14.4553417]],[[-46.1959728,-14.4553417],[-46.2099993,-14.4532956]],[[-49.3926711,-16.1876281],[-49.3947279,-16.1896858]],[[-49.3947279,-16.1896858],[-49.3730906,-16.205042],[-49.3696734,-16.2362038],[-49.3792801,-16.2830312],[-49.3784475,-16.3062101]],[[-49.3784475,-16.3062101],[-49.3744125,-16.3064149]],[[-49.3368114,-16.292584],[-49.3453386,-16.2703593]],[[-49.3453386,-16.2703593],[-49.3176953,-16.2821696],[-49.3195375,-16.3106374],[-49.3079453,-16.3111866]],[[-49.3079453,-16.3111866],[-49.2759491,-16.2664662],[-49.277785,-16.2577938],[-49.2893959,-16.2316653],[-49.2929227,-16.2300385],[-49.311224,-16.232761]],[[-49.311224,-16.232761],[-49.314388,-16.2291002],[-49.3159219,-16.2216602]],[[-49.3159219,-16.2216602],[-49.3531677,-16.2052032],[-49.363671,-16.2013768],[-49.3814209,-16.1955441],[-49.3926711,-16.1876281]],[[-47.7115173,-18.1314534],[-47.7046592,-18.1304383]],[[-47.7046592,-18.1304383],[-47.6912967,-18.1331662],[-47.6768271,-18.1623311],[-47.6606258,-18.1618355],[-47.6585401,-18.1758314],[-47.6386506,-18.1987301],[-47.6506312,-18.2079081],[-47.6434274,-18.2114305],[-47.6293821,-18.2103368],[-47.6298734,-18.230581],[-47.636768,-18.2394203],[-47.6070005,-18.2462041]],[[-47.6070005,-18.2462041],[-47.5851364,-18.2351314],[-47.5618609,-18.2093365],[-47.5401466,-18.1935162],[-47.5295189,-18.2175535],[-47.5166198,-18.1982569],[-47.4962472,-18.1986482],[-47.4806058,-18.1783207],[-47.4629873,-18.1766911],[-47.4500802,-18.1588968],[-47.4375501,-18.1674296],[-47.4286403,-18.1399176],[-47.4079062,-18.1418722]],[[-51.2025659,-16.070173],[-51.2271546,-16.0920815],[-51.238074,-16.1546822],[-51.2566591,-16.1841922],[-51.2745193,-16.165164],[-51.2868015,-16.1712458],[-51.3069126,-16.2038832],[-51.3203324,-16.1949603],[-51.3545169,-16.2033529],[-51.3881603,-16.1883378],[-51.4037453,-16.2066149],[-51.4255219,-16.2065817],[-51.4445771,-16.1869856],[-51.424884,-16.1626737],[-51.4418271,-16.1568806],[-51.4388801,-16.144573],[-51.4578551,-16.126878],[-51.4849399,-16.1141766],[-51.4974695,-16.1274804],[-51.4988527,-16.1422605],[-51.5149438,-16.1506924],[-51.5341037,-16.1474636],[-51.5477994,-16.1613231],[-51.5484635,-16.1741989],[-51.5586539,-16.1696349],[-51.5698884,-16.1678969],[-51.5886072,-16.1892123],[-51.616504,-16.1840047]],[[-51.616504,-16.1840047],[-51.6120745,-16.2005133]],[[-51.5756904,-16.2283938],[-51.5563542,-16.2281812],[-51.5540806,-16.2312504],[-51.5514713,-16.2442853]],[[-51.4437733,-16.3253574],[-51.4333231,-16.3164719]],[[-51.4333231,-16.3164719],[-51.4089348,-16.3015559],[-51.4073538,-16.2732658],[-51.3902428,-16.2736977],[-51.3677166,-16.2846153]],[[-51.3677166,-16.2846153],[-51.1193255,-16.3038612]],[[-51.1193255,-16.3038612],[-51.1238819,-16.2770564],[-51.1234953,-16.2669862],[-51.119549,-16.2655686]],[[-51.119549,-16.2655686],[-51.1297134,-16.2575921],[-51.1308031,-16.2418909]],[[-51.1308031,-16.2418909],[-51.1352721,-16.2271523],[-51.1401833,-16.2206667],[-51.1560232,-16.1963054],[-51.1709028,-16.1897405],[-51.1624377,-16.157146],[-51.1773548,-16.1470446],[-51.1784991,-16.1151805],[-51.1959915,-16.0990618],[-51.1988513,-16.0744523]],[[-51.1988513,-16.0744523],[-51.2025659,-16.070173]],[[-52.6294216,-16.5177702],[-52.6268692,-16.5354756],[-52.6631217,-16.5513785],[-52.6729273,-16.5696264],[-52.6699981,-16.5823003],[-52.6901023,-16.5846052],[-52.7032115,-16.5963439],[-52.7275853,-16.5863466],[-52.7399149,-16.591926],[-52.7378929,-16.6134819],[-52.7260216,-16.6144966],[-52.7410747,-16.6520897],[-52.7528324,-16.6622213],[-52.762629,-16.6823471],[-52.7623086,-16.7070228],[-52.7856585,-16.714447],[-52.7925243,-16.7401439],[-52.8076525,-16.7419427],[-52.8323691,-16.7721562]],[[-52.8323691,-16.7721562],[-52.8286711,-16.79679],[-52.836428,-16.8156087],[-52.8234805,-16.8296659],[-52.8295618,-16.8473097],[-52.821592,-16.8600922],[-52.826253,-16.8792675],[-52.8238129,-16.8833633],[-52.8245892,-16.8944069],[-52.801482,-16.9063167],[-52.7876481,-16.9058938],[-52.7621522,-16.9379935],[-52.7468196,-16.9470797],[-52.7432606,-16.9610346],[-52.7252828,-16.9563518],[-52.7193751,-16.9652405],[-52.7084547,-16.9595525],[-52.6940954,-16.96845],[-52.6682862,-16.9626018],[-52.6592549,-16.9624361],[-52.6164562,-16.9668498],[-52.6149806,-16.9873988],[-52.636728,-17.0018487],[-52.6417223,-16.9997591],[-52.6420066,-17.0026608],[-52.6383432,-17.0071876],[-52.599422,-17.0466835],[-52.5701461,-17.0500217],[-52.5450598,-17.0651337],[-52.5484526,-17.0781897],[-52.5210324,-17.1006473],[-52.5110044,-17.1264543],[-52.5017535,-17.164771],[-52.5055016,-17.1801842],[-52.5112333,-17.2063696],[-52.4978155,-17.2333524],[-52.4983396,-17.2523811],[-52.468116,-17.2462807],[-52.4485039,-17.2595489],[-52.4388276,-17.2842595],[-52.4129373,-17.2769684]],[[-52.4129373,-17.2769684],[-52.4046582,-17.2574413]],[[-52.2453065,-16.5794539],[-52.2504216,-16.5869589]],[[-52.4823378,-16.5620923],[-52.4937026,-16.5635017],[-52.5012847,-16.5524702],[-52.5045868,-16.5504721]],[[-49.7105084,-17.1926915],[-49.7164816,-17.1933203],[-49.7219807,-17.2044655],[-49.7660932,-17.2204766],[-49.7966222,-17.2685934]],[[-49.7966222,-17.2685934],[-49.7870362,-17.2879116],[-49.7873369,-17.3035264],[-49.7973172,-17.3194477],[-49.7774226,-17.3249824],[-49.7524612,-17.3205983],[-49.7415923,-17.3383306],[-49.7406808,-17.3579315],[-49.7472031,-17.3768502],[-49.7654229,-17.3870458],[-49.7610952,-17.4059149],[-49.7311759,-17.4157295],[-49.7354626,-17.4397114],[-49.7463646,-17.4532168],[-49.7679493,-17.4657545],[-49.7860084,-17.4645494],[-49.7985115,-17.4827578],[-49.8171492,-17.4868627],[-49.8321754,-17.4990353],[-49.8738994,-17.506061],[-49.8922649,-17.515397],[-49.8887105,-17.5271971],[-49.904126,-17.5856951],[-49.9239026,-17.6056293]],[[-49.9239026,-17.6056293],[-49.9200377,-17.609572]],[[-49.9200377,-17.609572],[-49.9035715,-17.6113796],[-49.9020033,-17.5956135],[-49.8967107,-17.6014277],[-49.8935328,-17.6126313],[-49.8682841,-17.6048569],[-49.8594584,-17.6034616],[-49.8610646,-17.5913001],[-49.8505097,-17.5772768],[-49.8402034,-17.5813073],[-49.8293719,-17.5832786]],[[-49.8293719,-17.5832786],[-49.8255294,-17.585201]],[[-49.8255294,-17.585201],[-49.8074825,-17.5832036],[-49.7951772,-17.5839346],[-49.7803714,-17.5775067],[-49.7685413,-17.5859632],[-49.7465641,-17.5791562],[-49.7332329,-17.5650671],[-49.7252021,-17.5600352],[-49.7170333,-17.5508002],[-49.6948189,-17.552751],[-49.6626466,-17.5079696],[-49.6691746,-17.4996104],[-49.650755,-17.4950453],[-49.6407303,-17.4838272],[-49.6495365,-17.4575715],[-49.6274002,-17.4351369],[-49.6244508,-17.4193783],[-49.638701,-17.41604],[-49.6478749,-17.3881052],[-49.641311,-17.3663566],[-49.6477914,-17.3530899],[-49.6476218,-17.3223364],[-49.6528358,-17.3050709]],[[-49.6528358,-17.3050709],[-49.645452,-17.2996351]],[[-49.7086423,-17.1948325],[-49.7105084,-17.1926915]],[[-49.7966222,-17.2685934],[-49.8193411,-17.268805],[-49.8239291,-17.227585],[-49.8299261,-17.2176761],[-49.8493584,-17.2181019],[-49.8543421,-17.2048901],[-49.9156743,-17.2059665],[-49.9343666,-17.2159205],[-49.9968182,-17.2349349],[-50.0087663,-17.230066],[-50.0117364,-17.2270858],[-50.0147311,-17.2299152],[-50.0209554,-17.2677077],[-50.0112659,-17.2760457],[-50.0048173,-17.3066602],[-49.994012,-17.312117],[-49.996925,-17.3231764],[-50.0068587,-17.3203786],[-50.0162848,-17.3494699],[-50.0211249,-17.3542922],[-50.0408177,-17.3608693],[-50.0561239,-17.3876045],[-50.0508204,-17.4204981],[-50.0532058,-17.4418464],[-50.0628175,-17.4610831],[-50.0736516,-17.4614898]],[[-50.1503176,-17.5986037],[-50.1489828,-17.5992911]],[[-50.1489828,-17.5992911],[-50.171652,-17.6378642],[-50.1733733,-17.6473934],[-50.1567376,-17.6612388],[-50.159431,-17.6666384],[-50.1762148,-17.6741091],[-50.1875107,-17.6957053],[-50.2047092,-17.7037117],[-50.2008707,-17.7207576],[-50.1879561,-17.7264072],[-50.1929837,-17.7421686],[-50.2106583,-17.7512803],[-50.1906771,-17.759967],[-50.1906255,-17.76516],[-50.1948177,-17.7674879]],[[-50.1948177,-17.7674879],[-50.2087401,-17.7710762]],[[-50.2087401,-17.7710762],[-50.2083688,-17.7751728],[-50.1804606,-17.7791329],[-50.14985,-17.8077566],[-50.1323766,-17.7986277],[-50.1288462,-17.7873212],[-50.1098241,-17.7850592],[-50.1021377,-17.7898043],[-50.0923799,-17.7903668],[-50.0869801,-17.785265]],[[-50.0869801,-17.785265],[-50.0837047,-17.7745115]],[[-50.0837047,-17.7745115],[-50.0710651,-17.7776127],[-50.0631504,-17.7655497],[-50.0730137,-17.7596772],[-50.0663477,-17.733182],[-50.0778775,-17.7251644],[-50.0667664,-17.7165172],[-50.0404041,-17.7178932],[-50.0236562,-17.7029726],[-50.0378178,-17.6874573]],[[-50.0378178,-17.6874573],[-50.0374582,-17.6845554],[-50.0335129,-17.6766497],[-50.0140433,-17.6833079]],[[-50.0140433,-17.6833079],[-50.0087574,-17.6560226],[-49.9919036,-17.6641115],[-49.975844,-17.6636043],[-49.9595622,-17.6391586],[-49.946017,-17.6295858],[-49.9313705,-17.6441733],[-49.9227617,-17.6157531],[-49.941704,-17.6078733],[-49.9487294,-17.6038325],[-49.9477917,-17.5994022],[-49.9259524,-17.6072152]],[[-49.9259524,-17.6072152],[-49.9239026,-17.6056293]],[[-49.1273157,-13.6812068],[-49.1352241,-13.6878234],[-49.1389191,-13.6898247],[-49.1620293,-13.6985389],[-49.1651643,-13.7124996],[-49.1704442,-13.7111455],[-49.1812789,-13.7247462],[-49.1765287,-13.759557],[-49.1824708,-13.7682631],[-49.1590818,-13.7820317],[-49.1626941,-13.8104161],[-49.1539424,-13.8435912],[-49.1408593,-13.8590827]],[[-49.1408593,-13.8590827],[-49.1373324,-13.8674125]],[[-49.1373324,-13.8674125],[-49.110944,-13.8865268],[-49.1105236,-13.9390171],[-49.1018034,-13.9420948],[-49.0238847,-13.8900427]],[[-49.0238847,-13.8900427],[-49.0241908,-13.8839071]],[[-49.0241908,-13.8839071],[-49.0251695,-13.84982],[-48.9945864,-13.8175824],[-48.9919708,-13.7997451],[-48.9985284,-13.7852303],[-48.9769144,-13.7668212],[-48.9763575,-13.7551972],[-48.9789972,-13.7467926],[-48.9793614,-13.7487916],[-48.9844675,-13.7430653],[-48.9898584,-13.7422358]],[[-48.9898584,-13.7422358],[-48.9919104,-13.746629]],[[-48.9919104,-13.746629],[-48.9961347,-13.7506879],[-49.0096038,-13.7547982],[-49.0291657,-13.764885],[-49.0509438,-13.7650004],[-49.0567229,-13.7453303],[-49.078523,-13.7371874],[-49.0837194,-13.747895],[-49.1120883,-13.7703965],[-49.1242146,-13.7577129],[-49.1400268,-13.7208351],[-49.1258621,-13.6934475],[-49.1291119,-13.6870027]],[[-49.1291119,-13.6870027],[-49.1273157,-13.6812068]],[[-50.7315944,-15.2549849],[-50.7310438,-15.26162]],[[-50.7310438,-15.26162],[-50.720293,-15.2824012],[-50.7302638,-15.304224],[-50.7208797,-15.3171372],[-50.7065112,-15.3206182],[-50.6884865,-15.3799342],[-50.6757384,-15.3889401],[-50.6587942,-15.4250103],[-50.6164352,-15.4537529],[-50.6104844,-15.4648342],[-50.5820414,-15.4740638],[-50.5589564,-15.4683273],[-50.5282631,-15.4199075],[-50.5166523,-15.430022],[-50.5347664,-15.4659017],[-50.5245647,-15.5047175],[-50.5179616,-15.5448898]],[[-50.5179616,-15.5448898],[-50.5292331,-15.568691]],[[-50.5292331,-15.568691],[-50.5119534,-15.5792837],[-50.4999306,-15.5846402],[-50.4897044,-15.6155098],[-50.4895971,-15.6219168],[-50.4858165,-15.6351096],[-50.4775939,-15.6376486],[-50.4596267,-15.6406079],[-50.4419284,-15.6316066],[-50.4016074,-15.6333302],[-50.3948478,-15.646854],[-50.3756462,-15.6528296],[-50.3635098,-15.6244675],[-50.3421775,-15.6381436],[-50.3134271,-15.6415224],[-50.302344,-15.654532],[-50.2740651,-15.6348146],[-50.2568694,-15.6340191],[-50.2373753,-15.6421104],[-50.2233946,-15.6339869],[-50.2058774,-15.6391523],[-50.1908191,-15.6280968],[-50.1810936,-15.625987],[-50.1682938,-15.625041],[-50.1472578,-15.6307988],[-50.1239811,-15.647384]],[[-50.1239811,-15.647384],[-50.1252294,-15.6171605],[-50.1352435,-15.5976236]],[[-50.1352435,-15.5976236],[-50.131429,-15.5800725]],[[-50.131429,-15.5800725],[-50.1566754,-15.5603991],[-50.1576722,-15.5330067],[-50.1565298,-15.5194166],[-50.1615104,-15.5207709],[-50.1628435,-15.5066458],[-50.1533441,-15.4871501],[-50.1643432,-15.429107],[-50.1544845,-15.4077125],[-50.1439843,-15.4036967]],[[-50.1439843,-15.4036967],[-50.1395087,-15.400401]],[[-50.1395087,-15.400401],[-50.1353117,-15.3960503],[-50.1324271,-15.3899599],[-50.1246451,-15.370736],[-50.1234285,-15.3606167],[-50.1237905,-15.3566039]],[[-50.1237905,-15.3566039],[-50.1322882,-15.3393019],[-50.112677,-15.3219387],[-50.1041436,-15.3030104],[-50.1047302,-15.2833837],[-50.0852614,-15.2606485],[-50.0871196,-15.2533303]],[[-50.0871196,-15.2533303],[-50.0846276,-15.2465757]],[[-51.25744,-15.9693828],[-51.2539873,-15.9667017]],[[-51.2539873,-15.9667017],[-51.2465827,-15.9667066],[-51.2374048,-15.965494],[-51.2356616,-15.9943897],[-51.2066549,-16.0036097],[-51.2151644,-16.0306713]],[[-51.2151644,-16.0306713],[-51.2016362,-16.0304233]],[[-51.2016362,-16.0304233],[-51.1730179,-16.0307526],[-51.1662744,-16.0503172],[-51.13535,-16.0664623],[-51.1203497,-16.0690335],[-51.1070612,-16.0806519],[-51.0932388,-16.1032792],[-51.061772,-16.1085171],[-51.0490725,-16.118878],[-51.0068488,-16.1202045],[-50.9934365,-16.1325084],[-50.9837375,-16.1628092],[-50.9577379,-16.1714381],[-50.930739,-16.1734723],[-50.9101622,-16.1849893],[-50.9119085,-16.197172]],[[-50.9119085,-16.197172],[-50.9084942,-16.2019971]],[[-50.9084942,-16.2019971],[-50.9034316,-16.2015543],[-50.8912988,-16.2017123],[-50.8671318,-16.2044887],[-50.8544106,-16.2245424],[-50.8390134,-16.2355979],[-50.8353225,-16.2582875],[-50.8218468,-16.2716666],[-50.8132983,-16.2935703],[-50.8116006,-16.3175071],[-50.7924863,-16.3217935],[-50.782182,-16.3463649],[-50.7552441,-16.3440422],[-50.7543506,-16.3820927],[-50.7430382,-16.3969704],[-50.7249609,-16.3968425],[-50.7109613,-16.4115156]],[[-50.7109613,-16.4115156],[-50.6931112,-16.4139587]],[[-50.6931112,-16.4139587],[-50.6893177,-16.4159937]],[[-50.6893177,-16.4159937],[-50.6795739,-16.406751]],[[-50.5977088,-16.2477477],[-50.5949339,-16.2339556]],[[-50.5949339,-16.2339556],[-50.6015126,-16.2104868],[-50.6040078,-16.1912836],[-50.6189332,-16.1760257],[-50.6078338,-16.1563353],[-50.6081593,-16.1466835],[-50.6308364,-16.145855],[-50.647843,-16.1242893],[-50.6524691,-16.1090454],[-50.6621394,-16.1068339],[-50.6788529,-16.1123542],[-50.8105159,-16.0884381],[-50.8223836,-16.0693093],[-50.7971341,-16.0214308],[-50.7967165,-15.9999025]],[[-50.7967165,-15.9999025],[-50.8142681,-16.0236304],[-50.8214371,-16.0211816]],[[-50.8214371,-16.0211816],[-50.8435983,-16.0096122],[-50.8720692,-16.0109505],[-50.882792,-16.0230911],[-50.8855466,-16.0439147],[-50.9142357,-16.0537382],[-50.9243946,-16.04879],[-50.9402974,-16.020911],[-50.9566554,-16.0157999],[-50.9784958,-16.0195649],[-50.9841337,-16.0294925],[-51.0298297,-15.9987966],[-51.0336616,-15.9885403],[-51.0520787,-15.9763817],[-51.0596255,-15.9751164],[-51.0671,-15.969127],[-51.0870205,-15.9782291],[-51.1146577,-15.9611156],[-51.1311291,-15.9663166],[-51.1785179,-15.9538423],[-51.2051064,-15.9633525],[-51.2117693,-15.9453834],[-51.2215296,-15.9412635],[-51.2578274,-15.9626122],[-51.25744,-15.9693828]],[[-50.2427588,-16.5297972],[-50.2402924,-16.5248848],[-50.2323727,-16.5164765],[-50.2324603,-16.5123993],[-50.2355376,-16.5049681]],[[-50.2355376,-16.5049681],[-50.2423417,-16.4921827],[-50.2425979,-16.4848351],[-50.2267093,-16.4521404]],[[-50.2267093,-16.4521404],[-50.2422902,-16.4492771],[-50.2642304,-16.4763196],[-50.2662391,-16.4915264]],[[-50.2662391,-16.4915264],[-50.2691934,-16.4970056],[-50.2723145,-16.5017111],[-50.2795393,-16.5045457],[-50.2831467,-16.5112225],[-50.2822614,-16.5248185]],[[-50.2822614,-16.5248185],[-50.3002419,-16.5524648],[-50.3213193,-16.5633524],[-50.3410413,-16.5641681],[-50.3476582,-16.5765794],[-50.3791506,-16.5833006],[-50.3947093,-16.5911751],[-50.4297364,-16.5866168],[-50.4437903,-16.5939805],[-50.4538145,-16.61045],[-50.4631753,-16.6248835],[-50.4637637,-16.6301604]],[[-50.4637637,-16.6301604],[-50.4777374,-16.633981],[-50.4840072,-16.6373585],[-50.486269,-16.6400979],[-50.4887149,-16.6473487]],[[-50.4509286,-16.6636426],[-50.4485482,-16.6604017],[-50.436157,-16.6545635],[-50.429768,-16.6471121],[-50.4292319,-16.6355238]],[[-50.3632947,-16.6956488],[-50.3613625,-16.6992323]],[[-50.3613625,-16.6992323],[-50.3551493,-16.7035523],[-50.3560938,-16.7171174],[-50.3525868,-16.7300962],[-50.3600818,-16.7413879],[-50.3349252,-16.7556924],[-50.3249195,-16.7543519],[-50.2914246,-16.769255],[-50.2868626,-16.7757659],[-50.2846243,-16.8024526]],[[-50.2846243,-16.8024526],[-50.2731813,-16.7982627]],[[-50.2731813,-16.7982627],[-50.268764,-16.792456],[-50.2650611,-16.7799314],[-50.2549285,-16.762148],[-50.2532917,-16.7331624],[-50.2239532,-16.7102953],[-50.2133745,-16.7027422]],[[-50.2133745,-16.7027422],[-50.2138491,-16.6899953],[-50.2084573,-16.6833846],[-50.217761,-16.6742515],[-50.2359336,-16.64977],[-50.2401479,-16.6326715],[-50.2326569,-16.6126562],[-50.2441206,-16.5812835],[-50.2427927,-16.5603323],[-50.2471013,-16.5455421],[-50.2427588,-16.5297972]],[[-46.991926,-14.0883599],[-46.9949624,-14.0822001],[-46.9964264,-14.0814953]],[[-46.9964264,-14.0814953],[-47.0090128,-14.0898052],[-47.0321125,-14.0895085],[-47.0609219,-14.1116108],[-47.0681174,-14.129677],[-47.0842906,-14.1423734],[-47.0854046,-14.1707185],[-47.1292851,-14.2006073],[-47.1369574,-14.2187623],[-47.1389994,-14.2543611],[-47.1716539,-14.2674982],[-47.1844309,-14.3027144],[-47.1877046,-14.3311657],[-47.1822052,-14.3491534],[-47.1911521,-14.3737405],[-47.1892009,-14.403068],[-47.1808182,-14.422669],[-47.1837895,-14.4387072],[-47.1742056,-14.4553105],[-47.1572324,-14.4662647],[-47.1501474,-14.5268594],[-47.1494756,-14.5314716],[-47.1453721,-14.5379718]],[[-47.1453721,-14.5379718],[-47.1417583,-14.5355163]],[[-47.1417583,-14.5355163],[-47.092589,-14.5474097],[-47.0955947,-14.5635471],[-47.089533,-14.5830726],[-47.0722608,-14.596756],[-47.0854221,-14.6211852],[-47.0865077,-14.6450075],[-47.101759,-14.6488805],[-47.1073106,-14.6708225]],[[-47.1073106,-14.6708225],[-47.1022366,-14.679493]],[[-47.1022366,-14.679493],[-47.1010415,-14.6956043],[-47.1126216,-14.7071651],[-47.1013713,-14.7213287],[-47.0942571,-14.7464732],[-47.0986771,-14.7595276],[-47.1144292,-14.7708335],[-47.0979798,-14.8037218],[-47.0850681,-14.8000316],[-47.072812,-14.8101201],[-47.0727852,-14.8342046],[-47.0547034,-14.902867],[-46.9843447,-14.910573],[-46.9480057,-15.0048349],[-46.9250601,-15.0575055]],[[-46.9250601,-15.0575055],[-46.8944745,-15.0351274],[-46.8641705,-15.0203851],[-46.856899,-15.010266],[-46.8298684,-15.009264],[-46.7818569,-15.0193214],[-46.7532595,-15.0327456],[-46.7264771,-15.0384155],[-46.7002262,-15.0534398],[-46.6816692,-15.0586204],[-46.6564062,-15.0815064],[-46.6254434,-15.0895145],[-46.5880057,-15.0811231],[-46.5753084,-15.0836319],[-46.5513197,-15.0638756],[-46.5261346,-15.0563684]],[[-46.5261346,-15.0563684],[-46.5380575,-15.0425309],[-46.5601983,-15.0286188],[-46.568145,-15.0052691],[-46.5655024,-14.9736638],[-46.5846979,-14.9339526],[-46.5825018,-14.9201824],[-46.6049463,-14.8531212],[-46.6172281,-14.8293921],[-46.6187563,-14.8183174]],[[-46.8972003,-14.330242],[-46.900815,-14.3300756],[-46.9132544,-14.3208154]],[[-46.9132544,-14.3208154],[-46.9333705,-14.3054272],[-46.9399077,-14.2619622],[-46.9574545,-14.2489716],[-46.9759864,-14.2267732],[-46.9773211,-14.1923885],[-46.9828086,-14.1771984],[-46.9599804,-14.1571839],[-46.9545908,-14.1445544],[-46.9456174,-14.1350654],[-46.9327049,-14.122646],[-46.9378097,-14.1062586],[-46.9380375,-14.103]],[[-46.9380375,-14.103],[-46.9643169,-14.0896363],[-46.991926,-14.0883599]],[[-47.1417583,-14.5355163],[-47.1543105,-14.5477115]],[[-47.1543105,-14.5477115],[-47.1777037,-14.5395776],[-47.1917558,-14.5562146],[-47.19501,-14.5768699],[-47.217451,-14.6057711],[-47.2157897,-14.6268583],[-47.2340353,-14.6437802],[-47.2314563,-14.6798106],[-47.2503398,-14.7002653],[-47.2759181,-14.6949387],[-47.290145,-14.7014292],[-47.3047996,-14.7311211],[-47.316314,-14.7384712],[-47.3335977,-14.7657891],[-47.3518978,-14.7716503],[-47.3600737,-14.8030988],[-47.3753787,-14.816123],[-47.392454,-14.8165486],[-47.4225037,-14.8292104],[-47.4617577,-14.8155799],[-47.4784041,-14.817346]],[[-47.4784041,-14.817346],[-47.481427,-14.8269517]],[[-47.5765209,-15.0229708],[-47.5698748,-15.0570132]],[[-47.5698748,-15.0570132],[-47.5693997,-15.0743769],[-47.5553159,-15.0954599],[-47.5545176,-15.1113327],[-47.5359832,-15.1494256],[-47.5255952,-15.1786846],[-47.5255152,-15.2140927],[-47.5091511,-15.2306862],[-47.5084814,-15.2614524],[-47.5155685,-15.2719218],[-47.5373124,-15.281421],[-47.5430907,-15.2958218],[-47.5070711,-15.2873655],[-47.4877678,-15.2999023],[-47.4780746,-15.3277417],[-47.4768419,-15.3641084],[-47.4668983,-15.3766861],[-47.482901,-15.3938798],[-47.4922339,-15.4421358],[-47.4904055,-15.4847374],[-47.4960338,-15.5019256]],[[-47.4960338,-15.5019256],[-47.4184069,-15.5018199],[-47.4177866,-15.546259],[-47.4027651,-15.5474564],[-47.3897658,-15.5671883],[-47.3765167,-15.5766676],[-47.3471881,-15.579354],[-47.3208407,-15.5865891],[-47.3319763,-15.628512],[-47.3266032,-15.652618],[-47.3281031,-15.6889177],[-47.3124896,-15.6972871],[-47.3207455,-15.7230306],[-47.313691,-15.7448666],[-47.3259497,-15.7610215],[-47.3394977,-15.7949824],[-47.368099,-15.8356435],[-47.3719887,-15.8740795],[-47.3788324,-15.8842243],[-47.3620936,-15.9292016],[-47.3785962,-15.962185],[-47.3692725,-16.0030809],[-47.3485985,-16.0062169],[-47.3256782,-16.0296187],[-47.3100062,-16.0362735],[-47.2967716,-16.0153307],[-47.2765091,-16.0093563],[-47.2447732,-16.017722],[-47.2217175,-16.0121546],[-47.2095607,-15.9926771],[-47.1672988,-15.9683774],[-47.171436,-15.9536881],[-47.1342452,-15.9247712]],[[-47.0589829,-15.5438007],[-47.0464508,-15.5339919],[-47.02042,-15.5428072]],[[-46.8825769,-15.6100842],[-46.9002911,-15.5918091],[-46.9177476,-15.5900078],[-46.9476375,-15.5607659],[-46.9442146,-15.5181869],[-46.9324305,-15.4831717],[-46.9304693,-15.443089],[-46.9119295,-15.4115455],[-46.8494784,-15.373164],[-46.8678404,-15.3572925],[-46.847957,-15.3467604],[-46.8356758,-15.3251277],[-46.8736984,-15.2854031]],[[-46.8736984,-15.2854031],[-46.9004219,-15.3009454],[-46.9326217,-15.3079744],[-46.9381757,-15.3141785],[-46.9504501,-15.3041339],[-46.9570313,-15.2910336],[-46.9712325,-15.2694492],[-46.9920628,-15.2551109],[-47.0014199,-15.236417],[-47.0012376,-15.2218003],[-47.0135617,-15.2140125],[-47.0196224,-15.1845632],[-47.0093915,-15.1711928],[-47.0311444,-15.147893],[-47.0333192,-15.1267736],[-47.0438964,-15.1144346],[-47.0488198,-15.0871419],[-47.0606233,-15.0847085],[-47.0785077,-15.0628096],[-47.1247017,-15.1107839],[-47.1446191,-15.0974863],[-47.1509263,-15.0761396],[-47.1878699,-15.0114359],[-47.1870391,-14.9995097],[-47.1711738,-14.9789888],[-47.1989564,-14.9684232],[-47.2144534,-14.9562781],[-47.2161412,-14.9507478],[-47.2099527,-14.930957],[-47.2150634,-14.9053983],[-47.229704,-14.9013822],[-47.2348155,-14.8984673],[-47.2341731,-14.897039],[-47.2302596,-14.8928639],[-47.228426,-14.8783997],[-47.2145627,-14.8724953],[-47.2178103,-14.8551794],[-47.2103448,-14.825316],[-47.2210882,-14.8129847],[-47.2167021,-14.7973424],[-47.2144575,-14.791041],[-47.2043761,-14.7888427],[-47.1782617,-14.7452648],[-47.1620087,-14.7283567],[-47.144303,-14.6968064],[-47.1342008,-14.6870361],[-47.1325932,-14.6824075],[-47.1256555,-14.6820509],[-47.1106191,-14.6719429],[-47.113134,-14.6761527],[-47.1165013,-14.6775946],[-47.1124522,-14.678932],[-47.1092307,-14.6768128]],[[-47.1092307,-14.6768128],[-47.1073106,-14.6708225]],[[-48.8330831,-13.4755343],[-48.8332209,-13.4801572]],[[-48.8332209,-13.4801572],[-48.831712,-13.5102879],[-48.836718,-13.5318006],[-48.8618328,-13.573784],[-48.8723859,-13.5755845],[-48.8815793,-13.5972504],[-48.8959154,-13.6005643],[-48.9202413,-13.6215614],[-48.9169895,-13.6349778],[-48.9313609,-13.6735874],[-48.9589128,-13.6804651],[-48.9726354,-13.6994789],[-48.9681357,-13.7184748],[-48.9806395,-13.7321938]],[[-48.9806395,-13.7321938],[-48.9898584,-13.7422358]],[[-49.0241908,-13.8839071],[-49.0229702,-13.8916951]],[[-49.0229702,-13.8916951],[-49.0240015,-13.8940573],[-49.0155552,-13.8969484],[-48.9870256,-13.9088963],[-48.9763349,-13.9038248],[-48.9584984,-13.9145348],[-48.9348071,-13.9365815],[-48.9130256,-13.9385016],[-48.8813941,-13.9336352]],[[-48.7096061,-13.6439226],[-48.6988625,-13.6370061]],[[-48.6988625,-13.6370061],[-48.712993,-13.6142053],[-48.728023,-13.604283],[-48.7319171,-13.5733973],[-48.7462187,-13.5721785],[-48.7527635,-13.5534666],[-48.7750472,-13.5294341],[-48.7852989,-13.5003978],[-48.7858047,-13.4832244],[-48.7916075,-13.472827],[-48.8124688,-13.4692503],[-48.8330831,-13.4755343]],[[-48.7658069,-16.2904162],[-48.7696122,-16.29127]],[[-48.8653073,-16.3940039],[-48.874691,-16.4005535]],[[-48.874691,-16.4005535],[-48.866404,-16.4048119],[-48.874705,-16.4110081],[-48.8709361,-16.4210848],[-48.8517216,-16.4298871],[-48.8197301,-16.4344546],[-48.8102834,-16.4496345],[-48.7871219,-16.45479],[-48.7503783,-16.4990482],[-48.7401398,-16.4913489],[-48.681318,-16.49794],[-48.6831239,-16.5078438],[-48.6585589,-16.5120421],[-48.6189906,-16.5256146],[-48.6093143,-16.5364798],[-48.5905584,-16.5149539],[-48.553915,-16.507473],[-48.5401763,-16.5000495],[-48.5559107,-16.4710844],[-48.6016206,-16.4549374],[-48.6012891,-16.4421965],[-48.5783325,-16.4182833],[-48.5387271,-16.4159362],[-48.525255,-16.399752],[-48.5183075,-16.3795377],[-48.5217057,-16.3655284],[-48.5179669,-16.3318294]],[[-48.5179669,-16.3318294],[-48.5202785,-16.3323951]],[[-46.7145155,-13.3854343],[-46.3830594,-13.3828582],[-46.3884764,-13.3522482],[-46.38214,-13.3367786],[-46.3949741,-13.3102822],[-46.3847458,-13.2713881],[-46.3758567,-13.2173979],[-46.4024457,-13.134759],[-46.4223648,-13.102875],[-46.4263106,-13.0861557],[-46.4417229,-13.0817688],[-46.4494168,-13.0550896]],[[-46.4494168,-13.0550896],[-46.4511059,-13.0549914]],[[-46.4511059,-13.0549914],[-46.4530828,-13.065891]],[[-46.4530828,-13.065891],[-46.4707269,-13.0738287],[-46.4808394,-13.0868043],[-46.5062805,-13.0971287],[-46.519195,-13.1326819],[-46.5307544,-13.1540063],[-46.5787244,-13.2031597],[-46.6157557,-13.2238005],[-46.6290337,-13.220583],[-46.6404565,-13.2325609],[-46.6775597,-13.2398399],[-46.6840054,-13.2544456],[-46.6774838,-13.2836831],[-46.7023645,-13.2967055],[-46.70363,-13.3067837],[-46.7086423,-13.3230958],[-46.7087801,-13.330817],[-46.7005327,-13.3415668],[-46.699059,-13.3689114],[-46.7068961,-13.382211]],[[-46.7068961,-13.382211],[-46.711532,-13.3821409],[-46.7145155,-13.3854343]],[[-48.9819911,-16.4046063],[-49.0077212,-16.412976],[-49.0191748,-16.4291897],[-49.0225328,-16.4461945],[-49.0486448,-16.4499337],[-49.0691714,-16.4677631],[-49.0802225,-16.5005431],[-49.1148045,-16.5366196],[-49.1155564,-16.5302517],[-49.1216441,-16.5251676],[-49.1223323,-16.5182955],[-49.1277354,-16.512951]],[[-49.1277354,-16.512951],[-49.1304994,-16.517171]],[[-49.1304994,-16.517171],[-49.1452213,-16.5243658],[-49.1588019,-16.531337]],[[-49.1588019,-16.531337],[-49.1835301,-16.5408365]],[[-49.1835301,-16.5408365],[-49.166276,-16.5626007],[-49.1676439,-16.5784014],[-49.1482816,-16.5738714],[-49.1235565,-16.5764588],[-49.1200532,-16.5641215],[-49.0958037,-16.5675042],[-49.0912356,-16.5931738]],[[-49.0912356,-16.5931738],[-49.0704708,-16.5924595],[-49.0666097,-16.5896299],[-49.0653252,-16.5748976]],[[-49.0653252,-16.5748976],[-49.0571665,-16.5618808],[-49.0373213,-16.5520453]],[[-49.0127825,-16.5275342],[-48.9968518,-16.5256545]],[[-48.9968518,-16.5256545],[-49.0023548,-16.5070371],[-49.0016007,-16.4962237],[-48.9967742,-16.4881577]],[[-48.9967742,-16.4881577],[-48.9982121,-16.4876003],[-48.9964735,-16.4855983],[-48.996478,-16.4799785]],[[-48.996478,-16.4799785],[-48.9819911,-16.4046063]],[[-48.1749029,-17.9700323],[-48.1791354,-17.9741616]],[[-48.1791354,-17.9741616],[-48.205246,-17.9971566]],[[-48.205246,-17.9971566],[-48.2073504,-18.0015857]],[[-48.2073504,-18.0015857],[-48.2092122,-18.0099598],[-48.2099025,-18.0142557],[-48.2262793,-18.0286904],[-48.2304515,-18.0358426],[-48.2128448,-18.0547021],[-48.2076501,-18.0705265],[-48.2356615,-18.0832399],[-48.2301186,-18.1054794],[-48.2323504,-18.1235412],[-48.2495661,-18.1188599],[-48.2650743,-18.1333461],[-48.2743423,-18.1523741],[-48.2779335,-18.1824318],[-48.2663961,-18.2135068],[-48.2752066,-18.2168135]],[[-48.2752066,-18.2168135],[-48.2715658,-18.2237747]],[[-49.1438605,-15.0028128],[-49.1346839,-14.998421],[-49.2899692,-14.9921044]],[[-49.2899692,-14.9921044],[-49.2923891,-15.0335432],[-49.3107011,-15.0782147],[-49.3065852,-15.1020718],[-49.3127279,-15.1244025],[-49.3086136,-15.1708741],[-49.3270607,-15.2126763],[-49.3231468,-15.2225111],[-49.3282228,-15.2455939],[-49.3390265,-15.2604977],[-49.3432821,-15.2956527],[-49.3547228,-15.320572],[-49.3551983,-15.3374716],[-49.3429184,-15.3435985],[-49.3151166,-15.3399175],[-49.2987596,-15.3276016],[-49.2807002,-15.3389693],[-49.2632279,-15.3389338],[-49.2681442,-15.3563104],[-49.2858019,-15.3684516],[-49.2766145,-15.3875363],[-49.293702,-15.4095065],[-49.291833,-15.433229],[-49.2839769,-15.4373871]],[[-49.2839769,-15.4373871],[-49.2802508,-15.4364088]],[[-49.2802508,-15.4364088],[-49.2693921,-15.4405395],[-49.2665832,-15.4474298],[-49.25314,-15.4581795],[-49.2352218,-15.4547507],[-49.224199,-15.4752314],[-49.2265011,-15.4906902],[-49.2332276,-15.512765],[-49.2259436,-15.5238098],[-49.2295309,-15.5501889],[-49.2380596,-15.5588686],[-49.2286948,-15.5645521],[-49.2122255,-15.5670863],[-49.198586,-15.5924614],[-49.1867239,-15.6024677]],[[-49.1867239,-15.6024677],[-49.1848024,-15.5984065]],[[-49.1848024,-15.5984065],[-49.1698066,-15.5913296],[-49.1477241,-15.5868197],[-49.1301402,-15.5739439],[-49.107785,-15.5445116],[-49.0890323,-15.538637],[-49.0942203,-15.5239246],[-49.0826391,-15.512871]],[[-49.0826391,-15.512871],[-49.0815644,-15.4860124],[-49.0920512,-15.469018],[-49.0748357,-15.4551866],[-49.077863,-15.4411164],[-49.0712515,-15.3963674],[-49.0847202,-15.3850865],[-49.0830039,-15.3557518],[-49.0791338,-15.3428745],[-49.0634138,-15.3213109],[-49.0625232,-15.3076076],[-49.0422717,-15.3003229],[-49.0271951,-15.2770298],[-49.0139141,-15.2821988],[-49.0006637,-15.2652592],[-48.9381168,-15.2588156],[-48.9213627,-15.240884],[-48.9200279,-15.2259289],[-48.9205548,-15.2164027],[-48.9082814,-15.16394]],[[-49.0796183,-15.1502432],[-49.0953152,-15.160879]],[[-49.0953152,-15.160879],[-49.1010183,-15.1565845],[-49.1341902,-15.1602181],[-49.1591962,-15.1571029],[-49.1700319,-15.1393961],[-49.1889218,-15.1341308],[-49.1770803,-15.1133341],[-49.1783064,-15.0913033],[-49.167053,-15.0586186],[-49.1508899,-15.0308483],[-49.1537527,-15.018603],[-49.1438605,-15.0028128]],[[-49.2149714,-16.4536702],[-49.2350569,-16.4714915],[-49.253589,-16.4952027],[-49.2660819,-16.5149663],[-49.278249,-16.527415],[-49.3122792,-16.5288517],[-49.3231147,-16.5460663],[-49.3299965,-16.5558322]],[[-49.3299965,-16.5558322],[-49.3317695,-16.5620453]],[[-49.3317695,-16.5620453],[-49.3284134,-16.5678096],[-49.3361885,-16.5709283],[-49.35325,-16.5645017],[-49.3753952,-16.5787057],[-49.3918491,-16.597726]],[[-49.3918491,-16.597726],[-49.3893874,-16.6035592]],[[-49.3893874,-16.6035592],[-49.3816131,-16.6233191],[-49.3883603,-16.6370789],[-49.3891637,-16.6475688],[-49.3888945,-16.6427245],[-49.3977637,-16.6442349],[-49.4137213,-16.6498833],[-49.4396163,-16.6711707],[-49.4451417,-16.7043835]],[[-49.4451417,-16.7043835],[-49.446919,-16.716463]],[[-49.3854179,-16.8299022],[-49.3793427,-16.8301587]],[[-49.3496708,-16.7642126],[-49.3384989,-16.753916],[-49.331957,-16.7494328],[-49.3126192,-16.7507211]],[[-49.1603737,-16.7902111],[-49.1556541,-16.7793441]],[[-49.1556541,-16.7793441],[-49.1539588,-16.7762967],[-49.1569618,-16.7743304],[-49.156344,-16.7655063],[-49.1448316,-16.7499057],[-49.1567392,-16.7207815],[-49.180149,-16.7128467],[-49.1968097,-16.6917841],[-49.1776054,-16.6732978],[-49.1665241,-16.6508604],[-49.1464672,-16.6466696],[-49.1231079,-16.6229529],[-49.1041143,-16.6146513],[-49.0780189,-16.5934851]],[[-49.0780189,-16.5934851],[-49.0912356,-16.5931738]],[[-49.1835301,-16.5408365],[-49.1766919,-16.5384357]],[[-49.1766919,-16.5384357],[-49.1774691,-16.533903],[-49.1855285,-16.525242],[-49.1958373,-16.5179998],[-49.1964779,-16.4936326],[-49.1736403,-16.4769276],[-49.1765534,-16.4651904],[-49.2149714,-16.4536702]],[[-49.4233925,-16.4055604],[-49.4465001,-16.4286027]],[[-49.4465001,-16.4286027],[-49.4475247,-16.4458075]],[[-49.6190159,-16.4880711],[-49.6153097,-16.5059535]],[[-49.6153097,-16.5059535],[-49.5951729,-16.5262199],[-49.4585605,-16.4955925],[-49.450152,-16.5380531],[-49.4259444,-16.5360696],[-49.4218039,-16.5570854],[-49.3923062,-16.5838438],[-49.3946209,-16.5953903]],[[-49.3946209,-16.5953903],[-49.3918491,-16.597726]],[[-49.3317695,-16.5620453],[-49.3331088,-16.555598]],[[-49.3331088,-16.555598],[-49.3377248,-16.5507178],[-49.3425075,-16.5474262],[-49.3393625,-16.5317299],[-49.3680017,-16.4990301],[-49.3617288,-16.483544],[-49.3436209,-16.4729514],[-49.3371999,-16.4531825],[-49.3234133,-16.4377549]],[[-50.5292331,-15.568691],[-50.5269858,-15.5571533]],[[-50.5269858,-15.5571533],[-50.5355112,-15.5619512],[-50.5615106,-15.5745391],[-50.5914017,-15.5725389],[-50.6177956,-15.5981988],[-50.6359259,-15.5963965]],[[-50.6359259,-15.5963965],[-50.6301577,-15.6093774],[-50.6246837,-15.6218192],[-50.6174325,-15.6278808],[-50.6188731,-15.6359701],[-50.6166513,-15.6458347],[-50.6028113,-15.6419656],[-50.6023183,-15.6597712],[-50.6137963,-15.6662561],[-50.6109554,-15.6958653],[-50.6172414,-15.7086712],[-50.6084576,-15.7278635],[-50.5785366,-15.7337495],[-50.5717299,-15.7600545],[-50.5256298,-15.7824949],[-50.5169292,-15.7998112],[-50.5047629,-15.8130229],[-50.5055105,-15.8165627],[-50.5129809,-15.8330407],[-50.5087337,-15.8557274],[-50.5149319,-15.874291],[-50.4965727,-15.8829363],[-50.4910162,-15.9156988],[-50.4795937,-15.916253],[-50.4644276,-15.9422864],[-50.4667656,-15.9524692],[-50.490378,-15.9711888],[-50.4875116,-15.9849382],[-50.5023475,-15.9951124],[-50.5062348,-16.008314]],[[-50.5062348,-16.008314],[-50.5099029,-16.0368504],[-50.4896212,-16.0407072],[-50.4753266,-16.0681812],[-50.4749525,-16.0858901],[-50.4772612,-16.1024829],[-50.4797334,-16.1175527],[-50.4779614,-16.1199496]],[[-50.367431,-16.075726],[-50.3574799,-16.0780037],[-50.3537227,-16.0797098],[-50.3478763,-16.0884591]],[[-50.3478763,-16.0884591],[-50.3389558,-16.0896952],[-50.3247099,-16.0874486],[-50.2958446,-16.083336],[-50.2804317,-16.0931964],[-50.2573769,-16.0942471],[-50.2265738,-16.0765866],[-50.2128679,-16.0788976],[-50.1857802,-16.0725257],[-50.1146031,-16.0428957],[-50.0998699,-16.0330308],[-50.093486,-16.0386644],[-50.0885743,-16.0389638]],[[-50.0885743,-16.0389638],[-50.0833724,-16.0445869],[-50.054258,-16.0274592]],[[-50.054258,-16.0274592],[-50.0417612,-16.0303706]],[[-50.0417612,-16.0303706],[-50.0362338,-16.0188506]],[[-50.0362338,-16.0188506],[-50.0223966,-16.0115231],[-50.0053368,-16.0127132],[-49.9934548,-15.9984252],[-49.9784824,-15.9929068],[-49.9632091,-15.9732403],[-49.9135957,-15.9692051],[-49.9037856,-15.9796476],[-49.8861465,-15.9754544],[-49.8679249,-15.983718],[-49.8655386,-15.9839419],[-49.8548376,-15.9582111],[-49.8326456,-15.927512],[-49.8403967,-15.9064534],[-49.8163114,-15.9067378],[-49.8154232,-15.8927534],[-49.7960902,-15.8847065],[-49.7953172,-15.8681082],[-49.8123348,-15.8461102],[-49.809867,-15.8241728],[-49.8237605,-15.8136004]],[[-49.8237605,-15.8136004],[-49.8317852,-15.8051615]],[[-49.8317852,-15.8051615],[-49.8393459,-15.7929894],[-49.8554237,-15.78593],[-49.8595362,-15.7751131],[-49.8650127,-15.77253],[-49.8792254,-15.7592527],[-49.8850388,-15.7533488],[-49.8950369,-15.7610329],[-49.9048659,-15.7681951],[-49.9125385,-15.7707474],[-49.9190417,-15.7540878],[-49.9386195,-15.7490955]],[[-49.9386195,-15.7490955],[-49.9576712,-15.7602449],[-49.9801898,-15.7631947],[-50.002616,-15.7771167],[-50.0207093,-15.7817115]],[[-50.0207093,-15.7817115],[-50.0364248,-15.7790676]],[[-50.0364248,-15.7790676],[-50.0416798,-15.773311],[-50.0592302,-15.7803738],[-50.066847,-15.7876254],[-50.0726215,-15.7823922],[-50.0865074,-15.7684893],[-50.0644849,-15.7350206],[-50.0620063,-15.7235852],[-50.0764839,-15.6999607],[-50.0902912,-15.6874556],[-50.0964237,-15.6720692],[-50.1223975,-15.6596214],[-50.1239811,-15.647384]],[[-49.7831197,-17.8860133],[-49.8023204,-17.8867605],[-49.8282555,-17.8545779],[-49.8637108,-17.8590095],[-49.8884305,-17.8342025],[-49.8889238,-17.8119456],[-49.9172075,-17.7958266],[-49.9428145,-17.7972579],[-49.9857096,-17.7826304],[-50.013536,-17.7835331],[-50.0169031,-17.7930319],[-50.0307286,-17.7942419],[-50.064484,-17.7985031]],[[-50.064484,-17.7985031],[-50.0699598,-17.7996464],[-50.0744029,-17.8060795],[-50.0596244,-17.8195792]],[[-50.0596244,-17.8195792],[-50.0549818,-17.8256819],[-50.0216228,-17.8334662],[-50.0001736,-17.8626425],[-49.997762,-17.8895022],[-49.9912918,-17.8991981],[-49.9824816,-17.9024001],[-49.9719265,-17.8978886],[-49.9805725,-17.9268789],[-50.0052613,-17.9405661],[-50.0167281,-17.9542062],[-50.0455941,-17.9418006],[-50.0689278,-17.9446159],[-50.075659,-17.9589674],[-50.093318,-17.9685834],[-50.1058448,-17.9858788],[-50.1204577,-17.987146],[-50.1382344,-18.0081342],[-50.1435713,-18.0225011],[-50.1614351,-18.0315025],[-50.1519619,-18.0500126],[-50.1703878,-18.0733445]],[[-50.1599232,-18.1157829],[-50.1532129,-18.11535]],[[-49.5568382,-18.2053253],[-49.5441467,-18.2019795]],[[-49.5441467,-18.2019795],[-49.5129194,-18.161471],[-49.5085103,-18.1262532],[-49.4987303,-18.1076475],[-49.5122334,-18.0932865],[-49.4648443,-18.0892099],[-49.4415354,-18.1174917],[-49.4217829,-18.122811],[-49.4131993,-18.1398733],[-49.3832556,-18.1440002],[-49.3680979,-18.1409761],[-49.3515294,-18.1736601],[-49.3171399,-18.1681619],[-49.298353,-18.1501716],[-49.2624819,-18.1623657],[-49.2510856,-18.1777886]],[[-49.2510856,-18.1777886],[-49.2461427,-18.1665937]],[[-49.1747592,-17.9890596],[-49.2892024,-17.9462769],[-49.3621148,-17.9608923],[-49.3956966,-17.9159063],[-49.4353159,-17.9172735],[-49.4484842,-17.8810631],[-49.4602267,-17.8729623],[-49.4525087,-17.8617433],[-49.4541139,-17.8508923]],[[-49.4541139,-17.8508923],[-49.4659454,-17.8409272],[-49.4845064,-17.8421682],[-49.4970613,-17.8345192],[-49.5185676,-17.8555614],[-49.5406415,-17.8403762],[-49.5646198,-17.8328163],[-49.5972883,-17.8408543],[-49.6446979,-17.8675161],[-49.6594282,-17.8839076],[-49.6797306,-17.8588998],[-49.7295655,-17.8670529],[-49.7623408,-17.8694168],[-49.7831197,-17.8860133]],[[-50.0974147,-18.3316547],[-50.1078891,-18.3253247]],[[-50.1078891,-18.3253247],[-50.1135406,-18.3241677],[-50.1365451,-18.3252102],[-50.147705,-18.3370148],[-50.1938959,-18.3473389],[-50.2081236,-18.3561375],[-50.2356781,-18.360579],[-50.2579148,-18.3738506],[-50.2713172,-18.3787472],[-50.3004449,-18.3851006],[-50.2598746,-18.3991094],[-50.2570664,-18.4398342],[-50.277994,-18.4609903],[-50.2662963,-18.476474],[-50.2605294,-18.4979062],[-50.2732928,-18.5309054],[-50.2683195,-18.5748326],[-50.2575173,-18.5983228],[-50.260259,-18.6098052],[-50.2410746,-18.6267285],[-50.2606792,-18.6512524],[-50.2699599,-18.6841723]],[[-50.2699599,-18.6841723],[-50.2502634,-18.6778911],[-50.225159,-18.6816313],[-50.1988769,-18.6790799],[-50.164288,-18.6643525],[-50.0800431,-18.6722438],[-50.0683789,-18.6562353],[-50.0502051,-18.6435418],[-50.0400977,-18.6138345],[-50.028763,-18.6014664]],[[-50.028763,-18.6014664],[-50.0302608,-18.5916512],[-50.0501574,-18.5771169],[-50.0475119,-18.5631831],[-50.0325115,-18.5456633],[-50.0319048,-18.5305171],[-50.0429817,-18.5212825],[-50.0444606,-18.4985962],[-50.0380118,-18.4846706],[-50.0513481,-18.4452641],[-50.0670141,-18.429222],[-50.0652011,-18.4123759],[-50.0530199,-18.4059117],[-50.046045,-18.3829154]],[[-49.7349214,-16.8993886],[-49.7335673,-16.9153181]],[[-49.7335673,-16.9153181],[-49.7294507,-16.9346346],[-49.7350076,-16.9371304],[-49.7493115,-16.9441784]],[[-49.7448749,-16.9543753],[-49.7433458,-16.956426]],[[-49.7433458,-16.956426],[-49.7282357,-16.956012],[-49.7112264,-16.9473886],[-49.6735028,-16.9568444],[-49.5951196,-16.9527124],[-49.6342261,-17.0105222],[-49.6154746,-17.0541297],[-49.6062616,-17.0638823],[-49.5769752,-17.0482747],[-49.5685606,-17.0354532],[-49.5473982,-17.0458646],[-49.5274502,-17.0261822],[-49.5203122,-17.0005099],[-49.5033712,-16.9963423],[-49.4795571,-16.9800429]],[[-49.4375352,-16.8601466],[-49.4421479,-16.8593181],[-49.4535694,-16.8616709],[-49.4567325,-16.8596175]],[[-49.4595772,-16.8511179],[-49.4644834,-16.8462894],[-49.4579649,-16.819773]],[[-49.4579649,-16.819773],[-49.4774363,-16.79208],[-49.4877191,-16.7913579]],[[-49.4877191,-16.7913579],[-49.4946922,-16.7927172],[-49.4973553,-16.7941268],[-49.4989182,-16.7975327],[-49.5057967,-16.8042615],[-49.5089651,-16.8027562]],[[-49.5089651,-16.8027562],[-49.5177827,-16.8055149],[-49.5242242,-16.805652],[-49.5328627,-16.8108569],[-49.5408921,-16.8095561],[-49.552309,-16.796471],[-49.561481,-16.7879317],[-49.571169,-16.7819375],[-49.5815721,-16.772586],[-49.5852881,-16.7787596],[-49.5956745,-16.7970378],[-49.5989519,-16.8022014]],[[-50.1316045,-15.5836472],[-50.1352435,-15.5976236]],[[-50.0364248,-15.7790676],[-50.0232139,-15.7810312]],[[-50.0232139,-15.7810312],[-49.9983714,-15.7379777],[-50.0060114,-15.7089066],[-49.9910043,-15.6557015],[-49.9900633,-15.6401515],[-50.0197622,-15.5863555],[-50.0244237,-15.5868995],[-50.0350679,-15.5760705],[-50.0659825,-15.5959631],[-50.0767017,-15.5953227],[-50.0905702,-15.5996981],[-50.1078434,-15.6124189],[-50.1287648,-15.6034311],[-50.1316045,-15.5836472]],[[-46.2882526,-13.7009426],[-46.3044393,-13.7015734],[-46.3119455,-13.713463]],[[-46.3119455,-13.713463],[-46.3416137,-13.7207018],[-46.368499,-13.741617],[-46.3775883,-13.7580663],[-46.4092535,-13.7773293],[-46.4230341,-13.7740304],[-46.4408435,-13.794558],[-46.4461428,-13.7958649],[-46.4578103,-13.8027777],[-46.4660929,-13.8105094],[-46.4963323,-13.8128012],[-46.5034496,-13.8104246],[-46.5414754,-13.7929312],[-46.5857554,-13.8067136],[-46.6021733,-13.8209425],[-46.6232031,-13.8189849],[-46.6429258,-13.8097833],[-46.6593638,-13.8174937],[-46.689868,-13.8129692],[-46.7050556,-13.8270055],[-46.7310637,-13.8352086],[-46.7511748,-13.8199427],[-46.7519815,-13.8247407]],[[-46.7519815,-13.8247407],[-46.7550202,-13.8290909]],[[-46.7550202,-13.8290909],[-46.7594751,-13.8371856],[-46.7150306,-13.8773128],[-46.7179479,-13.8858408],[-46.703315,-13.9015997],[-46.6453253,-13.9290026],[-46.6320635,-13.938661],[-46.6005859,-13.9478807],[-46.581754,-13.94758],[-46.5706449,-13.9868989],[-46.5382207,-14.0166837],[-46.5290576,-14.0118033],[-46.5198371,-14.0152672],[-46.4765891,-13.9944664],[-46.4500049,-13.9949199],[-46.4415572,-14.0020745],[-46.4364498,-14.0165027],[-46.435693,-14.0321866]],[[-46.435693,-14.0321866],[-46.4170576,-14.0465606]],[[-46.4170576,-14.0465606],[-46.4109732,-14.0456241],[-46.3752546,-14.0275056],[-46.3256704,-14.0206711],[-46.3148855,-14.0221683],[-46.2981088,-14.0219813],[-46.2856357,-14.0527461],[-46.2500007,-14.0570773],[-46.2270476,-14.0489961]],[[-46.2270476,-14.0489961],[-46.2130884,-14.0305578],[-46.2131403,-14.0087164],[-46.220066,-13.9754228],[-46.2419206,-13.9664798],[-46.2530267,-13.9695326],[-46.2641903,-13.9474351],[-46.2568302,-13.8871755],[-46.2324747,-13.8486074],[-46.2497673,-13.8296257],[-46.273631,-13.8287797],[-46.2647782,-13.8117487],[-46.2774951,-13.7908815],[-46.2542186,-13.779701],[-46.229975,-13.7742093],[-46.2229368,-13.7654029],[-46.2510312,-13.7368664],[-46.2551556,-13.7246863],[-46.2357369,-13.7081456]],[[-46.2357369,-13.7081456],[-46.2693288,-13.710862],[-46.2882526,-13.7009426]],[[-49.7750302,-14.7541525],[-49.7717785,-14.7594102]],[[-49.7717785,-14.7594102],[-49.7777527,-14.7853284],[-49.7933951,-14.7962033],[-49.793307,-14.8087987],[-49.8123162,-14.8392473],[-49.8142855,-14.8854702],[-49.8085072,-14.897889],[-49.8172804,-14.9382995],[-49.8077833,-14.9399392],[-49.7529727,-14.9084926],[-49.7377863,-14.9131122],[-49.7217595,-14.8919967],[-49.6748125,-14.8569123],[-49.6674498,-14.834253],[-49.645725,-14.8406755]],[[-49.645725,-14.8406755],[-49.656394,-14.7305822],[-49.6638636,-14.709372],[-49.676621,-14.6911634],[-49.7017794,-14.6416892],[-49.7185321,-14.6319896],[-49.7363946,-14.6074304],[-49.6727503,-14.5890235]],[[-49.6727503,-14.5890235],[-49.6347061,-14.5784064],[-49.6337541,-14.5702509]],[[-49.6337541,-14.5702509],[-49.6514517,-14.5529543],[-49.6632859,-14.5256758],[-49.657424,-14.5020262],[-49.6605315,-14.4809778],[-49.6867218,-14.4790351],[-49.6904285,-14.4697537]],[[-49.6904285,-14.4697537],[-49.6940049,-14.4660027]],[[-49.7500931,-15.6640571],[-49.7552519,-15.6578909],[-49.782731,-15.672113],[-49.7845933,-15.6798702],[-49.8184487,-15.7116808],[-49.8419507,-15.711912],[-49.8466486,-15.7199268],[-49.8678747,-15.711374],[-49.8980673,-15.7528734],[-49.9161503,-15.7395339],[-49.9330403,-15.7421104],[-49.9280693,-15.7474202],[-49.9386195,-15.7490955]],[[-49.8317852,-15.8051615],[-49.8245096,-15.8094952]],[[-49.8245096,-15.8094952],[-49.801144,-15.7890019]],[[-49.801144,-15.7890019],[-49.7935654,-15.7888901],[-49.6930887,-15.8060242]],[[-49.6930887,-15.8060242],[-49.6978363,-15.7915766],[-49.6850879,-15.7641424],[-49.6848102,-15.7547702],[-49.7034248,-15.7351305],[-49.7037025,-15.7125518],[-49.7202288,-15.6901817],[-49.7490588,-15.6738147],[-49.7504745,-15.6677592]],[[-49.7504745,-15.6677592],[-49.7500931,-15.6640571]],[[-49.3657907,-16.8862615],[-49.3604766,-16.8964503]],[[-49.4835606,-17.0237739],[-49.4801134,-17.0276909]],[[-49.4801134,-17.0276909],[-49.4899494,-17.0597242],[-49.4882567,-17.0761725]],[[-49.4882567,-17.0761725],[-49.4749485,-17.0949392],[-49.474364,-17.0996748],[-49.4758941,-17.1059284]],[[-49.4758941,-17.1059284],[-49.4806979,-17.1140475],[-49.4914393,-17.1180166],[-49.492398,-17.1246378],[-49.4815369,-17.1369786],[-49.4891469,-17.1595714]],[[-49.4891469,-17.1595714],[-49.4807817,-17.1606476],[-49.4727538,-17.1640913],[-49.462031,-17.1654464],[-49.4578392,-17.1599532]],[[-49.4578392,-17.1599532],[-49.4529537,-17.1455962]],[[-49.4012235,-17.1592102],[-49.3901094,-17.1576743],[-49.3801346,-17.1519042],[-49.3679487,-17.142293]],[[-49.3207845,-17.1311495],[-49.2943983,-17.1097303],[-49.2509891,-17.0910053]],[[-49.2509891,-17.0910053],[-49.2316978,-17.0825395],[-49.2220896,-17.0845206]],[[-49.2220896,-17.0845206],[-49.1919192,-17.1372951],[-49.1780069,-17.1230077],[-49.1554174,-17.122696],[-49.1448382,-17.1308468],[-49.1090007,-17.1349067],[-49.1089472,-17.1240348],[-49.1193629,-17.1179101],[-49.1080033,-17.0940326],[-49.1061579,-17.0774495],[-49.092,-17.0731539],[-49.0900162,-17.0785615],[-49.0866937,-17.0697298],[-49.0869497,-17.0662768]],[[-49.0869497,-17.0662768],[-49.0915374,-17.0553702]],[[-49.1461983,-16.898149],[-49.1409953,-16.8881997]],[[-49.1409953,-16.8881997],[-49.1431429,-16.8830509],[-49.1460352,-16.8821092],[-49.1480316,-16.8853359]],[[-49.3725025,-14.6232222],[-49.3835863,-14.6229177],[-49.3913591,-14.6379504]],[[-49.3913591,-14.6379504],[-49.4215021,-14.6308889],[-49.4327876,-14.6222511]],[[-49.4327876,-14.6222511],[-49.4349784,-14.6195711]],[[-49.4349784,-14.6195711],[-49.4601092,-14.6361578],[-49.4611385,-14.6609412],[-49.4785038,-14.6726434],[-49.4939219,-14.6954576],[-49.5104462,-14.6968523],[-49.5245615,-14.7281306],[-49.5313365,-14.7329402],[-49.5293652,-14.7715479],[-49.5229208,-14.778245],[-49.493922,-14.7780627],[-49.4693085,-14.800125],[-49.4558391,-14.7977544],[-49.4468889,-14.8094383],[-49.4281641,-14.8182886],[-49.4281707,-14.83008],[-49.4091192,-14.8486171]],[[-49.4091192,-14.8486171],[-49.3854707,-14.8221709],[-49.3635068,-14.8211551],[-49.3461125,-14.8072587],[-49.3396172,-14.8093997],[-49.3250046,-14.8212178],[-49.2895339,-14.8149985],[-49.2493119,-14.8217259],[-49.2434179,-14.8374633],[-49.2440332,-14.843823],[-49.2439961,-14.8484438],[-49.2393628,-14.8635751],[-49.2181662,-14.849044],[-49.2135267,-14.8486693],[-49.205669,-14.8455967]],[[-49.205669,-14.8455967],[-49.2135546,-14.831809],[-49.2103006,-14.8186785],[-49.2051682,-14.8155707]],[[-49.2051682,-14.8155707],[-49.1748499,-14.8060054],[-49.1652242,-14.802969],[-49.1695533,-14.7961778],[-49.1843296,-14.7981428],[-49.1971912,-14.7791178],[-49.1930544,-14.7686885]],[[-49.1930544,-14.7686885],[-49.2004682,-14.7462781],[-49.2325582,-14.7247829],[-49.2410575,-14.7242453],[-49.2814462,-14.7025676],[-49.2895862,-14.6763632],[-49.3111981,-14.6766558],[-49.320421,-14.668246],[-49.3280303,-14.6374834],[-49.3409411,-14.6261621],[-49.3560811,-14.6086279],[-49.3725025,-14.6232222]],[[-46.765055,-13.820745],[-46.7779478,-13.8165645],[-46.8205401,-13.8406946],[-46.8255869,-13.8446112]],[[-46.8255869,-13.8446112],[-46.8268688,-13.8520508],[-46.8310039,-13.8584102],[-46.8379209,-13.8637006],[-46.8556708,-13.8679597]],[[-46.8556708,-13.8679597],[-46.8667211,-13.8807806],[-46.8607021,-13.8978624],[-46.8455916,-13.898592],[-46.8371719,-13.9116762],[-46.8412362,-13.9502681],[-46.8376185,-13.9683577],[-46.8509549,-13.9864407],[-46.832285,-14.0061448],[-46.8266501,-14.027613],[-46.8363163,-14.0434626],[-46.8559807,-14.0347944],[-46.8755858,-14.0333836],[-46.8839754,-14.0415921],[-46.8890938,-14.0705675],[-46.9000111,-14.0784364]],[[-46.9000111,-14.0784364],[-46.9212806,-14.0769391],[-46.9237014,-14.0777718],[-46.9224234,-14.0882042]],[[-46.9224234,-14.0882042],[-46.9380375,-14.103]],[[-46.9132544,-14.3208154],[-46.9002556,-14.3300814],[-46.886751,-14.3202011]],[[-46.8160609,-14.344137],[-46.8153516,-14.3503251]],[[-46.8153516,-14.3503251],[-46.8106216,-14.3504619],[-46.8010439,-14.3523455],[-46.7954946,-14.3545387],[-46.7875963,-14.354521],[-46.7719028,-14.3424291],[-46.7723486,-14.3041621],[-46.7606922,-14.2929792],[-46.7408586,-14.2866277],[-46.7400081,-14.2478053],[-46.7247598,-14.2299945],[-46.7249224,-14.1989424],[-46.6967255,-14.1621327],[-46.6665508,-14.1455783],[-46.6392691,-14.139686],[-46.6368703,-14.1316266],[-46.5892259,-14.1227132],[-46.5845455,-14.1116928],[-46.5420916,-14.1092667],[-46.5176854,-14.114183],[-46.503922,-14.1063245],[-46.4807802,-14.1081185],[-46.4869588,-14.0928146],[-46.5085364,-14.062777],[-46.4904758,-14.0584044],[-46.4650009,-14.0527961],[-46.4464651,-14.0404389],[-46.4380051,-14.0478532],[-46.4307043,-14.0393593]],[[-46.4307043,-14.0393593],[-46.435693,-14.0321866]],[[-46.7550202,-13.8290909],[-46.765055,-13.820745]],[[-49.970878,-18.3632945],[-49.9855173,-18.3660038]],[[-50.028763,-18.6014664],[-49.9814547,-18.6046454],[-49.9738163,-18.6143197],[-49.9316515,-18.6239931],[-49.9043716,-18.6213046],[-49.8907322,-18.6106875],[-49.8722014,-18.6122629],[-49.8361535,-18.6366896],[-49.8197929,-18.6325772],[-49.7984257,-18.6439218],[-49.7848196,-18.6422477],[-49.7721992,-18.6132646],[-49.7577031,-18.6097094]],[[-49.7577845,-18.511291],[-49.7725876,-18.4957823]],[[-49.7725876,-18.4957823],[-49.7891103,-18.5010725],[-49.7950724,-18.5014376],[-49.7984294,-18.5002191],[-49.8101086,-18.500612],[-49.8136188,-18.4964757]],[[-49.8136188,-18.4964757],[-49.8241041,-18.495172],[-49.8434318,-18.4518733]],[[-49.8434318,-18.4518733],[-49.8519801,-18.4221024],[-49.875821,-18.4051915],[-49.8826946,-18.3965826],[-49.9211512,-18.366287],[-49.9428286,-18.3577626],[-49.9595021,-18.3541996],[-49.970878,-18.3632945]],[[-49.8723968,-16.9768877],[-49.8809282,-16.9740564],[-49.8997373,-16.9547692]],[[-49.8997373,-16.9547692],[-49.9296772,-16.9603254],[-49.9361197,-16.9916813],[-49.9491804,-16.9945486],[-49.9437309,-17.0164159]],[[-49.9437309,-17.0164159],[-49.951815,-17.0318227],[-49.9746254,-17.0514743]],[[-49.9746254,-17.0514743],[-49.9901531,-17.0604123],[-50.0239811,-17.0691021],[-50.0428765,-17.0814979],[-50.0681232,-17.0830664]],[[-50.0681232,-17.0830664],[-50.1010353,-17.1284168],[-50.0976737,-17.1430955],[-50.1076751,-17.1659802],[-50.100794,-17.1769143],[-50.1096481,-17.2213864],[-50.1070114,-17.2453156],[-50.1317328,-17.2843653],[-50.1476544,-17.302198],[-50.1392691,-17.313627],[-50.1483144,-17.339957]],[[-49.7105084,-17.1926915],[-49.7153845,-17.1891907],[-49.7230628,-17.1872664],[-49.7244505,-17.1833021],[-49.7233952,-17.1780809]],[[-49.4046416,-16.1949978],[-49.4230275,-16.2093577],[-49.4531445,-16.2254852],[-49.4592015,-16.2135007],[-49.5361653,-16.1835432],[-49.5817946,-16.211068],[-49.5943942,-16.2259145],[-49.6308976,-16.2314619],[-49.6546961,-16.2230628],[-49.6411474,-16.2401295],[-49.622949,-16.2915913],[-49.6358385,-16.3138791],[-49.6535897,-16.3309481]],[[-49.6657598,-16.4058265],[-49.6544529,-16.4278623]],[[-49.4649829,-16.4134978],[-49.4639311,-16.4263036],[-49.4588635,-16.4345643],[-49.4475303,-16.437804]],[[-49.4475303,-16.437804],[-49.4465001,-16.4286027]],[[-49.38114,-16.3147064],[-49.3784475,-16.3062101]],[[-49.3947279,-16.1896858],[-49.4006447,-16.1942636]],[[-49.4006447,-16.1942636],[-49.4046416,-16.1949978]],[[-47.8939351,-16.9182268],[-47.9111212,-16.9238792],[-47.9009356,-16.9532779],[-47.90771,-16.963354],[-47.9222701,-16.9849042],[-47.919491,-17.004276]],[[-47.919491,-17.004276],[-47.9265956,-17.0113762],[-47.9369858,-17.0347476],[-47.974413,-17.0661429],[-47.9926063,-17.0890116],[-48.0022975,-17.1451137],[-48.0213185,-17.1628668],[-48.0186315,-17.1731401],[-48.0472674,-17.1930223],[-48.0543476,-17.2086351],[-48.0629999,-17.2098138],[-48.0850425,-17.247464],[-48.1079333,-17.2609652],[-48.1175486,-17.2645463],[-48.1191245,-17.2743057]],[[-48.1191245,-17.2743057],[-48.1012696,-17.285797],[-48.0922411,-17.2900577],[-48.081546,-17.3286189],[-48.0853253,-17.3366636],[-48.0768752,-17.3637092],[-48.0591086,-17.3767166],[-48.0453218,-17.3997232],[-48.0461545,-17.4192968],[-48.0509677,-17.4195478],[-48.0860299,-17.4289551],[-48.1102942,-17.4451783],[-48.1189623,-17.4582632],[-48.1042151,-17.4723379],[-48.1107136,-17.5334409],[-48.1321058,-17.5441135],[-48.1576885,-17.5298287],[-48.1701331,-17.5553618],[-48.1925459,-17.5628816],[-48.2114291,-17.575831],[-48.2237112,-17.5953826],[-48.2857698,-17.5283461],[-48.3355499,-17.5281863],[-48.3581856,-17.5143092],[-48.3645268,-17.5134006]],[[-48.3645268,-17.5134006],[-48.3641622,-17.5207051],[-48.3661066,-17.5235698],[-48.3741327,-17.520591],[-48.3854652,-17.5190784],[-48.3871327,-17.5215265],[-48.3869091,-17.5281343],[-48.3885783,-17.535446]],[[-48.3885783,-17.535446],[-48.3852457,-17.5527398],[-48.3975821,-17.5805044],[-48.4022714,-17.5876576],[-48.4142707,-17.5831454],[-48.43183,-17.5951952],[-48.4367193,-17.609392],[-48.4501338,-17.6133133],[-48.4663905,-17.6014266]],[[-48.5150289,-17.874503],[-48.5122727,-17.8784494]],[[-48.3466824,-17.9442671],[-48.3396034,-17.9380153],[-48.332716,-17.9355098],[-48.3239904,-17.9381639],[-48.3152201,-17.9435888]],[[-48.3152201,-17.9435888],[-48.2946288,-17.9281615],[-48.2995483,-17.9431396],[-48.3006338,-17.9522961],[-48.2887128,-17.9647065],[-48.2706003,-17.9745709],[-48.2463815,-17.9963983],[-48.2146073,-17.9925242]],[[-48.2146073,-17.9925242],[-48.205246,-17.9971566]],[[-48.1791354,-17.9741616],[-48.1751033,-17.9701031],[-48.1660773,-17.9664844]],[[-47.9866067,-17.8968346],[-47.9834684,-17.8977797]],[[-47.5246179,-17.4119152],[-47.5287302,-17.3876799],[-47.5145067,-17.3749523],[-47.5166009,-17.3461032],[-47.5099869,-17.3242576]],[[-49.6087141,-15.0430194],[-49.61267,-15.0393005],[-49.6224192,-15.0411954],[-49.6387751,-15.0490509],[-49.6442792,-15.0529723],[-49.665705,-15.0639299]],[[-49.665705,-15.0639299],[-49.6653396,-15.0667636],[-49.7707283,-15.2286587]],[[-49.7707283,-15.2286587],[-49.74668,-15.2401951]],[[-49.5846147,-15.1891279],[-49.6064003,-15.1552321],[-49.6050915,-15.1464717],[-49.6300047,-15.124291],[-49.6370334,-15.0981826],[-49.6274477,-15.0933105],[-49.6162015,-15.0474482]],[[-49.6162015,-15.0474482],[-49.6087141,-15.0430194]],[[-51.4333231,-16.3164719],[-51.4290553,-16.3201507]],[[-51.3961387,-16.4182732],[-51.3965199,-16.4198119]],[[-51.3965199,-16.4198119],[-51.3764353,-16.4213588],[-51.3728899,-16.424665],[-51.3726674,-16.428743],[-51.3329931,-16.4778376],[-51.3009404,-16.4604366],[-51.2988565,-16.458819],[-51.2780806,-16.447672],[-51.2722731,-16.4519832],[-51.2641313,-16.4653944],[-51.2613263,-16.467055],[-51.2673279,-16.474536],[-51.2404682,-16.4869311],[-51.2340172,-16.5044695]],[[-51.2340172,-16.5044695],[-51.2197977,-16.5037827],[-51.2127187,-16.5154702]],[[-51.0001344,-16.6354703],[-50.9898271,-16.6260771],[-50.9729696,-16.624641]],[[-50.9729696,-16.624641],[-50.9681901,-16.6217725],[-50.9533013,-16.5962356],[-50.9524615,-16.5757805],[-50.9772181,-16.5699131],[-50.966546,-16.5386386],[-50.974791,-16.5332398],[-50.9885797,-16.5291814],[-51.0014123,-16.5039353],[-50.9971866,-16.4912493],[-50.9911354,-16.4850763],[-50.9782686,-16.4776904]],[[-50.9782686,-16.4776904],[-50.9771325,-16.4627796],[-50.9702097,-16.4513064],[-50.9636021,-16.4186362],[-50.9480766,-16.3982717]],[[-50.9480766,-16.3982717],[-50.976017,-16.4144746],[-51.0072717,-16.4127184],[-51.0090795,-16.415062],[-51.0320741,-16.3984645],[-51.0302113,-16.366999],[-51.0662971,-16.3345006],[-51.0643811,-16.3066625]],[[-51.0643811,-16.3066625],[-51.1092936,-16.3071185]],[[-51.1092936,-16.3071185],[-51.3677166,-16.2846153]],[[-50.9084942,-16.2019971],[-50.9052077,-16.210009]],[[-50.9052077,-16.210009],[-50.9074669,-16.2282571],[-50.9017429,-16.2421685],[-50.913493,-16.2640874],[-50.929548,-16.2767405],[-50.933961,-16.3046313],[-50.9471842,-16.3136775],[-50.9507429,-16.3063892],[-50.9813765,-16.2938492],[-50.9939582,-16.2701255],[-51.0188227,-16.2753508],[-51.0415501,-16.2946896],[-51.0643811,-16.3066625]],[[-50.9480766,-16.3982717],[-50.9387921,-16.4010612]],[[-50.9387921,-16.4010612],[-50.9298256,-16.3962138],[-50.9224914,-16.3980292],[-50.9155472,-16.4074674]],[[-50.9155472,-16.4074674],[-50.8547931,-16.4450757],[-50.8456812,-16.468743],[-50.8136569,-16.4786833],[-50.7938241,-16.5039201],[-50.7765454,-16.5001732],[-50.7608846,-16.4675843],[-50.7368741,-16.4481967],[-50.720102,-16.4492538],[-50.7040451,-16.4373986],[-50.705066,-16.4217944]],[[-50.705066,-16.4217944],[-50.7109613,-16.4115156]],[[-49.6930887,-15.8060242],[-49.7926584,-15.7890449],[-49.801144,-15.7890019]],[[-49.8245096,-15.8094952],[-49.8237605,-15.8136004]],[[-50.0362338,-16.0188506],[-50.0417868,-16.0338071]],[[-50.0417868,-16.0338071],[-50.0305067,-16.0568663],[-50.0380137,-16.0916824],[-50.0312029,-16.101325],[-50.0394269,-16.1288164],[-50.0323712,-16.1824787],[-50.0163708,-16.1944017],[-49.9678434,-16.2055473],[-49.9634828,-16.2183761],[-49.9541516,-16.2177219],[-49.9405945,-16.2241564]],[[-49.9405945,-16.2241564],[-49.9311272,-16.224696]],[[-49.9260068,-16.226617],[-49.9204769,-16.220722],[-49.9161693,-16.2187088],[-49.900756,-16.230314]],[[-49.867622,-16.2582538],[-49.8693122,-16.2642711],[-49.8785911,-16.275625]],[[-49.7381502,-16.2839918],[-49.7400376,-16.2841298]],[[-49.7400376,-16.2841298],[-49.7526773,-16.2785485],[-49.7581138,-16.2306752],[-49.7361489,-16.1919719],[-49.6434745,-16.1158601]],[[-49.6434745,-16.1158601],[-49.6491156,-16.1158567]],[[-49.6491156,-16.1158567],[-49.6611691,-16.1015156],[-49.655726,-16.0767304],[-49.6658398,-16.0681708],[-49.6810321,-16.0420814],[-49.6468385,-16.0323319],[-49.63814,-16.0206081],[-49.68773,-16.0055827]],[[-49.68773,-16.0055827],[-49.6826834,-15.9927589],[-49.6914148,-15.976469],[-49.6823134,-15.9386559],[-49.6715038,-15.9138914],[-49.684115,-15.9012138],[-49.6805841,-15.86572]],[[-49.6805841,-15.86572],[-49.6795378,-15.8486618],[-49.6879499,-15.8381343],[-49.6895048,-15.8270946]],[[-49.6895048,-15.8270946],[-49.6930887,-15.8060242]],[[-49.68773,-16.0055827],[-49.6678269,-16.0061819],[-49.6501034,-15.9931499],[-49.6510333,-15.9847692],[-49.5628644,-15.9756476],[-49.5520036,-15.968195]],[[-49.5520036,-15.968195],[-49.5524798,-15.9665184]],[[-49.5524798,-15.9665184],[-49.5473081,-15.9481584],[-49.5426733,-15.930042],[-49.5451449,-15.9209631],[-49.5749765,-15.925378],[-49.5927656,-15.9160158],[-49.5955087,-15.8957686],[-49.6022553,-15.8888409],[-49.608196,-15.8818031]],[[-49.608196,-15.8818031],[-49.6101141,-15.8846986]],[[-49.6101141,-15.8846986],[-49.6152317,-15.8826936],[-49.6247559,-15.8668061],[-49.6300301,-15.8694589],[-49.6453665,-15.8749605],[-49.6593657,-15.886056],[-49.6698345,-15.8736211],[-49.6767545,-15.8653183],[-49.6805841,-15.86572]],[[-49.5568348,-15.6354254],[-49.6005595,-15.6748239],[-49.612311,-15.6907081],[-49.6350297,-15.6824003],[-49.6393409,-15.6871033],[-49.6466176,-15.7104526],[-49.6461321,-15.7402277],[-49.6504551,-15.7587306],[-49.6782579,-15.7767914],[-49.6764809,-15.800197],[-49.6895048,-15.8270946]],[[-49.6101141,-15.8846986],[-49.6044539,-15.8714773]],[[-49.6044539,-15.8714773],[-49.5848891,-15.8422876],[-49.5777543,-15.788679],[-49.5597316,-15.7796217],[-49.5481453,-15.7558239],[-49.5455637,-15.7466296],[-49.5392038,-15.7246411],[-49.5357038,-15.7147874],[-49.5490901,-15.7073279],[-49.5567796,-15.689168],[-49.5549746,-15.6760678],[-49.5568348,-15.6354254]],[[-51.658557,-18.7825159],[-51.6645316,-18.7813917]],[[-51.6899203,-19.1145696],[-51.6599195,-19.1343787],[-51.6338214,-19.1313634],[-51.6084347,-19.1409997],[-51.592212,-19.1267874],[-51.5509349,-19.1406521],[-51.5271028,-19.138922],[-51.4976479,-19.1614011],[-51.4734902,-19.1538586],[-51.4580409,-19.1678505],[-51.4483501,-19.1604009]],[[-51.4483501,-19.1604009],[-51.4529411,-19.1585967],[-51.4565403,-19.1436763],[-51.4569464,-19.1361535],[-51.4644761,-19.1243382],[-51.4357866,-19.0659309],[-51.4081185,-19.0676198],[-51.3861672,-19.0746489],[-51.3334006,-19.0786176],[-51.3123207,-19.0960048],[-51.281114,-19.1285614],[-51.2568739,-19.14548],[-51.2221073,-19.1588144],[-51.1987377,-19.1851669],[-51.1780083,-19.1849065],[-51.1586279,-19.2019396],[-51.1358305,-19.2115191],[-51.109771,-19.2150516],[-51.0980848,-19.2371366],[-51.0896583,-19.2668096],[-51.0941088,-19.278199],[-51.0920012,-19.3076266]],[[-51.0920012,-19.3076266],[-51.0455374,-19.3433676],[-51.029906,-19.3669788],[-51.0189384,-19.4010838],[-51.0053474,-19.4008287],[-50.9869467,-19.4121607],[-50.9853022,-19.4313828],[-50.9521315,-19.4426335],[-50.9343326,-19.4680997],[-50.889467,-19.4808963],[-50.8493869,-19.4981367],[-50.8304513,-19.4922756],[-50.8290442,-19.467035],[-50.868584,-19.4339229],[-50.8753571,-19.4228408],[-50.8714819,-19.4038518],[-50.8606325,-19.3920857],[-50.8415857,-19.3508004],[-50.8279649,-19.3108048]],[[-50.8279649,-19.3108048],[-50.8489114,-19.3114115],[-50.8521337,-19.30406],[-50.865857,-19.2841471],[-50.874745,-19.2825027],[-50.8808282,-19.2682297],[-50.8979069,-19.2570331],[-50.8968262,-19.2402439],[-50.9057766,-19.2232461],[-50.9311604,-19.2175617],[-50.9323898,-19.2042101],[-50.9558857,-19.2027072],[-50.987304,-19.168038],[-51.0197529,-19.1597592],[-51.0323555,-19.1705413],[-51.0416069,-19.1514937],[-51.0538596,-19.1531234],[-51.0554137,-19.1315057],[-51.0730533,-19.1306498],[-51.0823903,-19.1212859],[-51.1035835,-19.1269911],[-51.1314451,-19.1016769],[-51.1452741,-19.1044998],[-51.1474972,-19.0840436],[-51.1681943,-19.0663497],[-51.1878338,-19.0617942],[-51.197067,-19.0681784],[-51.2010839,-19.0609296],[-51.2117484,-19.0436896],[-51.2278281,-19.0343011],[-51.2350003,-19.0452393],[-51.2416904,-19.0416008],[-51.2531615,-19.0340004],[-51.2568609,-19.03088],[-51.2625562,-19.0248042],[-51.2713312,-19.0261479],[-51.2817199,-19.022852],[-51.2926676,-19.004491],[-51.3050819,-18.9680051],[-51.3303026,-18.9512876],[-51.3511049,-18.9521309],[-51.3576891,-18.9343496],[-51.37966,-18.9409723],[-51.3775551,-18.9243678],[-51.4277374,-18.8973738],[-51.4618355,-18.8739013],[-51.4804157,-18.8824551],[-51.4952518,-18.8805087],[-51.5041951,-18.8586299],[-51.5186435,-18.8629295],[-51.5487837,-18.8335987],[-51.5756138,-18.8318657],[-51.5960896,-18.7945609],[-51.6303315,-18.785972],[-51.649195,-18.793885],[-51.658557,-18.7825159]],[[-49.7717785,-14.7594102],[-49.7964777,-14.7658385]],[[-49.8579497,-14.9805232],[-49.8568406,-14.9904002]],[[-49.8568406,-14.9904002],[-49.841286,-15.0070631],[-49.8517592,-15.027092],[-49.8510116,-15.0556542],[-49.8375136,-15.0600901],[-49.825621,-15.0769399]],[[-49.825621,-15.0769399],[-49.8242866,-15.0823345]],[[-49.8242866,-15.0823345],[-49.8186455,-15.0867318],[-49.8118643,-15.0824593],[-49.7633692,-15.0710635],[-49.7524249,-15.0857808],[-49.7280816,-15.0666526],[-49.7084448,-15.0683646],[-49.6945884,-15.067211],[-49.6919558,-15.0750506],[-49.6833386,-15.0779433],[-49.6760056,-15.0703284]],[[-49.6760056,-15.0703284],[-49.665705,-15.0639299]],[[-49.6087141,-15.0430194],[-49.5965307,-15.0405332]],[[-49.5965307,-15.0405332],[-49.5827293,-15.0300078],[-49.5741826,-15.0117692],[-49.5619488,-15.0086087],[-49.5574533,-14.9934047],[-49.5302852,-14.9895684],[-49.5254237,-15.0005936],[-49.5082008,-15.0020321],[-49.4666392,-14.9936128],[-49.4567192,-15.006234],[-49.4337021,-14.9847996]],[[-49.4337021,-14.9847996],[-49.4275042,-14.9658096]],[[-49.4275042,-14.9658096],[-49.4323631,-14.9571112],[-49.4193894,-14.9205667],[-49.4189711,-14.9020637],[-49.4373118,-14.8915647],[-49.4194181,-14.8783138],[-49.4091192,-14.8486171]],[[-49.4091192,-14.8486171],[-49.4325831,-14.8485785],[-49.4446165,-14.8615337],[-49.4537706,-14.8715216],[-49.4752511,-14.8631849],[-49.4828144,-14.841944],[-49.498032,-14.840366],[-49.5023652,-14.8388461],[-49.5170017,-14.8352363],[-49.529979,-14.8146781],[-49.5457853,-14.8213995],[-49.555951,-14.8127067],[-49.5984484,-14.8045871],[-49.6098937,-14.8139276],[-49.6379198,-14.8173885],[-49.645725,-14.8406755]],[[-51.1191044,-15.4366195],[-51.1205225,-15.4419605]],[[-51.1205225,-15.4419605],[-51.1084639,-15.4434297],[-51.0992402,-15.453438],[-51.0855241,-15.4939464],[-51.0636581,-15.5031088],[-51.0536799,-15.5192003],[-51.0539104,-15.5463382],[-51.0420754,-15.5694529],[-51.0466535,-15.5805442],[-51.0349102,-15.6002191],[-51.0191826,-15.6393031],[-51.0271591,-15.6495752],[-51.0192672,-15.6824089],[-50.998181,-15.7149248]],[[-50.998181,-15.7149248],[-50.9959332,-15.7130236],[-50.9910531,-15.7190656],[-50.981097,-15.720655],[-50.9531136,-15.721655],[-50.9252427,-15.7442563],[-50.9092966,-15.7729487],[-50.8932148,-15.7718753],[-50.8883633,-15.7838624],[-50.8304855,-15.7886805],[-50.8038255,-15.8062685],[-50.799936,-15.820717],[-50.786319,-15.8299922],[-50.781766,-15.8473516],[-50.7855394,-15.8648794],[-50.7646526,-15.8948229],[-50.7644327,-15.9071625],[-50.773041,-15.9221853]],[[-50.773041,-15.9221853],[-50.7733743,-15.9245918]],[[-50.7733743,-15.9245918],[-50.7718491,-15.9264551],[-50.7608534,-15.9219751],[-50.746485,-15.9227429],[-50.7422401,-15.8999014],[-50.7234926,-15.8771101],[-50.7111297,-15.8999164],[-50.6841258,-15.9098846],[-50.6834316,-15.9521168],[-50.6222084,-15.9625278],[-50.6036549,-16.0006775],[-50.592262,-16.0058328],[-50.5848796,-16.0382287],[-50.5754338,-16.0424337],[-50.5557083,-16.028611],[-50.5062348,-16.008314]],[[-50.6359259,-15.5963965],[-50.6498503,-15.5861438],[-50.6562374,-15.5751748],[-50.6803992,-15.5744669],[-50.6962666,-15.5430645],[-50.7369832,-15.4941645],[-50.7553484,-15.4903749],[-50.7821582,-15.4867056],[-50.8267374,-15.4707844],[-50.8586509,-15.4982882],[-50.8736508,-15.4975023],[-50.8741524,-15.4797027],[-50.8839559,-15.4710108],[-50.9069851,-15.474124],[-50.9268215,-15.4492939]],[[-50.0023742,-15.3730082],[-50.0142304,-15.3618101],[-50.0188865,-15.3585112],[-50.0243643,-15.3604043],[-50.0394262,-15.3604527],[-50.0448404,-15.3583237]],[[-50.0448404,-15.3583237],[-50.0530087,-15.3662965],[-50.0882323,-15.3657708],[-50.1139304,-15.3709745],[-50.1255141,-15.3798057],[-50.1311246,-15.3963087]],[[-50.1311246,-15.3963087],[-50.1439843,-15.4036967]],[[-50.131429,-15.5800725],[-50.1316045,-15.5836472]],[[-50.0232139,-15.7810312],[-50.0207093,-15.7817115]],[[-49.7500931,-15.6640571],[-49.7426705,-15.6477825]],[[-49.7426705,-15.6477825],[-49.741147,-15.6435111],[-49.7360598,-15.6432195],[-49.7152862,-15.6337506],[-49.7018652,-15.6114202],[-49.7059441,-15.5985177],[-49.6936724,-15.5547159],[-49.7065625,-15.5344008],[-49.7286456,-15.5349564]],[[-49.7286456,-15.5349564],[-49.7332278,-15.5253304]],[[-49.8610655,-15.4497871],[-49.8635099,-15.4101453],[-49.862974,-15.3953755]],[[-49.862974,-15.3953755],[-49.8820916,-15.4020883],[-49.9048077,-15.3847949],[-49.9106171,-15.3712742]],[[-49.9106171,-15.3712742],[-49.9137844,-15.3684196]],[[-49.9137844,-15.3684196],[-49.9191715,-15.3682385],[-49.9382276,-15.3584473],[-49.9900693,-15.3673423],[-50.0023742,-15.3730082]],[[-51.6686673,-18.7791302],[-51.658557,-18.7825159]],[[-50.8279649,-19.3108048],[-50.8188904,-19.2917345],[-50.7859507,-19.2626272],[-50.770439,-19.2609848],[-50.7465327,-19.239907],[-50.7330674,-19.1870299]],[[-51.5277188,-18.5381903],[-51.5527777,-18.523455],[-51.5703325,-18.5264005],[-51.5727764,-18.5108856],[-51.5867337,-18.512913],[-51.5983883,-18.5028323],[-51.6196939,-18.4987325],[-51.6391427,-18.4996431],[-51.6393641,-18.4938595]],[[-51.6393641,-18.4938595],[-51.6457261,-18.4953742],[-51.662637,-18.4961253],[-51.6865033,-18.4813928],[-51.6942755,-18.4869237],[-51.7134168,-18.4753911],[-51.7483377,-18.4718625],[-51.7510545,-18.4695932],[-51.7989199,-18.491312],[-51.7919744,-18.5075993],[-51.8019468,-18.5267327],[-51.7994219,-18.541503],[-51.8163077,-18.5587009],[-51.8462562,-18.572039],[-51.9244196,-18.5412375],[-51.9102541,-18.573572],[-51.9001747,-18.5858479],[-51.8964244,-18.6180986],[-51.8966117,-18.6330699]],[[-49.528419,-16.113461],[-49.5408716,-16.1239888],[-49.5518968,-16.1280995],[-49.568868,-16.1172548],[-49.5773655,-16.1034086],[-49.6077594,-16.1090187],[-49.6199813,-16.1187358],[-49.6370071,-16.1221656],[-49.6414474,-16.1150066]],[[-49.6414474,-16.1150066],[-49.6434745,-16.1158601]],[[-49.7400376,-16.2841298],[-49.735507,-16.2828487]],[[-49.4046416,-16.1949978],[-49.4116731,-16.1741105],[-49.4283112,-16.1672712]],[[-49.4283112,-16.1672712],[-49.4515303,-16.1694912],[-49.4595318,-16.1598432]],[[-49.4595318,-16.1598432],[-49.4751708,-16.1536598],[-49.4885074,-16.1322198],[-49.4993299,-16.1303468],[-49.5011141,-16.1284429],[-49.516841,-16.1260637]],[[-49.516841,-16.1260637],[-49.5235905,-16.1231513],[-49.528419,-16.113461]],[[-49.2429774,-18.1672193],[-49.2505334,-18.1828132]],[[-49.2505334,-18.1828132],[-49.23784,-18.2212773],[-49.2633675,-18.2296518],[-49.2853109,-18.2279991],[-49.2929202,-18.241873],[-49.3270055,-18.2656793],[-49.3273332,-18.2776551],[-49.3419519,-18.2886371],[-49.3641458,-18.2897618],[-49.3821154,-18.3209604],[-49.4026163,-18.3386574],[-49.409001,-18.3408889],[-49.4173922,-18.2900953],[-49.4264255,-18.2826062],[-49.4767842,-18.2720728],[-49.4861463,-18.2432931],[-49.5083856,-18.2142809],[-49.5236748,-18.2112351],[-49.5443242,-18.2171479]],[[-49.5443242,-18.2171479],[-49.5639258,-18.230569]],[[-49.9773657,-18.3593163],[-49.970878,-18.3632945]],[[-49.8434318,-18.4518733],[-49.8244067,-18.4949378],[-49.8136188,-18.4964757]],[[-49.8136188,-18.4964757],[-49.8094092,-18.5007409],[-49.7897791,-18.5011912],[-49.7773109,-18.4955136],[-49.7725876,-18.4957823]],[[-49.7725876,-18.4957823],[-49.7720688,-18.4908924]],[[-49.4745514,-18.4185366],[-49.4665486,-18.4298134],[-49.4212605,-18.446682]],[[-49.4242566,-18.5284461],[-49.4380347,-18.5393115],[-49.4460784,-18.5434417],[-49.4666321,-18.5414037]],[[-49.4861884,-18.5322676],[-49.4854477,-18.5518043],[-49.4777322,-18.5642658],[-49.455975,-18.5778985],[-49.4256801,-18.6152163],[-49.4196212,-18.631603],[-49.4057131,-18.645098],[-49.3850575,-18.6460619],[-49.3752805,-18.6380751],[-49.3438841,-18.5978656],[-49.3274973,-18.5622003],[-49.2934845,-18.564679],[-49.2856353,-18.536312],[-49.2725535,-18.5276366],[-49.2540865,-18.5259333],[-49.2293182,-18.4803786],[-49.1925855,-18.4497216],[-49.2025283,-18.4292342],[-49.1867277,-18.4193944],[-49.1614616,-18.4182148],[-49.1548475,-18.4048896],[-49.1263129,-18.3843143],[-49.1142941,-18.3966736],[-49.0790512,-18.4166711],[-49.0487005,-18.3974989],[-49.0420009,-18.3765077],[-49.0296362,-18.36882],[-49.0059642,-18.374359],[-48.9815012,-18.3563742],[-48.9711389,-18.3304868],[-48.9595022,-18.3234789]],[[-51.3965199,-16.4198119],[-51.3989132,-16.4224147]],[[-51.3751314,-16.4598415],[-51.3704926,-16.4656898]],[[-51.3704926,-16.4656898],[-51.3494389,-16.4766929],[-51.3483527,-16.491666],[-51.3366596,-16.496763],[-51.3174693,-16.522339],[-51.3025812,-16.5313658],[-51.2930785,-16.5623718],[-51.2878798,-16.5990131],[-51.2719904,-16.6152016],[-51.2566641,-16.6166972],[-51.2514612,-16.6508907],[-51.2350024,-16.6735214],[-51.2284704,-16.71043],[-51.2210814,-16.7266378]],[[-51.2210814,-16.7266378],[-51.2155782,-16.7356064]],[[-51.0545756,-16.957216],[-51.0559903,-16.9360793]],[[-51.0559903,-16.9360793],[-51.0561024,-16.8902665],[-51.0515728,-16.8701798],[-51.0571129,-16.8604408],[-51.0079613,-16.8478636],[-50.9855975,-16.8282915],[-50.9730134,-16.8087271],[-50.9711836,-16.7935562],[-50.950042,-16.7925955],[-50.9241542,-16.7834907],[-50.897072,-16.7547193],[-50.849269,-16.726946],[-50.8471502,-16.7157249],[-50.8296062,-16.6886692],[-50.8175741,-16.685828]],[[-50.8175741,-16.685828],[-50.8116889,-16.6953965]],[[-50.7310733,-16.5875602],[-50.7911832,-16.5819453],[-50.8098488,-16.5651023],[-50.7990168,-16.5428879],[-50.8009569,-16.5291652],[-50.8178757,-16.510515],[-50.8365496,-16.512502],[-50.8670467,-16.5042617],[-50.8733807,-16.5180293],[-50.8832128,-16.5271407],[-50.8965703,-16.5254793],[-50.9099874,-16.5261852],[-50.9211576,-16.5246595],[-50.941787,-16.5040484],[-50.9609612,-16.5051607],[-50.97582,-16.4923526],[-50.9782686,-16.4776904]],[[-50.9729696,-16.624641],[-51.0001344,-16.6354703]],[[-51.231936,-16.5046487],[-51.2340172,-16.5044695]],[[-50.2836226,-16.8958033],[-50.2888554,-16.9102158],[-50.2862703,-16.9317723],[-50.2773482,-16.9465277],[-50.2848451,-16.9645708],[-50.2804329,-16.9811155],[-50.2955421,-16.9932084],[-50.2982398,-17.0217549],[-50.2850964,-17.042649],[-50.2900149,-17.0524732],[-50.3084564,-17.0673953],[-50.3055854,-17.0795764],[-50.2901279,-17.0828541],[-50.2980981,-17.0994009],[-50.2737061,-17.1143355],[-50.2945101,-17.139604],[-50.2776562,-17.1439584],[-50.2962377,-17.1818165],[-50.2585942,-17.2112061],[-50.2600375,-17.2249889],[-50.2339251,-17.2378412],[-50.2452984,-17.2712114]],[[-50.0681232,-17.0830664],[-50.08107,-17.0490524],[-50.0661736,-17.0228179],[-50.0606478,-16.9973062],[-50.0344263,-16.9605987],[-50.0429869,-16.9307958],[-50.0690666,-16.9183839],[-50.0913485,-16.9254016],[-50.0880178,-16.936722],[-50.10574,-16.9525177],[-50.1437288,-16.9323676]],[[-50.1437288,-16.9323676],[-50.1562876,-16.9395014],[-50.1762309,-16.9334442],[-50.188101,-16.9213271],[-50.213651,-16.9220624],[-50.2313493,-16.9093084],[-50.2623429,-16.8930075],[-50.2737614,-16.8965995],[-50.2836226,-16.8958033]],[[-49.2802508,-15.4364088],[-49.2879397,-15.4410448]],[[-49.2879397,-15.4410448],[-49.3151937,-15.4925067],[-49.3319229,-15.4840434]],[[-49.3319229,-15.4840434],[-49.3391122,-15.4979668],[-49.378842,-15.495662],[-49.3873939,-15.5024999],[-49.4226426,-15.492676],[-49.4365585,-15.4982991],[-49.4411446,-15.5270535],[-49.4554242,-15.5327015],[-49.487612,-15.5124498],[-49.497096,-15.512878],[-49.5032229,-15.5023821],[-49.5159839,-15.505104],[-49.5177514,-15.4931501],[-49.5281969,-15.4746821],[-49.5360281,-15.4804633],[-49.5369461,-15.4739135],[-49.5451879,-15.4680696]],[[-49.5451879,-15.4680696],[-49.5506687,-15.4698001]],[[-49.5506687,-15.4698001],[-49.5690332,-15.4767917],[-49.5734136,-15.5110818],[-49.5679267,-15.5190017],[-49.5535297,-15.5469011],[-49.5619782,-15.559025],[-49.5590334,-15.5775424],[-49.5578343,-15.5929968],[-49.5596371,-15.6162589],[-49.5577299,-15.622058],[-49.5568348,-15.6354254]],[[-49.6044539,-15.8714773],[-49.608196,-15.8818031]],[[-49.5524798,-15.9665184],[-49.549556,-15.9748047]],[[-49.549556,-15.9748047],[-49.533196,-15.977369]],[[-49.533196,-15.977369],[-49.5084192,-15.9731674],[-49.4665061,-16.0045287]],[[-49.4665061,-16.0045287],[-49.4723913,-15.9655847],[-49.4703686,-15.949641],[-49.4495027,-15.9319797],[-49.4408688,-15.9316979],[-49.3944183,-15.9055868],[-49.3789507,-15.9146144],[-49.3626055,-15.9019741]],[[-49.3626055,-15.9019741],[-49.3427064,-15.8995405],[-49.3319595,-15.8709778],[-49.3401799,-15.8569768],[-49.3248648,-15.8362905],[-49.3101027,-15.8304498],[-49.2914717,-15.8306215],[-49.266042,-15.8281541],[-49.2543264,-15.8164197],[-49.24705,-15.8344133],[-49.2171829,-15.8496084]],[[-49.2171829,-15.8496084],[-49.2173473,-15.8560155]],[[-49.2173473,-15.8560155],[-49.1286973,-15.6242838],[-49.1494469,-15.6158406],[-49.1702814,-15.6274701],[-49.188719,-15.6105291]],[[-49.188719,-15.6105291],[-49.1867239,-15.6024677]],[[-51.9395603,-17.3483689],[-51.9463313,-17.3502898],[-51.9564254,-17.3564817],[-51.962388,-17.3736045]],[[-52.0298038,-17.4910574],[-52.0131113,-17.5013013]],[[-52.0131113,-17.5013013],[-52.0149723,-17.5128914],[-51.9966133,-17.5415969],[-51.9975039,-17.5719705],[-52.0063914,-17.5973847],[-52.0050613,-17.6172555],[-51.9919741,-17.6273674],[-51.9929967,-17.6447992],[-52.0376456,-17.6328308],[-52.0664748,-17.6477187],[-52.0959181,-17.6508951],[-52.146257,-17.6379414],[-52.1622274,-17.643722],[-52.1994781,-17.6382274],[-52.2243931,-17.6394503],[-52.2276451,-17.6403358],[-52.2370323,-17.6334563],[-52.2454815,-17.629946],[-52.2677808,-17.613777],[-52.3064534,-17.5858101]],[[-52.3064534,-17.5858101],[-52.3062288,-17.6122218],[-52.2939206,-17.622015],[-52.25148,-17.6412186],[-52.2413626,-17.6590651],[-52.2215061,-17.6702958],[-52.2130936,-17.6842451],[-52.2362499,-17.7049227],[-52.2309524,-17.7154323],[-52.2436211,-17.7274878],[-52.2361475,-17.7435326],[-52.2192851,-17.7600167],[-52.2307318,-17.7773384],[-52.2639226,-17.7749971],[-52.2752829,-17.7793451],[-52.2670678,-17.7971927],[-52.223422,-17.8126782]],[[-52.223422,-17.8126782],[-52.2152838,-17.8181143],[-52.187647,-17.8290592],[-52.1964511,-17.8391304],[-52.1985286,-17.8528152],[-52.1916137,-17.8622334],[-52.193391,-17.8785978],[-52.2030358,-17.8908162],[-52.1876705,-17.9049165],[-52.1843613,-17.9285787],[-52.1911711,-17.9505451],[-52.1754218,-17.9562683],[-52.1662239,-17.954799],[-52.16139,-17.962223],[-52.1545846,-18.0129357],[-52.1328208,-18.0209247],[-52.1247298,-18.0400321],[-52.1099748,-18.0365742],[-52.0783111,-18.0501067],[-52.0724782,-18.0644275],[-52.0464772,-18.0836989],[-52.0352877,-18.0859072],[-52.020392,-18.1132278],[-52.0268123,-18.1204287],[-52.0202811,-18.1440876],[-52.0001151,-18.1547329],[-51.9786927,-18.1609929],[-51.9558318,-18.1567067],[-51.922281,-18.1567176],[-51.8992291,-18.1367802],[-51.8790081,-18.1389787]],[[-51.8790081,-18.1389787],[-51.8598112,-18.1345584],[-51.8466074,-18.1393334],[-51.8443432,-18.1414039]],[[-51.8443432,-18.1414039],[-51.8434173,-18.1606358],[-51.824585,-18.2111538],[-51.8098898,-18.2069316],[-51.7900609,-18.2259306],[-51.7916729,-18.2353759],[-51.785892,-18.2579656],[-51.7371944,-18.2429771],[-51.7202175,-18.2459613],[-51.7028337,-18.2614388],[-51.6810857,-18.2696385],[-51.6513941,-18.2883983],[-51.6425333,-18.3329654],[-51.6656096,-18.3391907],[-51.6722759,-18.352771],[-51.6682495,-18.3681436],[-51.6537491,-18.3808846],[-51.6457264,-18.4014546],[-51.6505873,-18.4283863],[-51.6304718,-18.4711289],[-51.6393641,-18.4938595]],[[-51.155422,-18.1320294],[-51.1556867,-18.1258244]],[[-51.1556867,-18.1258244],[-51.1637758,-18.1083683],[-51.1555797,-18.1038493],[-51.1719932,-18.0625708],[-51.1899381,-18.0539236],[-51.1915265,-18.0276597],[-51.213189,-18.0039887],[-51.2089195,-17.9853873],[-51.2312759,-17.9443274],[-51.2322998,-17.9435016],[-51.2316955,-17.9308279],[-51.2328565,-17.9217195],[-51.2342743,-17.9215411],[-51.2291933,-17.9126653],[-51.2420772,-17.8857594],[-51.2586031,-17.8813887],[-51.2792734,-17.8886911],[-51.2859685,-17.8635362],[-51.325185,-17.8608448],[-51.3297498,-17.8687627],[-51.3533231,-17.8748684],[-51.3954692,-17.8528667],[-51.4189935,-17.8441955],[-51.4245215,-17.8213724],[-51.4442464,-17.814119],[-51.45416,-17.7995697],[-51.4581128,-17.7689423],[-51.4918066,-17.7481572],[-51.5113874,-17.7478565],[-51.5233046,-17.7322519],[-51.5358608,-17.7325],[-51.5636659,-17.7150957],[-51.5970796,-17.680374],[-51.6238073,-17.6721822],[-51.6312525,-17.6681005],[-51.6327486,-17.6449509],[-51.6298017,-17.6390376],[-51.6075287,-17.6030117],[-51.624971,-17.59634],[-51.6490839,-17.5786168],[-51.6612244,-17.5597396],[-51.6687227,-17.55621],[-51.6768366,-17.5560235],[-51.6997223,-17.5286866],[-51.6992206,-17.5153713],[-51.694803,-17.5005018],[-51.7254956,-17.4813596],[-51.7268644,-17.4492189],[-51.7207468,-17.4164959],[-51.7316696,-17.380301],[-51.7226382,-17.3684949],[-51.7180503,-17.3622293],[-51.7151054,-17.3210104],[-51.7040749,-17.2972176],[-51.6953642,-17.2883211],[-51.6887236,-17.2757289]],[[-51.6887236,-17.2757289],[-51.7009517,-17.275573]],[[-51.7125543,-17.2801417],[-51.7231917,-17.2825434],[-51.7264169,-17.2810151],[-51.7309468,-17.2753234],[-51.7370002,-17.2710058]],[[-51.2016362,-16.0304233],[-51.2115706,-16.0309208]],[[-51.2115706,-16.0309208],[-51.20322,-16.0682433]],[[-51.20322,-16.0682433],[-51.1988513,-16.0744523]],[[-51.1308031,-16.2418909],[-51.119549,-16.2655686]],[[-51.1193255,-16.3038612],[-51.1092936,-16.3071185]],[[-50.9052077,-16.210009],[-50.9119085,-16.197172]],[[-49.4665061,-16.0045287],[-49.4443134,-16.0121908],[-49.432233,-16.0325561],[-49.4051184,-16.0265477]],[[-49.4051184,-16.0265477],[-49.3996732,-16.0042521]],[[-49.3996732,-16.0042521],[-49.3759164,-15.9917228],[-49.3666947,-16.0050514]],[[-49.3666947,-16.0050514],[-49.36597,-16.0056756]],[[-49.36597,-16.0056756],[-49.3606716,-15.9939781],[-49.3590698,-15.9710128],[-49.364735,-15.954873],[-49.3477074,-15.9396688],[-49.3628087,-15.915531],[-49.3626055,-15.9019741]],[[-49.5087602,-17.750598],[-49.5338442,-17.7371327],[-49.5466759,-17.715577],[-49.5628968,-17.7430275],[-49.5564065,-17.7758787],[-49.5732278,-17.7749625],[-49.599346,-17.7578461],[-49.6136234,-17.7541091],[-49.6458673,-17.7238514],[-49.6551496,-17.7100937],[-49.6941746,-17.6869776]],[[-49.6941746,-17.6869776],[-49.7028101,-17.7016189],[-49.7301984,-17.7232475],[-49.7334818,-17.7569726],[-49.7094284,-17.7838821],[-49.6841726,-17.8078022],[-49.7789291,-17.7769527],[-49.7850672,-17.797423],[-49.7724789,-17.8262971],[-49.7832604,-17.8401722],[-49.7831197,-17.8860133]],[[-49.4541139,-17.8508923],[-49.4473672,-17.8371446],[-49.4396474,-17.8205553],[-49.4419771,-17.8053957],[-49.4488648,-17.7972556],[-49.4244523,-17.7656245],[-49.4238147,-17.7547758],[-49.4417831,-17.7491642],[-49.4447326,-17.750387]],[[-49.4447326,-17.750387],[-49.4739242,-17.7484979]],[[-51.3577269,-14.9998156],[-51.3769297,-15.0102626],[-51.4017387,-15.0028534],[-51.4269632,-15.0076659],[-51.4441342,-15.0345996],[-51.4620029,-15.0479797],[-51.4978941,-15.0571337],[-51.5187703,-15.0568422],[-51.5341081,-15.0652022],[-51.5468907,-15.1004651],[-51.5640798,-15.1086091],[-51.5863887,-15.1335699],[-51.5926616,-15.1523609],[-51.6061345,-15.162297],[-51.649292,-15.174675],[-51.6507182,-15.2033039],[-51.6681964,-15.2321668],[-51.668793,-15.2546151],[-51.6531034,-15.2539171],[-51.6506993,-15.2730935],[-51.6797381,-15.290064],[-51.6914677,-15.3249149],[-51.6873706,-15.3468505],[-51.6734931,-15.3576507],[-51.669531,-15.374421],[-51.6855954,-15.3893768],[-51.6976353,-15.4151402],[-51.6912771,-15.4258682],[-51.7092675,-15.461628],[-51.6989667,-15.4849292]],[[-51.6989667,-15.4849292],[-51.6479928,-15.5074375],[-51.6356882,-15.5247092],[-51.6381656,-15.5348057],[-51.6359707,-15.5394248],[-51.6510006,-15.5613238],[-51.633445,-15.5653876],[-51.6180528,-15.5839176],[-51.59588,-15.5765057],[-51.5894638,-15.5957152],[-51.5794945,-15.6006455],[-51.5822766,-15.6194698],[-51.5786079,-15.6482446],[-51.5625521,-15.6517728],[-51.576104,-15.6864705],[-51.5747422,-15.6929218],[-51.5747253,-15.7043619],[-51.5339657,-15.717255],[-51.5278058,-15.7257556],[-51.5429385,-15.7730921],[-51.5221368,-15.8121025],[-51.4989337,-15.8101726],[-51.4691066,-15.8314655],[-51.4629407,-15.8535525],[-51.428605,-15.8474236],[-51.4239686,-15.8757164],[-51.3878851,-15.9105501],[-51.3796041,-15.9234225],[-51.3724377,-15.9356073],[-51.359035,-15.9397256],[-51.3313536,-15.9253986],[-51.3174122,-15.935057],[-51.3004114,-15.9596106],[-51.2832673,-15.9583128],[-51.264573,-15.9749309]],[[-51.264573,-15.9749309],[-51.25744,-15.9693828]],[[-50.8214371,-16.0211816],[-50.8133783,-16.0232265],[-50.8002934,-16.0057054],[-50.7953466,-15.9959825]],[[-50.7953466,-15.9959825],[-50.7854068,-15.9965039],[-50.7802637,-15.9681672],[-50.7939355,-15.9461529],[-50.77352,-15.9394855],[-50.7736839,-15.9291818]],[[-50.7736839,-15.9291818],[-50.773041,-15.9221853]],[[-50.998181,-15.7149248],[-50.9898535,-15.7312211],[-50.9939883,-15.7418741],[-50.9969318,-15.7529078],[-51.0034293,-15.7682066],[-51.0046038,-15.7777745],[-51.0267094,-15.7851207],[-51.0457957,-15.8000118],[-51.0574952,-15.8444078],[-51.0486618,-15.866229],[-51.0567665,-15.8796834],[-51.1189401,-15.9078642],[-51.1297582,-15.8914648],[-51.1235441,-15.8705043],[-51.1328796,-15.862016],[-51.1343541,-15.841178],[-51.1556036,-15.8196401],[-51.1571896,-15.7982667],[-51.2035194,-15.8034522],[-51.2116526,-15.7976597],[-51.2380216,-15.8074501],[-51.2834512,-15.7847519],[-51.3256049,-15.7520604],[-51.3313291,-15.7398507],[-51.3569695,-15.7262024],[-51.3774335,-15.7274873],[-51.3880194,-15.7045975],[-51.4051051,-15.6845675],[-51.429631,-15.6732415],[-51.4373511,-15.6554539],[-51.4377986,-15.6263359],[-51.4449953,-15.6076323],[-51.4095464,-15.6132653],[-51.3987624,-15.6289011],[-51.388325,-15.6276612],[-51.3821283,-15.6044723],[-51.3713834,-15.5972375],[-51.3200571,-15.6244438],[-51.2423281,-15.6774043],[-51.1727928,-15.6518386],[-51.2186028,-15.6043406],[-51.2435713,-15.5414562],[-51.2317136,-15.4841662]],[[-51.4483501,-19.1604009],[-51.4393851,-19.1710934],[-51.4197456,-19.1665752],[-51.4087312,-19.1843117],[-51.3926331,-19.1962778],[-51.3698727,-19.2000628],[-51.3639605,-19.222506],[-51.3448675,-19.2139068],[-51.3370336,-19.2222874],[-51.3076456,-19.2178764],[-51.2978876,-19.2386039],[-51.2759732,-19.2611265],[-51.2573458,-19.2664855],[-51.2291436,-19.2652102],[-51.1876418,-19.2689996],[-51.1691682,-19.2869631],[-51.1432251,-19.2870724],[-51.1265369,-19.3032868],[-51.0920012,-19.3076266]],[[-48.8399099,-16.655557],[-48.8188549,-16.6508464],[-48.8057201,-16.6330195],[-48.7857178,-16.6315123],[-48.7234716,-16.6865023],[-48.7188276,-16.6765771],[-48.7179715,-16.629248],[-48.7271339,-16.6044772],[-48.755123,-16.6056507],[-48.7857762,-16.5876996],[-48.7955811,-16.5584437],[-48.8044466,-16.562068],[-48.8402752,-16.502607],[-48.8648207,-16.4864574],[-48.868886,-16.4673193],[-48.8628869,-16.4543286],[-48.8830829,-16.4422025],[-48.9003067,-16.4184324]],[[-48.9003067,-16.4184324],[-48.9974004,-16.486315],[-48.9982121,-16.4876155],[-48.9967742,-16.4881577]],[[-48.9968518,-16.5256545],[-48.9980328,-16.5293124]],[[-49.008109,-16.6548114],[-49.0096143,-16.6635247]],[[-48.8548851,-16.6524399],[-48.8399099,-16.655557]],[[-47.9595617,-16.1084015],[-47.9668318,-16.1107719]],[[-47.9668318,-16.1107719],[-47.9690882,-16.1113529],[-47.969636,-16.126781],[-47.9947477,-16.1308922]],[[-47.9947477,-16.1308922],[-48.0012305,-16.1411482]],[[-48.0012305,-16.1411482],[-48.0089426,-16.1604926],[-48.0169302,-16.1715746],[-48.0203057,-16.1857558],[-48.0290425,-16.2032918]],[[-48.0290425,-16.2032918],[-48.14205,-16.1703109],[-48.1445458,-16.1747733]],[[-48.1445458,-16.1747733],[-48.1501305,-16.1795262],[-48.1594624,-16.1958426],[-48.1614105,-16.1961199],[-48.1701076,-16.2111586],[-48.1917149,-16.2630813],[-48.1937126,-16.2801652],[-48.2035205,-16.2934469],[-48.1992457,-16.3083118],[-48.2208572,-16.3224439],[-48.2410203,-16.3243926],[-48.2524384,-16.3132873],[-48.2606628,-16.3147076],[-48.2610195,-16.3217179],[-48.2731344,-16.3226466],[-48.297633,-16.3126874],[-48.3067473,-16.3211661],[-48.3244387,-16.3173496]],[[-48.3742171,-16.3100434],[-48.3811865,-16.3137668]],[[-48.3811865,-16.3137668],[-48.3894086,-16.3208964],[-48.4027202,-16.3405626],[-48.3999692,-16.3513179],[-48.4003809,-16.369626],[-48.4014588,-16.3827362],[-48.3935781,-16.3861848],[-48.3760765,-16.3988099],[-48.3586614,-16.4015491],[-48.3416071,-16.4441483],[-48.3277152,-16.453149],[-48.305797,-16.453154],[-48.2994675,-16.471163],[-48.2653232,-16.4974197],[-48.257548,-16.5296099],[-48.2443839,-16.556281],[-48.2291616,-16.6023476],[-48.1952183,-16.6413952],[-48.1897731,-16.6778627],[-48.1947174,-16.7350037]],[[-48.1947174,-16.7350037],[-48.1924049,-16.7369445]],[[-48.1924049,-16.7369445],[-48.1686063,-16.7329568],[-48.1462417,-16.7426742],[-48.1247418,-16.7410675],[-48.1052169,-16.7483132],[-48.101885,-16.7657088],[-48.0902125,-16.7747418],[-48.0816069,-16.7961679],[-48.0782425,-16.805994],[-48.0839083,-16.8322921],[-48.078155,-16.8427062],[-48.0852198,-16.8601091],[-48.0783747,-16.8796063],[-48.0896586,-16.8911224],[-48.0801748,-16.9041457],[-48.079352,-16.9287464],[-48.0666026,-16.9324886],[-48.0352408,-16.9215961],[-48.0268055,-16.9257506],[-48.0065464,-16.9344882],[-48.0018226,-16.9516014],[-47.919491,-17.004276]],[[-47.7320427,-16.166136],[-47.7353194,-16.1813736]],[[-49.4578392,-17.1599532],[-49.4630791,-17.1658394],[-49.4740302,-17.1637566],[-49.4841786,-17.15975],[-49.4923915,-17.1599149]],[[-49.4923915,-17.1599149],[-49.5091454,-17.1531489],[-49.5169565,-17.1580438],[-49.5487543,-17.1798476],[-49.5640586,-17.2020834],[-49.5837586,-17.2067657],[-49.6036438,-17.2283717],[-49.6198939,-17.2280328]],[[-49.6173665,-17.2912028],[-49.6156466,-17.2978715]],[[-49.6156466,-17.2978715],[-49.6012881,-17.2995059],[-49.5890916,-17.3051155],[-49.5539757,-17.3306344],[-49.5177439,-17.3454904],[-49.5146749,-17.3539965],[-49.4778391,-17.3356222],[-49.4456096,-17.3291331]],[[-49.4456096,-17.3291331],[-49.3096399,-17.5007119]],[[-49.3096399,-17.5007119],[-49.3019524,-17.50702]],[[-49.3019524,-17.50702],[-49.2993941,-17.5061036],[-49.2906719,-17.5028159],[-49.2837851,-17.4901106],[-49.2833915,-17.4786933]],[[-49.2833915,-17.4786933],[-49.2802533,-17.466083]],[[-49.2802533,-17.466083],[-49.2940632,-17.4571835],[-49.2988078,-17.4220003],[-49.3041701,-17.4108072],[-49.2930348,-17.3975155],[-49.2999148,-17.379439]],[[-49.2999148,-17.379439],[-49.3006963,-17.3738338]],[[-46.0209526,-14.669919],[-45.989515,-14.658845],[-45.9920312,-14.6402112],[-45.9843987,-14.6218787],[-45.9978884,-14.6035777],[-45.9852551,-14.5781326],[-45.9913237,-14.5651792],[-45.9814491,-14.5318979],[-46.0039971,-14.5145895],[-45.9932509,-14.4979104],[-45.996085,-14.488406],[-46.0190031,-14.4720712],[-46.0000734,-14.4466222],[-46.0036893,-14.4254522],[-45.9758064,-14.434248],[-45.9489167,-14.4152821],[-45.9326429,-14.4098593],[-45.92244,-14.3828406],[-45.9112628,-14.3756423],[-45.9071553,-14.3551898],[-45.9422146,-14.343255],[-45.9570512,-14.3213986],[-45.9644033,-14.2843113],[-45.9818404,-14.2735088],[-45.9975623,-14.2777558],[-45.9954281,-14.2561577],[-46.0295909,-14.2595295],[-46.0333003,-14.2476794],[-46.0529365,-14.244791],[-46.0600912,-14.231918]],[[-46.0600912,-14.231918],[-46.0742865,-14.2491817],[-46.0773917,-14.2533828],[-46.0884232,-14.2681221],[-46.1027115,-14.2699938],[-46.1250372,-14.2607775],[-46.1408505,-14.2594296],[-46.1497726,-14.2616851],[-46.1609847,-14.2743154],[-46.1842214,-14.2745429],[-46.1912483,-14.293545]],[[-46.1912483,-14.293545],[-46.1908341,-14.2990877]],[[-46.1996162,-14.4546824],[-46.1959728,-14.4553417]],[[-49.6565626,-13.8554421],[-49.6686228,-13.839932],[-49.6740007,-13.8381335],[-49.6834789,-13.8448356],[-49.6847784,-13.8472097],[-49.6962544,-13.8494603]],[[-49.7213994,-13.8586282],[-49.730952,-13.8614272],[-49.7433675,-13.8572781],[-49.7589708,-13.8482441]],[[-49.8206965,-13.9067421],[-49.8341445,-13.9042131]],[[-49.8341445,-13.9042131],[-49.8250914,-13.935305]],[[-49.8250914,-13.935305],[-49.8176717,-13.9413007],[-49.8181496,-13.9507227]],[[-49.8181496,-13.9507227],[-49.8030286,-13.9596981],[-49.8053694,-13.978187],[-49.7929197,-14.0075121],[-49.7869547,-14.0031538],[-49.7844232,-14.0043903],[-49.773425,-14.0134702],[-49.7696166,-14.0297319],[-49.746124,-14.0465992],[-49.7536167,-14.0710225],[-49.7500589,-14.0851147],[-49.7449743,-14.0825792]],[[-49.7449743,-14.0825792],[-49.7465638,-14.0718156]],[[-49.597727,-14.1322945],[-49.5836771,-14.1124949]],[[-49.2786657,-14.2200665],[-49.2714763,-14.2177919],[-49.2623903,-14.2118691]],[[-49.2623903,-14.2118691],[-49.2383066,-14.1807606],[-49.2410852,-14.149397],[-49.2267251,-14.1304052],[-49.2172739,-14.1026082],[-49.2060767,-14.0953033],[-49.1855591,-14.109583]],[[-49.1855591,-14.109583],[-49.1808842,-14.1177629],[-49.177033,-14.1304793]],[[-49.177033,-14.1304793],[-49.175751,-14.1292877]],[[-49.1752457,-14.1259313],[-49.1825503,-14.1115323],[-49.1837266,-14.10044],[-49.1800015,-14.0866949]],[[-49.1337491,-14.0185078],[-49.1203049,-14.0193392],[-49.1130598,-14.0068419]],[[-49.0229702,-13.8916951],[-49.0238847,-13.8900427]],[[-49.1373324,-13.8674125],[-49.1393601,-13.8614487]],[[-49.1393601,-13.8614487],[-49.2244988,-13.8653006]],[[-48.7144174,-17.8482218],[-48.7184756,-17.8446567]],[[-48.7184756,-17.8446567],[-48.7083952,-17.9010558],[-48.7133694,-17.9064227],[-48.7330322,-17.9221404],[-48.7567257,-17.9269537],[-48.7653606,-17.9345835]],[[-50.7921818,-15.0254762],[-50.7955754,-15.0354987]],[[-51.0546929,-15.263535],[-51.06216,-15.2653923]],[[-50.5269858,-15.5571533],[-50.5179616,-15.5448898]],[[-50.7310438,-15.26162],[-50.7314064,-15.2526367],[-50.7287926,-15.2495384]],[[-50.4410395,-17.9410751],[-50.4676244,-17.9518659]],[[-50.4676244,-17.9518659],[-50.4694845,-17.9769793],[-50.4807682,-18.0003242],[-50.5074031,-18.0183979],[-50.4381018,-18.0510133],[-50.4384944,-18.0642423],[-50.4277417,-18.0941606],[-50.3784329,-18.153998],[-50.3682274,-18.1536138],[-50.355152,-18.1588809]],[[-50.355152,-18.1588809],[-50.3526778,-18.1574441]],[[-50.1876509,-18.0604018],[-50.1997988,-18.0468752]],[[-50.1997988,-18.0468752],[-50.2064566,-18.0366836],[-50.2173982,-18.0290942]],[[-50.2173982,-18.0290942],[-50.2272628,-18.0129168],[-50.2429634,-18.0258992]],[[-50.2429634,-18.0258992],[-50.2510101,-18.031647],[-50.290882,-18.030129],[-50.2958725,-18.0229055]],[[-50.2958725,-18.0229055],[-50.2832827,-18.0045828],[-50.3252662,-17.9860137],[-50.3282929,-17.9699055],[-50.3405547,-17.9541276]],[[-50.3405547,-17.9541276],[-50.3472122,-17.9441935]],[[-50.3472122,-17.9441935],[-50.3680624,-17.9437812],[-50.3828026,-17.9326407],[-50.3925441,-17.9300198],[-50.417543,-17.941197],[-50.4410395,-17.9410751]],[[-48.6109694,-15.0024664],[-48.6012729,-15.0107569]],[[-48.6012729,-15.0107569],[-48.609335,-15.0187177],[-48.6376677,-15.0234631],[-48.6440293,-15.0297815],[-48.6557421,-15.0576787],[-48.6454443,-15.0902821],[-48.6488344,-15.1049401],[-48.6324443,-15.1091019],[-48.6142744,-15.154947]],[[-48.6142744,-15.154947],[-48.6074383,-15.1524796]],[[-48.6074383,-15.1524796],[-48.5893285,-15.1535162],[-48.5777214,-15.1633764],[-48.5719711,-15.1702065],[-48.5479624,-15.1670567],[-48.5326847,-15.1635646],[-48.4995817,-15.1522556],[-48.4902699,-15.1255016],[-48.4766923,-15.1165305],[-48.4626384,-15.1055473],[-48.4285147,-15.0965589],[-48.422526,-15.0865647],[-48.4158781,-15.0998679],[-48.3830799,-15.0983743],[-48.3675876,-15.0930601],[-48.3284511,-15.1023999],[-48.3061868,-15.0995406],[-48.2729897,-15.1065986],[-48.2638285,-15.1188752],[-48.2462486,-15.1265208],[-48.2369041,-15.1281914],[-48.2296251,-15.1244262],[-48.1992149,-15.1275267],[-48.1820723,-15.1410013],[-48.1552132,-15.134805],[-48.1401861,-15.1400944],[-48.1344107,-15.1379101],[-48.1316068,-15.1361445],[-48.1172276,-15.1520484],[-48.1083292,-15.1467174]],[[-48.1083292,-15.1467174],[-48.0983808,-15.1423125],[-48.0912105,-15.1357478]],[[-48.0788532,-14.8987961],[-48.0776289,-14.8950629]],[[-48.0776289,-14.8950629],[-48.0799587,-14.8923845],[-48.0866553,-14.8861227]],[[-48.0866553,-14.8861227],[-48.0821631,-14.8733953],[-48.0935769,-14.8549826],[-48.114856,-14.8497073],[-48.1339649,-14.8463124],[-48.180074,-14.8501996],[-48.2040964,-14.8635947],[-48.2368546,-14.8809077],[-48.2566856,-14.8730678],[-48.2920504,-14.8969126],[-48.3251573,-14.8991791],[-48.3389104,-14.9114608],[-48.3517877,-14.9079895],[-48.3859099,-14.944642],[-48.4119109,-14.9355959],[-48.422045,-14.9374255],[-48.4487484,-14.9572642],[-48.4619658,-14.9574911],[-48.4797731,-14.9719912],[-48.481356,-14.9878445],[-48.5003547,-14.9846499],[-48.5100815,-15.0123203],[-48.522081,-15.0177509],[-48.5471666,-15.0066628],[-48.5562441,-15.0148083],[-48.5725234,-15.0008125],[-48.5874369,-14.997727],[-48.605991,-14.9902798],[-48.6109694,-15.0024664]],[[-48.1719912,-13.3110217],[-48.1704372,-13.301733],[-48.1658882,-13.2925339],[-48.1532145,-13.2783113],[-48.1571961,-13.2500059],[-48.1667655,-13.2325899],[-48.1543121,-13.2210279],[-48.1659237,-13.1892998],[-48.1559808,-13.1780289],[-48.1529748,-13.1561787],[-48.1797662,-13.1515657],[-48.1963927,-13.16234],[-48.193604,-13.1730343],[-48.2307606,-13.1712946],[-48.2447494,-13.1926502],[-48.2625454,-13.1976362],[-48.2920688,-13.2199679],[-48.3304857,-13.232927],[-48.3402628,-13.2303759],[-48.3621149,-13.2429505],[-48.3854841,-13.2662822],[-48.402578,-13.2714394],[-48.430047,-13.2711776],[-48.435071,-13.2901429],[-48.4577023,-13.2824783],[-48.458876,-13.2523081],[-48.476282,-13.2300904],[-48.4723679,-13.2010499],[-48.4772668,-13.1788007],[-48.4684225,-13.1601638],[-48.4701744,-13.1458577],[-48.4946538,-13.1368825],[-48.5173926,-13.1463231],[-48.5296886,-13.1914152],[-48.5536572,-13.2032764],[-48.5503175,-13.2298481],[-48.5554078,-13.2424233],[-48.5535925,-13.3026334],[-48.5702434,-13.3022195],[-48.58008,-13.3132604]],[[-48.58008,-13.3132604],[-48.5714706,-13.3242175],[-48.5709346,-13.3489469],[-48.5649392,-13.3585055],[-48.5605219,-13.389535]],[[-48.5605219,-13.389535],[-48.5797148,-13.4106959],[-48.5406081,-13.4553477],[-48.5506617,-13.4576019],[-48.5615241,-13.4535113],[-48.5706607,-13.4596413],[-48.5850794,-13.4850261],[-48.584328,-13.501917],[-48.615019,-13.533933],[-48.6427983,-13.5688166],[-48.6478952,-13.5809776],[-48.6848008,-13.5969381],[-48.6930897,-13.6105914],[-48.6988625,-13.6370061]],[[-48.6988625,-13.6370061],[-48.7017081,-13.6389413]],[[-48.6613247,-13.6442091],[-48.6645245,-13.6371808]],[[-48.3595505,-13.8362995],[-48.3614889,-13.8478193],[-48.3594067,-13.8516937],[-48.3458832,-13.8626443]],[[-48.1378528,-13.7534955],[-48.1374391,-13.7323772],[-48.1460433,-13.7027232]],[[-48.122318,-13.6346136],[-48.1181028,-13.6196958]],[[-52.838486,-18.4236325],[-52.8753265,-18.4287367],[-52.8809573,-18.4654927],[-52.8990952,-18.4768327],[-52.9157605,-18.5089029],[-52.942511,-18.5170307],[-52.9623514,-18.5408197],[-52.9518167,-18.5766716],[-52.9344536,-18.5991122],[-52.9406221,-18.6114954],[-52.9176575,-18.6152409],[-52.9167596,-18.6402946],[-52.873406,-18.6458659]],[[-52.8323691,-16.7721562],[-52.8594506,-16.7685953],[-52.8673404,-16.7812416],[-52.8844177,-16.7764073],[-52.8927581,-16.7940898],[-52.9077241,-16.8100875],[-52.9273985,-16.8186377],[-52.9253395,-16.8374786]],[[-52.9253395,-16.8374786],[-52.9215733,-16.8333201],[-52.9205356,-16.840752],[-52.9160104,-16.8691903],[-52.9261211,-16.8820195],[-52.9212895,-16.9046712],[-52.9100939,-16.9302269],[-52.916343,-16.9455197],[-52.94693,-16.9474233],[-52.9636745,-16.9804162],[-52.9527303,-17.0066431],[-52.9536182,-17.0344573],[-52.9697661,-17.0533608],[-52.9715984,-17.0722986],[-52.9671464,-17.0748437],[-52.9662327,-17.0851566],[-52.9431183,-17.1179856],[-52.9372025,-17.1385651],[-52.9229806,-17.1504516],[-52.9145683,-17.1893215],[-52.9274247,-17.2162145],[-52.9087183,-17.2441206],[-52.8932603,-17.250408],[-52.8838456,-17.2694464]],[[-52.8838456,-17.2694464],[-52.8883996,-17.2866467],[-52.899497,-17.2891986]],[[-52.899497,-17.2891986],[-52.9322658,-17.3060648],[-52.9673441,-17.3088242],[-52.9720976,-17.3168812],[-53.003757,-17.3316959],[-53.0233986,-17.3462561],[-53.0376758,-17.3490013],[-53.048346,-17.3650887],[-53.049484,-17.3635393],[-53.0548751,-17.3636389],[-53.0603772,-17.3700062],[-53.0727675,-17.3702827],[-53.087599,-17.3642156],[-53.0931775,-17.3683047],[-53.0796273,-17.3943565],[-53.0888158,-17.3993587],[-53.1022928,-17.4303481],[-53.102847,-17.453687],[-53.135824,-17.5037865],[-53.1480093,-17.5028978],[-53.1720161,-17.5148854],[-53.1808195,-17.5410331],[-53.1819558,-17.5535427],[-53.0700587,-17.6653874],[-53.1178751,-17.6650111],[-53.1320657,-17.6497697],[-53.1584639,-17.6494956],[-53.1964808,-17.6133052],[-53.2244911,-17.6137433],[-53.2285191,-17.6081856],[-53.2387109,-17.6045715]],[[-53.2387109,-17.6045715],[-53.2483442,-17.6421667],[-53.2429512,-17.6716129],[-53.2366639,-17.6794998],[-53.2337892,-17.7130374],[-53.2021732,-17.7259884],[-53.186087,-17.7480597],[-53.172069,-17.7569311],[-53.1553716,-17.7852182],[-53.159894,-17.7960312],[-53.1337961,-17.8324855],[-53.135743,-17.8756462],[-53.1227249,-17.8982747],[-53.1248223,-17.918015],[-53.1047187,-17.9276243],[-53.071315,-17.9659132],[-53.0647494,-17.9845366],[-53.0736476,-18.0229657],[-53.0757114,-18.0507954],[-53.1029674,-18.0588463],[-53.1236517,-18.0588283],[-53.138797,-18.0702315],[-53.1431526,-18.0840776],[-53.1367112,-18.1185249],[-53.1290165,-18.1384845],[-53.1297381,-18.1607025],[-53.1101876,-18.2195633],[-53.107513,-18.2601411],[-53.1020397,-18.2726203],[-53.0996557,-18.3136191],[-53.0699358,-18.3428798],[-53.0445358,-18.3439222],[-53.0278517,-18.351596],[-53.0139382,-18.3261391],[-52.9790983,-18.3047162],[-52.9541754,-18.2965785],[-52.9352301,-18.2965543],[-52.8732067,-18.3148335],[-52.8207908,-18.3107249]],[[-52.7846197,-18.0713756],[-52.7252621,-17.9927792],[-52.7163132,-17.975997],[-52.6988709,-17.9733253],[-52.6684588,-17.9811232],[-52.6614238,-17.961072],[-52.6224527,-17.9408665],[-52.5920544,-17.9298824],[-52.5810629,-17.9132688],[-52.5433715,-17.9045177],[-52.4993485,-17.9141761],[-52.4820853,-17.901955],[-52.4594528,-17.8771538],[-52.4278412,-17.8707387],[-52.4030334,-17.8474669],[-52.3961162,-17.8307908],[-52.3508956,-17.8486593],[-52.3141754,-17.8307244],[-52.2620296,-17.8439508],[-52.2368664,-17.8169355],[-52.223422,-17.8126782]],[[-52.3064534,-17.5858101],[-52.3018624,-17.5692708],[-52.3308752,-17.5366282],[-52.3493145,-17.5232232],[-52.3635641,-17.5242192],[-52.3795063,-17.4840172],[-52.3764759,-17.4742897],[-52.3540372,-17.4488533],[-52.3524829,-17.4307177],[-52.3695112,-17.4166143],[-52.3870608,-17.414217],[-52.416174,-17.4232228],[-52.4221749,-17.4266992],[-52.4272808,-17.4256556],[-52.4373962,-17.4252763],[-52.4613052,-17.4055195],[-52.480451,-17.4094483],[-52.5112928,-17.3768907],[-52.5284787,-17.3706478],[-52.5155584,-17.3518899]],[[-52.5155584,-17.3518899],[-52.4999771,-17.3403261],[-52.4854231,-17.3390883]],[[-52.4854231,-17.3390883],[-52.4782816,-17.3231803],[-52.4546369,-17.3275511],[-52.4296172,-17.3221085],[-52.3998976,-17.3342139],[-52.378447,-17.327798],[-52.3470579,-17.3345336],[-52.3294423,-17.3330516],[-52.3161435,-17.3435316],[-52.2924791,-17.3512399],[-52.2885902,-17.3747629],[-52.2679194,-17.3967047],[-52.2487948,-17.4005427],[-52.2456769,-17.3958864],[-52.2327855,-17.3899841],[-52.2117052,-17.4062093],[-52.2190912,-17.4133375],[-52.1922267,-17.4380219],[-52.1721139,-17.4386739],[-52.1566423,-17.428126],[-52.1175373,-17.4121993],[-52.1120349,-17.4154085],[-52.1019794,-17.4102438]],[[-52.1019794,-17.4102438],[-52.0987527,-17.4009766]],[[-52.4010268,-17.2614586],[-52.4129373,-17.2769684]],[[-52.6864748,-17.2025288],[-52.6786435,-17.2062447],[-52.6758407,-17.2119528],[-52.6745924,-17.2195619],[-52.6477282,-17.2406765],[-52.6352038,-17.2635951],[-52.6337922,-17.2879653],[-52.6211906,-17.3120573],[-52.6042599,-17.3302772],[-52.5765061,-17.3366012],[-52.562366,-17.3327984],[-52.5200873,-17.343286],[-52.553449,-17.403188],[-52.597534,-17.4091855],[-52.603567,-17.4277561],[-52.6277283,-17.4606537],[-52.6639807,-17.4482345],[-52.6847276,-17.4493203],[-52.7287889,-17.4323755],[-52.7358701,-17.4236624],[-52.7635008,-17.4198499],[-52.7897643,-17.4255317],[-52.8452619,-17.4283832],[-52.8647323,-17.4473844],[-52.8850651,-17.4770706],[-52.8935683,-17.4125655],[-52.8619317,-17.3980152],[-52.8491796,-17.3828063],[-52.8244304,-17.3638967],[-52.8209223,-17.3527543],[-52.8040383,-17.3408114],[-52.8020342,-17.3176263],[-52.8159011,-17.2967749],[-52.8054017,-17.2828373],[-52.7856222,-17.2803969],[-52.7712745,-17.2626672],[-52.7426778,-17.2454578],[-52.7396484,-17.234319],[-52.7214634,-17.2174735],[-52.6970308,-17.2161977],[-52.6906269,-17.2057971],[-52.6864748,-17.2025288]],[[-50.9155472,-16.4074674],[-50.9199596,-16.4001195],[-50.9278808,-16.3959851],[-50.9387921,-16.4010612]],[[-50.6819343,-16.616639],[-50.6604182,-16.6119338]],[[-50.6019721,-16.5219749],[-50.6055339,-16.5000145]],[[-50.674362,-16.407787],[-50.6893177,-16.4159937]],[[-50.6931112,-16.4139587],[-50.705066,-16.4217944]],[[-46.7111945,-13.0921589],[-46.7135345,-13.1031919],[-46.7188404,-13.1044615],[-46.7313997,-13.1024451]],[[-46.8498944,-13.0711125],[-46.8661091,-13.0689218],[-46.8912266,-13.0521971],[-46.9275007,-13.0897505],[-46.9540417,-13.1088341],[-46.9791473,-13.1218422],[-47.0053109,-13.1265186],[-47.0078393,-13.1386366],[-47.0425302,-13.1487601],[-47.0475056,-13.1567452],[-47.0712409,-13.1589459],[-47.0854035,-13.1717336],[-47.1321165,-13.1778641],[-47.1335041,-13.1993901],[-47.1539664,-13.2102795],[-47.169257,-13.2107336],[-47.1969246,-13.1936844],[-47.2301242,-13.1950591],[-47.2337786,-13.205155],[-47.2523793,-13.2126088],[-47.2482667,-13.2278975],[-47.2683979,-13.2374476],[-47.281836,-13.2650292],[-47.3036792,-13.2487443],[-47.3237017,-13.2582595],[-47.3381852,-13.2463509],[-47.3555134,-13.2428972],[-47.3797227,-13.2306025],[-47.394499,-13.2462665],[-47.387425,-13.2648504]],[[-47.2584526,-13.4498213],[-47.2445913,-13.4470384],[-47.2303757,-13.4488686]],[[-47.2303757,-13.4488686],[-47.197804,-13.4521045],[-47.1759511,-13.4327397],[-47.1651466,-13.4296914],[-47.1543178,-13.4127015],[-47.1393542,-13.4237386]],[[-47.1393542,-13.4237386],[-47.1341202,-13.4341515],[-47.1253661,-13.4398138],[-47.1012634,-13.4327938]],[[-47.1012634,-13.4327938],[-47.0668148,-13.4515365],[-47.0812012,-13.4762702],[-47.0802642,-13.4949329],[-47.054254,-13.5228926],[-47.0364762,-13.5287847],[-47.0226226,-13.5432924],[-46.985008,-13.549026],[-46.942627,-13.5664655],[-46.9279497,-13.5910248],[-46.9198958,-13.5936068],[-46.9022301,-13.5898958],[-46.8858444,-13.6050138],[-46.8675288,-13.603105],[-46.8638178,-13.6050747],[-46.8628713,-13.6128644]],[[-46.8628713,-13.6128644],[-46.85394,-13.6132212],[-46.8513502,-13.615465],[-46.8483933,-13.615045],[-46.8372493,-13.6034799]],[[-46.8372493,-13.6034799],[-46.8304191,-13.587246],[-46.818753,-13.5888065],[-46.8138418,-13.5876078],[-46.7970649,-13.5942974],[-46.7934216,-13.5806925],[-46.7825934,-13.56651],[-46.7885899,-13.5558626],[-46.7723905,-13.5401938],[-46.7848674,-13.5118289],[-46.7681697,-13.4907274],[-46.7694777,-13.4701051],[-46.762032,-13.4379224],[-46.7514752,-13.4335539],[-46.7465642,-13.4129532],[-46.7340872,-13.3889307],[-46.7228382,-13.3864826],[-46.7164769,-13.3879528],[-46.7147025,-13.387622]],[[-46.7147025,-13.387622],[-46.714478,-13.3849953],[-46.7121135,-13.3824886],[-46.7068961,-13.382211]],[[-46.4530828,-13.065891],[-46.4522394,-13.0457461]],[[-51.6989667,-15.4849292],[-51.7057302,-15.4975624],[-51.7285664,-15.5018063],[-51.7371803,-15.5267965],[-51.7255764,-15.544129],[-51.7393436,-15.5592768],[-51.7556134,-15.5574154],[-51.760886,-15.5300637],[-51.7772681,-15.534985],[-51.7798514,-15.5554215],[-51.754235,-15.6124359],[-51.7651493,-15.6495527],[-51.8025989,-15.7043354],[-51.8051451,-15.7257712],[-51.8233267,-15.7314335],[-51.8391108,-15.7503701],[-51.8592473,-15.7874643],[-51.8750577,-15.8000421],[-51.8803446,-15.8242758]],[[-51.8514693,-15.9066298],[-51.8630523,-15.9144151]],[[-51.8244977,-16.0323328],[-51.8058231,-16.0300186]],[[-51.8058231,-16.0300186],[-51.7981038,-16.029814],[-51.7808005,-16.0532402]],[[-51.6188743,-16.1828718],[-51.616504,-16.1840047]],[[-51.2025659,-16.070173],[-51.20322,-16.0682433]],[[-51.2115706,-16.0309208],[-51.2151644,-16.0306713]],[[-51.2539873,-15.9667017],[-51.264573,-15.9749309]],[[-51.0471312,-16.9576438],[-51.0545756,-16.957216]],[[-51.4161484,-17.3224083],[-51.417234,-17.3276968],[-51.4221795,-17.3339789],[-51.4329062,-17.3398164],[-51.4619413,-17.340576]],[[-51.4832605,-17.3447914],[-51.4932778,-17.3368316],[-51.5100458,-17.3332391],[-51.5156568,-17.3340149],[-51.5218597,-17.3374373]],[[-51.5218597,-17.3374373],[-51.5385843,-17.378495]],[[-51.5385843,-17.378495],[-51.5047958,-17.3824136],[-51.4897978,-17.388301],[-51.4741864,-17.3919282],[-51.4641799,-17.3990301],[-51.4555478,-17.4067715],[-51.4505652,-17.4093303],[-51.4498343,-17.4240091],[-51.4472847,-17.4324173],[-51.4383484,-17.4367773],[-51.4440658,-17.4532766],[-51.4572008,-17.470873],[-51.3430056,-17.5083382],[-51.3150746,-17.5076697],[-51.3005161,-17.5152109],[-51.2555738,-17.5231614],[-51.2412117,-17.53338],[-51.2154848,-17.5272115],[-51.1863777,-17.5302397],[-51.1537609,-17.5177398],[-51.1126972,-17.5235331],[-51.0998185,-17.5226186],[-51.0811412,-17.5292841],[-51.0553939,-17.5220279],[-51.0206266,-17.4974638],[-51.0097191,-17.4808989],[-50.9533138,-17.4318625]],[[-50.9533138,-17.4318625],[-50.9378277,-17.4154726],[-50.9381717,-17.4130297],[-50.9500341,-17.406474]],[[-50.9500341,-17.406474],[-50.9591246,-17.3923825],[-50.9771849,-17.3892285],[-50.987494,-17.3745331],[-50.9816437,-17.3460542],[-50.9688292,-17.3299358],[-50.9722401,-17.31903],[-51.0035605,-17.321022],[-51.0088552,-17.3221904],[-51.008799,-17.3244503],[-51.0162273,-17.3250188],[-51.0261374,-17.3059007],[-51.0568921,-17.2866282],[-51.0710862,-17.2943725],[-51.0964769,-17.2858035],[-51.1109418,-17.286974],[-51.118038,-17.2855881],[-51.1235666,-17.272066]],[[-51.1235666,-17.272066],[-51.1167157,-17.2374159],[-51.1249211,-17.2238833]],[[-51.1249211,-17.2238833],[-51.1129157,-17.2085424],[-51.0826439,-17.1874542],[-51.0457835,-17.1765821],[-51.0250487,-17.1763584],[-51.013585,-17.163852],[-51.0120361,-17.1275796],[-50.98045,-17.1010431],[-50.9732595,-17.1016679],[-50.949197,-17.0923017]],[[-50.949197,-17.0923017],[-50.9483786,-17.0890059]],[[-50.9483786,-17.0890059],[-50.9555186,-17.0723171],[-50.9797441,-17.0381103],[-51.0019894,-17.0228836],[-51.0317145,-16.9700918],[-51.0471312,-16.9576438]],[[-48.58008,-13.3132604],[-48.597953,-13.3009486],[-48.5998625,-13.2879857],[-48.5889337,-13.2635269],[-48.5999452,-13.2386606],[-48.5844342,-13.2270548],[-48.5774783,-13.1952471],[-48.5775751,-13.1729529],[-48.5911961,-13.1556723],[-48.5818401,-13.1410294],[-48.578367,-13.1174367],[-48.6022296,-13.0772677],[-48.6022054,-13.057559],[-48.6270522,-13.0519085],[-48.6371785,-13.0336065],[-48.6386324,-13.0134664],[-48.6561079,-13.0117733],[-48.6749137,-12.9927556],[-48.7157524,-13.0022834],[-48.7325583,-12.9837304],[-48.7369946,-12.945734],[-48.7333252,-12.9356951],[-48.7736691,-12.8884402],[-48.805945,-12.8692098],[-48.8248181,-12.8453398],[-48.8428259,-12.8425068],[-48.8464274,-12.8092887],[-48.8703122,-12.8032618],[-48.8797646,-12.8170611]],[[-48.8797646,-12.8170611],[-48.8788879,-12.8355993],[-48.869273,-12.8598497],[-48.8467992,-12.8994442],[-48.8594062,-12.9138241],[-48.8312763,-12.923295],[-48.8374675,-12.9618476],[-48.8484963,-12.9715036],[-48.8491667,-12.9859204],[-48.8704939,-12.988013],[-48.8711601,-13.0022311],[-48.8601905,-13.0115987],[-48.8751025,-13.0225571],[-48.8804379,-13.0406203],[-48.8703003,-13.0689204],[-48.8844684,-13.0821427],[-48.87627,-13.1030308],[-48.8894191,-13.1359049],[-48.8881058,-13.149669],[-48.9111659,-13.1453603],[-48.9079696,-13.1544942],[-48.9108627,-13.1649282],[-48.8546853,-13.2180679]],[[-48.8546853,-13.2180679],[-48.8531088,-13.2211984]],[[-48.8531088,-13.2211984],[-48.848303,-13.2163648],[-48.8350222,-13.2181603],[-48.8215601,-13.2303396],[-48.7941355,-13.2425363],[-48.7964415,-13.2579266],[-48.7636607,-13.2932074],[-48.8249136,-13.3196381],[-48.8184304,-13.3323405],[-48.8030756,-13.335855],[-48.763685,-13.3560307],[-48.7356496,-13.3487344],[-48.7189122,-13.3668026],[-48.698249,-13.3798147],[-48.6749045,-13.3877025],[-48.6614081,-13.4000691],[-48.6371273,-13.4072124],[-48.5987225,-13.3918383],[-48.5922223,-13.3966144],[-48.5605219,-13.389535]],[[-49.3019524,-17.50702],[-49.303511,-17.510543]],[[-49.303511,-17.510543],[-49.2965831,-17.5230868],[-49.3013899,-17.526938],[-49.3081434,-17.5258459],[-49.3115318,-17.5296553],[-49.3077818,-17.5351993]],[[-49.3077818,-17.5351993],[-49.3018915,-17.5677773],[-49.3187253,-17.5708008],[-49.3210062,-17.5894626],[-49.3287631,-17.5905907],[-49.3359766,-17.587085],[-49.3517265,-17.5910143],[-49.3676133,-17.5972416],[-49.3619747,-17.6026272],[-49.3813108,-17.612166],[-49.4027519,-17.6262958]],[[-49.4027519,-17.6262958],[-49.4080805,-17.6328195],[-49.4118665,-17.6539045],[-49.4088963,-17.6676232]],[[-49.4574219,-17.7453706],[-49.4447326,-17.750387]],[[-48.8442497,-17.9145802],[-48.8470578,-17.9063594]],[[-48.8470578,-17.9063594],[-48.8424675,-17.8973041],[-48.8506436,-17.8770053],[-48.833503,-17.8717716],[-48.8413056,-17.840556],[-48.8205263,-17.8215537],[-48.8251372,-17.8030816],[-48.8210251,-17.7864101],[-48.8407208,-17.7586407],[-48.8455822,-17.7431447],[-48.8395321,-17.725831]],[[-48.8395321,-17.725831],[-48.8402241,-17.7135091]],[[-48.9281927,-17.5990819],[-48.9520568,-17.580433],[-48.9622285,-17.5709723],[-48.9931695,-17.5689268],[-49.0249146,-17.5582034],[-49.0446702,-17.5435274],[-49.0820606,-17.5241598],[-49.0895564,-17.5406867],[-49.1098694,-17.5431324],[-49.1327809,-17.5301998],[-49.1567763,-17.5453368],[-49.1810228,-17.5315728],[-49.1961405,-17.5328215],[-49.2209249,-17.5156688],[-49.2244779,-17.5071192],[-49.2460035,-17.5090697],[-49.2565599,-17.5193236],[-49.2985329,-17.5117779],[-49.3019524,-17.50702]],[[-50.06686,-15.2289149],[-50.0722886,-15.23331]],[[-50.0793392,-15.2360025],[-50.0871196,-15.2533303]],[[-50.1237905,-15.3566039],[-50.1237291,-15.366471],[-50.133529,-15.392592],[-50.1395087,-15.400401]],[[-50.1395087,-15.400401],[-50.1311246,-15.3963087]],[[-50.0448404,-15.3583237],[-50.0385049,-15.3607006],[-50.0171979,-15.3590853],[-50.0140642,-15.362855],[-50.0163681,-15.3708775],[-50.0023742,-15.3730082]],[[-49.9137844,-15.3684196],[-49.9066177,-15.3719485]],[[-49.9066177,-15.3719485],[-49.8975564,-15.371169],[-49.8921212,-15.3586433],[-49.9018931,-15.349588],[-49.8965622,-15.3263428]],[[-49.8965622,-15.3263428],[-49.9043718,-15.3200419],[-49.9186507,-15.2761968],[-49.9035894,-15.2587281],[-49.9162064,-15.247096],[-49.9401985,-15.259717],[-49.9596231,-15.2566952],[-49.988145,-15.2716614],[-50.0288017,-15.2419092],[-50.0446617,-15.2257203],[-50.0537512,-15.2242852],[-50.0588721,-15.2298837],[-50.06686,-15.2289149]],[[-50.0417868,-16.0338071],[-50.0417612,-16.0303706]],[[-50.054258,-16.0274592],[-50.0617898,-16.0293577],[-50.0735102,-16.0387134],[-50.0843211,-16.0447765],[-50.0885743,-16.0389638]],[[-50.3478763,-16.0884591],[-50.3554046,-16.0788769]],[[-50.3715142,-16.1333204],[-50.3649873,-16.1482272]],[[-50.3649873,-16.1482272],[-50.3604516,-16.159329],[-50.3355656,-16.1473653],[-50.312176,-16.1590324],[-50.287705,-16.1560463],[-50.272617,-16.1695585],[-50.2481477,-16.2004594],[-50.203735,-16.2693069],[-50.2269293,-16.2841201],[-50.2262601,-16.3018595]],[[-50.2262601,-16.3018595],[-50.2024259,-16.2992696]],[[-50.1413695,-16.3213915],[-50.1390883,-16.3290766]],[[-50.1390883,-16.3290766],[-50.1305637,-16.3044168]],[[-50.1015089,-16.2825985],[-50.0952646,-16.2680345]],[[-49.9452326,-16.224758],[-49.9405945,-16.2241564]],[[-50.846792,-14.6188168],[-50.8448186,-14.6204356]],[[-50.8038185,-14.8904239],[-50.7989873,-14.8967213],[-50.7989936,-14.9057802]],[[-50.4032885,-15.0255154],[-50.3145357,-14.9438655],[-50.3215125,-14.9378431]],[[-50.4457351,-14.7307392],[-50.4460734,-14.7236787]],[[-50.4460734,-14.7236787],[-50.4690129,-14.7322163],[-50.4933635,-14.7206546],[-50.5014984,-14.7163317],[-50.4863469,-14.6914386],[-50.5098778,-14.6779063],[-50.5042677,-14.6658646],[-50.519472,-14.6492811],[-50.5361536,-14.6497543],[-50.5484321,-14.6139046],[-50.5626799,-14.6282196],[-50.5804003,-14.6561829],[-50.5799846,-14.6675197],[-50.5938417,-14.6761277],[-50.6426796,-14.6735337],[-50.6478884,-14.6891902],[-50.6624173,-14.6895319],[-50.6649295,-14.7050891],[-50.6895955,-14.6993964],[-50.7058802,-14.710186],[-50.7150135,-14.7097567],[-50.7285995,-14.7197957],[-50.7316205,-14.7157481],[-50.7286083,-14.7121056],[-50.7363554,-14.7099115],[-50.7549328,-14.6986937],[-50.7786521,-14.6707537],[-50.7804817,-14.6490098],[-50.7973542,-14.6260692],[-50.8211615,-14.6114815],[-50.846792,-14.6188168]],[[-50.3515895,-13.5525297],[-50.3603252,-13.5550532],[-50.3754255,-13.561228],[-50.3785902,-13.5750513]],[[-50.3785902,-13.5750513],[-50.4017616,-13.5617886],[-50.4099817,-13.5472716],[-50.42512,-13.5532448],[-50.4468995,-13.5469418],[-50.4522834,-13.5632437]],[[-50.4522834,-13.5632437],[-50.4683201,-13.5644631]],[[-50.4683201,-13.5644631],[-50.4529544,-13.6025366],[-50.4635657,-13.6330443],[-50.4598739,-13.6567807],[-50.4762867,-13.672471],[-50.4769017,-13.6771105],[-50.467066,-13.6844429],[-50.4642627,-13.6878589],[-50.4611736,-13.6878212],[-50.4588461,-13.69878],[-50.4741775,-13.7127339],[-50.4671757,-13.7172883],[-50.4673938,-13.7385259],[-50.4600629,-13.7562247],[-50.4403627,-13.7745912],[-50.4355679,-13.8030589],[-50.4213974,-13.8261295],[-50.3727882,-13.8528198],[-50.3861397,-13.8778053],[-50.367646,-13.9114656],[-50.3429569,-13.9679853],[-50.32603,-13.9834954],[-50.3065927,-13.9849928],[-50.2863997,-13.9950169]],[[-50.2863997,-13.9950169],[-49.9510667,-14.0217712]],[[-49.9510667,-14.0217712],[-49.9404525,-14.0103653],[-49.9379806,-13.9787845],[-49.9253335,-13.9636634],[-49.9200079,-13.9349338],[-49.9430947,-13.9146034]],[[-49.9627285,-13.7135574],[-49.9713109,-13.6902585]],[[-50.2550146,-13.5473565],[-50.2684798,-13.5381659],[-50.3012561,-13.549875],[-50.3195104,-13.5513538],[-50.3515895,-13.5525297]],[[-49.0748023,-13.558143],[-49.0843631,-13.5557604]],[[-49.0843631,-13.5557604],[-49.0915561,-13.5613257],[-49.1002741,-13.5602468],[-49.1098347,-13.5608804],[-49.1215763,-13.5574424],[-49.1439131,-13.5804842],[-49.1489978,-13.5848435],[-49.1929402,-13.5882155],[-49.2101639,-13.5828684],[-49.2528921,-13.5877756],[-49.266337,-13.5641121],[-49.2824687,-13.5684634],[-49.3107095,-13.5673844],[-49.3342747,-13.5746259],[-49.3516017,-13.5636533],[-49.3635608,-13.5688065],[-49.3084736,-13.696489],[-49.317141,-13.6924947],[-49.3451687,-13.7126211],[-49.3698314,-13.7025475],[-49.3903056,-13.7005494],[-49.4020815,-13.6854985],[-49.4325003,-13.6643465],[-49.4525336,-13.6663251],[-49.4744132,-13.6838165],[-49.5015212,-13.6902625],[-49.522696,-13.7075528],[-49.5370879,-13.7131756],[-49.550421,-13.7396388],[-49.5406628,-13.7504272],[-49.5453122,-13.7569462],[-49.5493934,-13.7587577],[-49.5534749,-13.7664672],[-49.5543904,-13.7620297],[-49.5600538,-13.7648377],[-49.5704474,-13.7702797],[-49.5720086,-13.7678269]],[[-49.5720086,-13.7678269],[-49.5770014,-13.7674675]],[[-49.334136,-13.8701229],[-49.1393601,-13.8614487]],[[-49.1393601,-13.8614487],[-49.1408593,-13.8590827]],[[-49.1273157,-13.6812068],[-49.1253904,-13.6791176]],[[-49.1253904,-13.6791176],[-49.1153844,-13.6743076],[-49.1215254,-13.6387669],[-49.1162746,-13.6212661],[-49.0979113,-13.6169953],[-49.0776416,-13.5773617],[-49.0748023,-13.558143]],[[-49.9832297,-16.5606085],[-50.0066926,-16.6205847]],[[-50.0066926,-16.6205847],[-50.0036218,-16.6189936]],[[-50.0036218,-16.6189936],[-50.000892,-16.6113572],[-49.9727923,-16.5901991],[-49.9368644,-16.6107946],[-49.9279812,-16.6279592],[-49.9106717,-16.614447],[-49.8865645,-16.6401488],[-49.7768197,-16.6384737],[-49.7582597,-16.6515292],[-49.7454551,-16.65271],[-49.734734,-16.6389035]],[[-49.734734,-16.6389035],[-49.7331568,-16.6281187]],[[-49.7331568,-16.6281187],[-49.731587,-16.6174037],[-49.732511,-16.6127267],[-49.7372371,-16.6094047],[-49.7355522,-16.6074854],[-49.7312297,-16.6038799],[-49.7275451,-16.5989351],[-49.7293507,-16.5829246]],[[-49.7293507,-16.5829246],[-49.7298239,-16.5800624]],[[-49.8224255,-16.5204752],[-49.8414252,-16.516434]],[[-49.23059,-16.3210213],[-49.2362838,-16.3294028],[-49.2569176,-16.333172],[-49.2522535,-16.3557392],[-49.2546162,-16.3818321]],[[-49.2546162,-16.3818321],[-49.2571891,-16.4002133],[-49.2591707,-16.4029502],[-49.2711693,-16.3965591]],[[-49.2711693,-16.3965591],[-49.2806122,-16.3991134]],[[-49.2806122,-16.3991134],[-49.2331156,-16.4363749],[-49.2149714,-16.4536702]],[[-49.1766919,-16.5384357],[-49.1588019,-16.531337]],[[-49.1304994,-16.517171],[-49.1256799,-16.5098087],[-49.1232277,-16.5083589]],[[-49.1232277,-16.5083589],[-49.1219181,-16.4926134],[-49.1172285,-16.4816326],[-49.117332,-16.4644508],[-49.1139785,-16.427473]],[[-49.1945854,-16.3471914],[-49.2123379,-16.3407934],[-49.23059,-16.3210213]],[[-48.3101356,-13.9451013],[-48.3175809,-13.9384973]],[[-48.32227,-13.9583142],[-48.3184641,-13.9771886],[-48.3365219,-13.9720189]],[[-48.7197688,-14.1304488],[-48.7302746,-14.1251676]],[[-48.7302746,-14.1251676],[-48.7435513,-14.1246879],[-48.7686063,-14.1248294],[-48.7644456,-14.1390311],[-48.7674667,-14.1482826],[-48.7982209,-14.1407531],[-48.8089139,-14.1695139]],[[-48.8089139,-14.1695139],[-48.8236382,-14.1767472],[-48.8284434,-14.1773179],[-48.8365499,-14.1728297],[-48.8409404,-14.1651598],[-48.8414425,-14.16099],[-48.8448047,-14.1586574]],[[-48.8448047,-14.1586574],[-48.8696076,-14.1845053],[-48.8923325,-14.2275368],[-48.9303594,-14.2539902],[-48.946696,-14.2509029],[-48.9661582,-14.2933775],[-48.9901679,-14.3063527],[-49.0080556,-14.305371],[-49.0171047,-14.3155339],[-49.0086666,-14.3297287],[-48.9860796,-14.3412896],[-48.9810254,-14.3683519],[-48.9933087,-14.3881497],[-48.9774722,-14.414437],[-48.9942526,-14.4561647],[-49.0259736,-14.4699043],[-49.0231104,-14.4958531],[-49.0533576,-14.4991364],[-49.0402223,-14.5281148],[-49.0067228,-14.5399479],[-49.0056985,-14.5508951],[-49.0222258,-14.5601656],[-49.0368618,-14.5629419]],[[-49.0368618,-14.5629419],[-49.039132,-14.5771455]],[[-49.039132,-14.5771455],[-49.0330249,-14.5829878],[-49.0257747,-14.5863553],[-49.0114191,-14.5757812],[-49.0100002,-14.5963251],[-48.9917218,-14.5864599],[-48.9790759,-14.6156107],[-48.9873653,-14.6217858],[-48.9822723,-14.6465114],[-48.9598077,-14.6607744],[-48.9581987,-14.6747288]],[[-48.9581987,-14.6747288],[-48.9502798,-14.6810444]],[[-48.8428379,-14.6895423],[-48.8272199,-14.6855137],[-48.8195484,-14.6684524]],[[-48.7976039,-14.6604203],[-48.7859726,-14.6657277],[-48.7817785,-14.6659852],[-48.7748076,-14.6589034],[-48.7796634,-14.6542042],[-48.7800538,-14.6505857],[-48.7755793,-14.6494834],[-48.7736574,-14.6434953],[-48.7718846,-14.6427641],[-48.7643551,-14.6434681]],[[-48.7574387,-14.8616829],[-48.7440297,-14.885636],[-48.7516921,-14.9050476],[-48.7425799,-14.9253077],[-48.7492773,-14.9347565],[-48.7200204,-14.9513177],[-48.7047707,-14.9463731],[-48.6824369,-14.9633157],[-48.696467,-14.9727908],[-48.6837546,-14.9797126],[-48.6494962,-14.9776873],[-48.6183348,-14.9868873],[-48.6163286,-14.9949428],[-48.6217173,-15.0007658]],[[-48.6217173,-15.0007658],[-48.6109694,-15.0024664]],[[-48.0866553,-14.8861227],[-48.0776289,-14.8950629]],[[-48.0776289,-14.8950629],[-48.0767999,-14.8920703]],[[-47.7712942,-14.6410007],[-47.775263,-14.6339519],[-47.7761561,-14.6306111],[-47.776622,-14.6282587],[-47.7768441,-14.6253604],[-47.765681,-14.6073232],[-47.7719571,-14.5774123],[-47.7693318,-14.5501416],[-47.7616239,-14.5416369],[-47.7745968,-14.5288088],[-47.8218504,-14.5060786],[-47.8348512,-14.4640186],[-47.8355945,-14.4364742],[-47.8643264,-14.3806822],[-47.8424032,-14.3632804],[-47.8346126,-14.3628109],[-47.8266008,-14.3518777]],[[-47.8266008,-14.3518777],[-47.8280184,-14.3461568]],[[-47.8384251,-14.3315906],[-47.8392635,-14.3368304],[-47.8437098,-14.337009]],[[-50.0548938,-15.1244199],[-50.0489845,-15.1099507],[-50.0188991,-15.0965992],[-50.0088082,-15.0938697],[-50.0052528,-15.0911088],[-49.994976,-15.0829852],[-49.9524821,-15.0838714],[-49.9215338,-15.0944023],[-49.910731,-15.0852427],[-49.8735645,-15.0847057],[-49.8678105,-15.0903261],[-49.8617054,-15.0860598],[-49.8283128,-15.0886309]],[[-49.8283128,-15.0886309],[-49.825621,-15.0769399]],[[-49.8568406,-14.9904002],[-49.8667013,-14.9824291]],[[-48.3202312,-18.2498951],[-48.3149738,-18.2468222]],[[-48.2751748,-18.2202448],[-48.2752066,-18.2168135]],[[-48.2073504,-18.0015857],[-48.2146073,-17.9925242]],[[-50.6111019,-13.3202288],[-50.6236072,-13.3304988],[-50.6464959,-13.3619688],[-50.6653237,-13.3755658],[-50.6696223,-13.3976196],[-50.6639456,-13.4349565],[-50.6835249,-13.445191],[-50.6940354,-13.4695508],[-50.7148156,-13.4914731],[-50.7589998,-13.5203153],[-50.7683782,-13.5608543],[-50.7664363,-13.5820128],[-50.7715851,-13.6045005],[-50.7836065,-13.6203941],[-50.786569,-13.6466268],[-50.8062258,-13.6938146],[-50.8297337,-13.7098143],[-50.848213,-13.7127709],[-50.8690193,-13.7248042],[-50.8721273,-13.7399011],[-50.8583114,-13.7536609],[-50.8543701,-13.7997614],[-50.8590855,-13.8287048],[-50.8406443,-13.8637887],[-50.8402336,-13.9236819],[-50.8626275,-13.9540243],[-50.8646743,-13.9839543],[-50.8471508,-13.9997948],[-50.8550439,-14.0258773],[-50.832061,-14.0737151],[-50.8415049,-14.1043251]],[[-50.848287,-14.6211224],[-50.846792,-14.6188168]],[[-50.4460734,-14.7236787],[-50.4216764,-14.7365938]],[[-50.3526271,-14.3523543],[-50.1437475,-14.1255295],[-50.1464476,-14.1219528]],[[-50.1464476,-14.1219528],[-50.1430925,-14.1063466],[-50.1513672,-14.0824487],[-50.1507336,-14.054437],[-50.154842,-14.0313317],[-50.1583389,-14.018672],[-50.1570984,-14.0093885],[-50.1585422,-14.0046838]],[[-50.1585422,-14.0046838],[-50.2863997,-13.9950169]],[[-50.4683201,-13.5644631],[-50.4738598,-13.5642002]],[[-50.4738598,-13.5642002],[-50.4987074,-13.5516698],[-50.5144242,-13.5212868],[-50.5419855,-13.5063653],[-50.5326785,-13.5003462],[-50.5179572,-13.4727661],[-50.5183199,-13.4642418],[-50.5412601,-13.460451],[-50.555402,-13.4221008],[-50.5941444,-13.4042072],[-50.5953186,-13.3976784],[-50.5813983,-13.3883057],[-50.5754533,-13.3888029],[-50.5896775,-13.3740396],[-50.5883731,-13.365955],[-50.608115,-13.3528815],[-50.6111019,-13.3202288]],[[-49.425366,-14.9945035],[-49.4250032,-14.9731878]],[[-49.4250032,-14.9731878],[-49.4337021,-14.9847996]],[[-49.5965307,-15.0405332],[-49.6162015,-15.0474482]],[[-49.5534058,-15.1844648],[-49.5518747,-15.1858255],[-49.5488679,-15.1812329],[-49.5457874,-15.1801118],[-49.5364051,-15.1852831]],[[-49.5364051,-15.1852831],[-49.5320838,-15.1854411],[-49.5145332,-15.1804007],[-49.5059823,-15.1785011]],[[-49.5059823,-15.1785011],[-49.503922,-15.1693457],[-49.4971608,-15.1687073],[-49.4825292,-15.1766436],[-49.4750647,-15.1558534],[-49.4804494,-15.1387892],[-49.4650063,-15.107593],[-49.454447,-15.0999723],[-49.438059,-15.1158556],[-49.413342,-15.092206],[-49.3988901,-15.0936703],[-49.3878362,-15.0494001],[-49.3665279,-15.0427322],[-49.350391,-15.0276504],[-49.3249711,-14.9909667]],[[-49.3249711,-14.9909667],[-49.3271078,-14.9905581]],[[-49.3271078,-14.9905581],[-49.3657239,-15.0102712],[-49.3852816,-15.0107575],[-49.3920563,-15.0026473]],[[-49.3920563,-15.0026473],[-49.4070589,-15.0047502],[-49.4103594,-15.003927],[-49.425366,-14.9945035]],[[-49.2623903,-14.2118691],[-49.2668086,-14.2129385],[-49.27422,-14.2190958],[-49.28147,-14.220283],[-49.2845821,-14.2195169]],[[-49.4240795,-14.2688974],[-49.4297523,-14.284526],[-49.4169989,-14.30322],[-49.4183662,-14.3353783],[-49.4068328,-14.368936],[-49.4159467,-14.3930344],[-49.3988368,-14.401255],[-49.402166,-14.4099887],[-49.4093619,-14.4297251],[-49.4040325,-14.4420661],[-49.3567746,-14.5003298],[-49.3590476,-14.5081267],[-49.3699478,-14.5147589]],[[-49.3699478,-14.5147589],[-49.3705633,-14.5208884]],[[-49.3705633,-14.5208884],[-49.354835,-14.5123856],[-49.3465005,-14.5017862],[-49.3459782,-14.4784343],[-49.3239417,-14.4718427],[-49.3345889,-14.4587431],[-49.3031711,-14.4373727],[-49.3062007,-14.4191208],[-49.3028337,-14.4039618],[-49.2829499,-14.4132368],[-49.269811,-14.4090983],[-49.2620892,-14.3956962],[-49.2093039,-14.3820206]],[[-49.2093039,-14.3820206],[-49.1883373,-14.3729018],[-49.189971,-14.3610524]],[[-49.1818094,-14.1341625],[-49.177033,-14.1304793]],[[-49.177033,-14.1304793],[-49.177314,-14.1270836],[-49.1855591,-14.109583]],[[-47.1012634,-13.4327938],[-47.1203651,-13.4387019],[-47.1267616,-13.4391826]],[[-47.1267616,-13.4391826],[-47.1295321,-13.4559602],[-47.1406809,-13.4870162],[-47.1433627,-13.5104227],[-47.1416234,-13.5192128],[-47.1379458,-13.5666591],[-47.1546736,-13.6212411],[-47.1612616,-13.6290203],[-47.149913,-13.6706083]],[[-47.149913,-13.6706083],[-47.1487005,-13.6742142],[-47.1497281,-13.6818136],[-47.1678128,-13.6912114]],[[-47.1678128,-13.6912114],[-47.1942319,-13.7228702],[-47.1969541,-13.7476686],[-47.193284,-13.7817239],[-47.1981516,-13.8612988]],[[-47.1981516,-13.8612988],[-47.1938766,-13.8595047]],[[-47.1146574,-14.0971],[-47.0895964,-14.0803745],[-47.0868955,-14.0682182],[-47.0760941,-14.0608228],[-47.0712315,-14.0673933],[-47.0684021,-14.0625739],[-47.0599262,-14.0528296],[-47.0548962,-14.0403048],[-47.0466471,-14.0398889],[-47.0440588,-14.0372468],[-47.0289792,-14.0352444],[-47.0176505,-14.037972],[-46.9961465,-14.0540022],[-46.9915361,-14.0502609],[-46.9863974,-14.0523145],[-46.9871172,-14.0575769]],[[-46.9871172,-14.0575769],[-46.9850881,-14.0660948],[-46.9854279,-14.0746253],[-46.9885612,-14.0799934],[-46.9955865,-14.0829355],[-46.991926,-14.0883599]],[[-46.9224234,-14.0882042],[-46.9237835,-14.0789512],[-46.9227808,-14.0769559],[-46.9000111,-14.0784364]],[[-46.8556708,-13.8679597],[-46.8393119,-13.8639744],[-46.8346723,-13.8619627],[-46.8298153,-13.856768],[-46.825503,-13.847963],[-46.8270029,-13.8410952]],[[-46.8270029,-13.8410952],[-46.8518105,-13.8288244],[-46.8345862,-13.8111626],[-46.8171696,-13.7959635],[-46.8376212,-13.7651777],[-46.8213386,-13.7501602],[-46.8108147,-13.7252989],[-46.7922837,-13.728264],[-46.7839164,-13.7178177],[-46.7857538,-13.7028808],[-46.8016049,-13.6948181],[-46.8094503,-13.6767633],[-46.79706,-13.670626],[-46.7963163,-13.6583974],[-46.8159486,-13.6571477],[-46.8505643,-13.6332782]],[[-46.8505643,-13.6332782],[-46.8544464,-13.6245035],[-46.8517318,-13.6140631],[-46.8628713,-13.6128644]],[[-49.3453386,-16.2703593],[-49.3354761,-16.2944281]],[[-49.2967578,-16.4433431],[-49.2907001,-16.4106942],[-49.2806122,-16.3991134]],[[-49.2711693,-16.3965591],[-49.262471,-16.4015467],[-49.2579231,-16.4026527],[-49.2546162,-16.3818321]],[[-49.23059,-16.3210213],[-49.2948687,-16.322125],[-49.3079453,-16.3111866]],[[-50.7733743,-15.9245918],[-50.7736839,-15.9291818]],[[-50.7953466,-15.9959825],[-50.7967165,-15.9999025]],[[-50.5949339,-16.2339556],[-50.5837353,-16.2259151]],[[-50.5017811,-16.1548287],[-50.4895463,-16.1469589],[-50.4779614,-16.1199496]],[[-48.0848109,-16.0496759],[-48.0914235,-16.0605084],[-48.1111815,-16.0736956],[-48.11893,-16.0734082]],[[-48.11893,-16.0734082],[-48.1414305,-16.0885251],[-48.1506836,-16.1023183]],[[-48.1506836,-16.1023183],[-48.1515486,-16.1308077],[-48.1428871,-16.1645553]],[[-48.1428871,-16.1645553],[-48.1438517,-16.1694219],[-48.0290425,-16.2032918]],[[-48.0012305,-16.1411482],[-48.0059679,-16.1283529]],[[-48.0059679,-16.1283529],[-48.0095768,-16.113004]],[[-48.0095768,-16.113004],[-48.020292,-16.1032581],[-48.0234738,-16.1019306],[-48.0240428,-16.0998339],[-48.0287419,-16.0957038],[-48.0304803,-16.0867597],[-48.0295602,-16.0823053]],[[-48.0295602,-16.0823053],[-48.0244055,-16.059114],[-48.0180556,-16.0497135]],[[-48.0180556,-16.0497135],[-48.0848109,-16.0496759]],[[-49.371834,-13.276707],[-49.3683159,-13.2723014],[-49.908782,-12.9751156],[-49.8426108,-13.1546205]],[[-49.8426108,-13.1546205],[-49.843783,-13.1639844],[-49.8194761,-13.1822828],[-49.8214513,-13.2142119],[-49.8180073,-13.244004],[-49.8258144,-13.2684766],[-49.8183121,-13.2800998],[-49.8272302,-13.2999667],[-49.8500546,-13.3282407],[-49.8575092,-13.3485735],[-49.8560645,-13.3671462],[-49.8615864,-13.3892503],[-49.8821686,-13.4135733],[-49.8875616,-13.4271763],[-49.8952548,-13.4378398],[-49.9090387,-13.4546561],[-49.9489805,-13.4619205],[-49.9737022,-13.4892467]],[[-49.9737022,-13.4892467],[-49.9775485,-13.4916315]],[[-49.6500078,-13.356537],[-49.6482764,-13.3521808]],[[-49.6482764,-13.3521808],[-49.6304507,-13.352972],[-49.6151738,-13.3371784],[-49.6063966,-13.3222477],[-49.5926485,-13.3198925],[-49.5906588,-13.3018337],[-49.5530887,-13.2786469],[-49.5312545,-13.2805734],[-49.509144,-13.2687108],[-49.4941127,-13.2539231],[-49.4423054,-13.2463997],[-49.435528,-13.2545432],[-49.3831091,-13.2763694],[-49.371834,-13.276707]],[[-48.1924049,-16.7369445],[-48.1968862,-16.7334088]],[[-48.1968862,-16.7334088],[-48.2257193,-16.7423736],[-48.2404897,-16.7381072],[-48.2444935,-16.7382445],[-48.2515188,-16.7392402]],[[-48.2515188,-16.7392402],[-48.2598271,-16.7387514]],[[-48.2598271,-16.7387514],[-48.2652976,-16.7549099],[-48.2555465,-16.7734028],[-48.2573812,-16.7850713],[-48.264353,-16.7963444],[-48.3022748,-16.8092607],[-48.3064676,-16.8368516],[-48.3413279,-16.8640178],[-48.3659718,-16.8965107],[-48.3666635,-16.9105781],[-48.3991625,-16.9197025],[-48.4097696,-16.9334621],[-48.4550514,-16.933228],[-48.4713329,-16.9488142],[-48.4718317,-16.9689836],[-48.479882,-16.9915828],[-48.4896033,-17.0003285],[-48.4892171,-17.0035675]],[[-48.4892171,-17.0035675],[-48.3518543,-17.1225532],[-48.3301612,-17.1515133],[-48.2882957,-17.1670022],[-48.2694352,-17.1839387],[-48.2376871,-17.1867014],[-48.2209097,-17.2065774],[-48.221967,-17.2351809],[-48.1997466,-17.2553889],[-48.1899637,-17.2777917],[-48.2091083,-17.287429],[-48.1975798,-17.297988]],[[-48.1975798,-17.297988],[-48.1987717,-17.310024]],[[-48.1987717,-17.310024],[-48.1497966,-17.2919909],[-48.1464959,-17.2845322],[-48.1191245,-17.2743057]],[[-49.1780627,-16.1622196],[-49.1807486,-16.1575673],[-49.1922114,-16.1440028]],[[-49.1922114,-16.1440028],[-49.1958096,-16.152761]],[[-49.1958096,-16.152761],[-49.2083112,-16.1610874],[-49.2165959,-16.1913744],[-49.272782,-16.2197454],[-49.2854984,-16.2254607],[-49.3132113,-16.2307476]],[[-49.3132113,-16.2307476],[-49.311224,-16.232761]],[[-49.1670724,-16.3160584],[-49.1725472,-16.2936865]],[[-47.8780523,-18.2838509],[-47.7718265,-18.2852654]],[[-47.7718265,-18.2852654],[-47.7635728,-18.2926955],[-47.710734,-18.2937382],[-47.6102099,-18.3157125]],[[-47.6102099,-18.3157125],[-47.63877,-18.2876781],[-47.6073287,-18.263959],[-47.6070005,-18.2462041]],[[-47.7046592,-18.1304383],[-47.712938,-18.1324148]],[[-48.6074383,-15.1524796],[-48.6091679,-15.156979]],[[-48.6091679,-15.156979],[-48.6122178,-15.1648283],[-48.6143508,-15.1753621],[-48.5894892,-15.1971774],[-48.5834158,-15.2263882],[-48.5665556,-15.2357701],[-48.5755558,-15.2688115],[-48.5950785,-15.2889809],[-48.5896824,-15.3143663],[-48.5761367,-15.327497],[-48.587266,-15.3394612],[-48.5792971,-15.3504136],[-48.5735819,-15.3585592],[-48.5927471,-15.3642527]],[[-48.2346419,-15.6590478],[-48.2349379,-15.6440814],[-48.2173813,-15.6229362],[-48.1997298,-15.622914],[-48.200009,-15.5022782],[-48.0543338,-15.502232]],[[-48.0543338,-15.502232],[-48.0425453,-15.4643498],[-48.0205477,-15.4636243],[-48.006043,-15.4519818],[-47.954965,-15.4409874],[-47.9513456,-15.4085217],[-47.9414311,-15.3992997],[-47.9239911,-15.3607457],[-47.9360463,-15.3491646],[-47.9683756,-15.3294464],[-47.9721372,-15.2816081],[-47.990014,-15.2791072],[-47.9949046,-15.2594928],[-48.020239,-15.2110883],[-48.0311835,-15.2112589],[-48.0563468,-15.1978012],[-48.0821605,-15.1959107],[-48.08938,-15.17075],[-48.1083292,-15.1467174]],[[-51.5689637,-16.6495604],[-51.5857424,-16.6631297]],[[-51.220933,-16.7299543],[-51.2210814,-16.7266378]],[[-51.3704926,-16.4656898],[-51.3833822,-16.4667539]],[[-50.0036218,-16.6189936],[-50.0055661,-16.6201203],[-50.1499845,-16.679566]],[[-50.1499845,-16.679566],[-50.1587594,-16.7194779],[-50.1105916,-16.7968307],[-50.1013745,-16.8936489],[-50.1277917,-16.9022453],[-50.1449597,-16.9208979],[-50.1437288,-16.9323676]],[[-49.9746254,-17.0514743],[-49.9589022,-17.0382872],[-49.9498736,-17.0290979],[-49.9437309,-17.0164159]],[[-49.8997373,-16.9547692],[-49.8810625,-16.9727247]],[[-49.8170974,-16.9120092],[-49.8056741,-16.9038771],[-49.8022579,-16.9033564],[-49.780058,-16.9074169]],[[-49.7335673,-16.9153181],[-49.7392052,-16.8880761]],[[-49.7683974,-16.8030245],[-49.7744616,-16.7996526],[-49.7820098,-16.7801602],[-49.780012,-16.7643853]],[[-49.7322342,-16.6772426],[-49.7262903,-16.6616305]],[[-49.7262903,-16.6616305],[-49.7240089,-16.6393153],[-49.730508,-16.6380424]],[[-49.730508,-16.6380424],[-49.734734,-16.6389035]],[[-48.3886343,-17.3734754],[-48.3880524,-17.3756029],[-48.3856073,-17.3767216],[-48.3763878,-17.3679415],[-48.3674115,-17.3383033],[-48.3667413,-17.3291399],[-48.3723332,-17.3090913],[-48.3792778,-17.3053974]],[[-48.3792778,-17.3053974],[-48.3748555,-17.2703882],[-48.3836624,-17.2592218]],[[-48.3836624,-17.2592218],[-48.4044103,-17.2389449]],[[-48.4044103,-17.2389449],[-48.4269887,-17.2600629],[-48.4058523,-17.2823681],[-48.4224067,-17.3205031],[-48.4369694,-17.3229226],[-48.4247454,-17.3423759]],[[-48.4247454,-17.3423759],[-48.4108814,-17.3425587],[-48.4038536,-17.3464483]],[[-48.4038536,-17.3464483],[-48.3922512,-17.3466567],[-48.3886343,-17.3734754]],[[-50.1499845,-16.679566],[-50.1546524,-16.6811047]],[[-50.1546524,-16.6811047],[-50.1858128,-16.6829073],[-50.2133745,-16.7027422]],[[-50.2731813,-16.7982627],[-50.2825626,-16.8022305]],[[-50.2825626,-16.8022305],[-50.3002081,-16.8251186],[-50.2877642,-16.8669307],[-50.2880752,-16.884238],[-50.2840379,-16.8855811]],[[-50.2840379,-16.8855811],[-50.2836226,-16.8958033]],[[-49.5441467,-18.2019795],[-49.5443242,-18.2171479]],[[-49.2505334,-18.1828132],[-49.2510856,-18.1777886]],[[-50.7726659,-18.6715261],[-50.7894658,-18.6573578]],[[-50.8294136,-18.91073],[-50.8338227,-18.9229665]],[[-50.8185799,-18.931243],[-50.8162206,-18.9390437],[-50.813744,-18.9409502],[-50.7874346,-18.9399015]],[[-50.7104117,-18.9931196],[-50.6936125,-18.9674986]],[[-50.6936125,-18.9674986],[-50.6817756,-18.9583125],[-50.6747395,-18.9305827],[-50.6788331,-18.9134918]],[[-50.6788331,-18.9134918],[-50.6163283,-18.9278029],[-50.60442,-18.926922],[-50.5981827,-18.9241768],[-50.5870376,-18.9159516]],[[-50.5870376,-18.9159516],[-50.5682666,-18.9063539],[-50.541215,-18.9102571],[-50.5066318,-18.894391],[-50.48538,-18.8997102],[-50.4731522,-18.921426]],[[-50.4731522,-18.921426],[-50.4415031,-18.8907899],[-50.4234927,-18.8326532],[-50.3942679,-18.8227284],[-50.3702646,-18.8043934],[-50.3523236,-18.7602978]],[[-50.3523236,-18.7602978],[-50.3644592,-18.7614808],[-50.3920996,-18.7486285],[-50.4056227,-18.7366291],[-50.4206844,-18.7353576],[-50.4278507,-18.701621],[-50.4441564,-18.6995571],[-50.452324,-18.6962197],[-50.4801593,-18.6825437],[-50.5233744,-18.6379682],[-50.5211037,-18.6211028],[-50.5498207,-18.6141149],[-50.5626828,-18.642318],[-50.5865745,-18.679125],[-50.5912394,-18.7135693],[-50.5882997,-18.7320759],[-50.5712709,-18.7519391],[-50.5742092,-18.7688909],[-50.5919394,-18.7646189],[-50.600966,-18.7600845],[-50.6309683,-18.7510986],[-50.6302705,-18.7451127],[-50.6424827,-18.7486763],[-50.6727162,-18.7427647],[-50.6755771,-18.7302042],[-50.6924063,-18.7274712],[-50.6950654,-18.726116],[-50.7212195,-18.6984256],[-50.7289092,-18.6914309],[-50.7559355,-18.6848744],[-50.7726659,-18.6715261]],[[-50.8135159,-16.7015341],[-50.8175741,-16.685828]],[[-51.0559903,-16.9360793],[-51.0471312,-16.9576438]],[[-50.9483786,-17.0890059],[-50.9411547,-17.094583]],[[-50.9411547,-17.094583],[-50.9091037,-17.1201442],[-50.9059608,-17.1249805],[-50.9005724,-17.1443719],[-50.8714623,-17.1717966],[-50.836859,-17.1725116],[-50.8366849,-17.1841512],[-50.8197974,-17.1894179],[-50.798876,-17.1835548],[-50.776765,-17.1894649],[-50.7669658,-17.2113084],[-50.7204376,-17.2483135],[-50.7256607,-17.2862222],[-50.7170741,-17.2993745],[-50.6989883,-17.3107632],[-50.6948486,-17.3223892],[-50.6702618,-17.3500903],[-50.6713163,-17.3575572],[-50.6314934,-17.3676429]],[[-50.6314934,-17.3676429],[-50.6087969,-17.3761848]],[[-50.6087969,-17.3761848],[-50.6038219,-17.3973412],[-50.5792403,-17.4037591],[-50.5515132,-17.4176277],[-50.5374285,-17.4262147],[-50.5273817,-17.4292555]],[[-50.5273817,-17.4292555],[-50.5287669,-17.4208802]],[[-50.392286,-17.1890212],[-50.3526533,-17.3025154],[-50.3495462,-17.3035946]],[[-50.2836226,-16.8958033],[-50.284539,-16.8897593]],[[-50.284539,-16.8897593],[-50.2964323,-16.8892887],[-50.3209294,-16.8914334],[-50.3432357,-16.8840085],[-50.3587077,-16.8946331],[-50.3878447,-16.8950842],[-50.3980943,-16.910068],[-50.4100128,-16.9116321],[-50.4217925,-16.9083297],[-50.4553188,-16.8876907],[-50.451208,-16.8757112],[-50.458595,-16.8464102],[-50.4438196,-16.8109929],[-50.4491817,-16.7971569]],[[-50.6412158,-16.8349807],[-50.65138,-16.8397663]],[[-52.4854231,-17.3390883],[-52.5155584,-17.3518899]],[[-52.0131113,-17.5013013],[-52.0244996,-17.5009001],[-52.032893,-17.485738]],[[-52.0978583,-17.4145586],[-52.1019794,-17.4102438]],[[-49.3996732,-16.0042521],[-49.4055567,-16.0308821],[-49.4094711,-16.0354438]],[[-49.4094711,-16.0354438],[-49.4214991,-16.0514671],[-49.4331173,-16.0662683],[-49.4417756,-16.0779801],[-49.4444229,-16.0951862],[-49.4443905,-16.1108807],[-49.4565637,-16.1257477],[-49.4564418,-16.1460613],[-49.4522024,-16.158202]],[[-49.4522024,-16.158202],[-49.4483865,-16.1678714],[-49.4283112,-16.1672712]],[[-49.4006447,-16.1942636],[-49.3926711,-16.1876281]],[[-49.3159219,-16.2216602],[-49.3132113,-16.2307476]],[[-49.1958096,-16.152761],[-49.1904924,-16.1411847],[-49.1885835,-16.1402642]],[[-49.1650551,-16.1375697],[-49.1727197,-16.1339723],[-49.1848481,-16.1182184],[-49.1710059,-16.095939],[-49.1520513,-16.0866894],[-49.1463183,-16.0437562],[-49.1551349,-16.0266481]],[[-49.1551349,-16.0266481],[-49.1582529,-16.028776]],[[-49.1582529,-16.028776],[-49.1592793,-16.0573524],[-49.1812823,-16.0830116],[-49.21997,-16.0810658],[-49.2250013,-16.0563722],[-49.2614796,-16.0384649],[-49.2641968,-16.0200513],[-49.2973675,-16.0086858]],[[-49.2973675,-16.0086858],[-49.3649211,-16.0065803],[-49.3666947,-16.0050514]],[[-49.5523927,-14.2017445],[-49.5603882,-14.200333]],[[-49.5616434,-14.2328365],[-49.4970621,-14.2551857],[-49.4735935,-14.4624857],[-49.4980218,-14.4639515],[-49.5228905,-14.475286],[-49.5416177,-14.4638946],[-49.5487282,-14.4990142],[-49.542894,-14.5344947],[-49.5353401,-14.541923],[-49.5520599,-14.5633169],[-49.5573337,-14.5988433],[-49.5669986,-14.6056511],[-49.5727863,-14.6290302],[-49.5668151,-14.6448],[-49.6248713,-14.6765568],[-49.6326912,-14.6478324],[-49.6426742,-14.6309744],[-49.6381097,-14.5931867]],[[-49.6381097,-14.5931867],[-49.6350529,-14.5785156],[-49.6727503,-14.5890235]],[[-49.4349784,-14.6195711],[-49.4321145,-14.606288]],[[-49.4321145,-14.606288],[-49.4525334,-14.5889338],[-49.4536031,-14.5695396],[-49.442085,-14.5521627],[-49.4171917,-14.5374031],[-49.40117,-14.5334347],[-49.3939181,-14.5167694],[-49.3794148,-14.5039383],[-49.3704224,-14.5106379]],[[-49.3704224,-14.5106379],[-49.3699478,-14.5147589]],[[-49.0847205,-17.0603419],[-49.0869497,-17.0662768]],[[-49.2220896,-17.0845206],[-49.2248101,-17.0842718]],[[-49.2248101,-17.0842718],[-49.2186382,-17.1066322],[-49.2120604,-17.1271383],[-49.2168633,-17.1465152],[-49.2103828,-17.1764303],[-49.2002413,-17.1755294],[-49.1965811,-17.2075659],[-49.1854764,-17.2155173],[-49.1727547,-17.2676599],[-49.1844196,-17.2872829],[-49.1816137,-17.3006405],[-49.1967272,-17.315399],[-49.1950922,-17.3445513],[-49.2000555,-17.3534021],[-49.2249185,-17.3528142],[-49.2486457,-17.3444405],[-49.2483354,-17.3604358],[-49.2235019,-17.3979146],[-49.2326435,-17.4514165],[-49.2586997,-17.4594],[-49.2751194,-17.4723687]],[[-49.2751194,-17.4723687],[-49.2833915,-17.4786933]],[[-48.7027449,-17.4964257],[-48.7198581,-17.4932872],[-48.7374692,-17.4842624],[-48.7573632,-17.4809154],[-48.7623675,-17.4624868],[-48.7745861,-17.4570251],[-48.7828079,-17.4408056],[-48.8008044,-17.4318455],[-48.806861,-17.4054651],[-48.7958052,-17.3620149]],[[-48.7958052,-17.3620149],[-48.7911659,-17.345486]],[[-48.8038612,-17.1887776],[-48.8007506,-17.1790646]],[[-51.8288905,-16.0821637],[-51.8438888,-16.0875453]],[[-52.1218357,-16.4723051],[-52.1181958,-16.470998]],[[-48.811994,-15.5154142],[-48.8113873,-15.5124634]],[[-48.8113873,-15.5124634],[-48.8230766,-15.5057933],[-48.8721699,-15.520613],[-48.8955602,-15.5221896],[-48.9150265,-15.5347699],[-48.935362,-15.5121154],[-48.9595536,-15.5119641],[-48.9768065,-15.5309667],[-48.9961386,-15.5389905],[-48.9975272,-15.5555499],[-49.0189967,-15.5704921],[-49.0277489,-15.5446887],[-49.0453328,-15.5228546],[-49.0656643,-15.5101435],[-49.0826391,-15.512871]],[[-49.1848024,-15.5984065],[-49.188719,-15.6105291]],[[-49.2173473,-15.8560155],[-49.2174982,-15.8600229]],[[-49.2174982,-15.8600229],[-49.1998047,-15.8867163],[-49.1988872,-15.9278421],[-49.1746038,-15.9400884],[-49.1807754,-15.9587804],[-49.1525947,-15.9820274],[-49.1409587,-16.014677]],[[-49.1409587,-16.014677],[-49.1551349,-16.0266481]],[[-48.9420529,-16.1312462],[-48.9398676,-16.1344721]],[[-48.9141329,-16.0166191],[-48.9102784,-15.9906327],[-48.8976683,-15.9808782]],[[-48.8269999,-15.6260881],[-48.8272209,-15.6220498],[-48.8243844,-15.6155173],[-48.80486,-15.6000012],[-48.7956629,-15.5900481]],[[-48.4892171,-17.0035675],[-48.4987508,-17.023205],[-48.5273821,-17.0537176],[-48.5370831,-17.0767711],[-48.5599461,-17.0985308],[-48.5725842,-17.1293616]],[[-48.6064145,-17.222873],[-48.4555806,-17.2009478]],[[-48.4555806,-17.2009478],[-48.4518531,-17.2120956],[-48.411605,-17.23061]],[[-48.411605,-17.23061],[-48.3836624,-17.2592218]],[[-48.3792778,-17.3053974],[-48.3715525,-17.3102214],[-48.3676594,-17.3228443],[-48.3666874,-17.3348991],[-48.3750481,-17.3649322],[-48.3808855,-17.3728985],[-48.3866926,-17.3766349],[-48.3886343,-17.3734754]],[[-48.4038536,-17.3464483],[-48.4145279,-17.3426151]],[[-48.4145279,-17.3426151],[-48.4395253,-17.4169815],[-48.4456047,-17.4372315],[-48.4379439,-17.4522844],[-48.4419396,-17.496097],[-48.4595216,-17.5136176],[-48.4761353,-17.5556924],[-48.5026601,-17.5737542]],[[-48.3885783,-17.535446],[-48.3868294,-17.5203939],[-48.3841692,-17.5188538],[-48.3814724,-17.5202411],[-48.3721652,-17.5210862],[-48.3674257,-17.5233857],[-48.3645404,-17.5223645],[-48.3655752,-17.5101777]],[[-48.3655752,-17.5101777],[-48.3686355,-17.507666],[-48.3759076,-17.4986853],[-48.3706942,-17.4754055],[-48.3508893,-17.4516005],[-48.3076041,-17.4461404],[-48.302406,-17.4321882]],[[-48.302406,-17.4321882],[-48.3000797,-17.4312913],[-48.2857167,-17.4320263],[-48.2834158,-17.428749],[-48.2834918,-17.4203771]],[[-48.2834918,-17.4203771],[-48.2883037,-17.4154806],[-48.2543917,-17.3637977],[-48.2434913,-17.3624003],[-48.2411957,-17.3286576],[-48.237109,-17.3257737],[-48.2103021,-17.3240053]],[[-48.2103021,-17.3240053],[-48.2040272,-17.3269738],[-48.2017428,-17.3256042],[-48.1975798,-17.297988]],[[-48.0543338,-15.502232],[-47.4960338,-15.5019256]],[[-47.5698748,-15.0570132],[-47.573792,-15.047089]],[[-49.6156466,-17.2978715],[-49.6260379,-17.2941038]],[[-49.6487238,-17.3020893],[-49.6528358,-17.3050709]],[[-49.8255294,-17.585201],[-49.8205146,-17.590969]],[[-49.8205146,-17.590969],[-49.7922616,-17.6077554],[-49.781903,-17.6284244],[-49.7610074,-17.6429444],[-49.7409364,-17.6449929],[-49.7302532,-17.6535608],[-49.7216243,-17.6620733],[-49.7055692,-17.6741207],[-49.6941746,-17.6869776]],[[-49.4116884,-17.6550178],[-49.4087604,-17.63478],[-49.4027519,-17.6262958]],[[-49.3077818,-17.5351993],[-49.3113661,-17.5309678],[-49.3112228,-17.5285216],[-49.3071719,-17.5255986],[-49.3004203,-17.5265817],[-49.2976106,-17.5248492],[-49.2967242,-17.5216368],[-49.303511,-17.510543]],[[-49.3096399,-17.5007119],[-49.3287021,-17.4780128],[-49.4456096,-17.3291331]],[[-48.8797646,-12.8170611],[-48.9762335,-12.9578931],[-48.9793848,-12.9468414],[-49.0029909,-12.9337856],[-49.0091156,-12.9164814],[-49.0330387,-12.9022575],[-49.0529693,-12.9072467],[-49.0754895,-12.9052517],[-49.0874736,-12.887177],[-49.0732435,-12.869707],[-49.0737183,-12.8458037],[-49.1046307,-12.8354203],[-49.1187595,-12.7895949],[-49.137934,-12.8010694],[-49.1441475,-12.8177577],[-49.1795587,-12.8466265],[-49.2106839,-12.8779345],[-49.2261652,-12.8782885],[-49.2488814,-12.9060402],[-49.2492919,-12.9265398],[-49.2675385,-12.9443663],[-49.2797504,-12.9669855],[-49.2757252,-12.979242],[-49.3069216,-13.0331474],[-49.3372722,-13.0643396],[-49.3520922,-13.0926942],[-49.3543037,-13.1123772],[-49.3410799,-13.1274961],[-49.3535662,-13.1432846],[-49.3473356,-13.1670078],[-49.3492606,-13.2118489],[-49.3404471,-13.2300829],[-49.339619,-13.2536594],[-49.371834,-13.276707]],[[-49.6482764,-13.3521808],[-49.6413971,-13.3580401]],[[-49.7039789,-13.7181802],[-49.7206134,-13.729758]],[[-49.5747776,-13.764396],[-49.5720086,-13.7678269]],[[-49.0843631,-13.5557604],[-49.0869455,-13.5542543]],[[-49.0869455,-13.5542543],[-49.0844994,-13.5490991],[-49.0778602,-13.5469843],[-49.0776646,-13.5417291],[-49.0637776,-13.5286621],[-49.0325045,-13.5161275],[-49.002661,-13.4649722],[-49.0096377,-13.4481642],[-49.0033595,-13.4189639],[-48.9930948,-13.3915607],[-48.9623896,-13.3546054]],[[-48.9623896,-13.3546054],[-48.9598651,-13.342714]],[[-48.9598651,-13.342714],[-48.9425803,-13.337817],[-48.9407754,-13.3180561],[-48.899137,-13.2835661],[-48.9063574,-13.2689272],[-48.9004463,-13.2559585],[-48.8577425,-13.247078],[-48.8560486,-13.2384593],[-48.8575466,-13.2334899]],[[-48.8575466,-13.2334899],[-48.8546853,-13.2180679]],[[-50.2087401,-17.7710762],[-50.2105715,-17.7710043]],[[-50.2105715,-17.7710043],[-50.2324021,-17.7904813],[-50.2632904,-17.7817371],[-50.2660385,-17.7896058],[-50.2649594,-17.8031019]],[[-50.2649594,-17.8031019],[-50.2680723,-17.8103633],[-50.268542,-17.8181615],[-50.2635974,-17.8212322],[-50.2585172,-17.8215248],[-50.2516492,-17.8259122],[-50.2412703,-17.8381869],[-50.2432936,-17.841636]],[[-50.2432936,-17.841636],[-50.2547887,-17.8441013],[-50.2530678,-17.8555699],[-50.2440664,-17.8554675]],[[-50.2440664,-17.8554675],[-50.2337111,-17.8655151],[-50.2329054,-17.8679194],[-50.2358709,-17.8718449],[-50.2357063,-17.8796064],[-50.2402642,-17.8885899]],[[-50.2402642,-17.8885899],[-50.2410745,-17.9039212],[-50.2676773,-17.9096364],[-50.2746263,-17.9147111],[-50.2914618,-17.9106936],[-50.2954027,-17.9359155],[-50.2810692,-17.9517224],[-50.2929033,-17.9746652],[-50.2762685,-17.9880217],[-50.2651516,-17.9728099],[-50.2343248,-17.9859495],[-50.2132324,-17.9848911],[-50.2018273,-17.9817175],[-50.2073775,-18.0003318]],[[-50.2073775,-18.0003318],[-50.2277967,-18.011797],[-50.2173982,-18.0290942]],[[-50.1997988,-18.0468752],[-50.1805112,-18.0670395]],[[-50.0596244,-17.8195792],[-50.0742022,-17.8069277],[-50.0705473,-17.7988421],[-50.0763728,-17.7971543]],[[-50.0763728,-17.7971543],[-50.0807604,-17.7974594]],[[-50.0807604,-17.7974594],[-50.0869801,-17.785265]],[[-46.4170576,-14.0465606],[-46.4307043,-14.0393593]],[[-46.8153516,-14.3503251],[-46.8133702,-14.354731]],[[-46.7341027,-14.388044],[-46.7312311,-14.3920541]],[[-46.7312311,-14.3920541],[-46.7190605,-14.3853934],[-46.6803412,-14.3861986],[-46.6673415,-14.3721399],[-46.6533934,-14.3686779],[-46.6300182,-14.38111],[-46.6031437,-14.3801899],[-46.5758389,-14.38416],[-46.555618,-14.3644027],[-46.5396779,-14.3675267],[-46.5360762,-14.3792818],[-46.5206995,-14.3891738],[-46.4990083,-14.3870031],[-46.4802548,-14.3949975],[-46.4252813,-14.3854831],[-46.4229531,-14.4120469],[-46.4322192,-14.4226812]],[[-46.1958359,-14.2981407],[-46.1912483,-14.293545]],[[-46.0600912,-14.231918],[-46.0524844,-14.2071846],[-46.0610483,-14.1954846],[-46.0982283,-14.1999275],[-46.1129411,-14.1804138],[-46.1181409,-14.1599493],[-46.1321884,-14.1528501],[-46.1581407,-14.1605914],[-46.1841003,-14.1569481],[-46.199313,-14.1269406],[-46.2243922,-14.1050276],[-46.2270476,-14.0489961]],[[-49.2248101,-17.0842718],[-49.2509891,-17.0910053]],[[-49.2992838,-17.3695856],[-49.2999148,-17.379439]],[[-49.2802533,-17.466083],[-49.2751194,-17.4723687]],[[-50.3712704,-18.2309183],[-50.3770687,-18.242754],[-50.4001258,-18.2445844]],[[-50.5847116,-18.1379678],[-50.6020202,-18.1553018],[-50.6194106,-18.1720903],[-50.6638185,-18.1916409],[-50.6859047,-18.1935855],[-50.6928519,-18.1871637],[-50.7282979,-18.1834029]],[[-50.7282979,-18.1834029],[-50.7380434,-18.1891166],[-50.7508535,-18.1900391],[-50.7622093,-18.1864319]],[[-50.7622093,-18.1864319],[-50.7760733,-18.1758441],[-50.8017434,-18.1762274],[-50.817691,-18.1767002],[-50.8225775,-18.2064199],[-50.8072117,-18.2240687]],[[-50.8072117,-18.2240687],[-50.804636,-18.2269621],[-50.8017958,-18.234388],[-50.8100245,-18.2513366]],[[-50.8100245,-18.2513366],[-50.8137126,-18.2555018],[-50.8245239,-18.2762658],[-50.8411052,-18.2857018],[-50.8486887,-18.290409]],[[-50.8486887,-18.290409],[-50.8537958,-18.300467]],[[-50.87411,-18.4502251],[-50.882199,-18.4500458],[-50.8899637,-18.4480579],[-50.8923535,-18.44879],[-50.8975544,-18.4613741]],[[-50.9664986,-18.5127498],[-50.9605828,-18.5323469],[-50.9468044,-18.540265]],[[-50.7883277,-18.6493792],[-50.7726659,-18.6715261]],[[-50.3523236,-18.7602978],[-50.3320133,-18.7248106],[-50.31449,-18.7007498],[-50.2699599,-18.6841723]],[[-50.1078891,-18.3253247],[-50.1159959,-18.316022]],[[-50.1421086,-18.2032298],[-50.1546833,-18.2041093],[-50.1630955,-18.2025465],[-50.1673289,-18.1993676],[-50.1673068,-18.1954361],[-50.1654258,-18.1922379],[-50.1577798,-18.1857064]],[[-50.1538036,-18.1787752],[-50.154521,-18.1660949],[-50.1583361,-18.1597635],[-50.1644159,-18.1561136],[-50.1734736,-18.1551774]],[[-50.1799677,-18.1492555],[-50.1848521,-18.141662]],[[-49.5364051,-15.1852831],[-49.5493188,-15.1820041],[-49.548721,-15.2059461]],[[-49.5844345,-15.3238175],[-49.5811055,-15.3307064],[-49.5750306,-15.3346023],[-49.5746341,-15.3373314],[-49.5768816,-15.3396538],[-49.5816092,-15.337446],[-49.5839371,-15.337878],[-49.5921205,-15.3428576]],[[-49.5902846,-15.351629],[-49.5885658,-15.3632881]],[[-49.6064234,-15.4084261],[-49.5892596,-15.4090147],[-49.5834694,-15.4321691],[-49.5852566,-15.437413],[-49.571618,-15.4542866],[-49.560533,-15.4513992],[-49.556027,-15.4594234],[-49.5588986,-15.4476691],[-49.5416908,-15.4437517],[-49.5395594,-15.4476714]],[[-49.5395594,-15.4476714],[-49.5246963,-15.450181]],[[-49.5246963,-15.450181],[-49.5084744,-15.4378968],[-49.4896256,-15.4373393],[-49.4779461,-15.4348806],[-49.4633069,-15.4314002]],[[-49.4633069,-15.4314002],[-49.465586,-15.4084809],[-49.4562002,-15.3794191],[-49.4858954,-15.3581105],[-49.4923399,-15.3439086],[-49.4845867,-15.3283867],[-49.4980075,-15.3111045],[-49.4988599,-15.2965192],[-49.5132251,-15.2910563],[-49.5189968,-15.2669974],[-49.505672,-15.2483333],[-49.5124207,-15.2238216],[-49.5102886,-15.2085194],[-49.4974747,-15.2026586],[-49.5059823,-15.1785011]],[[-49.4083662,-15.4392871],[-49.4240595,-15.429976],[-49.4322015,-15.4309525],[-49.4405262,-15.4290359]],[[-49.4405262,-15.4290359],[-49.4476671,-15.4315154],[-49.4633069,-15.4314002]],[[-49.5246963,-15.450181],[-49.5426939,-15.448221]],[[-49.5426939,-15.448221],[-49.5400572,-15.4549734]],[[-49.5400572,-15.4549734],[-49.5451879,-15.4680696]],[[-49.3319229,-15.4840434],[-49.3437009,-15.4787487],[-49.340024,-15.4622282],[-49.3416104,-15.4509863],[-49.359698,-15.4448237],[-49.3639474,-15.4301834],[-49.3865945,-15.4397794],[-49.4083662,-15.4392871]],[[-48.8387121,-17.7213163],[-48.8395321,-17.725831]],[[-48.8470578,-17.9063594],[-48.8239732,-17.9154827]],[[-48.7184756,-17.8446567],[-48.7260216,-17.8352473]],[[-50.9411547,-17.094583],[-50.949197,-17.0923017]],[[-51.1249211,-17.2238833],[-51.1168366,-17.2362038],[-51.1235666,-17.272066]],[[-50.9500341,-17.406474],[-50.9375353,-17.4141315],[-50.9533138,-17.4318625]],[[-51.5385843,-17.378495],[-51.5265992,-17.3500447]],[[-51.5265992,-17.3500447],[-51.5455642,-17.3253039],[-51.5671208,-17.3164998],[-51.6041712,-17.304683]],[[-51.6729556,-17.2813375],[-51.6887236,-17.2757289]],[[-51.1556867,-18.1258244],[-51.1511882,-18.1405406]],[[-51.1399983,-18.2960965],[-51.1464394,-18.300562]],[[-50.8688785,-18.3050081],[-50.8486887,-18.290409]],[[-50.8100245,-18.2513366],[-50.8097455,-18.2444552],[-50.8017967,-18.2333052],[-50.8072117,-18.2240687]],[[-50.7622093,-18.1864319],[-50.7548231,-18.1895918],[-50.7398552,-18.1897519],[-50.7282979,-18.1834029]],[[-50.3604907,-18.1619495],[-50.355152,-18.1588809]],[[-50.4676244,-17.9518659],[-50.4722896,-17.9502898]],[[-50.4722896,-17.9502898],[-50.4888814,-17.9444456],[-50.4996274,-17.9505761],[-50.5260173,-17.9505259],[-50.5467907,-17.9663941],[-50.567854,-17.9700349],[-50.59368,-17.9797288],[-50.6096269,-17.9812799],[-50.6573831,-17.9721458],[-50.666545,-17.9760756],[-50.7014421,-17.9710919],[-50.7223628,-17.9512886],[-50.6883526,-17.9149645],[-50.6660983,-17.8970973],[-50.6479362,-17.8737623],[-50.649209,-17.8660843],[-50.6682438,-17.8587082],[-50.6758775,-17.8458418],[-50.7048263,-17.8450741],[-50.7447987,-17.8322106],[-50.7544371,-17.8075006],[-50.7821892,-17.7854556],[-50.780251,-17.7682384],[-50.7866892,-17.7493898],[-50.7747245,-17.7433942],[-50.7648952,-17.7322231],[-50.7583005,-17.7239762],[-50.7369659,-17.7145396],[-50.7221074,-17.6993204],[-50.7162932,-17.6908212],[-50.7018765,-17.6626251]],[[-50.7018765,-17.6626251],[-50.709854,-17.6463353]],[[-50.709854,-17.6463353],[-50.7355252,-17.5937007],[-50.750464,-17.5801947],[-50.7541539,-17.5475973],[-50.7502977,-17.5419757],[-50.74971,-17.5343124],[-50.7513832,-17.5313358],[-50.7437123,-17.5236305],[-50.7383199,-17.5164739],[-50.7214303,-17.5077339],[-50.7072485,-17.4989166],[-50.6916298,-17.4798],[-50.6714048,-17.4822771],[-50.6467747,-17.455999],[-50.6538202,-17.4087944],[-50.6355478,-17.4063212],[-50.6314928,-17.3871608],[-50.6301254,-17.3830947]],[[-50.6301254,-17.3830947],[-50.6314934,-17.3676429]],[[-49.8242866,-15.0823345],[-49.8283128,-15.0886309]],[[-50.0548923,-15.1847628],[-50.0420614,-15.2058739]],[[-50.0590438,-15.2247179],[-50.06686,-15.2289149]],[[-49.8965622,-15.3263428],[-49.8798656,-15.3278332],[-49.8630321,-15.3325759],[-49.8380108,-15.3191108],[-49.7863404,-15.2808968]],[[-49.7863404,-15.2808968],[-49.7714962,-15.2884996]],[[-49.7707283,-15.2286587],[-49.6673374,-15.0682973],[-49.6760056,-15.0703284]],[[-50.3649873,-16.1482272],[-50.3725266,-16.1482719]],[[-50.4583844,-16.2521453],[-50.4656871,-16.266358]],[[-50.5365103,-16.495884],[-50.5344564,-16.5003725]],[[-50.5344564,-16.5003725],[-50.5140666,-16.5037038],[-50.5072831,-16.5098133],[-50.507453,-16.5034007],[-50.5052125,-16.50293],[-50.5003096,-16.4904729],[-50.4947784,-16.4739531],[-50.4922859,-16.4588544],[-50.4792757,-16.4468734],[-50.4749371,-16.4390575],[-50.4672975,-16.429066],[-50.4766343,-16.4132284],[-50.472951,-16.3907868],[-50.4631276,-16.3908162],[-50.461323,-16.3674116],[-50.4428191,-16.3718169],[-50.4429925,-16.3659647],[-50.4360042,-16.3518705],[-50.4426659,-16.3385616],[-50.4321269,-16.3131723],[-50.4111033,-16.2891142],[-50.4037127,-16.2890373],[-50.3919521,-16.2856393],[-50.3756136,-16.2902142],[-50.3678685,-16.2890917],[-50.3665209,-16.2911017],[-50.3625239,-16.2935549],[-50.3542757,-16.2985867],[-50.3474677,-16.3008339],[-50.3484169,-16.3037091],[-50.3430383,-16.3022684],[-50.3320339,-16.3085306],[-50.3241528,-16.3124747],[-50.3072684,-16.3256117],[-50.2877812,-16.3121365],[-50.2456214,-16.3225368],[-50.2449596,-16.3400232]],[[-50.2449596,-16.3400232],[-50.2474004,-16.3448941],[-50.2473573,-16.3490083]],[[-50.221709,-16.316139],[-50.2262601,-16.3018595]],[[-49.6864201,-16.5294985],[-49.6985818,-16.5284698]],[[-49.7286091,-16.5731747],[-49.7293507,-16.5829246]],[[-49.7331568,-16.6281187],[-49.730508,-16.6380424]],[[-49.7262903,-16.6616305],[-49.7164226,-16.6705866]],[[-49.693812,-16.6664952],[-49.6757056,-16.6694095]],[[-49.6757056,-16.6694095],[-49.6659761,-16.6679988],[-49.6594243,-16.6608659],[-49.654361,-16.630056],[-49.6429751,-16.6166643],[-49.6372294,-16.5959023],[-49.6007842,-16.5601564],[-49.5959769,-16.5432929],[-49.6279227,-16.5524266],[-49.6386756,-16.5425894],[-49.6864201,-16.5294985]],[[-48.4044103,-17.2389449],[-48.411605,-17.23061]],[[-48.4555806,-17.2009478],[-48.703221,-17.238207]],[[-48.7941418,-17.3538386],[-48.7958052,-17.3620149]],[[-48.4145279,-17.3426151],[-48.4247454,-17.3423759]],[[-51.1205225,-15.4419605],[-51.1158194,-15.4297035]],[[-50.539549,-17.6201639],[-50.5416814,-17.6141006],[-50.5495674,-17.6016067],[-50.5604411,-17.5954183],[-50.5617387,-17.593023]],[[-50.5617387,-17.593023],[-50.5695731,-17.602273],[-50.5902431,-17.6074662],[-50.6040189,-17.611554],[-50.6179599,-17.6325752],[-50.6353492,-17.6237936],[-50.6637718,-17.6383627],[-50.6636863,-17.6495486],[-50.692127,-17.6601529]],[[-50.692127,-17.6601529],[-50.7018765,-17.6626251]],[[-50.4722896,-17.9502898],[-50.4410395,-17.9410751]],[[-50.3472122,-17.9441935],[-50.3643465,-17.9304228]],[[-50.3643465,-17.9304228],[-50.3626531,-17.9190446],[-50.3818497,-17.9160004],[-50.3851842,-17.9038918],[-50.3732906,-17.8916586],[-50.4016535,-17.8818614],[-50.4124345,-17.894438]],[[-50.4124345,-17.894438],[-50.4161255,-17.8878829],[-50.4237949,-17.8807294],[-50.4200642,-17.8674564]],[[-50.4200642,-17.8674564],[-50.4158985,-17.8478871],[-50.3975471,-17.8414276],[-50.4413485,-17.7998986],[-50.4349073,-17.7621849],[-50.4517056,-17.7539779],[-50.4510178,-17.7392674],[-50.4241252,-17.7319611],[-50.419294,-17.7136592],[-50.4139106,-17.7092177],[-50.4015489,-17.6980446],[-50.4214301,-17.7062279],[-50.4287077,-17.710626]],[[-50.4287077,-17.710626],[-50.4418497,-17.7236116],[-50.4518899,-17.7272697],[-50.4558378,-17.7274284],[-50.4599041,-17.7252112],[-50.4614873,-17.7160904]],[[-50.4614873,-17.7160904],[-50.4562339,-17.703258]],[[-50.4562339,-17.703258],[-50.4657318,-17.7003371],[-50.4673478,-17.6975939],[-50.4648786,-17.680743]],[[-50.4648786,-17.680743],[-50.4673455,-17.6769965]],[[-50.4673455,-17.6769965],[-50.4768521,-17.6690474],[-50.4782429,-17.6513616]],[[-49.2899692,-14.9921044],[-49.3249711,-14.9909667]],[[-49.4405262,-15.4290359],[-49.4255345,-15.4294746],[-49.4134182,-15.4374716],[-49.4083662,-15.4392871]],[[-49.2879397,-15.4410448],[-49.2839769,-15.4373871]],[[-52.9253395,-16.8374786],[-52.9479685,-16.8450493],[-52.9453847,-16.8558893],[-52.9711544,-16.8695909],[-52.976404,-16.8636838],[-53.0054934,-16.8652765],[-53.0174078,-16.8782915],[-53.0191666,-16.9002232],[-53.0394551,-16.9126931],[-53.0350329,-16.9424731],[-53.053547,-16.9788949],[-53.0608971,-17.0305634],[-53.071421,-17.0496052],[-53.0548061,-17.0641756],[-53.0874917,-17.1008125],[-53.110745,-17.1081403],[-53.1275167,-17.1545758],[-53.1566662,-17.1706845],[-53.1551668,-17.1868367],[-53.170546,-17.2212193],[-53.1718272,-17.2331751],[-53.194285,-17.2742097],[-53.2080973,-17.2931612],[-53.2118412,-17.3272933],[-53.2019544,-17.340922],[-53.2009055,-17.3718219],[-53.2109679,-17.4026593],[-53.2201911,-17.4132848],[-53.2281141,-17.4378245],[-53.2234972,-17.4586332],[-53.2344451,-17.479059],[-53.2441223,-17.5229237],[-53.2400099,-17.5511263],[-53.2450244,-17.5629398],[-53.2362465,-17.5782373],[-53.2387109,-17.6045715]],[[-52.899497,-17.2891986],[-52.8897094,-17.2876468],[-52.8857457,-17.2797099],[-52.8838456,-17.2694464]],[[-49.039132,-14.5771455],[-49.0394094,-14.5805006]],[[-49.0394094,-14.5805006],[-49.0344119,-14.6029631],[-49.0184999,-14.606768],[-49.0170015,-14.6221398],[-49.0428014,-14.6060569],[-49.0540827,-14.6171083],[-49.0286987,-14.6349298],[-49.014886,-14.6627143],[-49.0217716,-14.684995],[-48.9993366,-14.7114226],[-49.0103042,-14.7204507],[-49.0419726,-14.7086762],[-49.0610027,-14.7235243],[-49.0696346,-14.7435806],[-49.0867171,-14.7308269],[-49.1095296,-14.7357056],[-49.1161628,-14.746185],[-49.143469,-14.7337502]],[[-49.143469,-14.7337502],[-49.1493932,-14.7359733],[-49.151085,-14.7392691],[-49.1521352,-14.7685839]],[[-49.1521352,-14.7685839],[-49.164053,-14.7729314],[-49.1930544,-14.7686885]],[[-49.2051682,-14.8155707],[-49.209028,-14.8175609],[-49.2134197,-14.8295365],[-49.2130297,-14.8337002],[-49.2053295,-14.8465348],[-49.1993292,-14.8475623],[-49.1963918,-14.8498158],[-49.1953046,-14.8582014],[-49.1926421,-14.860074]],[[-49.1926421,-14.860074],[-49.1914387,-14.8975214],[-49.1566354,-14.8817467],[-49.1339466,-14.8668342],[-49.1048009,-14.8535834],[-49.0851628,-14.8790315],[-49.0923069,-14.888627],[-49.0903347,-14.9087115],[-49.0990785,-14.9285854],[-49.1106086,-14.9416314],[-49.1211392,-14.9458647],[-49.1197756,-14.9666838],[-49.1327514,-14.9977204]],[[-49.1327514,-14.9977204],[-49.1438605,-15.0028128]],[[-49.0953152,-15.160879],[-49.0824651,-15.1502879]],[[-48.9981618,-15.0526657],[-48.9968325,-15.0367092],[-49.0039674,-15.0292811],[-49.010802,-15.028774],[-49.0125494,-15.0303877]],[[-48.9460274,-14.6842291],[-48.9581987,-14.6747288]],[[-49.533196,-15.977369],[-49.5203891,-16.0002866],[-49.5366965,-16.0314086],[-49.5390809,-16.0630512],[-49.5401485,-16.0823009],[-49.5388934,-16.0919418]],[[-49.5388934,-16.0919418],[-49.5355011,-16.1027729],[-49.5298947,-16.1097432],[-49.5243495,-16.1225398],[-49.516841,-16.1260637]],[[-49.4595318,-16.1598432],[-49.4522024,-16.158202]],[[-49.4094711,-16.0354438],[-49.4051184,-16.0265477]],[[-48.9523284,-13.3485699],[-48.9623896,-13.3546054]],[[-49.0869455,-13.5542543],[-49.0748023,-13.558143]],[[-49.1253904,-13.6791176],[-49.1291119,-13.6870027]],[[-48.9919104,-13.746629],[-48.9899115,-13.7337083],[-48.9806395,-13.7321938]],[[-48.8332209,-13.4801572],[-48.836133,-13.4762822]],[[-48.836133,-13.4762822],[-48.848415,-13.4661106],[-48.8503833,-13.4625042],[-48.8484966,-13.4541639],[-48.8543562,-13.44749],[-48.8718293,-13.4229506],[-48.8784187,-13.4214467],[-48.8913365,-13.4255076],[-48.8937136,-13.4148377],[-48.9064943,-13.3820183],[-48.9394433,-13.3705159],[-48.9351094,-13.3519998],[-48.9520816,-13.3453926],[-48.9523284,-13.3485699]],[[-49.8181496,-13.9507227],[-49.8195509,-13.9425619]],[[-49.8195509,-13.9425619],[-49.8350329,-13.9557798],[-49.8619434,-13.9511404],[-49.852397,-13.9718067],[-49.85362,-13.9811416],[-49.8818413,-13.9863649],[-49.8734239,-14.0098222],[-49.8842803,-14.0332919],[-49.87342,-14.0451919],[-49.8941404,-14.0614611],[-49.8890317,-14.0788868],[-49.8671466,-14.1181034],[-49.8465637,-14.1150727],[-49.8313631,-14.1359639],[-49.832259,-14.1493095],[-49.8466221,-14.1765572],[-49.8599245,-14.1807444],[-49.8296206,-14.2044899],[-49.8176982,-14.1996882],[-49.8062594,-14.21747],[-49.8079467,-14.2219467],[-49.8247026,-14.2324473],[-49.8253975,-14.2365334],[-49.821363,-14.2500795],[-49.8119789,-14.2665354],[-49.809711,-14.2579143],[-49.8043006,-14.2757457],[-49.7891397,-14.3042691]],[[-49.7891397,-14.3042691],[-49.7909241,-14.3096457]],[[-49.6972257,-14.4620675],[-49.6904285,-14.4697537]],[[-49.6337541,-14.5702509],[-49.6381097,-14.5931867]],[[-49.7449533,-14.1304696],[-49.7338692,-14.1149625],[-49.7354508,-14.0971304],[-49.7343433,-14.0806906]],[[-49.7384806,-14.0766774],[-49.7449743,-14.0825792]],[[-50.6087969,-17.3761848],[-50.6301254,-17.3830947]],[[-50.709854,-17.6463353],[-50.692127,-17.6601529]],[[-50.5617387,-17.593023],[-50.5587428,-17.5960294]],[[-50.5239911,-17.4323641],[-50.5273817,-17.4292555]],[[-49.3331088,-16.555598],[-49.3299965,-16.5558322]],[[-48.3520382,-15.823718],[-48.363886,-15.8189561],[-48.3793503,-15.820977]],[[-48.3793503,-15.820977],[-48.379128,-15.8251922]],[[-48.4199598,-15.9089145],[-48.4172976,-15.9228019]],[[-48.4097194,-15.9766602],[-48.4037681,-15.9768761]],[[-48.1445458,-16.1747733],[-48.1416877,-16.1714589],[-48.1441308,-16.1685569],[-48.1428871,-16.1645553]],[[-48.1506836,-16.1023183],[-48.1432169,-16.0904181],[-48.1342475,-16.0832451],[-48.11893,-16.0734082]],[[-48.0848109,-16.0496759],[-48.2778112,-16.0495978],[-48.2662799,-16.0012797],[-48.2513944,-15.955654],[-48.2587351,-15.9296878],[-48.2771091,-15.9074416],[-48.2716483,-15.883715],[-48.2858068,-15.8445339],[-48.2814527,-15.8298781]],[[-46.2357369,-13.7081456],[-46.2406728,-13.6944292],[-46.2561978,-13.6841624],[-46.2163979,-13.6359857],[-46.1884036,-13.6222711],[-46.1627454,-13.6036421],[-46.1675389,-13.5897333],[-46.1996428,-13.5725394],[-46.2317192,-13.5832136],[-46.24138,-13.5713861],[-46.2374522,-13.5445555],[-46.2472571,-13.5216887],[-46.2302613,-13.511774],[-46.2257335,-13.4935343],[-46.233156,-13.4817453],[-46.212896,-13.4722971],[-46.2101648,-13.4618865],[-46.2373491,-13.4348044],[-46.2319648,-13.4185849],[-46.2123325,-13.4190146],[-46.1917297,-13.4099817],[-46.1622858,-13.3826351],[-46.1354731,-13.3755242],[-46.0993391,-13.3344932],[-46.0733396,-13.3113689],[-46.0682755,-13.2954418],[-46.0802173,-13.2738374],[-46.1032194,-13.2575102],[-46.1748511,-13.2769535],[-46.2202554,-13.2956893],[-46.2924869,-13.3169301],[-46.317902,-13.3052278],[-46.2999859,-13.2828818],[-46.3055418,-13.2516639],[-46.3276793,-13.2529237],[-46.3203834,-13.2314274],[-46.3043483,-13.2059795],[-46.3070303,-13.1706718],[-46.2996101,-13.1281286],[-46.3157947,-13.1187347],[-46.316385,-13.0909773],[-46.2987271,-13.063779]],[[-46.2987271,-13.063779],[-46.4494168,-13.0550896]],[[-46.7145155,-13.3854343],[-46.7147025,-13.387622]],[[-46.8372493,-13.6034799],[-46.8469278,-13.6142231],[-46.8517341,-13.6155173],[-46.8543282,-13.6225361],[-46.8534791,-13.6281822],[-46.8505643,-13.6332782]],[[-46.8270029,-13.8410952],[-46.8255869,-13.8446112]],[[-46.765055,-13.820745],[-46.7519815,-13.8247407]],[[-46.3119455,-13.713463],[-46.3054838,-13.7026116],[-46.3027715,-13.7008171],[-46.2882526,-13.7009426]],[[-49.36597,-16.0056756],[-49.2973675,-16.0086858]],[[-49.1582529,-16.028776],[-49.1409587,-16.014677]],[[-49.2174982,-15.8600229],[-49.2171829,-15.8496084]],[[-47.8252129,-14.3547587],[-47.8266008,-14.3518777]],[[-47.478288,-14.7993349],[-47.4784041,-14.817346]],[[-47.1543105,-14.5477115],[-47.1453721,-14.5379718]],[[-46.9964264,-14.0814953],[-46.9908674,-14.0818207],[-46.9863365,-14.0767148],[-46.985004,-14.0669965],[-46.9871172,-14.0575769]],[[-50.3613625,-16.6992323],[-50.3615476,-16.7026265]],[[-50.284539,-16.8897593],[-50.2840379,-16.8855811]],[[-50.2825626,-16.8022305],[-50.2846243,-16.8024526]],[[-50.5344564,-16.5003725],[-50.5397943,-16.5025255]],[[-50.5615387,-16.5213812],[-50.5585352,-16.5232859]],[[-50.4841828,-16.6375711],[-50.4739857,-16.632501],[-50.4637637,-16.6301604]],[[-50.2822614,-16.5248185],[-50.2836742,-16.515577],[-50.281231,-16.5062706],[-50.2715654,-16.500959],[-50.2662391,-16.4915264]],[[-50.2267093,-16.4521404],[-50.2223217,-16.475459],[-50.2079831,-16.47823],[-50.1943142,-16.4682413],[-50.1842357,-16.4678157],[-50.1779523,-16.4744109]],[[-50.1779523,-16.4744109],[-50.1655353,-16.4732824]],[[-50.2352039,-16.3541932],[-50.2437086,-16.3554542],[-50.2463717,-16.3542378],[-50.2476521,-16.346027],[-50.2449596,-16.3400232]],[[-49.4275042,-14.9658096],[-49.4250032,-14.9731878]],[[-49.425366,-14.9945035],[-49.407972,-15.0047153],[-49.3920563,-15.0026473]],[[-49.3271078,-14.9905581],[-49.1327514,-14.9977204]],[[-49.1926421,-14.860074],[-49.1947242,-14.8588091],[-49.1958415,-14.8512919],[-49.1976126,-14.8486141],[-49.2033879,-14.8473855],[-49.205669,-14.8455967]],[[-49.8426108,-13.1546205],[-49.909312,-12.9746765],[-49.9094995,-12.9674625],[-49.9330662,-12.9566911],[-49.9499656,-12.9592881],[-49.9818153,-12.9420719],[-49.9929766,-12.9443222],[-50.0093375,-12.9310255],[-50.0374525,-12.9356091],[-50.0558533,-12.9202356],[-50.0917026,-12.9085261],[-50.1470251,-12.9032391],[-50.1578672,-12.8931307],[-50.185178,-12.8936382],[-50.2244967,-12.87304],[-50.225444,-12.8599517],[-50.2504494,-12.85349],[-50.2960416,-12.8314538],[-50.3076852,-12.8174172],[-50.3107784,-12.7916062],[-50.3024772,-12.7473437],[-50.2882198,-12.7348842],[-50.2832766,-12.7177793],[-50.2938011,-12.7118934],[-50.2954765,-12.6836702],[-50.271462,-12.6832418],[-50.2636153,-12.6665305],[-50.2684329,-12.6517489],[-50.2363815,-12.6236716],[-50.2447603,-12.5974743],[-50.2375277,-12.5787353],[-50.2240634,-12.5852615],[-50.207071,-12.5665508],[-50.2136392,-12.5466268],[-50.2293899,-12.5305762],[-50.2184498,-12.514831],[-50.2151519,-12.4819909],[-50.2036408,-12.4755454],[-50.1959852,-12.4569383],[-50.1855685,-12.4560267],[-50.1791191,-12.4383606],[-50.1585986,-12.4306227],[-50.170666,-12.418804],[-50.2117812,-12.4355973],[-50.2283186,-12.4541338],[-50.2530304,-12.4616048],[-50.2616921,-12.477218],[-50.3054581,-12.4923695],[-50.3229827,-12.5054223],[-50.3695501,-12.557338],[-50.386478,-12.5898503],[-50.4174398,-12.6232317],[-50.4171486,-12.6349777],[-50.4363734,-12.6781082],[-50.4389381,-12.6975408],[-50.4615127,-12.6931375],[-50.4772469,-12.7533954],[-50.4749808,-12.7707892],[-50.4932856,-12.7836871],[-50.4838415,-12.8105787],[-50.4958557,-12.844634],[-50.5109811,-12.8608983],[-50.4995743,-12.8795099],[-50.510974,-12.8867658],[-50.5134792,-12.9128663],[-50.5263757,-12.9339305],[-50.5241438,-12.9736516],[-50.5376929,-12.9774134],[-50.548804,-12.9928203],[-50.5905238,-13.0004264],[-50.5935939,-13.0072101],[-50.5690214,-13.0424957],[-50.5763134,-13.0541372],[-50.6064732,-13.0540029],[-50.6103187,-13.0647588],[-50.6039102,-13.0865877],[-50.5945502,-13.096701],[-50.5928955,-13.1213082],[-50.5995303,-13.1360913],[-50.5936237,-13.1636575],[-50.6059358,-13.1875102],[-50.5841755,-13.2176963],[-50.592727,-13.2605582],[-50.6066294,-13.2789389],[-50.6111019,-13.3202288]],[[-50.4738598,-13.5642002],[-50.4522834,-13.5632437]],[[-50.3785902,-13.5750513],[-50.3773194,-13.565515],[-50.3742171,-13.5601215],[-50.3515895,-13.5525297]],[[-49.9846777,-13.4891714],[-49.9737022,-13.4892467]],[[-48.785273,-16.8467992],[-48.7874664,-16.8359993]],[[-48.7874664,-16.8359993],[-48.788611,-16.8360517],[-48.7921926,-16.8448229],[-48.7918585,-16.8620238]],[[-48.6566129,-17.1243855],[-48.6449661,-17.1250152],[-48.6396865,-17.1310709],[-48.6385289,-17.1377197],[-48.6407732,-17.1400675],[-48.6404679,-17.1421842],[-48.6433027,-17.144075]],[[-48.5725842,-17.1293616],[-48.5842497,-17.1164827],[-48.5861878,-17.0904805],[-48.5678287,-17.0649995],[-48.5546596,-17.0563662],[-48.5494945,-17.0384727],[-48.5346885,-17.0216323],[-48.5303571,-17.0000095],[-48.5419136,-16.9782439],[-48.5571104,-16.9675832],[-48.575944,-16.9594326],[-48.5969922,-16.9262877]],[[-48.5969922,-16.9262877],[-48.5969955,-16.924201]],[[-48.5969955,-16.924201],[-48.6109944,-16.9249201],[-48.6195794,-16.9215883],[-48.6381592,-16.9040864],[-48.6464353,-16.8860969],[-48.6886916,-16.8887872],[-48.7009933,-16.8769936],[-48.7229171,-16.8451586],[-48.7636982,-16.8416795],[-48.7742766,-16.8562763],[-48.7820839,-16.8526535],[-48.785273,-16.8467992]],[[-49.7685879,-15.2904004],[-49.7863404,-15.2808968]],[[-49.9066177,-15.3719485],[-49.9106171,-15.3712742]],[[-49.862974,-15.3953755],[-49.8623815,-15.4385657]],[[-49.761505,-15.3107772],[-49.759771,-15.3061976],[-49.7604419,-15.3024416],[-49.7584638,-15.2989313],[-49.7474651,-15.2926751]],[[-49.7474651,-15.2926751],[-49.748585,-15.292141]],[[-50.5870376,-18.9159516],[-50.6016688,-18.9260424],[-50.6155401,-18.9279166],[-50.6788331,-18.9134918]],[[-50.6936125,-18.9674986],[-50.7069918,-19.001002]],[[-50.6456782,-19.1347831],[-50.6054215,-19.1354766],[-50.5877655,-19.1399476],[-50.5730293,-19.1223828],[-50.5488949,-19.1117071],[-50.5336569,-19.0969253],[-50.5049146,-19.0507551],[-50.4950762,-19.0128685],[-50.5040182,-19.0044822],[-50.5006273,-18.9762627],[-50.5118782,-18.9519649],[-50.5056842,-18.9322003],[-50.4731522,-18.921426]],[[-49.1556541,-16.7793441],[-49.1589626,-16.7923922]],[[-49.1598402,-16.828288],[-49.156504,-16.8241612],[-49.1474139,-16.825691]],[[-49.067086,-16.7837128],[-49.0611902,-16.7819731]],[[-49.0125076,-16.6628093],[-49.0218525,-16.65585]],[[-52.3099717,-18.5006236],[-52.3122743,-18.5018291]],[[-51.8443432,-18.1414039],[-51.8560315,-18.1352207],[-51.8661716,-18.1353044],[-51.8790081,-18.1389787]],[[-48.517128,-16.3306294],[-48.5179669,-16.3318294]],[[-48.874691,-16.4005535],[-48.9003067,-16.4184324]],[[-48.8399099,-16.655557],[-48.8563805,-16.6557756]],[[-48.8686541,-16.7678323],[-48.8560598,-16.7514326]],[[-48.7901378,-16.8296959],[-48.785273,-16.8467992]],[[-48.5969955,-16.924201],[-48.5986935,-16.9160822]],[[-48.5986935,-16.9160822],[-48.5936402,-16.8971132],[-48.5732506,-16.8570452],[-48.573581,-16.8443779],[-48.5549073,-16.7969101],[-48.5476915,-16.793309],[-48.5327423,-16.7314825],[-48.5242521,-16.6793612],[-48.5085786,-16.6480071],[-48.4662427,-16.6432135],[-48.4494447,-16.6310955],[-48.4002147,-16.6289385],[-48.3948261,-16.6324127],[-48.3811383,-16.6314143],[-48.3644115,-16.6451103],[-48.3465722,-16.6478227],[-48.3206874,-16.6624909],[-48.3113502,-16.686984],[-48.2949092,-16.704935],[-48.2676892,-16.7202946]],[[-48.2676892,-16.7202946],[-48.2677405,-16.724841],[-48.2643505,-16.7374611],[-48.2515188,-16.7392402]],[[-48.1968862,-16.7334088],[-48.1947174,-16.7350037]],[[-48.3811865,-16.3137668],[-48.376473,-16.3032112]],[[-46.7312311,-14.3920541],[-46.7181793,-14.3948171]],[[-46.4661769,-14.4717955],[-46.4549216,-14.4723078]],[[-46.5261346,-15.0563684],[-46.5154789,-15.0617918],[-46.502722,-15.0508979],[-46.5206716,-15.0137398],[-46.5308107,-15.0052785],[-46.5210077,-14.967394],[-46.5408375,-14.9516036],[-46.5465359,-14.9254445],[-46.5398657,-14.8919004],[-46.533234,-14.888141],[-46.521556,-14.8511795],[-46.5319268,-14.8302984],[-46.5585055,-14.8221536],[-46.5604796,-14.8150145]],[[-46.3346162,-14.4531315],[-46.3607557,-14.4413579]],[[-46.3967653,-14.4743329],[-46.3971242,-14.4762933]],[[-46.4735017,-14.6358036],[-46.4847358,-14.6425082],[-46.4999708,-14.6652846]],[[-46.4999708,-14.6652846],[-46.4972613,-14.675259],[-46.5034458,-14.7040758]],[[-46.5034458,-14.7040758],[-46.4900153,-14.7099983],[-46.4765621,-14.7050974],[-46.4659775,-14.7136008],[-46.4631397,-14.7311744],[-46.4473617,-14.7316769],[-46.4238049,-14.7559729],[-46.4045319,-14.7603312],[-46.3657836,-14.795406],[-46.3550072,-14.7942008],[-46.3221999,-14.8145803],[-46.325087,-14.8456231],[-46.3004725,-14.8580787],[-46.3181674,-14.8832583],[-46.3193358,-14.900439],[-46.3061122,-14.911553],[-46.29467,-14.9086131],[-46.2868648,-14.9281457],[-46.2600565,-14.9300408],[-46.2322235,-14.9222961],[-46.2244688,-14.9417314],[-46.2113038,-14.9369656],[-46.1755505,-14.9494252],[-46.1615537,-14.9310482],[-46.1643605,-14.913471],[-46.1387485,-14.9284954],[-46.1203001,-14.9200586],[-46.1089403,-14.9378484],[-46.0881416,-14.9363926],[-46.0793361,-14.9048431],[-46.0673034,-14.9097754],[-46.0485611,-14.8782827],[-46.0252869,-14.8557565],[-46.0411979,-14.8264946],[-46.0186719,-14.8185497],[-46.0191571,-14.8030889],[-46.0025841,-14.795839],[-45.9989273,-14.7682823],[-46.007302,-14.7509791],[-45.9970579,-14.7413414],[-46.0046968,-14.7298363],[-45.9990602,-14.7159387],[-46.0055037,-14.688998],[-46.020865,-14.6910735],[-46.0250768,-14.6781274]],[[-49.6491156,-16.1158567],[-49.6414474,-16.1150066]],[[-49.528419,-16.113461],[-49.5360073,-16.1016685],[-49.5388934,-16.0919418]],[[-49.549556,-15.9748047],[-49.5520036,-15.968195]],[[-47.2303757,-13.4488686],[-47.2471965,-13.4476621]],[[-47.2013699,-13.8635622],[-47.1981516,-13.8612988]],[[-47.1678128,-13.6912114],[-47.1506803,-13.6828107],[-47.1487063,-13.6778338],[-47.149913,-13.6706083]],[[-47.1267616,-13.4391826],[-47.1328983,-13.4355014],[-47.1393542,-13.4237386]],[[-49.1232277,-16.5083589],[-49.1277354,-16.512951]],[[-48.9819911,-16.4046063],[-48.980913,-16.3989988]],[[-47.7718265,-18.2852654],[-47.8766801,-18.2840391]],[[-47.8604536,-18.4401908],[-47.8370414,-18.4358278],[-47.829735,-18.4113034],[-47.810572,-18.4001154],[-47.7984968,-18.4163092],[-47.7790168,-18.4241351],[-47.7571061,-18.4098729],[-47.7564309,-18.3992713],[-47.7369631,-18.3626023],[-47.7168546,-18.3620882],[-47.7072694,-18.3803801],[-47.6940404,-18.3749681],[-47.682822,-18.3550183],[-47.6707087,-18.3574747],[-47.6624567,-18.3350847],[-47.6461849,-18.3402287],[-47.625637,-18.3305734],[-47.6102099,-18.3157125]],[[-49.6153097,-16.5059535],[-49.6236123,-16.4929673]],[[-49.6866748,-16.5022285],[-49.6957528,-16.5193587]],[[-49.6957528,-16.5193587],[-49.6864201,-16.5294985]],[[-49.6757056,-16.6694095],[-49.6885861,-16.6708933]],[[-49.5089651,-16.8027562],[-49.5173732,-16.7953564]],[[-49.4479238,-16.7246961],[-49.4451417,-16.7043835]],[[-49.3893874,-16.6035592],[-49.3946209,-16.5953903]],[[-48.8531088,-13.2211984],[-48.8575466,-13.2334899]],[[-48.9598651,-13.342714],[-48.9523284,-13.3485699]],[[-48.836133,-13.4762822],[-48.8330831,-13.4755343]],[[-50.2355376,-16.5049681],[-50.2322363,-16.5153015],[-50.2330089,-16.5180196],[-50.238682,-16.5228454],[-50.2427588,-16.5297972]],[[-50.1546524,-16.6811047],[-50.0066926,-16.6205847]],[[-50.1694235,-16.4766528],[-50.1779523,-16.4744109]],[[-50.4769335,-17.6570316],[-50.4673455,-17.6769965]],[[-50.4648786,-17.680743],[-50.4673249,-17.6949133],[-50.4664319,-17.6995892],[-50.4562339,-17.703258]],[[-50.4614873,-17.7160904],[-50.4606584,-17.7242586],[-50.457049,-17.7270262],[-50.4501269,-17.727062],[-50.440427,-17.7227424],[-50.4287077,-17.710626]],[[-50.4200642,-17.8674564],[-50.4235961,-17.8781692],[-50.4234583,-17.881748],[-50.4188218,-17.8846939],[-50.4124345,-17.894438]],[[-50.3643465,-17.9304228],[-50.3487299,-17.9359396],[-50.3405547,-17.9541276]],[[-50.2958725,-18.0229055],[-50.2822507,-18.0292203],[-50.2504356,-18.0314797],[-50.2429634,-18.0258992]],[[-50.2429634,-18.0258992],[-50.2270112,-18.0105407],[-50.2073775,-18.0003318]],[[-50.2402642,-17.8885899],[-50.2363503,-17.8817834],[-50.2361498,-17.8729849],[-50.2331181,-17.8667402],[-50.2440664,-17.8554675]],[[-50.2432936,-17.841636],[-50.241549,-17.8370477],[-50.2498404,-17.8275822],[-50.2562972,-17.8226982],[-50.2678212,-17.8192031],[-50.2688178,-17.8135749],[-50.2649594,-17.8031019]],[[-50.2105715,-17.7710043],[-50.1948177,-17.7674879]],[[-50.1489828,-17.5992911],[-50.1555643,-17.5897131]],[[-49.9463081,-13.8921279],[-49.9443375,-13.8916795],[-49.9378701,-13.8941326],[-49.9364834,-13.8999363],[-49.9430947,-13.9146034]],[[-49.9510667,-14.0217712],[-50.1585422,-14.0046838]],[[-50.1464476,-14.1219528],[-50.1420338,-14.1274567]],[[-49.8025571,-14.3041856],[-49.7891397,-14.3042691]],[[-49.8195509,-13.9425619],[-49.8250914,-13.935305]],[[-49.8341445,-13.9042131],[-49.837949,-13.8994978]],[[-49.1816103,-14.3838685],[-49.2093039,-14.3820206]],[[-49.3705633,-14.5208884],[-49.3704224,-14.5106379]],[[-49.4321145,-14.606288],[-49.4327876,-14.6222511]],[[-49.3913591,-14.6379504],[-49.3725025,-14.6232222]],[[-49.1521352,-14.7685839],[-49.1505873,-14.7369983],[-49.143469,-14.7337502]],[[-49.0394094,-14.5805006],[-49.0368618,-14.5629419]],[[-48.8448047,-14.1586574],[-48.837663,-14.1717521],[-48.8328278,-14.1751625],[-48.8260193,-14.1775729],[-48.8089139,-14.1695139]],[[-48.7302746,-14.1251676],[-48.7231383,-14.1275132]],[[-49.7327571,-15.5050371],[-49.7286456,-15.5349564]],[[-49.7426705,-15.6477825],[-49.7504745,-15.6677592]],[[-49.5506687,-15.4698001],[-49.5400572,-15.4549734]],[[-49.5426939,-15.448221],[-49.5395594,-15.4476714]],[[-48.1987717,-17.310024],[-48.1999624,-17.3125596],[-48.202795,-17.3266513],[-48.2103021,-17.3240053]],[[-48.2834918,-17.4203771],[-48.2837453,-17.4297482],[-48.2869896,-17.4324883],[-48.302406,-17.4321882]],[[-48.3655752,-17.5101777],[-48.3645268,-17.5134006]],[[-48.0295602,-16.0823053],[-48.0303431,-16.0886301],[-48.0274986,-16.0974317],[-48.0095768,-16.113004]],[[-48.0059679,-16.1283529],[-47.9947477,-16.1308922]],[[-47.9668318,-16.1107719],[-47.9583778,-16.0862064]],[[-47.938646,-16.0498515],[-48.0180556,-16.0497135]],[[-49.7433458,-16.956426],[-49.7434491,-16.9638756]],[[-49.4923915,-17.1599149],[-49.4891469,-17.1595714]],[[-49.4758941,-17.1059284],[-49.4743382,-17.0968173],[-49.4882567,-17.0761725]],[[-49.4801134,-17.0276909],[-49.484556,-17.0225801]],[[-48.5986935,-16.9160822],[-48.5969922,-16.9262877]],[[-48.2598271,-16.7387514],[-48.2648543,-16.7366481],[-48.2676892,-16.7202946]],[[-49.9200377,-17.609572],[-49.9259524,-17.6072152]],[[-50.0140433,-17.6833079],[-50.02646,-17.679699],[-50.0313693,-17.67685],[-50.0342664,-17.6774539],[-50.0378178,-17.6874573]],[[-50.0837047,-17.7745115],[-50.0807604,-17.7974594]],[[-50.0763728,-17.7971543],[-50.064484,-17.7985031]],[[-49.8205146,-17.590969],[-49.8293719,-17.5832786]],[[-46.8736984,-15.2854031],[-46.8893183,-15.2822469],[-46.8914846,-15.2352596],[-46.9063464,-15.2366187],[-46.9276553,-15.2550953],[-46.9408666,-15.2307016],[-46.9334803,-15.2234867],[-46.9373469,-15.2050198],[-46.9205966,-15.1782157],[-46.9140756,-15.1582788],[-46.888319,-15.1125393],[-46.8977634,-15.0942172],[-46.9260374,-15.0735624],[-46.9250601,-15.0575055]],[[-47.1022366,-14.679493],[-47.1092307,-14.6768128]],[[-48.8847177,-15.123526],[-48.8855302,-15.1424396],[-48.8940746,-15.1516207]],[[-48.8113873,-15.5124634],[-48.8101617,-15.506755]],[[-48.6340607,-15.3636736],[-48.6296049,-15.3601698],[-48.6164353,-15.3589981],[-48.5927471,-15.3642527]],[[-48.6091679,-15.156979],[-48.6142744,-15.154947]],[[-48.6012729,-15.0107569],[-48.6217173,-15.0007658]]],"bbox":[-53.2483442,-19.4981367,-45.9071553,-12.418804]}
