{"type":"Topology","objects":{"geometrias":{"type":"GeometryCollection","geometries":[{"type":"Polygon","arcs":[[0,1,2,3,4,5]],"properties":{"code_muni":2600054,"abbrev_state":"PE","name_state":"Pernambuco","name_region":"Nordeste","name_muni":"Abreu E Lima","code_state":26,"code_region":2,"year":2020}},{"type":"Polygon","arcs":[[6,7,8,9,10,11,12]],"properties":{"code_muni":2600104,"abbrev_state":"PE","name_state":"Pernambuco","name_region":"Nordeste","name_muni":"Afogados da Ingazeira","code_state":26,"code_region":2,"year":2020}},{"type":"Polygon","arcs":[[13,14,15,16]],"properties":{"code_muni":2600203,"abbrev_state":"PE","name_state":"Pernambuco","name_region":"Nordeste","name_muni":"Afrânio","code_state":26,"code_region":2,"year":2020}},{"type":"Polygon","arcs":[[17,18,19,20,21,22,23]],"properties":{"code_muni":2600302,"abbrev_state":"PE","name_state":"Pernambuco","name_region":"Nordeste","name_muni":"Agrestina","code_state":26,"code_region":2,"year":2020}},{"type":"Polygon","arcs":[[24,25,26,27,28,29,30,31,32,33,34,35]],"properties":{"code_muni":2600401,"abbrev_state":"PE","name_state":"Pernambuco","name_region":"Nordeste","name_muni":"Água Preta","code_state":26,"code_region":2,"year":2020}},{"type":"Polygon","arcs":[[36,37,38,39,40,41]],"properties":{"code_muni":2600500,"abbrev_state":"PE","name_state":"Pernambuco","name_region":"Nordeste","name_muni":"Águas Belas","code_state":26,"code_region":2,"year":2020}},{"type":"Polygon","arcs":[[42,43,44]],"properties":{"code_muni":2600609,"abbrev_state":"PE","name_state":"Pernambuco","name_region":"Nordeste","name_muni":"Alagoinha","code_state":26,"code_region":2,"year":2020}},{"type":"Polygon","arcs":[[45,46,47,48,49,50,51,52,53,54,55,56]],"properties":{"code_muni":2600708,"abbrev_state":"PE","name_state":"Pernambuco","name_region":"Nordeste","name_muni":"Aliança","code_state":26,"code_region":2,"year":2020}},{"type":"Polygon","arcs":[[57,58,59,60,61,62,63,64,65,-18]],"properties":{"code_muni":2600807,"abbrev_state":"PE","name_state":"Pernambuco","name_region":"Nordeste","name_muni":"Altinho","code_state":26,"code_region":2,"year":2020}},{"type":"Polygon","arcs":[[66,67,68,69,70,71,72,73,74]],"properties":{"code_muni":2600906,"abbrev_state":"PE","name_state":"Pernambuco","name_region":"Nordeste","name_muni":"Amaraji","code_state":26,"code_region":2,"year":2020}},{"type":"Polygon","arcs":[[75,76,77,78,79,80,81,82,83,84]],"properties":{"code_muni":2601003,"abbrev_state":"PE","name_state":"Pernambuco","name_region":"Nordeste","name_muni":"Angelim","code_state":26,"code_region":2,"year":2020}},{"type":"Polygon","arcs":[[85,86,-6,87]],"properties":{"code_muni":2601052,"abbrev_state":"PE","name_state":"Pernambuco","name_region":"Nordeste","name_muni":"Araçoiaba","code_state":26,"code_region":2,"year":2020}},{"type":"Polygon","arcs":[[88,89,90,91,92]],"properties":{"code_muni":2601102,"abbrev_state":"PE","name_state":"Pernambuco","name_region":"Nordeste","name_muni":"Araripina","code_state":26,"code_region":2,"year":2020}},{"type":"Polygon","arcs":[[93,94,95,96,97,98,99]],"properties":{"code_muni":2601201,"abbrev_state":"PE","name_state":"Pernambuco","name_region":"Nordeste","name_muni":"Arcoverde","code_state":26,"code_region":2,"year":2020}},{"type":"Polygon","arcs":[[100,101,102,103,104,105]],"properties":{"code_muni":2601300,"abbrev_state":"PE","name_state":"Pernambuco","name_region":"Nordeste","name_muni":"Barra de Guabiraba","code_state":26,"code_region":2,"year":2020}},{"type":"Polygon","arcs":[[106,107,-32,108,109,110,111,112]],"properties":{"code_muni":2601409,"abbrev_state":"PE","name_state":"Pernambuco","name_region":"Nordeste","name_muni":"Barreiros","code_state":26,"code_region":2,"year":2020}},{"type":"Polygon","arcs":[[113,114,115,116,117,118,119]],"properties":{"code_muni":2601508,"abbrev_state":"PE","name_state":"Pernambuco","name_region":"Nordeste","name_muni":"Belém de Maria","code_state":26,"code_region":2,"year":2020}},{"type":"Polygon","arcs":[[120,121,122,123,124,125,126,127]],"properties":{"code_muni":2601607,"abbrev_state":"PE","name_state":"Pernambuco","name_region":"Nordeste","name_muni":"Belém do São Francisco","code_state":26,"code_region":2,"year":2020}},{"type":"Polygon","arcs":[[128,129,130,131,132,133,134]],"properties":{"code_muni":2601706,"abbrev_state":"PE","name_state":"Pernambuco","name_region":"Nordeste","name_muni":"Belo Jardim","code_state":26,"code_region":2,"year":2020}},{"type":"Polygon","arcs":[[135,136,137,138,139,140,141,142]],"properties":{"code_muni":2601805,"abbrev_state":"PE","name_state":"Pernambuco","name_region":"Nordeste","name_muni":"Betânia","code_state":26,"code_region":2,"year":2020}},{"type":"Polygon","arcs":[[143,144,145,146,147,148,-22,149,150,151,152,153,154,155]],"properties":{"code_muni":2601904,"abbrev_state":"PE","name_state":"Pernambuco","name_region":"Nordeste","name_muni":"Bezerros","code_state":26,"code_region":2,"year":2020}},{"type":"Polygon","arcs":[[156,157,158,159,160,161]],"properties":{"code_muni":2602001,"abbrev_state":"PE","name_state":"Pernambuco","name_region":"Nordeste","name_muni":"Bodocó","code_state":26,"code_region":2,"year":2020}},{"type":"Polygon","arcs":[[162,163,164,165,166,167,168,169]],"properties":{"code_muni":2602100,"abbrev_state":"PE","name_state":"Pernambuco","name_region":"Nordeste","name_muni":"Bom Conselho","code_state":26,"code_region":2,"year":2020}},{"type":"Polygon","arcs":[[170,171,172,173,174,175,176,177,178,179,180]],"properties":{"code_muni":2602209,"abbrev_state":"PE","name_state":"Pernambuco","name_region":"Nordeste","name_muni":"Bom Jardim","code_state":26,"code_region":2,"year":2020}},{"type":"Polygon","arcs":[[181,182,183,184,-120,185,186,187,188,189,190,191,192,-104]],"properties":{"code_muni":2602308,"abbrev_state":"PE","name_state":"Pernambuco","name_region":"Nordeste","name_muni":"Bonito","code_state":26,"code_region":2,"year":2020}},{"type":"Polygon","arcs":[[193,194,195,196,197,198,199]],"properties":{"code_muni":2602407,"abbrev_state":"PE","name_state":"Pernambuco","name_region":"Nordeste","name_muni":"Brejão","code_state":26,"code_region":2,"year":2020}},{"type":"Polygon","arcs":[[200,201,202,203,204,205]],"properties":{"code_muni":2602506,"abbrev_state":"PE","name_state":"Pernambuco","name_region":"Nordeste","name_muni":"Brejinho","code_state":26,"code_region":2,"year":2020}},{"type":"Polygon","arcs":[[206,-135,207,208,209,210,211,212,213]],"properties":{"code_muni":2602605,"abbrev_state":"PE","name_state":"Pernambuco","name_region":"Nordeste","name_muni":"Brejo da Madre de Deus","code_state":26,"code_region":2,"year":2020}},{"type":"Polygon","arcs":[[214,215,216,217]],"properties":{"code_muni":2602704,"abbrev_state":"PE","name_state":"Pernambuco","name_region":"Nordeste","name_muni":"Buenos Aires","code_state":26,"code_region":2,"year":2020}},{"type":"Polygon","arcs":[[218,219,220,221,222,-39,223,-98]],"properties":{"code_muni":2602803,"abbrev_state":"PE","name_state":"Pernambuco","name_region":"Nordeste","name_muni":"Buíque","code_state":26,"code_region":2,"year":2020}},{"type":"Polygon","arcs":[[224,225,226,227,228,229,230,231]],"properties":{"code_muni":2602902,"abbrev_state":"PE","name_state":"Pernambuco","name_region":"Nordeste","name_muni":"Cabo de Santo Agostinho","code_state":26,"code_region":2,"year":2020}},{"type":"Polygon","arcs":[[232,233,234,235,236,237,238,-124,239,240]],"properties":{"code_muni":2603009,"abbrev_state":"PE","name_state":"Pernambuco","name_region":"Nordeste","name_muni":"Cabrobó","code_state":26,"code_region":2,"year":2020}},{"type":"Polygon","arcs":[[-61,241,242,243,244,245,246]],"properties":{"code_muni":2603108,"abbrev_state":"PE","name_state":"Pernambuco","name_region":"Nordeste","name_muni":"Cachoeirinha","code_state":26,"code_region":2,"year":2020}},{"type":"Polygon","arcs":[[247,248,249,250,251,252,253,254,255]],"properties":{"code_muni":2603207,"abbrev_state":"PE","name_state":"Pernambuco","name_region":"Nordeste","name_muni":"Caetés","code_state":26,"code_region":2,"year":2020}},{"type":"Polygon","arcs":[[256,257,258,-85,259]],"properties":{"code_muni":2603306,"abbrev_state":"PE","name_state":"Pernambuco","name_region":"Nordeste","name_muni":"Calçado","code_state":26,"code_region":2,"year":2020}},{"type":"Polygon","arcs":[[260,261,262,-137,263,264,265]],"properties":{"code_muni":2603405,"abbrev_state":"PE","name_state":"Pernambuco","name_region":"Nordeste","name_muni":"Calumbi","code_state":26,"code_region":2,"year":2020}},{"type":"Polygon","arcs":[[266,267,268,269,270]],"properties":{"code_muni":2603454,"abbrev_state":"PE","name_state":"Pernambuco","name_region":"Nordeste","name_muni":"Camaragibe","code_state":26,"code_region":2,"year":2020}},{"type":"Polygon","arcs":[[271,-152,272,273,274]],"properties":{"code_muni":2603504,"abbrev_state":"PE","name_state":"Pernambuco","name_region":"Nordeste","name_muni":"Camocim de São Félix","code_state":26,"code_region":2,"year":2020}},{"type":"Polygon","arcs":[[275,276,277,278,279,280]],"properties":{"code_muni":2603603,"abbrev_state":"PE","name_state":"Pernambuco","name_region":"Nordeste","name_muni":"Camutanga","code_state":26,"code_region":2,"year":2020}},{"type":"Polygon","arcs":[[281,282,-83,283,284,285,286,287,288,289]],"properties":{"code_muni":2603702,"abbrev_state":"PE","name_state":"Pernambuco","name_region":"Nordeste","name_muni":"Canhotinho","code_state":26,"code_region":2,"year":2020}},{"type":"Polygon","arcs":[[290,291,292,-256,293,294,295,296,297,298]],"properties":{"code_muni":2603801,"abbrev_state":"PE","name_state":"Pernambuco","name_region":"Nordeste","name_muni":"Capoeiras","code_state":26,"code_region":2,"year":2020}},{"type":"Polygon","arcs":[[299,300,301,302,303,304,305,306,-9,307]],"properties":{"code_muni":2603900,"abbrev_state":"PE","name_state":"Pernambuco","name_region":"Nordeste","name_muni":"Carnaíba","code_state":26,"code_region":2,"year":2020}},{"type":"Polygon","arcs":[[308,309,310,-128,311,312,313]],"properties":{"code_muni":2603926,"abbrev_state":"PE","name_state":"Pernambuco","name_region":"Nordeste","name_muni":"Carnaubeira da Penha","code_state":26,"code_region":2,"year":2020}},{"type":"Polygon","arcs":[[314,315,316,317,318,319,320,321,322,-217]],"properties":{"code_muni":2604007,"abbrev_state":"PE","name_state":"Pernambuco","name_region":"Nordeste","name_muni":"Carpina","code_state":26,"code_region":2,"year":2020}},{"type":"Polygon","arcs":[[323,324,325,326,327,-210,328,329,-58,-24,330,-148,331,332,333,334]],"properties":{"code_muni":2604106,"abbrev_state":"PE","name_state":"Pernambuco","name_region":"Nordeste","name_muni":"Caruaru","code_state":26,"code_region":2,"year":2020}},{"type":"Polygon","arcs":[[335,336,337,338,339,-176,340,341]],"properties":{"code_muni":2604155,"abbrev_state":"PE","name_state":"Pernambuco","name_region":"Nordeste","name_muni":"Casinhas","code_state":26,"code_region":2,"year":2020}},{"type":"Polygon","arcs":[[342,-118,343,344,345,346,347,348,-187]],"properties":{"code_muni":2604205,"abbrev_state":"PE","name_state":"Pernambuco","name_region":"Nordeste","name_muni":"Catende","code_state":26,"code_region":2,"year":2020}},{"type":"Polygon","arcs":[[349,350,351]],"properties":{"code_muni":2604304,"abbrev_state":"PE","name_state":"Pernambuco","name_region":"Nordeste","name_muni":"Cedro","code_state":26,"code_region":2,"year":2020}},{"type":"Polygon","arcs":[[352,353,354,355,356,357,358,359]],"properties":{"code_muni":2604403,"abbrev_state":"PE","name_state":"Pernambuco","name_region":"Nordeste","name_muni":"Chã de Alegria","code_state":26,"code_region":2,"year":2020}},{"type":"Polygon","arcs":[[360,361,362,-67,363,364,365]],"properties":{"code_muni":2604502,"abbrev_state":"PE","name_state":"Pernambuco","name_region":"Nordeste","name_muni":"Chã Grande","code_state":26,"code_region":2,"year":2020}},{"type":"Polygon","arcs":[[366,367,368,-56,369,370,371,372,373,374]],"properties":{"code_muni":2604601,"abbrev_state":"PE","name_state":"Pernambuco","name_region":"Nordeste","name_muni":"Condado","code_state":26,"code_region":2,"year":2020}},{"type":"Polygon","arcs":[[375,376,377,378,379,380]],"properties":{"code_muni":2604700,"abbrev_state":"PE","name_state":"Pernambuco","name_region":"Nordeste","name_muni":"Correntes","code_state":26,"code_region":2,"year":2020}},{"type":"Polygon","arcs":[[381,-106,382,-192,383,384,385,386,387,-71]],"properties":{"code_muni":2604809,"abbrev_state":"PE","name_state":"Pernambuco","name_region":"Nordeste","name_muni":"Cortês","code_state":26,"code_region":2,"year":2020}},{"type":"Polygon","arcs":[[388,389,390,391,392,393]],"properties":{"code_muni":2604908,"abbrev_state":"PE","name_state":"Pernambuco","name_region":"Nordeste","name_muni":"Cumaru","code_state":26,"code_region":2,"year":2020}},{"type":"Polygon","arcs":[[-19,-66,394,395,396,397]],"properties":{"code_muni":2605004,"abbrev_state":"PE","name_state":"Pernambuco","name_region":"Nordeste","name_muni":"Cupira","code_state":26,"code_region":2,"year":2020}},{"type":"Polygon","arcs":[[398,-306,399,400,401,-142,402,403,404,405,406,407]],"properties":{"code_muni":2605103,"abbrev_state":"PE","name_state":"Pernambuco","name_region":"Nordeste","name_muni":"Custódia","code_state":26,"code_region":2,"year":2020}},{"type":"Polygon","arcs":[[408,-17,409,410,411,412,413,414]],"properties":{"code_muni":2605152,"abbrev_state":"PE","name_state":"Pernambuco","name_region":"Nordeste","name_muni":"Dormentes","code_state":26,"code_region":2,"year":2020}},{"type":"Polygon","arcs":[[-227,415,416,417,418,419,420,421,422,423,424]],"properties":{"code_muni":2605202,"abbrev_state":"PE","name_state":"Pernambuco","name_region":"Nordeste","name_muni":"Escada","code_state":26,"code_region":2,"year":2020}},{"type":"Polygon","arcs":[[425,-162,426,427,428]],"properties":{"code_muni":2605301,"abbrev_state":"PE","name_state":"Pernambuco","name_region":"Nordeste","name_muni":"Exu","code_state":26,"code_region":2,"year":2020}},{"type":"Polygon","arcs":[[429,430,431,432,433,434,435]],"properties":{"code_muni":2605400,"abbrev_state":"PE","name_state":"Pernambuco","name_region":"Nordeste","name_muni":"Feira Nova","code_state":26,"code_region":2,"year":2020}},{"type":"Polygon","arcs":[[436]],"properties":{"code_muni":2605459,"abbrev_state":"PE","name_state":"Pernambuco","name_region":"Nordeste","name_muni":"Fernando de Noronha","code_state":26,"code_region":2,"year":2020}},{"type":"Polygon","arcs":[[437,-280,438,439,440,-47,441,442]],"properties":{"code_muni":2605509,"abbrev_state":"PE","name_state":"Pernambuco","name_region":"Nordeste","name_muni":"Ferreiros","code_state":26,"code_region":2,"year":2020}},{"type":"Polygon","arcs":[[443,444,445,-264,-136,446,-401,447,-304,448,449]],"properties":{"code_muni":2605608,"abbrev_state":"PE","name_state":"Pernambuco","name_region":"Nordeste","name_muni":"Flores","code_state":26,"code_region":2,"year":2020}},{"type":"Polygon","arcs":[[450,451,452,453,454,455,456,457,-404,458,-140,459,460]],"properties":{"code_muni":2605707,"abbrev_state":"PE","name_state":"Pernambuco","name_region":"Nordeste","name_muni":"Floresta","code_state":26,"code_region":2,"year":2020}},{"type":"Polygon","arcs":[[461,462,463,-335,464,465,466,467]],"properties":{"code_muni":2605806,"abbrev_state":"PE","name_state":"Pernambuco","name_region":"Nordeste","name_muni":"Frei Miguelinho","code_state":26,"code_region":2,"year":2020}},{"type":"Polygon","arcs":[[468,-35,469,470,471]],"properties":{"code_muni":2605905,"abbrev_state":"PE","name_state":"Pernambuco","name_region":"Nordeste","name_muni":"Gameleira","code_state":26,"code_region":2,"year":2020}},{"type":"Polygon","arcs":[[472,-254,473,474,475,476,-195,477,-200,478,479,-377,480,481,482,483,484,-295]],"properties":{"code_muni":2606002,"abbrev_state":"PE","name_state":"Pernambuco","name_region":"Nordeste","name_muni":"Garanhuns","code_state":26,"code_region":2,"year":2020}},{"type":"Polygon","arcs":[[485,486,-434,487,488,489,490,491,492,-354,493]],"properties":{"code_muni":2606101,"abbrev_state":"PE","name_state":"Pernambuco","name_region":"Nordeste","name_muni":"Glória do Goitá","code_state":26,"code_region":2,"year":2020}},{"type":"Polygon","arcs":[[494,495,496,-367,497,-374,498,499,500,501,502]],"properties":{"code_muni":2606200,"abbrev_state":"PE","name_state":"Pernambuco","name_region":"Nordeste","name_muni":"Goiana","code_state":26,"code_region":2,"year":2020}},{"type":"Polygon","arcs":[[-427,-161,503,504,505,506,507]],"properties":{"code_muni":2606309,"abbrev_state":"PE","name_state":"Pernambuco","name_region":"Nordeste","name_muni":"Granito","code_state":26,"code_region":2,"year":2020}},{"type":"Polygon","arcs":[[508,509,510,-156,511,512,-102,513,-69,514,-362,515]],"properties":{"code_muni":2606408,"abbrev_state":"PE","name_state":"Pernambuco","name_region":"Nordeste","name_muni":"Gravatá","code_state":26,"code_region":2,"year":2020}},{"type":"Polygon","arcs":[[-166,516,517,518,-42,519]],"properties":{"code_muni":2606507,"abbrev_state":"PE","name_state":"Pernambuco","name_region":"Nordeste","name_muni":"Iati","code_state":26,"code_region":2,"year":2020}},{"type":"Polygon","arcs":[[520,521,-405,-458,522,523,524,525,526]],"properties":{"code_muni":2606606,"abbrev_state":"PE","name_state":"Pernambuco","name_region":"Nordeste","name_muni":"Ibimirim","code_state":26,"code_region":2,"year":2020}},{"type":"Polygon","arcs":[[-63,527,528,529,530,531,532,533]],"properties":{"code_muni":2606705,"abbrev_state":"PE","name_state":"Pernambuco","name_region":"Nordeste","name_muni":"Ibirajuba","code_state":26,"code_region":2,"year":2020}},{"type":"Polygon","arcs":[[534,535,536,-88,-5,537,538,539,540,541]],"properties":{"code_muni":2606804,"abbrev_state":"PE","name_state":"Pernambuco","name_region":"Nordeste","name_muni":"Igarassu","code_state":26,"code_region":2,"year":2020}},{"type":"Polygon","arcs":[[542,543,544,545,-11,546,-399,547,548,549,550]],"properties":{"code_muni":2606903,"abbrev_state":"PE","name_state":"Pernambuco","name_region":"Nordeste","name_muni":"Iguaracy","code_state":26,"code_region":2,"year":2020}},{"type":"Polygon","arcs":[[-457,551,552,553,554,555,-523]],"properties":{"code_muni":2607000,"abbrev_state":"PE","name_state":"Pernambuco","name_region":"Nordeste","name_muni":"Inajá","code_state":26,"code_region":2,"year":2020}},{"type":"Polygon","arcs":[[556,557,558,-544,559,560,561]],"properties":{"code_muni":2607109,"abbrev_state":"PE","name_state":"Pernambuco","name_region":"Nordeste","name_muni":"Ingazeira","code_state":26,"code_region":2,"year":2020}},{"type":"Polygon","arcs":[[-425,562,563,564,-228]],"properties":{"code_muni":2607208,"abbrev_state":"PE","name_state":"Pernambuco","name_region":"Nordeste","name_muni":"Ipojuca","code_state":26,"code_region":2,"year":2020}},{"type":"Polygon","arcs":[[565,-93,566,567,568,569]],"properties":{"code_muni":2607307,"abbrev_state":"PE","name_state":"Pernambuco","name_region":"Nordeste","name_muni":"Ipubi","code_state":26,"code_region":2,"year":2020}},{"type":"Polygon","arcs":[[570,571,-126,572,-452]],"properties":{"code_muni":2607406,"abbrev_state":"PE","name_state":"Pernambuco","name_region":"Nordeste","name_muni":"Itacuruba","code_state":26,"code_region":2,"year":2020}},{"type":"Polygon","arcs":[[573,574,-40,-223,575]],"properties":{"code_muni":2607505,"abbrev_state":"PE","name_state":"Pernambuco","name_region":"Nordeste","name_muni":"Itaíba","code_state":26,"code_region":2,"year":2020}},{"type":"Polygon","arcs":[[576,577,578,-541]],"properties":{"code_muni":2607604,"abbrev_state":"PE","name_state":"Pernambuco","name_region":"Nordeste","name_muni":"Ilha de Itamaracá","code_state":26,"code_region":2,"year":2020}},{"type":"Polygon","arcs":[[579,-276,580,-443,581,-57,-369,582,-496]],"properties":{"code_muni":2607653,"abbrev_state":"PE","name_state":"Pernambuco","name_region":"Nordeste","name_muni":"Itambé","code_state":26,"code_region":2,"year":2020}},{"type":"Polygon","arcs":[[583,-206,584,585]],"properties":{"code_muni":2607703,"abbrev_state":"PE","name_state":"Pernambuco","name_region":"Nordeste","name_muni":"Itapetim","code_state":26,"code_region":2,"year":2020}},{"type":"Polygon","arcs":[[586,-542,-579,587,-502]],"properties":{"code_muni":2607752,"abbrev_state":"PE","name_state":"Pernambuco","name_region":"Nordeste","name_muni":"Itapissuma","code_state":26,"code_region":2,"year":2020}},{"type":"Polygon","arcs":[[588,-372,589,590,591,-536,592,-500]],"properties":{"code_muni":2607802,"abbrev_state":"PE","name_state":"Pernambuco","name_region":"Nordeste","name_muni":"Itaquitinga","code_state":26,"code_region":2,"year":2020}},{"type":"Polygon","arcs":[[593,594,595,596,597,-230,598,599]],"properties":{"code_muni":2607901,"abbrev_state":"PE","name_state":"Pernambuco","name_region":"Nordeste","name_muni":"Jaboatão dos Guararapes","code_state":26,"code_region":2,"year":2020}},{"type":"Polygon","arcs":[[600,601,602,603,604,605,-345]],"properties":{"code_muni":2607950,"abbrev_state":"PE","name_state":"Pernambuco","name_region":"Nordeste","name_muni":"Jaqueira","code_state":26,"code_region":2,"year":2020}},{"type":"Polygon","arcs":[[606,607,608,609,-129,-207]],"properties":{"code_muni":2608008,"abbrev_state":"PE","name_state":"Pernambuco","name_region":"Nordeste","name_muni":"Jataúba","code_state":26,"code_region":2,"year":2020}},{"type":"Polygon","arcs":[[610,611,612]],"properties":{"code_muni":2608057,"abbrev_state":"PE","name_state":"Pernambuco","name_region":"Nordeste","name_muni":"Jatobá","code_state":26,"code_region":2,"year":2020}},{"type":"Polygon","arcs":[[613,614,615,616,617,618,619,-180]],"properties":{"code_muni":2608107,"abbrev_state":"PE","name_state":"Pernambuco","name_region":"Nordeste","name_muni":"João Alfredo","code_state":26,"code_region":2,"year":2020}},{"type":"Polygon","arcs":[[620,-190,621,622,-27,623,624,625,-385]],"properties":{"code_muni":2608206,"abbrev_state":"PE","name_state":"Pernambuco","name_region":"Nordeste","name_muni":"Joaquim Nabuco","code_state":26,"code_region":2,"year":2020}},{"type":"Polygon","arcs":[[626,627,-297,628,-484,629,630,631,632]],"properties":{"code_muni":2608255,"abbrev_state":"PE","name_state":"Pernambuco","name_region":"Nordeste","name_muni":"Jucati","code_state":26,"code_region":2,"year":2020}},{"type":"Polygon","arcs":[[-258,633,634,-633,635,636,637,-77,638]],"properties":{"code_muni":2608305,"abbrev_state":"PE","name_state":"Pernambuco","name_region":"Nordeste","name_muni":"Jupi","code_state":26,"code_region":2,"year":2020}},{"type":"Polygon","arcs":[[-532,639,-290,640,641,642,643]],"properties":{"code_muni":2608404,"abbrev_state":"PE","name_state":"Pernambuco","name_region":"Nordeste","name_muni":"Jurema","code_state":26,"code_region":2,"year":2020}},{"type":"Polygon","arcs":[[644,645,646,-316]],"properties":{"code_muni":2608453,"abbrev_state":"PE","name_state":"Pernambuco","name_region":"Nordeste","name_muni":"Lagoa do Carro","code_state":26,"code_region":2,"year":2020}},{"type":"Polygon","arcs":[[-318,647,-646,-436,648,-486,649,650]],"properties":{"code_muni":2608503,"abbrev_state":"PE","name_state":"Pernambuco","name_region":"Nordeste","name_muni":"Lagoa de Itaenga","code_state":26,"code_region":2,"year":2020}},{"type":"Polygon","arcs":[[-379,651,652,-198,653,-168,654]],"properties":{"code_muni":2608602,"abbrev_state":"PE","name_state":"Pernambuco","name_region":"Nordeste","name_muni":"Lagoa do Ouro","code_state":26,"code_region":2,"year":2020}},{"type":"Polygon","arcs":[[655,-396,656,657,658,659,-602,660,-117]],"properties":{"code_muni":2608701,"abbrev_state":"PE","name_state":"Pernambuco","name_region":"Nordeste","name_muni":"Lagoa dos Gatos","code_state":26,"code_region":2,"year":2020}},{"type":"Polygon","arcs":[[661,-411,662,663,664,665,666,667,668]],"properties":{"code_muni":2608750,"abbrev_state":"PE","name_state":"Pernambuco","name_region":"Nordeste","name_muni":"Lagoa Grande","code_state":26,"code_region":2,"year":2020}},{"type":"Polygon","arcs":[[-245,669,670,671,672,-530,673]],"properties":{"code_muni":2608800,"abbrev_state":"PE","name_state":"Pernambuco","name_region":"Nordeste","name_muni":"Lajedo","code_state":26,"code_region":2,"year":2020}},{"type":"Polygon","arcs":[[-645,-315,-216,674,-181,-620,675,676,677,678,-430]],"properties":{"code_muni":2608909,"abbrev_state":"PE","name_state":"Pernambuco","name_region":"Nordeste","name_muni":"Limoeiro","code_state":26,"code_region":2,"year":2020}},{"type":"Polygon","arcs":[[679,680,681,682,683]],"properties":{"code_muni":2609006,"abbrev_state":"PE","name_state":"Pernambuco","name_region":"Nordeste","name_muni":"Macaparana","code_state":26,"code_region":2,"year":2020}},{"type":"Polygon","arcs":[[684,685,-172,686]],"properties":{"code_muni":2609105,"abbrev_state":"PE","name_state":"Pernambuco","name_region":"Nordeste","name_muni":"Machados","code_state":26,"code_region":2,"year":2020}},{"type":"Polygon","arcs":[[-525,687,-555,688,-574]],"properties":{"code_muni":2609154,"abbrev_state":"PE","name_state":"Pernambuco","name_region":"Nordeste","name_muni":"Manari","code_state":26,"code_region":2,"year":2020}},{"type":"Polygon","arcs":[[-347,689,-605,690,691,692]],"properties":{"code_muni":2609204,"abbrev_state":"PE","name_state":"Pernambuco","name_region":"Nordeste","name_muni":"Maraial","code_state":26,"code_region":2,"year":2020}},{"type":"Polygon","arcs":[[693,694,695,696,-314,697,698]],"properties":{"code_muni":2609303,"abbrev_state":"PE","name_state":"Pernambuco","name_region":"Nordeste","name_muni":"Mirandiba","code_state":26,"code_region":2,"year":2020}},{"type":"Polygon","arcs":[[699,-232,700,-597,701,702]],"properties":{"code_muni":2609402,"abbrev_state":"PE","name_state":"Pernambuco","name_region":"Nordeste","name_muni":"Moreno","code_state":26,"code_region":2,"year":2020}},{"type":"Polygon","arcs":[[703,-322,704,705,-52]],"properties":{"code_muni":2609501,"abbrev_state":"PE","name_state":"Pernambuco","name_region":"Nordeste","name_muni":"Nazaré da Mata","code_state":26,"code_region":2,"year":2020}},{"type":"Polygon","arcs":[[706,707,708,709]],"properties":{"code_muni":2609600,"abbrev_state":"PE","name_state":"Pernambuco","name_region":"Nordeste","name_muni":"Olinda","code_state":26,"code_region":2,"year":2020}},{"type":"Polygon","arcs":[[710,-342,711,-174,712,-685,713]],"properties":{"code_muni":2609709,"abbrev_state":"PE","name_state":"Pernambuco","name_region":"Nordeste","name_muni":"Orobó","code_state":26,"code_region":2,"year":2020}},{"type":"Polygon","arcs":[[-238,714,715,716,717,718]],"properties":{"code_muni":2609808,"abbrev_state":"PE","name_state":"Pernambuco","name_region":"Nordeste","name_muni":"Orocó","code_state":26,"code_region":2,"year":2020}},{"type":"Polygon","arcs":[[719,-568,720,721,-90,722,723,724,725,726,727,-159,728]],"properties":{"code_muni":2609907,"abbrev_state":"PE","name_state":"Pernambuco","name_region":"Nordeste","name_muni":"Ouricuri","code_state":26,"code_region":2,"year":2020}},{"type":"Polygon","arcs":[[-189,729,-348,730,-29,731,-622]],"properties":{"code_muni":2610004,"abbrev_state":"PE","name_state":"Pernambuco","name_region":"Nordeste","name_muni":"Palmares","code_state":26,"code_region":2,"year":2020}},{"type":"Polygon","arcs":[[732,-81,733,734,735,-381,736,-285]],"properties":{"code_muni":2610103,"abbrev_state":"PE","name_state":"Pernambuco","name_region":"Nordeste","name_muni":"Palmeirina","code_state":26,"code_region":2,"year":2020}},{"type":"Polygon","arcs":[[737,-533,-644,738,739,740,-657,-395,-65]],"properties":{"code_muni":2610202,"abbrev_state":"PE","name_state":"Pernambuco","name_region":"Nordeste","name_muni":"Panelas","code_state":26,"code_region":2,"year":2020}},{"type":"Polygon","arcs":[[741,742,743,744,745,746,-475,747,-252]],"properties":{"code_muni":2610301,"abbrev_state":"PE","name_state":"Pernambuco","name_region":"Nordeste","name_muni":"Paranatama","code_state":26,"code_region":2,"year":2020}},{"type":"Polygon","arcs":[[748,749,-727,750,751,752,753,-716,754,-236,755,756,757,758,759,760]],"properties":{"code_muni":2610400,"abbrev_state":"PE","name_state":"Pernambuco","name_region":"Nordeste","name_muni":"Parnamirim","code_state":26,"code_region":2,"year":2020}},{"type":"Polygon","arcs":[[761,762,-394,763,-511,764,765,-489,766,-432,767,-678]],"properties":{"code_muni":2610509,"abbrev_state":"PE","name_state":"Pernambuco","name_region":"Nordeste","name_muni":"Passira","code_state":26,"code_region":2,"year":2020}},{"type":"Polygon","arcs":[[768,-320,769,-650,770,-360,771,772,773,774,-1]],"properties":{"code_muni":2610608,"abbrev_state":"PE","name_state":"Pernambuco","name_region":"Nordeste","name_muni":"Paudalho","code_state":26,"code_region":2,"year":2020}},{"type":"Polygon","arcs":[[775,-539,776,-3,777,778,779,780,781,-710]],"properties":{"code_muni":2610707,"abbrev_state":"PE","name_state":"Pernambuco","name_region":"Nordeste","name_muni":"Paulista","code_state":26,"code_region":2,"year":2020}},{"type":"Polygon","arcs":[[782,783,784,785,-99,-224,-38,786,-745,787,-743,788,-250,789]],"properties":{"code_muni":2610806,"abbrev_state":"PE","name_state":"Pernambuco","name_region":"Nordeste","name_muni":"Pedra","code_state":26,"code_region":2,"year":2020}},{"type":"Polygon","arcs":[[790,-94,791,-785,792,-45,793,-292,794,795,796,-130,797]],"properties":{"code_muni":2610905,"abbrev_state":"PE","name_state":"Pernambuco","name_region":"Nordeste","name_muni":"Pesqueira","code_state":26,"code_region":2,"year":2020}},{"type":"Polygon","arcs":[[798,-613,799,-454]],"properties":{"code_muni":2611002,"abbrev_state":"PE","name_state":"Pernambuco","name_region":"Nordeste","name_muni":"Petrolândia","code_state":26,"code_region":2,"year":2020}},{"type":"Polygon","arcs":[[800,-15,801,-663]],"properties":{"code_muni":2611101,"abbrev_state":"PE","name_state":"Pernambuco","name_region":"Nordeste","name_muni":"Petrolina","code_state":26,"code_region":2,"year":2020}},{"type":"Polygon","arcs":[[802,-798,-610,803,-608]],"properties":{"code_muni":2611200,"abbrev_state":"PE","name_state":"Pernambuco","name_region":"Nordeste","name_muni":"Poção","code_state":26,"code_region":2,"year":2020}},{"type":"Polygon","arcs":[[804,805,806,-509,807,-366,808,809,810,811]],"properties":{"code_muni":2611309,"abbrev_state":"PE","name_state":"Pernambuco","name_region":"Nordeste","name_muni":"Pombos","code_state":26,"code_region":2,"year":2020}},{"type":"Polygon","arcs":[[-364,-75,812,813,814,-419,815,816,817,-810,818]],"properties":{"code_muni":2611408,"abbrev_state":"PE","name_state":"Pernambuco","name_region":"Nordeste","name_muni":"Primavera","code_state":26,"code_region":2,"year":2020}},{"type":"Polygon","arcs":[[819,-739,-643,820,-287,821,822]],"properties":{"code_muni":2611507,"abbrev_state":"PE","name_state":"Pernambuco","name_region":"Nordeste","name_muni":"Quipapá","code_state":26,"code_region":2,"year":2020}},{"type":"Polygon","arcs":[[823,-450,824,-302]],"properties":{"code_muni":2611533,"abbrev_state":"PE","name_state":"Pernambuco","name_region":"Nordeste","name_muni":"Quixaba","code_state":26,"code_region":2,"year":2020}},{"type":"Polygon","arcs":[[825,-271,826,827,828,-600,829,-708,830,-781]],"properties":{"code_muni":2611606,"abbrev_state":"PE","name_state":"Pernambuco","name_region":"Nordeste","name_muni":"Recife","code_state":26,"code_region":2,"year":2020}},{"type":"Polygon","arcs":[[831,-466,832,-333,833,-146,834,-391,835,836]],"properties":{"code_muni":2611705,"abbrev_state":"PE","name_state":"Pernambuco","name_region":"Nordeste","name_muni":"Riacho das Almas","code_state":26,"code_region":2,"year":2020}},{"type":"Polygon","arcs":[[-814,837,-73,838,-387,839,-625,840,-25,841,-472,842,843,844,-421,845]],"properties":{"code_muni":2611804,"abbrev_state":"PE","name_state":"Pernambuco","name_region":"Nordeste","name_muni":"Ribeirão","code_state":26,"code_region":2,"year":2020}},{"type":"Polygon","arcs":[[846,-470,847,848,849]],"properties":{"code_muni":2611903,"abbrev_state":"PE","name_state":"Pernambuco","name_region":"Nordeste","name_muni":"Rio Formoso","code_state":26,"code_region":2,"year":2020}},{"type":"Polygon","arcs":[[-154,850,-275,-182,-103,-513,851]],"properties":{"code_muni":2612000,"abbrev_state":"PE","name_state":"Pernambuco","name_region":"Nordeste","name_muni":"Sairé","code_state":26,"code_region":2,"year":2020}},{"type":"Polygon","arcs":[[852,853,-763,854,855,856,-617]],"properties":{"code_muni":2612109,"abbrev_state":"PE","name_state":"Pernambuco","name_region":"Nordeste","name_muni":"Salgadinho","code_state":26,"code_region":2,"year":2020}},{"type":"Polygon","arcs":[[857,858,859,860,861,862,-241,863,-122,864,-310,865,-696,866]],"properties":{"code_muni":2612208,"abbrev_state":"PE","name_state":"Pernambuco","name_region":"Nordeste","name_muni":"Salgueiro","code_state":26,"code_region":2,"year":2020}},{"type":"Polygon","arcs":[[867,-518,868,-164,869,-476,-747]],"properties":{"code_muni":2612307,"abbrev_state":"PE","name_state":"Pernambuco","name_region":"Nordeste","name_muni":"Saloá","code_state":26,"code_region":2,"year":2020}},{"type":"Polygon","arcs":[[-131,-797,870,871]],"properties":{"code_muni":2612406,"abbrev_state":"PE","name_state":"Pernambuco","name_region":"Nordeste","name_muni":"Sanharó","code_state":26,"code_region":2,"year":2020}},{"type":"Polygon","arcs":[[872,873,-413,874,-669,875,876,-752,877,-725]],"properties":{"code_muni":2612455,"abbrev_state":"PE","name_state":"Pernambuco","name_region":"Nordeste","name_muni":"Santa Cruz","code_state":26,"code_region":2,"year":2020}},{"type":"Polygon","arcs":[[878,879,880,881,882]],"properties":{"code_muni":2612471,"abbrev_state":"PE","name_state":"Pernambuco","name_region":"Nordeste","name_muni":"Santa Cruz da Baixa Verde","code_state":26,"code_region":2,"year":2020}},{"type":"Polygon","arcs":[[883,-214,884,885]],"properties":{"code_muni":2612505,"abbrev_state":"PE","name_state":"Pernambuco","name_region":"Nordeste","name_muni":"Santa Cruz do Capibaribe","code_state":26,"code_region":2,"year":2020}},{"type":"Polygon","arcs":[[886,-415,887,-873,-724]],"properties":{"code_muni":2612554,"abbrev_state":"PE","name_state":"Pernambuco","name_region":"Nordeste","name_muni":"Santa Filomena","code_state":26,"code_region":2,"year":2020}},{"type":"Polygon","arcs":[[-877,888,-667,889,-665,890,-718,891,-753]],"properties":{"code_muni":2612604,"abbrev_state":"PE","name_state":"Pernambuco","name_region":"Nordeste","name_muni":"Santa Maria da Boa Vista","code_state":26,"code_region":2,"year":2020}},{"type":"Polygon","arcs":[[892,893,-462,894,895]],"properties":{"code_muni":2612703,"abbrev_state":"PE","name_state":"Pernambuco","name_region":"Nordeste","name_muni":"Santa Maria do Cambucá","code_state":26,"code_region":2,"year":2020}},{"type":"Polygon","arcs":[[896,897,898,899,-202]],"properties":{"code_muni":2612802,"abbrev_state":"PE","name_state":"Pernambuco","name_region":"Nordeste","name_muni":"Santa Terezinha","code_state":26,"code_region":2,"year":2020}},{"type":"Polygon","arcs":[[900,901,-823,902,-691,-604,903,-659]],"properties":{"code_muni":2612901,"abbrev_state":"PE","name_state":"Pernambuco","name_region":"Nordeste","name_muni":"São Benedito do Sul","code_state":26,"code_region":2,"year":2020}},{"type":"Polygon","arcs":[[904,-871,-796,-299,905,-627,-635,-670,-244,-133]],"properties":{"code_muni":2613008,"abbrev_state":"PE","name_state":"Pernambuco","name_region":"Nordeste","name_muni":"São Bento do Una","code_state":26,"code_region":2,"year":2020}},{"type":"Polygon","arcs":[[-209,906,907,908,-242,-60,909,-329]],"properties":{"code_muni":2613107,"abbrev_state":"PE","name_state":"Pernambuco","name_region":"Nordeste","name_muni":"São Caitano","code_state":26,"code_region":2,"year":2020}},{"type":"Polygon","arcs":[[910,-631,911,-482,-735,912,-79,913,-637]],"properties":{"code_muni":2613206,"abbrev_state":"PE","name_state":"Pernambuco","name_region":"Nordeste","name_muni":"São João","code_state":26,"code_region":2,"year":2020}},{"type":"Polygon","arcs":[[914,-273,-151,915,-20,-398,-115,916,-184]],"properties":{"code_muni":2613305,"abbrev_state":"PE","name_state":"Pernambuco","name_region":"Nordeste","name_muni":"São Joaquim do Monte","code_state":26,"code_region":2,"year":2020}},{"type":"Polygon","arcs":[[-110,917]],"properties":{"code_muni":2613404,"abbrev_state":"PE","name_state":"Pernambuco","name_region":"Nordeste","name_muni":"São José da Coroa Grande","code_state":26,"code_region":2,"year":2020}},{"type":"Polygon","arcs":[[918,919,-694,920,921]],"properties":{"code_muni":2613503,"abbrev_state":"PE","name_state":"Pernambuco","name_region":"Nordeste","name_muni":"São José do Belmonte","code_state":26,"code_region":2,"year":2020}},{"type":"Polygon","arcs":[[-204,922,-899,923,-557,924,925,926,-586,927]],"properties":{"code_muni":2613602,"abbrev_state":"PE","name_state":"Pernambuco","name_region":"Nordeste","name_muni":"São José do Egito","code_state":26,"code_region":2,"year":2020}},{"type":"Polygon","arcs":[[-269,928,-773,929,-358,930,931,-703,932,-595,933,-828,934]],"properties":{"code_muni":2613701,"abbrev_state":"PE","name_state":"Pernambuco","name_region":"Nordeste","name_muni":"São Lourenço da Mata","code_state":26,"code_region":2,"year":2020}},{"type":"Polygon","arcs":[[935,-714,-687,936,937,-681]],"properties":{"code_muni":2613800,"abbrev_state":"PE","name_state":"Pernambuco","name_region":"Nordeste","name_muni":"São Vicente Férrer","code_state":26,"code_region":2,"year":2020}},{"type":"Polygon","arcs":[[938,-922,939,-698,-461,940,-138,-263,941,-880]],"properties":{"code_muni":2613909,"abbrev_state":"PE","name_state":"Pernambuco","name_region":"Nordeste","name_muni":"Serra Talhada","code_state":26,"code_region":2,"year":2020}},{"type":"Polygon","arcs":[[942,943,944,-505,945,-761,946,947,948,-860,949,-351]],"properties":{"code_muni":2614006,"abbrev_state":"PE","name_state":"Pernambuco","name_region":"Nordeste","name_muni":"Serrita","code_state":26,"code_region":2,"year":2020}},{"type":"Polygon","arcs":[[-549,950,-407,951,-521,952,953,954,-220,955,-96,956]],"properties":{"code_muni":2614105,"abbrev_state":"PE","name_state":"Pernambuco","name_region":"Nordeste","name_muni":"Sertânia","code_state":26,"code_region":2,"year":2020}},{"type":"Polygon","arcs":[[-423,957,-844,-850,958,959,-564,960]],"properties":{"code_muni":2614204,"abbrev_state":"PE","name_state":"Pernambuco","name_region":"Nordeste","name_muni":"Sirinhaém","code_state":26,"code_region":2,"year":2020}},{"type":"Polygon","arcs":[[961,-429,962,-507,963,-944]],"properties":{"code_muni":2614303,"abbrev_state":"PE","name_state":"Pernambuco","name_region":"Nordeste","name_muni":"Moreilândia","code_state":26,"code_region":2,"year":2020}},{"type":"Polygon","arcs":[[964,-300,965,-7,966,967]],"properties":{"code_muni":2614402,"abbrev_state":"PE","name_state":"Pernambuco","name_region":"Nordeste","name_muni":"Solidão","code_state":26,"code_region":2,"year":2020}},{"type":"Polygon","arcs":[[-895,-468,968,-837,969,-389,-854,970,-615,971,-178,972,-339,973,974]],"properties":{"code_muni":2614501,"abbrev_state":"PE","name_state":"Pernambuco","name_region":"Nordeste","name_muni":"Surubim","code_state":26,"code_region":2,"year":2020}},{"type":"Polygon","arcs":[[975,-968,976,-12,-546,977,-558,-924,-898]],"properties":{"code_muni":2614600,"abbrev_state":"PE","name_state":"Pernambuco","name_region":"Nordeste","name_muni":"Tabira","code_state":26,"code_region":2,"year":2020}},{"type":"Polygon","arcs":[[978,-907,-208,-134,-243,-909]],"properties":{"code_muni":2614709,"abbrev_state":"PE","name_state":"Pernambuco","name_region":"Nordeste","name_muni":"Tacaimbó","code_state":26,"code_region":2,"year":2020}},{"type":"Polygon","arcs":[[-553,979,-455,-800,-612,980]],"properties":{"code_muni":2614808,"abbrev_state":"PE","name_state":"Pernambuco","name_region":"Nordeste","name_muni":"Tacaratu","code_state":26,"code_region":2,"year":2020}},{"type":"Polygon","arcs":[[-34,981,-107,982,-112,983,984,-848]],"properties":{"code_muni":2614857,"abbrev_state":"PE","name_state":"Pernambuco","name_region":"Nordeste","name_muni":"Tamandaré","code_state":26,"code_region":2,"year":2020}},{"type":"Polygon","arcs":[[985,-886,986,-212,987,988,989,990,991]],"properties":{"code_muni":2615003,"abbrev_state":"PE","name_state":"Pernambuco","name_region":"Nordeste","name_muni":"Taquaritinga do Norte","code_state":26,"code_region":2,"year":2020}},{"type":"Polygon","arcs":[[-196,-477,992,-170,993]],"properties":{"code_muni":2615102,"abbrev_state":"PE","name_state":"Pernambuco","name_region":"Nordeste","name_muni":"Terezinha","code_state":26,"code_region":2,"year":2020}},{"type":"Polygon","arcs":[[994,-948,995,-759,996,-757,997,-234,998,-862]],"properties":{"code_muni":2615201,"abbrev_state":"PE","name_state":"Pernambuco","name_region":"Nordeste","name_muni":"Terra Nova","code_state":26,"code_region":2,"year":2020}},{"type":"Polygon","arcs":[[999,-684,1000,1001,-49,1002,-440,1003,-278]],"properties":{"code_muni":2615300,"abbrev_state":"PE","name_state":"Pernambuco","name_region":"Nordeste","name_muni":"Timbaúba","code_state":26,"code_region":2,"year":2020}},{"type":"Polygon","arcs":[[1004,-990,1005,-326,1006]],"properties":{"code_muni":2615409,"abbrev_state":"PE","name_state":"Pernambuco","name_region":"Nordeste","name_muni":"Toritama","code_state":26,"code_region":2,"year":2020}},{"type":"Polygon","arcs":[[-54,1007,-705,-321,-769,-87,1008,-591,1009,1010]],"properties":{"code_muni":2615508,"abbrev_state":"PE","name_state":"Pernambuco","name_region":"Nordeste","name_muni":"Tracunhaém","code_state":26,"code_region":2,"year":2020}},{"type":"Polygon","arcs":[[1011,-721,-567,-92]],"properties":{"code_muni":2615607,"abbrev_state":"PE","name_state":"Pernambuco","name_region":"Nordeste","name_muni":"Trindade","code_state":26,"code_region":2,"year":2020}},{"type":"Polygon","arcs":[[1012,-883,1013,-266,1014,-445]],"properties":{"code_muni":2615706,"abbrev_state":"PE","name_state":"Pernambuco","name_region":"Nordeste","name_muni":"Triunfo","code_state":26,"code_region":2,"year":2020}},{"type":"Polygon","arcs":[[-954,1015,-526,-576,-222,1016]],"properties":{"code_muni":2615805,"abbrev_state":"PE","name_state":"Pernambuco","name_region":"Nordeste","name_muni":"Tupanatinga","code_state":26,"code_region":2,"year":2020}},{"type":"Polygon","arcs":[[-926,1017,-561,1018,-551,1019]],"properties":{"code_muni":2615904,"abbrev_state":"PE","name_state":"Pernambuco","name_region":"Nordeste","name_muni":"Tuparetama","code_state":26,"code_region":2,"year":2020}},{"type":"Polygon","arcs":[[1020,-783,1021,-248,-293,-794,-44]],"properties":{"code_muni":2616001,"abbrev_state":"PE","name_state":"Pernambuco","name_region":"Nordeste","name_muni":"Venturosa","code_state":26,"code_region":2,"year":2020}},{"type":"Polygon","arcs":[[1022,-867,-695,-920]],"properties":{"code_muni":2616100,"abbrev_state":"PE","name_state":"Pernambuco","name_region":"Nordeste","name_muni":"Verdejante","code_state":26,"code_region":2,"year":2020}},{"type":"Polygon","arcs":[[1023,-896,-975,1024,-337]],"properties":{"code_muni":2616183,"abbrev_state":"PE","name_state":"Pernambuco","name_region":"Nordeste","name_muni":"Vertente do Lério","code_state":26,"code_region":2,"year":2020}},{"type":"Polygon","arcs":[[1025,-992,1026,-1007,-325,1027,-463,-894]],"properties":{"code_muni":2616209,"abbrev_state":"PE","name_state":"Pernambuco","name_region":"Nordeste","name_muni":"Vertentes","code_state":26,"code_region":2,"year":2020}},{"type":"Polygon","arcs":[[1028,-1001,-683,1029,-937,-171,-675,-215,-51]],"properties":{"code_muni":2616308,"abbrev_state":"PE","name_state":"Pernambuco","name_region":"Nordeste","name_muni":"Vicência","code_state":26,"code_region":2,"year":2020}},{"type":"Polygon","arcs":[[1030,-356,1031,-492,1032,-812,1033,-817,1034,-417,1035,-225,-700,-932]],"properties":{"code_muni":2616407,"abbrev_state":"PE","name_state":"Pernambuco","name_region":"Nordeste","name_muni":"Vitória de Santo Antão","code_state":26,"code_region":2,"year":2020}},{"type":"Polygon","arcs":[[-30,-731,-693,1036]],"properties":{"code_muni":2616506,"abbrev_state":"PE","name_state":"Pernambuco","name_region":"Nordeste","name_muni":"Xexéu","code_state":26,"code_region":2,"year":2020}}]}},"arcs":[[[-35.1399618,-7.7922596],[-35.1220258,-7.8494775],[-35.1071841,-7.8695775],[-35.0846597,-7.8909291],[-35.0661832,-7.8992466],[-35.0484963,-7.9093481]],[[-35.0484963,-7.9093481],[-35.0310087,-7.9297656]],[[-35.0310087,-7.9297656],[-35.0206546,-7.916022],[-34.9855965,-7.920197],[-34.9618921,-7.9155831],[-34.9071713,-7.9359],[-34.8933652,-7.9129048],[-34.8609687,-7.9097301],[-34.8662361,-7.8911181]],[[-34.8662361,-7.8911181],[-34.8802379,-7.8928163]],[[-34.8802379,-7.8928163],[-34.9121482,-7.8873198],[-34.9307828,-7.892756],[-34.9772359,-7.9000251],[-35.0541057,-7.8800376]],[[-35.0541057,-7.8800376],[-35.068375,-7.8117165],[-35.1040652,-7.8019886],[-35.1015711,-7.8306269],[-35.1197071,-7.8125808],[-35.1399618,-7.7922596]],[[-37.5588053,-7.6392233],[-37.5708251,-7.6327564],[-37.5787764,-7.6348371],[-37.5937632,-7.6267483],[-37.6116315,-7.6264297],[-37.6339676,-7.6384756],[-37.6514173,-7.6174799],[-37.7048313,-7.6169292]],[[-37.7048313,-7.6169292],[-37.700083,-7.6243927]],[[-37.700083,-7.6243927],[-37.6833861,-7.6394739],[-37.6905773,-7.7081235],[-37.6969726,-7.7180865],[-37.6852324,-7.7561873],[-37.6827578,-7.7610367],[-37.6987463,-7.7639208],[-37.7030018,-7.7817473],[-37.687526,-7.8123395],[-37.6716224,-7.8232777]],[[-37.6716224,-7.8232777],[-37.620758,-7.8861293]],[[-37.620758,-7.8861293],[-37.6120634,-7.8798758],[-37.6058122,-7.851608],[-37.5769756,-7.8274919],[-37.564051,-7.8049306],[-37.5247581,-7.7655747],[-37.5266157,-7.7446618],[-37.5379025,-7.7180278]],[[-37.5379025,-7.7180278],[-37.5494686,-7.7138041],[-37.5539753,-7.7185318],[-37.5551133,-7.711619],[-37.5554968,-7.7074154],[-37.5553588,-7.6977592],[-37.5494479,-7.6650453],[-37.5568407,-7.6427092]],[[-37.5568407,-7.6427092],[-37.5588053,-7.6392233]],[[-40.8524072,-8.445582],[-40.8624976,-8.3649915],[-40.8916344,-8.3560858],[-40.8898704,-8.3867499],[-40.9076155,-8.3989872],[-40.9015354,-8.421627],[-40.925149,-8.4463261],[-40.9813794,-8.3979296],[-41.0006756,-8.400726],[-41.0073798,-8.4209291],[-41.0389906,-8.4318292],[-41.0575952,-8.477658],[-41.078927,-8.4725032],[-41.0904899,-8.5126255],[-41.1161848,-8.5372691],[-41.1483768,-8.5330293],[-41.1652615,-8.5778868],[-41.1799065,-8.5932674],[-41.1985662,-8.5924771],[-41.2135429,-8.6441555],[-41.2513183,-8.6616086],[-41.287434,-8.6608391],[-41.3142616,-8.6961023],[-41.3454184,-8.7098651],[-41.3343516,-8.7276615],[-41.3051001,-8.7273801],[-41.2815376,-8.7361004],[-41.2606246,-8.7207165],[-41.2385678,-8.7197312],[-41.2269785,-8.7047021],[-41.1764047,-8.7111943],[-41.1329,-8.7043243],[-41.1232018,-8.7187072],[-41.1289892,-8.7433931],[-41.1033511,-8.780443],[-41.0362345,-8.7858759],[-41.0249601,-8.8077274],[-41.0313197,-8.8349584],[-41.0212409,-8.8435609],[-40.9790937,-8.8234171],[-40.9590393,-8.8419808]],[[-40.9590393,-8.8419808],[-40.9444578,-8.8244839],[-40.9444841,-8.7880839],[-40.9262136,-8.7696007],[-40.9111905,-8.7758623],[-40.7582471,-8.6234993]],[[-40.7582471,-8.6234993],[-40.7715499,-8.6181454]],[[-40.7715499,-8.6181454],[-40.7829776,-8.6007969],[-40.8481844,-8.5547261],[-40.8524072,-8.445582]],[[-36.0073134,-8.361406],[-36.0105024,-8.3915808],[-36.0024596,-8.4315023],[-35.9686,-8.53594]],[[-35.9686,-8.53594],[-35.9686855,-8.5487962],[-35.9529756,-8.5426988],[-35.8990159,-8.5611741],[-35.8792556,-8.5474922]],[[-35.8792556,-8.5474922],[-35.9011322,-8.5143501],[-35.8915541,-8.5002066],[-35.8884956,-8.4673378],[-35.9036212,-8.4629063],[-35.903043,-8.4346717],[-35.9227239,-8.4077906]],[[-35.9227239,-8.4077906],[-35.9029456,-8.3750667]],[[-35.9029456,-8.3750667],[-35.9210159,-8.3659037]],[[-35.9210159,-8.3659037],[-35.9310072,-8.3671806]],[[-35.9310072,-8.3671806],[-35.9378922,-8.3702108],[-35.9447303,-8.358141],[-35.9616437,-8.3585678],[-35.971802,-8.3591026],[-35.9684678,-8.3773991],[-35.9873087,-8.3891083],[-36.0073134,-8.361406]],[[-35.4715076,-8.5461287],[-35.4858228,-8.5081879]],[[-35.4858228,-8.5081879],[-35.4877032,-8.5059924]],[[-35.4877032,-8.5059924],[-35.521239,-8.5566216],[-35.524112,-8.5791948],[-35.5126778,-8.6352987]],[[-35.5126778,-8.6352987],[-35.564765,-8.6837519]],[[-35.564765,-8.6837519],[-35.5577477,-8.7175925],[-35.6028417,-8.7422228],[-35.6062999,-8.7756468]],[[-35.6062999,-8.7756468],[-35.6159004,-8.7891285],[-35.6131182,-8.8139747],[-35.586752,-8.8426442]],[[-35.586752,-8.8426442],[-35.5368021,-8.8196212],[-35.517771,-8.8167578],[-35.4957537,-8.8283023],[-35.4642941,-8.8163642],[-35.4598277,-8.8377745],[-35.4063787,-8.8378666],[-35.4016406,-8.8324427]],[[-35.4016406,-8.8324427],[-35.3676562,-8.8074201]],[[-35.3676562,-8.8074201],[-35.3614207,-8.8064809]],[[-35.3614207,-8.8064809],[-35.3400156,-8.7472104],[-35.3415981,-8.7249551]],[[-35.3415981,-8.7249551],[-35.4037489,-8.7137212],[-35.3944718,-8.6830521],[-35.4740355,-8.6278691],[-35.487824,-8.5839494],[-35.4439054,-8.5566689],[-35.4691614,-8.5454563]],[[-35.4691614,-8.5454563],[-35.4715076,-8.5461287]],[[-36.8655902,-8.8881915],[-36.8739086,-8.8857616]],[[-36.8739086,-8.8857616],[-36.9014538,-8.9090623],[-36.9415634,-8.8977225],[-36.9931329,-8.8966033]],[[-36.9931329,-8.8966033],[-37.0469614,-8.9209931],[-37.0993435,-8.9710332]],[[-37.0993435,-8.9710332],[-37.1160328,-9.0105641],[-37.155587,-9.0535531],[-37.1623601,-9.0730969],[-37.160713,-9.1402462],[-37.1853938,-9.2003169],[-37.1983152,-9.2154825]],[[-37.1983152,-9.2154825],[-37.1589467,-9.2391017],[-37.1682826,-9.2518259],[-37.1643357,-9.2757055],[-37.1299203,-9.2600634],[-37.1164756,-9.2409306],[-37.0906725,-9.2463621],[-37.0571996,-9.2817884],[-37.0543223,-9.3023161]],[[-37.0543223,-9.3023161],[-37.024373,-9.2623174],[-37.0141608,-9.2688767],[-36.9703957,-9.238784],[-36.9664191,-9.224273],[-36.9525517,-9.2119961],[-36.9501426,-9.1904828],[-36.9767866,-9.158682],[-36.9864519,-9.1339996],[-36.939997,-9.0675121],[-36.9251966,-9.0254799],[-36.9015596,-8.9971317],[-36.8847589,-8.9425361],[-36.8880534,-8.9311085],[-36.873191,-8.907269],[-36.8710081,-8.89546],[-36.8655902,-8.8881915]],[[-36.8146938,-8.430926],[-36.826269,-8.5037459]],[[-36.826269,-8.5037459],[-36.7873076,-8.544513],[-36.778919,-8.5620099],[-36.7834873,-8.5892659],[-36.7590769,-8.5990108]],[[-36.7590769,-8.5990108],[-36.7259221,-8.5590534],[-36.7131073,-8.5333379],[-36.6770066,-8.5258768],[-36.7016622,-8.4210871],[-36.7846547,-8.4228065],[-36.8146938,-8.430926]],[[-35.1437582,-7.5091933],[-35.1671013,-7.500468]],[[-35.1671013,-7.500468],[-35.2033112,-7.5216369]],[[-35.2033112,-7.5216369],[-35.2115088,-7.5242149]],[[-35.2115088,-7.5242149],[-35.2550436,-7.5441135]],[[-35.2550436,-7.5441135],[-35.2728808,-7.5912614]],[[-35.2728808,-7.5912614],[-35.2573347,-7.644495],[-35.2595306,-7.6756459]],[[-35.2595306,-7.6756459],[-35.2411108,-7.6967711],[-35.2117011,-7.6814068],[-35.1851197,-7.6881942],[-35.1601809,-7.7103826]],[[-35.1601809,-7.7103826],[-35.156825,-7.7061563]],[[-35.156825,-7.7061563],[-35.139845,-7.682996],[-35.1372006,-7.6570105],[-35.1317496,-7.659368],[-35.1265578,-7.6629823]],[[-35.1265578,-7.6629823],[-35.1468224,-7.6195721]],[[-35.1468224,-7.6195721],[-35.1291259,-7.5650902],[-35.0971867,-7.5436637]],[[-35.0971867,-7.5436637],[-35.1074139,-7.5310193],[-35.1177166,-7.5343339],[-35.1197331,-7.5410541],[-35.1231154,-7.540947],[-35.1437582,-7.5091933]],[[-36.0073134,-8.361406],[-36.0404201,-8.383874],[-36.0606488,-8.3793042]],[[-36.0606488,-8.3793042],[-36.0641466,-8.3849178],[-36.0695635,-8.3880885]],[[-36.0695635,-8.3880885],[-36.0981099,-8.3832004],[-36.130986,-8.4013714],[-36.1341213,-8.4283538],[-36.2175702,-8.4879659]],[[-36.2175702,-8.4879659],[-36.2432221,-8.5184255],[-36.2670958,-8.5624042]],[[-36.2670958,-8.5624042],[-36.2296632,-8.5729819]],[[-36.2296632,-8.5729819],[-36.1681347,-8.546335]],[[-36.1681347,-8.546335],[-36.0893103,-8.5938866]],[[-36.0893103,-8.5938866],[-36.0788101,-8.5809152],[-36.0147358,-8.5555045],[-36.0091147,-8.5406067],[-36.0003367,-8.5337006],[-35.9965025,-8.5469933]],[[-35.9965025,-8.5469933],[-35.9686,-8.53594]],[[-35.4665085,-8.2611213],[-35.4994082,-8.3078936],[-35.5093403,-8.3111706]],[[-35.5093403,-8.3111706],[-35.5097484,-8.3005309]],[[-35.5097484,-8.3005309],[-35.5222965,-8.2999656],[-35.5295668,-8.3017261],[-35.528746,-8.3152865],[-35.5578724,-8.3295597],[-35.5629472,-8.3426307],[-35.5534178,-8.3422388]],[[-35.5534178,-8.3422388],[-35.5477875,-8.3390177]],[[-35.5477875,-8.3390177],[-35.5353812,-8.3808277],[-35.5228299,-8.3847444],[-35.5049766,-8.4324985],[-35.4599605,-8.4567293],[-35.4454664,-8.4517943]],[[-35.4454664,-8.4517943],[-35.4386885,-8.4432372]],[[-35.4386885,-8.4432372],[-35.4215899,-8.4322053],[-35.4124414,-8.4290126]],[[-35.4124414,-8.4290126],[-35.4055938,-8.4281172]],[[-35.4055938,-8.4281172],[-35.3735313,-8.3808654],[-35.4158687,-8.329547],[-35.4665085,-8.2611213]],[[-36.3236697,-8.8069757],[-36.3336765,-8.805514]],[[-36.3336765,-8.805514],[-36.3376115,-8.8038911]],[[-36.3376115,-8.8038911],[-36.3419806,-8.8014469]],[[-36.3419806,-8.8014469],[-36.315336,-8.843303],[-36.3224193,-8.8686558],[-36.3060424,-8.9531626]],[[-36.3060424,-8.9531626],[-36.2556373,-8.952856]],[[-36.2556373,-8.952856],[-36.2334143,-8.9333836]],[[-36.2334143,-8.9333836],[-36.216009,-8.8841409]],[[-36.216009,-8.8841409],[-36.2387888,-8.8649009],[-36.2456478,-8.8559686],[-36.2476832,-8.8541402],[-36.2543042,-8.8565503],[-36.2658663,-8.8403433],[-36.2794194,-8.8438806],[-36.2946538,-8.8411738]],[[-36.2946538,-8.8411738],[-36.3009335,-8.8301335]],[[-36.3009335,-8.8301335],[-36.3095922,-8.826236],[-36.3164576,-8.8242149],[-36.3147129,-8.8034269],[-36.3236697,-8.8069757]],[[-35.0914273,-7.7405256],[-35.1056515,-7.7265647]],[[-35.1056515,-7.7265647],[-35.1102065,-7.7492284],[-35.1399618,-7.7922596]],[[-35.0541057,-7.8800376],[-35.037679,-7.8712379],[-35.0329206,-7.8300925],[-35.0204229,-7.8138361],[-35.0400335,-7.7882143],[-35.0384857,-7.7687531],[-35.0540117,-7.7493377],[-35.0754414,-7.7459764],[-35.0914273,-7.7405256]],[[-40.3453514,-7.3291623],[-40.3582236,-7.3524921],[-40.3938781,-7.3681684],[-40.4335849,-7.3671786],[-40.5004686,-7.3279953],[-40.5237232,-7.3184505],[-40.5415082,-7.3322691],[-40.5484637,-7.3926915],[-40.6523232,-7.4333422],[-40.6657054,-7.4509456],[-40.7012014,-7.4563563],[-40.713786,-7.4939106],[-40.6952478,-7.5368071],[-40.6773208,-7.5629432],[-40.6491182,-7.5907642],[-40.6265611,-7.6316836],[-40.6218303,-7.6583238],[-40.6277497,-7.6849895],[-40.6718643,-7.7356058],[-40.675657,-7.7526832],[-40.663785,-7.7747618],[-40.6451665,-7.786799],[-40.5684048,-7.8087586],[-40.5420618,-7.8384807],[-40.537943,-7.8691947],[-40.5459081,-7.9369216],[-40.5442221,-7.9645971],[-40.560663,-7.9972865]],[[-40.560663,-7.9972865],[-40.5263074,-7.9972901],[-40.5197588,-7.9517559],[-40.5053195,-7.9437064],[-40.4953577,-7.9186635],[-40.480136,-7.9137701],[-40.4276441,-7.8717837]],[[-40.4276441,-7.8717837],[-40.3450365,-7.8487405],[-40.3436206,-7.8431924]],[[-40.3436206,-7.8431924],[-40.3533009,-7.8249163],[-40.3597522,-7.7095735],[-40.2724984,-7.5621313]],[[-40.2724984,-7.5621313],[-40.3453514,-7.3291623]],[[-36.9103887,-8.4339871],[-36.9265697,-8.4266253],[-36.9484338,-8.3966444],[-36.9449191,-8.373464],[-36.9096372,-8.2956771],[-36.9082635,-8.2530931]],[[-36.9082635,-8.2530931],[-36.9229988,-8.2698298],[-36.9449468,-8.2752533],[-36.9602017,-8.3004673],[-36.9911563,-8.3029551],[-37.0206483,-8.2896722]],[[-37.0206483,-8.2896722],[-37.0318457,-8.2995558],[-37.0480787,-8.3481414],[-37.0710711,-8.3537933],[-37.1021886,-8.384377],[-37.1439278,-8.4033216]],[[-37.1439278,-8.4033216],[-37.1490412,-8.4034596]],[[-37.1490412,-8.4034596],[-37.1388649,-8.426555],[-37.0902199,-8.440786],[-37.0229118,-8.4986985]],[[-37.0229118,-8.4986985],[-37.0035916,-8.465769],[-37.0071079,-8.4466424],[-36.935521,-8.4480786],[-36.9243951,-8.4642086],[-36.9107534,-8.4485313],[-36.8968713,-8.4418961]],[[-36.8968713,-8.4418961],[-36.9103887,-8.4339871]],[[-35.5478557,-8.3568265],[-35.5493428,-8.3516455]],[[-35.5493428,-8.3516455],[-35.6346679,-8.3737695]],[[-35.6346679,-8.3737695],[-35.656003,-8.3779922],[-35.7003341,-8.3732076]],[[-35.7003341,-8.3732076],[-35.6965408,-8.3741376],[-35.6940988,-8.3799739],[-35.680716,-8.3872881],[-35.677314,-8.4014472],[-35.6858845,-8.4408395],[-35.6666002,-8.4935156],[-35.5780107,-8.4323743]],[[-35.5780107,-8.4323743],[-35.5969949,-8.4094752]],[[-35.5969949,-8.4094752],[-35.5663026,-8.3787053],[-35.5478557,-8.3568265]],[[-35.1334329,-8.7876891],[-35.1922274,-8.7741299],[-35.223647,-8.7536881],[-35.2471239,-8.7760678],[-35.2604082,-8.7725514],[-35.2843702,-8.7893695],[-35.3163626,-8.7921857],[-35.3543907,-8.8053846]],[[-35.3543907,-8.8053846],[-35.3676562,-8.8074201]],[[-35.4016406,-8.8324427],[-35.3945703,-8.849836],[-35.2527821,-8.887233],[-35.2430617,-8.879751]],[[-35.2430617,-8.879751],[-35.2606308,-8.8556007],[-35.1368768,-8.8295142],[-35.1395709,-8.8431974]],[[-35.1395709,-8.8431974],[-35.1177068,-8.8018699],[-35.1060206,-8.7936146],[-35.1028085,-8.7848899]],[[-35.1028085,-8.7848899],[-35.1052544,-8.788954]],[[-35.1052544,-8.788954],[-35.1334329,-8.7876891]],[[-35.813507,-8.5518957],[-35.8257014,-8.5237986],[-35.8370962,-8.5254711]],[[-35.8370962,-8.5254711],[-35.8399763,-8.5261145],[-35.8456301,-8.5340371],[-35.8556161,-8.5389395],[-35.8387083,-8.5788258],[-35.8499429,-8.5931428]],[[-35.8499429,-8.5931428],[-35.8504443,-8.6007014],[-35.8555178,-8.6124904]],[[-35.8555178,-8.6124904],[-35.8256876,-8.6284722],[-35.8072742,-8.6498618],[-35.8101593,-8.6729432]],[[-35.8101593,-8.6729432],[-35.7594946,-8.6733572],[-35.8001564,-8.5948509]],[[-35.8001564,-8.5948509],[-35.8033139,-8.5943567]],[[-35.8033139,-8.5943567],[-35.8136355,-8.584883],[-35.802115,-8.5456533],[-35.809884,-8.5528251],[-35.813507,-8.5518957]],[[-38.9111637,-8.330451],[-38.9151354,-8.3338885]],[[-38.9151354,-8.3338885],[-38.9236784,-8.3483824],[-38.9364334,-8.3536382],[-38.9936999,-8.3549922],[-38.9954353,-8.3729635],[-39.0414599,-8.3805005]],[[-39.0414599,-8.3805005],[-39.0518352,-8.3848512]],[[-39.0518352,-8.3848512],[-39.0629896,-8.4102902],[-39.081149,-8.4130701],[-39.0883914,-8.4492109],[-39.1030172,-8.4524757],[-39.1297615,-8.4887296],[-39.1334691,-8.5068152],[-39.1524062,-8.5112257],[-39.1665427,-8.4982125],[-39.1961997,-8.5150479],[-39.2145939,-8.5221742],[-39.2409324,-8.5403796],[-39.2726237,-8.583791]],[[-39.2726237,-8.583791],[-39.2646911,-8.6138983],[-39.24188,-8.6363074],[-39.2480178,-8.6687677],[-39.234268,-8.7053364],[-39.1989014,-8.7106443],[-39.1754925,-8.7029667],[-39.0375772,-8.7346909],[-38.9919113,-8.7675519],[-38.977432,-8.7930867],[-38.946769,-8.8046872],[-38.9249375,-8.7947475],[-38.8549334,-8.7845272]],[[-38.8549334,-8.7845272],[-38.8435146,-8.6955729]],[[-38.8435146,-8.6955729],[-38.6292406,-8.6210282],[-38.6304046,-8.6169805]],[[-38.6304046,-8.6169805],[-38.6514154,-8.6135653],[-38.6681325,-8.595398],[-38.7570805,-8.5751353],[-38.7825427,-8.5296913],[-38.798892,-8.5140416],[-38.8294038,-8.5054959],[-38.8493822,-8.467615],[-38.8441908,-8.4477542],[-38.8453202,-8.437446],[-38.8702016,-8.4088201],[-38.8885752,-8.3475719],[-38.9111637,-8.330451]],[[-36.4440176,-8.145866],[-36.4908593,-8.1331571],[-36.5474582,-8.2100786],[-36.5811654,-8.2058038],[-36.6059539,-8.2123656]],[[-36.6059539,-8.2123656],[-36.5603389,-8.2831796]],[[-36.5603389,-8.2831796],[-36.5601818,-8.2742643],[-36.5227506,-8.2387898],[-36.5168926,-8.2324262],[-36.5082158,-8.2305965],[-36.4859254,-8.2525681],[-36.4983985,-8.2883439],[-36.5245876,-8.3074849],[-36.5008916,-8.3245069],[-36.4846233,-8.3144614],[-36.4928088,-8.3841031]],[[-36.4928088,-8.3841031],[-36.5107355,-8.4020605]],[[-36.5107355,-8.4020605],[-36.5035828,-8.402878],[-36.4929364,-8.4088413],[-36.4846647,-8.4086553],[-36.4868471,-8.4023281],[-36.469982,-8.3905301],[-36.4474873,-8.3996122],[-36.4238612,-8.3869527],[-36.4090008,-8.3817266],[-36.4015421,-8.3768967],[-36.3862538,-8.3882416],[-36.3611405,-8.3891973]],[[-36.3611405,-8.3891973],[-36.3348733,-8.3220734],[-36.333233,-8.2963091],[-36.3040571,-8.286302],[-36.2877705,-8.2847326],[-36.2637621,-8.2799261],[-36.2424956,-8.2685663],[-36.2064345,-8.2358342],[-36.2071771,-8.2255514]],[[-36.2071771,-8.2255514],[-36.2341137,-8.2090343],[-36.2476936,-8.1932904],[-36.2393218,-8.1687211],[-36.2688438,-8.1612422],[-36.3311723,-8.1643994],[-36.35418,-8.2191531],[-36.3719189,-8.2080097],[-36.4440176,-8.145866]],[[-37.8150802,-8.0782863],[-37.8494536,-8.0838869],[-37.8813332,-8.0748541],[-37.920352,-8.0754115],[-37.9394269,-8.0686797]],[[-37.9394269,-8.0686797],[-37.9416713,-8.07773],[-37.9820427,-8.083258],[-38.0282024,-8.133565]],[[-38.0282024,-8.133565],[-38.0272816,-8.1394423],[-38.0626591,-8.1481181],[-38.1065953,-8.1866573],[-38.1187744,-8.2210518],[-38.1523617,-8.223385],[-38.1740985,-8.2472186],[-38.1776869,-8.2682097]],[[-38.1776869,-8.2682097],[-38.1779373,-8.2796063]],[[-38.1779373,-8.2796063],[-38.1922166,-8.2890511],[-38.1950266,-8.3138394],[-38.1677606,-8.3978734],[-38.138709,-8.4083059],[-38.0949535,-8.413531],[-38.0624151,-8.448925],[-38.0277195,-8.4594809],[-37.9923706,-8.4549071],[-37.9666512,-8.4585825],[-37.9338979,-8.4390654],[-37.9090654,-8.4029832]],[[-37.9090654,-8.4029832],[-37.8940404,-8.3928765]],[[-37.8940404,-8.3928765],[-37.8827757,-8.3751861],[-37.8728014,-8.3620053],[-37.8582586,-8.3453885],[-37.8533171,-8.3097627],[-37.8522829,-8.2682039],[-37.8430994,-8.2458083],[-37.8124591,-8.224411],[-37.798759,-8.2025216],[-37.8114439,-8.0809894]],[[-37.8114439,-8.0809894],[-37.8150802,-8.0782863]],[[-35.6303286,-8.1040828],[-35.8357555,-8.1144436]],[[-35.8357555,-8.1144436],[-35.8382552,-8.1166893]],[[-35.8382552,-8.1166893],[-35.8418859,-8.1194781],[-35.8492483,-8.1585833],[-35.873858,-8.1622799],[-35.8883471,-8.1895595]],[[-35.8883471,-8.1895595],[-35.8826119,-8.1990463],[-35.8515569,-8.2723123]],[[-35.8515569,-8.2723123],[-35.8528584,-8.2990869],[-35.8902175,-8.3510971],[-35.9108885,-8.3586497]],[[-35.9108885,-8.3586497],[-35.9210159,-8.3659037]],[[-35.9029456,-8.3750667],[-35.8755398,-8.3776449]],[[-35.8755398,-8.3776449],[-35.8455743,-8.3786939]],[[-35.8455743,-8.3786939],[-35.8094897,-8.3612511],[-35.7904742,-8.3274188],[-35.7691928,-8.313468],[-35.776935,-8.2982721]],[[-35.776935,-8.2982721],[-35.7534798,-8.2893224]],[[-35.7534798,-8.2893224],[-35.7190281,-8.248886],[-35.7118289,-8.2246185],[-35.6849046,-8.2112632],[-35.6670139,-8.2094975],[-35.6589635,-8.2038093],[-35.6521508,-8.2031491]],[[-35.6521508,-8.2031491],[-35.656091,-8.159]],[[-35.656091,-8.159],[-35.6303286,-8.1040828]],[[-39.9045597,-7.3383434],[-39.926345,-7.3409989],[-40.000707,-7.3744783],[-40.0451637,-7.380745],[-40.1277543,-7.381915],[-40.1571334,-7.371457]],[[-40.1571334,-7.371457],[-40.0889429,-7.7782281]],[[-40.0889429,-7.7782281],[-40.0943431,-7.7927915],[-40.0848623,-7.8084264],[-40.0595599,-7.8049704],[-40.0164616,-7.7939923],[-40.0029847,-7.800054],[-39.9638372,-7.8142405],[-39.9365523,-7.8250581],[-39.9280786,-7.8534465],[-39.9433261,-7.8939845],[-39.910125,-7.9405151],[-39.9046305,-7.9688986],[-39.8534068,-8.0280174]],[[-39.8534068,-8.0280174],[-39.7626495,-7.9125509]],[[-39.7626495,-7.9125509],[-39.8146198,-7.690537]],[[-39.8146198,-7.690537],[-39.9039796,-7.7070066],[-39.9045597,-7.3383434]],[[-36.6884294,-9.0203951],[-36.7050305,-9.0211063]],[[-36.7050305,-9.0211063],[-36.7401184,-9.0621061],[-36.759311,-9.0939637],[-36.7845437,-9.113188]],[[-36.7845437,-9.113188],[-36.7690236,-9.137445]],[[-36.7690236,-9.137445],[-36.8725279,-9.1679297],[-36.8831661,-9.2639846],[-36.8817786,-9.2761435]],[[-36.8817786,-9.2761435],[-36.8674694,-9.2685315],[-36.8360412,-9.2886286],[-36.7617725,-9.271457],[-36.6892248,-9.2964447],[-36.6704222,-9.3132355],[-36.6446864,-9.3143715],[-36.605047,-9.3415082],[-36.5658282,-9.3271056],[-36.5718396,-9.2925828],[-36.5003731,-9.2627856]],[[-36.5003731,-9.2627856],[-36.5113733,-9.2519334],[-36.5201545,-9.2115742],[-36.5206952,-9.2069445],[-36.5226482,-9.195596],[-36.5261292,-9.1856105],[-36.5075188,-9.1762533],[-36.5110044,-9.1368003],[-36.5241397,-9.1169169],[-36.5265509,-9.1098782],[-36.5283177,-9.1113704],[-36.533335,-9.1090834]],[[-36.533335,-9.1090834],[-36.5330233,-9.1013895]],[[-36.5330233,-9.1013895],[-36.56327,-9.1190344],[-36.6083012,-9.1217262],[-36.6269973,-9.1147437],[-36.6570834,-9.1278587],[-36.6803026,-9.1218154],[-36.7032317,-9.1156869],[-36.7045262,-9.0963571],[-36.6893827,-9.0687724],[-36.6915927,-9.0413601],[-36.6884294,-9.0203951]],[[-35.4191181,-7.7212793],[-35.4456726,-7.6927185]],[[-35.4456726,-7.6927185],[-35.4843581,-7.7299476],[-35.5164713,-7.7495748],[-35.5450187,-7.7228124],[-35.5483359,-7.7168483]],[[-35.5483359,-7.7168483],[-35.5543261,-7.7186895]],[[-35.5543261,-7.7186895],[-35.5849991,-7.7419999],[-35.619575,-7.7772584],[-35.6214327,-7.7734059],[-35.6314445,-7.7618584]],[[-35.6314445,-7.7618584],[-35.6396423,-7.7578302]],[[-35.6396423,-7.7578302],[-35.6652664,-7.756416],[-35.6709911,-7.7757712],[-35.7057502,-7.7755637],[-35.7078121,-7.7865144],[-35.7079809,-7.831403]],[[-35.7079809,-7.831403],[-35.6979066,-7.8438832]],[[-35.6979066,-7.8438832],[-35.6943003,-7.8479436],[-35.6876754,-7.8474072]],[[-35.6876754,-7.8474072],[-35.68332,-7.8441922],[-35.5966466,-7.837549]],[[-35.5966466,-7.837549],[-35.5656761,-7.8316311],[-35.5189534,-7.8007768],[-35.5152883,-7.802033],[-35.5037185,-7.8100674]],[[-35.5037185,-7.8100674],[-35.4770545,-7.7977682],[-35.4819399,-7.7436564],[-35.4572664,-7.7140159],[-35.4191181,-7.7212793]],[[-35.7003341,-8.3732076],[-35.7221994,-8.3875817]],[[-35.7221994,-8.3875817],[-35.754994,-8.3848288]],[[-35.754994,-8.3848288],[-35.758044,-8.4113455],[-35.7418873,-8.4363041],[-35.7636934,-8.4402177],[-35.7851817,-8.4631059],[-35.8219123,-8.4601304],[-35.8287835,-8.4691151],[-35.837981,-8.4817552],[-35.8238913,-8.4905662],[-35.8223507,-8.5202078]],[[-35.8223507,-8.5202078],[-35.813507,-8.5518957]],[[-35.8033139,-8.5943567],[-35.7957597,-8.5953358],[-35.7930097,-8.5990354]],[[-35.7930097,-8.5990354],[-35.7803098,-8.5898755],[-35.7740041,-8.6002508],[-35.7250525,-8.5796829],[-35.7137612,-8.5803368],[-35.699393,-8.5993021]],[[-35.699393,-8.5993021],[-35.6885552,-8.5961557]],[[-35.6885552,-8.5961557],[-35.7005835,-8.5699838],[-35.6981526,-8.5472082],[-35.6412577,-8.5349291],[-35.6390219,-8.5517802],[-35.6207725,-8.54014],[-35.5877368,-8.5176264]],[[-35.5877368,-8.5176264],[-35.5490081,-8.4867515]],[[-35.5490081,-8.4867515],[-35.5438411,-8.4798454]],[[-35.5438411,-8.4798454],[-35.5483787,-8.4625925],[-35.54655,-8.4527015],[-35.5547402,-8.4502838],[-35.5615888,-8.4438594],[-35.5784395,-8.4310949]],[[-35.5784395,-8.4310949],[-35.5780107,-8.4323743]],[[-36.5012617,-8.9589282],[-36.5080148,-8.954424],[-36.5165465,-8.9568662],[-36.5323255,-8.96604],[-36.5436038,-8.956171]],[[-36.5436038,-8.956171],[-36.5850634,-8.9872097],[-36.6005001,-9.0333769]],[[-36.6005001,-9.0333769],[-36.5787541,-9.0645324],[-36.5448163,-9.0797855],[-36.534938,-9.0980162]],[[-36.534938,-9.0980162],[-36.5302661,-9.103544]],[[-36.5302661,-9.103544],[-36.4783236,-9.0859636]],[[-36.4783236,-9.0859636],[-36.4803625,-8.9703637]],[[-36.4803625,-8.9703637],[-36.5012617,-8.9589282]],[[-37.2607318,-7.2741681],[-37.2883328,-7.2882889],[-37.3305857,-7.2882835],[-37.3572843,-7.3231138],[-37.3493763,-7.3351182],[-37.3857137,-7.3566938],[-37.4318223,-7.3566563]],[[-37.4318223,-7.3566563],[-37.4105013,-7.3799042],[-37.3825884,-7.3730098],[-37.3675,-7.3794444]],[[-37.3675,-7.3794444],[-37.35709,-7.3770667]],[[-37.35709,-7.3770667],[-37.3162,-7.3657747],[-37.2900923,-7.3952838],[-37.2703751,-7.3934637]],[[-37.2703751,-7.3934637],[-37.2829567,-7.3696114]],[[-37.2829567,-7.3696114],[-37.2731291,-7.3268174],[-37.2618023,-7.3078295],[-37.2607318,-7.2741681]],[[-36.4437525,-7.9202593],[-36.3802655,-7.9767145],[-36.4440176,-8.145866]],[[-36.2071771,-8.2255514],[-36.1930558,-8.2361662]],[[-36.1930558,-8.2361662],[-36.1389542,-8.1924181],[-36.122669,-8.1873313]],[[-36.122669,-8.1873313],[-36.1380637,-8.1901531],[-36.1491262,-8.1644827],[-36.1789395,-8.1435441],[-36.1666846,-8.1006924],[-36.1806799,-8.0711092],[-36.1542795,-8.0322646],[-36.1290451,-8.0159102],[-36.115472,-7.9970747]],[[-36.115472,-7.9970747],[-36.1118093,-7.9967135]],[[-36.1118093,-7.9967135],[-36.1141735,-7.9710843],[-36.1497332,-7.9728667],[-36.1593764,-7.9724669],[-36.1607659,-7.9658166]],[[-36.1607659,-7.9658166],[-36.1682996,-7.9688778]],[[-36.1682996,-7.9688778],[-36.1968475,-7.9577623],[-36.2629823,-7.953844],[-36.2919434,-7.9436279],[-36.3271525,-7.9686186],[-36.3800489,-7.9368315],[-36.4007713,-7.938198],[-36.423183,-7.921951],[-36.4437525,-7.9202593]],[[-35.2595306,-7.6756459],[-35.2961503,-7.7110713],[-35.3220203,-7.7029314],[-35.3560348,-7.7096135],[-35.3699996,-7.6955286],[-35.3847472,-7.7237351],[-35.4128388,-7.7404806]],[[-35.4128388,-7.7404806],[-35.4378309,-7.7503523],[-35.4056376,-7.7757378]],[[-35.4056376,-7.7757378],[-35.37853,-7.7621828],[-35.3667838,-7.7685736],[-35.3169726,-7.7742724],[-35.304258,-7.7662282]],[[-35.304258,-7.7662282],[-35.2595306,-7.6756459]],[[-37.1490412,-8.4034596],[-37.1602588,-8.4042006]],[[-37.1602588,-8.4042006],[-37.1729901,-8.4150302],[-37.2019069,-8.4186117],[-37.2200519,-8.4071717]],[[-37.2200519,-8.4071717],[-37.2233921,-8.4052756]],[[-37.2233921,-8.4052756],[-37.3018981,-8.6424383],[-37.2901738,-8.6612518],[-37.288807,-8.6969508],[-37.2731269,-8.7264771],[-37.2583752,-8.7415098],[-37.212335,-8.7432214],[-37.1838986,-8.7515523],[-37.111002,-8.8270957],[-37.0782211,-8.8668051],[-37.0882889,-8.8954074],[-37.0812966,-8.9183488],[-37.1012279,-8.9602797]],[[-37.1012279,-8.9602797],[-37.0993435,-8.9710332]],[[-36.9931329,-8.8966033],[-36.9708226,-8.7113385],[-36.9886031,-8.5573203],[-37.001755,-8.5413029],[-37.0472506,-8.5423469],[-37.0717188,-8.5342837],[-37.0229118,-8.4986985]],[[-35.2152509,-8.187562],[-35.2423269,-8.2112528],[-35.2628339,-8.2404991]],[[-35.2628339,-8.2404991],[-35.2648301,-8.242849]],[[-35.2648301,-8.242849],[-35.2642631,-8.2476948],[-35.2659685,-8.2502495],[-35.2648857,-8.2556777],[-35.2387127,-8.2719374],[-35.2296912,-8.2946125],[-35.2104728,-8.2875322],[-35.1957968,-8.2976953],[-35.1517431,-8.2791942],[-35.1401484,-8.3099329]],[[-35.1401484,-8.3099329],[-35.1082248,-8.3340454],[-35.0844629,-8.3311993],[-35.0669853,-8.3497619],[-35.0474205,-8.3491107],[-35.0243854,-8.3635523],[-34.9901024,-8.3603574],[-34.9779016,-8.3539857],[-34.9609208,-8.3666748]],[[-34.9609208,-8.3666748],[-34.9490487,-8.3415036],[-34.9518384,-8.2985745],[-34.9356405,-8.2388687]],[[-34.9356405,-8.2388687],[-34.9579354,-8.2352755],[-34.9954195,-8.2242673],[-35.0070498,-8.2060394]],[[-35.0070498,-8.2060394],[-35.0641365,-8.2227088],[-35.0665761,-8.220534]],[[-35.0665761,-8.220534],[-35.0723368,-8.2219914],[-35.0779976,-8.2191753],[-35.1150842,-8.1916462],[-35.1200377,-8.1841038],[-35.1229605,-8.1868386],[-35.1305189,-8.1883538],[-35.1507904,-8.1863231],[-35.1646333,-8.217335],[-35.2152509,-8.187562]],[[-39.3173577,-8.1825961],[-39.3250406,-8.183052]],[[-39.3250406,-8.183052],[-39.3411112,-8.1991064],[-39.3703346,-8.2131641],[-39.3701739,-8.2237824],[-39.3737094,-8.2316415],[-39.3722822,-8.2453609],[-39.3707316,-8.2513956],[-39.3773718,-8.2542322],[-39.3848967,-8.2540715],[-39.4080068,-8.2471527],[-39.4182334,-8.2417673],[-39.46197,-8.2412471]],[[-39.46197,-8.2412471],[-39.4684111,-8.2365162]],[[-39.4684111,-8.2365162],[-39.4956093,-8.2477698],[-39.5389817,-8.2375764],[-39.5601086,-8.2453875]],[[-39.5601086,-8.2453875],[-39.5693214,-8.2493647]],[[-39.5693214,-8.2493647],[-39.5460554,-8.3202507],[-39.5418754,-8.327194],[-39.5406084,-8.3371692],[-39.5564995,-8.3631025],[-39.5552908,-8.4004042],[-39.5654882,-8.4144747],[-39.5503894,-8.4626563],[-39.5140264,-8.5141064],[-39.4770887,-8.5340966],[-39.4761113,-8.5927932]],[[-39.4761113,-8.5927932],[-39.4521096,-8.5631992],[-39.4354904,-8.5633018],[-39.4160408,-8.5421279],[-39.3797936,-8.5328206],[-39.3451437,-8.5585006],[-39.2864213,-8.5637598],[-39.2726237,-8.583791]],[[-39.0518352,-8.3848512],[-39.0465227,-8.3796619]],[[-39.0465227,-8.3796619],[-39.2087319,-8.2272093],[-39.2494942,-8.2137982],[-39.3017992,-8.2273303],[-39.3173577,-8.1825961]],[[-36.2175702,-8.4879659],[-36.2241664,-8.4539053]],[[-36.2241664,-8.4539053],[-36.3363749,-8.3949145],[-36.3611405,-8.3891973]],[[-36.3611405,-8.3891973],[-36.3556742,-8.4256738],[-36.3206381,-8.4880357],[-36.3068673,-8.531547],[-36.3261127,-8.5637812],[-36.331892,-8.6147402]],[[-36.331892,-8.6147402],[-36.2737946,-8.5623537]],[[-36.2737946,-8.5623537],[-36.2733224,-8.5606449]],[[-36.2733224,-8.5606449],[-36.2670958,-8.5624042]],[[-36.7022223,-8.723862],[-36.7731973,-8.7319138]],[[-36.7731973,-8.7319138],[-36.7713126,-8.7352617]],[[-36.7713126,-8.7352617],[-36.7740897,-8.7617778],[-36.76213,-8.7843431],[-36.7785046,-8.7920105],[-36.7547063,-8.8280762]],[[-36.7547063,-8.8280762],[-36.6674372,-8.8325221]],[[-36.6674372,-8.8325221],[-36.6669204,-8.8616431],[-36.6561661,-8.8681336],[-36.6192032,-8.8966982]],[[-36.6192032,-8.8966982],[-36.6117257,-8.9025964]],[[-36.6117257,-8.9025964],[-36.6125975,-8.8945378],[-36.5835074,-8.8912244],[-36.5624752,-8.8908469],[-36.5512844,-8.8872699],[-36.5432551,-8.8811989],[-36.5818313,-8.8257462],[-36.5743755,-8.8223822],[-36.5660695,-8.8084041],[-36.5495614,-8.7950425]],[[-36.5495614,-8.7950425],[-36.5400752,-8.7838493]],[[-36.5400752,-8.7838493],[-36.5566158,-8.7577598],[-36.5777851,-8.7703329],[-36.6102831,-8.772099],[-36.6264202,-8.7630203],[-36.6282808,-8.7560964],[-36.7022223,-8.723862]],[[-36.2494284,-8.7868605],[-36.3824066,-8.6352678],[-36.3690054,-8.6875064]],[[-36.3690054,-8.6875064],[-36.3716951,-8.7439437],[-36.3287521,-8.799297]],[[-36.3287521,-8.799297],[-36.3236697,-8.8069757]],[[-36.3009335,-8.8301335],[-36.2494284,-8.7868605]],[[-38.0939039,-7.9223517],[-38.1294375,-7.9045162]],[[-38.1294375,-7.9045162],[-38.1634552,-7.9053846]],[[-38.1634552,-7.9053846],[-38.1681499,-7.9291665],[-38.1493778,-7.9453889],[-38.0973605,-8.0541351],[-38.0282024,-8.133565]],[[-37.9394269,-8.0686797],[-37.9996824,-8.0774946],[-38.0135679,-8.0840354],[-38.0344144,-8.0634742],[-38.0488233,-8.0316067],[-38.0897391,-8.0143226],[-38.0347818,-7.9621916],[-38.0524279,-7.9216705]],[[-38.0524279,-7.9216705],[-38.0590287,-7.9235583]],[[-38.0590287,-7.9235583],[-38.0719891,-7.9278132],[-38.087353,-7.9331966],[-38.0939039,-7.9223517]],[[-35.0083996,-7.9457307],[-35.0158823,-7.9259126]],[[-35.0158823,-7.9259126],[-35.03668,-7.9402424]],[[-35.03668,-7.9402424],[-35.0306735,-7.9581283],[-35.0086162,-7.9718776],[-35.0167963,-7.9902331],[-35.0100826,-8.0378586]],[[-35.0100826,-8.0378586],[-34.9961383,-8.0368538]],[[-34.9961383,-8.0368538],[-34.9859888,-8.0367099],[-34.9655443,-8.0198095],[-34.9623168,-7.9904081],[-34.972218,-7.971763],[-35.0037187,-7.9595518],[-35.0083996,-7.9457307]],[[-35.7580784,-8.2904777],[-35.776935,-8.2982721]],[[-35.8455743,-8.3786939],[-35.8211831,-8.3880007],[-35.7726986,-8.3733816],[-35.7678231,-8.3837511]],[[-35.7678231,-8.3837511],[-35.7221994,-8.3875817]],[[-35.7221994,-8.3875817],[-35.7329587,-8.3556762],[-35.7348393,-8.3240934],[-35.7295095,-8.3147677],[-35.7580784,-8.2904777]],[[-35.2368515,-7.4372647],[-35.2726127,-7.4043781],[-35.3237481,-7.4202367],[-35.3328935,-7.4153329]],[[-35.3328935,-7.4153329],[-35.3426216,-7.4220313]],[[-35.3426216,-7.4220313],[-35.3180386,-7.4669556]],[[-35.3180386,-7.4669556],[-35.3132483,-7.4780738]],[[-35.3132483,-7.4780738],[-35.2595368,-7.4210047]],[[-35.2595368,-7.4210047],[-35.2368515,-7.4372647]],[[-36.1846141,-8.7118088],[-36.2186444,-8.7138494]],[[-36.2186444,-8.7138494],[-36.2490559,-8.7865153],[-36.2993888,-8.8341171],[-36.2946538,-8.8411738]],[[-36.216009,-8.8841409],[-36.2407217,-8.9517668]],[[-36.2407217,-8.9517668],[-36.2399994,-8.9877791],[-36.2334561,-9.0031576],[-36.2181458,-9.0236784],[-36.2046576,-9.0203425],[-36.155498,-9.0328571],[-36.1271215,-9.02365]],[[-36.1271215,-9.02365],[-36.1043282,-8.9989293],[-36.1268105,-8.9812763],[-36.1224516,-8.9527343],[-36.0864106,-8.9440674],[-36.063935,-8.9153373],[-36.0332561,-8.9084191]],[[-36.0332561,-8.9084191],[-36.0611161,-8.8950777],[-36.1254878,-8.842348]],[[-36.1254878,-8.842348],[-36.1209824,-8.8368007]],[[-36.1209824,-8.8368007],[-36.1238773,-8.8346252],[-36.1279502,-8.8365772]],[[-36.1279502,-8.8365772],[-36.1362243,-8.8340389],[-36.1462991,-8.8278386],[-36.1471866,-8.8105681],[-36.1758914,-8.7840054],[-36.21669,-8.7933444],[-36.1846141,-8.7118088]],[[-36.6139248,-8.5576533],[-36.6630857,-8.5961989],[-36.668594,-8.6122258]],[[-36.668594,-8.6122258],[-36.687195,-8.6302452],[-36.6746803,-8.6574609],[-36.6900146,-8.670191]],[[-36.6900146,-8.670191],[-36.7022223,-8.723862]],[[-36.5400752,-8.7838493],[-36.5368854,-8.783863]],[[-36.5368854,-8.783863],[-36.5239291,-8.7855833],[-36.5065542,-8.7910646],[-36.5027609,-8.7891808],[-36.4940055,-8.7948809],[-36.4870247,-8.7956842]],[[-36.4870247,-8.7956842],[-36.4906088,-8.79208]],[[-36.4906088,-8.79208],[-36.4911664,-8.7889443],[-36.4950366,-8.7863625],[-36.515246,-8.7659373],[-36.5122774,-8.7584],[-36.5150358,-8.7362011],[-36.4974282,-8.7081758]],[[-36.4974282,-8.7081758],[-36.4896934,-8.6940076]],[[-36.4896934,-8.6940076],[-36.4974954,-8.6841199],[-36.5021158,-8.6796193],[-36.5338661,-8.6586069],[-36.5425027,-8.6227566],[-36.5681872,-8.6190016],[-36.5696479,-8.6126045],[-36.6034113,-8.594309],[-36.6139248,-8.5576533]],[[-37.7076713,-7.613175],[-37.7457056,-7.6093311]],[[-37.7457056,-7.6093311],[-37.7441803,-7.6544952],[-37.7672464,-7.6571615]],[[-37.7672464,-7.6571615],[-37.7826588,-7.683888],[-37.7981438,-7.7544727],[-37.8470193,-7.8030193]],[[-37.8470193,-7.8030193],[-37.8446609,-7.8066173]],[[-37.8446609,-7.8066173],[-37.830777,-7.822393],[-37.7458372,-7.8718885],[-37.6915193,-7.9838594]],[[-37.6915193,-7.9838594],[-37.6865441,-7.979865]],[[-37.6865441,-7.979865],[-37.6733768,-7.955496],[-37.640579,-7.9240942],[-37.630487,-7.9002387],[-37.6165254,-7.8958863]],[[-37.6165254,-7.8958863],[-37.6716224,-7.8232777]],[[-37.700083,-7.6243927],[-37.7076713,-7.613175]],[[-38.7393057,-8.2450225],[-38.8125344,-8.2352053]],[[-38.8125344,-8.2352053],[-38.8509101,-8.2861644],[-38.9019694,-8.3208189]],[[-38.9019694,-8.3208189],[-38.9111637,-8.330451]],[[-38.6304046,-8.6169805],[-38.6290164,-8.6210842]],[[-38.6290164,-8.6210842],[-38.5494524,-8.288318]],[[-38.5494524,-8.288318],[-38.571104,-8.2993636],[-38.61842,-8.3084917],[-38.6394539,-8.3042883],[-38.6802091,-8.2761147],[-38.6976732,-8.2680981],[-38.7393057,-8.2450225]],[[-35.4056376,-7.7757378],[-35.405635,-7.8250436]],[[-35.405635,-7.8250436],[-35.3762631,-7.8183911],[-35.3591373,-7.8289649],[-35.3374847,-7.8216098],[-35.3181607,-7.830694],[-35.2927726,-7.8232135],[-35.283769,-7.8535234],[-35.2894422,-7.8743856]],[[-35.2894422,-7.8743856],[-35.2821484,-7.8757067]],[[-35.2821484,-7.8757067],[-35.2681763,-7.892483]],[[-35.2681763,-7.892483],[-35.2432589,-7.8866912],[-35.2350944,-7.8893788]],[[-35.2350944,-7.8893788],[-35.2148091,-7.8892606],[-35.2259422,-7.8242608]],[[-35.2259422,-7.8242608],[-35.252226,-7.8087233]],[[-35.252226,-7.8087233],[-35.2741871,-7.7883635]],[[-35.2741871,-7.7883635],[-35.304258,-7.7662282]],[[-35.9492811,-7.9921065],[-36.0002631,-7.9776449]],[[-36.0002631,-7.9776449],[-36.011802,-7.9875641]],[[-36.011802,-7.9875641],[-36.0112558,-8.0040249],[-36.0428683,-8.0062153],[-36.0821222,-8.0222171],[-36.1012034,-8.0121115],[-36.0962252,-8.0049996]],[[-36.0962252,-8.0049996],[-36.1091408,-8.0043357]],[[-36.1091408,-8.0043357],[-36.115472,-7.9970747]],[[-36.122669,-8.1873313],[-36.0746604,-8.2363632],[-36.0615244,-8.3626033],[-36.0625939,-8.3828003]],[[-36.0625939,-8.3828003],[-36.0606488,-8.3793042]],[[-35.9310072,-8.3671806],[-35.9108885,-8.3586497]],[[-35.8515569,-8.2723123],[-35.8799435,-8.2062913]],[[-35.8799435,-8.2062913],[-35.9170038,-8.1870802],[-35.9225401,-8.2032746],[-35.9762206,-8.1667469],[-35.9851191,-8.1440976]],[[-35.9851191,-8.1440976],[-35.9156472,-8.0046897]],[[-35.9156472,-8.0046897],[-35.9492811,-7.9921065]],[[-35.6798889,-7.7035813],[-35.6972409,-7.6919398],[-35.7136205,-7.70737],[-35.7365494,-7.709599],[-35.7899069,-7.7404362]],[[-35.7899069,-7.7404362],[-35.7665198,-7.7717625],[-35.7583305,-7.8047912],[-35.7517754,-7.8058206]],[[-35.7517754,-7.8058206],[-35.7508034,-7.8139526]],[[-35.7508034,-7.8139526],[-35.7116694,-7.8304947]],[[-35.7116694,-7.8304947],[-35.7079809,-7.831403]],[[-35.6396423,-7.7578302],[-35.6474818,-7.7531649]],[[-35.6474818,-7.7531649],[-35.6661517,-7.737051],[-35.6798889,-7.7035813]],[[-35.7930097,-8.5990354],[-35.8001564,-8.5948509]],[[-35.8101593,-8.6729432],[-35.8125778,-8.6819718]],[[-35.8125778,-8.6819718],[-35.8156427,-8.7066012],[-35.7788341,-8.7112566],[-35.7635401,-8.7060896],[-35.7484405,-8.7029121],[-35.744093,-8.7140661],[-35.7501839,-8.7224124],[-35.7524183,-8.7347014],[-35.7780831,-8.7609042]],[[-35.7780831,-8.7609042],[-35.7740889,-8.7662833]],[[-35.7740889,-8.7662833],[-35.7418743,-8.7502852],[-35.7242313,-8.7594472],[-35.7208621,-8.8009829]],[[-35.7208621,-8.8009829],[-35.6632334,-8.739098],[-35.6672481,-8.7286792],[-35.7076733,-8.7301994],[-35.6686409,-8.6690334],[-35.6956238,-8.6327006],[-35.678186,-8.6061664],[-35.669503,-8.5980956],[-35.6935593,-8.5974735]],[[-35.6935593,-8.5974735],[-35.699393,-8.5993021]],[[-39.1026171,-7.7710382],[-39.1422997,-7.7190257],[-39.1710014,-7.7152403],[-39.2083352,-7.6894803],[-39.250388,-7.698443],[-39.2663959,-7.6647654]],[[-39.2663959,-7.6647654],[-39.2697208,-7.6826195],[-39.2578862,-7.7007275],[-39.2830813,-7.7516503],[-39.2704852,-7.7893481],[-39.1158637,-7.7766185]],[[-39.1158637,-7.7766185],[-39.1026171,-7.7710382]],[[-35.183838,-7.9740771],[-35.2245676,-7.9557593]],[[-35.2245676,-7.9557593],[-35.2398729,-7.9805736],[-35.2558954,-7.9965195],[-35.2449317,-8.0121867],[-35.2589384,-8.0262259],[-35.2596038,-8.0565937]],[[-35.2596038,-8.0565937],[-35.2514306,-8.0543766]],[[-35.2514306,-8.0543766],[-35.2254047,-8.0231559]],[[-35.2254047,-8.0231559],[-35.2237928,-8.021023],[-35.20454,-8.011598]],[[-35.20454,-8.011598],[-35.1858915,-7.9911962],[-35.1686773,-7.9860174],[-35.1651805,-7.9816925]],[[-35.1651805,-7.9816925],[-35.1725675,-7.97501]],[[-35.1725675,-7.97501],[-35.1708864,-7.972412],[-35.177596,-7.9713773],[-35.183838,-7.9740771]],[[-35.4441383,-8.1696326],[-35.4630126,-8.1744648]],[[-35.4630126,-8.1744648],[-35.4868316,-8.1804837],[-35.4836706,-8.202829],[-35.5130055,-8.2222858]],[[-35.5130055,-8.2222858],[-35.5093403,-8.3111706]],[[-35.4665085,-8.2611213],[-35.4424945,-8.2502541]],[[-35.4424945,-8.2502541],[-35.4393908,-8.252639]],[[-35.4393908,-8.252639],[-35.441266,-8.2473023],[-35.4288855,-8.2163291],[-35.4326228,-8.183924],[-35.4328341,-8.1722649],[-35.4300819,-8.1647577],[-35.4441383,-8.1696326]],[[-35.0476312,-7.5500344],[-35.056528,-7.539047]],[[-35.056528,-7.539047],[-35.0697016,-7.5454667]],[[-35.0697016,-7.5454667],[-35.0971867,-7.5436637]],[[-35.1468224,-7.6195721],[-35.1217748,-7.6704323]],[[-35.1217748,-7.6704323],[-35.1187773,-7.6709474]],[[-35.1187773,-7.6709474],[-35.1061366,-7.6467641],[-35.0730823,-7.6220429]],[[-35.0730823,-7.6220429],[-35.0734727,-7.6188672],[-35.0672011,-7.6191978]],[[-35.0672011,-7.6191978],[-35.0603775,-7.610431],[-35.0759034,-7.5897497],[-35.0698162,-7.5814401]],[[-35.0698162,-7.5814401],[-35.0572252,-7.5769584],[-35.0473762,-7.5640256],[-35.0476312,-7.5500344]],[[-36.3593935,-9.0471761],[-36.3664882,-9.0185801]],[[-36.3664882,-9.0185801],[-36.409505,-9.0385987]],[[-36.409505,-9.0385987],[-36.4652054,-9.078082]],[[-36.4652054,-9.078082],[-36.4581822,-9.0742833],[-36.4531458,-9.0728881],[-36.4386026,-9.0756942],[-36.4151313,-9.087537],[-36.4029131,-9.2234243]],[[-36.4029131,-9.2234243],[-36.365704,-9.2226273],[-36.3276442,-9.2007677],[-36.3215198,-9.1853806],[-36.2647196,-9.1658626],[-36.2572548,-9.1401488],[-36.2668438,-9.1023818],[-36.2409616,-9.0993929],[-36.202797,-9.0668449],[-36.1985057,-9.0466767],[-36.2531905,-9.0590517]],[[-36.2531905,-9.0590517],[-36.2948319,-9.0497842],[-36.3418333,-9.0528304],[-36.3593935,-9.0471761]],[[-35.5477875,-8.3390177],[-35.5478557,-8.3568265]],[[-35.5969949,-8.4094752],[-35.5784395,-8.4310949]],[[-35.5438411,-8.4798454],[-35.5353398,-8.4822423]],[[-35.5353398,-8.4822423],[-35.5065484,-8.5020633]],[[-35.5065484,-8.5020633],[-35.5002243,-8.4980527]],[[-35.5002243,-8.4980527],[-35.5001533,-8.4780333],[-35.455671,-8.4624425],[-35.4475034,-8.4555874]],[[-35.4475034,-8.4555874],[-35.4454664,-8.4517943]],[[-35.6541793,-7.9443117],[-35.6882493,-7.9591549],[-35.7140439,-7.959116],[-35.7407535,-7.9658103]],[[-35.7407535,-7.9658103],[-35.7577564,-7.9749365]],[[-35.7577564,-7.9749365],[-35.7564334,-7.9803672],[-35.7621449,-8.0010448],[-35.7594936,-8.0118041],[-35.7859025,-8.0150932],[-35.8032485,-8.0444933],[-35.8260517,-8.0587343],[-35.8308866,-8.0642459],[-35.8360062,-8.0666362],[-35.8346422,-8.0827985],[-35.8363972,-8.1095978]],[[-35.8363972,-8.1095978],[-35.8357555,-8.1144436]],[[-35.8357555,-8.1144436],[-35.6498274,-8.1052936]],[[-35.6498274,-8.1052936],[-35.6507067,-8.073019],[-35.6584288,-8.050234],[-35.6095022,-8.0132095],[-35.6541793,-7.9443117]],[[-35.9965025,-8.5469933],[-35.97,-8.61518],[-35.9479822,-8.6294884]],[[-35.9479822,-8.6294884],[-35.8980794,-8.6121225],[-35.8765839,-8.609104],[-35.8723165,-8.613286],[-35.8530204,-8.606415]],[[-35.8530204,-8.606415],[-35.8499429,-8.5931428]],[[-35.8499429,-8.5931428],[-35.8733,-8.59175],[-35.8836921,-8.5764524],[-35.8792556,-8.5474922]],[[-37.5495286,-7.9897167],[-37.5749593,-7.9807619],[-37.5777484,-7.9608763],[-37.5546787,-7.944069],[-37.5515745,-7.9237113],[-37.5852457,-7.8908191],[-37.5889318,-7.8741025],[-37.6052204,-7.8841036],[-37.6165254,-7.8958863]],[[-37.6865441,-7.979865],[-37.6933311,-7.985221],[-37.6983062,-7.987015]],[[-37.6983062,-7.987015],[-37.7046111,-8.0037964],[-37.7255266,-8.0151576],[-37.7782874,-8.028957],[-37.7836297,-8.0404854],[-37.8064461,-8.0832349]],[[-37.8064461,-8.0832349],[-37.8114439,-8.0809894]],[[-37.8940404,-8.3928765],[-37.8918324,-8.3942886]],[[-37.8918324,-8.3942886],[-37.8887411,-8.3999731],[-37.8632029,-8.4067645],[-37.801372,-8.3728984],[-37.7851143,-8.3834166],[-37.7877056,-8.4135139]],[[-37.7877056,-8.4135139],[-37.691217,-8.3955195]],[[-37.691217,-8.3955195],[-37.5985805,-8.3174759],[-37.5960613,-8.3167663]],[[-37.5960613,-8.3167663],[-37.5410179,-8.2350181],[-37.5395183,-8.212555],[-37.5169795,-8.1862979],[-37.5175787,-8.1702731],[-37.5326288,-8.1378741],[-37.5303485,-8.0907349],[-37.5112665,-8.0572215],[-37.5410112,-7.9788284]],[[-37.5410112,-7.9788284],[-37.5495286,-7.9897167]],[[-40.7800896,-8.2962729],[-40.7927877,-8.3200313],[-40.8178961,-8.3204902],[-40.8193187,-8.3623573],[-40.8374015,-8.381126],[-40.8585913,-8.3796108],[-40.8524072,-8.445582]],[[-40.7715499,-8.6181454],[-40.7617214,-8.6226067],[-40.5792634,-8.6672634],[-40.4294821,-8.6445141]],[[-40.4294821,-8.6445141],[-40.4321543,-8.6437839],[-40.4374409,-8.6364672],[-40.4462752,-8.6191158],[-40.4331955,-8.6033801],[-40.4184476,-8.5612438],[-40.3938999,-8.5462091],[-40.3611243,-8.5068505]],[[-40.3611243,-8.5068505],[-40.3504342,-8.5077795]],[[-40.3504342,-8.5077795],[-40.3535273,-8.4676282],[-40.3668051,-8.4381583],[-40.3687043,-8.428593],[-40.3862125,-8.4145441],[-40.3935933,-8.4163559],[-40.4084417,-8.4063461],[-40.4176774,-8.4022713],[-40.4278898,-8.400143],[-40.4298502,-8.395446]],[[-40.4298502,-8.395446],[-40.4390052,-8.3783568]],[[-40.4390052,-8.3783568],[-40.4442776,-8.3706364],[-40.4624636,-8.3609142],[-40.4843768,-8.3661231],[-40.4952181,-8.3701127],[-40.5288911,-8.3665314],[-40.543723,-8.3764624],[-40.5731262,-8.3629574],[-40.6212548,-8.3680393],[-40.6556617,-8.3807038],[-40.6761824,-8.3744326],[-40.7032144,-8.3473088],[-40.7169242,-8.3512038],[-40.757976,-8.3369324],[-40.7638411,-8.3030638],[-40.7800896,-8.2962729]],[[-35.2648301,-8.242849],[-35.2763169,-8.2851781]],[[-35.2763169,-8.2851781],[-35.3004971,-8.3080864],[-35.3394371,-8.2947551],[-35.3590299,-8.3006387]],[[-35.3590299,-8.3006387],[-35.3581317,-8.3026548]],[[-35.3581317,-8.3026548],[-35.344152,-8.3603213],[-35.3350259,-8.3604593],[-35.3330452,-8.3674253],[-35.3562373,-8.3797685],[-35.3643458,-8.3957766],[-35.3421055,-8.4123703]],[[-35.3421055,-8.4123703],[-35.3428292,-8.444932]],[[-35.3428292,-8.444932],[-35.3274297,-8.4488296],[-35.3155835,-8.4750035],[-35.3161252,-8.4790433],[-35.3021486,-8.4894798],[-35.2898863,-8.464061],[-35.2726861,-8.4876607]],[[-35.2726861,-8.4876607],[-35.2726293,-8.4781718]],[[-35.2726293,-8.4781718],[-35.2227868,-8.4780084]],[[-35.2227868,-8.4780084],[-35.202997,-8.4790237]],[[-35.202997,-8.4790237],[-35.2302803,-8.4352689],[-35.2380528,-8.4174516],[-35.1928882,-8.3763975],[-35.1930545,-8.3575041],[-35.1707213,-8.355121],[-35.1540475,-8.3208466],[-35.1401484,-8.3099329]],[[-39.5458528,-7.4839417],[-39.5625407,-7.460378],[-39.5715905,-7.4298313],[-39.6289072,-7.4256285],[-39.6457183,-7.3808781],[-39.6713484,-7.3585372],[-39.7061889,-7.3377612],[-39.7413221,-7.3268166],[-39.8286958,-7.3323702],[-39.8576968,-7.3254287],[-39.8862817,-7.33931],[-39.9045597,-7.3383434]],[[-39.8146198,-7.690537],[-39.7657409,-7.6666302],[-39.7269976,-7.6717526],[-39.7017931,-7.686012],[-39.6772152,-7.6750459],[-39.651605,-7.7002155],[-39.626252,-7.7021676]],[[-39.626252,-7.7021676],[-39.613567,-7.6973865]],[[-39.613567,-7.6973865],[-39.6108853,-7.6911825],[-39.6088603,-7.6802804],[-39.6092408,-7.6719835],[-39.6163869,-7.6404617],[-39.6022177,-7.6108073],[-39.585495,-7.5962731],[-39.5778815,-7.5939285],[-39.5543502,-7.5667125],[-39.5559966,-7.5627752],[-39.5623977,-7.5396972],[-39.5461794,-7.5098779],[-39.5458528,-7.4839417]],[[-35.3554286,-7.8906274],[-35.356215,-7.8938681],[-35.3569475,-7.9000489],[-35.3612627,-7.9012675],[-35.366666,-7.9024763],[-35.3831432,-7.9030223],[-35.4151846,-7.9238836],[-35.4393167,-7.9587499]],[[-35.4393167,-7.9587499],[-35.4521219,-7.9803534]],[[-35.4521219,-7.9803534],[-35.4558017,-7.9864449]],[[-35.4558017,-7.9864449],[-35.4572379,-7.988958]],[[-35.4572379,-7.988958],[-35.3876154,-8.0034474],[-35.304719,-7.9419562]],[[-35.304719,-7.9419562],[-35.323893,-7.9317339]],[[-35.323893,-7.9317339],[-35.3554286,-7.8906274]],[[-32.4006525,-3.8264443],[-32.4029245,-3.8359902],[-32.4487363,-3.8561471],[-32.4572296,-3.8781655],[-32.3972852,-3.8567615],[-32.4006525,-3.8264443]],[[-35.2321528,-7.4439437],[-35.2595368,-7.4210047]],[[-35.3132483,-7.4780738],[-35.3118752,-7.4810429]],[[-35.3118752,-7.4810429],[-35.3132811,-7.4838694],[-35.318514,-7.4883191],[-35.3059142,-7.5002395],[-35.2585391,-7.508995],[-35.2322341,-7.5048357],[-35.2213387,-7.5192362],[-35.2157522,-7.5240028]],[[-35.2157522,-7.5240028],[-35.2033112,-7.5216369]],[[-35.1671013,-7.500468],[-35.1574228,-7.4973806]],[[-35.1574228,-7.4973806],[-35.173481,-7.4894386],[-35.1758393,-7.4829874],[-35.1863255,-7.4759025],[-35.2084783,-7.4597675],[-35.2227069,-7.4541682],[-35.2321528,-7.4439437]],[[-37.9577622,-7.7662255],[-37.9705998,-7.7775769],[-38.0007191,-7.7789605]],[[-38.0007191,-7.7789605],[-38.0208467,-7.7912209],[-38.0089948,-7.8174228],[-38.0120038,-7.8808246],[-38.0254656,-7.9064104],[-38.0488521,-7.9204729]],[[-38.0488521,-7.9204729],[-38.0524279,-7.9216705]],[[-37.8150802,-8.0782863],[-37.8064461,-8.0832349]],[[-37.6983062,-7.987015],[-37.6915193,-7.9838594]],[[-37.8446609,-7.8066173],[-37.8585195,-7.7926223]],[[-37.8585195,-7.7926223],[-37.9022797,-7.7744946],[-37.9577622,-7.7662255]],[[-38.5494524,-8.288318],[-38.6303865,-8.6274811],[-38.6392417,-8.631151]],[[-38.6392417,-8.631151],[-38.6229949,-8.6669875],[-38.6412966,-8.6957553],[-38.6567405,-8.7447761],[-38.6619335,-8.7835948],[-38.6574538,-8.8297556],[-38.6620986,-8.8984948],[-38.6936284,-8.9187044]],[[-38.6936284,-8.9187044],[-38.690146,-8.945277],[-38.6743823,-8.9717568],[-38.6407103,-8.9872682],[-38.6240985,-8.9800469],[-38.6092398,-8.955121],[-38.6075857,-8.893264],[-38.5769653,-8.837128],[-38.5482146,-8.8227351],[-38.5124067,-8.830586],[-38.4798345,-8.8500889],[-38.4698071,-8.8657423]],[[-38.4698071,-8.8657423],[-38.4574846,-8.8406672],[-38.4126146,-8.8180039],[-38.3771601,-8.7909933],[-38.3256261,-8.7727785],[-38.3074843,-8.7615967],[-38.2657752,-8.7523059],[-38.2598736,-8.7078934],[-38.2328452,-8.6881599],[-38.1903235,-8.676924],[-38.1490047,-8.694963],[-38.1418444,-8.6971759],[-38.1005671,-8.6960137],[-38.0654554,-8.684416]],[[-38.0654554,-8.684416],[-38.0494612,-8.6860371],[-38.0398077,-8.6588724]],[[-38.0398077,-8.6588724],[-38.0172894,-8.6500147]],[[-38.0172894,-8.6500147],[-38.0136575,-8.6472582],[-37.9932996,-8.6471848],[-37.9750948,-8.6575357],[-37.9528453,-8.6520504],[-37.9515295,-8.6344113],[-37.9320373,-8.6176256],[-37.8529226,-8.5949824]],[[-37.8529226,-8.5949824],[-37.7877056,-8.4135139]],[[-37.8918324,-8.3942886],[-37.9090654,-8.4029832]],[[-38.1779373,-8.2796063],[-38.1786691,-8.2766656]],[[-38.1786691,-8.2766656],[-38.2066939,-8.2854496],[-38.260866,-8.2563783],[-38.2747256,-8.2666132],[-38.2907541,-8.285067],[-38.3143215,-8.2916944],[-38.3676763,-8.2807881],[-38.4066096,-8.3057959],[-38.4419824,-8.3703082],[-38.449928,-8.3671209],[-38.4715195,-8.4063574],[-38.5150139,-8.4385036],[-38.5173684,-8.3986334],[-38.5046208,-8.3618247],[-38.4995206,-8.3201938],[-38.506811,-8.3066713],[-38.5494524,-8.288318]],[[-35.822036,-7.8595362],[-35.8738746,-7.8635419],[-35.9113299,-7.8791425]],[[-35.9113299,-7.8791425],[-35.910879,-7.8952092],[-35.9596063,-7.9037182],[-35.9582625,-7.9383264],[-35.9563046,-7.9446008],[-35.9619524,-7.9664085],[-35.9684567,-7.9737295],[-35.9596996,-7.9866637]],[[-35.9596996,-7.9866637],[-35.9492811,-7.9921065]],[[-35.9156472,-8.0046897],[-35.9143185,-8.0028045]],[[-35.9143185,-8.0028045],[-35.9066328,-8.0061839],[-35.8953976,-8.0010848],[-35.8784736,-7.9898048],[-35.8482637,-7.9933604],[-35.8239631,-7.9834124],[-35.807225,-7.9763703]],[[-35.807225,-7.9763703],[-35.8050193,-7.973557]],[[-35.8050193,-7.973557],[-35.809676,-7.9614989],[-35.8171851,-7.9524105],[-35.8193296,-7.9363969],[-35.8082209,-7.9164552],[-35.8114408,-7.9022662],[-35.8215884,-7.8660953],[-35.824078,-7.8611741],[-35.822036,-7.8595362]],[[-35.4667724,-8.5419084],[-35.4691614,-8.5454563]],[[-35.3415981,-8.7249551],[-35.3411791,-8.7056157],[-35.3574382,-8.6926579],[-35.3482694,-8.6604906],[-35.3087849,-8.6282174]],[[-35.3087849,-8.6282174],[-35.2696964,-8.6287705]],[[-35.2696964,-8.6287705],[-35.2983929,-8.600105],[-35.3335759,-8.576804],[-35.3568942,-8.5413297],[-35.3839685,-8.5408236],[-35.3965597,-8.5549197],[-35.4281375,-8.5396897],[-35.429702,-8.5300662],[-35.429233,-8.5088833],[-35.4624409,-8.512764],[-35.4667724,-8.5419084]],[[-36.5368854,-8.783863],[-36.5495614,-8.7950425]],[[-36.6117257,-8.9025964],[-36.6084354,-8.9107025]],[[-36.6084354,-8.9107025],[-36.6056268,-8.9117415],[-36.6061901,-8.9215959],[-36.6129687,-8.922214],[-36.6125967,-8.9283249],[-36.6092115,-8.9265512],[-36.6068898,-8.9418141],[-36.6308605,-8.9564975]],[[-36.6308605,-8.9564975],[-36.6366708,-8.986589],[-36.6257842,-9.0025306],[-36.6370877,-9.0208281]],[[-36.6370877,-9.0208281],[-36.6005001,-9.0333769]],[[-36.5436038,-8.956171],[-36.5315658,-8.9662514],[-36.5012617,-8.9589282]],[[-36.4803625,-8.9703637],[-36.4782576,-9.0896058]],[[-36.4782576,-9.0896058],[-36.4599779,-9.0734675],[-36.409505,-9.0385987]],[[-36.3664882,-9.0185801],[-36.377643,-8.9892222]],[[-36.377643,-8.9892222],[-36.4002053,-8.9563101],[-36.4054322,-8.9336426],[-36.4108486,-8.9119516],[-36.4307774,-8.9028441],[-36.4484556,-8.8820371],[-36.4625028,-8.8450125],[-36.444452,-8.8009006]],[[-36.444452,-8.8009006],[-36.4535447,-8.802501]],[[-36.4535447,-8.802501],[-36.4577124,-8.8015257],[-36.4815136,-8.7962497]],[[-36.4815136,-8.7962497],[-36.4870247,-8.7956842]],[[-35.2567595,-7.9422469],[-35.2999,-7.93693]],[[-35.2999,-7.93693],[-35.304719,-7.9419562]],[[-35.4572379,-7.988958],[-35.4554167,-7.9939672]],[[-35.4554167,-7.9939672],[-35.4656146,-8.0311391],[-35.4390567,-8.03975]],[[-35.4390567,-8.03975],[-35.4296336,-8.0812223]],[[-35.4296336,-8.0812223],[-35.4156884,-8.0742309]],[[-35.4156884,-8.0742309],[-35.3884831,-8.0743905],[-35.3455198,-8.0516683],[-35.2977727,-8.0708424],[-35.2632526,-8.0606408]],[[-35.2632526,-8.0606408],[-35.2596038,-8.0565937]],[[-35.2245676,-7.9557593],[-35.2567595,-7.9422469]],[[-34.851093,-7.6889714],[-34.8336415,-7.6830836],[-34.8071664,-7.6184552],[-34.8251399,-7.5919467],[-34.8385936,-7.5443003],[-34.8673922,-7.5479595],[-34.8913728,-7.5372411],[-34.9173158,-7.5417697],[-34.9395392,-7.5300492],[-34.9607869,-7.538766],[-34.9842275,-7.5078883],[-34.9901785,-7.4888784],[-34.9854168,-7.4620094]],[[-34.9854168,-7.4620094],[-35.0778056,-7.5138058],[-35.0613025,-7.5411949]],[[-35.0613025,-7.5411949],[-35.056528,-7.539047]],[[-35.0476312,-7.5500344],[-35.0482469,-7.56146],[-35.0471051,-7.5634418],[-35.0504343,-7.5666795],[-35.0536797,-7.5736127],[-35.0602544,-7.5785483],[-35.0698162,-7.5814401]],[[-35.0672011,-7.6191978],[-35.0725144,-7.6182976]],[[-35.0725144,-7.6182976],[-34.9241619,-7.6918935]],[[-34.9241619,-7.6918935],[-34.9173256,-7.690329]],[[-34.9173256,-7.690329],[-34.9058884,-7.6833901],[-34.8986887,-7.6864881],[-34.8903413,-7.6935588],[-34.8967623,-7.7026515],[-34.8880263,-7.7099941],[-34.8777178,-7.7096869]],[[-34.8777178,-7.7096869],[-34.8630554,-7.712178],[-34.851093,-7.6889714]],[[-39.7626495,-7.9125509],[-39.5736374,-7.8708026],[-39.5678988,-7.8617467]],[[-39.5678988,-7.8617467],[-39.5674003,-7.8437634],[-39.5740515,-7.8325687],[-39.5722682,-7.827446],[-39.5671885,-7.8201588],[-39.5729773,-7.7866863],[-39.5913385,-7.7755105],[-39.5882619,-7.7702121]],[[-39.5882619,-7.7702121],[-39.5994096,-7.7564998]],[[-39.5994096,-7.7564998],[-39.6107549,-7.7455932],[-39.6142237,-7.7278663],[-39.6122045,-7.7178193],[-39.6128821,-7.7159062],[-39.6136858,-7.7059068]],[[-39.6136858,-7.7059068],[-39.626252,-7.7021676]],[[-35.4489974,-8.1698635],[-35.4388564,-8.1269627],[-35.4792741,-8.1044645]],[[-35.4792741,-8.1044645],[-35.4625058,-8.0938333]],[[-35.4625058,-8.0938333],[-35.5108002,-8.0576067],[-35.5834688,-8.0786263],[-35.6303286,-8.1040828]],[[-35.656091,-8.159],[-35.6446312,-8.2874061]],[[-35.6446312,-8.2874061],[-35.6142225,-8.344055],[-35.6346679,-8.3737695]],[[-35.5493428,-8.3516455],[-35.5534178,-8.3422388]],[[-35.5097484,-8.3005309],[-35.5130055,-8.2222858]],[[-35.4630126,-8.1744648],[-35.4489974,-8.1698635]],[[-36.7690236,-9.137445],[-36.8021735,-9.0863455]],[[-36.8021735,-9.0863455],[-36.7868079,-9.0081556],[-36.8226256,-8.9556314]],[[-36.8226256,-8.9556314],[-36.8655902,-8.8881915]],[[-37.0543223,-9.3023161],[-37.0285115,-9.314017],[-37.0033646,-9.3526135],[-36.9790812,-9.3595307],[-36.9585287,-9.3787006],[-36.9304372,-9.3700363],[-36.9365515,-9.3498863],[-36.9136922,-9.2960556],[-36.8817786,-9.2761435]],[[-37.3685431,-8.4184076],[-37.3835012,-8.4133253],[-37.4424793,-8.4545381],[-37.4599145,-8.4593106],[-37.4807691,-8.4402226],[-37.503153,-8.4412121],[-37.539771,-8.4311791],[-37.5568958,-8.4124946],[-37.5780709,-8.4048999],[-37.6191758,-8.4129324],[-37.6187675,-8.3778988],[-37.6059392,-8.3606882],[-37.6031866,-8.3267989],[-37.5998392,-8.3224656],[-37.5993839,-8.3181506]],[[-37.5993839,-8.3181506],[-37.691217,-8.3955195]],[[-37.8529226,-8.5949824],[-37.8822118,-8.6691863],[-37.8613645,-8.6792512],[-37.8424282,-8.7019453],[-37.8222021,-8.7027048],[-37.80448,-8.6936251],[-37.7542401,-8.7097835],[-37.7005882,-8.7091714],[-37.6712032,-8.7145872],[-37.6585675,-8.7307923],[-37.6616285,-8.7636206],[-37.6528137,-8.7883447],[-37.5923061,-8.8324927],[-37.5706702,-8.8255504]],[[-37.5706702,-8.8255504],[-37.5490098,-8.8153378]],[[-37.5490098,-8.8153378],[-37.5088151,-8.8032377],[-37.4983664,-8.7858563],[-37.4833885,-8.7816353],[-37.4708057,-8.7837541],[-37.4116868,-8.8149092]],[[-37.4116868,-8.8149092],[-37.3905144,-8.5108862]],[[-37.3905144,-8.5108862],[-37.3685431,-8.4184076]],[[-36.2296632,-8.5729819],[-36.2733224,-8.5606449]],[[-36.2733224,-8.5606449],[-36.2927904,-8.6312578]],[[-36.2927904,-8.6312578],[-36.2683271,-8.6243995],[-36.2483116,-8.6553362],[-36.1948149,-8.7124079]],[[-36.1948149,-8.7124079],[-36.1868871,-8.7119304]],[[-36.1868871,-8.7119304],[-36.1817443,-8.664825]],[[-36.1817443,-8.664825],[-36.1646728,-8.645282],[-36.1296513,-8.609916],[-36.0982164,-8.5977555]],[[-36.0982164,-8.5977555],[-36.0949893,-8.5911764],[-36.1681347,-8.546335]],[[-34.9222751,-7.6906918],[-34.9258678,-7.6939279],[-34.9279826,-7.6997637],[-34.9379942,-7.7051273]],[[-34.9379942,-7.7051273],[-34.9619728,-7.7083189],[-34.9717492,-7.7290884],[-34.9991362,-7.7312464],[-35.0452041,-7.7444802],[-35.0981272,-7.7151812]],[[-35.0981272,-7.7151812],[-35.0914273,-7.7405256]],[[-34.8802379,-7.8928163],[-34.8558655,-7.8772948]],[[-34.8558655,-7.8772948],[-34.8413727,-7.8631239]],[[-34.8413727,-7.8631239],[-34.8450988,-7.816362]],[[-34.8450988,-7.816362],[-34.8901857,-7.8019149]],[[-34.8901857,-7.8019149],[-34.9229887,-7.8080627],[-34.938503,-7.7446265],[-34.9415391,-7.7361543],[-34.9281992,-7.7085005],[-34.9223439,-7.7001074],[-34.9222751,-7.6906918]],[[-37.3128205,-7.7136588],[-37.3272704,-7.7279138]],[[-37.3272704,-7.7279138],[-37.3381119,-7.7300372],[-37.3565157,-7.7702829],[-37.3928741,-7.7731403],[-37.4173822,-7.7869012],[-37.4428814,-7.7902988],[-37.4595621,-7.7935954],[-37.4902654,-7.7362663],[-37.5222267,-7.7191724]],[[-37.5222267,-7.7191724],[-37.5216719,-7.7098352]],[[-37.5216719,-7.7098352],[-37.5379025,-7.7180278]],[[-37.620758,-7.8861293],[-37.6165254,-7.8958863]],[[-37.5495286,-7.9897167],[-37.5395958,-7.9770223],[-37.5319043,-7.9715682]],[[-37.5319043,-7.9715682],[-37.4738751,-7.9654804],[-37.4254407,-7.940434],[-37.4031535,-7.9575279],[-37.3546405,-7.9546277]],[[-37.3546405,-7.9546277],[-37.317624,-7.94277],[-37.3132594,-7.9113856],[-37.2873944,-7.9038765],[-37.2440935,-7.8738456],[-37.2471503,-7.8468039],[-37.2228137,-7.8362093],[-37.217416,-7.8066859],[-37.1830353,-7.7907172],[-37.1706671,-7.8002285]],[[-37.1706671,-7.8002285],[-37.1750222,-7.7567774],[-37.1868551,-7.7455259],[-37.2417203,-7.7421398],[-37.2518614,-7.7179071],[-37.2825411,-7.7098419],[-37.2900608,-7.7059433],[-37.3128205,-7.7136588]],[[-38.0172894,-8.6500147],[-38.0247335,-8.6523101]],[[-38.0247335,-8.6523101],[-38.0098693,-8.6678873],[-38.006482,-8.6800517],[-38.0054931,-8.9628362],[-37.993715,-8.9966338],[-37.9780853,-9.0197123],[-37.9573697,-8.9985778],[-37.9330569,-8.9982395],[-37.891967,-8.9637877],[-37.864856,-8.9595259],[-37.8485152,-8.9406038]],[[-37.8485152,-8.9406038],[-37.8203593,-8.9087038],[-37.8246288,-8.8859573],[-37.7929336,-8.8739101],[-37.7736496,-8.8530329],[-37.7553619,-8.8463637],[-37.7416683,-8.8760777],[-37.699079,-8.9359147]],[[-37.699079,-8.9359147],[-37.6356895,-8.9024242],[-37.5560472,-8.8197699]],[[-37.5560472,-8.8197699],[-37.5706702,-8.8255504]],[[-37.37697,-7.626696],[-37.3853053,-7.6285604],[-37.4025013,-7.6341065],[-37.415346,-7.6429904]],[[-37.415346,-7.6429904],[-37.4331156,-7.6648114],[-37.4537066,-7.6704674],[-37.475505,-7.6693429],[-37.5182965,-7.703101]],[[-37.5182965,-7.703101],[-37.5222267,-7.7191724]],[[-37.3272704,-7.7279138],[-37.3236639,-7.7201851]],[[-37.3236639,-7.7201851],[-37.3504201,-7.6798633],[-37.3470163,-7.6506385],[-37.3721802,-7.6265532]],[[-37.3721802,-7.6265532],[-37.37697,-7.626696]],[[-35.202997,-8.4790237],[-35.1679517,-8.4785599]],[[-35.1679517,-8.4785599],[-35.1261,-8.51931],[-35.0775046,-8.5293193],[-35.0808421,-8.5564287],[-35.0699333,-8.5669714],[-35.065315,-8.5972142]],[[-35.065315,-8.5972142],[-35.0538117,-8.6072754],[-35.0449451,-8.6051712],[-35.0453771,-8.5938436],[-35.0337771,-8.5716121],[-35.0035784,-8.5492436],[-35.0024139,-8.4988527],[-34.9605527,-8.39567],[-34.9742406,-8.384646],[-34.9609208,-8.3666748]],[[-40.1571334,-7.371457],[-40.1956847,-7.3581487],[-40.22076,-7.3412703],[-40.2629956,-7.3010209],[-40.3185632,-7.3033404],[-40.3453514,-7.3291623]],[[-40.2724984,-7.5621313],[-40.2383611,-7.6851667]],[[-40.2383611,-7.6851667],[-40.2117586,-7.6770722]],[[-40.2117586,-7.6770722],[-40.1624794,-7.7028689],[-40.1039382,-7.6869239]],[[-40.1039382,-7.6869239],[-40.1571334,-7.371457]],[[-38.6392417,-8.631151],[-38.6290164,-8.6210842]],[[-38.6290164,-8.6210842],[-38.8435146,-8.6955729]],[[-38.8549334,-8.7845272],[-38.8040699,-8.7891811],[-38.7396837,-8.8448477],[-38.7065435,-8.8622606],[-38.6936284,-8.9187044]],[[-37.4116868,-8.8149092],[-37.4212486,-8.8360522],[-37.4239409,-8.8729147],[-37.4486483,-8.880242],[-37.4775774,-8.8734089],[-37.4905931,-8.8863616],[-37.5006583,-8.9288988],[-37.5184615,-8.9383274],[-37.5217463,-8.94928],[-37.5252942,-8.9543814]],[[-37.5252942,-8.9543814],[-37.5043893,-8.9653873],[-37.4923447,-8.9875552],[-37.4681995,-8.9985786],[-37.4165025,-9.0065641],[-37.3586391,-9.0538891],[-37.3277033,-9.0932257],[-37.2965722,-9.1209173],[-37.2822858,-9.1488418],[-37.2470816,-9.1790184],[-37.2335552,-9.2065858],[-37.2343415,-9.2401754],[-37.1983152,-9.2154825]],[[-37.1012279,-8.9602797],[-37.139837,-8.9456732],[-37.1693717,-8.9410585],[-37.1953753,-8.9129014],[-37.1967984,-8.9071562],[-37.2279555,-8.8662404],[-37.2341516,-8.8328264],[-37.2495621,-8.8198891],[-37.2475101,-8.8142963],[-37.2775107,-8.8167667],[-37.2838921,-8.8225426],[-37.3181279,-8.8276001],[-37.3382128,-8.837865],[-37.3653073,-8.8124742],[-37.4116868,-8.8149092]],[[-34.8450988,-7.816362],[-34.8242092,-7.7564954],[-34.8316111,-7.7004749],[-34.851093,-7.6889714]],[[-34.851093,-7.6889714],[-34.862403,-7.7115235]],[[-34.862403,-7.7115235],[-34.8639839,-7.716623],[-34.8757902,-7.7421719],[-34.8890642,-7.7866242],[-34.8901857,-7.8019149]],[[-34.9854168,-7.4620094],[-35.0027445,-7.4535294],[-35.0295563,-7.4258206],[-35.0705208,-7.398761],[-35.107964,-7.405526],[-35.1720667,-7.3880404],[-35.1907413,-7.3978912],[-35.2167415,-7.3809382],[-35.2485947,-7.3747796],[-35.2766288,-7.384919],[-35.3090486,-7.4090439],[-35.3328935,-7.4153329]],[[-35.2368515,-7.4372647],[-35.2321528,-7.4439437]],[[-35.1574228,-7.4973806],[-35.1437582,-7.5091933]],[[-35.0697016,-7.5454667],[-35.0613025,-7.5411949]],[[-37.026163,-7.4973241],[-37.0032533,-7.4963885],[-36.9842256,-7.4822617],[-37.0236157,-7.4338675],[-37.0129712,-7.4042887],[-37.0256234,-7.3860442],[-37.0499882,-7.3775885],[-37.0674131,-7.38338],[-37.0856227,-7.3582564],[-37.1353148,-7.3466643],[-37.196674,-7.2946701],[-37.2336124,-7.2743965],[-37.2607318,-7.2741681]],[[-37.2829567,-7.3696114],[-37.2578548,-7.3938054]],[[-37.2578548,-7.3938054],[-37.2269497,-7.4137851],[-37.2021267,-7.412546],[-37.1855994,-7.4526752],[-37.1630172,-7.4707726],[-37.1602246,-7.495475],[-37.1262408,-7.4797281],[-37.026163,-7.4973241]],[[-34.9173256,-7.690329],[-34.9222751,-7.6906918]],[[-34.862403,-7.7115235],[-34.8671104,-7.7123368],[-34.8777178,-7.7096869]],[[-35.0725144,-7.6182976],[-35.0739538,-7.6194376],[-35.0730823,-7.6220429]],[[-35.1187773,-7.6709474],[-35.0915556,-7.6924614]],[[-35.0915556,-7.6924614],[-35.0979232,-7.7094191]],[[-35.0979232,-7.7094191],[-35.0981272,-7.7151812]],[[-34.9379942,-7.7051273],[-34.9241619,-7.6918935]],[[-35.0136725,-8.0562749],[-35.0551459,-8.0672887]],[[-35.0551459,-8.0672887],[-35.0569129,-8.0856025]],[[-35.0569129,-8.0856025],[-35.097097,-8.1616461]],[[-35.097097,-8.1616461],[-35.0665674,-8.1984591],[-35.0685368,-8.2047329],[-35.0632521,-8.2186405],[-35.0644957,-8.2227905]],[[-35.0644957,-8.2227905],[-35.0070498,-8.2060394]],[[-34.9356405,-8.2388687],[-34.9181693,-8.2129974],[-34.9087993,-8.1551478]],[[-34.9087993,-8.1551478],[-34.9371883,-8.1368201],[-34.9564872,-8.137941],[-34.9616788,-8.093806],[-34.9716416,-8.0784427],[-35.0136725,-8.0562749]],[[-35.8125778,-8.6819718],[-35.8216873,-8.6810101]],[[-35.8216873,-8.6810101],[-35.8210313,-8.7089883],[-35.8451454,-8.7160947],[-35.8457441,-8.7350596]],[[-35.8457441,-8.7350596],[-35.8625498,-8.7529953]],[[-35.8625498,-8.7529953],[-35.8553042,-8.759993],[-35.8471843,-8.8079999]],[[-35.8471843,-8.8079999],[-35.8243378,-8.8008938],[-35.8204298,-8.7789015],[-35.7914459,-8.7737146],[-35.7784876,-8.7665745]],[[-35.7784876,-8.7665745],[-35.7780831,-8.7609042]],[[-36.4437525,-7.9202593],[-36.4612518,-7.9146561],[-36.4801364,-7.9247633],[-36.5314734,-7.9027986],[-36.571706,-7.9044956],[-36.5725882,-7.935975],[-36.586861,-7.9586561],[-36.6108981,-7.9474292],[-36.6278515,-7.9864066],[-36.6278519,-8.0557493],[-36.6537909,-8.0703841],[-36.6472383,-8.0924901],[-36.6278524,-8.102858],[-36.6403209,-8.1199106],[-36.6678453,-8.1242659],[-36.6945258,-8.1422184],[-36.6863923,-8.1596853]],[[-36.6863923,-8.1596853],[-36.6826576,-8.1624872]],[[-36.6826576,-8.1624872],[-36.6533452,-8.1977924]],[[-36.6533452,-8.1977924],[-36.6464031,-8.2083626],[-36.6337016,-8.2137425],[-36.6261259,-8.211866],[-36.6214218,-8.2132508],[-36.6166507,-8.1997916],[-36.6126007,-8.1715567],[-36.6059539,-8.2123656]],[[-38.3128733,-9.1483667],[-38.287601,-9.1738839],[-38.2800756,-9.2072189],[-38.2875128,-9.2171293],[-38.2505456,-9.2904806],[-38.2375889,-9.3297934],[-38.2030806,-9.2969016],[-38.179554,-9.2912502],[-38.1573778,-9.2626192],[-38.1439087,-9.2182047],[-38.1153696,-9.1983602],[-38.0922873,-9.172725]],[[-38.0922873,-9.172725],[-38.1989014,-9.1521838],[-38.2049869,-9.1039708]],[[-38.2049869,-9.1039708],[-38.3128733,-9.1483667]],[[-35.5966466,-7.837549],[-35.6835454,-7.8442809],[-35.6878715,-7.8468251],[-35.6867931,-7.8497865],[-35.6874784,-7.8538911]],[[-35.6874784,-7.8538911],[-35.6873259,-7.9076388]],[[-35.6873259,-7.9076388],[-35.6810618,-7.9099989]],[[-35.6810618,-7.9099989],[-35.6158596,-7.8795492],[-35.5868509,-7.8956119],[-35.5662905,-7.8914547],[-35.5597029,-7.8923865],[-35.5354424,-7.8954766]],[[-35.5354424,-7.8954766],[-35.5316608,-7.8937742],[-35.5207193,-7.9043212]],[[-35.5207193,-7.9043212],[-35.5250661,-7.8827853]],[[-35.5250661,-7.8827853],[-35.5105076,-7.8608317],[-35.5037185,-7.8100674]],[[-35.5353398,-8.4822423],[-35.5490081,-8.4867515]],[[-35.5877368,-8.5176264],[-35.5708493,-8.6298296],[-35.5437897,-8.6431927],[-35.5442569,-8.6575909],[-35.5419478,-8.6588068],[-35.5390609,-8.6567958],[-35.5376378,-8.6586974]],[[-35.5376378,-8.6586974],[-35.5126778,-8.6352987]],[[-35.4877032,-8.5059924],[-35.4875243,-8.5020154]],[[-35.4875243,-8.5020154],[-35.4909079,-8.4942797]],[[-35.4909079,-8.4942797],[-35.5065484,-8.5020633]],[[-36.4482229,-8.6577887],[-36.4634996,-8.6688765],[-36.4790775,-8.6971801]],[[-36.4790775,-8.6971801],[-36.4974282,-8.7081758]],[[-36.4906088,-8.79208],[-36.4815136,-8.7962497]],[[-36.4535447,-8.802501],[-36.4398552,-8.7982938]],[[-36.4398552,-8.7982938],[-36.408437,-8.7806302]],[[-36.408437,-8.7806302],[-36.4006536,-8.777714]],[[-36.4006536,-8.777714],[-36.4482229,-8.6577887]],[[-36.3690054,-8.6875064],[-36.3824806,-8.6349761]],[[-36.3824806,-8.6349761],[-36.4482229,-8.6577887]],[[-36.4006536,-8.777714],[-36.3936872,-8.7786342]],[[-36.3936872,-8.7786342],[-36.3997896,-8.7876759],[-36.3950934,-8.7936561],[-36.3611892,-8.7922558],[-36.3471379,-8.789463],[-36.3463353,-8.8022181]],[[-36.3463353,-8.8022181],[-36.341503,-8.8014445],[-36.3376115,-8.8038911]],[[-36.3336765,-8.805514],[-36.3287521,-8.799297]],[[-36.1868871,-8.7119304],[-36.1846141,-8.7118088]],[[-36.1279502,-8.8365772],[-36.1246696,-8.8343952],[-36.1209824,-8.8368007]],[[-36.1209824,-8.8368007],[-36.0907114,-8.776868]],[[-36.0907114,-8.776868],[-36.0754601,-8.7705322]],[[-36.0754601,-8.7705322],[-36.076029,-8.7209083],[-36.1241962,-8.7154038],[-36.1817443,-8.664825]],[[-35.405635,-7.8250436],[-35.3882456,-7.850439],[-35.3697116,-7.8602869],[-35.3554286,-7.8906274]],[[-35.3554286,-7.8906274],[-35.32828,-7.880294],[-35.2940908,-7.8769025]],[[-35.2940908,-7.8769025],[-35.2894422,-7.8743856]],[[-35.2821484,-7.8757067],[-35.2940908,-7.8769025]],[[-35.323893,-7.9317339],[-35.2999,-7.93693]],[[-35.2567595,-7.9422469],[-35.2480811,-7.9046312],[-35.2443032,-7.8944041],[-35.2409702,-7.8876996]],[[-35.2409702,-7.8876996],[-35.2681763,-7.892483]],[[-36.4652054,-9.078082],[-36.4782576,-9.0896058]],[[-36.4782576,-9.0896058],[-36.4783236,-9.0859636]],[[-36.5302661,-9.103544],[-36.533335,-9.1090834]],[[-36.5003731,-9.2627856],[-36.4871653,-9.2402014],[-36.4625173,-9.2392511],[-36.43183,-9.2121305],[-36.4029131,-9.2234243]],[[-35.8555178,-8.6124904],[-35.8530204,-8.606415]],[[-35.9479822,-8.6294884],[-35.9732773,-8.6719307],[-35.9726666,-8.7096958],[-35.9790594,-8.7259071],[-35.9692225,-8.7449537]],[[-35.9692225,-8.7449537],[-35.9650554,-8.7416825]],[[-35.9650554,-8.7416825],[-35.9422895,-8.7467148],[-35.8610589,-8.7512807]],[[-35.8610589,-8.7512807],[-35.8457441,-8.7350596]],[[-35.8216873,-8.6810101],[-35.8101593,-8.6729432]],[[-40.3243736,-8.5134308],[-40.3611243,-8.5068505]],[[-40.4294821,-8.6445141],[-40.4191864,-8.6583738],[-40.3930826,-8.6923656],[-40.3927151,-8.7280227],[-40.4018879,-8.7543152],[-40.3818418,-8.8100725],[-40.3637672,-8.8145721],[-40.3632631,-8.8494317],[-40.3512934,-8.8609605],[-40.31135,-8.8623536],[-40.2731038,-8.9013713],[-40.2720068,-8.929384],[-40.2974177,-8.9389141],[-40.2974153,-8.9947314],[-40.2815291,-9.0087857],[-40.2602052,-8.9904976],[-40.2428487,-9.0016777],[-40.2309802,-9.0231111],[-40.2094597,-9.0556676],[-40.2088275,-9.0637823]],[[-40.2088275,-9.0637823],[-40.1710827,-9.093449],[-40.1663435,-9.1053727],[-40.1272214,-9.1097649],[-40.0735397,-9.0753621],[-40.0655631,-9.0630652],[-40.0241153,-9.0578346]],[[-40.0241153,-9.0578346],[-40.0369119,-8.9790067],[-40.0883277,-8.9505373],[-40.0969734,-8.9569478],[-40.0680581,-8.7498029],[-40.073954,-8.6323283],[-40.101164,-8.611708]],[[-40.101164,-8.611708],[-40.1209284,-8.6117638],[-40.1335104,-8.6061487],[-40.1434018,-8.5960475]],[[-40.1434018,-8.5960475],[-40.1641309,-8.5554564],[-40.1692134,-8.5443119],[-40.1759519,-8.5303948],[-40.1817348,-8.5254163],[-40.1909224,-8.5209967]],[[-40.1909224,-8.5209967],[-40.2190193,-8.5056995]],[[-40.2190193,-8.5056995],[-40.2373569,-8.5109119],[-40.2442048,-8.5080044],[-40.2504655,-8.5072388],[-40.2634183,-8.4987011],[-40.2836763,-8.5077097],[-40.3243736,-8.5134308]],[[-36.331892,-8.6147402],[-36.3824806,-8.6349761]],[[-36.3824806,-8.6349761],[-36.2494284,-8.7868605]],[[-36.2494284,-8.7868605],[-36.2186444,-8.7138494]],[[-36.2186444,-8.7138494],[-36.1948149,-8.7124079]],[[-36.2927904,-8.6312578],[-36.2737946,-8.5623537]],[[-35.4128388,-7.7404806],[-35.4191181,-7.7212793]],[[-35.5250661,-7.8827853],[-35.5140027,-7.9385835]],[[-35.5140027,-7.9385835],[-35.5075314,-7.9269636],[-35.4999854,-7.9196383]],[[-35.4999854,-7.9196383],[-35.4420458,-7.9610895]],[[-35.4420458,-7.9610895],[-35.4393167,-7.9587499]],[[-35.4159952,-7.4953517],[-35.4415729,-7.4569756],[-35.4635162,-7.4623532],[-35.4943121,-7.4822056],[-35.5040079,-7.5079737],[-35.4958272,-7.5202124]],[[-35.4958272,-7.5202124],[-35.4896915,-7.5559444],[-35.4659562,-7.5509123],[-35.4517797,-7.5783019],[-35.4505874,-7.6009696]],[[-35.4505874,-7.6009696],[-35.448465,-7.6072926]],[[-35.448465,-7.6072926],[-35.428896,-7.6163891]],[[-35.428896,-7.6163891],[-35.4052164,-7.5548425],[-35.4159952,-7.4953517]],[[-35.5146553,-7.6567566],[-35.5293463,-7.6796224],[-35.520885,-7.6956863],[-35.5414676,-7.7125968]],[[-35.5414676,-7.7125968],[-35.5483359,-7.7168483]],[[-35.4456726,-7.6927185],[-35.5146553,-7.6567566]],[[-37.5490098,-8.8153378],[-37.5560472,-8.8197699]],[[-37.699079,-8.9359147],[-37.6988417,-8.9447222],[-37.6577778,-8.9926667],[-37.6376667,-9.0037778],[-37.6101667,-8.9878611],[-37.5970513,-8.9690718],[-37.5559444,-8.9704722],[-37.5252942,-8.9543814]],[[-35.7740889,-8.7662833],[-35.7784876,-8.7665745]],[[-35.8471843,-8.8079999],[-35.8450025,-8.8724805]],[[-35.8450025,-8.8724805],[-35.8257482,-8.8703437],[-35.7962097,-8.8473997],[-35.7769157,-8.8692653],[-35.7829807,-8.8975421],[-35.748399,-8.9171517],[-35.7233094,-8.909473],[-35.6732249,-8.8655303]],[[-35.6732249,-8.8655303],[-35.7208621,-8.8009829]],[[-38.6006704,-8.1398207],[-38.6576829,-8.1294131],[-38.6695994,-8.1022879],[-38.6884074,-8.0994351],[-38.6993087,-8.0556453],[-38.7386482,-8.0227649],[-38.7782036,-8.0030356],[-38.8303838,-8.0164962],[-38.8777635,-8.0101981]],[[-38.8777635,-8.0101981],[-38.8823716,-8.0519435],[-38.9106174,-8.0867755]],[[-38.9106174,-8.0867755],[-38.9315809,-8.1065434],[-38.9372808,-8.1248503],[-38.9060142,-8.1587362],[-38.8696112,-8.1698162],[-38.8669806,-8.18833],[-38.8715935,-8.2011942],[-38.8796564,-8.2094787],[-38.8508643,-8.2253005],[-38.8271732,-8.225569]],[[-38.8271732,-8.225569],[-38.8128877,-8.2351579],[-38.7393057,-8.2450225]],[[-38.5494524,-8.288318],[-38.5536735,-8.2703511],[-38.5496662,-8.2594448],[-38.5358419,-8.2515379],[-38.5365691,-8.2308835],[-38.5893258,-8.1281033],[-38.59706,-8.1298559]],[[-38.59706,-8.1298559],[-38.6006704,-8.1398207]],[[-35.1957694,-8.0795422],[-35.2255301,-8.1314926],[-35.2282148,-8.1545281],[-35.2152509,-8.187562]],[[-35.0665761,-8.220534],[-35.0644957,-8.2227905]],[[-35.097097,-8.1616461],[-35.0581631,-8.0879706]],[[-35.0581631,-8.0879706],[-35.0597445,-8.0869593],[-35.0608425,-8.088143],[-35.0634952,-8.087643],[-35.0665138,-8.0861697],[-35.0807881,-8.0858294],[-35.1016154,-8.0885389],[-35.1243601,-8.0783962],[-35.1291321,-8.0767134],[-35.1436149,-8.0919956],[-35.1957694,-8.0795422]],[[-35.2595306,-7.6756459],[-35.304461,-7.7660759],[-35.2741871,-7.7883635]],[[-35.252226,-7.8087233],[-35.2482189,-7.7963824],[-35.1946662,-7.7588922],[-35.1785324,-7.7574576],[-35.1699795,-7.7273747],[-35.1490853,-7.7135275],[-35.1495811,-7.7087346]],[[-35.1495811,-7.7087346],[-35.1601809,-7.7103826]],[[-34.913871,-7.9793623],[-34.9137208,-7.9822073]],[[-34.9137208,-7.9822073],[-34.9097117,-7.9926459],[-34.899468,-8.001958],[-34.8800164,-8.0112528],[-34.875549,-8.0317212]],[[-34.875549,-8.0317212],[-34.8403742,-8.0080928],[-34.830824,-7.957781]],[[-34.830824,-7.957781],[-34.840747,-7.96094],[-34.850917,-7.954672],[-34.8641294,-7.97464],[-34.8725168,-7.9700077],[-34.881886,-7.975674],[-34.895264,-7.975687],[-34.90382,-7.978584],[-34.913871,-7.9793623]],[[-35.5269503,-7.6451213],[-35.5595634,-7.66133],[-35.5865984,-7.650271],[-35.6146193,-7.6563094],[-35.6452671,-7.692409],[-35.6798889,-7.7035813]],[[-35.6474818,-7.7531649],[-35.6314445,-7.7618584]],[[-35.5543261,-7.7186895],[-35.5414676,-7.7125968]],[[-35.5146553,-7.6567566],[-35.5207938,-7.6623636],[-35.525133,-7.6539751],[-35.5269503,-7.6451213]],[[-39.5693214,-8.2493647],[-39.6792383,-8.3467212]],[[-39.6792383,-8.3467212],[-39.6837256,-8.3505213],[-39.6846538,-8.3705838],[-39.6702552,-8.3858606],[-39.674259,-8.4494024]],[[-39.674259,-8.4494024],[-39.6699667,-8.4608607]],[[-39.6699667,-8.4608607],[-39.6541593,-8.4783208],[-39.6433444,-8.5190804],[-39.6460057,-8.6596926]],[[-39.6460057,-8.6596926],[-39.6144979,-8.6575415],[-39.5685749,-8.6366513],[-39.556658,-8.6230886],[-39.5186123,-8.6039111],[-39.4761113,-8.5927932]],[[-40.1039382,-7.6869239],[-40.1625947,-7.7028536],[-40.2117586,-7.6770722]],[[-40.2383611,-7.6851667],[-40.2370344,-7.8185805]],[[-40.2370344,-7.8185805],[-40.4276441,-7.8717837]],[[-40.560663,-7.9972865],[-40.57574,-8.0304683]],[[-40.57574,-8.0304683],[-40.4342905,-8.0318633],[-40.4253103,-8.0483931],[-40.4285148,-8.0697496]],[[-40.4285148,-8.0697496],[-40.4123045,-8.0833864],[-40.3812705,-8.0747154],[-40.3541473,-8.0871842],[-40.3456828,-8.0709153],[-40.3178613,-8.0572061],[-40.29249,-8.0667158],[-40.2629764,-8.059669],[-40.255024,-8.0638039],[-40.2248447,-8.0746237],[-40.2299203,-8.1088291],[-40.2575139,-8.1422264],[-40.2383505,-8.1617652],[-40.2186167,-8.2210056],[-40.1973716,-8.2210822]],[[-40.1973716,-8.2210822],[-40.1894798,-8.1515293]],[[-40.1894798,-8.1515293],[-40.1732888,-8.173009],[-40.1285293,-8.1538083],[-40.091001,-8.150204],[-40.0734315,-8.1612283],[-40.0606854,-8.1697686],[-40.0298551,-8.1657645],[-40.016165,-8.1699396],[-40.0023334,-8.1936093],[-39.9732004,-8.2187423],[-39.9151433,-8.2209362],[-39.9289476,-8.1914724],[-39.9430437,-8.1425888]],[[-39.9430437,-8.1425888],[-39.8534068,-8.0280174]],[[-40.0889429,-7.7782281],[-40.1039382,-7.6869239]],[[-35.6885552,-8.5961557],[-35.6935593,-8.5974735]],[[-35.7208621,-8.8009829],[-35.6062999,-8.7756468]],[[-35.564765,-8.6837519],[-35.5376378,-8.6586974]],[[-36.2407217,-8.9517668],[-36.2334143,-8.9333836]],[[-36.2556373,-8.952856],[-36.3094096,-8.9566731]],[[-36.3094096,-8.9566731],[-36.3398667,-8.9802569],[-36.3527175,-8.9856593],[-36.377643,-8.9892222]],[[-36.377643,-8.9892222],[-36.366219,-9.0194335],[-36.3593935,-9.0471761]],[[-36.2531905,-9.0590517],[-36.1968776,-9.0446505],[-36.1517282,-9.0426944],[-36.1271215,-9.02365]],[[-36.0893103,-8.5938866],[-36.0982164,-8.5977555]],[[-36.0754601,-8.7705322],[-36.0557862,-8.7550805],[-36.0273474,-8.7765593],[-35.9859464,-8.7809551],[-35.9662713,-8.7621402]],[[-35.9662713,-8.7621402],[-35.9669278,-8.7431426]],[[-35.9669278,-8.7431426],[-35.9692225,-8.7449537]],[[-36.6674372,-8.8325221],[-36.7369907,-8.8327132],[-36.7596982,-8.8340705],[-36.7666157,-8.842377]],[[-36.7666157,-8.842377],[-36.7769287,-8.8862851],[-36.7479814,-8.8874748],[-36.7780464,-8.9274461]],[[-36.7780464,-8.9274461],[-36.8400253,-8.8837403],[-36.8498297,-8.8817889]],[[-36.8498297,-8.8817889],[-36.8780889,-8.8828583]],[[-36.8780889,-8.8828583],[-36.7358198,-8.9495724],[-36.7289732,-8.9540504]],[[-36.7289732,-8.9540504],[-36.7087374,-8.9408795],[-36.6502062,-8.9343983],[-36.6308605,-8.9564975]],[[-36.6084354,-8.9107025],[-36.6192032,-8.8966982]],[[-39.5736217,-7.8713749],[-39.7626495,-7.9125509]],[[-39.7626495,-7.9125509],[-39.9430437,-8.1425888]],[[-40.1894798,-8.1515293],[-40.2006818,-8.2559466]],[[-40.2006818,-8.2559466],[-40.0873357,-8.3372144],[-40.1087241,-8.3480915]],[[-40.1087241,-8.3480915],[-40.0951275,-8.3491481],[-40.082408,-8.3714433],[-40.0434766,-8.3642974],[-40.0222956,-8.3736822],[-40.00377,-8.3544902],[-39.9605766,-8.3786087],[-39.9400328,-8.3643659],[-39.8980486,-8.3736988],[-39.8616687,-8.3499067],[-39.8510909,-8.3356187],[-39.8142355,-8.3293272],[-39.8034357,-8.3340091],[-39.7877761,-8.3326571],[-39.7620753,-8.3529756],[-39.7507295,-8.3439865],[-39.7450783,-8.3580837],[-39.6797706,-8.4392315],[-39.678233,-8.4512814]],[[-39.678233,-8.4512814],[-39.674259,-8.4494024]],[[-39.6792383,-8.3467212],[-39.5666253,-8.2474536],[-39.5601086,-8.2453875]],[[-39.4684111,-8.2365162],[-39.4616368,-8.2353082]],[[-39.4616368,-8.2353082],[-39.4682113,-8.2220565],[-39.4720641,-8.2210285],[-39.5243835,-8.2167814],[-39.538393,-8.2058235],[-39.5436115,-8.2001092],[-39.5472888,-8.1964307]],[[-39.5472888,-8.1964307],[-39.547748,-8.1890591],[-39.5387129,-8.1807535],[-39.4787237,-8.1553366]],[[-39.4787237,-8.1553366],[-39.4691831,-8.1427074],[-39.4592392,-8.1422727],[-39.4298078,-8.1426364],[-39.4282412,-8.1317048],[-39.4280946,-8.129307],[-39.4261171,-8.1188164],[-39.4070238,-8.1090974],[-39.395413,-8.0730147],[-39.3816578,-8.0667462],[-39.3718317,-8.0599061],[-39.3638977,-8.0535258]],[[-39.3638977,-8.0535258],[-39.4379546,-8.0595363]],[[-39.4379546,-8.0595363],[-39.4532566,-8.0609223],[-39.4673783,-8.0562156],[-39.4793002,-8.0447624],[-39.4836402,-8.03799],[-39.4867875,-8.006365],[-39.4538053,-7.9515346],[-39.5689519,-7.9883404],[-39.5691964,-7.9805313],[-39.5771539,-7.9367442],[-39.5587556,-7.9249654],[-39.5715407,-7.8955503],[-39.5736217,-7.8713749]],[[-35.4999854,-7.9196383],[-35.5068195,-7.926201],[-35.5136123,-7.9381925],[-35.5157498,-7.9396353]],[[-35.5157498,-7.9396353],[-35.5315434,-7.9308586],[-35.5810444,-7.9464893],[-35.6008592,-7.9355906],[-35.6195303,-7.9447617],[-35.6541793,-7.9443117]],[[-35.6498274,-8.1052936],[-35.6303286,-8.1040828]],[[-35.4625058,-8.0938333],[-35.4430367,-8.0796153]],[[-35.4430367,-8.0796153],[-35.4294214,-8.0810041],[-35.4390567,-8.03975]],[[-35.4554167,-7.9939672],[-35.4572904,-7.9887872],[-35.4558017,-7.9864449]],[[-35.4521219,-7.9803534],[-35.4420458,-7.9610895]],[[-35.1399618,-7.7922596],[-35.1451482,-7.8264714],[-35.2259422,-7.8242608]],[[-35.2350944,-7.8893788],[-35.2409702,-7.8876996]],[[-35.2567595,-7.9422469],[-35.183838,-7.9740771]],[[-35.1725675,-7.97501],[-35.1671599,-7.9731968]],[[-35.1671599,-7.9731968],[-35.098779,-7.9725098],[-35.076241,-7.9499983],[-35.0463447,-7.9482262]],[[-35.0463447,-7.9482262],[-35.0289287,-7.9338391]],[[-35.0289287,-7.9338391],[-35.0484963,-7.9093481]],[[-34.830824,-7.957781],[-34.820058,-7.9230448],[-34.8251729,-7.8830245],[-34.8413727,-7.8631239]],[[-34.8558655,-7.8772948],[-34.8662361,-7.8911181]],[[-35.0310087,-7.9297656],[-35.0289287,-7.9338391]],[[-35.0289287,-7.9338391],[-35.0158823,-7.9259126]],[[-35.0158823,-7.9259126],[-34.9973416,-7.930193]],[[-34.9973416,-7.930193],[-34.9677582,-7.9417914],[-34.9339462,-7.9324999],[-34.9235131,-7.9335268],[-34.9184613,-7.9359285],[-34.9112381,-7.9391071],[-34.9092486,-7.9440146]],[[-34.9092486,-7.9440146],[-34.913871,-7.9793623]],[[-36.7878356,-8.7047274],[-36.8167961,-8.6896021],[-36.8410922,-8.6641954],[-36.9122447,-8.612082],[-36.9007662,-8.5816856],[-36.9040929,-8.5674944],[-36.8750775,-8.5414635],[-36.8577481,-8.510432],[-36.8479565,-8.465752],[-36.8253372,-8.4326142]],[[-36.8253372,-8.4326142],[-36.8210889,-8.4173726]],[[-36.8210889,-8.4173726],[-36.8501277,-8.4397208],[-36.8593371,-8.4527433],[-36.8725513,-8.4578002],[-36.882331,-8.4361013],[-36.9009234,-8.4398177]],[[-36.9009234,-8.4398177],[-36.8968713,-8.4418961]],[[-36.8739086,-8.8857616],[-36.8780889,-8.8828583]],[[-36.8498297,-8.8817889],[-36.7780464,-8.9274461]],[[-36.7666157,-8.842377],[-36.7547063,-8.8280762]],[[-36.7713126,-8.7352617],[-36.7878356,-8.7047274]],[[-36.7878367,-8.1898336],[-36.8125112,-8.2052941],[-36.8617023,-8.2224268],[-36.9082635,-8.2530931]],[[-36.9103887,-8.4339871],[-36.9009234,-8.4398177]],[[-36.8210889,-8.4173726],[-36.8146938,-8.430926]],[[-36.7590769,-8.5990108],[-36.7291745,-8.607338],[-36.7249341,-8.648346],[-36.6900146,-8.670191]],[[-36.668594,-8.6122258],[-36.6657824,-8.6019385],[-36.6615566,-8.5942484],[-36.6139248,-8.5576533]],[[-36.6139248,-8.5576533],[-36.6102145,-8.5490458],[-36.557986,-8.5064712]],[[-36.557986,-8.5064712],[-36.5828835,-8.4641028],[-36.6275754,-8.3453422],[-36.6027904,-8.3124675],[-36.5603389,-8.2831796]],[[-36.6059539,-8.2123656],[-36.6400302,-8.2777815],[-36.7181847,-8.2705394],[-36.7688408,-8.258656],[-36.7841034,-8.2760498],[-36.7995586,-8.2784543],[-36.816005,-8.234382],[-36.8086788,-8.2212984],[-36.8032355,-8.2121668],[-36.7878367,-8.1898336]],[[-38.4698071,-8.8657423],[-38.4793182,-8.9017437],[-38.5020467,-8.9166207],[-38.5193747,-8.9393497],[-38.5035127,-8.9814111],[-38.4490997,-9.0263588],[-38.4184041,-9.0380456],[-38.3966958,-9.0330414],[-38.3624418,-9.0009412],[-38.32354,-8.9900092],[-38.2888804,-9.040343],[-38.3210421,-9.0700337],[-38.3214018,-9.1168806],[-38.3128733,-9.1483667]],[[-38.2049869,-9.1039708],[-38.212567,-8.9795557],[-38.2056057,-8.9500487],[-38.2142665,-8.8874081],[-38.2361098,-8.8554583],[-38.0654554,-8.684416]],[[-40.4294821,-8.6445141],[-40.5795433,-8.6671171],[-40.7582471,-8.6234993]],[[-40.9590393,-8.8419808],[-40.9213378,-8.8354306],[-40.8964043,-8.8710254],[-40.8812337,-8.9156278],[-40.8662781,-8.9233892],[-40.8515959,-8.952499],[-40.8519585,-8.9825849],[-40.8350127,-9.0086935],[-40.8252311,-9.0381866],[-40.821008,-9.0798914],[-40.804104,-9.0983359],[-40.7772606,-9.1006684],[-40.7098893,-9.140881],[-40.685094,-9.1376102],[-40.6673957,-9.1590592],[-40.6698732,-9.1861325],[-40.6945004,-9.2334556],[-40.6800885,-9.2592117],[-40.6859879,-9.2763682],[-40.7086897,-9.286876],[-40.7200882,-9.3058967],[-40.7394418,-9.2965887],[-40.7564219,-9.3150323],[-40.7372865,-9.3368708],[-40.7464789,-9.3710522],[-40.7430889,-9.4029455],[-40.7649756,-9.4132164],[-40.7672889,-9.4457041],[-40.7221786,-9.4459485],[-40.6813218,-9.467221],[-40.6358627,-9.4810228],[-40.6165103,-9.4809754],[-40.5951233,-9.4673692],[-40.5557585,-9.4579381],[-40.5408152,-9.4240433],[-40.5107266,-9.4071789],[-40.4741747,-9.4207922],[-40.4538185,-9.4035174],[-40.4358983,-9.3621587],[-40.4181453,-9.3520533],[-40.3912784,-9.3721668],[-40.3563971,-9.3769943],[-40.3337541,-9.3505383],[-40.3373376,-9.335068],[-40.3190314,-9.2872692],[-40.3077871,-9.2713207],[-40.3005068,-9.231208],[-40.2861727,-9.1856114],[-40.294012,-9.1520678],[-40.2766658,-9.0891135],[-40.2433996,-9.0555729],[-40.2088275,-9.0637823]],[[-36.6863923,-8.1596853],[-36.7188747,-8.1616222],[-36.7501424,-8.175704],[-36.7615697,-8.1962939],[-36.7878367,-8.1898336]],[[-36.6533452,-8.1977924],[-36.6782944,-8.1779126],[-36.6826576,-8.1624872]],[[-35.3433382,-8.1177735],[-35.4296336,-8.0812223]],[[-35.4296336,-8.0812223],[-35.4430367,-8.0796153]],[[-35.4430367,-8.0796153],[-35.4792741,-8.1044645]],[[-35.4489974,-8.1698635],[-35.4441383,-8.1696326]],[[-35.4393908,-8.252639],[-35.4382298,-8.2552859]],[[-35.4382298,-8.2552859],[-35.4145011,-8.2682338],[-35.4027536,-8.2568209],[-35.3772315,-8.2688519],[-35.3693125,-8.2835077],[-35.3740285,-8.288497],[-35.3706242,-8.2984169]],[[-35.3706242,-8.2984169],[-35.366409,-8.299002]],[[-35.366409,-8.299002],[-35.3385451,-8.2781367],[-35.3178414,-8.1801136],[-35.3433382,-8.1177735]],[[-35.4055938,-8.4281172],[-35.4072222,-8.4328358]],[[-35.4072222,-8.4328358],[-35.3878226,-8.4178348],[-35.3505001,-8.4252472]],[[-35.3505001,-8.4252472],[-35.3421055,-8.4123703]],[[-35.3581317,-8.3026548],[-35.3603596,-8.2981204]],[[-35.3603596,-8.2981204],[-35.3650277,-8.2997639]],[[-35.3650277,-8.2997639],[-35.3706242,-8.2984169]],[[-35.4382298,-8.2552859],[-35.4424945,-8.2502541]],[[-35.9553215,-8.8128151],[-35.9662713,-8.7621402]],[[-36.0907114,-8.776868],[-36.1212099,-8.8372395],[-36.1254878,-8.842348]],[[-36.0332561,-8.9084191],[-36.0053839,-8.9130004],[-35.950621,-8.8922948]],[[-35.950621,-8.8922948],[-35.9553215,-8.8128151]],[[-37.7672464,-7.6571615],[-37.785141,-7.6259465],[-37.8100395,-7.6438918],[-37.8571589,-7.6519689],[-37.8805967,-7.6836501],[-37.9239349,-7.7151119],[-37.9577622,-7.7662255]],[[-37.8585195,-7.7926223],[-37.8470193,-7.8030193]],[[-34.9973416,-7.930193],[-35.0083996,-7.9457307]],[[-34.9961383,-8.0368538],[-34.9932822,-8.042327]],[[-34.9932822,-8.042327],[-35.016695,-8.0558082]],[[-35.016695,-8.0558082],[-35.0136725,-8.0562749]],[[-34.9087993,-8.1551478],[-34.8622359,-8.0484674],[-34.875549,-8.0317212]],[[-34.9137208,-7.9822073],[-34.9092486,-7.9440146]],[[-35.7988557,-7.9731335],[-35.807225,-7.9763703]],[[-35.9143185,-8.0028045],[-35.9851191,-8.1440976]],[[-35.8799435,-8.2062913],[-35.8883471,-8.1895595]],[[-35.8382552,-8.1166893],[-35.8363972,-8.1095978]],[[-35.7577564,-7.9749365],[-35.7639514,-7.9788141]],[[-35.7639514,-7.9788141],[-35.7866353,-7.9690416],[-35.7988557,-7.9731335]],[[-35.4072222,-8.4328358],[-35.4124414,-8.4290126]],[[-35.4386885,-8.4432372],[-35.4475034,-8.4555874]],[[-35.5002243,-8.4980527],[-35.4909079,-8.4942797]],[[-35.4875243,-8.5020154],[-35.4858228,-8.5081879]],[[-35.4715076,-8.5461287],[-35.4667724,-8.5419084]],[[-35.2696964,-8.6287705],[-35.2644349,-8.6306806]],[[-35.2644349,-8.6306806],[-35.2677022,-8.5970584],[-35.2806527,-8.5608276],[-35.2682285,-8.5297102]],[[-35.2682285,-8.5297102],[-35.2726861,-8.4876607]],[[-35.3428292,-8.444932],[-35.3505001,-8.4252472]],[[-35.2644349,-8.6306806],[-35.3087849,-8.6282174]],[[-35.3415981,-8.7249551],[-35.2635132,-8.6861434],[-35.1407748,-8.7350454],[-35.1179049,-8.7381324],[-35.096767,-8.7280213],[-35.0955264,-8.7104851],[-35.1025674,-8.6864282]],[[-35.1025674,-8.6864282],[-35.1081639,-8.6847695]],[[-35.1081639,-8.6847695],[-35.1314742,-8.6442122],[-35.1405593,-8.6456944],[-35.1836664,-8.6031729],[-35.2124169,-8.6497388],[-35.2476973,-8.6535382],[-35.2644349,-8.6306806]],[[-35.7534798,-8.2893224],[-35.7580784,-8.2904777]],[[-35.6446312,-8.2874061],[-35.6521508,-8.2031491]],[[-35.6810618,-7.9099989],[-35.6770524,-7.9194316]],[[-35.6770524,-7.9194316],[-35.6541793,-7.9443117]],[[-35.5157498,-7.9396353],[-35.5140027,-7.9385835]],[[-35.5140027,-7.9385835],[-35.5207193,-7.9043212]],[[-35.5207193,-7.9043212],[-35.5309895,-7.89416],[-35.5339002,-7.8939337],[-35.5354424,-7.8954766]],[[-39.0180419,-7.812666],[-39.0263931,-7.8246351],[-39.0537557,-7.8193046],[-39.0648798,-7.8395042],[-39.088188,-7.8377261],[-39.0905551,-7.8096046],[-39.1026171,-7.7710382]],[[-39.1026171,-7.7710382],[-39.1200064,-7.778364]],[[-39.1200064,-7.778364],[-39.1395218,-7.7949181],[-39.1417064,-7.8032656],[-39.1460949,-7.8270792],[-39.2201419,-7.90133],[-39.2235331,-7.9653046],[-39.2363897,-7.9936197],[-39.2381555,-8.0251676],[-39.2978818,-8.0449458]],[[-39.2978818,-8.0449458],[-39.3154663,-8.0924057]],[[-39.3154663,-8.0924057],[-39.293911,-8.1057023],[-39.2963163,-8.1167455],[-39.2972201,-8.1531098],[-39.3102139,-8.1738835],[-39.3161016,-8.1800318]],[[-39.3161016,-8.1800318],[-39.3173577,-8.1825961]],[[-39.0465227,-8.3796619],[-39.0414599,-8.3805005]],[[-38.9151354,-8.3338885],[-38.9019694,-8.3208189]],[[-38.8125344,-8.2352053],[-38.8271732,-8.225569]],[[-38.9106174,-8.0867755],[-38.9742416,-8.0872969],[-38.972693,-8.0809577],[-38.9959162,-8.0624482],[-39.010295,-8.0739048],[-39.026577,-8.0577563],[-39.0626997,-8.0598017],[-39.0739682,-8.0806395],[-39.1036365,-8.0269882],[-39.0951935,-7.9955827],[-39.0723617,-7.9584689],[-39.0702161,-7.9308357],[-39.0770014,-7.9035452],[-39.0611086,-7.8986703],[-39.0555209,-7.8714179],[-39.0424124,-7.8666506],[-39.0154661,-7.8249267],[-39.0180419,-7.812666]],[[-36.7289732,-8.9540504],[-36.8650967,-8.8889661],[-36.8226256,-8.9556314]],[[-36.8021735,-9.0863455],[-36.7845437,-9.113188]],[[-36.7050305,-9.0211063],[-36.6370877,-9.0208281]],[[-36.557986,-8.5064712],[-36.5085709,-8.4539434],[-36.5132095,-8.4050695]],[[-36.5132095,-8.4050695],[-36.4928088,-8.3841031]],[[-40.4285148,-8.0697496],[-40.4455086,-8.2746666],[-40.4605006,-8.3085868],[-40.4330191,-8.352395],[-40.4300086,-8.3747874]],[[-40.4300086,-8.3747874],[-40.4298502,-8.395446]],[[-40.3504342,-8.5077795],[-40.3243736,-8.5134308]],[[-40.2190193,-8.5056995],[-40.1919163,-8.498483]],[[-40.1919163,-8.498483],[-40.1973512,-8.4614174],[-40.1858255,-8.4343189],[-40.1781544,-8.419497],[-40.1545348,-8.4068424],[-40.1518705,-8.4013905],[-40.1339892,-8.3607177],[-40.1087241,-8.3480915]],[[-40.2006818,-8.2559466],[-40.1973716,-8.2210822]],[[-38.120056,-7.8189745],[-38.1408706,-7.7848861],[-38.164219,-7.7799088],[-38.2219228,-7.8203881]],[[-38.2219228,-7.8203881],[-38.2066718,-7.8381908],[-38.2247632,-7.8635496],[-38.2229672,-7.8857294],[-38.238294,-7.906084]],[[-38.238294,-7.906084],[-38.1294375,-7.9045162]],[[-38.1294375,-7.9045162],[-38.119902,-7.9085651]],[[-38.119902,-7.9085651],[-38.1402162,-7.8835171],[-38.1477028,-7.8448584],[-38.120056,-7.8189745]],[[-36.263506,-7.8317412],[-36.3020133,-7.8083377],[-36.3945385,-7.8076088],[-36.4240476,-7.8157782],[-36.4299642,-7.8271115],[-36.4296952,-7.8865592],[-36.4437525,-7.9202593]],[[-36.1682996,-7.9688778],[-36.1660439,-7.9618582]],[[-36.1660439,-7.9618582],[-36.1695501,-7.9398027],[-36.2428502,-7.8922369],[-36.2663572,-7.8684703],[-36.263506,-7.8317412]],[[-40.57574,-8.0304683],[-40.5987568,-8.0808577],[-40.6038677,-8.1036877],[-40.5896984,-8.1388083],[-40.6144226,-8.1465025],[-40.6339512,-8.1394488],[-40.6435661,-8.1575368],[-40.6664782,-8.1615894],[-40.6690293,-8.1774809],[-40.700588,-8.2026077],[-40.7110611,-8.2250615],[-40.7368689,-8.2282322],[-40.7445047,-8.2400719],[-40.782482,-8.253304],[-40.7800896,-8.2962729]],[[-40.4390052,-8.3783568],[-40.4300086,-8.3747874]],[[-40.1919163,-8.498483],[-40.1909224,-8.5209967]],[[-40.1434018,-8.5960475],[-40.131985,-8.6074469],[-40.1169558,-8.6123463],[-40.101164,-8.611708]],[[-40.0241153,-9.0578346],[-39.9960306,-9.0609582],[-39.9580347,-9.0485916],[-39.8888191,-8.9658368],[-39.8744286,-8.9367385],[-39.8794186,-8.9019086],[-39.9012593,-8.8641588],[-39.8904154,-8.8267708],[-39.8227319,-8.8135158],[-39.7887962,-8.8191096],[-39.7477853,-8.794041],[-39.6951287,-8.7995714],[-39.6718382,-8.7807383],[-39.673824,-8.7454614],[-39.6930366,-8.680512],[-39.6888359,-8.6608504],[-39.6460057,-8.6596926]],[[-39.6699667,-8.4608607],[-39.678233,-8.4512814]],[[-35.8768779,-7.7691312],[-35.9093578,-7.7925091],[-35.9433546,-7.7899879]],[[-35.9433546,-7.7899879],[-35.9148028,-7.8463832],[-35.921946,-7.8670248],[-35.9113299,-7.8791425]],[[-35.822036,-7.8595362],[-35.8458525,-7.8087257]],[[-35.8458525,-7.8087257],[-35.8529807,-7.7850122],[-35.8768779,-7.7691312]],[[-37.4318223,-7.3566563],[-37.496038,-7.3648223],[-37.4876262,-7.3894195],[-37.5217063,-7.4394783]],[[-37.5217063,-7.4394783],[-37.5023575,-7.4526423],[-37.4781697,-7.4756047],[-37.4736892,-7.4817946],[-37.4672825,-7.4883433],[-37.4655564,-7.4871695],[-37.4628605,-7.4950178],[-37.4498945,-7.5143822],[-37.4497222,-7.535]],[[-37.4497222,-7.535],[-37.4241304,-7.5039206],[-37.3763564,-7.4737553],[-37.3633546,-7.4067526],[-37.3670656,-7.3945026]],[[-37.3670656,-7.3945026],[-37.3675,-7.3794444]],[[-35.9650554,-8.7416825],[-35.9669278,-8.7431426]],[[-35.9669278,-8.7431426],[-35.9553215,-8.8128151]],[[-35.950621,-8.8922948],[-35.924276,-8.8846275],[-35.9114175,-8.8612891],[-35.8619307,-8.858369],[-35.8450025,-8.8724805]],[[-35.8625498,-8.7529953],[-35.8610589,-8.7512807]],[[-36.5107355,-8.4020605],[-36.5132095,-8.4050695]],[[-36.4896934,-8.6940076],[-36.4790775,-8.6971801]],[[-36.1930558,-8.2361662],[-36.1848905,-8.256107],[-36.2125521,-8.2803567]],[[-36.2125521,-8.2803567],[-36.2270411,-8.2837492],[-36.2282517,-8.2852947],[-36.2232008,-8.3098832]],[[-36.2232008,-8.3098832],[-36.2086797,-8.3520949],[-36.2321125,-8.3994543],[-36.2165163,-8.4171879],[-36.2241664,-8.4539053]],[[-36.0695635,-8.3880885],[-36.0671394,-8.3874368],[-36.0625939,-8.3828003]],[[-36.3936872,-8.7786342],[-36.408437,-8.7806302]],[[-36.4398552,-8.7982938],[-36.444452,-8.8009006]],[[-36.3094096,-8.9566731],[-36.3060424,-8.9531626]],[[-36.3419806,-8.8014469],[-36.3463353,-8.8022181]],[[-35.754994,-8.3848288],[-35.7678231,-8.3837511]],[[-35.8755398,-8.3776449],[-35.9028302,-8.3844843],[-35.9227239,-8.4077906]],[[-35.8370962,-8.5254711],[-35.8223507,-8.5202078]],[[-35.2430617,-8.879751],[-35.209094,-8.8917637],[-35.1712318,-8.8905613],[-35.1442861,-8.8994991],[-35.1292056,-8.8665628],[-35.1395709,-8.8431974]],[[-38.5936274,-7.7543494],[-38.6264385,-7.6947249],[-38.6867416,-7.6350403],[-38.7054072,-7.6220435],[-38.7237265,-7.626884],[-38.7418222,-7.6483733],[-38.78371,-7.6673771],[-38.8121916,-7.6687972],[-38.8219622,-7.7147944],[-38.8461022,-7.720415],[-38.8688517,-7.7111798],[-38.8809128,-7.7249646],[-38.8813975,-7.7474323],[-38.9395781,-7.7587726],[-38.9397983,-7.7915557],[-38.9649404,-7.8298285],[-38.9621136,-7.8441746]],[[-38.9621136,-7.8441746],[-38.952383,-7.8876375],[-38.9300421,-7.9162734],[-38.9114425,-7.9280257],[-38.9078101,-7.9397855],[-38.8905085,-7.9639977],[-38.8777635,-8.0101981]],[[-38.6006704,-8.1398207],[-38.5982513,-8.1323205]],[[-38.5982513,-8.1323205],[-38.6205008,-8.0988213],[-38.6078515,-8.037302],[-38.5580428,-7.9400138],[-38.5553262,-7.9053076],[-38.6275567,-7.8220371],[-38.6235076,-7.7867567],[-38.5936274,-7.7543494]],[[-37.35709,-7.3770667],[-37.3670656,-7.3945026]],[[-37.4497222,-7.535],[-37.428226,-7.5584592],[-37.4374511,-7.5970016],[-37.415346,-7.6429904]],[[-37.37697,-7.626696],[-37.3718728,-7.6228469]],[[-37.3718728,-7.6228469],[-37.3456756,-7.6032745],[-37.3047222,-7.6030556],[-37.2155398,-7.6932795],[-37.1892486,-7.7134381],[-37.1642233,-7.7043588],[-37.1537269,-7.7170539]],[[-37.1537269,-7.7170539],[-37.1545429,-7.7064038],[-37.1951312,-7.6520627],[-37.1979462,-7.6352979],[-37.1635694,-7.5747149],[-37.121524,-7.5361189],[-37.0538222,-7.5045686],[-37.026163,-7.4973241]],[[-37.2578548,-7.3938054],[-37.2703751,-7.3934637]],[[-35.03668,-7.9402424],[-35.0463447,-7.9482262]],[[-35.1671599,-7.9731968],[-35.1651805,-7.9816925]],[[-35.20454,-8.011598],[-35.2236306,-8.0208461]],[[-35.2236306,-8.0208461],[-35.2044414,-8.0383715],[-35.1957694,-8.0795422]],[[-35.0581631,-8.0879706],[-35.0569129,-8.0856025]],[[-35.0551459,-8.0672887],[-35.016695,-8.0558082]],[[-34.9932822,-8.042327],[-35.0100826,-8.0378586]],[[-35.4958272,-7.5202124],[-35.5091839,-7.5174916],[-35.5378368,-7.5866411],[-35.5151939,-7.585021],[-35.5316871,-7.6216661],[-35.5269503,-7.6451213]],[[-35.4456726,-7.6927185],[-35.4486523,-7.639789],[-35.4611377,-7.6311192],[-35.4501491,-7.6027294]],[[-35.4501491,-7.6027294],[-35.4505874,-7.6009696]],[[-38.2219228,-7.8203881],[-38.2385707,-7.8307261],[-38.2933511,-7.8230459],[-38.3025243,-7.7915012],[-38.2946014,-7.7779702],[-38.3266856,-7.6937045],[-38.3446915,-7.6949967],[-38.3549779,-7.6784252],[-38.3822533,-7.7074752],[-38.4039309,-7.7144425],[-38.4095078,-7.7304933],[-38.4570834,-7.718107],[-38.4639757,-7.7308921],[-38.4957993,-7.7388084],[-38.5249571,-7.7546448],[-38.5601296,-7.7570921],[-38.5790304,-7.7465999],[-38.5936274,-7.7543494]],[[-38.5982513,-8.1323205],[-38.59706,-8.1298559]],[[-38.1786691,-8.2766656],[-38.1776869,-8.2682097]],[[-38.1634552,-7.9053846],[-38.238294,-7.906084]],[[-39.2663959,-7.6647654],[-39.3055665,-7.6659316],[-39.3113886,-7.6552366],[-39.3918692,-7.6081924]],[[-39.3918692,-7.6081924],[-39.4079381,-7.6311413],[-39.4423525,-7.6591133],[-39.4496731,-7.6535817],[-39.5018241,-7.6797346],[-39.509932,-7.7074474],[-39.5010846,-7.727063],[-39.5125899,-7.7396397],[-39.5661156,-7.740501],[-39.5865664,-7.7651168]],[[-39.5865664,-7.7651168],[-39.5882619,-7.7702121]],[[-39.5678988,-7.8617467],[-39.5736217,-7.8713749]],[[-39.4379546,-8.0595363],[-39.3568104,-8.0493319]],[[-39.3568104,-8.0493319],[-39.32592,-8.0536957],[-39.3000946,-8.0473773]],[[-39.3000946,-8.0473773],[-39.2978818,-8.0449458]],[[-39.1200064,-7.778364],[-39.1158637,-7.7766185]],[[-37.5319043,-7.9715682],[-37.5410112,-7.9788284]],[[-37.5960613,-8.3167663],[-37.5993839,-8.3181506]],[[-37.3685431,-8.4184076],[-37.3630959,-8.405674]],[[-37.3630959,-8.405674],[-37.295406,-8.3951641],[-37.2328633,-8.4028227]],[[-37.2328633,-8.4028227],[-37.2200519,-8.4071717]],[[-37.1602588,-8.4042006],[-37.1439278,-8.4033216]],[[-37.0206483,-8.2896722],[-37.0402836,-8.2661796],[-37.0822268,-8.2618874],[-37.0808954,-8.2218915],[-37.1004285,-8.2337068],[-37.1229148,-8.2090664],[-37.1264516,-8.173684],[-37.1602253,-8.1704004],[-37.1586138,-8.1388694],[-37.1425578,-8.1179448],[-37.1437071,-8.0879656],[-37.1568452,-8.0645345],[-37.1483987,-8.0351154],[-37.1517946,-8.0094148],[-37.1933946,-7.9828667],[-37.1926756,-7.9605982],[-37.2079199,-7.9518661],[-37.2373419,-7.9733068],[-37.2917793,-7.9653109],[-37.3397846,-7.9798045],[-37.3546405,-7.9546277]],[[-35.2726293,-8.4781718],[-35.2682285,-8.5297102]],[[-35.1081639,-8.6847695],[-35.0877877,-8.6907741]],[[-35.0877877,-8.6907741],[-35.0713544,-8.6722002],[-35.0717213,-8.6526487],[-35.0475613,-8.6113008],[-35.0547203,-8.6067787],[-35.065315,-8.5972142]],[[-35.1679517,-8.4785599],[-35.2227868,-8.4780084]],[[-39.3918692,-7.6081924],[-39.4196561,-7.6044123],[-39.4349335,-7.5737228],[-39.4724536,-7.575182],[-39.4851642,-7.534449],[-39.4556775,-7.5018609],[-39.4607476,-7.471219],[-39.5023605,-7.4641484],[-39.5458528,-7.4839417]],[[-39.613567,-7.6973865],[-39.6136858,-7.7059068]],[[-39.5994096,-7.7564998],[-39.5865664,-7.7651168]],[[-37.6199437,-7.5258795],[-37.6558188,-7.5234166],[-37.6821509,-7.548376],[-37.7065057,-7.5505838],[-37.706572,-7.5694668],[-37.7287319,-7.5797304],[-37.7457056,-7.6093311]],[[-37.7076713,-7.613175],[-37.7048313,-7.6169292]],[[-37.5588053,-7.6392233],[-37.5837176,-7.5999632]],[[-37.5837176,-7.5999632],[-37.6199437,-7.5258795]],[[-35.8050193,-7.973557],[-35.7988557,-7.9731335]],[[-35.7639514,-7.9788141],[-35.7407535,-7.9658103]],[[-35.6770524,-7.9194316],[-35.6873259,-7.9076388]],[[-35.6874784,-7.8538911],[-35.6876754,-7.8474072]],[[-35.6979066,-7.8438832],[-35.7116694,-7.8304947]],[[-35.7508034,-7.8139526],[-35.7523239,-7.8092518]],[[-35.7523239,-7.8092518],[-35.7671706,-7.8104533],[-35.7782295,-7.8098509],[-35.8022227,-7.8034134],[-35.8393112,-7.8150868],[-35.8458525,-7.8087257]],[[-37.5217063,-7.4394783],[-37.5279586,-7.4653107],[-37.5867296,-7.4991086],[-37.6097708,-7.5080308],[-37.6199437,-7.5258795]],[[-37.5837176,-7.5999632],[-37.5573604,-7.6410023],[-37.5568407,-7.6427092]],[[-37.5216719,-7.7098352],[-37.5182965,-7.703101]],[[-36.2232008,-8.3098832],[-36.2276051,-8.2927753],[-36.2278739,-8.2842884],[-36.2125521,-8.2803567]],[[-38.0247335,-8.6523101],[-38.0398077,-8.6588724]],[[-38.0922873,-9.172725],[-38.066098,-9.1742199],[-38.030292,-9.1649481],[-38.0257874,-9.1555063],[-37.9785629,-9.147662],[-37.9712002,-9.1243418],[-37.9515962,-9.0973095],[-37.9078751,-9.0522184],[-37.8775694,-9.035376],[-37.8795981,-9.0154139],[-37.8530933,-9.0001398],[-37.8390986,-8.9783812],[-37.8253338,-8.9324283],[-37.8485152,-8.9406038]],[[-35.3614207,-8.8064809],[-35.3543907,-8.8053846]],[[-35.1334329,-8.7876891],[-35.1203786,-8.8003341],[-35.1052544,-8.788954]],[[-35.1028085,-8.7848899],[-35.101082,-8.7619186],[-35.0863892,-8.7478562],[-35.0891125,-8.7256357],[-35.0791745,-8.7033321],[-35.0877877,-8.6907741]],[[-35.0877877,-8.6907741],[-35.1025674,-8.6864282]],[[-36.0032905,-7.8128344],[-36.0215873,-7.8102391],[-36.068992,-7.7809736],[-36.1006652,-7.7786834],[-36.1172776,-7.7857853],[-36.1433702,-7.7815622],[-36.1978732,-7.7903806],[-36.2166343,-7.7641042],[-36.254196,-7.7963868],[-36.2400121,-7.817681],[-36.263506,-7.8317412]],[[-36.1660439,-7.9618582],[-36.1607659,-7.9658166]],[[-36.1118093,-7.9967135],[-36.1091408,-8.0043357]],[[-36.1091408,-8.0043357],[-36.0976447,-8.0046689]],[[-36.0976447,-8.0046689],[-36.0805678,-7.9919032]],[[-36.0805678,-7.9919032],[-36.0511715,-7.9578167]],[[-36.0511715,-7.9578167],[-36.0309672,-7.9149222],[-36.0132734,-7.896376],[-36.0098763,-7.8771107],[-36.0238577,-7.8197936],[-36.0032905,-7.8128344]],[[-36.6370877,-9.0208281],[-36.6884294,-9.0203951]],[[-36.5330233,-9.1013895],[-36.534938,-9.0980162]],[[-39.3154663,-8.0924057],[-39.3000946,-8.0473773]],[[-39.3568104,-8.0493319],[-39.3638977,-8.0535258]],[[-39.4787237,-8.1553366],[-39.5425208,-8.1831344],[-39.5478935,-8.190064],[-39.5472888,-8.1964307]],[[-39.4616368,-8.2353082],[-39.46197,-8.2412471]],[[-39.3250406,-8.183052],[-39.3161016,-8.1800318]],[[-35.3426216,-7.4220313],[-35.3511034,-7.4402615],[-35.3732703,-7.4436477],[-35.4247143,-7.474423],[-35.4159952,-7.4953517]],[[-35.428896,-7.6163891],[-35.3831713,-7.6117088],[-35.3073511,-7.6121681],[-35.2838066,-7.5980134]],[[-35.2838066,-7.5980134],[-35.2724978,-7.5910248],[-35.2550436,-7.5441135]],[[-35.2115088,-7.5242149],[-35.2157522,-7.5240028]],[[-35.3118752,-7.4810429],[-35.3180386,-7.4669556]],[[-36.0709332,-7.980708],[-36.0805678,-7.9919032]],[[-36.0976447,-8.0046689],[-36.0962252,-8.0049996]],[[-36.011802,-7.9875641],[-36.01839,-7.9862365],[-36.0263284,-7.9852209],[-36.0505505,-7.9867958],[-36.0556869,-7.9795778],[-36.0709332,-7.980708]],[[-35.156825,-7.7061563],[-35.1495811,-7.7087346]],[[-35.1056515,-7.7265647],[-35.0979232,-7.7094191]],[[-35.0915556,-7.6924614],[-35.1217748,-7.6704323]],[[-35.1217748,-7.6704323],[-35.1265578,-7.6629823]],[[-40.3436206,-7.8431924],[-40.2370344,-7.8185805]],[[-38.0007191,-7.7789605],[-38.0395816,-7.7481191],[-38.0694783,-7.7723243],[-38.0770694,-7.8305796],[-38.120056,-7.8189745]],[[-38.119902,-7.9085651],[-38.0939039,-7.9223517]],[[-38.0590287,-7.9235583],[-38.0488521,-7.9204729]],[[-37.3630959,-8.405674],[-37.3905144,-8.5108862]],[[-37.2233921,-8.4052756],[-37.2328633,-8.4028227]],[[-37.3718728,-7.6228469],[-37.3721802,-7.6265532]],[[-37.3236639,-7.7201851],[-37.3128205,-7.7136588]],[[-37.1706671,-7.8002285],[-37.1389447,-7.7455177],[-37.1537269,-7.7170539]],[[-36.826269,-8.5037459],[-36.8253372,-8.4326142]],[[-36.7878356,-8.7047274],[-36.7731973,-8.7319138]],[[-38.9621136,-7.8441746],[-38.9822446,-7.8461256],[-39.0053535,-7.8345034],[-39.0180419,-7.812666]],[[-35.7899069,-7.7404362],[-35.828499,-7.751649],[-35.8721183,-7.7495389],[-35.8768779,-7.7691312]],[[-35.7523239,-7.8092518],[-35.7517754,-7.8058206]],[[-35.9433546,-7.7899879],[-35.9590266,-7.7872629],[-35.9910393,-7.7998694],[-36.0032905,-7.8128344]],[[-36.0511715,-7.9578167],[-36.0709332,-7.980708]],[[-36.0002631,-7.9776449],[-35.9596996,-7.9866637]],[[-35.2728808,-7.5912614],[-35.2838066,-7.5980134]],[[-35.448465,-7.6072926],[-35.4501491,-7.6027294]],[[-35.2236306,-8.0208461],[-35.2254047,-8.0231559]],[[-35.2514306,-8.0543766],[-35.2632526,-8.0606408]],[[-35.4156884,-8.0742309],[-35.4293407,-8.0813474],[-35.3433382,-8.1177735]],[[-35.366409,-8.299002],[-35.3650277,-8.2997639]],[[-35.3603596,-8.2981204],[-35.3590299,-8.3006387]],[[-35.2763169,-8.2851781],[-35.2649558,-8.243067],[-35.2628339,-8.2404991]],[[-35.6732249,-8.8655303],[-35.7137008,-8.9047978],[-35.6712041,-8.896634],[-35.6575178,-8.8806584],[-35.6321278,-8.8812783],[-35.5961936,-8.8609917],[-35.586752,-8.8426442]]],"bbox":[-41.3454184,-9.4810228,-32.3972852,-3.8264443]}
