{"type":"Topology","objects":{"geometrias":{"type":"GeometryCollection","geometries":[{"type":"Polygon","arcs":[[0,1,2,3,4]],"properties":{"code_muni":2300101,"abbrev_state":"CE","name_state":"Ceará","name_region":"Nordeste","name_muni":"Abaiara","code_state":23,"code_region":2,"year":2020}},{"type":"Polygon","arcs":[[5,6,7,8,9,10]],"properties":{"code_muni":2300150,"abbrev_state":"CE","name_state":"Ceará","name_region":"Nordeste","name_muni":"Acarape","code_state":23,"code_region":2,"year":2020}},{"type":"Polygon","arcs":[[11,12,13,14,15,16,17,18,19]],"properties":{"code_muni":2300200,"abbrev_state":"CE","name_state":"Ceará","name_region":"Nordeste","name_muni":"Acaraú","code_state":23,"code_region":2,"year":2020}},{"type":"Polygon","arcs":[[20,21,22,23,24,25,26,27,28,29,30,31,32,33,34,35,36,37]],"properties":{"code_muni":2300309,"abbrev_state":"CE","name_state":"Ceará","name_region":"Nordeste","name_muni":"Acopiara","code_state":23,"code_region":2,"year":2020}},{"type":"Polygon","arcs":[[38,39,40,41,42,43,44,45,46,47,48]],"properties":{"code_muni":2300408,"abbrev_state":"CE","name_state":"Ceará","name_region":"Nordeste","name_muni":"Aiuaba","code_state":23,"code_region":2,"year":2020}},{"type":"Polygon","arcs":[[49,50,51,52,53,54,55,56,57]],"properties":{"code_muni":2300507,"abbrev_state":"CE","name_state":"Ceará","name_region":"Nordeste","name_muni":"Alcântaras","code_state":23,"code_region":2,"year":2020}},{"type":"Polygon","arcs":[[58,59,60]],"properties":{"code_muni":2300606,"abbrev_state":"CE","name_state":"Ceará","name_region":"Nordeste","name_muni":"Altaneira","code_state":23,"code_region":2,"year":2020}},{"type":"Polygon","arcs":[[61,62,63,64,65,66,67,68,69,70]],"properties":{"code_muni":2300705,"abbrev_state":"CE","name_state":"Ceará","name_region":"Nordeste","name_muni":"Alto Santo","code_state":23,"code_region":2,"year":2020}},{"type":"Polygon","arcs":[[71,72,73,-18,74,75,76,77,78,79,80,81]],"properties":{"code_muni":2300754,"abbrev_state":"CE","name_state":"Ceará","name_region":"Nordeste","name_muni":"Amontada","code_state":23,"code_region":2,"year":2020}},{"type":"Polygon","arcs":[[82,-45,83,84,85,86,87,88,89,90]],"properties":{"code_muni":2300804,"abbrev_state":"CE","name_state":"Ceará","name_region":"Nordeste","name_muni":"Antonina do Norte","code_state":23,"code_region":2,"year":2020}},{"type":"Polygon","arcs":[[91,92,93,94,95,96,97]],"properties":{"code_muni":2300903,"abbrev_state":"CE","name_state":"Ceará","name_region":"Nordeste","name_muni":"Apuiarés","code_state":23,"code_region":2,"year":2020}},{"type":"Polygon","arcs":[[98,99,100,101,102,103,104,105,106,107,108,109,110]],"properties":{"code_muni":2301000,"abbrev_state":"CE","name_state":"Ceará","name_region":"Nordeste","name_muni":"Aquiraz","code_state":23,"code_region":2,"year":2020}},{"type":"Polygon","arcs":[[111,112,113,114,115,116,117,118,119,120]],"properties":{"code_muni":2301109,"abbrev_state":"CE","name_state":"Ceará","name_region":"Nordeste","name_muni":"Aracati","code_state":23,"code_region":2,"year":2020}},{"type":"Polygon","arcs":[[121,122,123,124,125,126,127]],"properties":{"code_muni":2301208,"abbrev_state":"CE","name_state":"Ceará","name_region":"Nordeste","name_muni":"Aracoiaba","code_state":23,"code_region":2,"year":2020}},{"type":"Polygon","arcs":[[128,129,130,131,132,133,134,135]],"properties":{"code_muni":2301257,"abbrev_state":"CE","name_state":"Ceará","name_region":"Nordeste","name_muni":"Ararendá","code_state":23,"code_region":2,"year":2020}},{"type":"Polygon","arcs":[[136,137,138,139,140]],"properties":{"code_muni":2301307,"abbrev_state":"CE","name_state":"Ceará","name_region":"Nordeste","name_muni":"Araripe","code_state":23,"code_region":2,"year":2020}},{"type":"Polygon","arcs":[[141,142,143,144,145,146,147,148]],"properties":{"code_muni":2301406,"abbrev_state":"CE","name_state":"Ceará","name_region":"Nordeste","name_muni":"Aratuba","code_state":23,"code_region":2,"year":2020}},{"type":"Polygon","arcs":[[149,150,151,152,153,154,-49,155,156,157,-29,158,159]],"properties":{"code_muni":2301505,"abbrev_state":"CE","name_state":"Ceará","name_region":"Nordeste","name_muni":"Arneiroz","code_state":23,"code_region":2,"year":2020}},{"type":"Polygon","arcs":[[160,161,-87,162,163,164,165,166,-60,167]],"properties":{"code_muni":2301604,"abbrev_state":"CE","name_state":"Ceará","name_region":"Nordeste","name_muni":"Assaré","code_state":23,"code_region":2,"year":2020}},{"type":"Polygon","arcs":[[168,169,170,171,172,173,174,175,176,177,178]],"properties":{"code_muni":2301703,"abbrev_state":"CE","name_state":"Ceará","name_region":"Nordeste","name_muni":"Aurora","code_state":23,"code_region":2,"year":2020}},{"type":"Polygon","arcs":[[179,180,181,182]],"properties":{"code_muni":2301802,"abbrev_state":"CE","name_state":"Ceará","name_region":"Nordeste","name_muni":"Baixio","code_state":23,"code_region":2,"year":2020}},{"type":"Polygon","arcs":[[183,184,185,186,187,188,189,190,191,192,193,194,195,196]],"properties":{"code_muni":2301851,"abbrev_state":"CE","name_state":"Ceará","name_region":"Nordeste","name_muni":"Banabuiú","code_state":23,"code_region":2,"year":2020}},{"type":"Polygon","arcs":[[197,198,199,200,201,202,203,204]],"properties":{"code_muni":2301901,"abbrev_state":"CE","name_state":"Ceará","name_region":"Nordeste","name_muni":"Barbalha","code_state":23,"code_region":2,"year":2020}},{"type":"Polygon","arcs":[[-8,205,206,-127,207]],"properties":{"code_muni":2301950,"abbrev_state":"CE","name_state":"Ceará","name_region":"Nordeste","name_muni":"Barreira","code_state":23,"code_region":2,"year":2020}},{"type":"Polygon","arcs":[[-176,208,209,210,211,212]],"properties":{"code_muni":2302008,"abbrev_state":"CE","name_state":"Ceará","name_region":"Nordeste","name_muni":"Barro","code_state":23,"code_region":2,"year":2020}},{"type":"Polygon","arcs":[[213,214,215,216]],"properties":{"code_muni":2302057,"abbrev_state":"CE","name_state":"Ceará","name_region":"Nordeste","name_muni":"Barroquinha","code_state":23,"code_region":2,"year":2020}},{"type":"Polygon","arcs":[[217,218,219,220,221,222,223,-123,224,225]],"properties":{"code_muni":2302107,"abbrev_state":"CE","name_state":"Ceará","name_region":"Nordeste","name_muni":"Baturité","code_state":23,"code_region":2,"year":2020}},{"type":"Polygon","arcs":[[226,227,228,229,230,231,232,233,234,-114,235,236]],"properties":{"code_muni":2302206,"abbrev_state":"CE","name_state":"Ceará","name_region":"Nordeste","name_muni":"Beberibe","code_state":23,"code_region":2,"year":2020}},{"type":"Polygon","arcs":[[237,238,239,240,241,242,-15,243,244]],"properties":{"code_muni":2302305,"abbrev_state":"CE","name_state":"Ceará","name_region":"Nordeste","name_muni":"Bela Cruz","code_state":23,"code_region":2,"year":2020}},{"type":"Polygon","arcs":[[245,246,247,248,249,250,251,252,253,254,255,256,257,258,259]],"properties":{"code_muni":2302404,"abbrev_state":"CE","name_state":"Ceará","name_region":"Nordeste","name_muni":"Boa Viagem","code_state":23,"code_region":2,"year":2020}},{"type":"Polygon","arcs":[[260,261,262,263,264,265,266,267,268]],"properties":{"code_muni":2302503,"abbrev_state":"CE","name_state":"Ceará","name_region":"Nordeste","name_muni":"Brejo Santo","code_state":23,"code_region":2,"year":2020}},{"type":"Polygon","arcs":[[269,-217,270,-241,271,272]],"properties":{"code_muni":2302602,"abbrev_state":"CE","name_state":"Ceará","name_region":"Nordeste","name_muni":"Camocim","code_state":23,"code_region":2,"year":2020}},{"type":"Polygon","arcs":[[273,274,275,276,277,-164,278,-85,279,-43]],"properties":{"code_muni":2302701,"abbrev_state":"CE","name_state":"Ceará","name_region":"Nordeste","name_muni":"Campos Sales","code_state":23,"code_region":2,"year":2020}},{"type":"Polygon","arcs":[[280,281,282,283,284,285,286,287,288,-143,289,290,291,292,293,294]],"properties":{"code_muni":2302800,"abbrev_state":"CE","name_state":"Ceará","name_region":"Nordeste","name_muni":"Canindé","code_state":23,"code_region":2,"year":2020}},{"type":"Polygon","arcs":[[295,296,-146,297,298,299,-223]],"properties":{"code_muni":2302909,"abbrev_state":"CE","name_state":"Ceará","name_region":"Nordeste","name_muni":"Capistrano","code_state":23,"code_region":2,"year":2020}},{"type":"Polygon","arcs":[[300,301,302,303,-290,-142,304,305,306,307,308,309,310,311]],"properties":{"code_muni":2303006,"abbrev_state":"CE","name_state":"Ceará","name_region":"Nordeste","name_muni":"Caridade","code_state":23,"code_region":2,"year":2020}},{"type":"Polygon","arcs":[[312,313,314,315,316,317,318,319,320,321]],"properties":{"code_muni":2303105,"abbrev_state":"CE","name_state":"Ceará","name_region":"Nordeste","name_muni":"Cariré","code_state":23,"code_region":2,"year":2020}},{"type":"Polygon","arcs":[[322,323,324,325,326,327,328,329,-171,330,331,332]],"properties":{"code_muni":2303204,"abbrev_state":"CE","name_state":"Ceará","name_region":"Nordeste","name_muni":"Caririaçu","code_state":23,"code_region":2,"year":2020}},{"type":"Polygon","arcs":[[333,334,335,336,337,338,339,340,341,342,343,344,345]],"properties":{"code_muni":2303303,"abbrev_state":"CE","name_state":"Ceará","name_region":"Nordeste","name_muni":"Cariús","code_state":23,"code_region":2,"year":2020}},{"type":"Polygon","arcs":[[346,347,348,349]],"properties":{"code_muni":2303402,"abbrev_state":"CE","name_state":"Ceará","name_region":"Nordeste","name_muni":"Carnaubal","code_state":23,"code_region":2,"year":2020}},{"type":"Polygon","arcs":[[350,-109,351,352,353,354,355,356,357,358,-228]],"properties":{"code_muni":2303501,"abbrev_state":"CE","name_state":"Ceará","name_region":"Nordeste","name_muni":"Cascavel","code_state":23,"code_region":2,"year":2020}},{"type":"Polygon","arcs":[[359,-157,360,361,362,-31]],"properties":{"code_muni":2303600,"abbrev_state":"CE","name_state":"Ceará","name_region":"Nordeste","name_muni":"Catarina","code_state":23,"code_region":2,"year":2020}},{"type":"Polygon","arcs":[[363,364,365,366,367,368,369,370]],"properties":{"code_muni":2303659,"abbrev_state":"CE","name_state":"Ceará","name_region":"Nordeste","name_muni":"Catunda","code_state":23,"code_region":2,"year":2020}},{"type":"Polygon","arcs":[[371,372,373,374,375,376,377,378,379]],"properties":{"code_muni":2303709,"abbrev_state":"CE","name_state":"Ceará","name_region":"Nordeste","name_muni":"Caucaia","code_state":23,"code_region":2,"year":2020}},{"type":"Polygon","arcs":[[380,381,382,-343,383,384,385,386,387]],"properties":{"code_muni":2303808,"abbrev_state":"CE","name_state":"Ceará","name_region":"Nordeste","name_muni":"Cedro","code_state":23,"code_region":2,"year":2020}},{"type":"Polygon","arcs":[[388,389,390,-215]],"properties":{"code_muni":2303907,"abbrev_state":"CE","name_state":"Ceará","name_region":"Nordeste","name_muni":"Chaval","code_state":23,"code_region":2,"year":2020}},{"type":"Polygon","arcs":[[391,-287,392,393,394,395,396,397,398,399]],"properties":{"code_muni":2303931,"abbrev_state":"CE","name_state":"Ceará","name_region":"Nordeste","name_muni":"Choró","code_state":23,"code_region":2,"year":2020}},{"type":"Polygon","arcs":[[-356,400,-208,401,402]],"properties":{"code_muni":2303956,"abbrev_state":"CE","name_state":"Ceará","name_region":"Nordeste","name_muni":"Chorozinho","code_state":23,"code_region":2,"year":2020}},{"type":"Polygon","arcs":[[403,404,405,406,407,408,409,410,411,412,413,-53,414]],"properties":{"code_muni":2304004,"abbrev_state":"CE","name_state":"Ceará","name_region":"Nordeste","name_muni":"Coreaú","code_state":23,"code_region":2,"year":2020}},{"type":"Polygon","arcs":[[415,416,417,418,419,420,421]],"properties":{"code_muni":2304103,"abbrev_state":"CE","name_state":"Ceará","name_region":"Nordeste","name_muni":"Crateús","code_state":23,"code_region":2,"year":2020}},{"type":"Polygon","arcs":[[422,423,424,-200,425,426,-326,427]],"properties":{"code_muni":2304202,"abbrev_state":"CE","name_state":"Ceará","name_region":"Nordeste","name_muni":"Crato","code_state":23,"code_region":2,"year":2020}},{"type":"Polygon","arcs":[[428,429,430,431,432]],"properties":{"code_muni":2304236,"abbrev_state":"CE","name_state":"Ceará","name_region":"Nordeste","name_muni":"Croatá","code_state":23,"code_region":2,"year":2020}},{"type":"Polygon","arcs":[[433,434,435,-245,436,-13]],"properties":{"code_muni":2304251,"abbrev_state":"CE","name_state":"Ceará","name_region":"Nordeste","name_muni":"Cruz","code_state":23,"code_region":2,"year":2020}},{"type":"Polygon","arcs":[[437,438,439,440,441,-23,442,443,444]],"properties":{"code_muni":2304269,"abbrev_state":"CE","name_state":"Ceará","name_region":"Nordeste","name_muni":"Deputado Irapuan Pinheiro","code_state":23,"code_region":2,"year":2020}},{"type":"Polygon","arcs":[[445,446,447]],"properties":{"code_muni":2304277,"abbrev_state":"CE","name_state":"Ceará","name_region":"Nordeste","name_muni":"Ereré","code_state":23,"code_region":2,"year":2020}},{"type":"Polygon","arcs":[[448,449,450,451,-101,452,453]],"properties":{"code_muni":2304285,"abbrev_state":"CE","name_state":"Ceará","name_region":"Nordeste","name_muni":"Eusébio","code_state":23,"code_region":2,"year":2020}},{"type":"Polygon","arcs":[[-340,454,455,-168,-59,456,457,-428,-325,458,459]],"properties":{"code_muni":2304301,"abbrev_state":"CE","name_state":"Ceará","name_region":"Nordeste","name_muni":"Farias Brito","code_state":23,"code_region":2,"year":2020}},{"type":"Polygon","arcs":[[460,461,462,463,464]],"properties":{"code_muni":2304350,"abbrev_state":"CE","name_state":"Ceará","name_region":"Nordeste","name_muni":"Forquilha","code_state":23,"code_region":2,"year":2020}},{"type":"Polygon","arcs":[[465,-380,466,467,468,469,-449,470,-111]],"properties":{"code_muni":2304400,"abbrev_state":"CE","name_state":"Ceará","name_region":"Nordeste","name_muni":"Fortaleza","code_state":23,"code_region":2,"year":2020}},{"type":"Polygon","arcs":[[471,-237,472,-112]],"properties":{"code_muni":2304459,"abbrev_state":"CE","name_state":"Ceará","name_region":"Nordeste","name_muni":"Fortim","code_state":23,"code_region":2,"year":2020}},{"type":"Polygon","arcs":[[473,474,475,476,477,-407]],"properties":{"code_muni":2304509,"abbrev_state":"CE","name_state":"Ceará","name_region":"Nordeste","name_muni":"Frecheirinha","code_state":23,"code_region":2,"year":2020}},{"type":"Polygon","arcs":[[-95,478,479,-294,480,481]],"properties":{"code_muni":2304608,"abbrev_state":"CE","name_state":"Ceará","name_region":"Nordeste","name_muni":"General Sampaio","code_state":23,"code_region":2,"year":2020}},{"type":"Polygon","arcs":[[482,483,484,485,486,487,488,489,490]],"properties":{"code_muni":2304657,"abbrev_state":"CE","name_state":"Ceará","name_region":"Nordeste","name_muni":"Graça","code_state":23,"code_region":2,"year":2020}},{"type":"Polygon","arcs":[[491,-390,492,493,494,495,496,497,498,-271]],"properties":{"code_muni":2304707,"abbrev_state":"CE","name_state":"Ceará","name_region":"Nordeste","name_muni":"Granja","code_state":23,"code_region":2,"year":2020}},{"type":"Polygon","arcs":[[499,500,-333,501,502]],"properties":{"code_muni":2304806,"abbrev_state":"CE","name_state":"Ceará","name_region":"Nordeste","name_muni":"Granjeiro","code_state":23,"code_region":2,"year":2020}},{"type":"Polygon","arcs":[[503,504,-322,505,-462]],"properties":{"code_muni":2304905,"abbrev_state":"CE","name_state":"Ceará","name_region":"Nordeste","name_muni":"Groaíras","code_state":23,"code_region":2,"year":2020}},{"type":"Polygon","arcs":[[506,507,508,509,510,511,-11,512,513,514,515,516,517]],"properties":{"code_muni":2304954,"abbrev_state":"CE","name_state":"Ceará","name_region":"Nordeste","name_muni":"Guaiúba","code_state":23,"code_region":2,"year":2020}},{"type":"Polygon","arcs":[[518,519,520,-348,521,-433,522,523,524,-487]],"properties":{"code_muni":2305001,"abbrev_state":"CE","name_state":"Ceará","name_region":"Nordeste","name_muni":"Guaraciaba do Norte","code_state":23,"code_region":2,"year":2020}},{"type":"Polygon","arcs":[[525,-307,526,527,528,-220,529]],"properties":{"code_muni":2305100,"abbrev_state":"CE","name_state":"Ceará","name_region":"Nordeste","name_muni":"Guaramiranga","code_state":23,"code_region":2,"year":2020}},{"type":"Polygon","arcs":[[530,531,532,533,534,535,536,537,-366,538,539]],"properties":{"code_muni":2305209,"abbrev_state":"CE","name_state":"Ceará","name_region":"Nordeste","name_muni":"Hidrolândia","code_state":23,"code_region":2,"year":2020}},{"type":"Polygon","arcs":[[540,541,542,-515,543,544,-105]],"properties":{"code_muni":2305233,"abbrev_state":"CE","name_state":"Ceará","name_region":"Nordeste","name_muni":"Horizonte","code_state":23,"code_region":2,"year":2020}},{"type":"Polygon","arcs":[[545,546,547,548,549,550,551,552,553,-124]],"properties":{"code_muni":2305266,"abbrev_state":"CE","name_state":"Ceará","name_region":"Nordeste","name_muni":"Ibaretama","code_state":23,"code_region":2,"year":2020}},{"type":"Polygon","arcs":[[554,555,556,557,-484,558,559]],"properties":{"code_muni":2305308,"abbrev_state":"CE","name_state":"Ceará","name_region":"Nordeste","name_muni":"Ibiapina","code_state":23,"code_region":2,"year":2020}},{"type":"Polygon","arcs":[[560,561,562,563]],"properties":{"code_muni":2305332,"abbrev_state":"CE","name_state":"Ceará","name_region":"Nordeste","name_muni":"Ibicuitinga","code_state":23,"code_region":2,"year":2020}},{"type":"Polygon","arcs":[[564,-120]],"properties":{"code_muni":2305357,"abbrev_state":"CE","name_state":"Ceará","name_region":"Nordeste","name_muni":"Icapuí","code_state":23,"code_region":2,"year":2020}},{"type":"Polygon","arcs":[[565,566,567,568,569,570,-388,571,572,573,574,575,576,577,578,579,580]],"properties":{"code_muni":2305407,"abbrev_state":"CE","name_state":"Ceará","name_region":"Nordeste","name_muni":"Icó","code_state":23,"code_region":2,"year":2020}},{"type":"Polygon","arcs":[[581,582,-37,583,584,585,-345,586,-382,587,-570,588,589,590,591]],"properties":{"code_muni":2305506,"abbrev_state":"CE","name_state":"Ceará","name_region":"Nordeste","name_muni":"Iguatu","code_state":23,"code_region":2,"year":2020}},{"type":"Polygon","arcs":[[592,-421,593,594,595,596,597,598,599,600,601,-251,602,603]],"properties":{"code_muni":2305605,"abbrev_state":"CE","name_state":"Ceará","name_region":"Nordeste","name_muni":"Independência","code_state":23,"code_region":2,"year":2020}},{"type":"Polygon","arcs":[[604,-417,605,606,607,-134]],"properties":{"code_muni":2305654,"abbrev_state":"CE","name_state":"Ceará","name_region":"Nordeste","name_muni":"Ipaporanga","code_state":23,"code_region":2,"year":2020}},{"type":"Polygon","arcs":[[608,609,-178,610,-181]],"properties":{"code_muni":2305704,"abbrev_state":"CE","name_state":"Ceará","name_region":"Nordeste","name_muni":"Ipaumirim","code_state":23,"code_region":2,"year":2020}},{"type":"Polygon","arcs":[[-524,611,-431,612,613,-533,614,615,616]],"properties":{"code_muni":2305803,"abbrev_state":"CE","name_state":"Ceará","name_region":"Nordeste","name_muni":"Ipu","code_state":23,"code_region":2,"year":2020}},{"type":"Polygon","arcs":[[-430,617,618,619,-130,620,621,622,-613]],"properties":{"code_muni":2305902,"abbrev_state":"CE","name_state":"Ceará","name_region":"Nordeste","name_muni":"Ipueiras","code_state":23,"code_region":2,"year":2020}},{"type":"Polygon","arcs":[[623,624,625,626,627,-446,628,629,-67]],"properties":{"code_muni":2306009,"abbrev_state":"CE","name_state":"Ceará","name_region":"Nordeste","name_muni":"Iracema","code_state":23,"code_region":2,"year":2020}},{"type":"Polygon","arcs":[[630,631,632,633,634,635,636,637,-281,638,639,640,641,642,643]],"properties":{"code_muni":2306108,"abbrev_state":"CE","name_state":"Ceará","name_region":"Nordeste","name_muni":"Irauçuba","code_state":23,"code_region":2,"year":2020}},{"type":"Polygon","arcs":[[644,645,-117]],"properties":{"code_muni":2306207,"abbrev_state":"CE","name_state":"Ceará","name_region":"Nordeste","name_muni":"Itaiçaba","code_state":23,"code_region":2,"year":2020}},{"type":"Polygon","arcs":[[-469,646,-517,647,-542,648,-103,649,-451,650]],"properties":{"code_muni":2306256,"abbrev_state":"CE","name_state":"Ceará","name_region":"Nordeste","name_muni":"Itaitinga","code_state":23,"code_region":2,"year":2020}},{"type":"Polygon","arcs":[[651,652,-641,653,654,655,656,-92,657,658,659,660,661,662]],"properties":{"code_muni":2306306,"abbrev_state":"CE","name_state":"Ceará","name_region":"Nordeste","name_muni":"Itapajé","code_state":23,"code_region":2,"year":2020}},{"type":"Polygon","arcs":[[-82,663,664,665,-643,666,-652,667,668,669,670,671,672]],"properties":{"code_muni":2306405,"abbrev_state":"CE","name_state":"Ceará","name_region":"Nordeste","name_muni":"Itapipoca","code_state":23,"code_region":2,"year":2020}},{"type":"Polygon","arcs":[[-289,673,-400,674,675,676,-546,677,-299,678,-144]],"properties":{"code_muni":2306504,"abbrev_state":"CE","name_state":"Ceará","name_region":"Nordeste","name_muni":"Itapiúna","code_state":23,"code_region":2,"year":2020}},{"type":"Polygon","arcs":[[-20,679,-73,680]],"properties":{"code_muni":2306553,"abbrev_state":"CE","name_state":"Ceará","name_region":"Nordeste","name_muni":"Itarema","code_state":23,"code_region":2,"year":2020}},{"type":"Polygon","arcs":[[681,682,683,-260,684,685,-285]],"properties":{"code_muni":2306603,"abbrev_state":"CE","name_state":"Ceará","name_region":"Nordeste","name_muni":"Itatira","code_state":23,"code_region":2,"year":2020}},{"type":"Polygon","arcs":[[-192,686,687,688,689,690,691,692]],"properties":{"code_muni":2306702,"abbrev_state":"CE","name_state":"Ceará","name_region":"Nordeste","name_muni":"Jaguaretama","code_state":23,"code_region":2,"year":2020}},{"type":"Polygon","arcs":[[-65,693,694,695,-691,696,697,698,-625]],"properties":{"code_muni":2306801,"abbrev_state":"CE","name_state":"Ceará","name_region":"Nordeste","name_muni":"Jaguaribara","code_state":23,"code_region":2,"year":2020}},{"type":"Polygon","arcs":[[699,-690,700,701,702,703,704,-567,705,-581,706,-579,707,708,709,710,-698]],"properties":{"code_muni":2306900,"abbrev_state":"CE","name_state":"Ceará","name_region":"Nordeste","name_muni":"Jaguaribe","code_state":23,"code_region":2,"year":2020}},{"type":"Polygon","arcs":[[-646,711,712,713,-118]],"properties":{"code_muni":2307007,"abbrev_state":"CE","name_state":"Ceará","name_region":"Nordeste","name_muni":"Jaguaruana","code_state":23,"code_region":2,"year":2020}},{"type":"Polygon","arcs":[[714,715,-202,716,717,718,719]],"properties":{"code_muni":2307106,"abbrev_state":"CE","name_state":"Ceará","name_region":"Nordeste","name_muni":"Jardim","code_state":23,"code_region":2,"year":2020}},{"type":"Polygon","arcs":[[720,721,-720,722,723,724,-268]],"properties":{"code_muni":2307205,"abbrev_state":"CE","name_state":"Ceará","name_region":"Nordeste","name_muni":"Jati","code_state":23,"code_region":2,"year":2020}},{"type":"Polygon","arcs":[[725,-273,726,-239,727,-435]],"properties":{"code_muni":2307254,"abbrev_state":"CE","name_state":"Ceará","name_region":"Nordeste","name_muni":"Jijoca de Jericoacoara","code_state":23,"code_region":2,"year":2020}},{"type":"Polygon","arcs":[[-427,728,-198,729,730,731,-327]],"properties":{"code_muni":2307304,"abbrev_state":"CE","name_state":"Ceará","name_region":"Nordeste","name_muni":"Juazeiro do Norte","code_state":23,"code_region":2,"year":2020}},{"type":"Polygon","arcs":[[732,733,734,735,-336,736,-334,737,-585,738,-35]],"properties":{"code_muni":2307403,"abbrev_state":"CE","name_state":"Ceará","name_region":"Nordeste","name_muni":"Jucás","code_state":23,"code_region":2,"year":2020}},{"type":"Polygon","arcs":[[739,740,-386,741,-503,742,743,-169,744,-609,-180,745,-574]],"properties":{"code_muni":2307502,"abbrev_state":"CE","name_state":"Ceará","name_region":"Nordeste","name_muni":"Lavras da Mangabeira","code_state":23,"code_region":2,"year":2020}},{"type":"Polygon","arcs":[[746,747,748,749,750,751,752]],"properties":{"code_muni":2307601,"abbrev_state":"CE","name_state":"Ceará","name_region":"Nordeste","name_muni":"Limoeiro do Norte","code_state":23,"code_region":2,"year":2020}},{"type":"Polygon","arcs":[[753,-685,-259,754,755,756,757,-394]],"properties":{"code_muni":2307635,"abbrev_state":"CE","name_state":"Ceará","name_region":"Nordeste","name_muni":"Madalena","code_state":23,"code_region":2,"year":2020}},{"type":"Polygon","arcs":[[758,-378,759,760,761,-468]],"properties":{"code_muni":2307650,"abbrev_state":"CE","name_state":"Ceará","name_region":"Nordeste","name_muni":"Maracanaú","code_state":23,"code_region":2,"year":2020}},{"type":"Polygon","arcs":[[-377,762,763,-301,764,765,766,767,-508,768,769,770,-760]],"properties":{"code_muni":2307700,"abbrev_state":"CE","name_state":"Ceará","name_region":"Nordeste","name_muni":"Maranguape","code_state":23,"code_region":2,"year":2020}},{"type":"Polygon","arcs":[[771,772,773,774,775,776,777,778,-242]],"properties":{"code_muni":2307809,"abbrev_state":"CE","name_state":"Ceará","name_region":"Nordeste","name_muni":"Marco","code_state":23,"code_region":2,"year":2020}},{"type":"Polygon","arcs":[[779,-498,780,781,782,783]],"properties":{"code_muni":2307908,"abbrev_state":"CE","name_state":"Ceará","name_region":"Nordeste","name_muni":"Martinópole","code_state":23,"code_region":2,"year":2020}},{"type":"Polygon","arcs":[[784,785,786,-50,787,788,789,790,791]],"properties":{"code_muni":2308005,"abbrev_state":"CE","name_state":"Ceará","name_region":"Nordeste","name_muni":"Massapê","code_state":23,"code_region":2,"year":2020}},{"type":"Polygon","arcs":[[-212,792,793,794,795]],"properties":{"code_muni":2308104,"abbrev_state":"CE","name_state":"Ceará","name_region":"Nordeste","name_muni":"Mauriti","code_state":23,"code_region":2,"year":2020}},{"type":"Polygon","arcs":[[796,-57,797,798,799,-789]],"properties":{"code_muni":2308203,"abbrev_state":"CE","name_state":"Ceará","name_region":"Nordeste","name_muni":"Meruoca","code_state":23,"code_region":2,"year":2020}},{"type":"Polygon","arcs":[[-174,800,801,802,803,-1,804,805,-794,806,-210,807]],"properties":{"code_muni":2308302,"abbrev_state":"CE","name_state":"Ceará","name_region":"Nordeste","name_muni":"Milagres","code_state":23,"code_region":2,"year":2020}},{"type":"Polygon","arcs":[[-189,808,809,810,811,812,813,814,-445,815]],"properties":{"code_muni":2308351,"abbrev_state":"CE","name_state":"Ceará","name_region":"Nordeste","name_muni":"Milhã","code_state":23,"code_region":2,"year":2020}},{"type":"Polygon","arcs":[[-80,816,817,818,819,820,-631,821,-665,822]],"properties":{"code_muni":2308377,"abbrev_state":"CE","name_state":"Ceará","name_region":"Nordeste","name_muni":"Miraíma","code_state":23,"code_region":2,"year":2020}},{"type":"Polygon","arcs":[[823,-329,824,-731,825,-204,826,827,-264,828,-3,829,-803,830,-801,-173]],"properties":{"code_muni":2308401,"abbrev_state":"CE","name_state":"Ceará","name_region":"Nordeste","name_muni":"Missão Velha","code_state":23,"code_region":2,"year":2020}},{"type":"Polygon","arcs":[[831,832,833,-160,834,-27,835,836,837,838,839,840]],"properties":{"code_muni":2308500,"abbrev_state":"CE","name_state":"Ceará","name_region":"Nordeste","name_muni":"Mombaça","code_state":23,"code_region":2,"year":2020}},{"type":"Polygon","arcs":[[841,-369,842,-249,843]],"properties":{"code_muni":2308609,"abbrev_state":"CE","name_state":"Ceará","name_region":"Nordeste","name_muni":"Monsenhor Tabosa","code_state":23,"code_region":2,"year":2020}},{"type":"Polygon","arcs":[[844,845,846,847,848,-551,849,-564,850,851,852,-193,-693,853,-695,854,-63,855,-747,856,857]],"properties":{"code_muni":2308708,"abbrev_state":"CE","name_state":"Ceará","name_region":"Nordeste","name_muni":"Morada Nova","code_state":23,"code_region":2,"year":2020}},{"type":"Polygon","arcs":[[858,-404,859,-51,-787,860,861,862,863]],"properties":{"code_muni":2308807,"abbrev_state":"CE","name_state":"Ceará","name_region":"Nordeste","name_muni":"Moraújo","code_state":23,"code_region":2,"year":2020}},{"type":"Polygon","arcs":[[-777,864,-775,865,866,867,-76,868]],"properties":{"code_muni":2308906,"abbrev_state":"CE","name_state":"Ceará","name_region":"Nordeste","name_muni":"Morrinhos","code_state":23,"code_region":2,"year":2020}},{"type":"Polygon","arcs":[[869,-411,870,871,872,-560,873,-491,874,875,876,-315,877,878]],"properties":{"code_muni":2309003,"abbrev_state":"CE","name_state":"Ceará","name_region":"Nordeste","name_muni":"Mucambo","code_state":23,"code_region":2,"year":2020}},{"type":"Polygon","arcs":[[879,-305,-149,880,-222,881,-528]],"properties":{"code_muni":2309102,"abbrev_state":"CE","name_state":"Ceará","name_region":"Nordeste","name_muni":"Mulungu","code_state":23,"code_region":2,"year":2020}},{"type":"Polygon","arcs":[[-61,882,883,-424,884,-457]],"properties":{"code_muni":2309201,"abbrev_state":"CE","name_state":"Ceará","name_region":"Nordeste","name_muni":"Nova Olinda","code_state":23,"code_region":2,"year":2020}},{"type":"Polygon","arcs":[[885,-535,-622,886,-136,887,-607,888]],"properties":{"code_muni":2309300,"abbrev_state":"CE","name_state":"Ceará","name_region":"Nordeste","name_muni":"Nova Russas","code_state":23,"code_region":2,"year":2020}},{"type":"Polygon","arcs":[[-420,889,890,891,892,-596,893,-594]],"properties":{"code_muni":2309409,"abbrev_state":"CE","name_state":"Ceará","name_region":"Nordeste","name_muni":"Novo Oriente","code_state":23,"code_region":2,"year":2020}},{"type":"Polygon","arcs":[[-126,894,-553,895,-848,896,-846,897,898,-358,899,-402]],"properties":{"code_muni":2309458,"abbrev_state":"CE","name_state":"Ceará","name_region":"Nordeste","name_muni":"Ocara","code_state":23,"code_region":2,"year":2020}},{"type":"Polygon","arcs":[[900,-589,-569,901,-704]],"properties":{"code_muni":2309508,"abbrev_state":"CE","name_state":"Ceará","name_region":"Nordeste","name_muni":"Orós","code_state":23,"code_region":2,"year":2020}},{"type":"Polygon","arcs":[[-514,902,-9,-401,903,-544]],"properties":{"code_muni":2309607,"abbrev_state":"CE","name_state":"Ceará","name_region":"Nordeste","name_muni":"Pacajus","code_state":23,"code_region":2,"year":2020}},{"type":"Polygon","arcs":[[-762,904,-770,905,-518,-647]],"properties":{"code_muni":2309706,"abbrev_state":"CE","name_state":"Ceará","name_region":"Nordeste","name_muni":"Pacatuba","code_state":23,"code_region":2,"year":2020}},{"type":"Polygon","arcs":[[906,-530,-219,907,908,909,910,911,912,-309]],"properties":{"code_muni":2309805,"abbrev_state":"CE","name_state":"Ceará","name_region":"Nordeste","name_muni":"Pacoti","code_state":23,"code_region":2,"year":2020}},{"type":"Polygon","arcs":[[913,-876,914,-489,915,916,-317]],"properties":{"code_muni":2309904,"abbrev_state":"CE","name_state":"Ceará","name_region":"Nordeste","name_muni":"Pacujá","code_state":23,"code_region":2,"year":2020}},{"type":"Polygon","arcs":[[917,-234,918,919,920,921,922,-712,-645,-116]],"properties":{"code_muni":2310001,"abbrev_state":"CE","name_state":"Ceará","name_region":"Nordeste","name_muni":"Palhano","code_state":23,"code_region":2,"year":2020}},{"type":"Polygon","arcs":[[923,924,-311,925,-912,926,-910,927,928,-510,929,-767]],"properties":{"code_muni":2310100,"abbrev_state":"CE","name_state":"Ceará","name_region":"Nordeste","name_muni":"Palmácia","code_state":23,"code_region":2,"year":2020}},{"type":"Polygon","arcs":[[930,931,932]],"properties":{"code_muni":2310209,"abbrev_state":"CE","name_state":"Ceará","name_region":"Nordeste","name_muni":"Paracuru","code_state":23,"code_region":2,"year":2020}},{"type":"Polygon","arcs":[[933,934,935,936,-932]],"properties":{"code_muni":2310258,"abbrev_state":"CE","name_state":"Ceará","name_region":"Nordeste","name_muni":"Paraipaba","code_state":23,"code_region":2,"year":2020}},{"type":"Polygon","arcs":[[937,938,-41,939,-39,-155,940,941]],"properties":{"code_muni":2310308,"abbrev_state":"CE","name_state":"Ceará","name_region":"Nordeste","name_muni":"Parambu","code_state":23,"code_region":2,"year":2020}},{"type":"Polygon","arcs":[[942,-96,-482,943,-292,944,-303]],"properties":{"code_muni":2310407,"abbrev_state":"CE","name_state":"Ceará","name_region":"Nordeste","name_muni":"Paramoti","code_state":23,"code_region":2,"year":2020}},{"type":"Polygon","arcs":[[945,-601,946,947,948,-841,949,950,951,952,953,-255,954,-253]],"properties":{"code_muni":2310506,"abbrev_state":"CE","name_state":"Ceará","name_region":"Nordeste","name_muni":"Pedra Branca","code_state":23,"code_region":2,"year":2020}},{"type":"Polygon","arcs":[[-724,955,-718,956]],"properties":{"code_muni":2310605,"abbrev_state":"CE","name_state":"Ceará","name_region":"Nordeste","name_muni":"Penaforte","code_state":23,"code_region":2,"year":2020}},{"type":"Polygon","arcs":[[957,958,959,960,961,-658,-98,962,-302,-764,963,-375,964]],"properties":{"code_muni":2310704,"abbrev_state":"CE","name_state":"Ceará","name_region":"Nordeste","name_muni":"Pentecoste","code_state":23,"code_region":2,"year":2020}},{"type":"Polygon","arcs":[[965,-709,966,-577,967,-447,-628]],"properties":{"code_muni":2310803,"abbrev_state":"CE","name_state":"Ceará","name_region":"Nordeste","name_muni":"Pereiro","code_state":23,"code_region":2,"year":2020}},{"type":"Polygon","arcs":[[-354,968,969,-107]],"properties":{"code_muni":2310852,"abbrev_state":"CE","name_state":"Ceará","name_region":"Nordeste","name_muni":"Pindoretama","code_state":23,"code_region":2,"year":2020}},{"type":"Polygon","arcs":[[-837,970,-25,971,-441,972,973,974]],"properties":{"code_muni":2310902,"abbrev_state":"CE","name_state":"Ceará","name_region":"Nordeste","name_muni":"Piquet Carneiro","code_state":23,"code_region":2,"year":2020}},{"type":"Polygon","arcs":[[975,976,-615,-532,977,978,979,980]],"properties":{"code_muni":2310951,"abbrev_state":"CE","name_state":"Ceará","name_region":"Nordeste","name_muni":"Pires Ferreira","code_state":23,"code_region":2,"year":2020}},{"type":"Polygon","arcs":[[981,-418,-605,-133,982,983,-619]],"properties":{"code_muni":2311009,"abbrev_state":"CE","name_state":"Ceará","name_region":"Nordeste","name_muni":"Poranga","code_state":23,"code_region":2,"year":2020}},{"type":"Polygon","arcs":[[-265,-828,-715,-722,984,985]],"properties":{"code_muni":2311108,"abbrev_state":"CE","name_state":"Ceará","name_region":"Nordeste","name_muni":"Porteiras","code_state":23,"code_region":2,"year":2020}},{"type":"Polygon","arcs":[[986,-277,987,988,989,-140,990,-166]],"properties":{"code_muni":2311207,"abbrev_state":"CE","name_state":"Ceará","name_region":"Nordeste","name_muni":"Potengi","code_state":23,"code_region":2,"year":2020}},{"type":"Polygon","arcs":[[991,-629,992,-69]],"properties":{"code_muni":2311231,"abbrev_state":"CE","name_state":"Ceará","name_region":"Nordeste","name_muni":"Potiretama","code_state":23,"code_region":2,"year":2020}},{"type":"Polygon","arcs":[[-891,993,-938,994,995,-597,-893,996]],"properties":{"code_muni":2311264,"abbrev_state":"CE","name_state":"Ceará","name_region":"Nordeste","name_muni":"Quiterianópolis","code_state":23,"code_region":2,"year":2020}},{"type":"Polygon","arcs":[[-676,997,-398,998,999,1000,-185,1001,-197,1002,-195,1003,-852,1004,-562,1005,-550,1006,-548,1007]],"properties":{"code_muni":2311306,"abbrev_state":"CE","name_state":"Ceará","name_region":"Nordeste","name_muni":"Quixadá","code_state":23,"code_region":2,"year":2020}},{"type":"Polygon","arcs":[[-38,-583,1008,-592,1009,-590,-901,1010,1011]],"properties":{"code_muni":2311355,"abbrev_state":"CE","name_state":"Ceará","name_region":"Nordeste","name_muni":"Quixelô","code_state":23,"code_region":2,"year":2020}},{"type":"Polygon","arcs":[[1012,-756,1013,-257,1014,-953,1015,1016,1017,-812,1018,-810,1019,-187,1020,-1000,1021,-396,1022]],"properties":{"code_muni":2311405,"abbrev_state":"CE","name_state":"Ceará","name_region":"Nordeste","name_muni":"Quixeramobim","code_state":23,"code_region":2,"year":2020}},{"type":"Polygon","arcs":[[1023,1024,-751,1025]],"properties":{"code_muni":2311504,"abbrev_state":"CE","name_state":"Ceará","name_region":"Nordeste","name_muni":"Quixeré","code_state":23,"code_region":2,"year":2020}},{"type":"Polygon","arcs":[[-928,-909,1026,-226,1027,-128,-207,1028,-6,-512,1029]],"properties":{"code_muni":2311603,"abbrev_state":"CE","name_state":"Ceará","name_region":"Nordeste","name_muni":"Redenção","code_state":23,"code_region":2,"year":2020}},{"type":"Polygon","arcs":[[1030,-916,-488,-525,-617,1031,1032,1033,-319]],"properties":{"code_muni":2311702,"abbrev_state":"CE","name_state":"Ceará","name_region":"Nordeste","name_muni":"Reriutaba","code_state":23,"code_region":2,"year":2020}},{"type":"Polygon","arcs":[[1034,1035,-232,1036,-857,-753,1037,-1024,-713,-923,1038,-921]],"properties":{"code_muni":2311801,"abbrev_state":"CE","name_state":"Ceará","name_region":"Nordeste","name_muni":"Russas","code_state":23,"code_region":2,"year":2020}},{"type":"Polygon","arcs":[[1039,-362,1040,-47,1041,-91,1042,1043,-734,1044,-33]],"properties":{"code_muni":2311900,"abbrev_state":"CE","name_state":"Ceará","name_region":"Nordeste","name_muni":"Saboeiro","code_state":23,"code_region":2,"year":2020}},{"type":"Polygon","arcs":[[-275,1045,-137,1046,-989,1047]],"properties":{"code_muni":2311959,"abbrev_state":"CE","name_state":"Ceará","name_region":"Nordeste","name_muni":"Salitre","code_state":23,"code_region":2,"year":2020}},{"type":"Polygon","arcs":[[1048,-792,1049,1050,1051,-818,1052,-78,1053,-867]],"properties":{"code_muni":2312007,"abbrev_state":"CE","name_state":"Ceará","name_region":"Nordeste","name_muni":"Santana do Acaraú","code_state":23,"code_region":2,"year":2020}},{"type":"Polygon","arcs":[[-167,-991,-139,1054,-883]],"properties":{"code_muni":2312106,"abbrev_state":"CE","name_state":"Ceará","name_region":"Nordeste","name_muni":"Santana do Cariri","code_state":23,"code_region":2,"year":2020}},{"type":"Polygon","arcs":[[1055,1056,-463,-506,-321,1057,1058,1059,-979,1060,-540,1061,-364,1062,-370,-842,1063,-247,1064,-683,1065,-283,1066,-637,1067]],"properties":{"code_muni":2312205,"abbrev_state":"CE","name_state":"Ceará","name_region":"Nordeste","name_muni":"Santa Quitéria","code_state":23,"code_region":2,"year":2020}},{"type":"Polygon","arcs":[[1068,-350,1069,-520,1070,-485,-558]],"properties":{"code_muni":2312304,"abbrev_state":"CE","name_state":"Ceará","name_region":"Nordeste","name_muni":"São Benedito","code_state":23,"code_region":2,"year":2020}},{"type":"Polygon","arcs":[[1071,-933,-937,1072,1073,1074,1075,-958,1076,-373]],"properties":{"code_muni":2312403,"abbrev_state":"CE","name_state":"Ceará","name_region":"Nordeste","name_muni":"São Gonçalo do Amarante","code_state":23,"code_region":2,"year":2020}},{"type":"Polygon","arcs":[[1077,-856,-62,1078]],"properties":{"code_muni":2312502,"abbrev_state":"CE","name_state":"Ceará","name_region":"Nordeste","name_muni":"São João do Jaguaribe","code_state":23,"code_region":2,"year":2020}},{"type":"Polygon","arcs":[[1079,1080,-960,1081,-1075]],"properties":{"code_muni":2312601,"abbrev_state":"CE","name_state":"Ceará","name_region":"Nordeste","name_muni":"São Luís do Curu","code_state":23,"code_region":2,"year":2020}},{"type":"Polygon","arcs":[[1082,-951,1083,-839,1084,-974,1085,-439,1086,-814,1087,-1017]],"properties":{"code_muni":2312700,"abbrev_state":"CE","name_state":"Ceará","name_region":"Nordeste","name_muni":"Senador Pompeu","code_state":23,"code_region":2,"year":2020}},{"type":"Polygon","arcs":[[1088,-784,1089,1090,1091,-862,1092,-785,1093,-773]],"properties":{"code_muni":2312809,"abbrev_state":"CE","name_state":"Ceará","name_region":"Nordeste","name_muni":"Senador Sá","code_state":23,"code_region":2,"year":2020}},{"type":"Polygon","arcs":[[1094,-790,-800,1095,1096,-55,1097,-413,1098,-879,1099,-313,-505,1100,-465,1101,-1056,1102,-635,1103,-633,1104,-820,1105,-1051]],"properties":{"code_muni":2312908,"abbrev_state":"CE","name_state":"Ceará","name_region":"Nordeste","name_muni":"Sobral","code_state":23,"code_region":2,"year":2020}},{"type":"Polygon","arcs":[[-816,-444,1106,-21,-1012,1107,-702,1108,-688,1109,-190]],"properties":{"code_muni":2313005,"abbrev_state":"CE","name_state":"Ceará","name_region":"Nordeste","name_muni":"Solonópole","code_state":23,"code_region":2,"year":2020}},{"type":"Polygon","arcs":[[1110,-1079,-71,1111,-749]],"properties":{"code_muni":2313104,"abbrev_state":"CE","name_state":"Ceará","name_region":"Nordeste","name_muni":"Tabuleiro do Norte","code_state":23,"code_region":2,"year":2020}},{"type":"Polygon","arcs":[[1112,-889,-606,-416,1113,-604,1114,-843,-368,1115,-537]],"properties":{"code_muni":2313203,"abbrev_state":"CE","name_state":"Ceará","name_region":"Nordeste","name_muni":"Tamboril","code_state":23,"code_region":2,"year":2020}},{"type":"Polygon","arcs":[[-735,-1044,1116,-89,1117,-161,-456,1118,-338,1119]],"properties":{"code_muni":2313252,"abbrev_state":"CE","name_state":"Ceará","name_region":"Nordeste","name_muni":"Tarrafas","code_state":23,"code_region":2,"year":2020}},{"type":"Polygon","arcs":[[1120,-599,1121,-995,-942,1122,-153,1123,-151,1124,-833,1125,-948]],"properties":{"code_muni":2313302,"abbrev_state":"CE","name_state":"Ceará","name_region":"Nordeste","name_muni":"Tauá","code_state":23,"code_region":2,"year":2020}},{"type":"Polygon","arcs":[[1126,-655,1127,-639,-295,-480,1128,-93,-657]],"properties":{"code_muni":2313351,"abbrev_state":"CE","name_state":"Ceará","name_region":"Nordeste","name_muni":"Tejuçuoca","code_state":23,"code_region":2,"year":2020}},{"type":"Polygon","arcs":[[-859,-495,1129,1130,1131,1132,-475,1133,-405]],"properties":{"code_muni":2313401,"abbrev_state":"CE","name_state":"Ceará","name_region":"Nordeste","name_muni":"Tianguá","code_state":23,"code_region":2,"year":2020}},{"type":"Polygon","arcs":[[1134,-672,1135,1136,1137,-1074,1138,-935]],"properties":{"code_muni":2313500,"abbrev_state":"CE","name_state":"Ceará","name_region":"Nordeste","name_muni":"Trairi","code_state":23,"code_region":2,"year":2020}},{"type":"Polygon","arcs":[[1139,-670,1140,1141,1142,-1137]],"properties":{"code_muni":2313559,"abbrev_state":"CE","name_state":"Ceará","name_region":"Nordeste","name_muni":"Tururu","code_state":23,"code_region":2,"year":2020}},{"type":"Polygon","arcs":[[1143,-1132,1144,-556,1145,-872,1146,-409,1147,-477]],"properties":{"code_muni":2313609,"abbrev_state":"CE","name_state":"Ceará","name_region":"Nordeste","name_muni":"Ubajara","code_state":23,"code_region":2,"year":2020}},{"type":"Polygon","arcs":[[1148,-575,-746,-183]],"properties":{"code_muni":2313708,"abbrev_state":"CE","name_state":"Ceará","name_region":"Nordeste","name_muni":"Umari","code_state":23,"code_region":2,"year":2020}},{"type":"Polygon","arcs":[[1149,-1143,1150,1151,-660,1152,-961,1153,-1080]],"properties":{"code_muni":2313757,"abbrev_state":"CE","name_state":"Ceará","name_region":"Nordeste","name_muni":"Umirim","code_state":23,"code_region":2,"year":2020}},{"type":"Polygon","arcs":[[-1141,-669,1154,-662,1155,1156]],"properties":{"code_muni":2313807,"abbrev_state":"CE","name_state":"Ceará","name_region":"Nordeste","name_muni":"Uruburetama","code_state":23,"code_region":2,"year":2020}},{"type":"Polygon","arcs":[[-496,-864,1157,-1091,1158,-782,1159]],"properties":{"code_muni":2313906,"abbrev_state":"CE","name_state":"Ceará","name_region":"Nordeste","name_muni":"Uruoca","code_state":23,"code_region":2,"year":2020}},{"type":"Polygon","arcs":[[1160,-1034,1161,-981,1162,-1059]],"properties":{"code_muni":2313955,"abbrev_state":"CE","name_state":"Ceará","name_region":"Nordeste","name_muni":"Varjota","code_state":23,"code_region":2,"year":2020}},{"type":"Polygon","arcs":[[-342,1163,-459,-324,1164,-500,-742,-385,1165]],"properties":{"code_muni":2314003,"abbrev_state":"CE","name_state":"Ceará","name_region":"Nordeste","name_muni":"Várzea Alegre","code_state":23,"code_region":2,"year":2020}},{"type":"Polygon","arcs":[[-494,1166,-1130]],"properties":{"code_muni":2314102,"abbrev_state":"CE","name_state":"Ceará","name_region":"Nordeste","name_muni":"Viçosa do Ceará","code_state":23,"code_region":2,"year":2020}}]}},"arcs":[[[-38.969878,-7.4273003],[-38.9665585,-7.4098828],[-38.9619595,-7.3959093],[-38.9739652,-7.3795539],[-38.9868482,-7.333537],[-39.0004692,-7.3084665],[-39.0495431,-7.2916203],[-39.0672744,-7.2800077],[-39.0716885,-7.2734803],[-39.0855723,-7.2656946],[-39.091809,-7.2597091]],[[-39.091809,-7.2597091],[-39.089774,-7.265385]],[[-39.089774,-7.265385],[-39.0811505,-7.3012044],[-39.0996446,-7.3223258],[-39.1020794,-7.3403923],[-39.0857249,-7.404154]],[[-39.0857249,-7.404154],[-39.0781998,-7.4220341]],[[-39.0781998,-7.4220341],[-38.969878,-7.4273003]],[[-38.7175178,-4.1871752],[-38.7116715,-4.2343837],[-38.7069492,-4.247796],[-38.7206807,-4.2799465],[-38.7170765,-4.2905147],[-38.7093717,-4.2901946],[-38.6836651,-4.2780768]],[[-38.6836651,-4.2780768],[-38.6868976,-4.2870651]],[[-38.6868976,-4.2870651],[-38.6801751,-4.28642],[-38.6523744,-4.2461991],[-38.6262333,-4.2484166],[-38.6122026,-4.22604],[-38.570474,-4.2354845]],[[-38.570474,-4.2354845],[-38.6144394,-4.1829202],[-38.61929,-4.1702164]],[[-38.61929,-4.1702164],[-38.6235057,-4.1656745]],[[-38.6235057,-4.1656745],[-38.6263178,-4.1635336],[-38.6411484,-4.158095],[-38.6510767,-4.1599545],[-38.665452,-4.1596735],[-38.6850704,-4.1698033],[-38.6974073,-4.1716648],[-38.7043176,-4.1806083],[-38.7090298,-4.186101],[-38.7175178,-4.1871752]],[[-39.9424209,-2.8663561],[-39.9709066,-2.8484704],[-40.0580006,-2.8342091],[-40.0735818,-2.8361996],[-40.1262327,-2.8235415],[-40.1437771,-2.840177],[-40.1577073,-2.8351065],[-40.1853339,-2.8116806],[-40.268817,-2.8100756],[-40.3405496,-2.8062155],[-40.3701521,-2.812123]],[[-40.3701521,-2.812123],[-40.3612925,-2.8668082],[-40.3243812,-2.8612671],[-40.2892949,-2.8762189],[-40.2723791,-2.8699468],[-40.1959351,-2.8731318],[-40.1818167,-2.8693897],[-40.1510148,-2.884204],[-40.152933,-2.9116309],[-40.1697455,-2.9306738]],[[-40.1697455,-2.9306738],[-40.1707952,-2.966967]],[[-40.1707952,-2.966967],[-40.1693819,-2.9895795],[-40.1553745,-2.9928122],[-40.1587638,-3.0169047],[-40.1506265,-3.0405664],[-40.1215665,-3.0349948],[-40.110474,-3.0559472],[-40.0826752,-3.0849641],[-40.083848,-3.1153592]],[[-40.083848,-3.1153592],[-40.0735364,-3.1229317]],[[-40.0735364,-3.1229317],[-39.9342244,-3.3157239]],[[-39.9342244,-3.3157239],[-39.9293954,-3.3141995],[-39.9274969,-3.3044967],[-39.9120097,-3.2877186],[-39.9086732,-3.2796097],[-39.9107557,-3.2762362]],[[-39.9107557,-3.2762362],[-39.9075467,-3.2736106]],[[-39.9075467,-3.2736106],[-39.9249736,-3.2663411],[-39.9411408,-3.2469191],[-39.9655775,-3.2394425],[-39.9899766,-3.2152327],[-39.9960293,-3.1867662],[-39.9889717,-3.1611086],[-39.9940532,-3.1339513],[-39.9906252,-3.0951106],[-39.9723987,-3.0740885],[-39.9835861,-3.0176262],[-39.9740686,-3.0010039],[-39.9666806,-2.9321192],[-39.9424209,-2.8663561]],[[-39.0507418,-6.0253532],[-39.0600694,-6.0033039],[-39.112639,-5.9771011],[-39.130624,-5.9835752],[-39.145208,-5.9579514],[-39.1661751,-5.9627354]],[[-39.1661751,-5.9627354],[-39.1698739,-5.9602333]],[[-39.1698739,-5.9602333],[-39.1976661,-5.9569373],[-39.2043293,-5.9880877],[-39.2658286,-5.9971744],[-39.2808376,-6.0051819],[-39.3064873,-5.9936906],[-39.3194605,-6.0067619],[-39.3558419,-5.9900013],[-39.3665681,-5.9911512],[-39.3671852,-5.9872672]],[[-39.3671852,-5.9872672],[-39.3633329,-5.9808534]],[[-39.3633329,-5.9808534],[-39.3818123,-5.9736212],[-39.412951,-5.9764374],[-39.4152992,-5.9856389],[-39.4309285,-5.9845606],[-39.4653747,-5.9808353],[-39.4813051,-5.9879731],[-39.5000138,-5.9802323],[-39.5357125,-5.9797876],[-39.5501022,-6.0116588],[-39.5583492,-6.01174],[-39.5631014,-5.9953303],[-39.5675161,-5.975195]],[[-39.5675161,-5.975195],[-39.5715594,-5.9613935]],[[-39.5715594,-5.9613935],[-39.5969002,-5.9766546],[-39.6157669,-5.9791676],[-39.6522985,-5.96637],[-39.6701918,-5.994468],[-39.6746623,-6.0222031],[-39.704214,-6.004401],[-39.7208786,-6.0058057],[-39.7299554,-6.0205797],[-39.7450481,-6.0052818],[-39.7686986,-6.0075886],[-39.7903891,-6.0210481],[-39.8131071,-6.0120878],[-39.8268654,-6.0272661],[-39.8255499,-6.0416594],[-39.8532032,-6.06387],[-39.8635505,-6.0809963],[-39.8767674,-6.0862937],[-39.875713,-6.0908452]],[[-39.875713,-6.0908452],[-39.8900051,-6.1001172]],[[-39.8900051,-6.1001172],[-39.8888937,-6.1052932]],[[-39.8888937,-6.1052932],[-39.8880837,-6.1143769]],[[-39.8880837,-6.1143769],[-39.8641077,-6.1243534],[-39.851381,-6.1140157],[-39.8397393,-6.1311125],[-39.8026442,-6.1375934],[-39.7932978,-6.1573637],[-39.7993161,-6.1898385],[-39.7942352,-6.1961733],[-39.7973072,-6.2075388]],[[-39.7973072,-6.2075388],[-39.7875805,-6.2060979],[-39.7828561,-6.2073876]],[[-39.7828561,-6.2073876],[-39.7689796,-6.2052321],[-39.7600614,-6.2401992],[-39.7341051,-6.2123102],[-39.7297584,-6.2078647],[-39.7181356,-6.2077011],[-39.7154145,-6.2195839],[-39.7177134,-6.2217827],[-39.726555,-6.2367852],[-39.7344559,-6.2452998],[-39.7201577,-6.2727609],[-39.7089062,-6.3403965]],[[-39.7089062,-6.3403965],[-39.7000018,-6.3283065]],[[-39.7000018,-6.3283065],[-39.6802745,-6.3372562],[-39.6519975,-6.3373545],[-39.6257662,-6.3191025],[-39.6170105,-6.3208973],[-39.6105832,-6.3210725],[-39.5897956,-6.3072936],[-39.5861997,-6.3116361],[-39.5719989,-6.3209261],[-39.5509013,-6.3235853],[-39.5242306,-6.3295403],[-39.5248669,-6.3345375],[-39.5170281,-6.3339433],[-39.4911093,-6.3256794],[-39.4742157,-6.3373528],[-39.4594781,-6.3248263]],[[-39.4594781,-6.3248263],[-39.4638612,-6.2803854]],[[-39.4638612,-6.2803854],[-39.4146335,-6.2591705],[-39.4170626,-6.2457156],[-39.3906233,-6.2219668],[-39.3749392,-6.2167475],[-39.3567744,-6.2257183],[-39.3077218,-6.1745663]],[[-39.3077218,-6.1745663],[-39.2597083,-6.1283745],[-39.1417054,-6.1544054],[-39.0900042,-6.0936709],[-39.0737735,-6.051559],[-39.0536723,-6.0434034],[-39.0507418,-6.0253532]],[[-40.3274069,-6.401871],[-40.3349688,-6.4063432],[-40.3446374,-6.4096492],[-40.3591779,-6.4244394],[-40.3664547,-6.4344544],[-40.3690245,-6.4510866],[-40.3909474,-6.4744506],[-40.4239742,-6.4854736]],[[-40.4239742,-6.4854736],[-40.4424034,-6.4898573],[-40.4475375,-6.4950784],[-40.4485088,-6.5016503],[-40.4476532,-6.5072162]],[[-40.4476532,-6.5072162],[-40.4566351,-6.5270701],[-40.483236,-6.5282301],[-40.5275419,-6.5379875],[-40.5528254,-6.5499998],[-40.5784073,-6.5488217],[-40.5982288,-6.594522],[-40.6157367,-6.6054031],[-40.644176,-6.6058481],[-40.6699963,-6.6140448],[-40.6763031,-6.6005236]],[[-40.6763031,-6.6005236],[-40.7362276,-6.5999343],[-40.7319661,-6.6086542],[-40.7218947,-6.6185558],[-40.7322401,-6.6535854],[-40.7101828,-6.6761295],[-40.6491396,-6.6788294],[-40.6324189,-6.6989038],[-40.6022071,-6.7160118],[-40.5589699,-6.720807],[-40.5173877,-6.7304949],[-40.4769263,-6.7328317],[-40.4597267,-6.7542375],[-40.4520295,-6.7837755],[-40.4321666,-6.8129776],[-40.4168356,-6.812533],[-40.3887903,-6.7969987],[-40.3639936,-6.8068296]],[[-40.3639936,-6.8068296],[-40.3564941,-6.8070403],[-40.3512585,-6.8076913],[-40.3429689,-6.802433],[-40.31842,-6.8006316],[-40.3103681,-6.7861728],[-40.3077586,-6.7861675],[-40.3009428,-6.7995743],[-40.2649552,-6.7966552],[-40.2420845,-6.7767853],[-40.2031268,-6.7742822],[-40.1781202,-6.7612357],[-40.168392,-6.7918167],[-40.1499154,-6.7844711],[-40.1330362,-6.8106018]],[[-40.1330362,-6.8106018],[-40.1401971,-6.8178217]],[[-40.1401971,-6.8178217],[-40.1140018,-6.8175347],[-40.1079312,-6.8043322],[-40.0735885,-6.7926287],[-40.066472,-6.7863539],[-40.0693467,-6.7711439],[-40.0448596,-6.7531057],[-40.0098478,-6.7100093],[-39.9994069,-6.7031243]],[[-39.9994069,-6.7031243],[-40.0165924,-6.6722173]],[[-40.0165924,-6.6722173],[-40.0390292,-6.6725225],[-40.0465965,-6.6824095],[-40.0516856,-6.679678],[-40.0485222,-6.6742019],[-40.0507097,-6.6611025],[-40.0379076,-6.6420354],[-40.0544573,-6.6262609],[-40.0548075,-6.6113376],[-40.0303438,-6.595833],[-40.0260796,-6.5817159],[-40.0348503,-6.5584417],[-40.0326847,-6.54033],[-40.0522508,-6.5212259],[-40.0590206,-6.5003106],[-40.0423696,-6.4257091],[-40.0614587,-6.4175208],[-40.0761913,-6.3999772],[-40.082638,-6.3719493]],[[-40.082638,-6.3719493],[-40.0983592,-6.358682]],[[-40.0983592,-6.358682],[-40.1129836,-6.3488373],[-40.1268341,-6.3517531],[-40.1390077,-6.3527414],[-40.1452079,-6.3557231],[-40.1514375,-6.3605144],[-40.1865703,-6.3647495],[-40.2058148,-6.3808694],[-40.225869,-6.3874206],[-40.2502692,-6.3802552],[-40.2609996,-6.3862353],[-40.2717797,-6.3880513],[-40.2812365,-6.383901],[-40.3082823,-6.3971966],[-40.3122268,-6.402452],[-40.3129337,-6.3982507],[-40.3274069,-6.401871]],[[-40.5217423,-3.5124458],[-40.540786,-3.5223205]],[[-40.540786,-3.5223205],[-40.5474893,-3.5285487]],[[-40.5474893,-3.5285487],[-40.5489858,-3.5370752],[-40.5561678,-3.5390726],[-40.5669756,-3.5487843]],[[-40.5669756,-3.5487843],[-40.5719255,-3.5575653],[-40.5776814,-3.5665762],[-40.5994472,-3.5727115],[-40.6078669,-3.5911],[-40.6038207,-3.60578],[-40.6142591,-3.609405],[-40.5880491,-3.637656],[-40.5803211,-3.6369616],[-40.5734562,-3.6449535]],[[-40.5734562,-3.6449535],[-40.5432416,-3.6553463]],[[-40.5432416,-3.6553463],[-40.512525,-3.6431283],[-40.4917315,-3.6354768],[-40.4942314,-3.6347009]],[[-40.4942314,-3.6347009],[-40.5002802,-3.6271148]],[[-40.5002802,-3.6271148],[-40.5045428,-3.6240955],[-40.4979407,-3.604674],[-40.4813218,-3.5957675],[-40.4985239,-3.5775767],[-40.476463,-3.557619],[-40.5218008,-3.5450254],[-40.5149458,-3.5322201]],[[-40.5149458,-3.5322201],[-40.5217423,-3.5124458]],[[-39.6806289,-7.0161477],[-39.6595637,-7.0071265],[-39.6580894,-6.9932527],[-39.6363921,-6.9834384],[-39.6212939,-6.9603589],[-39.6399331,-6.9455832]],[[-39.6399331,-6.9455832],[-39.6933466,-6.9672351],[-39.7023191,-6.9543346],[-39.7453861,-6.9796108],[-39.7581827,-6.9932165],[-39.8001637,-7.0113093],[-39.7474521,-7.0224802]],[[-39.7474521,-7.0224802],[-39.7590667,-7.0133439],[-39.7165684,-7.0022183],[-39.6806289,-7.0161477]],[[-38.1585493,-5.357813],[-38.2315332,-5.3942445],[-38.2599459,-5.3945125],[-38.2607122,-5.4104572],[-38.3136625,-5.3834202],[-38.3218574,-5.3971041],[-38.3413075,-5.4035487],[-38.3944479,-5.3629531]],[[-38.3944479,-5.3629531],[-38.3960196,-5.3706288]],[[-38.3960196,-5.3706288],[-38.4128797,-5.3742849]],[[-38.4128797,-5.3742849],[-38.4244728,-5.3908852],[-38.4260912,-5.4148526],[-38.4400411,-5.4263488],[-38.4280089,-5.4478635],[-38.4301276,-5.4678941],[-38.4595527,-5.5127098],[-38.4374572,-5.5452556],[-38.4329119,-5.6270177]],[[-38.4329119,-5.6270177],[-38.2675034,-5.6014359],[-38.2655752,-5.6052751]],[[-38.2655752,-5.6052751],[-38.2599664,-5.6347039]],[[-38.2599664,-5.6347039],[-38.2409029,-5.6416662]],[[-38.2409029,-5.6416662],[-38.213839,-5.638866],[-38.193463,-5.6328264],[-38.1673282,-5.6454714],[-38.1383405,-5.6753711],[-38.0828404,-5.6724407]],[[-38.0828404,-5.6724407],[-38.0533836,-5.646104],[-38.0342697,-5.6371528],[-38.0139641,-5.5943981],[-37.9983274,-5.5853175],[-37.9900371,-5.5557979],[-37.9480565,-5.5346449],[-37.9346995,-5.5052844],[-37.9022457,-5.5006618],[-37.8922253,-5.4807596],[-37.8888774,-5.4493539],[-37.8800616,-5.4334196]],[[-37.8800616,-5.4334196],[-38.1896165,-5.4339095],[-38.1585493,-5.357813]],[[-39.5506491,-3.079233],[-39.5921368,-3.0694184],[-39.6198268,-3.0259834],[-39.6498016,-3.0246493],[-39.6881846,-2.996534],[-39.7195074,-3.0003411]],[[-39.7195074,-3.0003411],[-39.7080092,-3.0138773],[-39.868006,-3.1246053],[-39.8643502,-3.1413677],[-39.8735514,-3.1786474],[-39.9026343,-3.2079233],[-39.8891024,-3.2239909],[-39.9063062,-3.2732109]],[[-39.9063062,-3.2732109],[-39.9107557,-3.2762362]],[[-39.9342244,-3.3157239],[-39.9312015,-3.3196591],[-39.9357614,-3.3217514]],[[-39.9357614,-3.3217514],[-39.955415,-3.3450875],[-39.968897,-3.3548253],[-39.971482,-3.3538476]],[[-39.971482,-3.3538476],[-39.9873683,-3.3739647]],[[-39.9873683,-3.3739647],[-39.9862785,-3.3755017],[-39.9883596,-3.3823446],[-39.9938284,-3.4030084],[-40.0140414,-3.4294716],[-40.0254105,-3.4330891],[-40.0248964,-3.4345813]],[[-40.0248964,-3.4345813],[-40.0275801,-3.4372815]],[[-40.0275801,-3.4372815],[-39.9961382,-3.4373192],[-39.9832157,-3.4408242],[-39.9487951,-3.4330799],[-39.8529909,-3.453723],[-39.7835918,-3.4643941]],[[-39.7835918,-3.4643941],[-39.7813121,-3.4615167]],[[-39.7813121,-3.4615167],[-39.7686573,-3.4579109],[-39.7621825,-3.4342208],[-39.7496513,-3.418113],[-39.7415093,-3.4072936],[-39.7411319,-3.3882764],[-39.7318383,-3.3748782],[-39.737857,-3.356107],[-39.7250783,-3.3371218],[-39.7028525,-3.3230437],[-39.7287334,-3.2447594],[-39.7034846,-3.2458153],[-39.6793459,-3.2040837],[-39.679631,-3.1832132],[-39.6665218,-3.1642887],[-39.6126289,-3.156832],[-39.5661492,-3.13132],[-39.5506491,-3.079233]],[[-40.0050866,-6.6867869],[-39.9994069,-6.7031243]],[[-40.1401971,-6.8178217],[-40.1469975,-6.8305866]],[[-40.1469975,-6.8305866],[-40.0872855,-6.8466568],[-40.0771628,-6.8566974]],[[-40.0771628,-6.8566974],[-40.0560613,-6.836941]],[[-40.0560613,-6.836941],[-40.0534969,-6.8250491],[-40.00206,-6.8031288],[-39.9869182,-6.8150808],[-39.9303098,-6.7792971]],[[-39.9303098,-6.7792971],[-39.8806372,-6.7388778]],[[-39.8806372,-6.7388778],[-39.8372717,-6.7082341]],[[-39.8372717,-6.7082341],[-39.8329574,-6.6999334]],[[-39.8329574,-6.6999334],[-39.8379876,-6.6791942],[-39.8770671,-6.6802858],[-39.9130688,-6.6878279],[-39.9391186,-6.7115605],[-39.9438242,-6.7075669],[-39.9714881,-6.6869728],[-39.9741711,-6.6727911],[-39.9762111,-6.6682976],[-39.9775569,-6.6709543],[-39.9857424,-6.6722582],[-39.9930209,-6.683491],[-40.0050866,-6.6867869]],[[-39.4147735,-3.8298594],[-39.4303659,-3.855476]],[[-39.4303659,-3.855476],[-39.4357565,-3.862097],[-39.4576042,-3.9289019],[-39.4840943,-3.9739234],[-39.485732,-4.0051536]],[[-39.485732,-4.0051536],[-39.4760646,-4.0032023],[-39.4687247,-4.005034]],[[-39.4687247,-4.005034],[-39.4607637,-4.0034426],[-39.4508318,-3.9914414],[-39.4441628,-3.9691724],[-39.3242308,-4.0902312]],[[-39.3242308,-4.0902312],[-39.3025572,-4.0832649],[-39.2701302,-4.0862461],[-39.2414213,-4.0739736],[-39.2259899,-4.0708903],[-39.2071464,-4.0485592]],[[-39.2071464,-4.0485592],[-39.1982778,-4.037117]],[[-39.1982778,-4.037117],[-39.192265,-4.030058],[-39.1940938,-3.9553748],[-39.2144969,-3.9454341],[-39.2401438,-3.9003014],[-39.2688122,-3.9151672],[-39.2939369,-3.9197767],[-39.3087407,-3.9363837],[-39.3419201,-3.8578061],[-39.3542064,-3.8444171],[-39.4147735,-3.8298594]],[[-38.4059311,-3.8239857],[-38.405732,-3.8220603],[-38.409396,-3.819093]],[[-38.409396,-3.819093],[-38.412625,-3.822079],[-38.417638,-3.821407],[-38.4200371,-3.8249807],[-38.417813,-3.828548]],[[-38.417813,-3.828548],[-38.4143699,-3.8780439],[-38.4324381,-3.8861675],[-38.4486,-3.9234596],[-38.4879421,-3.9257026],[-38.5088292,-3.9367357]],[[-38.5088292,-3.9367357],[-38.5129239,-3.9576472]],[[-38.5129239,-3.9576472],[-38.5186127,-4.0180145],[-38.5258577,-4.0293093]],[[-38.5258577,-4.0293093],[-38.5319175,-4.0371745],[-38.5364894,-4.0406225],[-38.501031,-4.0611573]],[[-38.501031,-4.0611573],[-38.4728849,-4.0615033],[-38.4423054,-4.0712367],[-38.3859849,-4.0703295],[-38.3725084,-4.0784555]],[[-38.3725084,-4.0784555],[-38.3702716,-4.0655868]],[[-38.3702716,-4.0655868],[-38.3425027,-4.0383624],[-38.3264333,-4.0256356],[-38.3145211,-4.0179103],[-38.3001258,-4.0154045],[-38.2755891,-4.0263988],[-38.2395154,-4.0264009]],[[-38.2395154,-4.0264009],[-38.2385819,-4.023054],[-38.2316172,-4.0233143]],[[-38.2316172,-4.0233143],[-38.2277847,-4.0083888]],[[-38.2277847,-4.0083888],[-38.2728621,-3.9446755],[-38.2913106,-3.9415745],[-38.3185531,-3.926197],[-38.360323,-3.8848564],[-38.4013571,-3.8265851]],[[-38.4013571,-3.8265851],[-38.4059311,-3.8239857]],[[-37.7694827,-4.4263877],[-37.7853471,-4.4430421],[-37.7707298,-4.4510139],[-37.7713937,-4.4584984],[-37.769755,-4.4617742],[-37.7705311,-4.4753682],[-37.7745212,-4.4790855],[-37.7779218,-4.4759128],[-37.7887112,-4.5071968],[-37.8273862,-4.5052851],[-37.8465279,-4.5208011],[-37.8478447,-4.5327507],[-37.8677322,-4.5429332],[-37.9633811,-4.5303397]],[[-37.9633811,-4.5303397],[-37.9680047,-4.5334529]],[[-37.9680047,-4.5334529],[-37.9730377,-4.5369814],[-37.9754032,-4.5361821],[-37.9814121,-4.546922],[-37.9924842,-4.5615601],[-37.9930139,-4.5653973],[-37.9843964,-4.5822661]],[[-37.9843964,-4.5822661],[-37.9864329,-4.5836341]],[[-37.9864329,-4.5836341],[-37.9734695,-4.6154823],[-37.9943392,-4.6470498],[-37.9932371,-4.6607374],[-37.9505284,-4.6617678]],[[-37.9505284,-4.6617678],[-37.9088985,-4.6638414],[-37.8446995,-4.6832141],[-37.8315834,-4.6601657],[-37.8081347,-4.6757145],[-37.8009375,-4.6972554],[-37.7765328,-4.7117838],[-37.7576009,-4.7131977],[-37.7326054,-4.7177471],[-37.6974633,-4.7145377],[-37.6162718,-4.7180139]],[[-37.6162718,-4.7180139],[-37.6115132,-4.7682183],[-37.58869,-4.8082817],[-37.6403381,-4.9264044]],[[-37.6403381,-4.9264044],[-37.4464459,-4.8809614],[-37.3568981,-4.8580565]],[[-37.3568981,-4.8580565],[-37.3557194,-4.7942275],[-37.3654926,-4.7850228],[-37.3991482,-4.7759027],[-37.4504987,-4.7833795],[-37.4647366,-4.7811752],[-37.504005,-4.7918785],[-37.5276726,-4.7551441],[-37.5572171,-4.7225141],[-37.5402159,-4.6603353],[-37.5404098,-4.6446928]],[[-37.5404098,-4.6446928],[-37.5586779,-4.6416654],[-37.6031067,-4.6172992],[-37.6394425,-4.5859838],[-37.6877284,-4.5332992],[-37.7164524,-4.5118375],[-37.7292163,-4.4941275],[-37.7542476,-4.4370872],[-37.7694827,-4.4263877]],[[-38.7585595,-4.3205741],[-38.7789112,-4.3093169]],[[-38.7789112,-4.3093169],[-38.7872049,-4.3209505],[-38.8237013,-4.3139441],[-38.8416067,-4.3611994],[-38.842272,-4.4541597],[-38.8338727,-4.4741593],[-38.7736529,-4.5274435],[-38.7472496,-4.5271714],[-38.7657138,-4.623237]],[[-38.7657138,-4.623237],[-38.7161467,-4.6146971],[-38.6986462,-4.6259844],[-38.6865828,-4.6449971],[-38.6762754,-4.658142],[-38.6635806,-4.6607575],[-38.6309838,-4.7005285],[-38.604247,-4.6845878],[-38.5935926,-4.6787354],[-38.5889011,-4.6751782],[-38.5830706,-4.6713989],[-38.5762255,-4.6689594]],[[-38.5762255,-4.6689594],[-38.58361,-4.6665287]],[[-38.58361,-4.6665287],[-38.6067873,-4.6617688],[-38.6125534,-4.6525568],[-38.6112249,-4.6445585],[-38.6322167,-4.6037743],[-38.6494867,-4.5557107],[-38.6222752,-4.5367364],[-38.6226303,-4.5048616],[-38.6356431,-4.4860154],[-38.6355502,-4.4568436],[-38.6352412,-4.4519],[-38.6272826,-4.4378982],[-38.6035535,-4.4256706],[-38.5951359,-4.42331],[-38.5830427,-4.4160225],[-38.5721525,-4.4149553],[-38.5589191,-4.4059834],[-38.5436258,-4.3903752],[-38.5396998,-4.3838649],[-38.533907,-4.368875]],[[-38.533907,-4.368875],[-38.5663296,-4.3766204],[-38.5743072,-4.3852478],[-38.6068284,-4.3786936],[-38.6230462,-4.40444],[-38.6533753,-4.4121251],[-38.6727615,-4.403391],[-38.6936101,-4.3799362]],[[-38.6936101,-4.3799362],[-38.707811,-4.3837629],[-38.7133285,-4.3794731],[-38.7455456,-4.3520953],[-38.7585595,-4.3205741]],[[-40.6601604,-4.686363],[-40.6698089,-4.7051233]],[[-40.6698089,-4.7051233],[-40.7323093,-4.7126224],[-40.7396949,-4.7088127],[-40.7620343,-4.7061988],[-40.7901769,-4.7116139],[-40.80776,-4.7053108],[-40.8227053,-4.7137972],[-40.833208,-4.7178187],[-40.8590025,-4.7118067],[-40.8693131,-4.7151263],[-40.8721944,-4.712317]],[[-40.8721944,-4.712317],[-40.8711509,-4.7245834]],[[-40.8711509,-4.7245834],[-40.8832462,-4.7518804],[-40.8794961,-4.7683126]],[[-40.8794961,-4.7683126],[-40.8823099,-4.7841883]],[[-40.8823099,-4.7841883],[-40.848583,-4.7851953],[-40.8383278,-4.793584],[-40.8256251,-4.8105183],[-40.8020897,-4.8164605],[-40.7934852,-4.8161961],[-40.7928355,-4.8185484],[-40.7822088,-4.8247609],[-40.7700738,-4.8380828],[-40.7619511,-4.8664797],[-40.7229855,-4.8419011],[-40.7165958,-4.8499443],[-40.7064466,-4.8565434],[-40.6877421,-4.8596171],[-40.6846157,-4.8565026],[-40.665493,-4.844264],[-40.6484838,-4.8086137],[-40.6367523,-4.794998],[-40.6280772,-4.7902898]],[[-40.6280772,-4.7902898],[-40.6372542,-4.7759269]],[[-40.6372542,-4.7759269],[-40.6363819,-4.7641379],[-40.6424075,-4.7545737],[-40.6473154,-4.7465445],[-40.6422715,-4.7277147],[-40.6542648,-4.7093685],[-40.6557884,-4.6915911],[-40.6601604,-4.686363]],[[-40.1647063,-7.0473675],[-40.182985,-7.0850832],[-40.2140123,-7.0966067],[-40.2394402,-7.1122644],[-40.2421798,-7.1279483],[-40.2625857,-7.1482706],[-40.2686291,-7.1747148],[-40.2522232,-7.2002304],[-40.2488638,-7.2256329],[-40.266758,-7.2484498],[-40.2441139,-7.3163417]],[[-40.2441139,-7.3163417],[-40.22076,-7.3412703],[-40.1956847,-7.3581487],[-40.1277543,-7.381915],[-40.0451637,-7.380745],[-40.000707,-7.3744783],[-39.926345,-7.3409989],[-39.8900904,-7.3398233]],[[-39.8900904,-7.3398233],[-39.8885094,-7.1394607],[-39.897337,-7.0969516]],[[-39.897337,-7.0969516],[-39.9175296,-7.0942934],[-39.9808683,-7.1451457],[-39.9999657,-7.1511363],[-40.0719375,-7.1456868],[-40.0951962,-7.1290701],[-40.1361952,-7.1123428]],[[-40.1361952,-7.1123428],[-40.1647063,-7.0473675]],[[-39.0536085,-4.3520852],[-39.0635844,-4.3586942],[-39.0709993,-4.3546353],[-39.0625169,-4.3623397],[-39.0662404,-4.3910554],[-39.0629855,-4.3971251],[-39.0828551,-4.3912869],[-39.0943607,-4.3868618]],[[-39.0943607,-4.3868618],[-39.0878545,-4.4131158],[-39.0525052,-4.4394389],[-39.0524071,-4.451769],[-39.0283578,-4.4603347]],[[-39.0283578,-4.4603347],[-39.033462,-4.4744066],[-39.0329533,-4.4782044],[-39.0296802,-4.4843173],[-39.0265396,-4.491378],[-39.0224269,-4.5085895],[-39.0136976,-4.5081702],[-38.9988121,-4.4808219]],[[-38.9988121,-4.4808219],[-38.9970794,-4.4726626]],[[-38.9970794,-4.4726626],[-38.9932708,-4.4518866],[-38.9768131,-4.4449353]],[[-38.9768131,-4.4449353],[-38.9741609,-4.4401188],[-38.9830327,-4.3808316]],[[-38.9830327,-4.3808316],[-38.9704126,-4.368202]],[[-38.9704126,-4.368202],[-38.9736031,-4.3627124],[-38.9852452,-4.3625368],[-39.0137309,-4.3736436],[-39.0245324,-4.3599175],[-39.0536085,-4.3520852]],[[-39.9276984,-6.0918974],[-39.9314861,-6.0958639],[-39.9446255,-6.1039761],[-39.9518736,-6.1008521],[-39.9626989,-6.099447],[-39.9630265,-6.1013512]],[[-39.9630265,-6.1013512],[-39.9741296,-6.1001981],[-40.0069036,-6.1031044],[-40.0164792,-6.0967583],[-40.0361302,-6.1012028],[-40.0461558,-6.1016988],[-40.0456923,-6.0991977],[-40.0580954,-6.1059178],[-40.0733571,-6.1081788],[-40.0986607,-6.1153502],[-40.112284,-6.1124619]],[[-40.112284,-6.1124619],[-40.1255807,-6.1137083],[-40.1339235,-6.109561],[-40.1404615,-6.1142726],[-40.1463495,-6.1121443],[-40.1504093,-6.1136563],[-40.1547318,-6.1188726],[-40.159212,-6.1197805],[-40.1661748,-6.1321505],[-40.1817139,-6.1414595],[-40.1950424,-6.1424303]],[[-40.1950424,-6.1424303],[-40.226134,-6.1315064],[-40.245175,-6.1450121],[-40.2613278,-6.166759],[-40.3012479,-6.2067779]],[[-40.3012479,-6.2067779],[-40.4051534,-6.3124657]],[[-40.4051534,-6.3124657],[-40.3274069,-6.401871]],[[-40.0983592,-6.358682],[-40.0826139,-6.3633988]],[[-40.0826139,-6.3633988],[-40.0758512,-6.3550563],[-40.0628555,-6.3297303],[-40.0624134,-6.3123574],[-40.0478822,-6.2790135],[-40.0286109,-6.2799828],[-40.0162943,-6.2236561],[-39.9869311,-6.2207814],[-39.9398696,-6.1940351],[-39.9260785,-6.1958309],[-39.9185083,-6.1860064],[-39.8939605,-6.1558789],[-39.8922255,-6.129857],[-39.8925117,-6.1138704]],[[-39.8925117,-6.1138704],[-39.8888937,-6.1052932]],[[-39.8900051,-6.1001172],[-39.8886372,-6.0974368]],[[-39.8886372,-6.0974368],[-39.8992537,-6.0925018],[-39.9056074,-6.085184],[-39.9085622,-6.0839028],[-39.9215995,-6.0860468],[-39.9276984,-6.0918974]],[[-39.653102,-6.8206993],[-39.6906868,-6.8311469],[-39.6959751,-6.7959301],[-39.7085711,-6.7853287],[-39.7413631,-6.8054716],[-39.7907858,-6.8023313],[-39.8537711,-6.7794041],[-39.8787684,-6.7674295],[-39.9094459,-6.7634663]],[[-39.9094459,-6.7634663],[-39.9303098,-6.7792971]],[[-40.0560613,-6.836941],[-40.0517167,-6.8441073],[-40.0817903,-6.8595856],[-40.0915836,-6.8603286]],[[-40.0915836,-6.8603286],[-40.125545,-6.8869545],[-40.0805491,-6.9154466],[-40.0592093,-6.9330508],[-40.0749002,-6.9822104],[-40.0804296,-6.981629]],[[-40.0804296,-6.981629],[-40.0818257,-6.9829209]],[[-40.0818257,-6.9829209],[-40.073168,-7.0051127],[-39.9991221,-7.0083988],[-39.9668708,-7.0028528],[-39.9494203,-7.0108213],[-39.9430176,-7.07681],[-39.9011362,-7.0683926],[-39.8898577,-7.0532074]],[[-39.8898577,-7.0532074],[-39.8733751,-7.0676701],[-39.8637753,-7.0526669],[-39.8074356,-7.037259],[-39.7943361,-7.0297247],[-39.7843644,-7.0320951],[-39.790665,-7.0433144],[-39.772531,-7.0609824],[-39.7474521,-7.0224802]],[[-39.6399331,-6.9455832],[-39.6310425,-6.9338681],[-39.6185971,-6.9326174],[-39.606525,-6.90422],[-39.6350726,-6.8932599],[-39.6550472,-6.894945],[-39.6678038,-6.8733548],[-39.6612695,-6.8608767],[-39.650711,-6.8586702],[-39.6422607,-6.8547502],[-39.6373204,-6.845716],[-39.6387878,-6.8421582],[-39.6394763,-6.8377323],[-39.653102,-6.8206993]],[[-38.8629334,-6.8564495],[-38.9311379,-6.8609175],[-38.9507085,-6.8672629],[-38.9732489,-6.8632857],[-39.0145185,-6.8774357],[-39.0208584,-6.895257],[-39.0644643,-6.9163005],[-39.0701856,-6.918089],[-39.1005461,-6.9534734]],[[-39.1005461,-6.9534734],[-39.1104648,-6.9627288]],[[-39.1104648,-6.9627288],[-39.1299663,-6.9804974],[-39.1490215,-6.9832653],[-39.161527,-6.9994666],[-39.1572727,-7.0335753],[-39.1337993,-7.0784304],[-39.1149872,-7.0823369],[-39.1102478,-7.089434],[-39.1262815,-7.1239255],[-39.1358424,-7.1307516]],[[-39.1358424,-7.1307516],[-39.1319212,-7.1394822]],[[-39.1319212,-7.1394822],[-39.1150909,-7.1552608],[-39.0774864,-7.1557943],[-39.05132,-7.1376577],[-39.0418116,-7.1421296],[-39.0318649,-7.1490667],[-39.0254536,-7.1501061]],[[-39.0254536,-7.1501061],[-38.9578729,-7.0817465],[-38.9089741,-7.082704]],[[-38.9089741,-7.082704],[-38.8877349,-7.0424914]],[[-38.8877349,-7.0424914],[-38.8561528,-6.9775291],[-38.8254895,-6.9889546],[-38.8034724,-6.9901639],[-38.7733208,-7.000883]],[[-38.7733208,-7.000883],[-38.7518883,-6.9885827],[-38.7422504,-6.9742785],[-38.7502577,-6.9584958],[-38.7592236,-6.9154828],[-38.7682168,-6.90755]],[[-38.7682168,-6.90755],[-38.7786476,-6.9072483],[-38.783203,-6.8967053],[-38.7741879,-6.8684498],[-38.812886,-6.8648662],[-38.8196712,-6.8567299],[-38.8475102,-6.8602483]],[[-38.8475102,-6.8602483],[-38.8629334,-6.8564495]],[[-38.843739,-6.667271],[-38.8593744,-6.691198],[-38.8465922,-6.7092104]],[[-38.8465922,-6.7092104],[-38.8433832,-6.7083264],[-38.8077722,-6.7214744],[-38.7774512,-6.7185054],[-38.7461489,-6.7561619],[-38.7198325,-6.7675037],[-38.6857316,-6.7667863],[-38.6692302,-6.7590709]],[[-38.6692302,-6.7590709],[-38.6524136,-6.7570799],[-38.649972,-6.7522363],[-38.6575338,-6.7407602],[-38.6559754,-6.7302437],[-38.6725406,-6.7062314]],[[-38.6725406,-6.7062314],[-38.6926414,-6.7002951],[-38.7387282,-6.6779606],[-38.7506363,-6.6744072],[-38.7682917,-6.6709266],[-38.7985354,-6.6618722],[-38.8051809,-6.6582908],[-38.8150192,-6.6585675],[-38.8340353,-6.6652569],[-38.843739,-6.667271]],[[-38.8130645,-5.0665911],[-38.9025146,-5.1659445],[-38.9082115,-5.1659244],[-38.9127897,-5.1631395]],[[-38.9127897,-5.1631395],[-38.9563093,-5.1529802],[-38.972093,-5.1414949],[-38.9920417,-5.1545914],[-39.0316124,-5.164138],[-39.0606685,-5.1501838],[-39.0746569,-5.1529977],[-39.0755939,-5.151089]],[[-39.0755939,-5.151089],[-39.0832133,-5.1512058]],[[-39.0832133,-5.1512058],[-39.08874,-5.1730247],[-39.0580604,-5.2207231],[-39.0330649,-5.2353093],[-39.041042,-5.2513886],[-39.0335348,-5.2662654],[-39.0545358,-5.299992],[-39.0851105,-5.4024881],[-39.0590386,-5.4151742],[-39.0554768,-5.4296724],[-39.0607276,-5.4606538],[-39.071325,-5.486274],[-39.0602938,-5.5110889]],[[-39.0602938,-5.5110889],[-39.0568946,-5.5099357]],[[-39.0568946,-5.5099357],[-39.0464391,-5.5113817],[-39.0269683,-5.489886]],[[-39.0269683,-5.489886],[-39.009281,-5.5111992],[-38.9857244,-5.5161611],[-38.9778221,-5.517826],[-38.9734001,-5.5186693],[-38.9516064,-5.5054247],[-38.9440275,-5.4890168],[-38.9288514,-5.4856706],[-38.9244767,-5.4536089],[-38.9181411,-5.4579215],[-38.9126939,-5.4550975]],[[-38.9126939,-5.4550975],[-38.9110477,-5.4555096]],[[-38.9110477,-5.4555096],[-38.9205436,-5.435235],[-38.9243744,-5.3794782],[-38.9229843,-5.3291801],[-38.8988923,-5.310338],[-38.8833515,-5.3101423],[-38.8487766,-5.2884775],[-38.8092722,-5.2214334],[-38.7755925,-5.2043591],[-38.7230789,-5.1983558],[-38.7082144,-5.2009538],[-38.6917041,-5.2272656]],[[-38.6917041,-5.2272656],[-38.6772592,-5.2272883],[-38.6103839,-5.1473805],[-38.6144405,-5.1254089]],[[-38.6144405,-5.1254089],[-38.6181848,-5.1188635]],[[-38.6181848,-5.1188635],[-38.6501639,-5.1224173],[-38.6744114,-5.1111295]],[[-38.6744114,-5.1111295],[-38.6991594,-5.0934592],[-38.7107101,-5.093089]],[[-38.7107101,-5.093089],[-38.7442241,-5.0949208],[-38.7558198,-5.0860332],[-38.7803237,-5.075636],[-38.7933023,-5.0781909],[-38.8130645,-5.0665911]],[[-39.2654433,-7.2593257],[-39.2751397,-7.259517],[-39.2857927,-7.2638443],[-39.3266325,-7.2620321]],[[-39.3266325,-7.2620321],[-39.3525098,-7.2673947]],[[-39.3525098,-7.2673947],[-39.3614308,-7.2736173],[-39.3697278,-7.2949482],[-39.3755308,-7.305138],[-39.4010693,-7.3071544],[-39.4462942,-7.335859],[-39.4450566,-7.5725121]],[[-39.4450566,-7.5725121],[-39.4232728,-7.5868058],[-39.4206598,-7.6030222],[-39.3839743,-7.6085737],[-39.3696173,-7.6178567]],[[-39.3696173,-7.6178567],[-39.3719671,-7.6148695],[-39.3718397,-7.4580733]],[[-39.3718397,-7.4580733],[-39.2540322,-7.4877068],[-39.2544072,-7.4476719]],[[-39.2544072,-7.4476719],[-39.2268756,-7.4135212],[-39.2229382,-7.3973029],[-39.2409422,-7.3628539],[-39.2251474,-7.3287431],[-39.2092389,-7.31158]],[[-39.2092389,-7.31158],[-39.2067021,-7.3016191],[-39.2472976,-7.2695193],[-39.2654433,-7.2593257]],[[-38.6868976,-4.2870651],[-38.6998501,-4.3301241]],[[-38.6998501,-4.3301241],[-38.6936101,-4.3799362]],[[-38.533907,-4.368875],[-38.5484115,-4.3230636],[-38.5539364,-4.2833289],[-38.5478204,-4.2715208],[-38.5672293,-4.2500088],[-38.570474,-4.2354845]],[[-38.8877349,-7.0424914],[-38.9252139,-7.1142086]],[[-38.9252139,-7.1142086],[-38.9476891,-7.1419207],[-38.9145078,-7.2430012],[-38.8796551,-7.2360925],[-38.8687738,-7.2442215],[-38.8400759,-7.2396046],[-38.8155883,-7.2251933],[-38.7932918,-7.220859]],[[-38.7932918,-7.220859],[-38.7626158,-7.2349492]],[[-38.7626158,-7.2349492],[-38.738407,-7.2376035],[-38.6725453,-7.231994],[-38.6473231,-7.2193884],[-38.6199955,-7.2200908]],[[-38.6199955,-7.2200908],[-38.6248028,-7.1913206],[-38.6593223,-7.1832477],[-38.68783,-7.1901612],[-38.675293,-7.1557219],[-38.6774153,-7.1309352],[-38.6564059,-7.0924258],[-38.677242,-7.0671025],[-38.669849,-7.0477046],[-38.6909873,-7.0299554],[-38.7305837,-7.0120279],[-38.7518823,-6.9969205],[-38.7733208,-7.000883]],[[-41.0864291,-2.9077851],[-41.1234486,-2.8918487],[-41.176816,-2.8862143],[-41.1875917,-2.8908519],[-41.2341534,-2.8892194],[-41.2586291,-2.8838208],[-41.3226683,-2.9212078],[-41.321769,-2.951732],[-41.3027121,-2.9672499],[-41.2697039,-2.9717617]],[[-41.2697039,-2.9717617],[-41.247878,-2.972052],[-41.193452,-2.9983874],[-41.1882216,-3.0219696],[-41.1860011,-3.0216727],[-41.1892208,-3.0442028],[-41.1684146,-3.0537351],[-41.1576179,-3.070961],[-41.1717553,-3.0859035],[-41.168399,-3.1060222],[-41.1511225,-3.1251171]],[[-41.1511225,-3.1251171],[-41.1014882,-3.0938361]],[[-41.1014882,-3.0938361],[-41.1195762,-3.064988],[-41.1032698,-3.0509402],[-41.1004755,-3.0295733],[-41.0857782,-3.023186],[-41.0787694,-3.0045508],[-41.0749723,-3.0001778],[-41.0714943,-2.9980028],[-41.0718649,-2.9944867],[-41.0759583,-2.9958139],[-41.070734,-2.9709167],[-41.0762263,-2.944787],[-41.0696567,-2.9426535],[-41.0696215,-2.928474],[-41.078569,-2.9207679],[-41.0864291,-2.9077851]],[[-38.8400846,-4.2326677],[-38.8483461,-4.2304798],[-38.854037,-4.2252511]],[[-38.854037,-4.2252511],[-38.8762159,-4.2625172],[-38.8912397,-4.2770241]],[[-38.8912397,-4.2770241],[-38.919422,-4.2675025],[-38.9159063,-4.2915315]],[[-38.9159063,-4.2915315],[-38.9337008,-4.3241037]],[[-38.9337008,-4.3241037],[-38.9465473,-4.3328691],[-38.959202,-4.3568764]],[[-38.959202,-4.3568764],[-38.9511427,-4.3569702],[-38.9487525,-4.3515664],[-38.939936,-4.3526249],[-38.9250904,-4.3539015],[-38.9200531,-4.3569908],[-38.9435309,-4.3867413],[-38.922794,-4.4104664],[-38.8928445,-4.4243722],[-38.8791104,-4.4324172],[-38.874075,-4.4290699],[-38.8650981,-4.4346239],[-38.8595588,-4.4373456],[-38.8530722,-4.4441265],[-38.8005905,-4.5829249]],[[-38.8005905,-4.5829249],[-38.7657138,-4.623237]],[[-38.7789112,-4.3093169],[-38.7655713,-4.3055498]],[[-38.7655713,-4.3055498],[-38.7956298,-4.2957187],[-38.8125744,-4.2493677],[-38.829917,-4.2509173],[-38.8400846,-4.2326677]],[[-37.8451205,-4.3816564],[-37.8541657,-4.3794976],[-37.9065917,-4.339753],[-37.9601217,-4.2917965],[-37.9883175,-4.2608416],[-38.0111227,-4.2495201],[-38.0334424,-4.2249523],[-38.1159673,-4.1480004],[-38.1466887,-4.1020013],[-38.1570272,-4.1107539]],[[-38.1570272,-4.1107539],[-38.1622193,-4.1298394],[-38.1611244,-4.148303],[-38.1886104,-4.1977796],[-38.2047528,-4.1941908],[-38.227413,-4.2056059],[-38.2273064,-4.3502601],[-38.2496433,-4.3570533],[-38.2689071,-4.4052543],[-38.2909284,-4.4164576],[-38.2935743,-4.4388989],[-38.3071404,-4.445538],[-38.3199182,-4.4329839],[-38.3356165,-4.4522283],[-38.3421992,-4.4774269],[-38.3560989,-4.4998226]],[[-38.3560989,-4.4998226],[-38.3603824,-4.5014681]],[[-38.3603824,-4.5014681],[-38.3592753,-4.5048755],[-38.3489251,-4.5123352],[-38.341372,-4.5153077],[-38.3233392,-4.5191044]],[[-38.3233392,-4.5191044],[-38.3061167,-4.5314871],[-38.3033367,-4.5374964],[-38.2347683,-4.5742611],[-38.2113282,-4.592122]],[[-38.2113282,-4.592122],[-38.1870327,-4.6162052]],[[-38.1870327,-4.6162052],[-38.1820574,-4.6227477]],[[-38.1820574,-4.6227477],[-38.1613295,-4.6187477],[-38.1478217,-4.6143104],[-38.1079339,-4.617197],[-38.1099968,-4.6063619],[-38.0843399,-4.5874884],[-38.0557435,-4.5945759],[-38.0382872,-4.5910293],[-38.037075,-4.5946292],[-38.0202729,-4.5973575],[-38.0007149,-4.5977344],[-37.987974,-4.5853155]],[[-37.987974,-4.5853155],[-37.9843964,-4.5822661]],[[-37.9680047,-4.5334529],[-37.9622135,-4.526018]],[[-37.9622135,-4.526018],[-37.9690188,-4.5162806],[-37.9549376,-4.4848177],[-37.9669133,-4.4646327],[-37.9763482,-4.4324283],[-37.9311255,-4.3974298],[-37.912868,-4.3997295],[-37.90491,-4.4139444],[-37.8959087,-4.4105788],[-37.8888115,-4.4070878],[-37.8868713,-4.4114629],[-37.8775317,-4.4082814],[-37.8713526,-4.4066869],[-37.8746748,-4.4006985],[-37.8703031,-4.4008942],[-37.8245753,-4.4069146],[-37.8261989,-4.3942086],[-37.8451205,-4.3816564]],[[-40.4025063,-2.9480528],[-40.4101101,-2.9509711]],[[-40.4101101,-2.9509711],[-40.409783,-2.9662687]],[[-40.409783,-2.9662687],[-40.5119172,-2.9543693]],[[-40.5119172,-2.9543693],[-40.4950246,-3.062025]],[[-40.4950246,-3.062025],[-40.4850294,-3.064896],[-40.448441,-3.0992108],[-40.435432,-3.1017968],[-40.4176743,-3.1251831],[-40.3821231,-3.1341186],[-40.3645694,-3.1548411],[-40.3621816,-3.1761008],[-40.3579149,-3.1992555],[-40.3428639,-3.2039262],[-40.319959,-3.1929168],[-40.2969228,-3.2046158],[-40.2684158,-3.1504026],[-40.2365752,-3.1684128],[-40.2002199,-3.1473561],[-40.146932,-3.1066381],[-40.1527328,-3.0892194],[-40.1395505,-3.0733412]],[[-40.1395505,-3.0733412],[-40.083848,-3.1153592]],[[-40.1707952,-2.966967],[-40.170536,-2.9426089],[-40.2084204,-2.9450519]],[[-40.2084204,-2.9450519],[-40.2368261,-2.9521351],[-40.2638884,-2.9398278],[-40.3201005,-2.943769],[-40.3310564,-2.9640097],[-40.3721958,-2.9649838],[-40.382939,-2.9556014],[-40.4025063,-2.9480528]],[[-39.7294176,-4.6959029],[-39.7425826,-4.7195628]],[[-39.7425826,-4.7195628],[-39.8067785,-4.7078],[-39.7973346,-4.7511603],[-39.8237557,-4.7300198],[-39.8516783,-4.7393021],[-39.8623862,-4.7389627],[-39.8650219,-4.7539089],[-39.8744766,-4.7685382],[-39.8805589,-4.7876822],[-39.9025984,-4.7873073],[-39.9158676,-4.7884803]],[[-39.9158676,-4.7884803],[-39.9388372,-4.7696859]],[[-39.9388372,-4.7696859],[-39.9313401,-4.8015433],[-39.9384528,-4.8044206],[-39.9407985,-4.8066023],[-39.9418025,-4.8108109],[-39.949281,-4.8175296],[-39.9466004,-4.8328552],[-39.9406719,-4.8408083],[-39.9256293,-4.8633045],[-39.9188842,-4.8680165],[-39.8950319,-4.8877624],[-39.9691807,-4.947238],[-39.9579902,-5.0258342],[-39.970487,-5.0284608],[-39.9737837,-5.0498514],[-39.9975964,-5.0844914],[-40.1600423,-5.16479]],[[-40.1600423,-5.16479],[-40.1533192,-5.163832]],[[-40.1533192,-5.163832],[-40.1356714,-5.1572812],[-40.0896979,-5.1681742],[-40.0793168,-5.1651127],[-40.0727721,-5.1686891],[-40.0599291,-5.1866174],[-40.041498,-5.1778786],[-40.0226983,-5.2063146],[-40.0471452,-5.2394866],[-40.0426104,-5.2602367],[-40.0486449,-5.2790225],[-40.055861,-5.2918374],[-40.0277453,-5.2964975],[-40.0307166,-5.3109738]],[[-40.0307166,-5.3109738],[-40.0177138,-5.33077]],[[-40.0177138,-5.33077],[-39.993126,-5.3497709],[-39.9573729,-5.348266],[-39.9348795,-5.3640143],[-39.9259606,-5.3816651],[-39.9125313,-5.3863147],[-39.9077283,-5.392008]],[[-39.9077283,-5.392008],[-39.8955263,-5.3965989],[-39.8930635,-5.3948665],[-39.8920074,-5.3915406],[-39.8855543,-5.3882917],[-39.882124,-5.3792643]],[[-39.882124,-5.3792643],[-39.8637845,-5.3709989],[-39.8264969,-5.3763398],[-39.8000192,-5.3991634],[-39.7817476,-5.3788016],[-39.7503872,-5.3683997],[-39.7263522,-5.3792248],[-39.688254,-5.3581497],[-39.6691177,-5.3631684]],[[-39.6691177,-5.3631684],[-39.6581226,-5.3534535]],[[-39.6581226,-5.3534535],[-39.6316763,-5.3249655],[-39.6269863,-5.3071091],[-39.6239765,-5.2551586],[-39.5362462,-5.1188409],[-39.5821151,-5.0957944],[-39.6139458,-5.0842948],[-39.6339517,-5.053799]],[[-39.6339517,-5.053799],[-39.6266637,-5.0393222],[-39.6189099,-5.0325431],[-39.6119882,-5.0304053],[-39.6071537,-5.0251755]],[[-39.6071537,-5.0251755],[-39.5975281,-4.998716],[-39.611702,-4.9907229],[-39.6143253,-4.9743605],[-39.6035804,-4.9599543],[-39.6203164,-4.9053219],[-39.6501929,-4.8702938],[-39.6626285,-4.8022112],[-39.6888944,-4.7926498],[-39.6965283,-4.7900046],[-39.7381627,-4.7705657],[-39.7310282,-4.7553574],[-39.7262384,-4.7495004]],[[-39.7262384,-4.7495004],[-39.7365695,-4.7328725],[-39.7333152,-4.7151036],[-39.7294176,-4.6959029]],[[-38.7758625,-7.6042277],[-38.8812044,-7.4586784],[-38.9405205,-7.4279752]],[[-38.9405205,-7.4279752],[-39.0781998,-7.4220341]],[[-39.0781998,-7.4220341],[-39.0760669,-7.4310635]],[[-39.0760669,-7.4310635],[-39.0886377,-7.4614641],[-39.1111311,-7.4605107],[-39.153497,-7.4509129]],[[-39.153497,-7.4509129],[-39.0983926,-7.4834797],[-39.0884097,-7.4855764],[-39.0299117,-7.5329789]],[[-39.0299117,-7.5329789],[-39.0318518,-7.6097577],[-39.0312626,-7.6243013],[-39.0271612,-7.634273]],[[-39.0271612,-7.634273],[-39.0207165,-7.6315528]],[[-39.0207165,-7.6315528],[-38.9681146,-7.6065586],[-38.9614396,-7.6104386],[-38.9272404,-7.6137173],[-38.8919111,-7.6110116],[-38.8948106,-7.7504535]],[[-38.8948106,-7.7504535],[-38.8813975,-7.7474323],[-38.8809128,-7.7249646],[-38.8697446,-7.7115417],[-38.8461022,-7.720415],[-38.8219622,-7.7147944],[-38.8121916,-7.6687972],[-38.78371,-7.6673771],[-38.7606124,-7.6560008],[-38.7436595,-7.6606659],[-38.7321897,-7.6338655],[-38.7237265,-7.626884],[-38.7172325,-7.6262375],[-38.7758625,-7.6042277]],[[-40.5808293,-2.8509318],[-40.6128926,-2.8414569],[-40.6433173,-2.849247],[-40.6702384,-2.8434164],[-40.7339512,-2.8511238],[-40.7743912,-2.852787],[-40.8017627,-2.8726713],[-40.8447845,-2.8858541],[-40.8672704,-2.8623655],[-40.898209,-2.8621292],[-40.9145106,-2.87288],[-40.9554683,-2.8720289],[-40.9596844,-2.8787387],[-41.002405,-2.8897412],[-41.0865549,-2.894304],[-41.0864291,-2.9077851]],[[-41.1014882,-3.0938361],[-40.9918486,-3.0301573],[-40.8799273,-3.0107798],[-40.8388492,-3.0362637],[-40.6917775,-3.0085358],[-40.5635847,-3.0163528],[-40.5460883,-3.0286795],[-40.5265103,-3.037588],[-40.4950246,-3.062025]],[[-40.5119172,-2.9543693],[-40.5180244,-2.9541091]],[[-40.5180244,-2.9541091],[-40.5211784,-2.9501728],[-40.5247302,-2.9276575],[-40.5342809,-2.9161743],[-40.5279568,-2.8895908],[-40.5609296,-2.8827381],[-40.573529,-2.8686418],[-40.5744194,-2.8555366],[-40.5808293,-2.8509318]],[[-40.3639936,-6.8068296],[-40.4022192,-6.8399895],[-40.4107554,-6.8555798],[-40.4285196,-6.8642545],[-40.4327058,-6.9085394],[-40.4244739,-6.9372014],[-40.4291212,-6.9485029],[-40.4286547,-6.9961299],[-40.4062495,-7.0053266],[-40.4348921,-7.0228008],[-40.4277177,-7.0338811],[-40.4432815,-7.0480955],[-40.4593637,-7.0784977]],[[-40.4593637,-7.0784977],[-40.4469213,-7.089293],[-40.3348643,-7.1277427],[-40.3213092,-7.1284237],[-40.3239014,-7.0819712],[-40.3089166,-7.0757779],[-40.3064002,-7.0774041],[-40.288049,-7.0719069],[-40.2520463,-7.0678788],[-40.2515634,-7.0602254],[-40.2131401,-7.0293568],[-40.133879,-7.0009636],[-40.1204067,-7.0149227]],[[-40.1204067,-7.0149227],[-40.1206527,-7.0216819]],[[-40.1206527,-7.0216819],[-40.1026048,-7.0103245],[-40.0961045,-6.9877531],[-40.0840736,-6.9849754]],[[-40.0840736,-6.9849754],[-40.0804296,-6.981629]],[[-40.0915836,-6.8603286],[-40.0771628,-6.8566974]],[[-40.1469975,-6.8305866],[-40.1441702,-6.8159117],[-40.1330362,-6.8106018]],[[-39.6649485,-4.0816739],[-39.6833418,-4.0810429],[-39.7085208,-4.1010133],[-39.7401467,-4.1101855],[-39.7688957,-4.1588194]],[[-39.7688957,-4.1588194],[-39.7730595,-4.1769337],[-39.7879013,-4.1885683]],[[-39.7879013,-4.1885683],[-39.78992,-4.1939456],[-39.7731405,-4.2234448],[-39.765808,-4.2480042],[-39.7488947,-4.2547718],[-39.7301932,-4.2748733],[-39.7392076,-4.2941142],[-39.725968,-4.3093502],[-39.734527,-4.3331874],[-39.7141928,-4.354633],[-39.7096287,-4.3787277],[-39.751905,-4.4074994],[-39.7381795,-4.4227646],[-39.7293595,-4.4483914],[-39.7338564,-4.4641706],[-39.7206744,-4.4815086],[-39.7565352,-4.5027047],[-39.7606702,-4.5185762],[-39.7642666,-4.5306355],[-39.7476496,-4.5409999],[-39.7294043,-4.5402179],[-39.7186313,-4.5409163]],[[-39.7186313,-4.5409163],[-39.7044186,-4.5441222]],[[-39.7044186,-4.5441222],[-39.6448242,-4.5086959],[-39.6072699,-4.5026383],[-39.5729294,-4.4702604],[-39.5494824,-4.4839422],[-39.5436868,-4.4737637],[-39.5328936,-4.4686592],[-39.5290997,-4.4916632],[-39.521793,-4.4986153],[-39.5109518,-4.4812248],[-39.5108866,-4.4697359],[-39.5044961,-4.4683808],[-39.502798,-4.4749379],[-39.4961148,-4.4874272],[-39.4851128,-4.4992187],[-39.4816428,-4.520463],[-39.4732074,-4.5332195],[-39.4476377,-4.5726254],[-39.4456599,-4.5788122],[-39.4534879,-4.5957136],[-39.435503,-4.6179897],[-39.4206845,-4.6470464],[-39.4268052,-4.6777817],[-39.4009954,-4.6865633],[-39.3816934,-4.7014088],[-39.3816996,-4.7128872]],[[-39.3816996,-4.7128872],[-39.3731097,-4.7130052],[-39.3648178,-4.7286874],[-39.3648021,-4.7329389]],[[-39.3648021,-4.7329389],[-39.3668022,-4.7368184],[-39.3557553,-4.7355332],[-39.3279932,-4.7155591],[-39.3112106,-4.711404],[-39.3018351,-4.6981383],[-39.2926642,-4.6634426],[-39.2852606,-4.6563424],[-39.2761197,-4.6502294],[-39.2529046,-4.6483776],[-39.2416708,-4.6445932],[-39.234844,-4.6497418],[-39.2210268,-4.6525213],[-39.2131243,-4.6512566],[-39.1996144,-4.6446812],[-39.1883386,-4.6511844],[-39.1809801,-4.6547319],[-39.1714605,-4.6493262],[-39.1700457,-4.6436268],[-39.1459018,-4.6315998],[-39.1383096,-4.6295129],[-39.1353697,-4.630456]],[[-39.1353697,-4.630456],[-39.1297993,-4.6281468]],[[-39.1297993,-4.6281468],[-39.0655891,-4.5611042],[-39.0858666,-4.5370683],[-39.0791882,-4.4856205],[-39.0850401,-4.4716475],[-39.0283578,-4.4603347]],[[-39.0943607,-4.3868618],[-39.1608011,-4.3868575],[-39.1698496,-4.3763218],[-39.1914075,-4.3082075],[-39.2078037,-4.2898844],[-39.2403873,-4.2835814]],[[-39.2403873,-4.2835814],[-39.3345488,-4.1939933]],[[-39.3345488,-4.1939933],[-39.4916487,-4.2905923],[-39.5053293,-4.2674919],[-39.5078818,-4.2405642],[-39.530513,-4.2386346],[-39.5531251,-4.2209678],[-39.5627704,-4.2043464],[-39.5579523,-4.1884508],[-39.5597229,-4.1812318],[-39.5505872,-4.173278],[-39.5483897,-4.167149]],[[-39.5483897,-4.167149],[-39.5408003,-4.1599933]],[[-39.5408003,-4.1599933],[-39.5524518,-4.1517571],[-39.5471042,-4.1100905],[-39.5326814,-4.0844392]],[[-39.5326814,-4.0844392],[-39.5469123,-4.0975406],[-39.5574015,-4.1013389],[-39.5754867,-4.091776],[-39.5976456,-4.0944245],[-39.6081663,-4.0825821],[-39.6345175,-4.0742582],[-39.6439541,-4.0722167],[-39.6576109,-4.0713678],[-39.667863,-4.0727956],[-39.6649485,-4.0816739]],[[-38.959202,-4.3568764],[-38.9830327,-4.3808316]],[[-38.9830327,-4.3808316],[-38.9740647,-4.4396489],[-38.9768131,-4.4449353]],[[-38.9970794,-4.4726626],[-38.9909503,-4.4928812]],[[-38.9909503,-4.4928812],[-38.9749324,-4.4953429],[-38.9479771,-4.4876938],[-38.9007435,-4.5281358],[-38.8710146,-4.5288876],[-38.8689019,-4.5469572],[-38.8380408,-4.550333],[-38.839562,-4.5832701],[-38.8154752,-4.5816555]],[[-38.8154752,-4.5816555],[-38.8059251,-4.5791827],[-38.8005905,-4.5829249]],[[-38.9428885,-4.1006116],[-38.9533353,-4.0984392],[-38.9565973,-4.0728241],[-38.9841596,-4.0443863],[-39.0035461,-3.9917706]],[[-39.0035461,-3.9917706],[-39.0277519,-4.0631345],[-39.0638732,-4.0664676],[-39.2036807,-4.046781]],[[-39.2036807,-4.046781],[-39.1813288,-4.0670066],[-39.1722942,-4.0927383],[-39.1552921,-4.0981634],[-39.1605931,-4.1266796],[-39.2068216,-4.1317344],[-39.2015244,-4.1590471],[-39.2049214,-4.1758723],[-39.3091959,-4.1782445],[-39.3081754,-4.1740872],[-39.3176547,-4.1750002],[-39.3173776,-4.1824863]],[[-39.3173776,-4.1824863],[-39.3348235,-4.1935443],[-39.2403873,-4.2835814]],[[-39.0536085,-4.3520852],[-39.0416004,-4.3509021],[-39.0262603,-4.3184507],[-39.0354395,-4.3119123],[-39.0461563,-4.3093395],[-39.0456434,-4.3000521],[-39.0103427,-4.2792657],[-39.0087553,-4.2824704],[-39.0033297,-4.26113]],[[-39.0033297,-4.26113],[-38.9950762,-4.2601367]],[[-38.9950762,-4.2601367],[-39.0113621,-4.2541649],[-39.0201593,-4.2567059],[-38.9983112,-4.2449879],[-39.0061409,-4.2118777],[-38.9828346,-4.2046116],[-38.972713,-4.1896887],[-38.9530703,-4.1841097]],[[-38.9530703,-4.1841097],[-38.9571992,-4.174117]],[[-38.9571992,-4.174117],[-38.9577327,-4.1555626],[-38.9585983,-4.1475174],[-38.9554719,-4.1405109],[-38.9470567,-4.136831],[-38.9467961,-4.1392366],[-38.9426264,-4.1367439],[-38.9385716,-4.1410906],[-38.9365086,-4.1375115]],[[-38.9365086,-4.1375115],[-38.9361167,-4.1337158]],[[-38.9361167,-4.1337158],[-38.9463069,-4.1331015],[-38.9481696,-4.1275911],[-38.9436685,-4.119913],[-38.9386068,-4.1087629]],[[-38.9386068,-4.1087629],[-38.943295,-4.1054012],[-38.9428885,-4.1006116]],[[-40.4156697,-3.8064802],[-40.4454346,-3.8348353],[-40.4953508,-3.8434247],[-40.5749551,-3.8614657],[-40.6007089,-3.8434959],[-40.6142853,-3.8425371],[-40.6226526,-3.8254404],[-40.6457079,-3.8406441],[-40.6564561,-3.8312028],[-40.6792317,-3.8417563]],[[-40.6792317,-3.8417563],[-40.6699273,-3.8464983]],[[-40.6699273,-3.8464983],[-40.7070498,-3.8787975],[-40.7130751,-3.9181004],[-40.6703751,-3.9357418]],[[-40.6703751,-3.9357418],[-40.6566965,-3.9420787]],[[-40.6566965,-3.9420787],[-40.654113,-3.9559995],[-40.667523,-3.9849922],[-40.6431858,-4.0065394]],[[-40.6431858,-4.0065394],[-40.6391965,-4.0158238]],[[-40.6391965,-4.0158238],[-40.5679099,-4.0468602],[-40.5126856,-4.0462845],[-40.472449,-4.0857818]],[[-40.472449,-4.0857818],[-40.4313325,-4.0909171],[-40.3735399,-4.0918512]],[[-40.3735399,-4.0918512],[-40.3601696,-4.0319041]],[[-40.3601696,-4.0319041],[-40.3613875,-4.030613],[-40.3717367,-4.0145706],[-40.370772,-4.0015345],[-40.3778258,-3.9927595],[-40.394558,-3.9672096],[-40.4072641,-3.92899],[-40.4041529,-3.9106845],[-40.4156697,-3.8064802]],[[-39.3387916,-6.9058135],[-39.3416177,-6.9060124]],[[-39.3416177,-6.9060124],[-39.3656955,-6.9168365],[-39.3746586,-6.9157989],[-39.3949687,-6.9223687]],[[-39.3949687,-6.9223687],[-39.4226767,-6.9621811],[-39.4356126,-6.9633938],[-39.4523343,-7.0092909]],[[-39.4523343,-7.0092909],[-39.4531055,-7.0676551],[-39.3615588,-7.0576387],[-39.3488602,-7.0904247],[-39.3434783,-7.0921722],[-39.3446811,-7.0951968],[-39.340161,-7.1086095]],[[-39.340161,-7.1086095],[-39.2927632,-7.1103055],[-39.2811265,-7.0926783],[-39.2663831,-7.0940454],[-39.2499415,-7.10531],[-39.2426604,-7.1305296],[-39.2284199,-7.1280624],[-39.2093971,-7.1330498],[-39.2029957,-7.139968],[-39.1925844,-7.1443154]],[[-39.1925844,-7.1443154],[-39.1934026,-7.1506421]],[[-39.1934026,-7.1506421],[-39.1626197,-7.1326228],[-39.1367915,-7.1295913]],[[-39.1367915,-7.1295913],[-39.1358424,-7.1307516]],[[-39.1104648,-6.9627288],[-39.1159858,-6.9428002]],[[-39.1159858,-6.9428002],[-39.2355945,-6.9282671]],[[-39.2355945,-6.9282671],[-39.2464979,-6.9353213],[-39.2950864,-6.9388699],[-39.3209734,-6.9332754],[-39.32919,-6.9674596],[-39.347037,-6.9365855],[-39.3377094,-6.9245615],[-39.3358192,-6.9079967],[-39.3387916,-6.9058135]],[[-39.4015655,-6.4618435],[-39.4284885,-6.4669553],[-39.4425572,-6.4932563],[-39.4554885,-6.4943242],[-39.4746762,-6.5119143],[-39.4960641,-6.5187359],[-39.5118421,-6.5252156],[-39.5325659,-6.5517729]],[[-39.5325659,-6.5517729],[-39.538849,-6.5597246],[-39.5838474,-6.5780225]],[[-39.5838474,-6.5780225],[-39.6296975,-6.6013717],[-39.6777669,-6.6228422],[-39.7146994,-6.6220814],[-39.7320618,-6.6286239],[-39.7374069,-6.6332039]],[[-39.7374069,-6.6332039],[-39.735075,-6.63876]],[[-39.735075,-6.63876],[-39.7135852,-6.6349206],[-39.701757,-6.6453925],[-39.6657878,-6.6372896],[-39.6636737,-6.6449657],[-39.6471144,-6.6849001],[-39.6451311,-6.7373951],[-39.5978759,-6.7498838],[-39.6128111,-6.7796022]],[[-39.6128111,-6.7796022],[-39.6157552,-6.7884553]],[[-39.6157552,-6.7884553],[-39.5564693,-6.7765977],[-39.543992,-6.7681395],[-39.5103891,-6.7767447]],[[-39.5103891,-6.7767447],[-39.4952694,-6.751475]],[[-39.4952694,-6.751475],[-39.4781522,-6.75556],[-39.4628574,-6.7779178],[-39.4423071,-6.7901511],[-39.418648,-6.7825423],[-39.3985658,-6.7552797],[-39.3820293,-6.7695638],[-39.3292286,-6.7708833],[-39.313174,-6.7579844],[-39.2973881,-6.7451617],[-39.3249752,-6.7367838],[-39.3363394,-6.7247966],[-39.3196045,-6.6933469],[-39.2904502,-6.6745421],[-39.2812257,-6.6482299],[-39.2834546,-6.6335461],[-39.2964426,-6.6075008],[-39.3086284,-6.6091887],[-39.3128314,-6.5845434],[-39.2984225,-6.5616827]],[[-39.2984225,-6.5616827],[-39.2957362,-6.557668],[-39.2896312,-6.546717],[-39.2880844,-6.534009],[-39.2813195,-6.5257637]],[[-39.2813195,-6.5257637],[-39.3022567,-6.5290281]],[[-39.3022567,-6.5290281],[-39.3420047,-6.5347134],[-39.3587621,-6.5088175],[-39.3480752,-6.4852674],[-39.3559036,-6.4657063],[-39.3750026,-6.4748336],[-39.3859197,-6.464494],[-39.3980959,-6.4659042]],[[-39.3980959,-6.4659042],[-39.4015655,-6.4618435]],[[-41.1343584,-4.1200762],[-41.1183295,-4.1652241],[-41.0990869,-4.1818395]],[[-41.0990869,-4.1818395],[-41.0740564,-4.2004582],[-41.0175087,-4.2003039],[-41.0061936,-4.1899021],[-40.9753765,-4.2302113]],[[-40.9753765,-4.2302113],[-40.9008923,-4.1589504]],[[-40.9008923,-4.1589504],[-40.8867056,-4.1415279],[-40.8912285,-4.1097364],[-40.9407915,-4.057602],[-40.9727384,-4.0577218],[-40.980426,-4.054909],[-41.0397722,-4.06562],[-41.0628728,-4.049888],[-41.070554,-4.0522365],[-41.0951049,-4.0618897],[-41.1181043,-4.0911314],[-41.1343584,-4.1200762]],[[-38.1570272,-4.1107539],[-38.1476893,-4.1021297],[-38.1914638,-4.0413882],[-38.2277847,-4.0083888]],[[-38.2316172,-4.0233143],[-38.2364026,-4.0227746]],[[-38.2364026,-4.0227746],[-38.2356646,-4.0399419],[-38.2387941,-4.0421624]],[[-38.2387941,-4.0421624],[-38.2568876,-4.0443165],[-38.2628281,-4.073369],[-38.2946619,-4.0615137],[-38.2913478,-4.0964302],[-38.348847,-4.0881209],[-38.3702716,-4.0655868]],[[-38.3702716,-4.0655868],[-38.3928506,-4.223148]],[[-38.3928506,-4.223148],[-38.359625,-4.2667286],[-38.3897762,-4.2634902],[-38.3853724,-4.3379279],[-38.4005518,-4.3571945],[-38.4294377,-4.3569339],[-38.4474702,-4.3714825]],[[-38.4474702,-4.3714825],[-38.3676145,-4.4643836]],[[-38.3676145,-4.4643836],[-38.361659,-4.49181]],[[-38.361659,-4.49181],[-38.3560989,-4.4998226]],[[-39.8880837,-6.1143769],[-39.8925117,-6.1138704]],[[-40.0826139,-6.3633988],[-40.0841055,-6.3674083]],[[-40.0841055,-6.3674083],[-40.0619802,-6.3665912],[-40.0411636,-6.3389241],[-40.0245409,-6.3290821],[-39.9744337,-6.33855],[-39.9466273,-6.3311321],[-39.9247209,-6.3404545],[-39.9187325,-6.3567907],[-39.8796158,-6.3635086],[-39.8661356,-6.3568495],[-39.8449151,-6.3424043],[-39.8445931,-6.3367615],[-39.8211652,-6.2881262],[-39.8168351,-6.263166],[-39.7964412,-6.2416476],[-39.7853801,-6.2136506],[-39.7892953,-6.2064763]],[[-39.7892953,-6.2064763],[-39.7973072,-6.2075388]],[[-40.035264,-4.4577998],[-40.0461436,-4.4537129],[-40.0538966,-4.4539172],[-40.0627966,-4.4663798],[-40.0914273,-4.4854804],[-40.1020139,-4.4956812],[-40.137887,-4.5085713],[-40.157501,-4.5035235],[-40.1837033,-4.5081611],[-40.2078075,-4.4651598],[-40.2544465,-4.4720502]],[[-40.2544465,-4.4720502],[-40.2515179,-4.4905818]],[[-40.2515179,-4.4905818],[-40.2567756,-4.4933907],[-40.264098,-4.5148057],[-40.2484338,-4.5196612],[-40.2432146,-4.5345832],[-40.2424788,-4.5410548],[-40.2411622,-4.5517945],[-40.2348102,-4.5589577],[-40.2396512,-4.570445],[-40.2420092,-4.5977986],[-40.2713553,-4.6104688],[-40.2894403,-4.6045104]],[[-40.2894403,-4.6045104],[-40.2950926,-4.6007999]],[[-40.2950926,-4.6007999],[-40.3029289,-4.6105438],[-40.3154852,-4.6174766],[-40.3164608,-4.6361551],[-40.3311642,-4.6392183],[-40.3423184,-4.6554897],[-40.3204731,-4.6788943],[-40.3213658,-4.6900057],[-40.3035277,-4.7207207],[-40.3137175,-4.7286149],[-40.2795245,-4.7520462],[-40.2733841,-4.7696401],[-40.2450452,-4.7767848],[-40.2099711,-4.7925438],[-40.1847776,-4.7861679],[-40.1487471,-4.8073134],[-40.1361009,-4.8129321]],[[-40.1361009,-4.8129321],[-40.1198853,-4.7480289],[-40.0594998,-4.7168073]],[[-40.0594998,-4.7168073],[-40.0676524,-4.7065227],[-40.0819241,-4.6969266],[-40.0790421,-4.6808355],[-40.102669,-4.6617344],[-40.1065999,-4.6248757],[-40.1212248,-4.6102472],[-40.105471,-4.5908824],[-40.0754426,-4.5876699],[-40.0586017,-4.5681545],[-40.0390194,-4.5718555],[-40.0256679,-4.5546853],[-40.008687,-4.523051],[-40.0043971,-4.5076652],[-40.0068602,-4.4840249]],[[-40.0068602,-4.4840249],[-40.0225895,-4.4618679],[-40.035264,-4.4577998]],[[-38.6225192,-3.7033297],[-38.5973538,-3.7033746],[-38.5907109,-3.7002201],[-38.5875832,-3.696406],[-38.6073936,-3.6914724],[-38.6345814,-3.6859547],[-38.6410855,-3.6869388],[-38.6524047,-3.682156],[-38.6750928,-3.6660794],[-38.6997445,-3.6398392],[-38.7483225,-3.6168895],[-38.7628631,-3.6055235],[-38.8066351,-3.5484934]],[[-38.8066351,-3.5484934],[-38.8318923,-3.5707607],[-38.8816278,-3.6854159],[-38.9183502,-3.6666526],[-38.920866,-3.6846008],[-38.9402041,-3.6832336],[-38.9615086,-3.7119819]],[[-38.9615086,-3.7119819],[-38.9608792,-3.7203406]],[[-38.9608792,-3.7203406],[-38.9515147,-3.7270328],[-38.9552974,-3.7490835],[-38.9557734,-3.7606115],[-38.9784695,-3.7787411],[-38.9833871,-3.8161399],[-38.9965194,-3.8307696],[-38.998116,-3.8396979],[-38.9996411,-3.8452991],[-38.9926825,-3.8565493],[-38.9859028,-3.8594557],[-38.9843874,-3.8644955],[-38.98821,-3.8693286],[-38.958155,-3.9144426],[-38.9546943,-3.9337539],[-38.9469435,-3.9424794]],[[-38.9469435,-3.9424794],[-38.8716433,-3.9687314]],[[-38.8716433,-3.9687314],[-38.8483332,-3.9948709],[-38.8116313,-3.9619419],[-38.7877198,-3.9666437],[-38.7526895,-3.927787],[-38.7432593,-3.9351518],[-38.7355416,-3.9181851],[-38.7162413,-3.8819636],[-38.7030171,-3.8753466],[-38.6881286,-3.8567838]],[[-38.6881286,-3.8567838],[-38.6695508,-3.8276151],[-38.6412703,-3.8235658],[-38.6437593,-3.8120595],[-38.6429337,-3.8076153],[-38.6402365,-3.8061864]],[[-38.6402365,-3.8061864],[-38.6352735,-3.7919584]],[[-38.6352735,-3.7919584],[-38.6214532,-3.7770287],[-38.5989311,-3.7422291],[-38.602306,-3.7368889],[-38.6011436,-3.7344498],[-38.6094324,-3.7240216],[-38.6147802,-3.7227729],[-38.6175123,-3.7220931],[-38.6168938,-3.7192841],[-38.6178453,-3.7103107],[-38.6225192,-3.7033297]],[[-39.1448865,-6.44159],[-39.157527,-6.4463102]],[[-39.157527,-6.4463102],[-39.205138,-6.4632005],[-39.2171387,-6.4899856],[-39.2270529,-6.5022479],[-39.2256952,-6.5175941],[-39.2777778,-6.5278635]],[[-39.2777778,-6.5278635],[-39.2813195,-6.5257637]],[[-39.2984225,-6.5616827],[-39.2366461,-6.5844665],[-39.2368343,-6.5889598]],[[-39.2368343,-6.5889598],[-39.2249905,-6.5893138],[-39.219991,-6.5898387],[-39.2098737,-6.6078133],[-39.1785815,-6.613311],[-39.1694435,-6.6736049],[-39.1427265,-6.6761467],[-39.1292464,-6.7026865],[-39.1246485,-6.7111642],[-39.1079307,-6.7154846]],[[-39.1079307,-6.7154846],[-39.0957779,-6.7133097],[-39.0906561,-6.7127524],[-39.0458631,-6.6957664],[-39.04679,-6.6751874],[-39.0026662,-6.6576906],[-38.9812367,-6.6632631],[-38.9510206,-6.6438774],[-38.9246868,-6.6111779],[-38.9193707,-6.5775952]],[[-38.9193707,-6.5775952],[-38.921742,-6.5656522],[-38.9249024,-6.5578261],[-38.9239496,-6.5544862]],[[-38.9239496,-6.5544862],[-39.0607949,-6.4454983],[-39.1191044,-6.4663829],[-39.1401392,-6.4550644],[-39.1448865,-6.44159]],[[-41.2697039,-2.9717617],[-41.2579529,-3.0027745],[-41.2525524,-3.0356505],[-41.2613493,-3.0500598],[-41.2557657,-3.0875838],[-41.2675025,-3.0928897],[-41.3275371,-3.1599678],[-41.3221708,-3.1786426]],[[-41.3221708,-3.1786426],[-41.2374287,-3.1795118]],[[-41.2374287,-3.1795118],[-41.1511225,-3.1251171]],[[-39.1191212,-4.6338647],[-39.1353697,-4.630456]],[[-39.3648021,-4.7329389],[-39.3725976,-4.7304062]],[[-39.3725976,-4.7304062],[-39.3695381,-4.7421219],[-39.3652279,-4.7431579],[-39.3462935,-4.7475923],[-39.3289642,-4.7326047],[-39.3144876,-4.7227167],[-39.2967054,-4.7291503],[-39.2976056,-4.73751],[-39.3034414,-4.749975],[-39.3424435,-4.7707793],[-39.3450619,-4.7784574]],[[-39.3450619,-4.7784574],[-39.3465632,-4.7900227],[-39.3410459,-4.7915553],[-39.3385676,-4.7945178],[-39.3434769,-4.8001197]],[[-39.3434769,-4.8001197],[-39.3415368,-4.8060498],[-39.332143,-4.8321405],[-39.3037409,-4.8435461],[-39.2982333,-4.8703009],[-39.2723321,-4.9086633],[-39.2534958,-4.9190517],[-39.2266593,-4.9579302]],[[-39.2266593,-4.9579302],[-39.2249775,-4.9612602]],[[-39.2249775,-4.9612602],[-39.2151738,-4.9568267],[-39.1989274,-4.966079],[-39.1843022,-4.9422601],[-39.1660278,-4.9253875],[-39.1408538,-4.8810556],[-39.1205502,-4.8625818],[-39.1211843,-4.8405995],[-39.0960472,-4.8331527],[-39.0775231,-4.8367197],[-39.0665558,-4.7993747],[-39.0388685,-4.7816685],[-39.0609941,-4.7659276],[-39.0744082,-4.7712819],[-39.1041273,-4.7618331],[-39.072671,-4.7263206],[-39.0405537,-4.7109899],[-39.0381374,-4.6752391],[-39.0293197,-4.6657991],[-38.9995519,-4.673706],[-38.9924881,-4.6663456],[-38.9812687,-4.667964]],[[-38.9812687,-4.667964],[-38.9851697,-4.6531671]],[[-38.9851697,-4.6531671],[-38.9919446,-4.6531283],[-39.0002941,-4.6495574],[-39.0128896,-4.6426053],[-39.0262068,-4.643718],[-39.0392315,-4.6395091],[-39.0552748,-4.6488506],[-39.0784432,-4.6386157],[-39.1191212,-4.6338647]],[[-38.3928506,-4.223148],[-38.437443,-4.2316678],[-38.4645896,-4.2454331],[-38.4951402,-4.2313078],[-38.5246938,-4.225892],[-38.5527899,-4.2353047],[-38.570474,-4.2354845]],[[-38.533907,-4.368875],[-38.4940945,-4.3887928],[-38.4716876,-4.3904608],[-38.4433967,-4.4090827],[-38.4390857,-4.4065755],[-38.4368197,-4.3838672]],[[-38.4368197,-4.3838672],[-38.4474702,-4.3714825]],[[-40.5539656,-3.5381367],[-40.5588816,-3.5304372],[-40.6701492,-3.5298806],[-40.6715226,-3.5117617],[-40.6916224,-3.5101217],[-40.706548,-3.5211029],[-40.7619274,-3.5050728],[-40.8568439,-3.5359012]],[[-40.8568439,-3.5359012],[-40.8924672,-3.5591284],[-40.9040368,-3.5753322],[-40.8991227,-3.5955934],[-40.8909351,-3.6679472]],[[-40.8909351,-3.6679472],[-40.8871992,-3.6612161],[-40.880733,-3.6578428]],[[-40.880733,-3.6578428],[-40.8500491,-3.647086],[-40.833401,-3.6339617],[-40.7662521,-3.6484023],[-40.7336264,-3.6890036],[-40.7602273,-3.7093285],[-40.7712592,-3.7286284],[-40.7806188,-3.7403615],[-40.779252,-3.7523078],[-40.7839998,-3.7727301],[-40.7829763,-3.7800437],[-40.7824361,-3.7814516]],[[-40.7824361,-3.7814516],[-40.7803686,-3.7813889],[-40.7795013,-3.7858982],[-40.781464,-3.7884968]],[[-40.781464,-3.7884968],[-40.7805052,-3.7942229],[-40.777434,-3.7985192],[-40.7878275,-3.822004],[-40.7907534,-3.8263547],[-40.7938303,-3.8316485]],[[-40.7938303,-3.8316485],[-40.7661721,-3.8631114]],[[-40.7661721,-3.8631114],[-40.7405763,-3.8288968]],[[-40.7405763,-3.8288968],[-40.7182619,-3.8204239]],[[-40.7182619,-3.8204239],[-40.7121282,-3.8111356],[-40.6888386,-3.8007183],[-40.6557295,-3.7972558],[-40.6105111,-3.6499619],[-40.5486593,-3.6536704]],[[-40.5486593,-3.6536704],[-40.5734562,-3.6449535]],[[-40.5669756,-3.5487843],[-40.5539656,-3.5381367]],[[-40.4142113,-5.2283501],[-40.3728206,-5.1154377],[-40.3736543,-5.1031945],[-40.3996982,-5.0928652],[-40.4196061,-5.073777],[-40.4419941,-5.0370811],[-40.4583854,-5.0456003],[-40.4949494,-5.0368396],[-40.5056311,-5.0240343],[-40.5421253,-5.0130403],[-40.5666149,-5.0198463],[-40.59643,-4.9574087],[-40.6355716,-4.9247458]],[[-40.6355716,-4.9247458],[-40.6514751,-4.9862291],[-40.7154612,-4.9463201],[-40.8274837,-4.9783111],[-41.0506227,-5.0262454]],[[-41.0506227,-5.0262454],[-41.1216678,-5.0260174]],[[-41.1216678,-5.0260174],[-41.1320192,-5.0485713],[-41.0970052,-5.0531485],[-41.0819217,-5.0876328],[-41.0524138,-5.1034029],[-41.034001,-5.0910642],[-41.0264052,-5.1096969],[-40.9886036,-5.1387467],[-40.984453,-5.1513166],[-40.9646309,-5.1500835],[-40.9252903,-5.1820967],[-40.9319989,-5.2012637],[-40.922028,-5.2264511],[-40.9330656,-5.2452268],[-40.9117131,-5.2666535],[-40.9242433,-5.2748372],[-40.9269076,-5.2969667],[-40.9132054,-5.3080512],[-40.9184529,-5.3382552],[-40.9337223,-5.3494043],[-40.9361032,-5.3659675],[-40.9170161,-5.3894477],[-40.9176992,-5.4162908],[-40.9435309,-5.4216436],[-40.9225832,-5.448241],[-40.9161036,-5.468335],[-40.9253323,-5.4913258]],[[-40.9253323,-5.4913258],[-40.9021287,-5.4771586],[-40.8755281,-5.4919986],[-40.8547159,-5.4824877],[-40.8102314,-5.4806025],[-40.7975579,-5.495692],[-40.7739312,-5.4932605],[-40.7590492,-5.4790425],[-40.7436176,-5.4841113],[-40.7240839,-5.4634247],[-40.6879431,-5.4722435],[-40.6851312,-5.4507245],[-40.659516,-5.4483141],[-40.6457774,-5.4266554],[-40.5548052,-5.4266706]],[[-40.5548052,-5.4266706],[-40.5492194,-5.409325],[-40.5389565,-5.3894844],[-40.5243721,-5.3897682],[-40.4793022,-5.2743236]],[[-40.4793022,-5.2743236],[-40.4142113,-5.2283501]],[[-39.578209,-7.033514],[-39.5797478,-7.0453741]],[[-39.5797478,-7.0453741],[-39.577465,-7.074524],[-39.5994946,-7.0800773]],[[-39.5994946,-7.0800773],[-39.6000661,-7.4279315],[-39.5930779,-7.4323513],[-39.5879776,-7.4323573],[-39.5715905,-7.4298313],[-39.5528279,-7.4806568],[-39.5364439,-7.4825303],[-39.5023605,-7.4641484],[-39.4897325,-7.4724233],[-39.4607476,-7.471219],[-39.4556775,-7.5018609],[-39.4851642,-7.534449],[-39.4724536,-7.575182],[-39.4450566,-7.5725121]],[[-39.3525098,-7.2673947],[-39.3492252,-7.2548092]],[[-39.3492252,-7.2548092],[-39.3639819,-7.2128991],[-39.3649915,-7.1607202],[-39.3431314,-7.1410598],[-39.340161,-7.1086095]],[[-39.4523343,-7.0092909],[-39.5014539,-7.0123383],[-39.5108497,-7.0064526],[-39.5272864,-7.003437],[-39.5812307,-7.0233467],[-39.578209,-7.033514]],[[-41.1444482,-4.3705293],[-41.1591586,-4.3801163],[-41.1612067,-4.4149602],[-41.1771347,-4.4412669],[-41.1775718,-4.4676776]],[[-41.1775718,-4.4676776],[-41.1464351,-4.4690851],[-41.1188245,-4.4782024],[-41.0612564,-4.4737944],[-41.025272,-4.4547719],[-40.8887527,-4.4719645],[-40.8256107,-4.4585896],[-40.8093701,-4.4319594],[-40.7934498,-4.423821]],[[-40.7934498,-4.423821],[-40.7890324,-4.4223751],[-40.7850561,-4.4122287],[-40.7823618,-4.3883853],[-40.7629018,-4.3602726],[-40.7647759,-4.3530575],[-40.7985255,-4.3629066]],[[-40.7985255,-4.3629066],[-40.8024779,-4.3451905]],[[-40.8024779,-4.3451905],[-40.8471851,-4.3214153],[-40.8505197,-4.2994557],[-40.858823,-4.2996525],[-40.8639499,-4.3068902],[-40.8682396,-4.3190191],[-40.8729443,-4.3213086],[-40.8751259,-4.3145312],[-40.8842185,-4.3177437],[-40.9273648,-4.2895106],[-41.007404,-4.2729825],[-41.1403242,-4.3700436],[-41.1444482,-4.3705293]],[[-40.3701521,-2.812123],[-40.4294962,-2.811101],[-40.4533375,-2.805623]],[[-40.4533375,-2.805623],[-40.4573379,-2.832783],[-40.4478967,-2.8482886],[-40.452033,-2.8897962],[-40.4323944,-2.9010109],[-40.4330054,-2.9413022],[-40.4179092,-2.9514692]],[[-40.4179092,-2.9514692],[-40.4025063,-2.9480528]],[[-40.2084204,-2.9450519],[-40.1725263,-2.9420893],[-40.1697455,-2.9306738]],[[-39.2670886,-5.7653171],[-39.2803636,-5.7581953]],[[-39.2803636,-5.7581953],[-39.310776,-5.7789852],[-39.3227111,-5.7834653]],[[-39.3227111,-5.7834653],[-39.3271667,-5.7855428]],[[-39.3271667,-5.7855428],[-39.3419944,-5.8095009],[-39.3413519,-5.8194912],[-39.3419343,-5.8514219],[-39.3495707,-5.8786071],[-39.3679877,-5.90105],[-39.3588609,-5.92008],[-39.3635816,-5.9351776],[-39.3631513,-5.9496578],[-39.362293,-5.9524039],[-39.3553831,-5.9575484],[-39.3611617,-5.9717215]],[[-39.3611617,-5.9717215],[-39.362555,-5.9797321],[-39.3671852,-5.9872672]],[[-39.1698739,-5.9602333],[-39.1724552,-5.950314]],[[-39.1724552,-5.950314],[-39.1798747,-5.9198968],[-39.1719037,-5.9043578],[-39.1706428,-5.8653985],[-39.1821734,-5.8598834],[-39.1631537,-5.7985325]],[[-39.1631537,-5.7985325],[-39.2098466,-5.7883497],[-39.2266259,-5.7647297],[-39.2670886,-5.7653171]],[[-38.1592981,-5.9245759],[-38.2319655,-5.9172425],[-38.2591196,-5.9205284],[-38.2750776,-5.8918592],[-38.3265498,-5.9101008],[-38.3325413,-5.91876],[-38.3957939,-5.9171043],[-38.4046743,-5.9127497],[-38.4117525,-5.8984954]],[[-38.4117525,-5.8984954],[-38.3976217,-5.9945595],[-38.4221377,-6.0120598],[-38.4048456,-6.0572729]],[[-38.4048456,-6.0572729],[-38.3856916,-6.0646792],[-38.367823,-6.0875806],[-38.3199214,-6.0770389],[-38.3065012,-6.0870334],[-38.2770092,-6.0699517],[-38.2525691,-6.0431031],[-38.2526921,-6.011914],[-38.2445036,-5.9994574],[-38.2060156,-5.9643478],[-38.1637798,-5.9454434],[-38.1592981,-5.9245759]],[[-38.4429292,-3.8015499],[-38.4460031,-3.8051995],[-38.4451897,-3.8192662],[-38.4498887,-3.8378741],[-38.4883754,-3.8668181],[-38.4938988,-3.8839542]],[[-38.4938988,-3.8839542],[-38.5018756,-3.8881821]],[[-38.5018756,-3.8881821],[-38.5063708,-3.9119326]],[[-38.5063708,-3.9119326],[-38.5088292,-3.9367357]],[[-38.417813,-3.828548],[-38.4200266,-3.8255135],[-38.4191651,-3.823097],[-38.415596,-3.820922],[-38.412106,-3.82193],[-38.409396,-3.819093]],[[-38.409396,-3.819093],[-38.4429292,-3.8015499]],[[-39.6157552,-6.7884553],[-39.6265035,-6.7957296]],[[-39.6265035,-6.7957296],[-39.6508943,-6.8016714],[-39.6572624,-6.7966963],[-39.653102,-6.8206993]],[[-39.6806289,-7.0161477],[-39.6752909,-7.0232943],[-39.6590103,-7.0210705],[-39.6323937,-7.0226553],[-39.5796875,-7.0437943]],[[-39.5796875,-7.0437943],[-39.578209,-7.033514]],[[-39.3949687,-6.9223687],[-39.4186997,-6.8951378],[-39.4832284,-6.8979579],[-39.4857289,-6.8761014],[-39.4731162,-6.8647824],[-39.4842289,-6.8380453],[-39.5026229,-6.8435984],[-39.5078329,-6.8164564],[-39.5168544,-6.810096],[-39.5122132,-6.7817576]],[[-39.5122132,-6.7817576],[-39.5103891,-6.7767447]],[[-40.3700658,-3.8615614],[-40.3663548,-3.8694142]],[[-40.3663548,-3.8694142],[-40.3598012,-3.8689847],[-40.3401441,-3.8699328],[-40.3204008,-3.862557],[-40.3049498,-3.9332107]],[[-40.3049498,-3.9332107],[-40.1887471,-3.9587465]],[[-40.1887471,-3.9587465],[-40.1776567,-3.9497452]],[[-40.1776567,-3.9497452],[-40.1676812,-3.936524],[-40.1494851,-3.9123589],[-40.1418002,-3.8989347],[-40.1365366,-3.8682881],[-40.1268905,-3.8482927],[-40.115689,-3.790812],[-40.12352,-3.7108347],[-40.12608,-3.7008711],[-40.1881957,-3.6958464],[-40.2357108,-3.6974827],[-40.2846545,-3.7304092],[-40.306056,-3.7490025],[-40.3075055,-3.7867013],[-40.3404646,-3.7833423],[-40.3590365,-3.8360597],[-40.3700658,-3.8615614]],[[-38.4013571,-3.8265851],[-38.4358215,-3.7705705],[-38.4634834,-3.7127528],[-38.4958517,-3.7250337],[-38.5393636,-3.7163689],[-38.5866652,-3.692026],[-38.5894414,-3.6991673],[-38.5955816,-3.7030197],[-38.6210465,-3.7023791],[-38.6225192,-3.7033297]],[[-38.6352735,-3.7919584],[-38.6379029,-3.8013954]],[[-38.6379029,-3.8013954],[-38.6146953,-3.8239349],[-38.5875996,-3.8389113],[-38.5413587,-3.8533673],[-38.5423193,-3.8591902]],[[-38.5423193,-3.8591902],[-38.5140644,-3.8946031],[-38.5045547,-3.8882402]],[[-38.5045547,-3.8882402],[-38.4938988,-3.8839542]],[[-38.4429292,-3.8015499],[-38.4084146,-3.819611],[-38.4058699,-3.8215425],[-38.4059311,-3.8239857]],[[-37.7694827,-4.4263877],[-37.7697971,-4.4017515],[-37.796522,-4.3947528],[-37.809989,-4.3986351],[-37.8451205,-4.3816564]],[[-37.9622135,-4.526018],[-37.9633811,-4.5303397]],[[-40.880733,-3.6578428],[-40.887046,-3.661114],[-40.890713,-3.6670717],[-40.8742189,-3.7224726]],[[-40.8742189,-3.7224726],[-40.8953028,-3.7809788]],[[-40.8953028,-3.7809788],[-40.883149,-3.7840625]],[[-40.883149,-3.7840625],[-40.8456916,-3.7887248],[-40.7796351,-3.7862498]],[[-40.7796351,-3.7862498],[-40.7802072,-3.7816763],[-40.7824361,-3.7814516]],[[-39.4687247,-4.005034],[-39.4852373,-4.0053129],[-39.4953737,-3.996678]],[[-39.4953737,-3.996678],[-39.5028183,-4.0013086],[-39.5326814,-4.0844392]],[[-39.5408003,-4.1599933],[-39.5396981,-4.1577801]],[[-39.5396981,-4.1577801],[-39.5317588,-4.1383379],[-39.5213988,-4.1280971],[-39.5246117,-4.1201484],[-39.4921818,-4.1116186],[-39.4839503,-4.1216001],[-39.4498542,-4.1309031],[-39.4463501,-4.1037294],[-39.4069742,-4.0959164],[-39.3818025,-4.1042082],[-39.370934,-4.110149],[-39.3645019,-4.1054477],[-39.3594667,-4.1040114],[-39.3578414,-4.0980526],[-39.3242308,-4.0902312]],[[-40.8197186,-3.9538706],[-40.8242261,-3.9574385],[-40.8360601,-3.9584279]],[[-40.8360601,-3.9584279],[-40.8376172,-3.9859311]],[[-40.8376172,-3.9859311],[-40.8349313,-3.9863431],[-40.8380832,-4.0152749],[-40.8347912,-4.0515516],[-40.8442578,-4.0657314],[-40.8476777,-4.102605],[-40.8206499,-4.1107046]],[[-40.8206499,-4.1107046],[-40.8039991,-4.1230039],[-40.8022186,-4.1259088],[-40.8038988,-4.1294137],[-40.7984615,-4.1313637],[-40.7786765,-4.1303404]],[[-40.7786765,-4.1303404],[-40.7731605,-4.1275027],[-40.7670112,-4.1305732],[-40.7455773,-4.1235077],[-40.712856,-4.1282944]],[[-40.712856,-4.1282944],[-40.68255,-4.0575647]],[[-40.68255,-4.0575647],[-40.7134172,-4.0599433],[-40.730858,-3.9673427]],[[-40.730858,-3.9673427],[-40.735791,-3.9621426]],[[-40.735791,-3.9621426],[-40.7458925,-3.9616424],[-40.7535727,-3.9554667],[-40.7945873,-3.9534275],[-40.8197186,-3.9538706]],[[-41.1014882,-3.0938361],[-41.2374287,-3.1795118]],[[-41.3221708,-3.1786426],[-41.3958586,-3.3040985],[-41.397965,-3.3275467],[-41.4123177,-3.3406973],[-41.4057034,-3.3625818],[-41.3870216,-3.3900079],[-41.3869906,-3.4092984],[-41.3598208,-3.3910218],[-41.3240493,-3.3859241],[-41.3269804,-3.4463006],[-41.319739,-3.4840869],[-41.2991727,-3.4910407]],[[-41.2991727,-3.4910407],[-41.2707386,-3.4783927],[-41.2590019,-3.4708469],[-41.2344881,-3.4558115],[-41.2039745,-3.4097538],[-41.1773329,-3.379144],[-41.1701669,-3.2878929],[-41.1490822,-3.3634064],[-41.1262398,-3.3585061],[-41.0878088,-3.3720632],[-41.0488993,-3.3914765],[-41.0517073,-3.4020378],[-41.0235939,-3.409613],[-41.0034961,-3.4230461],[-40.8867233,-3.5203942]],[[-40.8867233,-3.5203942],[-40.8841341,-3.5148924],[-40.8830334,-3.4958945],[-40.866995,-3.4786662],[-40.8728804,-3.4689509],[-40.8611313,-3.4398358],[-40.8467499,-3.4265653],[-40.8490659,-3.4171692]],[[-40.8490659,-3.4171692],[-40.8413085,-3.3912165],[-40.8290976,-3.3746638],[-40.8291206,-3.3678452],[-40.8378526,-3.3589762],[-40.8775978,-3.3703658],[-40.8695078,-3.3516593],[-40.8551702,-3.3417151],[-40.8489227,-3.3196166],[-40.8168671,-3.2802713],[-40.8381715,-3.2673048],[-40.8304557,-3.2472315],[-40.8384196,-3.2259077],[-40.8343033,-3.2084946]],[[-40.8343033,-3.2084946],[-40.7279212,-3.2339412]],[[-40.7279212,-3.2339412],[-40.7100746,-3.2132073],[-40.7510415,-3.0507806],[-40.5744196,-3.1356788]],[[-40.5744196,-3.1356788],[-40.5095497,-3.1096413],[-40.4950246,-3.062025]],[[-39.1858058,-6.8636983],[-39.2069695,-6.8773296],[-39.2662528,-6.8816899]],[[-39.2662528,-6.8816899],[-39.3387916,-6.9058135]],[[-39.2355945,-6.9282671],[-39.1665778,-6.9357782]],[[-39.1665778,-6.9357782],[-39.1665231,-6.9058743],[-39.1858058,-6.8636983]],[[-40.3663548,-3.8694142],[-40.3765999,-3.852118],[-40.3788211,-3.8377422]],[[-40.3788211,-3.8377422],[-40.3896639,-3.799494],[-40.4156697,-3.8064802]],[[-40.3601696,-4.0319041],[-40.3374771,-3.9700518],[-40.3049498,-3.9332107]],[[-38.6547915,-4.0131206],[-38.6679883,-4.0234601]],[[-38.6679883,-4.0234601],[-38.6726099,-4.039651],[-38.6996011,-4.052128],[-38.7263236,-4.0736917],[-38.7336276,-4.0710352]],[[-38.7336276,-4.0710352],[-38.7453875,-4.0778604],[-38.7550107,-4.1282792]],[[-38.7550107,-4.1282792],[-38.7844209,-4.1349425]],[[-38.7844209,-4.1349425],[-38.7756157,-4.1624731]],[[-38.7756157,-4.1624731],[-38.7567227,-4.1572294],[-38.7191823,-4.1683172],[-38.7175178,-4.1871752]],[[-38.6235057,-4.1656745],[-38.6153509,-4.158972]],[[-38.6153509,-4.158972],[-38.6138663,-4.1520203],[-38.5703908,-4.1282485]],[[-38.5703908,-4.1282485],[-38.5664484,-4.122272]],[[-38.5664484,-4.122272],[-38.5762876,-4.1057301]],[[-38.5762876,-4.1057301],[-38.6128473,-4.1040409],[-38.6045807,-4.0587584],[-38.5747217,-4.0541547]],[[-38.5747217,-4.0541547],[-38.6057736,-4.0145829],[-38.6070148,-4.0101361],[-38.6357711,-4.0235864],[-38.6547915,-4.0131206]],[[-40.7786765,-4.1303404],[-40.797498,-4.1315118],[-40.8034892,-4.1297122],[-40.8023061,-4.1250712],[-40.8103031,-4.1185124]],[[-40.8103031,-4.1185124],[-40.8337118,-4.1182073],[-40.8540708,-4.1455952],[-40.8642968,-4.1536923],[-40.8957473,-4.1574353]],[[-40.8957473,-4.1574353],[-40.9003975,-4.1586083],[-40.9753765,-4.2302113]],[[-41.0990869,-4.1818395],[-41.1359048,-4.2335113],[-41.1191241,-4.3065257],[-41.1201713,-4.3305667],[-41.1334226,-4.340145],[-41.1444482,-4.3705293]],[[-40.8024779,-4.3451905],[-40.8008747,-4.3429372]],[[-40.8008747,-4.3429372],[-40.7882717,-4.3194841],[-40.7924186,-4.2879637],[-40.803127,-4.2664915],[-40.7779035,-4.2352356],[-40.736112,-4.2200355],[-40.7319925,-4.2063785],[-40.7266545,-4.2044134]],[[-40.7266545,-4.2044134],[-40.7101342,-4.1584393],[-40.7147584,-4.1553098],[-40.712856,-4.1282944]],[[-38.946729,-4.1801927],[-38.9530703,-4.1841097]],[[-38.9950762,-4.2601367],[-38.9853695,-4.2657963]],[[-38.9853695,-4.2657963],[-38.9412092,-4.3032608]],[[-38.9412092,-4.3032608],[-38.9335883,-4.3231461],[-38.9159063,-4.2915315]],[[-38.8912397,-4.2770241],[-38.8989871,-4.2609439],[-38.9027473,-4.2487496],[-38.9411367,-4.2357748],[-38.9346053,-4.2127463],[-38.9443522,-4.1936632],[-38.946729,-4.1801927]],[[-40.4508063,-4.2602927],[-40.4665246,-4.2712031]],[[-40.4665246,-4.2712031],[-40.4780627,-4.2923098]],[[-40.4780627,-4.2923098],[-40.4941341,-4.3197356],[-40.5172594,-4.3289543],[-40.5226919,-4.3550859],[-40.5444653,-4.3705076],[-40.5613585,-4.4011978],[-40.5653245,-4.4194145],[-40.5542681,-4.4384741],[-40.5841726,-4.4718433],[-40.5848436,-4.5004195],[-40.5989712,-4.5299751],[-40.5936486,-4.5379127]],[[-40.5936486,-4.5379127],[-40.5878834,-4.5575772]],[[-40.5878834,-4.5575772],[-40.509401,-4.5075023],[-40.4608693,-4.5283444]],[[-40.4608693,-4.5283444],[-40.38119,-4.548867],[-40.364225,-4.5624755]],[[-40.364225,-4.5624755],[-40.3489872,-4.5800352],[-40.3221096,-4.5765792],[-40.2957057,-4.5968884]],[[-40.2957057,-4.5968884],[-40.2894403,-4.6045104]],[[-40.2515179,-4.4905818],[-40.2560833,-4.4651715]],[[-40.2560833,-4.4651715],[-40.255738,-4.45581],[-40.2570857,-4.443526],[-40.2759834,-4.431535],[-40.2962803,-4.4028964],[-40.3053895,-4.3872054],[-40.306078,-4.3745999],[-40.3117161,-4.3573902],[-40.3191472,-4.3465683],[-40.3235705,-4.3369018],[-40.3161745,-4.2815149],[-40.3024343,-4.2686206],[-40.4508063,-4.2602927]],[[-38.501031,-4.0611573],[-38.5358511,-4.0413507],[-38.5392223,-4.049561]],[[-38.5392223,-4.049561],[-38.5359939,-4.0792455],[-38.5502178,-4.0927873],[-38.5575441,-4.1191696]],[[-38.5575441,-4.1191696],[-38.5664484,-4.122272]],[[-38.5703908,-4.1282485],[-38.5425408,-4.1285444],[-38.5261904,-4.1322113],[-38.4964443,-4.1451546],[-38.4802347,-4.1381707],[-38.381888,-4.1451465]],[[-38.381888,-4.1451465],[-38.3725084,-4.0784555]],[[-38.7657138,-4.623237],[-38.7689464,-4.6307544],[-38.7761803,-4.6276147],[-38.8120655,-4.66435],[-38.823525,-4.6714669],[-38.85307,-4.6674474]],[[-38.85307,-4.6674474],[-38.8570955,-4.6668321],[-38.871534,-4.6792896],[-38.8744039,-4.6794854]],[[-38.8744039,-4.6794854],[-38.8022725,-4.741018],[-38.8752164,-4.8519463],[-38.9219382,-4.8267049],[-38.9199778,-4.8510393],[-38.8907218,-4.8948286],[-38.8827394,-4.9283317]],[[-38.8827394,-4.9283317],[-38.8851853,-4.9323782],[-38.8842752,-4.9349395],[-38.7012424,-4.9023912]],[[-38.7012424,-4.9023912],[-38.6475384,-4.9375525]],[[-38.6475384,-4.9375525],[-38.6380651,-4.9264958],[-38.6458318,-4.8971273],[-38.6646343,-4.8761905],[-38.6668316,-4.8693941],[-38.6596572,-4.8648801],[-38.5963962,-4.8173273],[-38.5971754,-4.8110117],[-38.5807351,-4.802026],[-38.5721417,-4.764819],[-38.5374808,-4.7560975],[-38.5265795,-4.7400699],[-38.5197184,-4.7300168],[-38.5337524,-4.7033684],[-38.5260294,-4.6848133]],[[-38.5260294,-4.6848133],[-38.5295371,-4.6796209]],[[-38.5295371,-4.6796209],[-38.5528721,-4.6731428],[-38.5582776,-4.6734711],[-38.5690774,-4.6732164]],[[-38.5690774,-4.6732164],[-38.5762255,-4.6689594]],[[-40.8766707,-3.872101],[-40.8878388,-3.8685228]],[[-40.8878388,-3.8685228],[-40.8943305,-3.8882061],[-40.9180838,-3.8891196],[-40.9323856,-3.9076021],[-40.9771047,-3.8925188],[-41.1081885,-3.9318819],[-41.1507255,-3.9471494],[-41.1635243,-3.9437217],[-41.2118476,-3.9724089],[-41.2218186,-3.9689495]],[[-41.2218186,-3.9689495],[-41.2318883,-3.9664993],[-41.24924,-3.9898697],[-41.2388289,-4.015405],[-41.2567269,-4.0348486],[-41.1817351,-4.0138087]],[[-41.1817351,-4.0138087],[-41.1657213,-3.9999877],[-41.1176395,-3.9871682],[-41.0960235,-4.0062922],[-41.0476888,-3.9921955],[-40.9643251,-3.9820822],[-40.9561646,-3.9859446],[-40.9362936,-3.9866165],[-40.9092702,-3.9892285],[-40.8961222,-3.9919824],[-40.8668348,-3.9823701],[-40.8457321,-3.9775294],[-40.8376172,-3.9859311]],[[-40.8360601,-3.9584279],[-40.8295763,-3.9586624],[-40.8227332,-3.956325]],[[-40.8227332,-3.956325],[-40.8240063,-3.9498306],[-40.8279168,-3.9422309],[-40.8284238,-3.9364049],[-40.8338272,-3.9244188],[-40.8007047,-3.918179],[-40.7774334,-3.883722],[-40.8538538,-3.8953235],[-40.8592042,-3.8771121],[-40.8707766,-3.8768693],[-40.8766707,-3.872101]],[[-38.6343258,-4.9289439],[-38.6450999,-4.9508061]],[[-38.6450999,-4.9508061],[-38.6473813,-4.9799183],[-38.6774553,-5.004817],[-38.6767077,-5.0282588],[-38.6859037,-5.054908],[-38.6606038,-5.0475188],[-38.6548939,-5.0489352],[-38.6246395,-5.0637899]],[[-38.6246395,-5.0637899],[-38.6251214,-5.0666064]],[[-38.6251214,-5.0666064],[-38.4858264,-5.0878388],[-38.4975851,-5.0678814],[-38.4790403,-5.0198229],[-38.4911184,-5.0106504],[-38.5054264,-4.9833709],[-38.5073549,-4.9563075],[-38.4245652,-4.930665],[-38.4209373,-4.9036409],[-38.4380956,-4.8755498],[-38.453953,-4.8757825],[-38.4671223,-4.8829616],[-38.4910705,-4.8802501],[-38.517879,-4.8901806],[-38.5924443,-4.8739809],[-38.6324021,-4.90686],[-38.6343258,-4.9289439]],[[-37.3568981,-4.8580565],[-37.2526586,-4.8313903],[-37.2804374,-4.7544823],[-37.2950338,-4.7302004],[-37.3259097,-4.700268],[-37.3420476,-4.6911061],[-37.4116613,-4.673699],[-37.4724783,-4.6503476],[-37.4991903,-4.626747],[-37.5207375,-4.6411801],[-37.5404098,-4.6446928]],[[-38.75529,-6.1111598],[-38.7653228,-6.1240162],[-38.7803221,-6.1185968]],[[-38.7803221,-6.1185968],[-38.7796488,-6.1160259],[-38.785158,-6.1152307],[-38.7983074,-6.123009]],[[-38.7983074,-6.123009],[-38.8007708,-6.1219448]],[[-38.8007708,-6.1219448],[-38.8267202,-6.2179413],[-38.8270768,-6.2250463],[-38.8302191,-6.2315982],[-38.8278114,-6.2783415],[-38.8363342,-6.2922185],[-38.8783307,-6.3274368],[-38.9163396,-6.3096042],[-38.9344815,-6.3400191],[-38.957016,-6.3349492],[-38.9838397,-6.3521477],[-38.9804802,-6.3695457],[-38.9804753,-6.3771142],[-38.9918973,-6.3769615],[-39.040055,-6.3768906],[-39.0564348,-6.387205],[-39.0818007,-6.3642584],[-39.0922314,-6.3770689],[-39.1039556,-6.382744],[-39.1293902,-6.4086288]],[[-39.1293902,-6.4086288],[-39.1401925,-6.4373369]],[[-39.1401925,-6.4373369],[-39.1448865,-6.44159]],[[-38.9239496,-6.5544862],[-38.9249071,-6.5595544],[-38.9215743,-6.5666814]],[[-38.9215743,-6.5666814],[-38.9187797,-6.5666126],[-38.9168831,-6.56838]],[[-38.9168831,-6.56838],[-38.9101396,-6.5766965],[-38.8765668,-6.5816181]],[[-38.8765668,-6.5816181],[-38.8546121,-6.5968804],[-38.7908691,-6.6006606],[-38.7755412,-6.6123207],[-38.7676511,-6.6060518],[-38.737279,-6.5885923],[-38.7352045,-6.5703915],[-38.7020513,-6.5555542],[-38.6792829,-6.5630686],[-38.6595596,-6.545852],[-38.6350116,-6.5349624]],[[-38.6350116,-6.5349624],[-38.6163543,-6.5329848],[-38.6122882,-6.5131913],[-38.5949723,-6.5004422],[-38.5704101,-6.4701951],[-38.5698165,-6.4548759],[-38.5542654,-6.4327631],[-38.5245176,-6.407083],[-38.5515225,-6.3981672],[-38.5719684,-6.4041066],[-38.5924663,-6.3782461],[-38.5644277,-6.3518251],[-38.5770754,-6.3474275],[-38.5812962,-6.3162102],[-38.5702964,-6.2999934],[-38.5795457,-6.2796264],[-38.554421,-6.2633956],[-38.5458512,-6.2454264],[-38.5289654,-6.2398703],[-38.5197118,-6.2230376]],[[-38.5197118,-6.2230376],[-38.5427091,-6.2298037],[-38.5556445,-6.2306404],[-38.5678554,-6.2218817],[-38.5710913,-6.2075118],[-38.5793626,-6.2066388],[-38.5918343,-6.1972045],[-38.5971095,-6.1893839],[-38.5994724,-6.1812478]],[[-38.5994724,-6.1812478],[-38.6036084,-6.1742372]],[[-38.6036084,-6.1742372],[-38.6319127,-6.1743246],[-38.6474748,-6.1858707],[-38.6693816,-6.2005527]],[[-38.6693816,-6.2005527],[-38.6868096,-6.2099326],[-38.7081406,-6.2064059]],[[-38.7081406,-6.2064059],[-38.7216139,-6.19952],[-38.7279481,-6.1971681],[-38.7353323,-6.1752465],[-38.7248718,-6.1476205],[-38.722174,-6.1389548],[-38.7195736,-6.1271058],[-38.75529,-6.1111598]],[[-39.2729118,-6.182646],[-39.2750213,-6.1737077],[-39.2804762,-6.1707856],[-39.2965848,-6.1754908],[-39.3038369,-6.1761416]],[[-39.3038369,-6.1761416],[-39.3077218,-6.1745663]],[[-39.4638612,-6.2803854],[-39.4583689,-6.32703],[-39.4641955,-6.3425443]],[[-39.4641955,-6.3425443],[-39.4625979,-6.3457625],[-39.4647481,-6.3505426],[-39.462718,-6.3516071],[-39.4685169,-6.357011],[-39.4732116,-6.3743594],[-39.4340708,-6.3982059],[-39.4148179,-6.3912376],[-39.4078921,-6.4087309],[-39.4072984,-6.4417868]],[[-39.4072984,-6.4417868],[-39.3980959,-6.4659042]],[[-39.3022567,-6.5290281],[-39.2858378,-6.5248068],[-39.2818945,-6.5252804],[-39.2777778,-6.5278635]],[[-39.157527,-6.4463102],[-39.1401925,-6.4373369]],[[-39.1293902,-6.4086288],[-39.1019185,-6.3567566],[-39.0939956,-6.334822],[-39.0824157,-6.333259],[-39.0716054,-6.3113216],[-39.052828,-6.2961578],[-39.0563409,-6.2588205]],[[-39.0563409,-6.2588205],[-39.0614713,-6.2514843]],[[-39.0614713,-6.2514843],[-39.0645786,-6.2383814],[-39.0715254,-6.235113],[-39.0899646,-6.2385957],[-39.0971014,-6.2422129],[-39.1147841,-6.2616716],[-39.134668,-6.2890171]],[[-39.134668,-6.2890171],[-39.1630903,-6.3046624],[-39.2166198,-6.2905693],[-39.2175574,-6.2705115],[-39.2567135,-6.2716297],[-39.2787247,-6.2792038],[-39.304384,-6.2701909],[-39.2706942,-6.235487],[-39.2726249,-6.2164802],[-39.2729118,-6.182646]],[[-40.3132242,-5.155409],[-40.4793022,-5.2743236]],[[-40.5548052,-5.4266706],[-40.5520412,-5.429611],[-40.5629582,-5.4344822],[-40.5843376,-5.4673426],[-40.6202825,-5.5382011],[-40.6081288,-5.5599323],[-40.6254854,-5.5866791],[-40.6205893,-5.6010624],[-40.6388629,-5.6226717],[-40.6362625,-5.647274],[-40.646167,-5.6554039]],[[-40.646167,-5.6554039],[-40.6455813,-5.6627879],[-40.6524636,-5.6676866],[-40.6540722,-5.6725217],[-40.642642,-5.6820572]],[[-40.642642,-5.6820572],[-40.6209356,-5.712509],[-40.6169367,-5.7350095]],[[-40.6169367,-5.7350095],[-40.5698132,-5.7415188],[-40.5668451,-5.7925835],[-40.5651835,-5.8217468],[-40.5673431,-5.8329158],[-40.5642181,-5.8402224]],[[-40.5642181,-5.8402224],[-40.5315404,-5.8179884],[-40.5135235,-5.813555]],[[-40.5135235,-5.813555],[-40.4942071,-5.8290635],[-40.4867239,-5.8348921],[-40.4740932,-5.8257339],[-40.4522753,-5.8291873],[-40.4219317,-5.8121588],[-40.4111305,-5.8058201],[-40.4069825,-5.7970953],[-40.3973555,-5.782104],[-40.3726158,-5.7539033],[-40.3655148,-5.7473261],[-40.3630584,-5.7433927],[-40.3289723,-5.7461822],[-40.3189057,-5.7424248],[-40.2896165,-5.7564379],[-40.2827481,-5.7517717],[-40.2508747,-5.7278837],[-40.2426126,-5.7100305],[-40.2230152,-5.7004232],[-40.2148648,-5.6945025],[-40.2151287,-5.6847384],[-40.2362418,-5.6313938],[-40.2218788,-5.6027826],[-40.2204161,-5.5867658],[-40.1936717,-5.5736915],[-40.1689852,-5.5486457],[-40.1609286,-5.5457494],[-40.1335062,-5.5468018],[-40.1201947,-5.5482119],[-40.1152178,-5.5434284],[-40.1122351,-5.5381807],[-40.1101775,-5.5255795],[-40.1127397,-5.5150966],[-40.1098133,-5.5035505],[-40.1061522,-5.4696013],[-40.1001234,-5.4513059],[-40.0998543,-5.4440545],[-40.0897692,-5.4353078],[-40.0833748,-5.4224999],[-40.0730298,-5.4112405],[-40.067438,-5.4015144],[-40.0588421,-5.3973778]],[[-40.0588421,-5.3973778],[-40.0616993,-5.3902313]],[[-40.0616993,-5.3902313],[-40.0600107,-5.3612492],[-40.0456677,-5.3563864],[-40.0350568,-5.3497861],[-40.0263708,-5.3438581],[-40.0238808,-5.3315928],[-40.0209252,-5.3279657]],[[-40.0209252,-5.3279657],[-40.0307166,-5.3109738]],[[-40.1533192,-5.163832],[-40.1670113,-5.1665546]],[[-40.1670113,-5.1665546],[-40.1839272,-5.1750766],[-40.1911843,-5.1709174],[-40.2203354,-5.1516623],[-40.2414856,-5.1711512],[-40.2686795,-5.162532],[-40.3039956,-5.1684555],[-40.3132242,-5.155409]],[[-40.8823099,-4.7841883],[-40.8862724,-4.797487],[-40.8800922,-4.8299407],[-40.8814089,-4.8434648],[-40.8759273,-4.8520206],[-40.8806877,-4.8597999],[-40.9290454,-4.8861056],[-40.9418697,-4.8825315],[-40.9857922,-4.9101198],[-41.0095815,-4.9415073],[-41.0325819,-4.9607163],[-41.0506227,-5.0262454]],[[-40.6355716,-4.9247458],[-40.5411383,-4.9153257]],[[-40.5411383,-4.9153257],[-40.628625,-4.7939029]],[[-40.628625,-4.7939029],[-40.6280772,-4.7902898]],[[-38.8465922,-6.7092104],[-38.8469195,-6.7217375],[-38.8288832,-6.7446623],[-38.7956479,-6.7688459],[-38.8222502,-6.7777903],[-38.8110251,-6.8466351],[-38.8354645,-6.8476236],[-38.8560104,-6.859032]],[[-38.8560104,-6.859032],[-38.8475102,-6.8602483]],[[-38.7682168,-6.90755],[-38.7302886,-6.8968135],[-38.6866911,-6.8657917],[-38.672935,-6.8361431],[-38.6518704,-6.8117122],[-38.6360761,-6.8043736],[-38.6290247,-6.7777091],[-38.6402689,-6.7639897],[-38.6506098,-6.761858],[-38.6526802,-6.7597641],[-38.6524658,-6.7568807],[-38.6692302,-6.7590709]],[[-40.8008747,-4.3429372],[-40.7985255,-4.3629066]],[[-40.7934498,-4.423821],[-40.7069949,-4.4832541],[-40.695289,-4.4506524],[-40.6700217,-4.4461188],[-40.6460885,-4.489336],[-40.6342201,-4.5259911],[-40.6024473,-4.557051]],[[-40.6024473,-4.557051],[-40.5936486,-4.5379127]],[[-40.4780627,-4.2923098],[-40.5686011,-4.3145741],[-40.6391601,-4.3007926],[-40.6721986,-4.2978524],[-40.6988191,-4.288854],[-40.6946522,-4.221939],[-40.6887103,-4.2174948],[-40.6845182,-4.2147974]],[[-40.6845182,-4.2147974],[-40.6892013,-4.2087897]],[[-40.6892013,-4.2087897],[-40.7130331,-4.2046152],[-40.7266545,-4.2044134]],[[-41.1775718,-4.4676776],[-41.1893473,-4.4886807],[-41.190776,-4.515529],[-41.2037906,-4.5284214],[-41.2215303,-4.5674913],[-41.239815,-4.5735551]],[[-41.239815,-4.5735551],[-41.2282094,-4.5730265],[-41.2243734,-4.5748328],[-41.2167015,-4.5832729],[-41.1637791,-4.5916864],[-41.1476741,-4.599673],[-41.0988583,-4.6024165],[-41.0871918,-4.6134005],[-41.0592552,-4.620449],[-41.0518486,-4.6292435],[-40.9870658,-4.6600426],[-40.9744744,-4.6888867],[-40.9631149,-4.6882735],[-40.9553464,-4.716359],[-40.8880584,-4.7165491],[-40.8733977,-4.6998978],[-40.8614784,-4.6798393],[-40.8571454,-4.6729843],[-40.854094,-4.6760558],[-40.8666727,-4.705542]],[[-40.8666727,-4.705542],[-40.8721944,-4.712317]],[[-40.6698089,-4.7051233],[-40.6266635,-4.6212209]],[[-40.6266635,-4.6212209],[-40.6047612,-4.6200943],[-40.5870037,-4.5941891],[-40.5829455,-4.5779628],[-40.5860889,-4.5602545],[-40.5878834,-4.5575772]],[[-40.5878834,-4.5575772],[-40.6024473,-4.557051]],[[-38.2655752,-5.6052751],[-38.2675271,-5.6023001],[-38.4329119,-5.6270177]],[[-38.4329119,-5.6270177],[-38.4399241,-5.6358618],[-38.4383969,-5.6464658],[-38.459016,-5.6792331],[-38.4527433,-5.7023135],[-38.4638512,-5.7323622],[-38.4825092,-5.7539705],[-38.4859352,-5.7596437],[-38.4883729,-5.7646158],[-38.4869369,-5.7665956],[-38.4779037,-5.7760043]],[[-38.4779037,-5.7760043],[-38.4745643,-5.7789718]],[[-38.4745643,-5.7789718],[-38.462862,-5.7806951]],[[-38.462862,-5.7806951],[-38.4677212,-5.803996],[-38.4649092,-5.8213924],[-38.4834095,-5.8837594],[-38.4757568,-5.8888271],[-38.4593438,-5.8708583],[-38.4367762,-5.8853444],[-38.4225128,-5.8795295],[-38.4117525,-5.8984954]],[[-38.1592981,-5.9245759],[-38.1634083,-5.9141911],[-38.146515,-5.8920319],[-38.1472424,-5.863593],[-38.1902676,-5.8451951],[-38.2126956,-5.841676],[-38.2373762,-5.8080581],[-38.2507586,-5.7652189],[-38.2641117,-5.6894986],[-38.2667206,-5.6782159],[-38.2602677,-5.6619306],[-38.2493201,-5.6470348]],[[-38.2493201,-5.6470348],[-38.2599664,-5.6347039]],[[-39.7813625,-3.6419984],[-39.7957404,-3.6227873],[-39.809804,-3.6056422],[-39.8312299,-3.6033128],[-39.8990677,-3.6619303],[-39.8991661,-3.6792817],[-39.9130076,-3.7208293],[-39.9359702,-3.7170784],[-40.0149215,-3.7120918]],[[-40.0149215,-3.7120918],[-40.0143618,-3.7144037]],[[-40.0143618,-3.7144037],[-40.0115035,-3.7606208],[-39.9763432,-3.7766763],[-39.9248611,-3.9460854],[-40.006947,-3.8990925],[-39.9974447,-3.9200438]],[[-39.9974447,-3.9200438],[-40.0001343,-3.9281784],[-39.9992345,-3.9305164],[-39.9909614,-3.938692],[-39.9691022,-3.9516867]],[[-39.9691022,-3.9516867],[-39.9524427,-3.9643026],[-39.9414483,-3.9858859],[-39.9170414,-3.9975052],[-39.9142711,-4.0194823],[-39.9269579,-4.0341672],[-39.9142406,-4.0350033],[-39.8746743,-4.0533222],[-39.8670366,-4.0691441],[-39.8493331,-4.0881661],[-39.8573173,-4.0982779],[-39.840626,-4.1135274]],[[-39.840626,-4.1135274],[-39.839019,-4.1124334]],[[-39.839019,-4.1124334],[-39.8185394,-4.1178581],[-39.7953637,-4.1596054],[-39.7809174,-4.1751211]],[[-39.7809174,-4.1751211],[-39.7688957,-4.1588194]],[[-39.6649485,-4.0816739],[-39.6926662,-4.0215638],[-39.706118,-4.0193484],[-39.7105807,-3.950526],[-39.710818,-3.9024862],[-39.7187314,-3.8872533],[-39.7038011,-3.850877],[-39.6782516,-3.832656],[-39.6684523,-3.8343779],[-39.6619194,-3.8285802],[-39.6476045,-3.8213416],[-39.6395267,-3.822134]],[[-39.6395267,-3.822134],[-39.6414086,-3.8207532]],[[-39.6414086,-3.8207532],[-39.6533415,-3.7736883],[-39.6822793,-3.7531249],[-39.6888875,-3.7086858],[-39.7074083,-3.6890883],[-39.6966634,-3.6451533],[-39.6982074,-3.6296804]],[[-39.6982074,-3.6296804],[-39.7071906,-3.6211595]],[[-39.7071906,-3.6211595],[-39.7091296,-3.6332307],[-39.710749,-3.6386052],[-39.7085114,-3.6469986]],[[-39.7085114,-3.6469986],[-39.7131206,-3.6549898],[-39.7813625,-3.6419984]],[[-37.9505284,-4.6617678],[-37.9555694,-4.7295448],[-37.9337665,-4.7636224]],[[-37.9337665,-4.7636224],[-37.8300869,-4.763207],[-37.8251491,-4.742014],[-37.7885724,-4.7295893],[-37.7887298,-4.756712],[-37.6162718,-4.7180139]],[[-38.5423193,-3.8591902],[-38.5559615,-3.9060374],[-38.5737216,-3.9959682],[-38.5747217,-4.0541547]],[[-38.5762876,-4.1057301],[-38.5575441,-4.1191696]],[[-38.5392223,-4.049561],[-38.5365152,-4.0446987],[-38.5362061,-4.0397202],[-38.5335931,-4.0389347],[-38.5258577,-4.0293093]],[[-38.5129239,-3.9576472],[-38.5063708,-3.9119326]],[[-38.5018756,-3.8881821],[-38.5045547,-3.8882402]],[[-39.6038614,-3.6301727],[-39.6130278,-3.6421639],[-39.6401935,-3.6357306],[-39.6540556,-3.6505065],[-39.6798067,-3.6477457],[-39.691102,-3.6147408]],[[-39.691102,-3.6147408],[-39.6982074,-3.6296804]],[[-39.6414086,-3.8207532],[-39.6294369,-3.8262354]],[[-39.6294369,-3.8262354],[-39.6127009,-3.8208476],[-39.5884105,-3.8254733],[-39.5392661,-3.7619625],[-39.5145138,-3.7453719]],[[-39.5145138,-3.7453719],[-39.489718,-3.7601785],[-39.4934041,-3.8191927]],[[-39.4934041,-3.8191927],[-39.4787818,-3.8177444],[-39.4765087,-3.8576366],[-39.4570256,-3.8611676],[-39.4303659,-3.855476]],[[-39.4147735,-3.8298594],[-39.424292,-3.824557],[-39.4350821,-3.786838]],[[-39.4350821,-3.786838],[-39.4323232,-3.7671819]],[[-39.4323232,-3.7671819],[-39.4388628,-3.7506772],[-39.4563995,-3.747789],[-39.4714037,-3.72699],[-39.4959047,-3.721795],[-39.5129726,-3.693335]],[[-39.5129726,-3.693335],[-39.5141006,-3.6581732]],[[-39.5141006,-3.6581732],[-39.5547498,-3.6530151],[-39.5571494,-3.6404417],[-39.5827763,-3.6283141],[-39.5902679,-3.6260452]],[[-39.5902679,-3.6260452],[-39.6038614,-3.6301727]],[[-39.7813121,-3.4615167],[-39.7851395,-3.4757176]],[[-39.7851395,-3.4757176],[-39.7866584,-3.4836045],[-39.7792328,-3.4962572],[-39.7674904,-3.5255221],[-39.7616061,-3.5409054],[-39.7525843,-3.5621893],[-39.7589888,-3.5771011],[-39.7558227,-3.6027134],[-39.7131233,-3.6549893]],[[-39.7131233,-3.6549893],[-39.7085114,-3.6469986]],[[-39.7071906,-3.6211595],[-39.691102,-3.6147408]],[[-39.6038614,-3.6301727],[-39.596418,-3.6266191]],[[-39.596418,-3.6266191],[-39.5453266,-3.5749736],[-39.5045409,-3.5744713]],[[-39.5045409,-3.5744713],[-39.4774059,-3.5825783],[-39.4511148,-3.5825534],[-39.4452769,-3.5798994],[-39.431592,-3.5703364],[-39.433006,-3.568057],[-39.4232261,-3.5611776],[-39.400999,-3.5486737],[-39.4181894,-3.5067394],[-39.4299168,-3.4947806],[-39.4263153,-3.4713427],[-39.4386557,-3.4487414],[-39.4514208,-3.4440319],[-39.4655526,-3.4089946]],[[-39.4655526,-3.4089946],[-39.4702599,-3.4027317]],[[-39.4702599,-3.4027317],[-39.4955704,-3.3694024],[-39.496563,-3.3539871],[-39.5041107,-3.3494354],[-39.503579,-3.334356],[-39.5100724,-3.3176932],[-39.5046561,-3.297853],[-39.5118924,-3.2907403],[-39.5224578,-3.2739079],[-39.5041276,-3.2410531],[-39.5095141,-3.2020826],[-39.4757919,-3.1973356],[-39.4651697,-3.2049964],[-39.4312602,-3.2080273],[-39.4057046,-3.19966],[-39.4046987,-3.1851789],[-39.3814239,-3.1863799]],[[-39.3814239,-3.1863799],[-39.4128481,-3.1603738],[-39.4380994,-3.1475857],[-39.4637897,-3.143205],[-39.4868939,-3.1191393],[-39.5228171,-3.1019599],[-39.5506491,-3.079233]],[[-39.1297993,-4.6281468],[-39.1191212,-4.6338647]],[[-38.9851697,-4.6531671],[-38.9774659,-4.6697059]],[[-38.9774659,-4.6697059],[-38.9646157,-4.665279],[-38.949245,-4.68402],[-38.9650881,-4.7049487],[-38.9512165,-4.7169728],[-38.9437605,-4.7407936],[-38.9233287,-4.7391012],[-38.9013718,-4.7125296],[-38.8817978,-4.7047568],[-38.8777815,-4.6861636]],[[-38.8777815,-4.6861636],[-38.8745251,-4.6795193],[-38.8696622,-4.6779126],[-38.8582236,-4.6670148],[-38.85307,-4.6674474]],[[-38.7657138,-4.623237],[-38.8033868,-4.5804937],[-38.8067933,-4.5791925],[-38.8154752,-4.5816555]],[[-38.9909503,-4.4928812],[-38.9988121,-4.4808219]],[[-39.9075467,-3.2736106],[-39.9063062,-3.2732109]],[[-39.7195074,-3.0003411],[-39.7761955,-2.9560682],[-39.8224709,-2.9319775],[-39.8652826,-2.8981287],[-39.9187373,-2.8683649],[-39.9424209,-2.8663561]],[[-39.7044186,-4.5441222],[-39.7013247,-4.5454287]],[[-39.7013247,-4.5454287],[-39.6901095,-4.5651679],[-39.7008618,-4.5836919],[-39.7170887,-4.5973609],[-39.7700402,-4.6307371],[-39.7695035,-4.6358816],[-39.7612912,-4.6470006],[-39.7159811,-4.6559261],[-39.7303646,-4.6667507],[-39.7218922,-4.6870647]],[[-39.7218922,-4.6870647],[-39.7294176,-4.6959029]],[[-39.7262384,-4.7495004],[-39.6921533,-4.7449385],[-39.6657421,-4.7318766],[-39.6288737,-4.7314207],[-39.5756512,-4.7487624],[-39.5101129,-4.7247348],[-39.3897982,-4.7248085],[-39.3712705,-4.7173442]],[[-39.3712705,-4.7173442],[-39.3816996,-4.7128872]],[[-38.9110477,-5.4555096],[-38.9078581,-5.4581522]],[[-38.9078581,-5.4581522],[-38.9037046,-5.4712421],[-38.9091849,-5.5952725],[-38.8808267,-5.6556751],[-38.80487,-5.7867357]],[[-38.80487,-5.7867357],[-38.791917,-5.7869181]],[[-38.791917,-5.7869181],[-38.7714066,-5.7837504],[-38.7589926,-5.7690898],[-38.7189598,-5.759828],[-38.698049,-5.761602],[-38.6762403,-5.7456531]],[[-38.6762403,-5.7456531],[-38.6642115,-5.6955275],[-38.6425282,-5.6652113],[-38.6214122,-5.6569164],[-38.6083183,-5.6046518],[-38.5826727,-5.5698297],[-38.5601844,-5.565556],[-38.5690463,-5.5210438],[-38.5628446,-5.5081507],[-38.529264,-5.4902736],[-38.5520068,-5.4692962],[-38.5295248,-5.4471363]],[[-38.5295248,-5.4471363],[-38.5171456,-5.4425901]],[[-38.5171456,-5.4425901],[-38.5424496,-5.4219855],[-38.5987031,-5.3666704],[-38.7152501,-5.268343],[-38.6917041,-5.2272656]],[[-38.4128797,-5.3742849],[-38.4429935,-5.3962619]],[[-38.4429935,-5.3962619],[-38.5055471,-5.4371236]],[[-38.5055471,-5.4371236],[-38.5295248,-5.4471363]],[[-38.6762403,-5.7456531],[-38.5610713,-5.7452122],[-38.5534774,-5.7499783]],[[-38.5534774,-5.7499783],[-38.5311633,-5.7584273],[-38.5067467,-5.7796231],[-38.4813082,-5.7793536]],[[-38.4813082,-5.7793536],[-38.4779037,-5.7760043]],[[-38.5534774,-5.7499783],[-38.5604164,-5.7459253],[-38.6762403,-5.7456531]],[[-38.791917,-5.7869181],[-38.8082472,-5.7952996]],[[-38.8082472,-5.7952996],[-38.8294696,-5.8080939],[-38.8328153,-5.8195086],[-38.8421822,-5.8286389],[-38.8468726,-5.8377046],[-38.8749692,-5.8585773],[-38.8791128,-5.8660728],[-38.8755601,-5.8694646],[-38.919834,-5.9508188],[-38.9484546,-5.9698285],[-38.9527132,-6.0164807],[-38.9633307,-6.0208204],[-38.9719161,-6.0857401]],[[-38.9719161,-6.0857401],[-38.9761335,-6.1028124]],[[-38.9761335,-6.1028124],[-38.9577064,-6.0864044],[-38.9436822,-6.0816502],[-38.9409886,-6.0793183],[-38.9278229,-6.0808596],[-38.9126835,-6.0873053],[-38.9075324,-6.1085125],[-38.9035095,-6.1373236],[-38.8890471,-6.1459116],[-38.881995,-6.1472602],[-38.8769682,-6.1477473],[-38.8720579,-6.1400442],[-38.8636045,-6.138754],[-38.8496453,-6.1330904],[-38.8425422,-6.135891],[-38.8300171,-6.1276321],[-38.8205178,-6.1244344],[-38.8207044,-6.1365844],[-38.8069019,-6.1289241],[-38.8042114,-6.1297489]],[[-38.8042114,-6.1297489],[-38.8015598,-6.1222563],[-38.7983074,-6.123009]],[[-38.7803221,-6.1185968],[-38.75529,-6.1111598]],[[-38.7081406,-6.2064059],[-38.6853687,-6.2121946],[-38.6693816,-6.2005527]],[[-38.6036084,-6.1742372],[-38.5988009,-6.1709806]],[[-38.5988009,-6.1709806],[-38.5882036,-6.1657945],[-38.5798045,-6.1365873],[-38.5569067,-6.1026137],[-38.5403274,-6.0421949],[-38.5250343,-6.0328218],[-38.4943433,-5.9805926],[-38.4711032,-5.9471946],[-38.4640709,-5.9393432],[-38.4573057,-5.9368517],[-38.458046,-5.9336094],[-38.450224,-5.9208161],[-38.4567311,-5.9294434],[-38.4627505,-5.9314592],[-38.4883466,-5.9543364],[-38.4904201,-5.955251],[-38.4928715,-5.9154979],[-38.5127203,-5.8795305],[-38.4935943,-5.8665387],[-38.4819305,-5.845762],[-38.4775234,-5.821264],[-38.4839915,-5.7976987],[-38.4829242,-5.7873291]],[[-38.4829242,-5.7873291],[-38.4745643,-5.7789718]],[[-38.4745643,-5.7789718],[-38.4813082,-5.7793536]],[[-37.9337665,-4.7636224],[-37.9004355,-4.8208553]],[[-37.9004355,-4.8208553],[-37.883542,-4.8533292],[-37.8866515,-4.9053728],[-37.8721301,-4.9240317],[-37.8744759,-4.9394745],[-37.8196935,-4.9842893]],[[-37.8196935,-4.9842893],[-37.677331,-5.0528103],[-37.6602658,-4.99791],[-37.6403381,-4.9264044]],[[-39.0725537,-7.6261523],[-39.1708518,-7.5628256],[-39.1949002,-7.5035995]],[[-39.1949002,-7.5035995],[-39.3718397,-7.4580733]],[[-39.3696173,-7.6178567],[-39.3384437,-7.6446469],[-39.3113886,-7.6552366],[-39.3055665,-7.6659316],[-39.2703214,-7.6598973],[-39.252816,-7.6772868],[-39.250388,-7.698443],[-39.2083352,-7.6894803],[-39.1710014,-7.7152403],[-39.1404785,-7.7120522]],[[-39.1404785,-7.7120522],[-39.1240399,-7.6938327]],[[-39.1240399,-7.6938327],[-39.1183096,-7.6861333],[-39.1064588,-7.6157845]],[[-39.1064588,-7.6157845],[-39.0725537,-7.6261523]],[[-39.0207165,-7.6315528],[-39.025605,-7.6343768],[-39.0366029,-7.6373297]],[[-39.0366029,-7.6373297],[-39.0725537,-7.6261523]],[[-39.1064588,-7.6157845],[-39.1178319,-7.6834616]],[[-39.1178319,-7.6834616],[-39.0686706,-7.7319651],[-39.059518,-7.7505015],[-39.0080389,-7.7781954],[-38.9704304,-7.7772754],[-38.9567704,-7.8089271],[-38.9675166,-7.8237507],[-38.9660187,-7.8456251]],[[-38.9660187,-7.8456251],[-38.9649404,-7.8298285],[-38.9397983,-7.7915557],[-38.9416343,-7.7613208],[-38.9155777,-7.7444871],[-38.8948106,-7.7504535]],[[-40.4533375,-2.805623],[-40.4958162,-2.785405],[-40.5201377,-2.7910009],[-40.5371263,-2.8194883],[-40.587525,-2.8399637],[-40.5808293,-2.8509318]],[[-40.5180244,-2.9541091],[-40.409783,-2.9662687]],[[-40.4101101,-2.9509711],[-40.4179092,-2.9514692]],[[-39.3492252,-7.2548092],[-39.3266325,-7.2620321]],[[-39.2654433,-7.2593257],[-39.2528171,-7.2494575]],[[-39.2528171,-7.2494575],[-39.2347717,-7.2474612],[-39.2336577,-7.22547],[-39.2158233,-7.2214101],[-39.2082376,-7.1898474],[-39.1967581,-7.1798676],[-39.2012289,-7.1752261],[-39.198577,-7.1572929],[-39.1956914,-7.1563458]],[[-39.1956914,-7.1563458],[-39.1925844,-7.1443154]],[[-39.7000018,-6.3283065],[-39.7145238,-6.3473852]],[[-39.7145238,-6.3473852],[-39.7161119,-6.3540603],[-39.7393827,-6.3747828],[-39.7581623,-6.3995265],[-39.775974,-6.4108464],[-39.775772,-6.4297389],[-39.765023,-6.4427522],[-39.7683474,-6.4680834],[-39.7389554,-6.4827835],[-39.7503771,-6.5209367],[-39.7287995,-6.5433889],[-39.7532442,-6.5764772],[-39.7758796,-6.617965],[-39.7745143,-6.6243305],[-39.7628817,-6.6192599],[-39.7365563,-6.6127249]],[[-39.7365563,-6.6127249],[-39.7370162,-6.6251175]],[[-39.7370162,-6.6251175],[-39.7374069,-6.6332039]],[[-39.5838474,-6.5780225],[-39.5375168,-6.5589987],[-39.5325659,-6.5517729]],[[-39.4015655,-6.4618435],[-39.4072984,-6.4417868]],[[-39.4641955,-6.3425443],[-39.4594781,-6.3248263]],[[-38.9168831,-6.56838],[-38.9194363,-6.5664169],[-38.9215743,-6.5666814]],[[-38.9215743,-6.5666814],[-38.9193707,-6.5775952]],[[-39.1079307,-6.7154846],[-39.1248312,-6.7209624],[-39.1353817,-6.7374199],[-39.181558,-6.8272817],[-39.1858058,-6.8636983]],[[-39.1665778,-6.9357782],[-39.1159858,-6.9428002]],[[-39.1159858,-6.9428002],[-39.1005461,-6.9534734]],[[-38.8629334,-6.8564495],[-38.8560104,-6.859032]],[[-38.843739,-6.667271],[-38.8507781,-6.6471174],[-38.8735394,-6.6118104],[-38.8691711,-6.5941097],[-38.8773733,-6.5852081],[-38.8765668,-6.5816181]],[[-38.2133382,-4.9742023],[-38.2141558,-5.0456964],[-38.2399974,-5.1370371],[-38.248533,-5.1812456],[-38.2381239,-5.1893452],[-38.2380566,-5.2109101]],[[-38.2380566,-5.2109101],[-38.2333613,-5.2169793]],[[-38.2333613,-5.2169793],[-38.2243729,-5.1985933],[-38.2381634,-5.1686947],[-38.2320375,-5.1623507],[-38.2081667,-5.1936676],[-38.1343839,-5.2133989],[-38.1256784,-5.2083124],[-38.1148555,-5.2016275],[-38.0993666,-5.1944287],[-38.0726998,-5.1816769],[-37.9953642,-5.2446714],[-37.9675463,-5.2544044],[-37.9302104,-5.2971669]],[[-37.9302104,-5.2971669],[-37.7868884,-5.297186],[-37.7831099,-5.2948155],[-37.7826057,-5.286737],[-37.791859,-5.2687714],[-37.7853045,-5.2420307]],[[-37.7853045,-5.2420307],[-37.8238433,-5.227215],[-37.9261687,-5.1733487],[-37.9697619,-5.1025262],[-38.0029092,-5.0810328],[-38.0437796,-5.0789105],[-38.0458027,-5.0879286]],[[-38.0458027,-5.0879286],[-38.0755125,-5.0751762]],[[-38.0755125,-5.0751762],[-38.1210416,-5.0313649],[-38.1419062,-5.0322781],[-38.1499191,-5.0082917],[-38.1882171,-4.975358],[-38.1955618,-4.978122],[-38.2133382,-4.9742023]],[[-39.3725976,-4.7304062],[-39.3673025,-4.7247962],[-39.3712705,-4.7173442]],[[-39.6071537,-5.0251755],[-39.6127504,-5.0309069],[-39.617539,-5.0319211],[-39.6220485,-5.0348204],[-39.6288321,-5.0429954]],[[-39.6288321,-5.0429954],[-39.5023184,-5.0521998],[-39.4936843,-5.0301761],[-39.4725737,-5.0086859],[-39.4807203,-4.9767257],[-39.4667459,-4.9638279],[-39.4383818,-4.9524975],[-39.3944569,-4.927404],[-39.3854701,-4.9560435],[-39.3656102,-4.9746891],[-39.3535887,-4.9805163],[-39.3605264,-4.9125725],[-39.3468262,-4.8961869],[-39.3595199,-4.8391844],[-39.3594494,-4.8360447],[-39.3493223,-4.8183954],[-39.3451996,-4.8132337],[-39.3484571,-4.8015115]],[[-39.3484571,-4.8015115],[-39.3455982,-4.7960182],[-39.3400723,-4.792176]],[[-39.3400723,-4.792176],[-39.3450619,-4.7784574]],[[-38.6379029,-3.8013954],[-38.6402365,-3.8061864]],[[-38.6881286,-3.8567838],[-38.6691192,-3.862407],[-38.6608177,-3.865438],[-38.6465931,-3.8757334],[-38.6574615,-3.9179901],[-38.6586029,-3.9540395],[-38.6401157,-3.9684529]],[[-38.6401157,-3.9684529],[-38.6347334,-3.9582708]],[[-38.6347334,-3.9582708],[-38.6206461,-3.9447087],[-38.6116359,-3.9218378],[-38.620956,-3.8901469],[-38.5871019,-3.8811836],[-38.5680079,-3.8656203],[-38.5648521,-3.850854],[-38.5423193,-3.8591902]],[[-38.8716433,-3.9687314],[-38.9434661,-3.9446729]],[[-38.9434661,-3.9446729],[-39.0035461,-3.9917706]],[[-38.9428885,-4.1006116],[-38.9435791,-4.1035855]],[[-38.9435791,-4.1035855],[-38.9281409,-4.1041164],[-38.9260437,-4.1059977]],[[-38.9260437,-4.1059977],[-38.925077,-4.1133874],[-38.9074863,-4.1092574],[-38.8803462,-4.1069949],[-38.8620958,-4.1122226],[-38.8407101,-4.1041331],[-38.8344878,-4.0726409],[-38.7846751,-4.0942529],[-38.7671058,-4.0848912],[-38.7580218,-4.074894],[-38.7507079,-4.0905913]],[[-38.7507079,-4.0905913],[-38.7448758,-4.0717926],[-38.7336276,-4.0710352]],[[-38.6679883,-4.0234601],[-38.6664863,-4.0131059]],[[-38.6664863,-4.0131059],[-38.6700567,-4.0050424],[-38.6430801,-3.9746541]],[[-38.6430801,-3.9746541],[-38.6401157,-3.9684529]],[[-40.4950246,-3.062025],[-40.5094689,-3.10983],[-40.505237,-3.1135211]],[[-40.505237,-3.1135211],[-40.5035614,-3.1169897],[-40.4891685,-3.1217716],[-40.4652591,-3.1348345],[-40.4619558,-3.1407875],[-40.4521604,-3.154515],[-40.4501902,-3.180584],[-40.4322857,-3.213551],[-40.4065644,-3.2370322],[-40.3897241,-3.2628865],[-40.385823,-3.2729059],[-40.3819953,-3.2719489],[-40.3725832,-3.2720281],[-40.3551885,-3.2847133],[-40.3494018,-3.2865952],[-40.3407053,-3.2900932]],[[-40.3407053,-3.2900932],[-40.3349459,-3.2825299]],[[-40.3349459,-3.2825299],[-40.3023101,-3.3017187],[-40.2743707,-3.3055949],[-40.2788128,-3.2637767],[-40.2375059,-3.2861173]],[[-40.2375059,-3.2861173],[-40.1185684,-3.1984098],[-40.1065754,-3.1993677]],[[-40.1065754,-3.1993677],[-40.0880201,-3.1989036],[-40.0025845,-3.2200124]],[[-40.0025845,-3.2200124],[-40.0735364,-3.1229317]],[[-40.0735364,-3.1229317],[-40.1395505,-3.0733412]],[[-40.5725435,-3.1430479],[-40.5736823,-3.1422277],[-40.5744196,-3.1356788]],[[-40.7279212,-3.2339412],[-40.6690641,-3.2476425]],[[-40.6690641,-3.2476425],[-40.5394272,-3.2435879]],[[-40.5394272,-3.2435879],[-40.5324933,-3.2403828]],[[-40.5324933,-3.2403828],[-40.5475131,-3.1879282],[-40.5707016,-3.1682117],[-40.5754432,-3.1662241],[-40.5713394,-3.1485431],[-40.5725435,-3.1430479]],[[-40.3420253,-3.3509198],[-40.3424315,-3.3614168],[-40.3551663,-3.3714797],[-40.3942079,-3.381899],[-40.4224886,-3.3697444],[-40.4568587,-3.386054],[-40.5156145,-3.3930415],[-40.5309881,-3.4384033]],[[-40.5309881,-3.4384033],[-40.5574302,-3.4833948]],[[-40.5574302,-3.4833948],[-40.5327552,-3.5031468],[-40.540786,-3.5223205]],[[-40.5217423,-3.5124458],[-40.5206871,-3.5140732]],[[-40.5206871,-3.5140732],[-40.4987483,-3.5104064],[-40.476576,-3.495209],[-40.4683018,-3.5077804],[-40.4581205,-3.5203912],[-40.4338062,-3.5223374],[-40.4126282,-3.5387829],[-40.4154971,-3.5673214],[-40.3793996,-3.597402],[-40.3763426,-3.6118615],[-40.3618556,-3.6155756]],[[-40.3618556,-3.6155756],[-40.2990081,-3.621795],[-40.2865481,-3.5852213],[-40.2805121,-3.5744801],[-40.2758285,-3.5702844]],[[-40.2758285,-3.5702844],[-40.2692339,-3.5689151]],[[-40.2692339,-3.5689151],[-40.264001,-3.5669792],[-40.2546143,-3.5422354],[-40.2525436,-3.5020577],[-40.27105,-3.482086],[-40.3072952,-3.40986],[-40.3364522,-3.4041782],[-40.3420253,-3.3509198]],[[-38.7626158,-7.2349492],[-38.7830141,-7.2268077]],[[-38.7830141,-7.2268077],[-38.860262,-7.3544669],[-38.8823563,-7.4570869]],[[-38.8823563,-7.4570869],[-38.7758625,-7.6042277]],[[-38.7758625,-7.6042277],[-38.7175943,-7.626888],[-38.7166005,-7.6251104],[-38.7151129,-7.6219195],[-38.7156068,-7.612086],[-38.7100741,-7.5974333],[-38.711025,-7.586634],[-38.7036588,-7.5809573],[-38.686059,-7.5812],[-38.6611819,-7.5682918],[-38.6464753,-7.5175416],[-38.6459957,-7.501926],[-38.6305654,-7.4839522],[-38.6417139,-7.4581761],[-38.603328,-7.457592],[-38.6058031,-7.4445745],[-38.5853008,-7.4348151],[-38.5786649,-7.3797483],[-38.5611836,-7.3582641],[-38.5485231,-7.3321317],[-38.5503552,-7.3154642],[-38.5345869,-7.293793],[-38.5588783,-7.2394171],[-38.5830835,-7.2483827],[-38.5976633,-7.2441884],[-38.6199955,-7.2200908]],[[-40.5206871,-3.5140732],[-40.5149458,-3.5322201]],[[-40.5002802,-3.6271148],[-40.4989585,-3.6297875]],[[-40.4989585,-3.6297875],[-40.4941807,-3.6320697],[-40.4765296,-3.6360175]],[[-40.4765296,-3.6360175],[-40.4347067,-3.6379836],[-40.4064912,-3.6452961],[-40.3997883,-3.6271317],[-40.3618556,-3.6155756]],[[-39.0254536,-7.1501061],[-39.0253431,-7.1943868]],[[-39.0253431,-7.1943868],[-39.0858799,-7.2337514],[-39.0832596,-7.2388751]],[[-39.0832596,-7.2388751],[-39.0892478,-7.2433604],[-39.0877527,-7.251194],[-39.0928023,-7.2530471]],[[-39.0928023,-7.2530471],[-39.091809,-7.2597091]],[[-38.969878,-7.4273003],[-38.9405205,-7.4279752]],[[-38.9405205,-7.4279752],[-38.8823563,-7.4570869]],[[-38.7830141,-7.2268077],[-38.7932918,-7.220859]],[[-38.9252139,-7.1142086],[-38.9089741,-7.082704]],[[-39.0568946,-5.5099357],[-39.0630238,-5.5129187]],[[-39.0630238,-5.5129187],[-39.0730056,-5.5296871],[-39.0875508,-5.5107907],[-39.1162965,-5.5071154],[-39.193591,-5.5306079]],[[-39.193591,-5.5306079],[-39.2005709,-5.5362265],[-39.2026032,-5.5414957],[-39.2068174,-5.5443701],[-39.2146753,-5.5448299],[-39.2205183,-5.5397925]],[[-39.2205183,-5.5397925],[-39.2207365,-5.566906],[-39.2457324,-5.5846361]],[[-39.2457324,-5.5846361],[-39.2462232,-5.5918384],[-39.2485059,-5.5938066]],[[-39.2485059,-5.5938066],[-39.2691662,-5.633644],[-39.2757794,-5.661609],[-39.2658021,-5.6759735],[-39.2709125,-5.7082008],[-39.2606513,-5.7156825],[-39.2718862,-5.7568757]],[[-39.2718862,-5.7568757],[-39.2670886,-5.7653171]],[[-39.1631537,-5.7985325],[-39.1108466,-5.6774861],[-39.0269683,-5.489886]],[[-40.0275801,-3.4372815],[-40.0271498,-3.444163]],[[-40.0271498,-3.444163],[-40.0373863,-3.4602202],[-40.036305,-3.4951395],[-40.0454735,-3.5205337],[-40.0430044,-3.5616771],[-40.0479654,-3.5759306],[-40.0522614,-3.5833352]],[[-40.0522614,-3.5833352],[-40.069983,-3.5938982]],[[-40.069983,-3.5938982],[-40.0433848,-3.5805866],[-40.0207579,-3.5823712],[-39.9840806,-3.5764761],[-39.9762687,-3.5826956],[-39.9937534,-3.6271686],[-40.0096393,-3.6460341],[-40.0202625,-3.6941847]],[[-40.0202625,-3.6941847],[-40.0149215,-3.7120918]],[[-39.7813625,-3.6419984],[-39.7131233,-3.6549893]],[[-39.7851395,-3.4757176],[-39.7835918,-3.4643941]],[[-39.1319212,-7.1394822],[-39.1367915,-7.1295913]],[[-39.1934026,-7.1506421],[-39.1956914,-7.1563458]],[[-39.2528171,-7.2494575],[-39.2577429,-7.2631116],[-39.2393943,-7.274723],[-39.2340939,-7.2810155],[-39.2066933,-7.3018411],[-39.2092389,-7.31158]],[[-39.2544072,-7.4476719],[-39.2540967,-7.4877414],[-39.1949002,-7.5035995]],[[-39.1949002,-7.5035995],[-39.1872473,-7.473946],[-39.153497,-7.4509129]],[[-39.0760669,-7.4310635],[-39.0857249,-7.404154]],[[-39.089774,-7.265385],[-39.0928023,-7.2530471]],[[-39.0832596,-7.2388751],[-39.0862444,-7.2345411],[-39.0839074,-7.2334574],[-39.0829687,-7.2309605],[-39.0813545,-7.2313789],[-39.0766524,-7.2284167],[-39.0253431,-7.1943868]],[[-40.0308574,-5.7039215],[-40.014719,-5.7075561],[-40.0064111,-5.7172859],[-40.0083282,-5.7275927],[-40.0076536,-5.7314275],[-40.0090753,-5.7339204]],[[-40.0090753,-5.7339204],[-40.0076931,-5.7353848],[-40.0073379,-5.747614],[-40.0085129,-5.7737722],[-39.9909988,-5.7810189],[-39.9856907,-5.8129849],[-39.9324988,-5.8256839],[-39.9238534,-5.8390328],[-39.9321991,-5.8532313],[-39.9586723,-5.8708256],[-39.9133647,-5.8991245],[-39.8904892,-5.8950269],[-39.8701097,-5.8838617],[-39.8640442,-5.8934919],[-39.8691818,-5.8978471],[-39.8765746,-5.9055426],[-39.8710981,-5.9099199],[-39.8493978,-5.9334581],[-39.8373961,-5.9336225],[-39.8358041,-5.9523089],[-39.8354615,-5.9762122],[-39.8435099,-5.9857679],[-39.8526663,-5.9894123],[-39.8625688,-5.9938104],[-39.868132,-6.0064037],[-39.8713189,-6.0130586],[-39.8889762,-6.0344283],[-39.9055675,-6.036851],[-39.9097227,-6.0586294],[-39.9388403,-6.0788181],[-39.9599461,-6.0855088],[-39.9587826,-6.0977157],[-39.9559368,-6.0973956]],[[-39.9559368,-6.0973956],[-39.9560803,-6.1006722],[-39.9509228,-6.1011329],[-39.9465013,-6.10394],[-39.9414748,-6.1027327],[-39.9276984,-6.0918974]],[[-39.8886372,-6.0974368],[-39.875713,-6.0908452]],[[-39.5715594,-5.9613935],[-39.5658022,-5.962608]],[[-39.5658022,-5.962608],[-39.5462659,-5.8624379],[-39.5565426,-5.8500884],[-39.5502129,-5.8323828],[-39.5447104,-5.8246204],[-39.5032442,-5.7299818],[-39.4932005,-5.7250675],[-39.4865487,-5.7144104],[-39.4813487,-5.7109323],[-39.4796568,-5.7021736],[-39.4752835,-5.7011494]],[[-39.4752835,-5.7011494],[-39.4754506,-5.6904378]],[[-39.4754506,-5.6904378],[-39.4645109,-5.6893962],[-39.4361718,-5.6619685],[-39.482905,-5.6364954],[-39.4942014,-5.6153664],[-39.5074368,-5.6276809],[-39.5422627,-5.6135856],[-39.5632211,-5.6157706],[-39.587009,-5.6063272],[-39.6012843,-5.6249553],[-39.63018,-5.6211708],[-39.6322347,-5.6064523]],[[-39.6322347,-5.6064523],[-39.63615,-5.6060956]],[[-39.63615,-5.6060956],[-39.640581,-5.611559],[-39.6621661,-5.6112219],[-39.6732168,-5.6182435],[-39.6812041,-5.6167889],[-39.6918774,-5.5994707],[-39.741095,-5.5970086],[-39.7503262,-5.5757821],[-39.7699325,-5.5885856],[-39.8039195,-5.5713595],[-39.8167493,-5.5677914],[-39.8209149,-5.5694457],[-39.8349232,-5.5925397],[-39.8492116,-5.6144283],[-39.854215,-5.627244],[-39.8934315,-5.6302501],[-39.9126657,-5.641494],[-39.9222899,-5.6327943],[-39.9434391,-5.6392589],[-40.012034,-5.6244476],[-40.0378778,-5.6464924],[-40.0480088,-5.6689028],[-40.0491299,-5.6745869],[-40.0308574,-5.7039215]],[[-39.9285834,-4.7745402],[-39.9261583,-4.7348921],[-40.0594998,-4.7168073]],[[-40.1361009,-4.8129321],[-40.1411546,-4.8152801],[-40.1367634,-4.8250457],[-40.1280589,-4.8337346],[-40.105724,-4.8696184],[-40.1139735,-4.8827731],[-40.1359754,-4.8890529],[-40.1438935,-4.9031368],[-40.1636448,-4.8986831],[-40.1956819,-4.9067108],[-40.1686128,-4.9349378],[-40.1663604,-4.9639509],[-40.1399976,-4.9705028],[-40.1314108,-4.9878839],[-40.1140777,-4.984858],[-40.1046496,-4.9965294],[-40.1041607,-5.0216095],[-40.1320373,-5.0279998],[-40.1541246,-5.0413979],[-40.1462503,-5.0589807],[-40.137587,-5.0764547],[-40.1518064,-5.0773998],[-40.1494282,-5.086097],[-40.1457912,-5.0915981],[-40.1387313,-5.104133],[-40.1350943,-5.1291672],[-40.1460094,-5.1523326],[-40.1658814,-5.1584406],[-40.1600423,-5.16479]],[[-39.9388372,-4.7696859],[-39.9285834,-4.7745402]],[[-38.3233392,-4.5191044],[-38.3487949,-4.5124082],[-38.3588743,-4.5052486],[-38.363404,-4.5088533],[-38.3818611,-4.5186855],[-38.3814562,-4.5284925]],[[-38.3814562,-4.5284925],[-38.3644507,-4.5425978],[-38.3688278,-4.5762435],[-38.3884344,-4.5790999],[-38.4061964,-4.6063349],[-38.4340283,-4.6382047],[-38.4578916,-4.6534162],[-38.4750188,-4.6498988]],[[-38.4750188,-4.6498988],[-38.4979093,-4.6513007],[-38.5048362,-4.6554165],[-38.5082543,-4.6626982]],[[-38.5082543,-4.6626982],[-38.5250702,-4.6745578]],[[-38.5250702,-4.6745578],[-38.5260294,-4.6848133]],[[-38.6475384,-4.9375525],[-38.6343258,-4.9289439]],[[-38.6251214,-5.0666064],[-38.626645,-5.0764654]],[[-38.626645,-5.0764654],[-38.6295579,-5.0855176],[-38.6237371,-5.0896057],[-38.6220782,-5.0945863],[-38.6207701,-5.1016809],[-38.6175324,-5.1070913],[-38.6153479,-5.1126131]],[[-38.6153479,-5.1126131],[-38.6144405,-5.1254089]],[[-38.5171456,-5.4425901],[-38.5055471,-5.4371236]],[[-38.4429935,-5.3962619],[-38.4085324,-5.3709798],[-38.3960196,-5.3706288]],[[-38.3944479,-5.3629531],[-38.3626287,-5.3494038],[-38.3494976,-5.3266331],[-38.327769,-5.3110191],[-38.3374903,-5.3009262],[-38.3277896,-5.2727312],[-38.3001159,-5.258638],[-38.2625123,-5.225724],[-38.2380566,-5.2109101]],[[-38.2133382,-4.9742023],[-38.2614663,-4.8837611],[-38.2832694,-4.8789],[-38.2999691,-4.8683518],[-38.3197417,-4.857913],[-38.3306388,-4.8585291],[-38.3418914,-4.857186],[-38.3592949,-4.8468052],[-38.4152824,-4.8633254],[-38.4301345,-4.8565914],[-38.4358185,-4.8342469],[-38.4682311,-4.8165139],[-38.4492387,-4.7958001],[-38.3755951,-4.7307454],[-38.3627733,-4.7012043],[-38.3303052,-4.6750107],[-38.2979369,-4.6788046],[-38.2743909,-4.6515873],[-38.2603296,-4.6392386],[-38.214633,-4.5901517]],[[-38.214633,-4.5901517],[-38.2301274,-4.5811465],[-38.2351171,-4.5740438],[-38.3034738,-4.5374109],[-38.3233392,-4.5191044]],[[-40.8490659,-3.4171692],[-40.8265495,-3.4533639],[-40.8216775,-3.4708189],[-40.838526,-3.5117019],[-40.8568439,-3.5359012]],[[-40.5539656,-3.5381367],[-40.5474893,-3.5285487]],[[-40.5574302,-3.4833948],[-40.537283,-3.4483899]],[[-40.537283,-3.4483899],[-40.570256,-3.4383458],[-40.5634019,-3.4169047]],[[-40.5634019,-3.4169047],[-40.5627672,-3.4079233]],[[-40.5627672,-3.4079233],[-40.5987182,-3.4128542],[-40.6117186,-3.4072429],[-40.6184399,-3.4013503],[-40.6222683,-3.3872913],[-40.6023436,-3.3681468],[-40.6228477,-3.3603487],[-40.6365914,-3.357269],[-40.6560199,-3.3622344],[-40.6703203,-3.3687357],[-40.6787916,-3.3786553],[-40.684854,-3.3912718],[-40.6952207,-3.4014035],[-40.7228569,-3.4042429],[-40.720795,-3.4234111],[-40.7371747,-3.4380928],[-40.7744624,-3.4218372],[-40.7983252,-3.4179597],[-40.8141247,-3.4259543],[-40.8328721,-3.4206784],[-40.8490659,-3.4171692]],[[-40.1065754,-3.1993677],[-40.1194015,-3.1986733],[-40.2375059,-3.2861173]],[[-40.3349459,-3.2825299],[-40.3412206,-3.3161809]],[[-40.3412206,-3.3161809],[-40.2011363,-3.3076546],[-40.1821701,-3.3205583],[-40.1699173,-3.3172756],[-40.1593105,-3.3105221],[-40.1329192,-3.3137908],[-40.1124883,-3.3168724],[-40.0983606,-3.3188173],[-40.084021,-3.3154954],[-40.0921794,-3.3544867],[-40.0756861,-3.3626017],[-40.0537324,-3.3653541],[-40.0094463,-3.360745],[-39.9915547,-3.3657296]],[[-39.9915547,-3.3657296],[-39.971482,-3.3538476]],[[-39.9357614,-3.3217514],[-39.934413,-3.3168762],[-40.0025845,-3.2200124]],[[-40.7094082,-3.822074],[-40.7405763,-3.8288968]],[[-40.7661721,-3.8631114],[-40.7896883,-3.8372174]],[[-40.7896883,-3.8372174],[-40.8157094,-3.85307],[-40.8258546,-3.8685654],[-40.8472606,-3.8632053],[-40.8647831,-3.8682204],[-40.8718924,-3.8704197]],[[-40.8718924,-3.8704197],[-40.8766707,-3.872101]],[[-40.8227332,-3.956325],[-40.8197186,-3.9538706]],[[-40.735791,-3.9621426],[-40.7268004,-3.9650596]],[[-40.7268004,-3.9650596],[-40.7004281,-3.9628749],[-40.6901812,-3.9543436],[-40.6702571,-3.960069],[-40.665757,-3.9554313],[-40.6656328,-3.9390656]],[[-40.6656328,-3.9390656],[-40.6703751,-3.9357418]],[[-40.6699273,-3.8464983],[-40.6940773,-3.8365086]],[[-40.6940773,-3.8365086],[-40.7094082,-3.822074]],[[-38.9853695,-4.2657963],[-39.0033297,-4.26113]],[[-38.9704126,-4.368202],[-38.959202,-4.3568764]],[[-38.9337008,-4.3241037],[-38.9412092,-4.3032608]],[[-39.7474521,-7.0224802],[-39.757413,-7.0450243],[-39.7428675,-7.0915629],[-39.6932078,-7.170375],[-39.6295126,-7.1936095],[-39.5998015,-7.209633]],[[-39.5998015,-7.209633],[-39.5994946,-7.0800773]],[[-39.5797478,-7.0453741],[-39.5796875,-7.0437943]],[[-40.3812886,-4.5488416],[-40.4608693,-4.5283444]],[[-40.6266635,-4.6212209],[-40.6601604,-4.686363]],[[-40.6372542,-4.7759269],[-40.6280943,-4.7902361],[-40.628625,-4.7939029]],[[-40.5411383,-4.9153257],[-40.5372401,-4.8841094],[-40.5457889,-4.8660353],[-40.5400269,-4.8428766],[-40.5242578,-4.8478805],[-40.4461554,-4.7324598],[-40.3812886,-4.5488416]],[[-40.9253323,-5.4913258],[-40.9364546,-5.526388],[-40.9329565,-5.5472801],[-40.9156645,-5.5643716],[-40.9119448,-5.5948464],[-40.9022747,-5.6079579],[-40.903254,-5.6325524],[-40.9147302,-5.659939],[-40.9387693,-5.6733406],[-40.9272546,-5.7062155],[-40.9139501,-5.7249666],[-40.9177528,-5.7447935],[-40.9097936,-5.765733]],[[-40.9097936,-5.765733],[-40.8432745,-5.7705445],[-40.8130299,-5.7535946],[-40.7938734,-5.7345086],[-40.779925,-5.7364377],[-40.7502576,-5.7201052],[-40.6950007,-5.6434052],[-40.6872264,-5.6592309],[-40.6684892,-5.6714034],[-40.6538559,-5.6975929]],[[-40.6538559,-5.6975929],[-40.635566,-5.7106129],[-40.6252382,-5.7310235]],[[-40.6252382,-5.7310235],[-40.6169367,-5.7350095]],[[-40.642642,-5.6820572],[-40.6532456,-5.6742814],[-40.6539388,-5.670333],[-40.6519241,-5.6672169],[-40.6458371,-5.6633075],[-40.646167,-5.6554039]],[[-38.58361,-4.6665287],[-38.5751125,-4.6669524],[-38.5690774,-4.6732164]],[[-38.5295371,-4.6796209],[-38.5250702,-4.6745578]],[[-38.5082543,-4.6626982],[-38.5059803,-4.6566979],[-38.4987917,-4.6515766],[-38.4900203,-4.6499457],[-38.4750188,-4.6498988]],[[-38.3814562,-4.5284925],[-38.3822987,-4.5194054],[-38.3627489,-4.5079671],[-38.3603824,-4.5014681]],[[-38.3603824,-4.5014681],[-38.361659,-4.49181]],[[-38.3676145,-4.4643836],[-38.4368197,-4.3838672]],[[-38.9761335,-6.1028124],[-38.9773017,-6.1077149],[-38.9730522,-6.1299912],[-38.9861863,-6.1566295],[-38.9913784,-6.1903803],[-39.0031917,-6.2201643],[-39.0563409,-6.2588205]],[[-38.8007708,-6.1219448],[-38.8042114,-6.1297489]],[[-38.6153509,-4.158972],[-38.61929,-4.1702164]],[[-38.3928506,-4.223148],[-38.381888,-4.1451465]],[[-38.6347334,-3.9582708],[-38.6430801,-3.9746541]],[[-38.6664863,-4.0131059],[-38.6547915,-4.0131206]],[[-38.9571992,-4.174117],[-38.946729,-4.1801927]],[[-38.854037,-4.2252511],[-38.848799,-4.2298023]],[[-38.848799,-4.2298023],[-38.8434846,-4.2227961],[-38.8545131,-4.1770633]],[[-38.8545131,-4.1770633],[-38.8564775,-4.1627508],[-38.8803057,-4.1718445]],[[-38.8803057,-4.1718445],[-38.8963614,-4.1463485],[-38.8988192,-4.1455522],[-38.9078071,-4.147716]],[[-38.9078071,-4.147716],[-38.9211445,-4.1503895],[-38.9275614,-4.1518367],[-38.9438621,-4.1482593]],[[-38.9438621,-4.1482593],[-38.930823,-4.1395972],[-38.9365086,-4.1375115]],[[-40.6566965,-3.9420787],[-40.6656328,-3.9390656]],[[-40.7268004,-3.9650596],[-40.730858,-3.9673427]],[[-40.68255,-4.0575647],[-40.6536341,-4.0442642],[-40.638848,-4.0239088]],[[-40.638848,-4.0239088],[-40.6431858,-4.0065394]],[[-37.9864329,-4.5836341],[-37.987974,-4.5853155]],[[-38.1820574,-4.6227477],[-38.161677,-4.6413698]],[[-38.161677,-4.6413698],[-38.1464155,-4.6651206],[-38.0940284,-4.7046208]],[[-38.0940284,-4.7046208],[-38.0842976,-4.7322256],[-38.0693154,-4.7498099],[-38.0583942,-4.7632042]],[[-38.0583942,-4.7632042],[-38.0502295,-4.7722452],[-38.0484082,-4.7773096],[-38.0579058,-4.7895963]],[[-38.0579058,-4.7895963],[-38.0605316,-4.811375],[-38.042265,-4.8446529],[-37.9708643,-4.8301331],[-37.9004355,-4.8208553]],[[-38.9260437,-4.1059977],[-38.9277801,-4.104305],[-38.9435791,-4.1035855]],[[-38.9435791,-4.1035855],[-38.9428255,-4.1061141],[-38.9386068,-4.1087629]],[[-38.9361167,-4.1337158],[-38.9290557,-4.1398314],[-38.9438621,-4.1482593]],[[-38.9078071,-4.147716],[-38.8986499,-4.1455898],[-38.8947443,-4.1473734],[-38.8803057,-4.1718445]],[[-38.8545131,-4.1770633],[-38.8033381,-4.1614439],[-38.7966059,-4.1420367],[-38.7888211,-4.1421667]],[[-38.7888211,-4.1421667],[-38.7844209,-4.1349425]],[[-38.7550107,-4.1282792],[-38.7507079,-4.0905913]],[[-38.9310831,-3.4717618],[-38.9398097,-3.4489797],[-38.9733511,-3.4114983],[-39.0068377,-3.3968491],[-39.0487479,-3.4125743],[-39.0645535,-3.4067394]],[[-39.0645535,-3.4067394],[-39.0655553,-3.4119257],[-39.0837196,-3.4074002],[-39.0944106,-3.4167059],[-39.1100038,-3.4255082],[-39.1105914,-3.4389941],[-39.122882,-3.4347989],[-39.1178674,-3.4500808],[-39.1172542,-3.4616567],[-39.1193001,-3.4783165],[-39.1285059,-3.4878947],[-39.1407821,-3.4799364],[-39.1649558,-3.5078954],[-39.1665412,-3.5229844]],[[-39.1665412,-3.5229844],[-39.1004757,-3.5322334],[-39.101203,-3.5494368],[-39.0815673,-3.5533688],[-39.0700317,-3.542626],[-38.9959866,-3.5542635],[-38.9874446,-3.5612616],[-38.9576783,-3.5424823],[-38.968371,-3.5116473],[-38.9310831,-3.4717618]],[[-39.0645535,-3.4067394],[-39.0882776,-3.3883477],[-39.1127379,-3.3471147],[-39.1393777,-3.3457085],[-39.168939,-3.3288029]],[[-39.168939,-3.3288029],[-39.2379593,-3.3595808],[-39.262093,-3.3780491],[-39.2535597,-3.3965796],[-39.2580299,-3.4715154],[-39.2637748,-3.4825371]],[[-39.2637748,-3.4825371],[-39.2624632,-3.4905066]],[[-39.2624632,-3.4905066],[-39.2213676,-3.5001524],[-39.2115093,-3.5128253],[-39.1665412,-3.5229844]],[[-40.7140776,-6.0394795],[-40.7216457,-6.0477984],[-40.7316769,-6.0701293],[-40.7470176,-6.0814868],[-40.7537263,-6.0903032],[-40.801773,-6.0939688],[-40.8069475,-6.1049531]],[[-40.8069475,-6.1049531],[-40.8576627,-6.1053559],[-40.8490497,-6.1234314],[-40.8457385,-6.134995],[-40.8536235,-6.1632816],[-40.84723,-6.2030136],[-40.8522242,-6.2242205],[-40.8235748,-6.2582643],[-40.8105046,-6.2870634],[-40.7865622,-6.3053647],[-40.7791491,-6.3413465],[-40.7903471,-6.3718893],[-40.8051547,-6.3931316],[-40.7960894,-6.4281847],[-40.7965856,-6.4707013],[-40.7836794,-6.5284046],[-40.7542915,-6.5546712],[-40.7402249,-6.5774961],[-40.7363774,-6.6003075],[-40.6763031,-6.6005236]],[[-40.4476532,-6.5072162],[-40.4479788,-6.4957167],[-40.4429297,-6.4901962],[-40.4239742,-6.4854736]],[[-40.4051534,-6.3124657],[-40.4112032,-6.3178808],[-40.4219573,-6.3193863]],[[-40.4219573,-6.3193863],[-40.433435,-6.3345973],[-40.4848198,-6.3383553],[-40.5278384,-6.3483493],[-40.5472006,-6.3403562],[-40.5736843,-6.3584515],[-40.5808571,-6.3434886],[-40.5913531,-6.3417064],[-40.597781,-6.3443461],[-40.6025909,-6.3288068],[-40.591925,-6.3035653],[-40.5826865,-6.2916238],[-40.5744565,-6.2902073],[-40.574999,-6.2921029],[-40.5699682,-6.2909587],[-40.5264613,-6.27271],[-40.4953005,-6.2424085],[-40.4880623,-6.2032638],[-40.5316467,-6.1600126],[-40.5085777,-6.1444979],[-40.4939369,-6.0836417],[-40.4863519,-6.0808392],[-40.4725475,-6.0279279],[-40.4771999,-6.0069229],[-40.4786195,-5.9962165],[-40.4852401,-5.9877918],[-40.5047869,-5.9909916],[-40.5168214,-5.9890375],[-40.557349,-6.0074307],[-40.5889777,-5.9929847],[-40.6031798,-5.9946838],[-40.6181249,-5.9935516],[-40.642301,-6.0038204],[-40.6870369,-6.0099627],[-40.7007014,-6.0336134],[-40.7140776,-6.0394795]],[[-39.2036807,-4.046781],[-39.2071464,-4.0485592]],[[-39.5396981,-4.1577801],[-39.5422835,-4.1645581],[-39.5483897,-4.167149]],[[-39.3345488,-4.1939933],[-39.3391937,-4.1907482],[-39.3347278,-4.183689],[-39.3173776,-4.1824863]],[[-40.0177138,-5.33077],[-40.0209252,-5.3279657]],[[-40.0616993,-5.3902313],[-40.0586096,-5.3989994],[-40.0599955,-5.4040816]],[[-40.0599955,-5.4040816],[-40.0655039,-5.4108069],[-40.0672152,-5.4261273],[-40.0601536,-5.4282455],[-40.056551,-5.4358306],[-40.0538448,-5.4877198],[-40.0286594,-5.4893834],[-40.0307425,-5.5077926],[-40.0135586,-5.5192789],[-40.0337836,-5.5634709],[-40.0634996,-5.5762868],[-40.0759546,-5.5893227],[-40.0582437,-5.5943594],[-40.0533892,-5.6198498],[-40.062045,-5.6541209],[-40.0716065,-5.6754374],[-40.0474391,-5.697713],[-40.0425529,-5.711882],[-40.0224113,-5.7101028]],[[-40.0224113,-5.7101028],[-40.0308574,-5.7039215]],[[-39.63615,-5.6060956],[-39.6257894,-5.6073958]],[[-39.6257894,-5.6073958],[-39.6050054,-5.5918041],[-39.5826821,-5.5442189],[-39.5831077,-5.5368165],[-39.5772794,-5.5339246],[-39.5735421,-5.527218],[-39.5708923,-5.5251663],[-39.5646884,-5.5295927],[-39.579969,-5.5040336],[-39.6278126,-5.480659],[-39.6436188,-5.4472639],[-39.6592589,-5.4292249],[-39.6676336,-5.400776],[-39.6557168,-5.3733103]],[[-39.6557168,-5.3733103],[-39.6607957,-5.3705791]],[[-39.6607957,-5.3705791],[-39.6652373,-5.3624909]],[[-39.6652373,-5.3624909],[-39.6691177,-5.3631684]],[[-39.882124,-5.3792643],[-39.8862835,-5.3891084],[-39.8911528,-5.3908374],[-39.893793,-5.3959033],[-39.8968602,-5.3967921],[-39.9077283,-5.392008]],[[-39.1178319,-7.6834616],[-39.1187932,-7.6870581],[-39.1240399,-7.6938327]],[[-39.1404785,-7.7120522],[-39.1238533,-7.743246],[-39.1063539,-7.7602263],[-39.1018179,-7.7872518],[-39.0905551,-7.8096046],[-39.088188,-7.8377261],[-39.0648798,-7.8395042],[-39.0537557,-7.8193046],[-39.0263931,-7.8246351],[-38.9822446,-7.8461256],[-38.9660187,-7.8456251]],[[-39.0015375,-3.6849674],[-39.1433258,-3.7039421]],[[-39.1433258,-3.7039421],[-39.2136206,-3.6929319]],[[-39.2136206,-3.6929319],[-39.2767243,-3.7370584]],[[-39.2767243,-3.7370584],[-39.3224874,-3.7317378],[-39.3388091,-3.7443891],[-39.3481931,-3.7339396],[-39.3669656,-3.7674522],[-39.3954377,-3.7646284],[-39.3975277,-3.7759074],[-39.4322981,-3.7847285]],[[-39.4322981,-3.7847285],[-39.4350821,-3.786838]],[[-39.1982778,-4.037117],[-39.2036807,-4.046781]],[[-38.9434661,-3.9446729],[-38.9469435,-3.9424794]],[[-38.9608792,-3.7203406],[-38.9601647,-3.7123984],[-39.0015375,-3.6849674]],[[-38.462862,-5.7806951],[-38.4829242,-5.7873291]],[[-38.5988009,-6.1709806],[-38.5994724,-6.1812478]],[[-38.5197118,-6.2230376],[-38.5292859,-6.2137404],[-38.5272039,-6.193378],[-38.5013253,-6.1909471],[-38.5007583,-6.1796825],[-38.4781193,-6.1593764],[-38.4620852,-6.112321],[-38.4407712,-6.0968743],[-38.4473166,-6.0852777],[-38.4048456,-6.0572729]],[[-38.2387941,-4.0421624],[-38.235555,-4.0397942],[-38.2364026,-4.0227746]],[[-38.2364026,-4.0227746],[-38.2388177,-4.0231547],[-38.2395154,-4.0264009]],[[-39.5658022,-5.962608],[-39.5675161,-5.975195]],[[-39.3633329,-5.9808534],[-39.3611617,-5.9717215]],[[-39.3271667,-5.7855428],[-39.3278358,-5.7827667]],[[-39.3278358,-5.7827667],[-39.4344955,-5.7285466],[-39.4525195,-5.7372156],[-39.4662882,-5.7098891],[-39.473038,-5.7057639],[-39.4759866,-5.7029731]],[[-39.4759866,-5.7029731],[-39.4752835,-5.7011494]],[[-40.5674972,-4.2058027],[-40.5894381,-4.2008698],[-40.5984968,-4.2025475],[-40.6070156,-4.2078346],[-40.6746491,-4.211706]],[[-40.6746491,-4.211706],[-40.6845182,-4.2147974]],[[-40.4665246,-4.2712031],[-40.4395695,-4.2522094]],[[-40.4395695,-4.2522094],[-40.4509833,-4.2090928]],[[-40.4509833,-4.2090928],[-40.4562162,-4.2148415]],[[-40.4562162,-4.2148415],[-40.4842496,-4.2329368],[-40.4914182,-4.2458631],[-40.5188501,-4.2568308],[-40.5305933,-4.2504726],[-40.5532729,-4.2141652],[-40.5620524,-4.2062564],[-40.5674972,-4.2058027]],[[-41.239815,-4.5735551],[-41.2220341,-4.5778024],[-41.2334115,-4.6087651],[-41.2293307,-4.620095],[-41.2028161,-4.6381951],[-41.1817163,-4.6738033],[-41.2024924,-4.701895],[-41.2238319,-4.7209125],[-41.2477903,-4.7617835],[-41.2127659,-4.772025],[-41.2328333,-4.8157381],[-41.2431815,-4.8283262],[-41.2394453,-4.8545385],[-41.2495738,-4.8696902],[-41.2281032,-4.8909878],[-41.234928,-4.9057444],[-41.2213666,-4.9382298],[-41.1985524,-4.9374549],[-41.1802162,-4.9475449],[-41.150922,-4.9921105],[-41.1225996,-5.0080684],[-41.1216678,-5.0260174]],[[-40.8794961,-4.7683126],[-40.8833612,-4.7523458],[-40.8756141,-4.7458404],[-40.867728,-4.7331708],[-40.8711509,-4.7245834]],[[-40.8711509,-4.7245834],[-40.8723755,-4.7134913],[-40.870805,-4.7096471],[-40.8666727,-4.705542]],[[-39.0366029,-7.6373297],[-39.0271612,-7.634273]],[[-39.0271612,-7.634273],[-39.0310293,-7.6252182],[-39.0299117,-7.5329789]],[[-40.0818257,-6.9829209],[-40.0840736,-6.9849754]],[[-40.1206527,-7.0216819],[-40.1222966,-7.0220734]],[[-40.1222966,-7.0220734],[-40.1230505,-7.0177638],[-40.1428442,-7.0296093],[-40.1672903,-7.039013]],[[-40.1672903,-7.039013],[-40.1361952,-7.1123428]],[[-39.897337,-7.0969516],[-39.8829904,-7.088826],[-39.8898577,-7.0532074]],[[-38.2409029,-5.6416662],[-38.2493201,-5.6470348]],[[-38.1592981,-5.9245759],[-38.1225154,-5.8817401],[-38.1162857,-5.8479868],[-38.1188643,-5.8328348],[-38.1004934,-5.8045298],[-38.0615092,-5.7620533],[-38.0470084,-5.7302628],[-38.0896939,-5.7148464],[-38.0828404,-5.6724407]],[[-40.9097936,-5.765733],[-40.9058188,-5.8014544],[-40.9056455,-5.8492766],[-40.893644,-5.8838093],[-40.8975193,-5.9012974],[-40.880216,-5.9176672],[-40.8735913,-5.9730536],[-40.9039474,-6.020877],[-40.9022038,-6.0492042],[-40.8735951,-6.055405],[-40.8576711,-6.105385],[-40.8069475,-6.1049531]],[[-40.7140776,-6.0394795],[-40.7337692,-6.0211498],[-40.7391483,-6.0125892],[-40.7463335,-5.987142],[-40.7464597,-5.9840736],[-40.7387099,-5.9796881],[-40.7154374,-5.9674431],[-40.6956448,-5.9120674],[-40.6717458,-5.9146521],[-40.6777226,-5.8864178],[-40.6813995,-5.8720254],[-40.6539286,-5.8455452],[-40.6323443,-5.8521052],[-40.607185,-5.8484938],[-40.6023254,-5.8431413],[-40.5995376,-5.8387374],[-40.5849059,-5.8391656],[-40.5791695,-5.8385625],[-40.5696899,-5.8411284]],[[-40.5696899,-5.8411284],[-40.5642181,-5.8402224]],[[-40.6252382,-5.7310235],[-40.6354567,-5.7119254],[-40.6538559,-5.6975929]],[[-38.9774659,-4.6697059],[-38.9812687,-4.667964]],[[-39.2249775,-4.9612602],[-39.2341117,-4.9777495]],[[-39.2341117,-4.9777495],[-39.2261372,-5.0133877],[-39.2056568,-5.0154684],[-39.1703557,-5.0525975],[-39.1478497,-5.061606],[-39.1582634,-5.0780246],[-39.1662711,-5.1317331],[-39.1480902,-5.1446625],[-39.0898234,-5.1525547]],[[-39.0898234,-5.1525547],[-39.0755939,-5.151089]],[[-38.9127897,-5.1631395],[-38.9086174,-5.1657808],[-38.904132,-5.1662619],[-38.9008913,-5.1652486],[-38.8130645,-5.0665911]],[[-38.7107101,-5.093089],[-38.699046,-5.0934951],[-38.6744114,-5.1111295]],[[-38.6181848,-5.1188635],[-38.6153479,-5.1126131]],[[-38.626645,-5.0764654],[-38.6278819,-5.0734951],[-38.6258814,-5.070701],[-38.6246395,-5.0637899]],[[-38.6450999,-4.9508061],[-38.6475384,-4.9375525]],[[-38.7012424,-4.9023912],[-38.8826573,-4.9352112],[-38.8850463,-4.9344212],[-38.8827394,-4.9283317]],[[-38.8744039,-4.6794854],[-38.8777815,-4.6861636]],[[-39.3038369,-6.1761416],[-39.2882023,-6.1738291],[-39.282943,-6.1710963],[-39.2761935,-6.1723003],[-39.2735904,-6.1769013],[-39.2729118,-6.182646]],[[-39.134668,-6.2890171],[-39.1107485,-6.2567484],[-39.098906,-6.2435931],[-39.0919933,-6.2394565],[-39.0745736,-6.2353206],[-39.0660845,-6.2369519],[-39.0637689,-6.2404251],[-39.0614713,-6.2514843]],[[-38.9761335,-6.1028124],[-38.9797801,-6.1016876]],[[-38.9797801,-6.1016876],[-38.9867093,-6.0617084],[-38.9865131,-6.0285265],[-38.9947553,-6.0217165],[-39.0107836,-6.0070921],[-39.0185263,-6.0052294],[-39.0507418,-6.0253532]],[[-39.3400723,-4.792176],[-39.3443307,-4.7949202],[-39.3484571,-4.8015115]],[[-39.6288321,-5.0429954],[-39.6339517,-5.053799]],[[-39.6581226,-5.3534535],[-39.6652373,-5.3624909]],[[-39.6607957,-5.3705791],[-39.6476937,-5.3754081]],[[-39.6476937,-5.3754081],[-39.6306126,-5.3994102],[-39.5968215,-5.3997073],[-39.578745,-5.4061085],[-39.4641307,-5.4757591],[-39.3675918,-5.5259646],[-39.3089214,-5.5093139],[-39.2805608,-5.5262681],[-39.2706226,-5.5372949],[-39.2630729,-5.5482487],[-39.2560422,-5.558535],[-39.2603311,-5.5808139],[-39.2535148,-5.5836951],[-39.2468323,-5.5924676]],[[-39.2468323,-5.5924676],[-39.2457324,-5.5846361]],[[-39.2205183,-5.5397925],[-39.2134075,-5.5451458],[-39.2041095,-5.5428675],[-39.1997731,-5.535162],[-39.193591,-5.5306079]],[[-39.0630238,-5.5129187],[-39.0602938,-5.5110889]],[[-39.0832133,-5.1512058],[-39.0898234,-5.1525547]],[[-39.2341117,-4.9777495],[-39.2266593,-4.9579302]],[[-39.3434769,-4.8001197],[-39.3388167,-4.7957631],[-39.3400723,-4.792176]],[[-37.8196935,-4.9842893],[-37.8447386,-4.9926318],[-37.85737,-4.9819441],[-37.8854908,-4.9854119],[-37.9131959,-4.983951],[-37.9337416,-5.002632],[-37.9633962,-5.0068237],[-38.0185088,-5.0254475],[-38.0489805,-5.0551858],[-38.0609039,-5.0804927]],[[-38.0609039,-5.0804927],[-38.0458027,-5.0879286]],[[-37.7853045,-5.2420307],[-37.7899659,-5.214499],[-37.7763098,-5.1871207],[-37.7649556,-5.1396162],[-37.7334225,-5.1006412],[-37.7250894,-5.0706243],[-37.7146559,-5.0627149],[-37.6787609,-5.0551974],[-37.6770622,-5.052279],[-37.8196935,-4.9842893]],[[-38.848799,-4.2298023],[-38.8400846,-4.2326677]],[[-38.7655713,-4.3055498],[-38.7585595,-4.3205741]],[[-38.6998501,-4.3301241],[-38.6836651,-4.2780768]],[[-38.7756157,-4.1624731],[-38.7888211,-4.1421667]],[[-40.6391965,-4.0158238],[-40.638848,-4.0239088]],[[-40.6892013,-4.2087897],[-40.6746491,-4.211706]],[[-40.6746491,-4.211706],[-40.6054,-4.2076221],[-40.5988475,-4.2027118],[-40.5457862,-4.1725405]],[[-40.5457862,-4.1725405],[-40.5299809,-4.1690936],[-40.5177609,-4.1539361],[-40.514408,-4.1335136],[-40.5329301,-4.0978456],[-40.472449,-4.0857818]],[[-38.0940284,-4.7046208],[-38.1470186,-4.6644811],[-38.161677,-4.6413698]],[[-38.161677,-4.6413698],[-38.1818618,-4.6229623],[-38.1870327,-4.6162052]],[[-38.2113282,-4.592122],[-38.214633,-4.5901517]],[[-38.0755125,-5.0751762],[-38.0609039,-5.0804927]],[[-38.0579058,-4.7895963],[-38.0484925,-4.7776711],[-38.0499549,-4.7726558],[-38.0583942,-4.7632042]],[[-39.7828561,-6.2073876],[-39.7892953,-6.2064763]],[[-40.0841055,-6.3674083],[-40.082638,-6.3719493]],[[-40.0165924,-6.6722173],[-40.0050866,-6.6867869]],[[-39.8329574,-6.6999334],[-39.8103583,-6.6878316]],[[-39.8103583,-6.6878316],[-39.775224,-6.6567996],[-39.7791275,-6.642625],[-39.7676227,-6.6270085],[-39.7365563,-6.6127249]],[[-39.7145238,-6.3473852],[-39.7089062,-6.3403965]],[[-40.4593637,-7.0784977],[-40.4897393,-7.1186901],[-40.4843697,-7.1331987],[-40.5012969,-7.1886528],[-40.5135611,-7.2397033],[-40.5157994,-7.2644616],[-40.5116313,-7.2994306],[-40.5237232,-7.3184505],[-40.5004686,-7.3279953],[-40.449055,-7.3611255],[-40.4335917,-7.3671782],[-40.3874805,-7.3670348],[-40.3609839,-7.3556007],[-40.3507936,-7.3341714],[-40.3185632,-7.3033404],[-40.2629956,-7.3010209],[-40.2441139,-7.3163417]],[[-40.1647063,-7.0473675],[-40.1672903,-7.039013]],[[-40.1222966,-7.0220734],[-40.1204067,-7.0149227]],[[-40.3412206,-3.3161809],[-40.3420253,-3.3509198]],[[-40.2692339,-3.5689151],[-40.2692922,-3.572934]],[[-40.2692922,-3.572934],[-40.224995,-3.5850962],[-40.2180955,-3.5976426],[-40.2059439,-3.6125868],[-40.2082501,-3.6314815],[-40.1888552,-3.6480427],[-40.1834171,-3.6539153],[-40.1754847,-3.6711176],[-40.1474878,-3.6683892],[-40.1336388,-3.6868983],[-40.1116939,-3.6902438],[-40.109743,-3.6450498],[-40.0965433,-3.6212247]],[[-40.0965433,-3.6212247],[-40.0699085,-3.5928064],[-40.0522614,-3.5833352]],[[-40.0271498,-3.444163],[-40.0279139,-3.4376641],[-40.0248964,-3.4345813]],[[-39.9873683,-3.3739647],[-39.9915547,-3.3657296]],[[-39.8900904,-7.3398233],[-39.8576968,-7.3254287],[-39.8286958,-7.3323702],[-39.789227,-7.3319951],[-39.7413221,-7.3268166],[-39.7061889,-7.3377612],[-39.6713484,-7.3585372],[-39.6457183,-7.3808781],[-39.6289072,-7.4256285],[-39.5992019,-7.4286526],[-39.5998015,-7.209633]],[[-39.843329,-4.1175093],[-39.8595933,-4.1386353],[-39.8927964,-4.1428044],[-39.9628643,-4.1219415],[-39.996961,-4.0821804],[-40.0144551,-4.0882826],[-40.0520887,-4.0699949],[-40.0574212,-4.0584745],[-40.0820821,-4.0597721],[-40.1318916,-4.0345092],[-40.1515068,-4.0157033],[-40.1820175,-3.9744801]],[[-40.1820175,-3.9744801],[-40.1887471,-3.9587465]],[[-40.3735399,-4.0918512],[-40.4313306,-4.0909171]],[[-40.4313306,-4.0909171],[-40.4339558,-4.0946884],[-40.4371643,-4.1085595],[-40.4362986,-4.1373187],[-40.4294478,-4.1430933],[-40.4426342,-4.1710705],[-40.4495524,-4.2021394]],[[-40.4495524,-4.2021394],[-40.4509833,-4.2090928]],[[-40.4395695,-4.2522094],[-40.4508063,-4.2602927]],[[-40.2560833,-4.4651715],[-40.2544465,-4.4720502]],[[-40.035264,-4.4577998],[-40.0219181,-4.4626299],[-40.0068602,-4.4840249]],[[-39.9285834,-4.7745402],[-39.9158676,-4.7884803]],[[-39.7425826,-4.7195628],[-39.7275721,-4.6924545],[-39.7218922,-4.6870647]],[[-39.7013247,-4.5454287],[-39.7186313,-4.5409163]],[[-39.7879013,-4.1885683],[-39.7809174,-4.1751211]],[[-39.839019,-4.1124334],[-39.843329,-4.1175093]],[[-41.1817351,-4.0138087],[-41.1718147,-4.0324776],[-41.1203449,-4.036339],[-41.1141151,-4.0518193],[-41.1343584,-4.1200762]],[[-40.9008923,-4.1589504],[-40.8957473,-4.1574353]],[[-40.8103031,-4.1185124],[-40.8206499,-4.1107046]],[[-38.8066351,-3.5484934],[-38.8521618,-3.5408416],[-38.8916399,-3.5059233],[-38.9049324,-3.5061402],[-38.9310831,-3.4717618]],[[-39.2624632,-3.4905066],[-39.2636576,-3.4924476]],[[-39.2636576,-3.4924476],[-39.284198,-3.5032653],[-39.2868817,-3.5246571],[-39.3031435,-3.5342346],[-39.3148839,-3.5799427]],[[-39.3148839,-3.5799427],[-39.3097141,-3.5813398],[-39.292855,-3.5834386],[-39.262185,-3.5851114],[-39.2156671,-3.6085951],[-39.2252386,-3.6301374],[-39.2226128,-3.6824731],[-39.216623,-3.6928152]],[[-39.216623,-3.6928152],[-39.1433258,-3.7039421]],[[-39.0015375,-3.6849674],[-38.9615086,-3.7119819]],[[-38.210669,-5.2452356],[-38.2380566,-5.2109101]],[[-38.1585493,-5.357813],[-38.1771759,-5.3344],[-38.2067839,-5.318946],[-38.2251885,-5.2913103],[-38.210669,-5.2452356]],[[-39.3148839,-3.5799427],[-39.3069217,-3.6640194],[-39.2839273,-3.6736745]],[[-39.2839273,-3.6736745],[-39.2784597,-3.6741374],[-39.2767243,-3.7370584]],[[-39.2136206,-3.6929319],[-39.216623,-3.6928152]],[[-39.6476937,-5.3754081],[-39.6557168,-5.3733103]],[[-39.6257894,-5.6073958],[-39.6322347,-5.6064523]],[[-39.4754506,-5.6904378],[-39.473633,-5.6978375],[-39.4759866,-5.7029731]],[[-39.3278358,-5.7827667],[-39.3227111,-5.7834653]],[[-39.2803636,-5.7581953],[-39.2718862,-5.7568757]],[[-39.2485059,-5.5938066],[-39.2468323,-5.5924676]],[[-40.505237,-3.1135211],[-40.5091361,-3.1101942],[-40.5745206,-3.135792],[-40.5725435,-3.1430479]],[[-40.5324933,-3.2403828],[-40.5233208,-3.2401921]],[[-40.5233208,-3.2401921],[-40.5158559,-3.2495622],[-40.507289,-3.2526816],[-40.4855478,-3.2596696],[-40.4821496,-3.2651867],[-40.4885703,-3.2781908],[-40.4792058,-3.3055231],[-40.4863654,-3.3350833],[-40.5014506,-3.3494519],[-40.5060077,-3.3688092],[-40.5281761,-3.3880682],[-40.5452452,-3.3924529],[-40.5526119,-3.4080285],[-40.5574945,-3.4075563],[-40.5597425,-3.406249]],[[-40.5597425,-3.406249],[-40.5634019,-3.4169047]],[[-40.537283,-3.4483899],[-40.5309881,-3.4384033]],[[-40.3420253,-3.3509198],[-40.3407053,-3.2900932]],[[-40.2692922,-3.572934],[-40.2758285,-3.5702844]],[[-40.4765296,-3.6360175],[-40.4893121,-3.6339779],[-40.4989585,-3.6297875]],[[-40.4989585,-3.6297875],[-40.4942314,-3.6347009]],[[-40.5432416,-3.6553463],[-40.5486593,-3.6536704]],[[-40.7182619,-3.8204239],[-40.7094082,-3.822074]],[[-40.6940773,-3.8365086],[-40.6792317,-3.8417563]],[[-40.3788211,-3.8377422],[-40.3700658,-3.8615614]],[[-40.1776567,-3.9497452],[-40.1820175,-3.9744801]],[[-39.843329,-4.1175093],[-39.840626,-4.1135274]],[[-39.9691022,-3.9516867],[-39.9766791,-3.9440349],[-39.993849,-3.9365553],[-40.0001452,-3.9287547],[-39.9974447,-3.9200438]],[[-40.0143618,-3.7144037],[-40.0202625,-3.6941847]],[[-40.069983,-3.5938982],[-40.0965433,-3.6212247]],[[-39.1724552,-5.950314],[-39.1661751,-5.9627354]],[[-38.9797801,-6.1016876],[-38.9719161,-6.0857401]],[[-38.8082472,-5.7952996],[-38.80487,-5.7867357]],[[-38.9078581,-5.4581522],[-38.9126939,-5.4550975]],[[-38.2333613,-5.2169793],[-38.210669,-5.2452356]],[[-37.8800616,-5.4334196],[-37.8604816,-5.4066857],[-37.8642752,-5.3783526],[-37.8474704,-5.3400231],[-37.8042859,-5.3127867],[-37.7864394,-5.2968934],[-37.9302104,-5.2971669]],[[-40.364225,-4.5624755],[-40.3812886,-4.5488416]],[[-40.4142113,-5.2283501],[-40.3132242,-5.155409]],[[-40.1670113,-5.1665546],[-40.1600423,-5.16479]],[[-40.2950926,-4.6007999],[-40.2957057,-4.5968884]],[[-39.8103583,-6.6878316],[-39.8372717,-6.7082341]],[[-39.8806372,-6.7388778],[-39.9094459,-6.7634663]],[[-39.6265035,-6.7957296],[-39.6128111,-6.7796022]],[[-39.735075,-6.63876],[-39.7382518,-6.6315657],[-39.7370162,-6.6251175]],[[-40.0599955,-5.4040816],[-40.0588421,-5.3973778]],[[-40.5135235,-5.813555],[-40.5318754,-5.8182373],[-40.5544317,-5.841068],[-40.5696899,-5.8411284]],[[-40.4219573,-6.3193863],[-40.4132328,-6.318507],[-40.4089831,-6.3160965],[-40.3012479,-6.2067779]],[[-40.1950424,-6.1424303],[-40.1811942,-6.1412072],[-40.1651151,-6.1313875],[-40.1592891,-6.1198717],[-40.1538893,-6.1183233],[-40.1503205,-6.1135852],[-40.1457669,-6.1121099],[-40.1337013,-6.1095011],[-40.112284,-6.1124619]],[[-39.9630265,-6.1013512],[-39.9563602,-6.1002807],[-39.9559368,-6.0973956]],[[-40.0090753,-5.7339204],[-40.0061698,-5.7202052],[-40.0079006,-5.7143996],[-40.0158762,-5.7073144],[-40.0224113,-5.7101028]],[[-39.4934041,-3.8191927],[-39.489758,-3.7609026],[-39.5145138,-3.7453719]],[[-39.6294369,-3.8262354],[-39.6395267,-3.822134]],[[-39.4953737,-3.996678],[-39.485732,-4.0051536]],[[-40.8867233,-3.5203942],[-40.8768744,-3.5325409],[-40.9541352,-3.6011176],[-40.9836919,-3.6215409],[-40.998692,-3.6238723],[-41.0382044,-3.6651227],[-41.0458351,-3.664842],[-41.1203341,-3.7115828],[-41.1468462,-3.6962317],[-41.2125978,-3.7101687],[-41.2246516,-3.7134319],[-41.2392948,-3.7127754]],[[-41.2392948,-3.7127754],[-41.2585189,-3.7327755],[-41.2604837,-3.7624512],[-41.2541229,-3.7750414],[-41.2648285,-3.7915783],[-41.294374,-3.8185633],[-41.2768563,-3.8256211],[-41.2677571,-3.8618499],[-41.2387619,-3.8946566]],[[-41.2387619,-3.8946566],[-41.2075315,-3.8996954],[-41.183227,-3.8919476],[-41.1783228,-3.8759236],[-41.1609011,-3.8721606],[-41.1318875,-3.8440959],[-41.088148,-3.8390978],[-41.0546753,-3.8399551],[-41.0353281,-3.8496051],[-41.0065896,-3.8399736],[-40.9673765,-3.8391108],[-40.9559032,-3.8067431],[-40.8991209,-3.778041]],[[-40.8991209,-3.778041],[-40.8953028,-3.7809788]],[[-40.8742189,-3.7224726],[-40.8909351,-3.6679472]],[[-39.168939,-3.3288029],[-39.1911234,-3.2849523],[-39.2302501,-3.2386352],[-39.2590531,-3.2186047],[-39.2773477,-3.2196874],[-39.3130443,-3.2060711],[-39.3441722,-3.1781403],[-39.3654545,-3.173428],[-39.3814239,-3.1863799]],[[-39.4702599,-3.4027317],[-39.4357396,-3.4182413]],[[-39.4357396,-3.4182413],[-39.4310196,-3.431414],[-39.3310227,-3.5016154],[-39.3345962,-3.5287423],[-39.3516376,-3.5480463],[-39.3631198,-3.5473477],[-39.3736833,-3.5728596],[-39.3741857,-3.5779339]],[[-39.3741857,-3.5779339],[-39.3480677,-3.5727817],[-39.3148839,-3.5799427]],[[-39.2636576,-3.4924476],[-39.2637748,-3.4825371]],[[-39.4357396,-3.4182413],[-39.4655526,-3.4089946]],[[-39.5045409,-3.5744713],[-39.4913921,-3.6021521],[-39.4204972,-3.626223]],[[-39.4204972,-3.626223],[-39.4556274,-3.6431076]],[[-39.4556274,-3.6431076],[-39.4499645,-3.6579714],[-39.4263379,-3.6558143],[-39.3542726,-3.6623829],[-39.3611228,-3.6454284],[-39.3769716,-3.6351437],[-39.3897871,-3.6083448],[-39.3741857,-3.5779339]],[[-40.883149,-3.7840625],[-40.8957299,-3.7805155],[-40.8991209,-3.778041]],[[-41.2387619,-3.8946566],[-41.2202395,-3.9415055],[-41.2218186,-3.9689495]],[[-40.8878388,-3.8685228],[-40.8718924,-3.8704197]],[[-40.7896883,-3.8372174],[-40.7938303,-3.8316485]],[[-40.781464,-3.7884968],[-40.7796351,-3.7862498]],[[-38.6725406,-6.7062314],[-38.6731505,-6.6972212],[-38.6519647,-6.6731834],[-38.6469653,-6.6542076],[-38.6570803,-6.6422895],[-38.6466593,-6.6159807],[-38.6291604,-6.6045824],[-38.6428534,-6.5811777],[-38.6266059,-6.5529542],[-38.6350116,-6.5349624]],[[-39.3148839,-3.5799427],[-39.3484393,-3.5728678],[-39.3741857,-3.5779339]],[[-39.4556274,-3.6431076],[-39.5145669,-3.6692932]],[[-39.5145669,-3.6692932],[-39.5129726,-3.693335]],[[-39.4323232,-3.7671819],[-39.4322981,-3.7847285]],[[-39.2767243,-3.7370584],[-39.27843,-3.6742212],[-39.2839273,-3.6736745]],[[-39.596418,-3.6266191],[-39.5902679,-3.6260452]],[[-39.5141006,-3.6581732],[-39.5145669,-3.6692932]],[[-39.5145669,-3.6692932],[-39.4204972,-3.626223]],[[-40.5627672,-3.4079233],[-40.5597425,-3.406249]],[[-40.5233208,-3.2401921],[-40.5394272,-3.2435879]],[[-40.6690641,-3.2476425],[-40.8343033,-3.2084946]],[[-40.4313306,-4.0909171],[-40.472449,-4.0857818]],[[-40.5457862,-4.1725405],[-40.5883229,-4.2009726],[-40.5674972,-4.2058027]],[[-40.4562162,-4.2148415],[-40.4495524,-4.2021394]],[[-39.4952694,-6.751475],[-39.5122132,-6.7817576]],[[-39.3416177,-6.9060124],[-39.2662528,-6.8816899]],[[-39.2368343,-6.5889598],[-39.2984225,-6.5616827]],[[-41.2991727,-3.4910407],[-41.3205879,-3.497858],[-41.3368693,-3.5538936],[-41.3646614,-3.5579986],[-41.3713131,-3.5726272],[-41.3449041,-3.588739],[-41.3313155,-3.6246843],[-41.3417478,-3.6807726],[-41.3076646,-3.6848034],[-41.2793342,-3.7007474],[-41.2554322,-3.7032602],[-41.2392948,-3.7127754]]],"bbox":[-41.4123177,-7.8461256,-37.2526586,-2.785405]}
