{"type":"Topology","objects":{"geometrias":{"type":"GeometryCollection","geometries":[{"type":"Polygon","arcs":[[0,1,2,3,4,5,6,7,8,9,10,11,12]],"properties":{"code_muni":3200102,"abbrev_state":"ES","name_state":"Espírito Santo","name_region":"Sudeste","name_muni":"Afonso Cláudio","code_state":32,"code_region":3,"year":2020}},{"type":"Polygon","arcs":[[13,14,15,16,17,18,19,20,21,22,23,24,25]],"properties":{"code_muni":3200136,"abbrev_state":"ES","name_state":"Espírito Santo","name_region":"Sudeste","name_muni":"Águia Branca","code_state":32,"code_region":3,"year":2020}},{"type":"Polygon","arcs":[[26,27,28,29,30,31]],"properties":{"code_muni":3200169,"abbrev_state":"ES","name_state":"Espírito Santo","name_region":"Sudeste","name_muni":"Água Doce do Norte","code_state":32,"code_region":3,"year":2020}},{"type":"Polygon","arcs":[[32,33,34,35,36,37,38,39,40,41,42,43,44,45,46,47,48,49,50]],"properties":{"code_muni":3200201,"abbrev_state":"ES","name_state":"Espírito Santo","name_region":"Sudeste","name_muni":"Alegre","code_state":32,"code_region":3,"year":2020}},{"type":"Polygon","arcs":[[51,52,53,54,55,56,57,58,59,60,61,62,63,64,65,66,67]],"properties":{"code_muni":3200300,"abbrev_state":"ES","name_state":"Espírito Santo","name_region":"Sudeste","name_muni":"Alfredo Chaves","code_state":32,"code_region":3,"year":2020}},{"type":"Polygon","arcs":[[68,69]],"properties":{"code_muni":3200359,"abbrev_state":"ES","name_state":"Espírito Santo","name_region":"Sudeste","name_muni":"Alto Rio Novo","code_state":32,"code_region":3,"year":2020}},{"type":"Polygon","arcs":[[70,-61,71,-59,72,73,74,75,76,77,78,79,80,81]],"properties":{"code_muni":3200409,"abbrev_state":"ES","name_state":"Espírito Santo","name_region":"Sudeste","name_muni":"Anchieta","code_state":32,"code_region":3,"year":2020}},{"type":"Polygon","arcs":[[82,83,84,85,86,87,88,89]],"properties":{"code_muni":3200508,"abbrev_state":"ES","name_state":"Espírito Santo","name_region":"Sudeste","name_muni":"Apiacá","code_state":32,"code_region":3,"year":2020}},{"type":"Polygon","arcs":[[90,91,92,93,94,95,96]],"properties":{"code_muni":3200607,"abbrev_state":"ES","name_state":"Espírito Santo","name_region":"Sudeste","name_muni":"Aracruz","code_state":32,"code_region":3,"year":2020}},{"type":"Polygon","arcs":[[97,98,99,100,101,102,103,104,105,106,107,108]],"properties":{"code_muni":3200706,"abbrev_state":"ES","name_state":"Espírito Santo","name_region":"Sudeste","name_muni":"Atílio Vivácqua","code_state":32,"code_region":3,"year":2020}},{"type":"Polygon","arcs":[[109,110,111,112,113,114,115,116,117,118]],"properties":{"code_muni":3200805,"abbrev_state":"ES","name_state":"Espírito Santo","name_region":"Sudeste","name_muni":"Baixo Guandu","code_state":32,"code_region":3,"year":2020}},{"type":"Polygon","arcs":[[119,-30,120,121,-26,122,123,124,125,126,127]],"properties":{"code_muni":3200904,"abbrev_state":"ES","name_state":"Espírito Santo","name_region":"Sudeste","name_muni":"Barra de São Francisco","code_state":32,"code_region":3,"year":2020}},{"type":"Polygon","arcs":[[128,129,130,131,132,133,134,135,136,137,138,139]],"properties":{"code_muni":3201001,"abbrev_state":"ES","name_state":"Espírito Santo","name_region":"Sudeste","name_muni":"Boa Esperança","code_state":32,"code_region":3,"year":2020}},{"type":"Polygon","arcs":[[140,141,142,-88,143,-86]],"properties":{"code_muni":3201100,"abbrev_state":"ES","name_state":"Espírito Santo","name_region":"Sudeste","name_muni":"Bom Jesus do Norte","code_state":32,"code_region":3,"year":2020}},{"type":"Polygon","arcs":[[144,145,146,147,148,149,-2]],"properties":{"code_muni":3201159,"abbrev_state":"ES","name_state":"Espírito Santo","name_region":"Sudeste","name_muni":"Brejetuba","code_state":32,"code_region":3,"year":2020}},{"type":"Polygon","arcs":[[150,-47,151,152,153,154,155,-109,156,157,158,159,160,161,162,163,164,165]],"properties":{"code_muni":3201209,"abbrev_state":"ES","name_state":"Espírito Santo","name_region":"Sudeste","name_muni":"Cachoeiro de Itapemirim","code_state":32,"code_region":3,"year":2020}},{"type":"Polygon","arcs":[[166,167,168,169,170,171,172,173,174,175,176,177,178]],"properties":{"code_muni":3201308,"abbrev_state":"ES","name_state":"Espírito Santo","name_region":"Sudeste","name_muni":"Cariacica","code_state":32,"code_region":3,"year":2020}},{"type":"Polygon","arcs":[[179,180,181,182,183,184,185,-49,186,-166,187,-164,188,189,190,191,192]],"properties":{"code_muni":3201407,"abbrev_state":"ES","name_state":"Espírito Santo","name_region":"Sudeste","name_muni":"Castelo","code_state":32,"code_region":3,"year":2020}},{"type":"Polygon","arcs":[[193,194,195,196,-117,197,-115,198,199,200,201,202,203,204,205,206,207,208,209,210,211,212,213]],"properties":{"code_muni":3201506,"abbrev_state":"ES","name_state":"Espírito Santo","name_region":"Sudeste","name_muni":"Colatina","code_state":32,"code_region":3,"year":2020}},{"type":"Polygon","arcs":[[214,215,216,217,218,219]],"properties":{"code_muni":3201605,"abbrev_state":"ES","name_state":"Espírito Santo","name_region":"Sudeste","name_muni":"Conceição da Barra","code_state":32,"code_region":3,"year":2020}},{"type":"Polygon","arcs":[[220,221,-183,222,-181,223,224,225,-4,226,-149]],"properties":{"code_muni":3201704,"abbrev_state":"ES","name_state":"Espírito Santo","name_region":"Sudeste","name_muni":"Conceição do Castelo","code_state":32,"code_region":3,"year":2020}},{"type":"Polygon","arcs":[[227,228,229,230,231,232,233,234]],"properties":{"code_muni":3201803,"abbrev_state":"ES","name_state":"Espírito Santo","name_region":"Sudeste","name_muni":"Divino de São Lourenço","code_state":32,"code_region":3,"year":2020}},{"type":"Polygon","arcs":[[235,-7,236,237,238,-191,239,240,241,-68,242,243,244,245,246,247,248,-170,249,250,251,252]],"properties":{"code_muni":3201902,"abbrev_state":"ES","name_state":"Espírito Santo","name_region":"Sudeste","name_muni":"Domingos Martins","code_state":32,"code_region":3,"year":2020}},{"type":"Polygon","arcs":[[253,254,255,-231,256,-229,257,258]],"properties":{"code_muni":3202009,"abbrev_state":"ES","name_state":"Espírito Santo","name_region":"Sudeste","name_muni":"Dores do Rio Preto","code_state":32,"code_region":3,"year":2020}},{"type":"Polygon","arcs":[[259,-28,260,-32,261,-128,262,263,264,265,266,267,268,269,270,271]],"properties":{"code_muni":3202108,"abbrev_state":"ES","name_state":"Espírito Santo","name_region":"Sudeste","name_muni":"Ecoporanga","code_state":32,"code_region":3,"year":2020}},{"type":"Polygon","arcs":[[272,273,274,275,276,277,278,279,-95,280,281]],"properties":{"code_muni":3202207,"abbrev_state":"ES","name_state":"Espírito Santo","name_region":"Sudeste","name_muni":"Fundão","code_state":32,"code_region":3,"year":2020}},{"type":"Polygon","arcs":[[282,283,284,-211,285,286,287,288,289,290]],"properties":{"code_muni":3202256,"abbrev_state":"ES","name_state":"Espírito Santo","name_region":"Sudeste","name_muni":"Governador Lindenberg","code_state":32,"code_region":3,"year":2020}},{"type":"Polygon","arcs":[[291,-233,292,-255,293,294,295,-36,296,297,298]],"properties":{"code_muni":3202306,"abbrev_state":"ES","name_state":"Espírito Santo","name_region":"Sudeste","name_muni":"Guaçuí","code_state":32,"code_region":3,"year":2020}},{"type":"Polygon","arcs":[[299,-63,300,-82,301,302,303,304,305]],"properties":{"code_muni":3202405,"abbrev_state":"ES","name_state":"Espírito Santo","name_region":"Sudeste","name_muni":"Guarapari","code_state":32,"code_region":3,"year":2020}},{"type":"Polygon","arcs":[[306,307,308,309,310,311,312,313,314,-146]],"properties":{"code_muni":3202454,"abbrev_state":"ES","name_state":"Espírito Santo","name_region":"Sudeste","name_muni":"Ibatiba","code_state":32,"code_region":3,"year":2020}},{"type":"Polygon","arcs":[[315,-282,316,317,318]],"properties":{"code_muni":3202504,"abbrev_state":"ES","name_state":"Espírito Santo","name_region":"Sudeste","name_muni":"Ibiraçu","code_state":32,"code_region":3,"year":2020}},{"type":"Polygon","arcs":[[319,-259,320,-235,321,-299,322,323,-34,324,325,326]],"properties":{"code_muni":3202553,"abbrev_state":"ES","name_state":"Espírito Santo","name_region":"Sudeste","name_muni":"Ibitirama","code_state":32,"code_region":3,"year":2020}},{"type":"Polygon","arcs":[[327,328,329,330,331,-76,332,-74,333,-57]],"properties":{"code_muni":3202603,"abbrev_state":"ES","name_state":"Espírito Santo","name_region":"Sudeste","name_muni":"Iconha","code_state":32,"code_region":3,"year":2020}},{"type":"Polygon","arcs":[[334,335,336,337,338,-310]],"properties":{"code_muni":3202652,"abbrev_state":"ES","name_state":"Espírito Santo","name_region":"Sudeste","name_muni":"Irupi","code_state":32,"code_region":3,"year":2020}},{"type":"Polygon","arcs":[[-113,339,340,341,342,343,344,345,346,347,-200,348]],"properties":{"code_muni":3202702,"abbrev_state":"ES","name_state":"Espírito Santo","name_region":"Sudeste","name_muni":"Itaguaçu","code_state":32,"code_region":3,"year":2020}},{"type":"Polygon","arcs":[[349,350,351,352,-158,353,-107,354,355,356,357,358]],"properties":{"code_muni":3202801,"abbrev_state":"ES","name_state":"Espírito Santo","name_region":"Sudeste","name_muni":"Itapemirim","code_state":32,"code_region":3,"year":2020}},{"type":"Polygon","arcs":[[-343,359,360,361,-11,362,363,364,365,366]],"properties":{"code_muni":3202900,"abbrev_state":"ES","name_state":"Espírito Santo","name_region":"Sudeste","name_muni":"Itarana","code_state":32,"code_region":3,"year":2020}},{"type":"Polygon","arcs":[[367,-327,368,369,-312,370,-338,371,-336,372,-308]],"properties":{"code_muni":3203007,"abbrev_state":"ES","name_state":"Espírito Santo","name_region":"Sudeste","name_muni":"Iúna","code_state":32,"code_region":3,"year":2020}},{"type":"Polygon","arcs":[[373,374,375,376,377,378,379,380,381]],"properties":{"code_muni":3203056,"abbrev_state":"ES","name_state":"Espírito Santo","name_region":"Sudeste","name_muni":"Jaguaré","code_state":32,"code_region":3,"year":2020}},{"type":"Polygon","arcs":[[382,-45,383,-43,384,385,386,387,388,-153]],"properties":{"code_muni":3203106,"abbrev_state":"ES","name_state":"Espírito Santo","name_region":"Sudeste","name_muni":"Jerônimo Monteiro","code_state":32,"code_region":3,"year":2020}},{"type":"Polygon","arcs":[[389,-205,390,391,392,393,394,395,-319,396,-92,397,398]],"properties":{"code_muni":3203130,"abbrev_state":"ES","name_state":"Espírito Santo","name_region":"Sudeste","name_muni":"João Neiva","code_state":32,"code_region":3,"year":2020}},{"type":"Polygon","arcs":[[399,-13,400,-361,401,-341,402,-111]],"properties":{"code_muni":3203163,"abbrev_state":"ES","name_state":"Espírito Santo","name_region":"Sudeste","name_muni":"Laranja da Terra","code_state":32,"code_region":3,"year":2020}},{"type":"Polygon","arcs":[[403,404,405,406,407,408,409,-289,410,411,412,-207,413,-399,414,-97,415,416,417,-379]],"properties":{"code_muni":3203205,"abbrev_state":"ES","name_state":"Espírito Santo","name_region":"Sudeste","name_muni":"Linhares","code_state":32,"code_region":3,"year":2020}},{"type":"Polygon","arcs":[[418,419]],"properties":{"code_muni":3203304,"abbrev_state":"ES","name_state":"Espírito Santo","name_region":"Sudeste","name_muni":"Mantenópolis","code_state":32,"code_region":3,"year":2020}},{"type":"Polygon","arcs":[[420,421,-357,422,423]],"properties":{"code_muni":3203320,"abbrev_state":"ES","name_state":"Espírito Santo","name_region":"Sudeste","name_muni":"Marataízes","code_state":32,"code_region":3,"year":2020}},{"type":"Polygon","arcs":[[424,425,-65,426,-306,427,428,429,-246,430,-244]],"properties":{"code_muni":3203346,"abbrev_state":"ES","name_state":"Espírito Santo","name_region":"Sudeste","name_muni":"Marechal Floriano","code_state":32,"code_region":3,"year":2020}},{"type":"Polygon","arcs":[[431,-209,432,-412,433,-287]],"properties":{"code_muni":3203353,"abbrev_state":"ES","name_state":"Espírito Santo","name_region":"Sudeste","name_muni":"Marilândia","code_state":32,"code_region":3,"year":2020}},{"type":"Polygon","arcs":[[434,435,436,-90,437,438,439,440,441,-103,442,443,444,-386,445,446,-40]],"properties":{"code_muni":3203403,"abbrev_state":"ES","name_state":"Espírito Santo","name_region":"Sudeste","name_muni":"Mimoso do Sul","code_state":32,"code_region":3,"year":2020}},{"type":"Polygon","arcs":[[447,448,449,450,451,452,453,454,455]],"properties":{"code_muni":3203502,"abbrev_state":"ES","name_state":"Espírito Santo","name_region":"Sudeste","name_muni":"Montanha","code_state":32,"code_region":3,"year":2020}},{"type":"Polygon","arcs":[[456,-272,457,458,459,-451,460,-449]],"properties":{"code_muni":3203601,"abbrev_state":"ES","name_state":"Espírito Santo","name_region":"Sudeste","name_muni":"Mucurici","code_state":32,"code_region":3,"year":2020}},{"type":"Polygon","arcs":[[461,-314,462,-369,-326,463,-51,464,-185,465,-221,-148]],"properties":{"code_muni":3203700,"abbrev_state":"ES","name_state":"Espírito Santo","name_region":"Sudeste","name_muni":"Muniz Freire","code_state":32,"code_region":3,"year":2020}},{"type":"Polygon","arcs":[[466,-388,467,-444,468,-101,469,-99,470,-155]],"properties":{"code_muni":3203809,"abbrev_state":"ES","name_state":"Espírito Santo","name_region":"Sudeste","name_muni":"Muqui","code_state":32,"code_region":3,"year":2020}},{"type":"Polygon","arcs":[[471,-268,472,473,474,-124,475,-24,476,477,478,479,480,-134,481,482]],"properties":{"code_muni":3203908,"abbrev_state":"ES","name_state":"Espírito Santo","name_region":"Sudeste","name_muni":"Nova Venécia","code_state":32,"code_region":3,"year":2020}},{"type":"Polygon","arcs":[[483,-70,484,-119,485,-196,486,-194,487,488,489,490,491,-16]],"properties":{"code_muni":3204005,"abbrev_state":"ES","name_state":"Espírito Santo","name_region":"Sudeste","name_muni":"Pancas","code_state":32,"code_region":3,"year":2020}},{"type":"Polygon","arcs":[[-456,492,493,-216,494]],"properties":{"code_muni":3204054,"abbrev_state":"ES","name_state":"Espírito Santo","name_region":"Sudeste","name_muni":"Pedro Canário","code_state":32,"code_region":3,"year":2020}},{"type":"Polygon","arcs":[[495,-130,496,-140,497,-138,498,499,500,-218,501,-493,-455,502,503]],"properties":{"code_muni":3204104,"abbrev_state":"ES","name_state":"Espírito Santo","name_region":"Sudeste","name_muni":"Pinheiros","code_state":32,"code_region":3,"year":2020}},{"type":"Polygon","arcs":[[504,-78,505,-331,506,-350,507,-80]],"properties":{"code_muni":3204203,"abbrev_state":"ES","name_state":"Espírito Santo","name_region":"Sudeste","name_muni":"Piúma","code_state":32,"code_region":3,"year":2020}},{"type":"Polygon","arcs":[[508,-270,509,-483,510,-132,511,-504,512,-453,513,-459]],"properties":{"code_muni":3204252,"abbrev_state":"ES","name_state":"Espírito Santo","name_region":"Sudeste","name_muni":"Ponto Belo","code_state":32,"code_region":3,"year":2020}},{"type":"Polygon","arcs":[[514,-105,515,-441,516,-439,517,-424,518,-355]],"properties":{"code_muni":3204302,"abbrev_state":"ES","name_state":"Espírito Santo","name_region":"Sudeste","name_muni":"Presidente Kennedy","code_state":32,"code_region":3,"year":2020}},{"type":"Polygon","arcs":[[519,520,-291,521,-409,522,-407,523,524,525,526]],"properties":{"code_muni":3204351,"abbrev_state":"ES","name_state":"Espírito Santo","name_region":"Sudeste","name_muni":"Rio Bananal","code_state":32,"code_region":3,"year":2020}},{"type":"Polygon","arcs":[[527,528,529,-351,530,-329,531,-55]],"properties":{"code_muni":3204401,"abbrev_state":"ES","name_state":"Espírito Santo","name_region":"Sudeste","name_muni":"Rio Novo do Sul","code_state":32,"code_region":3,"year":2020}},{"type":"Polygon","arcs":[[532,533,534,-251,535,-168,536,537,538,539,540,-275,541,542]],"properties":{"code_muni":3204500,"abbrev_state":"ES","name_state":"Espírito Santo","name_region":"Sudeste","name_muni":"Santa Leopoldina","code_state":32,"code_region":3,"year":2020}},{"type":"Polygon","arcs":[[543,-364,544,-9,545,-253,546,-534,547,548]],"properties":{"code_muni":3204559,"abbrev_state":"ES","name_state":"Espírito Santo","name_region":"Sudeste","name_muni":"Santa Maria de Jetibá","code_state":32,"code_region":3,"year":2020}},{"type":"Polygon","arcs":[[549,-345,550,-366,551,-549,552,-543,553,-273,554,-395,555,556]],"properties":{"code_muni":3204609,"abbrev_state":"ES","name_state":"Espírito Santo","name_region":"Sudeste","name_muni":"Santa Teresa","code_state":32,"code_region":3,"year":2020}},{"type":"Polygon","arcs":[[557,-20,558,-18,559,-491,560,-489,561,-213,562,-284,563,564,565,566,567]],"properties":{"code_muni":3204658,"abbrev_state":"ES","name_state":"Espírito Santo","name_region":"Sudeste","name_muni":"São Domingos do Norte","code_state":32,"code_region":3,"year":2020}},{"type":"Polygon","arcs":[[568,569,-478,570,-22,571,-568,572,573,574]],"properties":{"code_muni":3204708,"abbrev_state":"ES","name_state":"Espírito Santo","name_region":"Sudeste","name_muni":"São Gabriel da Palha","code_state":32,"code_region":3,"year":2020}},{"type":"Polygon","arcs":[[-295,575,-142,576,-84,577,-436,578,-38,579]],"properties":{"code_muni":3204807,"abbrev_state":"ES","name_state":"Espírito Santo","name_region":"Sudeste","name_muni":"São José do Calçado","code_state":32,"code_region":3,"year":2020}},{"type":"Polygon","arcs":[[580,-500,581,-136,582,-480,583,-569,584,585,586,-382,587,588,-417,589,-220]],"properties":{"code_muni":3204906,"abbrev_state":"ES","name_state":"Espírito Santo","name_region":"Sudeste","name_muni":"São Mateus","code_state":32,"code_region":3,"year":2020}},{"type":"Polygon","arcs":[[-347,590,-557,591,-393,592,-202]],"properties":{"code_muni":3204955,"abbrev_state":"ES","name_state":"Espírito Santo","name_region":"Sudeste","name_muni":"São Roque do Canaã","code_state":32,"code_region":3,"year":2020}},{"type":"Polygon","arcs":[[593,-540,594,-538,595,-179,596,597,-279,598,-277]],"properties":{"code_muni":3205002,"abbrev_state":"ES","name_state":"Espírito Santo","name_region":"Sudeste","name_muni":"Serra","code_state":32,"code_region":3,"year":2020}},{"type":"Polygon","arcs":[[599,600,601,-525,602,-405,603,-377]],"properties":{"code_muni":3205010,"abbrev_state":"ES","name_state":"Espírito Santo","name_region":"Sudeste","name_muni":"Sooretama","code_state":32,"code_region":3,"year":2020}},{"type":"Polygon","arcs":[[604,-240,-190,605,-162,606,-160,607,608,-529,609,-53,610]],"properties":{"code_muni":3205036,"abbrev_state":"ES","name_state":"Espírito Santo","name_region":"Sudeste","name_muni":"Vargem Alta","code_state":32,"code_region":3,"year":2020}},{"type":"Polygon","arcs":[[611,-225,612,-193,613,-238,614]],"properties":{"code_muni":3205069,"abbrev_state":"ES","name_state":"Espírito Santo","name_region":"Sudeste","name_muni":"Venda Nova do Imigrante","code_state":32,"code_region":3,"year":2020}},{"type":"Polygon","arcs":[[615,-248,616,-429,617,-304,618,619,-174,620,-172]],"properties":{"code_muni":3205101,"abbrev_state":"ES","name_state":"Espírito Santo","name_region":"Sudeste","name_muni":"Viana","code_state":32,"code_region":3,"year":2020}},{"type":"Polygon","arcs":[[-264,621,-126,622,-474,623,-266,624]],"properties":{"code_muni":3205150,"abbrev_state":"ES","name_state":"Espírito Santo","name_region":"Sudeste","name_muni":"Vila Pavão","code_state":32,"code_region":3,"year":2020}},{"type":"Polygon","arcs":[[625,-574,626,-566,627,-527,628,-601,629,-375,630,-586]],"properties":{"code_muni":3205176,"abbrev_state":"ES","name_state":"Espírito Santo","name_region":"Sudeste","name_muni":"Vila Valério","code_state":32,"code_region":3,"year":2020}},{"type":"Polygon","arcs":[[631,632,633,-176,634,-619,-303]],"properties":{"code_muni":3205200,"abbrev_state":"ES","name_state":"Espírito Santo","name_region":"Sudeste","name_muni":"Vila Velha","code_state":32,"code_region":3,"year":2020}},{"type":"MultiPolygon","arcs":[[[-178,635,-633,636,-597]],[[637]]],"properties":{"code_muni":3205309,"abbrev_state":"ES","name_state":"Espírito Santo","name_region":"Sudeste","name_muni":"Vitória","code_state":32,"code_region":3,"year":2020}}]}},"arcs":[[[-41.1870163,-19.8915298],[-41.2066347,-19.9040544],[-41.2280447,-19.9049851],[-41.2434969,-19.9367318],[-41.2546097,-19.9321447],[-41.2714335,-19.9422079]],[[-41.2714335,-19.9422079],[-41.2760346,-19.9492468],[-41.2611553,-19.9607734],[-41.2627288,-19.968151],[-41.238679,-20.0061929],[-41.2531638,-20.0279366],[-41.2430415,-20.0352643],[-41.232743,-20.0518114],[-41.250647,-20.0837839],[-41.2431085,-20.1046],[-41.2261599,-20.1217545],[-41.2308561,-20.1592054],[-41.2428455,-20.1574251],[-41.2521064,-20.1810522],[-41.2421303,-20.2001079],[-41.2436311,-20.2090368],[-41.2339788,-20.2493442],[-41.2267028,-20.259979],[-41.2385242,-20.2730436],[-41.2387822,-20.2775239]],[[-41.2387822,-20.2775239],[-41.2289703,-20.2784012]],[[-41.2289703,-20.2784012],[-41.2205013,-20.2787251],[-41.1952483,-20.2708628],[-41.1852677,-20.2594626],[-41.1747428,-20.2620953],[-41.1610783,-20.2745459]],[[-41.1610783,-20.2745459],[-41.1475498,-20.2816208]],[[-41.1475498,-20.2816208],[-41.132517,-20.2840319]],[[-41.132517,-20.2840319],[-41.1212559,-20.2687611],[-41.1052076,-20.2726767],[-41.0907323,-20.2686091],[-41.0808437,-20.2624859],[-41.0789589,-20.2549628],[-41.0702914,-20.2461255],[-41.0690172,-20.2301601],[-41.0694913,-20.2220475],[-41.0570567,-20.2322897],[-41.0441798,-20.235542],[-41.0302832,-20.2311531],[-41.0204303,-20.2133388],[-41.0085422,-20.2128944],[-41.0051942,-20.213699]],[[-41.0051942,-20.213699],[-41.0026593,-20.2144376]],[[-41.0026593,-20.2144376],[-40.9995681,-20.2068089],[-41.0062233,-20.19899],[-41.0167662,-20.1941062],[-41.0146346,-20.1741264],[-41.0167175,-20.1510687],[-41.0350006,-20.1338237],[-41.0321198,-20.1247886],[-41.0257826,-20.1211962],[-41.015031,-20.1172187],[-40.9994219,-20.1102368],[-40.9916572,-20.1242331],[-40.9817182,-20.1107977],[-40.9739573,-20.1045303],[-40.9625937,-20.0910818],[-40.9458804,-20.083224],[-40.9476091,-20.0741623]],[[-40.9476091,-20.0741623],[-40.9492268,-20.0745491]],[[-40.9492268,-20.0745491],[-40.9680557,-20.0427735],[-40.9639772,-20.0286454],[-40.9705489,-20.0197221],[-40.9705375,-19.9770434]],[[-40.9705375,-19.9770434],[-40.9787403,-19.9794396]],[[-40.9787403,-19.9794396],[-41.006668,-19.9606939],[-41.0360053,-19.9769557],[-41.0463761,-19.9768541],[-41.0563224,-19.9865193],[-41.0685575,-19.9864146],[-41.0864592,-19.9709821],[-41.1057341,-19.966322],[-41.1086935,-19.9693918],[-41.1158331,-19.971841],[-41.1115521,-19.9499284],[-41.1247575,-19.9369089],[-41.1260475,-19.9169103],[-41.1372957,-19.9044633],[-41.1417873,-19.8929367],[-41.1552805,-19.8909244],[-41.16804,-19.9052016],[-41.1764025,-19.9066511],[-41.1870163,-19.8915298]],[[-40.8836588,-18.8959192],[-40.8933059,-18.9009741],[-40.8979401,-18.9013022],[-40.9059985,-18.9404624]],[[-40.9059985,-18.9404624],[-40.8578491,-18.9403677]],[[-40.8578491,-18.9403677],[-40.858751,-19.021668],[-40.8384383,-19.022252],[-40.8145642,-19.0173389],[-40.8039565,-19.0238939],[-40.7830694,-19.0209664],[-40.7786946,-19.0017732],[-40.7684653,-18.9949221],[-40.7575388,-18.9984414],[-40.7512703,-19.0122548],[-40.7297202,-19.0344179],[-40.7241695,-19.0543167],[-40.7035754,-19.0609596],[-40.7089391,-19.0727752],[-40.7161244,-19.0925887],[-40.7175063,-19.0974401],[-40.7152926,-19.1040413],[-40.7045958,-19.1094458],[-40.6857094,-19.1104116],[-40.6887099,-19.1266456],[-40.6991977,-19.1326742],[-40.6926624,-19.1394984]],[[-40.6926624,-19.1394984],[-40.6912512,-19.149935]],[[-40.6912512,-19.149935],[-40.6881006,-19.1438941],[-40.689683,-19.1321206],[-40.6789062,-19.1231697]],[[-40.6789062,-19.1231697],[-40.6791711,-19.1175759],[-40.6839844,-19.1056514],[-40.683538,-19.1038832],[-40.6724359,-19.097465]],[[-40.6724359,-19.097465],[-40.654697,-19.0898015],[-40.6165258,-19.0820439],[-40.5980806,-19.06258],[-40.5738424,-19.0651591],[-40.5606114,-19.0467749]],[[-40.5606114,-19.0467749],[-40.5645159,-19.0459615]],[[-40.5645159,-19.0459615],[-40.5717984,-19.0522635],[-40.6022613,-19.0475141],[-40.6130048,-19.0395415],[-40.6219505,-19.0215926],[-40.6300549,-19.0214528],[-40.6373236,-19.026778],[-40.6372072,-19.0235616],[-40.637891,-19.0186391],[-40.6462564,-19.011184],[-40.634055,-18.9872705],[-40.645453,-18.9701088],[-40.6521314,-18.9492767]],[[-40.6521314,-18.9492767],[-40.6639034,-18.9489984]],[[-40.6639034,-18.9489984],[-40.6727866,-18.9409544],[-40.6784506,-18.9329256],[-40.7002764,-18.930929],[-40.700528,-18.9407789],[-40.7168119,-18.9385419],[-40.7232263,-18.9344711],[-40.7283768,-18.9363204],[-40.7409835,-18.9338806],[-40.7422183,-18.9192875],[-40.740273,-18.9108917],[-40.737948,-18.9052641],[-40.7336081,-18.9004419],[-40.7320453,-18.8968094],[-40.7301413,-18.8816206],[-40.7144973,-18.8748357],[-40.7110524,-18.8666997],[-40.7218576,-18.8491719],[-40.7363407,-18.8518026],[-40.7508833,-18.8450126],[-40.7594033,-18.8478782]],[[-40.7594033,-18.8478782],[-40.7640225,-18.8511542]],[[-40.7640225,-18.8511542],[-40.7792723,-18.8561257],[-40.7925456,-18.8578716],[-40.8027952,-18.843798],[-40.8154174,-18.8415152],[-40.8274484,-18.8482425],[-40.8340547,-18.8609461],[-40.8471863,-18.8571367],[-40.862498,-18.865721],[-40.8564485,-18.8762897],[-40.8607812,-18.8896955],[-40.8673994,-18.893642],[-40.8836588,-18.8959192]],[[-41.1147469,-18.4065992],[-41.1241551,-18.4093859],[-41.140748,-18.4014249]],[[-41.140748,-18.4014249],[-41.1442184,-18.4053299]],[[-41.1442184,-18.4053299],[-41.1472257,-18.4114481],[-41.166669,-18.4152173],[-41.1807981,-18.4326826],[-41.1730831,-18.4427969],[-41.0230287,-18.4572609],[-41.0158793,-18.4767544],[-41.0419885,-18.6054031],[-41.0328606,-18.6076148],[-41.0508923,-18.634154],[-41.0287477,-18.6467293],[-41.0052269,-18.667277],[-40.9765289,-18.6770808],[-40.9520614,-18.6808293],[-40.9402316,-18.6898764]],[[-40.9402316,-18.6898764],[-40.9253455,-18.693219],[-40.907617,-18.6901566],[-40.9002855,-18.685702],[-40.9102542,-18.6638546],[-40.9057975,-18.6476431],[-40.9053319,-18.611467],[-40.910343,-18.6004714],[-40.9290294,-18.5870603],[-40.9197908,-18.5577645],[-40.9068197,-18.5493245],[-40.9054902,-18.5214648],[-40.9128351,-18.5126645],[-40.9154641,-18.5062136],[-40.9148437,-18.4957532],[-40.9179342,-18.4930479],[-40.9186936,-18.4895647],[-40.9243312,-18.4806594],[-40.9220949,-18.4776149],[-40.9260397,-18.4692323],[-40.9205485,-18.4513549],[-40.9241925,-18.4472921]],[[-40.9241925,-18.4472921],[-40.9296616,-18.4320063]],[[-40.9296616,-18.4320063],[-40.9360814,-18.4235351],[-40.9264386,-18.4135391],[-40.9315359,-18.4005015],[-40.9508222,-18.4018448],[-40.9449297,-18.3893257],[-40.9571638,-18.3828904],[-40.976518,-18.3987958],[-40.9810691,-18.4080716],[-41.0042565,-18.4060803],[-41.0223637,-18.3914222],[-41.0396757,-18.3841378],[-41.0336545,-18.3695076],[-41.0432476,-18.3561504],[-41.0539183,-18.343107],[-41.0577365,-18.351074],[-41.1003934,-18.4025508],[-41.1147469,-18.4065992]],[[-41.5974662,-20.5489004],[-41.608424,-20.5497753]],[[-41.608424,-20.5497753],[-41.6218322,-20.5663668],[-41.632815,-20.5635495],[-41.6376849,-20.5893518],[-41.6213665,-20.5986195],[-41.6242241,-20.6161453],[-41.6220351,-20.625256],[-41.6205666,-20.6234859],[-41.6144159,-20.6193096],[-41.6103635,-20.645699],[-41.5981782,-20.6625872]],[[-41.5981782,-20.6625872],[-41.6018365,-20.6677287]],[[-41.6018365,-20.6677287],[-41.6015026,-20.6734981],[-41.6055519,-20.6838923],[-41.6114625,-20.7047974],[-41.5969779,-20.7146714],[-41.6115508,-20.7464385],[-41.6308445,-20.7797283],[-41.6166249,-20.8046852],[-41.6165335,-20.8107334],[-41.624067,-20.8229603],[-41.6211119,-20.8375989],[-41.6250911,-20.8511937],[-41.6282282,-20.8618285]],[[-41.6282282,-20.8618285],[-41.6233018,-20.8681376]],[[-41.6233018,-20.8681376],[-41.6111555,-20.8888321],[-41.5991468,-20.8909763],[-41.5924534,-20.8955623],[-41.5797515,-20.9113983]],[[-41.5797515,-20.9113983],[-41.5775948,-20.9096279]],[[-41.5775948,-20.9096279],[-41.5625767,-20.8953878],[-41.559419,-20.8907739],[-41.5396907,-20.885414],[-41.5333792,-20.8848769],[-41.5189178,-20.8848263],[-41.5162664,-20.8975782],[-41.5007108,-20.8994382],[-41.490573,-20.8956413],[-41.4871355,-20.8857523]],[[-41.4871355,-20.8857523],[-41.4840906,-20.8844385],[-41.4746598,-20.8839206],[-41.4711914,-20.8923748],[-41.4710352,-20.8966314],[-41.4613607,-20.9009137]],[[-41.4613607,-20.9009137],[-41.4612702,-20.8927951],[-41.4536089,-20.8918464],[-41.459779,-20.8801306],[-41.4563269,-20.8704502]],[[-41.4563269,-20.8704502],[-41.459365,-20.8370895],[-41.452952,-20.8311083],[-41.4535585,-20.805915],[-41.4276503,-20.7856911]],[[-41.4276503,-20.7856911],[-41.4181659,-20.7811877],[-41.3991198,-20.7340117]],[[-41.3991198,-20.7340117],[-41.3973971,-20.7306257],[-41.3952274,-20.7228707],[-41.39658,-20.7075059],[-41.3868248,-20.69352]],[[-41.3868248,-20.69352],[-41.3870783,-20.6800961]],[[-41.3870783,-20.6800961],[-41.3889889,-20.6713287],[-41.3864706,-20.6638385],[-41.3721486,-20.6464965],[-41.3738092,-20.6412084],[-41.3789982,-20.6332218],[-41.374073,-20.6283684]],[[-41.374073,-20.6283684],[-41.378938,-20.6262194]],[[-41.378938,-20.6262194],[-41.3914509,-20.6241997],[-41.399959,-20.6034107],[-41.4008406,-20.5873618],[-41.4098175,-20.570901]],[[-41.4098175,-20.570901],[-41.4156953,-20.5728311],[-41.4232848,-20.565453]],[[-41.4232848,-20.565453],[-41.4378065,-20.5613667],[-41.4510349,-20.5796061],[-41.4701409,-20.5825148],[-41.4773734,-20.5944165],[-41.4734028,-20.60359],[-41.4786223,-20.607469],[-41.4823895,-20.6058096],[-41.4879959,-20.5988224],[-41.4922061,-20.5982167],[-41.4976302,-20.5836317],[-41.5005231,-20.5822918],[-41.501161,-20.564096],[-41.5006404,-20.5549423],[-41.4965834,-20.5536409],[-41.4979808,-20.5476723],[-41.5178445,-20.5460929],[-41.5334761,-20.5625672],[-41.5512719,-20.566079],[-41.563328,-20.5750643],[-41.580636,-20.5704577],[-41.5974662,-20.5489004]],[[-40.967426,-20.4345447],[-40.9928581,-20.4384377]],[[-40.9928581,-20.4384377],[-40.9905604,-20.4428419],[-40.9776221,-20.4559694],[-40.968943,-20.4625696],[-40.9723288,-20.4807758],[-40.9686449,-20.497285],[-40.9610978,-20.5052882],[-40.9617497,-20.537637],[-40.9569681,-20.5518354],[-40.9665207,-20.5713578],[-40.9633378,-20.5819038],[-40.9525071,-20.6017485],[-40.9362987,-20.5995961],[-40.9226226,-20.6082912],[-40.9093495,-20.6241646],[-40.9116088,-20.6288229],[-40.9115899,-20.6357886],[-40.9257742,-20.6522542],[-40.9318014,-20.660244],[-40.933724,-20.6737616]],[[-40.933724,-20.6737616],[-40.9234656,-20.67543]],[[-40.9234656,-20.67543],[-40.9230479,-20.6811767],[-40.9114521,-20.6829546]],[[-40.9114521,-20.6829546],[-40.9069681,-20.6853384]],[[-40.9069681,-20.6853384],[-40.8881154,-20.6744983],[-40.8781803,-20.6732004],[-40.8712974,-20.6760865],[-40.8632996,-20.681306],[-40.8475352,-20.6877901],[-40.8385973,-20.6875576]],[[-40.8385973,-20.6875576],[-40.8396405,-20.6836621]],[[-40.8396405,-20.6836621],[-40.843599,-20.6801118]],[[-40.843599,-20.6801118],[-40.8393919,-20.6778579],[-40.8079061,-20.6933189]],[[-40.8079061,-20.6933189],[-40.7843172,-20.7029995],[-40.7694264,-20.7047729],[-40.7703965,-20.6775773],[-40.7593823,-20.6582388],[-40.7413218,-20.6448103],[-40.7262874,-20.6458825],[-40.7277188,-20.6322849],[-40.7165727,-20.6261862],[-40.7112415,-20.6142554],[-40.6853022,-20.5993244],[-40.671662,-20.590185],[-40.6727543,-20.5756309],[-40.684269,-20.5745927],[-40.6843357,-20.5660176]],[[-40.6843357,-20.5660176],[-40.6806963,-20.5563909]],[[-40.6806963,-20.5563909],[-40.6757408,-20.5542783],[-40.6734949,-20.5499341],[-40.6800826,-20.5435807],[-40.6961638,-20.537231],[-40.7002999,-20.5272434],[-40.6955026,-20.5063525],[-40.676483,-20.4885916],[-40.6770578,-20.4687281],[-40.6584376,-20.4648751],[-40.6561393,-20.4602027]],[[-40.6561393,-20.4602027],[-40.6607664,-20.4546936]],[[-40.6607664,-20.4546936],[-40.6756884,-20.449267],[-40.6932305,-20.4331247],[-40.7148011,-20.441642],[-40.7101877,-20.4594213],[-40.7236306,-20.4581306],[-40.736206,-20.4665597],[-40.7432577,-20.4848368],[-40.7639352,-20.4978921],[-40.7788767,-20.4977396],[-40.7826732,-20.5069317],[-40.8158183,-20.523136],[-40.8220749,-20.5169705],[-40.8103781,-20.5014264],[-40.8119431,-20.484787],[-40.848334,-20.4899333],[-40.8613357,-20.4886328],[-40.8652278,-20.4803243],[-40.8659061,-20.4729431],[-40.8780894,-20.4656102],[-40.9044035,-20.4621364],[-40.9072744,-20.4551078]],[[-40.9072744,-20.4551078],[-40.9094899,-20.4550327],[-40.9124496,-20.4486761]],[[-40.9124496,-20.4486761],[-40.9146121,-20.4497698]],[[-40.9146121,-20.4497698],[-40.9181946,-20.4440346],[-40.9275483,-20.4423504],[-40.93782,-20.4363377],[-40.944234,-20.4384293],[-40.9485523,-20.4356325],[-40.962818,-20.430736],[-40.967426,-20.4345447]],[[-40.9165854,-18.9407728],[-41.0650439,-18.9448456],[-41.0626998,-18.965967],[-41.0406401,-18.9806701],[-41.0322203,-18.9908474],[-41.0617701,-19.0063175],[-41.0717907,-19.0238478],[-41.065441,-19.0377948],[-41.0655566,-19.0513321],[-41.0532366,-19.0591759],[-41.0538522,-19.0688643],[-41.0278938,-19.0754158],[-41.0126044,-19.0758017],[-41.0087437,-19.0993299],[-40.9922807,-19.1019206],[-40.9642637,-19.1221422]],[[-40.9642637,-19.1221422],[-40.9619498,-19.1032533],[-40.9383089,-19.0931039],[-40.9496014,-19.0792199],[-40.9244415,-19.0657097],[-40.9112887,-19.0634542],[-40.8961816,-19.0457045],[-40.9022828,-19.0394249],[-40.895241,-19.0259348],[-40.8975598,-19.0085738],[-40.9160163,-19.0107109],[-40.9250177,-18.9999914],[-40.9442181,-18.9980623],[-40.9470544,-18.9514511],[-40.9379508,-18.9470239],[-40.9165854,-18.9407728]],[[-40.6685897,-20.5609382],[-40.6843357,-20.5660176]],[[-40.8079061,-20.6933189],[-40.8386423,-20.6780159],[-40.843599,-20.6801118]],[[-40.8396405,-20.6836621],[-40.8378743,-20.6889595]],[[-40.8378743,-20.6889595],[-40.8275328,-20.6903997],[-40.8149208,-20.7060715],[-40.8087364,-20.71516],[-40.8038141,-20.7173527],[-40.8017105,-20.7140219],[-40.7945155,-20.7127293],[-40.791307,-20.7162185],[-40.7946247,-20.7257309],[-40.805187,-20.7329232],[-40.8103681,-20.7505529],[-40.7930248,-20.7496139]],[[-40.7930248,-20.7496139],[-40.7844377,-20.7483864],[-40.7766657,-20.7547697],[-40.7762892,-20.7572666],[-40.7808098,-20.7639245],[-40.7787925,-20.7661579]],[[-40.7787925,-20.7661579],[-40.7727628,-20.7851979]],[[-40.7727628,-20.7851979],[-40.7675528,-20.7889933]],[[-40.7675528,-20.7889933],[-40.763456,-20.7890494]],[[-40.763456,-20.7890494],[-40.7522848,-20.7864937],[-40.749602,-20.7893833],[-40.7476975,-20.799314]],[[-40.7476975,-20.799314],[-40.7298739,-20.8057172],[-40.7146964,-20.817457],[-40.7023643,-20.8322705]],[[-40.7023643,-20.8322705],[-40.6719637,-20.8210951],[-40.6533185,-20.8058727],[-40.6338666,-20.8139836],[-40.6332916,-20.8299312],[-40.6200809,-20.8321599],[-40.6078171,-20.8059923],[-40.5825311,-20.7982154],[-40.5754502,-20.7871219],[-40.5708939,-20.7651536]],[[-40.5708939,-20.7651536],[-40.647819,-20.6275627],[-40.6424661,-20.5635155],[-40.6403004,-20.55555],[-40.6386642,-20.5522263],[-40.6482574,-20.5463165],[-40.6685897,-20.5609382]],[[-41.5724882,-20.9587334],[-41.5746961,-20.9570406]],[[-41.5746961,-20.9570406],[-41.5853421,-20.9736377],[-41.5815542,-20.9898817],[-41.5909867,-21.0029266]],[[-41.5909867,-21.0029266],[-41.5879328,-21.0064803]],[[-41.5879328,-21.0064803],[-41.5814762,-21.0199369]],[[-41.5814762,-21.0199369],[-41.5722748,-21.0242095],[-41.571861,-21.0287337],[-41.5750721,-21.0419484]],[[-41.5750721,-21.0419484],[-41.5865856,-21.0566256],[-41.573693,-21.0696252],[-41.5790931,-21.0800585],[-41.590164,-21.0876363],[-41.6021179,-21.1038186],[-41.6112567,-21.1073697],[-41.6349886,-21.1272849],[-41.6454932,-21.1434483]],[[-41.6454932,-21.1434483],[-41.6219815,-21.1469585],[-41.6125895,-21.1570009],[-41.5865674,-21.1495465],[-41.5782375,-21.1697453],[-41.557665,-21.1732636]],[[-41.557665,-21.1732636],[-41.5604522,-21.171723],[-41.5614564,-21.1654812],[-41.5545665,-21.1579],[-41.5481546,-21.1557859],[-41.5397039,-21.1469921],[-41.5096772,-21.1482334],[-41.5057689,-21.1409807],[-41.4940213,-21.1232672],[-41.4966131,-21.1160552],[-41.497519,-21.1080942],[-41.513075,-21.1064954],[-41.5028866,-21.0720999],[-41.5143627,-21.0576034],[-41.5070949,-21.0448343],[-41.5109433,-21.0223099],[-41.5045051,-21.0167671],[-41.4986558,-20.9893859],[-41.5096757,-20.986873],[-41.5211279,-20.9821402],[-41.5232431,-20.9629466],[-41.5453069,-20.9671134],[-41.5724882,-20.9587334]],[[-40.3409433,-19.6661124],[-40.35003,-19.6785529]],[[-40.35003,-19.6785529],[-40.3538653,-19.6867073],[-40.3465303,-19.7012409],[-40.3461147,-19.7061613]],[[-40.3461147,-19.7061613],[-40.3460692,-19.906873]],[[-40.3460692,-19.906873],[-40.3433918,-19.9082092]],[[-40.3433918,-19.9082092],[-40.3375408,-19.9179317],[-40.3325956,-19.9379709],[-40.3201658,-19.9452315],[-40.3160614,-19.9491268],[-40.3076609,-19.9506839],[-40.3034029,-19.9707945],[-40.2886869,-19.9772749],[-40.2761145,-19.9742367],[-40.2747736,-19.9890811],[-40.2752836,-19.9922738],[-40.265382,-20.0040799],[-40.2642743,-20.0100732],[-40.2621094,-20.0087646],[-40.2526789,-20.0005061],[-40.2381163,-20.0092853],[-40.2149535,-19.998082],[-40.2114782,-19.9913171],[-40.1907955,-19.992775],[-40.1701459,-19.9987767],[-40.1611982,-20.0098787]],[[-40.1611982,-20.0098787],[-40.1484209,-20.0060471],[-40.1350262,-19.9595744],[-40.1489622,-19.9455568],[-40.1360006,-19.9415156],[-40.1022134,-19.9213309],[-40.0981801,-19.9051688],[-40.0829838,-19.8759643],[-40.0691033,-19.8619978],[-40.0576515,-19.8365902],[-40.0556835,-19.8169358],[-40.0251071,-19.7780885],[-39.988981,-19.7437162],[-39.9394519,-19.7046491],[-39.9116638,-19.687023]],[[-39.9116638,-19.687023],[-40.0313081,-19.6069237],[-40.0438676,-19.594897],[-40.05589,-19.5825999],[-40.0753324,-19.5801097],[-40.0855224,-19.5653007],[-40.1091818,-19.5537036],[-40.1224477,-19.5511119],[-40.1315876,-19.5527058],[-40.1406266,-19.5560345],[-40.1672094,-19.553247],[-40.198533,-19.5709684],[-40.2033271,-19.5829301],[-40.2243629,-19.5832055],[-40.251865,-19.5965773],[-40.2579417,-19.6061702],[-40.2671244,-19.6100143],[-40.2729441,-19.6230683],[-40.2846649,-19.6212019],[-40.2974924,-19.6313936],[-40.296042,-19.6419857],[-40.3102929,-19.6476926],[-40.3192083,-19.6551863],[-40.3341131,-19.6417243],[-40.3445828,-19.6519974],[-40.3409433,-19.6661124]],[[-41.2414477,-20.8786761],[-41.2515157,-20.8720554]],[[-41.2515157,-20.8720554],[-41.2648999,-20.8836137],[-41.2650898,-20.9013462],[-41.2742634,-20.9263892],[-41.280799,-20.9561293],[-41.2462053,-20.9457771],[-41.2407321,-20.9487184],[-41.239206,-20.95905]],[[-41.239206,-20.95905],[-41.2363597,-20.9602261],[-41.2363104,-20.9626836],[-41.2345365,-20.96455],[-41.2302905,-20.9660545],[-41.2261322,-20.9700496],[-41.2224043,-20.9769941],[-41.2224983,-20.9818007],[-41.2245414,-20.984269]],[[-41.2245414,-20.984269],[-41.228714,-21.0062741]],[[-41.228714,-21.0062741],[-41.2221866,-21.0176416]],[[-41.2221866,-21.0176416],[-41.2224547,-21.0220065],[-41.2167004,-21.0283672],[-41.2080387,-21.0377662],[-41.1937627,-21.0589983]],[[-41.1937627,-21.0589983],[-41.1904653,-21.0636723]],[[-41.1904653,-21.0636723],[-41.1883472,-21.068836],[-41.1764454,-21.062694],[-41.1710154,-21.0642293],[-41.1568249,-21.0569354],[-41.1528504,-21.0381956],[-41.1406409,-21.0328913]],[[-41.1406409,-21.0328913],[-41.1319037,-21.0300895],[-41.1257162,-21.0130887],[-41.1174164,-21.0119575]],[[-41.1174164,-21.0119575],[-41.1035095,-21.0021081],[-41.1083021,-20.989365],[-41.1054086,-20.9848452],[-41.1070681,-20.9571594],[-41.09875,-20.957912]],[[-41.09875,-20.957912],[-41.0928988,-20.9534061],[-41.0930674,-20.9331674]],[[-41.0930674,-20.9331674],[-41.111375,-20.9266472],[-41.1209026,-20.9321396],[-41.133568,-20.928575],[-41.1371118,-20.9085529],[-41.1555229,-20.8908976],[-41.1617607,-20.8953842],[-41.1698618,-20.8968339],[-41.1926469,-20.8918258],[-41.2008788,-20.8804069],[-41.2085598,-20.8847386],[-41.2202156,-20.8835158],[-41.2414477,-20.8786761]],[[-40.9353906,-19.2226941],[-40.9415507,-19.2301311],[-40.9386484,-19.2493826],[-40.9201958,-19.2518208],[-40.9217079,-19.2701228],[-40.9439683,-19.2786701],[-40.9327768,-19.296053],[-40.9187498,-19.2995935],[-40.9076927,-19.3088127],[-40.9221602,-19.320177],[-40.9384679,-19.3460655],[-40.939637,-19.3586334],[-40.9281839,-19.3679063],[-40.9304484,-19.3841516],[-40.9507131,-19.3929999],[-40.9622149,-19.4084294],[-40.9662736,-19.432474],[-40.9502249,-19.4581991],[-40.9535719,-19.4734409],[-40.9711934,-19.4946019],[-40.9722382,-19.505295],[-40.9882782,-19.5079403],[-41.0190737,-19.5048815],[-41.0466927,-19.4873997],[-41.0496627,-19.5030204],[-41.0409019,-19.5159214],[-41.0449672,-19.5385621],[-41.0366295,-19.5567066],[-41.0368602,-19.570457],[-41.0719177,-19.5844082],[-41.0741098,-19.5986638],[-41.0908816,-19.5963432],[-41.0997877,-19.604813],[-41.1086014,-19.6394668],[-41.1278053,-19.641611],[-41.1373178,-19.6575733],[-41.160753,-19.6622893],[-41.1684728,-19.6722227],[-41.1768883,-19.6986979],[-41.1743057,-19.7156371],[-41.188713,-19.7461752],[-41.1882133,-19.7566945],[-41.1745675,-19.763055]],[[-41.1745675,-19.763055],[-41.1564835,-19.7599614],[-41.1413064,-19.7687262],[-41.1391957,-19.7712007],[-41.1241034,-19.7780064],[-41.1248479,-19.7886697],[-41.0969435,-19.7876021],[-41.0749683,-19.7741406],[-41.0618066,-19.7724487],[-41.053879,-19.7625081],[-41.0431907,-19.7641286],[-41.0486788,-19.7702567],[-41.0395534,-19.7863141],[-41.0233563,-19.7821067],[-41.0151121,-19.7981203],[-41.0049953,-19.8056866],[-41.0003002,-19.8035852],[-40.9937864,-19.8009599]],[[-40.9937864,-19.8009599],[-40.9965561,-19.7954792]],[[-40.9965561,-19.7954792],[-40.9907199,-19.7605592],[-40.9811647,-19.7476798],[-40.983031,-19.735046],[-40.9729241,-19.72524],[-40.945292,-19.7306266],[-40.9476113,-19.7207617],[-40.9298471,-19.6961778],[-40.9224351,-19.697151],[-40.9239239,-19.6895224],[-40.9319976,-19.6690456],[-40.937216,-19.643943],[-40.9293955,-19.6112113],[-40.9123845,-19.5994409],[-40.903533,-19.6013116],[-40.8826364,-19.5924948],[-40.8766532,-19.576515],[-40.8609461,-19.5671341],[-40.8407971,-19.5614971]],[[-40.8407971,-19.5614971],[-40.8289334,-19.5666066]],[[-40.8289334,-19.5666066],[-40.8293909,-19.5420273],[-40.8201704,-19.5322925],[-40.8314369,-19.5211132],[-40.8568557,-19.5112103],[-40.850125,-19.5027505],[-40.8386696,-19.4990509],[-40.8341842,-19.4900008],[-40.8478611,-19.4782394],[-40.8583041,-19.476869],[-40.8775151,-19.4748897],[-40.8774823,-19.4621934]],[[-40.8774823,-19.4621934],[-40.8792967,-19.4551564],[-40.882558,-19.4530624],[-40.8834596,-19.4484979],[-40.8736766,-19.4389795]],[[-40.8736766,-19.4389795],[-40.8702875,-19.4266135],[-40.8594286,-19.4203358],[-40.8583377,-19.4078065],[-40.8487417,-19.380502],[-40.8274337,-19.3769763],[-40.8189981,-19.3680851],[-40.822042,-19.3641855]],[[-40.822042,-19.3641855],[-40.8282003,-19.3557009]],[[-40.8282003,-19.3557009],[-40.8298184,-19.3385791],[-40.863319,-19.3302456],[-40.8810801,-19.3315387],[-40.8750356,-19.3128729],[-40.8607054,-19.3056592],[-40.8665192,-19.2958615],[-40.8941805,-19.2812202],[-40.8753936,-19.2647326],[-40.8806202,-19.2418066],[-40.8789899,-19.2323657],[-40.9100864,-19.2368419],[-40.9353906,-19.2226941]],[[-40.9259601,-18.4388703],[-40.9241925,-18.4472921]],[[-40.9402316,-18.6898764],[-40.9400042,-18.7702862],[-40.9286333,-18.7929379],[-40.9198016,-18.8003973],[-40.9167726,-18.8155434],[-40.927912,-18.8197065],[-40.9380273,-18.8316986],[-40.9639135,-18.8411701],[-41.0254313,-18.8371844]],[[-41.0254313,-18.8371844],[-40.8963334,-18.901522],[-40.8836588,-18.8959192]],[[-40.7640225,-18.8511542],[-40.7634025,-18.8468427]],[[-40.7634025,-18.8468427],[-40.767303,-18.8355956],[-40.7754905,-18.8272536],[-40.7733194,-18.8174918],[-40.7662037,-18.8188377],[-40.7697399,-18.8117845],[-40.774794,-18.7986919],[-40.773373,-18.7945952],[-40.7584947,-18.7937205],[-40.7484012,-18.7708119],[-40.7322678,-18.765422],[-40.7269025,-18.7612716],[-40.7193332,-18.7541533],[-40.7150012,-18.7027567]],[[-40.7150012,-18.7027567],[-40.698237,-18.7051177]],[[-40.698237,-18.7051177],[-40.7001803,-18.6992303],[-40.6846415,-18.6940265],[-40.6822432,-18.6913272],[-40.7013781,-18.681658],[-40.7158053,-18.6823917],[-40.7255173,-18.675329],[-40.7296622,-18.6612823],[-40.7230082,-18.6310316],[-40.721564,-18.604849],[-40.7328388,-18.5873767],[-40.7464397,-18.6011263],[-40.7663111,-18.5952867],[-40.7649844,-18.6126526],[-40.7801571,-18.6204458],[-40.7941883,-18.6137443],[-40.7945278,-18.5995653],[-40.7703936,-18.5949819],[-40.7592526,-18.5770372],[-40.7285224,-18.5700765],[-40.7193973,-18.5632456],[-40.7047366,-18.5631115],[-40.6868341,-18.5413888],[-40.6735663,-18.5294689],[-40.6700609,-18.5308545],[-40.6646993,-18.5213862],[-40.6602533,-18.5187163],[-40.6542936,-18.5138467]],[[-40.6542936,-18.5138467],[-40.6528013,-18.5106624]],[[-40.6528013,-18.5106624],[-40.6678759,-18.5122708],[-40.6872911,-18.5059092],[-40.7002695,-18.5076538],[-40.7155623,-18.4798735],[-40.7274854,-18.4680352],[-40.7372371,-18.4647639],[-40.7532576,-18.4745863],[-40.7686689,-18.4858693],[-40.7893443,-18.4802807],[-40.7876805,-18.4927167],[-40.8085287,-18.4938129],[-40.8146696,-18.4991148],[-40.8353202,-18.4988309],[-40.8424975,-18.4933341],[-40.8551493,-18.46008],[-40.853746,-18.4427412],[-40.8498482,-18.4336482],[-40.8737078,-18.4284667],[-40.8879091,-18.4356632],[-40.906015,-18.4244367],[-40.9259601,-18.4388703]],[[-40.4238347,-18.3653931],[-40.4346093,-18.3614302],[-40.4376754,-18.3645256],[-40.4441876,-18.3624659],[-40.4536284,-18.3698184]],[[-40.4536284,-18.3698184],[-40.4743684,-18.37616],[-40.486289,-18.3663929]],[[-40.486289,-18.3663929],[-40.4870027,-18.37736]],[[-40.4870027,-18.37736],[-40.4509054,-18.4067168],[-40.456119,-18.4119777]],[[-40.456119,-18.4119777],[-40.4534801,-18.4139181]],[[-40.4534801,-18.4139181],[-40.4493589,-18.4202882],[-40.4656934,-18.4314803],[-40.4640455,-18.4364356],[-40.4530007,-18.4565666],[-40.4529801,-18.4766128],[-40.4551349,-18.4783492],[-40.4486827,-18.4880942],[-40.4427871,-18.5004822],[-40.4334416,-18.5001827],[-40.4161484,-18.5146575],[-40.4266858,-18.5255253],[-40.420456,-18.5425055],[-40.3924884,-18.5457228],[-40.3830604,-18.5390196],[-40.3585412,-18.5458978],[-40.3319591,-18.5600842],[-40.3369649,-18.574484],[-40.3319725,-18.5807226],[-40.3003643,-18.5723363]],[[-40.3003643,-18.5723363],[-40.2778762,-18.573969]],[[-40.2778762,-18.573969],[-40.2546837,-18.5669628],[-40.2456173,-18.5686317],[-40.2300266,-18.5826419],[-40.2185237,-18.5776099],[-40.1650159,-18.5443423],[-40.1653966,-18.5202884],[-40.1583402,-18.5102561],[-40.1327698,-18.4975084],[-40.1245837,-18.4885447]],[[-40.1245837,-18.4885447],[-40.1290458,-18.4870734]],[[-40.1290458,-18.4870734],[-40.1311405,-18.4880178],[-40.1364893,-18.4864618],[-40.1590268,-18.4747555],[-40.183683,-18.4732321],[-40.2065619,-18.4902048],[-40.2373844,-18.4959419],[-40.2471692,-18.4966484],[-40.2573093,-18.4949073],[-40.2764661,-18.4909585],[-40.2844781,-18.4831886],[-40.2884765,-18.4852996],[-40.298473,-18.4680885],[-40.3016945,-18.4644199],[-40.307414,-18.4581981],[-40.3096019,-18.4418333]],[[-40.3096019,-18.4418333],[-40.3143445,-18.4420628],[-40.3188912,-18.4400386],[-40.3249449,-18.4109349],[-40.3295633,-18.4078045]],[[-40.3295633,-18.4078045],[-40.3375016,-18.3962248],[-40.3417368,-18.3898473],[-40.3606226,-18.3783523],[-40.3828133,-18.382079],[-40.400057,-18.3852974],[-40.4080953,-18.3826118],[-40.4238347,-18.3653931]],[[-41.5879328,-21.0064803],[-41.5972097,-21.0206794]],[[-41.5972097,-21.0206794],[-41.6063848,-21.0189675],[-41.6213362,-21.0524996],[-41.6297769,-21.0578637],[-41.63286,-21.0749223],[-41.6514705,-21.0851524],[-41.6626638,-21.0786251],[-41.678342,-21.0802366],[-41.702336,-21.0930283],[-41.7128109,-21.0990168],[-41.716938,-21.1050915]],[[-41.716938,-21.1050915],[-41.7199301,-21.1231966],[-41.6941579,-21.1153722],[-41.6884281,-21.1221734],[-41.6631531,-21.1247016],[-41.6650974,-21.1322936],[-41.6454932,-21.1434483]],[[-41.5750721,-21.0419484],[-41.5719271,-21.0263577],[-41.573488,-21.0227752],[-41.5814762,-21.0199369]],[[-41.2714335,-19.9422079],[-41.3008581,-19.9365254],[-41.3079157,-19.94834],[-41.311799,-19.9724195],[-41.320015,-19.9800269],[-41.3087937,-19.9970668],[-41.3091067,-20.0163706],[-41.3172565,-20.0269642],[-41.3185297,-20.0415132],[-41.3335563,-20.0588396],[-41.338194,-20.0881176],[-41.349135,-20.1095202],[-41.3519334,-20.1311533],[-41.3618916,-20.1420781],[-41.3821145,-20.1888131],[-41.4090918,-20.1976994],[-41.4155813,-20.2073631]],[[-41.4155813,-20.2073631],[-41.4120367,-20.2260825],[-41.4094627,-20.2269108]],[[-41.4094627,-20.2269108],[-41.4010593,-20.2318105]],[[-41.4010593,-20.2318105],[-41.3926951,-20.2260224],[-41.3744091,-20.2164066],[-41.3731894,-20.2035161],[-41.3529167,-20.2003413],[-41.3437773,-20.2005652],[-41.339925,-20.2161063],[-41.3383101,-20.2248387],[-41.3506157,-20.2343225],[-41.3480899,-20.2428082],[-41.3238858,-20.2495515],[-41.310469,-20.2693793]],[[-41.310469,-20.2693793],[-41.3011546,-20.2622151],[-41.2946405,-20.2582056],[-41.2976674,-20.2547154],[-41.2944046,-20.2543682],[-41.2979254,-20.2507048],[-41.3059958,-20.2454969],[-41.3021575,-20.234127],[-41.3025159,-20.2299158],[-41.2888791,-20.2332227],[-41.2749466,-20.2324352],[-41.2710425,-20.2397775],[-41.2567422,-20.253354],[-41.2561661,-20.2637635],[-41.2651346,-20.2689861],[-41.2504206,-20.2735951]],[[-41.2504206,-20.2735951],[-41.2387822,-20.2775239]],[[-41.3705198,-20.6268404],[-41.374073,-20.6283684]],[[-41.3870783,-20.6800961],[-41.3740831,-20.6890168]],[[-41.3740831,-20.6890168],[-41.3607204,-20.6951655],[-41.3589205,-20.7009602],[-41.3549804,-20.7134261],[-41.3576291,-20.7254972],[-41.3362683,-20.7280778],[-41.3198661,-20.7323002],[-41.338712,-20.7456174],[-41.336873,-20.7614995],[-41.354522,-20.7746382],[-41.3419588,-20.7982781],[-41.3478224,-20.8111561],[-41.3408584,-20.8336354],[-41.3438339,-20.8477141],[-41.3353974,-20.8597231]],[[-41.3353974,-20.8597231],[-41.3307063,-20.8623877]],[[-41.3307063,-20.8623877],[-41.3233775,-20.8584238],[-41.3091966,-20.8526964],[-41.3004559,-20.8577789],[-41.2867861,-20.8493812],[-41.2822022,-20.8536907],[-41.2664267,-20.8510647],[-41.2513351,-20.8501859],[-41.243757,-20.8486407],[-41.238377,-20.8519488],[-41.2372935,-20.8579026],[-41.241675,-20.8596681]],[[-41.241675,-20.8596681],[-41.2414477,-20.8786761]],[[-41.0930674,-20.9331674],[-41.0908966,-20.9482065]],[[-41.0908966,-20.9482065],[-41.0650333,-20.9066943],[-41.052927,-20.9030946],[-41.0534112,-20.8872145],[-41.051095,-20.8756223],[-41.0395534,-20.8693548]],[[-41.0395534,-20.8693548],[-41.0061849,-20.869375]],[[-41.0061849,-20.869375],[-41.0163679,-20.8628757],[-41.0173941,-20.8584218],[-41.0255939,-20.8577968],[-41.0312663,-20.8534763],[-41.0181325,-20.8281415],[-41.0204178,-20.8161384],[-41.0231376,-20.8159543]],[[-41.0231376,-20.8159543],[-41.0170453,-20.795626],[-41.0183787,-20.7905167],[-41.0226185,-20.787147],[-41.0270074,-20.7888944],[-41.0292854,-20.7869542]],[[-41.0292854,-20.7869542],[-41.0462852,-20.7876394],[-41.0392831,-20.7699533],[-41.0344394,-20.7638654],[-41.0323494,-20.7599075],[-41.0498211,-20.7527732],[-41.0696838,-20.7303787],[-41.0627451,-20.7184252],[-41.0667519,-20.7117903],[-41.0970938,-20.7245698],[-41.1017652,-20.7039498],[-41.086833,-20.7041315],[-41.0849256,-20.6828228],[-41.0661076,-20.6549475],[-41.0604467,-20.6364058],[-41.0547496,-20.62782],[-41.066219,-20.6255613],[-41.0763213,-20.6198913],[-41.0775366,-20.6140949]],[[-41.0775366,-20.6140949],[-41.0862757,-20.6165291]],[[-41.0862757,-20.6165291],[-41.0918362,-20.6140081],[-41.0991171,-20.6086157],[-41.1167002,-20.6175136]],[[-41.1167002,-20.6175136],[-41.1300335,-20.6138365],[-41.1322645,-20.6153023],[-41.1330302,-20.6268856]],[[-41.1330302,-20.6268856],[-41.142929,-20.6364888],[-41.1465809,-20.636959],[-41.1568024,-20.6438903],[-41.1615567,-20.6452893],[-41.1687549,-20.648843],[-41.1764624,-20.652092],[-41.1798756,-20.6670264],[-41.1937505,-20.6723734],[-41.2548211,-20.6629096],[-41.2913952,-20.6429141],[-41.3056328,-20.6514149],[-41.3218895,-20.6330593],[-41.3198908,-20.6245852],[-41.330867,-20.6099774],[-41.3409308,-20.606018],[-41.3628556,-20.6218144],[-41.3705198,-20.6268404]],[[-40.3672474,-20.2169694],[-40.3769622,-20.2157173]],[[-40.3769622,-20.2157173],[-40.3851054,-20.2230693],[-40.4113845,-20.2288403],[-40.433571,-20.2297871],[-40.4638084,-20.2196116],[-40.4874526,-20.237869],[-40.4999471,-20.2289679],[-40.5126074,-20.2368586],[-40.5253346,-20.2444296],[-40.5305825,-20.2564065],[-40.557782,-20.2702602],[-40.5912698,-20.2695807],[-40.5955275,-20.2685135],[-40.5914344,-20.2516813]],[[-40.5914344,-20.2516813],[-40.6051613,-20.2514688]],[[-40.6051613,-20.2514688],[-40.5986012,-20.2760317],[-40.5850213,-20.2934667]],[[-40.5850213,-20.2934667],[-40.5764134,-20.2789688]],[[-40.5764134,-20.2789688],[-40.5736208,-20.2831877],[-40.5597502,-20.3012871],[-40.5231609,-20.2921386],[-40.5222776,-20.3273355],[-40.5154751,-20.3468294],[-40.5098984,-20.3483035],[-40.4947545,-20.3462172],[-40.4751484,-20.342648],[-40.4691871,-20.3384727],[-40.4673522,-20.3358391],[-40.4565667,-20.332608],[-40.4490224,-20.3366165]],[[-40.4490224,-20.3366165],[-40.4387971,-20.3325145],[-40.4272098,-20.340745]],[[-40.4272098,-20.340745],[-40.4103197,-20.3493515],[-40.4037625,-20.3733292],[-40.4031443,-20.3831969],[-40.3940579,-20.3961152],[-40.3703116,-20.3996504]],[[-40.3703116,-20.3996504],[-40.3634027,-20.3766036]],[[-40.3634027,-20.3766036],[-40.3541824,-20.3401275]],[[-40.3541824,-20.3401275],[-40.3544063,-20.324529]],[[-40.3544063,-20.324529],[-40.3615933,-20.3061969],[-40.3499631,-20.2846354],[-40.3289437,-20.2604244]],[[-40.3289437,-20.2604244],[-40.3406017,-20.2556645],[-40.3397897,-20.2487329],[-40.3619476,-20.233414],[-40.3672474,-20.2169694]],[[-41.1745125,-20.4471873],[-41.191158,-20.4455839]],[[-41.191158,-20.4455839],[-41.199537,-20.4540478],[-41.2089468,-20.4467626],[-41.2149935,-20.4452271]],[[-41.2149935,-20.4452271],[-41.2223441,-20.4520329],[-41.225413,-20.4612599],[-41.220373,-20.4660329],[-41.2166332,-20.4676081]],[[-41.2166332,-20.4676081],[-41.2147032,-20.4757678],[-41.2101336,-20.4856592],[-41.2100127,-20.4910406],[-41.2330108,-20.4895814],[-41.2424229,-20.5001049],[-41.2622231,-20.4862857],[-41.2708823,-20.4922556],[-41.2833164,-20.4879598],[-41.2864111,-20.5059967],[-41.2997679,-20.5214971],[-41.3096297,-20.5161323],[-41.3218714,-20.4962777]],[[-41.3218714,-20.4962777],[-41.3263135,-20.5000715]],[[-41.3263135,-20.5000715],[-41.3224931,-20.5007496],[-41.3236773,-20.5101042],[-41.323838,-20.5124066],[-41.3441739,-20.5135139],[-41.3771227,-20.5082533],[-41.3790453,-20.5226889],[-41.3784517,-20.5279243],[-41.3767563,-20.53664],[-41.3850312,-20.550878],[-41.3937169,-20.5564429],[-41.4064675,-20.5607647],[-41.4099213,-20.5624619],[-41.4086034,-20.5650388],[-41.411264,-20.567196],[-41.414715,-20.5729055]],[[-41.414715,-20.5729055],[-41.4098175,-20.570901]],[[-41.378938,-20.6262194],[-41.3705198,-20.6268404]],[[-41.1330302,-20.6268856],[-41.1334463,-20.6215108],[-41.131553,-20.6143865],[-41.1284676,-20.6137986],[-41.1167002,-20.6175136]],[[-41.0862757,-20.6165291],[-41.0800826,-20.6139642],[-41.069323,-20.6122461]],[[-41.069323,-20.6122461],[-41.0668078,-20.5990944],[-41.0735774,-20.5935856],[-41.0808466,-20.5926888],[-41.058077,-20.5683265],[-41.0427085,-20.5680902],[-41.032947,-20.5650007],[-41.0303155,-20.5543548],[-41.0176252,-20.54468],[-41.0192991,-20.5407253],[-41.0188934,-20.5329287],[-41.0320931,-20.536897],[-41.0490665,-20.5343894],[-41.0545073,-20.5292821],[-41.0484321,-20.5163659],[-41.0459755,-20.5231785],[-41.0257419,-20.5159298],[-41.0301299,-20.5015709],[-41.0343564,-20.4959173],[-41.0405948,-20.4876295],[-41.0394667,-20.4837894]],[[-41.0394667,-20.4837894],[-41.0479267,-20.4797443],[-41.0520259,-20.474156],[-41.05297,-20.4644722],[-41.0528363,-20.4599075]],[[-41.0528363,-20.4599075],[-41.0556609,-20.4595554]],[[-41.0556609,-20.4595554],[-41.0678362,-20.4602862],[-41.0823563,-20.4405877],[-41.101318,-20.4336552],[-41.1012346,-20.4195595],[-41.1025537,-20.4059135],[-41.1112596,-20.4053116],[-41.120691,-20.4239263],[-41.1424762,-20.4315706],[-41.1491022,-20.4294021],[-41.1546349,-20.4258573],[-41.1591272,-20.4220543],[-41.166873,-20.4285346],[-41.1663915,-20.4458958],[-41.1745125,-20.4471873]],[[-40.6698077,-19.2285629],[-40.6730007,-19.2398811],[-40.6877387,-19.2358812],[-40.7011636,-19.2415927],[-40.6971915,-19.2504746],[-40.7043269,-19.2566339],[-40.7094641,-19.2722473]],[[-40.7094641,-19.2722473],[-40.7083306,-19.2808359],[-40.7095834,-19.2874191],[-40.7173701,-19.2973785]],[[-40.7173701,-19.2973785],[-40.7209708,-19.298599],[-40.7212968,-19.2953937],[-40.7263745,-19.2906896],[-40.7360002,-19.2889023],[-40.7565815,-19.2977922],[-40.7840202,-19.2923216],[-40.7870954,-19.2979793],[-40.8081707,-19.3034251],[-40.8082442,-19.3132829],[-40.8177828,-19.3276947],[-40.8160936,-19.3363941],[-40.8198055,-19.3502258],[-40.8204158,-19.3568498]],[[-40.8204158,-19.3568498],[-40.822042,-19.3641855]],[[-40.8736766,-19.4389795],[-40.8833282,-19.4477839],[-40.8830864,-19.4521664],[-40.8795155,-19.4548162],[-40.8774823,-19.4621934]],[[-40.8289334,-19.5666066],[-40.8376266,-19.5717827]],[[-40.8376266,-19.5717827],[-40.8406796,-19.5744258],[-40.8532846,-19.5848826],[-40.8521252,-19.5962984],[-40.8600506,-19.6059642],[-40.8557584,-19.6096799],[-40.8431798,-19.6189581],[-40.8249989,-19.6060754],[-40.8231236,-19.5933375],[-40.8047536,-19.5952718],[-40.7874777,-19.583003],[-40.7827082,-19.5821408],[-40.7847076,-19.5930811],[-40.7850087,-19.5962479],[-40.7741025,-19.6156396],[-40.7796779,-19.6335488],[-40.7684243,-19.6342559]],[[-40.7684243,-19.6342559],[-40.7712506,-19.6478424],[-40.7697769,-19.6503395],[-40.7659946,-19.6512293],[-40.7632333,-19.6502806],[-40.7564942,-19.652358]],[[-40.7564942,-19.652358],[-40.738849,-19.6422194],[-40.7260712,-19.6419821],[-40.7241533,-19.6264325],[-40.7072125,-19.6264916],[-40.6791066,-19.6268889],[-40.6714347,-19.6299719],[-40.6570444,-19.6411519],[-40.6033068,-19.6731112],[-40.5963544,-19.6653699],[-40.5868764,-19.6658425],[-40.5816935,-19.6844367],[-40.5674537,-19.6847349],[-40.5576979,-19.705119],[-40.5406536,-19.7096562]],[[-40.5406536,-19.7096562],[-40.5273416,-19.7156003]],[[-40.5273416,-19.7156003],[-40.5167442,-19.6776405],[-40.5107985,-19.6687159],[-40.5080371,-19.6667806]],[[-40.5080371,-19.6667806],[-40.5025142,-19.6576613],[-40.4979441,-19.653726],[-40.4857067,-19.6435893],[-40.4827341,-19.6389354],[-40.4748712,-19.6422081],[-40.4632383,-19.6306548],[-40.4187455,-19.6413151]],[[-40.4187455,-19.6413151],[-40.3729619,-19.6196824]],[[-40.3729619,-19.6196824],[-40.3757646,-19.5983247],[-40.3832239,-19.5809384],[-40.3884679,-19.5621458],[-40.3711229,-19.5522675],[-40.3719615,-19.5466187]],[[-40.3719615,-19.5466187],[-40.3735966,-19.536188]],[[-40.3735966,-19.536188],[-40.3908269,-19.542637],[-40.4347215,-19.5341211],[-40.4677943,-19.5371776],[-40.4850434,-19.5323857],[-40.5189984,-19.5037173],[-40.534114,-19.500104],[-40.5608843,-19.4735153],[-40.569155,-19.4490295],[-40.5681409,-19.4388747],[-40.5901697,-19.428708],[-40.6036908,-19.4407282],[-40.6161684,-19.4400613],[-40.6251165,-19.447704],[-40.6332928,-19.4336234],[-40.6412209,-19.3742388],[-40.6333571,-19.3699479],[-40.6271527,-19.3480486],[-40.6103411,-19.3522381],[-40.5919063,-19.338679],[-40.5715412,-19.3272919],[-40.5491901,-19.3207129]],[[-40.5491901,-19.3207129],[-40.5407383,-19.3021651],[-40.5347011,-19.3002388]],[[-40.5347011,-19.3002388],[-40.5339768,-19.2890922],[-40.5486731,-19.2781757],[-40.5567888,-19.2733676],[-40.5627668,-19.2744328],[-40.5833582,-19.2803859],[-40.5946327,-19.2694137],[-40.5956471,-19.2653464],[-40.6060584,-19.2721808]],[[-40.6060584,-19.2721808],[-40.6138118,-19.2799554]],[[-40.6138118,-19.2799554],[-40.6255237,-19.2595904],[-40.6303388,-19.2413698],[-40.6628185,-19.2297134]],[[-40.6628185,-19.2297134],[-40.6698077,-19.2285629]],[[-39.7464756,-18.7061645],[-39.7406804,-18.6504792],[-39.7283871,-18.6110842],[-39.7306515,-18.5857789],[-39.7282224,-18.518274],[-39.7147528,-18.4619453],[-39.6909376,-18.3953446],[-39.6738648,-18.3572096],[-39.6660146,-18.3332183],[-39.6742268,-18.3247424],[-39.6889474,-18.3208315],[-39.9077378,-18.1835333]],[[-39.9077378,-18.1835333],[-39.9031125,-18.1932889],[-39.9065324,-18.2122038],[-39.9143973,-18.2137782],[-39.9276994,-18.234729],[-39.9418774,-18.243809],[-39.9265686,-18.2566497],[-39.935451,-18.2760774],[-39.9359655,-18.2942152],[-39.9163827,-18.3103947],[-39.920159,-18.3148867],[-39.9464006,-18.3099451]],[[-39.9464006,-18.3099451],[-39.9552554,-18.3115133],[-39.9547796,-18.313029],[-39.9506026,-18.315041],[-39.9568773,-18.3204009],[-39.9583884,-18.3236208],[-39.9589855,-18.345629],[-39.9389692,-18.3994104]],[[-39.9389692,-18.3994104],[-39.9368318,-18.4119191],[-39.9516839,-18.4288467],[-39.9742101,-18.4376148],[-40.0078879,-18.4361203],[-40.0174412,-18.4379813],[-40.0256921,-18.44384],[-40.0274837,-18.4430298]],[[-40.0274837,-18.4430298],[-40.029863,-18.4441019]],[[-40.029863,-18.4441019],[-39.8889391,-18.6194587],[-39.8469052,-18.6690771],[-39.813795,-18.6733794],[-39.8147717,-18.6890017],[-39.8079521,-18.6947204],[-39.8132011,-18.7211694],[-39.8034927,-18.7213536],[-39.7856877,-18.7055009],[-39.7759792,-18.7061438],[-39.7464756,-18.7061645]],[[-41.310469,-20.2693793],[-41.3193715,-20.2736123],[-41.3194528,-20.2790734],[-41.3205393,-20.2859215],[-41.3140229,-20.2959915],[-41.3314078,-20.3033179],[-41.3504962,-20.3020826],[-41.3612801,-20.3254512],[-41.3575077,-20.348425],[-41.3459982,-20.3743293],[-41.3232443,-20.3954159],[-41.3150572,-20.422957],[-41.3206666,-20.4686602],[-41.3178031,-20.4913344],[-41.3276678,-20.4975468]],[[-41.3276678,-20.4975468],[-41.3218714,-20.4962777]],[[-41.2166332,-20.4676081],[-41.2252283,-20.4616794],[-41.2231707,-20.4566389],[-41.2240535,-20.4548647],[-41.2149935,-20.4452271]],[[-41.191158,-20.4455839],[-41.1954921,-20.4415362]],[[-41.1954921,-20.4415362],[-41.199571,-20.4231073],[-41.1813429,-20.408423],[-41.1785206,-20.3918042],[-41.2017799,-20.383513],[-41.2039637,-20.3662854],[-41.2185617,-20.3562671],[-41.209769,-20.3361105],[-41.2171564,-20.3278099],[-41.2065663,-20.3151567],[-41.189694,-20.3072712],[-41.1718216,-20.3088185],[-41.1661197,-20.301304],[-41.1623607,-20.2870139]],[[-41.1623607,-20.2870139],[-41.1610783,-20.2745459]],[[-41.2289703,-20.2784012],[-41.2427827,-20.2777998],[-41.2504206,-20.2735951]],[[-41.7823988,-20.504127],[-41.7806474,-20.5131283]],[[-41.7806474,-20.5131283],[-41.7742648,-20.5234733],[-41.7812192,-20.540522],[-41.7832321,-20.558638],[-41.7987783,-20.5762469]],[[-41.7987783,-20.5762469],[-41.802193,-20.5853955],[-41.8019062,-20.5881411],[-41.7944554,-20.5962538]],[[-41.7944554,-20.5962538],[-41.7819201,-20.5977833],[-41.7691158,-20.620947],[-41.7671082,-20.6262811],[-41.7509261,-20.6367375]],[[-41.7509261,-20.6367375],[-41.7479572,-20.6387032]],[[-41.7479572,-20.6387032],[-41.7250178,-20.6478321],[-41.7094727,-20.6663149],[-41.704214,-20.6712562],[-41.6832719,-20.6651884],[-41.6719443,-20.6681024],[-41.6542777,-20.662265],[-41.6580867,-20.6539011],[-41.662347,-20.6523378]],[[-41.662347,-20.6523378],[-41.663947,-20.629492]],[[-41.663947,-20.629492],[-41.6608824,-20.6149045],[-41.6683085,-20.610572],[-41.6690464,-20.5666885],[-41.6746886,-20.5557539],[-41.6902398,-20.5454551],[-41.6908927,-20.5335721],[-41.6984308,-20.5285322],[-41.7132085,-20.5267024],[-41.7245655,-20.5132257],[-41.7390603,-20.5170156],[-41.7473049,-20.5039436],[-41.77123,-20.5037206],[-41.7823988,-20.504127]],[[-40.9928678,-20.2199739],[-41.0051942,-20.213699]],[[-41.132517,-20.2840319],[-41.1345325,-20.2925702]],[[-41.1345325,-20.2925702],[-41.1119383,-20.2974924],[-41.1048882,-20.3042215],[-41.1048894,-20.3224976],[-41.0929615,-20.3345562],[-41.0991877,-20.3427252],[-41.0871817,-20.3529569],[-41.092488,-20.3803003],[-41.071448,-20.3898829],[-41.0743612,-20.4050693],[-41.0642459,-20.4166143],[-41.0523403,-20.4392867],[-41.0514231,-20.4528914],[-41.0472181,-20.460775]],[[-41.0472181,-20.460775],[-41.0528363,-20.4599075]],[[-41.0394667,-20.4837894],[-41.0292082,-20.4827914],[-41.0283702,-20.4844226],[-41.0193883,-20.4780134],[-41.0050029,-20.4704824],[-41.0074427,-20.45049]],[[-41.0074427,-20.45049],[-41.0104994,-20.4341888],[-41.0017855,-20.4262223],[-40.9987254,-20.4263137],[-40.9919665,-20.4306721],[-40.989614,-20.4308782],[-40.9881139,-20.4368374]],[[-40.9881139,-20.4368374],[-40.967426,-20.4345447]],[[-40.9146121,-20.4497698],[-40.9109629,-20.4485264]],[[-40.9109629,-20.4485264],[-40.9099762,-20.4464682],[-40.9020836,-20.4495449],[-40.9020416,-20.4458165],[-40.8997692,-20.4265735],[-40.8939965,-20.4212626],[-40.8889655,-20.4176411],[-40.8886569,-20.4049285],[-40.8841305,-20.3924699],[-40.8725257,-20.3834838],[-40.8455691,-20.3794575],[-40.8289806,-20.3834863],[-40.8251296,-20.3900569],[-40.7937695,-20.4024515],[-40.7780526,-20.3654144],[-40.7604551,-20.3478972],[-40.7383768,-20.3444688],[-40.7321671,-20.348402],[-40.7390214,-20.3653204],[-40.7394862,-20.3831004],[-40.7252803,-20.3865306],[-40.7093635,-20.3781961],[-40.702081,-20.3896022],[-40.6905165,-20.3891403],[-40.6763286,-20.3883104],[-40.6688583,-20.3887089]],[[-40.6688583,-20.3887089],[-40.6649959,-20.3839137],[-40.6469746,-20.3861583],[-40.6439209,-20.3913567]],[[-40.6439209,-20.3913567],[-40.6474849,-20.4009237],[-40.6350475,-20.4186426]],[[-40.6350475,-20.4186426],[-40.6276118,-20.4237046],[-40.6177938,-20.4232473],[-40.6140422,-20.4162294],[-40.6149862,-20.41403],[-40.610554,-20.4126035],[-40.5987854,-20.4155375]],[[-40.5987854,-20.4155375],[-40.5951304,-20.4141107],[-40.5743454,-20.4109512],[-40.5563412,-20.4090912],[-40.5441022,-20.3980291],[-40.5383123,-20.3888784],[-40.5550484,-20.389029],[-40.5616034,-20.3771362],[-40.5925258,-20.3671526],[-40.5827325,-20.3255989],[-40.5823387,-20.3116992],[-40.5827518,-20.3050745]],[[-40.5827518,-20.3050745],[-40.5850213,-20.2934667]],[[-40.6051613,-20.2514688],[-40.5960567,-20.2434624]],[[-40.5960567,-20.2434624],[-40.6096413,-20.2522824],[-40.626395,-20.2367082],[-40.6245472,-20.229248],[-40.6404587,-20.2158295],[-40.6643151,-20.2177743],[-40.6602211,-20.2067192],[-40.6713176,-20.2017792],[-40.6816937,-20.1884486],[-40.6953907,-20.1904092],[-40.727786,-20.1832269],[-40.7411873,-20.1895903],[-40.751921,-20.1787434]],[[-40.751921,-20.1787434],[-40.759351,-20.1681261]],[[-40.759351,-20.1681261],[-40.7657292,-20.1613172],[-40.7675727,-20.1569284],[-40.7711497,-20.1607617],[-40.8030896,-20.1657285],[-40.809047,-20.1747975],[-40.8244869,-20.1672226],[-40.8345163,-20.1774286],[-40.8651335,-20.1927906],[-40.8839571,-20.1932349],[-40.9237941,-20.2026074],[-40.9669967,-20.1903329],[-40.9734549,-20.20041],[-40.9686365,-20.2119507],[-40.9848376,-20.2258262],[-40.9872057,-20.2208783],[-40.9900583,-20.2166129],[-40.9928678,-20.2199739]],[[-41.7946399,-20.4819315],[-41.8081675,-20.47772],[-41.8257809,-20.4849928],[-41.8042989,-20.5384028],[-41.8122896,-20.5497628],[-41.8283912,-20.5572962],[-41.8345021,-20.5685987],[-41.8412992,-20.600442],[-41.8531439,-20.6075575],[-41.8509385,-20.6212613],[-41.8205019,-20.6277853],[-41.8132318,-20.6532647],[-41.8482132,-20.6869247],[-41.8635136,-20.7419435],[-41.876984,-20.747853],[-41.8791962,-20.7622514],[-41.852166,-20.7637593],[-41.8445697,-20.7773458]],[[-41.8445697,-20.7773458],[-41.8480771,-20.7438759],[-41.8470594,-20.7354691],[-41.8267303,-20.7437564],[-41.8236034,-20.7380623],[-41.8115596,-20.7399629],[-41.7959446,-20.7318454],[-41.7948998,-20.7224641],[-41.7792277,-20.7165704],[-41.7794162,-20.7061924],[-41.7934629,-20.680027],[-41.7712819,-20.6574206],[-41.7773015,-20.64753],[-41.7576675,-20.6419725]],[[-41.7576675,-20.6419725],[-41.7509261,-20.6367375]],[[-41.7944554,-20.5962538],[-41.802082,-20.5877055],[-41.7987783,-20.5762469]],[[-41.7806474,-20.5131283],[-41.7919915,-20.4918398]],[[-41.7919915,-20.4918398],[-41.7946399,-20.4819315]],[[-40.6617346,-18.018792],[-40.6633946,-18.0118252],[-40.6905241,-18.0127127],[-40.7053699,-18.0238854],[-40.716166,-18.0046171],[-40.725769,-18.0012172],[-40.7507676,-18.0099088],[-40.7717685,-18.0033881],[-40.7709306,-17.986422],[-40.7777472,-17.9766864],[-40.7918768,-17.9714831],[-40.8081616,-17.9520472],[-40.8249709,-17.963698],[-40.8305529,-17.95418],[-40.8477314,-17.9675094],[-40.8631315,-17.9883169],[-40.8778643,-17.9817258],[-40.902823,-17.9877122],[-40.8869894,-18.000641],[-40.7733033,-18.1075627],[-40.7714961,-18.15594],[-40.7937126,-18.1601538],[-40.8052169,-18.1529703],[-40.824188,-18.1492888],[-40.8450758,-18.149813],[-40.8775551,-18.1194293],[-40.8890108,-18.1240161],[-40.9092833,-18.1148302],[-40.9322096,-18.1364835],[-40.9500038,-18.1292866],[-40.9545374,-18.1544944],[-40.9741926,-18.142105],[-40.9870344,-18.146774],[-40.9932169,-18.1662347],[-41.0105946,-18.1673998],[-41.0145895,-18.1575794],[-41.0281044,-18.1576729],[-41.0394969,-18.1645127],[-41.0560846,-18.1666211],[-41.0564543,-18.1788408],[-41.0665525,-18.1809131],[-41.0927345,-18.1954013],[-41.0941138,-18.208685],[-41.1044479,-18.2132768],[-41.0992396,-18.2323704],[-41.0971916,-18.2565812],[-41.1411088,-18.2912915],[-41.1589207,-18.3082435],[-41.1474978,-18.3533812],[-41.1481022,-18.3791507],[-41.1595989,-18.3814586],[-41.160448,-18.4027983],[-41.1442184,-18.4053299]],[[-41.140748,-18.4014249],[-41.1147469,-18.4065992]],[[-40.9296616,-18.4320063],[-40.9259601,-18.4388703]],[[-40.6528013,-18.5106624],[-40.6514307,-18.51573]],[[-40.6514307,-18.51573],[-40.6375688,-18.5159506],[-40.6224428,-18.5044689],[-40.5920672,-18.4905563]],[[-40.5920672,-18.4905563],[-40.5623731,-18.4868501],[-40.5566719,-18.4900373]],[[-40.5566719,-18.4900373],[-40.5547085,-18.4932961]],[[-40.5547085,-18.4932961],[-40.537888,-18.4904656]],[[-40.537888,-18.4904656],[-40.5223858,-18.4880258],[-40.5154589,-18.485624],[-40.5156336,-18.4804832],[-40.5230761,-18.4751116],[-40.5359629,-18.4662564],[-40.5423683,-18.4605298],[-40.5462465,-18.4537391],[-40.567096,-18.4431325],[-40.5750317,-18.4362116],[-40.5945258,-18.4340181],[-40.6064126,-18.4183359],[-40.6054125,-18.4083572]],[[-40.6054125,-18.4083572],[-40.5829475,-18.3683837],[-40.5806513,-18.3564503]],[[-40.5806513,-18.3564503],[-40.5746282,-18.3491741],[-40.5862195,-18.3400939],[-40.6048752,-18.340598],[-40.6100599,-18.3201968],[-40.6111733,-18.2979971],[-40.6188435,-18.2874965],[-40.5585455,-18.230713],[-40.5542809,-18.2312224],[-40.5453462,-18.2004402],[-40.5562664,-18.1766606],[-40.555817,-18.1585403],[-40.5622716,-18.1456879]],[[-40.5622716,-18.1456879],[-40.5607681,-18.1372975],[-40.5626376,-18.1295264],[-40.5571214,-18.1189307],[-40.5575081,-18.1157431],[-40.5788984,-18.0960626],[-40.5842028,-18.0993428]],[[-40.5842028,-18.0993428],[-40.5903791,-18.1093574],[-40.6138637,-18.0909875],[-40.6278777,-18.0672302],[-40.6314438,-18.0505035],[-40.6405206,-18.0338448],[-40.6587093,-18.0262024],[-40.6617346,-18.018792]],[[-40.50512,-19.8536688],[-40.5045204,-19.8693219],[-40.5028913,-19.8772713],[-40.4775056,-19.9046355],[-40.4744538,-19.9370448],[-40.452759,-19.9372055]],[[-40.452759,-19.9372055],[-40.4492996,-19.949745]],[[-40.4492996,-19.949745],[-40.451597,-19.9594507],[-40.4472649,-19.9948783],[-40.4180715,-20.0121881]],[[-40.4180715,-20.0121881],[-40.4126083,-20.0184178]],[[-40.4126083,-20.0184178],[-40.3925484,-20.0149711],[-40.3899163,-20.0163498],[-40.3736857,-20.0228409],[-40.3672804,-20.0394095],[-40.356673,-20.04879],[-40.3441182,-20.0366299],[-40.2958217,-20.0228662],[-40.243715,-20.041341],[-40.2338548,-20.0424921],[-40.2284896,-20.0259826],[-40.2205061,-20.0283216],[-40.2133971,-20.0291418],[-40.1993972,-20.0355169]],[[-40.1993972,-20.0355169],[-40.1900261,-20.0453976]],[[-40.1900261,-20.0453976],[-40.1947607,-20.049183]],[[-40.1947607,-20.049183],[-40.1877324,-20.0448898],[-40.1836309,-20.0397075],[-40.1589145,-20.0358822],[-40.1611982,-20.0098787]],[[-40.3433918,-19.9082092],[-40.3678267,-19.911153]],[[-40.3678267,-19.911153],[-40.3733717,-19.9063097],[-40.4256656,-19.9068819],[-40.4249889,-19.9002296],[-40.4357021,-19.882614],[-40.4377581,-19.8706223],[-40.4480115,-19.8591353],[-40.4659767,-19.8686852],[-40.4816992,-19.8632646],[-40.4854695,-19.8543571],[-40.50512,-19.8536688]],[[-40.3736827,-19.0810099],[-40.3728774,-19.0900814]],[[-40.3728774,-19.0900814],[-40.3831589,-19.1005327],[-40.3869403,-19.1029927],[-40.4037886,-19.1074414],[-40.4305508,-19.1078335],[-40.4479311,-19.0996355],[-40.4548182,-19.1076868],[-40.4922233,-19.1105908],[-40.5053799,-19.1216213],[-40.5040942,-19.1435022],[-40.5085352,-19.153559],[-40.550601,-19.1375561],[-40.573059,-19.1530638],[-40.5730297,-19.1658594],[-40.5805758,-19.1789482],[-40.5969463,-19.1847145],[-40.6008181,-19.1971895],[-40.6186956,-19.2093553],[-40.613255,-19.2307803],[-40.6177918,-19.2398234],[-40.613796,-19.2596795],[-40.613898,-19.2660367],[-40.6128292,-19.2755825]],[[-40.6128292,-19.2755825],[-40.6060584,-19.2721808]],[[-40.5347011,-19.3002388],[-40.5441762,-19.3106086]],[[-40.5441762,-19.3106086],[-40.5396016,-19.3139723],[-40.5290323,-19.3224787],[-40.5255393,-19.3197618],[-40.5089875,-19.3129951]],[[-40.5089875,-19.3129951],[-40.5074557,-19.3072775]],[[-40.5074557,-19.3072775],[-40.4904505,-19.2981357],[-40.4854829,-19.2868539],[-40.4720719,-19.293789],[-40.461594,-19.2797643],[-40.4432278,-19.2914813],[-40.4349315,-19.2796545],[-40.4356401,-19.2645765],[-40.4302563,-19.2613453]],[[-40.4302563,-19.2613453],[-40.4335743,-19.2494266]],[[-40.4335743,-19.2494266],[-40.4204631,-19.2382321],[-40.4181137,-19.2189152],[-40.403147,-19.1984751],[-40.4122767,-19.1889758],[-40.4067767,-19.1747434],[-40.3991798,-19.1481529],[-40.402051,-19.1358468],[-40.3869178,-19.1133876],[-40.3650477,-19.0957048],[-40.3736827,-19.0810099]],[[-41.6601838,-20.6375263],[-41.662347,-20.6523378]],[[-41.7479572,-20.6387032],[-41.7576675,-20.6419725]],[[-41.8445697,-20.7773458],[-41.8324432,-20.7818772],[-41.8288264,-20.7943438],[-41.7989991,-20.8052055],[-41.7940261,-20.798051],[-41.7667418,-20.8019956],[-41.7398545,-20.8175037],[-41.7363089,-20.8359131],[-41.7458898,-20.8524366],[-41.7388851,-20.8657524],[-41.715697,-20.8718246],[-41.7263409,-20.8923895],[-41.7184049,-20.9007977],[-41.7224051,-20.9233064],[-41.7374022,-20.9310317],[-41.7337724,-20.9433416]],[[-41.7337724,-20.9433416],[-41.7237165,-20.9417376],[-41.7055037,-20.9214397],[-41.6832768,-20.9222036],[-41.6706854,-20.8897684],[-41.6520899,-20.8916446],[-41.6445063,-20.8693219],[-41.6433529,-20.8503117],[-41.6390783,-20.8445095]],[[-41.6390783,-20.8445095],[-41.6347613,-20.8448803],[-41.6314993,-20.8514073],[-41.6312623,-20.8583767],[-41.6282282,-20.8618285]],[[-41.6018365,-20.6677287],[-41.5993817,-20.66452]],[[-41.5993817,-20.66452],[-41.6041264,-20.6558624],[-41.6077334,-20.6533066]],[[-41.6077334,-20.6533066],[-41.6306124,-20.6491898],[-41.6449804,-20.6516369],[-41.6447856,-20.6396374],[-41.6472416,-20.63669],[-41.6554753,-20.6403281],[-41.6601838,-20.6375263]],[[-40.6356832,-20.467329],[-40.6561393,-20.4602027]],[[-40.6806963,-20.5563909],[-40.6685897,-20.5609382]],[[-40.5708939,-20.7651536],[-40.5474215,-20.7395793],[-40.5341728,-20.7396697],[-40.5155735,-20.7080803],[-40.5118873,-20.6937142],[-40.4937563,-20.6693659],[-40.4971769,-20.6626129],[-40.4811598,-20.6524133],[-40.4647969,-20.6525742],[-40.4693947,-20.6326868],[-40.4540465,-20.623569],[-40.4344093,-20.6363482],[-40.4261852,-20.6355049],[-40.4198665,-20.6196649],[-40.4043712,-20.5989153],[-40.4032739,-20.5846668],[-40.3920134,-20.5572554],[-40.3751655,-20.5291082]],[[-40.3751655,-20.5291082],[-40.3799427,-20.5181066],[-40.4841548,-20.5051771]],[[-40.4841548,-20.5051771],[-40.5376278,-20.4728528],[-40.5677802,-20.4772803],[-40.6043607,-20.4875073]],[[-40.6043607,-20.4875073],[-40.6262415,-20.4678972]],[[-40.6262415,-20.4678972],[-40.6356832,-20.467329]],[[-41.4155813,-20.2073631],[-41.6660042,-20.2069982]],[[-41.6660042,-20.2069982],[-41.6749705,-20.2513585]],[[-41.6749705,-20.2513585],[-41.6685835,-20.2581766]],[[-41.6685835,-20.2581766],[-41.6720904,-20.2730122],[-41.6872688,-20.297866],[-41.6778127,-20.3086515],[-41.6871161,-20.3291982],[-41.6839925,-20.3339999],[-41.6801495,-20.3220732],[-41.6622457,-20.3170153],[-41.6369414,-20.2931287],[-41.6285673,-20.2891329],[-41.620399,-20.2697479],[-41.5969762,-20.2643496],[-41.5691675,-20.2656265],[-41.5590226,-20.281527],[-41.5582412,-20.2913444],[-41.5544785,-20.2953318]],[[-41.5544785,-20.2953318],[-41.55393,-20.2985611]],[[-41.55393,-20.2985611],[-41.5492204,-20.2960723],[-41.5479623,-20.2937782],[-41.5037186,-20.2775378],[-41.489814,-20.2900839],[-41.4890312,-20.3016801],[-41.4781163,-20.3164996],[-41.4788449,-20.3240791]],[[-41.4788449,-20.3240791],[-41.4733,-20.3225581]],[[-41.4733,-20.3225581],[-41.4433146,-20.2967893],[-41.4432083,-20.2705444],[-41.4317403,-20.250225],[-41.4162381,-20.2400545]],[[-41.4162381,-20.2400545],[-41.4094627,-20.2269108]],[[-40.514239,-19.8312777],[-40.50512,-19.8536688]],[[-40.3678267,-19.911153],[-40.3460692,-19.906873]],[[-40.3460692,-19.906873],[-40.3461243,-19.7798857]],[[-40.3461243,-19.7798857],[-40.3698153,-19.7679422],[-40.3782757,-19.7845247],[-40.4116813,-19.7846314],[-40.4263637,-19.7952602],[-40.4391907,-19.7853867],[-40.4518128,-19.7579261],[-40.4643098,-19.7566325],[-40.4757764,-19.7736307],[-40.4870504,-19.7776544],[-40.4853609,-19.7881936],[-40.5054531,-19.8051213],[-40.514239,-19.8312777]],[[-41.8040422,-20.4179046],[-41.8028718,-20.4429558],[-41.7946399,-20.4819315]],[[-41.7919915,-20.4918398],[-41.7823988,-20.504127]],[[-41.663947,-20.629492],[-41.6601838,-20.6375263]],[[-41.6077334,-20.6533066],[-41.6042618,-20.6557133],[-41.5993817,-20.66452]],[[-41.5993817,-20.66452],[-41.5981782,-20.6625872]],[[-41.608424,-20.5497753],[-41.6022053,-20.5301721]],[[-41.6022053,-20.5301721],[-41.6023099,-20.5162472],[-41.5963311,-20.5040388]],[[-41.5963311,-20.5040388],[-41.5948381,-20.4973039],[-41.5946836,-20.4789641],[-41.6159952,-20.4747329],[-41.6188547,-20.464538],[-41.630783,-20.4554857],[-41.6220325,-20.4440896],[-41.6417206,-20.4354119],[-41.6413376,-20.4241826],[-41.6315254,-20.412847],[-41.6482445,-20.4050392],[-41.6517386,-20.395816],[-41.660459,-20.3815309],[-41.6609621,-20.3878263],[-41.6628795,-20.3925516],[-41.6715613,-20.3959861],[-41.6730497,-20.4123266],[-41.6889662,-20.4162241],[-41.7049779,-20.4129839],[-41.7167363,-20.3969205],[-41.7387333,-20.3817083],[-41.7598678,-20.3785575],[-41.7785544,-20.3757792],[-41.7909841,-20.3741719],[-41.7887708,-20.3844693],[-41.7955383,-20.4070558],[-41.8040422,-20.4179046]],[[-40.9069681,-20.6853384],[-40.9103774,-20.6905438]],[[-40.9103774,-20.6905438],[-40.9169023,-20.707095],[-40.9325578,-20.7294361],[-40.9241184,-20.7408157],[-40.9442099,-20.7645187],[-40.9392596,-20.777243],[-40.9165085,-20.7932537],[-40.9054671,-20.8078453],[-40.8899071,-20.8183716],[-40.8669938,-20.8059981],[-40.8527644,-20.810276],[-40.8280108,-20.8085056]],[[-40.8280108,-20.8085056],[-40.828045,-20.8559637]],[[-40.828045,-20.8559637],[-40.7707866,-20.787259]],[[-40.7707866,-20.787259],[-40.7727628,-20.7851979]],[[-40.7787925,-20.7661579],[-40.7805518,-20.7643257],[-40.7760103,-20.7559426],[-40.7839166,-20.7485627],[-40.7930248,-20.7496139]],[[-40.8378743,-20.6889595],[-40.8385973,-20.6875576]],[[-41.6685835,-20.2581766],[-41.6761567,-20.2640653],[-41.6986856,-20.2702399]],[[-41.6986856,-20.2702399],[-41.6946268,-20.2786383],[-41.716008,-20.3021761],[-41.7092677,-20.311769],[-41.7144095,-20.321731],[-41.7215992,-20.3183051],[-41.7298682,-20.3211847],[-41.7462763,-20.3147162],[-41.7648797,-20.3311408],[-41.7766772,-20.3332386]],[[-41.7766772,-20.3332386],[-41.7963841,-20.3412059],[-41.797153,-20.3476126],[-41.795743,-20.3497927]],[[-41.795743,-20.3497927],[-41.7531513,-20.3319291],[-41.7446033,-20.3205385],[-41.7352392,-20.3215948],[-41.7175541,-20.3405394],[-41.699342,-20.3697115],[-41.6979487,-20.386364],[-41.6817928,-20.3758995],[-41.6640712,-20.3704302],[-41.649373,-20.3786865],[-41.645271,-20.393886],[-41.630568,-20.3989779],[-41.6270296,-20.4118926],[-41.6131203,-20.4144403],[-41.6082182,-20.4033946],[-41.5855021,-20.3833296],[-41.593469,-20.363454],[-41.5703256,-20.3449002],[-41.5572364,-20.3409425],[-41.5478817,-20.325909],[-41.5393733,-20.3245539],[-41.5514925,-20.298736]],[[-41.5514925,-20.298736],[-41.5538619,-20.2991766],[-41.5544785,-20.2953318]],[[-40.9965561,-19.7954792],[-40.9890163,-19.8055781]],[[-40.9890163,-19.8055781],[-40.9781513,-19.7997826],[-40.9409821,-19.8050086],[-40.937339,-19.8166298],[-40.9580608,-19.8302718],[-40.9554578,-19.8467197],[-40.9596681,-19.8530747]],[[-40.9596681,-19.8530747],[-40.9487267,-19.8618014]],[[-40.9487267,-19.8618014],[-40.9171216,-19.8444918],[-40.9117649,-19.8482082],[-40.9029748,-19.8406909],[-40.8848417,-19.8345795],[-40.8293602,-19.8915264],[-40.814115,-19.8881568]],[[-40.814115,-19.8881568],[-40.8188951,-19.8836138],[-40.8240586,-19.8817109],[-40.8277947,-19.8728267],[-40.8281334,-19.8662561],[-40.8238917,-19.860652]],[[-40.8238917,-19.860652],[-40.8208664,-19.8571069],[-40.8114363,-19.8427635],[-40.8066089,-19.8410264],[-40.796715,-19.838465],[-40.780622,-19.8300272],[-40.781115,-19.8135731]],[[-40.781115,-19.8135731],[-40.7747557,-19.813893]],[[-40.7747557,-19.813893],[-40.7735086,-19.7881558],[-40.7821092,-19.7596119],[-40.7752851,-19.7517222],[-40.7733937,-19.7139999],[-40.7695884,-19.6859316],[-40.7601082,-19.6717925],[-40.7564942,-19.652358]],[[-40.7564942,-19.652358],[-40.7621644,-19.6504703],[-40.7668269,-19.651168],[-40.7709515,-19.6493798],[-40.7684243,-19.6342559]],[[-40.8376266,-19.5717827],[-40.8407971,-19.5614971]],[[-40.7588884,-20.8656525],[-40.8280435,-20.8908312]],[[-40.8280435,-20.8908312],[-40.8510149,-20.8860526],[-40.8660158,-20.8929837],[-40.8907549,-20.8897416],[-40.9267621,-20.8911756],[-40.9518563,-20.8804586],[-40.9643955,-20.8760239],[-40.9685248,-20.8742982],[-40.9794619,-20.8713021]],[[-40.9794619,-20.8713021],[-40.9795978,-20.8693865]],[[-40.9795978,-20.8693865],[-41.0395534,-20.8693548]],[[-41.0908966,-20.9482065],[-41.0909713,-20.9523015],[-41.09875,-20.957912]],[[-41.1174164,-21.0119575],[-41.0959086,-21.0133513],[-41.0749907,-21.0211025],[-41.0176927,-21.0002883],[-41.0178488,-21.0118989],[-41.0257644,-21.0155994],[-41.0360412,-21.0250174],[-41.0369905,-21.0342272],[-41.0249235,-21.0556573],[-41.0099712,-21.061669],[-40.9953497,-21.0680904],[-40.9856325,-21.065575],[-40.9724867,-21.0770503],[-40.9600351,-21.0773805],[-40.9457445,-21.1106985]],[[-40.9457445,-21.1106985],[-40.9430095,-21.1072571]],[[-40.9430095,-21.1072571],[-40.9332491,-21.0820591],[-40.9384667,-21.0594766],[-40.9308297,-21.0476196],[-40.9057092,-21.0444979],[-40.8959337,-21.0514153],[-40.8897059,-21.0557982],[-40.8795443,-21.0602595]],[[-40.8795443,-21.0602595],[-40.8759681,-21.0601009],[-40.8612405,-21.0540512],[-40.8481374,-21.0456186],[-40.809207,-20.9957726]],[[-40.809207,-20.9957726],[-40.8083915,-20.9573385],[-40.7949905,-20.9251957],[-40.7762518,-20.9046603],[-40.7583802,-20.8794797],[-40.7588884,-20.8656525]],[[-40.9487267,-19.8618014],[-40.9550353,-19.8634383]],[[-40.9550353,-19.8634383],[-40.9354839,-19.8724428],[-40.9343681,-19.906312],[-40.9444031,-19.9015957],[-40.9454175,-19.9083003],[-40.9483057,-19.9293348],[-40.9437647,-19.9328021],[-40.9594088,-19.9563748],[-40.963514,-19.9755219]],[[-40.963514,-19.9755219],[-40.9705375,-19.9770434]],[[-40.9492268,-20.0745491],[-40.9464977,-20.0664896]],[[-40.9464977,-20.0664896],[-40.9217462,-20.0554393],[-40.9109176,-20.0561269],[-40.9041906,-20.0442734],[-40.8936186,-20.0420021],[-40.8878877,-20.029957],[-40.8770543,-20.0321714],[-40.866905,-20.0234142],[-40.8534414,-19.9864291],[-40.8415083,-19.9827361],[-40.8260225,-19.9874113],[-40.7850613,-19.9612129],[-40.7741833,-19.9443864]],[[-40.7741833,-19.9443864],[-40.7763584,-19.940958]],[[-40.7763584,-19.940958],[-40.789595,-19.9172079],[-40.8044618,-19.9114109],[-40.8153066,-19.9097366],[-40.8123739,-19.8903352]],[[-40.8123739,-19.8903352],[-40.814115,-19.8881568]],[[-41.6660042,-20.2069982],[-41.7567537,-20.206866],[-41.763632,-20.217973],[-41.775531,-20.2608343],[-41.7821404,-20.2944758],[-41.8030864,-20.2992043],[-41.8069459,-20.3074908],[-41.8250936,-20.3123875],[-41.8256618,-20.3198757],[-41.8418651,-20.3265497],[-41.8443988,-20.3409312],[-41.8526476,-20.3481586],[-41.8595116,-20.3728426],[-41.8450581,-20.377363],[-41.8453797,-20.3862291],[-41.8343104,-20.4114577],[-41.8147612,-20.4193468],[-41.8040422,-20.4179046]],[[-41.5963311,-20.5040388],[-41.5770399,-20.4996684],[-41.5760712,-20.490942],[-41.5772389,-20.4664502],[-41.5843638,-20.4594277],[-41.5718875,-20.4463494],[-41.5785699,-20.4321662],[-41.5764542,-20.427143],[-41.5561986,-20.435377],[-41.5403202,-20.4319987],[-41.5240656,-20.4401844],[-41.5026501,-20.4324728],[-41.4831868,-20.4160891],[-41.4736289,-20.4059394],[-41.4717187,-20.3910794],[-41.4676578,-20.3694827],[-41.4622483,-20.3516757],[-41.4634626,-20.3458716],[-41.4680306,-20.3443697]],[[-41.4680306,-20.3443697],[-41.4788449,-20.3240791]],[[-41.55393,-20.2985611],[-41.5514925,-20.298736]],[[-41.795743,-20.3497927],[-41.7972606,-20.3472759],[-41.7961397,-20.341049],[-41.7766772,-20.3332386]],[[-41.6986856,-20.2702399],[-41.6845872,-20.2660806],[-41.6749705,-20.2513585]],[[-40.124418,-18.7768285],[-40.2077376,-18.8844738],[-40.2055573,-18.8851755]],[[-40.2055573,-18.8851755],[-40.2048084,-18.8994415],[-40.2077263,-18.9055504]],[[-40.2077263,-18.9055504],[-40.2046257,-18.9074118],[-40.2042046,-18.9109017]],[[-40.2042046,-18.9109017],[-40.194549,-18.9176366],[-40.1792217,-18.9447497],[-40.174073,-18.9481041],[-40.151659,-18.9550863],[-40.1425455,-18.9616824],[-40.1047751,-18.9702277],[-40.0922083,-18.9788097],[-40.0715101,-18.9840081],[-40.0416684,-18.984195],[-40.0184775,-18.9927459]],[[-40.0184775,-18.9927459],[-39.9999274,-18.9958699],[-39.9829671,-19.0070903]],[[-39.9829671,-19.0070903],[-39.9789771,-19.0079167],[-39.968542,-19.0275352],[-39.9475958,-19.0478175],[-39.9338598,-19.0506992],[-39.9307607,-19.0593805],[-39.9172988,-19.059494],[-39.9052029,-19.0525474],[-39.8764788,-19.0509806],[-39.8814343,-19.063218],[-39.8700723,-19.0760401],[-39.883088,-19.0843045],[-39.8745023,-19.0989718],[-39.8741068,-19.1119096],[-39.8418757,-19.1231215],[-39.8357749,-19.1350195],[-39.8247105,-19.1393876],[-39.8020832,-19.1492632],[-39.7935432,-19.1487307],[-39.7642083,-19.1605489],[-39.7452184,-19.1539154]],[[-39.7452184,-19.1539154],[-39.7411119,-19.1489202]],[[-39.7411119,-19.1489202],[-39.8595567,-18.9990861],[-39.8630966,-18.9924533]],[[-39.8630966,-18.9924533],[-39.8832306,-18.9715013],[-39.9012977,-18.9591222],[-39.9194499,-18.9329854],[-39.930413,-18.9289074],[-39.9621787,-18.8935614],[-39.9661833,-18.8806934],[-39.9892553,-18.8769609],[-40.0078656,-18.8941563],[-40.0073838,-18.8134507],[-40.026723,-18.8081618],[-40.0503713,-18.8114929],[-40.073257,-18.8014777],[-40.0933602,-18.7986931],[-40.0949183,-18.794885],[-40.1048014,-18.7857201],[-40.1149883,-18.7755266],[-40.1207083,-18.7773002],[-40.124418,-18.7768285]],[[-41.3740831,-20.6890168],[-41.3868248,-20.69352]],[[-41.3991198,-20.7340117],[-41.4182737,-20.7813835],[-41.4276503,-20.7856911]],[[-41.4563269,-20.8704502],[-41.4597082,-20.8806395],[-41.4534227,-20.8913411],[-41.4528261,-20.8960802]],[[-41.4528261,-20.8960802],[-41.4498932,-20.9040262]],[[-41.4498932,-20.9040262],[-41.4343832,-20.9080982]],[[-41.4343832,-20.9080982],[-41.4266103,-20.8936552],[-41.4235044,-20.8793793],[-41.4231295,-20.8689169],[-41.4157709,-20.8660757],[-41.4190794,-20.8624924],[-41.415791,-20.8562358],[-41.4143677,-20.8527366],[-41.4100482,-20.8540175],[-41.3710156,-20.8749309],[-41.3422768,-20.8753271],[-41.3397739,-20.8642399]],[[-41.3397739,-20.8642399],[-41.3353974,-20.8597231]],[[-40.3709932,-19.6242149],[-40.3744726,-19.622413],[-40.4187455,-19.6413151]],[[-40.5080371,-19.6667806],[-40.5150981,-19.675068],[-40.5273416,-19.7156003]],[[-40.5273416,-19.7156003],[-40.5211204,-19.7284854]],[[-40.5211204,-19.7284854],[-40.5197976,-19.7385068]],[[-40.5197976,-19.7385068],[-40.5179686,-19.7459028]],[[-40.5179686,-19.7459028],[-40.5233059,-19.7584571],[-40.5277079,-19.7874205],[-40.5316734,-19.7956403],[-40.521211,-19.8156568]],[[-40.521211,-19.8156568],[-40.514239,-19.8312777]],[[-40.3461243,-19.7798857],[-40.3461147,-19.7061613]],[[-40.35003,-19.6785529],[-40.350597,-19.6686139]],[[-40.350597,-19.6686139],[-40.3546127,-19.6663746],[-40.3608903,-19.6626319],[-40.3742011,-19.6426264],[-40.3709932,-19.6242149]],[[-41.1745675,-19.763055],[-41.1739434,-19.7860514],[-41.1659478,-19.7924584],[-41.1641051,-19.8063868],[-41.1754735,-19.8257383],[-41.1756964,-19.8393501],[-41.1840042,-19.8488244],[-41.1870163,-19.8915298]],[[-40.9787403,-19.9794396],[-40.963514,-19.9755219]],[[-40.9550353,-19.8634383],[-40.9596681,-19.8530747]],[[-40.9890163,-19.8055781],[-40.9937864,-19.8009599]],[[-39.9829671,-19.0070903],[-39.9907859,-19.0009905],[-40.0025366,-18.9950024],[-40.0233788,-19.0386289]],[[-40.0233788,-19.0386289],[-40.0198365,-19.0514104],[-40.0342086,-19.0607881],[-40.0879174,-19.1698054],[-40.07079,-19.1692122],[-40.0526355,-19.1744691],[-40.0374803,-19.1849029],[-40.0842841,-19.2348353],[-40.0846074,-19.2247678],[-40.0970559,-19.2220716],[-40.111431,-19.2107392],[-40.1193192,-19.2291414],[-40.1484433,-19.2165723],[-40.1565003,-19.1933794],[-40.191793,-19.1923852]],[[-40.191793,-19.1923852],[-40.1933895,-19.220926]],[[-40.1933895,-19.220926],[-40.1813908,-19.2341558],[-40.1814611,-19.2433063],[-40.2035073,-19.3419115],[-40.2727532,-19.3687495],[-40.2973909,-19.3558266],[-40.3018255,-19.329226]],[[-40.3018255,-19.329226],[-40.3032798,-19.3151744],[-40.326252,-19.3761291]],[[-40.326252,-19.3761291],[-40.328627,-19.3688932],[-40.3357057,-19.3567766],[-40.3553638,-19.35711],[-40.387334,-19.3660742],[-40.4049343,-19.3477791],[-40.40968,-19.3334144],[-40.4348363,-19.3183245],[-40.4239517,-19.3118329],[-40.4152226,-19.2864381],[-40.4158606,-19.2705526],[-40.4260829,-19.2593267]],[[-40.4260829,-19.2593267],[-40.4302563,-19.2613453]],[[-40.5074557,-19.3072775],[-40.5088982,-19.3194267]],[[-40.5088982,-19.3194267],[-40.5183937,-19.3279767],[-40.526085,-19.3350058],[-40.5288791,-19.3371681],[-40.5176993,-19.3428276],[-40.4966261,-19.3589592],[-40.4926582,-19.3711821],[-40.4800659,-19.3645532],[-40.472567,-19.3745721],[-40.4776317,-19.383966],[-40.46475,-19.3922843],[-40.4531454,-19.4092072],[-40.4564207,-19.4180842],[-40.4385466,-19.4330005],[-40.4450174,-19.4500321],[-40.4305009,-19.4837152],[-40.431361,-19.4931124],[-40.4165788,-19.5087954],[-40.3923689,-19.5101519],[-40.3756585,-19.5312164]],[[-40.3756585,-19.5312164],[-40.3724149,-19.5390371],[-40.3719615,-19.5466187]],[[-40.3729619,-19.6196824],[-40.3709932,-19.6242149]],[[-40.350597,-19.6686139],[-40.3409433,-19.6661124]],[[-39.9116638,-19.687023],[-39.8631721,-19.664995],[-39.8108024,-19.6496129],[-39.8090039,-19.63416],[-39.7784822,-19.5763782],[-39.7304632,-19.468371],[-39.724515,-19.4484256],[-39.7049824,-19.3984336],[-39.6962169,-19.365531],[-39.6891136,-19.306034],[-39.6894308,-19.2891696],[-39.7039499,-19.2091173],[-39.7192891,-19.0969664]],[[-39.7192891,-19.0969664],[-39.7226543,-19.1395149],[-39.7397925,-19.1489872]],[[-39.7397925,-19.1489872],[-39.7452184,-19.1539154]],[[-41.0254313,-18.8371844],[-41.0837074,-18.8365836],[-41.0974736,-18.842311],[-41.1105065,-18.8389374],[-41.1199915,-18.8176598],[-41.1334737,-18.7968083],[-41.1474779,-18.7980842],[-41.2325444,-18.7972788],[-41.2454775,-18.8219591],[-41.237822,-18.834765],[-41.2429684,-18.8545365],[-41.2301038,-18.8583706],[-41.2147844,-18.8776398],[-41.2084251,-18.8550471],[-41.1990073,-18.8633344],[-41.1866649,-18.8640766],[-41.1663607,-18.8582317],[-41.1592103,-18.8643599],[-41.1529583,-18.8866091],[-41.1449868,-18.884461],[-41.1268471,-18.8945065],[-41.1127595,-18.9225413],[-41.1036739,-18.9340607],[-41.0902509,-18.9348061],[-41.0792423,-18.9385384],[-41.0786194,-18.9476905],[-41.0700597,-18.9417258],[-41.0632353,-18.9450103],[-40.9059985,-18.9404624]],[[-40.9059985,-18.9404624],[-40.8981721,-18.9006373],[-41.0254313,-18.8371844]],[[-40.926078,-21.1902125],[-40.9104197,-21.1685277],[-40.8925624,-21.1565552],[-40.8785426,-21.1402824],[-40.8584235,-21.1276302],[-40.8408439,-21.0840184],[-40.8297976,-21.0475971],[-40.8134908,-21.0353602],[-40.8053201,-21.0023619],[-40.809207,-20.9957726]],[[-40.809207,-20.9957726],[-40.84855,-21.0460757],[-40.859932,-21.0534464],[-40.8728389,-21.0589098],[-40.8795443,-21.0602595]],[[-40.9430095,-21.1072571],[-40.9459872,-21.1189882]],[[-40.9459872,-21.1189882],[-40.95054,-21.1379386],[-40.947341,-21.1720805],[-40.9396913,-21.1836061],[-40.926078,-21.1902125]],[[-40.9109629,-20.4485264],[-40.9124496,-20.4486761]],[[-40.9124496,-20.4486761],[-40.9096753,-20.4547703],[-40.9072744,-20.4551078]],[[-40.6607664,-20.4546936],[-40.6356832,-20.467329]],[[-40.6262415,-20.4678972],[-40.6324384,-20.4622993]],[[-40.6324384,-20.4622993],[-40.6293807,-20.4564308],[-40.6233351,-20.4389488],[-40.625093,-20.433]],[[-40.625093,-20.433],[-40.6350475,-20.4186426]],[[-40.6439209,-20.3913567],[-40.6460351,-20.3866059],[-40.6652662,-20.3839225],[-40.6688583,-20.3887089]],[[-40.5441762,-19.3106086],[-40.5491901,-19.3207129]],[[-40.3735966,-19.536188],[-40.3756585,-19.5312164]],[[-40.5088982,-19.3194267],[-40.5089875,-19.3129951]],[[-41.5775948,-20.9096279],[-41.5787388,-20.9157391]],[[-41.5787388,-20.9157391],[-41.5870964,-20.9291952],[-41.582792,-20.9474194],[-41.5714501,-20.9567652]],[[-41.5714501,-20.9567652],[-41.5724882,-20.9587334]],[[-41.557665,-21.1732636],[-41.5486976,-21.1830467],[-41.5304368,-21.1800253],[-41.5167382,-21.1877172],[-41.5115501,-21.1758363],[-41.4966116,-21.1849606],[-41.4865243,-21.1798929],[-41.4791333,-21.1936396],[-41.4603557,-21.2087711],[-41.435249,-21.2157019],[-41.4164778,-21.2001205],[-41.388013,-21.1989007],[-41.3699408,-21.2042226],[-41.3161839,-21.2135457],[-41.303455,-21.2285988],[-41.2767152,-21.2402293],[-41.2564946,-21.2252523],[-41.2417822,-21.2203482],[-41.2148521,-21.2372997],[-41.1937387,-21.2440657],[-41.1776147,-21.2390033],[-41.1618193,-21.2437614],[-41.1375907,-21.2354865],[-41.1409709,-21.2264848]],[[-41.1409709,-21.2264848],[-41.1579015,-21.2306645]],[[-41.1579015,-21.2306645],[-41.1741481,-21.2312625],[-41.1784471,-21.2299921],[-41.1813138,-21.231005],[-41.1838113,-21.2286711],[-41.1841166,-21.2234881]],[[-41.1841166,-21.2234881],[-41.1876987,-21.219601],[-41.1882519,-21.2084452],[-41.1897081,-21.2001017],[-41.1898627,-21.1844655],[-41.1924899,-21.1699878],[-41.1945679,-21.1648568],[-41.2066029,-21.1407991],[-41.2229614,-21.1120527],[-41.2235749,-21.0885166],[-41.2307841,-21.0860171],[-41.2290419,-21.0717171],[-41.2178349,-21.0668284],[-41.2119029,-21.0681478]],[[-41.2119029,-21.0681478],[-41.1937627,-21.0589983]],[[-41.2221866,-21.0176416],[-41.2352088,-21.0117263]],[[-41.2352088,-21.0117263],[-41.2504706,-21.0234677],[-41.2654752,-21.0199127],[-41.2788013,-21.0018657],[-41.2906109,-21.0041758],[-41.3037998,-20.9976586],[-41.3129394,-21.0051279],[-41.326546,-20.9976386],[-41.3589324,-20.9954791],[-41.3660573,-21.0073702],[-41.4105397,-21.0083913],[-41.4723349,-20.9911914],[-41.4420239,-20.9241078],[-41.4432806,-20.914804]],[[-41.4432806,-20.914804],[-41.4498932,-20.9040262]],[[-41.4528261,-20.8960802],[-41.4613607,-20.9009137]],[[-41.4613607,-20.9009137],[-41.4706689,-20.8970242],[-41.4733378,-20.886237],[-41.4756197,-20.8835565],[-41.4871355,-20.8857523]],[[-40.2203815,-17.981638],[-40.2553548,-17.9717994],[-40.2663007,-17.9620218],[-40.2756734,-17.962562],[-40.2909945,-17.9518495],[-40.3234355,-17.9389442],[-40.3339556,-17.9273598],[-40.3477292,-17.9235828],[-40.3733945,-17.9300316]],[[-40.3733945,-17.9300316],[-40.3810554,-17.9543369],[-40.3901843,-17.9698349],[-40.3992424,-18.0132554]],[[-40.3992424,-18.0132554],[-40.3907842,-18.0323787],[-40.4230549,-18.0929576]],[[-40.4230549,-18.0929576],[-40.4206844,-18.1067718]],[[-40.4206844,-18.1067718],[-40.4404389,-18.1198084],[-40.4467101,-18.1352797]],[[-40.4467101,-18.1352797],[-40.4435227,-18.1539918],[-40.4268852,-18.1785995],[-40.4253617,-18.193938],[-40.4198004,-18.2106522],[-40.4258096,-18.2529677]],[[-40.4258096,-18.2529677],[-40.4236605,-18.2558971]],[[-40.4236605,-18.2558971],[-40.3987433,-18.2551223],[-40.3906364,-18.2732566],[-40.3716695,-18.2712611],[-40.3631249,-18.2791456],[-40.3443201,-18.2810378],[-40.3402319,-18.2958243],[-40.319367,-18.3065794],[-40.2997804,-18.3121075],[-40.2764986,-18.30627],[-40.265743,-18.3159958],[-40.2503589,-18.3202974],[-40.2453846,-18.3105181],[-40.2237487,-18.3122449],[-40.2225236,-18.2981954],[-40.2076881,-18.28967],[-40.1976938,-18.2978319],[-40.1768518,-18.2907423],[-40.1682622,-18.2928389],[-40.1299146,-18.2741818]],[[-40.1299146,-18.2741818],[-40.0908947,-18.1801929],[-40.0911259,-18.1649599],[-40.1061178,-18.1526783],[-40.1085014,-18.1403909],[-40.0995046,-18.1311468],[-40.0969091,-18.117674],[-40.0965854,-18.110714],[-40.0953863,-18.1117738],[-40.0990473,-18.1053278],[-40.1103622,-18.0910778],[-40.1708954,-18.0588211],[-40.1850758,-18.0325255],[-40.2079348,-18.0241843],[-40.2186369,-17.9988298],[-40.2203815,-17.981638]],[[-40.3733945,-17.9300316],[-40.4032391,-17.923528],[-40.4174187,-17.9270343],[-40.4450547,-17.9188255],[-40.462738,-17.9282124],[-40.4841295,-17.9086447],[-40.5005968,-17.9116671],[-40.5168219,-17.8944233],[-40.5270378,-17.8919446],[-40.5403603,-17.9028243],[-40.5679302,-17.9160293],[-40.5847119,-17.9181666],[-40.5903318,-17.9387848],[-40.6095329,-17.9376588],[-40.621884,-17.960566],[-40.6261519,-17.9910539],[-40.6460308,-17.9935612],[-40.6617346,-18.018792]],[[-40.5842028,-18.0993428],[-40.5785887,-18.0961848],[-40.5571242,-18.1165108],[-40.5627074,-18.1314107],[-40.56078,-18.1407063]],[[-40.56078,-18.1407063],[-40.5556351,-18.1350278],[-40.5461954,-18.1259589],[-40.5416351,-18.1042398],[-40.5321159,-18.1162001],[-40.5141311,-18.1247599],[-40.5025519,-18.1326049],[-40.4790695,-18.1321534],[-40.4718023,-18.1282188],[-40.467601,-18.122789],[-40.4532651,-18.1220214]],[[-40.4532651,-18.1220214],[-40.4453676,-18.1226319],[-40.4206844,-18.1067718]],[[-40.4230549,-18.0929576],[-40.3904921,-18.0314656],[-40.3992424,-18.0132554]],[[-41.4010593,-20.2318105],[-41.4162381,-20.2400545]],[[-41.4733,-20.3225581],[-41.4680306,-20.3443697]],[[-41.6022053,-20.5301721],[-41.5974662,-20.5489004]],[[-41.4232848,-20.565453],[-41.414715,-20.5729055]],[[-41.3263135,-20.5000715],[-41.3276678,-20.4975468]],[[-41.3307063,-20.8623877],[-41.3397739,-20.8642399]],[[-41.4343832,-20.9080982],[-41.4432806,-20.914804]],[[-41.2352088,-21.0117263],[-41.228714,-21.0062741]],[[-41.2245414,-20.984269],[-41.2224137,-20.9814806],[-41.2238109,-20.9734315],[-41.2298102,-20.9664379],[-41.2351793,-20.9639194],[-41.2365756,-20.9599812],[-41.239206,-20.95905]],[[-41.2515157,-20.8720554],[-41.241675,-20.8596681]],[[-40.5764879,-18.3633096],[-40.5807902,-18.3702177],[-40.5832487,-18.3685803],[-40.6054125,-18.4083572]],[[-40.537888,-18.4904656],[-40.5510689,-18.4938139]],[[-40.5510689,-18.4938139],[-40.5665444,-18.5150761],[-40.562305,-18.5337516],[-40.5667435,-18.5481437],[-40.5625697,-18.5609756],[-40.5598701,-18.5734808],[-40.5344261,-18.5921187],[-40.5350653,-18.6076211],[-40.5184748,-18.6234204],[-40.5005083,-18.6214343],[-40.492718,-18.6323588],[-40.4968141,-18.650788],[-40.48539,-18.6547055],[-40.4917506,-18.6589534],[-40.5051485,-18.6673457],[-40.518685,-18.6656106],[-40.5274776,-18.6752145],[-40.5904768,-18.7145456],[-40.6248261,-18.7279854],[-40.6409785,-18.7252754],[-40.6496473,-18.7082021],[-40.6691676,-18.702322],[-40.6816415,-18.7035438]],[[-40.6816415,-18.7035438],[-40.6938627,-18.7073632],[-40.7150012,-18.7027567]],[[-40.7634025,-18.8468427],[-40.7594033,-18.8478782]],[[-40.6639034,-18.9489984],[-40.6508147,-18.9393805]],[[-40.6508147,-18.9393805],[-40.6322092,-18.946633],[-40.6227416,-18.9499731],[-40.6173197,-18.9524373],[-40.6114953,-18.9495788],[-40.5929376,-18.9341765],[-40.5857686,-18.9104578],[-40.573016,-18.8938785],[-40.5476837,-18.8786952],[-40.5313639,-18.8699306],[-40.5260077,-18.8706251],[-40.5161039,-18.8764571],[-40.4870527,-18.8563123],[-40.4742901,-18.8527544],[-40.4454649,-18.854652],[-40.4357463,-18.8540586],[-40.4329592,-18.8527518],[-40.4182994,-18.8519921],[-40.4043428,-18.8496176]],[[-40.4043428,-18.8496176],[-40.4016915,-18.8509207]],[[-40.4016915,-18.8509207],[-40.401034,-18.8454455],[-40.4055892,-18.8346045],[-40.3943653,-18.8210765],[-40.3915625,-18.8042051],[-40.3945158,-18.7817654],[-40.3481737,-18.7454333],[-40.3364149,-18.7258328],[-40.2842707,-18.5767975]],[[-40.2842707,-18.5767975],[-40.3003643,-18.5723363]],[[-40.4534801,-18.4139181],[-40.4690818,-18.4102018]],[[-40.4690818,-18.4102018],[-40.4915725,-18.4102073],[-40.4967716,-18.3902199],[-40.5097958,-18.3903112],[-40.5265229,-18.3654109],[-40.5530211,-18.3597436],[-40.5764879,-18.3633096]],[[-40.8578491,-18.9403677],[-40.9165854,-18.9407728]],[[-40.9642637,-19.1221422],[-40.9559424,-19.1300131],[-40.9621344,-19.1394986],[-40.9405567,-19.1633044],[-40.9383542,-19.1833712],[-40.9259317,-19.1896977],[-40.9275821,-19.2088755],[-40.9353906,-19.2226941]],[[-40.8282003,-19.3557009],[-40.8204158,-19.3568498]],[[-40.7173701,-19.2973785],[-40.711092,-19.2906709],[-40.7084702,-19.2823704],[-40.7094641,-19.2722473]],[[-40.6698077,-19.2285629],[-40.6648178,-19.2300179]],[[-40.6648178,-19.2300179],[-40.6653161,-19.2241014],[-40.6634982,-19.2182609],[-40.6589331,-19.2126286],[-40.6685922,-19.1955178],[-40.6550527,-19.1789135],[-40.6561522,-19.172072],[-40.6663299,-19.1680087],[-40.6671597,-19.160531]],[[-40.6671597,-19.160531],[-40.6709975,-19.1589687],[-40.6743783,-19.1603357],[-40.6777457,-19.1584536],[-40.6794811,-19.1466015]],[[-40.6794811,-19.1466015],[-40.6874821,-19.1513201]],[[-40.6874821,-19.1513201],[-40.6889888,-19.151563],[-40.6916571,-19.1494182],[-40.6926624,-19.1394984]],[[-40.1299146,-18.2741818],[-40.1141606,-18.2780215],[-40.1012333,-18.2807475],[-40.0675497,-18.2784039],[-40.0615642,-18.2859863],[-40.0452689,-18.2911864],[-39.9903947,-18.2869493],[-39.9837738,-18.2937275],[-39.9654113,-18.2975151],[-39.9572941,-18.3109095]],[[-39.9572941,-18.3109095],[-39.9464006,-18.3099451]],[[-39.9077378,-18.1835333],[-39.9117761,-18.1790331],[-40.2203815,-17.981638]],[[-40.479988,-18.2558763],[-40.486289,-18.3663929]],[[-40.4536284,-18.3698184],[-40.4436756,-18.3621639],[-40.4379304,-18.3645519],[-40.4355787,-18.3615173],[-40.4322644,-18.3616007],[-40.4238347,-18.3653931]],[[-40.3295633,-18.4078045],[-40.3251415,-18.4106237],[-40.3234407,-18.4156278],[-40.3236635,-18.4208892],[-40.3215302,-18.4239505],[-40.3195016,-18.4389008],[-40.3150509,-18.4419171],[-40.3096019,-18.4418333]],[[-40.1290458,-18.4870734],[-40.1145771,-18.4880484]],[[-40.1145771,-18.4880484],[-40.0906238,-18.488246],[-40.0792169,-18.4821785],[-40.0726398,-18.4744626],[-40.0684263,-18.4705098],[-40.0442815,-18.4471139],[-40.0332874,-18.445208],[-40.0306827,-18.4457773]],[[-40.0306827,-18.4457773],[-40.0274837,-18.4430298]],[[-39.9389692,-18.3994104],[-39.9590961,-18.3450854],[-39.9581492,-18.322514],[-39.950651,-18.3146634],[-39.9572941,-18.3109095]],[[-40.4236605,-18.2558971],[-40.4267987,-18.2555594]],[[-40.4267987,-18.2555594],[-40.4511449,-18.2510486],[-40.4693102,-18.2488758],[-40.479988,-18.2558763]],[[-40.7476975,-20.799314],[-40.7498228,-20.7888166],[-40.753668,-20.7860423],[-40.763456,-20.7890494]],[[-40.7675528,-20.7889933],[-40.7707866,-20.787259]],[[-40.828045,-20.8559637],[-40.8280435,-20.8908312]],[[-40.7588884,-20.8656525],[-40.7464333,-20.850072],[-40.7263288,-20.8420169],[-40.7202129,-20.8465796],[-40.7023643,-20.8322705]],[[-40.56078,-18.1407063],[-40.5622716,-18.1456879]],[[-40.5806513,-18.3564503],[-40.5764879,-18.3633096]],[[-40.4690818,-18.4102018],[-40.456119,-18.4119777]],[[-40.4870027,-18.37736],[-40.479988,-18.2558763]],[[-40.4267987,-18.2555594],[-40.4258096,-18.2529677]],[[-40.4467101,-18.1352797],[-40.4532651,-18.1220214]],[[-41.1174164,-21.0119575],[-41.1249161,-21.0128133],[-41.1313913,-21.0296312],[-41.1406409,-21.0328913]],[[-41.1904653,-21.0636723],[-41.2119029,-21.0681478]],[[-41.1841166,-21.2234881],[-41.1838313,-21.2286053],[-41.182214,-21.2306684],[-41.1579015,-21.2306645]],[[-41.1409709,-21.2264848],[-41.1155525,-21.2286353],[-41.1054035,-21.2195815],[-41.0892187,-21.2195207],[-41.0593193,-21.2346468],[-41.0445825,-21.2530586],[-41.0249052,-21.2458027],[-41.0047404,-21.2510999],[-40.9981659,-21.2661726],[-40.9957952,-21.2861898],[-40.9776179,-21.2851351],[-40.9717809,-21.2951909],[-40.9579091,-21.301782],[-40.9623861,-21.2743874],[-40.9599452,-21.2541523],[-40.9499655,-21.2296116],[-40.926078,-21.1902125]],[[-40.9459872,-21.1189882],[-40.9457445,-21.1106985]],[[-40.3597504,-19.0676533],[-40.3660993,-19.0668284],[-40.3748329,-19.0791551]],[[-40.3748329,-19.0791551],[-40.3736827,-19.0810099]],[[-40.4335743,-19.2494266],[-40.4260829,-19.2593267]],[[-40.326252,-19.3761291],[-40.3018255,-19.329226]],[[-40.1933895,-19.220926],[-40.1906204,-19.1972827],[-40.1930603,-19.1756261]],[[-40.1930603,-19.1756261],[-40.21336,-19.163629],[-40.2147977,-19.1606897],[-40.2241523,-19.159925],[-40.2251885,-19.1566004],[-40.2297577,-19.153745],[-40.2354696,-19.1538597],[-40.2334678,-19.1505395],[-40.2355391,-19.1443826],[-40.237395,-19.1361043],[-40.2434653,-19.1275554],[-40.2385466,-19.1198636],[-40.2507567,-19.1009325],[-40.2629671,-19.0913482],[-40.2772333,-19.0834927],[-40.2866258,-19.0794638]],[[-40.2866258,-19.0794638],[-40.2920804,-19.0795125]],[[-40.2920804,-19.0795125],[-40.3048885,-19.0842991],[-40.324111,-19.0762354],[-40.3466146,-19.0832074],[-40.351404,-19.0808035],[-40.3597504,-19.0676533]],[[-40.9234656,-20.67543],[-40.9326042,-20.6850184]],[[-40.9326042,-20.6850184],[-40.9564101,-20.6933036],[-40.9633027,-20.710396],[-40.9567283,-20.7138545],[-40.9662536,-20.7360548],[-40.9658532,-20.7477813],[-40.9695543,-20.7554145],[-40.9812377,-20.765095],[-40.9943142,-20.7788333],[-40.9915285,-20.7946842],[-40.9844853,-20.8017924],[-40.9800093,-20.8286051],[-40.9883901,-20.8315208],[-40.9893852,-20.8381309],[-40.9831335,-20.864654]],[[-40.9831335,-20.864654],[-40.9797084,-20.8673266],[-40.9794619,-20.8713021]],[[-40.8280435,-20.8908312],[-40.8280108,-20.8085056]],[[-40.9103774,-20.6905438],[-40.9114521,-20.6829546]],[[-40.5994463,-19.9969404],[-40.5999683,-20.0075966]],[[-40.5999683,-20.0075966],[-40.611817,-20.0315734],[-40.6198279,-20.0506139],[-40.6075391,-20.0686197],[-40.6027841,-20.0749689],[-40.595883,-20.0827381],[-40.6057752,-20.0940742],[-40.6243573,-20.1069679],[-40.6379579,-20.1099078],[-40.6433009,-20.0920493],[-40.6668094,-20.0905646],[-40.6751413,-20.0940604],[-40.6748872,-20.1172226],[-40.6833423,-20.1385588],[-40.7131419,-20.1475347],[-40.7223152,-20.1566102],[-40.7331831,-20.1696113],[-40.7454575,-20.1784955],[-40.7520627,-20.1761849]],[[-40.7520627,-20.1761849],[-40.751921,-20.1787434]],[[-40.5960567,-20.2434624],[-40.5914344,-20.2516813]],[[-40.3769622,-20.2157173],[-40.3834226,-20.1992515]],[[-40.3834226,-20.1992515],[-40.3929878,-20.1720213],[-40.4152017,-20.1620346],[-40.4234299,-20.1553858],[-40.4317177,-20.1458594]],[[-40.4317177,-20.1458594],[-40.4361832,-20.1364808],[-40.4333895,-20.0949322]],[[-40.4333895,-20.0949322],[-40.4162341,-20.0166425]],[[-40.4162341,-20.0166425],[-40.4180715,-20.0121881]],[[-40.4492996,-19.949745],[-40.457228,-19.9476552]],[[-40.457228,-19.9476552],[-40.4583716,-19.9462563],[-40.4658779,-19.9496293],[-40.4850277,-19.963459],[-40.4901265,-19.9548628],[-40.510975,-19.9548953],[-40.5134844,-19.9832598],[-40.5258077,-19.9751941],[-40.5360142,-19.9882789],[-40.5423604,-19.9964231],[-40.580457,-19.9851312],[-40.5862916,-19.9879642],[-40.5994463,-19.9969404]],[[-40.7663743,-19.9415078],[-40.7741833,-19.9443864]],[[-40.9464977,-20.0664896],[-40.9476091,-20.0741623]],[[-41.0026593,-20.2144376],[-40.9928678,-20.2199739]],[[-40.759351,-20.1681261],[-40.7520627,-20.1761849]],[[-40.5999683,-20.0075966],[-40.6164213,-19.9977666]],[[-40.6164213,-19.9977666],[-40.6226671,-19.9911934],[-40.6204507,-19.9783481],[-40.6233033,-19.9732033],[-40.6257494,-19.9694757],[-40.6324215,-19.9660967],[-40.6332868,-19.9718619],[-40.6620058,-19.980981],[-40.6720323,-19.9636767],[-40.6835464,-19.9678493],[-40.6928854,-19.9809869],[-40.7054634,-19.9742876],[-40.7181885,-19.9820477],[-40.7265365,-19.9781353],[-40.7392637,-19.985043],[-40.7488395,-19.9761162],[-40.7558488,-19.9641642],[-40.7528887,-19.9488531],[-40.7645502,-19.9447922],[-40.7663743,-19.9415078]],[[-40.7703838,-19.815553],[-40.781115,-19.8135731]],[[-40.8238917,-19.860652],[-40.8274889,-19.8646801],[-40.8283507,-19.8683104],[-40.8248757,-19.880708],[-40.81681,-19.8850346],[-40.8123739,-19.8903352]],[[-40.7763584,-19.940958],[-40.7663743,-19.9415078]],[[-40.6164213,-19.9977666],[-40.5994463,-19.9969404]],[[-40.457228,-19.9476552],[-40.452759,-19.9372055]],[[-40.50512,-19.8536688],[-40.521211,-19.8156568]],[[-40.5179686,-19.7459028],[-40.5186487,-19.7446361]],[[-40.5186487,-19.7446361],[-40.5452073,-19.7410149],[-40.5608583,-19.7416197],[-40.5760144,-19.7434085],[-40.5811805,-19.7506067],[-40.6098608,-19.7567423],[-40.6312303,-19.7734819],[-40.6824935,-19.7733866],[-40.6955537,-19.7773767],[-40.7054829,-19.7861402],[-40.7071238,-19.7975607],[-40.7071823,-19.8150192],[-40.7236395,-19.8219198],[-40.7409613,-19.8271934],[-40.7467079,-19.8310699],[-40.7703838,-19.815553]],[[-40.5474011,-19.0492532],[-40.5606114,-19.0467749]],[[-40.6724359,-19.097465],[-40.6768191,-19.0990093],[-40.6840831,-19.1050911],[-40.6792819,-19.1171201],[-40.6789062,-19.1231697]],[[-40.6912512,-19.149935],[-40.6874821,-19.1513201]],[[-40.6794811,-19.1466015],[-40.6774772,-19.1588449],[-40.6737796,-19.1603667],[-40.6671597,-19.160531]],[[-40.6648178,-19.2300179],[-40.6628185,-19.2297134]],[[-40.6138118,-19.2799554],[-40.6128292,-19.2755825]],[[-40.3728774,-19.0900814],[-40.3748329,-19.0791551]],[[-40.3748329,-19.0791551],[-40.3780327,-19.0850705]],[[-40.3780327,-19.0850705],[-40.3939651,-19.0839662],[-40.4170709,-19.0749474],[-40.4295088,-19.0736611],[-40.4441474,-19.0521195],[-40.4559346,-19.0497003]],[[-40.4559346,-19.0497003],[-40.4593223,-19.046998]],[[-40.4593223,-19.046998],[-40.4701845,-19.0477747],[-40.4788527,-19.0486361],[-40.4895784,-19.0479445],[-40.4928119,-19.0509452],[-40.5016878,-19.0537418],[-40.5068388,-19.0580774],[-40.5119483,-19.0583157],[-40.5208733,-19.0565392],[-40.5329112,-19.0518],[-40.5343331,-19.0483368],[-40.5412087,-19.0433509],[-40.5474011,-19.0492532]],[[-40.3774155,-18.8477428],[-40.3859739,-18.8480223]],[[-40.3859739,-18.8480223],[-40.3954692,-18.8520895],[-40.3992364,-18.8520778],[-40.4043428,-18.8496176]],[[-40.6508147,-18.9393805],[-40.6521314,-18.9492767]],[[-40.5645159,-19.0459615],[-40.5474011,-19.0492532]],[[-40.4593223,-19.046998],[-40.4556666,-19.0438539]],[[-40.4556666,-19.0438539],[-40.4451612,-19.0334508],[-40.4417113,-19.0328581],[-40.4345924,-19.0150824],[-40.4629706,-18.993776],[-40.4586253,-18.9789479],[-40.4644973,-18.9630504],[-40.4273647,-18.9504998],[-40.4206811,-18.9598368],[-40.4077742,-18.9563938],[-40.4053341,-18.9457008],[-40.3806269,-18.9431737],[-40.3737449,-18.9467457]],[[-40.3737449,-18.9467457],[-40.3728651,-18.849287],[-40.3774155,-18.8477428]],[[-41.7337724,-20.9433416],[-41.7174055,-20.9530449],[-41.716441,-20.9742667],[-41.7116275,-20.9805924],[-41.7223539,-21.0094466],[-41.7145453,-21.0154083],[-41.7245582,-21.0353054],[-41.7167124,-21.0500037],[-41.7255196,-21.0819651],[-41.7362793,-21.1014302],[-41.716938,-21.1050915]],[[-41.5972097,-21.0206794],[-41.5909867,-21.0029266]],[[-41.5746961,-20.9570406],[-41.5714501,-20.9567652]],[[-41.5787388,-20.9157391],[-41.5797515,-20.9113983]],[[-41.6233018,-20.8681376],[-41.6310155,-20.8588151],[-41.6316077,-20.8509926],[-41.635055,-20.8444846],[-41.6390783,-20.8445095]],[[-40.029863,-18.4441019],[-40.0306827,-18.4457773]],[[-40.1145771,-18.4880484],[-40.1245837,-18.4885447]],[[-40.2778762,-18.573969],[-40.2842707,-18.5767975]],[[-40.4016915,-18.8509207],[-40.395103,-18.8520313],[-40.3859739,-18.8480223]],[[-40.3774155,-18.8477428],[-40.3697638,-18.8495779]],[[-40.3697638,-18.8495779],[-40.3682919,-18.8476304],[-40.3615012,-18.8467131],[-40.3565312,-18.8450811],[-40.3441708,-18.8472161],[-40.317929,-18.8505273],[-40.2817312,-18.8394531],[-40.2751553,-18.8373151],[-40.2747766,-18.8389037],[-40.2670116,-18.8378397],[-40.261002,-18.8408363],[-40.2598019,-18.8431116],[-40.2556596,-18.8519848],[-40.2198165,-18.8789782],[-40.2128986,-18.8790713],[-40.2088897,-18.8815248]],[[-40.2088897,-18.8815248],[-40.2081307,-18.8845622],[-40.124418,-18.7768285]],[[-39.8630966,-18.9924533],[-39.8613287,-18.996774],[-39.7797278,-19.1013285],[-39.7411119,-19.1489202]],[[-39.7411119,-19.1489202],[-39.7397925,-19.1489872]],[[-39.7192891,-19.0969664],[-39.7356351,-18.9775905],[-39.736797,-18.9556945],[-39.7427941,-18.9360835],[-39.7446131,-18.8933533],[-39.7492359,-18.8491758],[-39.7464756,-18.7061645]],[[-40.7747557,-19.813893],[-40.7703838,-19.815553]],[[-40.5186487,-19.7446361],[-40.5197976,-19.7385068]],[[-40.5211204,-19.7284854],[-40.5254523,-19.7162329],[-40.5328011,-19.7124035],[-40.5406536,-19.7096562]],[[-40.4126083,-20.0184178],[-40.4162341,-20.0166425]],[[-40.4333895,-20.0949322],[-40.4361895,-20.1362701],[-40.4317177,-20.1458594]],[[-40.3834226,-20.1992515],[-40.377981,-20.2112948],[-40.3672474,-20.2169694]],[[-40.3289437,-20.2604244],[-40.3292005,-20.2392649],[-40.3105291,-20.2314989],[-40.3024092,-20.2293271],[-40.2978721,-20.2389537],[-40.2210058,-20.238955],[-40.2149426,-20.2426451]],[[-40.2149426,-20.2426451],[-40.2157149,-20.2349098],[-40.1989444,-20.2168336],[-40.1901896,-20.1933197],[-40.1916496,-20.1841015],[-40.1838238,-20.1672882],[-40.1815522,-20.1345773],[-40.1719949,-20.1081674],[-40.1738309,-20.0749044],[-40.1947607,-20.049183]],[[-40.1900261,-20.0453976],[-40.1940854,-20.0365314],[-40.1993972,-20.0355169]],[[-40.2042046,-18.9109017],[-40.2058445,-18.9067005],[-40.263886,-19.0328932]],[[-40.263886,-19.0328932],[-40.288321,-19.0753836]],[[-40.288321,-19.0753836],[-40.2866258,-19.0794638]],[[-40.1930603,-19.1756261],[-40.191793,-19.1923852]],[[-40.0233788,-19.0386289],[-40.0025341,-18.9949971],[-40.0184775,-18.9927459]],[[-40.9881139,-20.4368374],[-40.9886417,-20.4320722],[-40.9950839,-20.4279122],[-41.0011579,-20.426093],[-41.010385,-20.4337553],[-41.0074427,-20.45049]],[[-41.069323,-20.6122461],[-41.0775366,-20.6140949]],[[-41.0292854,-20.7869542],[-41.0274388,-20.7889147],[-41.0233992,-20.7870871],[-41.0203183,-20.7884411],[-41.017013,-20.7952209],[-41.0231376,-20.8159543]],[[-41.0061849,-20.869375],[-40.9795978,-20.8693865]],[[-40.9795978,-20.8693865],[-40.9831335,-20.864654]],[[-40.9326042,-20.6850184],[-40.933724,-20.6737616]],[[-40.9928581,-20.4384377],[-40.9881139,-20.4368374]],[[-41.1475498,-20.2816208],[-41.1623607,-20.2870139]],[[-41.1954921,-20.4415362],[-41.1745125,-20.4471873]],[[-41.0556609,-20.4595554],[-41.0472181,-20.460775]],[[-41.1345325,-20.2925702],[-41.1475498,-20.2816208]],[[-40.5764134,-20.2789688],[-40.5827518,-20.3050745]],[[-40.5987854,-20.4155375],[-40.6079941,-20.4126353],[-40.6147663,-20.4137792],[-40.614019,-20.4160861],[-40.6165233,-20.420023],[-40.6159779,-20.4216284],[-40.6179507,-20.4233166],[-40.6252389,-20.4237439],[-40.625093,-20.433]],[[-40.6324384,-20.4622993],[-40.6043607,-20.4875073]],[[-40.4841548,-20.5051771],[-40.4634538,-20.4322064],[-40.4376568,-20.4330484],[-40.4278898,-20.4259535],[-40.4039427,-20.4245185],[-40.3899069,-20.4191722],[-40.3895528,-20.408646],[-40.3736187,-20.4030768]],[[-40.3736187,-20.4030768],[-40.3703116,-20.3996504]],[[-40.4272098,-20.340745],[-40.4383756,-20.3325309],[-40.4490224,-20.3366165]],[[-40.6514307,-18.51573],[-40.6542936,-18.5138467]],[[-40.698237,-18.7051177],[-40.6816415,-18.7035438]],[[-40.5510689,-18.4938139],[-40.5547085,-18.4932961]],[[-40.5566719,-18.4900373],[-40.5617415,-18.4869253],[-40.5920672,-18.4905563]],[[-40.3697638,-18.8495779],[-40.3729534,-18.8497244],[-40.3737449,-18.9467457]],[[-40.4556666,-19.0438539],[-40.4559346,-19.0497003]],[[-40.3780327,-19.0850705],[-40.3741493,-19.0768386],[-40.3734987,-19.0779201],[-40.3716372,-19.0760648],[-40.370643,-19.0722114],[-40.3654073,-19.066281],[-40.3597504,-19.0676533]],[[-40.2920804,-19.0795125],[-40.288321,-19.0753836]],[[-40.263886,-19.0328932],[-40.2063254,-18.9066397],[-40.2077263,-18.9055504]],[[-40.2055573,-18.8851755],[-40.2083958,-18.8845604],[-40.2088897,-18.8815248]],[[-40.3751655,-20.5291082],[-40.3618225,-20.5178551],[-40.34656,-20.4762802],[-40.3229425,-20.429427],[-40.3196594,-20.406002],[-40.2966188,-20.3632253],[-40.2832585,-20.3531435],[-40.2831651,-20.3236715]],[[-40.2831651,-20.3236715],[-40.2847491,-20.324938],[-40.3127852,-20.3272503],[-40.3225784,-20.3222496],[-40.3477468,-20.3270798],[-40.3545412,-20.3269089]],[[-40.3545412,-20.3269089],[-40.3541824,-20.3401275]],[[-40.3634027,-20.3766036],[-40.3653425,-20.3956755],[-40.3736187,-20.4030768]],[[-40.3544063,-20.324529],[-40.3545412,-20.3269089]],[[-40.2831651,-20.3236715],[-40.2743895,-20.3200273],[-40.2905274,-20.3043525],[-40.2899335,-20.2859792],[-40.2778713,-20.2723807],[-40.2588009,-20.2657892],[-40.2374915,-20.294985],[-40.2343543,-20.2761491],[-40.223419,-20.2518334],[-40.2149426,-20.2426451]],[[-29.3384236,-20.486783],[-29.3441611,-20.5102515],[-29.33053,-20.5221671],[-29.2991521,-20.5189343],[-29.3087847,-20.5078107],[-29.3384236,-20.486783]]],"bbox":[-41.8791962,-21.301782,-29.2991521,-17.8919446]}
