{"type":"Topology","objects":{"geometrias":{"type":"GeometryCollection","geometries":[{"type":"Polygon","arcs":[[0,1,2,3,4,5,6,7,8,9]],"properties":{"code_muni":5100102,"abbrev_state":"MT","name_state":"Mato Grosso","name_region":"Centro-Oeste","name_muni":"Acorizal","code_state":51,"code_region":5,"year":2020}},{"type":"Polygon","arcs":[[10,11,12,13,14,15,16,17,18]],"properties":{"code_muni":5100201,"abbrev_state":"MT","name_state":"Mato Grosso","name_region":"Centro-Oeste","name_muni":"Água Boa","code_state":51,"code_region":5,"year":2020}},{"type":"Polygon","arcs":[[19,20,21,22,23,24,25,26,27,28,29,30,31,32,33,34,35]],"properties":{"code_muni":5100250,"abbrev_state":"MT","name_state":"Mato Grosso","name_region":"Centro-Oeste","name_muni":"Alta Floresta","code_state":51,"code_region":5,"year":2020}},{"type":"Polygon","arcs":[[36,37,38,39,40,41,42]],"properties":{"code_muni":5100300,"abbrev_state":"MT","name_state":"Mato Grosso","name_region":"Centro-Oeste","name_muni":"Alto Araguaia","code_state":51,"code_region":5,"year":2020}},{"type":"Polygon","arcs":[[43,44,45,46,47,48,49,50,51,52,53,54,55]],"properties":{"code_muni":5100359,"abbrev_state":"MT","name_state":"Mato Grosso","name_region":"Centro-Oeste","name_muni":"Alto Boa Vista","code_state":51,"code_region":5,"year":2020}},{"type":"Polygon","arcs":[[56,57,58,59,60,61,62,-38,63,64,65,66,67,68,69,70,71,72]],"properties":{"code_muni":5100409,"abbrev_state":"MT","name_state":"Mato Grosso","name_region":"Centro-Oeste","name_muni":"Alto Garças","code_state":51,"code_region":5,"year":2020}},{"type":"Polygon","arcs":[[73,74,75,76,77,78,79,80,81,82,83]],"properties":{"code_muni":5100508,"abbrev_state":"MT","name_state":"Mato Grosso","name_region":"Centro-Oeste","name_muni":"Alto Paraguai","code_state":51,"code_region":5,"year":2020}},{"type":"Polygon","arcs":[[84,-41]],"properties":{"code_muni":5100607,"abbrev_state":"MT","name_state":"Mato Grosso","name_region":"Centro-Oeste","name_muni":"Alto Taquari","code_state":51,"code_region":5,"year":2020}},{"type":"Polygon","arcs":[[85,86,87,88,89,90,91,92,93,94]],"properties":{"code_muni":5100805,"abbrev_state":"MT","name_state":"Mato Grosso","name_region":"Centro-Oeste","name_muni":"Apiacás","code_state":51,"code_region":5,"year":2020}},{"type":"Polygon","arcs":[[95,96,97,98,99,100,101,102,103,104]],"properties":{"code_muni":5101001,"abbrev_state":"MT","name_state":"Mato Grosso","name_region":"Centro-Oeste","name_muni":"Araguaiana","code_state":51,"code_region":5,"year":2020}},{"type":"Polygon","arcs":[[105,-67,106,-65,107,-43,108,109]],"properties":{"code_muni":5101209,"abbrev_state":"MT","name_state":"Mato Grosso","name_region":"Centro-Oeste","name_muni":"Araguainha","code_state":51,"code_region":5,"year":2020}},{"type":"Polygon","arcs":[[110,111,112,113,114,115,116,117,118,119]],"properties":{"code_muni":5101258,"abbrev_state":"MT","name_state":"Mato Grosso","name_region":"Centro-Oeste","name_muni":"Araputanga","code_state":51,"code_region":5,"year":2020}},{"type":"Polygon","arcs":[[120,121,122,123,124,125,126,127]],"properties":{"code_muni":5101308,"abbrev_state":"MT","name_state":"Mato Grosso","name_region":"Centro-Oeste","name_muni":"Arenápolis","code_state":51,"code_region":5,"year":2020}},{"type":"Polygon","arcs":[[128,129,130,131,132,133,134,135,136,137,138,139,140,141,142,143,144]],"properties":{"code_muni":5101407,"abbrev_state":"MT","name_state":"Mato Grosso","name_region":"Centro-Oeste","name_muni":"Aripuanã","code_state":51,"code_region":5,"year":2020}},{"type":"Polygon","arcs":[[145,146,147,148,149,150,151,152]],"properties":{"code_muni":5101605,"abbrev_state":"MT","name_state":"Mato Grosso","name_region":"Centro-Oeste","name_muni":"Barão de Melgaço","code_state":51,"code_region":5,"year":2020}},{"type":"MultiPolygon","arcs":[[[153,154,155,156,157,158,159,160,161,162,163,164,165,-77,166,167,168,169,170,171,172,173,174,175]],[[176,177,178,179,180,181,182,183,184,185]]],"properties":{"code_muni":5101704,"abbrev_state":"MT","name_state":"Mato Grosso","name_region":"Centro-Oeste","name_muni":"Barra do Bugres","code_state":51,"code_region":5,"year":2020}},{"type":"Polygon","arcs":[[186,187,188,189,190,191,192,193,194,195,196,-103,197,-101,198,-99]],"properties":{"code_muni":5101803,"abbrev_state":"MT","name_state":"Mato Grosso","name_region":"Centro-Oeste","name_muni":"Barra do Garças","code_state":51,"code_region":5,"year":2020}},{"type":"Polygon","arcs":[[199,-50,200,201,202,203,204,205,206,207,208,-52]],"properties":{"code_muni":5101852,"abbrev_state":"MT","name_state":"Mato Grosso","name_region":"Centro-Oeste","name_muni":"Bom Jesus do Araguaia","code_state":51,"code_region":5,"year":2020}},{"type":"Polygon","arcs":[[209,210,211,212,213,214,215,216,217,218,219,220,221,222]],"properties":{"code_muni":5101902,"abbrev_state":"MT","name_state":"Mato Grosso","name_region":"Centro-Oeste","name_muni":"Brasnorte","code_state":51,"code_region":5,"year":2020}},{"type":"Polygon","arcs":[[-161,223,224,225,226,227,228,229,230,231,232,233,234,235,236,237,238,239,240,241,242,243,244]],"properties":{"code_muni":5102504,"abbrev_state":"MT","name_state":"Mato Grosso","name_region":"Centro-Oeste","name_muni":"Cáceres","code_state":51,"code_region":5,"year":2020}},{"type":"Polygon","arcs":[[245,246,247,248,249,250,251,252,253,254,-11]],"properties":{"code_muni":5102603,"abbrev_state":"MT","name_state":"Mato Grosso","name_region":"Centro-Oeste","name_muni":"Campinápolis","code_state":51,"code_region":5,"year":2020}},{"type":"Polygon","arcs":[[255,256,257,258,259,260,261,262,263,264,265,266,267,-216]],"properties":{"code_muni":5102637,"abbrev_state":"MT","name_state":"Mato Grosso","name_region":"Centro-Oeste","name_muni":"Campo Novo do Parecis","code_state":51,"code_region":5,"year":2020}},{"type":"Polygon","arcs":[[268,269,270,271,272,273,274,275,276,277,278,279,280,281,282,283,284]],"properties":{"code_muni":5102678,"abbrev_state":"MT","name_state":"Mato Grosso","name_region":"Centro-Oeste","name_muni":"Campo Verde","code_state":51,"code_region":5,"year":2020}},{"type":"Polygon","arcs":[[285,286,287,288,289,290,291,292,293,294,295,296]],"properties":{"code_muni":5102686,"abbrev_state":"MT","name_state":"Mato Grosso","name_region":"Centro-Oeste","name_muni":"Campos de Júlio","code_state":51,"code_region":5,"year":2020}},{"type":"Polygon","arcs":[[297,298,299,300,301,302,303,304,305,306,307,308]],"properties":{"code_muni":5102694,"abbrev_state":"MT","name_state":"Mato Grosso","name_region":"Centro-Oeste","name_muni":"Canabrava do Norte","code_state":51,"code_region":5,"year":2020}},{"type":"Polygon","arcs":[[309,310,311,312,313,-19,314,315,316,317,318,319,320,321,322,323]],"properties":{"code_muni":5102702,"abbrev_state":"MT","name_state":"Mato Grosso","name_region":"Centro-Oeste","name_muni":"Canarana","code_state":51,"code_region":5,"year":2020}},{"type":"Polygon","arcs":[[324,325,-31,326,-29,327,328,329,330,331,332,333,334,335,336,337,338,339]],"properties":{"code_muni":5102793,"abbrev_state":"MT","name_state":"Mato Grosso","name_region":"Centro-Oeste","name_muni":"Carlinda","code_state":51,"code_region":5,"year":2020}},{"type":"Polygon","arcs":[[340,341,342,343,344,345,-211,346,347,348]],"properties":{"code_muni":5102850,"abbrev_state":"MT","name_state":"Mato Grosso","name_region":"Centro-Oeste","name_muni":"Castanheira","code_state":51,"code_region":5,"year":2020}},{"type":"Polygon","arcs":[[349,-10,350,351,352,353,354,-272,355,356,357,358]],"properties":{"code_muni":5103007,"abbrev_state":"MT","name_state":"Mato Grosso","name_region":"Centro-Oeste","name_muni":"Chapada dos Guimarães","code_state":51,"code_region":5,"year":2020}},{"type":"Polygon","arcs":[[359,360,361,362,363,364,365,366,367,368,369,370,371,372]],"properties":{"code_muni":5103056,"abbrev_state":"MT","name_state":"Mato Grosso","name_region":"Centro-Oeste","name_muni":"Cláudia","code_state":51,"code_region":5,"year":2020}},{"type":"Polygon","arcs":[[373,374,375,376,377,378,379,380,381,382,383,384,385,-320,386,-318,387,388,389,390,391,392,-105]],"properties":{"code_muni":5103106,"abbrev_state":"MT","name_state":"Mato Grosso","name_region":"Centro-Oeste","name_muni":"Cocalinho","code_state":51,"code_region":5,"year":2020}},{"type":"Polygon","arcs":[[393,394,-335,395,-333,396,397,398,399,400,401,402,403,404,405,406,407,408]],"properties":{"code_muni":5103205,"abbrev_state":"MT","name_state":"Mato Grosso","name_region":"Centro-Oeste","name_muni":"Colíder","code_state":51,"code_region":5,"year":2020}},{"type":"Polygon","arcs":[[409,410,411,-130,412,-145,413,-143,414,-141,415,416]],"properties":{"code_muni":5103254,"abbrev_state":"MT","name_state":"Mato Grosso","name_region":"Centro-Oeste","name_muni":"Colniza","code_state":51,"code_region":5,"year":2020}},{"type":"Polygon","arcs":[[417,418,419,420,421,-289,422,-287,423,424,425]],"properties":{"code_muni":5103304,"abbrev_state":"MT","name_state":"Mato Grosso","name_region":"Centro-Oeste","name_muni":"Comodoro","code_state":51,"code_region":5,"year":2020}},{"type":"Polygon","arcs":[[426,427,428,429,430,431,432,433,434,435,436,437,438,439,440]],"properties":{"code_muni":5103353,"abbrev_state":"MT","name_state":"Mato Grosso","name_region":"Centro-Oeste","name_muni":"Confresa","code_state":51,"code_region":5,"year":2020}},{"type":"Polygon","arcs":[[441,-293,442,443,444,445,446,447,448,449,450,451,452,453]],"properties":{"code_muni":5103361,"abbrev_state":"MT","name_state":"Mato Grosso","name_region":"Centro-Oeste","name_muni":"Conquista d'Oeste","code_state":51,"code_region":5,"year":2020}},{"type":"Polygon","arcs":[[454,-417,455,-139,456,457,458,459,460,461,462,463,464,465,466,-87]],"properties":{"code_muni":5103379,"abbrev_state":"MT","name_state":"Mato Grosso","name_region":"Centro-Oeste","name_muni":"Cotriguaçu","code_state":51,"code_region":5,"year":2020}},{"type":"Polygon","arcs":[[467,-352,468,-8,469,470,471,472,473,-274,474,-354]],"properties":{"code_muni":5103403,"abbrev_state":"MT","name_state":"Mato Grosso","name_region":"Centro-Oeste","name_muni":"Cuiabá","code_state":51,"code_region":5,"year":2020}},{"type":"Polygon","arcs":[[475,476,477,478,479,480,-228,481,482]],"properties":{"code_muni":5103437,"abbrev_state":"MT","name_state":"Mato Grosso","name_region":"Centro-Oeste","name_muni":"Curvelândia","code_state":51,"code_region":5,"year":2020}},{"type":"Polygon","arcs":[[483,484,485,486,487,488,489,490,-168,491,-75,-125]],"properties":{"code_muni":5103452,"abbrev_state":"MT","name_state":"Mato Grosso","name_region":"Centro-Oeste","name_muni":"Denise","code_state":51,"code_region":5,"year":2020}},{"type":"Polygon","arcs":[[492,-265,493,494,495,496,497,498,499,-84,500,501,502,503,504,505,506,507]],"properties":{"code_muni":5103502,"abbrev_state":"MT","name_state":"Mato Grosso","name_region":"Centro-Oeste","name_muni":"Diamantino","code_state":51,"code_region":5,"year":2020}},{"type":"Polygon","arcs":[[508,-281,509,-279,510,511,512,513,514,515,516,517,518,-283]],"properties":{"code_muni":5103601,"abbrev_state":"MT","name_state":"Mato Grosso","name_region":"Centro-Oeste","name_muni":"Dom Aquino","code_state":51,"code_region":5,"year":2020}},{"type":"Polygon","arcs":[[519,520,521,522,523,524,525,526,527,528,529,530,531,532,533,534,535,536,537,538,539,540,541,542,543]],"properties":{"code_muni":5103700,"abbrev_state":"MT","name_state":"Mato Grosso","name_region":"Centro-Oeste","name_muni":"Feliz Natal","code_state":51,"code_region":5,"year":2020}},{"type":"Polygon","arcs":[[544,545,546,547,548,549,550]],"properties":{"code_muni":5103809,"abbrev_state":"MT","name_state":"Mato Grosso","name_region":"Centro-Oeste","name_muni":"Figueirópolis d'Oeste","code_state":51,"code_region":5,"year":2020}},{"type":"Polygon","arcs":[[551,552,553,-247,554,-313,555,-311,556,557,558,559,560,561]],"properties":{"code_muni":5103858,"abbrev_state":"MT","name_state":"Mato Grosso","name_region":"Centro-Oeste","name_muni":"Gaúcha do Norte","code_state":51,"code_region":5,"year":2020}},{"type":"Polygon","arcs":[[562,563,564,565,566,567,568,569,570,571,572,573,574,575,576,-194]],"properties":{"code_muni":5103908,"abbrev_state":"MT","name_state":"Mato Grosso","name_region":"Centro-Oeste","name_muni":"General Carneiro","code_state":51,"code_region":5,"year":2020}},{"type":"Polygon","arcs":[[577,578,579,580,-233,581,-231,582,583]],"properties":{"code_muni":5103957,"abbrev_state":"MT","name_state":"Mato Grosso","name_region":"Centro-Oeste","name_muni":"Glória d'Oeste","code_state":51,"code_region":5,"year":2020}},{"type":"Polygon","arcs":[[584,585,586,587,588,589,590,591,592,593]],"properties":{"code_muni":5104104,"abbrev_state":"MT","name_state":"Mato Grosso","name_region":"Centro-Oeste","name_muni":"Guarantã do Norte","code_state":51,"code_region":5,"year":2020}},{"type":"Polygon","arcs":[[594,595,596,597,598,599,600,601,602,603,-58,604,-73,605,606,607,608,609,610]],"properties":{"code_muni":5104203,"abbrev_state":"MT","name_state":"Mato Grosso","name_region":"Centro-Oeste","name_muni":"Guiratinga","code_state":51,"code_region":5,"year":2020}},{"type":"Polygon","arcs":[[611,612,613,-549,614,615,-114]],"properties":{"code_muni":5104500,"abbrev_state":"MT","name_state":"Mato Grosso","name_region":"Centro-Oeste","name_muni":"Indiavaí","code_state":51,"code_region":5,"year":2020}},{"type":"Polygon","arcs":[[616,617,618,619,620,621,622,623,624,625,626,627,628]],"properties":{"code_muni":5104526,"abbrev_state":"MT","name_state":"Mato Grosso","name_region":"Centro-Oeste","name_muni":"Ipiranga do Norte","code_state":51,"code_region":5,"year":2020}},{"type":"Polygon","arcs":[[629,630,631,632,-623,633,634,635,636]],"properties":{"code_muni":5104542,"abbrev_state":"MT","name_state":"Mato Grosso","name_region":"Centro-Oeste","name_muni":"Itanhangá","code_state":51,"code_region":5,"year":2020}},{"type":"Polygon","arcs":[[637,638,639,640,641,642,-373,643,644,-370,645,-368,646,647,648,-402,649,-400,650,651]],"properties":{"code_muni":5104559,"abbrev_state":"MT","name_state":"Mato Grosso","name_region":"Centro-Oeste","name_muni":"Itaúba","code_state":51,"code_region":5,"year":2020}},{"type":"Polygon","arcs":[[652,653,654,655,656,657,658,659,660,661,662,663,-62]],"properties":{"code_muni":5104609,"abbrev_state":"MT","name_state":"Mato Grosso","name_region":"Centro-Oeste","name_muni":"Itiquira","code_state":51,"code_region":5,"year":2020}},{"type":"Polygon","arcs":[[664,665,666,667,668,669,670,-512,671,-277]],"properties":{"code_muni":5104807,"abbrev_state":"MT","name_state":"Mato Grosso","name_region":"Centro-Oeste","name_muni":"Jaciara","code_state":51,"code_region":5,"year":2020}},{"type":"Polygon","arcs":[[672,673,674,675,676,677,678,679,680,681,682,-4,683]],"properties":{"code_muni":5104906,"abbrev_state":"MT","name_state":"Mato Grosso","name_region":"Centro-Oeste","name_muni":"Jangada","code_state":51,"code_region":5,"year":2020}},{"type":"Polygon","arcs":[[-180,684,685,686,687,688,689,690,-551,691,-613,692,-112]],"properties":{"code_muni":5105002,"abbrev_state":"MT","name_state":"Mato Grosso","name_region":"Centro-Oeste","name_muni":"Jauru","code_state":51,"code_region":5,"year":2020}},{"type":"Polygon","arcs":[[693,694,695,696,697,-348,698,-223,699,700,701,702,703,704,705,706,707,708,709,710,711,712,-25,713,714]],"properties":{"code_muni":5105101,"abbrev_state":"MT","name_state":"Mato Grosso","name_region":"Centro-Oeste","name_muni":"Juara","code_state":51,"code_region":5,"year":2020}},{"type":"Polygon","arcs":[[715,-134,716,717,718,-426,719,720,-212,-346,721,-136]],"properties":{"code_muni":5105150,"abbrev_state":"MT","name_state":"Mato Grosso","name_region":"Centro-Oeste","name_muni":"Juína","code_state":51,"code_region":5,"year":2020}},{"type":"Polygon","arcs":[[-458,722,-137,-722,-345,723,-343,724,-341,725,-697,726,727,728]],"properties":{"code_muni":5105176,"abbrev_state":"MT","name_state":"Mato Grosso","name_region":"Centro-Oeste","name_muni":"Juruena","code_state":51,"code_region":5,"year":2020}},{"type":"Polygon","arcs":[[729,730,731,-668,732,733,734,735,736,737,738,739,740,741]],"properties":{"code_muni":5105200,"abbrev_state":"MT","name_state":"Mato Grosso","name_region":"Centro-Oeste","name_muni":"Juscimeira","code_state":51,"code_region":5,"year":2020}},{"type":"Polygon","arcs":[[742,743,744,745,746,747,748,749,750,-483,751,-226,752,-224,-160,753,-158,754,-156,755]],"properties":{"code_muni":5105234,"abbrev_state":"MT","name_state":"Mato Grosso","name_region":"Centro-Oeste","name_muni":"Lambari d'Oeste","code_state":51,"code_region":5,"year":2020}},{"type":"Polygon","arcs":[[756,757,758,759,760,761,762,763,764]],"properties":{"code_muni":5105259,"abbrev_state":"MT","name_state":"Mato Grosso","name_region":"Centro-Oeste","name_muni":"Lucas do Rio Verde","code_state":51,"code_region":5,"year":2020}},{"type":"Polygon","arcs":[[765,766,767,768,769,770,771,-306,772,773,774,775,776,777]],"properties":{"code_muni":5105309,"abbrev_state":"MT","name_state":"Mato Grosso","name_region":"Centro-Oeste","name_muni":"Luciara","code_state":51,"code_region":5,"year":2020}},{"type":"Polygon","arcs":[[778,779,780,-446,781,782,783,-419]],"properties":{"code_muni":5105507,"abbrev_state":"MT","name_state":"Mato Grosso","name_region":"Centro-Oeste","name_muni":"Vila Bela da Santíssima Trindade","code_state":51,"code_region":5,"year":2020}},{"type":"Polygon","arcs":[[784,785,786,787,788,789,790,791,792,793,794,-522,795,-520,796,797,798,799,800,801,802,803,804]],"properties":{"code_muni":5105580,"abbrev_state":"MT","name_state":"Mato Grosso","name_region":"Centro-Oeste","name_muni":"Marcelândia","code_state":51,"code_region":5,"year":2020}},{"type":"Polygon","arcs":[[-594,805,-592,806,-590,807,-588,808,809,810,811,812,813,814,815,816]],"properties":{"code_muni":5105606,"abbrev_state":"MT","name_state":"Mato Grosso","name_region":"Centro-Oeste","name_muni":"Matupá","code_state":51,"code_region":5,"year":2020}},{"type":"Polygon","arcs":[[817,818,-584,819,-229,-481,820,-479,821,-477,822,-750]],"properties":{"code_muni":5105622,"abbrev_state":"MT","name_state":"Mato Grosso","name_region":"Centro-Oeste","name_muni":"Mirassol d'Oeste","code_state":51,"code_region":5,"year":2020}},{"type":"Polygon","arcs":[[823,824,825,-502,826,-82,827,828,829,830,831,832]],"properties":{"code_muni":5105903,"abbrev_state":"MT","name_state":"Mato Grosso","name_region":"Centro-Oeste","name_muni":"Nobres","code_state":51,"code_region":5,"year":2020}},{"type":"Polygon","arcs":[[833,-498,834,835,-128,836,-126,-74,-500]],"properties":{"code_muni":5106000,"abbrev_state":"MT","name_state":"Mato Grosso","name_region":"Centro-Oeste","name_muni":"Nortelândia","code_state":51,"code_region":5,"year":2020}},{"type":"Polygon","arcs":[[837,-680,838,839,840,841,-239,842,843,844,845,846,847,848,-149,849,-147,850,851,852,853,854]],"properties":{"code_muni":5106109,"abbrev_state":"MT","name_state":"Mato Grosso","name_region":"Centro-Oeste","name_muni":"Nossa Senhora do Livramento","code_state":51,"code_region":5,"year":2020}},{"type":"Polygon","arcs":[[855,-466,856,-464,857,-462,858,-460,859,-728,860,-695,861,862,863,-91,864,-89]],"properties":{"code_muni":5106158,"abbrev_state":"MT","name_state":"Mato Grosso","name_region":"Centro-Oeste","name_muni":"Nova Bandeirantes","code_state":51,"code_region":5,"year":2020}},{"type":"Polygon","arcs":[[865,-17,866,867,868,869,870,871,872,-389,873,-316]],"properties":{"code_muni":5106174,"abbrev_state":"MT","name_state":"Mato Grosso","name_region":"Centro-Oeste","name_muni":"Nova Nazaré","code_state":51,"code_region":5,"year":2020}},{"type":"Polygon","arcs":[[-421,874,-783,875,-444,876,-291,877]],"properties":{"code_muni":5106182,"abbrev_state":"MT","name_state":"Mato Grosso","name_region":"Centro-Oeste","name_muni":"Nova Lacerda","code_state":51,"code_region":5,"year":2020}},{"type":"Polygon","arcs":[[878,879,880,881,882,-406,883,-404,884,-648,885,-366,886,887,888,-788,889,-786,890,891]],"properties":{"code_muni":5106190,"abbrev_state":"MT","name_state":"Mato Grosso","name_region":"Centro-Oeste","name_muni":"Nova Santa Helena","code_state":51,"code_region":5,"year":2020}},{"type":"Polygon","arcs":[[892,893,894,-357,895,-270,896,897,898]],"properties":{"code_muni":5106208,"abbrev_state":"MT","name_state":"Mato Grosso","name_region":"Centro-Oeste","name_muni":"Nova Brasilândia","code_state":51,"code_region":5,"year":2020}},{"type":"Polygon","arcs":[[899,-329,900,-28,901,902,903,904,905,-639,906,-652,907,-398,908,-331]],"properties":{"code_muni":5106216,"abbrev_state":"MT","name_state":"Mato Grosso","name_region":"Centro-Oeste","name_muni":"Nova Canaã do Norte","code_state":51,"code_region":5,"year":2020}},{"type":"Polygon","arcs":[[909,910,911,912,913,914,915,916,917,918,919,920,-504,921,-825,922,923,924,925,926,927,928,929,-763,930,-761,931,-759,932]],"properties":{"code_muni":5106224,"abbrev_state":"MT","name_state":"Mato Grosso","name_region":"Centro-Oeste","name_muni":"Nova Mutum","code_state":51,"code_region":5,"year":2020}},{"type":"Polygon","arcs":[[933,934,935,936,937,-174,938,-172,939,-170,940,-490,941,-488,942]],"properties":{"code_muni":5106232,"abbrev_state":"MT","name_state":"Mato Grosso","name_region":"Centro-Oeste","name_muni":"Nova Olímpia","code_state":51,"code_region":5,"year":2020}},{"type":"Polygon","arcs":[[943,-532,944,945,946,947,948,949,950,951,952,-534]],"properties":{"code_muni":5106240,"abbrev_state":"MT","name_state":"Mato Grosso","name_region":"Centro-Oeste","name_muni":"Nova Ubiratã","code_state":51,"code_region":5,"year":2020}},{"type":"Polygon","arcs":[[953,-254,954,955,956,-188,957,-97,958,959,-391,960,-872,961,-870,962,-13]],"properties":{"code_muni":5106257,"abbrev_state":"MT","name_state":"Mato Grosso","name_region":"Centro-Oeste","name_muni":"Nova Xavantina","code_state":51,"code_region":5,"year":2020}},{"type":"Polygon","arcs":[[-36,963,-34,964,965,-325,966,-339,967,968,969,-810,970,-586,971]],"properties":{"code_muni":5106265,"abbrev_state":"MT","name_state":"Mato Grosso","name_region":"Centro-Oeste","name_muni":"Novo Mundo","code_state":51,"code_region":5,"year":2020}},{"type":"Polygon","arcs":[[972,973,974,975,976,977,978,979,980,-711]],"properties":{"code_muni":5106273,"abbrev_state":"MT","name_state":"Mato Grosso","name_region":"Centro-Oeste","name_muni":"Novo Horizonte do Norte","code_state":51,"code_region":5,"year":2020}},{"type":"Polygon","arcs":[[981,982,983,984,985,-564,986,-192,987,-190,988,-956,989,-252]],"properties":{"code_muni":5106281,"abbrev_state":"MT","name_state":"Mato Grosso","name_region":"Centro-Oeste","name_muni":"Novo São Joaquim","code_state":51,"code_region":5,"year":2020}},{"type":"Polygon","arcs":[[990,-95,991,992,993,-21]],"properties":{"code_muni":5106299,"abbrev_state":"MT","name_state":"Mato Grosso","name_region":"Centro-Oeste","name_muni":"Paranaíta","code_state":51,"code_region":5,"year":2020}},{"type":"Polygon","arcs":[[994,-538,995,-536,996,-952,997,998,999,1000,1001,1002,1003,1004,1005,1006,1007,1008,1009,-249,1010,-553]],"properties":{"code_muni":5106307,"abbrev_state":"MT","name_state":"Mato Grosso","name_region":"Centro-Oeste","name_muni":"Paranatinga","code_state":51,"code_region":5,"year":2020}},{"type":"Polygon","arcs":[[1011,1012,1013,1014,1015,1016,1017,1018,1019,-206,1020,1021,1022,1023,1024,-375]],"properties":{"code_muni":5106315,"abbrev_state":"MT","name_state":"Mato Grosso","name_region":"Centro-Oeste","name_muni":"Novo Santo Antônio","code_state":51,"code_region":5,"year":2020}},{"type":"Polygon","arcs":[[1025,1026,1027,1028,1029,1030,1031,1032,1033,1034,1035,1036,1037,-656,1038,-654,1039,-60,1040,-603]],"properties":{"code_muni":5106372,"abbrev_state":"MT","name_state":"Mato Grosso","name_region":"Centro-Oeste","name_muni":"Pedra Preta","code_state":51,"code_region":5,"year":2020}},{"type":"Polygon","arcs":[[1041,-816,1042,-814,1043,1044,1045,1046,1047,1048,-892,1049,-805,1050,-803,1051,1052,1053,1054,1055,1056,1057,1058,1059,1060]],"properties":{"code_muni":5106422,"abbrev_state":"MT","name_state":"Mato Grosso","name_region":"Centro-Oeste","name_muni":"Peixoto de Azevedo","code_state":51,"code_region":5,"year":2020}},{"type":"Polygon","arcs":[[1061,1062,1063,-899,1064,1065,1066,1067,1068,1069,-1005]],"properties":{"code_muni":5106455,"abbrev_state":"MT","name_state":"Mato Grosso","name_region":"Centro-Oeste","name_muni":"Planalto da Serra","code_state":51,"code_region":5,"year":2020}},{"type":"Polygon","arcs":[[-844,1070,-237,1071,-151,1072,-848,1073,-846,1074]],"properties":{"code_muni":5106505,"abbrev_state":"MT","name_state":"Mato Grosso","name_region":"Centro-Oeste","name_muni":"Poconé","code_state":51,"code_region":5,"year":2020}},{"type":"Polygon","arcs":[[1075,1076,1077,-609,1078,1079,1080,-196,1081,-576]],"properties":{"code_muni":5106653,"abbrev_state":"MT","name_state":"Mato Grosso","name_region":"Centro-Oeste","name_muni":"Pontal do Araguaia","code_state":51,"code_region":5,"year":2020}},{"type":"Polygon","arcs":[[1082,-69,1083,-110,1084,1085,1086,1087]],"properties":{"code_muni":5106703,"abbrev_state":"MT","name_state":"Mato Grosso","name_region":"Centro-Oeste","name_muni":"Ponte Branca","code_state":51,"code_region":5,"year":2020}},{"type":"Polygon","arcs":[[1088,-452,1089,-450,1090,1091,-447,-781,1092,1093,1094,1095,1096,1097,1098,1099,1100,1101]],"properties":{"code_muni":5106752,"abbrev_state":"MT","name_state":"Mato Grosso","name_region":"Centro-Oeste","name_muni":"Pontes E Lacerda","code_state":51,"code_region":5,"year":2020}},{"type":"Polygon","arcs":[[1102,1103,-300,1104,-298,1105,-308,1106,-771,1107,-769,1108,-767,1109,-435,1110,-433]],"properties":{"code_muni":5106778,"abbrev_state":"MT","name_state":"Mato Grosso","name_region":"Centro-Oeste","name_muni":"Porto Alegre do Norte","code_state":51,"code_region":5,"year":2020}},{"type":"Polygon","arcs":[[1111,-976,1112,-974,1113,-709,1114,1115,1116,1117,1118,1119,-637,1120,-635,1121,-621,1122,1123,1124,1125,1126,1127,1128,1129,1130,1131]],"properties":{"code_muni":5106802,"abbrev_state":"MT","name_state":"Mato Grosso","name_region":"Centro-Oeste","name_muni":"Porto dos Gaúchos","code_state":51,"code_region":5,"year":2020}},{"type":"Polygon","arcs":[[1132,-690,1133,-1095,1134,-1093,-780,1135,-235,1136,-580,-546]],"properties":{"code_muni":5106828,"abbrev_state":"MT","name_state":"Mato Grosso","name_region":"Centro-Oeste","name_muni":"Porto Esperidião","code_state":51,"code_region":5,"year":2020}},{"type":"Polygon","arcs":[[1137,-244,1138,-242,1139,-240,-842,1140,1141,-163]],"properties":{"code_muni":5106851,"abbrev_state":"MT","name_state":"Mato Grosso","name_region":"Centro-Oeste","name_muni":"Porto Estrela","code_state":51,"code_region":5,"year":2020}},{"type":"Polygon","arcs":[[1142,1143,1144,-516,1145,1146,1147,-742,1148,1149,1150,1151,1152,-599,1153,1154,1155,1156,-565,-986]],"properties":{"code_muni":5107008,"abbrev_state":"MT","name_state":"Mato Grosso","name_region":"Centro-Oeste","name_muni":"Poxoréu","code_state":51,"code_region":5,"year":2020}},{"type":"Polygon","arcs":[[1157,1158,-1068,1159,-1066,1160,-898,1161,-285,1162,-518,1163,-1144,1164,-984,1165,1166,1167,-1007]],"properties":{"code_muni":5107040,"abbrev_state":"MT","name_state":"Mato Grosso","name_region":"Centro-Oeste","name_muni":"Primavera do Leste","code_state":51,"code_region":5,"year":2020}},{"type":"Polygon","arcs":[[1168,-542,1169,-540,1170,-562,1171,-560,1172,-558,1173,-324,1174,1175,1176,-202,1177,-48,1178,1179,1180,1181,1182]],"properties":{"code_muni":5107065,"abbrev_state":"MT","name_state":"Mato Grosso","name_region":"Centro-Oeste","name_muni":"Querência","code_state":51,"code_region":5,"year":2020}},{"type":"Polygon","arcs":[[1183,-116,1184,1185,-547,-579,1186,-818,-749,1187,1188]],"properties":{"code_muni":5107107,"abbrev_state":"MT","name_state":"Mato Grosso","name_region":"Centro-Oeste","name_muni":"São José dos Quatro Marcos","code_state":51,"code_region":5,"year":2020}},{"type":"Polygon","arcs":[[1189,1190,1191,-182,1192,-120,1193,1194,1195,1196,1197,1198,1199]],"properties":{"code_muni":5107156,"abbrev_state":"MT","name_state":"Mato Grosso","name_region":"Centro-Oeste","name_muni":"Reserva do Cabaçal","code_state":51,"code_region":5,"year":2020}},{"type":"Polygon","arcs":[[1200,-1176,1201,-322,1202,-385,1203,1204,-382,1205,-380,1206,-378,1207,1208,-1024,1209,-1022,1210,-204]],"properties":{"code_muni":5107180,"abbrev_state":"MT","name_state":"Mato Grosso","name_region":"Centro-Oeste","name_muni":"Ribeirão Cascalheira","code_state":51,"code_region":5,"year":2020}},{"type":"Polygon","arcs":[[1211,1212,-1086,1213]],"properties":{"code_muni":5107198,"abbrev_state":"MT","name_state":"Mato Grosso","name_region":"Centro-Oeste","name_muni":"Ribeirãozinho","code_state":51,"code_region":5,"year":2020}},{"type":"Polygon","arcs":[[-1195,1214,-118,1215,-1189,1216,-747,1217,-745,1218,1219]],"properties":{"code_muni":5107206,"abbrev_state":"MT","name_state":"Mato Grosso","name_region":"Centro-Oeste","name_muni":"Rio Branco","code_state":51,"code_region":5,"year":2020}},{"type":"Polygon","arcs":[[1220,-362,1221,1222,1223,1224,1225,1226,-528,1227,-526,1228,1229]],"properties":{"code_muni":5107248,"abbrev_state":"MT","name_state":"Mato Grosso","name_region":"Centro-Oeste","name_muni":"Santa Carmem","code_state":51,"code_region":5,"year":2020}},{"type":"Polygon","arcs":[[1230,1231,1232,1233,-123,1234]],"properties":{"code_muni":5107263,"abbrev_state":"MT","name_state":"Mato Grosso","name_region":"Centro-Oeste","name_muni":"Santo Afonso","code_state":51,"code_region":5,"year":2020}},{"type":"Polygon","arcs":[[1235,-1152,1236,1237,1238,-1027,1239,-601]],"properties":{"code_muni":5107297,"abbrev_state":"MT","name_state":"Mato Grosso","name_region":"Centro-Oeste","name_muni":"São José do Povo","code_state":51,"code_region":5,"year":2020}},{"type":"Polygon","arcs":[[1240,1241,1242,-506,1243,-920,1244,-918,1245,-916]],"properties":{"code_muni":5107305,"abbrev_state":"MT","name_state":"Mato Grosso","name_region":"Centro-Oeste","name_muni":"São José do Rio Claro","code_state":51,"code_region":5,"year":2020}},{"type":"Polygon","arcs":[[1246,1247,1248,-1055,1249,-1053,1250,-801,1251,1252,1253,-302,1254,-1103,-432,1255,-430,1256,1257]],"properties":{"code_muni":5107354,"abbrev_state":"MT","name_state":"Mato Grosso","name_region":"Centro-Oeste","name_muni":"São José do Xingu","code_state":51,"code_region":5,"year":2020}},{"type":"Polygon","arcs":[[1258,-1147,1259,-514,1260,-670,1261,-731]],"properties":{"code_muni":5107404,"abbrev_state":"MT","name_state":"Mato Grosso","name_region":"Centro-Oeste","name_muni":"São Pedro da Cipa","code_state":51,"code_region":5,"year":2020}},{"type":"Polygon","arcs":[[-411,1262,-718,1263,-132,1264]],"properties":{"code_muni":5107578,"abbrev_state":"MT","name_state":"Mato Grosso","name_region":"Centro-Oeste","name_muni":"Rondolândia","code_state":51,"code_region":5,"year":2020}},{"type":"Polygon","arcs":[[-740,1265,1266,1267,-660,1268,-658,1269,-1037,1270,-1035,1271,-1033,1272,-1031,1273,-1029,1274,-1238,1275,-1150,1276]],"properties":{"code_muni":5107602,"abbrev_state":"MT","name_state":"Mato Grosso","name_region":"Centro-Oeste","name_muni":"Rondonópolis","code_state":51,"code_region":5,"year":2020}},{"type":"Polygon","arcs":[[1277,-830,1278,-828,-81,1279,-79,1280,-165,1281,-1142,1282,-840,1283,-679,1284,-677,1285,-675,1286,-673,1287,-2,1288,-359,1289,-894,1290,-1063,1291,-1003,1292,1293]],"properties":{"code_muni":5107701,"abbrev_state":"MT","name_state":"Mato Grosso","name_region":"Centro-Oeste","name_muni":"Rosário Oeste","code_state":51,"code_region":5,"year":2020}},{"type":"Polygon","arcs":[[-1061,1294,-1059,1295,-1057,1296,-1248,1297,-1258,1298,-428,1299,1300,1301,1302,1303]],"properties":{"code_muni":5107743,"abbrev_state":"MT","name_state":"Mato Grosso","name_region":"Centro-Oeste","name_muni":"Santa Cruz do Xingu","code_state":51,"code_region":5,"year":2020}},{"type":"Polygon","arcs":[[1304,1305,-1198,1306,-1196,-1220,1307,-743,1308,-154]],"properties":{"code_muni":5107750,"abbrev_state":"MT","name_state":"Mato Grosso","name_region":"Centro-Oeste","name_muni":"Salto do Céu","code_state":51,"code_region":5,"year":2020}},{"type":"Polygon","arcs":[[1309,-927,1310,-925,1311,-832,1312,-1294,1313,-1001,1314,-999,1315,-950,1316,1317,1318,1319]],"properties":{"code_muni":5107768,"abbrev_state":"MT","name_state":"Mato Grosso","name_region":"Centro-Oeste","name_muni":"Santa Rita do Trivelato","code_state":51,"code_region":5,"year":2020}},{"type":"Polygon","arcs":[[1320,1321,1322,1323,-437,1324,-778,1325,-776,1326]],"properties":{"code_muni":5107776,"abbrev_state":"MT","name_state":"Mato Grosso","name_region":"Centro-Oeste","name_muni":"Santa Terezinha","code_state":51,"code_region":5,"year":2020}},{"type":"Polygon","arcs":[[1327,-1009,1328,-1167,1329,-982,-251]],"properties":{"code_muni":5107792,"abbrev_state":"MT","name_state":"Mato Grosso","name_region":"Centro-Oeste","name_muni":"Santo Antônio do Leste","code_state":51,"code_region":5,"year":2020}},{"type":"Polygon","arcs":[[-472,-852,1330,-153,1331,-662,1332,-1267,1333,-738,1334,-736,1335,-734,1336,-666,1337,-275,-474,1338]],"properties":{"code_muni":5107800,"abbrev_state":"MT","name_state":"Mato Grosso","name_region":"Centro-Oeste","name_muni":"Santo Antônio do Leverger","code_state":51,"code_region":5,"year":2020}},{"type":"Polygon","arcs":[[1339,-799,1340,-797,-544,1341,-1183,1342,-1181,1343,-1179,-47,1344,-45,1345,-56,1346,1347,1348,1349,1350,-1015,1351,-1013,1352,-774,1353,-304,1354,-1253]],"properties":{"code_muni":5107859,"abbrev_state":"MT","name_state":"Mato Grosso","name_region":"Centro-Oeste","name_muni":"São Félix do Araguaia","code_state":51,"code_region":5,"year":2020}},{"type":"Polygon","arcs":[[1355,-720,-425,1356,-297,1357,1358,-261,1359,-259,1360,-257,1361,-214]],"properties":{"code_muni":5107875,"abbrev_state":"MT","name_state":"Mato Grosso","name_region":"Centro-Oeste","name_muni":"Sapezal","code_state":51,"code_region":5,"year":2020}},{"type":"Polygon","arcs":[[1362,-1348,1363,-54,1364,-208,1365,-1019,1366,-1017,1367,-1350]],"properties":{"code_muni":5107883,"abbrev_state":"MT","name_state":"Mato Grosso","name_region":"Centro-Oeste","name_muni":"Serra Nova Dourada","code_state":51,"code_region":5,"year":2020}},{"type":"Polygon","arcs":[[1368,1369,1370,-628,1371,1372,1373,1374,1375,1376,1377,1378,-1223,1379,-360,-643]],"properties":{"code_muni":5107909,"abbrev_state":"MT","name_state":"Mato Grosso","name_region":"Centro-Oeste","name_muni":"Sinop","code_state":51,"code_region":5,"year":2020}},{"type":"Polygon","arcs":[[1380,1381,1382,-765,1383,-929,1384,-1320,1385,-1318,1386,-948,1387,1388,1389,1390,-1377,1391,-1375,1392,-1373,1393,-626]],"properties":{"code_muni":5107925,"abbrev_state":"MT","name_state":"Mato Grosso","name_region":"Centro-Oeste","name_muni":"Sorriso","code_state":51,"code_region":5,"year":2020}},{"type":"Polygon","arcs":[[-713,1394,-980,1395,-978,1396,-1132,1397,1398,-1129,1399,-1127,1400,-1125,1401,1402,-619,1403,-617,1404,-1370,1405,-641,1406,-905,1407,-903,1408,-26]],"properties":{"code_muni":5107941,"abbrev_state":"MT","name_state":"Mato Grosso","name_region":"Centro-Oeste","name_muni":"Tabaporã","code_state":51,"code_region":5,"year":2020}},{"type":"Polygon","arcs":[[-295,1409,-454,1410,1411,1412,1413,-186,1414,-184,1415,-1191,1416,-1200,1417,-1305,-176,1418,-937,1419,-935,1420,-485,1421,-1233,1422,-1231,1423,-263,1424,1425]],"properties":{"code_muni":5107958,"abbrev_state":"MT","name_state":"Mato Grosso","name_region":"Centro-Oeste","name_muni":"Tangará da Serra","code_state":51,"code_region":5,"year":2020}},{"type":"Polygon","arcs":[[-624,-633,1426,1427,1428,1429,1430,1431,-911,1432,-933,-758,1433,-1382,1434]],"properties":{"code_muni":5108006,"abbrev_state":"MT","name_state":"Mato Grosso","name_region":"Centro-Oeste","name_muni":"Tapurah","code_state":51,"code_region":5,"year":2020}},{"type":"Polygon","arcs":[[1435,1436,1437,1438,-408,1439,-882,1440,-880,1441,-1048,1442,-1046]],"properties":{"code_muni":5108055,"abbrev_state":"MT","name_state":"Mato Grosso","name_region":"Centro-Oeste","name_muni":"Terra Nova do Norte","code_state":51,"code_region":5,"year":2020}},{"type":"Polygon","arcs":[[1443,-571,1444,-569,1445,-567,1446,-1156,1447,-1154,-598,1448,-596,1449,-611,1450,-1077,1451,1452,-573]],"properties":{"code_muni":5108105,"abbrev_state":"MT","name_state":"Mato Grosso","name_region":"Centro-Oeste","name_muni":"Tesouro","code_state":51,"code_region":5,"year":2020}},{"type":"Polygon","arcs":[[1453,-607,1454,-71,1455,-1088,1456,-1212,1457,-1080]],"properties":{"code_muni":5108204,"abbrev_state":"MT","name_state":"Mato Grosso","name_region":"Centro-Oeste","name_muni":"Torixoréu","code_state":51,"code_region":5,"year":2020}},{"type":"Polygon","arcs":[[1458,-888,1459,-364,1460,-1230,1461,-524,1462,-794,1463,-792,1464,-790]],"properties":{"code_muni":5108303,"abbrev_state":"MT","name_state":"Mato Grosso","name_region":"Centro-Oeste","name_muni":"União do Sul","code_state":51,"code_region":5,"year":2020}},{"type":"Polygon","arcs":[[1465,-1413,1466,1467,1468,-1099,1469,-1097,1470,-688,1471,-686,1472,-178]],"properties":{"code_muni":5108352,"abbrev_state":"MT","name_state":"Mato Grosso","name_region":"Centro-Oeste","name_muni":"Vale de São Domingos","code_state":51,"code_region":5,"year":2020}},{"type":"Polygon","arcs":[[1473,-6,1474,-682,1475,-855,1476,-853,-471]],"properties":{"code_muni":5108402,"abbrev_state":"MT","name_state":"Mato Grosso","name_region":"Centro-Oeste","name_muni":"Várzea Grande","code_state":51,"code_region":5,"year":2020}},{"type":"Polygon","arcs":[[1477,-1224,-1379,1478,1479,-1389,1480,-946,1481,-530,1482,-1226]],"properties":{"code_muni":5108501,"abbrev_state":"MT","name_state":"Mato Grosso","name_region":"Centro-Oeste","name_muni":"Vera","code_state":51,"code_region":5,"year":2020}},{"type":"Polygon","arcs":[[-1303,1483,-1301,1484,-441,1485,-439,1486,-1323,1487,-1321,1488]],"properties":{"code_muni":5108600,"abbrev_state":"MT","name_state":"Mato Grosso","name_region":"Centro-Oeste","name_muni":"Vila Rica","code_state":51,"code_region":5,"year":2020}},{"type":"Polygon","arcs":[[1489,-337,1490,-394,1491,-1438,1492,-812,1493,-969]],"properties":{"code_muni":5108808,"abbrev_state":"MT","name_state":"Mato Grosso","name_region":"Centro-Oeste","name_muni":"Nova Guarita","code_state":51,"code_region":5,"year":2020}},{"type":"Polygon","arcs":[[1494,-495,1495,-1235,-122,1496,-835,-497]],"properties":{"code_muni":5108857,"abbrev_state":"MT","name_state":"Mato Grosso","name_region":"Centro-Oeste","name_muni":"Nova Marilândia","code_state":51,"code_region":5,"year":2020}},{"type":"Polygon","arcs":[[1497,1498,-707,1499,-705,1500,-703,1501,-701,1502,1503,-220,1504,-218,1505,-267,1506,-508,1507,-1242,1508,-914,1509,1510,-1431,1511,1512,-1428,1513,-631,1514,-1119,1515,-1117]],"properties":{"code_muni":5108907,"abbrev_state":"MT","name_state":"Mato Grosso","name_region":"Centro-Oeste","name_muni":"Nova Maringá","code_state":51,"code_region":5,"year":2020}},{"type":"Polygon","arcs":[[1516,-93,1517,-863,1518,-715,1519,-23,1520,-993]],"properties":{"code_muni":5108956,"abbrev_state":"MT","name_state":"Mato Grosso","name_region":"Centro-Oeste","name_muni":"Nova Monte Verde","code_state":51,"code_region":5,"year":2020}}]}},"arcs":[[[-56.2349455,-14.9822389],[-56.2446028,-14.9869493]],[[-56.2446028,-14.9869493],[-56.2678865,-14.9956803],[-56.2723474,-15.007622],[-56.311739,-15.0257977],[-56.3172433,-15.0429966],[-56.3396593,-15.045663],[-56.3646144,-15.0409725],[-56.3916694,-15.0736807],[-56.4101713,-15.0629752],[-56.4326,-15.0710841],[-56.4467266,-15.0870113],[-56.4646424,-15.0858058],[-56.4655387,-15.0973061],[-56.4545679,-15.1120442],[-56.4520604,-15.1322508]],[[-56.4520604,-15.1322508],[-56.4481016,-15.1509564],[-56.4348902,-15.1613007],[-56.422268,-15.1570366]],[[-56.422268,-15.1570366],[-56.4038112,-15.1744242],[-56.4021375,-15.1968278],[-56.3900267,-15.2033527],[-56.4068751,-15.2219682],[-56.4292146,-15.21746],[-56.4433502,-15.2395446],[-56.4514454,-15.2679061],[-56.4351048,-15.2886783],[-56.4362364,-15.3028139],[-56.4095541,-15.3648067],[-56.3907859,-15.392771],[-56.3759259,-15.4032735]],[[-56.3759259,-15.4032735],[-56.3549838,-15.4101862]],[[-56.3549838,-15.4101862],[-56.3367376,-15.3980053],[-56.3288067,-15.3843398],[-56.3073916,-15.368189],[-56.3065139,-15.3641307],[-56.284117,-15.3432781]],[[-56.284117,-15.3432781],[-56.2797332,-15.3330176]],[[-56.2797332,-15.3330176],[-56.285932,-15.3159945],[-56.2769485,-15.2891307],[-56.2830559,-15.2702055],[-56.297616,-15.2595728],[-56.2935012,-15.2437085],[-56.277747,-15.2275539],[-56.2751957,-15.2098481],[-56.2147157,-15.1873374],[-56.149406,-15.1445434],[-56.1233554,-15.1303615],[-56.1194029,-15.1052795]],[[-56.1194029,-15.1052795],[-56.1364412,-15.1026377]],[[-56.1364412,-15.1026377],[-56.1466294,-15.098678],[-56.1743309,-15.1036494],[-56.1825926,-15.1015202],[-56.1966519,-15.0950408],[-56.2065749,-15.0667943],[-56.2092761,-15.0566837],[-56.1887354,-15.0343041],[-56.1917266,-15.0082275],[-56.208418,-14.9862012],[-56.2253783,-14.9848416],[-56.2349455,-14.9822389]],[[-53.1010202,-13.6350788],[-53.1019252,-13.638956],[-53.092589,-13.6562572],[-53.1033853,-13.6642562],[-53.1065203,-13.7069442],[-53.114425,-13.7304152],[-53.0943318,-13.7474318],[-53.1000527,-13.7686938],[-53.0917104,-13.7808185],[-53.064939,-13.7940307],[-53.0528506,-13.8133176],[-53.0574395,-13.8361657],[-53.0454351,-13.8456884],[-53.024975,-13.9013402],[-53.0250034,-13.9187697],[-53.0000854,-13.9435466],[-53.0149087,-13.9652411],[-52.9968696,-13.9751749],[-52.9919187,-14.0099455],[-53.0094825,-14.0234805],[-53.0326949,-14.0308378],[-53.0212482,-14.0493125],[-53.0266928,-14.0656517],[-53.0188165,-14.0863632],[-53.0340151,-14.0977379],[-53.0314479,-14.1136914],[-53.0337251,-14.1280573],[-53.0158715,-14.1461943],[-53.0143757,-14.1677811],[-52.9857901,-14.1976052],[-52.9801891,-14.2244773],[-52.915275,-14.2544347],[-52.8851655,-14.2556842],[-52.8551746,-14.2529765],[-52.846764,-14.2472182],[-52.8333071,-14.2520197],[-52.8224457,-14.2429153],[-52.7945076,-14.2286889],[-52.7758047,-14.2265962],[-52.7645858,-14.2259771],[-52.7577601,-14.2303581]],[[-52.7577601,-14.2303581],[-52.7511832,-14.2284023]],[[-52.7511832,-14.2284023],[-52.7226045,-14.2171896],[-52.7058096,-14.2170932],[-52.6712427,-14.2032472],[-52.6546521,-14.1873142],[-52.6479506,-14.1826935],[-52.6302558,-14.1829711],[-52.6084712,-14.2080853],[-52.5878146,-14.2068722],[-52.5745147,-14.195447],[-52.5582902,-14.1998388],[-52.5385787,-14.1951161],[-52.5138284,-14.1813843],[-52.4941765,-14.191013],[-52.4620018,-14.1920265],[-52.427135,-14.1774843],[-52.408883,-14.1835843],[-52.4032765,-14.1808039],[-52.3975605,-14.1836896],[-52.3800513,-14.1878254],[-52.3774794,-14.1942563],[-52.3807968,-14.2007028],[-52.379115,-14.2036258],[-52.378049,-14.208789],[-52.3792864,-14.211176],[-52.38147,-14.2181554],[-52.373523,-14.2227002],[-52.3795866,-14.2312813],[-52.3810739,-14.2557264],[-52.3903397,-14.2587345],[-52.3962564,-14.2820805],[-52.3873678,-14.3018185],[-52.3672718,-14.3021006],[-52.3396599,-14.3402561],[-52.3313204,-14.3569703],[-52.3348936,-14.3769227],[-52.325719,-14.4008321],[-52.3292243,-14.4098906],[-52.3233345,-14.4324819],[-52.3115881,-14.4436798],[-52.3135985,-14.4565902],[-52.3101635,-14.4634539],[-52.3210674,-14.4771851],[-52.3287782,-14.5001837],[-52.3181473,-14.5241645],[-52.3265592,-14.535375]],[[-52.3265592,-14.535375],[-52.3303573,-14.5346034]],[[-52.3303573,-14.5346034],[-52.330019,-14.5361981],[-52.3182682,-14.5413161],[-52.313265,-14.5412984]],[[-52.313265,-14.5412984],[-52.3101994,-14.5386399],[-52.2471108,-14.4210815],[-52.1699951,-14.3840986]],[[-52.1699951,-14.3840986],[-52.1689721,-14.3174004],[-52.1532854,-14.3099817],[-52.1207742,-14.3084503],[-52.1035012,-14.2998673],[-52.087766,-14.2750269],[-52.0736208,-14.2686349],[-52.0677722,-14.2543185],[-52.0272222,-14.2298464],[-51.9964341,-14.2201158],[-51.9559207,-14.2256567],[-51.931456,-14.2180967],[-51.9260992,-14.1902717],[-51.9030529,-14.1643814],[-51.8900923,-14.1589031],[-51.874466,-14.1121479],[-51.844128,-14.0737584],[-51.8344418,-14.0415903],[-51.843308,-14.0215179],[-51.8756326,-14.0085335],[-51.9122282,-13.9866934],[-51.9354272,-13.9851788],[-51.9494483,-13.9775553],[-51.9979446,-13.9794292],[-52.0093444,-13.9768651],[-52.0324241,-13.951466],[-52.0655286,-13.9399166],[-52.0782982,-13.9560192],[-52.0868464,-13.9255839],[-52.0611616,-13.8856959],[-52.0637098,-13.8637656],[-52.038802,-13.8342343],[-52.0417976,-13.7579719]],[[-52.0417976,-13.7579719],[-52.0733298,-13.7514944]],[[-52.0733298,-13.7514944],[-52.1028792,-13.7236918],[-52.1272975,-13.722697],[-52.1458027,-13.7074136],[-52.1620905,-13.7016443],[-52.1963146,-13.7041913],[-52.2114571,-13.6965854],[-52.2173024,-13.7155852],[-52.4182747,-13.6668656],[-53.1010202,-13.6350788]],[[-55.8671971,-9.4342796],[-56.2723252,-9.4008437]],[[-56.2723252,-9.4008437],[-56.2770932,-9.4170417],[-56.2710919,-9.4344698],[-56.2586523,-9.4439457],[-56.2536592,-9.4740149],[-56.2599946,-9.4905668],[-56.3081758,-9.5480872],[-56.3208807,-9.5826341],[-56.3185037,-9.5893348],[-56.337033,-9.6222771],[-56.3442488,-9.6647637],[-56.3414592,-9.6879691],[-56.3526238,-9.7092118],[-56.3503927,-9.7379741],[-56.3541206,-9.7741103],[-56.3275992,-9.8121041],[-56.3305248,-9.8282178],[-56.3419313,-9.8363468],[-56.3478628,-9.8689139],[-56.3302793,-9.9017948],[-56.3788694,-9.9193817],[-56.4465448,-9.9074073],[-56.48932,-9.9311945],[-56.5266334,-9.9354705],[-56.591078,-9.9183795],[-56.6302835,-9.9274096],[-56.6523808,-9.9287096],[-56.6602338,-9.9361352],[-56.8994554,-9.9480991],[-56.9379765,-9.9362838]],[[-56.9379765,-9.9362838],[-56.9384979,-9.9442732]],[[-56.9384979,-9.9442732],[-56.9413247,-9.9484563],[-56.9229648,-9.963861],[-56.9306054,-9.9760088],[-56.9275129,-10.0004147],[-56.9158376,-10.012723],[-56.8997163,-10.0538307],[-56.904514,-10.059961],[-56.9377272,-10.0693762],[-56.9488246,-10.0844493],[-56.9559713,-10.1260749],[-56.9440708,-10.1470168],[-56.9418472,-10.1665502],[-56.9518267,-10.1812336],[-56.9432302,-10.1935305],[-56.9422255,-10.2275122],[-56.9338612,-10.2443109],[-56.9360377,-10.2497604],[-56.9296538,-10.2664847],[-56.9262913,-10.2673542],[-56.9317912,-10.2765886],[-56.9465916,-10.2792245],[-56.961939,-10.2798301]],[[-56.961939,-10.2798301],[-56.9648736,-10.2875526],[-56.9680534,-10.2913989]],[[-56.9680534,-10.2913989],[-56.9692074,-10.3233345],[-56.9798244,-10.3212895],[-56.9836301,-10.3480166],[-56.9686317,-10.3618786],[-56.8696122,-10.3739655],[-56.8501783,-10.3729735],[-56.8357202,-10.3851145],[-56.8164371,-10.3840993],[-56.804918,-10.3910808],[-56.8071163,-10.4123401],[-56.76511,-10.4295755],[-56.763141,-10.4480918],[-56.7535942,-10.4619386],[-56.7291956,-10.4765578],[-56.7133934,-10.4847357],[-56.7152828,-10.4923299]],[[-56.7152828,-10.4923299],[-56.7110314,-10.5100368],[-56.6936061,-10.5286689],[-56.6828525,-10.532052],[-56.6781117,-10.5430537],[-56.6754254,-10.5516282],[-56.6509558,-10.5768619],[-56.6482144,-10.5863279],[-56.6284507,-10.5966924],[-56.5886245,-10.6042662],[-56.5525475,-10.617394],[-56.5419532,-10.6274725],[-56.5321186,-10.6342808],[-56.5229166,-10.6429427],[-56.510225,-10.6427238],[-56.4617316,-10.6686085],[-56.4509537,-10.676431],[-56.4426415,-10.6760091]],[[-56.4426415,-10.6760091],[-56.4337285,-10.682695]],[[-56.4337285,-10.682695],[-56.4273591,-10.6808947],[-56.4017191,-10.6592652],[-56.3931181,-10.6374448],[-56.4121666,-10.6172411],[-56.4055396,-10.5833505],[-56.3542037,-10.5916062],[-56.33789,-10.577824],[-56.3078071,-10.586443],[-56.2851186,-10.5810657],[-56.2649561,-10.5792558],[-56.2551006,-10.5555024],[-56.2413391,-10.5351941],[-56.2304943,-10.530985],[-56.2411145,-10.5105273],[-56.2407833,-10.4921174],[-56.2647035,-10.4745974],[-56.2664758,-10.4619923],[-56.2839301,-10.4494258],[-56.2773442,-10.4350567],[-56.281793,-10.4059526],[-56.252498,-10.4033317],[-56.2430991,-10.3915491],[-56.22241,-10.3996342],[-56.1937168,-10.3917287],[-56.162583,-10.3889895],[-56.1407905,-10.3689912],[-56.110001,-10.3663663],[-56.1000472,-10.34941],[-56.0639435,-10.340287]],[[-56.0639435,-10.340287],[-56.060273,-10.3330588],[-56.0615395,-10.3214329],[-56.0680672,-10.3156323],[-56.0801978,-10.307718]],[[-56.0801978,-10.307718],[-56.0948311,-10.2874474],[-56.1201651,-10.2814555]],[[-56.1201651,-10.2814555],[-56.128859,-10.2649354],[-56.1450976,-10.2500484],[-56.1817215,-10.2536502],[-56.2045673,-10.2651559],[-56.2163509,-10.2870071],[-56.2396454,-10.2842139],[-56.1999767,-10.2069983],[-56.1872197,-10.1894082],[-56.1739072,-10.1729746],[-56.1184678,-10.1478947],[-56.1044163,-10.1335905],[-56.1010926,-10.1120231],[-56.0598929,-10.1067431],[-56.042104,-10.1220927],[-56.0277343,-10.1255648],[-55.9957111,-10.1208186],[-55.9893104,-10.1077227],[-55.9713896,-10.0982171],[-55.9462774,-10.0702581],[-55.9116907,-10.0514995],[-55.8950968,-10.0354476],[-55.9017788,-9.9994634],[-55.8897428,-9.9728072],[-55.8750358,-9.9571125],[-55.8711816,-9.9189408],[-55.8619026,-9.893654],[-55.8617677,-9.8687266],[-55.8445921,-9.8464485],[-55.8401512,-9.7941654],[-55.8229446,-9.7704778],[-55.8290726,-9.7440338]],[[-55.8290726,-9.7440338],[-55.8536503,-9.7250874]],[[-55.8536503,-9.7250874],[-55.8614626,-9.7236409],[-55.865427,-9.721017],[-55.8893835,-9.6774232]],[[-55.8893835,-9.6774232],[-55.8971902,-9.6715325],[-55.9194526,-9.6522517],[-55.921861,-9.63261]],[[-55.921861,-9.63261],[-55.9273039,-9.6244713],[-55.933936,-9.6085413],[-55.9291272,-9.5965526]],[[-55.9291272,-9.5965526],[-55.9280589,-9.583268],[-55.9151352,-9.5590567],[-55.9076626,-9.5598145],[-55.9103332,-9.5511819],[-55.896535,-9.5271651],[-55.8961155,-9.5151298],[-55.8976304,-9.4989758],[-55.9057831,-9.4888296],[-55.9023885,-9.4616186],[-55.8989788,-9.4540983],[-55.8994722,-9.4510235],[-55.8964981,-9.4498492],[-55.8903847,-9.4444006],[-55.876311,-9.4470163],[-55.8671971,-9.4342796]],[[-53.3555798,-16.8466599],[-53.3592873,-16.8566089]],[[-53.3592873,-16.8566089],[-53.3543197,-16.8701586],[-53.3426635,-16.8635953],[-53.3246179,-16.8671223],[-53.3207131,-16.8830791],[-53.3089315,-16.8920789],[-53.2888144,-16.89268],[-53.2712621,-16.9056413],[-53.264366,-16.9203058],[-53.3063642,-16.9504551],[-53.3347761,-16.9822749],[-53.3532628,-16.9904915],[-53.4541534,-17.1160566],[-53.4660398,-17.0936801],[-53.4779408,-17.0966529],[-53.4783911,-17.1361029],[-53.4895418,-17.1551586],[-53.4582161,-17.1685045],[-53.4599506,-17.1806516],[-53.5272811,-17.2070689],[-53.5462655,-17.2403872],[-53.5620511,-17.2501096],[-53.5846873,-17.2394609],[-53.6038983,-17.2456411],[-53.6229025,-17.241511],[-53.6437044,-17.2458265],[-53.6823078,-17.2323166]],[[-53.6823078,-17.2323166],[-53.6798229,-17.2541786]],[[-53.6798229,-17.2541786],[-53.6934025,-17.5002017],[-53.7046075,-17.6635095],[-53.7200464,-17.6688123],[-53.739769,-17.6650093],[-53.7569664,-17.6734603],[-53.8002416,-17.6707893],[-53.8546834,-17.7030036],[-53.8609367,-17.7207118],[-53.8770212,-17.731882],[-53.8883811,-17.7489926],[-53.8954943,-17.7770247],[-53.910353,-17.8038856],[-53.9359416,-17.8320981],[-53.9550243,-17.8712438],[-53.9477716,-17.8987829],[-53.9522962,-17.9146877],[-53.9242445,-17.9199634],[-53.8985506,-17.9088024],[-53.8769378,-17.9235289],[-53.854247,-17.9258343],[-53.8241628,-17.9487043],[-53.8086091,-17.9722466],[-53.7945174,-17.9772828],[-53.7864626,-17.9941243],[-53.7742172,-18.0007701],[-53.7338219,-17.9953349],[-53.7268023,-18.0034729],[-53.6927188,-18.0069201],[-53.6777472,-17.9897936],[-53.6520434,-17.9763287],[-53.6125462,-17.9780328],[-53.6069948,-17.9954897],[-53.5750192,-18.0126507],[-53.5178768,-18.0206482],[-53.4860712,-18.0404003],[-53.4728278,-18.0375901],[-53.4601554,-18.0220326],[-53.4572943,-17.999699],[-53.4350488,-17.9845827],[-53.4178796,-17.9947963],[-53.403901,-17.9926165]],[[-53.403901,-17.9926165],[-53.405286,-17.9879488],[-53.4042293,-17.9625622],[-53.3973972,-17.9414855],[-53.4074898,-17.9359876],[-53.4296404,-17.8904049],[-53.4641902,-17.8979002],[-53.479753,-17.8620893],[-53.5015953,-17.8600668],[-53.4992646,-17.8446003],[-53.5068789,-17.8282296],[-53.5169706,-17.823792],[-53.5339334,-17.8012941],[-53.5272709,-17.7641983],[-53.5166109,-17.740594],[-53.5280085,-17.7303148],[-53.5260336,-17.7144914],[-53.4757544,-17.7217963],[-53.4500574,-17.7366441],[-53.4005531,-17.7249466],[-53.3915165,-17.7101954],[-53.3706542,-17.6441661],[-53.3626526,-17.6386203],[-53.3523212,-17.6027984],[-53.3332227,-17.5737001],[-53.3175127,-17.56897],[-53.2924146,-17.5520268],[-53.2695312,-17.5227839],[-53.2438388,-17.508447]],[[-53.2438388,-17.508447],[-53.2370121,-17.4848397],[-53.2234972,-17.4586332],[-53.2331888,-17.4411221],[-53.2109679,-17.4026593],[-53.2009055,-17.3718219],[-53.2019544,-17.340922],[-53.2118412,-17.3272933],[-53.2080973,-17.2931612],[-53.194285,-17.2742097],[-53.1718272,-17.2331751],[-53.1551668,-17.1868367],[-53.1566662,-17.1706845],[-53.1275167,-17.1545758],[-53.110745,-17.1081403],[-53.0874917,-17.1008125],[-53.0548061,-17.0641756],[-53.071421,-17.0496052],[-53.0608971,-17.0305634],[-53.053547,-16.9788949],[-53.0350329,-16.9424731],[-53.0394551,-16.9126931],[-53.0191666,-16.9002232],[-53.0165896,-16.8647471]],[[-53.0165896,-16.8647471],[-53.0319498,-16.8655658],[-53.0379825,-16.8544586],[-53.0418417,-16.8541048],[-53.0473203,-16.8633101],[-53.0525252,-16.858001],[-53.0828562,-16.8467966],[-53.10672,-16.8444201],[-53.1201631,-16.8268147],[-53.1352929,-16.8344313],[-53.1656379,-16.8289693],[-53.17418,-16.814703],[-53.2302642,-16.8094861],[-53.2417618,-16.806822],[-53.2502507,-16.809594],[-53.2595516,-16.8084567],[-53.2648341,-16.8129851],[-53.3063979,-16.8190712],[-53.317407,-16.8285594],[-53.3555798,-16.8466599]],[[-51.4140003,-11.5995018],[-51.4135046,-11.6046042],[-51.4218209,-11.6168466],[-51.4370447,-11.6261177]],[[-51.4370447,-11.6261177],[-51.4501725,-11.6452911],[-51.4533768,-11.6769483],[-51.59332,-11.6858755],[-51.6050624,-11.6993955],[-51.6667114,-11.7109794],[-51.6834634,-11.7207976],[-51.7212744,-11.7286365],[-51.7623916,-11.7151912],[-51.98471,-11.7272058],[-51.9859738,-11.7544045],[-51.9993647,-11.7784808],[-52.0259913,-11.7900051],[-52.0561644,-11.782936],[-52.0868547,-11.7680892],[-52.1107935,-11.7498223],[-52.1341146,-11.7484594]],[[-52.1341146,-11.7484594],[-52.1584554,-11.7479382],[-52.1847249,-11.7616899]],[[-52.1847249,-11.7616899],[-52.2081838,-11.7887539],[-52.2306574,-11.8217168],[-52.2502522,-11.8287914]],[[-52.2502522,-11.8287914],[-52.2541683,-11.8321192],[-52.2476016,-11.8550623],[-52.243234,-11.8570696],[-52.2387484,-11.852783],[-52.2447856,-11.8814264],[-52.2195937,-11.907684],[-52.1957846,-11.9225689],[-52.190532,-11.9381023],[-52.1681651,-11.9636856],[-52.1527034,-11.9624209],[-52.1215563,-11.9811678]],[[-52.1215563,-11.9811678],[-52.1156501,-11.9909924]],[[-52.1156501,-11.9909924],[-52.0903993,-12.0017794],[-52.0825729,-11.9988348],[-52.0585841,-11.9911418],[-52.0316788,-11.9649083],[-52.0053436,-11.945953],[-51.9735286,-11.9147794]],[[-51.9735286,-11.9147794],[-51.9691091,-11.9073528],[-51.961024,-11.9033938],[-51.9569705,-11.8997504],[-51.9377878,-11.8899442]],[[-51.9377878,-11.8899442],[-51.9144192,-11.8842167],[-51.8569937,-11.8604602],[-51.8310362,-11.860415],[-51.7289202,-11.9512544],[-51.7061659,-11.9641148],[-51.676584,-11.9685114],[-51.6593799,-11.9661477]],[[-51.6593799,-11.9661477],[-51.6620201,-11.9574384]],[[-51.6620201,-11.9574384],[-51.6512212,-11.9257351],[-51.6115834,-11.9254446],[-51.590666,-11.9157964],[-51.5752755,-11.9172093],[-51.5553254,-11.908363],[-51.551673,-11.9068969],[-51.5539605,-11.8964141],[-51.5638055,-11.866192],[-51.4760277,-11.9227128],[-51.4010688,-11.866509],[-51.3784448,-11.8702618],[-51.3630967,-11.8649577],[-51.3451399,-11.8594578]],[[-51.3451399,-11.8594578],[-51.3353812,-11.8471299]],[[-51.3353812,-11.8471299],[-51.3439413,-11.8140705],[-51.362375,-11.8078633],[-51.3694309,-11.7439318],[-51.347105,-11.7247047],[-51.320492,-11.7165261],[-51.2844119,-11.7164241],[-51.2804802,-11.6945966],[-51.2855269,-11.6690106],[-51.2675298,-11.6484087],[-51.2908184,-11.6464066],[-51.3180633,-11.6547625],[-51.3172411,-11.6409459],[-51.2889618,-11.612807],[-51.3141385,-11.6149407],[-51.3510998,-11.6272783],[-51.3668224,-11.6402865],[-51.3933147,-11.601802],[-51.3878565,-11.5935657],[-51.3871655,-11.5859154],[-51.3993457,-11.5775874],[-51.4077674,-11.577304],[-51.4111728,-11.5886149],[-51.4140003,-11.5995018]],[[-53.3450796,-16.4703446],[-53.3682944,-16.4849578],[-53.3754775,-16.4963811]],[[-53.3754775,-16.4963811],[-53.3849413,-16.5218441],[-53.3963613,-16.5374371],[-53.4165722,-16.5499671],[-53.4234077,-16.5643147],[-53.414138,-16.5741782],[-53.4196401,-16.6045014],[-53.4128463,-16.6438564],[-53.4157515,-16.6575445],[-53.4106402,-16.6575489],[-53.4120827,-16.663885],[-53.4095508,-16.6664236],[-53.4124183,-16.6743865],[-53.4202583,-16.6657841],[-53.4217589,-16.6701872],[-53.4248843,-16.6792456],[-53.46765,-16.6765836],[-53.4900898,-16.6692667],[-53.5098601,-16.6829457],[-53.5243964,-16.6781823],[-53.5429264,-16.6900811],[-53.569806,-16.6982919],[-53.5825332,-16.7201687],[-53.6187036,-16.7292038],[-53.6575218,-16.7181454],[-53.7133703,-16.7303826],[-53.7335382,-16.766824],[-53.7571703,-16.7785803],[-53.7962544,-16.7860413],[-53.8207854,-16.7993153],[-53.8388229,-16.77902],[-53.8442024,-16.7721092],[-53.8624013,-16.7574998]],[[-53.8624013,-16.7574998],[-53.8692417,-16.7621924]],[[-53.8692417,-16.7621924],[-53.8734976,-16.766693],[-53.8832962,-16.7694198],[-53.8841453,-16.7906389],[-53.8915583,-16.8032867],[-53.9404119,-16.8257552],[-53.9757085,-16.8628357],[-54.0000286,-16.8768371],[-54.0068917,-16.8924613],[-54.0013958,-16.9165005],[-54.016888,-16.9256881]],[[-54.016888,-16.9256881],[-54.0101699,-16.9418814]],[[-54.0101699,-16.9418814],[-53.9965048,-16.9589624],[-53.9848608,-16.9622207],[-53.981619,-16.9819373],[-53.9777946,-17.0201115],[-53.9451785,-17.0535233],[-53.9315259,-17.090747],[-53.9338408,-17.1148325],[-53.9539183,-17.1519855],[-53.9327691,-17.1588687],[-53.9098764,-17.1406493],[-53.906102,-17.137416],[-53.9053951,-17.1389941],[-53.9048172,-17.1364965],[-53.8916755,-17.1277658],[-53.8918956,-17.1211767],[-53.8874281,-17.1220084],[-53.8843792,-17.1234227],[-53.8782625,-17.1268582],[-53.8491041,-17.1332668],[-53.82619,-17.1486741],[-53.8180204,-17.1502634],[-53.8085049,-17.147302],[-53.7945812,-17.1684335],[-53.7569458,-17.1883882],[-53.7515332,-17.1873262],[-53.7281917,-17.1886111],[-53.7213609,-17.1893025],[-53.6830775,-17.2255482]],[[-53.6830775,-17.2255482],[-53.6823078,-17.2323166]],[[-53.3592873,-16.8566089],[-53.3628679,-16.8531208]],[[-53.3628679,-16.8531208],[-53.3561682,-16.8279561],[-53.3531147,-16.8036057]],[[-53.3531147,-16.8036057],[-53.3415982,-16.7779075],[-53.3381604,-16.7746894],[-53.3202802,-16.7695348]],[[-53.3202802,-16.7695348],[-53.3004811,-16.7523997],[-53.2846748,-16.7568206],[-53.2715211,-16.7487305],[-53.2537431,-16.7362378],[-53.258107,-16.7167075],[-53.2295541,-16.7108162],[-53.2132542,-16.7011935],[-53.2110384,-16.6885711],[-53.190055,-16.6665582],[-53.1967301,-16.6410165],[-53.1869269,-16.6361839],[-53.1787461,-16.6050836],[-53.1546606,-16.595713]],[[-53.1546606,-16.595713],[-53.1510287,-16.579524]],[[-53.1510287,-16.579524],[-53.1626697,-16.5431064]],[[-53.1626697,-16.5431064],[-53.1679607,-16.5338609]],[[-53.1679607,-16.5338609],[-53.1682998,-16.5277544],[-53.1730682,-16.5300073],[-53.179133,-16.5266992],[-53.1849543,-16.5092792],[-53.2045143,-16.4932534],[-53.2103759,-16.4751485],[-53.2026027,-16.4669735],[-53.2085107,-16.4641615]],[[-53.2085107,-16.4641615],[-53.2323762,-16.4606537]],[[-53.2323762,-16.4606537],[-53.2391273,-16.4746685],[-53.264593,-16.4610654],[-53.2716739,-16.4338763],[-53.2781798,-16.4404388],[-53.298866,-16.4521431],[-53.2970303,-16.4723507],[-53.3155791,-16.4754179],[-53.3290237,-16.4877781],[-53.3450796,-16.4703446]],[[-56.5524655,-14.3930206],[-56.5462032,-14.4238235],[-56.5402407,-14.4446681],[-56.5631481,-14.4619332],[-56.5726811,-14.4723701],[-56.5874951,-14.4710207],[-56.6058991,-14.4852304],[-56.6408019,-14.496753],[-56.6564762,-14.5127359],[-56.6467959,-14.5245611],[-56.6569984,-14.5431402],[-56.6616335,-14.585343],[-56.6651957,-14.5910077],[-56.6702687,-14.5963537],[-56.6871816,-14.6097853],[-56.6912326,-14.6151307],[-56.6936259,-14.6205368],[-56.7020079,-14.6211076],[-56.7114284,-14.6428679],[-56.7208633,-14.6406765],[-56.7258517,-14.6491094]],[[-56.7258517,-14.6491094],[-56.7308935,-14.67378],[-56.7222765,-14.6833171],[-56.741179,-14.6793602],[-56.7478547,-14.6837634],[-56.7590508,-14.6985061],[-56.7613721,-14.7403985],[-56.7819957,-14.7412069],[-56.797761,-14.7572529],[-56.7982215,-14.7750341],[-56.8126455,-14.7775843],[-56.8252222,-14.8032562],[-56.8439815,-14.809446],[-56.8388777,-14.8302114],[-56.8564235,-14.8266252],[-56.8688792,-14.8713803],[-56.8807432,-14.8759484],[-56.8897892,-14.9118313],[-56.9029713,-14.9189793],[-56.9203244,-14.9291456],[-56.9132411,-14.9403328],[-56.9213075,-14.935446]],[[-56.9213075,-14.935446],[-56.930694,-14.9488487]],[[-56.930694,-14.9488487],[-56.9316164,-14.9600842],[-56.9593945,-14.9720182],[-56.958705,-14.994512],[-56.9807627,-14.9972066],[-56.9853758,-15.0004322],[-56.9833259,-15.0046338],[-56.9858124,-15.0081362],[-56.9850768,-15.0106784],[-56.9859916,-15.0162521],[-56.9832828,-15.0164033],[-56.9769381,-15.0131605],[-56.960206,-15.0238522],[-56.9574603,-15.0273706],[-56.9521332,-15.0266276],[-56.9495803,-15.0258558],[-56.9482646,-15.0268053],[-56.9487909,-15.0243697],[-56.9244872,-15.0123336],[-56.9053828,-15.013503],[-56.8978079,-15.0155785],[-56.8908489,-15.0109604],[-56.8888246,-15.0074739],[-56.8655812,-15.0094537],[-56.8619941,-15.0121425],[-56.8561437,-15.0415454],[-56.8363834,-15.0748271],[-56.8056644,-15.1060763],[-56.8218346,-15.13948]],[[-56.8218346,-15.13948],[-56.8194985,-15.1450966]],[[-56.8194985,-15.1450966],[-56.7916351,-15.1234998],[-56.7773261,-15.0949195],[-56.7596193,-15.0663347],[-56.7186457,-15.0007917],[-56.7078248,-14.9813436],[-56.6877265,-14.9632942],[-56.6784955,-14.9444577],[-56.6604508,-14.9217694],[-56.5821834,-14.8499274],[-56.519056,-14.8093854]],[[-56.519056,-14.8093854],[-56.5154719,-14.8014304],[-56.4981789,-14.789545],[-56.4890459,-14.785785],[-56.4768675,-14.7841237]],[[-56.4768675,-14.7841237],[-56.4499203,-14.7684502],[-56.4244309,-14.7425541]],[[-56.4244309,-14.7425541],[-56.4442002,-14.7392533],[-56.4552642,-14.729176],[-56.4550652,-14.72348],[-56.4581805,-14.7145608],[-56.4542445,-14.6923328],[-56.4741425,-14.6683882],[-56.4783949,-14.6642762]],[[-56.4783949,-14.6642762],[-56.4781313,-14.668161]],[[-56.4781313,-14.668161],[-56.4954578,-14.6813779],[-56.5024941,-14.669637],[-56.5268713,-14.6688781],[-56.4886723,-14.6206941],[-56.4676213,-14.5876076],[-56.4556744,-14.5763468],[-56.3955802,-14.5331314],[-56.3884017,-14.5204644],[-56.3883768,-14.4864346],[-56.4140207,-14.4603322],[-56.472515,-14.4593208],[-56.4796388,-14.4684787],[-56.481713,-14.472325],[-56.4885268,-14.4694378],[-56.4936846,-14.4599624],[-56.489306,-14.446145],[-56.4957878,-14.4388917],[-56.5091082,-14.4217152],[-56.5344055,-14.4086577],[-56.5524655,-14.3930206]],[[-53.403901,-17.9926165],[-53.3825748,-18.0082037],[-53.3356748,-18.0069075],[-53.307573,-17.9959785],[-53.2415444,-18.0047098],[-53.1958446,-18.0246015],[-53.1767934,-18.0415807],[-53.0735091,-18.0345106],[-53.0647494,-17.9845366],[-53.071315,-17.9659132],[-53.1047187,-17.9276243],[-53.1248223,-17.918015],[-53.1227249,-17.8982747],[-53.135743,-17.8756462],[-53.1337961,-17.8324855],[-53.159894,-17.7960312],[-53.1553716,-17.7852182],[-53.1739929,-17.7542098],[-53.186087,-17.7480597],[-53.2021732,-17.7259884],[-53.2337892,-17.7130374],[-53.2366639,-17.6794998],[-53.2428981,-17.6720077],[-53.2483804,-17.6372489],[-53.2362465,-17.5782373],[-53.2450244,-17.5629398],[-53.2400099,-17.5511263],[-53.2438388,-17.508447]],[[-57.060846,-9.1907402],[-57.0524179,-9.1584616],[-57.0604425,-9.1371304],[-57.0414961,-9.1150928],[-57.0392416,-9.09829],[-57.063247,-9.0785757],[-57.0596053,-9.0642778],[-57.0763061,-9.0545392],[-57.0900292,-9.0382179],[-57.0946052,-9.0171114],[-57.1382742,-8.9946121],[-57.162328,-8.9690796],[-57.1888584,-8.9331567],[-57.2037742,-8.9208198],[-57.2354983,-8.9074371],[-57.2624144,-8.9078136],[-57.2861971,-8.9154972],[-57.3060316,-8.9099045],[-57.3178883,-8.8857123],[-57.3843829,-8.8795574],[-57.4034195,-8.8625217],[-57.4162157,-8.8589951],[-57.4197259,-8.8424687],[-57.413276,-8.8261891],[-57.4175043,-8.7926085],[-57.4275794,-8.7832392],[-57.4524982,-8.7866128],[-57.4702774,-8.7817204],[-57.484858,-8.7693837],[-57.5230025,-8.7497337],[-57.5378324,-8.7495397],[-57.5623651,-8.7612518],[-57.5898025,-8.7582845],[-57.6010539,-8.741228],[-57.5936149,-8.7074193],[-57.6053024,-8.6628336],[-57.6205597,-8.6477445],[-57.6251036,-8.6214038],[-57.6222457,-8.5911884],[-57.6447781,-8.5819802],[-57.6505026,-8.5533713],[-57.633422,-8.5268109],[-57.6376412,-8.5135582],[-57.6590545,-8.5003866],[-57.6518288,-8.4788434],[-57.6539947,-8.4650723],[-57.6815844,-8.4331259],[-57.6865577,-8.4070078],[-57.6686084,-8.3745527],[-57.6678008,-8.3639381],[-57.6802225,-8.3269407],[-57.6790853,-8.3153258],[-57.6648349,-8.2948832],[-57.6630828,-8.2685022],[-57.6439678,-8.2310878],[-57.6432123,-8.2121753],[-57.6581904,-8.186488],[-57.6772464,-8.1713961],[-57.7046383,-8.1680236],[-57.7198593,-8.146605],[-57.7284399,-8.0942158],[-57.7765286,-8.0521753],[-57.8039975,-8.0034251],[-57.828833,-7.9728959],[-57.8327106,-7.9534917],[-57.8331651,-7.8948624],[-57.840971,-7.8614777],[-57.8684113,-7.8127219],[-57.8796423,-7.7819074],[-57.8829998,-7.7467218],[-57.896749,-7.6778845],[-57.9161933,-7.6573446],[-57.9343873,-7.6567724],[-57.9422482,-7.6426635],[-57.9422793,-7.6187765],[-57.9520562,-7.5801442],[-57.972582,-7.5345881],[-58.002168,-7.4881303],[-58.0195841,-7.4726361],[-58.0398352,-7.446345],[-58.0613616,-7.3951912],[-58.118602,-7.3530631],[-58.1369999,-7.3564081],[-58.1466406,-7.3703983],[-58.173361,-7.3943672],[-58.21306,-7.4585347],[-58.2131404,-7.493329],[-58.2227233,-7.5240378],[-58.2188625,-7.5500307],[-58.2025237,-7.5967433],[-58.2021706,-7.6208543],[-58.2397897,-7.6536067],[-58.2517941,-7.6767995],[-58.2759903,-7.6996663],[-58.2825727,-7.7149316],[-58.2830841,-7.7408901],[-58.2940558,-7.7715405],[-58.3340604,-7.8044011],[-58.3646072,-7.8167663],[-58.37822,-7.8274375],[-58.3847417,-7.8439891],[-58.3746655,-7.8647604],[-58.3751355,-7.8990013],[-58.3550493,-7.9439894],[-58.3315026,-7.9687628],[-58.324507,-7.9926795],[-58.3217286,-8.0249817],[-58.2883921,-8.0795723],[-58.2920913,-8.104144],[-58.2901673,-8.1356],[-58.3174323,-8.1545474],[-58.3224642,-8.1700394],[-58.3129453,-8.2091049],[-58.3221697,-8.2320657],[-58.3205879,-8.2718688],[-58.3280835,-8.2858292],[-58.3158367,-8.3064376],[-58.3148931,-8.3230601],[-58.3255682,-8.3346503],[-58.3448047,-8.3407363],[-58.3525252,-8.3526295],[-58.3496911,-8.3683898],[-58.3545775,-8.3927541],[-58.3736344,-8.4233041],[-58.3901503,-8.4389649],[-58.4178072,-8.4895196],[-58.4151685,-8.5234446],[-58.4051026,-8.537555],[-58.410469,-8.5703919],[-58.3895183,-8.5947925],[-58.4035242,-8.6311977],[-58.4142747,-8.6439051],[-58.4359716,-8.6954603],[-58.43353,-8.7104385],[-58.4119558,-8.7206089],[-58.3758508,-8.703714],[-58.3510264,-8.7015842],[-58.3283686,-8.7121787],[-58.3320714,-8.7264608],[-58.3546695,-8.7372636],[-58.3880024,-8.7747864],[-58.415878,-8.7928428],[-58.4300846,-8.7899063],[-58.441947,-8.7987153]],[[-58.441947,-8.7987153],[-58.4516047,-8.8248876],[-58.4588579,-8.8406238],[-58.493745,-8.8715793],[-58.4965653,-8.8848521],[-58.5246794,-8.9028932],[-58.5440897,-8.886709],[-58.5630313,-8.892385],[-58.5550329,-8.9143568],[-58.5608864,-8.9293474]],[[-58.5608864,-8.9293474],[-58.5364424,-8.9506049]],[[-58.5364424,-8.9506049],[-58.5204685,-8.9665729],[-58.5279226,-8.9743283],[-58.5158176,-8.9734874],[-58.4981413,-8.9507656],[-58.4728731,-8.9447005],[-58.4681925,-8.9725813],[-58.4154162,-8.970508],[-58.3810139,-8.9889052],[-58.3686226,-9.0155189],[-58.3587988,-9.0223424],[-58.3311833,-9.012303],[-58.3169006,-9.0473096],[-58.300605,-9.0335788],[-58.2872846,-9.0606368],[-58.292439,-9.0819497],[-58.2441513,-9.1203999],[-58.2323904,-9.1149135],[-58.2146329,-9.1320624],[-58.1680669,-9.1486607],[-58.1676874,-9.1894671],[-58.1601206,-9.1873185],[-58.1436366,-9.2080823],[-58.1425808,-9.2240216],[-58.1206667,-9.2277391],[-58.1168952,-9.2391261],[-58.0974262,-9.2480663],[-58.0880689,-9.2718988],[-58.0747598,-9.2705963],[-58.0777783,-9.2994695],[-58.0654218,-9.3128036],[-58.0784611,-9.3232472],[-58.073072,-9.3542423],[-58.0529554,-9.3502783],[-58.0317302,-9.362072],[-58.0180523,-9.3780938],[-58.0007901,-9.385482],[-57.9966576,-9.4150395],[-57.9739202,-9.4158455],[-57.953767,-9.4512363],[-57.9162164,-9.4723683],[-57.888559,-9.4937458],[-57.8843207,-9.4871971],[-57.8545409,-9.4825157],[-57.8499143,-9.4796374],[-57.846656,-9.4779964],[-57.8391747,-9.478477],[-57.8250215,-9.4916803],[-57.8158577,-9.4892033],[-57.8050844,-9.4893905],[-57.7914566,-9.4903758],[-57.7833993,-9.4961443],[-57.7800587,-9.4932679],[-57.7622338,-9.4941708],[-57.7421346,-9.4999828],[-57.7287524,-9.512672],[-57.7273334,-9.5302764],[-57.7291616,-9.5570953],[-57.7286958,-9.5874112],[-57.7349052,-9.6193976],[-57.7231407,-9.6567493]],[[-57.7231407,-9.6567493],[-57.7280326,-9.6722108],[-57.7201063,-9.6835859]],[[-57.7201063,-9.6835859],[-57.7060261,-9.704986],[-57.6934349,-9.7049085]],[[-57.6934349,-9.7049085],[-57.6662535,-9.7179452]],[[-57.6662535,-9.7179452],[-57.6569631,-9.7033758],[-57.6287829,-9.7087123],[-57.6179112,-9.7405678],[-57.5953957,-9.742966],[-57.5965786,-9.7570345],[-57.5724076,-9.7679967],[-57.5611497,-9.7791774],[-57.5482418,-9.7637398],[-57.5098679,-9.7507465],[-57.496911,-9.736061],[-57.4638767,-9.7337805],[-57.4485696,-9.7285144],[-57.4354572,-9.7140481],[-57.4245809,-9.690467],[-57.4029327,-9.6958317],[-57.3946527,-9.6872167],[-57.3699539,-9.6819913],[-57.3401951,-9.6856297],[-57.3316934,-9.6985714],[-57.3263872,-9.7390026],[-57.3292317,-9.7579251],[-57.3184837,-9.7799963],[-57.2915795,-9.7797391],[-57.2937996,-9.8080746],[-57.2692295,-9.8214895],[-57.2721552,-9.8029524],[-57.2554406,-9.7879643],[-57.235431,-9.7872014],[-57.2216332,-9.797077],[-57.2034547,-9.7888398],[-57.1889254,-9.791026],[-57.1940638,-9.7560634],[-57.1680048,-9.7064055],[-57.1710288,-9.6922338],[-57.16267,-9.6709664],[-57.1444023,-9.6622065],[-57.1449064,-9.6475703],[-57.1337896,-9.6196997],[-57.1073122,-9.5713476],[-57.0737515,-9.5585975],[-57.0563255,-9.5403669],[-57.0541341,-9.5343119]],[[-57.0541341,-9.5343119],[-57.0563509,-9.5276875]],[[-57.0563509,-9.5276875],[-57.0564065,-9.4645255],[-57.0640089,-9.4581991],[-57.0908271,-9.4595534],[-57.11041,-9.4338733],[-57.1322889,-9.4197192],[-57.1238899,-9.4021257],[-57.0948195,-9.4050067],[-57.0814613,-9.3936179],[-57.0867941,-9.3564139],[-57.0855543,-9.3271009],[-57.0763091,-9.3219],[-57.0712383,-9.3031296],[-57.0895491,-9.2839459],[-57.0869706,-9.2389901],[-57.0931988,-9.2335815],[-57.1002451,-9.2172565],[-57.0952107,-9.2055256],[-57.0857649,-9.2073304],[-57.0747773,-9.2018918],[-57.0630709,-9.1927122],[-57.060846,-9.1907402]],[[-51.6913565,-14.5359595],[-51.6920689,-14.5447466]],[[-51.6920689,-14.5447466],[-51.6953781,-14.5647294],[-51.6966747,-14.5794837],[-51.718806,-14.596174],[-51.7352216,-14.5993762],[-51.7600945,-14.5985247],[-51.7768929,-14.6120575],[-51.7745554,-14.6192757],[-51.7751226,-14.6372922],[-51.7791294,-14.6407338],[-51.7971864,-14.6364983],[-51.8277649,-14.6802834],[-51.831348,-14.7020971],[-51.8461522,-14.6940556],[-51.8605123,-14.7042727],[-51.8672658,-14.7257892],[-51.8558619,-14.7384637],[-51.8635664,-14.743798],[-51.8908282,-14.7362555],[-51.895279,-14.7423766],[-51.9082623,-14.7616485],[-51.9167396,-14.7699883],[-51.9196572,-14.7689892],[-51.9244212,-14.7683209],[-51.9356504,-14.7695759],[-51.9385466,-14.7854045],[-51.9499968,-14.782974],[-51.9548859,-14.7652803],[-51.9707146,-14.7710174],[-51.9803698,-14.7813314],[-51.9897155,-14.7847725],[-52.003511,-14.8009256]],[[-52.003511,-14.8009256],[-52.0118172,-14.8034419]],[[-52.0118172,-14.8034419],[-52.0094912,-14.8083309],[-52.012076,-14.8272791],[-52.0130031,-14.8309599],[-52.0080675,-14.8390512],[-52.0054871,-14.8439413],[-52.0165097,-14.8658372],[-52.0046803,-14.8937006],[-52.0123521,-14.9182667],[-52.0113561,-14.9445712],[-52.0221105,-14.9484827],[-52.0380189,-14.9772109],[-52.0517911,-14.9793169],[-52.0530946,-14.9990298],[-52.0457344,-15.0254519],[-52.0582297,-15.0362821],[-52.0526675,-15.0937739],[-52.0450365,-15.1169654],[-52.0444171,-15.1733761],[-52.0559254,-15.1951214],[-52.0552932,-15.2167468],[-52.0438276,-15.2319081],[-52.0504675,-15.2590375],[-52.0439343,-15.2925185],[-52.0532706,-15.3109553],[-52.0553094,-15.3820197],[-52.0510328,-15.4080691],[-52.0586229,-15.4301751],[-52.053051,-15.4930774],[-52.100782,-15.5141518],[-52.1247501,-15.5337721],[-52.1475097,-15.5452856],[-52.1508477,-15.5789474],[-52.1762544,-15.6012087],[-52.1609696,-15.6332307],[-52.1685453,-15.6655367],[-52.1488596,-15.6952696],[-52.1603925,-15.7194148]],[[-52.1603925,-15.7194148],[-52.1565246,-15.725641],[-52.1552346,-15.735972],[-52.1558749,-15.7491326],[-52.1590511,-15.7620607]],[[-52.1590511,-15.7620607],[-52.1578627,-15.7713322]],[[-52.1578627,-15.7713322],[-52.1629576,-15.7887063],[-52.181638,-15.8053721]],[[-52.181638,-15.8053721],[-52.1558667,-15.809943],[-52.1369642,-15.7970419],[-52.10823,-15.8110718],[-52.0934213,-15.8074286],[-52.0655737,-15.8258962],[-52.0395337,-15.8323786],[-52.0317622,-15.8400086],[-52.0100245,-15.8411116],[-52.0046767,-15.849285],[-51.9944666,-15.8489181],[-51.9849342,-15.8407217]],[[-51.9849342,-15.8407217],[-51.9594331,-15.8400405],[-51.9484549,-15.8100984],[-51.9129113,-15.8132336],[-51.8922896,-15.8311214],[-51.879841,-15.8229438],[-51.8763102,-15.8020547],[-51.8592473,-15.7874643],[-51.8345195,-15.7438316],[-51.8233267,-15.7314335],[-51.8037938,-15.7237058],[-51.8025989,-15.7043354],[-51.7651493,-15.6495527],[-51.754235,-15.6124359],[-51.7798514,-15.5554215],[-51.7772681,-15.534985],[-51.760886,-15.5300637],[-51.7556134,-15.5574154],[-51.7393436,-15.5592768],[-51.7255764,-15.544129],[-51.7371803,-15.5267965],[-51.7285664,-15.5018063],[-51.7057302,-15.4975624],[-51.7000568,-15.4740008],[-51.7094595,-15.4594918],[-51.6912771,-15.4258682],[-51.6972226,-15.4091862],[-51.669531,-15.374421],[-51.6734931,-15.3576507],[-51.6873706,-15.3468505],[-51.69144,-15.3281551],[-51.6797381,-15.290064],[-51.6506993,-15.2730935],[-51.6531034,-15.2539171],[-51.668793,-15.2546151],[-51.6681964,-15.2321668],[-51.6507182,-15.2033039],[-51.6474271,-15.1734621],[-51.601781,-15.1604943],[-51.5863887,-15.1335699],[-51.5640798,-15.1086091],[-51.5468907,-15.1004651],[-51.5341081,-15.0652022],[-51.5187703,-15.0568422],[-51.4978941,-15.0571337],[-51.4620029,-15.0479797],[-51.4413107,-15.0312803],[-51.4304812,-15.0098347],[-51.4017387,-15.0028534],[-51.3769297,-15.0102626],[-51.3595787,-15.0023992],[-51.3355323,-14.9717535],[-51.344398,-14.9621644]],[[-51.344398,-14.9621644],[-51.3588225,-14.9630185],[-51.3629711,-14.9466382],[-51.5714108,-14.872115],[-51.549718,-14.8410772],[-51.558129,-14.8310194],[-51.5434113,-14.7844023],[-51.5376756,-14.7209645],[-51.5058171,-14.689805],[-51.4819632,-14.6712745],[-51.4703291,-14.6494942],[-51.4685523,-14.6181951],[-51.4393324,-14.5931244],[-51.4372962,-14.5674093],[-51.4228046,-14.5425226],[-51.4034352,-14.530852],[-51.3886236,-14.5027891],[-51.3810367,-14.4927173],[-51.3817991,-14.4898279],[-51.3904968,-14.4689101],[-51.3829617,-14.434351],[-51.3928325,-14.4139343],[-51.3895067,-14.3989477],[-51.4419406,-14.3568312],[-51.4603471,-14.3562459],[-51.4768015,-14.3563222],[-51.5024549,-14.3727123],[-51.5142092,-14.3848625],[-51.5326378,-14.3830536],[-51.5432822,-14.4103916],[-51.555733,-14.4186724],[-51.5646764,-14.4377123],[-51.5931376,-14.4543697],[-51.6115225,-14.4925922],[-51.6251969,-14.5079536],[-51.6190687,-14.5183592],[-51.6502433,-14.5239046],[-51.6533509,-14.5301304],[-51.6913565,-14.5359595]],[[-53.1303254,-16.585671],[-53.1546606,-16.595713]],[[-53.3202802,-16.7695348],[-53.3402657,-16.7760039],[-53.3531147,-16.8036057]],[[-53.3628679,-16.8531208],[-53.3555798,-16.8466599]],[[-53.0165896,-16.8647471],[-53.0108671,-16.85865],[-52.976404,-16.8636838],[-52.9711544,-16.8695909],[-52.9453847,-16.8558893],[-52.9280095,-16.8177571],[-52.9139525,-16.8127245]],[[-52.9139525,-16.8127245],[-52.9154964,-16.8098242],[-52.9171016,-16.8073403],[-52.9309396,-16.7953623],[-52.9306892,-16.7813011],[-52.9361942,-16.7684338],[-52.9521184,-16.7704504],[-52.9807199,-16.7569786],[-52.9950407,-16.7573553],[-52.9936802,-16.738593],[-53.0599315,-16.6963375],[-53.077597,-16.6789638],[-53.0895791,-16.6412862],[-53.0834801,-16.6235114],[-53.096628,-16.6019771],[-53.1101165,-16.5931139],[-53.1189242,-16.5842737],[-53.1303254,-16.585671]],[[-58.5092316,-14.9999001],[-58.7222719,-15.0000002]],[[-58.7222719,-15.0000002],[-58.7223107,-15.0059166],[-58.7250631,-15.0079561],[-58.7254692,-15.0138177],[-58.7292182,-15.0170788],[-58.7288989,-15.0200786],[-58.7245836,-15.018535],[-58.7267807,-15.0255052],[-58.7346067,-15.0344663],[-58.7409293,-15.0381929],[-58.7489885,-15.0441041],[-58.7489499,-15.0545903],[-58.749618,-15.0721602],[-58.7420425,-15.1007098],[-58.7332333,-15.1118438],[-58.7338159,-15.1189497],[-58.732611,-15.1279599],[-58.7322408,-15.1426141],[-58.730559,-15.1489129],[-58.7275389,-15.1490482]],[[-58.7275389,-15.1490482],[-58.7187457,-15.1593302]],[[-58.7187457,-15.1593302],[-58.7177368,-15.1576551],[-58.7090025,-15.1497762],[-58.6849434,-15.1645401],[-58.66698,-15.1813735],[-58.647785,-15.179624],[-58.6103349,-15.2071635],[-58.6012682,-15.2181943],[-58.5521668,-15.1615489],[-58.5572165,-15.2071185],[-58.5459221,-15.2319576],[-58.5524341,-15.2439263],[-58.5513372,-15.2694827],[-58.5387079,-15.283812],[-58.5357024,-15.3040475],[-58.5393241,-15.3573208],[-58.4913436,-15.3496675],[-58.4842643,-15.3934819],[-58.4918907,-15.4053839],[-58.4805658,-15.4643274],[-58.4656206,-15.462641],[-58.4750787,-15.4981818],[-58.4842747,-15.5149838]],[[-58.4842747,-15.5149838],[-58.2881629,-15.5253843]],[[-58.2881629,-15.5253843],[-58.2210597,-15.3503831]],[[-58.2210597,-15.3503831],[-58.2260017,-15.3420836]],[[-58.2260017,-15.3420836],[-58.2425814,-15.3335329],[-58.2437862,-15.3187815],[-58.2680066,-15.2903812],[-58.2753316,-15.2872375],[-58.2713837,-15.2585953],[-58.2839739,-15.2478032],[-58.2577437,-15.2305676],[-58.279621,-15.1842517]],[[-58.279621,-15.1842517],[-58.2892817,-15.1859495]],[[-58.2892817,-15.1859495],[-58.3208588,-15.181904],[-58.3205059,-15.1671015],[-58.3362076,-15.1414462],[-58.3386832,-15.1403789],[-58.3606548,-15.1402683],[-58.3845519,-15.1247038],[-58.431581,-15.1204147],[-58.4811058,-15.1017905],[-58.5124392,-15.1102455],[-58.5217759,-15.098854],[-58.5291424,-15.0502591],[-58.5045378,-15.0258911],[-58.5064675,-15.0188924],[-58.5081354,-15.0068715],[-58.5092316,-14.9999001]],[[-56.8649687,-14.3694604],[-56.8704046,-14.3655339],[-56.8710198,-14.3612756],[-56.8721535,-14.360371],[-56.8838994,-14.3634638],[-56.8878358,-14.3609459],[-56.8900544,-14.3635245]],[[-56.8900544,-14.3635245],[-56.9073035,-14.3698638],[-56.9220888,-14.3894081],[-56.9362962,-14.396947],[-56.9612072,-14.4076434],[-56.9840177,-14.4221679],[-56.9773269,-14.4356247]],[[-56.9773269,-14.4356247],[-56.9593253,-14.4593926],[-56.9488193,-14.4763545],[-56.9295588,-14.4828902],[-56.936877,-14.4889274]],[[-56.936877,-14.4889274],[-56.9497076,-14.5029943]],[[-56.9497076,-14.5029943],[-56.9467768,-14.5174028],[-56.9408121,-14.5172539],[-56.9182265,-14.5392397],[-56.9119019,-14.5480626],[-56.9210404,-14.5602621],[-56.9135936,-14.5856702],[-56.906676,-14.5918042],[-56.7258517,-14.6491094]],[[-56.7258517,-14.6491094],[-56.73103,-14.6301456],[-56.7217147,-14.6234507],[-56.7234409,-14.6128005],[-56.7460399,-14.5912968],[-56.7632201,-14.5760242],[-56.7608778,-14.5682174],[-56.7557864,-14.5591876],[-56.7779271,-14.5405229]],[[-56.7779271,-14.5405229],[-56.7905058,-14.5308714],[-56.7939728,-14.5260729],[-56.7987859,-14.5117086]],[[-56.7987859,-14.5117086],[-56.8091575,-14.4878973],[-56.8013076,-14.473618],[-56.8147218,-14.4450005],[-56.8319808,-14.4238827],[-56.8465144,-14.4162908],[-56.8486098,-14.3885557],[-56.8649687,-14.3694604]],[[-60.2620709,-9.3321739],[-60.2705789,-9.32129],[-60.4783162,-9.3165008]],[[-60.4783162,-9.3165008],[-60.6845467,-9.289774],[-60.6816289,-9.307017],[-60.660987,-9.3310988],[-60.6440497,-9.336706],[-60.625459,-9.3598058],[-60.6163896,-9.415361],[-60.6039245,-9.4331658],[-60.599472,-9.4595977],[-60.5871583,-9.4773544],[-60.5850143,-9.5155917],[-60.584346,-9.5224381],[-60.5935439,-9.5299785],[-60.5907005,-9.5525449],[-60.6101768,-9.5596079],[-60.6180134,-9.570722],[-60.6564569,-9.6015781],[-60.6573561,-9.6317391]],[[-60.6573561,-9.6317391],[-60.6369476,-9.6382168],[-60.6371101,-9.6563192]],[[-60.6371101,-9.6563192],[-60.6481496,-9.684555],[-60.6590655,-9.7019893],[-60.6612535,-9.7183227],[-60.6806231,-9.7356322],[-60.6724541,-9.7957558],[-60.688044,-9.8137567],[-60.7050868,-9.8232575],[-60.6967749,-9.8339895],[-60.6734929,-9.8407638],[-60.6582877,-9.8911638],[-60.6750067,-9.9096207],[-60.6946802,-9.9496095],[-60.6845063,-9.9660672],[-60.6470688,-9.9564209],[-60.6315835,-9.9589718],[-60.6349541,-9.9896626],[-60.6118456,-10.0082321],[-60.6155114,-10.035987],[-60.6364569,-10.0374781],[-60.6197471,-10.0681418],[-60.6118422,-10.0736003],[-60.6136617,-10.0997158],[-60.6444105,-10.1302358],[-60.6472751,-10.1537964],[-60.6293339,-10.1803927],[-60.6272998,-10.1980924],[-60.6379194,-10.2435816],[-60.6261097,-10.2617255],[-60.6347297,-10.2720538],[-60.6373524,-10.2931623],[-60.6246872,-10.3165226],[-60.6024048,-10.3326417],[-60.6069633,-10.3519069],[-60.6003167,-10.4109114],[-60.5594037,-10.4328416],[-60.5331034,-10.4635702],[-60.5257234,-10.4841421],[-60.5358345,-10.4930801],[-60.5273874,-10.5443575],[-60.5187976,-10.567938],[-60.5374609,-10.5933911],[-60.529573,-10.6250445],[-60.5174286,-10.6415937],[-60.522397,-10.6714178],[-60.5062499,-10.6895779],[-60.4878472,-10.6952458],[-60.4841067,-10.7135343],[-60.4433751,-10.7144766],[-60.4265428,-10.7413312],[-60.398969,-10.7549919],[-60.3963801,-10.7642052],[-60.4191087,-10.7845734],[-60.4201557,-10.7975367],[-60.427275,-10.8232729],[-60.4084678,-10.8468581]],[[-60.4084678,-10.8468581],[-60.400546,-10.8525672]],[[-60.400546,-10.8525672],[-60.36283,-10.874349],[-60.3601249,-10.8963331],[-60.3387569,-10.9012084],[-60.3273469,-10.9125146],[-60.2574982,-10.9179984],[-60.2479288,-10.9153266],[-60.2344675,-10.9163497],[-60.1620419,-10.9045337],[-60.1349973,-10.8812199],[-60.0748938,-10.8764966],[-60.034433,-10.8616302],[-60.0256185,-10.8483075],[-59.9945615,-10.8431047],[-59.9910941,-10.8315312],[-59.9739769,-10.8305691],[-59.9670336,-10.8195218],[-59.9503758,-10.8265462],[-59.939235,-10.8401387],[-59.8978583,-10.8501965],[-59.8897957,-10.8563337],[-59.8739014,-10.8522804],[-59.8451451,-10.842795],[-59.8244691,-10.8247022],[-59.7868926,-10.821176],[-59.769389,-10.8157873],[-59.7649253,-10.805327],[-59.7215732,-10.8043916],[-59.6934975,-10.7951751],[-59.6704996,-10.7791766],[-59.6742814,-10.7543748],[-59.661198,-10.7418229],[-59.648794,-10.7406571],[-59.6353556,-10.7422202],[-59.5910488,-10.732604],[-59.5809855,-10.7370084],[-59.5442221,-10.7331951],[-59.5301712,-10.7263569],[-59.5096664,-10.7419842],[-59.4958994,-10.7438493],[-59.4730896,-10.7203557],[-59.4584752,-10.7236577],[-59.4445393,-10.7387356],[-59.4081846,-10.7394929],[-59.384661,-10.7792858],[-59.3676621,-10.7947965],[-59.3507696,-10.794396],[-59.3257858,-10.8056776],[-59.3190422,-10.8137349],[-59.2871251,-10.8157358],[-59.2700155,-10.812148],[-59.2552028,-10.8153651],[-59.223703,-10.7948155],[-59.2073429,-10.7930353],[-59.1399032,-10.8130502],[-59.1260462,-10.8112483],[-59.1190756,-10.8111213],[-59.0844388,-10.7998662],[-59.0647864,-10.7769441],[-59.050098,-10.7723544],[-59.0232678,-10.7822404],[-58.994409,-10.7751199],[-58.9522461,-10.7507444],[-58.9434567,-10.7303167],[-58.932338,-10.736135],[-58.9256851,-10.7272815],[-58.9153863,-10.7036346],[-58.9207856,-10.6746932],[-58.9177344,-10.6331576]],[[-58.9177344,-10.6331576],[-58.9121429,-10.625011],[-58.9049857,-10.6209866],[-58.8883442,-10.6181763]],[[-58.8883442,-10.6181763],[-58.8822646,-10.6183755]],[[-58.8822646,-10.6183755],[-58.927188,-10.5571106],[-58.9049791,-10.5467565],[-58.893364,-10.4993284],[-58.8954256,-10.4918403],[-58.8799629,-10.4645355],[-58.8699178,-10.4319129],[-58.8783575,-10.4204943],[-58.8814444,-10.3927096],[-58.8569474,-10.3743502],[-58.8429443,-10.3562153],[-58.8369587,-10.3333297],[-58.8166987,-10.3091522],[-58.7982109,-10.2737584],[-58.8191547,-10.2558583],[-58.8276098,-10.2321808],[-58.8275866,-10.2039802],[-58.8435632,-10.190112],[-58.8448202,-10.1860261],[-58.8376604,-10.1694858],[-58.8336947,-10.1627474],[-58.8306779,-10.1553091],[-58.8389562,-10.1527452],[-58.8436269,-10.1462787],[-58.8462691,-10.1429608],[-58.8432087,-10.1385917]],[[-58.8432087,-10.1385917],[-58.8440947,-10.1316198],[-58.8399743,-10.1263438]],[[-58.8399743,-10.1263438],[-58.837979,-10.1100873],[-58.820357,-10.1031019],[-58.8208269,-10.0885986],[-58.818202,-10.083162],[-58.8323535,-10.0721607],[-58.8344498,-10.0667431],[-58.8399819,-10.069952],[-58.8667726,-10.0667688],[-58.8927994,-10.0330815],[-58.8971294,-10.0293878],[-58.9208133,-10.0299926],[-58.9300987,-10.0209037],[-58.937067,-10.0162259],[-58.9460391,-10.0192222],[-58.9494964,-10.0201735],[-58.9547717,-10.0024411],[-58.9715585,-9.9982402],[-59.00263,-10.0000991],[-59.0191659,-9.9930903]],[[-59.0191659,-9.9930903],[-59.0299536,-9.9885321]],[[-59.0299536,-9.9885321],[-59.0335856,-9.9887194],[-59.0435911,-9.9832033],[-59.0900075,-9.9802355],[-59.1196777,-10.000136],[-59.1488528,-9.9992407],[-59.1599665,-9.9848334],[-59.1811644,-9.9958299],[-59.1994194,-9.9751014],[-59.2092157,-9.9661742],[-59.2072778,-9.9427736],[-59.1680737,-9.9234701],[-59.1594425,-9.8665339],[-59.1675862,-9.8207923],[-59.1536026,-9.7861988],[-59.2278945,-9.7906731],[-59.2531307,-9.775236],[-59.2634067,-9.782312],[-59.3328687,-9.7907477],[-59.3487461,-9.8004129],[-59.3735807,-9.772064],[-59.391719,-9.7804499],[-59.4178503,-9.7732187],[-59.4523887,-9.7748702],[-59.4617416,-9.7852625],[-59.4819064,-9.7878071],[-59.4813026,-9.8064122],[-59.5025345,-9.8176605],[-59.5387633,-9.8166329],[-59.5575891,-9.8413236],[-59.5729735,-9.8421972],[-59.5692959,-9.878572],[-59.5803111,-9.8760507],[-59.5895851,-9.8746968],[-59.6061288,-9.8819241],[-59.6253846,-9.8749903],[-59.6376173,-9.8704235],[-59.6500021,-9.8606782],[-59.659914,-9.845227],[-59.6659003,-9.8356102],[-59.6749687,-9.8171082],[-59.7314469,-9.7894812],[-59.7399423,-9.7800507],[-59.7607293,-9.7787578],[-59.7711443,-9.7665077],[-59.785705,-9.764008],[-59.7883977,-9.7585582],[-59.7852448,-9.7530727],[-59.8365835,-9.6172677],[-59.8333581,-9.6046022],[-59.8105457,-9.5940381],[-59.7814305,-9.5574899]],[[-59.7814305,-9.5574899],[-59.764642,-9.5135284],[-59.7665889,-9.5058501],[-59.7712041,-9.4985217],[-59.7710664,-9.4934824],[-59.7686021,-9.4883091],[-59.7712499,-9.4836477],[-59.7789432,-9.4812803]],[[-59.7789432,-9.4812803],[-59.8041197,-9.4848583],[-59.8273051,-9.4810093],[-59.8468291,-9.4715028],[-59.87051,-9.4478985],[-59.8776086,-9.4643773],[-59.8919667,-9.4551626],[-59.9153593,-9.4144659],[-59.9470015,-9.414792],[-59.9633459,-9.4088799],[-59.974041,-9.4174486],[-59.9944272,-9.4034226]],[[-59.9944272,-9.4034226],[-60.0026258,-9.385494],[-60.0084285,-9.3802923],[-60.0217336,-9.3810326]],[[-60.0217336,-9.3810326],[-60.0273875,-9.3868461],[-60.0651954,-9.4250639],[-60.0932327,-9.4145492],[-60.1034568,-9.4175867],[-60.1557744,-9.3998178],[-60.1846769,-9.3939828],[-60.2097375,-9.363619],[-60.2243713,-9.3608924],[-60.2600222,-9.3393358],[-60.2620709,-9.3321739]],[[-55.9426742,-16.1632895],[-55.9560995,-16.1791716]],[[-55.9560995,-16.1791716],[-55.9592571,-16.1722102],[-55.9651545,-16.1795831],[-55.9654488,-16.1882643],[-55.985766,-16.2034569],[-56.0044957,-16.1951792],[-56.012682,-16.2119253],[-56.0191067,-16.2276895],[-56.0187536,-16.2142323]],[[-56.0187536,-16.2142323],[-56.0228678,-16.2188011],[-56.0256908,-16.2296854],[-56.0247797,-16.232287],[-56.0169229,-16.2359393]],[[-56.0169229,-16.2359393],[-56.0151431,-16.2431491],[-56.0174061,-16.2523769],[-56.029884,-16.271376],[-56.0546339,-16.2745398],[-56.0458546,-16.2877606],[-56.0632673,-16.3109535],[-56.080968,-16.3131864],[-56.082665,-16.3307864],[-56.1028075,-16.3257443],[-56.1549921,-16.3453066],[-56.1575627,-16.3657089],[-56.1986022,-16.3542184],[-56.204793,-16.3809844],[-56.2055999,-16.385914],[-56.2101106,-16.3922945],[-56.2139455,-16.3963915],[-56.2227866,-16.3975428],[-56.2659127,-16.394367],[-56.2962042,-16.4010394]],[[-56.2962042,-16.4010394],[-56.3053922,-16.4036109]],[[-56.3053922,-16.4036109],[-56.3135261,-16.4069261],[-56.3131072,-16.4130473],[-56.3045229,-16.4251742],[-56.3155404,-16.4433736],[-56.3211628,-16.4740228],[-56.3352787,-16.4891969],[-56.3504883,-16.4881724],[-56.358386,-16.5100374],[-56.3760435,-16.5260923],[-56.3973595,-16.5324148],[-56.4078543,-16.5663113],[-56.4239509,-16.570905],[-56.4487466,-16.5878263],[-56.4445447,-16.6030663],[-56.4470517,-16.6086621],[-56.46291,-16.6256612],[-56.4545571,-16.6405406],[-56.4793375,-16.6643541],[-56.4651236,-16.6795242],[-56.4775597,-16.6914434],[-56.4820886,-16.7077095],[-56.5067267,-16.7232653],[-56.5053781,-16.7466752],[-56.4956811,-16.7626069],[-56.5112052,-16.7820367],[-56.5440803,-16.7926482],[-56.5737441,-16.8222195],[-56.5770422,-16.8359765],[-56.6003584,-16.8381084],[-56.6044346,-16.8620414],[-56.6188556,-16.8718044],[-56.6082415,-16.8957457],[-56.6349967,-16.9334171],[-56.6246732,-16.9388946],[-56.620514,-16.9674053],[-56.6268003,-16.9902072],[-56.6107239,-16.9920885],[-56.5841957,-17.0227957],[-56.5893719,-17.0645813],[-56.5989216,-17.0692935],[-56.610824,-17.0912102],[-56.6328426,-17.1031493],[-56.6429073,-17.1601468],[-56.6579805,-17.1734474],[-56.6539532,-17.1848027],[-56.6731997,-17.2298546],[-56.6905663,-17.234663],[-56.7046918,-17.2586482],[-56.723658,-17.2609041],[-56.7032281,-17.2812383],[-56.6980493,-17.2854485],[-56.7014653,-17.2874875],[-56.712339,-17.2850527],[-56.7232719,-17.3084796]],[[-56.7232719,-17.3084796],[-56.715161,-17.318085],[-56.6831814,-17.3165664],[-56.663575,-17.3388297],[-56.6514596,-17.3265476],[-56.6167721,-17.3238074],[-56.5958923,-17.3325444],[-56.5749373,-17.3281327],[-56.5656558,-17.3155211],[-56.5510156,-17.3228763],[-56.5323742,-17.3129638],[-56.5138734,-17.3128227],[-56.5080719,-17.2952844],[-56.4773991,-17.305408],[-56.442331,-17.3312821],[-56.4325993,-17.3185875],[-56.38893,-17.3019463],[-56.3830663,-17.2879584],[-56.3606549,-17.2808443],[-56.3440177,-17.2852847],[-56.313541,-17.2694291],[-56.2978498,-17.2765881],[-56.2865701,-17.2704402],[-56.2690411,-17.239792],[-56.2337303,-17.2273371],[-56.2130102,-17.2259386],[-56.2004015,-17.2062734],[-56.1844615,-17.1945709],[-56.1288482,-17.1794232],[-56.1123441,-17.1663486],[-56.0827304,-17.1777458],[-56.0616804,-17.1707109],[-56.0554506,-17.1837167],[-56.0160675,-17.1902288],[-56.0185698,-17.2094581],[-56.0120377,-17.2366818],[-55.9917599,-17.2502234],[-55.9601547,-17.2501906],[-55.9469868,-17.2712912],[-55.9313674,-17.2646584],[-55.8865379,-17.2638991],[-55.8452305,-17.2986061],[-55.806508,-17.2980101],[-55.7898798,-17.3268005],[-55.7725398,-17.3320496],[-55.7612066,-17.323532],[-55.7215605,-17.3494956],[-55.7043718,-17.3516831],[-55.6892624,-17.3404395],[-55.6389256,-17.3497901],[-55.6263398,-17.3640297],[-55.6039003,-17.3667063]],[[-55.6039003,-17.3667063],[-55.4937449,-16.3891748],[-55.5077994,-16.3744335],[-55.529278,-16.3739463],[-55.5753269,-16.3493419],[-55.5972581,-16.3577456],[-55.6282091,-16.3308686],[-55.6531968,-16.3209309],[-55.6598614,-16.3046039],[-55.6778799,-16.2962255],[-55.6935758,-16.2998199],[-55.8886002,-16.1230821],[-55.9023794,-16.1282962],[-55.9295281,-16.1347384],[-55.9369759,-16.1511423],[-55.9426742,-16.1632895]],[[-58.2279688,-14.7699591],[-58.2142075,-14.8003867],[-58.2214541,-14.8228873],[-58.2363441,-14.8349407],[-58.2455668,-14.8724141],[-58.2354876,-14.9122567],[-58.1279489,-14.8898483],[-58.0597783,-14.9243151],[-58.0530202,-14.9342701],[-58.0581267,-14.9595921],[-58.03698,-14.9690636],[-58.0187416,-14.9908489],[-58.0176776,-15.0001655],[-57.7308509,-15.0001512],[-57.7138871,-15.0245399],[-57.6996115,-15.0419809],[-57.6889613,-15.0818207],[-57.6774802,-15.1044018],[-57.6699766,-15.1236924],[-57.6682429,-15.1307658]],[[-57.6682429,-15.1307658],[-57.6800367,-15.1501024]],[[-57.6800367,-15.1501024],[-57.658236,-15.1537416],[-57.6259125,-15.1744309],[-57.622042,-15.1992801],[-57.6056678,-15.2564573],[-57.5987728,-15.3029752]],[[-57.5987728,-15.3029752],[-57.6041047,-15.3269441],[-57.5866243,-15.3674449]],[[-57.5866243,-15.3674449],[-57.572238,-15.405773],[-57.5576636,-15.4264916]],[[-57.5576636,-15.4264916],[-57.5340567,-15.4465179],[-57.5227605,-15.4589862],[-57.5173217,-15.4675388]],[[-57.5173217,-15.4675388],[-57.5087813,-15.4882218],[-57.508048,-15.510007]],[[-57.508048,-15.510007],[-57.4953285,-15.5519077],[-57.4861862,-15.5777062],[-57.4914883,-15.6105298],[-57.4988617,-15.6267868],[-57.4970369,-15.6471637]],[[-57.4970369,-15.6471637],[-57.4911553,-15.6391466]],[[-57.4911553,-15.6391466],[-57.488844,-15.643471],[-57.4755828,-15.6380411],[-57.4853154,-15.637],[-57.4850238,-15.6336393],[-57.4620109,-15.630399],[-57.4450986,-15.6138215],[-57.4432259,-15.5990198],[-57.4489679,-15.5718397],[-57.4339693,-15.5491128],[-57.4293864,-15.5395738],[-57.4063572,-15.53092],[-57.3773498,-15.5362509],[-57.3770637,-15.5343544],[-57.3662063,-15.5144803],[-57.3672777,-15.4851787],[-57.3480948,-15.482286],[-57.3395772,-15.476858],[-57.324786,-15.454092],[-57.3151497,-15.449558],[-57.3148464,-15.4443067],[-57.3249385,-15.4229222],[-57.3262386,-15.4083507],[-57.3093309,-15.4104539],[-57.2923787,-15.3928698],[-57.2980936,-15.3734522],[-57.2983179,-15.3380264],[-57.2653728,-15.3293721],[-57.2370233,-15.3305704],[-57.2307238,-15.3222414],[-57.2338121,-15.3042815],[-57.2513269,-15.2919149],[-57.2464082,-15.2748322],[-57.2422434,-15.2671148],[-57.2454822,-15.2694362],[-57.24262,-15.2646137],[-57.2216354,-15.27041],[-57.1961142,-15.2575364],[-57.1838642,-15.2596711],[-57.1554123,-15.2382],[-57.1356407,-15.2325947],[-57.1204234,-15.2490674],[-57.0956174,-15.2517064],[-57.0855297,-15.2629276],[-57.0606186,-15.2702891],[-57.0241652,-15.2296697],[-57.050984,-15.2097541],[-57.0499217,-15.1984371],[-57.0044597,-15.2173389],[-56.9890958,-15.2221897],[-56.9706406,-15.2270028],[-56.9701357,-15.2329175],[-56.9714844,-15.2448172],[-56.9810578,-15.2704861],[-56.9633075,-15.2964495],[-56.9778045,-15.3030269],[-56.9880326,-15.3244788],[-57.0070183,-15.3359219],[-56.9778591,-15.350208],[-56.9890501,-15.3756408],[-56.9805808,-15.3820884]],[[-56.9805808,-15.3820884],[-56.9681509,-15.360726],[-56.9423404,-15.3253652],[-56.9204415,-15.2975025],[-56.8704732,-15.2270148],[-56.8509164,-15.2031671],[-56.8397947,-15.1932255]],[[-56.8397947,-15.1932255],[-56.8345408,-15.1760734],[-56.8138948,-15.1595829]],[[-56.8138948,-15.1595829],[-56.8218346,-15.13948]],[[-56.930694,-14.9488487],[-56.926965,-14.9366365]],[[-56.926965,-14.9366365],[-57.0010352,-14.890667],[-57.0455063,-14.9145176],[-57.0774781,-14.9164318],[-57.0844448,-14.8898612],[-57.0814015,-14.8752105],[-57.0873254,-14.8361187],[-57.1179102,-14.8510158],[-57.1291884,-14.8367399],[-57.1356608,-14.8159743],[-57.1411223,-14.8072862]],[[-57.1411223,-14.8072862],[-57.1466118,-14.8054164],[-57.1487324,-14.8017343],[-57.1826153,-14.8027264]],[[-57.1826153,-14.8027264],[-57.192215,-14.7968064],[-57.2332039,-14.8193126],[-57.236018,-14.8594639],[-57.2475729,-14.8645496],[-57.2690222,-14.8946577],[-57.2723409,-14.8984271],[-57.2585699,-14.910199],[-57.2484294,-14.9564539],[-57.2804857,-14.9497582],[-57.3320949,-14.9564011],[-57.3498723,-14.9496636],[-57.3819387,-14.9288151],[-57.4296825,-14.9222336],[-57.4200416,-14.9060785],[-57.4192017,-14.8669001],[-57.4494212,-14.8727896]],[[-57.4494212,-14.8727896],[-57.4610339,-14.8686588],[-57.4801797,-14.8804202],[-57.4851843,-14.880941],[-57.4964393,-14.8778362]],[[-57.4964393,-14.8778362],[-57.532294,-14.8956206],[-57.5773271,-14.9057883],[-57.5933817,-14.9127952]],[[-57.5933817,-14.9127952],[-57.6012024,-14.922354],[-57.611147,-14.9264404],[-57.6262129,-14.9257182]],[[-57.6262129,-14.9257182],[-57.6480712,-14.9156487],[-57.6788156,-14.9168714],[-57.7479335,-14.9127462]],[[-57.7479335,-14.9127462],[-57.7468641,-14.9159113]],[[-57.7468641,-14.9159113],[-57.739034,-14.9239479],[-57.7362984,-14.9486101],[-57.7327291,-14.9538074],[-57.727288,-14.9657709],[-57.7351974,-14.9750978],[-57.7551506,-14.970047],[-57.7639787,-14.9588329],[-57.7868788,-14.9505914],[-57.8086733,-14.9215658],[-57.8308282,-14.8514539],[-57.8834948,-14.8168934],[-57.9019681,-14.8158038],[-57.9040328,-14.829252],[-57.9422773,-14.8121812],[-57.9731842,-14.7886413],[-57.9851935,-14.7931097],[-58.0096381,-14.7629965],[-58.0391022,-14.7610565],[-58.0555801,-14.7507116],[-58.0748218,-14.752098],[-58.1022531,-14.7461372],[-58.1272239,-14.7228723],[-58.1419058,-14.7181439],[-58.1595798,-14.7168496],[-58.1913734,-14.7246136],[-58.2032603,-14.7449186],[-58.2149309,-14.759177],[-58.2200977,-14.7650713],[-58.221558,-14.7662171],[-58.2279688,-14.7699591]],[[-58.7532903,-14.5921467],[-58.7567386,-14.5937491]],[[-58.7567386,-14.5937491],[-58.762029,-14.6193015],[-58.7631064,-14.6608209],[-58.7726638,-14.6689779],[-58.7738154,-14.6898414],[-58.7629694,-14.7036686],[-58.763203,-14.7246101],[-58.7762623,-14.7487666],[-58.7953864,-14.764524],[-58.8002683,-14.7801048],[-58.7833274,-14.8084095],[-58.8283007,-14.875589],[-58.8513186,-14.9214851],[-58.8596437,-14.9647552],[-58.8552437,-14.9859379]],[[-58.8552437,-14.9859379],[-58.8541774,-15.0000717]],[[-58.8541774,-15.0000717],[-58.7222719,-15.0000002]],[[-58.7222719,-15.0000002],[-58.7205704,-14.9893282]],[[-58.7205704,-14.9893282],[-58.7110734,-14.9760257],[-58.674783,-14.964358],[-58.6646175,-14.9386105],[-58.6427485,-14.9135001],[-58.6515646,-14.8938653],[-58.6242071,-14.8656281],[-58.6222605,-14.8389775],[-58.6197831,-14.8311627],[-58.6203657,-14.8297758]],[[-58.6203657,-14.8297758],[-58.6223758,-14.8226616]],[[-58.6223758,-14.8226616],[-58.6435164,-14.8014722],[-58.644289,-14.7826753],[-58.6688853,-14.7566631]],[[-58.6688853,-14.7566631],[-58.6610399,-14.7474462],[-58.6636991,-14.7363217],[-58.6646211,-14.7344677],[-58.6731863,-14.7296073]],[[-58.6731863,-14.7296073],[-58.675807,-14.719192],[-58.6760662,-14.7125891],[-58.6904565,-14.6939992],[-58.7222391,-14.6534884],[-58.7525113,-14.6340994],[-58.7532903,-14.5921467]],[[-52.0118172,-14.8034419],[-52.0213097,-14.8046663]],[[-52.0213097,-14.8046663],[-52.0554068,-14.8299216],[-52.0684005,-14.8458946],[-52.0907924,-14.860596],[-52.1094758,-14.8619486],[-52.1352167,-14.9005226],[-52.1391724,-14.9157472],[-52.1762679,-14.9280154],[-52.1853824,-14.9365734],[-52.2151203,-14.9451141],[-52.2432638,-14.9671081],[-52.2855596,-15.0177693],[-52.3161556,-15.0315862],[-52.3426646,-15.0354335],[-52.3647886,-15.0280769],[-52.3823001,-15.0097052],[-52.3850029,-14.9896684],[-52.397271,-14.9797479],[-52.4253977,-14.9745688],[-52.4510253,-14.9526186],[-52.4906957,-14.9745097],[-52.5042877,-15.0253109],[-52.4970063,-15.0983127],[-52.5063017,-15.1116671],[-52.5162884,-15.1412107],[-52.5090445,-15.1562398],[-52.5240844,-15.1768662],[-52.5540142,-15.1469676],[-52.5572798,-15.1235946],[-52.5732553,-15.0959407],[-52.5899392,-15.0499096],[-52.5867712,-15.034742],[-52.5952252,-15.0014469],[-52.6046142,-14.9910228],[-52.5992091,-14.9524464],[-52.6121534,-14.9296376],[-52.6322655,-14.9247779],[-52.640324,-14.9088124],[-52.6363136,-14.8921],[-52.6462832,-14.873157],[-52.6776719,-14.8616596]],[[-52.6776719,-14.8616596],[-52.6917079,-14.8873477]],[[-52.6917079,-14.8873477],[-52.6988442,-14.9188528],[-52.7219639,-14.9351588],[-52.7292115,-14.9696222],[-52.726635,-14.9814083],[-52.7390997,-15.0227452],[-52.7610299,-15.0564965],[-52.816717,-15.1079764],[-52.8405848,-15.1246663],[-52.8616192,-15.1666706],[-52.900624,-15.2175563],[-52.8985981,-15.2360542],[-52.9217532,-15.244306],[-52.9453391,-15.2745242],[-52.9573279,-15.2711533],[-53.0095918,-15.2714545],[-53.0213435,-15.2617758],[-53.0439582,-15.2743272],[-53.0538045,-15.2478765],[-53.0811622,-15.250698],[-53.1167952,-15.2299211],[-53.1450816,-15.2352825],[-53.1844342,-15.2224513]],[[-53.1844342,-15.2224513],[-53.1934542,-15.2190009],[-53.1960921,-15.2130685],[-53.198845,-15.2115856],[-53.2021198,-15.212485],[-53.212055,-15.2229426]],[[-53.212055,-15.2229426],[-53.2239704,-15.2285944],[-53.2552418,-15.2374744],[-53.2651212,-15.2503035],[-53.297407,-15.2951089]],[[-53.297407,-15.2951089],[-53.3031591,-15.3039002],[-53.303043,-15.3066419],[-53.2999669,-15.3124853],[-53.292653,-15.3114501],[-53.2929198,-15.3135973],[-53.2970531,-15.3169575],[-53.2962151,-15.3202085],[-53.2913009,-15.3235722]],[[-53.2913009,-15.3235722],[-53.2839069,-15.3277097],[-53.2743877,-15.3368716],[-53.2669981,-15.3516132],[-53.2407364,-15.381843],[-53.2206833,-15.3993094],[-53.2145244,-15.4240536],[-53.2033771,-15.4338119],[-53.1722127,-15.4348725],[-53.1658505,-15.4448605],[-53.1596949,-15.4931646],[-53.1358032,-15.5048945],[-53.1253364,-15.5201263],[-53.1367657,-15.5379058],[-53.1275176,-15.5541434],[-53.1086288,-15.5481786],[-53.0735737,-15.5467181],[-53.0635111,-15.5578804],[-53.0438195,-15.5590621],[-53.0185678,-15.5402966],[-53.01538,-15.5242792],[-52.992614,-15.5174751],[-52.952522,-15.5223376],[-52.9249589,-15.5199916],[-52.8917264,-15.5094982],[-52.850959,-15.4829579],[-52.8301325,-15.4597658],[-52.8031985,-15.4455226],[-52.7785262,-15.4649407],[-52.7604347,-15.4645646],[-52.7516777,-15.4792718],[-52.7276268,-15.4786371],[-52.715813,-15.5045462],[-52.7155565,-15.5103351],[-52.716558,-15.5175608],[-52.7146928,-15.5254088],[-52.7038253,-15.5614154],[-52.7085073,-15.5637429],[-52.7156378,-15.5653817],[-52.7228236,-15.5684981],[-52.739595,-15.5950659],[-52.7544211,-15.6062408],[-52.7648486,-15.6268896],[-52.759581,-15.6397564],[-52.7722144,-15.6565897],[-52.7611187,-15.66745],[-52.7659759,-15.6812842],[-52.754427,-15.7136302],[-52.7509313,-15.7213631]],[[-52.7509313,-15.7213631],[-52.7368748,-15.7238431]],[[-52.7368748,-15.7238431],[-52.7273311,-15.7384919],[-52.7213672,-15.7417703],[-52.6920091,-15.7196455],[-52.6678055,-15.7278769],[-52.6161337,-15.7714267],[-52.6057366,-15.7742403],[-52.6076699,-15.7991862],[-52.5671463,-15.8303449],[-52.5461993,-15.8303633],[-52.5328611,-15.850209],[-52.5039371,-15.8632713],[-52.4432643,-15.873727],[-52.4245043,-15.8808257],[-52.3694998,-15.8865916],[-52.3247564,-15.9056975],[-52.2990733,-15.9117081],[-52.2681228,-15.8981215],[-52.2599012,-15.9041304]],[[-52.2599012,-15.9041304],[-52.2479693,-15.8901847],[-52.2159323,-15.8915822],[-52.1900371,-15.8813254],[-52.1751265,-15.8880196],[-52.1313821,-15.8954985],[-52.1096389,-15.882653],[-52.0733217,-15.8816546],[-52.0605909,-15.8871222],[-52.0095332,-15.8858115],[-51.9949235,-15.8707443],[-51.9849342,-15.8407217]],[[-52.181638,-15.8053721],[-52.1624159,-15.7877678],[-52.1578627,-15.7713322]],[[-52.1590511,-15.7620607],[-52.1550549,-15.7415752],[-52.1564069,-15.7260962],[-52.1603925,-15.7194148]],[[-51.9377878,-11.8899442],[-51.9684212,-11.9068742],[-51.9735286,-11.9147794]],[[-52.1156501,-11.9909924],[-52.1366238,-11.9841457]],[[-52.1366238,-11.9841457],[-52.1274902,-12.0079165],[-52.1159705,-12.0197622],[-52.107991,-12.0283398],[-52.1148691,-12.035942],[-52.1185076,-12.0888417],[-52.1214699,-12.0939059],[-52.1503892,-12.1188026],[-52.1462944,-12.1323619],[-52.164601,-12.1588619],[-52.1607173,-12.1663363],[-52.1690733,-12.1758387],[-52.1721606,-12.1877277],[-52.1613622,-12.1952084],[-52.1653637,-12.208229],[-52.1587876,-12.2197271],[-52.1601063,-12.2259443],[-52.1623319,-12.2314657],[-52.1573486,-12.2318155],[-52.148149,-12.2347402],[-52.1175399,-12.2731497],[-52.0883092,-12.284979],[-52.0829403,-12.2789722],[-52.0663869,-12.2841999],[-52.0691855,-12.2845812]],[[-52.0691855,-12.2845812],[-52.0640518,-12.2900413]],[[-52.0640518,-12.2900413],[-52.0444762,-12.2731778],[-52.0343393,-12.2736353],[-52.0040617,-12.3089574],[-51.9852771,-12.3134733],[-51.9856347,-12.2846526],[-51.9725239,-12.2668425],[-51.9494553,-12.2456407],[-51.9461418,-12.2443574],[-51.942264,-12.2446591],[-51.9437025,-12.258023],[-51.9237983,-12.2784984],[-51.927977,-12.3154321],[-51.9094299,-12.3512675],[-51.9189031,-12.3635693],[-51.9077495,-12.3838241],[-51.9169361,-12.396608],[-51.9083238,-12.4261913],[-51.9093959,-12.4310765],[-51.91096,-12.4375712],[-51.9072248,-12.4395846],[-51.915608,-12.4475136],[-51.912934,-12.4471898],[-51.9101878,-12.4523665],[-51.89974,-12.473671],[-51.905777,-12.4954791],[-51.9040175,-12.4988889],[-51.8970638,-12.5064912],[-51.8825278,-12.5174771],[-51.86731,-12.5173603],[-51.8342048,-12.5419243],[-51.8198995,-12.5475446],[-51.7756787,-12.5359788],[-51.7549192,-12.5412501],[-51.7323869,-12.5417588],[-51.7233291,-12.5414912],[-51.695468,-12.5298825],[-51.6646106,-12.5174869],[-51.6475492,-12.5004307],[-51.6498782,-12.471367],[-51.5384941,-12.4436519],[-51.4244175,-12.4572123],[-51.4242305,-12.4647907],[-51.3824515,-12.4613209],[-51.3638285,-12.4511237],[-51.3302952,-12.4238179],[-51.3141215,-12.4196012],[-51.2919963,-12.4035159],[-51.2748757,-12.3976538],[-51.2522641,-12.4135474],[-51.2200624,-12.4197858],[-51.2040674,-12.4287622],[-51.191436,-12.4344579],[-51.1769696,-12.4281766],[-51.130521,-12.4367595]],[[-51.130521,-12.4367595],[-51.1303475,-12.4331062]],[[-51.1303475,-12.4331062],[-51.1276155,-12.422504],[-51.1408557,-12.4280088],[-51.1398823,-12.4187328],[-51.1483381,-12.4109223],[-51.1565079,-12.4098135],[-51.1703118,-12.3943875],[-51.2402159,-12.3545356],[-51.2499366,-12.3427708],[-51.2763389,-12.3393545],[-51.2791429,-12.347246]],[[-51.2791429,-12.347246],[-51.2834544,-12.3470289]],[[-51.2834544,-12.3470289],[-51.3062715,-12.34717],[-51.3168588,-12.3284391],[-51.3533353,-12.3306969],[-51.3666259,-12.3103018],[-51.3702882,-12.2762909],[-51.3965766,-12.2291554],[-51.3877093,-12.2027949],[-51.3962311,-12.1865056],[-51.4221882,-12.1788537],[-51.4420239,-12.1506353],[-51.4737196,-12.1349221],[-51.5015246,-12.1048202],[-51.5079218,-12.0922229],[-51.5420484,-12.0603745],[-51.5412892,-12.0494529],[-51.5573307,-12.0250657],[-51.5842595,-12.0213084],[-51.5945575,-12.0059643],[-51.5941948,-11.9923004],[-51.6205169,-11.9741137],[-51.6474501,-11.9736288]],[[-51.6474501,-11.9736288],[-51.6593799,-11.9661477]],[[-58.3432085,-10.9509142],[-58.3450545,-10.9541553],[-58.3637782,-10.9613433]],[[-58.3637782,-10.9613433],[-58.3854702,-10.9931146],[-58.3791646,-11.0088786],[-58.3836142,-11.0223344],[-58.3722166,-11.0441303],[-58.3564942,-11.058794],[-58.3447127,-11.0961045],[-58.3501861,-11.1101609],[-58.3589094,-11.1221276],[-58.3440341,-11.1425344],[-58.3372763,-11.1564845],[-58.3398545,-11.1674595],[-58.3545983,-11.1864699],[-58.3608731,-11.2087909],[-58.3768347,-11.2245377],[-58.3750164,-11.2388827]],[[-58.3750164,-11.2388827],[-58.3712784,-11.2470894],[-58.3744669,-11.2547275],[-58.3768136,-11.2618583],[-58.3704143,-11.2656181],[-58.3540604,-11.2620134],[-58.3316316,-11.2703938],[-58.3324168,-11.2824434],[-58.3457846,-11.2959207],[-58.3300061,-11.3260131],[-58.3411301,-11.3539441],[-58.3372454,-11.3791154],[-58.3401349,-11.4056923],[-58.330878,-11.4273847],[-58.3192078,-11.434889],[-58.325213,-11.448926],[-58.3329828,-11.4708238],[-58.3361659,-11.5033411],[-58.3814597,-11.5326649],[-58.3871413,-11.6018265],[-58.4141149,-11.6120009],[-58.4167373,-11.6392249],[-58.4031042,-11.6575829],[-58.3908297,-11.7132621],[-58.3935057,-11.7494203],[-58.3898274,-11.7623625],[-58.3938875,-11.7932035],[-58.4020318,-11.81404],[-58.4138189,-11.8219407],[-58.4274631,-11.8468019],[-58.4334903,-11.869368],[-58.4330057,-11.9039994]],[[-58.4330057,-11.9039994],[-58.4333649,-11.9118232],[-58.4369435,-11.9154863],[-58.4481336,-11.9222397]],[[-58.4481336,-11.9222397],[-58.4591482,-11.9492618],[-58.4660089,-11.9563693],[-58.4619694,-11.9878058],[-58.4687148,-12.0097582],[-58.4867394,-12.0336608],[-58.4914932,-12.1235587],[-58.4773916,-12.1422846],[-58.4746244,-12.1669445],[-58.4854641,-12.1752779],[-58.4915854,-12.2021619],[-58.5186629,-12.2509917],[-58.5265536,-12.2619674],[-58.5251617,-12.2782846],[-58.5098063,-12.2897196],[-58.5063171,-12.3023258],[-58.4864773,-12.2994827],[-58.4939486,-12.3269863],[-58.4911689,-12.3529455],[-58.4724394,-12.3581066],[-58.4664188,-12.397485],[-58.4440641,-12.4382711],[-58.4586037,-12.460238],[-58.439405,-12.502264],[-58.4238248,-12.5139384],[-58.4456414,-12.5391272],[-58.4492087,-12.550106],[-58.4345993,-12.5733724],[-58.428073,-12.6097499],[-58.4143716,-12.6258883],[-58.4141415,-12.6599742],[-58.3999635,-12.6768599],[-58.4110066,-12.6977937],[-58.4038379,-12.7112085],[-58.4077985,-12.7268033],[-58.3967018,-12.7475519],[-58.4029711,-12.7735868],[-58.4002947,-12.7912678],[-58.3834069,-12.8228092],[-58.3554108,-12.8239037],[-58.3523641,-12.8426653],[-58.3510674,-12.8540299],[-58.3418092,-12.8750345],[-58.3364082,-12.8832089],[-58.3283938,-12.884091],[-58.3129458,-12.9091514],[-58.2947808,-12.9198527]],[[-58.2947808,-12.9198527],[-58.2714194,-12.9416223]],[[-58.2714194,-12.9416223],[-58.2675706,-12.9510449],[-58.2360963,-12.9712941],[-58.2123255,-12.9730074],[-58.2067159,-12.9803182],[-58.2057018,-12.9880479],[-58.1952466,-13.0165585],[-58.1849246,-13.02548],[-58.1895178,-13.0408288],[-58.1739323,-13.0465366],[-58.1827789,-13.0618976],[-58.178073,-13.0769013],[-58.1818332,-13.0989767],[-58.1764668,-13.1392576],[-58.1799244,-13.1558792],[-58.1721191,-13.1804312],[-58.1562828,-13.1938404],[-58.1563426,-13.2110853],[-58.1347759,-13.234703],[-58.1130962,-13.2407953],[-58.0954475,-13.2351688],[-58.0716083,-13.2364908],[-58.0624543,-13.2443335],[-57.9211717,-13.2072986],[-57.7491498,-13.2696307],[-57.7216174,-13.2120748],[-57.7023904,-13.196995],[-57.6967395,-13.1846268],[-57.6699619,-13.162072],[-57.5894082,-13.1521411],[-57.5722786,-13.1613013],[-57.5502777,-13.1518657],[-57.5266516,-13.1561052],[-57.4937617,-13.1510558]],[[-57.4937617,-13.1510558],[-57.4813401,-13.1517427]],[[-57.4813401,-13.1517427],[-57.464368,-13.1393388],[-57.4071896,-13.1085106],[-57.3948063,-13.0903952],[-57.3667669,-13.073723],[-57.3434927,-13.0496097],[-57.3269612,-13.0402306],[-57.3239832,-13.0260225],[-57.3103328,-13.012686],[-57.311429,-12.9796989],[-57.300489,-12.9607786],[-57.3076365,-12.9060389],[-57.3306442,-12.8831938],[-57.3491386,-12.8746764],[-57.3700381,-12.8520826],[-57.3907219,-12.8146752],[-57.3955451,-12.7907346],[-57.4104545,-12.7671069],[-57.4062129,-12.7322454],[-57.3959624,-12.7130668],[-57.412748,-12.6801385],[-57.4116086,-12.6476214],[-57.4203918,-12.6217138],[-57.4414823,-12.5794425],[-57.4339257,-12.5219414],[-57.4401279,-12.4784739],[-57.4537578,-12.4601385],[-57.4725891,-12.4434562],[-57.4787552,-12.4246493],[-57.4946634,-12.4125218],[-57.5362094,-12.3991912],[-57.5374086,-12.3836159],[-57.5639246,-12.3812388],[-57.5907389,-12.3528675],[-57.6267637,-12.3405007],[-57.6242659,-12.3210806],[-57.6331111,-12.2920947],[-57.6539668,-12.2807672]],[[-57.6539668,-12.2807672],[-57.6491039,-12.2787378],[-57.6472213,-12.2757747],[-57.6412278,-12.2605755],[-57.6434164,-12.2562431],[-57.6530693,-12.2524011],[-57.6592403,-12.2462166],[-57.6684484,-12.247435]],[[-57.6684484,-12.247435],[-57.6862191,-12.2228746]],[[-57.6862191,-12.2228746],[-57.6980499,-12.2241358],[-57.7208414,-12.219396],[-57.7248733,-12.2134611]],[[-57.7248733,-12.2134611],[-57.7407588,-12.1970406]],[[-57.7407588,-12.1970406],[-57.7493814,-12.1741382],[-57.7766853,-12.1718163],[-57.7922785,-12.152376],[-57.8161473,-12.1403848],[-57.8346489,-12.1394461],[-57.8443859,-12.1142719],[-57.8718123,-12.1131444],[-57.8797858,-12.0949423],[-57.8706683,-12.0802613],[-57.8668099,-12.0534487],[-57.870473,-12.0313156],[-57.8644375,-12.0219375],[-57.8714556,-12.0031922],[-57.863047,-11.9869561],[-57.8723515,-11.9793957],[-57.8900711,-11.9825272],[-57.8966319,-11.950935],[-57.8876013,-11.937574],[-57.9084297,-11.9144665],[-57.9289186,-11.9045572],[-57.928113,-11.8803303],[-57.9510924,-11.8649558],[-57.9639419,-11.8491569],[-57.964512,-11.8272016],[-57.9751764,-11.8075889],[-57.9979098,-11.7896008],[-58.0131436,-11.7868613],[-58.0328518,-11.7698896],[-58.0520949,-11.7385356],[-58.0451549,-11.7127032],[-58.075178,-11.694534],[-58.0668414,-11.6540838],[-58.0689054,-11.6288866],[-58.0838795,-11.6159719],[-58.0763145,-11.5989298],[-58.0929409,-11.5794096],[-58.1228954,-11.5693718],[-58.1406324,-11.5141945],[-58.1731824,-11.5107611],[-58.1779089,-11.4884434],[-58.1395116,-11.4538944],[-58.1565112,-11.4164004],[-58.1429095,-11.3866031],[-58.1280195,-11.3282014],[-58.1278234,-11.2807336],[-58.1516849,-11.2673925],[-58.1840835,-11.2891215],[-58.2013485,-11.2769864],[-58.1978905,-11.2585367],[-58.2287409,-11.2424898],[-58.2351905,-11.2173617],[-58.2581001,-11.1896535],[-58.2773702,-11.1868279],[-58.2762803,-11.1637234],[-58.2482362,-11.1271177],[-58.2542868,-11.1006871],[-58.2485883,-11.0886358],[-58.255091,-11.0736354],[-58.2514188,-11.0503747],[-58.271441,-11.0323324],[-58.2766813,-11.0098759],[-58.2919619,-11.0011737],[-58.3057756,-11.0092613],[-58.3186913,-10.986732],[-58.3290291,-10.9662173],[-58.3432085,-10.9509142]],[[-57.508048,-15.510007],[-57.7122475,-15.4545028],[-57.7091542,-15.4680905]],[[-57.7091542,-15.4680905],[-57.7009488,-15.4783665],[-57.7003076,-15.5047862]],[[-57.7003076,-15.5047862],[-57.7069318,-15.5162937],[-57.7003865,-15.5398515],[-57.6947984,-15.5666302],[-57.7028327,-15.5775187],[-57.6970019,-15.6023934],[-57.712819,-15.6469122],[-57.7056264,-15.66463],[-57.7048079,-15.7125352],[-57.7048576,-15.719285],[-57.7118088,-15.7224858],[-57.7326533,-15.7152334],[-57.742488,-15.7096284],[-57.7496157,-15.6868937],[-57.7603564,-15.6802212]],[[-57.7603564,-15.6802212],[-57.7999183,-15.7756567],[-57.8063128,-15.7754581]],[[-57.8063128,-15.7754581],[-57.819752,-15.7681027],[-57.8898934,-15.7502281]],[[-57.8898934,-15.7502281],[-57.9028803,-15.7362364],[-57.9217194,-15.7313145],[-57.9340618,-15.7163389],[-57.9659591,-15.7143292],[-57.9768715,-15.7738848],[-57.9667933,-15.7711616],[-57.9505454,-15.789951],[-57.9344083,-15.7984635],[-57.9436565,-15.8209941],[-57.9791159,-15.8125079],[-58.0013899,-15.8235249],[-58.0401504,-15.8208795],[-58.068174,-15.8296166],[-58.0822679,-15.8172664],[-58.1008477,-15.8289413],[-58.1084861,-15.8432673]],[[-58.1084861,-15.8432673],[-58.1230711,-15.8482718],[-58.1321063,-15.8473229]],[[-58.1321063,-15.8473229],[-58.1394396,-15.8600274]],[[-58.1394396,-15.8600274],[-58.1526249,-15.8626726],[-58.1576412,-15.8687691],[-58.1595042,-15.8743882],[-58.1575857,-15.8835746]],[[-58.1575857,-15.8835746],[-58.1683797,-15.9092833],[-58.1705515,-15.9405495],[-58.1681923,-15.9429012],[-58.1675682,-15.9563486],[-58.1663659,-15.9667189],[-58.1601385,-15.984109],[-58.16234,-16.0032502],[-58.1521187,-16.0252465],[-58.1518844,-16.0445588],[-58.1705243,-16.0456871],[-58.2129943,-16.0385263],[-58.2207787,-16.026106],[-58.2362123,-16.0355352],[-58.2570952,-16.0258412],[-58.2675272,-16.0125093],[-58.2968147,-15.9929633],[-58.2886168,-15.9514097],[-58.3069562,-15.9232049],[-58.3493711,-15.9146061],[-58.3605884,-15.8994974],[-58.3825413,-15.88599],[-58.3858242,-15.8852781],[-58.3907618,-15.8848077]],[[-58.3907618,-15.8848077],[-58.4107783,-15.8905589]],[[-58.4107783,-15.8905589],[-58.4257094,-15.9061444],[-58.4531327,-15.9214324],[-58.4856719,-15.9299985],[-58.4983425,-15.940825],[-58.52753,-15.9478526],[-58.5571152,-15.9501049],[-58.5817426,-15.9424907],[-58.5970394,-15.963631],[-58.63099,-15.9810376],[-58.6429116,-16.0052716],[-58.6674847,-16.016426],[-58.6839439,-16.0196995],[-58.6906368,-16.0299987],[-58.6936359,-16.0367068],[-58.6861984,-16.0719774],[-58.7037806,-16.0925277],[-58.7036073,-16.1114013],[-58.7144341,-16.1409254],[-58.7367749,-16.1520597],[-58.7624176,-16.1743385],[-58.7706641,-16.1909894],[-58.7715167,-16.214824],[-58.7860402,-16.2382282],[-58.7921588,-16.2466425],[-58.7954254,-16.2575861],[-58.7861909,-16.3068836]],[[-58.7861909,-16.3068836],[-58.4304714,-16.321295],[-58.3941679,-16.2967772],[-58.388701,-16.2610025],[-58.3657234,-16.2733408],[-58.3284134,-16.2704522],[-58.3031109,-16.3076866],[-58.3071421,-16.37019],[-58.3244181,-16.3779771],[-58.3447791,-16.4001511],[-58.3561672,-16.4263463],[-58.3337504,-16.4900151],[-58.3438582,-16.5177267],[-58.3860655,-16.5435927],[-58.3938376,-16.5628727],[-58.4213356,-16.5735517],[-58.4360882,-16.5923583],[-58.4631091,-16.6522195],[-58.4608947,-16.6666972],[-58.4705849,-16.7030229],[-58.4667588,-16.7208244],[-58.4734442,-16.7451697],[-58.466673,-16.7568816],[-58.4633956,-16.7924473],[-58.4719762,-16.7914423],[-58.4760304,-16.8274445],[-58.4618988,-16.8410824],[-58.4669236,-16.9110622],[-58.474419,-16.9349574],[-58.456752,-16.9399572],[-58.4609536,-16.964724],[-58.4315048,-16.9908198],[-58.4355927,-17.007606],[-58.4302004,-17.0295555],[-58.4305889,-17.0722635],[-58.4235325,-17.1132338],[-58.3958657,-17.1046488],[-58.3872829,-17.11886],[-58.3975624,-17.136756],[-58.3970015,-17.1815511],[-58.3696428,-17.2003801],[-58.3460059,-17.2327389],[-58.3034755,-17.2702707],[-58.2942018,-17.2844766],[-58.2982326,-17.2988248],[-58.2782571,-17.2991959],[-58.2765591,-17.323738],[-58.2636993,-17.3303832],[-58.2635877,-17.344677],[-58.2169192,-17.3601514],[-58.2022021,-17.3570336],[-58.1951426,-17.3689577],[-58.1980576,-17.3861164],[-58.1772016,-17.3915664],[-58.1531693,-17.3836439],[-58.1454784,-17.4136682],[-58.1228699,-17.4146831],[-58.12073,-17.4476394],[-58.0892817,-17.461136],[-58.0601442,-17.450721],[-58.0495309,-17.4630302],[-58.0433869,-17.4926684],[-58.0232231,-17.4943845],[-58.0003626,-17.5058113],[-57.996367,-17.5156033],[-57.9626362,-17.5003351],[-57.8834421,-17.449542],[-57.7522947,-17.5644631],[-57.7400515,-17.5363052],[-57.7280576,-17.5297479],[-57.7117495,-17.5444039],[-57.710948,-17.5660774],[-57.692718,-17.6270095]],[[-57.692718,-17.6270095],[-57.6777687,-17.6049821],[-57.6428565,-17.6079035],[-57.6158438,-17.5983511],[-57.6064612,-17.5820629],[-57.5757362,-17.5757858],[-57.5369995,-17.546767],[-57.5007785,-17.5355866],[-57.4765992,-17.5018055],[-57.4800783,-17.4806486],[-57.4580153,-17.4711592],[-57.4450694,-17.448679],[-57.4313877,-17.4423536],[-57.4271189,-17.4192108],[-57.4064293,-17.4108184],[-57.403767,-17.3993139],[-57.3840643,-17.3925925],[-57.3680312,-17.3532895],[-57.3375953,-17.3587062],[-57.3344796,-17.2815704],[-57.3489843,-17.2451632],[-57.3343946,-17.2076327],[-57.354199,-17.1976022],[-57.3489221,-17.1809934],[-57.3674229,-17.1557963],[-57.3682453,-17.1134003],[-57.3886063,-17.0805706],[-57.3917574,-17.0618595],[-57.4050306,-17.0630164],[-57.398106,-17.0381528],[-57.3821018,-17.0265384],[-57.3883054,-17.0112331],[-57.385486,-16.9885463],[-57.4104597,-16.9505195],[-57.4342226,-16.9338983],[-57.4322886,-16.920566],[-57.4057142,-16.8750581],[-57.3825739,-16.8775958],[-57.371247,-16.8586746],[-57.3745545,-16.8422564],[-57.3629903,-16.8248149],[-57.3772443,-16.8067279],[-57.374104,-16.785202],[-57.397614,-16.7760045],[-57.3886864,-16.7641724],[-57.4049553,-16.7371005],[-57.4051913,-16.7033394],[-57.3952438,-16.6793792],[-57.4007829,-16.6475823],[-57.3961891,-16.633043],[-57.3691818,-16.6263659],[-57.3432,-16.6130428],[-57.3309781,-16.6152466],[-57.3217012,-16.6005492],[-57.2920778,-16.5947991],[-57.2648671,-16.577048],[-57.2637467,-16.5683068],[-57.235704,-16.5439164],[-57.2130929,-16.5420925],[-57.1885229,-16.5283944],[-57.1839902,-16.5002431],[-57.1866954,-16.4746715],[-57.1653527,-16.4407468],[-57.1321875,-16.435855],[-57.0986829,-16.4207246],[-57.0757555,-16.4198972],[-57.0816724,-16.3818691],[-57.0786586,-16.3538507],[-57.0827205,-16.3196574],[-57.0735735,-16.2935506],[-57.07174,-16.2678617],[-57.0824914,-16.2286982],[-57.0806032,-16.2146037],[-57.0907733,-16.200618],[-57.0961129,-16.1734483],[-57.1212704,-16.1502464],[-57.1266112,-16.1338745],[-57.1098926,-16.0989864],[-57.1165519,-16.0574896],[-57.1275791,-16.0406194],[-57.143876,-16.0398623],[-57.1518661,-16.0098416],[-57.1506491,-15.9972546],[-57.1310585,-15.9822563],[-57.1334012,-15.9647845],[-57.1174722,-15.9589544],[-57.1031099,-15.9284607],[-57.0879037,-15.9136299],[-57.0784963,-15.8814812],[-57.0528951,-15.8644984],[-57.0486892,-15.8509859],[-57.0258268,-15.8310056],[-57.0172834,-15.8185912],[-57.0137448,-15.8115427]],[[-57.0137448,-15.8115427],[-57.0081938,-15.7858415]],[[-57.0081938,-15.7858415],[-57.0141778,-15.7672078],[-57.0087429,-15.7414684],[-57.224797,-15.8508752]],[[-57.224797,-15.8508752],[-57.233701,-15.8230035],[-57.2249568,-15.7905895],[-57.2511895,-15.7948108],[-57.2560139,-15.8021982]],[[-57.2560139,-15.8021982],[-57.2701856,-15.8293355],[-57.2783267,-15.8578296]],[[-57.2783267,-15.8578296],[-57.2857141,-15.862051]],[[-57.2857141,-15.862051],[-57.2829408,-15.8456835],[-57.27953,-15.835977],[-57.2799805,-15.8315827],[-57.2859958,-15.8262634],[-57.2955453,-15.821503]],[[-57.2955453,-15.821503],[-57.3034954,-15.8162995],[-57.3167603,-15.8026041],[-57.3082409,-15.7828572],[-57.3183241,-15.769333],[-57.3205402,-15.7574932],[-57.3262435,-15.7515593],[-57.3505194,-15.7263777],[-57.3523574,-15.7254553],[-57.3753901,-15.7155986],[-57.3828398,-15.7164336],[-57.4003869,-15.720443],[-57.4061961,-15.7195305],[-57.4199,-15.7367116],[-57.4504227,-15.7548159],[-57.4884318,-15.7454834],[-57.5177226,-15.7462996],[-57.5189751,-15.7299084],[-57.510754,-15.6958026],[-57.4848834,-15.6583345],[-57.4988429,-15.6514703]],[[-57.4988429,-15.6514703],[-57.4970369,-15.6471637]],[[-53.1010202,-13.6350788],[-53.1056514,-13.6331141]],[[-53.1056514,-13.6331141],[-53.1132895,-13.6377179],[-53.121097,-13.6417079],[-53.136794,-13.6603347],[-53.1426771,-13.6751295],[-53.1539211,-13.6822626],[-53.1600753,-13.6930832],[-53.1674246,-13.7119066],[-53.1996279,-13.7307511],[-53.2128391,-13.7515696],[-53.2175509,-13.7664148]],[[-53.2175509,-13.7664148],[-53.2237529,-13.7801646]],[[-53.2237529,-13.7801646],[-53.2489569,-13.8022193],[-53.2504098,-13.8190331],[-53.2512958,-13.8294004],[-53.2564192,-13.8516896],[-53.2571671,-13.8717931],[-53.2632712,-13.885357],[-53.2667569,-13.8962407],[-53.2850675,-13.9093671],[-53.2996764,-13.9486949],[-53.3162124,-13.96008],[-53.327226,-14.003364],[-53.3461176,-14.001963],[-53.3450881,-14.0209722],[-53.359339,-14.0245618],[-53.3657872,-14.0664759],[-53.3616083,-14.0887619],[-53.3659805,-14.1039066],[-53.3644341,-14.1363569],[-53.3762363,-14.1655235],[-53.4004123,-14.1829495],[-53.3976038,-14.1926182],[-53.416056,-14.211298],[-53.4195002,-14.2299127],[-53.4333047,-14.2482412],[-53.4549233,-14.2640159],[-53.4540646,-14.2889968],[-53.4610141,-14.3117743],[-53.458756,-14.3235115],[-53.4573076,-14.3442467],[-53.457023,-14.3603068],[-53.4522516,-14.3670694],[-53.457805,-14.3944978],[-53.4662859,-14.4010077]],[[-53.4662859,-14.4010077],[-53.4671637,-14.4034857]],[[-53.4671637,-14.4034857],[-53.4607534,-14.4048813],[-53.4540049,-14.411384],[-53.4544968,-14.4291242],[-53.4413282,-14.4447336],[-53.4435762,-14.478714],[-53.4075019,-14.4816439],[-53.3881887,-14.5265619],[-53.3731541,-14.536799],[-53.3509478,-14.5786012],[-53.3534188,-14.6169749],[-53.3673415,-14.6373022],[-53.3779049,-14.6927729],[-53.3961555,-14.7005413],[-53.4011874,-14.7257291],[-53.3712226,-14.7357945],[-53.3529753,-14.7520957],[-53.3599431,-14.7873644],[-53.2916838,-14.8628466]],[[-53.2916838,-14.8628466],[-53.2501146,-14.8775555],[-53.2251695,-14.8693136],[-53.2034838,-14.8770911],[-53.178473,-14.8639853],[-53.1475451,-14.8724289],[-53.119307,-14.8667659],[-53.0962765,-14.8779465],[-53.0841701,-14.864717],[-53.0864915,-14.8529053],[-53.0709261,-14.843846],[-53.0506274,-14.8204697],[-53.0353859,-14.7935394],[-53.0238562,-14.7386375],[-53.016164,-14.7384699],[-52.9888805,-14.7415537],[-52.9778112,-14.740522],[-52.9476109,-14.7250699],[-52.933368,-14.7337376],[-52.9222602,-14.7384604],[-52.9173782,-14.7478403],[-52.9107565,-14.750933],[-52.901782,-14.7544584],[-52.8812925,-14.7547776],[-52.8675806,-14.755681],[-52.8562692,-14.7638553],[-52.8398581,-14.7695892],[-52.8187311,-14.7768882]],[[-52.8187311,-14.7768882],[-52.814063,-14.7790301]],[[-52.814063,-14.7790301],[-52.8120771,-14.7708686],[-52.8087891,-14.7698364],[-52.8013463,-14.7607303],[-52.7930196,-14.7533655],[-52.7904541,-14.7448136],[-52.7945273,-14.7186489],[-52.7771439,-14.6976394],[-52.7849093,-14.6775243],[-52.7770233,-14.6373958],[-52.7527338,-14.6183461],[-52.7429477,-14.5903118],[-52.7320974,-14.5798897],[-52.6998569,-14.5762606],[-52.6632126,-14.550294],[-52.6574865,-14.518321],[-52.6647875,-14.5100985],[-52.6973985,-14.4990995],[-52.6997911,-14.465942],[-52.7402394,-14.392249],[-52.7227753,-14.3707612],[-52.7220687,-14.3475483],[-52.7314907,-14.3377939],[-52.7838455,-14.3422096],[-52.8036914,-14.3311813],[-52.8135674,-14.2899964],[-52.8003153,-14.2737368],[-52.8060417,-14.2613108],[-52.7852912,-14.2549293],[-52.7824503,-14.2551299],[-52.7646628,-14.2456632],[-52.7590552,-14.2383237]],[[-52.7590552,-14.2383237],[-52.7577601,-14.2303581]],[[-58.2714194,-12.9416223],[-58.290625,-12.936635]],[[-58.290625,-12.936635],[-58.2784707,-12.9475353],[-58.2781138,-12.956256],[-58.2850618,-12.9760472],[-58.2806122,-13.001838],[-58.2797216,-13.0084159],[-58.2740065,-13.0123988],[-58.2767939,-13.02484],[-58.2836732,-13.0332805],[-58.2817158,-13.0854209],[-58.2691824,-13.1088261],[-58.2751222,-13.1327819],[-58.2827134,-13.1925927],[-58.3037807,-13.2304779],[-58.3084235,-13.2605249],[-58.3221897,-13.2756304],[-58.3141385,-13.2849167],[-58.3216087,-13.3039064],[-58.3333604,-13.3144248],[-58.3342716,-13.3371461],[-58.3451502,-13.3648219],[-58.3477774,-13.3892286],[-58.3421965,-13.4092108],[-58.3511985,-13.4475526],[-58.3499939,-13.4619905],[-58.3771764,-13.5005811],[-58.3754904,-13.5188632],[-58.3844678,-13.5388389],[-58.4081396,-13.5576593],[-58.3859543,-13.585242],[-58.3554893,-13.6580669],[-58.3176472,-13.7430669],[-58.3139319,-13.7609904]],[[-58.3139319,-13.7609904],[-58.30376,-13.8466311],[-58.2640987,-13.8906691]],[[-58.2640987,-13.8906691],[-58.2476525,-13.9171102]],[[-58.2476525,-13.9171102],[-58.2351506,-13.9272161],[-58.2021868,-13.9386769]],[[-58.2021868,-13.9386769],[-58.1689083,-13.960619],[-58.0765694,-13.9692495],[-58.0808852,-13.9963933]],[[-58.0808852,-13.9963933],[-58.085963,-14.0017255]],[[-58.085963,-14.0017255],[-58.088904,-14.0041093],[-58.086309,-14.009116],[-58.0815895,-14.0124458],[-58.0878459,-14.0227871],[-58.0872744,-14.0289901],[-58.0986317,-14.0680128],[-58.0918218,-14.0793362],[-58.0927385,-14.1349843],[-58.1302084,-14.2005285],[-58.1446681,-14.2037836],[-58.1547353,-14.2250091],[-58.1799738,-14.2459562],[-58.1804763,-14.2584227],[-58.2180871,-14.3010205],[-58.2164898,-14.3092193],[-58.2299093,-14.3431052],[-58.2273436,-14.3717387],[-58.2320338,-14.385776],[-57.8352005,-14.2985058],[-57.8144079,-14.302625],[-57.7347131,-14.2916043]],[[-57.7347131,-14.2916043],[-57.7349888,-14.2898413]],[[-57.7349888,-14.2898413],[-57.7216112,-14.2798057],[-57.6853661,-14.2114456],[-57.6721534,-14.1735919],[-57.680433,-14.1578441],[-57.6760819,-14.1006287],[-57.6909641,-14.0874945],[-57.6832417,-14.0589511],[-57.6678749,-14.049942],[-57.6500593,-14.0089108],[-57.6329681,-13.9892221],[-57.6298147,-13.9661774],[-57.5838163,-13.9249597],[-57.5727071,-13.9085122],[-57.5671798,-13.8672134],[-57.5383726,-13.8377632],[-57.4984054,-13.7822048],[-57.493844,-13.754309],[-57.4690939,-13.735115],[-57.4403134,-13.6934044],[-57.440627,-13.6800539],[-57.4007853,-13.6425033],[-57.3942164,-13.6064917],[-57.368006,-13.5876493]],[[-57.368006,-13.5876493],[-57.3648196,-13.582207]],[[-57.3648196,-13.582207],[-57.3490164,-13.5609356],[-57.3454354,-13.5549769],[-57.3573864,-13.5519889],[-57.417613,-13.5658335],[-57.4516653,-13.5799884],[-57.5431674,-13.5820434],[-57.5382798,-13.5609286],[-57.5452666,-13.5202678],[-57.5557005,-13.5124562],[-57.5557997,-13.4894871],[-57.5640326,-13.460949],[-57.5953098,-13.4362199],[-57.6095804,-13.4161229],[-57.6299765,-13.4117623],[-57.6287406,-13.4040578],[-57.6222649,-13.393534],[-57.6179624,-13.3391137],[-57.5974495,-13.3206867],[-57.5914459,-13.3022979],[-57.5681198,-13.2823942],[-57.5602474,-13.2760732],[-57.5512906,-13.2615376],[-57.5384711,-13.2377737],[-57.5193361,-13.223883],[-57.5085665,-13.1955808],[-57.4929891,-13.1793291],[-57.4886864,-13.1694043],[-57.4866651,-13.1549048]],[[-57.4866651,-13.1549048],[-57.4937617,-13.1510558]],[[-54.69683,-14.9640003],[-54.7144622,-14.9595021]],[[-54.7144622,-14.9595021],[-54.7364385,-14.9707565],[-54.7965279,-15.0238681],[-54.8222657,-15.050016],[-54.8443184,-15.0668779],[-54.9096803,-15.0668277],[-54.9727597,-15.0758187],[-54.9967981,-15.0836671],[-55.0172569,-15.0836919],[-55.0581767,-15.0989707],[-55.078907,-15.0957306],[-55.0946602,-15.1067075]],[[-55.0946602,-15.1067075],[-55.0965669,-15.1046544],[-55.1692161,-15.2054892]],[[-55.1692161,-15.2054892],[-55.1991065,-15.2289155],[-55.216858,-15.2262348],[-55.2547124,-15.2313101],[-55.2714876,-15.2260158],[-55.2842876,-15.2363533],[-55.2766448,-15.255336],[-55.3268071,-15.2730016],[-55.3103627,-15.3305095],[-55.30944,-15.3536531],[-55.2965202,-15.3590284],[-55.3093469,-15.390408],[-55.3287342,-15.4040364],[-55.3607321,-15.4065473],[-55.372769,-15.3972841],[-55.4091597,-15.4110715],[-55.4178422,-15.4302963],[-55.3907836,-15.4355097],[-55.3824121,-15.4439341],[-55.3841668,-15.46317],[-55.4102406,-15.4811292],[-55.4038274,-15.4957455],[-55.4031661,-15.5103528],[-55.4057277,-15.5369959],[-55.4235262,-15.5645714],[-55.446245,-15.5613039],[-55.4714132,-15.5716467],[-55.4701491,-15.581032],[-55.4884315,-15.6053415],[-55.4789342,-15.616326],[-55.5019953,-15.6250194]],[[-55.5019953,-15.6250194],[-55.5018525,-15.62634]],[[-55.5018525,-15.62634],[-55.50817,-15.6360839],[-55.5163434,-15.6472554],[-55.532797,-15.6602116],[-55.5378653,-15.6684207],[-55.5356524,-15.6731678],[-55.5467718,-15.6836654],[-55.5824293,-15.7141164],[-55.6191197,-15.7373688]],[[-55.6191197,-15.7373688],[-55.5387177,-15.7371209],[-55.5340984,-15.7561979],[-55.5340986,-15.7590332],[-55.567162,-15.7744384],[-55.5722332,-15.7866681],[-55.573265,-15.8079026],[-55.5540983,-15.8086688],[-55.5575254,-15.8174077],[-55.5458348,-15.8350012],[-55.5465985,-15.8533345],[-55.5487413,-15.8575011],[-55.5532652,-15.8628535],[-55.5592771,-15.8616678],[-55.5631911,-15.8815936],[-55.5640984,-15.8846307],[-55.5682651,-15.8824131],[-55.5699643,-15.8866351],[-55.5799314,-15.9025765],[-55.5810706,-15.9091675],[-55.5699316,-15.9082228],[-55.5657651,-15.9107155],[-55.5615983,-15.9199756],[-55.5440985,-15.9073822],[-55.519307,-15.9066675],[-55.5167655,-15.9041676],[-55.4986357,-15.9058342],[-55.4915986,-15.9008343],[-55.4740989,-15.8858343],[-55.4695559,-15.9029583],[-55.472125,-15.9125008],[-55.4811623,-15.9329369],[-55.5077572,-15.9638417],[-55.5065986,-15.9692624],[-55.510024,-15.9682419],[-55.5144417,-15.9783339],[-55.512432,-15.9837749],[-55.4982652,-15.9787889],[-55.4515989,-15.9466258],[-55.4349324,-15.9316674]],[[-55.4349324,-15.9316674],[-55.4173112,-15.932104]],[[-55.4173112,-15.932104],[-55.4054,-15.9202281],[-55.4066116,-15.9102775],[-55.4011258,-15.908349],[-55.3779488,-15.9126514],[-55.3551093,-15.9130761],[-55.3307692,-15.9097825],[-55.3030868,-15.8974716],[-55.24842,-15.7759688],[-55.2475447,-15.7540643],[-55.2311556,-15.7316367],[-55.2163714,-15.7272425],[-55.2009411,-15.7113154],[-55.147695,-15.6900659],[-55.1306435,-15.6913675],[-55.1230166,-15.6812377],[-55.0902063,-15.658258],[-55.0844542,-15.6141876],[-55.08273,-15.606178],[-55.0731453,-15.6081262],[-55.0737483,-15.6041827],[-55.0597265,-15.6079388],[-55.0417569,-15.606724],[-55.0269766,-15.610574],[-55.0192003,-15.6190818],[-55.0311362,-15.6356032],[-55.0119347,-15.6436521],[-54.9991735,-15.6161244],[-54.9910116,-15.6150091],[-54.9867647,-15.6134491],[-54.9813171,-15.6176704],[-54.978198,-15.6204695],[-54.9796825,-15.6237491]],[[-54.9796825,-15.6237491],[-54.9727517,-15.6224205]],[[-54.9727517,-15.6224205],[-54.9650939,-15.6201236],[-54.963804,-15.6114968],[-54.9716726,-15.5861229],[-54.975305,-15.556506],[-54.9639512,-15.5326517],[-54.9561414,-15.5308641],[-54.9532343,-15.4976286]],[[-54.9532343,-15.4976286],[-54.9557325,-15.4915505],[-54.9522738,-15.4864958],[-54.941462,-15.4840877],[-54.9325455,-15.484002]],[[-54.9325455,-15.484002],[-54.9159414,-15.4897763]],[[-54.9159414,-15.4897763],[-54.9124866,-15.4950652],[-54.9080455,-15.4966539],[-54.9028443,-15.4964932],[-54.8926088,-15.491945],[-54.8762002,-15.4812102]],[[-54.8762002,-15.4812102],[-54.8592754,-15.4742749],[-54.8272086,-15.4571553],[-54.7885751,-15.4386362],[-54.7546487,-15.4291581],[-54.7353031,-15.4092811],[-54.7084842,-15.3939522],[-54.6682247,-15.3928476],[-54.6367469,-15.3837382],[-54.6075705,-15.3703391],[-54.603639,-15.3697285],[-54.5962389,-15.3731086],[-54.5902869,-15.3666364],[-54.5873603,-15.3709926],[-54.586243,-15.3650237],[-54.5738866,-15.363666],[-54.5596186,-15.3615908],[-54.552412,-15.3655207]],[[-54.552412,-15.3655207],[-54.5546714,-15.3624275],[-54.5555411,-15.3578291],[-54.5506545,-15.3324952]],[[-54.5506545,-15.3324952],[-54.5313227,-15.3093128],[-54.5210533,-15.2845304],[-54.4949683,-15.2716962],[-54.4867911,-15.2560765],[-54.5329429,-15.2438223],[-54.456483,-15.2057223],[-54.4701549,-15.1725943],[-54.4875128,-15.1591854],[-54.4944834,-15.1372421],[-54.4793433,-15.1196401],[-54.4385172,-15.1103797],[-54.4437346,-15.0999585],[-54.4403492,-15.064901],[-54.4601214,-15.0418245],[-54.5056714,-15.0357111],[-54.5165934,-15.0173585],[-54.5471523,-14.9906469],[-54.5633474,-14.9686785],[-54.6322922,-14.9787519],[-54.6558339,-14.9586329],[-54.69683,-14.9640003]],[[-58.9309539,-12.648584],[-58.9311334,-12.6414772]],[[-58.9311334,-12.6414772],[-58.9334851,-12.6457492],[-58.9412958,-12.6530257],[-58.9548256,-12.6629064],[-58.968109,-12.6673338],[-58.9766259,-12.6859383],[-59.0036811,-12.693828],[-59.0195869,-12.7040298]],[[-59.0195869,-12.7040298],[-59.0267609,-12.7026378],[-59.0306157,-12.7032803],[-59.0446783,-12.7239102]],[[-59.0446783,-12.7239102],[-59.0436016,-12.7455573],[-59.0621316,-12.781041],[-59.0854503,-12.8017721],[-59.1098696,-12.8387132],[-59.1358652,-12.8435614],[-59.1607008,-12.856113],[-59.1702484,-12.8725313],[-59.1991886,-12.9029587],[-59.2312245,-12.9227272],[-59.240057,-12.9432287],[-59.2394669,-12.9661667],[-59.247519,-12.9820805],[-59.2317384,-12.9950057],[-59.2501365,-13.0154295],[-59.2465529,-13.0439291],[-59.2677808,-13.0638933],[-59.2868731,-13.0621993],[-59.2964709,-13.0849694],[-59.3088539,-13.0829458],[-59.3166225,-13.1026615],[-59.3389834,-13.1080657],[-59.3571945,-13.1316439],[-59.3809554,-13.174251],[-59.3787108,-13.1976887],[-59.3892452,-13.2122654],[-59.3896618,-13.2347337],[-59.4075432,-13.2416218],[-59.4226643,-13.2622758],[-59.4279047,-13.2898672],[-59.4149434,-13.2970989],[-59.4138816,-13.3220542],[-59.401915,-13.3327267],[-59.3937671,-13.3578058],[-59.4045043,-13.3667167],[-59.3934679,-13.386016],[-59.3968711,-13.4204321],[-59.407366,-13.4317582],[-59.39661,-13.4445691],[-59.3880646,-13.470595],[-59.4068849,-13.5012012],[-59.4225592,-13.5131368],[-59.4161774,-13.5334095],[-59.4280981,-13.5795078],[-59.4214111,-13.5934351],[-59.4219653,-13.630402],[-59.4396285,-13.6596553],[-59.4563227,-13.6954746],[-59.4518734,-13.7387009],[-59.4588202,-13.761213],[-59.4447715,-13.8302425],[-59.4340769,-13.835975],[-59.4338121,-13.8564609],[-59.4122784,-13.8513419],[-59.3841236,-13.8751197],[-59.3865259,-13.8911524],[-59.3698972,-13.9146476],[-59.3844371,-13.9284353],[-59.3783664,-13.9668017],[-59.3701376,-13.9784534]],[[-59.3701376,-13.9784534],[-59.3708018,-13.982814],[-59.3725423,-13.9848145]],[[-59.3725423,-13.9848145],[-59.3718487,-13.9959416],[-59.3641255,-14.002469],[-59.3469622,-14.042884],[-59.3471001,-14.0607363],[-59.3680979,-14.0922904],[-59.3671939,-14.1175522],[-59.374747,-14.1300451],[-59.4069651,-14.1520178],[-59.4138641,-14.1854013],[-59.4185341,-14.199374],[-59.4212423,-14.2009975],[-59.4212462,-14.2117965],[-59.4183145,-14.2230853],[-59.4210777,-14.2350471],[-59.4173201,-14.2365467],[-59.4104037,-14.246306],[-59.4054666,-14.2778869],[-59.3958026,-14.2904074],[-59.3897514,-14.3165864],[-59.3794609,-14.3349599],[-59.3674249,-14.3436179],[-59.3435381,-14.4007195],[-59.3441977,-14.4180749],[-59.3185674,-14.5016731],[-59.3118178,-14.5101357]],[[-59.3118178,-14.5101357],[-59.3097896,-14.5070599]],[[-59.3097896,-14.5070599],[-59.3065257,-14.4749668],[-59.2994211,-14.4579351],[-59.3072413,-14.4339045],[-59.290091,-14.4005196],[-59.290887,-14.3894459],[-59.2555252,-14.3628598],[-59.2290134,-14.3585667],[-59.2227542,-14.3509203],[-59.163998,-14.3489229],[-59.1442323,-14.3431307],[-59.1264322,-14.3170312],[-59.0984251,-14.3022493],[-59.0941085,-14.2821174]],[[-59.0941085,-14.2821174],[-59.0914992,-14.2687184]],[[-59.0914992,-14.2687184],[-59.0957305,-14.2504422],[-59.0985938,-14.2472389],[-59.1000231,-14.2388412],[-59.1031761,-14.2273696],[-59.0945722,-14.2131796],[-59.092184,-14.1926567],[-59.0671405,-14.1662899],[-59.0789202,-14.1450083],[-59.0541687,-14.0907966],[-59.0466959,-14.060693],[-59.0377898,-14.0579714],[-59.0403865,-14.0276223],[-59.0358607,-14.0093699],[-59.0405144,-14.0062838],[-59.0456242,-14.0004298]],[[-59.0456242,-14.0004298],[-59.0422035,-13.996467]],[[-59.0422035,-13.996467],[-59.0399165,-13.9831164],[-59.0273772,-13.9802195],[-59.0314002,-13.9681505],[-59.0259876,-13.9570876],[-59.0118963,-13.8964067],[-59.0049541,-13.8759138],[-58.9946828,-13.8625624],[-58.9854872,-13.8568132],[-58.9830473,-13.8483067],[-58.9804545,-13.8334921],[-58.9952032,-13.7929176],[-58.9963669,-13.7764723],[-59.0095058,-13.7449509],[-59.005408,-13.7390994],[-59.0173944,-13.7135957],[-59.0113985,-13.691951],[-59.0209172,-13.652956],[-59.0058246,-13.631853],[-59.0177013,-13.6035088],[-59.0303103,-13.6001353],[-59.0310406,-13.5564952],[-59.0279609,-13.5325547],[-59.0146935,-13.5114663],[-59.0297195,-13.4957459],[-59.0135867,-13.4778871],[-58.9982832,-13.4444935],[-59.0014389,-13.4217851],[-59.0169541,-13.3873405],[-59.0134358,-13.3694173],[-59.0196411,-13.3359585],[-59.0357732,-13.311818],[-59.0282465,-13.302622],[-59.0243656,-13.268105],[-59.012847,-13.2507626],[-59.0374727,-13.2432409],[-59.0193151,-13.2074569],[-58.9951212,-13.2187138],[-58.9817393,-13.1924781],[-59.0036878,-13.1809114],[-58.9924461,-13.1598584],[-58.9704586,-13.1464675],[-58.9594498,-13.1246419],[-58.9626858,-13.0834774],[-58.9764463,-13.072395],[-58.9559443,-12.9998117],[-58.9278904,-12.9575465],[-58.9314691,-12.9440598],[-58.913271,-12.8995734],[-58.9279903,-12.8635317],[-58.9277476,-12.8320443],[-58.9353762,-12.784129],[-58.948306,-12.7564188],[-58.9478589,-12.6914436],[-58.936523,-12.6796602],[-58.9296185,-12.6692818],[-58.9305304,-12.6615157],[-58.9309539,-12.648584]],[[-51.7684905,-10.9367251],[-51.8070803,-10.9464374],[-51.8228914,-10.9405445],[-51.8328299,-10.9522782],[-51.8574722,-10.9472344],[-51.8762094,-10.9525368],[-51.8908483,-10.9694827],[-51.9482364,-10.9979473],[-51.9638234,-11.0110498],[-51.9892781,-11.0212254],[-52.0308643,-11.0146983],[-52.0503162,-10.9953319],[-52.1122741,-10.9937648]],[[-52.1122741,-10.9937648],[-52.1408596,-10.9827603],[-52.1487055,-10.9779769],[-52.1544636,-10.9644243]],[[-52.1544636,-10.9644243],[-52.1687395,-10.9534736],[-52.1886276,-10.9381947]],[[-52.1886276,-10.9381947],[-52.1986543,-10.9423989]],[[-52.1986543,-10.9423989],[-52.2179227,-10.9658893],[-52.2220463,-10.9708756],[-52.2197842,-10.978861],[-52.2228206,-10.9878665],[-52.2115912,-11.0062318],[-52.2175446,-11.0222908]],[[-52.2175446,-11.0222908],[-52.2231097,-11.0323773]],[[-52.2231097,-11.0323773],[-52.2172068,-11.0385518],[-52.2048023,-11.0583897],[-52.2027955,-11.0731037],[-52.1950598,-11.0762623],[-52.1954571,-11.0810615],[-52.1995822,-11.0874797],[-52.1899402,-11.086897],[-52.1812934,-11.0938225],[-52.1708391,-11.1166733],[-52.1429286,-11.1384479],[-52.1252087,-11.1444242],[-52.1095244,-11.1612263],[-52.1132896,-11.1710803],[-52.1181708,-11.2224485],[-52.1062981,-11.2483136],[-52.0752085,-11.2729531],[-52.0659467,-11.2715609],[-52.0310269,-11.296151],[-52.033934,-11.3637469],[-52.0227483,-11.3754061],[-52.0205406,-11.4021146],[-52.0064719,-11.4200561],[-51.9982216,-11.442335],[-51.988675,-11.444735],[-51.9663789,-11.4712175],[-51.9559209,-11.4959675],[-51.9402747,-11.5123258],[-51.9221686,-11.5181584],[-51.8518857,-11.5068282],[-51.781002,-11.5183167],[-51.7627628,-11.5058125],[-51.7517193,-11.4853944],[-51.7298826,-11.4813528],[-51.7146566,-11.4659161],[-51.6612442,-11.4613358],[-51.6361299,-11.4288578],[-51.6287648,-11.4044731],[-51.634232,-11.380679],[-51.6281116,-11.3682254],[-51.5796139,-11.3552888],[-51.5604388,-11.3279074],[-51.5612275,-11.3118647],[-51.5308996,-11.2897286],[-51.5214878,-11.2733916],[-51.4867993,-11.2516912],[-51.4840323,-11.2120197],[-51.4903023,-11.1985874],[-51.5125441,-11.1849573],[-51.517622,-11.1797065]],[[-51.517622,-11.1797065],[-51.5196227,-11.1772158],[-51.5171602,-11.1696095],[-51.5125599,-11.1664824]],[[-51.5125599,-11.1664824],[-51.5076236,-11.1358726],[-51.4629876,-11.0800923],[-51.4299569,-11.0547259],[-51.4123189,-11.0495109],[-51.3974325,-11.0239983]],[[-51.3974325,-11.0239983],[-51.4002669,-11.0239703]],[[-51.4002669,-11.0239703],[-51.4031998,-11.025907],[-51.4144262,-11.0252794],[-51.4159246,-11.0224039],[-51.4189351,-11.0297462],[-51.4192996,-11.0258319],[-51.4330716,-11.0231838],[-51.4414042,-11.0315442],[-51.4603426,-11.0286087],[-51.5254985,-11.0402498],[-51.5466737,-11.036177],[-51.5662405,-11.0350594],[-51.5702708,-11.0030338],[-51.6055427,-10.9991347],[-51.6281286,-10.9901904],[-51.6426037,-10.9984368],[-51.6657217,-10.9951593],[-51.700643,-10.9691136],[-51.7316181,-10.9665939],[-51.7349157,-10.9525601]],[[-51.7349157,-10.9525601],[-51.7439425,-10.9408015],[-51.7544347,-10.9374161],[-51.7684905,-10.9367251]],[[-52.9175481,-12.6097044],[-52.9248666,-12.6028342]],[[-52.9248666,-12.6028342],[-52.9275254,-12.6116963],[-52.9201729,-12.6214997],[-52.9280251,-12.6243907],[-52.9392918,-12.6387746],[-52.9475843,-12.6662692],[-52.9351397,-12.6939305],[-52.9389118,-12.7031981],[-52.9285444,-12.7225964],[-52.9244327,-12.7452299],[-52.9022752,-12.7294683],[-52.8899971,-12.7396143],[-52.9114313,-12.7531297],[-52.9170278,-12.7553188],[-52.9130303,-12.7636755],[-52.8912257,-12.7736562],[-52.8949048,-12.7845778],[-52.8498183,-12.8093625]],[[-52.8498183,-12.8093625],[-52.835931,-12.8233821],[-52.8347175,-12.8363501]],[[-52.8347175,-12.8363501],[-52.8171095,-12.8452493],[-52.8155628,-12.8601448],[-52.8132786,-12.8717089],[-52.8240813,-12.8781335],[-52.8320468,-12.898787],[-52.8296983,-12.92885],[-52.8317277,-12.9363442],[-52.8558835,-12.9647835],[-52.8722666,-12.9727858],[-52.8794123,-12.9869833],[-52.8734239,-13.0178029],[-52.8639078,-13.0273278],[-52.8835095,-13.0620852],[-52.8955881,-13.1068525],[-52.9046451,-13.156941],[-52.9277635,-13.2009803],[-52.9443894,-13.2133383],[-52.9627558,-13.217188],[-52.9643081,-13.2701333],[-52.9912888,-13.3066775],[-53.0092551,-13.3196252],[-53.0063687,-13.3422992],[-53.0263614,-13.3616381],[-53.0263017,-13.3830065],[-53.0404597,-13.3934193],[-53.0386069,-13.4047586],[-53.0488447,-13.4371324],[-53.0680984,-13.445786],[-53.0691858,-13.4710249],[-53.0895281,-13.5153708],[-53.0880119,-13.536692],[-53.0804098,-13.5474878],[-53.0762468,-13.5690303],[-53.0838441,-13.5709313],[-53.0927617,-13.5790483],[-53.0812428,-13.612965],[-53.0930245,-13.6238548],[-53.0984429,-13.634271]],[[-53.0984429,-13.634271],[-53.1010202,-13.6350788]],[[-52.0733298,-13.7514944],[-52.0429167,-13.7571731],[-52.0353277,-13.7614365],[-52.0384036,-13.7639247]],[[-52.0384036,-13.7639247],[-52.0191733,-13.7756986],[-51.9731553,-13.7746997],[-51.9598782,-13.7603107],[-51.947888,-13.753421],[-51.9300867,-13.7526548],[-51.9245144,-13.7509009],[-51.9015064,-13.777638],[-51.8734684,-13.7670718],[-51.8701328,-13.7660375],[-51.8638838,-13.7582401],[-51.8417975,-13.7399893],[-51.8164679,-13.7341138],[-51.7763678,-13.7003287],[-51.7722609,-13.6988022],[-51.7350942,-13.6763142],[-51.7066906,-13.6662698],[-51.6949632,-13.6678952],[-51.6864589,-13.6702129],[-51.6849383,-13.6694018],[-51.686796,-13.6652487],[-51.6711989,-13.6433897],[-51.6344959,-13.6215786],[-51.6117084,-13.6199242],[-51.6080928,-13.6133194],[-51.6061419,-13.6112582],[-51.5986266,-13.6125237],[-51.5739424,-13.6162857],[-51.5371419,-13.607417],[-51.5339811,-13.6089251],[-51.5311079,-13.6084936],[-51.5238204,-13.6079927],[-51.5213418,-13.6072255],[-51.5154175,-13.6117555],[-51.5082103,-13.6178037],[-51.5062023,-13.6209898],[-51.5064143,-13.6250782],[-51.5004579,-13.6245298],[-51.4964634,-13.6282913],[-51.4919676,-13.6297174],[-51.4906448,-13.6317125],[-51.4824895,-13.6340519],[-51.4750037,-13.6256322],[-51.4702685,-13.6256116],[-51.4703163,-13.6240252],[-51.4699992,-13.6208246],[-51.4684544,-13.6174169]],[[-51.4684544,-13.6174169],[-51.4703546,-13.5903668]],[[-51.4703546,-13.5903668],[-51.4782812,-13.5789044],[-51.4828498,-13.5765487],[-51.4628147,-13.5596307],[-51.4623329,-13.5458358]],[[-51.4623329,-13.5458358],[-51.4595667,-13.5419395],[-51.4569493,-13.5414933],[-51.4533207,-13.5431292],[-51.4483833,-13.5499701],[-51.4405608,-13.5569301],[-51.4397577,-13.5651689],[-51.446212,-13.5756683],[-51.4451115,-13.5807544]],[[-51.4451115,-13.5807544],[-51.4278902,-13.5692438],[-51.427682,-13.5535096],[-51.4133507,-13.5458006],[-51.4169125,-13.500445]],[[-51.4169125,-13.500445],[-51.4115722,-13.4850689],[-51.4070825,-13.4785922],[-51.3981355,-13.4763083],[-51.3945404,-13.4728774],[-51.3808277,-13.4526804]],[[-51.3808277,-13.4526804],[-51.3849344,-13.4476132],[-51.3952408,-13.4429645],[-51.4280565,-13.4355505],[-51.4357251,-13.4267479],[-51.473578,-13.418316],[-51.503091,-13.4049906],[-51.5162498,-13.4096575],[-51.528025,-13.3974197],[-51.5447762,-13.364079],[-51.5629458,-13.3615068],[-51.5833763,-13.3542199],[-51.5946247,-13.3601213],[-51.6199955,-13.3702826],[-51.630908,-13.3785174],[-51.6455995,-13.3825533],[-51.6552936,-13.3961474],[-51.6824207,-13.4105087],[-51.6971133,-13.4264721],[-51.7145639,-13.4283932],[-51.7275571,-13.418083],[-51.7484378,-13.4239924],[-51.7699122,-13.4226615],[-51.7904218,-13.4293808],[-51.8159791,-13.4232249],[-51.8435047,-13.4471811],[-51.8702666,-13.4984234],[-51.8796225,-13.4814093],[-51.89271,-13.4825821],[-51.9057848,-13.4627618],[-51.9117971,-13.4270389],[-51.8991121,-13.4084683],[-51.8926587,-13.3953705],[-51.8896521,-13.3864303],[-51.8934842,-13.3741228],[-51.9087988,-13.363834],[-51.9028537,-13.3473506],[-51.902406,-13.3220959],[-51.9174399,-13.2977156],[-51.9141362,-13.2617612],[-51.9316764,-13.2488553],[-51.9306039,-13.2150128],[-51.9566203,-13.2042013],[-51.9652203,-13.1809675],[-51.9845944,-13.1746225],[-51.9983032,-13.1540571],[-52.0518347,-13.1224303],[-52.055141,-13.1266059],[-52.0591031,-13.1228692],[-52.0602611,-13.1196207],[-52.1023827,-13.1089142],[-52.1209948,-13.1089179]],[[-52.1209948,-13.1089179],[-52.1300669,-13.1083621]],[[-52.1300669,-13.1083621],[-52.1436173,-13.1233152],[-52.139268,-13.1492921],[-52.1519016,-13.1587913],[-52.1608256,-13.1806122],[-52.1905689,-13.1815482],[-52.2156594,-13.1957616],[-52.280259,-13.2407882],[-52.2845547,-13.22314],[-52.3000481,-13.2098428],[-52.3264713,-13.210577],[-52.3573248,-13.1537599],[-52.3805725,-13.1537523],[-52.4181045,-13.0889809],[-52.4175521,-13.0720436],[-52.4320315,-13.052654],[-52.4515291,-13.040331],[-52.4622698,-13.0191291],[-52.4647913,-13.0004356],[-52.4591949,-12.9842454],[-52.4750245,-12.9613758],[-52.4693246,-12.93212],[-52.4836596,-12.8931803],[-52.4798104,-12.8739564],[-52.4646836,-12.8677239],[-52.4644919,-12.8460149],[-52.4974355,-12.8101354],[-52.5007329,-12.7756572],[-52.4943287,-12.7608727],[-52.4985948,-12.7326723],[-52.5196905,-12.7150848],[-52.5570001,-12.7175647],[-52.5700209,-12.7282779],[-52.5918437,-12.7242081],[-52.6166534,-12.6938603],[-52.6556276,-12.6630938],[-52.6783282,-12.6632087],[-52.6983796,-12.6508971],[-52.7306919,-12.6495002],[-52.7515243,-12.6390456],[-52.7659226,-12.6518439],[-52.7851022,-12.650146],[-52.8119913,-12.6281819],[-52.8238258,-12.628801],[-52.8559699,-12.6135109],[-52.8740244,-12.6207333],[-52.8821797,-12.6211557],[-52.9046205,-12.6041833],[-52.9175481,-12.6097044]],[[-55.6959746,-9.8496656],[-55.733297,-9.7879986],[-55.7526886,-9.7718332],[-55.7697651,-9.7698123],[-55.7936423,-9.7424934],[-55.8157541,-9.732424],[-55.8322262,-9.7364609]],[[-55.8322262,-9.7364609],[-55.8290726,-9.7440338]],[[-56.1201651,-10.2814555],[-56.09649,-10.2862826],[-56.0904703,-10.2919935],[-56.0801978,-10.307718]],[[-56.0639435,-10.340287],[-56.0558097,-10.3640504],[-56.0535943,-10.3665245],[-56.0463402,-10.367694]],[[-56.0463402,-10.367694],[-56.0277311,-10.3816642],[-56.0120601,-10.3961458],[-55.9431386,-10.3822327],[-55.9241494,-10.3880898],[-55.9066622,-10.3589145],[-55.869118,-10.3223508],[-55.8590413,-10.2965057],[-55.8253435,-10.2714695],[-55.8150526,-10.2475654],[-55.7889627,-10.2404747],[-55.7791894,-10.2372492]],[[-55.7791894,-10.2372492],[-55.7619051,-10.2374776],[-55.7307918,-10.2319452],[-55.70145,-10.2494434]],[[-55.70145,-10.2494434],[-55.6957269,-10.2504694]],[[-55.6957269,-10.2504694],[-55.6864103,-10.2497606]],[[-55.6864103,-10.2497606],[-55.6772778,-10.2557235],[-55.6671927,-10.2563955],[-55.6581583,-10.2490159]],[[-55.6581583,-10.2490159],[-55.6465066,-10.2495969],[-55.6352277,-10.2472002],[-55.6174619,-10.2366867],[-55.6038857,-10.226777]],[[-55.6038857,-10.226777],[-55.5917976,-10.220851],[-55.5768924,-10.1961121],[-55.5803551,-10.1687383],[-55.5678269,-10.1308847]],[[-55.5678269,-10.1308847],[-55.5716832,-10.1249279],[-55.5724602,-10.1212273],[-55.5641944,-10.1037094]],[[-55.5641944,-10.1037094],[-55.5624574,-10.077479]],[[-55.5624574,-10.077479],[-55.5584119,-10.0690999],[-55.5570476,-10.0617307],[-55.5607788,-10.0437037]],[[-55.5607788,-10.0437037],[-55.5611957,-9.9881112],[-55.5763412,-9.9669977],[-55.5755864,-9.9491495],[-55.6124439,-9.901836],[-55.6296363,-9.8820881],[-55.6507934,-9.8928757]],[[-55.6507934,-9.8928757],[-55.6586026,-9.8977668],[-55.6723308,-9.898693],[-55.6764336,-9.8964125],[-55.6826193,-9.8850605],[-55.6959746,-9.8496656]],[[-58.4190742,-10.5665118],[-58.4419427,-10.5727368],[-58.4579968,-10.5957689],[-58.4837498,-10.6118984],[-58.4916007,-10.6293937],[-58.5269497,-10.6301556],[-58.5342887,-10.6364507],[-58.5386431,-10.6315529],[-58.5474485,-10.6251889],[-58.5531818,-10.6215022],[-58.5576326,-10.6209747],[-58.568042,-10.6276638],[-58.6200756,-10.637238],[-58.624538,-10.6383293],[-58.6483689,-10.6522646],[-58.6503624,-10.6646331],[-58.7214115,-10.6672184],[-58.7299992,-10.674318],[-58.7400745,-10.6934484],[-58.7722564,-10.6948088],[-58.7836072,-10.710836],[-58.7959783,-10.7061171],[-58.8163843,-10.7140668]],[[-58.8163843,-10.7140668],[-58.8350625,-10.7164383],[-58.8380529,-10.7295283]],[[-58.8380529,-10.7295283],[-58.8653991,-10.7343284],[-58.8757846,-10.7426999]],[[-58.8757846,-10.7426999],[-58.8865862,-10.7434662],[-58.8938612,-10.7504095],[-58.8967879,-10.7737135]],[[-58.8967879,-10.7737135],[-58.90858,-10.7906625]],[[-58.90858,-10.7906625],[-58.8627141,-10.79726],[-58.8438858,-10.7938926],[-58.8326232,-10.8013721],[-58.8304824,-10.8127568],[-58.8611503,-10.8125554],[-58.8680249,-10.8363784],[-58.8820202,-10.8383543],[-58.9222684,-10.8617797],[-58.9914287,-10.87186],[-58.9838442,-10.892915],[-58.9582412,-10.8968122],[-58.9478322,-10.9138316],[-58.9368807,-10.9019921],[-58.9227892,-10.9146655],[-58.9371433,-10.9451025],[-58.9480373,-10.9932109],[-58.9266631,-11.0107277],[-58.8981986,-11.0049134],[-58.8854745,-11.0151591],[-58.8586883,-11.0213441],[-58.8593564,-11.0333907],[-58.8348733,-11.0345313],[-58.802121,-11.0548568],[-58.8156609,-11.0685875],[-58.8162603,-11.0812479],[-58.8329959,-11.0839455],[-58.8390459,-11.100052],[-58.8323879,-11.1191311],[-58.7982337,-11.1649787],[-58.8004569,-11.1763017],[-58.6486351,-11.2474819],[-58.5864681,-11.2947263],[-58.567935,-11.301385],[-58.5450223,-11.289998],[-58.5298086,-11.2970445],[-58.4914397,-11.2802144],[-58.4896285,-11.2649973],[-58.4652123,-11.2555201],[-58.4202734,-11.2491148],[-58.380459,-11.2501876],[-58.3750164,-11.2388827]],[[-58.3637782,-10.9613433],[-58.3470532,-10.9551546],[-58.3433413,-10.9517996],[-58.3436982,-10.9400498]],[[-58.3436982,-10.9400498],[-58.346272,-10.9239042],[-58.3368664,-10.9102172],[-58.3396147,-10.8945485],[-58.3528018,-10.8712665],[-58.343839,-10.8390355],[-58.3311097,-10.8036083],[-58.3424868,-10.778753],[-58.3550336,-10.7614652],[-58.3716144,-10.7246643],[-58.3694134,-10.6962892],[-58.3915289,-10.6523957],[-58.3818595,-10.6297609],[-58.3894153,-10.6106327],[-58.417532,-10.5746327]],[[-58.417532,-10.5746327],[-58.4190742,-10.5665118]],[[-56.2422567,-14.9764637],[-56.2349455,-14.9822389]],[[-56.1364412,-15.1026377],[-56.1205062,-15.09037]],[[-56.1205062,-15.09037],[-56.1148425,-15.0894931],[-56.0910987,-15.0874135],[-56.0723523,-15.0809227],[-56.0234545,-15.0964123],[-55.9739649,-15.0926157],[-55.9433875,-15.0841916],[-55.9278426,-15.071347]],[[-55.9278426,-15.071347],[-55.9205707,-15.0705143],[-55.9185428,-15.0770044],[-55.9226853,-15.1028286]],[[-55.9226853,-15.1028286],[-55.9154398,-15.1423998],[-55.9019448,-15.1938348],[-55.922261,-15.227571],[-55.928746,-15.2289721],[-55.9365419,-15.2435437],[-55.942733,-15.2354372],[-55.9461641,-15.2345647],[-55.9445204,-15.2277117],[-55.9649053,-15.2382257],[-55.9673136,-15.2385732],[-55.9648332,-15.2424622],[-55.9620431,-15.2435731],[-55.9616134,-15.2470225],[-55.9536008,-15.2490353],[-55.9557932,-15.257393],[-55.9246403,-15.283534],[-55.8885842,-15.2721537],[-55.864491,-15.2891006],[-55.8230487,-15.3104662],[-55.8192223,-15.32433],[-55.814216,-15.32053],[-55.8057441,-15.3258019],[-55.8040697,-15.3317037],[-55.8006809,-15.3336457],[-55.8023712,-15.3378601],[-55.806447,-15.3420299],[-55.8136271,-15.3423361],[-55.8138289,-15.35942],[-55.8497701,-15.3715604],[-55.8390643,-15.3841864],[-55.8477192,-15.4005747],[-55.8443811,-15.4140362],[-55.8739159,-15.4176013],[-55.8732646,-15.4244513],[-55.8615041,-15.428628],[-55.8564536,-15.4448528],[-55.8431562,-15.4506067],[-55.8415097,-15.459933],[-55.8313964,-15.4726163],[-55.8179773,-15.4832431],[-55.7979366,-15.4755947],[-55.7712809,-15.4850645],[-55.7676788,-15.4753109],[-55.7313343,-15.487715],[-55.7066749,-15.4804464],[-55.682686,-15.4808574],[-55.6743768,-15.4910004],[-55.6507265,-15.4819756],[-55.6350601,-15.4842874],[-55.6289665,-15.4993467],[-55.6084,-15.4897449],[-55.605387,-15.4923483],[-55.5931963,-15.5136622],[-55.5883137,-15.5523485],[-55.5666702,-15.5671321],[-55.5667875,-15.5826205],[-55.5381552,-15.563891],[-55.5278256,-15.5881293],[-55.5129013,-15.5815633],[-55.5165125,-15.58957],[-55.4954349,-15.5917222],[-55.4873137,-15.5891805],[-55.4921651,-15.6001346],[-55.5078617,-15.6109993],[-55.5168126,-15.6203318]],[[-55.5168126,-15.6203318],[-55.5019953,-15.6250194]],[[-55.1692161,-15.2054892],[-55.0986074,-15.1060796],[-55.1099373,-15.1092841]],[[-55.1099373,-15.1092841],[-55.1448372,-15.1183102],[-55.157216,-15.1210816],[-55.1546003,-15.1099939],[-55.1698389,-15.0945889],[-55.1810799,-15.0169816],[-55.1313562,-14.9692423],[-55.1095771,-14.9680292],[-55.1091724,-14.9642624],[-55.1069071,-14.963221],[-55.1075209,-14.9520013],[-55.1152863,-14.9340345],[-55.122366,-14.9287956],[-55.1383276,-14.9122932],[-55.1518447,-14.8582283],[-55.1519355,-14.8378043],[-55.1429492,-14.8161487],[-55.1591482,-14.7929523],[-55.1597137,-14.7870794],[-55.1619742,-14.7910502],[-55.1761998,-14.7956877],[-55.1849935,-14.8133846],[-55.1992364,-14.8197526],[-55.2039928,-14.8243955],[-55.219499,-14.8290425],[-55.2527102,-14.81024],[-55.269173,-14.8160315],[-55.2848472,-14.8076357],[-55.2877027,-14.8137974],[-55.2960963,-14.8148689],[-55.302082,-14.8177634],[-55.3037873,-14.8111586],[-55.3058144,-14.8151216],[-55.3142633,-14.8127831],[-55.3126313,-14.8213888],[-55.3334509,-14.8456058],[-55.3556682,-14.8201438],[-55.3777136,-14.8350329],[-55.4171529,-14.8438048],[-55.4565475,-14.8652753],[-55.4794637,-14.8687539],[-55.4955323,-14.8751602],[-55.5573091,-14.8614569],[-55.570303,-14.8676728],[-55.5810047,-14.8707381],[-55.5864712,-14.8586045],[-55.5796805,-14.8406447],[-55.6385344,-14.8356997],[-55.6527207,-14.8241283],[-55.650631,-14.8229493],[-55.6485118,-14.8168806],[-55.5975744,-14.7815755],[-55.592535,-14.7856916],[-55.5903677,-14.7829931],[-55.5714634,-14.7791991]],[[-55.5714634,-14.7791991],[-55.5649124,-14.7714092]],[[-55.5649124,-14.7714092],[-55.5663358,-14.7517069],[-55.5792728,-14.7398774],[-55.5821031,-14.7251416],[-55.5838644,-14.7161264],[-55.5955556,-14.7106221],[-55.5973381,-14.6949695],[-55.6137013,-14.6935181],[-55.6203471,-14.7023828],[-55.631123,-14.7129698],[-55.6831579,-14.7400319],[-55.7148837,-14.7507919],[-55.7439653,-14.7796216],[-55.7673772,-14.7863812],[-55.7617263,-14.8077263],[-55.7704583,-14.8277387],[-55.7893317,-14.8396689],[-55.8177043,-14.845376],[-55.8302963,-14.8600443],[-55.8441791,-14.8562727],[-55.861712,-14.8381225],[-55.8952269,-14.856286],[-55.9465628,-14.8783081],[-55.9699424,-14.8733211],[-56.0142843,-14.9076119],[-56.0050767,-14.9265275],[-55.9726583,-14.9643683],[-55.9491412,-15.0021249],[-55.9426306,-15.03466],[-56.2422567,-14.9764637]],[[-55.4627945,-11.3553312],[-55.4369516,-11.3724659],[-55.4281504,-11.3860292],[-55.4228799,-11.4104697],[-55.423178,-11.4372327],[-55.4297992,-11.4511239],[-55.4245242,-11.4764745],[-55.4126037,-11.4909736],[-55.3882195,-11.4997956],[-55.3768005,-11.4927996],[-55.3507438,-11.4932298],[-55.3490561,-11.5102738],[-55.3104791,-11.5307565],[-55.3092071,-11.5512],[-55.2931729,-11.5903326],[-55.2854508,-11.6662375],[-55.1658316,-11.6705277],[-55.1526305,-11.676964],[-55.1476315,-11.6911377],[-55.129891,-11.6958448],[-55.1093009,-11.6831628],[-55.0802898,-11.6846418]],[[-55.0802898,-11.6846418],[-55.0619716,-11.6971585]],[[-55.0619716,-11.6971585],[-55.0523535,-11.6940108],[-55.0435575,-11.6856949],[-55.036475,-11.6854333],[-55.0378111,-11.6846005],[-55.0342319,-11.683073],[-55.0218844,-11.6802609],[-54.9977044,-11.6568654],[-54.9705324,-11.6753209],[-54.957835,-11.6939387],[-54.9397215,-11.7058692],[-54.9240141,-11.7056741],[-54.9111367,-11.7189316],[-54.8755654,-11.7394803],[-54.8729495,-11.7540161],[-54.8470829,-11.7352967],[-54.8164825,-11.7689696],[-54.8083259,-11.7943907],[-54.8124892,-11.8019292],[-54.7928044,-11.8106823],[-54.7630999,-11.8076623],[-54.7573429,-11.7877825],[-54.7705399,-11.7741197],[-54.7748241,-11.7598304],[-54.7664945,-11.7375526],[-54.7670646,-11.7150677],[-54.7578862,-11.6994621],[-54.7516045,-11.6847266],[-54.7510105,-11.6793742],[-54.7439228,-11.6694311],[-54.7289632,-11.6543279]],[[-54.7289632,-11.6543279],[-54.7278308,-11.6468138]],[[-54.7278308,-11.6468138],[-54.725348,-11.6418471],[-54.7186787,-11.6134444],[-54.7128767,-11.5698452],[-54.7199967,-11.5485994],[-54.731065,-11.538593],[-54.7192095,-11.5103244],[-54.7228353,-11.4961861],[-54.7096667,-11.4826278],[-54.7173597,-11.4717957],[-54.7015795,-11.4521342],[-54.7027604,-11.4197434],[-54.6918692,-11.3848534],[-54.6950601,-11.368967],[-54.6862103,-11.3460332],[-54.6936099,-11.3316874],[-54.6811538,-11.3111659],[-54.6902525,-11.2948989],[-54.7012306,-11.2749185],[-54.695731,-11.2732506],[-54.6995309,-11.2658505],[-54.6941495,-11.2624207]],[[-54.6941495,-11.2624207],[-54.7007306,-11.2547869]],[[-54.7007306,-11.2547869],[-54.7032782,-11.2516155],[-54.709677,-11.259311],[-54.7100531,-11.2525645],[-54.7209914,-11.2580965],[-54.7283808,-11.2526491],[-54.7336254,-11.2580143],[-54.7461434,-11.2571924],[-54.7556315,-11.2536205],[-54.7626495,-11.2566558],[-54.7795887,-11.2552485],[-54.823933,-11.2791765],[-54.8653051,-11.287484],[-54.8795242,-11.2677455],[-54.914271,-11.2290586],[-54.9215972,-11.1943901]],[[-54.9215972,-11.1943901],[-54.928216,-11.1722236]],[[-54.928216,-11.1722236],[-54.9528681,-11.1701873],[-54.9773726,-11.1753055],[-55.0195842,-11.1855117],[-55.0568691,-11.2095707],[-55.0765298,-11.2064002]],[[-55.0765298,-11.2064002],[-55.1027678,-11.2122731],[-55.1098452,-11.2116601],[-55.1194901,-11.205953]],[[-55.1194901,-11.205953],[-55.1528587,-11.1862371],[-55.1675472,-11.2267643],[-55.1737353,-11.2546541]],[[-55.1737353,-11.2546541],[-55.1718675,-11.2621511],[-55.1728709,-11.2669681],[-55.1775538,-11.2754284],[-55.1932891,-11.2828293]],[[-55.1932891,-11.2828293],[-55.2011635,-11.2993391],[-55.2042875,-11.303044],[-55.2144681,-11.303242]],[[-55.2144681,-11.303242],[-55.22788,-11.3096836],[-55.228205,-11.2804759],[-55.2526339,-11.2774701],[-55.282014,-11.2788511],[-55.2930601,-11.2663631],[-55.3218289,-11.2498329],[-55.3225226,-11.2116237],[-55.3373023,-11.1820592],[-55.3514879,-11.1758074],[-55.3775129,-11.1516728],[-55.4156283,-11.1737997],[-55.4368409,-11.1960337],[-55.4413309,-11.2157002],[-55.4534591,-11.2329919],[-55.4491198,-11.2572982],[-55.4553537,-11.2904852],[-55.4675604,-11.3185856],[-55.4627945,-11.3553312]],[[-51.344398,-14.9621644],[-51.3070507,-14.9809707],[-51.295042,-15.0302486],[-51.2734813,-15.0448049],[-51.2403049,-15.0292875],[-51.2190088,-15.0247016],[-51.1983989,-15.0027752],[-51.15705,-14.985611],[-51.1449181,-14.9434106],[-51.0871098,-14.9213487],[-51.0930003,-14.8935438],[-51.093809,-14.8604157],[-51.0896375,-14.8401805],[-51.0707095,-14.8099634],[-51.0448213,-14.7928386],[-51.0451073,-14.7771092],[-51.0566607,-14.7612964],[-51.0531885,-14.7388819],[-51.029233,-14.7074084],[-51.0317548,-14.6778724],[-51.0266586,-14.6593581],[-51.0100072,-14.6457339],[-50.9928355,-14.6124579],[-50.9962494,-14.5746109],[-50.9642292,-14.5282977],[-50.973025,-14.4976842],[-50.9680137,-14.4819971],[-50.9889651,-14.4535716],[-50.9849149,-14.4319171],[-50.9978306,-14.4156747],[-50.9844832,-14.3764446],[-50.9882005,-14.3599682],[-50.9693146,-14.3358323],[-50.9684662,-14.3166155],[-50.9781733,-14.2972436],[-50.9548889,-14.2332145],[-50.9402094,-14.2184689],[-50.9233151,-14.1804903],[-50.9137226,-14.1685097],[-50.9100275,-14.148419],[-50.9197824,-14.1266249],[-50.9037008,-14.1102235],[-50.8951037,-14.1308696],[-50.8711194,-14.11793],[-50.8518089,-14.1176257],[-50.8348823,-14.0946837],[-50.8329111,-14.0708596],[-50.8550439,-14.0258773],[-50.8471508,-13.9997948],[-50.8663329,-13.979648],[-50.8626275,-13.9540243],[-50.8402336,-13.9236819],[-50.8406443,-13.8637887],[-50.8590855,-13.8287048],[-50.8543701,-13.7997614],[-50.8583114,-13.7536609],[-50.8732996,-13.7324117],[-50.8613369,-13.7186374],[-50.8297337,-13.7098143],[-50.8062258,-13.6938146],[-50.786569,-13.6466268],[-50.7836065,-13.6203941],[-50.7715851,-13.6045005],[-50.7664363,-13.5820128],[-50.7683782,-13.5608543],[-50.7589998,-13.5203153],[-50.7148156,-13.4914731],[-50.6940354,-13.4695508],[-50.6835249,-13.445191],[-50.6639456,-13.4349565],[-50.6696223,-13.3976196],[-50.6653237,-13.3755658],[-50.6464959,-13.3619688],[-50.6236072,-13.3304988],[-50.60928,-13.3187809],[-50.6055947,-13.2750748],[-50.592727,-13.2605582],[-50.5841755,-13.2176963],[-50.6047,-13.1914869],[-50.5936237,-13.1636575],[-50.5995303,-13.1360913],[-50.5928955,-13.1213082],[-50.5945502,-13.096701],[-50.6103187,-13.0647588],[-50.6064732,-13.0540029],[-50.5763134,-13.0541372],[-50.5690214,-13.0424957],[-50.5935939,-13.0072101],[-50.5905238,-13.0004264],[-50.548804,-12.9928203],[-50.5376929,-12.9774134],[-50.5237278,-12.9711832],[-50.5263757,-12.9339305],[-50.5134792,-12.9128663],[-50.510974,-12.8867658],[-50.4998954,-12.8678115],[-50.5125394,-12.8590585],[-50.5187648,-12.8370221],[-50.5319858,-12.8436218],[-50.5669545,-12.8434234],[-50.6005434,-12.8244273],[-50.5819162,-12.7993793],[-50.6033135,-12.8004623],[-50.6135092,-12.8184022],[-50.6253595,-12.8000195],[-50.6117659,-12.7758968],[-50.6302565,-12.776069],[-50.6229618,-12.7346385],[-50.6347107,-12.7253575],[-50.6332051,-12.7015454],[-50.6451219,-12.7022394],[-50.6547658,-12.6791794],[-50.6463495,-12.6637937],[-50.6562041,-12.6459931],[-50.6838723,-12.6480901]],[[-50.6838723,-12.6480901],[-50.6865608,-12.6632906],[-50.6995039,-12.6701863],[-50.7077051,-12.6898242],[-50.7087485,-12.6975372],[-50.713829,-12.7252095],[-50.7201775,-12.7260255],[-50.7347776,-12.7335426],[-50.7341874,-12.7384919],[-50.7399791,-12.7531493],[-50.7409427,-12.7607446],[-50.7296493,-12.7706881],[-50.7348277,-12.7872022],[-50.7623594,-12.815041],[-50.7731164,-12.8071674],[-50.777478,-12.8307169],[-50.7884925,-12.8608123],[-50.8060837,-12.8613031],[-50.8253405,-12.8708782],[-50.8427838,-12.8920255],[-50.8969458,-12.8492394],[-50.9454821,-12.6928391]],[[-50.9454821,-12.6928391],[-50.9493209,-12.7033581]],[[-50.9493209,-12.7033581],[-50.9627208,-12.7138325],[-50.9693559,-12.7170637],[-50.9869639,-12.7207757],[-50.9938168,-12.7250587],[-50.9956728,-12.7316736]],[[-50.9956728,-12.7316736],[-50.9858694,-12.7430951],[-50.9751142,-12.7501383],[-50.9743052,-12.759085],[-50.9814436,-12.7681746],[-50.992865,-12.7751226],[-50.9971956,-12.7862823],[-51.0109013,-12.7921714],[-51.0237305,-12.8179942],[-51.0121603,-12.8261141]],[[-51.0121603,-12.8261141],[-51.0081152,-12.8522584],[-51.0222155,-12.8797125]],[[-51.0222155,-12.8797125],[-51.0359847,-12.8975276],[-51.0291437,-12.9112393],[-51.0273889,-12.9152546],[-51.0373826,-12.9281037],[-51.0669831,-12.9292459],[-51.0853465,-12.955968],[-51.1112588,-12.9623926],[-51.1186329,-12.9879097],[-51.1114114,-12.9985763],[-51.1245432,-13.0156305],[-51.1069444,-13.087643],[-51.1213576,-13.087102],[-51.144076,-13.106097],[-51.1374324,-13.1325735],[-51.17372,-13.1500584],[-51.1787578,-13.1673736],[-51.1972294,-13.1684293],[-51.1934236,-13.1851575],[-51.1901687,-13.209217],[-51.2071721,-13.2217668],[-51.2008715,-13.2383444],[-51.2098426,-13.2452106],[-51.2170107,-13.2398266],[-51.2439166,-13.2506026],[-51.2510103,-13.249832],[-51.2715093,-13.2454579],[-51.2749434,-13.2488909]],[[-51.2749434,-13.2488909],[-51.2631467,-13.2676955],[-51.2606275,-13.2760175],[-51.2639935,-13.2883479],[-51.2717087,-13.3027638],[-51.2766207,-13.3071829],[-51.293193,-13.3142935]],[[-51.293193,-13.3142935],[-51.3020891,-13.3241995],[-51.32651,-13.331938],[-51.3436853,-13.3456828],[-51.3408886,-13.3534763],[-51.3334823,-13.3558154]],[[-51.3334823,-13.3558154],[-51.3146733,-13.3463696],[-51.3075565,-13.3487873],[-51.3058017,-13.350971]],[[-51.3058017,-13.350971],[-51.3052015,-13.3573026],[-51.3069271,-13.3636387],[-51.3216066,-13.3756487]],[[-51.3216066,-13.3756487],[-51.3295777,-13.3866356],[-51.3472995,-13.3969218],[-51.3499958,-13.4273511],[-51.3665472,-13.4350409]],[[-51.3665472,-13.4350409],[-51.3770476,-13.4490955],[-51.3838227,-13.4557874],[-51.3962602,-13.4747839],[-51.4088325,-13.4801095],[-51.4169125,-13.500445]],[[-51.4451115,-13.5807544],[-51.4402336,-13.567013],[-51.4401444,-13.5581495],[-51.4416018,-13.554967],[-51.4520417,-13.5441405],[-51.458258,-13.541523],[-51.4613216,-13.5433969],[-51.4623329,-13.5458358]],[[-51.4703546,-13.5903668],[-51.4756995,-13.6094843],[-51.4647351,-13.6228879],[-51.4636343,-13.6325586],[-51.4654016,-13.640616],[-51.4701147,-13.6447514]],[[-51.4701147,-13.6447514],[-51.5146646,-13.6625871],[-51.53327,-13.6910576],[-51.5552825,-13.7135942],[-51.5525139,-13.7470406],[-51.5552564,-13.7716075],[-51.5704764,-13.7898054],[-51.5896617,-13.7999175],[-51.6016486,-13.8415191],[-51.6163837,-13.8586992],[-51.6145371,-13.8837934],[-51.6277285,-13.9031556],[-51.6277458,-13.9240098],[-51.6537559,-13.9595996],[-51.6637616,-13.9853174],[-51.679427,-13.9913879],[-51.7025615,-14.0355272],[-51.6968137,-14.1020303],[-51.7058858,-14.1435186],[-51.7310943,-14.173796],[-51.7243171,-14.1979604],[-51.7313455,-14.217262],[-51.7142749,-14.2354844],[-51.7024262,-14.2584085],[-51.7062643,-14.272027],[-51.6890231,-14.3158276],[-51.7013153,-14.335804],[-51.696619,-14.357188],[-51.7153195,-14.3695124]],[[-51.7153195,-14.3695124],[-51.719458,-14.3722085]],[[-51.719458,-14.3722085],[-51.7079053,-14.3835379],[-51.7155232,-14.39638],[-51.7054708,-14.4104609],[-51.7040629,-14.4283518],[-51.7190261,-14.4370584],[-51.7235817,-14.4555084],[-51.7204522,-14.468471],[-51.7138932,-14.4687026],[-51.7082679,-14.4841742]],[[-51.7082679,-14.4841742],[-51.699634,-14.4975958],[-51.6966144,-14.5188325]],[[-51.6966144,-14.5188325],[-51.6913565,-14.5359595]],[[-55.3351978,-10.4929899],[-55.3563036,-10.4738493],[-55.3842405,-10.4589519],[-55.3994852,-10.4601388],[-55.4309196,-10.4415426],[-55.4380963,-10.3916654],[-55.4588292,-10.349398],[-55.4543891,-10.3446757],[-55.4811398,-10.2449598],[-55.4654174,-10.2292364],[-55.4758157,-10.2118363],[-55.5075331,-10.1900176],[-55.5169595,-10.1608467],[-55.5476109,-10.1324197],[-55.5699925,-10.1265947]],[[-55.5699925,-10.1265947],[-55.5678269,-10.1308847]],[[-55.6038857,-10.226777],[-55.6264931,-10.2425493],[-55.6391824,-10.2486013],[-55.6581583,-10.2490159]],[[-55.6864103,-10.2497606],[-55.6903091,-10.2493987]],[[-55.6903091,-10.2493987],[-55.6933726,-10.2568814],[-55.6878666,-10.2607782],[-55.6957349,-10.263211],[-55.6943726,-10.2852298],[-55.7055747,-10.2954352],[-55.6761844,-10.334025],[-55.6569444,-10.3448693],[-55.6592472,-10.3673021],[-55.6534028,-10.4202561],[-55.6446454,-10.4342397],[-55.6459829,-10.4528729],[-55.6362693,-10.4640423],[-55.6428004,-10.4801491],[-55.6348378,-10.491174],[-55.6422605,-10.5080329],[-55.6225916,-10.5287973],[-55.637139,-10.5560734],[-55.6353107,-10.5752726],[-55.6415087,-10.5992201],[-55.620497,-10.6122682],[-55.6260964,-10.6286149],[-55.6436813,-10.636281],[-55.656823,-10.6698279],[-55.653554,-10.6835661],[-55.6625042,-10.6983391],[-55.663613,-10.7393226],[-55.6520269,-10.7550175],[-55.6602427,-10.767435],[-55.6557607,-10.7874788],[-55.6747697,-10.8167378],[-55.64887,-10.9041524],[-55.6345498,-10.923131],[-55.6152159,-10.9296449],[-55.598095,-10.9364839],[-55.6111161,-10.9546615]],[[-55.6111161,-10.9546615],[-55.5905793,-10.9655556]],[[-55.5905793,-10.9655556],[-55.5663155,-10.9600886],[-55.5499341,-10.9579384],[-55.5432418,-10.9697966]],[[-55.5432418,-10.9697966],[-55.5315015,-10.9807029],[-55.5273725,-10.9984703]],[[-55.5273725,-10.9984703],[-55.5227294,-11.0154279],[-55.5058196,-11.0160006],[-55.4820574,-10.9995581],[-55.4459093,-11.013512],[-55.4322396,-10.9733802],[-55.4095858,-10.9539503],[-55.3936085,-10.9235795]],[[-55.3936085,-10.9235795],[-55.2627129,-10.8703263]],[[-55.2627129,-10.8703263],[-55.2530226,-10.8492283],[-55.2248514,-10.8162843],[-55.1991319,-10.8039934],[-55.1857022,-10.7893074]],[[-55.1857022,-10.7893074],[-55.1730191,-10.7858446],[-55.1687004,-10.7794913],[-55.1695852,-10.7691337]],[[-55.1695852,-10.7691337],[-55.1727363,-10.7605785]],[[-55.1727363,-10.7605785],[-55.1630973,-10.7376237],[-55.1633463,-10.7165907]],[[-55.1633463,-10.7165907],[-55.1595464,-10.7029425],[-55.1606305,-10.6971063],[-55.1760155,-10.6728576],[-55.2300898,-10.6016694],[-55.2366882,-10.5724287],[-55.2439587,-10.5626462],[-55.2717185,-10.5523066],[-55.3005276,-10.5339343],[-55.3138075,-10.529106],[-55.317958,-10.5268651],[-55.3255943,-10.5181649],[-55.3278537,-10.5137202],[-55.3342312,-10.5074536],[-55.3303369,-10.501578]],[[-55.3303369,-10.501578],[-55.3351978,-10.4929899]],[[-59.1273709,-8.8032687],[-59.4813631,-8.8033209],[-60.0005265,-8.8008853],[-60.4201808,-8.7966226],[-61.5831348,-8.7986891],[-61.5683676,-8.8010824],[-61.5430783,-8.8190978],[-61.5271948,-8.816858],[-61.5137215,-8.8369518],[-61.5115045,-8.8636406],[-61.4921498,-8.8848334],[-61.484578,-8.9059414],[-61.469214,-8.9201143],[-61.4895398,-8.9372717],[-61.5110619,-8.9761931],[-61.5371227,-9.0470026],[-61.555755,-9.0924026],[-61.5553819,-9.1314969],[-61.5236433,-9.1790181],[-61.5196316,-9.1951977],[-61.5280945,-9.2311652],[-61.5248651,-9.2428551],[-61.5519857,-9.2438516],[-61.5683872,-9.237088],[-61.5890933,-9.2436737],[-61.5996169,-9.2560351],[-61.6283434,-9.257097],[-61.6328359,-9.276471],[-61.6119925,-9.2807016],[-61.6113336,-9.3157281],[-61.6247905,-9.3364251],[-61.6259281,-9.3630117],[-61.5803064,-9.3682219],[-61.5633169,-9.3781567],[-61.5614959,-9.4005523],[-61.5505387,-9.4147035],[-61.55672,-9.435615],[-61.5817187,-9.4591265],[-61.5627368,-9.4857714],[-61.5258126,-9.5017971],[-61.5495654,-9.5152171],[-61.5271246,-9.533266],[-61.5080429,-9.540463],[-61.5103714,-9.5650911],[-61.4949271,-9.5849287],[-61.5030326,-9.615345],[-61.4957448,-9.6247777],[-61.4768074,-9.628723],[-61.4940717,-9.659381],[-61.5068828,-9.6619559],[-61.505272,-9.6913819],[-61.5324293,-9.7117765],[-61.5530502,-9.7071921],[-61.5746373,-9.7177933],[-61.5315013,-9.7399119],[-61.5326111,-9.7579842],[-61.547356,-9.7875415],[-61.5249134,-9.7957303],[-61.530444,-9.8220731],[-61.5197334,-9.8215361],[-61.5079136,-9.8610818],[-61.5110765,-9.8955614],[-61.5249818,-9.9065757],[-61.5233429,-9.9484856],[-61.5312021,-9.9898503],[-61.5402295,-10.0002094]],[[-61.5402295,-10.0002094],[-61.4297943,-10.0000329],[-61.4118786,-10.0175384],[-61.3900823,-10.0150905],[-61.3592759,-10.0404899],[-61.350177,-10.0279817],[-61.3012959,-10.0233218],[-61.3005811,-10.0125712],[-61.2791452,-10.0038776],[-61.2752198,-9.9921715],[-61.2788429,-9.9668603],[-61.2876371,-9.9575355],[-61.2857963,-9.9413863],[-61.2784439,-9.9424594],[-61.2478475,-9.9487433],[-61.2133328,-9.9717285],[-61.2147896,-9.9919292],[-61.1822457,-10.0039373],[-61.1750557,-10.0214215],[-61.127854,-10.0495332],[-61.1367467,-10.0312139],[-61.1208103,-10.0222983],[-61.1169561,-10.0002579],[-61.0609504,-9.9712214],[-61.0529513,-9.9816905],[-61.0210647,-9.9609938],[-61.0032342,-9.9427095],[-60.9952503,-9.9265731],[-60.983972,-9.9230493],[-60.9642376,-9.8901166],[-60.9478294,-9.8821567],[-60.9385531,-9.8673253],[-60.924973,-9.8629989],[-60.9085913,-9.8462993],[-60.9254034,-9.8376568],[-60.9207806,-9.8213796],[-60.9032452,-9.8089318],[-60.876826,-9.7723949],[-60.8437332,-9.765738],[-60.8229351,-9.7492692],[-60.787672,-9.7373888],[-60.7582101,-9.6965541],[-60.7153524,-9.7043832],[-60.6773755,-9.6709913],[-60.6784346,-9.6437783],[-60.6553076,-9.6478745],[-60.6472905,-9.6365616]],[[-60.6472905,-9.6365616],[-60.6573561,-9.6317391]],[[-60.4783162,-9.3165008],[-60.2678716,-9.3211472],[-60.2620709,-9.3321739]],[[-60.0217336,-9.3810326],[-60.0099123,-9.3800866],[-60.0064617,-9.3810809],[-60.0031797,-9.3844465],[-59.9979908,-9.3986797],[-59.9944272,-9.4034226]],[[-59.7789432,-9.4812803],[-59.7727326,-9.4826323],[-59.7688944,-9.4863306],[-59.7714448,-9.4971863],[-59.7652412,-9.5094568],[-59.7648758,-9.5153799],[-59.7814305,-9.5574899]],[[-59.0299536,-9.9885321],[-59.0193235,-9.9810495]],[[-59.0193235,-9.9810495],[-59.0005013,-9.9794394],[-58.9656168,-9.9439163],[-58.9620284,-9.9293203],[-58.9691261,-9.9143771],[-58.9661276,-9.8902455],[-58.9785969,-9.8812414],[-58.995907,-9.8525836],[-59.0102848,-9.8536885],[-58.9969483,-9.791438],[-59.0005,-9.7747933],[-59.0235994,-9.7368096],[-59.0139132,-9.7027057],[-59.0246745,-9.7000602],[-59.0393913,-9.6726092],[-59.0429877,-9.6342769],[-59.0320484,-9.613619],[-59.0385381,-9.5997151],[-59.0354138,-9.5810249],[-59.0369843,-9.5707769],[-58.9933211,-9.5591043],[-58.9780174,-9.5434537],[-58.9916716,-9.5332334],[-58.9981679,-9.5086084],[-58.9918417,-9.5004006],[-58.9944732,-9.4758832],[-58.9383903,-9.439376],[-58.9776235,-9.3755348],[-59.001776,-9.3702648],[-58.9854245,-9.3480215],[-58.9648456,-9.3363477],[-58.9607346,-9.3406978],[-58.9464729,-9.3235874],[-58.9623191,-9.3019744],[-58.9857078,-9.2738681],[-58.989967,-9.267122],[-59.0017918,-9.2622969],[-59.0369608,-9.2504392],[-59.035086,-9.2312414],[-59.020405,-9.2253341],[-58.9992054,-9.2321191],[-58.9851272,-9.2250401],[-58.986865,-9.2113748],[-59.0197314,-9.2007744],[-59.0309574,-9.1862859],[-59.0290991,-9.1615652],[-59.0174384,-9.1373482],[-58.9953524,-9.129031],[-58.988119,-9.1104153],[-58.9747728,-9.076962],[-58.9749929,-9.0638613],[-58.9763961,-9.0538228],[-58.98454,-9.0490344],[-59.0090683,-9.047224],[-59.0106333,-9.0439749],[-59.0364613,-8.9919299],[-59.0405834,-8.9881338],[-59.0452185,-8.9838488],[-59.0455249,-8.9778762],[-59.0438082,-8.9715703],[-58.9959754,-8.9317208],[-58.9902536,-8.9210833],[-59.0179318,-8.9085236],[-59.010588,-8.8971878],[-59.0203949,-8.8853634],[-59.0175128,-8.8693398],[-59.0296861,-8.8586345],[-59.0523722,-8.8511966],[-59.0670551,-8.8297074],[-59.0917052,-8.8339029],[-59.1067517,-8.814988],[-59.1273709,-8.8032687]],[[-59.779373,-12.341453],[-59.7929413,-12.3457819],[-59.8054961,-12.368622],[-59.8192559,-12.3787482],[-59.8425487,-12.424849],[-59.84416,-12.4671729],[-59.8558572,-12.4786047],[-59.8989333,-12.5030734],[-59.8926911,-12.5237149],[-59.8960537,-12.5364446],[-59.9476548,-12.5992652],[-59.9774152,-12.6065175],[-59.9807975,-12.5927148],[-60.0057096,-12.5941724],[-60.0108331,-12.6091402],[-60.028942,-12.6185671],[-60.0453785,-12.6417106],[-60.0453772,-12.6609203],[-60.059073,-12.6635501],[-60.0670412,-12.6775032],[-60.0652602,-12.6952385],[-60.0557303,-12.7036176],[-60.0750583,-12.7332327],[-60.0621632,-12.7581709],[-60.0684506,-12.7899181],[-60.0656385,-12.8107048],[-60.0828176,-12.852636],[-60.0791127,-12.8811425],[-60.0881078,-12.9024309],[-60.1015281,-12.9134155],[-60.1171653,-12.9595556],[-60.1397946,-12.9702063],[-60.1506317,-12.9640583],[-60.1674159,-12.970643],[-60.1833444,-12.967629],[-60.2136568,-13.0070527],[-60.2152922,-13.0269807],[-60.2413314,-13.0384575],[-60.2562022,-13.063813],[-60.2829916,-13.0805523],[-60.2846488,-13.0976179],[-60.2771203,-13.1126783],[-60.2806217,-13.1356155],[-60.2685052,-13.1449711],[-60.2786128,-13.1596137],[-60.3038368,-13.1783698],[-60.3082236,-13.1994875],[-60.3297838,-13.2354686],[-60.3248107,-13.2504877],[-60.3390314,-13.2723343],[-60.3518053,-13.2730059],[-60.3518141,-13.2917301],[-60.3607581,-13.2984736],[-60.3734795,-13.324443],[-60.3660926,-13.332232],[-60.3713434,-13.3675469],[-60.3795864,-13.3752343],[-60.3793059,-13.4153231],[-60.3879196,-13.4546951],[-60.4115299,-13.4616583],[-60.4320021,-13.4884356],[-60.4864221,-13.4941821],[-60.5109486,-13.5035966],[-60.5316656,-13.5180899],[-60.5357855,-13.537301],[-60.5776508,-13.5652277],[-60.600309,-13.5727202],[-60.6096173,-13.5687544],[-60.6347881,-13.5745178],[-60.6455062,-13.5928216],[-60.6692817,-13.6083279],[-60.6860379,-13.6252274],[-60.6863687,-13.6391634],[-60.6995884,-13.6541843],[-60.6996735,-13.6708369],[-60.7139468,-13.6759978],[-60.7046824,-13.7046713],[-60.6865712,-13.7031919],[-60.6807964,-13.7199216],[-60.6461545,-13.7387043],[-60.6235162,-13.7195351],[-60.6003771,-13.7489045],[-60.574761,-13.7474353],[-60.5694102,-13.7687045],[-60.5319304,-13.7715548],[-60.4984569,-13.789018],[-60.4726823,-13.7937191],[-60.4762569,-13.8239155],[-60.4842355,-13.848864],[-60.4674284,-13.8561433],[-60.4649595,-13.8738596],[-60.4551528,-13.8809775],[-60.450121,-13.9286386],[-60.4275955,-13.9435763],[-60.4171524,-13.9405506],[-60.4187643,-13.9745128],[-60.4113755,-13.9815307],[-60.3890708,-13.9788613],[-60.382096,-13.9874563],[-60.3775112,-14.011267]],[[-60.3775112,-14.011267],[-60.3387816,-14.0196818],[-60.3142663,-14.0608419]],[[-60.3142663,-14.0608419],[-60.3064827,-14.0603419]],[[-60.3064827,-14.0603419],[-60.2548754,-14.0481086],[-60.2379246,-14.0367136],[-60.1678275,-14.0122202],[-60.1271275,-14.0267845],[-60.0974284,-14.0244711],[-60.0311421,-14.0354238],[-60.0005132,-14.0515952],[-59.9932768,-14.0403373],[-59.973131,-14.0414661],[-59.950891,-14.0563005],[-59.9497813,-14.0778519],[-59.9187746,-14.0832357],[-59.902244,-14.1229589],[-59.8419451,-14.1709526],[-59.839142,-14.1448418],[-59.8251671,-14.1196744],[-59.8271816,-14.0814737],[-59.8069104,-14.0432238],[-59.7938494,-14.0378039],[-59.749671,-14.0331757],[-59.7361172,-14.0961429],[-59.7137303,-14.1213326],[-59.707385,-14.1104374],[-59.6660363,-14.0916778],[-59.6326144,-14.0884605],[-59.6149001,-14.0735703],[-59.5960679,-14.0690411],[-59.5796808,-14.0569081],[-59.5357432,-14.0098504],[-59.492293,-14.0163113],[-59.4662642,-14.0294632],[-59.4566653,-14.0419175],[-59.4347423,-14.0284075],[-59.4129317,-14.014321],[-59.3886227,-13.9937964],[-59.3803709,-13.9834778],[-59.3706706,-13.9816795]],[[-59.3706706,-13.9816795],[-59.3701376,-13.9784534]],[[-59.0446783,-12.7239102],[-59.0343276,-12.7102402],[-59.0321504,-12.7046009],[-59.0285812,-12.7026735],[-59.0195869,-12.7040298]],[[-58.9311334,-12.6414772],[-58.9319702,-12.6397017],[-58.9366107,-12.6393454]],[[-58.9366107,-12.6393454],[-58.9345307,-12.6285464],[-58.923807,-12.6201673],[-58.9291548,-12.5664599],[-58.9209064,-12.5611207],[-58.908426,-12.5310457],[-58.9118307,-12.5008875],[-58.8916443,-12.4776479],[-58.8624595,-12.4604731],[-58.8537535,-12.4367704],[-58.8585983,-12.410669],[-58.8508727,-12.3955898],[-58.8559156,-12.3789666],[-58.8497185,-12.3637301],[-58.84597,-12.3316763],[-58.8557405,-12.304419],[-58.8675425,-12.2865008],[-58.8760172,-12.2582619],[-58.8731066,-12.2299027],[-58.8691796,-12.2133524]],[[-58.8691796,-12.2133524],[-58.8718888,-12.211636],[-58.8951782,-12.2134407],[-58.9194341,-12.2158036],[-58.9323665,-12.2252531],[-58.9644296,-12.2235608],[-58.9757269,-12.2350245],[-59.0167337,-12.2421862],[-59.0421957,-12.2564115],[-59.0474973,-12.2597351],[-59.0824021,-12.2878658],[-59.0927911,-12.3037386],[-59.1126895,-12.3134047],[-59.1261567,-12.3367477],[-59.1284045,-12.3538925],[-59.1575135,-12.362657],[-59.1664254,-12.365316],[-59.1870233,-12.3516427],[-59.1910476,-12.3360806],[-59.2210084,-12.309323],[-59.2401483,-12.310806],[-59.2665573,-12.300523],[-59.2829662,-12.2872731],[-59.3544685,-12.2811749],[-59.3693559,-12.2881203],[-59.3881215,-12.2840464],[-59.4734791,-12.291023],[-59.4994256,-12.300123],[-59.5243922,-12.3031537],[-59.5578091,-12.2975759],[-59.5680396,-12.3071362],[-59.5940281,-12.3036199],[-59.5994027,-12.3141988],[-59.6256152,-12.3045459],[-59.6620429,-12.3084924],[-59.6917268,-12.316838],[-59.7088524,-12.3099911],[-59.7322803,-12.3272316],[-59.7452443,-12.3268412],[-59.7722112,-12.3401271],[-59.776994,-12.343242],[-59.779373,-12.341453]],[[-52.0634829,-10.0966061],[-52.0622562,-10.0994184]],[[-52.0622562,-10.0994184],[-52.071898,-10.1168223],[-52.0629584,-10.1326677],[-52.0735299,-10.1464123],[-52.0708877,-10.1589393],[-52.0939059,-10.173091],[-52.078566,-10.1826904],[-52.071924,-10.2135162],[-52.0921297,-10.2144851],[-52.1026947,-10.2301794],[-52.11444,-10.2441253],[-52.1303291,-10.2711292]],[[-52.1303291,-10.2711292],[-52.1439647,-10.2706659]],[[-52.1439647,-10.2706659],[-52.153629,-10.2877585],[-52.1583391,-10.2967986],[-52.1651,-10.3017548],[-52.1681661,-10.3200113]],[[-52.1681661,-10.3200113],[-52.1626567,-10.334362],[-52.1632615,-10.3518159],[-52.1645967,-10.3592355],[-52.1662973,-10.3616811],[-52.1690559,-10.3625689],[-52.1889326,-10.3663291]],[[-52.1889326,-10.3663291],[-52.1750666,-10.3750994],[-52.1866844,-10.3898363],[-52.1963431,-10.4165107],[-52.1913867,-10.4294958],[-52.2158964,-10.4393831],[-52.2163998,-10.4492735],[-52.1893638,-10.4653752],[-52.1835865,-10.4793387],[-52.1798498,-10.488798]],[[-52.1798498,-10.488798],[-52.1683717,-10.4940345]],[[-52.1683717,-10.4940345],[-52.1603132,-10.5055176],[-52.155239,-10.5080273],[-52.1442314,-10.5094462]],[[-52.1442314,-10.5094462],[-52.1230727,-10.5292383],[-52.1265941,-10.547129],[-52.1174698,-10.5508313],[-52.1144467,-10.5481611],[-52.0769341,-10.5377659],[-52.051634,-10.5495735],[-52.0294128,-10.5388058],[-51.9658796,-10.5502009],[-51.9707255,-10.5850467],[-51.9675514,-10.6098033],[-51.9405199,-10.6593046],[-51.9246498,-10.6579082],[-51.9037197,-10.6464045],[-51.8867371,-10.6521295],[-51.8658304,-10.6691362],[-51.837213,-10.6721329],[-51.8201603,-10.6918965],[-51.8128609,-10.714173],[-51.8174064,-10.7270631]],[[-51.8174064,-10.7270631],[-51.3546446,-10.7485844]],[[-51.3546446,-10.7485844],[-51.355604,-10.7398743],[-51.3473237,-10.7185302],[-51.3617033,-10.70058],[-51.3565511,-10.6685622],[-51.3710265,-10.6465],[-51.3688551,-10.634262],[-51.3381328,-10.6208484],[-51.3261289,-10.632643],[-51.304771,-10.6292939],[-51.325366,-10.581242],[-51.2962696,-10.5726453],[-51.2853464,-10.559808],[-51.2862956,-10.5265037],[-51.2637412,-10.5004256],[-51.2831422,-10.4650064],[-51.3339215,-10.4281019],[-51.3067479,-10.4139833],[-51.2908762,-10.4132626],[-51.2672307,-10.3855501],[-51.2617172,-10.3593057],[-51.2506578,-10.3351465],[-51.2363275,-10.306942],[-51.2298523,-10.290934],[-51.2148693,-10.2840026],[-51.1911361,-10.2732859],[-51.1743562,-10.2744285],[-51.1632327,-10.263104]],[[-51.1632327,-10.263104],[-51.1597029,-10.2501174]],[[-51.1597029,-10.2501174],[-51.1650637,-10.2431556],[-51.2245498,-10.2338164],[-51.2433183,-10.2232502],[-51.2601382,-10.2293076],[-51.291864,-10.2427221]],[[-51.291864,-10.2427221],[-51.3010476,-10.2522806],[-51.3076994,-10.2509333],[-51.3273422,-10.2382743]],[[-51.3273422,-10.2382743],[-51.3383706,-10.2356082],[-51.3652598,-10.206492],[-51.3592094,-10.1679868],[-51.3818517,-10.1738602],[-51.4068384,-10.1729192],[-51.4275033,-10.1599422],[-51.4469286,-10.1331749],[-51.4627082,-10.1222673],[-51.4712122,-10.1293656],[-51.5004523,-10.1282132],[-51.5262027,-10.1215822],[-51.5538508,-10.1375513],[-51.5626955,-10.1521245],[-51.5860482,-10.1510038],[-51.6007508,-10.1432638],[-51.6246931,-10.1076987],[-51.6594892,-10.0962796],[-51.6722733,-10.0779034],[-51.7162067,-10.0709914],[-51.7235898,-10.0683459],[-51.7483529,-10.0915386],[-51.7426959,-10.1035568],[-51.7525081,-10.1172602],[-51.7908355,-10.1100524],[-51.7962319,-10.1034466],[-51.8238392,-10.1044111],[-51.8326129,-10.1108235],[-51.8578438,-10.1092801],[-51.8928024,-10.0968573],[-51.916884,-10.1043327],[-51.9824778,-10.0776244],[-52.0073905,-10.0918669],[-52.0270741,-10.0789146],[-52.0594546,-10.0959556],[-52.0634829,-10.0966061]],[[-59.0856161,-14.2802538],[-59.0941085,-14.2821174]],[[-59.3097896,-14.5070599],[-59.3349137,-14.5451605]],[[-59.3349137,-14.5451605],[-59.3433686,-14.533991],[-59.3675327,-14.5243706],[-59.3822305,-14.5255257],[-59.4077761,-14.5149604],[-59.4392114,-14.479226],[-59.4524437,-14.4941504],[-59.4726812,-14.473721],[-59.494134,-14.4654201],[-59.5092308,-14.4574544],[-59.5305432,-14.4576666],[-59.5414526,-14.4562172],[-59.5565891,-14.4639512],[-59.5634031,-14.4670453],[-59.5838048,-14.4821294],[-59.6094007,-14.4869478],[-59.6241445,-14.4968181],[-59.6402913,-14.5302758],[-59.6294919,-14.5360564],[-59.6186232,-14.5361123],[-59.6009934,-14.5512733],[-59.5939182,-14.5674455],[-59.5869174,-14.581601],[-59.5873847,-14.623839],[-59.6040035,-14.6523777],[-59.5997736,-14.6736417],[-59.6083987,-14.7182602],[-59.6120353,-14.7462236],[-59.5665587,-14.7954788],[-59.5768086,-14.8099916]],[[-59.5768086,-14.8099916],[-59.5843497,-14.8198173]],[[-59.5843497,-14.8198173],[-59.4467973,-14.9591203]],[[-59.4467973,-14.9591203],[-59.3962739,-14.9626993]],[[-59.3962739,-14.9626993],[-59.3687305,-14.9546076],[-59.3665889,-14.9519524],[-59.3667773,-14.9419759]],[[-59.3667773,-14.9419759],[-59.3700953,-14.9311871],[-59.3695911,-14.9271414],[-59.3654907,-14.9255875],[-59.3484365,-14.9127812]],[[-59.3484365,-14.9127812],[-59.335406,-14.8775813],[-59.3145557,-14.8760536],[-59.3111129,-14.8669863],[-59.2840836,-14.8517857],[-59.2710043,-14.8373459],[-59.2554925,-14.8320447],[-59.2398961,-14.838455],[-59.2297681,-14.8268007],[-59.2033482,-14.8257943],[-59.18092,-14.800425],[-59.1758008,-14.7867348]],[[-59.1758008,-14.7867348],[-59.1491992,-14.7721735],[-59.1418436,-14.7620841]],[[-59.1418436,-14.7620841],[-59.1639698,-14.746032],[-59.1613894,-14.7098562],[-59.1534201,-14.6833935],[-59.1506522,-14.6776612],[-59.141939,-14.6662205],[-59.1082766,-14.6630059]],[[-59.1082766,-14.6630059],[-59.1085038,-14.6568108]],[[-59.1085038,-14.6568108],[-59.1019405,-14.6539875],[-59.0763411,-14.6584174],[-59.0609828,-14.646946],[-59.0487354,-14.6444132],[-59.0477927,-14.6409271],[-59.0370304,-14.6299123],[-59.0396605,-14.6055801],[-59.0509437,-14.593078],[-59.0455207,-14.565129],[-59.0494516,-14.5338667],[-59.0726477,-14.5253561],[-59.0686832,-14.5115061],[-59.0744233,-14.4934175],[-59.0668906,-14.4728618],[-59.072253,-14.4486161],[-59.0596039,-14.4300102],[-59.0675208,-14.4219142],[-59.0641821,-14.3825252],[-59.0557061,-14.3739358],[-59.0564796,-14.315754],[-59.0668287,-14.2932527],[-59.0856161,-14.2802538]],[[-58.441947,-8.7987153],[-59.1273709,-8.8032687]],[[-59.0193235,-9.9810495],[-59.0191659,-9.9930903]],[[-58.8399743,-10.1263438],[-58.8438791,-10.1313301]],[[-58.8438791,-10.1313301],[-58.3230844,-10.1281221]],[[-58.3230844,-10.1281221],[-58.3204533,-10.1191356]],[[-58.3204533,-10.1191356],[-58.2986339,-10.1089386],[-58.2833971,-10.0858896],[-58.2732233,-10.0582048],[-58.263851,-10.0490508],[-58.2302666,-9.9974671],[-58.2337924,-9.9517238],[-58.2165428,-9.9352723],[-58.223359,-9.8975526],[-58.2220066,-9.8733243],[-58.1981567,-9.8494801],[-58.1952128,-9.8045777],[-58.208169,-9.790301],[-58.206777,-9.7708846],[-58.2161294,-9.7243567],[-58.2334737,-9.6891998],[-58.2608298,-9.6503554],[-58.264117,-9.6007368],[-58.256533,-9.5777161]],[[-58.256533,-9.5777161],[-58.2528255,-9.5561216],[-58.2586867,-9.535833]],[[-58.2586867,-9.535833],[-58.2577303,-9.5084465],[-58.2756787,-9.4668651]],[[-58.2756787,-9.4668651],[-58.2892405,-9.4475645],[-58.2994549,-9.4446127],[-58.315786,-9.4464914]],[[-58.315786,-9.4464914],[-58.3374088,-9.4503803],[-58.3456406,-9.4579589],[-58.3917058,-9.4518787]],[[-58.3917058,-9.4518787],[-58.412526,-9.4571128],[-58.4211669,-9.4574403],[-58.4334243,-9.4525421]],[[-58.4334243,-9.4525421],[-58.4690317,-9.4269068],[-58.489875,-9.4077032],[-58.5215934,-9.4045373],[-58.5389891,-9.392992],[-58.5492945,-9.3673605],[-58.5624062,-9.3555925],[-58.5775786,-9.3532796],[-58.590133,-9.3401072],[-58.6005245,-9.3284987],[-58.6051942,-9.3089573],[-58.6189865,-9.2895873],[-58.6282848,-9.2397849],[-58.6387069,-9.2112789],[-58.6527238,-9.2001266],[-58.655742,-9.1894171],[-58.6504376,-9.1742783],[-58.6570716,-9.1553804],[-58.6558296,-9.1440054],[-58.6420557,-9.1339456],[-58.6313077,-9.1055892],[-58.6076531,-9.0930334],[-58.5980287,-9.0872686],[-58.5923537,-9.0480432],[-58.6046333,-9.0125982],[-58.6003598,-9.0004058],[-58.5683686,-8.9700249],[-58.5541763,-8.9459084]],[[-58.5541763,-8.9459084],[-58.5608864,-8.9293474]],[[-55.9226853,-15.1028286],[-55.9185578,-15.0740397],[-55.9218639,-15.0700643],[-55.9278426,-15.071347]],[[-56.1205062,-15.09037],[-56.1194029,-15.1052795]],[[-56.2797332,-15.3330176],[-56.2619414,-15.3545132]],[[-56.2619414,-15.3545132],[-56.2417707,-15.3709702],[-56.2323716,-15.4141506],[-56.2441461,-15.429181],[-56.2486582,-15.4507232],[-56.2385059,-15.4656913],[-56.2188994,-15.4705304],[-56.2007627,-15.4987485],[-56.1841063,-15.5085977],[-56.1895316,-15.5267892],[-56.1723541,-15.5348152],[-56.1637815,-15.5589174],[-56.1420553,-15.5613062],[-56.1347616,-15.5744392],[-56.1440298,-15.5917164],[-56.1346807,-15.620606],[-56.1209934,-15.6278595],[-56.1042368,-15.6159392],[-56.0701943,-15.6442908],[-56.0733233,-15.6826498],[-56.1044538,-15.6867787],[-56.1136381,-15.6986928],[-56.1029776,-15.7154075],[-56.1113059,-15.7423641],[-56.1260359,-15.7565302],[-56.1421083,-15.7555033],[-56.1459219,-15.7696889]],[[-56.1459219,-15.7696889],[-56.0959996,-15.7682607],[-55.8929797,-15.698692],[-55.8880784,-15.7010096],[-55.7099428,-15.7048335],[-55.6708413,-15.7267797]],[[-55.6708413,-15.7267797],[-55.6545665,-15.7163664],[-55.6484055,-15.7146543],[-55.6370488,-15.7146435]],[[-55.6370488,-15.7146435],[-55.6191197,-15.7373688]],[[-55.5018525,-15.62634],[-55.5168126,-15.6203318]],[[-57.8926555,-15.4706312],[-57.8951068,-15.467043]],[[-57.8951068,-15.467043],[-57.9129364,-15.4878119],[-57.9164036,-15.5151537],[-57.9029431,-15.5410588],[-57.9207894,-15.5558502],[-57.9427173,-15.5482065],[-57.9585328,-15.5288141]],[[-57.9585328,-15.5288141],[-57.9907753,-15.5619273],[-57.9879194,-15.6038373]],[[-57.9879194,-15.6038373],[-57.9703775,-15.6090463],[-57.955127,-15.6255606],[-57.904144,-15.6504673],[-57.8940345,-15.6640597],[-57.8999086,-15.6825881],[-57.8878512,-15.7092541]],[[-57.8878512,-15.7092541],[-57.8851102,-15.7134607],[-57.8802094,-15.7172426],[-57.8789539,-15.7202716],[-57.8802597,-15.7372562],[-57.8832777,-15.7443629]],[[-57.8832777,-15.7443629],[-57.8898934,-15.7502281]],[[-57.8063128,-15.7754581],[-57.7995676,-15.7709531]],[[-57.7995676,-15.7709531],[-57.8008076,-15.7641729],[-57.7999116,-15.7613532],[-57.8089154,-15.7525327],[-57.8084259,-15.6715004],[-57.8019665,-15.6503704],[-57.7831431,-15.6391966],[-57.7958448,-15.6172452],[-57.8137717,-15.6109182],[-57.8297208,-15.5568015],[-57.8427387,-15.5413874],[-57.8342836,-15.5263246],[-57.8342025,-15.5196636],[-57.84491,-15.496233],[-57.8565023,-15.4984413],[-57.8745468,-15.4839462],[-57.8889927,-15.4809252],[-57.8925561,-15.481448],[-57.8926555,-15.4706312]],[[-56.9497076,-14.5029943],[-56.9533091,-14.5101443]],[[-56.9533091,-14.5101443],[-56.9670568,-14.5301814],[-56.9806865,-14.529525],[-57.0018688,-14.548007],[-57.0314635,-14.5552405],[-57.0417174,-14.5521892],[-57.0462655,-14.5748545],[-57.0565238,-14.5859169],[-57.0969383,-14.6000183],[-57.1025915,-14.6067142]],[[-57.1025915,-14.6067142],[-57.0912032,-14.6162507]],[[-57.0912032,-14.6162507],[-57.0857682,-14.6495636]],[[-57.0857682,-14.6495636],[-57.0956573,-14.6531416],[-57.1107573,-14.668482],[-57.1181341,-14.6792397]],[[-57.1181341,-14.6792397],[-57.1375563,-14.6978881],[-57.1475152,-14.7177531]],[[-57.1475152,-14.7177531],[-57.1523698,-14.7335486],[-57.1613797,-14.7565969],[-57.1570803,-14.7645003],[-57.1548501,-14.7877827],[-57.1514095,-14.7913203]],[[-57.1514095,-14.7913203],[-57.1411223,-14.8072862]],[[-56.926965,-14.9366365],[-56.9213075,-14.935446]],[[-57.3656772,-13.5864449],[-57.368006,-13.5876493]],[[-57.7349888,-14.2898413],[-57.7328659,-14.3034131]],[[-57.7328659,-14.3034131],[-57.7239424,-14.3030025],[-57.7125114,-14.2950302],[-57.6973867,-14.2970024],[-57.6726278,-14.2832215],[-57.6715542,-14.2696695],[-57.6570202,-14.2361806],[-57.6179105,-14.1999304],[-57.5939977,-14.1941988],[-57.569502,-14.2048267],[-57.5595647,-14.225577],[-57.5018142,-14.2214633],[-57.4782624,-14.2115143],[-57.455451,-14.190166],[-57.4359843,-14.1894881],[-57.418073,-14.1791097],[-57.4100628,-14.1630455]],[[-57.4100628,-14.1630455],[-57.3893414,-14.1535968],[-57.3770056,-14.1556265]],[[-57.3770056,-14.1556265],[-57.3655822,-14.1771634],[-57.3633163,-14.1800563],[-57.3385194,-14.1863396],[-57.3241257,-14.1803891],[-57.3055953,-14.1731281],[-57.2380771,-14.1681357],[-57.2101981,-14.1856567],[-57.1837741,-14.1894446],[-57.1490065,-14.1643232],[-57.1332705,-14.1617862],[-57.1179332,-14.1737586],[-57.0892213,-14.1563492],[-57.0788138,-14.1652751],[-57.0814535,-14.1888541],[-57.0636067,-14.1985256],[-57.0301505,-14.1936838],[-57.0149248,-14.1966922],[-57.0013711,-14.1928129],[-56.9491786,-14.1621172],[-56.9392348,-14.1647236]],[[-56.9392348,-14.1647236],[-56.934517,-14.1529319]],[[-56.934517,-14.1529319],[-56.890639,-14.1480436],[-56.7689056,-14.1507267]],[[-56.7689056,-14.1507267],[-56.7259086,-14.1329973],[-56.7055817,-14.1363217],[-56.7154147,-14.1570174],[-56.7264468,-14.1653961],[-56.7211971,-14.1790351],[-56.7065367,-14.1982736],[-56.6776763,-14.1987413],[-56.6556812,-14.2152981],[-56.6179445,-14.1997352],[-56.6045586,-14.2009935],[-56.519551,-14.2557698],[-56.5390007,-14.2629363],[-56.5434915,-14.2794971],[-56.5698272,-14.3132108],[-56.584735,-14.3145354],[-56.609813,-14.3321344],[-56.5965397,-14.3395218],[-56.5677721,-14.3398346],[-56.5524842,-14.3471698],[-56.5524655,-14.3930206]],[[-56.4781313,-14.668161],[-56.4790199,-14.661193],[-56.4746392,-14.6620548]],[[-56.4746392,-14.6620548],[-56.4646083,-14.6568964],[-56.449317,-14.6373013],[-56.4471805,-14.6335944],[-56.436804,-14.6334477],[-56.4084996,-14.644328],[-56.3899704,-14.63948],[-56.3564189,-14.6130447],[-56.3418424,-14.6174778],[-56.3123984,-14.6148552],[-56.2764047,-14.6264379],[-56.2646798,-14.6224684],[-56.228734,-14.5859831],[-56.218936,-14.5636452],[-56.223327,-14.5564267],[-56.2094901,-14.5369305],[-56.1733456,-14.5076017],[-56.1426287,-14.4873756],[-56.1030475,-14.4527027],[-56.0512129,-14.4216568],[-56.0418983,-14.3970503],[-56.0150013,-14.3730144],[-55.9975602,-14.3578563],[-55.9950069,-14.3426111],[-55.9965125,-14.3167146],[-55.9767527,-14.2917661],[-55.9816944,-14.2756139],[-56.0024309,-14.2513566],[-56.0065932,-14.2483903],[-56.0049449,-14.2445992],[-56.0277575,-14.2335247]],[[-56.0277575,-14.2335247],[-56.0308673,-14.2182067]],[[-56.0308673,-14.2182067],[-56.0356887,-14.217554],[-56.0374781,-14.2150674],[-56.0450089,-14.1689562],[-56.0564107,-14.1500517],[-56.0613107,-14.1433497],[-56.0638479,-14.1440015],[-56.105509,-14.1526874],[-56.1205075,-14.1482421],[-56.146668,-14.1557057],[-56.1665733,-14.1539355],[-56.1914326,-14.1438782],[-56.2014383,-14.1587302],[-56.2067719,-14.1672105],[-56.2322923,-14.154402],[-56.2414864,-14.1372288],[-56.2438583,-14.136532],[-56.2504975,-14.1350556],[-56.2655957,-14.1288236],[-56.2673759,-14.1236299],[-56.2704338,-14.1179061],[-56.2841561,-14.0969424],[-56.2852451,-14.0882239],[-56.2908405,-14.0861201],[-56.2952822,-14.0777681],[-56.3086935,-14.0706965],[-56.3027655,-14.0538094],[-56.3135575,-14.0118893],[-56.3310218,-14.0004251],[-56.3432876,-13.9547293],[-56.3679894,-13.9330994],[-56.3685679,-13.9247933],[-56.3709978,-13.9075041],[-56.3795255,-13.8977972],[-56.3899867,-13.8845635],[-56.3875475,-13.8782696],[-56.387367,-13.8618682],[-56.4035688,-13.8519358],[-56.4124185,-13.8471345]],[[-56.4124185,-13.8471345],[-56.4245941,-13.8364419]],[[-56.4245941,-13.8364419],[-56.4971374,-13.8597034],[-56.5227823,-13.8528966],[-56.5342742,-13.8562415],[-56.5442862,-13.866302],[-56.5579694,-13.8943782],[-56.5829874,-13.8773039],[-56.6147592,-13.8669854],[-56.6302346,-13.874514],[-56.6559904,-13.8657134],[-56.6772772,-13.8719695],[-56.696106,-13.8466553],[-56.6929892,-13.8011591],[-56.7047063,-13.7915658],[-56.6922224,-13.7579873],[-56.6725357,-13.7499016],[-56.6708455,-13.7144236],[-56.6713753,-13.7118572],[-56.6700206,-13.7023482],[-56.6708694,-13.6990069],[-56.6764533,-13.693926],[-56.6826712,-13.6911597],[-56.7125713,-13.6723498],[-56.7202792,-13.6551554],[-56.7428866,-13.6482138],[-56.7570252,-13.6567802],[-56.7658089,-13.6705166],[-56.7675492,-13.6723641],[-56.767343,-13.6745982],[-56.781146,-13.7023617],[-56.8141422,-13.7307531],[-56.8176218,-13.7449807],[-56.8593946,-13.7580269],[-56.8870807,-13.7745363],[-56.9025421,-13.7940611],[-56.9123906,-13.7913476],[-56.9192094,-13.7946716],[-56.9349999,-13.8013197],[-56.9546571,-13.7900639],[-56.987648,-13.8153034],[-56.9886365,-13.8270332],[-57.0080386,-13.8311189],[-57.0184825,-13.8236103],[-57.0568249,-13.8475316],[-57.0596163,-13.8539795],[-57.1221591,-13.8562189],[-57.1541261,-13.8756376],[-57.1805359,-13.8736077],[-57.2120766,-13.9182503],[-57.3469271,-13.887675],[-57.3363676,-13.8768426],[-57.3220852,-13.8679082],[-57.2809469,-13.8104948]],[[-57.2809469,-13.8104948],[-57.280265,-13.807626]],[[-57.280265,-13.807626],[-57.3533399,-13.7382452],[-57.3577968,-13.6980452],[-57.3485173,-13.6782103],[-57.3459933,-13.6473049],[-57.3300016,-13.6213406],[-57.3424449,-13.6014922],[-57.3532725,-13.5939455],[-57.3623208,-13.5904115],[-57.3656772,-13.5864449]],[[-54.8762002,-15.4812102],[-54.9005043,-15.4957749],[-54.9072187,-15.4966856],[-54.9113458,-15.4956443],[-54.9159414,-15.4897763]],[[-54.9325455,-15.484002],[-54.9511325,-15.4858437],[-54.9548275,-15.4892193],[-54.9555278,-15.4927917],[-54.9532343,-15.4976286]],[[-54.9727517,-15.6224205],[-54.9753477,-15.6340595]],[[-54.9753477,-15.6340595],[-54.9775303,-15.6376082],[-54.984356,-15.6420554],[-54.9851812,-15.6669567],[-55.0018214,-15.6705878],[-55.0118369,-15.698828],[-55.0040416,-15.7046072],[-55.014433,-15.7316742],[-55.0118124,-15.7475433],[-55.0238433,-15.7612359],[-55.002102,-15.773413],[-54.9804133,-15.7701649],[-54.9622813,-15.7771601],[-54.970631,-15.8047734],[-54.9547814,-15.8205958],[-54.9623669,-15.8381185],[-54.9428115,-15.9093559],[-54.9420488,-15.9303876],[-54.9507436,-15.9467882],[-54.9380686,-15.9521174],[-54.9325815,-15.9577091],[-54.9270088,-15.9621111],[-54.9217835,-15.9665298]],[[-54.9217835,-15.9665298],[-54.9124393,-15.9829281]],[[-54.9124393,-15.9829281],[-54.9090124,-15.977341],[-54.9005421,-15.9515282],[-54.8232543,-15.9388643],[-54.7904982,-15.9228374],[-54.7645634,-15.9176826],[-54.745157,-15.9002966],[-54.7387264,-15.8943491],[-54.7045508,-15.889152]],[[-54.7045508,-15.889152],[-54.6934749,-15.8889217]],[[-54.6934749,-15.8889217],[-54.6868715,-15.8819807],[-54.6874369,-15.8797165],[-54.6778139,-15.8501277],[-54.666628,-15.8376094],[-54.6556961,-15.8100852],[-54.6328624,-15.7980614],[-54.6268378,-15.7879134],[-54.5878944,-15.7769271],[-54.5804933,-15.7629081],[-54.5672113,-15.7478713],[-54.6156606,-15.7189822],[-54.6119784,-15.7048315],[-54.6303193,-15.6837618],[-54.6361147,-15.6480108],[-54.6147239,-15.6371182],[-54.5781463,-15.6275816],[-54.5601458,-15.5751031],[-54.5463374,-15.5502284],[-54.5482539,-15.5271889],[-54.5624837,-15.4975539],[-54.5422902,-15.4778122],[-54.5318653,-15.4440988],[-54.5228421,-15.4265191],[-54.5105058,-15.4082728],[-54.5064812,-15.402216]],[[-54.5064812,-15.402216],[-54.5095983,-15.3965634]],[[-54.5095983,-15.3965634],[-54.526974,-15.3986937],[-54.5315527,-15.3770873],[-54.5437077,-15.3704037]],[[-54.5437077,-15.3704037],[-54.5493828,-15.3750195],[-54.5513801,-15.3749306],[-54.5532779,-15.3734488],[-54.5541588,-15.3693478],[-54.552412,-15.3655207]],[[-53.3179514,-10.9577069],[-53.3376854,-10.9896745],[-53.3384539,-11.0074809],[-53.3319265,-11.0062369]],[[-53.3319265,-11.0062369],[-53.3268613,-11.0079055],[-53.3207745,-11.0133528],[-53.321398,-11.018621],[-53.3280196,-11.0235714],[-53.3419857,-11.0266595]],[[-53.3419857,-11.0266595],[-53.3745477,-11.0191681],[-53.3732755,-11.0480502],[-53.3819196,-11.0549166],[-53.3989323,-11.0544172],[-53.4388468,-11.0481677],[-53.4459583,-11.0544823],[-53.4867131,-11.0547984],[-53.4957735,-11.0740078],[-53.5188325,-11.0964184],[-53.5282453,-11.0813564],[-53.5600637,-11.0847234],[-53.5931676,-11.1208825],[-53.6148437,-11.1220481],[-53.6437519,-11.1524298],[-53.6567747,-11.1466362],[-53.6620588,-11.142432],[-53.664641,-11.1422232],[-53.675295,-11.1488714],[-53.6827317,-11.1573595],[-53.6799056,-11.177617],[-53.6846136,-11.1812353],[-53.704109,-11.1834322],[-53.7107756,-11.1771736],[-53.7166397,-11.1852442],[-53.7088824,-11.196131],[-53.7527922,-11.2132433],[-53.7475863,-11.2339897],[-53.7663986,-11.244174],[-53.7665734,-11.2601779],[-53.7778431,-11.269654],[-53.7792666,-11.2841614]],[[-53.7792666,-11.2841614],[-53.784362,-11.2959253]],[[-53.784362,-11.2959253],[-53.8083211,-11.354116],[-53.8245,-11.3566434],[-53.8275824,-11.35937],[-53.828184,-11.3623721],[-53.8338096,-11.3737919],[-53.8319095,-11.3767086],[-53.8288515,-11.4010735],[-53.8431423,-11.4130613],[-53.8346708,-11.4324326],[-53.8575285,-11.4642226],[-53.8527501,-11.4795227],[-53.8618421,-11.4972965],[-53.8839695,-11.5117222],[-53.9081502,-11.5103148],[-53.9442002,-11.5383257],[-53.970079,-11.5333426],[-53.9818483,-11.559171],[-53.9894846,-11.5613157],[-54.0164613,-11.5951607],[-54.0403181,-11.5985833],[-54.0558837,-11.618738],[-54.0828085,-11.6255064],[-54.1106909,-11.6473508],[-54.1340866,-11.6716694],[-54.1581024,-11.7213979],[-54.1912922,-11.748949],[-54.1910761,-11.764701],[-54.202252,-11.7848841],[-54.2778378,-11.8502372],[-54.2838002,-11.8630407]],[[-54.2838002,-11.8630407],[-54.2859249,-11.8775198]],[[-54.2859249,-11.8775198],[-54.3002923,-11.8813823],[-54.3016952,-11.899225],[-54.3145191,-11.9116117],[-54.3175649,-11.9218109],[-54.3287468,-11.934834],[-54.3577291,-11.9497955],[-54.3799738,-11.9784126],[-54.3980579,-11.9874847],[-54.4035201,-11.9963266],[-54.4268341,-11.9979631],[-54.4430478,-12.0093463],[-54.4874652,-12.0016216],[-54.516287,-12.0165749],[-54.5599266,-12.0302312],[-54.5907287,-12.0466317],[-54.6157581,-12.047497],[-54.6542997,-12.0700062],[-54.7081641,-12.0640176],[-54.7263862,-12.074049],[-54.7350363,-12.0916702],[-54.7543036,-12.0946708],[-54.8022842,-12.1178792],[-54.867987,-12.1252102],[-54.8850363,-12.1196613],[-54.9208728,-12.1266656],[-54.9537097,-12.1472886],[-54.9782801,-12.1752929],[-54.9711638,-12.1940437],[-54.9849801,-12.2249388],[-55.0126703,-12.2455398],[-55.0135839,-12.2327192],[-55.0345587,-12.1925226],[-55.0298229,-12.1603367],[-55.0444226,-12.1529432]],[[-55.0444226,-12.1529432],[-55.0564412,-12.1541627],[-55.0746216,-12.1738208]],[[-55.0746216,-12.1738208],[-55.0937007,-12.1807726],[-55.1169069,-12.1761065]],[[-55.1169069,-12.1761065],[-55.1255089,-12.1775946]],[[-55.1255089,-12.1775946],[-55.1248927,-12.1816723],[-55.1225164,-12.1859382],[-55.1212529,-12.1918809],[-55.1379153,-12.2120278],[-55.1072694,-12.2595139],[-55.0931131,-12.316212],[-55.0720805,-12.3620731],[-55.0776017,-12.3861592],[-55.0963513,-12.4133263],[-55.0986567,-12.4700714],[-55.1179042,-12.4928415],[-55.1377301,-12.5489792],[-55.1660226,-12.5770602],[-55.1809068,-12.5739848],[-55.1981615,-12.593963],[-55.2320183,-12.5986381],[-55.238062,-12.6045603],[-55.234419,-12.6107446],[-55.2340602,-12.6134607],[-55.2313992,-12.6237406],[-55.2323858,-12.6332801],[-55.240303,-12.6408017],[-55.2732216,-12.6565629],[-55.2746684,-12.6589759],[-55.2780515,-12.6622739]],[[-55.2780515,-12.6622739],[-55.2610142,-12.6752226]],[[-55.2610142,-12.6752226],[-55.2495807,-12.6874122]],[[-55.2495807,-12.6874122],[-55.2415879,-12.6986972],[-55.2291708,-12.7370384]],[[-55.2291708,-12.7370384],[-55.091633,-12.7356277],[-55.0531894,-12.7301936],[-55.0138392,-12.7291978],[-54.9963073,-12.7379488],[-54.9729605,-12.7346377],[-54.953095,-12.7414053],[-54.9458555,-12.7113554],[-54.9230905,-12.6929455],[-54.9102209,-12.6604454],[-54.8904974,-12.6510263],[-54.8825427,-12.6559387],[-54.8372779,-12.6381434],[-54.7912267,-12.6267749],[-54.7737403,-12.6078783],[-54.7576915,-12.6114828],[-54.7440452,-12.5993757],[-54.7320445,-12.5673743],[-54.73548,-12.5466965],[-54.7176661,-12.5389122],[-54.7121583,-12.5142034],[-54.7020681,-12.4938392],[-54.7019127,-12.4907886],[-54.6800472,-12.4821038],[-54.6647151,-12.4771983],[-54.6611512,-12.4787303],[-54.6322349,-12.473893],[-54.6071671,-12.4769642],[-54.5799976,-12.4656616],[-54.5606879,-12.4678376],[-54.5360953,-12.4500991],[-54.5157762,-12.3873113],[-54.5052952,-12.3855164],[-54.4829482,-12.3613156],[-54.453046,-12.3633313],[-54.4399218,-12.3476703],[-54.4023514,-12.3424803],[-54.3750248,-12.3147055],[-54.3207122,-12.3004958],[-54.3059732,-12.2833437],[-54.2871861,-12.2838428],[-54.241207,-12.2442675],[-54.2111842,-12.2447546],[-54.183139,-12.2340261],[-54.1830344,-12.2176627],[-54.1435903,-12.1766566],[-54.113782,-12.1677553],[-54.1045759,-12.1542167],[-54.0991297,-12.1468312],[-54.0965748,-12.1563315],[-54.0638165,-12.1659057],[-54.0469718,-12.1303968],[-54.0243794,-12.1161491],[-54.0017587,-12.1143641],[-53.9948124,-12.1228644],[-53.9895316,-12.1239033],[-53.9884094,-12.1266004],[-53.9695201,-12.1202489],[-53.9600403,-12.122498],[-53.9656545,-12.1143524],[-53.9451007,-12.0869713],[-53.9250367,-12.0881807],[-53.9095441,-12.0976595],[-53.90138,-12.084542],[-53.8747155,-12.0759078],[-53.8552982,-12.087132],[-53.8529662,-12.0650539],[-53.8430137,-12.0725304],[-53.8336822,-12.078952],[-53.8065554,-12.0872692],[-53.7883801,-12.0859182],[-53.7880802,-12.0976455],[-53.7824442,-12.0941543]],[[-53.7824442,-12.0941543],[-53.7689802,-12.0919864],[-53.7516048,-12.0676514]],[[-53.7516048,-12.0676514],[-53.7409057,-12.0619538]],[[-53.7409057,-12.0619538],[-53.7259991,-12.0568493],[-53.7220071,-12.0539429],[-53.7210886,-12.0483862],[-53.7271127,-12.0413822]],[[-53.7271127,-12.0413822],[-53.7105839,-12.0343418],[-53.6823895,-12.0468134],[-53.6638821,-12.0397479],[-53.6526,-12.0318196],[-53.6451653,-12.0271173],[-53.6410173,-12.0128613],[-53.632451,-12.002791],[-53.6236111,-12.0081508],[-53.6207212,-11.996583],[-53.6313934,-11.9790131],[-53.6116115,-11.9801537],[-53.6070907,-11.9698947],[-53.6095562,-11.9560643],[-53.5519352,-11.9546882]],[[-53.5519352,-11.9546882],[-53.5486801,-11.9341878]],[[-53.5486801,-11.9341878],[-53.5524794,-11.915747],[-53.5619972,-11.9098579],[-53.573954,-11.8759505],[-53.5880761,-11.8591753],[-53.5872909,-11.8254822],[-53.601639,-11.7867921],[-53.6084145,-11.7436783],[-53.6018556,-11.7210643],[-53.5827723,-11.6868238],[-53.5692391,-11.6514234],[-53.5715766,-11.6159046],[-53.5544468,-11.6004484],[-53.5381475,-11.5961654],[-53.5392182,-11.5774866],[-53.5478962,-11.5692083],[-53.516909,-11.5444645],[-53.5044166,-11.5242904],[-53.4755659,-11.5179148],[-53.4695244,-11.5004242],[-53.4419197,-11.4646278],[-53.439253,-11.4315899],[-53.4279727,-11.4249233],[-53.4003843,-11.4359036],[-53.388065,-11.4210991],[-53.3782662,-11.3913148],[-53.3667587,-11.3829435],[-53.3256306,-11.3363764],[-53.3107788,-11.3121591],[-53.2907535,-11.3022161],[-53.2800562,-11.281094]],[[-53.2800562,-11.281094],[-53.2571309,-11.2739224],[-53.2526254,-11.2683337],[-53.2511735,-11.2638524]],[[-53.2511735,-11.2638524],[-53.2601329,-11.2439266]],[[-53.2601329,-11.2439266],[-53.2619606,-11.2362464],[-53.2604478,-11.2289643],[-53.2401652,-11.2017417]],[[-53.2401652,-11.2017417],[-53.2404811,-11.1810237],[-53.2420823,-11.1479671],[-53.2640104,-11.1112277],[-53.2669793,-11.0908152],[-53.2852427,-11.0826916],[-53.289577,-11.0647709],[-53.2822931,-11.049813],[-53.2854889,-11.03797],[-53.3045323,-11.0197783],[-53.3174759,-10.9944298],[-53.3179514,-10.9577069]],[[-58.8567431,-15.6004199],[-58.7983219,-15.6205013],[-58.7776208,-15.6432176]],[[-58.7776208,-15.6432176],[-58.7516514,-15.645451],[-58.7378072,-15.6547709],[-58.7199089,-15.6891487],[-58.5604449,-15.692965]],[[-58.5604449,-15.692965],[-58.5495501,-15.6732975],[-58.5575155,-15.6511442],[-58.5693486,-15.6428684],[-58.5562001,-15.5873995],[-58.5749575,-15.5782415],[-58.5801459,-15.5546313],[-58.5812901,-15.5510987],[-58.5803885,-15.5274904],[-58.5842094,-15.511893],[-58.5801635,-15.510943]],[[-58.5801635,-15.510943],[-58.5829293,-15.5091696]],[[-58.5829293,-15.5091696],[-58.5998765,-15.4962937],[-58.6073975,-15.4535709],[-58.6233933,-15.4259794],[-58.6236727,-15.4144525],[-58.6446371,-15.3854871],[-58.6556172,-15.353558],[-58.6632503,-15.3460234],[-58.6646886,-15.3430329],[-58.6633538,-15.3380953],[-58.682692,-15.3231536],[-58.6941332,-15.3160364],[-58.6946541,-15.3135258]],[[-58.6946541,-15.3135258],[-58.696456,-15.3136288]],[[-58.696456,-15.3136288],[-58.6974676,-15.3178454],[-58.7190558,-15.3249062],[-58.7504325,-15.294475],[-58.7545167,-15.3165721],[-58.7363363,-15.3427651],[-58.7410735,-15.3665587],[-58.7598426,-15.3535797],[-58.7883596,-15.3767953],[-58.7787358,-15.4258161],[-58.7697814,-15.4483483],[-58.8002408,-15.4542848],[-58.8298638,-15.4735127],[-58.8373168,-15.4876371],[-58.8551289,-15.4955439],[-58.8620817,-15.5246055],[-58.8568693,-15.5363792],[-58.8699072,-15.568911],[-58.8670823,-15.5758326],[-58.8621952,-15.5782795],[-58.8567946,-15.5918694],[-58.8497081,-15.5934314],[-58.848931,-15.5998914],[-58.8538287,-15.5980797],[-58.8567431,-15.6004199]],[[-53.5440402,-11.9377094],[-53.5475825,-11.9486237]],[[-53.5475825,-11.9486237],[-53.5445934,-11.9505648],[-53.5222486,-12.005636],[-53.5396953,-12.0229697],[-53.5342551,-12.0504517],[-53.5502736,-12.0693541],[-53.5532422,-12.0887206],[-53.5801659,-12.1049787],[-53.577885,-12.1228903],[-53.5949472,-12.1376536],[-53.589536,-12.1779102],[-53.604101,-12.1965783],[-53.5985939,-12.2034085],[-53.6300106,-12.2333055],[-53.6441029,-12.2417287],[-53.6506276,-12.2703127],[-53.6597485,-12.2722876],[-53.6921112,-12.3427076],[-53.720411,-12.3667801],[-53.7281652,-12.4014505],[-53.7440382,-12.417788],[-53.7554889,-12.4169035],[-53.7845859,-12.4491283],[-53.796112,-12.4668208],[-53.7927796,-12.491213],[-53.7963437,-12.5264322],[-53.7718901,-12.5626523],[-53.7995828,-12.600546],[-53.7989439,-12.6336782],[-53.8047248,-12.6590118],[-53.8230014,-12.693682],[-53.8319177,-12.6900625],[-53.8457235,-12.7272322],[-53.832558,-12.7520565],[-53.8375071,-12.7880947],[-53.8616941,-12.8061183],[-53.863841,-12.8233641],[-53.8922054,-12.8428319],[-53.8869184,-12.8560634],[-53.8983302,-12.8710851],[-53.8967302,-12.8858564],[-53.9225621,-12.89614],[-53.9330061,-12.9143002],[-53.9359349,-12.9539419],[-53.961101,-12.9694628],[-53.9808426,-12.9902769],[-53.9963405,-13.0142335],[-53.9772307,-13.055437],[-53.9785878,-13.090143],[-53.9847639,-13.1082075],[-54.0035177,-13.1266092],[-54.0083094,-13.1454656],[-54.002065,-13.1649808],[-54.0115443,-13.1756759],[-54.0091993,-13.2071363],[-54.0249538,-13.2470449],[-54.0152321,-13.2596326],[-54.0065085,-13.2941544],[-54.0070954,-13.3279969],[-54.013781,-13.3376985],[-54.0111854,-13.3646773],[-54.0213082,-13.3834155],[-54.0200068,-13.4296058],[-54.0291067,-13.4517061],[-54.0311713,-13.5360188],[-54.0476563,-13.5755244],[-54.0461176,-13.6218173],[-54.0539627,-13.6384685],[-54.0535297,-13.6563571],[-54.079828,-13.6792989],[-54.0878612,-13.7069502],[-54.0898914,-13.7130676],[-54.0772356,-13.7328498],[-54.0886511,-13.7537891],[-54.0810711,-13.7630791],[-54.0793563,-13.7960311],[-54.0709725,-13.814149],[-54.0591467,-13.8076703],[-54.0434232,-13.7960152],[-54.0191576,-13.8027353],[-53.9861408,-13.7879642],[-53.9618935,-13.7977489],[-53.9255739,-13.7758866],[-53.9174685,-13.7424829],[-53.8863445,-13.732246],[-53.8514767,-13.7070858],[-53.8538754,-13.6890843],[-53.826514,-13.6656477],[-53.7821936,-13.5893663],[-53.7688498,-13.5870061],[-53.7084735,-13.5606523],[-53.7107815,-13.5495284],[-53.6824317,-13.5195053],[-53.6860207,-13.5092376],[-53.6702839,-13.4937238],[-53.6683371,-13.4736616],[-53.6566108,-13.4605428],[-53.6381342,-13.465941],[-53.6391915,-13.4872046],[-53.6325628,-13.5076206],[-53.6487546,-13.5522637],[-53.6400046,-13.5715191],[-53.6567095,-13.60747],[-53.68363,-13.640543],[-53.684903,-13.6572318],[-53.7015647,-13.6621019],[-53.6983708,-13.7049679],[-53.7076396,-13.7317083],[-53.7035146,-13.7577511],[-53.6921122,-13.7689485],[-53.6366835,-13.7641784],[-53.6307748,-13.7764477],[-53.6127641,-13.7793454],[-53.5663522,-13.7621078],[-53.5530488,-13.7455961],[-53.5388978,-13.7441216],[-53.5068091,-13.7213191],[-53.4919811,-13.686784],[-53.4730636,-13.6530598],[-53.4552756,-13.6583945],[-53.426917,-13.6559722],[-53.4069508,-13.6817258],[-53.3623419,-13.7057137],[-53.352738,-13.7154635],[-53.3260098,-13.7104678],[-53.2913527,-13.716494],[-53.2887791,-13.7456846],[-53.2663761,-13.758199],[-53.2365657,-13.7755434],[-53.2271998,-13.7745689]],[[-53.2271998,-13.7745689],[-53.2175509,-13.7664148]],[[-53.1056514,-13.6331141],[-53.0984429,-13.634271]],[[-52.8347175,-12.8363501],[-52.8352886,-12.82362],[-52.8498183,-12.8093625]],[[-52.9248666,-12.6028342],[-52.9375905,-12.5947902]],[[-52.9375905,-12.5947902],[-52.9440865,-12.5852486],[-52.96768,-12.5859061],[-52.96573,-12.5565275],[-52.9813965,-12.5372269]],[[-52.9813965,-12.5372269],[-52.9857924,-12.5293806],[-52.9968389,-12.5204021],[-53.0004663,-12.5184379],[-53.0027006,-12.5187445],[-53.0083995,-12.5250623],[-53.007499,-12.539949]],[[-53.007499,-12.539949],[-53.0205118,-12.5293186],[-53.0353995,-12.4857138],[-53.0742359,-12.4647063],[-53.0849672,-12.4636117],[-53.090927,-12.4448425],[-53.1043091,-12.4356863],[-53.1125051,-12.39216],[-53.1009766,-12.3762811],[-53.114624,-12.3703348],[-53.1206345,-12.3486912],[-53.1366816,-12.3492432],[-53.1483862,-12.3211632],[-53.162168,-12.325332],[-53.1909024,-12.3079524],[-53.1880899,-12.2754205]],[[-53.1880899,-12.2754205],[-53.1913378,-12.2637135],[-53.2126459,-12.2699953],[-53.2157511,-12.2729934]],[[-53.2157511,-12.2729934],[-53.245197,-12.2550404],[-53.2611512,-12.2280573],[-53.2803102,-12.2325071],[-53.306765,-12.2292091],[-53.3017615,-12.2005333],[-53.3180013,-12.1952866],[-53.3153244,-12.1791182],[-53.3017258,-12.171373],[-53.3096137,-12.1553473],[-53.3320639,-12.1515283],[-53.3437352,-12.1322904],[-53.3414866,-12.1001676],[-53.3588376,-12.0855363],[-53.3605736,-12.0529179],[-53.3876519,-12.0421627],[-53.3865098,-12.0203907],[-53.4059262,-12.0178208],[-53.4137788,-12.003727],[-53.4374124,-11.9936767],[-53.4476441,-11.978359],[-53.4806591,-11.9807979],[-53.4947277,-11.9446599],[-53.5171523,-11.942397],[-53.5274316,-11.941231],[-53.5296683,-11.9332836],[-53.5384009,-11.9318798],[-53.5440402,-11.9377094]],[[-53.2913009,-15.3235722],[-53.2952578,-15.3210387]],[[-53.2952578,-15.3210387],[-53.2979524,-15.3375248],[-53.3130044,-15.3359518],[-53.3222328,-15.3559368],[-53.3402487,-15.3668045],[-53.3491581,-15.3731601],[-53.3715631,-15.370613],[-53.3834631,-15.3699987],[-53.383202,-15.3634018],[-53.3942022,-15.3540177],[-53.3981137,-15.3472514],[-53.4444849,-15.3483038],[-53.4602492,-15.3589175],[-53.4797634,-15.3677682],[-53.4879456,-15.3822396],[-53.5084062,-15.3821021],[-53.5208756,-15.3939295],[-53.5141896,-15.3685334],[-53.5318833,-15.3652882],[-53.5500625,-15.3762813],[-53.5661728,-15.3601726],[-53.6004122,-15.3582237],[-53.6159921,-15.3571811],[-53.6143204,-15.365314],[-53.6252026,-15.3653041],[-53.6566178,-15.3422116],[-53.6762784,-15.3523802],[-53.6949016,-15.3351358],[-53.7106079,-15.3425401],[-53.7182606,-15.3469671],[-53.7329745,-15.3432908]],[[-53.7329745,-15.3432908],[-53.7459624,-15.3480424],[-53.752917,-15.3527178],[-53.7572893,-15.3651243],[-53.7654365,-15.3628964],[-53.7972804,-15.3649932],[-53.8076637,-15.3795512],[-53.8091708,-15.3943965],[-53.8119083,-15.3964731],[-53.8128115,-15.4079829],[-53.8509855,-15.4419103],[-53.8578138,-15.4579972],[-53.891086,-15.4835096],[-53.8942077,-15.4857794],[-53.8987087,-15.4870766],[-53.9021217,-15.4899413],[-53.911105,-15.4967029],[-53.9120309,-15.5017493],[-53.9142323,-15.5096003],[-53.9143036,-15.5213725],[-53.9151255,-15.5481231],[-53.9252967,-15.5636181],[-53.9161312,-15.5715581],[-53.9377434,-15.6149056],[-53.9331637,-15.6375167],[-53.9035922,-15.6575462],[-53.9064005,-15.6742423],[-53.9109506,-15.6841548],[-53.9094528,-15.6993556],[-53.9015314,-15.7086951],[-53.8889133,-15.715405],[-53.882056,-15.7370025],[-53.8901464,-15.7521335],[-53.8526386,-15.8154043],[-53.8528555,-15.8262913],[-53.8346693,-15.8357175],[-53.8213973,-15.8473699],[-53.8012644,-15.8487327],[-53.7842353,-15.8608368],[-53.7661167,-15.8854039]],[[-53.7661167,-15.8854039],[-53.7620675,-15.8784969]],[[-53.7620675,-15.8784969],[-53.7537146,-15.8735476],[-53.7502806,-15.8541083],[-53.7812935,-15.8153212],[-53.7683321,-15.7779717],[-53.7690288,-15.7607654],[-53.7805645,-15.752679],[-53.7749737,-15.7381224],[-53.7795719,-15.7390438]],[[-53.7795719,-15.7390438],[-53.7819099,-15.7291784],[-53.7774213,-15.7213069],[-53.750928,-15.7116493]],[[-53.750928,-15.7116493],[-53.7318495,-15.719517],[-53.7162875,-15.7180912],[-53.6845852,-15.7241764],[-53.6597054,-15.7154766],[-53.644293,-15.7176141]],[[-53.644293,-15.7176141],[-53.6299228,-15.7179455],[-53.6188741,-15.7059904]],[[-53.6188741,-15.7059904],[-53.57475,-15.6414556],[-53.5356982,-15.6152669],[-53.509392,-15.6046276],[-53.4764125,-15.5789879]],[[-53.4764125,-15.5789879],[-53.4611812,-15.5535603],[-53.4518911,-15.5560876],[-53.4349284,-15.5641493]],[[-53.4349284,-15.5641493],[-53.4232594,-15.5720656],[-53.3636155,-15.5783083],[-53.3423612,-15.5907841],[-53.3113705,-15.5864225],[-53.2619441,-15.5943381],[-53.2416268,-15.6258624],[-53.1950352,-15.6380819],[-53.1958834,-15.651806],[-53.1544304,-15.7240089],[-53.1414673,-15.7345065],[-53.1343059,-15.7340906],[-53.1108834,-15.7454925]],[[-53.1108834,-15.7454925],[-53.1048788,-15.7411941],[-53.1023523,-15.7367645],[-53.1041023,-15.7278068],[-53.0950852,-15.7279937],[-53.0699676,-15.7343041]],[[-53.0699676,-15.7343041],[-53.0673026,-15.7283554],[-53.0650373,-15.7274798],[-53.0570614,-15.7286029],[-53.0524071,-15.7355509],[-53.0325958,-15.7399957],[-53.0270516,-15.7382587]],[[-53.0270516,-15.7382587],[-53.0074686,-15.7291216],[-52.9987534,-15.7282945],[-52.980696,-15.7386781],[-52.9600191,-15.722843],[-52.9337462,-15.7230929],[-52.9145185,-15.7089388],[-52.8988314,-15.7165926],[-52.8842564,-15.7083778],[-52.8738503,-15.7018736],[-52.8435504,-15.7113197],[-52.825097,-15.73064],[-52.8117805,-15.7375428],[-52.8127031,-15.7225669],[-52.7850933,-15.7220692]],[[-52.7850933,-15.7220692],[-52.7756979,-15.7337783],[-52.7654599,-15.7347246],[-52.7586198,-15.7310213],[-52.754332,-15.7232418],[-52.7509313,-15.7213631]],[[-58.2578598,-15.7204106],[-58.2472405,-15.7089792],[-58.3131716,-15.7020794]],[[-58.3131716,-15.7020794],[-58.5604449,-15.692965]],[[-58.5604449,-15.692965],[-58.5519286,-15.7259758],[-58.538494,-15.736426],[-58.5390986,-15.7554401],[-58.5240571,-15.7792213],[-58.5056453,-15.7804623],[-58.4930772,-15.8080486],[-58.462043,-15.8235362],[-58.4648266,-15.8507312],[-58.4424095,-15.8546901],[-58.4334303,-15.8516551],[-58.4267182,-15.8537713],[-58.4102525,-15.8643318],[-58.4079557,-15.866409],[-58.4034719,-15.8648552],[-58.3988423,-15.8639945],[-58.4005957,-15.865661],[-58.3995917,-15.8683172],[-58.3922562,-15.8797498]],[[-58.3922562,-15.8797498],[-58.3907618,-15.8848077]],[[-58.1575857,-15.8835746],[-58.1594702,-15.8734409],[-58.1550737,-15.8645006],[-58.1477269,-15.8610017],[-58.1394396,-15.8600274]],[[-58.1321063,-15.8473229],[-58.1502288,-15.8413567]],[[-58.1502288,-15.8413567],[-58.1744733,-15.8285507],[-58.2871383,-15.8169108],[-58.2735084,-15.7903889],[-58.2679472,-15.7619255],[-58.2677702,-15.7385412],[-58.2578598,-15.7204106]],[[-54.1067965,-9.5719079],[-54.6134541,-9.5358262],[-54.9955997,-9.5060968]],[[-54.9955997,-9.5060968],[-54.9963988,-9.5238756],[-54.9855427,-9.5542604],[-54.9661773,-9.5769762],[-54.9799681,-9.5899252],[-54.9704464,-9.6510601],[-54.9571782,-9.6769606],[-54.9904598,-9.7781302],[-54.985447,-9.7969917],[-54.9958509,-9.8214989],[-55.0276494,-9.8330857],[-55.0405937,-9.847629],[-55.0403272,-9.8653132],[-55.050616,-9.88551],[-55.0318206,-9.9019212],[-55.0402261,-9.941163],[-55.0249309,-9.9639202],[-55.0843755,-10.030328],[-55.0871362,-10.0316228],[-55.1096021,-10.0332398],[-55.1146391,-10.0344544],[-55.133635,-10.0449394]],[[-55.133635,-10.0449394],[-55.1367056,-10.044485],[-55.1377731,-10.0459901]],[[-55.1377731,-10.0459901],[-54.6685308,-10.0552798],[-54.6646252,-10.03921],[-54.6388489,-9.981533],[-54.6154344,-9.9879475],[-54.6003908,-9.9852716],[-54.5918736,-9.9702806],[-54.549523,-9.9674741],[-54.533879,-9.972161],[-54.5216173,-9.9902268],[-54.4865702,-9.9920599],[-54.4696639,-9.9996865],[-54.4305387,-9.9902903],[-54.4189685,-9.9952393],[-54.3578966,-9.9837934],[-54.3406599,-9.9848683],[-54.280975,-9.9741786],[-54.2674592,-9.9751338],[-54.2406562,-9.9351571],[-54.2485658,-9.9177683],[-54.2390482,-9.8993899],[-54.2583892,-9.8707822]],[[-54.2583892,-9.8707822],[-54.2557072,-9.8525992],[-54.2511356,-9.8450647],[-54.2439414,-9.8391669]],[[-54.2439414,-9.8391669],[-54.2370577,-9.8266468]],[[-54.2370577,-9.8266468],[-54.239157,-9.8181957],[-54.2322774,-9.8086749],[-54.2189821,-9.7996908],[-54.2119233,-9.8025818]],[[-54.2119233,-9.8025818],[-54.1792296,-9.8078537],[-54.1647655,-9.8014916],[-54.1601053,-9.7800885],[-54.1610215,-9.7500265],[-54.1439457,-9.7287757],[-54.1487576,-9.6598064]],[[-54.1487576,-9.6598064],[-54.1366743,-9.6449646],[-54.1442335,-9.6115245]],[[-54.1442335,-9.6115245],[-54.1384288,-9.5889025],[-54.1121787,-9.5813636],[-54.1067965,-9.5719079]],[[-53.3475878,-16.2719263],[-53.3549271,-16.2760823],[-53.3624653,-16.2778538],[-53.3709772,-16.2771047],[-53.3918581,-16.2684974]],[[-53.3918581,-16.2684974],[-53.4167043,-16.2373214]],[[-53.4167043,-16.2373214],[-53.4489896,-16.2261162]],[[-53.4489896,-16.2261162],[-53.4460231,-16.206867],[-53.4575324,-16.1949307],[-53.459244,-16.1774317],[-53.475117,-16.1577504],[-53.4950336,-16.1427152],[-53.5410163,-16.1373501],[-53.551453,-16.1241739],[-53.5726915,-16.1229825],[-53.5673925,-16.1396021],[-53.5869088,-16.163722],[-53.58486,-16.1795093],[-53.6058826,-16.1906357],[-53.611046,-16.2023545],[-53.6039494,-16.2247582],[-53.6148776,-16.2343052],[-53.6213873,-16.2352227],[-53.6340023,-16.2188661],[-53.6605054,-16.2051148],[-53.6669753,-16.2042715],[-53.6773641,-16.1909921],[-53.6901733,-16.1945326],[-53.7258007,-16.1886506],[-53.7336435,-16.1963274],[-53.8043632,-16.2099947]],[[-53.8043632,-16.2099947],[-53.8701252,-16.1850059],[-53.8787208,-16.1919933],[-53.911149,-16.1999533],[-53.9238324,-16.196443],[-53.942102,-16.2074071],[-53.9201776,-16.2548419],[-53.9434299,-16.2644247],[-53.944047,-16.2691473],[-53.941626,-16.2703103],[-53.9392182,-16.2770411],[-53.9516357,-16.3108161],[-53.9417883,-16.3385455],[-53.9494694,-16.3579671],[-53.96211,-16.3602186],[-53.9981759,-16.362753],[-54.0284786,-16.3703315],[-54.0490786,-16.3489128],[-54.0654807,-16.3528447],[-54.0654847,-16.3333519],[-54.103958,-16.3163696],[-54.1200281,-16.317592],[-54.1493994,-16.2997517],[-54.1696018,-16.3042669],[-54.1811237,-16.2955492],[-54.190497,-16.3058581],[-54.1887478,-16.3075605],[-54.1992949,-16.3091842],[-54.2033972,-16.3118062],[-54.2053604,-16.314434],[-54.2105791,-16.3164665],[-54.2128044,-16.3208193],[-54.2192504,-16.3266928],[-54.2206185,-16.3225235]],[[-54.2206185,-16.3225235],[-54.2270868,-16.3305437]],[[-54.2270868,-16.3305437],[-54.2241652,-16.35639],[-54.2131896,-16.3631285],[-54.1638853,-16.3696086],[-54.1660117,-16.3945953],[-54.1950579,-16.4034826],[-54.2203696,-16.4376839],[-54.2062868,-16.4505327],[-54.2065519,-16.4635415],[-54.2068031,-16.4743594],[-54.1758271,-16.4754993],[-54.1611688,-16.5036183],[-54.1201913,-16.4888458],[-54.1132914,-16.4955686]],[[-54.1132914,-16.4955686],[-54.1072603,-16.4802478]],[[-54.1072603,-16.4802478],[-54.0951214,-16.4852768],[-54.0894355,-16.4779392],[-54.036774,-16.4680232],[-54.0068705,-16.4886188],[-53.9924136,-16.490924],[-53.9798559,-16.500255],[-53.9816178,-16.5235944],[-53.9588512,-16.5291412],[-53.9171436,-16.5594404],[-53.9038901,-16.5794886],[-53.8827043,-16.5937489],[-53.8619301,-16.5766771],[-53.8475026,-16.5827077],[-53.8363748,-16.5854531],[-53.8419826,-16.6065746],[-53.8436445,-16.6422589],[-53.849883,-16.6525563],[-53.8447597,-16.6875544],[-53.8278386,-16.7062527],[-53.8289424,-16.7301811],[-53.8492405,-16.7388393],[-53.8585446,-16.7512077]],[[-53.8585446,-16.7512077],[-53.8624013,-16.7574998]],[[-53.3754775,-16.4963811],[-53.3689955,-16.4856398],[-53.3450796,-16.4703446]],[[-53.2323762,-16.4606537],[-53.2064297,-16.4490574]],[[-53.2064297,-16.4490574],[-53.191737,-16.4176975],[-53.1633574,-16.4069305],[-53.153748,-16.3919635],[-53.1485182,-16.3894645],[-53.147329,-16.3872246],[-53.1512677,-16.3843349],[-53.1483146,-16.3800953],[-53.1469244,-16.3805599],[-53.1478772,-16.3792291],[-53.1530439,-16.3733878],[-53.148972,-16.3701947],[-53.1514277,-16.3655854],[-53.1615286,-16.3014372],[-53.171328,-16.2856006],[-53.161638,-16.2550019],[-53.1462762,-16.2447125],[-53.1417782,-16.2360161],[-53.1421296,-16.2225924],[-53.1158085,-16.2161535],[-53.1014432,-16.1931044],[-53.08092,-16.1905134],[-53.0725749,-16.1924629],[-53.0633801,-16.1863531],[-53.0612198,-16.1837176],[-53.0441296,-16.1709151],[-53.0202516,-16.1662677],[-53.0069702,-16.1710728],[-52.9941678,-16.1505543],[-52.9832114,-16.1461365],[-52.9784036,-16.1396618]],[[-52.9784036,-16.1396618],[-52.9968152,-16.1253878]],[[-52.9968152,-16.1253878],[-52.9997119,-16.1141241],[-53.0016549,-16.1134302],[-53.0026101,-16.1094963],[-53.0195328,-16.104909],[-53.0401491,-16.0844754],[-53.0534405,-16.0822124],[-53.0688191,-16.066544],[-53.0683506,-16.0589448],[-53.0682932,-16.052755],[-53.0659115,-16.0402551],[-53.0441787,-16.0066564],[-53.0471513,-15.9996998],[-53.0566431,-15.960542]],[[-53.0566431,-15.960542],[-53.0609763,-15.9608591]],[[-53.0609763,-15.9608591],[-53.0812147,-15.9571347],[-53.0907533,-15.9560839],[-53.0950465,-15.9598497],[-53.1063695,-15.9602604],[-53.1457519,-15.981323],[-53.1567873,-15.9966653],[-53.1794444,-15.9959769],[-53.2053168,-16.0010359],[-53.2137187,-16.0133222],[-53.2408683,-16.0093354],[-53.2552926,-16.0212572],[-53.2661507,-16.0411696],[-53.2666238,-16.0670766],[-53.2908379,-16.0764352],[-53.3085081,-16.1172451],[-53.3048596,-16.1523531],[-53.3105361,-16.1613614],[-53.2872985,-16.1764398],[-53.2958919,-16.1968974],[-53.3355811,-16.223712],[-53.3528995,-16.2257169],[-53.3648651,-16.2388291],[-53.3473594,-16.258227],[-53.3475878,-16.2719263]],[[-58.7187457,-15.1593302],[-58.7279103,-15.1579044]],[[-58.7279103,-15.1579044],[-58.7272888,-15.1974917],[-58.7282848,-15.2160035],[-58.7300885,-15.2319734],[-58.7282567,-15.2460718],[-58.7249143,-15.2561018],[-58.7208814,-15.2611083],[-58.7182906,-15.2654051],[-58.7027127,-15.3079977]],[[-58.7027127,-15.3079977],[-58.6946541,-15.3135258]],[[-58.5829293,-15.5091696],[-58.5814793,-15.5098287]],[[-58.5814793,-15.5098287],[-58.4842747,-15.5149838]],[[-55.7801282,-11.4459888],[-55.7919169,-11.4462289]],[[-55.7919169,-11.4462289],[-55.8272505,-11.4800833],[-55.8317921,-11.4897232]],[[-55.8317921,-11.4897232],[-55.8343864,-11.5311024],[-55.8428229,-11.5593268],[-55.8621405,-11.5792589],[-55.8925397,-11.5893297],[-55.9124848,-11.6060599],[-55.9293602,-11.6092487],[-55.9430727,-11.5897165],[-55.962154,-11.5957678]],[[-55.962154,-11.5957678],[-55.9644811,-11.6157272],[-55.9664006,-11.6215081]],[[-55.9664006,-11.6215081],[-55.9787863,-11.6358759],[-55.9987203,-11.6434823],[-56.0155869,-11.6690391],[-56.0776632,-11.6964443],[-56.0760927,-11.7251784],[-56.0989407,-11.7446858],[-56.0988302,-11.7727016],[-56.1063741,-11.7965241],[-56.0994586,-11.8251417],[-56.1253506,-11.8335114],[-56.1580612,-11.8581575],[-56.1529822,-11.901383],[-56.1661174,-11.9089179],[-56.1939591,-11.9087788],[-56.2126924,-11.9206174],[-56.211047,-11.9339014],[-56.243611,-11.9575871],[-56.2582501,-12.0052712],[-56.3156267,-12.1062454],[-56.322401,-12.1128357],[-56.3138512,-12.1352624],[-56.3235816,-12.1497703],[-56.3365813,-12.1495324],[-56.3673827,-12.1743959]],[[-56.3673827,-12.1743959],[-56.3948192,-12.1908187]],[[-56.3948192,-12.1908187],[-56.4036395,-12.1969484],[-56.4106835,-12.2170533],[-56.4153362,-12.2477568]],[[-56.4153362,-12.2477568],[-56.3932324,-12.2539986],[-56.3774461,-12.2649353],[-56.356555,-12.2661144],[-56.3418341,-12.2921417],[-56.3297522,-12.3270736],[-56.3063967,-12.348943],[-56.2817148,-12.3647768],[-56.2793927,-12.3795794],[-56.2659565,-12.3903702],[-56.2528302,-12.4115981],[-56.2441778,-12.4414982],[-56.1899638,-12.3819595],[-56.1808866,-12.3947616],[-56.1375761,-12.406529],[-56.1206255,-12.4022941],[-56.1207332,-12.4284157],[-56.1063738,-12.4350006],[-56.0833076,-12.4243447],[-56.0659572,-12.4252177]],[[-56.0659572,-12.4252177],[-56.0575887,-12.4180902]],[[-56.0575887,-12.4180902],[-56.0564193,-12.3929223],[-56.0447808,-12.3905231],[-56.0415162,-12.383621],[-56.0355683,-12.3779297],[-56.0342782,-12.3691886],[-56.0124881,-12.3416636],[-56.0111699,-12.3169283],[-56.0004877,-12.310517],[-55.9924147,-12.3095626],[-55.9761273,-12.2983693],[-55.9707395,-12.2976707],[-55.9517534,-12.2617917],[-55.942678,-12.2560742],[-55.9231647,-12.2367271],[-55.9241756,-12.2233366],[-55.9181399,-12.21362],[-55.912773,-12.2128253],[-55.9070332,-12.205451],[-55.913047,-12.2034835],[-55.9076274,-12.1953376],[-55.8949112,-12.1859548],[-55.9037911,-12.162746],[-55.8958782,-12.1525511],[-55.9010099,-12.137342],[-55.8873105,-12.1389498],[-55.9052873,-12.1248955],[-55.8961688,-12.1216481],[-55.8948007,-12.11901],[-55.8971745,-12.1125455],[-55.911081,-12.0854208],[-55.8993678,-12.071999],[-55.9066188,-12.0476225],[-55.9004313,-12.023557],[-55.9074033,-12.0112124],[-55.8876528,-11.9881139],[-55.8925353,-11.9689645],[-55.8794879,-11.9540193],[-55.8884443,-11.9387985],[-55.889639,-11.9213219],[-55.8850647,-11.9133928],[-55.8798098,-11.9002886],[-55.8715892,-11.8913492],[-55.8764813,-11.8763769],[-55.8708232,-11.8643914],[-55.8593719,-11.8576099],[-55.8562239,-11.8447905],[-55.8533451,-11.8482641],[-55.8395914,-11.8335205],[-55.8349345,-11.8192288],[-55.8270411,-11.8152806],[-55.8236471,-11.8052259],[-55.8428212,-11.7865389],[-55.8241116,-11.7809829],[-55.8293813,-11.7587347],[-55.8011226,-11.749468],[-55.7615382,-11.7217558],[-55.7458365,-11.7342943],[-55.7345541,-11.7340785],[-55.7319925,-11.730655]],[[-55.7319925,-11.730655],[-55.7388195,-11.7182369]],[[-55.7388195,-11.7182369],[-55.7453159,-11.698384],[-55.7430057,-11.6838283],[-55.7238222,-11.6949889],[-55.7109234,-11.6854653],[-55.7113152,-11.668649],[-55.7038228,-11.6531298],[-55.7540403,-11.6497774],[-55.7467787,-11.6054214],[-55.7692078,-11.598443],[-55.7813379,-11.5639057],[-55.7976075,-11.5470401],[-55.7974823,-11.5241282],[-55.8140708,-11.495273],[-55.7898996,-11.4575722],[-55.7789779,-11.4584452]],[[-55.7789779,-11.4584452],[-55.7801282,-11.4459888]],[[-57.1449192,-12.006688],[-57.1426977,-12.014691],[-57.1340292,-12.0250792]],[[-57.1340292,-12.0250792],[-57.1365749,-12.0407491],[-57.1231937,-12.0698044],[-57.1048746,-12.0837939],[-57.0927541,-12.1162105],[-57.0790519,-12.1368035],[-57.0685438,-12.1654973],[-57.0754469,-12.1859054],[-57.0589613,-12.1907975],[-57.0466611,-12.2052255],[-57.0465315,-12.2231335],[-57.0366393,-12.2312035],[-57.0413813,-12.2545842],[-57.0190302,-12.2681248],[-57.0029051,-12.2872085],[-56.9614158,-12.2950126]],[[-56.9614158,-12.2950126],[-56.9477357,-12.2878339]],[[-56.9477357,-12.2878339],[-56.9334302,-12.288915],[-56.908157,-12.3247097],[-56.8993503,-12.3281809],[-56.8975537,-12.3325458],[-56.8924435,-12.3360105],[-56.846576,-12.3716874],[-56.8405561,-12.3692816],[-56.8175916,-12.366014],[-56.808667,-12.3707367],[-56.8012861,-12.3732153],[-56.795464,-12.368557],[-56.7744774,-12.3564902],[-56.7683294,-12.3435929],[-56.7465194,-12.3295321],[-56.7404284,-12.3347047],[-56.7266381,-12.3315437],[-56.7247093,-12.3291871],[-56.7233662,-12.3244183],[-56.6987216,-12.3249647],[-56.6936499,-12.3192421],[-56.6820184,-12.3228983],[-56.6740662,-12.3233761],[-56.6680271,-12.3269296],[-56.660493,-12.340679],[-56.6305367,-12.3530194],[-56.6225836,-12.3682939],[-56.6073931,-12.3553907],[-56.5954989,-12.3355758],[-56.5799895,-12.3371801],[-56.5687744,-12.3479498],[-56.5466701,-12.3429245],[-56.5309846,-12.3491214],[-56.4944776,-12.3218243],[-56.4760671,-12.3153242],[-56.4650817,-12.3043246],[-56.4153362,-12.2477568]],[[-56.3948192,-12.1908187],[-56.3890062,-12.1845605]],[[-56.3890062,-12.1845605],[-56.399163,-12.1606845],[-56.4082298,-12.0910475],[-56.4363954,-12.0561416],[-56.4462418,-12.051994],[-56.4461436,-12.0309807],[-56.4616392,-12.0237695],[-56.4547922,-12.0042051],[-56.4612828,-11.9953334],[-56.503213,-11.9807076],[-56.5434043,-11.9878652],[-56.5658235,-11.961425],[-56.5838559,-11.9581249],[-56.596081,-11.9728675],[-56.613035,-11.968491],[-56.6351849,-11.9755916],[-56.639598,-11.9899333],[-56.6765406,-11.9854368]],[[-56.6765406,-11.9854368],[-56.6901777,-11.9884305],[-56.701752,-11.9786575]],[[-56.701752,-11.9786575],[-56.717266,-11.9755735],[-56.7310115,-11.9563565],[-56.7520257,-11.9396738],[-56.7703747,-11.9388834],[-56.7920333,-11.9154633],[-56.8022925,-11.9162841],[-56.8122335,-11.9127984],[-56.8331792,-11.926515],[-56.8766311,-11.9248707],[-56.8961689,-11.9222792],[-56.9433431,-11.9514459],[-56.964246,-11.9577051],[-56.9655926,-11.9589437],[-56.9735075,-11.9545342],[-56.9918562,-11.9547326],[-57.0042664,-11.9639168],[-57.0259111,-11.9634534],[-57.0440956,-11.9706854],[-57.0640448,-11.9610669],[-57.0726741,-11.9738844],[-57.0892043,-11.9775353],[-57.1066919,-11.9956177],[-57.1343879,-12.0046597],[-57.1377882,-12.0089762],[-57.1422677,-12.0086822],[-57.1449192,-12.006688]],[[-55.8862331,-10.8718625],[-55.8985963,-10.8696272],[-55.9033018,-10.8633366],[-55.9051017,-10.8559796],[-55.9052966,-10.8456317]],[[-55.9052966,-10.8456317],[-55.9131507,-10.8645252],[-55.9355932,-10.8902426],[-55.9359185,-10.9022069],[-55.978214,-10.9212621],[-56.0262707,-10.9381485],[-56.0783574,-10.9612042],[-56.1039601,-10.9819537],[-56.1290392,-10.9928755],[-56.1367348,-11.0056245],[-56.1663379,-11.020627],[-56.1839786,-11.0421442],[-56.2200383,-11.0351114],[-56.2417811,-11.0386857],[-56.2761299,-11.0684094],[-56.3120384,-11.070549],[-56.3209571,-11.0927051]],[[-56.3209571,-11.0927051],[-56.3123871,-11.0935773],[-56.1694988,-11.153113]],[[-56.1694988,-11.153113],[-56.1444919,-11.1489848],[-56.1140615,-11.1735013],[-56.0731257,-11.1720574],[-56.0413165,-11.2041765],[-56.0060078,-11.2125936],[-55.9951297,-11.2318738],[-55.9747643,-11.2314075],[-55.9578446,-11.2448931],[-55.9235795,-11.2442509],[-55.8771766,-11.2781219],[-55.8579861,-11.277055],[-55.8403304,-11.2878055]],[[-55.8403304,-11.2878055],[-55.8359142,-11.310995]],[[-55.8359142,-11.310995],[-55.7981972,-11.3091024],[-55.7531778,-11.3302959],[-55.7474792,-11.3203445],[-55.7079542,-11.3096889],[-55.6804876,-11.2996816],[-55.6560522,-11.3050508],[-55.6296464,-11.3057709],[-55.6163238,-11.3215949],[-55.5793501,-11.3689208],[-55.5626595,-11.3748301],[-55.5516327,-11.3874676],[-55.5119793,-11.4047604],[-55.4912246,-11.3771936],[-55.4745133,-11.372806],[-55.4627945,-11.3553312]],[[-55.2144681,-11.303242],[-55.2035454,-11.3025307],[-55.1932891,-11.2828293]],[[-55.1932891,-11.2828293],[-55.1765106,-11.2739218],[-55.1719954,-11.2634223],[-55.1737353,-11.2546541]],[[-55.1194901,-11.205953],[-55.1113873,-11.2111836],[-55.1044344,-11.2124207],[-55.0765298,-11.2064002]],[[-54.928216,-11.1722236],[-54.921039,-11.1579437]],[[-54.921039,-11.1579437],[-54.914959,-11.1446509],[-54.9217643,-11.1305023],[-54.9189997,-11.107534],[-54.9375707,-11.0903598],[-54.9468961,-11.0566553],[-54.9420715,-11.036317],[-54.989747,-11.014354],[-55.0206575,-11.0254986],[-55.0426981,-11.0061343],[-55.0731046,-11.0057548],[-55.0867071,-10.9985702],[-55.0960238,-10.980165],[-55.1390261,-10.9601378],[-55.1664084,-10.9431777],[-55.1878175,-10.9383487],[-55.2271863,-10.9210658],[-55.2717419,-10.9338542],[-55.2947343,-10.9158513],[-55.2962062,-10.9042395],[-55.2742471,-10.8746927]],[[-55.2742471,-10.8746927],[-55.3936085,-10.9235795]],[[-55.5273725,-10.9984703],[-55.5321284,-10.9793488],[-55.5432418,-10.9697966]],[[-55.5905793,-10.9655556],[-55.6022707,-10.9595296],[-55.6159177,-10.9608124],[-55.6229883,-10.9674733],[-55.6318474,-10.9681484],[-55.6350664,-10.9671193]],[[-55.6350664,-10.9671193],[-55.6421071,-10.9537204],[-55.654591,-10.9650736],[-55.6625923,-10.9829404],[-55.6801125,-10.9822547],[-55.6913872,-10.9720398],[-55.7375245,-10.9750477],[-55.7532097,-10.9688507],[-55.764666,-10.9856406],[-55.790812,-10.9805544],[-55.7983456,-10.9699395],[-55.8145947,-10.9717274],[-55.8250643,-10.9835203],[-55.8506474,-10.9826651],[-55.8581061,-10.9657679],[-55.8452682,-10.9487035],[-55.8510971,-10.9255837],[-55.8394949,-10.8982235],[-55.8648778,-10.899816],[-55.8862331,-10.8718625]],[[-54.0101699,-16.9418814],[-54.0168663,-16.9335209]],[[-54.0168663,-16.9335209],[-54.1575196,-17.0446883],[-54.1740866,-17.0284464]],[[-54.1740866,-17.0284464],[-54.1796349,-17.0269747],[-54.1841932,-17.0278711],[-54.1932485,-17.0336975],[-54.1983174,-17.0450912]],[[-54.1983174,-17.0450912],[-54.2181102,-17.0673072],[-54.2561742,-17.073289],[-54.2689163,-17.0691034],[-54.2818282,-17.0862582],[-54.3054585,-17.0887484],[-54.3224837,-17.0923806],[-54.3585548,-17.0895093],[-54.3787021,-17.0999092],[-54.3985342,-17.0967702],[-54.418508,-17.1057964],[-54.4404914,-17.1054891],[-54.4461804,-17.1042373],[-54.4718275,-17.1103664],[-54.4818144,-17.1046698],[-54.5017941,-17.0948264],[-54.5329203,-17.078473],[-54.5736794,-17.0773481]],[[-54.5736794,-17.0773481],[-54.5905575,-17.0833201]],[[-54.5905575,-17.0833201],[-54.6233683,-17.0900301]],[[-54.6233683,-17.0900301],[-54.6382262,-17.097857],[-54.6473108,-17.1004421],[-54.6668099,-17.0963036],[-54.6728984,-17.0924844]],[[-54.6728984,-17.0924844],[-54.6822811,-17.0829565],[-54.6971627,-17.0744135],[-54.7240872,-17.0400276],[-54.8412238,-17.0728866],[-54.8683564,-17.0772821]],[[-54.8683564,-17.0772821],[-54.8903316,-17.0726211],[-54.8963311,-17.0747426],[-54.8995252,-17.0785867],[-54.9133203,-17.0866301]],[[-54.9133203,-17.0866301],[-54.9286355,-17.0895019],[-54.9379705,-17.0933878],[-54.938133,-17.1000157],[-54.9437378,-17.1014807],[-54.9471982,-17.1074507],[-54.9530949,-17.1090486],[-54.967777,-17.1063614],[-54.9909474,-17.1166576],[-54.9995087,-17.1110185],[-55.0054976,-17.1129132],[-55.0228514,-17.1033712],[-55.0665791,-17.1314598],[-55.08182,-17.1333032],[-55.1180822,-17.1829047],[-55.1359446,-17.1938141],[-55.1461117,-17.189491],[-55.1841468,-17.2098756],[-55.1971014,-17.2368333],[-55.2204572,-17.2675981],[-55.254984,-17.2945418],[-55.2707649,-17.2967201],[-55.3001599,-17.2899593],[-55.2985212,-17.3059703],[-55.3065609,-17.3223141],[-55.3266806,-17.3360733],[-55.3512469,-17.3388287],[-55.3648392,-17.3603081],[-55.4067111,-17.3570963],[-55.4363539,-17.369411],[-55.4555656,-17.3614976],[-55.4612539,-17.350576],[-55.4907213,-17.3447482],[-55.5042225,-17.3505767],[-55.532809,-17.3330761],[-55.5756261,-17.3520321],[-55.5846398,-17.3538166],[-55.5853883,-17.3505209],[-55.5917062,-17.3608792],[-55.5940611,-17.3655288],[-55.5936136,-17.3692318],[-55.6027802,-17.3673651]],[[-55.6027802,-17.3673651],[-55.5829072,-17.3790709],[-55.5852567,-17.4076463],[-55.5748727,-17.434666],[-55.5597307,-17.4396546],[-55.5150329,-17.4836213],[-55.4654475,-17.4868574],[-55.4437374,-17.5117761],[-55.4052044,-17.5123968],[-55.3537599,-17.531617],[-55.3518155,-17.5476916],[-55.331581,-17.5492658],[-55.2996749,-17.541193],[-55.2751489,-17.558826],[-55.2503096,-17.5848767],[-55.2089503,-17.6157483],[-55.1740705,-17.6306315],[-55.170614,-17.640834],[-55.1489553,-17.642891],[-55.127256,-17.6527223],[-55.1113648,-17.6312286],[-55.0933663,-17.6360368],[-55.0726482,-17.6316326],[-55.0473123,-17.640333],[-55.0080031,-17.632978],[-54.9959242,-17.6384509],[-54.9849431,-17.6240765],[-54.9483371,-17.615347],[-54.9434244,-17.6090284],[-54.9143075,-17.6084507],[-54.8970355,-17.620346],[-54.8806366,-17.6168702],[-54.8608638,-17.6238535],[-54.8515863,-17.6130333],[-54.8250042,-17.6096759],[-54.8213108,-17.5973862],[-54.7773872,-17.5706656],[-54.7587809,-17.5656964],[-54.7570029,-17.5344943],[-54.746913,-17.5199422],[-54.7154673,-17.5131428],[-54.6955269,-17.503521],[-54.6679499,-17.5035633],[-54.6463065,-17.4906128],[-54.6360808,-17.4957244],[-54.5886138,-17.4771219],[-54.5816628,-17.468007],[-54.5541884,-17.4886684],[-54.536332,-17.4775852],[-54.484664,-17.4890941],[-54.4669149,-17.5290742],[-54.4263032,-17.5370001],[-54.4059423,-17.5536054],[-54.4037144,-17.5645426],[-54.3859105,-17.5814497],[-54.3770818,-17.607434],[-54.3877987,-17.6319367],[-54.3716358,-17.6450507],[-54.3308523,-17.661479],[-54.2919724,-17.6530012],[-54.2745496,-17.6540482],[-54.2503568,-17.6404976],[-54.2437438,-17.6289046],[-54.2139957,-17.6201748],[-54.1934133,-17.6061271],[-54.1620475,-17.6072396],[-54.1341872,-17.6187264],[-54.0995493,-17.6131178],[-54.0846925,-17.6190348],[-54.0732693,-17.5878013],[-54.051633,-17.5627701],[-54.045908,-17.5372274],[-54.0580771,-17.5131293],[-54.0412462,-17.5005236],[-54.0376378,-17.4864488],[-54.0232666,-17.4770731],[-53.9730501,-17.472244],[-53.9639387,-17.4612726],[-53.9311006,-17.4394503],[-53.9146006,-17.4144145],[-53.8879887,-17.3926058],[-53.8683836,-17.3683775],[-53.8332681,-17.3571102],[-53.834963,-17.3357604],[-53.8200727,-17.2946157],[-53.7857133,-17.2875151],[-53.7642685,-17.2582753],[-53.7590784,-17.2431425],[-53.73321,-17.2309018],[-53.705145,-17.2281538],[-53.6798229,-17.2541786]],[[-53.6798229,-17.2541786],[-53.6830775,-17.2255482]],[[-55.4173112,-15.932104],[-55.4223133,-15.9358341]],[[-55.4223133,-15.9358341],[-55.4332657,-15.9748614],[-55.4265991,-15.9733021],[-55.3940993,-15.9891403],[-55.3932659,-16.0022921],[-55.3599995,-16.0232669],[-55.3714651,-16.0401345],[-55.3677041,-16.0625001],[-55.3767186,-16.0775],[-55.3624328,-16.1055744],[-55.3649328,-16.1106664],[-55.3815993,-16.1098078],[-55.4040235,-16.1191665],[-55.4121351,-16.1424997],[-55.4299324,-16.1446522],[-55.4382279,-16.1624996],[-55.4582022,-16.1683964],[-55.4915988,-16.1958328],[-55.4997046,-16.214166],[-55.5024321,-16.2170632],[-55.5037301,-16.2212013],[-55.514932,-16.2304387],[-55.5324437,-16.2383448],[-55.5404185,-16.2386793],[-55.5340986,-16.2430551],[-55.5290746,-16.2508325],[-55.5240986,-16.2558325],[-55.5191768,-16.2658325],[-55.5352607,-16.2755036],[-55.5324319,-16.2794432],[-55.520557,-16.292499],[-55.501462,-16.298469],[-55.4692914,-16.287499],[-55.4582656,-16.3046107],[-55.4449324,-16.3096465],[-55.4244474,-16.3045139],[-55.4140992,-16.3173361],[-55.390766,-16.3147214],[-55.385766,-16.3317843],[-55.3526411,-16.3168739]],[[-55.3526411,-16.3168739],[-55.3505208,-16.3169623]],[[-55.3505208,-16.3169623],[-55.3402123,-16.3063513],[-55.3299683,-16.2982876],[-55.2925784,-16.2620484],[-55.2849792,-16.2176062],[-55.2601523,-16.173041],[-55.2188107,-16.161772],[-55.2070204,-16.1526685],[-55.1831703,-16.1493039],[-55.1635907,-16.140112],[-55.1425925,-16.1126008],[-55.1362139,-16.1044079],[-55.1228083,-16.0965585],[-55.0869918,-16.0893428],[-55.0515019,-16.0983813],[-55.0215827,-16.0922485],[-54.9894803,-16.1057865],[-54.9791422,-16.1015974],[-54.9772306,-16.1013187],[-54.9565604,-16.1175629],[-54.9473337,-16.1174875],[-54.9369936,-16.1088403],[-54.9400119,-16.0949993],[-54.9339827,-16.0742383]],[[-54.9339827,-16.0742383],[-54.9335823,-16.0538826]],[[-54.9335823,-16.0538826],[-54.9390415,-16.0482337],[-54.9432609,-16.0066529],[-54.9439308,-15.9988191],[-54.9203118,-15.9931691],[-54.9164132,-15.98862],[-54.9129813,-15.9863921]],[[-54.9129813,-15.9863921],[-54.9217835,-15.9665298]],[[-54.9753477,-15.6340595],[-54.9796825,-15.6237491]],[[-56.4630802,-15.133115],[-56.4858711,-15.1189896],[-56.5142717,-15.1353038],[-56.5388272,-15.1373431],[-56.5647293,-15.1647477]],[[-56.5647293,-15.1647477],[-56.5730757,-15.1695143],[-56.573679,-15.18827],[-56.5795544,-15.2021171]],[[-56.5795544,-15.2021171],[-56.5908611,-15.219944]],[[-56.5908611,-15.219944],[-56.5929909,-15.2262501],[-56.6005125,-15.2328762],[-56.6054374,-15.2352738],[-56.6086134,-15.2392928],[-56.6501991,-15.2322055]],[[-56.6501991,-15.2322055],[-56.6739041,-15.2543064],[-56.6920926,-15.2797252],[-56.7092256,-15.2818809],[-56.7451502,-15.3268861],[-56.8049962,-15.3860765],[-56.8213912,-15.3981999]],[[-56.8213912,-15.3981999],[-56.8541643,-15.4289389],[-56.8943313,-15.4692949],[-56.9133633,-15.4931341]],[[-56.9133633,-15.4931341],[-56.9446344,-15.5365055],[-56.9370053,-15.5406723]],[[-56.9370053,-15.5406723],[-56.917469,-15.5325063],[-56.9047552,-15.5169742],[-56.8245026,-15.4704456],[-56.8039195,-15.500439],[-56.7816754,-15.5163158],[-56.764417,-15.5129616],[-56.743069,-15.5186894],[-56.7161595,-15.4941434],[-56.715351,-15.4777605],[-56.6835247,-15.4792754],[-56.5608045,-15.4806971],[-56.5568281,-15.5189299],[-56.5061647,-15.5115604],[-56.4697547,-15.4717776],[-56.4532792,-15.447947],[-56.4422434,-15.4443586],[-56.4142355,-15.4355201]],[[-56.4142355,-15.4355201],[-56.3979221,-15.4224022]],[[-56.3979221,-15.4224022],[-56.3912387,-15.41817],[-56.3789089,-15.4098341],[-56.3624031,-15.4145583]],[[-56.3624031,-15.4145583],[-56.3759259,-15.4032735]],[[-56.422268,-15.1570366],[-56.4335402,-15.1612872],[-56.4357658,-15.161016],[-56.4470953,-15.1521621],[-56.4511484,-15.1430724],[-56.4630802,-15.133115]],[[-58.8541774,-15.0000717],[-58.8565669,-15.0045902]],[[-58.8565669,-15.0045902],[-58.8801819,-15.0133059],[-58.882669,-15.0471411],[-58.8737921,-15.0673405],[-58.8791019,-15.0897767],[-58.8762928,-15.1235486],[-58.8812862,-15.1557909],[-58.9033882,-15.1616884],[-58.9099287,-15.167763],[-58.9360321,-15.1721821],[-58.9589126,-15.1864921],[-58.9618228,-15.1947952],[-58.9313099,-15.2069838],[-58.9335616,-15.2234233],[-58.9250134,-15.2451442],[-58.9258147,-15.2743789],[-58.9421115,-15.2966102],[-58.9526036,-15.2981403],[-58.9836177,-15.3207693],[-59.0032295,-15.3174168],[-59.0250377,-15.3236522],[-59.0028703,-15.3647955],[-59.0090819,-15.3947229],[-59.0191961,-15.399028]],[[-59.0191961,-15.399028],[-59.0128546,-15.4128813],[-59.0126042,-15.4166164],[-59.015396,-15.4222687],[-59.0188448,-15.4235497],[-59.0271777,-15.4224776]],[[-59.0271777,-15.4224776],[-59.0299234,-15.4339869],[-59.0671773,-15.4594492],[-59.0872861,-15.4484191],[-59.0890737,-15.4637829],[-59.0931401,-15.4668567]],[[-59.0931401,-15.4668567],[-59.0867504,-15.4788936],[-59.0739331,-15.4839787]],[[-59.0739331,-15.4839787],[-59.0252461,-15.4958979],[-59.0067154,-15.5361978],[-58.9798426,-15.547142],[-58.9473622,-15.5730937],[-58.8988938,-15.5946738]],[[-58.8988938,-15.5946738],[-58.8567431,-15.6004199]],[[-58.696456,-15.3136288],[-58.7027127,-15.3079977]],[[-58.7279103,-15.1579044],[-58.7275389,-15.1490482]],[[-57.5995931,-10.2495059],[-57.5959089,-10.261841]],[[-57.5959089,-10.261841],[-57.602649,-10.298881],[-57.63683,-10.3053472],[-57.6460044,-10.3134368],[-57.6754154,-10.312853],[-57.6804526,-10.3415462],[-57.6878127,-10.3473605],[-57.7405786,-10.3530481],[-57.7729558,-10.3755514],[-57.8074938,-10.3744988],[-57.831823,-10.3866815],[-57.8487997,-10.384756],[-57.9001649,-10.4050909],[-57.9249038,-10.4087295],[-58.0015485,-10.4329573],[-58.0079982,-10.4284617],[-58.006702,-10.4003149],[-58.0126937,-10.3938846],[-58.0686675,-10.3833218],[-58.1239705,-10.4076929],[-58.1497357,-10.4117406],[-58.1677688,-10.4218215],[-58.1952793,-10.4087104],[-58.2065843,-10.4086554],[-58.2336301,-10.423853],[-58.2535898,-10.4414584],[-58.2793546,-10.4418634],[-58.2933791,-10.4520308],[-58.3013839,-10.4376921],[-58.3376539,-10.4090656]],[[-58.3376539,-10.4090656],[-58.3338807,-10.4197811],[-58.3379866,-10.4382209]],[[-58.3379866,-10.4382209],[-58.3538838,-10.4546409],[-58.3586801,-10.4768854],[-58.3704946,-10.5048276],[-58.4095066,-10.5420906],[-58.4126034,-10.5580062]],[[-58.4126034,-10.5580062],[-58.417532,-10.5746327]],[[-58.3436982,-10.9400498],[-58.3432085,-10.9509142]],[[-57.7407588,-12.1970406],[-57.725119,-12.1985885]],[[-57.725119,-12.1985885],[-57.7038092,-12.1804108],[-57.6883235,-12.1772398],[-57.670724,-12.1543405],[-57.6509285,-12.1385107],[-57.636189,-12.1388846],[-57.6155933,-12.1278994],[-57.6143425,-12.1008732],[-57.601909,-12.1007274],[-57.5887875,-12.08526],[-57.5696557,-12.0806056],[-57.5427478,-12.0662634],[-57.5215191,-12.0818034],[-57.459932,-12.0953204],[-57.4113969,-12.0928424],[-57.4229745,-12.0553365]],[[-57.4229745,-12.0553365],[-57.4111576,-12.0287149],[-57.4085197,-12.0196579],[-57.4136238,-12.0133582]],[[-57.4136238,-12.0133582],[-57.4284118,-11.9993197],[-57.4217422,-11.9745827],[-57.4262667,-11.9380253]],[[-57.4262667,-11.9380253],[-57.4310767,-11.9322822],[-57.4366806,-11.9087556],[-57.4285738,-11.8899932]],[[-57.4285738,-11.8899932],[-57.4310283,-11.8642826],[-57.3970602,-11.8398779],[-57.3920512,-11.822482],[-57.3948834,-11.7929864],[-57.4034491,-11.7706507]],[[-57.4034491,-11.7706507],[-57.4154781,-11.7426326],[-57.410968,-11.7303115]],[[-57.410968,-11.7303115],[-57.40908,-11.7288442],[-57.4057206,-11.7198259]],[[-57.4057206,-11.7198259],[-57.4073173,-11.7172775]],[[-57.4073173,-11.7172775],[-57.4139279,-11.7084585],[-57.3999232,-11.691752],[-57.3934354,-11.6753845],[-57.410246,-11.6552721],[-57.3946229,-11.6355238],[-57.3936178,-11.62265],[-57.4191617,-11.6095752],[-57.4192697,-11.5990828],[-57.3901858,-11.5789681],[-57.3954113,-11.5689198],[-57.4160697,-11.5737296],[-57.4297544,-11.5781118],[-57.4344021,-11.5771225],[-57.4429042,-11.5635867],[-57.4394446,-11.5517344],[-57.4207361,-11.5332529],[-57.4125426,-11.5004224]],[[-57.4125426,-11.5004224],[-57.405939,-11.4900691]],[[-57.405939,-11.4900691],[-57.4161533,-11.476886],[-57.4402962,-11.4637724],[-57.4416388,-11.441144],[-57.4586222,-11.427784],[-57.4701915,-11.4105703],[-57.5193037,-11.3671126],[-57.5519319,-11.3525385],[-57.5502799,-11.3456347],[-57.5551726,-11.3248553],[-57.5367714,-11.3145753],[-57.5029996,-11.3061694],[-57.4662618,-11.2906468],[-57.4367928,-11.3005779],[-57.4256693,-11.2927194],[-57.3691119,-11.2765526],[-57.3580759,-11.2625181],[-57.3459506,-11.2655657],[-57.3301794,-11.25506],[-57.3235658,-11.2478621],[-57.3119336,-11.2627016],[-57.2804199,-11.2773323],[-57.2824543,-11.2841572],[-57.2485323,-11.2917765],[-57.2385381,-11.2979751],[-57.2377825,-11.3036392],[-57.2298504,-11.3038089],[-57.2112083,-11.3049802],[-57.2010529,-11.3155532],[-57.195972,-11.3146015],[-57.1542541,-11.3125784]],[[-57.1542541,-11.3125784],[-57.1512633,-11.3182018],[-57.1418878,-11.3183438],[-57.1156435,-11.3097393],[-57.1099575,-11.3052531],[-57.0958575,-11.2891239]],[[-57.0958575,-11.2891239],[-57.0725039,-11.2691135],[-57.0618507,-11.270156],[-57.0508323,-11.252615],[-57.0695468,-11.2343115],[-57.0762097,-11.213621],[-57.0616166,-11.1817504],[-57.0202848,-11.1412594],[-57.0030435,-11.1339776],[-57.0156579,-11.1155243],[-57.0254831,-11.0805548],[-57.0253645,-11.0556579],[-57.0390248,-11.0417635],[-57.0508061,-11.0143391],[-57.0747596,-10.9948599],[-57.0551958,-10.9678956],[-57.0351849,-10.9739002],[-57.0108888,-10.9708416],[-56.9657971,-10.9758418],[-56.9468584,-10.9510682],[-56.9342562,-10.9424029],[-56.9191129,-10.9593422],[-56.8959165,-10.9427749],[-56.8809114,-10.9609301],[-56.8679602,-10.9487829],[-56.8492998,-10.950305],[-56.8458984,-10.9725559],[-56.8330125,-10.9780935],[-56.8082688,-10.9733133],[-56.8034019,-10.9853476],[-56.7866732,-10.9835843],[-56.7834856,-10.9630994],[-56.7710329,-10.952991],[-56.7458508,-10.9173171],[-56.7397439,-10.8952629],[-56.7333025,-10.8846505],[-56.7322516,-10.8655199],[-56.7580567,-10.8387078],[-56.7635018,-10.8224302],[-56.7771446,-10.810584],[-56.7978457,-10.7865636],[-56.8031988,-10.7764612],[-56.8199065,-10.7361664],[-56.8054259,-10.716401],[-56.8042456,-10.6763168],[-56.7993443,-10.6521819],[-56.7913823,-10.6441222],[-56.7904065,-10.6198134],[-56.782417,-10.5692286],[-56.7509853,-10.5420969],[-56.7495114,-10.5246874],[-56.7348776,-10.5080426],[-56.7194752,-10.5019038],[-56.7211822,-10.4963615],[-56.7152828,-10.4923299]],[[-56.9680534,-10.2913989],[-56.9636225,-10.28444]],[[-56.9636225,-10.28444],[-56.9683709,-10.2840326],[-56.9700852,-10.2862259],[-56.9755859,-10.2848822],[-56.9865868,-10.2939384],[-57.0212867,-10.298699],[-57.0416496,-10.3042955],[-57.0584899,-10.3111575],[-57.076188,-10.3035204],[-57.0966408,-10.3154625],[-57.1362843,-10.3098498],[-57.153093,-10.3122661],[-57.1622972,-10.325376],[-57.2001595,-10.2991824],[-57.2134728,-10.2940056],[-57.2481254,-10.2925268],[-57.2722816,-10.272619],[-57.2978417,-10.2717464],[-57.3135741,-10.2809934],[-57.3321533,-10.2768692],[-57.3511042,-10.2863346],[-57.3735413,-10.2829642],[-57.4312272,-10.2667759],[-57.452983,-10.2538403],[-57.4696565,-10.2574705],[-57.4999995,-10.2727442],[-57.5271648,-10.2708308],[-57.5425095,-10.2770639],[-57.5797331,-10.2611906],[-57.589124,-10.2489554],[-57.5970705,-10.2489047],[-57.5995931,-10.2495059]],[[-58.8883442,-10.6181763],[-58.9074056,-10.6220566],[-58.9149568,-10.6278593],[-58.9177344,-10.6331576]],[[-60.400546,-10.8525672],[-60.4041681,-10.8525474]],[[-60.4041681,-10.8525474],[-60.4137712,-10.8742191],[-60.4291348,-10.8789728],[-60.4418529,-10.9010037],[-60.4457315,-10.9122229],[-60.4379506,-10.9249054],[-60.4416507,-10.9434652],[-60.4426619,-10.9546011],[-60.4638629,-10.9805848],[-60.4585144,-10.9893029]],[[-60.4585144,-10.9893029],[-60.4501887,-11.008462],[-60.4296987,-11.0374942],[-60.4114906,-11.0467759],[-60.3915541,-11.0937926],[-60.3479707,-11.1090363],[-60.3419726,-11.0826337],[-60.3277166,-11.0781319],[-60.301248,-11.0571521],[-60.2823584,-11.0640172],[-60.2808334,-11.0915305],[-60.2412468,-11.0968881],[-60.2274953,-11.105435],[-60.1914692,-11.1141134],[-60.1776041,-11.0992539],[-60.1592729,-11.0956536],[-60.1461594,-11.1041269],[-60.1126909,-11.10254],[-60.0961909,-11.1107881],[-60.0750227,-11.1050246],[-60.0663542,-11.1209934],[-60.032028,-11.127778],[-60.0160799,-11.1237221],[-59.9767766,-11.1223889],[-59.9799422,-11.139803],[-59.9950224,-11.148203],[-59.9875818,-11.1711082],[-59.9640257,-11.1891151],[-59.9811296,-11.2037619],[-59.9796883,-11.2395295],[-59.9679112,-11.2529339],[-59.9594679,-11.2947339],[-59.9500221,-11.3044045],[-59.9277738,-11.3104346],[-59.9171931,-11.3384346],[-59.925437,-11.3617763],[-59.9206343,-11.3980076],[-59.9344129,-11.4236675],[-59.952352,-11.4364224],[-59.9762413,-11.4392225],[-59.9854077,-11.4693409],[-60.0328028,-11.4995521],[-60.0574695,-11.542096],[-60.0866925,-11.5609447],[-60.1148844,-11.591462],[-60.1099085,-11.6155403],[-60.1187981,-11.6540707],[-60.1174922,-11.6890355],[-60.1216618,-11.7121038],[-60.1073891,-11.7489734],[-60.109156,-11.7805548],[-60.0986646,-11.7943321],[-60.1033601,-11.8191718],[-60.0979125,-11.8398568],[-60.0766345,-11.8852893],[-60.0503863,-11.8978671],[-60.0068898,-11.894683],[-59.9857972,-11.9120801],[-59.988741,-11.9294872],[-59.9804138,-11.9416011],[-59.9869914,-11.9600898],[-59.9713581,-11.9699456],[-59.9665831,-12.0071625],[-59.9695798,-12.0324752],[-59.9619968,-12.0563674],[-59.9292763,-12.0784547],[-59.8998038,-12.1172227],[-59.9026053,-12.1750357],[-59.9108107,-12.1864566],[-59.9017147,-12.2238791],[-59.8867969,-12.245087],[-59.7743574,-12.3409559],[-59.779373,-12.341453]],[[-58.8691796,-12.2133524],[-58.8616775,-12.2055611],[-58.8378968,-12.2031567],[-58.8245945,-12.183598],[-58.7951871,-12.1722355],[-58.78674,-12.1567553],[-58.7370947,-12.1407704],[-58.7157735,-12.1228768],[-58.6988924,-12.1021718],[-58.6843613,-12.0970477],[-58.6750062,-12.0694914],[-58.6611357,-12.0540168],[-58.6428956,-12.0546944],[-58.6268074,-12.0449157],[-58.6162598,-12.0510613],[-58.5756394,-12.0093498],[-58.5567786,-12.0145816],[-58.5427435,-11.9879007],[-58.5219782,-11.9887292],[-58.5138451,-11.9616312],[-58.4999985,-11.9369496],[-58.479699,-11.9334093]],[[-58.479699,-11.9334093],[-58.4577365,-11.9178582],[-58.4469142,-11.9220586],[-58.4337537,-11.9126088],[-58.4330057,-11.9039994]],[[-58.90858,-10.7906625],[-58.8822646,-10.6183755]],[[-58.8438791,-10.1313301],[-58.8435947,-10.1337499],[-58.8412351,-10.1344657],[-58.8432087,-10.1385917]],[[-58.8967879,-10.7737135],[-58.8942192,-10.751483],[-58.8923929,-10.7481314],[-58.8849191,-10.7427441],[-58.8757846,-10.7426999]],[[-58.8380529,-10.7295283],[-58.8359185,-10.7181779],[-58.8343933,-10.7161258],[-58.8163843,-10.7140668]],[[-58.4190742,-10.5665118],[-58.4126034,-10.5580062]],[[-58.3379866,-10.4382209],[-58.3342363,-10.4253303],[-58.3339687,-10.4183697],[-58.3406807,-10.4020418]],[[-58.3406807,-10.4020418],[-58.3368542,-10.3815895],[-58.3482793,-10.3642592],[-58.3510633,-10.3560501],[-58.3552036,-10.3381328],[-58.3572023,-10.3102217],[-58.3576766,-10.2670743],[-58.3474042,-10.2377228],[-58.3403234,-10.2217329],[-58.3207611,-10.1874657],[-58.322509,-10.1463614]],[[-58.322509,-10.1463614],[-58.3230844,-10.1281221]],[[-54.4575368,-15.9219684],[-54.5756176,-15.8815053],[-54.5697566,-15.8887759]],[[-54.5697566,-15.8887759],[-54.5698693,-15.8926726],[-54.5677524,-15.9016645],[-54.5639034,-15.9100682],[-54.5642092,-15.9187838],[-54.5646594,-15.9317904],[-54.5863683,-15.9460749],[-54.5879548,-15.9676715],[-54.6106855,-15.9810679],[-54.7844973,-15.9955907],[-54.8099732,-16.0073966],[-54.8365511,-16.0109144],[-54.8519761,-16.0026829],[-54.8620441,-16.0088839],[-54.8909002,-15.9979394],[-54.9172094,-16.0304468],[-54.9091563,-16.0424395],[-54.9094587,-16.050099],[-54.9176031,-16.0521035]],[[-54.9176031,-16.0521035],[-54.9339827,-16.0742383]],[[-55.3505208,-16.3169623],[-55.3471549,-16.3174989]],[[-55.3471549,-16.3174989],[-55.3600996,-16.3358321],[-55.3646548,-16.3516654],[-55.3574328,-16.3742906],[-55.363778,-16.3861533],[-55.380766,-16.3900815]],[[-55.380766,-16.3900815],[-55.3866974,-16.3884295],[-55.3874326,-16.3866652],[-55.3900205,-16.3874985],[-55.3858722,-16.3976043],[-55.3809975,-16.4027304],[-55.3751463,-16.4060458],[-55.3640994,-16.4102588]],[[-55.3640994,-16.4102588],[-55.3485441,-16.4133317],[-55.3340996,-16.4236653],[-55.3165996,-16.4211092],[-55.3053818,-16.4337166],[-55.2749332,-16.4363875],[-55.2986831,-16.4524982],[-55.2827111,-16.4666648],[-55.2948985,-16.5216645],[-55.3016665,-16.5274978],[-55.2949331,-16.5287861],[-55.2849331,-16.5283312],[-55.2660046,-16.5302363],[-55.1841003,-16.5288073],[-55.1524338,-16.5047595],[-55.140237,-16.4746954],[-55.1566004,-16.4652757],[-55.1483661,-16.4464822],[-55.1167835,-16.449138],[-55.0936551,-16.4414023],[-55.0726485,-16.4464621]],[[-55.0726485,-16.4464621],[-55.0601074,-16.446239],[-55.0475823,-16.4514575],[-55.0344522,-16.4640142],[-55.0320025,-16.4827262]],[[-55.0320025,-16.4827262],[-55.0228788,-16.489111],[-55.0163166,-16.518788],[-55.0064403,-16.5081012],[-54.9866019,-16.4963227],[-54.9819099,-16.489756],[-54.9906449,-16.477632],[-54.9799201,-16.4776862],[-54.9698907,-16.470641]],[[-54.9698907,-16.470641],[-54.9703887,-16.4654324]],[[-54.9703887,-16.4654324],[-54.9711845,-16.4620897],[-54.9773401,-16.4487016],[-54.9598258,-16.4111494],[-54.9432344,-16.4040114],[-54.9345923,-16.3735896],[-54.944051,-16.3556221],[-54.9361448,-16.3412253],[-54.940556,-16.3285093],[-54.9089426,-16.2989201],[-54.9119095,-16.2846041],[-54.908222,-16.2738511],[-54.9016353,-16.2699336],[-54.8610011,-16.2760104],[-54.8556927,-16.273715],[-54.8495897,-16.2681127],[-54.8262767,-16.263432],[-54.801073,-16.2192007],[-54.7885082,-16.2047557],[-54.7402378,-16.1857349],[-54.7256755,-16.1684677],[-54.6990164,-16.1708259],[-54.6762557,-16.1487424],[-54.645535,-16.1387124],[-54.6368065,-16.1296024],[-54.5956506,-16.120339],[-54.5797928,-16.1077551],[-54.5653347,-16.1056908],[-54.5465336,-16.0898527],[-54.5204443,-16.0852459],[-54.4963149,-16.0748078],[-54.4851596,-16.0714116],[-54.4794018,-16.0683926]],[[-54.4794018,-16.0683926],[-54.4749576,-16.0420238],[-54.4495473,-16.0055075]],[[-54.4495473,-16.0055075],[-54.4529245,-15.9783273],[-54.4389127,-15.9675398],[-54.4573882,-15.9416933],[-54.4575368,-15.9219684]],[[-57.6851654,-15.1315499],[-57.742339,-15.1473798],[-57.8229476,-15.1416673],[-57.8369684,-15.1980153],[-57.9158941,-15.2270389],[-57.9334227,-15.2373078],[-57.9526687,-15.226083]],[[-57.9526687,-15.226083],[-57.9607827,-15.2213734]],[[-57.9607827,-15.2213734],[-57.9659803,-15.2346674],[-58.019502,-15.2619455],[-58.0308145,-15.2843429],[-58.0411942,-15.2881518],[-58.0468169,-15.3002581]],[[-58.0468169,-15.3002581],[-58.0801355,-15.330352],[-58.0885937,-15.3892961]],[[-58.0885937,-15.3892961],[-58.0945946,-15.3943953],[-58.099486,-15.4019235],[-58.1042769,-15.4040426],[-58.1034966,-15.4062898]],[[-58.1034966,-15.4062898],[-58.1020858,-15.4056242],[-58.0874526,-15.3926996]],[[-58.0874526,-15.3926996],[-58.0808454,-15.3788804],[-58.0501348,-15.361913],[-58.0182825,-15.358784]],[[-58.0182825,-15.358784],[-57.9950444,-15.3744756],[-57.990318,-15.3762661],[-57.985304,-15.3791763],[-57.9866236,-15.3858437],[-57.9666711,-15.394065],[-57.9727247,-15.4258173],[-57.9614564,-15.4335898],[-57.9341696,-15.427205],[-57.9307467,-15.4285318],[-57.925894,-15.4338149],[-57.9123471,-15.4424951]],[[-57.9123471,-15.4424951],[-57.8931646,-15.4586666],[-57.8926555,-15.4706312]],[[-57.7995676,-15.7709531],[-57.7603564,-15.6802212]],[[-57.7003076,-15.5047862],[-57.7008646,-15.4789882],[-57.7018414,-15.4761666],[-57.7091542,-15.4680905]],[[-57.5173217,-15.4675388],[-57.5306159,-15.4498092],[-57.5402232,-15.4417385],[-57.5466423,-15.4383128],[-57.5576636,-15.4264916]],[[-57.5866243,-15.3674449],[-57.6042581,-15.3265303],[-57.5987728,-15.3029752]],[[-57.6800367,-15.1501024],[-57.6851654,-15.1315499]],[[-56.1074884,-12.6455717],[-56.1209942,-12.6418835]],[[-56.1209942,-12.6418835],[-56.1502005,-12.6549121],[-56.1668276,-12.6722949],[-56.1822242,-12.690707],[-56.1945003,-12.688281],[-56.2152237,-12.69755],[-56.2305409,-12.6911515],[-56.2519468,-12.7024431],[-56.2684828,-12.7020658],[-56.2844626,-12.715788],[-56.3058779,-12.7481551],[-56.3013932,-12.7608421],[-56.3245357,-12.7706001],[-56.3379732,-12.7859523],[-56.3463841,-12.8205621],[-56.3682941,-12.8405636],[-56.3783138,-12.8783908],[-56.4037903,-12.8872581],[-56.4182471,-12.8488582],[-56.4605623,-12.9009572],[-56.5022602,-12.8832261]],[[-56.5022602,-12.8832261],[-56.5382434,-12.9276661],[-56.5503709,-12.9481193],[-56.5738941,-12.9482513],[-56.5811313,-12.9515732]],[[-56.5811313,-12.9515732],[-56.5940752,-12.9515926],[-56.5989942,-12.9559673],[-56.6226192,-12.9598088],[-56.6340751,-12.9642022],[-56.6380039,-12.9688255]],[[-56.6380039,-12.9688255],[-56.6587938,-12.9829633],[-56.657184,-12.9892272],[-56.6545389,-12.989227],[-56.6508023,-12.9890528],[-56.6069385,-13.0193171],[-56.6051732,-13.0196413],[-56.599082,-13.0191717],[-56.5900411,-13.0264787],[-56.5791061,-13.0328933],[-56.5445186,-13.0339191],[-56.5248562,-13.0280529],[-56.5029583,-13.0392389],[-56.4727796,-13.0417467],[-56.4429696,-13.0572823],[-56.4220216,-13.0938324],[-56.4130186,-13.0941543],[-56.3887539,-13.1132376],[-56.3563882,-13.1091201],[-56.3282729,-13.1272917],[-56.3087968,-13.160009],[-56.2964379,-13.170617],[-56.2945293,-13.1914277],[-56.2825693,-13.2103589],[-56.2436809,-13.2436296],[-56.2312259,-13.2752198],[-56.2125425,-13.2909613],[-56.1973914,-13.3174133],[-56.2042193,-13.3265645],[-56.1934235,-13.3491688],[-56.1656049,-13.3923324],[-56.152319,-13.3921963],[-56.1316495,-13.4073504],[-56.1120386,-13.4072424],[-56.1029227,-13.4186249],[-56.1100227,-13.448439],[-56.0648653,-13.4549383],[-56.052437,-13.4339068],[-56.0374479,-13.4356405],[-56.0214116,-13.4471806],[-56.0006361,-13.446046]],[[-56.0006361,-13.446046],[-55.9935497,-13.4551504],[-55.9891794,-13.4575123],[-55.9766053,-13.4526377],[-55.9758125,-13.4485911],[-55.9770435,-13.4444062]],[[-55.9770435,-13.4444062],[-55.9712574,-13.4079622],[-55.9705925,-13.4050769],[-55.9628008,-13.3826634],[-55.9659781,-13.3715681],[-55.967782,-13.33072],[-55.9253158,-13.3067816],[-55.9151004,-13.2962914],[-55.9030517,-13.2763724],[-55.8897083,-13.2741964],[-55.8811123,-13.2578941],[-55.8791596,-13.2566012]],[[-55.8791596,-13.2566012],[-55.8832079,-13.2559788]],[[-55.8832079,-13.2559788],[-55.8759541,-13.2437993],[-55.8824287,-13.2279449],[-55.8772289,-13.220268],[-55.8802953,-13.2170979],[-55.8851496,-13.2051491],[-55.8921167,-13.1910805],[-55.8796581,-13.1618223],[-55.8894756,-13.1416118],[-55.8807777,-13.128317],[-55.8972158,-13.1033841],[-55.8850133,-13.0646918],[-55.8902836,-13.0461384],[-55.9097047,-13.047882],[-55.9061165,-13.0064018],[-55.9203554,-12.9901455],[-55.9229859,-12.9712792],[-55.9357372,-12.9548611],[-55.9565832,-12.9114879],[-55.974606,-12.8866509],[-55.9931006,-12.8704268],[-55.9855257,-12.8496966],[-55.9995976,-12.836421],[-55.9914114,-12.8200228],[-55.9963452,-12.7990635],[-56.0126315,-12.7931178],[-56.0125252,-12.7713563],[-56.0353764,-12.7643638],[-56.0354127,-12.7265654],[-56.0549747,-12.6862356],[-56.0946752,-12.6822727],[-56.0893378,-12.6631333],[-56.1074884,-12.6455717]],[[-50.9991848,-10.7693942],[-51.0078184,-10.7663665]],[[-51.0078184,-10.7663665],[-51.0194183,-10.7825582],[-51.0272912,-10.7839197],[-51.0333529,-10.7955415],[-51.0313131,-10.8011164],[-51.0320717,-10.8045783],[-51.0289298,-10.8102137],[-51.0373769,-10.8162543],[-51.0397873,-10.8293203],[-51.0684897,-10.8619151],[-51.0711163,-10.8829453],[-51.1128093,-10.8868108],[-51.1153577,-10.8972822],[-51.1369475,-10.8980645],[-51.1467951,-10.9187246],[-51.1654429,-10.9283644],[-51.1875739,-10.9223194],[-51.1919396,-10.9140865],[-51.193428,-10.9214526],[-51.2028079,-10.9437338],[-51.228382,-10.9463683],[-51.2386181,-10.9713257],[-51.2463562,-10.9832821],[-51.2630708,-10.9852707],[-51.2758746,-11.0050212],[-51.3050785,-11.0079123]],[[-51.3050785,-11.0079123],[-51.3154082,-11.0166776],[-51.3231262,-11.0183366],[-51.3264847,-11.0151685],[-51.3316582,-11.0054408],[-51.3276505,-11.0004193]],[[-51.3276505,-11.0004193],[-51.3276436,-10.9855099]],[[-51.3276436,-10.9855099],[-51.3296573,-10.980135],[-51.3394449,-10.9724712],[-51.341992,-10.9733912],[-51.343542,-10.9766812]],[[-51.343542,-10.9766812],[-51.3404505,-10.9777212],[-51.3371628,-10.980101],[-51.3351537,-10.9968637],[-51.3521118,-11.0072765],[-51.3815236,-11.0154251],[-51.3946886,-11.0161352],[-51.3928089,-11.0200809]],[[-51.3928089,-11.0200809],[-51.3974325,-11.0239983]],[[-51.5125599,-11.1664824],[-51.5176644,-11.1703898],[-51.5192136,-11.1783659]],[[-51.5192136,-11.1783659],[-50.6998506,-11.3102286],[-50.6999085,-11.3131054]],[[-50.6999085,-11.3131054],[-50.6968135,-11.3046578],[-50.6713266,-11.2867414],[-50.6560371,-11.2402367],[-50.6547324,-11.2150298],[-50.6644814,-11.1515989],[-50.6576348,-11.1278124],[-50.6438862,-11.1231826],[-50.6370427,-11.1005471],[-50.6175928,-11.085811],[-50.6094574,-11.0674457],[-50.6174251,-11.0320006],[-50.617593,-11.0024252],[-50.6248407,-10.9838385],[-50.6202415,-10.9689077],[-50.6326193,-10.9318615],[-50.6007891,-10.9006838],[-50.6049528,-10.8724723],[-50.6190437,-10.8640944],[-50.6220066,-10.8394178],[-50.6121984,-10.8103215],[-50.5968989,-10.8047216],[-50.5705877,-10.7525041],[-50.5759515,-10.7253848],[-50.5858701,-10.7041915],[-50.5876039,-10.6860094],[-50.6028204,-10.6737601],[-50.6035307,-10.6608603]],[[-50.6035307,-10.6608603],[-50.6198827,-10.6647043],[-50.6219542,-10.6764905]],[[-50.6219542,-10.6764905],[-50.630732,-10.6769344],[-50.6320696,-10.679259],[-50.6323937,-10.686044],[-50.6384719,-10.6882585],[-50.6513067,-10.684434],[-50.6584055,-10.6796234]],[[-50.6584055,-10.6796234],[-50.6893023,-10.6732171],[-50.6984341,-10.6617856],[-50.7002842,-10.6568934],[-50.7029516,-10.6514956],[-50.7214347,-10.6465244],[-50.7290962,-10.6547022],[-50.7666708,-10.6484609],[-50.7847738,-10.6491319],[-50.8053752,-10.6576265],[-50.8242835,-10.6753047],[-50.8248974,-10.6871235],[-50.8422871,-10.7021185],[-50.831168,-10.7074878],[-50.842688,-10.7107416],[-50.8572218,-10.7044741],[-50.8986002,-10.7163798],[-50.9161511,-10.7334739],[-50.9147235,-10.7421922],[-50.9604472,-10.7545274],[-50.9702125,-10.7736392],[-50.9991848,-10.7693942]],[[-60.3775112,-14.011267],[-60.383055,-13.9926418],[-60.4032362,-13.9998022],[-60.4060405,-14.030345],[-60.4261176,-14.0489176],[-60.4312129,-14.0677576],[-60.447631,-14.0856296],[-60.4791528,-14.0954326],[-60.482542,-14.1348699],[-60.4752133,-14.1602975],[-60.4885725,-14.1713059],[-60.4915995,-14.1900373],[-60.4716796,-14.192731],[-60.4649069,-14.234041],[-60.4497391,-14.2510968],[-60.4652368,-14.264411],[-60.4531588,-14.3143463],[-60.4403997,-14.3205038],[-60.4341798,-14.3358082],[-60.4142892,-14.3491619],[-60.4094013,-14.3686824],[-60.3954848,-14.3643105],[-60.4038727,-14.401021],[-60.3983763,-14.4257898],[-60.3831221,-14.4418251],[-60.3789319,-14.4637191],[-60.360659,-14.4733896],[-60.36024,-14.4843049],[-60.3381787,-14.5118859],[-60.3361537,-14.5371481],[-60.3240992,-14.6021033],[-60.3173425,-14.6132341],[-60.2930458,-14.625271],[-60.272148,-14.6202922],[-60.2443214,-15.096806],[-60.5010196,-15.0962195],[-60.5650189,-15.1086836],[-60.533049,-15.1464662],[-60.5004328,-15.1797951],[-60.2386048,-15.4738516],[-60.1717171,-16.2661061],[-59.5368149,-16.2774011],[-59.4691831,-16.2795799]],[[-59.4691831,-16.2795799],[-59.4508539,-16.2619726],[-59.4609666,-16.2345146],[-59.4647143,-16.2046524],[-59.4716537,-16.1887363],[-59.4905017,-16.1752363],[-59.486531,-16.1566765],[-59.4726853,-16.1473906]],[[-59.4726853,-16.1473906],[-59.5031431,-16.1557458],[-59.5088402,-16.1701024],[-59.5484797,-16.1797718],[-59.5803395,-16.1940906],[-59.5967205,-16.1789258],[-59.6291437,-16.1704565],[-59.6473182,-16.1606787],[-59.6692458,-16.164112],[-59.6906192,-16.1335117],[-59.7112308,-16.1228985],[-59.7185155,-16.1060388],[-59.7405253,-16.0873282],[-59.7600899,-16.0871612],[-59.7584412,-16.0615446],[-59.767159,-16.0416742],[-59.7930648,-16.0283877],[-59.8023642,-15.9906048],[-59.8175072,-15.9791528],[-59.8252511,-15.9556243],[-59.8461689,-15.9670987],[-59.8733506,-15.9735903],[-59.8935207,-15.9846391],[-59.9226827,-15.9790999],[-59.9418934,-15.9476993],[-59.937381,-15.9310234],[-59.9555176,-15.8984654],[-59.9554586,-15.8702188],[-59.9773526,-15.8623509],[-59.9702658,-15.8343894],[-59.9799457,-15.8092914],[-59.9972079,-15.8014107],[-60.0141908,-15.7814946],[-60.0114007,-15.7568436],[-60.0033118,-15.743533],[-60.0113359,-15.7231205],[-60.0243631,-15.7196221],[-60.0311048,-15.686878],[-60.0480944,-15.6478436],[-60.042754,-15.6268074],[-60.0301028,-15.6002062],[-60.0323415,-15.5911266],[-60.0159249,-15.5614171],[-59.4896655,-15.4412803],[-59.432403,-15.2272323],[-59.4474094,-15.2193746],[-59.4903446,-15.1482136],[-59.5089219,-15.1055477],[-59.535343,-15.0598222],[-59.5391053,-15.0479728],[-59.5725571,-15.0059195],[-59.5736591,-14.9878519],[-59.5452156,-14.9628703],[-59.5105936,-14.9610496],[-59.4782868,-14.9836662],[-59.4545709,-14.9700115],[-59.4467973,-14.9591203]],[[-59.5843497,-14.8198173],[-59.6347122,-14.8165128]],[[-59.6347122,-14.8165128],[-59.6577692,-14.8067332],[-59.6810403,-14.7715409],[-59.660339,-14.7507682],[-59.6783941,-14.720304],[-59.7244973,-14.6710028],[-59.7719759,-14.6422557],[-59.7815532,-14.6033203],[-59.7983657,-14.587704],[-59.7952774,-14.5777072],[-59.8044233,-14.5556644],[-59.8359508,-14.5436869],[-59.8455314,-14.5133312],[-59.8727317,-14.4914655],[-59.887192,-14.4988984],[-59.9312223,-14.4838463],[-59.9672018,-14.4510137],[-59.9779435,-14.425967],[-60.0069217,-14.4086328],[-60.0556158,-14.415465],[-60.0668394,-14.4264968],[-60.0912869,-14.424152],[-60.1126443,-14.4290813],[-60.1370088,-14.4052864],[-60.1355892,-14.3879095],[-60.1451331,-14.3778371],[-60.1665594,-14.3790528],[-60.162408,-14.3581572],[-60.1713157,-14.3442059],[-60.1721893,-14.316744],[-60.1899642,-14.3207866],[-60.1988149,-14.2809259],[-60.2318781,-14.265267],[-60.2226423,-14.225601],[-60.2370899,-14.2248532],[-60.2396609,-14.1938737],[-60.2458185,-14.1733761],[-60.2777442,-14.1492963],[-60.2721926,-14.1370189],[-60.2860588,-14.129103],[-60.2839056,-14.1130598],[-60.289439,-14.1038119],[-60.2980962,-14.0722013],[-60.313205,-14.069053],[-60.3100781,-14.0608753]],[[-60.3100781,-14.0608753],[-60.3142663,-14.0608419]],[[-54.6068844,-10.5934579],[-54.6150906,-10.5966019]],[[-54.6150906,-10.5966019],[-54.6153574,-10.6001088],[-54.6168998,-10.601212],[-54.610368,-10.6141179],[-54.6329842,-10.6293887],[-54.6279782,-10.6519257],[-54.6423721,-10.6689894],[-54.6817957,-10.6932313],[-54.7239273,-10.7247798],[-54.7200751,-10.7397149],[-54.7352978,-10.7682517],[-54.7562734,-10.7869727],[-54.7516411,-10.8067558],[-54.7724683,-10.8308096],[-54.783209,-10.8601146],[-54.786906,-10.8733073],[-54.8088281,-10.8939431],[-54.8356089,-10.9004947],[-54.8573254,-10.9249376],[-54.8597395,-10.9497712],[-54.8936082,-10.9684439],[-54.8456838,-11.0021118],[-54.7779635,-11.0408447],[-54.7595484,-11.0484971],[-54.7464525,-11.0721644],[-54.6736574,-11.1158247],[-54.6425381,-11.1522228]],[[-54.6425381,-11.1522228],[-54.6372588,-11.1664084],[-54.6239668,-11.1787806],[-54.6166811,-11.1823226],[-54.6074426,-11.1837076]],[[-54.6074426,-11.1837076],[-54.6052767,-11.1808271]],[[-54.6052767,-11.1808271],[-54.5981848,-11.1843542]],[[-54.5981848,-11.1843542],[-54.5852904,-11.1909759],[-54.5687641,-11.2192222],[-54.5673995,-11.2397284],[-54.5571804,-11.261127]],[[-54.5571804,-11.261127],[-54.5612227,-11.2779292],[-54.5589522,-11.2858039],[-54.5501183,-11.2981808],[-54.5444078,-11.3037202]],[[-54.5444078,-11.3037202],[-54.5463439,-11.3200182]],[[-54.5463439,-11.3200182],[-54.5559122,-11.3354216],[-54.5521839,-11.352773],[-54.5458106,-11.3639741]],[[-54.5458106,-11.3639741],[-54.52967,-11.391342],[-54.5157957,-11.4027642],[-54.5063152,-11.4131963],[-54.4781929,-11.3976855],[-54.471018,-11.3825449],[-54.4472726,-11.3645775],[-54.4216877,-11.3266764],[-54.4199126,-11.3116131],[-54.3916794,-11.3243182],[-54.3577382,-11.3272572],[-54.349633,-11.3450002],[-54.3373595,-11.3538077],[-54.3159663,-11.3543776],[-54.2958944,-11.367738],[-54.2493154,-11.3447624],[-54.2257464,-11.3272534],[-54.2019784,-11.3211332],[-54.1900675,-11.2998403],[-54.1658435,-11.2921679],[-54.131207,-11.3014849],[-54.1114611,-11.283979],[-54.0838927,-11.2858436],[-54.019192,-11.2491646],[-53.9986093,-11.2541153],[-53.9601421,-11.2538515],[-53.9470367,-11.2468027],[-53.9449402,-11.2436672],[-53.9183834,-11.246501],[-53.8915661,-11.2419331],[-53.878639,-11.2479141],[-53.8747527,-11.2450795],[-53.8682328,-11.2511307],[-53.8381163,-11.258221],[-53.8176506,-11.2677729],[-53.788998,-11.2728298],[-53.7929998,-11.2863819],[-53.7886513,-11.2878448],[-53.7864281,-11.2882767]],[[-53.7864281,-11.2882767],[-53.7792666,-11.2841614]],[[-53.3419857,-11.0266595],[-53.3244805,-11.0218889],[-53.3203934,-11.0163278],[-53.321812,-11.0116033],[-53.3287622,-11.0069482],[-53.3319265,-11.0062369]],[[-53.3179514,-10.9577069],[-53.2989329,-10.9294649],[-53.2705557,-10.9036813],[-53.2514077,-10.887549]],[[-53.2514077,-10.887549],[-53.2450307,-10.8784832],[-53.2379641,-10.8714107],[-53.2183232,-10.8631897]],[[-53.2183232,-10.8631897],[-53.1941913,-10.8579199],[-53.1631302,-10.8588853],[-53.1256473,-10.8412605]],[[-53.1256473,-10.8412605],[-53.1228644,-10.8178712]],[[-53.1228644,-10.8178712],[-53.0991334,-10.7871158]],[[-53.0991334,-10.7871158],[-53.0983608,-10.7775577]],[[-53.0983608,-10.7775577],[-53.1272845,-10.773729],[-53.3192258,-10.6431935],[-53.6591936,-10.5157641],[-53.665299,-10.5155981],[-53.737423,-10.5400543],[-53.7890471,-10.5385515],[-53.8219029,-10.5453162],[-53.861986,-10.5624328],[-53.9214452,-10.5661519],[-53.9745768,-10.516862],[-54.0396966,-10.4942958]],[[-54.0396966,-10.4942958],[-54.074339,-10.4537378],[-54.0807933,-10.4481695],[-54.0897042,-10.4469171]],[[-54.0897042,-10.4469171],[-54.0976963,-10.4465145],[-54.1075239,-10.4520012],[-54.1550928,-10.4480355],[-54.1807789,-10.4367213],[-54.1831588,-10.4375402],[-54.2008262,-10.4439007],[-54.2424448,-10.4345546],[-54.2486191,-10.4369107],[-54.2587531,-10.4383552],[-54.2643051,-10.4392174],[-54.2913219,-10.4542875],[-54.3313258,-10.4595601],[-54.351501,-10.4574757],[-54.3776364,-10.4706655],[-54.4009848,-10.4979674],[-54.4296671,-10.5428901],[-54.4682249,-10.5554304],[-54.4834236,-10.5674739],[-54.5245959,-10.5713496],[-54.5352705,-10.5949605],[-54.5535216,-10.607058],[-54.5729264,-10.5979744],[-54.5811877,-10.6034019],[-54.5890359,-10.6053583],[-54.5947661,-10.6063167],[-54.6044905,-10.6046068],[-54.6055005,-10.5945057],[-54.6068844,-10.5934579]],[[-54.1442335,-9.6115245],[-54.136778,-9.6457207],[-54.1487576,-9.6598064]],[[-54.2119233,-9.8025818],[-54.2201089,-9.7998635],[-54.2231779,-9.8034104],[-54.233168,-9.8094786],[-54.238617,-9.8168527],[-54.2392296,-9.8207679],[-54.2370577,-9.8266468]],[[-54.2439414,-9.8391669],[-54.2500114,-9.8438025],[-54.2548829,-9.850849],[-54.2583892,-9.8707822]],[[-55.1377731,-10.0459901],[-55.1361869,-10.0490165]],[[-55.1361869,-10.0490165],[-55.1596047,-10.0651924],[-55.1544041,-10.0719767],[-55.1562176,-10.0914268],[-55.1659399,-10.0983874],[-55.1676922,-10.1411141],[-55.1578924,-10.1650073],[-55.1702941,-10.1911703],[-55.1858644,-10.1815138],[-55.1855094,-10.1654202],[-55.2084008,-10.1726387],[-55.2173057,-10.1574924],[-55.223064,-10.1540779],[-55.2220289,-10.1464993],[-55.2325819,-10.149783],[-55.2388517,-10.1457141],[-55.2421548,-10.1461463]],[[-55.2421548,-10.1461463],[-55.227537,-10.1758975]],[[-55.227537,-10.1758975],[-55.2296356,-10.1901509],[-55.2201384,-10.2031298],[-55.2236314,-10.2240391],[-55.2068392,-10.2290292],[-55.2028132,-10.2076147],[-55.1728427,-10.2117326]],[[-55.1728427,-10.2117326],[-55.159022,-10.2239167],[-55.1461663,-10.2238438]],[[-55.1461663,-10.2238438],[-55.1321671,-10.2101726],[-55.1197676,-10.2036603],[-55.1441752,-10.2071387],[-55.1466527,-10.1965161],[-55.1228313,-10.1745158],[-55.1101689,-10.182509],[-55.1007672,-10.1534405],[-55.0789084,-10.1584246],[-55.0590612,-10.1363556],[-55.0471869,-10.1275694],[-55.0345395,-10.1332257],[-55.0373435,-10.1526239],[-55.0256343,-10.1704281],[-55.0097598,-10.1671412],[-55.0041416,-10.1498236],[-55.0085609,-10.1439942]],[[-55.0085609,-10.1439942],[-55.0057198,-10.1405563],[-54.9980978,-10.1354115],[-54.9850053,-10.1355301],[-54.9790367,-10.1396114]],[[-54.9790367,-10.1396114],[-54.9857696,-10.1783855],[-54.9810822,-10.1973536],[-54.9654645,-10.2217722],[-54.9516643,-10.2107943],[-54.9269804,-10.2294256],[-54.9164487,-10.2482883],[-54.8993443,-10.2310046],[-54.8595597,-10.2386705],[-54.6546008,-10.3545395],[-54.6169305,-10.3646534],[-54.5432908,-10.372392],[-54.5214615,-10.3905137],[-54.5059877,-10.3826188],[-54.4967985,-10.3622102],[-54.475984,-10.3458402],[-54.4564385,-10.3462212],[-54.4175178,-10.322431],[-54.3770797,-10.3321278],[-54.363155,-10.3267213],[-54.3569413,-10.3044368],[-54.341235,-10.2838851],[-54.2969522,-10.2576253],[-54.2881933,-10.2457264],[-54.2697826,-10.2420014],[-54.2629358,-10.2527797],[-54.2445094,-10.2559124],[-54.2237125,-10.246557],[-54.2110987,-10.2532035],[-54.1828095,-10.2537437],[-54.1434622,-10.2377128],[-54.1136777,-10.2423361],[-54.097415,-10.2523799],[-54.0819911,-10.2492036],[-54.0617185,-10.2326382],[-54.0348347,-10.2350365],[-54.0242699,-10.2537308],[-54.0130499,-10.2475614],[-54.0652731,-10.1986676],[-54.0900727,-10.18872],[-54.1040981,-10.1199934],[-54.1130236,-10.0946996],[-54.0925772,-10.077905],[-54.0866745,-10.053986],[-54.0707545,-10.0415857],[-54.0689657,-10.0264015],[-54.055161,-10.0093476],[-54.0575214,-9.9977729],[-54.020297,-9.9910538],[-54.0059163,-9.976303],[-53.9979701,-9.934795],[-53.9862322,-9.9310411],[-53.9799959,-9.9080977],[-53.9846551,-9.8980792],[-53.953986,-9.8755288],[-53.9428401,-9.8494264],[-53.892226,-9.8483122],[-53.8659767,-9.8381862],[-53.8389906,-9.8408007],[-53.842121,-9.8164099],[-53.8361382,-9.7900918],[-53.7994613,-9.7957245],[-53.7828823,-9.7687763],[-53.7473278,-9.7358859],[-53.7616911,-9.7106467],[-53.6828424,-9.689273],[-53.6774676,-9.6789555],[-53.6563655,-9.6801039],[-53.6447608,-9.6617692],[-53.6317815,-9.65807],[-53.6280075,-9.6616245],[-53.6116753,-9.6590888],[-53.6076781,-9.6570629],[-53.5998683,-9.6491699],[-53.6104161,-9.6260142],[-53.589101,-9.6199019]],[[-53.589101,-9.6199019],[-53.5890525,-9.6110077],[-54.1067965,-9.5719079]],[[-58.0182825,-15.358784],[-58.1582673,-15.6948829],[-58.1679175,-15.7031211],[-58.1869511,-15.7051049],[-58.2140937,-15.696138],[-58.2354771,-15.7093394],[-58.2464512,-15.7088825]],[[-58.2464512,-15.7088825],[-58.2578598,-15.7204106]],[[-58.1502288,-15.8413567],[-58.1344479,-15.8469294],[-58.1238786,-15.8483191],[-58.1084861,-15.8432673]],[[-57.8832777,-15.7443629],[-57.879115,-15.7332744],[-57.880099,-15.725566],[-57.879032,-15.7195099],[-57.8878512,-15.7092541]],[[-57.9879194,-15.6038373],[-57.9908237,-15.5634534],[-57.9906611,-15.5617036],[-57.9585328,-15.5288141]],[[-57.8951068,-15.467043],[-57.9123471,-15.4424951]],[[-55.5711589,-14.0239961],[-55.6217556,-14.0050749]],[[-55.6217556,-14.0050749],[-55.6322174,-14.0110916],[-55.6488037,-14.0136439],[-55.6702478,-14.0237639],[-55.6790874,-14.0330447],[-55.6864703,-14.0389912],[-55.6979775,-14.0478129],[-55.7127887,-14.0712963],[-55.7118584,-14.1101245],[-55.7316955,-14.125946],[-55.7730282,-14.1289666],[-55.7984633,-14.1416835],[-55.8394549,-14.1508299],[-55.8601493,-14.1700585],[-55.8683669,-14.1773848],[-55.8750578,-14.1825042],[-55.878388,-14.1830924],[-55.8811638,-14.1861179],[-55.8884456,-14.1846586],[-55.9096084,-14.1812311],[-55.9242916,-14.1974978],[-55.946554,-14.205356],[-55.9560245,-14.2101989],[-56.0113701,-14.219329],[-56.0186967,-14.2186692],[-56.0226029,-14.2233864]],[[-56.0226029,-14.2233864],[-56.0277575,-14.2335247]],[[-56.4746392,-14.6620548],[-56.4783949,-14.6642762]],[[-56.4244309,-14.7425541],[-56.3976703,-14.7549698],[-56.3332443,-14.7669191],[-56.318957,-14.7485483],[-56.2925907,-14.7698484],[-56.2719118,-14.7437133],[-56.2572006,-14.7360425],[-56.256432,-14.7042112],[-56.2497659,-14.6968678],[-56.2305678,-14.6924672],[-56.2234809,-14.6795095],[-56.2192887,-14.6755013],[-56.2123911,-14.6716264],[-56.2050066,-14.6679007],[-56.1716925,-14.6789112],[-56.1623913,-14.6605277],[-56.1398722,-14.6565602],[-56.1301179,-14.6556447],[-56.12182,-14.6622107],[-56.1023337,-14.6961408],[-56.0284315,-14.6811485],[-56.0250007,-14.6757444]],[[-56.0250007,-14.6757444],[-56.0218703,-14.6679004],[-56.0159499,-14.6654822],[-56.0020145,-14.6692283],[-55.9980984,-14.6759644],[-55.9936483,-14.6787908],[-55.9896863,-14.6746619]],[[-55.9896863,-14.6746619],[-55.991406,-14.6694976],[-55.9851659,-14.6722284],[-55.9506702,-14.6773931],[-55.9363484,-14.6810299],[-55.9252207,-14.6789851],[-55.9193787,-14.6714084],[-55.9130851,-14.6711238],[-55.8998387,-14.6704616],[-55.878341,-14.6611567],[-55.8756412,-14.6615024],[-55.8723111,-14.6558281],[-55.8628964,-14.6446887],[-55.8601795,-14.646294],[-55.852541,-14.648328],[-55.8371509,-14.6277716],[-55.8382107,-14.6125292],[-55.8408248,-14.6009087],[-55.8340853,-14.5998336],[-55.8479941,-14.5773274],[-55.8425622,-14.5717429],[-55.8550604,-14.5543737],[-55.8454979,-14.5381283],[-55.8278504,-14.5161593],[-55.7986446,-14.5061487],[-55.7706641,-14.5013657],[-55.7423682,-14.480585],[-55.7281844,-14.4586617],[-55.7151857,-14.4694902],[-55.6948963,-14.4748096],[-55.6617086,-14.4421239],[-55.6350835,-14.4515201],[-55.6242942,-14.4384312],[-55.6036664,-14.4423226],[-55.5969803,-14.4290059],[-55.571791,-14.4262853],[-55.5685331,-14.4145979],[-55.5353003,-14.4071926],[-55.5377237,-14.3992124],[-55.5141246,-14.3857423],[-55.4984426,-14.3656978],[-55.4794389,-14.353845],[-55.4590783,-14.3578521],[-55.4364674,-14.3508443],[-55.4297949,-14.3202786],[-55.4062356,-14.336376],[-55.3653666,-14.3390909],[-55.3601249,-14.3266897],[-55.3283609,-14.3229384],[-55.3192888,-14.3067017],[-55.3056893,-14.3093433],[-55.298912,-14.2945343],[-55.2377947,-14.2928979],[-55.2189368,-14.2802107],[-55.2157811,-14.2720004],[-55.2050626,-14.2582386],[-55.2132185,-14.2436004],[-55.2419406,-14.2419435],[-55.2412088,-14.2398791]],[[-55.2412088,-14.2398791],[-55.2453463,-14.2411416],[-55.2486507,-14.2464005]],[[-55.2486507,-14.2464005],[-55.2588387,-14.2492231],[-55.3106435,-14.2351387],[-55.359565,-14.1570311]],[[-55.359565,-14.1570311],[-55.5711589,-14.0239961]],[[-56.7689056,-14.1507267],[-56.8918966,-14.1481161],[-56.934517,-14.1529319]],[[-56.9392348,-14.1647236],[-56.9516727,-14.1722925],[-56.9417091,-14.1796806],[-56.9211999,-14.1918054],[-56.9103606,-14.1977731],[-56.9039778,-14.2084163],[-56.8768275,-14.2269957],[-56.8758695,-14.2462315],[-56.8667182,-14.2645221],[-56.8808266,-14.2987569],[-56.8833986,-14.330707],[-56.8791376,-14.3521904],[-56.8873114,-14.3608776]],[[-56.8873114,-14.3608776],[-56.8844913,-14.3634785],[-56.8714657,-14.36065],[-56.8649687,-14.3694604]],[[-56.7987859,-14.5117086],[-56.7933337,-14.5273456],[-56.7779271,-14.5405229]],[[-56.4109235,-15.4381734],[-56.4142355,-15.4355201]],[[-56.9370053,-15.5406723],[-56.9471286,-15.5433272],[-56.9541114,-15.5383607],[-56.9617931,-15.5299761],[-56.9626751,-15.5278635]],[[-56.9626751,-15.5278635],[-56.9545237,-15.5170589],[-56.9698512,-15.509149],[-56.9735251,-15.4896888],[-56.9730685,-15.4797485],[-56.9752886,-15.4651944]],[[-56.9752886,-15.4651944],[-56.9828775,-15.4589065]],[[-56.9828775,-15.4589065],[-57.0155135,-15.486578],[-57.0219874,-15.4884266],[-57.022599,-15.4979642],[-57.0416072,-15.5257122],[-57.0618768,-15.5366695],[-57.0600951,-15.548971],[-57.0687607,-15.5704233],[-57.0880376,-15.5744317],[-57.1237811,-15.6408724],[-57.1139779,-15.6540341],[-57.1262512,-15.671001],[-57.1425385,-15.6774761],[-57.1366106,-15.6916337],[-57.1759993,-15.747693],[-57.176991,-15.7753739],[-57.1957641,-15.795823],[-57.2233554,-15.810714],[-57.224797,-15.8508752]],[[-57.0081938,-15.7858415],[-57.007454,-15.8037084]],[[-57.007454,-15.8037084],[-57.0030833,-15.8064215],[-56.99699,-15.8009113],[-56.9776573,-15.7951896],[-56.9605772,-15.76883],[-56.9123103,-15.763974],[-56.8952088,-15.7713643],[-56.8804306,-15.7924301],[-56.8800023,-15.8011896],[-56.8741105,-15.7997599],[-56.8650998,-15.8116793],[-56.828808,-15.8265354],[-56.7883241,-15.7849656],[-56.7693626,-15.7927703],[-56.7561525,-15.7888585],[-56.7478064,-15.8061884],[-56.7264507,-15.7992069],[-56.4480462,-15.6976849],[-56.4795902,-15.748013],[-56.4833737,-15.7621038],[-56.4924385,-15.7777387],[-56.497203,-15.7901186]],[[-56.497203,-15.7901186],[-56.503973,-15.7892479],[-56.5137062,-15.79317],[-56.5168641,-15.8002083],[-56.5195296,-15.813722]],[[-56.5195296,-15.813722],[-56.5342891,-15.8296746],[-56.5546854,-15.8715038],[-56.5649611,-15.8821168],[-56.5575592,-15.8978319],[-56.5562337,-15.9200593],[-56.5594234,-15.928893],[-56.5617065,-15.9379506],[-56.5514926,-15.947568],[-56.5095032,-15.9714233],[-56.493098,-15.9932515],[-56.4797476,-15.9956574],[-56.4537317,-16.0150659],[-56.4212576,-16.0251667],[-56.3896285,-16.0467387],[-56.3921814,-16.0638478],[-56.3812453,-16.0747363],[-56.3786427,-16.1001758],[-56.3853666,-16.1181709],[-56.4354892,-16.1639617],[-56.4481397,-16.208225],[-56.4565769,-16.2196127],[-56.4828353,-16.232558],[-56.4986344,-16.2276823],[-56.5136969,-16.2362062],[-56.5194839,-16.2466504],[-56.5182504,-16.2580265],[-56.519659,-16.2658321],[-56.5399229,-16.3025274],[-56.534086,-16.3077599],[-56.5183891,-16.2973213],[-56.4993662,-16.2944457],[-56.4956417,-16.2785491],[-56.4821961,-16.271388],[-56.4552498,-16.280452],[-56.4347202,-16.2670713],[-56.391539,-16.2553496],[-56.3709144,-16.2609452],[-56.3596064,-16.2467567],[-56.3391592,-16.2452544],[-56.322368,-16.228171],[-56.3316938,-16.2107215],[-56.30043,-16.19341],[-56.2898332,-16.1949819],[-56.2159887,-16.18772],[-56.2182633,-16.2277381],[-56.2432646,-16.2612721],[-56.2482931,-16.2992777]],[[-56.2482931,-16.2992777],[-56.2479302,-16.3164669],[-56.2526738,-16.3264263],[-56.2601546,-16.3326284]],[[-56.2601546,-16.3326284],[-56.2700553,-16.3499361],[-56.2968037,-16.3733758],[-56.3004369,-16.393237]],[[-56.3004369,-16.393237],[-56.2962042,-16.4010394]],[[-56.0169229,-16.2359393],[-56.0239337,-16.232898],[-56.0257385,-16.2305128],[-56.0234489,-16.2201598],[-56.0206207,-16.2153817],[-56.0187536,-16.2142323]],[[-55.9560995,-16.1791716],[-55.9488876,-16.1663125]],[[-55.9488876,-16.1663125],[-55.9882391,-16.0940033],[-56.0377695,-16.0317598],[-56.0465835,-15.9752708],[-56.0933144,-15.9304457],[-56.1005148,-15.8867717],[-56.0904475,-15.836864],[-56.09657,-15.7849154],[-56.1459219,-15.7696889]],[[-56.1459219,-15.7696889],[-56.154694,-15.7517671],[-56.1714231,-15.7514777],[-56.1904585,-15.7756486],[-56.2220986,-15.7710109],[-56.2467483,-15.7571369],[-56.2447288,-15.7338156],[-56.2642605,-15.7115258],[-56.2640177,-15.6841248],[-56.2181234,-15.6413054],[-56.2150518,-15.6169801]],[[-56.2150518,-15.6169801],[-56.3898194,-15.5238159],[-56.3943803,-15.517268]],[[-56.3943803,-15.517268],[-56.3981606,-15.4927382],[-56.422331,-15.4729264],[-56.4174762,-15.447716],[-56.4109235,-15.4381734]],[[-58.5364424,-8.9506049],[-58.5541763,-8.9459084]],[[-58.4334243,-9.4525421],[-58.4267413,-9.4558939],[-58.4165634,-9.4575974],[-58.3917058,-9.4518787]],[[-58.315786,-9.4464914],[-58.3053158,-9.4448681],[-58.2947133,-9.4451843],[-58.2871963,-9.4497835],[-58.2756787,-9.4668651]],[[-58.2586867,-9.535833],[-58.2525977,-9.5599638],[-58.256533,-9.5777161]],[[-58.3204533,-10.1191356],[-58.322509,-10.1463614]],[[-58.3406807,-10.4020418],[-58.3376539,-10.4090656]],[[-57.5959089,-10.261841],[-57.6038635,-10.2442973]],[[-57.6038635,-10.2442973],[-57.5963717,-10.226933],[-57.5997234,-10.2072549],[-57.5994354,-10.2000856],[-57.5860042,-10.1703968],[-57.5764984,-10.1630222],[-57.5870362,-10.1448515],[-57.5792519,-10.1346526],[-57.586345,-10.1138686],[-57.5839912,-10.0937152],[-57.596199,-10.0850696],[-57.5981553,-10.0578504],[-57.611246,-10.0482613],[-57.622007,-10.0226078],[-57.6169606,-10.0050728],[-57.6337163,-10.002194],[-57.6476484,-9.9736428],[-57.6587207,-9.9643211],[-57.6483048,-9.9363312],[-57.6545962,-9.91916],[-57.6464292,-9.8977842],[-57.6769949,-9.8812918],[-57.6760044,-9.8669224],[-57.696792,-9.8699573],[-57.6738361,-9.8246198],[-57.618443,-9.7676818],[-57.6194232,-9.7472479]],[[-57.6194232,-9.7472479],[-57.6934349,-9.7049085]],[[-57.7201063,-9.6835859],[-57.7275858,-9.6736178],[-57.7231407,-9.6567493]],[[-52.0384036,-13.7639247],[-52.0417976,-13.7579719]],[[-52.1699951,-14.3840986],[-52.2450338,-14.4195194],[-52.2479505,-14.4220182],[-52.3107835,-14.5394802],[-52.313265,-14.5412984]],[[-52.313265,-14.5412984],[-52.3169882,-14.5416811],[-52.3294249,-14.5369426],[-52.3303573,-14.5346034]],[[-52.3303573,-14.5346034],[-52.3347124,-14.5354094],[-52.3366958,-14.5376016]],[[-52.3366958,-14.5376016],[-52.3396898,-14.5625402],[-52.3309269,-14.5779822],[-52.3071526,-14.5661585],[-52.2937442,-14.582031],[-52.273157,-14.5803049],[-52.2515414,-14.5596866],[-52.2401999,-14.5592632],[-52.2360457,-14.5569326],[-52.2269169,-14.5691687],[-52.2137703,-14.5680358],[-52.1887783,-14.6070469],[-52.1470959,-14.6158544],[-52.143095,-14.6325376],[-52.1239212,-14.6409605],[-52.1240991,-14.6567929],[-52.1047887,-14.6548659],[-52.1036981,-14.6824532],[-52.0914429,-14.6849038],[-52.0842073,-14.6740936],[-52.0615772,-14.6761189],[-52.0440675,-14.6591024],[-52.0266307,-14.648375]],[[-52.0266307,-14.648375],[-52.01506,-14.6391058],[-52.0130184,-14.6350219],[-52.0136323,-14.6263262],[-52.011736,-14.6184097],[-52.0128315,-14.6090313]],[[-52.0128315,-14.6090313],[-52.0004631,-14.6014073],[-51.9735779,-14.5989608],[-51.9522039,-14.5843512],[-51.9260991,-14.5760901],[-51.9118822,-14.5620521],[-51.9125023,-14.5451513],[-51.8753108,-14.5030629],[-51.8440233,-14.4930307],[-51.8352183,-14.5118594],[-51.8117577,-14.4829726],[-51.8274922,-14.4799702],[-51.810049,-14.4686533],[-51.8003947,-14.4569352],[-51.7884176,-14.476576],[-51.7669686,-14.4610031],[-51.7337736,-14.4211584],[-51.7456683,-14.401306],[-51.7449871,-14.3785153],[-51.7323072,-14.3770728]],[[-51.7323072,-14.3770728],[-51.7153195,-14.3695124]],[[-51.4701147,-13.6447514],[-51.4671429,-13.643174],[-51.4648645,-13.6394266],[-51.4639408,-13.6255317],[-51.4684544,-13.6174169]],[[-60.3064827,-14.0603419],[-60.3100781,-14.0608753]],[[-59.6347122,-14.8165128],[-59.5830694,-14.8201452],[-59.5768086,-14.8099916]],[[-59.3349137,-14.5451605],[-59.3118178,-14.5101357]],[[-59.3725423,-13.9848145],[-59.3706706,-13.9816795]],[[-54.6350864,-10.5351633],[-54.64361,-10.5491139]],[[-54.64361,-10.5491139],[-54.6431676,-10.556802],[-54.649272,-10.5558394],[-54.6727059,-10.5689739],[-54.6802607,-10.5926386],[-54.7063886,-10.6051269],[-54.7049423,-10.6090283],[-54.7103715,-10.6094318],[-54.7195464,-10.6029795],[-54.7254154,-10.6066148],[-54.7489636,-10.609863],[-54.7617363,-10.6065085],[-54.7675949,-10.6132274],[-54.797968,-10.6199132],[-54.8165421,-10.6362971],[-54.819041,-10.6703236],[-54.8462265,-10.706324],[-54.8636325,-10.7126003],[-54.8836718,-10.7282781],[-54.902464,-10.7176209],[-54.9359553,-10.7285058],[-54.9563641,-10.7167073],[-54.9733214,-10.7241627],[-54.9963439,-10.7261503],[-55.0928554,-10.7179838],[-55.0975815,-10.7225837]],[[-55.0975815,-10.7225837],[-55.1031403,-10.7416545],[-55.1141297,-10.7440248]],[[-55.1141297,-10.7440248],[-55.1535153,-10.7352531]],[[-55.1535153,-10.7352531],[-55.1635868,-10.7396501],[-55.1727363,-10.7605785]],[[-55.1695852,-10.7691337],[-55.1684651,-10.778464],[-55.1720922,-10.7849918],[-55.1754486,-10.7870144],[-55.1857022,-10.7893074]],[[-55.2627129,-10.8703263],[-55.2742471,-10.8746927]],[[-54.921039,-11.1579437],[-54.9215972,-11.1943901]],[[-54.7007306,-11.2547869],[-54.6859363,-11.2554794]],[[-54.6859363,-11.2554794],[-54.6731724,-11.2477638],[-54.6675084,-11.228261],[-54.6489279,-11.2251932],[-54.647963,-11.2054547],[-54.6223134,-11.2082315],[-54.6093233,-11.1949221]],[[-54.6093233,-11.1949221],[-54.6052767,-11.1808271]],[[-54.6074426,-11.1837076],[-54.6206009,-11.180964],[-54.634975,-11.16868],[-54.6387518,-11.1642016],[-54.6425381,-11.1522228]],[[-54.6150906,-10.5966019],[-54.6057609,-10.5909827]],[[-54.6057609,-10.5909827],[-54.6052851,-10.56661],[-54.615211,-10.5436086],[-54.6184291,-10.5421789],[-54.6230054,-10.5391863],[-54.6350864,-10.5351633]],[[-54.927929,-14.4203845],[-54.9297052,-14.419414]],[[-54.9297052,-14.419414],[-54.9343249,-14.4230581],[-54.9388997,-14.4298488],[-54.9564402,-14.4347679],[-54.959903,-14.4356828],[-54.9775728,-14.4398923],[-54.9892826,-14.4419492],[-54.9962069,-14.4445272],[-55.0059473,-14.4464654],[-55.0441196,-14.4429897],[-55.0931506,-14.4294005],[-55.1185939,-14.4536996],[-55.1145198,-14.4727183],[-55.1224076,-14.5091872],[-55.1371202,-14.5243841],[-55.1667735,-14.4955452],[-55.1908856,-14.4940603],[-55.2165651,-14.5092888],[-55.2047344,-14.5243576],[-55.2125265,-14.5364762],[-55.2069674,-14.5503993],[-55.2317264,-14.5619687],[-55.2573233,-14.5984948],[-55.2744126,-14.6146679],[-55.30958,-14.5968974],[-55.3557263,-14.5623424],[-55.3676544,-14.5685831],[-55.3821894,-14.5516427],[-55.3981193,-14.5556559],[-55.3950037,-14.5760976],[-55.4046368,-14.586749],[-55.3920396,-14.6024888],[-55.398304,-14.6227263],[-55.4114428,-14.6350088],[-55.4334956,-14.6441135],[-55.4500428,-14.6670444],[-55.4664309,-14.6639753],[-55.4677715,-14.6662247],[-55.4745938,-14.6763279],[-55.4852866,-14.709754],[-55.4911479,-14.7121807],[-55.4985276,-14.723229],[-55.5015024,-14.7242117],[-55.5053837,-14.7402341],[-55.5079639,-14.7429212],[-55.5298001,-14.7619681],[-55.5527295,-14.7677211]],[[-55.5527295,-14.7677211],[-55.5714634,-14.7791991]],[[-55.1099373,-15.1092841],[-55.0961773,-15.1045927],[-55.0946602,-15.1067075]],[[-54.7144622,-14.9595021],[-54.6974313,-14.9530573],[-54.6769321,-14.9352932]],[[-54.6769321,-14.9352932],[-54.6681395,-14.9273797],[-54.6467131,-14.91551],[-54.5592515,-14.8874576],[-54.5234984,-14.8823838],[-54.4983143,-14.8631027],[-54.4966117,-14.8418427],[-54.5101854,-14.8150544],[-54.5147221,-14.7927959],[-54.528291,-14.7795939]],[[-54.528291,-14.7795939],[-54.5717758,-14.7863889],[-54.5864163,-14.7907216],[-54.6071375,-14.778221],[-54.6140118,-14.7481755],[-54.611222,-14.7413943],[-54.6081379,-14.7346894],[-54.6110832,-14.7319756],[-54.6555025,-14.7497554],[-54.665307,-14.7627157],[-54.6789707,-14.7609636],[-54.6942899,-14.7804743],[-54.7185657,-14.7817241],[-54.7361855,-14.8027456],[-54.7473455,-14.796189],[-54.7837836,-14.7940903],[-54.8248777,-14.7961075],[-54.8564125,-14.7815893],[-54.9233097,-14.7939403],[-54.929797,-14.7679118],[-54.9376762,-14.7679535],[-54.9508423,-14.7382639],[-54.9233672,-14.7276472],[-54.9182557,-14.7109084],[-54.9268261,-14.6902857],[-54.9118887,-14.677203],[-54.9068968,-14.6515514],[-54.9294608,-14.5404089],[-54.9209953,-14.5188007],[-54.9050843,-14.4990495],[-54.901235,-14.472125],[-54.9114108,-14.4605053],[-54.9149013,-14.437677],[-54.927929,-14.4203845]],[[-55.70145,-10.2494434],[-55.7282477,-10.2325646],[-55.7329521,-10.2319536],[-55.7595339,-10.2372169],[-55.7791894,-10.2372492]],[[-56.0463402,-10.367694],[-56.0545112,-10.3659004],[-56.0639435,-10.340287]],[[-56.4337285,-10.682695],[-56.4251962,-10.6865949]],[[-56.4251962,-10.6865949],[-56.4166257,-10.6946599],[-56.4011032,-10.7815538],[-56.4084531,-10.8064562],[-56.4290418,-10.8228007],[-56.4458454,-10.8471047],[-56.4550246,-10.8457645],[-56.472387,-10.8625075],[-56.4995931,-10.8693268],[-56.5111342,-10.8824129],[-56.5218501,-10.9091359],[-56.5388297,-10.9262547],[-56.5705747,-10.9502035],[-56.5619075,-10.9725172],[-56.5693741,-10.9843308]],[[-56.5693741,-10.9843308],[-56.5907247,-11.0013521],[-56.5943891,-11.0076783],[-56.5959214,-11.0135335]],[[-56.5959214,-11.0135335],[-56.5917587,-11.0248829],[-56.5667318,-11.0419389],[-56.5318607,-11.062314],[-56.5086972,-11.0951125],[-56.4990306,-11.1010523],[-56.4797737,-11.0931518],[-56.4374193,-11.0865369],[-56.4005581,-11.1004255]],[[-56.4005581,-11.1004255],[-56.3209571,-11.0927051]],[[-55.9052966,-10.8456317],[-55.9043251,-10.8596647],[-55.9002998,-10.868272],[-55.8956071,-10.8710231],[-55.8862331,-10.8718625]],[[-55.6350664,-10.9671193],[-55.6252363,-10.9678918],[-55.6208803,-10.9665563],[-55.6111161,-10.9546615]],[[-55.6903091,-10.2493987],[-55.6957269,-10.2504694]],[[-56.7264718,-12.8336077],[-56.7294816,-12.8263603],[-56.7335643,-12.8219003],[-56.748097,-12.8200767],[-56.7559682,-12.8214815],[-56.7625405,-12.8294177]],[[-56.7625405,-12.8294177],[-56.7690667,-12.8340023],[-56.7732834,-12.834848]],[[-56.7732834,-12.834848],[-56.770076,-12.8368627],[-56.7644495,-12.8377667],[-56.7612856,-12.841134]],[[-56.7612856,-12.841134],[-56.7524457,-12.8678176],[-56.7538619,-12.8752457],[-56.7631169,-12.8854744],[-56.7645773,-12.8945431],[-56.7569101,-12.9011426],[-56.7625539,-12.907333]],[[-56.7625539,-12.907333],[-56.7548906,-12.9326878],[-56.7437292,-12.9512107]],[[-56.7437292,-12.9512107],[-56.7368947,-12.9590519]],[[-56.7368947,-12.9590519],[-56.7278027,-12.9637203],[-56.7299121,-12.9779773],[-56.7195695,-12.9884747],[-56.715828,-12.9985354],[-56.7277171,-13.0036323],[-56.7237486,-13.0260614],[-56.7409667,-13.0324145],[-56.7349045,-13.0495278],[-56.7362975,-13.0908468]],[[-56.7362975,-13.0908468],[-56.7439107,-13.0976862],[-56.7439758,-13.1016725],[-56.7252369,-13.1187903]],[[-56.7252369,-13.1187903],[-56.7321509,-13.127436],[-56.7239311,-13.1313193],[-56.7157687,-13.1525719],[-56.7129858,-13.1544052]],[[-56.7129858,-13.1544052],[-56.7048841,-13.1551365],[-56.7007013,-13.159176],[-56.6986678,-13.1647761],[-56.6902814,-13.1778265]],[[-56.6902814,-13.1778265],[-56.6883081,-13.1948306],[-56.6435591,-13.2536208],[-56.645915,-13.2812597],[-56.6312026,-13.3138669],[-56.6277412,-13.3384106],[-56.6122234,-13.3484763],[-56.6153942,-13.3747622],[-56.6088782,-13.3846435],[-56.6070713,-13.4037178],[-56.6022356,-13.4024947],[-56.590882,-13.4032635],[-56.5787229,-13.4169723],[-56.5777897,-13.4340287],[-56.5519259,-13.4434707],[-56.5328121,-13.4697885],[-56.5328518,-13.4970423],[-56.5232381,-13.51708],[-56.4906096,-13.5409069],[-56.4619012,-13.5688733],[-56.4352859,-13.5747478],[-56.4177432,-13.5877006],[-56.4254187,-13.6127283],[-56.3922665,-13.6559322],[-56.387691,-13.6895183],[-56.3865257,-13.7019854],[-56.3831209,-13.716478],[-56.3924805,-13.7380099],[-56.4109182,-13.7574377],[-56.4151212,-13.768184],[-56.4052628,-13.7868032],[-56.4084509,-13.8097361],[-56.4019368,-13.8239322],[-56.3978519,-13.826121],[-56.3985905,-13.828839],[-56.4010934,-13.8292535],[-56.4122343,-13.8348326]],[[-56.4122343,-13.8348326],[-56.4124185,-13.8471345]],[[-56.0308673,-14.2182067],[-56.0226029,-14.2233864]],[[-55.6217556,-14.0050749],[-55.615743,-14.0044141],[-55.5711589,-14.0239961]],[[-55.5711589,-14.0239961],[-55.4558218,-14.0968436]],[[-55.4558218,-14.0968436],[-55.4362569,-14.087025],[-55.448108,-14.0465339],[-55.4547198,-14.024346]],[[-55.4547198,-14.024346],[-55.4670401,-14.0077964],[-55.4757535,-14.005866],[-55.4796843,-14.0032514]],[[-55.4796843,-14.0032514],[-55.4933409,-13.9621024],[-55.5130605,-13.9544622],[-55.5258855,-13.9413392],[-55.535156,-13.8844859],[-55.5265428,-13.8641095],[-55.5280687,-13.8591168],[-55.5257142,-13.8324107],[-55.5282565,-13.8235413],[-55.5293807,-13.8152856],[-55.5314498,-13.8124401],[-55.5409017,-13.8053876],[-55.5517066,-13.7706688],[-55.543923,-13.7654207],[-55.5654742,-13.7419813],[-55.5653398,-13.736358],[-55.5634093,-13.7287637],[-55.5647813,-13.7214881],[-55.5690849,-13.7129769],[-55.5864554,-13.7092211],[-55.6057098,-13.6950027],[-55.6067479,-13.6572954],[-55.601451,-13.6457336],[-55.6088574,-13.6305395],[-55.6042632,-13.6098473],[-55.6190197,-13.5875069],[-55.6255468,-13.5627982],[-55.637166,-13.5542051],[-55.646909,-13.5309226],[-55.6487376,-13.5059563],[-55.6699741,-13.4879272],[-55.6726892,-13.4660641],[-55.6875425,-13.4516483],[-55.6898875,-13.4185526],[-55.6985255,-13.4129639],[-55.7395575,-13.3962372],[-55.747904,-13.3732661],[-55.7662306,-13.3501677],[-55.7676847,-13.3521814],[-55.7694406,-13.3481539],[-55.7693772,-13.3424512]],[[-55.7693772,-13.3424512],[-55.7712705,-13.3421358]],[[-55.7712705,-13.3421358],[-55.778377,-13.3369884],[-55.7825996,-13.3314829],[-55.7990922,-13.3345647],[-55.8115055,-13.3037513],[-55.8191648,-13.2970122],[-55.8286147,-13.2999879],[-55.8447216,-13.2871416],[-55.8531369,-13.2820253],[-55.8458506,-13.2799816],[-55.8462489,-13.2761474],[-55.8737209,-13.2565965]],[[-55.8737209,-13.2565965],[-55.8791596,-13.2566012]],[[-55.9770435,-13.4444062],[-55.975815,-13.4495608],[-55.9771528,-13.4534005],[-55.9904341,-13.4573383],[-56.0006361,-13.446046]],[[-56.6380039,-12.9688255],[-56.6333679,-12.9637556],[-56.6112184,-12.957191],[-56.5980682,-12.9557432],[-56.5957303,-12.9523173],[-56.5922825,-12.9512224],[-56.5811313,-12.9515732]],[[-56.5022602,-12.8832261],[-56.5414941,-12.8756909],[-56.5778276,-12.8831737],[-56.61305,-12.8777614],[-56.6396126,-12.8695146],[-56.6531786,-12.856828],[-56.7080353,-12.8471884],[-56.7264718,-12.8336077]],[[-57.0912032,-14.6162507],[-57.1109151,-14.6082104]],[[-57.1109151,-14.6082104],[-57.1075677,-14.6265352],[-57.1318933,-14.644778],[-57.1583478,-14.6566835],[-57.1701687,-14.6642463],[-57.2028401,-14.6433517],[-57.232677,-14.6467617],[-57.2443955,-14.6468954],[-57.266424,-14.6583557],[-57.266158,-14.6759036],[-57.2928654,-14.6844896]],[[-57.2928654,-14.6844896],[-57.2919343,-14.6913982],[-57.2972769,-14.7023537],[-57.2995237,-14.7027407],[-57.3147572,-14.6982837]],[[-57.3147572,-14.6982837],[-57.3369917,-14.6868864],[-57.369448,-14.6925192],[-57.3920522,-14.6997585],[-57.4097546,-14.7023398],[-57.4295285,-14.7220908],[-57.4309858,-14.7370565],[-57.4417474,-14.7397981],[-57.4726299,-14.7277542],[-57.4893076,-14.7335297],[-57.5178189,-14.7325776],[-57.5332811,-14.7579398],[-57.5496605,-14.7579999],[-57.5702229,-14.7469967],[-57.6140409,-14.7527969],[-57.6431642,-14.7795366],[-57.6546344,-14.7909803],[-57.6528107,-14.7863585],[-57.6554354,-14.7786004],[-57.6407849,-14.7675964],[-57.6312703,-14.733962],[-57.6070158,-14.7381788],[-57.628775,-14.7247356],[-57.6533059,-14.7377534],[-57.6606582,-14.7523903],[-57.6777459,-14.7576516],[-57.6879173,-14.7722549],[-57.7152807,-14.7742117],[-57.7278994,-14.8021977],[-57.7390743,-14.8090095],[-57.7498097,-14.8290183],[-57.7483929,-14.8615446],[-57.7697904,-14.8615923],[-57.7680416,-14.8800733],[-57.7616876,-14.899699]],[[-57.7616876,-14.899699],[-57.7479335,-14.9127462]],[[-57.6262129,-14.9257182],[-57.6146199,-14.9267645],[-57.6036056,-14.923954],[-57.5973446,-14.9185439],[-57.5933817,-14.9127952]],[[-57.4964393,-14.8778362],[-57.4836225,-14.8810224],[-57.4725928,-14.8765551],[-57.4619696,-14.8687658],[-57.4494212,-14.8727896]],[[-57.1826153,-14.8027264],[-57.1476493,-14.8021562],[-57.1514095,-14.7913203]],[[-57.1475152,-14.7177531],[-57.1369252,-14.6970665],[-57.1181341,-14.6792397]],[[-57.0857682,-14.6495636],[-57.0815167,-14.6438189],[-57.0912032,-14.6162507]],[[-55.2291708,-12.7370384],[-55.2424328,-12.6973728],[-55.2495807,-12.6874122]],[[-55.2610142,-12.6752226],[-55.277952,-12.6719709]],[[-55.277952,-12.6719709],[-55.2821848,-12.6822375],[-55.3068761,-12.6980449],[-55.3368936,-12.7322243],[-55.3639773,-12.7373907],[-55.3762354,-12.7493671],[-55.3862338,-12.7824844],[-55.3978358,-12.7997271],[-55.3739315,-12.8369739],[-55.3768952,-12.8562208]],[[-55.3768952,-12.8562208],[-55.4566691,-12.8562267],[-55.4565877,-12.8581978],[-55.4584973,-12.8578622],[-55.4519098,-12.8652385]],[[-55.4519098,-12.8652385],[-55.4432991,-12.8912212],[-55.4106982,-12.9216548],[-55.3724401,-12.9747769],[-55.3598169,-12.9793527],[-55.3514652,-12.9949541],[-55.3621366,-13.0123445],[-55.3538723,-13.0362377],[-55.3542573,-13.0599242],[-55.3406485,-13.0717822],[-55.3421334,-13.0893136],[-55.3264434,-13.0969475],[-55.2953406,-13.123358],[-55.297353,-13.1538356],[-55.3129749,-13.1664232],[-55.3229989,-13.1862989],[-55.3274072,-13.2151159],[-55.320602,-13.2363943],[-55.3201517,-13.2630071],[-55.3092309,-13.2853108],[-55.291999,-13.2865919],[-55.2754284,-13.3173197],[-55.2583101,-13.3205264],[-55.2444644,-13.3540388],[-55.1703412,-13.3535025],[-55.1753529,-13.3871653],[-55.1513666,-13.416616],[-55.1438769,-13.4332647],[-55.1451455,-13.456199],[-55.1379945,-13.4622772],[-55.1328351,-13.4894336],[-55.1226985,-13.5008032],[-55.1187436,-13.5246943]],[[-55.1187436,-13.5246943],[-55.0839011,-13.6662405],[-55.0834656,-13.6794223]],[[-55.0834656,-13.6794223],[-55.0985562,-13.6973625],[-55.0837439,-13.7169428],[-55.0787627,-13.7343914],[-55.0506377,-13.7467286],[-55.051191,-13.7717252],[-55.0325911,-13.7807665],[-55.0189347,-13.8045822],[-55.0021093,-13.8186315],[-55.0010471,-13.8487401],[-54.9723565,-13.8659543],[-54.9911364,-13.876732],[-55.0113785,-13.8760682],[-54.9921715,-13.8878941]],[[-54.9921715,-13.8878941],[-54.9743184,-13.8796683],[-54.9687888,-13.8819991],[-54.9615274,-13.8876623]],[[-54.9615274,-13.8876623],[-54.9181983,-13.8663856],[-54.8903102,-13.8630931],[-54.8730168,-13.8698995],[-54.8494233,-13.8644801],[-54.8375648,-13.890221],[-54.8040562,-13.9127717],[-54.7741024,-13.9140012],[-54.683587,-13.9044153],[-54.6784001,-13.8876128],[-54.6530556,-13.8836245],[-54.6308402,-13.8705017],[-54.6007004,-13.8639897],[-54.5970629,-13.8371785],[-54.6133809,-13.8199564],[-54.6172753,-13.8033273],[-54.6333857,-13.7888757],[-54.6433697,-13.7903617],[-54.6566788,-13.7685753],[-54.6600443,-13.7482546],[-54.6709294,-13.7286304],[-54.6621792,-13.6981213],[-54.6702665,-13.6817325],[-54.6652385,-13.668268],[-54.6779514,-13.628076],[-54.6642674,-13.6062266],[-54.6517775,-13.5757491],[-54.6523781,-13.5602263],[-54.6683752,-13.5362569],[-54.6663037,-13.510438],[-54.645409,-13.4923653],[-54.6538001,-13.4665012],[-54.6413967,-13.4362167],[-54.6287164,-13.4274428],[-54.6283099,-13.4062036],[-54.598336,-13.3879216],[-54.5894901,-13.3633825],[-54.573176,-13.3449987],[-54.5541359,-13.3388791],[-54.5442971,-13.3047988],[-54.539484,-13.2695807],[-54.5065582,-13.2478731],[-54.4785905,-13.2393648],[-54.4652856,-13.221949],[-54.4590632,-13.1952945],[-54.4657774,-13.1865574],[-54.4547226,-13.1700992],[-54.4362627,-13.1201393],[-54.4237731,-13.1113506],[-54.4216253,-13.0787449],[-54.4011048,-13.0620506],[-54.4089285,-13.0363905],[-54.4012761,-13.0166125],[-54.4066823,-13.0050721],[-54.3614487,-12.9737262],[-54.3681517,-12.9560242],[-54.3541842,-12.9531213],[-54.3523164,-12.9294813],[-54.3417328,-12.920424],[-54.3385155,-12.8977631],[-54.3259702,-12.8660782],[-54.3390287,-12.8477278],[-54.3313287,-12.8309764],[-54.3465585,-12.7690513],[-54.3419899,-12.7170268],[-54.3247086,-12.685294],[-54.325589,-12.6730588],[-54.3282574,-12.667358],[-54.3187647,-12.6534425],[-54.3178938,-12.6506014],[-54.3208777,-12.6304141],[-54.308771,-12.6130535],[-54.3110838,-12.6047873],[-54.3115264,-12.6010182],[-54.3081999,-12.5966924],[-54.3042595,-12.5857992],[-54.3015612,-12.582487],[-54.2969498,-12.5786465],[-54.2965215,-12.5741494],[-54.2884123,-12.5769762],[-54.2761607,-12.5660024],[-54.2719157,-12.5572555],[-54.2224396,-12.5385363],[-54.209067,-12.5253017],[-54.2066971,-12.5191199],[-54.1863085,-12.4951739],[-54.1824559,-12.4909709],[-54.1767623,-12.471335],[-54.1754444,-12.4382558],[-54.1558951,-12.4246877],[-54.1641378,-12.4146149],[-54.1300809,-12.358789],[-54.1053086,-12.3399031],[-54.0886333,-12.3464788],[-54.0710872,-12.3324207],[-54.075977,-12.3214989],[-54.0676866,-12.3030254],[-54.0441142,-12.2958383],[-54.0298163,-12.2743962],[-54.0189971,-12.2554896],[-54.0041434,-12.2597424],[-53.9964911,-12.2560947],[-53.9873254,-12.2495417],[-53.9817033,-12.22937],[-53.9829559,-12.2251738],[-53.969821,-12.2133295],[-53.9389376,-12.2163734],[-53.9309194,-12.2173392],[-53.9229277,-12.207324],[-53.9128376,-12.2090532],[-53.9106217,-12.2183464],[-53.9042775,-12.2298996],[-53.897369,-12.2311048],[-53.8952779,-12.2361376],[-53.8727016,-12.2349451],[-53.8650696,-12.2197257],[-53.8495863,-12.2139353],[-53.8449544,-12.201373],[-53.8412136,-12.1962119],[-53.8423985,-12.18384],[-53.8369089,-12.1776122],[-53.8320781,-12.1798458],[-53.8239601,-12.1778142],[-53.824336,-12.1723631],[-53.8070412,-12.1377799],[-53.7984781,-12.131872],[-53.7939386,-12.128002],[-53.7892524,-12.1106016],[-53.7790155,-12.0987296]],[[-53.7790155,-12.0987296],[-53.7824442,-12.0941543]],[[-52.7511832,-14.2284023],[-52.7590552,-14.2383237]],[[-52.814063,-14.7790301],[-52.8057119,-14.7756388]],[[-52.8057119,-14.7756388],[-52.7741904,-14.7797404],[-52.7705969,-14.7957538],[-52.7307999,-14.779562],[-52.712714,-14.7886047],[-52.7047249,-14.774044],[-52.6828766,-14.7768467],[-52.6708142,-14.7874376],[-52.6549121,-14.7826429],[-52.6648314,-14.8111952],[-52.6754396,-14.8296076],[-52.6725488,-14.831451],[-52.6757838,-14.853059]],[[-52.6757838,-14.853059],[-52.6776719,-14.8616596]],[[-52.0213097,-14.8046663],[-52.003511,-14.8009256]],[[-51.6920689,-14.5447466],[-51.6966144,-14.5188325]],[[-51.6966144,-14.5188325],[-51.6993512,-14.4984832],[-51.7011145,-14.4954951],[-51.7061421,-14.4958097],[-51.7090585,-14.4932284],[-51.7082679,-14.4841742]],[[-51.719458,-14.3722085],[-51.7323072,-14.3770728]],[[-52.0128315,-14.6090313],[-52.0116727,-14.6168843],[-52.0135494,-14.6254594],[-52.0140012,-14.6379044],[-52.0266307,-14.648375]],[[-52.3366958,-14.5376016],[-52.3333464,-14.5348848],[-52.3265592,-14.535375]],[[-55.9291272,-9.5965526],[-55.9338976,-9.6077394],[-55.9310066,-9.6168859],[-55.921861,-9.63261]],[[-55.8893835,-9.6774232],[-55.864221,-9.7220804],[-55.8536503,-9.7250874]],[[-55.8536503,-9.7250874],[-55.8322262,-9.7364609]],[[-55.6959746,-9.8496656],[-55.6810967,-9.8886864],[-55.6747044,-9.8977943],[-55.67093,-9.8987408],[-55.6565057,-9.8969503],[-55.6507934,-9.8928757]],[[-55.5607788,-10.0437037],[-55.5576299,-10.0570079]],[[-55.5576299,-10.0570079],[-55.5332097,-10.0752253],[-55.517829,-10.0995173],[-55.4973732,-10.0962459],[-55.4791486,-10.1252122],[-55.4564607,-10.124724],[-55.4175671,-10.163257],[-55.3768749,-10.1676283],[-55.3497294,-10.1876126],[-55.3330946,-10.1743427],[-55.2761324,-10.1472569],[-55.2662272,-10.1158965],[-55.2479991,-10.0947353],[-55.237056,-10.0989845],[-55.2291092,-10.1174849],[-55.2423921,-10.1315291]],[[-55.2423921,-10.1315291],[-55.2434913,-10.1341089],[-55.2421548,-10.1461463]],[[-55.1361869,-10.0490165],[-55.1378631,-10.0472122],[-55.1372663,-10.0449067],[-55.133635,-10.0449394]],[[-54.9955997,-9.5060968],[-54.9955852,-9.5053392],[-55.8671971,-9.4342796]],[[-57.405939,-11.4900691],[-57.4081063,-11.4938763]],[[-57.4081063,-11.4938763],[-57.4045044,-11.4971091],[-57.3999414,-11.498916],[-57.3988943,-11.5032433],[-57.3936748,-11.5042334],[-57.3844797,-11.5093754],[-57.3686173,-11.5219488],[-57.3595189,-11.5210409],[-57.3446038,-11.5231269],[-57.3076459,-11.5150748],[-57.2876607,-11.5053068],[-57.2618149,-11.4827412],[-57.2488978,-11.4600913]],[[-57.2488978,-11.4600913],[-57.2319477,-11.450447],[-57.2208019,-11.4380862],[-57.2187127,-11.4290173]],[[-57.2187127,-11.4290173],[-57.184079,-11.4287373],[-57.141627,-11.4556214],[-57.1252691,-11.4595989],[-57.0898201,-11.4416101],[-57.0647658,-11.4353868],[-57.0516473,-11.4411042],[-57.0348033,-11.4335097],[-57.0343534,-11.4168794],[-57.0321284,-11.4031754],[-57.0461954,-11.4004456],[-57.0594136,-11.3800986]],[[-57.0594136,-11.3800986],[-57.0594102,-11.3641024],[-57.0625876,-11.3471094],[-57.0681292,-11.3398293],[-57.071902,-11.3388572],[-57.0815674,-11.3423747]],[[-57.0815674,-11.3423747],[-57.0980039,-11.3445595],[-57.1176268,-11.3531457]],[[-57.1176268,-11.3531457],[-57.128965,-11.3526424],[-57.1370474,-11.3465987],[-57.1383716,-11.3442126],[-57.1368582,-11.3215603]],[[-57.1368582,-11.3215603],[-57.1390017,-11.3176557]],[[-57.1390017,-11.3176557],[-57.1507805,-11.3184127],[-57.1542541,-11.3125784]],[[-53.2916838,-14.8628466],[-53.3099497,-14.8745779],[-53.3490923,-14.9088021],[-53.357408,-14.9243162],[-53.3980424,-14.931744],[-53.4138981,-14.9303303],[-53.4304898,-14.9409353],[-53.4446088,-14.9606343],[-53.4551902,-15.0329956],[-53.4804547,-15.059368],[-53.5155032,-15.0545904],[-53.5101328,-15.0198557],[-53.5331663,-15.0073419],[-53.5706062,-14.9632387],[-53.5943409,-14.9982577],[-53.6069598,-15.0100139],[-53.6329688,-15.0455391],[-53.6785782,-15.0760889],[-53.7003398,-15.0819169],[-53.7024606,-15.0979863],[-53.7341816,-15.132963],[-53.7620426,-15.1207798],[-53.7859122,-15.123205],[-53.7971679,-15.1307139],[-53.8587047,-15.1046629],[-53.8696464,-15.0864928],[-53.9007167,-15.0888434],[-53.9248286,-15.0832409]],[[-53.9248286,-15.0832409],[-53.9261937,-15.0862373]],[[-53.9261937,-15.0862373],[-53.9384145,-15.1005859],[-53.9426779,-15.1274444],[-53.9383326,-15.1396842],[-53.94027,-15.1668579],[-53.9272311,-15.1827648],[-53.9494035,-15.2347901],[-53.9470589,-15.2480802],[-53.9348081,-15.2417829],[-53.914021,-15.2537639],[-53.9025285,-15.2596468]],[[-53.9025285,-15.2596468],[-53.888999,-15.2584852]],[[-53.888999,-15.2584852],[-53.8835652,-15.2639392],[-53.8753465,-15.2631805],[-53.8749579,-15.2488789],[-53.8569342,-15.2537189],[-53.8265165,-15.2621787],[-53.8187834,-15.2652697],[-53.8146419,-15.2657434],[-53.7971477,-15.2797197],[-53.7920936,-15.2875117],[-53.7843317,-15.3074377],[-53.7741342,-15.3075182],[-53.7426457,-15.3296337],[-53.7406555,-15.3388294],[-53.7378829,-15.341531],[-53.7329745,-15.3432908]],[[-53.2952578,-15.3210387],[-53.2971999,-15.3174257],[-53.2925349,-15.3117821],[-53.3003056,-15.3122928],[-53.3034338,-15.3045353],[-53.297407,-15.2951089]],[[-53.212055,-15.2229426],[-53.2004128,-15.2117711],[-53.1967024,-15.2122855],[-53.1947927,-15.2172203],[-53.191665,-15.2202844],[-53.1844342,-15.2224513]],[[-52.6917079,-14.8873477],[-52.6757838,-14.853059]],[[-52.8057119,-14.7756388],[-52.8150572,-14.7791698],[-52.8187311,-14.7768882]],[[-56.2723252,-9.4008437],[-56.6718827,-9.3673969],[-56.7083858,-9.3732067],[-56.7183325,-9.3838899],[-56.7542707,-9.4063641],[-56.7723236,-9.3909593],[-56.7755214,-9.3295274],[-56.785188,-9.3165637],[-56.8034149,-9.2674537],[-56.8201088,-9.2463404],[-56.8603337,-9.2316457],[-56.8723618,-9.2391627],[-56.9381871,-9.2304317],[-56.9522491,-9.2230836],[-56.9955493,-9.2338426],[-57.0226379,-9.2197009],[-57.0393269,-9.1970326],[-57.060846,-9.1907402]],[[-57.0563509,-9.5276875],[-57.0487039,-9.5313612]],[[-57.0487039,-9.5313612],[-57.0307029,-9.5403597],[-57.01948,-9.5520929],[-56.9811277,-9.5595557],[-56.9808422,-9.5732376],[-56.9660324,-9.5881569],[-56.941562,-9.5937795],[-56.9390527,-9.6194323],[-56.9266541,-9.6256131],[-56.9202153,-9.6479134],[-56.9269825,-9.66022],[-56.9148044,-9.670071],[-56.8967872,-9.7048492],[-56.8826817,-9.7245511],[-56.8901342,-9.7397273],[-56.8777848,-9.751263],[-56.8873217,-9.7719928],[-56.8665204,-9.7965774],[-56.8535,-9.7931938],[-56.8526291,-9.8034731],[-56.8663258,-9.8219907],[-56.8516564,-9.8524478],[-56.8803646,-9.8462493],[-56.9094154,-9.8709457],[-56.9079592,-9.8829953],[-56.8934457,-9.8927083],[-56.8964497,-9.9083889],[-56.9330156,-9.9321808]],[[-56.9330156,-9.9321808],[-56.9379765,-9.9362838]],[[-53.5475825,-11.9486237],[-53.5519352,-11.9546882]],[[-53.7271127,-12.0413822],[-53.7207715,-12.0498695],[-53.7229785,-12.0550143],[-53.7409057,-12.0619538]],[[-53.7516048,-12.0676514],[-53.7672792,-12.0911095],[-53.7790155,-12.0987296]],[[-54.9615274,-13.8876623],[-54.9718095,-13.8808475]],[[-54.9718095,-13.8808475],[-54.9663486,-13.8925902],[-54.9625296,-13.8953385],[-54.9676692,-13.9047611]],[[-54.9676692,-13.9047611],[-54.9744507,-13.9105789],[-54.9744864,-13.9291744],[-54.9699059,-13.9347947],[-54.9650899,-13.9379927]],[[-54.9650899,-13.9379927],[-54.9319321,-13.9638919],[-54.9110523,-13.9657955],[-54.9058473,-13.9881327],[-54.9189557,-13.9998515],[-54.9087858,-14.0233436],[-54.9154989,-14.0357922],[-54.9253112,-14.0274845],[-54.921419,-14.0595453],[-54.9268023,-14.0915967],[-54.8994546,-14.1088512],[-54.8910194,-14.1494129],[-54.8706159,-14.1683348],[-54.8737513,-14.1957416]],[[-54.8737513,-14.1957416],[-54.871974,-14.2226085]],[[-54.871974,-14.2226085],[-54.8505327,-14.2291538],[-54.8432003,-14.2591428],[-54.8179779,-14.2498888],[-54.808864,-14.2648458],[-54.8111168,-14.2781446],[-54.8165253,-14.2839807]],[[-54.8165253,-14.2839807],[-54.8079955,-14.2940161]],[[-54.8079955,-14.2940161],[-54.8002469,-14.2795537],[-54.791855,-14.2969488],[-54.7734807,-14.3216974],[-54.7436585,-14.3210867],[-54.7304204,-14.3227685],[-54.7150378,-14.3425476],[-54.7230908,-14.3212068],[-54.7086261,-14.3201911],[-54.6963774,-14.3507367],[-54.7056424,-14.3686455],[-54.6671547,-14.3834496],[-54.6585193,-14.3993865],[-54.6260376,-14.4106344],[-54.6203532,-14.3986207],[-54.59526,-14.3985617],[-54.5825352,-14.4109908],[-54.5831364,-14.4306491],[-54.5582426,-14.4342126],[-54.5598793,-14.4640125],[-54.5499858,-14.4764048],[-54.5159237,-14.4779826],[-54.5109695,-14.4903953],[-54.4761576,-14.4883498],[-54.4669062,-14.4737607],[-54.4577765,-14.4810784],[-54.4454972,-14.5096543],[-54.4295862,-14.5120766],[-54.4248669,-14.5136728],[-54.4290536,-14.5145569],[-54.4275163,-14.5179229],[-54.398704,-14.5317969],[-54.3892991,-14.5585163],[-54.3945451,-14.5807108],[-54.3941823,-14.5913919],[-54.3867194,-14.6091488],[-54.3856864,-14.6157191],[-54.382324,-14.6196699],[-54.3744342,-14.6326676],[-54.3304699,-14.6401092],[-54.3354707,-14.6820821],[-54.3375107,-14.7328167]],[[-54.3375107,-14.7328167],[-54.3250149,-14.7288718]],[[-54.3250149,-14.7288718],[-54.3228772,-14.7302194],[-54.309354,-14.7234512],[-54.2441276,-14.7065108],[-54.2114325,-14.6939137],[-54.2009021,-14.6888241],[-54.1854457,-14.6575763],[-54.1812433,-14.6525598],[-54.1446191,-14.644166],[-54.1336486,-14.6279038],[-54.1099517,-14.6156406],[-54.0959189,-14.6206439],[-54.0310916,-14.6051046],[-54.0157682,-14.613043],[-53.9960203,-14.6131636],[-53.9679746,-14.6039516],[-53.9535662,-14.6072448],[-53.9319307,-14.6194153],[-53.9203242,-14.6343835],[-53.8697886,-14.6200504],[-53.8317235,-14.6169138],[-53.7977008,-14.6285021],[-53.7956555,-14.6302901],[-53.7896962,-14.6331736],[-53.7828161,-14.6331141],[-53.7828584,-14.6342149]],[[-53.7828584,-14.6342149],[-53.7726598,-14.634324]],[[-53.7726598,-14.634324],[-53.7544331,-14.6261205],[-53.7499974,-14.6249145],[-53.7457621,-14.6223703],[-53.7215616,-14.6124679],[-53.6975708,-14.5753923],[-53.6827772,-14.5705209],[-53.6370017,-14.5672894],[-53.5970906,-14.5572779],[-53.5732506,-14.5393066],[-53.5574374,-14.5201757],[-53.5605715,-14.5006157],[-53.5511631,-14.4844402],[-53.5273638,-14.4623814],[-53.5168025,-14.4596559],[-53.4992096,-14.4412907],[-53.482196,-14.4134593],[-53.4674994,-14.4062456]],[[-53.4674994,-14.4062456],[-53.4662859,-14.4010077]],[[-53.2237529,-13.7801646],[-53.2271998,-13.7745689]],[[-50.6838723,-12.6480901],[-50.7013458,-12.6434599],[-50.704122,-12.5997995],[-50.6944285,-12.5926752],[-50.6738731,-12.6001196],[-50.669429,-12.5807652],[-50.6864785,-12.5692042],[-50.6637105,-12.5374332],[-50.659598,-12.5060873],[-50.6470935,-12.4855232],[-50.6530391,-12.4600739],[-50.6422632,-12.4525036],[-50.6235737,-12.4552838],[-50.618255,-12.4289922],[-50.6326753,-12.4171039],[-50.6268725,-12.384032],[-50.6445669,-12.345909],[-50.6378161,-12.325286],[-50.6489155,-12.2990896],[-50.6312602,-12.284883],[-50.6323402,-12.2686416],[-50.6464236,-12.2560953],[-50.6498196,-12.2400443],[-50.6437098,-12.222965],[-50.6813773,-12.2169497],[-50.6868718,-12.2021539],[-50.6791814,-12.1880779],[-50.6790353,-12.1553342],[-50.6708686,-12.1407806],[-50.6760295,-12.1238958],[-50.6672776,-12.0811688],[-50.6676227,-12.0645602],[-50.6815128,-12.0527765],[-50.6870762,-12.0356338],[-50.6778492,-12.0195134],[-50.682238,-11.9908876],[-50.6568339,-11.9668494],[-50.6547364,-11.9479861],[-50.6678955,-11.9277674],[-50.6591145,-11.9143181],[-50.640571,-11.9026897],[-50.6392882,-11.8845665],[-50.6653727,-11.8644579],[-50.6863045,-11.8589954],[-50.6880448,-11.825041],[-50.7005871,-11.8034665],[-50.7078612,-11.768234],[-50.7261737,-11.7260385]],[[-50.7261737,-11.7260385],[-50.7404505,-11.7397441],[-50.7245508,-11.7543705],[-50.7308516,-11.7661821],[-50.7410898,-11.7747648],[-50.7645091,-11.7858484],[-50.7644139,-11.8020406],[-50.7841762,-11.8125941],[-50.7915897,-11.812544],[-50.8001653,-11.8136766]],[[-50.8001653,-11.8136766],[-50.8169072,-11.8389751]],[[-50.8169072,-11.8389751],[-50.8194389,-11.8452188],[-50.826544,-11.8559882],[-50.8307413,-11.8654037],[-50.8445712,-11.8793418],[-50.844633,-11.9043678],[-50.8479262,-11.9101261],[-50.8555976,-11.9288572],[-50.8564594,-11.952602],[-50.8715295,-11.9752098],[-50.8775707,-11.9788774],[-50.8745807,-12.0020095],[-50.912654,-12.0424753],[-50.92196,-12.0612635],[-50.9501911,-12.083753],[-50.9415513,-12.0994729],[-50.96033,-12.1072715],[-50.9826658,-12.1029956],[-51.008946,-12.1215858],[-51.0466055,-12.1213077],[-51.0658931,-12.1167558],[-51.0822762,-12.0908448]],[[-51.0822762,-12.0908448],[-51.0847332,-12.0836384]],[[-51.0847332,-12.0836384],[-51.0924954,-12.0798182],[-51.0998607,-12.0771747],[-51.1093535,-12.0739248],[-51.1321376,-12.0709287],[-51.1643677,-12.0963399],[-51.1834923,-12.0976241],[-51.1982324,-12.1062033],[-51.2215529,-12.1101529],[-51.2377882,-12.1092686],[-51.2390965,-12.1141094],[-51.3061355,-12.1704716],[-51.3094703,-12.2204093],[-51.3041052,-12.22061],[-51.3010841,-12.2301861],[-51.2895378,-12.2515222],[-51.2951997,-12.2669537],[-51.3029954,-12.2826096],[-51.3016173,-12.3003648]],[[-51.3016173,-12.3003648],[-51.3105549,-12.3192259],[-51.3055318,-12.3282739]],[[-51.3055318,-12.3282739],[-51.2895898,-12.3464681]],[[-51.2895898,-12.3464681],[-51.2791429,-12.347246]],[[-51.1303475,-12.4331062],[-51.1282525,-12.4332476]],[[-51.1282525,-12.4332476],[-51.1233607,-12.4321128],[-51.1151062,-12.4264149],[-51.0907968,-12.4360229],[-51.0773766,-12.4198902],[-51.0678397,-12.4111099],[-51.0593451,-12.4167731],[-51.0481854,-12.4159164],[-51.0395622,-12.4078739],[-51.0224717,-12.4025181],[-51.0224431,-12.4064013],[-51.0189453,-12.4074864],[-51.012278,-12.4046025],[-50.9921743,-12.4042457],[-50.9771242,-12.4112056],[-50.9880445,-12.4406163],[-50.987301,-12.4650058]],[[-50.987301,-12.4650058],[-50.9942311,-12.4835656],[-50.9931223,-12.4917414],[-50.9907048,-12.4937783],[-50.9823481,-12.4957199]],[[-50.9823481,-12.4957199],[-50.9844611,-12.5150411],[-50.9775079,-12.5268759],[-50.9559014,-12.5319427],[-50.9490676,-12.5460196],[-50.9611136,-12.5623403],[-50.9468369,-12.5788443],[-50.9452474,-12.5908605],[-50.9242368,-12.6258089],[-50.932855,-12.6382084],[-50.9340923,-12.6619554],[-50.923004,-12.6757087]],[[-50.923004,-12.6757087],[-50.9225757,-12.6828471],[-50.9251931,-12.6849886],[-50.9370904,-12.6842748],[-50.942468,-12.6878916],[-50.9454821,-12.6928391]],[[-54.1072603,-16.4802478],[-54.1075532,-16.494138],[-54.1292847,-16.524211]],[[-54.1292847,-16.524211],[-54.1311067,-16.5573751],[-54.1083635,-16.6140813],[-54.1276566,-16.6265448],[-54.1494634,-16.6125367],[-54.1894381,-16.628006],[-54.2305567,-16.6132048],[-54.2641695,-16.5802165],[-54.2859785,-16.5882942],[-54.3030077,-16.5800746],[-54.3101175,-16.5924033],[-54.3172521,-16.5882836],[-54.3233824,-16.5846149],[-54.3305293,-16.5815435]],[[-54.3305293,-16.5815435],[-54.333017,-16.5801203]],[[-54.333017,-16.5801203],[-54.3361576,-16.5864229],[-54.3368798,-16.5934486],[-54.3466351,-16.611311],[-54.3566489,-16.6150601],[-54.4206014,-16.6034537],[-54.4328622,-16.5970096]],[[-54.4328622,-16.5970096],[-54.4531043,-16.5976581],[-54.460218,-16.595198],[-54.4687998,-16.5905354],[-54.4779669,-16.5875269]],[[-54.4779669,-16.5875269],[-54.4968386,-16.5605029],[-54.5122594,-16.5677555],[-54.526517,-16.5667295],[-54.5280441,-16.5841236],[-54.5394895,-16.5923571]],[[-54.5394895,-16.5923571],[-54.5468178,-16.5968893],[-54.5537209,-16.6094925],[-54.5481579,-16.6264985]],[[-54.5481579,-16.6264985],[-54.5449719,-16.6271373]],[[-54.5449719,-16.6271373],[-54.5400641,-16.635539],[-54.5396911,-16.6421871],[-54.5468053,-16.6519408],[-54.553166,-16.653172]],[[-54.553166,-16.653172],[-54.5679365,-16.6624693],[-54.5815977,-16.6693986],[-54.5885015,-16.6775963],[-54.5879276,-16.6813216]],[[-54.5879276,-16.6813216],[-54.5992404,-16.7034185],[-54.5991613,-16.7051626],[-54.595754,-16.7062793],[-54.5901455,-16.7120874]],[[-54.5901455,-16.7120874],[-54.598509,-16.7303387],[-54.5865844,-16.7564704],[-54.58248,-17.0783425]],[[-54.58248,-17.0783425],[-54.5736794,-17.0773481]],[[-54.1983174,-17.0450912],[-54.1917867,-17.0320626],[-54.1811345,-17.0270973],[-54.1740866,-17.0284464]],[[-54.0168663,-16.9335209],[-54.016888,-16.9256881]],[[-53.8692417,-16.7621924],[-53.8585446,-16.7512077]],[[-52.6218877,-9.6828053],[-53.0004717,-9.6552689],[-53.5884428,-9.6110503],[-53.589101,-9.6199019]],[[-54.9790367,-10.1396114],[-54.9825542,-10.1361693],[-54.99309,-10.1346943],[-55.0004782,-10.1363559],[-55.0085609,-10.1439942]],[[-55.1461663,-10.2238438],[-55.1539337,-10.2258038]],[[-55.1539337,-10.2258038],[-55.03285,-10.30268],[-54.7209883,-10.4127415]],[[-54.7209883,-10.4127415],[-54.7107014,-10.4184822],[-54.6992643,-10.4249795],[-54.6930124,-10.4188547]],[[-54.6930124,-10.4188547],[-54.6646717,-10.4298091],[-54.6614531,-10.4339797],[-54.6630888,-10.438763]],[[-54.6630888,-10.438763],[-54.6668244,-10.4539499],[-54.6530116,-10.465893],[-54.6524718,-10.4794484],[-54.6491387,-10.4878723],[-54.6489195,-10.4917636],[-54.6474385,-10.5153363],[-54.6451825,-10.5165582]],[[-54.6451825,-10.5165582],[-54.6350864,-10.5351633]],[[-54.6057609,-10.5909827],[-54.6068844,-10.5934579]],[[-54.0897042,-10.4469171],[-54.0816215,-10.4479321],[-54.0775677,-10.4501315],[-54.0396966,-10.4942958]],[[-53.0983608,-10.7775577],[-53.0981816,-10.7536249]],[[-53.0981816,-10.7536249],[-53.0831811,-10.7034917],[-53.0949321,-10.6863405],[-53.091864,-10.6470541],[-53.0524024,-10.6096192],[-53.0532993,-10.5859077],[-53.0879261,-10.5658373],[-53.0826352,-10.5454604],[-53.083007,-10.4997573],[-53.0670081,-10.4607967]],[[-53.0670081,-10.4607967],[-53.0610908,-10.4183402],[-53.0572001,-10.4012614],[-53.0459411,-10.3641773]],[[-53.0459411,-10.3641773],[-53.02144,-10.3228289],[-53.0049434,-10.313723]],[[-53.0049434,-10.313723],[-52.9857867,-10.3165747],[-52.9700195,-10.3118889],[-52.9589262,-10.302457]],[[-52.9589262,-10.302457],[-52.9542521,-10.2735988]],[[-52.9542521,-10.2735988],[-52.9712608,-10.2545634],[-52.9728847,-10.2451846],[-52.9691581,-10.2344238]],[[-52.9691581,-10.2344238],[-52.9788691,-10.224709],[-52.9784976,-10.1758236],[-52.9850329,-10.1554269],[-52.998474,-10.1548826],[-53.0033357,-10.132992],[-52.9913551,-10.1082386],[-52.9957061,-10.0843545],[-52.9917036,-10.0709605],[-52.9794032,-10.0561],[-52.955824,-10.0426293],[-52.9433874,-10.026122]],[[-52.9433874,-10.026122],[-52.9191502,-10.0037089],[-52.9125115,-9.9999255],[-52.8998051,-9.9967846]],[[-52.8998051,-9.9967846],[-52.8916048,-9.982875],[-52.8879081,-9.9572644],[-52.8689137,-9.9488484],[-52.8584307,-9.9198078],[-52.8241662,-9.9052677],[-52.7987392,-9.8803559],[-52.7760016,-9.8325203],[-52.7464593,-9.8173736],[-52.7334881,-9.8043032],[-52.7138368,-9.8064452],[-52.6868265,-9.7904741],[-52.6570239,-9.7819381],[-52.6301239,-9.7309939],[-52.6312911,-9.6974757],[-52.6218877,-9.6828053]],[[-54.8079955,-14.2940161],[-54.8150147,-14.2940472]],[[-54.8150147,-14.2940472],[-54.8206763,-14.2968376],[-54.8310992,-14.3188105],[-54.856829,-14.3268062],[-54.8559138,-14.3527197],[-54.8621998,-14.3569706],[-54.8626758,-14.36205],[-54.8653392,-14.3671139],[-54.8711979,-14.3849987],[-54.8922133,-14.3977469],[-54.8978684,-14.4020369],[-54.9009816,-14.3976262],[-54.9024838,-14.3995248],[-54.9238564,-14.4131832]],[[-54.9238564,-14.4131832],[-54.927929,-14.4203845]],[[-54.528291,-14.7795939],[-54.5190136,-14.7803286],[-54.5046214,-14.783841],[-54.487916,-14.7797618]],[[-54.487916,-14.7797618],[-54.4303138,-14.7601096]],[[-54.4303138,-14.7601096],[-54.4001162,-14.7635359],[-54.3942887,-14.7614343],[-54.3832038,-14.7539372]],[[-54.3832038,-14.7539372],[-54.3720999,-14.7480401]],[[-54.3720999,-14.7480401],[-54.3472872,-14.744014],[-54.3415173,-14.7346141]],[[-54.3415173,-14.7346141],[-54.3375107,-14.7328167]],[[-57.007454,-15.8037084],[-57.0137448,-15.8115427]],[[-57.692718,-17.6270095],[-57.6793876,-17.6577009],[-57.6717799,-17.6641124],[-57.6797986,-17.6834825],[-57.6846131,-17.7164815],[-57.6635542,-17.7298538],[-57.6403039,-17.7173593],[-57.6231109,-17.736359],[-57.6093088,-17.7975415],[-57.6023611,-17.8048678],[-57.5763315,-17.8005284],[-57.5520038,-17.8282053],[-57.5310279,-17.8391135],[-57.5347769,-17.8536338],[-57.5093604,-17.8638881],[-57.4852744,-17.8622281],[-57.4619356,-17.8985358],[-57.4459197,-17.8919683],[-57.4467253,-17.8745041],[-57.4262763,-17.856396],[-57.4097521,-17.8539153],[-57.3680807,-17.8261992],[-57.3534564,-17.8378584],[-57.3252263,-17.8291508],[-57.3113845,-17.8178245],[-57.2837729,-17.8129128],[-57.2648357,-17.8203496],[-57.2454666,-17.8063147],[-57.2271374,-17.7827847],[-57.2042483,-17.7892519],[-57.1748515,-17.7762386],[-57.15594,-17.7784118],[-57.1467441,-17.7675051],[-57.1209426,-17.780164],[-57.0985808,-17.7704176],[-57.0931034,-17.7536734],[-57.0739121,-17.7354635],[-57.0449146,-17.7303213],[-57.0333769,-17.6947411],[-57.0192699,-17.6921665],[-57.0132748,-17.6724294],[-56.9882191,-17.65929],[-56.9838501,-17.6418931],[-56.9591079,-17.6128389],[-56.9814111,-17.6110155],[-56.9734925,-17.5803843],[-56.9503793,-17.5686349],[-56.9449609,-17.5529495],[-56.9175445,-17.5413551],[-56.8759675,-17.5329722],[-56.8502388,-17.4867813],[-56.8454081,-17.4624442],[-56.8254896,-17.4530866],[-56.8409099,-17.4420086],[-56.824407,-17.4230789],[-56.8313544,-17.4097369],[-56.8297428,-17.3913258],[-56.8044112,-17.386628],[-56.7910296,-17.3910659],[-56.7843122,-17.3686531],[-56.7674608,-17.3645847],[-56.7577944,-17.3266929],[-56.7387664,-17.3244993],[-56.7232719,-17.3084796]],[[-56.3053922,-16.4036109],[-56.3004369,-16.393237]],[[-56.2601546,-16.3326284],[-56.2589272,-16.3292415],[-56.2522096,-16.3256949],[-56.2516859,-16.3223402],[-56.2476949,-16.3158005],[-56.2482931,-16.2992777]],[[-56.5195296,-15.813722],[-56.5142931,-15.7939457],[-56.5096666,-15.7908986],[-56.5031949,-15.7891581],[-56.497203,-15.7901186]],[[-53.0270516,-15.7382587],[-53.0411724,-15.7378393]],[[-53.0411724,-15.7378393],[-53.0424085,-15.7440059],[-53.0454147,-15.7436823],[-53.0417359,-15.7544788],[-53.0441918,-15.7640337],[-53.0494985,-15.7698417],[-53.0376816,-15.7750549],[-53.0311085,-15.8067621],[-53.0296785,-15.8135378],[-53.0287409,-15.8311723],[-53.0318303,-15.8405682],[-53.032374,-15.8478702],[-53.0342685,-15.8563709],[-53.043087,-15.8647844],[-53.0541676,-15.8716807],[-53.0602595,-15.8800971],[-53.0715848,-15.8951672],[-53.0778844,-15.9098178],[-53.076008,-15.9152166],[-53.07375,-15.9243801],[-53.0562814,-15.9398042],[-53.0523547,-15.9584007]],[[-53.0523547,-15.9584007],[-53.0566431,-15.960542]],[[-52.9968152,-16.1253878],[-52.9763104,-16.1299663]],[[-52.9763104,-16.1299663],[-52.9372803,-16.1350653],[-52.8961456,-16.1263801],[-52.8799495,-16.1014495],[-52.8909299,-16.0811081],[-52.8766535,-16.0591424],[-52.8650957,-16.0549979],[-52.8577886,-16.0504209],[-52.8479028,-16.0405576],[-52.8200392,-16.0268229],[-52.8201662,-16.0374429],[-52.8076134,-16.0356799],[-52.7893887,-16.0501135],[-52.7804229,-16.0714731],[-52.7592775,-16.0806729],[-52.7554245,-16.0922272],[-52.7155697,-16.0827095],[-52.6943773,-16.0978838],[-52.6693725,-16.0855518],[-52.6395823,-16.0972316],[-52.6249419,-16.1124427],[-52.61292,-16.1071024],[-52.6069965,-16.0999124],[-52.5799297,-16.0958777],[-52.5765512,-16.0778266],[-52.5658908,-16.0708874],[-52.5581295,-16.0725952],[-52.4869901,-16.0906792],[-52.4841207,-16.1035137],[-52.4760716,-16.1114037],[-52.4727867,-16.1197021]],[[-52.4727867,-16.1197021],[-52.4623013,-16.1279625],[-52.4395408,-16.1100841],[-52.3988793,-16.0933424],[-52.372894,-16.0981299],[-52.367252,-16.0833084],[-52.3503527,-16.0840538],[-52.3284983,-16.0704034],[-52.3240427,-16.0378143],[-52.3108158,-16.0070365],[-52.28913,-15.9794146],[-52.2903395,-15.9655473],[-52.266918,-15.9477238],[-52.2568953,-15.9308847],[-52.2599012,-15.9041304]],[[-52.7368748,-15.7238431],[-52.7527536,-15.7217708],[-52.7597198,-15.7322653],[-52.7665846,-15.7348804],[-52.7766854,-15.7334214],[-52.7850933,-15.7220692]],[[-53.1618638,-16.5387895],[-53.1626697,-16.5431064]],[[-53.1510287,-16.579524],[-53.1303254,-16.585671]],[[-52.9139525,-16.8127245],[-52.9068778,-16.7985519],[-52.8927581,-16.7940898],[-52.8844177,-16.7764073],[-52.8673404,-16.7812416],[-52.8594506,-16.7685953],[-52.8293704,-16.7701427],[-52.8081932,-16.7422776],[-52.7925243,-16.7401439],[-52.7856585,-16.714447],[-52.7640304,-16.6979826],[-52.7590414,-16.6711255],[-52.7410747,-16.6520897],[-52.7339426,-16.6331757],[-52.7149919,-16.6387918],[-52.730903,-16.5988931],[-52.7461205,-16.5809564]],[[-52.7461205,-16.5809564],[-52.7491431,-16.5791965],[-52.7607975,-16.5795178],[-52.7686178,-16.6019859],[-52.7996332,-16.6012339],[-52.8014365,-16.6084887],[-52.8468701,-16.613169],[-52.8683105,-16.6187629],[-52.8929233,-16.606306],[-52.9347123,-16.614212],[-52.9419091,-16.5760868]],[[-52.9419091,-16.5760868],[-52.9538026,-16.5705639]],[[-52.9538026,-16.5705639],[-52.9800627,-16.5536863],[-53.0061375,-16.5511944],[-53.0351178,-16.5583061],[-53.0523221,-16.5448213],[-53.0796362,-16.5463959],[-53.071406,-16.5296793],[-53.0930466,-16.5299327],[-53.0934775,-16.5324049],[-53.1036818,-16.5333685],[-53.1397096,-16.5399917],[-53.1532729,-16.5406221],[-53.1605787,-16.5372341],[-53.1618638,-16.5387895]],[[-59.0955777,-14.6658715],[-59.1082766,-14.6630059]],[[-59.1418436,-14.7620841],[-59.1758008,-14.7867348]],[[-59.3484365,-14.9127812],[-59.3700369,-14.9281824],[-59.3667773,-14.9419759]],[[-59.3667773,-14.9419759],[-59.3665084,-14.9511847],[-59.3677742,-14.9540179],[-59.3962739,-14.9626993]],[[-59.4726853,-16.1473906],[-59.4805245,-16.1203183],[-59.519347,-16.1086492]],[[-59.519347,-16.1086492],[-59.5253404,-16.095816],[-59.5277364,-16.0858933],[-59.5266835,-16.0730001],[-59.5248808,-16.069462],[-59.5019419,-16.0513508]],[[-59.5019419,-16.0513508],[-59.4882919,-16.0477497],[-59.4636279,-16.0590368],[-59.4161207,-16.0686637],[-59.4008443,-16.0610409],[-59.3978195,-16.0251616],[-59.3939313,-16.0083456],[-59.3719134,-15.9947625],[-59.3521267,-15.9753572],[-59.3162344,-15.9584981],[-59.2876082,-15.9052618],[-59.2822802,-15.8840604],[-59.2611917,-15.8667303],[-59.250042,-15.8451784],[-59.2048246,-15.7739912],[-59.1911319,-15.7602388],[-59.1658895,-15.7463515],[-59.1517875,-15.7159527],[-59.1546752,-15.6677889],[-59.166898,-15.6335312],[-59.1381717,-15.6325222],[-59.115663,-15.6171775],[-59.1172627,-15.5927777],[-59.0986328,-15.4997712],[-59.0877528,-15.4776515]],[[-59.0877528,-15.4776515],[-59.1034509,-15.4447181],[-59.1042993,-15.4403993],[-59.1285942,-15.4209895]],[[-59.1285942,-15.4209895],[-59.1392728,-15.4037671],[-59.1784822,-15.3822524],[-59.1970167,-15.3668144],[-59.1933564,-15.3318369],[-59.1612625,-15.3202638],[-59.182119,-15.2991057],[-59.2127799,-15.2926001],[-59.221596,-15.2486886],[-59.1738756,-15.270195],[-59.1564525,-15.2473754],[-59.1489449,-15.2290818],[-59.1182632,-15.2320771],[-59.1004423,-15.2175112],[-59.0593678,-15.231195],[-59.0461575,-15.2445643],[-59.0193473,-15.2440785],[-59.0132555,-15.2282661],[-59.0087931,-15.1914399],[-58.9900186,-15.164422],[-58.9853396,-15.1417724],[-58.9670811,-15.1305654],[-58.9697865,-15.1076107],[-58.9837356,-15.0858864],[-58.9932742,-15.0585646],[-59.0184247,-15.0492832],[-59.0291658,-15.0339699]],[[-59.0291658,-15.0339699],[-59.0345527,-15.0253909],[-59.0432473,-14.9574016]],[[-59.0432473,-14.9574016],[-59.027739,-14.91857],[-59.0406084,-14.8169619]],[[-59.0406084,-14.8169619],[-59.0376048,-14.7638123],[-59.0270931,-14.7383018]],[[-59.0270931,-14.7383018],[-59.0278743,-14.7245716],[-59.0820347,-14.6658696]],[[-59.0820347,-14.6658696],[-59.0955777,-14.6658715]],[[-52.1798498,-10.488798],[-52.1874127,-10.4882809],[-52.1837887,-10.5219273],[-52.1940043,-10.5494214],[-52.1786391,-10.5592149],[-52.1955677,-10.5856771],[-52.1865232,-10.596749],[-52.1905497,-10.6237184],[-52.2046359,-10.6547966],[-52.184568,-10.6683659],[-52.1784153,-10.6779824],[-52.1901838,-10.6914819],[-52.1923499,-10.7109083],[-52.1710593,-10.7275981],[-52.171565,-10.7336546],[-52.1871983,-10.7375499],[-52.1789776,-10.747002],[-52.172465,-10.7848301],[-52.1867317,-10.7975308],[-52.1970504,-10.827304],[-52.1922037,-10.8569269],[-52.1803847,-10.8768646],[-52.1946357,-10.8952198],[-52.1858111,-10.9171582],[-52.1946125,-10.9304589]],[[-52.1946125,-10.9304589],[-52.1886276,-10.9381947]],[[-52.1544636,-10.9644243],[-52.1499854,-10.9761018],[-52.1427242,-10.981759],[-52.1122741,-10.9937648]],[[-51.7684905,-10.9367251],[-51.7550717,-10.9373112],[-51.7449885,-10.9400371],[-51.7349157,-10.9525601]],[[-51.4002669,-11.0239703],[-51.3928089,-11.0200809]],[[-51.343542,-10.9766812],[-51.3435928,-10.9751831],[-51.3398677,-10.9724327],[-51.3315198,-10.977832],[-51.3276436,-10.9855099]],[[-51.3276505,-11.0004193],[-51.33146,-11.0039191],[-51.3315073,-11.0060001],[-51.3246408,-11.0174302],[-51.3178346,-11.0179274],[-51.3050785,-11.0079123]],[[-51.0078184,-10.7663665],[-51.006237,-10.7643156],[-51.8174064,-10.7270631]],[[-52.1442314,-10.5094462],[-52.1581084,-10.5069071],[-52.1629732,-10.5027685],[-52.1683717,-10.4940345]],[[-57.0348315,-11.3732911],[-57.0557531,-11.3624953],[-57.0594136,-11.3800986]],[[-57.2187127,-11.4290173],[-57.2201362,-11.4371577],[-57.2306157,-11.4492322],[-57.2488978,-11.4600913]],[[-57.4081063,-11.4938763],[-57.4125426,-11.5004224]],[[-57.4073173,-11.7172775],[-57.4001228,-11.7237304],[-57.3923512,-11.7243646],[-57.3854033,-11.7227263],[-57.3743662,-11.714547]],[[-57.3743662,-11.714547],[-57.3706536,-11.7091411],[-57.3681676,-11.7086099],[-57.3642971,-11.710129],[-57.3592876,-11.7139091],[-57.3545507,-11.7212076],[-57.3528853,-11.7263308],[-57.3533434,-11.7311396]],[[-57.3533434,-11.7311396],[-57.3689051,-11.7433131],[-57.3507736,-11.7716853],[-57.3152965,-11.7542032],[-57.2791834,-11.7784442],[-57.2507632,-11.8040145],[-57.2365876,-11.8250951]],[[-57.2365876,-11.8250951],[-57.2131502,-11.8329286],[-57.2065701,-11.83651],[-57.1979181,-11.8438997],[-57.1947129,-11.8505373]],[[-57.1947129,-11.8505373],[-57.1949439,-11.8575198],[-57.187418,-11.8933692],[-57.1660577,-11.9315692],[-57.1620066,-11.9635591],[-57.1466333,-11.9890222]],[[-57.1466333,-11.9890222],[-57.1449192,-12.006688]],[[-56.701752,-11.9786575],[-56.689512,-11.9885569],[-56.6765406,-11.9854368]],[[-56.3890062,-12.1845605],[-56.3673827,-12.1743959]],[[-55.9664006,-11.6215081],[-55.9645448,-11.6159189]],[[-55.9645448,-11.6159189],[-56.0114107,-11.6249321],[-56.0498788,-11.6278244]],[[-56.0498788,-11.6278244],[-56.1301234,-11.6446259]],[[-56.1301234,-11.6446259],[-56.1900638,-11.6402148],[-56.2400532,-11.6228083]],[[-56.2400532,-11.6228083],[-56.2826338,-11.6025275],[-56.3127676,-11.5840123],[-56.3511967,-11.5755996],[-56.3872839,-11.5561413],[-56.4330438,-11.5477215],[-56.5366867,-11.5618496],[-56.578859,-11.5530915],[-56.6651945,-11.5220082],[-56.7612067,-11.5327971],[-56.7652697,-11.5173979],[-56.7578306,-11.493869],[-56.7680695,-11.4956376],[-56.7942153,-11.500831],[-56.845111,-11.4964702],[-56.8538461,-11.5076927]],[[-56.8538461,-11.5076927],[-56.859658,-11.5090619],[-56.8727047,-11.5049252],[-56.8850861,-11.4919948]],[[-56.8850861,-11.4919948],[-56.909702,-11.4868387],[-56.8918871,-11.4499022],[-56.8994015,-11.4171335],[-56.8899459,-11.3814112],[-56.8941726,-11.3684897],[-56.9389342,-11.3904759],[-56.9599666,-11.3844558]],[[-56.9599666,-11.3844558],[-56.9729251,-11.3844184],[-56.9916463,-11.3906672],[-57.0004919,-11.3878144]],[[-57.0004919,-11.3878144],[-57.0301372,-11.3888812],[-57.0340825,-11.3831245]],[[-57.0340825,-11.3831245],[-57.0348315,-11.3732911]],[[-58.7776208,-15.6432176],[-58.7999487,-15.6196689],[-58.8648312,-15.5976691],[-58.8988938,-15.5946738]],[[-59.0739331,-15.4839787],[-59.0858995,-15.4794985],[-59.0877528,-15.4776515]],[[-59.5019419,-16.0513508],[-59.5104289,-16.0599988],[-59.5263452,-16.0714248],[-59.5270457,-16.0899166],[-59.519347,-16.1086492]],[[-59.4691831,-16.2795799],[-58.7861909,-16.3068836]],[[-58.4107783,-15.8905589],[-58.3922562,-15.8797498]],[[-57.4911553,-15.6391466],[-57.4988429,-15.6514703]],[[-57.2955453,-15.821503],[-57.283515,-15.8280076],[-57.2792978,-15.8332415],[-57.2857141,-15.862051]],[[-57.2783267,-15.8578296],[-57.2719947,-15.8332553],[-57.2560139,-15.8021982]],[[-56.9828775,-15.4589065],[-56.964084,-15.4479723]],[[-56.964084,-15.4479723],[-56.9705648,-15.4410571],[-56.9836089,-15.4238845],[-56.9805462,-15.4204969],[-56.987651,-15.4129158],[-56.9805808,-15.3820884]],[[-53.888999,-15.2584852],[-53.9009068,-15.2729332]],[[-53.9009068,-15.2729332],[-53.922155,-15.2741662],[-53.9393654,-15.2818946],[-53.9472575,-15.2899841],[-53.9603477,-15.2958115],[-53.9732405,-15.3000125],[-54.0132017,-15.3119119],[-54.0205286,-15.322029],[-54.0345804,-15.3336643],[-54.034431,-15.3482691],[-54.0461699,-15.3785794],[-54.0582777,-15.3911712],[-54.0569434,-15.4107095],[-54.0445311,-15.433933],[-54.0330467,-15.468218],[-54.0291263,-15.5141723],[-54.0300687,-15.5421864],[-54.0466558,-15.5776945],[-54.049361,-15.5986697],[-54.044037,-15.615516],[-54.1310069,-15.6311027],[-54.1472474,-15.648089],[-54.1854338,-15.6758387],[-54.198605,-15.6650367],[-54.1712174,-15.6529491],[-54.1943457,-15.6406948],[-54.2253501,-15.6431933],[-54.2199963,-15.6231582],[-54.2220426,-15.5832546],[-54.2075279,-15.5640286],[-54.1918879,-15.5619998],[-54.1937802,-15.5423318],[-54.2029118,-15.5325959],[-54.2264446,-15.5450643],[-54.2550013,-15.570899],[-54.2655169,-15.5976765],[-54.2695415,-15.6254299],[-54.2879285,-15.6405502],[-54.3031859,-15.6442376],[-54.3154878,-15.6322934],[-54.3211157,-15.6105442],[-54.3330662,-15.6062951],[-54.3372092,-15.5858662],[-54.3640013,-15.5972459],[-54.39265,-15.5910355],[-54.4071885,-15.5822077],[-54.4321253,-15.591321],[-54.440501,-15.5848489],[-54.4665085,-15.5859672],[-54.4302017,-15.5597366],[-54.416365,-15.5206123],[-54.3998056,-15.5017895],[-54.3808019,-15.4962899],[-54.357753,-15.4547634],[-54.3478668,-15.4474575],[-54.3057689,-15.4384658],[-54.2776145,-15.4122032],[-54.2771329,-15.3780542],[-54.2603705,-15.3528252],[-54.2604575,-15.3330025],[-54.2880462,-15.3352577],[-54.3081955,-15.3259223],[-54.342838,-15.3495277],[-54.3610436,-15.3492587],[-54.3769607,-15.3702055],[-54.4037982,-15.3758163],[-54.4133837,-15.3823355],[-54.4131854,-15.3979595],[-54.4253771,-15.4115826],[-54.4411473,-15.4040311],[-54.4650306,-15.4029475],[-54.4904685,-15.4094501],[-54.4988651,-15.4028153]],[[-54.4988651,-15.4028153],[-54.5064812,-15.402216]],[[-54.6934749,-15.8889217],[-54.6959349,-15.8892551]],[[-54.6959349,-15.8892551],[-54.6806293,-15.8923208],[-54.6602078,-15.8915235],[-54.6188163,-15.8852954],[-54.6071258,-15.8994047],[-54.577097,-15.8812558]],[[-54.577097,-15.8812558],[-54.4575368,-15.9219684]],[[-54.4495473,-16.0055075],[-54.4752075,-16.0427649],[-54.4809829,-16.0777405],[-54.48516,-16.0874185],[-54.4834451,-16.0938946]],[[-54.4834451,-16.0938946],[-54.4831585,-16.1043595],[-54.4588334,-16.1345264],[-54.4192306,-16.1430194],[-54.4207875,-16.154884],[-54.4341023,-16.1862948],[-54.4502435,-16.1922769],[-54.4607211,-16.2158936],[-54.4626905,-16.2407973],[-54.4609824,-16.2452522],[-54.4377925,-16.2773451],[-54.4267741,-16.2677741],[-54.4073679,-16.2819057],[-54.388609,-16.3075481],[-54.389718,-16.3279215],[-54.3561351,-16.3338328],[-54.3484364,-16.3220104]],[[-54.3484364,-16.3220104],[-54.3311719,-16.3251096]],[[-54.3311719,-16.3251096],[-54.3206376,-16.3367675],[-54.3141317,-16.3404172],[-54.3076932,-16.3387895],[-54.3031143,-16.3310066],[-54.2978348,-16.3319743],[-54.2764397,-16.345033],[-54.2691786,-16.3306566],[-54.2500295,-16.3187401],[-54.2459502,-16.3207572],[-54.2324951,-16.3170563]],[[-54.2324951,-16.3170563],[-54.2206185,-16.3225235]],[[-53.8043632,-16.2099947],[-53.8053163,-16.1933936],[-53.8202317,-16.1829677],[-53.8217201,-16.1687433],[-53.8397947,-16.1493736],[-53.8547853,-16.1487549],[-53.858878,-16.1443053],[-53.8440452,-16.1151478],[-53.827324,-16.1135044],[-53.8182754,-16.0958073]],[[-53.8182754,-16.0958073],[-53.8095132,-16.0905837],[-53.8216875,-16.0675509]],[[-53.8216875,-16.0675509],[-53.8471626,-16.0584322],[-53.878848,-16.0036442],[-53.8617539,-16.0025592],[-53.8434416,-16.0115631],[-53.8358766,-16.0007473],[-53.8124266,-16.0013467],[-53.8062623,-15.985367],[-53.803794,-15.9555856],[-53.7842348,-15.9485186],[-53.796727,-15.9257709],[-53.7817655,-15.9239637],[-53.7795498,-15.9085066]],[[-53.7795498,-15.9085066],[-53.7661167,-15.8854039]],[[-54.3250149,-14.7288718],[-54.3415173,-14.7346141]],[[-54.3415173,-14.7346141],[-54.3483439,-14.7447489],[-54.3720999,-14.7480401]],[[-54.3832038,-14.7539372],[-54.3987164,-14.7632093],[-54.4130502,-14.7629025],[-54.4303138,-14.7601096]],[[-54.487916,-14.7797618],[-54.4970772,-14.7799526],[-54.5054387,-14.7839694],[-54.528291,-14.7795939]],[[-54.6769321,-14.9352932],[-54.6970439,-14.9527876],[-54.69683,-14.9640003]],[[-54.5506545,-15.3324952],[-54.5556226,-15.3587044],[-54.552173,-15.3660268],[-54.5541892,-15.368969],[-54.5536982,-15.3723948],[-54.5496381,-15.3751609],[-54.5437077,-15.3704037]],[[-54.5095983,-15.3965634],[-54.4988651,-15.4028153]],[[-53.9009068,-15.2729332],[-53.9025285,-15.2596468]],[[-53.9261937,-15.0862373],[-53.9305624,-15.0798299]],[[-53.9305624,-15.0798299],[-53.9407934,-15.0798893],[-53.9464024,-15.0731905],[-53.9416075,-15.0618145],[-53.943106,-15.0559713],[-53.9473099,-15.0387838],[-53.9394402,-15.0230292],[-53.9367001,-14.9982715],[-53.9473821,-14.9855043],[-53.9831316,-14.9655429],[-53.9846526,-14.9557066],[-54.0265644,-14.8982111],[-54.0829862,-14.8694334],[-54.0927306,-14.8250094],[-54.0757109,-14.8281522],[-54.0425459,-14.8191791],[-54.0179274,-14.7924785],[-53.9900269,-14.784583],[-53.9838207,-14.7714194],[-53.9110086,-14.746618],[-53.8878289,-14.7255421],[-53.8680108,-14.7212032],[-53.8617809,-14.7032869],[-53.8221261,-14.6733519],[-53.7950031,-14.6711258],[-53.7769322,-14.6441065],[-53.7771607,-14.6351969]],[[-53.7771607,-14.6351969],[-53.7828584,-14.6342149]],[[-53.2448425,-11.2110901],[-53.2567441,-11.2242542],[-53.2615516,-11.2322035],[-53.2601329,-11.2439266]],[[-53.2511735,-11.2638524],[-53.2546853,-11.2715453],[-53.2622187,-11.2762275],[-53.2800562,-11.281094]],[[-53.5486801,-11.9341878],[-53.5440402,-11.9377094]],[[-53.2157511,-12.2729934],[-53.211361,-12.2692101],[-53.192011,-12.2632002],[-53.1909095,-12.2641418],[-53.1880899,-12.2754205]],[[-53.007499,-12.539949],[-53.0087598,-12.5266573],[-53.0033281,-12.5191084],[-52.9988891,-12.5191159],[-52.9871699,-12.527817],[-52.9813965,-12.5372269]],[[-52.9375905,-12.5947902],[-52.9224928,-12.6033563],[-52.9175481,-12.6097044]],[[-52.1300669,-13.1083621],[-52.1193689,-13.100621]],[[-52.1193689,-13.100621],[-52.1227687,-13.0979821],[-52.133018,-13.0960321],[-52.1367131,-13.0696721],[-52.1290856,-13.0595565],[-52.1395978,-13.0378484],[-52.133055,-13.0035481],[-52.1442359,-12.9866967],[-52.1429697,-12.9676063],[-52.1307843,-12.9283489],[-52.1429224,-12.9038511],[-52.1393795,-12.8857386],[-52.1369256,-12.8727707],[-52.1359269,-12.8695194],[-52.1292198,-12.8646122],[-52.1155213,-12.8281897],[-52.1148969,-12.8153478],[-52.1197147,-12.788122],[-52.112398,-12.768334],[-52.1144976,-12.7308135],[-52.1219039,-12.7188861],[-52.1151747,-12.7074553],[-52.1106876,-12.7052814],[-52.1056438,-12.69015],[-52.1091601,-12.6654855],[-52.1049491,-12.6614378],[-52.0844412,-12.6385908],[-52.0672358,-12.6349106],[-52.0636684,-12.6244388],[-52.0603551,-12.6043259],[-52.057411,-12.6011964],[-52.0491519,-12.5751308],[-52.0522019,-12.5715468],[-52.0511947,-12.5765274],[-52.0542004,-12.5734604],[-52.0596029,-12.5688672],[-52.0552808,-12.5584229],[-52.0575415,-12.5538406],[-52.0538017,-12.5477595],[-52.0386913,-12.5087263],[-52.0479234,-12.4985904],[-52.0572701,-12.4695966],[-52.0506998,-12.4516766],[-52.0516515,-12.4213362],[-52.056458,-12.4176534],[-52.0593176,-12.4052008],[-52.051647,-12.3935564],[-52.0635717,-12.3590908],[-52.0610556,-12.3292678],[-52.0668638,-12.318597],[-52.0673119,-12.3093962],[-52.0627278,-12.3030055],[-52.0638503,-12.3001647],[-52.0626275,-12.29391]],[[-52.0626275,-12.29391],[-52.0691855,-12.2845812]],[[-52.1366238,-11.9841457],[-52.1215563,-11.9811678]],[[-52.2502522,-11.8287914],[-52.2492184,-11.8201796],[-52.2532098,-11.8136806],[-52.2699307,-11.7869874]],[[-52.2699307,-11.7869874],[-52.2720938,-11.7809598],[-52.275006,-11.7792244],[-52.2800486,-11.7799175],[-52.2896276,-11.7901343],[-52.2952978,-11.7897075]],[[-52.2952978,-11.7897075],[-52.2975593,-11.7742125],[-52.3207716,-11.7661325],[-52.3590234,-11.7445404],[-52.3623006,-11.7275799],[-52.410946,-11.7141813],[-52.4234221,-11.7253793],[-52.4361653,-11.7009837],[-52.4484638,-11.6979179],[-52.4623228,-11.7072527],[-52.4599872,-11.6930712],[-52.4592806,-11.6851952],[-52.4769189,-11.6857526],[-52.5046436,-11.6882037],[-52.5167709,-11.7076283],[-52.5411197,-11.6737979],[-52.5549719,-11.673161],[-52.5739697,-11.6816934],[-52.5711966,-11.6958474],[-52.5846241,-11.7039701],[-52.6067139,-11.6851269],[-52.6163007,-11.6938694],[-52.643923,-11.6772866],[-52.6511732,-11.6600428],[-52.6721418,-11.6509554],[-52.679026,-11.6745512],[-52.7087532,-11.6590345],[-52.7199598,-11.6382816],[-52.7561782,-11.6443687],[-52.7745096,-11.6310025],[-52.7883377,-11.6395452],[-52.8024786,-11.6278167],[-52.7944025,-11.6100357],[-52.8358975,-11.6047534],[-52.841692,-11.6186529],[-52.8592029,-11.6032939],[-52.8673844,-11.5860373],[-52.8987014,-11.5910946],[-52.9300355,-11.574823],[-52.9427794,-11.5918459],[-52.9454162,-11.6137955],[-52.9594551,-11.6081004],[-52.959571,-11.5690648],[-52.9751419,-11.5506474],[-52.9676001,-11.5299291],[-52.9653196,-11.5217132]],[[-52.9653196,-11.5217132],[-52.9791612,-11.5175859],[-52.9870336,-11.5194599],[-52.9948061,-11.5245068]],[[-52.9948061,-11.5245068],[-53.0142992,-11.5332239],[-53.0193181,-11.5184639],[-53.041666,-11.4912382],[-53.0420028,-11.4786342],[-53.0737523,-11.4525207],[-53.0946517,-11.4546125],[-53.1010058,-11.4401947],[-53.0975139,-11.4219736],[-53.0803556,-11.4163456],[-53.099884,-11.4045113],[-53.1087376,-11.4123105],[-53.120325,-11.3787951],[-53.1424202,-11.363745],[-53.1503026,-11.3509204],[-53.1824134,-11.328482],[-53.1998607,-11.308759],[-53.2140659,-11.2898999],[-53.2310806,-11.2834782],[-53.2310009,-11.2934169],[-53.241655,-11.28225],[-53.2355958,-11.2618777],[-53.2335842,-11.2692493],[-53.2286338,-11.2544834],[-53.2450548,-11.2203967],[-53.2448425,-11.2110901]],[[-58.2209427,-15.3535638],[-58.2210597,-15.3503831]],[[-58.2881629,-15.5253843],[-58.5814793,-15.5098287]],[[-58.5814793,-15.5098287],[-58.5801635,-15.510943]],[[-58.3131716,-15.7020794],[-58.2464512,-15.7088825]],[[-58.0874526,-15.3926996],[-58.0979048,-15.4026016],[-58.1052545,-15.4067951]],[[-58.1052545,-15.4067951],[-58.1135965,-15.4106152],[-58.1263802,-15.4135602],[-58.1401031,-15.4035514],[-58.1580063,-15.4044594],[-58.1703875,-15.3918384],[-58.1918211,-15.3862844],[-58.1937513,-15.3741286],[-58.2121396,-15.3656576],[-58.2209427,-15.3535638]],[[-58.3928282,-14.7097909],[-58.4796752,-14.6836122],[-58.4914409,-14.6856366],[-58.4939964,-14.6884489]],[[-58.4939964,-14.6884489],[-58.5156145,-14.7353203],[-58.526813,-14.7466789],[-58.5397783,-14.7451579],[-58.5535935,-14.7683808],[-58.5609596,-14.7751522],[-58.6080046,-14.8187583],[-58.6098965,-14.8273504],[-58.617492,-14.8281543],[-58.6190478,-14.8280763]],[[-58.6190478,-14.8280763],[-58.6203657,-14.8297758]],[[-58.7205704,-14.9893282],[-58.7224902,-14.9995321],[-58.5092316,-14.9999001]],[[-58.2892817,-15.1859495],[-58.2774899,-15.1844367]],[[-58.2774899,-15.1844367],[-58.2582771,-15.1505504]],[[-58.2582771,-15.1505504],[-58.261687,-15.126297],[-58.2609951,-15.1188329],[-58.2990485,-15.0831962],[-58.3126912,-15.0666332],[-58.31864,-15.0419749],[-58.3256761,-14.9607618],[-58.3417411,-14.9355973]],[[-58.3417411,-14.9355973],[-58.3459481,-14.9156202],[-58.3454805,-14.9125353],[-58.3361384,-14.8950237]],[[-58.3361384,-14.8950237],[-58.3184519,-14.8739964],[-58.3086206,-14.8471287],[-58.2968562,-14.8343582],[-58.2974358,-14.8142215]],[[-58.2974358,-14.8142215],[-58.3068042,-14.8042504]],[[-58.3068042,-14.8042504],[-58.3349604,-14.7996065],[-58.3438767,-14.7850558],[-58.3692501,-14.7785834],[-58.3721995,-14.7523909],[-58.401447,-14.742351],[-58.4012619,-14.7185042],[-58.3928282,-14.7097909]],[[-52.0640518,-12.2900413],[-52.0626275,-12.29391]],[[-52.1193689,-13.100621],[-52.1209948,-13.1089179]],[[-51.3808277,-13.4526804],[-51.3665472,-13.4350409]],[[-51.3216066,-13.3756487],[-51.3084116,-13.3656225],[-51.3055974,-13.3606619],[-51.3058017,-13.350971]],[[-51.3058017,-13.350971],[-51.3124117,-13.3465252],[-51.3174039,-13.3470535],[-51.3334823,-13.3558154]],[[-51.293193,-13.3142935],[-51.2745937,-13.3055069],[-51.2671829,-13.2952928],[-51.2625857,-13.2843399],[-51.2606955,-13.2739403],[-51.2617571,-13.2700179],[-51.2677069,-13.2615761],[-51.274639,-13.2555355],[-51.2749434,-13.2488909]],[[-51.0222155,-12.8797125],[-51.0074609,-12.8541322],[-51.0121603,-12.8261141]],[[-50.9956728,-12.7316736],[-50.9948162,-12.7272003],[-50.9902,-12.7221082],[-50.9657391,-12.7156837],[-50.9546984,-12.7081646],[-50.9493209,-12.7033581]],[[-50.9493209,-12.7033581],[-50.9445619,-12.6908897],[-50.939803,-12.6856549],[-50.934711,-12.6837513],[-50.9273822,-12.6850362],[-50.923004,-12.6840368],[-50.923004,-12.6757087]],[[-50.9823481,-12.4957199],[-50.9926845,-12.4925219],[-50.9943501,-12.486064],[-50.987301,-12.4650058]],[[-51.1282525,-12.4332476],[-51.130521,-12.4367595]],[[-52.6932979,-16.298392],[-52.7065669,-16.2982963],[-52.7238974,-16.3104962],[-52.7297365,-16.3305249],[-52.7435834,-16.3334072],[-52.7609844,-16.3524743],[-52.7726844,-16.356332],[-52.7767583,-16.3871936],[-52.7666193,-16.4106171],[-52.7787765,-16.4322224],[-52.8222805,-16.4470509],[-52.8367949,-16.4565337],[-52.8492249,-16.4759789],[-52.8692221,-16.4874198],[-52.8710805,-16.4977548],[-52.8943964,-16.5261985],[-52.9174918,-16.536375],[-52.9247459,-16.5523884],[-52.9335584,-16.5584989],[-52.9392108,-16.5626668]],[[-52.9392108,-16.5626668],[-52.9419091,-16.5760868]],[[-52.7461205,-16.5809564],[-52.7032115,-16.5963439],[-52.6901023,-16.5846052],[-52.6699981,-16.5823003],[-52.6729273,-16.5696264],[-52.6631217,-16.5513785],[-52.6268692,-16.5354756],[-52.6345036,-16.5133438],[-52.6316352,-16.5001506],[-52.6127559,-16.5017547],[-52.6060783,-16.4860242],[-52.6192182,-16.4463069],[-52.6386778,-16.4375587],[-52.6408295,-16.4178185],[-52.6516772,-16.408483],[-52.6745488,-16.4124041],[-52.687412,-16.3990005],[-52.6775955,-16.3799398],[-52.6926985,-16.3675206],[-52.6922087,-16.3483146],[-52.68258,-16.3441296],[-52.6932979,-16.298392]],[[-58.2774899,-15.1844367],[-58.279621,-15.1842517]],[[-58.2260017,-15.3420836],[-58.226011,-15.3482259],[-58.2205468,-15.3506696],[-58.2209427,-15.3535638]],[[-58.1052545,-15.4067951],[-58.1034966,-15.4062898]],[[-58.0885937,-15.3892961],[-58.0807202,-15.3311983],[-58.0468169,-15.3002581]],[[-57.9607827,-15.2213734],[-57.9848621,-15.2172202]],[[-57.9848621,-15.2172202],[-57.9955788,-15.2235587],[-58.0176137,-15.2222985],[-58.0371786,-15.2068644],[-58.0387733,-15.1921615],[-58.1359393,-15.1970461],[-58.143571,-15.1895163],[-58.148405,-15.1778381],[-58.1722567,-15.1797461],[-58.1979606,-15.161598],[-58.2066623,-15.160368],[-58.2365981,-15.1670873],[-58.2407751,-15.17024],[-58.2451695,-15.1701117],[-58.2542686,-15.1579582],[-58.2554902,-15.1530745],[-58.2582771,-15.1505504]],[[-54.7252633,-11.653907],[-54.7289632,-11.6543279]],[[-55.0619716,-11.6971585],[-55.0670568,-11.6969196]],[[-55.0670568,-11.6969196],[-55.0826319,-11.734196],[-55.1011411,-11.7498999],[-55.104518,-11.7879826],[-55.121337,-11.8045966],[-55.1702567,-11.8130367],[-55.1992836,-11.8080784],[-55.2178054,-11.8194237],[-55.2579658,-11.8644769],[-55.2713023,-11.9036069],[-55.3056532,-11.9144872],[-55.3238183,-11.9297527],[-55.3323158,-11.9490798],[-55.3791084,-11.9675782],[-55.3869692,-11.9920822],[-55.3795666,-12.0453301],[-55.383706,-12.058961],[-55.4098722,-12.0811613],[-55.4091363,-12.0894397],[-55.3069324,-12.0896351]],[[-55.3069324,-12.0896351],[-55.2957356,-12.1028508]],[[-55.2957356,-12.1028508],[-55.2871978,-12.1136517],[-55.2630524,-12.1160065]],[[-55.2630524,-12.1160065],[-55.2579746,-12.1219726],[-55.2347199,-12.1186361],[-55.2250579,-12.1148634],[-55.1886203,-12.1279996],[-55.1680553,-12.1200962],[-55.1456874,-12.1227102],[-55.1352441,-12.1285806],[-55.1357943,-12.1472249],[-55.1362255,-12.1555501],[-55.1299341,-12.1716496]],[[-55.1299341,-12.1716496],[-55.1169069,-12.1761065]],[[-55.0746216,-12.1738208],[-55.0557064,-12.1538117],[-55.0444226,-12.1529432]],[[-54.2859249,-11.8775198],[-54.2929243,-11.8728601]],[[-54.2929243,-11.8728601],[-54.3242457,-11.8787455],[-54.3895143,-11.8835371],[-54.4224813,-11.8756509],[-54.4739376,-11.8847108],[-54.4996343,-11.8638354],[-54.5191516,-11.8626585],[-54.5625111,-11.86224],[-54.5792233,-11.8767106],[-54.6246729,-11.8808723],[-54.6020779,-11.8460476],[-54.5855026,-11.8423924],[-54.5750148,-11.8295958],[-54.5660742,-11.8030666],[-54.5830431,-11.7956114],[-54.5988236,-11.7798874],[-54.5840487,-11.7541687],[-54.5892522,-11.7293343],[-54.5764096,-11.6790614],[-54.603442,-11.6851629],[-54.6138714,-11.6968995],[-54.6419841,-11.7145881],[-54.6582158,-11.7083145],[-54.6640974,-11.6832658],[-54.6844157,-11.6583129],[-54.7049656,-11.6604821],[-54.7252633,-11.653907]],[[-57.7198226,-14.3753722],[-57.7036736,-14.4266259]],[[-57.7036736,-14.4266259],[-57.7015015,-14.4321251],[-57.6989725,-14.4484225],[-57.6998869,-14.4588432],[-57.7134454,-14.4910773]],[[-57.7134454,-14.4910773],[-57.701357,-14.5033969],[-57.6833435,-14.5350005],[-57.6733057,-14.5447514],[-57.6682821,-14.556478],[-57.6616902,-14.5564481],[-57.6422889,-14.5482238],[-57.6372311,-14.5440027],[-57.6191152,-14.5356883],[-57.5996784,-14.5170713],[-57.5961603,-14.5060232],[-57.5739275,-14.4930155],[-57.5460327,-14.469923],[-57.5256576,-14.4666841],[-57.5041653,-14.439765],[-57.4852139,-14.4393588],[-57.4834735,-14.4420032],[-57.4842886,-14.4507514],[-57.478833,-14.4487925],[-57.4705924,-14.4474222],[-57.4601329,-14.4398172],[-57.4415507,-14.4567626],[-57.4360221,-14.4906251],[-57.4121316,-14.4870742],[-57.3727315,-14.5044921],[-57.3578979,-14.4928456],[-57.3572588,-14.4854571],[-57.3536598,-14.4876152],[-57.3459665,-14.4848647],[-57.3454161,-14.4831224],[-57.3436329,-14.4821527],[-57.3296702,-14.4964645],[-57.3241568,-14.5135695],[-57.3291031,-14.5271845],[-57.3072703,-14.5362753],[-57.2831969,-14.5560014],[-57.2427878,-14.5499632],[-57.2293435,-14.5396],[-57.1966041,-14.5485958],[-57.1758634,-14.5405674],[-57.153483,-14.5458574],[-57.146142,-14.561396],[-57.1033888,-14.5613666],[-57.1025399,-14.533568],[-57.0730268,-14.5194036],[-57.052008,-14.5205065],[-57.029489,-14.5140977],[-57.0079354,-14.5298824],[-56.9635806,-14.5033071],[-56.9497085,-14.5029954]],[[-56.9497085,-14.5029954],[-56.936877,-14.4889274]],[[-56.9773269,-14.4356247],[-56.9924086,-14.4344284],[-57.0062613,-14.4188231],[-57.0157742,-14.4253185],[-57.0577704,-14.4221837],[-57.1302163,-14.413073],[-57.1405471,-14.3947323],[-57.157072,-14.3953468],[-57.1710766,-14.399944],[-57.2015369,-14.4133588],[-57.228414,-14.4129175],[-57.2413739,-14.420387],[-57.2770703,-14.4175799],[-57.2981813,-14.426229],[-57.3007352,-14.4089415],[-57.2947546,-14.3884332],[-57.341792,-14.3559666],[-57.3522841,-14.3622623],[-57.3561765,-14.3296431],[-57.3672078,-14.331186],[-57.3928094,-14.3508962],[-57.4362832,-14.3075801],[-57.4437918,-14.3323159],[-57.4550337,-14.3448151],[-57.4852803,-14.3277017],[-57.5091517,-14.3262328],[-57.5239975,-14.3468787],[-57.5441527,-14.3617241],[-57.5579181,-14.340432],[-57.5730809,-14.3539506],[-57.5871779,-14.3813616],[-57.6173719,-14.3964102],[-57.6287534,-14.3809416],[-57.6431941,-14.3770299],[-57.6588146,-14.4225009],[-57.6708288,-14.4197946],[-57.6798575,-14.3933327],[-57.7198226,-14.3753722]],[[-54.2270868,-16.3305437],[-54.2324951,-16.3170563]],[[-54.3311719,-16.3251096],[-54.3397058,-16.3261472]],[[-54.3397058,-16.3261472],[-54.3424616,-16.3329137],[-54.3359406,-16.3385139],[-54.3351644,-16.3585311],[-54.3457216,-16.3792846],[-54.3321689,-16.4016146],[-54.332012,-16.4134389],[-54.3533655,-16.4262742],[-54.357875,-16.4662568],[-54.3651425,-16.477473],[-54.3674696,-16.4827862],[-54.3562015,-16.4987043],[-54.3811787,-16.505713],[-54.3819573,-16.5220695],[-54.3833483,-16.5232736],[-54.3559124,-16.5392475],[-54.3535657,-16.5420123],[-54.3345474,-16.5675071],[-54.3354975,-16.5775608]],[[-54.3354975,-16.5775608],[-54.3305293,-16.5815435]],[[-54.1292847,-16.524211],[-54.1132914,-16.4955686]],[[-56.7368947,-12.9590519],[-56.7399397,-12.9546771]],[[-56.7399397,-12.9546771],[-56.7391561,-12.9600487],[-56.7407108,-12.9665343],[-56.7831056,-12.9921175],[-56.803702,-13.0198708],[-56.8291827,-13.0421939],[-56.8375334,-13.0617076],[-56.8331391,-13.07049],[-56.8469712,-13.1001854],[-56.8674566,-13.1284113],[-56.8705817,-13.1612394],[-56.8859873,-13.1771013],[-56.9067578,-13.2080481],[-56.9396375,-13.2211145],[-56.950164,-13.2308643],[-56.9505377,-13.2543305],[-56.9586855,-13.2623174],[-56.9606568,-13.2913734],[-56.9868628,-13.3048897],[-56.9907883,-13.3267625],[-57.0171738,-13.3645557],[-57.0138038,-13.3939859],[-57.0213201,-13.4047329],[-57.0231284,-13.4284555],[-57.0071666,-13.4776756],[-56.995284,-13.4851345],[-56.9966322,-13.5098414],[-57.0004961,-13.5252904],[-57.0205135,-13.557921],[-57.0320958,-13.5480372],[-57.0676274,-13.5489311],[-57.0882166,-13.5790033],[-57.1026942,-13.5793541],[-57.1119759,-13.607125],[-57.1339022,-13.63269],[-57.1380528,-13.6586797],[-57.153749,-13.6716875],[-57.1711441,-13.6704111],[-57.1905292,-13.7006736],[-57.2210478,-13.7042698],[-57.2252016,-13.7150488],[-57.243253,-13.7153616],[-57.2528614,-13.7270147],[-57.2484828,-13.7414411],[-57.2727455,-13.7760128],[-57.2760318,-13.7761711],[-57.2811692,-13.7886773],[-57.27702,-13.8004566],[-57.2780438,-13.8015434],[-57.2804888,-13.8049416]],[[-57.2804888,-13.8049416],[-57.2809469,-13.8104948]],[[-56.4245941,-13.8364419],[-56.4122343,-13.8348326]],[[-56.6902814,-13.1778265],[-56.7021247,-13.1570251],[-56.705956,-13.1547697],[-56.7129858,-13.1544052]],[[-56.7252369,-13.1187903],[-56.7422315,-13.1036281],[-56.7444557,-13.100086],[-56.7419769,-13.0949267],[-56.7362975,-13.0908468]],[[-52.714176,-10.3904775],[-52.7346827,-10.3968156],[-52.7608176,-10.3933276]],[[-52.7608176,-10.3933276],[-52.7780883,-10.3821763],[-52.8082843,-10.3774254],[-52.8457654,-10.3799878],[-52.8656383,-10.3864746],[-52.8879919,-10.4008389],[-52.9077003,-10.3750212],[-52.9275678,-10.3571943],[-52.9432672,-10.3604536],[-52.9469401,-10.3384066],[-52.9903143,-10.3241268],[-52.9833569,-10.3163081]],[[-52.9833569,-10.3163081],[-52.9915947,-10.3164109],[-53.0049434,-10.313723]],[[-53.0459411,-10.3641773],[-53.059622,-10.4107743],[-53.0670081,-10.4607967]],[[-53.0981816,-10.7536249],[-53.0991334,-10.7871158]],[[-53.1228644,-10.8178712],[-53.1177819,-10.837654]],[[-53.1177819,-10.837654],[-53.1256273,-10.8546659],[-53.1017124,-10.8888524],[-53.0792711,-10.8974817],[-53.049212,-10.8968043],[-53.0079561,-10.8910798],[-52.9640026,-10.926005],[-52.9550278,-10.9391078],[-52.9358975,-10.9468668],[-52.924458,-10.9673365],[-52.9270345,-10.9856594],[-52.9125612,-11.0221115],[-52.9133171,-11.0405994],[-52.8868303,-11.0516162],[-52.8711621,-11.0884475],[-52.8270312,-11.105803],[-52.7912205,-11.0958832],[-52.7826379,-11.0740747],[-52.7564744,-11.0441976],[-52.7346338,-11.0537276],[-52.7056827,-11.0548864],[-52.669223,-11.0809505],[-52.6420207,-11.0704267],[-52.6217249,-11.0781824],[-52.6052225,-11.0709787],[-52.5562416,-11.0681259],[-52.5403621,-11.0723773],[-52.5320064,-11.0893608],[-52.4881699,-11.0942996],[-52.4561805,-11.0814395],[-52.4424622,-11.098004],[-52.4208548,-11.0924078],[-52.4133189,-11.0760907],[-52.3857797,-11.0557239],[-52.3443573,-11.0563692],[-52.3288439,-11.0516485],[-52.3088448,-11.0546914],[-52.27979,-11.0479493],[-52.2337682,-11.0324834]],[[-52.2337682,-11.0324834],[-52.2175446,-11.0222908]],[[-52.1986543,-10.9423989],[-52.1946125,-10.9304589]],[[-52.1889326,-10.3663291],[-52.1803589,-10.35866],[-52.1713736,-10.3621461],[-52.1673104,-10.3621263],[-52.1650364,-10.3602526],[-52.1633434,-10.3551134],[-52.1655355,-10.3442796],[-52.1629279,-10.3369855],[-52.1628597,-10.3326692],[-52.1681661,-10.3200113]],[[-52.1439647,-10.2706659],[-52.1515339,-10.2593916]],[[-52.1515339,-10.2593916],[-52.1571143,-10.2614051],[-52.1796946,-10.2610508],[-52.1963607,-10.2660396],[-52.2054211,-10.2674871],[-52.2100242,-10.2679748],[-52.2225937,-10.2795245],[-52.2349052,-10.3014535],[-52.258337,-10.311306],[-52.2706989,-10.3100239],[-52.2981492,-10.328876],[-52.3210154,-10.3501905],[-52.3442583,-10.3323175],[-52.3657725,-10.3265299],[-52.381591,-10.3453943],[-52.4093049,-10.3500591],[-52.4231674,-10.3313764],[-52.4551473,-10.3288036],[-52.4683921,-10.3221812],[-52.4860262,-10.3274963],[-52.5026844,-10.3506452],[-52.5113177,-10.3342107],[-52.5247993,-10.3465234],[-52.5421259,-10.3506908],[-52.5708681,-10.3468504],[-52.5999466,-10.3548258],[-52.634361,-10.36902],[-52.6588509,-10.375031],[-52.6831075,-10.3710659],[-52.714176,-10.3904775]],[[-54.5697566,-15.8887759],[-54.577097,-15.8812558]],[[-54.6959349,-15.8892551],[-54.7045508,-15.889152]],[[-54.9124393,-15.9829281],[-54.9129813,-15.9863921]],[[-54.9335823,-16.0538826],[-54.9176031,-16.0521035]],[[-61.5402295,-10.0002094],[-61.5558735,-10.0389514],[-61.5843749,-10.0596093],[-61.5787102,-10.0792444],[-61.5901799,-10.1214607],[-61.6012364,-10.1500901],[-61.5968045,-10.1623765],[-61.5785601,-10.1632006],[-61.5577505,-10.1823138],[-61.5740051,-10.2089593],[-61.5767244,-10.2485762],[-61.554592,-10.2795562],[-61.5440872,-10.3009945],[-61.5533347,-10.3070057],[-61.5301392,-10.333314],[-61.5161645,-10.3344363],[-61.5017216,-10.3537765],[-61.5031111,-10.3759259],[-61.4769134,-10.4106314],[-61.4617928,-10.4199046],[-61.4735108,-10.4749576],[-61.4808157,-10.4877483],[-61.4790698,-10.529872],[-61.4663218,-10.5412113],[-61.4799609,-10.5691537],[-61.4762363,-10.6076634],[-61.489594,-10.6298033],[-61.4789575,-10.6430436],[-61.4844843,-10.6737666],[-61.4946343,-10.6776044],[-61.4993935,-10.6986176],[-61.4763671,-10.722504],[-61.480874,-10.7441983],[-61.4764168,-10.7677946],[-61.4932978,-10.7845154],[-61.5108965,-10.7936807],[-61.5034218,-10.8084452],[-61.5125227,-10.8222031],[-61.5099966,-10.8368279],[-61.5251489,-10.8558039],[-61.5193336,-10.891992],[-61.5208534,-10.9205225],[-61.5300873,-10.9790195],[-61.5502579,-10.9860947],[-61.0005949,-10.9922393],[-61.0005934,-10.988351],[-60.4585144,-10.9893029]],[[-60.4041681,-10.8525474],[-60.4084678,-10.8468581]],[[-60.6371101,-9.6563192],[-60.6472905,-9.6365616]],[[-54.9703887,-16.4654324],[-54.970752,-16.4700236],[-54.9365181,-16.5348629]],[[-54.9365181,-16.5348629],[-54.9583234,-16.5411895],[-54.9616289,-16.5665581],[-54.9731946,-16.5843737],[-54.9604657,-16.5897696],[-54.9675936,-16.6087378],[-54.9586234,-16.6270214],[-54.9741833,-16.6535554],[-54.9932466,-16.6619228],[-54.996271,-16.6813028],[-54.9754269,-16.6732365],[-54.9567174,-16.6845536],[-54.9463155,-16.7448636],[-54.9221082,-16.7692461],[-54.9113242,-16.7881644],[-54.8951651,-16.7991443],[-54.9033732,-16.8162946],[-54.8961571,-16.8365457],[-54.9035421,-16.8576677],[-54.9013329,-16.8767673],[-54.9190467,-16.8788723],[-54.9321683,-16.9042345],[-54.9196204,-16.9062988],[-54.9312746,-16.9259002],[-54.9144796,-16.9760004],[-54.9258865,-16.9799014],[-54.9325252,-17.0156647],[-54.9049711,-17.0155933],[-54.9029355,-17.0226091],[-54.9162527,-17.0424809],[-54.9208927,-17.0593989],[-54.9168951,-17.0720338],[-54.8998047,-17.0723939],[-54.8950991,-17.0741552]],[[-54.8950991,-17.0741552],[-54.8897883,-17.072533],[-54.8850959,-17.0730691],[-54.8683564,-17.0772821]],[[-54.6728984,-17.0924844],[-54.6630316,-17.0975803],[-54.6449201,-17.1002194],[-54.6308309,-17.094522],[-54.6233683,-17.0900301]],[[-54.5905575,-17.0833201],[-54.58248,-17.0783425]],[[-54.5901455,-16.7120874],[-54.5938646,-16.7077587],[-54.5992808,-16.7048223],[-54.5907747,-16.6849462],[-54.5879276,-16.6813216]],[[-54.553166,-16.653172],[-54.5478301,-16.6525041],[-54.5433543,-16.647968],[-54.5394178,-16.6415475],[-54.5398723,-16.6361988],[-54.5449719,-16.6271373]],[[-54.5481579,-16.6264985],[-54.553578,-16.6091447],[-54.5464494,-16.5965258],[-54.5394895,-16.5923571]],[[-54.4779669,-16.5875269],[-54.453691,-16.5975421],[-54.4503629,-16.5968969],[-54.4439612,-16.5928306],[-54.4328622,-16.5970096]],[[-54.333017,-16.5801203],[-54.3354975,-16.5775608]],[[-54.3397058,-16.3261472],[-54.3484364,-16.3220104]],[[-54.4834451,-16.0938946],[-54.4794018,-16.0683926]],[[-55.2266293,-14.2385078],[-55.2412088,-14.2398791]],[[-55.9896863,-14.6746619],[-55.9924744,-14.6782951],[-55.9944558,-14.6786453],[-55.9992484,-14.6746081],[-56.0025788,-14.6689222],[-56.0152425,-14.6654395],[-56.0183356,-14.6657896],[-56.0225157,-14.6687626],[-56.0250007,-14.6757444]],[[-56.4768675,-14.7841237],[-56.4931558,-14.7870415],[-56.5085984,-14.7964896],[-56.5166555,-14.8027922],[-56.519056,-14.8093854]],[[-56.8194985,-15.1450966],[-56.8138948,-15.1595829]],[[-56.8397947,-15.1932255],[-56.8593771,-15.2129016],[-56.9722269,-15.3671549],[-56.9805808,-15.3820884]],[[-56.964084,-15.4479723],[-56.9752886,-15.4651944]],[[-56.9626751,-15.5278635],[-56.9603731,-15.5320482],[-56.9482916,-15.5430123],[-56.9370053,-15.5406723]],[[-56.9133633,-15.4931341],[-56.8861368,-15.4604639],[-56.8213912,-15.3981999]],[[-56.6501991,-15.2322055],[-56.609815,-15.2396752],[-56.5945973,-15.2278668],[-56.5908611,-15.219944]],[[-56.5795544,-15.2021171],[-56.5734597,-15.1701312],[-56.5647293,-15.1647477]],[[-56.4630802,-15.133115],[-56.4520604,-15.1322508]],[[-56.2446028,-14.9869493],[-56.2422567,-14.9764637]],[[-55.5649124,-14.7714092],[-55.5527295,-14.7677211]],[[-54.9297052,-14.419414],[-54.9238564,-14.4131832]],[[-54.8150147,-14.2940472],[-54.8165253,-14.2839807]],[[-54.871974,-14.2226085],[-54.8752674,-14.2114764]],[[-54.8752674,-14.2114764],[-54.8983505,-14.2196897],[-54.9212844,-14.2376421],[-54.9395425,-14.2405295],[-54.9687223,-14.2244395],[-54.9841309,-14.2241378],[-55.0264344,-14.2487529],[-55.0392356,-14.2298882],[-55.0693355,-14.2047945],[-55.075241,-14.2083235],[-55.1065424,-14.2126923],[-55.1188375,-14.2032846],[-55.1422303,-14.2216211],[-55.1626968,-14.2109899],[-55.1869855,-14.2232811],[-55.2008549,-14.2178042],[-55.2266293,-14.2385078]],[[-52.8998051,-9.9967846],[-52.915581,-10.0014246],[-52.9232904,-10.0072067],[-52.9433874,-10.026122]],[[-52.9691581,-10.2344238],[-52.9725996,-10.2433711],[-52.9723935,-10.2521221],[-52.9694079,-10.2573232],[-52.9657386,-10.2599512],[-52.9542521,-10.2735988]],[[-52.9589262,-10.302457],[-52.9656782,-10.3093145],[-52.9833569,-10.3163081]],[[-52.7608176,-10.3933276],[-52.7336856,-10.3966659],[-52.714176,-10.3904775]],[[-52.1515339,-10.2593916],[-52.1303291,-10.2711292]],[[-52.0622562,-10.0994184],[-52.0727607,-10.093233]],[[-52.0727607,-10.093233],[-52.0799603,-10.0942109],[-52.0947892,-10.0789501],[-52.1029651,-10.0545595],[-52.1350574,-10.0348018],[-52.1527865,-10.0381939],[-52.1519243,-10.0110885],[-52.1721152,-10.0067014],[-52.1791275,-10.0238911],[-52.1967448,-10.0253993],[-52.2134163,-10.0161532],[-52.2078037,-9.9869746],[-52.2234189,-9.9508068],[-52.2219615,-9.9178215],[-52.2261315,-9.8878462],[-52.2216272,-9.8781309],[-52.2393256,-9.8655388],[-52.2417526,-9.8468124],[-52.2250012,-9.8376991],[-52.2044427,-9.8516427],[-52.1894759,-9.833535],[-52.1907132,-9.7981525],[-52.210082,-9.7891581],[-52.2239781,-9.7898719],[-52.2585754,-9.7873735],[-52.2707583,-9.780021],[-52.2633724,-9.762174],[-52.2582423,-9.7646259]],[[-52.2582423,-9.7646259],[-52.2450363,-9.7675526],[-52.2325917,-9.7645307],[-52.2217176,-9.7652921],[-52.2182198,-9.7636741],[-52.217268,-9.7590103],[-52.2187195,-9.7475889],[-52.2285228,-9.7294336]],[[-52.2285228,-9.7294336],[-52.2362799,-9.7229139],[-52.248891,-9.7216766],[-52.2566581,-9.7077161]],[[-52.2566581,-9.7077161],[-52.6218877,-9.6828053]],[[-58.2279688,-14.7699591],[-58.2394532,-14.7710514],[-58.2538602,-14.7727109],[-58.2868991,-14.7987696]],[[-58.2868991,-14.7987696],[-58.2974358,-14.8142215]],[[-58.3361384,-14.8950237],[-58.3459542,-14.9149323],[-58.3417411,-14.9355973]],[[-57.9848621,-15.2172202],[-57.9745273,-15.2156766],[-57.9624424,-15.2209634],[-57.955585,-15.2208675],[-57.9526687,-15.226083]],[[-57.6851654,-15.1315499],[-57.6682429,-15.1307658]],[[-55.7652808,-13.3434546],[-55.7693772,-13.3424512]],[[-55.4796843,-14.0032514],[-55.4771698,-14.0053474],[-55.4689632,-14.0068838],[-55.4659091,-14.0087889],[-55.4547198,-14.024346]],[[-55.4558218,-14.0968436],[-55.359565,-14.1570311]],[[-55.2486507,-14.2464005],[-55.2445988,-14.2405882],[-55.2343209,-14.2384771],[-55.2266293,-14.2385078]],[[-54.8752674,-14.2114764],[-54.8737513,-14.1957416]],[[-54.9650899,-13.9379927],[-54.9735941,-13.9305664],[-54.9750931,-13.9268544],[-54.9748076,-13.9116497],[-54.9676692,-13.9047611]],[[-54.9718095,-13.8808475],[-54.9752321,-13.8796873],[-54.9921715,-13.8878941]],[[-55.0834656,-13.6794223],[-55.0848333,-13.6637212],[-55.1035438,-13.6520993]],[[-55.1035438,-13.6520993],[-55.1128104,-13.6640075],[-55.1400486,-13.6494545],[-55.1517442,-13.6522403],[-55.171701,-13.6361879],[-55.1767097,-13.6204952],[-55.2048909,-13.6104939],[-55.2169186,-13.5991405],[-55.2285472,-13.6111595],[-55.2422552,-13.6034041],[-55.2552444,-13.6107042],[-55.2670676,-13.5971839],[-55.2927803,-13.5892392],[-55.292987,-13.5709586],[-55.3268896,-13.5644005],[-55.335655,-13.5565813],[-55.3470097,-13.4897773],[-55.3593811,-13.489164],[-55.3867845,-13.5004357],[-55.3912611,-13.4835407],[-55.3946229,-13.4457932]],[[-55.3946229,-13.4457932],[-55.3907296,-13.423321],[-55.3915752,-13.4209808],[-55.400251,-13.4167509]],[[-55.400251,-13.4167509],[-55.4200492,-13.4188676],[-55.4342203,-13.4112862],[-55.4273903,-13.3892453],[-55.4334273,-13.3829796],[-55.4477822,-13.373633],[-55.4674607,-13.3943639],[-55.4976402,-13.3671875],[-55.4957297,-13.3400339],[-55.521479,-13.3320394],[-55.5539168,-13.3241145],[-55.5625248,-13.3137573],[-55.5827792,-13.3116391],[-55.6050198,-13.3321134],[-55.6231937,-13.3421239],[-55.6322111,-13.3671493],[-55.6442925,-13.3792104],[-55.6902499,-13.3542356],[-55.7246394,-13.3621535],[-55.740488,-13.3610922],[-55.7563923,-13.341965],[-55.7652808,-13.3434546]],[[-50.8459873,-9.8006368],[-50.8444895,-9.8673203],[-50.8227,-9.8731765],[-50.8160223,-9.9001098],[-50.8028734,-9.9230209],[-50.7806553,-9.9398179],[-50.7690816,-9.967704],[-50.7721416,-9.9912114]],[[-50.7721416,-9.9912114],[-50.7719853,-9.9938374],[-50.609473,-10.0756079]],[[-50.609473,-10.0756079],[-50.6559903,-10.2025787],[-50.6404167,-10.2288428],[-50.6167374,-10.2554024],[-50.5881224,-10.2636721],[-50.5869565,-10.2875821],[-50.5805256,-10.3051663],[-50.5684395,-10.3213218],[-50.5786429,-10.3198757],[-50.5862683,-10.3204622],[-50.5965585,-10.3226446],[-50.6089114,-10.3178961],[-50.6184235,-10.3075991],[-50.6507131,-10.2983805],[-50.6861715,-10.2998795],[-50.7255195,-10.305914],[-50.744412,-10.2966375],[-50.7526092,-10.281588],[-50.7705982,-10.2728131],[-50.8029554,-10.2668027],[-50.8164716,-10.2770823],[-50.8489245,-10.2736605],[-50.8607603,-10.2657161],[-50.8815833,-10.2766468],[-50.9059107,-10.2749586],[-50.9351988,-10.2663879],[-50.9358748,-10.2420416],[-50.9541834,-10.2251929],[-50.9818862,-10.208161],[-51.0038003,-10.2256136],[-51.0217794,-10.2336032],[-51.0391446,-10.2290065],[-51.0569703,-10.2496904],[-51.0728965,-10.2571809],[-51.1112691,-10.2665679],[-51.1200795,-10.2505301],[-51.1329681,-10.2535894],[-51.1452508,-10.2502442]],[[-51.1452508,-10.2502442],[-51.1632327,-10.263104]],[[-51.3546446,-10.7485844],[-51.0057902,-10.7641213],[-50.9991848,-10.7693942]],[[-50.6584055,-10.6796234],[-50.6515735,-10.6844032],[-50.6365059,-10.6881593],[-50.6321501,-10.6856353],[-50.6310204,-10.6771676],[-50.6281575,-10.6759525],[-50.6219542,-10.6764905]],[[-50.6035307,-10.6608603],[-50.5825666,-10.6440813],[-50.5631719,-10.6113215],[-50.541428,-10.6093227],[-50.5340361,-10.5845957],[-50.5197293,-10.5624786],[-50.5230342,-10.5407962],[-50.5149514,-10.5259606],[-50.5161464,-10.5039094],[-50.4826205,-10.4900386],[-50.4878673,-10.4679723],[-50.4737254,-10.4049055],[-50.4482858,-10.3915721],[-50.4410615,-10.375566],[-50.4182853,-10.3562814],[-50.4230666,-10.3274417],[-50.4062032,-10.2882508],[-50.3980942,-10.2544301],[-50.3815645,-10.2189129],[-50.3894009,-10.1749275],[-50.3982581,-10.1554697],[-50.3921478,-10.1340312],[-50.3778102,-10.1107158],[-50.3572811,-10.0902957],[-50.3546725,-10.0771691],[-50.3398411,-10.0609382],[-50.3124518,-10.0456588],[-50.2942791,-10.016107],[-50.2906705,-9.9908185],[-50.2779318,-9.9707729],[-50.2789435,-9.9552493],[-50.2672055,-9.9346539],[-50.2642803,-9.9084975],[-50.2437871,-9.8712422],[-50.2254493,-9.8539582],[-50.2248064,-9.8411535],[-50.8459873,-9.8006368]],[[-53.4671637,-14.4034857],[-53.4674994,-14.4062456]],[[-53.7726598,-14.634324],[-53.7771607,-14.6351969]],[[-53.9305624,-15.0798299],[-53.9248286,-15.0832409]],[[-55.9488876,-16.1663125],[-55.9426742,-16.1632895]],[[-55.6039003,-17.3667063],[-55.6027802,-17.3673651]],[[-54.9133203,-17.0866301],[-54.9036139,-17.0817104],[-54.8950991,-17.0741552]],[[-54.9365181,-16.5348629],[-54.9698907,-16.470641]],[[-55.0320025,-16.4827262],[-55.0329325,-16.4708242],[-55.0358929,-16.4619619],[-55.0484105,-16.4508798],[-55.0570265,-16.4473152],[-55.0637302,-16.4455674],[-55.0726485,-16.4464621]],[[-55.3640994,-16.4102588],[-55.3749327,-16.4061475],[-55.3849326,-16.3987379],[-55.3875104,-16.3949985],[-55.3867275,-16.3933318],[-55.3896828,-16.3899985],[-55.3890993,-16.3866383],[-55.380766,-16.3900815]],[[-55.3471549,-16.3174989],[-55.3526411,-16.3168739]],[[-55.4223133,-15.9358341],[-55.4349324,-15.9316674]],[[-55.6370488,-15.7146435],[-55.6509333,-15.7150884],[-55.6568427,-15.7175163],[-55.6708413,-15.7267797]],[[-53.1177819,-10.837654],[-53.1256473,-10.8412605]],[[-53.2183232,-10.8631897],[-53.2384531,-10.8717512],[-53.2514077,-10.887549]],[[-53.2401652,-11.2017417],[-53.2448425,-11.2110901]],[[-52.9948061,-11.5245068],[-52.983849,-11.5182769],[-52.9772489,-11.5177997],[-52.9653196,-11.5217132]],[[-52.2952978,-11.7897075],[-52.2818505,-11.7810068],[-52.2761709,-11.7791374],[-52.2732275,-11.7798621],[-52.2699307,-11.7869874]],[[-52.1847249,-11.7616899],[-52.1575268,-11.7476154],[-52.1341146,-11.7484594]],[[-51.4370447,-11.6261177],[-51.423756,-11.6188545],[-51.4140509,-11.6056355],[-51.4140003,-11.5995018]],[[-51.3353812,-11.8471299],[-51.326962,-11.8443863]],[[-51.326962,-11.8443863],[-51.2966793,-11.823285],[-51.270597,-11.820179],[-51.2335402,-11.8217791]],[[-51.2335402,-11.8217791],[-51.2036322,-11.8156739],[-51.1896441,-11.8093907],[-51.1768694,-11.8000369]],[[-51.1768694,-11.8000369],[-51.1556964,-11.7885858],[-51.1350272,-11.8161214],[-51.1542054,-11.8224928],[-51.1849235,-11.8419423],[-51.1838834,-11.8605475],[-51.2001575,-11.9247182],[-51.2113184,-11.9425868],[-51.2575539,-11.9765528],[-51.2627623,-11.9958059],[-51.2809557,-12.0111964],[-51.298144,-12.0157568],[-51.2959863,-12.0335164],[-51.2959785,-12.0426599],[-51.225067,-11.9859479],[-51.2039141,-11.9842767],[-51.1772495,-12.009889],[-51.1631763,-12.0049641],[-51.1418477,-12.0193894],[-51.1338172,-12.0415808],[-51.116824,-12.0579195],[-51.0934741,-12.0744853],[-51.0910136,-12.0746703]],[[-51.0910136,-12.0746703],[-51.0852288,-12.0817526],[-51.0822762,-12.0908448]],[[-50.8169072,-11.8389751],[-50.8100543,-11.8197395],[-50.8001653,-11.8136766]],[[-50.7261737,-11.7260385],[-50.715375,-11.7266039],[-50.6637021,-11.6775273],[-50.6585666,-11.5898233],[-50.7159867,-11.5789533],[-50.7389352,-11.5445116],[-50.7347961,-11.5118226],[-50.7393431,-11.4991533],[-50.742064,-11.4603495],[-50.7392596,-11.435385],[-50.7281426,-11.4169059],[-50.7285111,-11.3825659],[-50.7122605,-11.3598453],[-50.7070991,-11.3281658],[-50.6999085,-11.3131054]],[[-51.5192136,-11.1783659],[-51.517622,-11.1797065]],[[-52.2231097,-11.0323773],[-52.2337682,-11.0324834]],[[-58.4481336,-11.9222397],[-58.4571274,-11.9177821],[-58.479699,-11.9334093]],[[-58.9366107,-12.6393454],[-58.9315838,-12.6401635],[-58.9309539,-12.648584]],[[-59.0422035,-13.996467],[-59.0456212,-13.9999611],[-58.0840608,-13.9999858]],[[-58.0840608,-13.9999858],[-58.0808852,-13.9963933]],[[-58.2021868,-13.9386769],[-58.2367242,-13.9262937],[-58.2476525,-13.9171102]],[[-58.2640987,-13.8906691],[-58.302387,-13.8490368],[-58.304495,-13.8427798],[-58.3139319,-13.7609904]],[[-58.290625,-12.936635],[-58.2947808,-12.9198527]],[[-51.1768694,-11.8000369],[-51.1916779,-11.8104976],[-51.2010304,-11.8148103],[-51.2141796,-11.8186084],[-51.2335402,-11.8217791]],[[-51.326962,-11.8443863],[-51.3451399,-11.8594578]],[[-51.6620201,-11.9574384],[-51.6474501,-11.9736288]],[[-51.2834544,-12.3470289],[-51.2895898,-12.3464681]],[[-51.3055318,-12.3282739],[-51.3104933,-12.320245],[-51.3016173,-12.3003648]],[[-51.0847332,-12.0836384],[-51.0910136,-12.0746703]],[[-55.8359142,-11.310995],[-55.8317537,-11.3333811]],[[-55.8317537,-11.3333811],[-55.8296822,-11.3554095],[-55.7829568,-11.4265814]],[[-55.7829568,-11.4265814],[-55.7789779,-11.4584452]],[[-55.7388195,-11.7182369],[-55.7277031,-11.724592]],[[-55.7277031,-11.724592],[-55.7248198,-11.7312505],[-55.7375135,-11.7376791],[-55.7325762,-11.7431461],[-55.7248001,-11.7381571],[-55.7112797,-11.7406876],[-55.7011386,-11.759736],[-55.7015108,-11.7788543],[-55.6736855,-11.8067476],[-55.6902053,-11.8222279],[-55.6715287,-11.8409474],[-55.6954677,-11.8530496]],[[-55.6954677,-11.8530496],[-55.7106434,-11.8692381],[-55.7125756,-11.8752735],[-55.7113886,-11.8775439],[-55.7057478,-11.879918],[-55.7021778,-11.8796948],[-55.6901063,-11.8747811],[-55.6705873,-11.8790836]],[[-55.6705873,-11.8790836],[-55.6579408,-11.8965768],[-55.6773886,-11.9149159],[-55.6581573,-11.9380373],[-55.6692062,-11.9471514],[-55.6570363,-11.9523483],[-55.6192671,-11.9917668],[-55.6178017,-12.0079506],[-55.5981897,-12.0253415],[-55.6018117,-12.0646322],[-55.5900279,-12.0838025]],[[-55.5900279,-12.0838025],[-55.5827654,-12.1081035],[-55.5793614,-12.1131519],[-55.573964,-12.1162029]],[[-55.573964,-12.1162029],[-55.5459041,-12.1316486],[-55.5286543,-12.1396182],[-55.5185507,-12.1469555]],[[-55.5185507,-12.1469555],[-55.5211564,-12.1531475]],[[-55.5211564,-12.1531475],[-55.4924125,-12.1468667],[-55.4736963,-12.1568192],[-55.460112,-12.1525833],[-55.4202479,-12.150632],[-55.3921568,-12.1579665],[-55.373346,-12.1871417],[-55.3069324,-12.0896351]],[[-55.0670568,-11.6969196],[-55.0802898,-11.6846418]],[[-56.0575887,-12.4180902],[-56.0597356,-12.4285936]],[[-56.0597356,-12.4285936],[-56.0606984,-12.4317868],[-56.0644475,-12.4492471],[-56.0630014,-12.4586597],[-56.0688712,-12.4565308],[-56.0705063,-12.4622377],[-56.071242,-12.466829],[-56.0683405,-12.4775582],[-56.0794846,-12.4787456],[-56.0761655,-12.4895549],[-56.0832691,-12.4909671],[-56.0918529,-12.5122048],[-56.0908754,-12.5223591],[-56.0738672,-12.5460672],[-56.0693555,-12.5679027],[-56.0838084,-12.5782115],[-56.0817721,-12.5911044],[-56.109946,-12.6004049],[-56.1127121,-12.6080193],[-56.111901,-12.6145175],[-56.1091768,-12.6209711],[-56.1047815,-12.6394682]],[[-56.1047815,-12.6394682],[-56.1074884,-12.6455717]],[[-55.8832079,-13.2559788],[-55.8737209,-13.2565965]],[[-55.7712705,-13.3421358],[-55.7652808,-13.3434546]],[[-55.400251,-13.4167509],[-55.3911169,-13.4214496],[-55.3946229,-13.4457932]],[[-55.1035438,-13.6520993],[-55.0851099,-13.6633924],[-55.1187436,-13.5246943]],[[-55.4519098,-12.8652385],[-55.4584203,-12.8583091],[-55.4596413,-12.8539141]],[[-55.4596413,-12.8539141],[-55.4678674,-12.8513069],[-55.4696048,-12.8264806],[-55.4630903,-12.812574],[-55.4522011,-12.7931578],[-55.4544531,-12.7888224],[-55.4481244,-12.784074],[-55.4462349,-12.7748665],[-55.4516414,-12.7703368],[-55.4515322,-12.7687306],[-55.4602496,-12.7597022],[-55.4744334,-12.7518241],[-55.4772037,-12.7456343],[-55.4909117,-12.7373162],[-55.488285,-12.7137114],[-55.5023396,-12.7101826],[-55.5036678,-12.6849264],[-55.5360364,-12.6591037],[-55.5592673,-12.6468666],[-55.5683436,-12.6336418],[-55.5796692,-12.6014983],[-55.5794047,-12.5388672],[-55.5528602,-12.5169513],[-55.5395656,-12.4919353],[-55.532829,-12.4621016],[-55.522929,-12.453328],[-55.5338317,-12.4009153],[-55.5493324,-12.3799721],[-55.5708474,-12.325577],[-55.5640765,-12.274961],[-55.5771171,-12.2635756],[-55.588857,-12.2657544],[-55.5891321,-12.2336781],[-55.583576,-12.2013228],[-55.5839107,-12.1809913],[-55.5742102,-12.1764786],[-55.5493542,-12.1802261]],[[-55.5493542,-12.1802261],[-55.5353278,-12.1783168],[-55.5316343,-12.1751398],[-55.5289001,-12.1619605]],[[-55.5289001,-12.1619605],[-55.5185507,-12.1469555]],[[-55.573964,-12.1162029],[-55.5815325,-12.1107748],[-55.5900279,-12.0838025]],[[-55.6705873,-11.8790836],[-55.6889296,-11.8747761],[-55.7036888,-11.8799913],[-55.7079353,-11.8793074],[-55.7120654,-11.8765539],[-55.7125864,-11.8729564],[-55.7112493,-11.8700721],[-55.6954677,-11.8530496]],[[-55.7277031,-11.724592],[-55.7319925,-11.730655]],[[-57.0958575,-11.2891239],[-57.1117827,-11.3069682],[-57.1164751,-11.3101136],[-57.1390017,-11.3176557]],[[-57.1368582,-11.3215603],[-57.1378365,-11.3456056],[-57.1298083,-11.3522835],[-57.1176268,-11.3531457]],[[-57.0815674,-11.3423747],[-57.0700563,-11.3388304],[-57.0666802,-11.3410523],[-57.0628199,-11.3463517],[-57.0598352,-11.3596039],[-57.0348315,-11.3732911]],[[-57.0340825,-11.3831245],[-57.02962,-11.3889624],[-57.0004919,-11.3878144]],[[-57.0004919,-11.3878144],[-56.9910324,-11.3906337],[-56.9599666,-11.3844558]],[[-56.8850861,-11.4919948],[-56.8736729,-11.5041997],[-56.8632909,-11.5085553],[-56.8574217,-11.5089103],[-56.8538461,-11.5076927]],[[-56.2400532,-11.6228083],[-56.1911111,-11.6400737],[-56.1301234,-11.6446259]],[[-56.0498788,-11.6278244],[-56.0086287,-11.6244662],[-55.9645448,-11.6159189]],[[-55.9645448,-11.6159189],[-55.962154,-11.5957678]],[[-55.8317921,-11.4897232],[-55.8295262,-11.4837152],[-55.82387,-11.4762522],[-55.7919169,-11.4462289]],[[-55.7801282,-11.4459888],[-55.7829568,-11.4265814]],[[-55.8317537,-11.3333811],[-55.8403304,-11.2878055]],[[-56.1694988,-11.153113],[-56.3126867,-11.0934713],[-56.319984,-11.0926167],[-56.4005581,-11.1004255]],[[-56.5959214,-11.0135335],[-56.5924987,-11.0038127],[-56.5693741,-10.9843308]],[[-56.4251962,-10.6865949],[-56.4313484,-10.6856475],[-56.4426415,-10.6760091]],[[-59.0914992,-14.2687184],[-59.0856161,-14.2802538]],[[-59.1085038,-14.6568108],[-59.0955777,-14.6658715]],[[-59.0955777,-14.6658715],[-59.0543764,-14.6531902]],[[-59.0543764,-14.6531902],[-59.0225396,-14.6246244],[-58.9646152,-14.5859454],[-58.8660922,-14.5988504]],[[-58.8660922,-14.5988504],[-58.8185596,-14.6004477],[-58.7744313,-14.6014802],[-58.7532903,-14.5921467]],[[-58.6731863,-14.7296073],[-58.6641488,-14.7350926],[-58.661042,-14.7445404],[-58.6614735,-14.7485918],[-58.6688853,-14.7566631]],[[-58.6223758,-14.8226616],[-58.6190478,-14.8280763]],[[-58.4939964,-14.6884489],[-58.4907432,-14.6852638],[-58.4876589,-14.6856741],[-58.4801323,-14.6834744],[-58.3928282,-14.7097909]],[[-58.3068042,-14.8042504],[-58.2868991,-14.7987696]],[[-57.7468641,-14.9159113],[-57.7616876,-14.899699]],[[-57.3147572,-14.6982837],[-57.2980186,-14.7026307],[-57.2920067,-14.6916698],[-57.2928654,-14.6844896]],[[-57.1109151,-14.6082104],[-57.1025915,-14.6067142]],[[-56.9533091,-14.5101443],[-56.9497085,-14.5029954]],[[-57.7134454,-14.4910773],[-57.6990492,-14.4563275],[-57.6998413,-14.441259],[-57.7036736,-14.4266259]],[[-57.7198226,-14.3753722],[-57.7347131,-14.2916043]],[[-58.085963,-14.0017255],[-58.0840608,-13.9999858]],[[-58.0840608,-13.9999858],[-59.0456242,-14.0004298]],[[-56.9477357,-12.2878339],[-56.9559727,-12.3029516]],[[-56.9559727,-12.3029516],[-56.9577213,-12.3051347],[-56.9805252,-12.3156684],[-56.9796016,-12.3202076],[-56.9705513,-12.3358219],[-56.974565,-12.3662809],[-56.9652829,-12.3749953],[-56.964217,-12.4029117],[-56.9469449,-12.4062679],[-56.9566368,-12.4431738],[-56.9474438,-12.4514336],[-56.9533067,-12.46882],[-56.9437813,-12.477629],[-56.9462797,-12.4966442],[-56.9310669,-12.533491],[-56.9381295,-12.5440995],[-56.9306082,-12.5604856],[-56.9172266,-12.5552583],[-56.9014471,-12.5626699],[-56.8934878,-12.6046282],[-56.9038652,-12.6249979],[-56.8673227,-12.6587346],[-56.8639913,-12.6749896],[-56.8479913,-12.6760872]],[[-56.8479913,-12.6760872],[-56.8452326,-12.6783515],[-56.8461811,-12.7032782],[-56.8338466,-12.7140901]],[[-56.8338466,-12.7140901],[-56.8265807,-12.7388936],[-56.8177905,-12.7456716]],[[-56.8177905,-12.7456716],[-56.7980614,-12.7611539],[-56.7987381,-12.7908398],[-56.7802129,-12.8194017]],[[-56.7802129,-12.8194017],[-56.776408,-12.8301729],[-56.7732834,-12.834848]],[[-56.7625405,-12.8294177],[-56.7547429,-12.8208247],[-56.7358338,-12.820917],[-56.7312718,-12.8238792],[-56.7264718,-12.8336077]],[[-56.1209942,-12.6418835],[-56.1047815,-12.6394682]],[[-56.0597356,-12.4285936],[-56.0659572,-12.4252177]],[[-54.7209883,-10.4127415],[-55.0328409,-10.3026832],[-55.1539337,-10.2258038]],[[-55.1539337,-10.2258038],[-55.1650287,-10.2279708]],[[-55.1650287,-10.2279708],[-55.1691587,-10.2378907],[-55.1676179,-10.2757189],[-55.1552434,-10.2942212],[-55.1701902,-10.3068242],[-55.1728573,-10.3237067],[-55.1680995,-10.3495031],[-55.1727504,-10.3607828],[-55.2017271,-10.3798946],[-55.2135665,-10.4160372],[-55.2261392,-10.4287715],[-55.2269466,-10.4428911],[-55.2531237,-10.4668084],[-55.2702236,-10.4881039],[-55.2758716,-10.5059582],[-55.2820936,-10.5142036],[-55.3091067,-10.5020101],[-55.321999,-10.5089012]],[[-55.321999,-10.5089012],[-55.3303369,-10.501578]],[[-55.1633463,-10.7165907],[-55.1535153,-10.7352531]],[[-55.1141297,-10.7440248],[-55.1041477,-10.7421119],[-55.102645,-10.7407118],[-55.101161,-10.7318277],[-55.0975815,-10.7225837]],[[-54.64361,-10.5491139],[-54.6394634,-10.5384031],[-54.6451825,-10.5165582]],[[-54.6630888,-10.438763],[-54.6613676,-10.435018],[-54.663655,-10.4306097],[-54.6930124,-10.4188547]],[[-53.4349284,-15.5641493],[-53.4514791,-15.5562787],[-53.4617462,-15.5537978],[-53.4764125,-15.5789879]],[[-53.6188741,-15.7059904],[-53.6302802,-15.7181133],[-53.644293,-15.7176141]],[[-53.750928,-15.7116493],[-53.7767023,-15.7206852],[-53.7814921,-15.7278503],[-53.7795719,-15.7390438]],[[-53.7620675,-15.8784969],[-53.7795498,-15.9085066]],[[-53.8216875,-16.0675509],[-53.8182754,-16.0958073]],[[-53.4489896,-16.2261162],[-53.4245989,-16.2299567],[-53.4167043,-16.2373214]],[[-53.3918581,-16.2684974],[-53.3757902,-16.2758441],[-53.3664813,-16.2779229],[-53.3589183,-16.2774942],[-53.3475878,-16.2719263]],[[-53.0609763,-15.9608591],[-53.0523547,-15.9584007]],[[-53.0411724,-15.7378393],[-53.0532828,-15.7351036],[-53.0583082,-15.728127],[-53.0663984,-15.7276511],[-53.0699676,-15.7343041]],[[-53.0699676,-15.7343041],[-53.101357,-15.7272818],[-53.1045616,-15.728463],[-53.1021117,-15.7355505],[-53.1035445,-15.7392364],[-53.1108834,-15.7454925]],[[-52.9763104,-16.1299663],[-52.9784036,-16.1396618]],[[-53.2064297,-16.4490574],[-53.2085107,-16.4641615]],[[-53.1679607,-16.5338609],[-53.1618638,-16.5387895]],[[-52.9538026,-16.5705639],[-52.9392108,-16.5626668]],[[-52.6932979,-16.298392],[-52.6775319,-16.3015844],[-52.6564827,-16.2796414],[-52.6479854,-16.2851416],[-52.6193461,-16.2838801],[-52.6103955,-16.2717467],[-52.5880889,-16.2688137],[-52.5827195,-16.2546894],[-52.5545962,-16.2524165],[-52.5701092,-16.231041],[-52.545272,-16.2226104],[-52.5505031,-16.1875631],[-52.5487142,-16.1641223],[-52.5264499,-16.1553939],[-52.5136739,-16.1335515],[-52.5033715,-16.1414938],[-52.4727867,-16.1197021]],[[-54.5981848,-11.1843542],[-54.6093233,-11.1949221]],[[-54.6859363,-11.2554794],[-54.6941495,-11.2624207]],[[-54.7278308,-11.6468138],[-54.7252633,-11.653907]],[[-54.2929243,-11.8728601],[-54.2838002,-11.8630407]],[[-53.784362,-11.2959253],[-53.7864281,-11.2882767]],[[-54.5458106,-11.3639741],[-54.5514207,-11.3545977],[-54.5560756,-11.3364847],[-54.5463439,-11.3200182]],[[-54.5444078,-11.3037202],[-54.5585376,-11.2865658],[-54.5610529,-11.2795482],[-54.5571804,-11.261127]],[[-58.7567386,-14.5937491],[-58.7715449,-14.6006303],[-58.7763628,-14.6014597],[-58.8660922,-14.5988504]],[[-59.0543764,-14.6531902],[-59.0820347,-14.6658696]],[[-59.0820347,-14.6658696],[-59.0295992,-14.7220913],[-59.0276067,-14.7258831],[-59.0270931,-14.7383018]],[[-59.0270931,-14.7383018],[-59.0374474,-14.7627092],[-59.0406084,-14.8169619]],[[-59.0432473,-14.9574016],[-59.034241,-15.0269388],[-59.0291658,-15.0339699]],[[-59.1285942,-15.4209895],[-59.1046519,-15.4399121],[-59.0931401,-15.4668567]],[[-59.0271777,-15.4224776],[-59.0170651,-15.4232257],[-59.0130987,-15.4183333],[-59.0133007,-15.4106369],[-59.0191961,-15.399028]],[[-58.8565669,-15.0045902],[-58.8552437,-14.9859379]],[[-56.2619414,-15.3545132],[-56.284117,-15.3432781]],[[-56.3549838,-15.4101862],[-56.3624031,-15.4145583]],[[-56.3979221,-15.4224022],[-56.4109235,-15.4381734]],[[-56.3943803,-15.517268],[-56.391363,-15.5228683],[-56.2150518,-15.6169801]],[[-55.2630524,-12.1160065],[-55.2791645,-12.1151879],[-55.287799,-12.113129],[-55.2957356,-12.1028508]],[[-55.5211564,-12.1531475],[-55.5289001,-12.1619605]],[[-55.5289001,-12.1619605],[-55.5320556,-12.1758672],[-55.5379613,-12.1794408],[-55.5493542,-12.1802261]],[[-55.4596413,-12.8539141],[-55.4582768,-12.8562422],[-55.3768952,-12.8562208]],[[-55.277952,-12.6719709],[-55.2780515,-12.6622739]],[[-55.1255089,-12.1775946],[-55.1299341,-12.1716496]],[[-52.2285228,-9.7294336],[-52.2181008,-9.7493973],[-52.2175297,-9.7625795],[-52.2208848,-9.7651969],[-52.2301171,-9.7642689],[-52.2434897,-9.7675764],[-52.2582423,-9.7646259]],[[-52.0727607,-10.093233],[-52.0634829,-10.0966061]],[[-51.3273422,-10.2382743],[-51.3107122,-10.2498739],[-51.302445,-10.2522228],[-51.2996003,-10.2512521],[-51.291864,-10.2427221]],[[-51.1597029,-10.2501174],[-51.1452508,-10.2502442]],[[-50.609473,-10.0756079],[-50.7715117,-9.9944],[-50.7721416,-9.9912114]],[[-50.8459873,-9.8006368],[-51.3042873,-9.77286],[-52.2566581,-9.7077161]],[[-55.5576299,-10.0570079],[-55.5577249,-10.0665166],[-55.5624574,-10.077479]],[[-55.5641944,-10.1037094],[-55.5725157,-10.1229854],[-55.5699925,-10.1265947]],[[-55.3351978,-10.4929899],[-55.321999,-10.5089012]],[[-55.1650287,-10.2279708],[-55.1728427,-10.2117326]],[[-55.227537,-10.1758975],[-55.2415026,-10.1488066],[-55.243369,-10.1371025],[-55.2423921,-10.1315291]],[[-57.3770056,-14.1556265],[-57.4100628,-14.1630455]],[[-57.7328659,-14.3034131],[-57.7198226,-14.3753722]],[[-56.8900544,-14.3635245],[-56.8873114,-14.3608776]],[[-57.3533434,-11.7311396],[-57.3534245,-11.7238363],[-57.3610914,-11.7120925],[-57.3693876,-11.7085638],[-57.3743662,-11.714547]],[[-57.3743662,-11.714547],[-57.3879355,-11.7238361],[-57.3976382,-11.7243127],[-57.4057206,-11.7198259]],[[-57.410968,-11.7303115],[-57.4154107,-11.7436591],[-57.4034491,-11.7706507]],[[-57.4285738,-11.8899932],[-57.4364992,-11.9078747],[-57.4358711,-11.9155027],[-57.4318734,-11.9251477],[-57.4304322,-11.9340283],[-57.4262667,-11.9380253]],[[-57.4136238,-12.0133582],[-57.408454,-12.0207178],[-57.4229745,-12.0553365]],[[-57.725119,-12.1985885],[-57.7248733,-12.2134611]],[[-57.7248733,-12.2134611],[-57.7198035,-12.2200861],[-57.7103794,-12.2206807],[-57.6963134,-12.2242911],[-57.6862191,-12.2228746]],[[-57.6684484,-12.247435],[-57.6587634,-12.2464021],[-57.6459494,-12.2547317],[-57.6419204,-12.25794],[-57.6413998,-12.2611787],[-57.6476841,-12.2767964],[-57.6539668,-12.2807672]],[[-57.4813401,-13.1517427],[-57.4866651,-13.1549048]],[[-57.3648196,-13.582207],[-57.3656772,-13.5864449]],[[-57.280265,-13.807626],[-57.2804888,-13.8049416]],[[-56.7399397,-12.9546771],[-56.7437292,-12.9512107]],[[-56.7625539,-12.907333],[-56.7569337,-12.9001893],[-56.7641925,-12.8953408],[-56.7636121,-12.8875588],[-56.7627336,-12.8846317],[-56.7533885,-12.8742255],[-56.7531491,-12.8648032],[-56.7612856,-12.841134]],[[-56.7612856,-12.841134],[-56.7710705,-12.8364424],[-56.7749146,-12.8327877],[-56.7802129,-12.8194017]],[[-56.8177905,-12.7456716],[-56.8275077,-12.7375196],[-56.8338466,-12.7140901]],[[-56.8338466,-12.7140901],[-56.8426742,-12.7074307],[-56.8465436,-12.7023014],[-56.8479913,-12.6760872]],[[-56.9559727,-12.3029516],[-56.9614158,-12.2950126]],[[-57.1340292,-12.0250792],[-57.1440598,-12.012043],[-57.1466333,-11.9890222]],[[-57.1947129,-11.8505373],[-57.1963822,-11.8457266],[-57.2019161,-11.8398979],[-57.2097333,-11.8346373],[-57.2365876,-11.8250951]],[[-57.0487039,-9.5313612],[-57.0541341,-9.5343119]],[[-57.6662535,-9.7179452],[-57.6194232,-9.7472479]],[[-57.6038635,-10.2442973],[-57.5995931,-10.2495059]],[[-56.9636225,-10.28444],[-56.961939,-10.2798301]],[[-56.9384979,-9.9442732],[-56.9390832,-9.9401044],[-56.9376841,-9.9357072],[-56.9330156,-9.9321808]]],"bbox":[-61.6328359,-18.0415807,-50.2248064,-7.3530631]}
