{"type":"Topology","objects":{"geometrias":{"type":"GeometryCollection","geometries":[{"type":"Polygon","arcs":[[0,1,2,3,4,5,6]],"properties":{"code_muni":4300034,"abbrev_state":"RS","name_state":"Rio Grande do Sul","name_region":"Sul","name_muni":"Aceguá","code_state":43,"code_region":4,"year":2020}},{"type":"Polygon","arcs":[[7,8,9,10,11,12,13,14,15,16,17]],"properties":{"code_muni":4300059,"abbrev_state":"RS","name_state":"Rio Grande do Sul","name_region":"Sul","name_muni":"Água Santa","code_state":43,"code_region":4,"year":2020}},{"type":"Polygon","arcs":[[18,19,20,21,22,23,24,25,26,27,28,29,30,31,32]],"properties":{"code_muni":4300109,"abbrev_state":"RS","name_state":"Rio Grande do Sul","name_region":"Sul","name_muni":"Agudo","code_state":43,"code_region":4,"year":2020}},{"type":"Polygon","arcs":[[33,34,35,36,37,38,39,40,41,42,43,44]],"properties":{"code_muni":4300208,"abbrev_state":"RS","name_state":"Rio Grande do Sul","name_region":"Sul","name_muni":"Ajuricaba","code_state":43,"code_region":4,"year":2020}},{"type":"Polygon","arcs":[[45,46,47,48,49,50,51]],"properties":{"code_muni":4300307,"abbrev_state":"RS","name_state":"Rio Grande do Sul","name_region":"Sul","name_muni":"Alecrim","code_state":43,"code_region":4,"year":2020}},{"type":"Polygon","arcs":[[52,53,54,55,56,57,58,59,60,61,62,63]],"properties":{"code_muni":4300406,"abbrev_state":"RS","name_state":"Rio Grande do Sul","name_region":"Sul","name_muni":"Alegrete","code_state":43,"code_region":4,"year":2020}},{"type":"Polygon","arcs":[[64,65,66,67,68,69,70,71,72,73,74,75]],"properties":{"code_muni":4300455,"abbrev_state":"RS","name_state":"Rio Grande do Sul","name_region":"Sul","name_muni":"Alegria","code_state":43,"code_region":4,"year":2020}},{"type":"Polygon","arcs":[[76,77,78,79,80,81,82,83,84]],"properties":{"code_muni":4300471,"abbrev_state":"RS","name_state":"Rio Grande do Sul","name_region":"Sul","name_muni":"Almirante Tamandaré do Sul","code_state":43,"code_region":4,"year":2020}},{"type":"Polygon","arcs":[[85,86,87,88,89,90,91]],"properties":{"code_muni":4300505,"abbrev_state":"RS","name_state":"Rio Grande do Sul","name_region":"Sul","name_muni":"Alpestre","code_state":43,"code_region":4,"year":2020}},{"type":"Polygon","arcs":[[92,93,94,95,96,97,98]],"properties":{"code_muni":4300554,"abbrev_state":"RS","name_state":"Rio Grande do Sul","name_region":"Sul","name_muni":"Alto Alegre","code_state":43,"code_region":4,"year":2020}},{"type":"Polygon","arcs":[[99,100,101,102,103,104,105,106,107]],"properties":{"code_muni":4300570,"abbrev_state":"RS","name_state":"Rio Grande do Sul","name_region":"Sul","name_muni":"Alto Feliz","code_state":43,"code_region":4,"year":2020}},{"type":"Polygon","arcs":[[108,109,110,111,112,113,114,115,116]],"properties":{"code_muni":4300604,"abbrev_state":"RS","name_state":"Rio Grande do Sul","name_region":"Sul","name_muni":"Alvorada","code_state":43,"code_region":4,"year":2020}},{"type":"Polygon","arcs":[[117,118,119,120,121,122,123,124,125,126]],"properties":{"code_muni":4300638,"abbrev_state":"RS","name_state":"Rio Grande do Sul","name_region":"Sul","name_muni":"Amaral Ferrador","code_state":43,"code_region":4,"year":2020}},{"type":"Polygon","arcs":[[127,128,129,130,131,132,133,134,135,136]],"properties":{"code_muni":4300646,"abbrev_state":"RS","name_state":"Rio Grande do Sul","name_region":"Sul","name_muni":"Ametista do Sul","code_state":43,"code_region":4,"year":2020}},{"type":"Polygon","arcs":[[137,138,139,140,141,142,143,144,145,146,147,148]],"properties":{"code_muni":4300661,"abbrev_state":"RS","name_state":"Rio Grande do Sul","name_region":"Sul","name_muni":"André da Rocha","code_state":43,"code_region":4,"year":2020}},{"type":"Polygon","arcs":[[149,150,151,152,153,154,155,156,157,158,159,160]],"properties":{"code_muni":4300703,"abbrev_state":"RS","name_state":"Rio Grande do Sul","name_region":"Sul","name_muni":"Anta Gorda","code_state":43,"code_region":4,"year":2020}},{"type":"Polygon","arcs":[[161,162,163,164,165,166,167,168,169,170,171,172,173,174,175,176,177,178,179]],"properties":{"code_muni":4300802,"abbrev_state":"RS","name_state":"Rio Grande do Sul","name_region":"Sul","name_muni":"Antônio Prado","code_state":43,"code_region":4,"year":2020}},{"type":"Polygon","arcs":[[180,181,182,183,184]],"properties":{"code_muni":4300851,"abbrev_state":"RS","name_state":"Rio Grande do Sul","name_region":"Sul","name_muni":"Arambaré","code_state":43,"code_region":4,"year":2020}},{"type":"Polygon","arcs":[[185,186,187,188,189,190,191]],"properties":{"code_muni":4300877,"abbrev_state":"RS","name_state":"Rio Grande do Sul","name_region":"Sul","name_muni":"Araricá","code_state":43,"code_region":4,"year":2020}},{"type":"Polygon","arcs":[[192,193,194,195,196,197,198,199,200]],"properties":{"code_muni":4300901,"abbrev_state":"RS","name_state":"Rio Grande do Sul","name_region":"Sul","name_muni":"Aratiba","code_state":43,"code_region":4,"year":2020}},{"type":"Polygon","arcs":[[201,202,203,204,205,206,207,208,209,210,211,212]],"properties":{"code_muni":4301008,"abbrev_state":"RS","name_state":"Rio Grande do Sul","name_region":"Sul","name_muni":"Arroio do Meio","code_state":43,"code_region":4,"year":2020}},{"type":"Polygon","arcs":[[213,214,215,216]],"properties":{"code_muni":4301057,"abbrev_state":"RS","name_state":"Rio Grande do Sul","name_region":"Sul","name_muni":"Arroio do Sal","code_state":43,"code_region":4,"year":2020}},{"type":"Polygon","arcs":[[217]],"properties":{"code_muni":4301073,"abbrev_state":"RS","name_state":"Rio Grande do Sul","name_region":"Sul","name_muni":"Arroio do Padre","code_state":43,"code_region":4,"year":2020}},{"type":"Polygon","arcs":[[218,219,220,221,222,223,224,225,226,227,228]],"properties":{"code_muni":4301107,"abbrev_state":"RS","name_state":"Rio Grande do Sul","name_region":"Sul","name_muni":"Arroio dos Ratos","code_state":43,"code_region":4,"year":2020}},{"type":"Polygon","arcs":[[229,230,231,232,233,234,235,236,237,238,239,240,241,242]],"properties":{"code_muni":4301206,"abbrev_state":"RS","name_state":"Rio Grande do Sul","name_region":"Sul","name_muni":"Arroio do Tigre","code_state":43,"code_region":4,"year":2020}},{"type":"Polygon","arcs":[[243,244,245,246,247,248,249,250,251,252]],"properties":{"code_muni":4301305,"abbrev_state":"RS","name_state":"Rio Grande do Sul","name_region":"Sul","name_muni":"Arroio Grande","code_state":43,"code_region":4,"year":2020}},{"type":"Polygon","arcs":[[253,254,255,256,257,258,259,260,-151,261,262,263,264,265]],"properties":{"code_muni":4301404,"abbrev_state":"RS","name_state":"Rio Grande do Sul","name_region":"Sul","name_muni":"Arvorezinha","code_state":43,"code_region":4,"year":2020}},{"type":"Polygon","arcs":[[266,267,268,269,270,271,272,273,274]],"properties":{"code_muni":4301503,"abbrev_state":"RS","name_state":"Rio Grande do Sul","name_region":"Sul","name_muni":"Augusto Pestana","code_state":43,"code_region":4,"year":2020}},{"type":"Polygon","arcs":[[275,276,277,278,279,280,281,282,283,284]],"properties":{"code_muni":4301552,"abbrev_state":"RS","name_state":"Rio Grande do Sul","name_region":"Sul","name_muni":"Áurea","code_state":43,"code_region":4,"year":2020}},{"type":"Polygon","arcs":[[285,286,287,288,289,-7,290,291,292,293,294,295,296,297]],"properties":{"code_muni":4301602,"abbrev_state":"RS","name_state":"Rio Grande do Sul","name_region":"Sul","name_muni":"Bagé","code_state":43,"code_region":4,"year":2020}},{"type":"Polygon","arcs":[[298,299,300,301,302,303]],"properties":{"code_muni":4301636,"abbrev_state":"RS","name_state":"Rio Grande do Sul","name_region":"Sul","name_muni":"Balneário Pinhal","code_state":43,"code_region":4,"year":2020}},{"type":"Polygon","arcs":[[304,305,306,307,308,309,310,311,312]],"properties":{"code_muni":4301651,"abbrev_state":"RS","name_state":"Rio Grande do Sul","name_region":"Sul","name_muni":"Barão","code_state":43,"code_region":4,"year":2020}},{"type":"Polygon","arcs":[[313,314,315,316,317,318,319,320,321,322,323,-195]],"properties":{"code_muni":4301701,"abbrev_state":"RS","name_state":"Rio Grande do Sul","name_region":"Sul","name_muni":"Barão de Cotegipe","code_state":43,"code_region":4,"year":2020}},{"type":"Polygon","arcs":[[324,325,326,327,328,329,330,331,-222]],"properties":{"code_muni":4301750,"abbrev_state":"RS","name_state":"Rio Grande do Sul","name_region":"Sul","name_muni":"Barão do Triunfo","code_state":43,"code_region":4,"year":2020}},{"type":"Polygon","arcs":[[332,333,334,335,336,337,338,339]],"properties":{"code_muni":4301800,"abbrev_state":"RS","name_state":"Rio Grande do Sul","name_region":"Sul","name_muni":"Barracão","code_state":43,"code_region":4,"year":2020}},{"type":"Polygon","arcs":[[340,341,342,343,344,345,346,347]],"properties":{"code_muni":4301859,"abbrev_state":"RS","name_state":"Rio Grande do Sul","name_region":"Sul","name_muni":"Barra do Guarita","code_state":43,"code_region":4,"year":2020}},{"type":"Polygon","arcs":[[348,349]],"properties":{"code_muni":4301875,"abbrev_state":"RS","name_state":"Rio Grande do Sul","name_region":"Sul","name_muni":"Barra do Quaraí","code_state":43,"code_region":4,"year":2020}},{"type":"Polygon","arcs":[[350,351,352,353,354,355,356,357,358,359,360]],"properties":{"code_muni":4301909,"abbrev_state":"RS","name_state":"Rio Grande do Sul","name_region":"Sul","name_muni":"Barra do Ribeiro","code_state":43,"code_region":4,"year":2020}},{"type":"Polygon","arcs":[[361,362,363,-314,-194]],"properties":{"code_muni":4301925,"abbrev_state":"RS","name_state":"Rio Grande do Sul","name_region":"Sul","name_muni":"Barra do Rio Azul","code_state":43,"code_region":4,"year":2020}},{"type":"Polygon","arcs":[[364,365,366,367,368,369,370,371,372,373,374,375]],"properties":{"code_muni":4301958,"abbrev_state":"RS","name_state":"Rio Grande do Sul","name_region":"Sul","name_muni":"Barra Funda","code_state":43,"code_region":4,"year":2020}},{"type":"Polygon","arcs":[[376,377,378,379,380,381,382,383,384,385,386,387]],"properties":{"code_muni":4302006,"abbrev_state":"RS","name_state":"Rio Grande do Sul","name_region":"Sul","name_muni":"Barros Cassal","code_state":43,"code_region":4,"year":2020}},{"type":"Polygon","arcs":[[388,389,390,391,392,393,394,395]],"properties":{"code_muni":4302055,"abbrev_state":"RS","name_state":"Rio Grande do Sul","name_region":"Sul","name_muni":"Benjamin Constant do Sul","code_state":43,"code_region":4,"year":2020}},{"type":"Polygon","arcs":[[396,397,398,399,400,401,402,403,404,405,406,407,408]],"properties":{"code_muni":4302105,"abbrev_state":"RS","name_state":"Rio Grande do Sul","name_region":"Sul","name_muni":"Bento Gonçalves","code_state":43,"code_region":4,"year":2020}},{"type":"Polygon","arcs":[[409,410,411,412,413,414,415,416,417,418,419,420,421,422,423,424,425]],"properties":{"code_muni":4302154,"abbrev_state":"RS","name_state":"Rio Grande do Sul","name_region":"Sul","name_muni":"Boa Vista das Missões","code_state":43,"code_region":4,"year":2020}},{"type":"Polygon","arcs":[[426,427,428,429,430,431,432,433,434]],"properties":{"code_muni":4302204,"abbrev_state":"RS","name_state":"Rio Grande do Sul","name_region":"Sul","name_muni":"Boa Vista do Buricá","code_state":43,"code_region":4,"year":2020}},{"type":"Polygon","arcs":[[435,436,437,-271,438,439,440,441,442,443,444,445,446,447,448]],"properties":{"code_muni":4302220,"abbrev_state":"RS","name_state":"Rio Grande do Sul","name_region":"Sul","name_muni":"Boa Vista do Cadeado","code_state":43,"code_region":4,"year":2020}},{"type":"Polygon","arcs":[[449,450,451,452,453,454,455,456]],"properties":{"code_muni":4302238,"abbrev_state":"RS","name_state":"Rio Grande do Sul","name_region":"Sul","name_muni":"Boa Vista do Incra","code_state":43,"code_region":4,"year":2020}},{"type":"Polygon","arcs":[[457,458,459,460,461,462,463,464,465,-306,466]],"properties":{"code_muni":4302253,"abbrev_state":"RS","name_state":"Rio Grande do Sul","name_region":"Sul","name_muni":"Boa Vista do Sul","code_state":43,"code_region":4,"year":2020}},{"type":"Polygon","arcs":[[467,468,469,470,471,472,473,474,475]],"properties":{"code_muni":4302303,"abbrev_state":"RS","name_state":"Rio Grande do Sul","name_region":"Sul","name_muni":"Bom Jesus","code_state":43,"code_region":4,"year":2020}},{"type":"Polygon","arcs":[[476,477,478,479,480,481,482,483,-105,484]],"properties":{"code_muni":4302352,"abbrev_state":"RS","name_state":"Rio Grande do Sul","name_region":"Sul","name_muni":"Bom Princípio","code_state":43,"code_region":4,"year":2020}},{"type":"Polygon","arcs":[[485,486,487,488,489,490,491,492]],"properties":{"code_muni":4302378,"abbrev_state":"RS","name_state":"Rio Grande do Sul","name_region":"Sul","name_muni":"Bom Progresso","code_state":43,"code_region":4,"year":2020}},{"type":"Polygon","arcs":[[493,494,495,496,497,498,499,500]],"properties":{"code_muni":4302402,"abbrev_state":"RS","name_state":"Rio Grande do Sul","name_region":"Sul","name_muni":"Bom Retiro do Sul","code_state":43,"code_region":4,"year":2020}},{"type":"Polygon","arcs":[[501,-382,502,503,504,505,506,507,508,509,510,511,512,513]],"properties":{"code_muni":4302451,"abbrev_state":"RS","name_state":"Rio Grande do Sul","name_region":"Sul","name_muni":"Boqueirão do Leão","code_state":43,"code_region":4,"year":2020}},{"type":"Polygon","arcs":[[514,515,516,517,518,519,520,521,522,523,524,525]],"properties":{"code_muni":4302501,"abbrev_state":"RS","name_state":"Rio Grande do Sul","name_region":"Sul","name_muni":"Bossoroca","code_state":43,"code_region":4,"year":2020}},{"type":"Polygon","arcs":[[526,-37,527,528,529,530,-449,531,532,533,534,-39]],"properties":{"code_muni":4302584,"abbrev_state":"RS","name_state":"Rio Grande do Sul","name_region":"Sul","name_muni":"Bozano","code_state":43,"code_region":4,"year":2020}},{"type":"Polygon","arcs":[[535,-492,536,537,538,539,540,541,542,543,544,545]],"properties":{"code_muni":4302600,"abbrev_state":"RS","name_state":"Rio Grande do Sul","name_region":"Sul","name_muni":"Braga","code_state":43,"code_region":4,"year":2020}},{"type":"Polygon","arcs":[[546,547,548,549,550,551,552,553,554,555,556]],"properties":{"code_muni":4302659,"abbrev_state":"RS","name_state":"Rio Grande do Sul","name_region":"Sul","name_muni":"Brochier","code_state":43,"code_region":4,"year":2020}},{"type":"Polygon","arcs":[[557,558,559,560,561,562,563,564]],"properties":{"code_muni":4302709,"abbrev_state":"RS","name_state":"Rio Grande do Sul","name_region":"Sul","name_muni":"Butiá","code_state":43,"code_region":4,"year":2020}},{"type":"Polygon","arcs":[[565,566,567,568,569,-298,570,571,572,573,574]],"properties":{"code_muni":4302808,"abbrev_state":"RS","name_state":"Rio Grande do Sul","name_region":"Sul","name_muni":"Caçapava do Sul","code_state":43,"code_region":4,"year":2020}},{"type":"Polygon","arcs":[[575,576,577,578,-58,579,580,581,582,583,584,585,586,587,588]],"properties":{"code_muni":4302907,"abbrev_state":"RS","name_state":"Rio Grande do Sul","name_region":"Sul","name_muni":"Cacequi","code_state":43,"code_region":4,"year":2020}},{"type":"Polygon","arcs":[[589,590,591,592,593,594,-575,595,596,597,598,599,600,601,602]],"properties":{"code_muni":4303004,"abbrev_state":"RS","name_state":"Rio Grande do Sul","name_region":"Sul","name_muni":"Cachoeira do Sul","code_state":43,"code_region":4,"year":2020}},{"type":"Polygon","arcs":[[603,604,605,606,607,608,609,610,611]],"properties":{"code_muni":4303103,"abbrev_state":"RS","name_state":"Rio Grande do Sul","name_region":"Sul","name_muni":"Cachoeirinha","code_state":43,"code_region":4,"year":2020}},{"type":"Polygon","arcs":[[612,613,614,615,616,617,618,619,620,621]],"properties":{"code_muni":4303202,"abbrev_state":"RS","name_state":"Rio Grande do Sul","name_region":"Sul","name_muni":"Cacique Doble","code_state":43,"code_region":4,"year":2020}},{"type":"Polygon","arcs":[[622,623,624,625,626,627,628,629,630,631,632]],"properties":{"code_muni":4303301,"abbrev_state":"RS","name_state":"Rio Grande do Sul","name_region":"Sul","name_muni":"Caibaté","code_state":43,"code_region":4,"year":2020}},{"type":"Polygon","arcs":[[633,634,635,636,637,638,639,640]],"properties":{"code_muni":4303400,"abbrev_state":"RS","name_state":"Rio Grande do Sul","name_region":"Sul","name_muni":"Caiçara","code_state":43,"code_region":4,"year":2020}},{"type":"Polygon","arcs":[[641,642,643,644,645,646,647,-124,648,649,650,651,652,653,-182,654,655,656]],"properties":{"code_muni":4303509,"abbrev_state":"RS","name_state":"Rio Grande do Sul","name_region":"Sul","name_muni":"Camaquã","code_state":43,"code_region":4,"year":2020}},{"type":"Polygon","arcs":[[657,658,659,660,661,662,663]],"properties":{"code_muni":4303558,"abbrev_state":"RS","name_state":"Rio Grande do Sul","name_region":"Sul","name_muni":"Camargo","code_state":43,"code_region":4,"year":2020}},{"type":"Polygon","arcs":[[664,665,666,667,668,669]],"properties":{"code_muni":4303608,"abbrev_state":"RS","name_state":"Rio Grande do Sul","name_region":"Sul","name_muni":"Cambará do Sul","code_state":43,"code_region":4,"year":2020}},{"type":"Polygon","arcs":[[670,671,672,673,674,-178,675,676,677,678,679,680,681,682,683,684]],"properties":{"code_muni":4303673,"abbrev_state":"RS","name_state":"Rio Grande do Sul","name_region":"Sul","name_muni":"Campestre da Serra","code_state":43,"code_region":4,"year":2020}},{"type":"Polygon","arcs":[[685,686,687,688,689,690,691,692,693,694,695,696,697]],"properties":{"code_muni":4303707,"abbrev_state":"RS","name_state":"Rio Grande do Sul","name_region":"Sul","name_muni":"Campina das Missões","code_state":43,"code_region":4,"year":2020}},{"type":"Polygon","arcs":[[698,699,700,701,702,703,704,705,706]],"properties":{"code_muni":4303806,"abbrev_state":"RS","name_state":"Rio Grande do Sul","name_region":"Sul","name_muni":"Campinas do Sul","code_state":43,"code_region":4,"year":2020}},{"type":"Polygon","arcs":[[707,708,709]],"properties":{"code_muni":4303905,"abbrev_state":"RS","name_state":"Rio Grande do Sul","name_region":"Sul","name_muni":"Campo Bom","code_state":43,"code_region":4,"year":2020}},{"type":"Polygon","arcs":[[-538,710,-490,711,712,713,714,715,716,717,718,719,720]],"properties":{"code_muni":4304002,"abbrev_state":"RS","name_state":"Rio Grande do Sul","name_region":"Sul","name_muni":"Campo Novo","code_state":43,"code_region":4,"year":2020}},{"type":"Polygon","arcs":[[721,722,723,724,725,726,727,728,-97]],"properties":{"code_muni":4304101,"abbrev_state":"RS","name_state":"Rio Grande do Sul","name_region":"Sul","name_muni":"Campos Borges","code_state":43,"code_region":4,"year":2020}},{"type":"Polygon","arcs":[[729,730,731,732,733,734,735,736,737,-602,738,739,740,741]],"properties":{"code_muni":4304200,"abbrev_state":"RS","name_state":"Rio Grande do Sul","name_region":"Sul","name_muni":"Candelária","code_state":43,"code_region":4,"year":2020}},{"type":"Polygon","arcs":[[742,743,744,-696,745,746,747,748,749]],"properties":{"code_muni":4304309,"abbrev_state":"RS","name_state":"Rio Grande do Sul","name_region":"Sul","name_muni":"Cândido Godói","code_state":43,"code_region":4,"year":2020}},{"type":"Polygon","arcs":[[750,-4,751,752,753,754,-295]],"properties":{"code_muni":4304358,"abbrev_state":"RS","name_state":"Rio Grande do Sul","name_region":"Sul","name_muni":"Candiota","code_state":43,"code_region":4,"year":2020}},{"type":"Polygon","arcs":[[755,756,757,758,759,760,761,762]],"properties":{"code_muni":4304408,"abbrev_state":"RS","name_state":"Rio Grande do Sul","name_region":"Sul","name_muni":"Canela","code_state":43,"code_region":4,"year":2020}},{"type":"Polygon","arcs":[[763,-120,764,765,766,767,768,769,770,771,772,773,774,775,776,777]],"properties":{"code_muni":4304507,"abbrev_state":"RS","name_state":"Rio Grande do Sul","name_region":"Sul","name_muni":"Canguçu","code_state":43,"code_region":4,"year":2020}},{"type":"Polygon","arcs":[[778,779,780,781,782,783,-606,784]],"properties":{"code_muni":4304606,"abbrev_state":"RS","name_state":"Rio Grande do Sul","name_region":"Sul","name_muni":"Canoas","code_state":43,"code_region":4,"year":2020}},{"type":"Polygon","arcs":[[785,786,787,-512,788,789,790,791,792,793]],"properties":{"code_muni":4304614,"abbrev_state":"RS","name_state":"Rio Grande do Sul","name_region":"Sul","name_muni":"Canudos do Vale","code_state":43,"code_region":4,"year":2020}},{"type":"Polygon","arcs":[[794,795,796,797,798,799,800,801]],"properties":{"code_muni":4304622,"abbrev_state":"RS","name_state":"Rio Grande do Sul","name_region":"Sul","name_muni":"Capão Bonito do Sul","code_state":43,"code_region":4,"year":2020}},{"type":"Polygon","arcs":[[802,803,804,805,806]],"properties":{"code_muni":4304630,"abbrev_state":"RS","name_state":"Rio Grande do Sul","name_region":"Sul","name_muni":"Capão da Canoa","code_state":43,"code_region":4,"year":2020}},{"type":"Polygon","arcs":[[807,-522,808,809,810,811,812,813]],"properties":{"code_muni":4304655,"abbrev_state":"RS","name_state":"Rio Grande do Sul","name_region":"Sul","name_muni":"Capão do Cipó","code_state":43,"code_region":4,"year":2020}},{"type":"Polygon","arcs":[[814,815,816,817,818,-253,819,820,821]],"properties":{"code_muni":4304663,"abbrev_state":"RS","name_state":"Rio Grande do Sul","name_region":"Sul","name_muni":"Capão do Leão","code_state":43,"code_region":4,"year":2020}},{"type":"Polygon","arcs":[[822,823,824,825,826,827,-301,828,829,830,831]],"properties":{"code_muni":4304671,"abbrev_state":"RS","name_state":"Rio Grande do Sul","name_region":"Sul","name_muni":"Capivari do Sul","code_state":43,"code_region":4,"year":2020}},{"type":"Polygon","arcs":[[832,833,834,835,836,837,838,839,840]],"properties":{"code_muni":4304689,"abbrev_state":"RS","name_state":"Rio Grande do Sul","name_region":"Sul","name_muni":"Capela de Santana","code_state":43,"code_region":4,"year":2020}},{"type":"Polygon","arcs":[[841,842,843,-204,844,845,846]],"properties":{"code_muni":4304697,"abbrev_state":"RS","name_state":"Rio Grande do Sul","name_region":"Sul","name_muni":"Capitão","code_state":43,"code_region":4,"year":2020}},{"type":"Polygon","arcs":[[847,848,849,-80,850,851,852,853,854,855,856,857,858,859,860,861,862,863]],"properties":{"code_muni":4304705,"abbrev_state":"RS","name_state":"Rio Grande do Sul","name_region":"Sul","name_muni":"Carazinho","code_state":43,"code_region":4,"year":2020}},{"type":"Polygon","arcs":[[864,865,866,867,868,869,870,871]],"properties":{"code_muni":4304713,"abbrev_state":"RS","name_state":"Rio Grande do Sul","name_region":"Sul","name_muni":"Caraá","code_state":43,"code_region":4,"year":2020}},{"type":"Polygon","arcs":[[872,873,874,875,-467,-305,876,877]],"properties":{"code_muni":4304804,"abbrev_state":"RS","name_state":"Rio Grande do Sul","name_region":"Sul","name_muni":"Carlos Barbosa","code_state":43,"code_region":4,"year":2020}},{"type":"Polygon","arcs":[[878,879,880,881,882,883,884,885,886]],"properties":{"code_muni":4304853,"abbrev_state":"RS","name_state":"Rio Grande do Sul","name_region":"Sul","name_muni":"Carlos Gomes","code_state":43,"code_region":4,"year":2020}},{"type":"Polygon","arcs":[[887,888,889,890,891,892,893,894,895,896,897,898]],"properties":{"code_muni":4304903,"abbrev_state":"RS","name_state":"Rio Grande do Sul","name_region":"Sul","name_muni":"Casca","code_state":43,"code_region":4,"year":2020}},{"type":"Polygon","arcs":[[899,900,901,902,903,904,905,906,907,908,909,910,911]],"properties":{"code_muni":4304952,"abbrev_state":"RS","name_state":"Rio Grande do Sul","name_region":"Sul","name_muni":"Caseiros","code_state":43,"code_region":4,"year":2020}},{"type":"Polygon","arcs":[[912,913,914,915,916,917,918,919,920,921,922,923,924,925,926,927]],"properties":{"code_muni":4305009,"abbrev_state":"RS","name_state":"Rio Grande do Sul","name_region":"Sul","name_muni":"Catuípe","code_state":43,"code_region":4,"year":2020}},{"type":"Polygon","arcs":[[928,-679,929,-677,930,931,932,933,934,935,936,937,938,939,940,941,942,-757,943,944,945,946]],"properties":{"code_muni":4305108,"abbrev_state":"RS","name_state":"Rio Grande do Sul","name_region":"Sul","name_muni":"Caxias do Sul","code_state":43,"code_region":4,"year":2020}},{"type":"Polygon","arcs":[[947,-283,948,949,950,951,952,953,-885,954,955]],"properties":{"code_muni":4305116,"abbrev_state":"RS","name_state":"Rio Grande do Sul","name_region":"Sul","name_muni":"Centenário","code_state":43,"code_region":4,"year":2020}},{"type":"Polygon","arcs":[[-770,956,957,958,959,-818,960,961,962]],"properties":{"code_muni":4305124,"abbrev_state":"RS","name_state":"Rio Grande do Sul","name_region":"Sul","name_muni":"Cerrito","code_state":43,"code_region":4,"year":2020}},{"type":"Polygon","arcs":[[963,964,965,-30,966,967,968,969,970,-736,971,972]],"properties":{"code_muni":4305132,"abbrev_state":"RS","name_state":"Rio Grande do Sul","name_region":"Sul","name_muni":"Cerro Branco","code_state":43,"code_region":4,"year":2020}},{"type":"Polygon","arcs":[[973,974,975,976,977,978,979,980,981]],"properties":{"code_muni":4305157,"abbrev_state":"RS","name_state":"Rio Grande do Sul","name_region":"Sul","name_muni":"Cerro Grande","code_state":43,"code_region":4,"year":2020}},{"type":"Polygon","arcs":[[982,-327,983,-642,984,985,986,987,988]],"properties":{"code_muni":4305173,"abbrev_state":"RS","name_state":"Rio Grande do Sul","name_region":"Sul","name_muni":"Cerro Grande do Sul","code_state":43,"code_region":4,"year":2020}},{"type":"Polygon","arcs":[[989,990,991,992,993,994,995,996,997,998,999,-691]],"properties":{"code_muni":4305207,"abbrev_state":"RS","name_state":"Rio Grande do Sul","name_region":"Sul","name_muni":"Cerro Largo","code_state":43,"code_region":4,"year":2020}},{"type":"Polygon","arcs":[[1000,1001,1002,1003,1004,-852,1005,-78,1006,1007,1008,1009]],"properties":{"code_muni":4305306,"abbrev_state":"RS","name_state":"Rio Grande do Sul","name_region":"Sul","name_muni":"Chapada","code_state":43,"code_region":4,"year":2020}},{"type":"Polygon","arcs":[[1010,1011,1012,1013,1014,1015,-229,1016,1017,1018,1019,1020]],"properties":{"code_muni":4305355,"abbrev_state":"RS","name_state":"Rio Grande do Sul","name_region":"Sul","name_muni":"Charqueadas","code_state":43,"code_region":4,"year":2020}},{"type":"Polygon","arcs":[[1021,1022,1023,1024,1025,1026,1027,1028,1029,1030,1031]],"properties":{"code_muni":4305371,"abbrev_state":"RS","name_state":"Rio Grande do Sul","name_region":"Sul","name_muni":"Charrua","code_state":43,"code_region":4,"year":2020}},{"type":"Polygon","arcs":[[1032,1033,1034,1035,-928,1036,1037,1038,1039,1040,1041,1042,1043]],"properties":{"code_muni":4305405,"abbrev_state":"RS","name_state":"Rio Grande do Sul","name_region":"Sul","name_muni":"Chiapetta","code_state":43,"code_region":4,"year":2020}},{"type":"Polygon","arcs":[[1044,1045]],"properties":{"code_muni":4305439,"abbrev_state":"RS","name_state":"Rio Grande do Sul","name_region":"Sul","name_muni":"Chuí","code_state":43,"code_region":4,"year":2020}},{"type":"Polygon","arcs":[[-646,1046]],"properties":{"code_muni":4305447,"abbrev_state":"RS","name_state":"Rio Grande do Sul","name_region":"Sul","name_muni":"Chuvisca","code_state":43,"code_region":4,"year":2020}},{"type":"Polygon","arcs":[[1047,1048,-830,1049,-299,1050]],"properties":{"code_muni":4305454,"abbrev_state":"RS","name_state":"Rio Grande do Sul","name_region":"Sul","name_muni":"Cidreira","code_state":43,"code_region":4,"year":2020}},{"type":"Polygon","arcs":[[1051,-15,1052,1053,1054,1055,1056,1057,1058,1059,1060,1061,1062,1063,-907,1064]],"properties":{"code_muni":4305504,"abbrev_state":"RS","name_state":"Rio Grande do Sul","name_region":"Sul","name_muni":"Ciríaco","code_state":43,"code_region":4,"year":2020}},{"type":"Polygon","arcs":[[1065,1066,1067,-211,1068,1069,1070,1071,1072]],"properties":{"code_muni":4305587,"abbrev_state":"RS","name_state":"Rio Grande do Sul","name_region":"Sul","name_muni":"Colinas","code_state":43,"code_region":4,"year":2020}},{"type":"Polygon","arcs":[[1073,1074,1075,1076,1077,1078,1079,1080,1081,1082,1083,1084,-857]],"properties":{"code_muni":4305603,"abbrev_state":"RS","name_state":"Rio Grande do Sul","name_region":"Sul","name_muni":"Colorado","code_state":43,"code_region":4,"year":2020}},{"type":"Polygon","arcs":[[1085,1086,1087,-43,1088,1089,1090,1091,1092,1093]],"properties":{"code_muni":4305702,"abbrev_state":"RS","name_state":"Rio Grande do Sul","name_region":"Sul","name_muni":"Condor","code_state":43,"code_region":4,"year":2020}},{"type":"Polygon","arcs":[[1094,-979,1095,1096,1097,1098,1099,1100,1101,1102,1103,1104]],"properties":{"code_muni":4305801,"abbrev_state":"RS","name_state":"Rio Grande do Sul","name_region":"Sul","name_muni":"Constantina","code_state":43,"code_region":4,"year":2020}},{"type":"Polygon","arcs":[[1105,1106,1107,1108,1109,1110,1111,1112,1113]],"properties":{"code_muni":4305835,"abbrev_state":"RS","name_state":"Rio Grande do Sul","name_region":"Sul","name_muni":"Coqueiro Baixo","code_state":43,"code_region":4,"year":2020}},{"type":"Polygon","arcs":[[1114,1115,1116,1117,-81,-850,1118,1119,1120]],"properties":{"code_muni":4305850,"abbrev_state":"RS","name_state":"Rio Grande do Sul","name_region":"Sul","name_muni":"Coqueiros do Sul","code_state":43,"code_region":4,"year":2020}},{"type":"Polygon","arcs":[[1121,-924,1122,1123,1124,1125,1126,-275,1127,1128]],"properties":{"code_muni":4305871,"abbrev_state":"RS","name_state":"Rio Grande do Sul","name_region":"Sul","name_muni":"Coronel Barros","code_state":43,"code_region":4,"year":2020}},{"type":"Polygon","arcs":[[1129,1130,-719,1131,1132,1133,1134,1135,1136,1137,1138,1139,1140,1141,-540]],"properties":{"code_muni":4305900,"abbrev_state":"RS","name_state":"Rio Grande do Sul","name_region":"Sul","name_muni":"Coronel Bicaco","code_state":43,"code_region":4,"year":2020}},{"type":"Polygon","arcs":[[1142,1143,1144,1145,1146,1147,1148,-459,1149,1150]],"properties":{"code_muni":4305934,"abbrev_state":"RS","name_state":"Rio Grande do Sul","name_region":"Sul","name_muni":"Coronel Pilar","code_state":43,"code_region":4,"year":2020}},{"type":"Polygon","arcs":[[1151,1152,1153,1154,1155,1156,1157,1158,1159,-398]],"properties":{"code_muni":4305959,"abbrev_state":"RS","name_state":"Rio Grande do Sul","name_region":"Sul","name_muni":"Cotiporã","code_state":43,"code_region":4,"year":2020}},{"type":"Polygon","arcs":[[1160,1161,1162,1163,1164,1165,1166,1167,1168,1169,1170]],"properties":{"code_muni":4305975,"abbrev_state":"RS","name_state":"Rio Grande do Sul","name_region":"Sul","name_muni":"Coxilha","code_state":43,"code_region":4,"year":2020}},{"type":"Polygon","arcs":[[1171,1172,1173,1174,1175,1176,1177,1178,1179,1180,1181,1182,1183,1184,1185,1186,1187,1188]],"properties":{"code_muni":4306007,"abbrev_state":"RS","name_state":"Rio Grande do Sul","name_region":"Sul","name_muni":"Crissiumal","code_state":43,"code_region":4,"year":2020}},{"type":"Polygon","arcs":[[1189,-778,1190,1191,1192,-650,1193,-122]],"properties":{"code_muni":4306056,"abbrev_state":"RS","name_state":"Rio Grande do Sul","name_region":"Sul","name_muni":"Cristal","code_state":43,"code_region":4,"year":2020}},{"type":"Polygon","arcs":[[1194,1195,1196,1197,1198,1199,1200,1201,1202,1203,-131]],"properties":{"code_muni":4306072,"abbrev_state":"RS","name_state":"Rio Grande do Sul","name_region":"Sul","name_muni":"Cristal do Sul","code_state":43,"code_region":4,"year":2020}},{"type":"Polygon","arcs":[[1204,-446,1205,-444,1206,1207,-451,1208,-457,1209,1210,1211,1212,1213,1214,1215,1216,1217,1218,1219]],"properties":{"code_muni":4306106,"abbrev_state":"RS","name_state":"Rio Grande do Sul","name_region":"Sul","name_muni":"Cruz Alta","code_state":43,"code_region":4,"year":2020}},{"type":"Polygon","arcs":[[1220,1221,1222,1223,1224,-707,1225,1226,1227,1228]],"properties":{"code_muni":4306130,"abbrev_state":"RS","name_state":"Rio Grande do Sul","name_region":"Sul","name_muni":"Cruzaltense","code_state":43,"code_region":4,"year":2020}},{"type":"Polygon","arcs":[[1229,1230,1231,1232,1233,1234,-497,1235,1236,1237,1238,1239,1240]],"properties":{"code_muni":4306205,"abbrev_state":"RS","name_state":"Rio Grande do Sul","name_region":"Sul","name_muni":"Cruzeiro do Sul","code_state":43,"code_region":4,"year":2020}},{"type":"Polygon","arcs":[[1241,-1061,1242,1243,1244,1245,1246,1247,1248,1249]],"properties":{"code_muni":4306304,"abbrev_state":"RS","name_state":"Rio Grande do Sul","name_region":"Sul","name_muni":"David Canabarro","code_state":43,"code_region":4,"year":2020}},{"type":"Polygon","arcs":[[1250,1251,1252,1253,1254,1255,-342]],"properties":{"code_muni":4306320,"abbrev_state":"RS","name_state":"Rio Grande do Sul","name_region":"Sul","name_muni":"Derrubadas","code_state":43,"code_region":4,"year":2020}},{"type":"Polygon","arcs":[[1256,1257,1258,1259,1260,1261,1262,1263,1264,1265,1266]],"properties":{"code_muni":4306353,"abbrev_state":"RS","name_state":"Rio Grande do Sul","name_region":"Sul","name_muni":"Dezesseis de Novembro","code_state":43,"code_region":4,"year":2020}},{"type":"Polygon","arcs":[[1267,-587,1268,1269,1270,1271,1272,1273]],"properties":{"code_muni":4306379,"abbrev_state":"RS","name_state":"Rio Grande do Sul","name_region":"Sul","name_muni":"Dilermando de Aguiar","code_state":43,"code_region":4,"year":2020}},{"type":"Polygon","arcs":[[1274,1275,1276,1277,1278,-709,1279]],"properties":{"code_muni":4306403,"abbrev_state":"RS","name_state":"Rio Grande do Sul","name_region":"Sul","name_muni":"Dois Irmãos","code_state":43,"code_region":4,"year":2020}},{"type":"Polygon","arcs":[[1280,1281,1282,-1139,1283,-1137,1284,1285,1286,-415,1287,1288]],"properties":{"code_muni":4306429,"abbrev_state":"RS","name_state":"Rio Grande do Sul","name_region":"Sul","name_muni":"Dois Irmãos das Missões","code_state":43,"code_region":4,"year":2020}},{"type":"Polygon","arcs":[[1289,-160,1290,1291,1292,1293,1294,-1155,1295]],"properties":{"code_muni":4306452,"abbrev_state":"RS","name_state":"Rio Grande do Sul","name_region":"Sul","name_muni":"Dois Lajeados","code_state":43,"code_region":4,"year":2020}},{"type":"Polygon","arcs":[[1296,1297,1298,-126,1299,-647,-1047,-645,1300,1301,1302]],"properties":{"code_muni":4306502,"abbrev_state":"RS","name_state":"Rio Grande do Sul","name_region":"Sul","name_muni":"Dom Feliciano","code_state":43,"code_region":4,"year":2020}},{"type":"Polygon","arcs":[[1303,1304,1305,1306,1307]],"properties":{"code_muni":4306551,"abbrev_state":"RS","name_state":"Rio Grande do Sul","name_region":"Sul","name_muni":"Dom Pedro de Alcântara","code_state":43,"code_region":4,"year":2020}},{"type":"Polygon","arcs":[[1308,1309,1310,1311,1312,1313,-289,1314,1315,1316]],"properties":{"code_muni":4306601,"abbrev_state":"RS","name_state":"Rio Grande do Sul","name_region":"Sul","name_muni":"Dom Pedrito","code_state":43,"code_region":4,"year":2020}},{"type":"Polygon","arcs":[[1317,1318,1319,1320,1321,1322,1323,1324,1325,-22]],"properties":{"code_muni":4306700,"abbrev_state":"RS","name_state":"Rio Grande do Sul","name_region":"Sul","name_muni":"Dona Francisca","code_state":43,"code_region":4,"year":2020}},{"type":"Polygon","arcs":[[1326,1327,1328,1329,1330,1331,1332,-1177,1333,-1175,1334,-1173]],"properties":{"code_muni":4306734,"abbrev_state":"RS","name_state":"Rio Grande do Sul","name_region":"Sul","name_muni":"Doutor Maurício Cardoso","code_state":43,"code_region":4,"year":2020}},{"type":"Polygon","arcs":[[1335,1336,1337,1338,1339,1340,1341,1342,1343,1344,1345,-156]],"properties":{"code_muni":4306759,"abbrev_state":"RS","name_state":"Rio Grande do Sul","name_region":"Sul","name_muni":"Doutor Ricardo","code_state":43,"code_region":4,"year":2020}},{"type":"Polygon","arcs":[[1346,1347,-1019,1348,-226,1349,1350,1351,1352,1353,1354]],"properties":{"code_muni":4306767,"abbrev_state":"RS","name_state":"Rio Grande do Sul","name_region":"Sul","name_muni":"Eldorado do Sul","code_state":43,"code_region":4,"year":2020}},{"type":"Polygon","arcs":[[-1341,1355,1356,1357,1358,1359,-846,1360,-202,1361,1362,1363,1364,1365,1366,1367]],"properties":{"code_muni":4306809,"abbrev_state":"RS","name_state":"Rio Grande do Sul","name_region":"Sul","name_muni":"Encantado","code_state":43,"code_region":4,"year":2020}},{"type":"Polygon","arcs":[[1368,-599,1369,1370,1371,1372,-766,1373,-118,1374,-1298,1375,1376,1377,1378]],"properties":{"code_muni":4306908,"abbrev_state":"RS","name_state":"Rio Grande do Sul","name_region":"Sul","name_muni":"Encruzilhada do Sul","code_state":43,"code_region":4,"year":2020}},{"type":"Polygon","arcs":[[1379,-1103,1380,1381,1382,1383]],"properties":{"code_muni":4306924,"abbrev_state":"RS","name_state":"Rio Grande do Sul","name_region":"Sul","name_muni":"Engenho Velho","code_state":43,"code_region":4,"year":2020}},{"type":"Polygon","arcs":[[1384,1385,1386,1387,1388,1389,1390,1391,1392,-1124,1393,-922,1394,1395]],"properties":{"code_muni":4306932,"abbrev_state":"RS","name_state":"Rio Grande do Sul","name_region":"Sul","name_muni":"Entre-Ijuís","code_state":43,"code_region":4,"year":2020}},{"type":"Polygon","arcs":[[1396,1397,1398,1399,1400,1401,-1222,1402,1403,1404,-390]],"properties":{"code_muni":4306957,"abbrev_state":"RS","name_state":"Rio Grande do Sul","name_region":"Sul","name_muni":"Entre Rios do Sul","code_state":43,"code_region":4,"year":2020}},{"type":"Polygon","arcs":[[1405,1406,1407,1408,1409,1410,1411,1412,1413]],"properties":{"code_muni":4306973,"abbrev_state":"RS","name_state":"Rio Grande do Sul","name_region":"Sul","name_muni":"Erebango","code_state":43,"code_region":4,"year":2020}},{"type":"Polygon","arcs":[[1414,1415,-197,1416,-323,1417,1418,1419,-1406,1420,1421,-279,1422,1423,1424]],"properties":{"code_muni":4307005,"abbrev_state":"RS","name_state":"Rio Grande do Sul","name_region":"Sul","name_muni":"Erechim","code_state":43,"code_region":4,"year":2020}},{"type":"Polygon","arcs":[[1425,1426,1427,1428,1429,1430,1431,1432,1433,1434,1435,1436,1437,1438]],"properties":{"code_muni":4307054,"abbrev_state":"RS","name_state":"Rio Grande do Sul","name_region":"Sul","name_muni":"Ernestina","code_state":43,"code_region":4,"year":2020}},{"type":"Polygon","arcs":[[1439,1440,1441,1442,1443,-247,1444,1445,1446,1447,1448,1449,1450,1451]],"properties":{"code_muni":4307104,"abbrev_state":"RS","name_state":"Rio Grande do Sul","name_region":"Sul","name_muni":"Herval","code_state":43,"code_region":4,"year":2020}},{"type":"Polygon","arcs":[[1452,1453,1454,1455,-394,1456,1457,1458]],"properties":{"code_muni":4307203,"abbrev_state":"RS","name_state":"Rio Grande do Sul","name_region":"Sul","name_muni":"Erval Grande","code_state":43,"code_region":4,"year":2020}},{"type":"Polygon","arcs":[[1459,1460,1461,1462,1463,-1289,1464,-413,1465,1466,1467,1468,1469,1470]],"properties":{"code_muni":4307302,"abbrev_state":"RS","name_state":"Rio Grande do Sul","name_region":"Sul","name_muni":"Erval Seco","code_state":43,"code_region":4,"year":2020}},{"type":"Polygon","arcs":[[1471,1472,1473,-802,1474,1475,1476,1477,1478]],"properties":{"code_muni":4307401,"abbrev_state":"RS","name_state":"Rio Grande do Sul","name_region":"Sul","name_muni":"Esmeralda","code_state":43,"code_region":4,"year":2020}},{"type":"Polygon","arcs":[[1479,1480,1481,1482,-1252]],"properties":{"code_muni":4307450,"abbrev_state":"RS","name_state":"Rio Grande do Sul","name_region":"Sul","name_muni":"Esperança do Sul","code_state":43,"code_region":4,"year":2020}},{"type":"Polygon","arcs":[[1483,1484,1485,1486,-99,1487,-728,1488,1489,1490,1491,1492,1493,1494,1495,1496]],"properties":{"code_muni":4307500,"abbrev_state":"RS","name_state":"Rio Grande do Sul","name_region":"Sul","name_muni":"Espumoso","code_state":43,"code_region":4,"year":2020}},{"type":"Polygon","arcs":[[1497,-1412,1498,1499,1500,1501,1502]],"properties":{"code_muni":4307559,"abbrev_state":"RS","name_state":"Rio Grande do Sul","name_region":"Sul","name_muni":"Estação","code_state":43,"code_region":4,"year":2020}},{"type":"Polygon","arcs":[[1503,1504,1505,1506,1507,1508,1509,1510,1511,1512]],"properties":{"code_muni":4307609,"abbrev_state":"RS","name_state":"Rio Grande do Sul","name_region":"Sul","name_muni":"Estância Velha","code_state":43,"code_region":4,"year":2020}},{"type":"Polygon","arcs":[[1513,1514,-779,1515,-604,1516,1517]],"properties":{"code_muni":4307708,"abbrev_state":"RS","name_state":"Rio Grande do Sul","name_region":"Sul","name_muni":"Esteio","code_state":43,"code_region":4,"year":2020}},{"type":"Polygon","arcs":[[1518,1519,1520,1521,1522,1523,1524,-1237,1525,-495,1526,1527,1528,-1070]],"properties":{"code_muni":4307807,"abbrev_state":"RS","name_state":"Rio Grande do Sul","name_region":"Sul","name_muni":"Estrela","code_state":43,"code_region":4,"year":2020}},{"type":"Polygon","arcs":[[1529,1530,1531,1532,1533,1534,1535,1536,-234]],"properties":{"code_muni":4307815,"abbrev_state":"RS","name_state":"Rio Grande do Sul","name_region":"Sul","name_muni":"Estrela Velha","code_state":43,"code_region":4,"year":2020}},{"type":"Polygon","arcs":[[-1392,1537,1538,1539,1540,1541,1542,-1126,1543]],"properties":{"code_muni":4307831,"abbrev_state":"RS","name_state":"Rio Grande do Sul","name_region":"Sul","name_muni":"Eugênio de Castro","code_state":43,"code_region":4,"year":2020}},{"type":"Polygon","arcs":[[1544,1545,1546,1547,1548,1549,1550,1551]],"properties":{"code_muni":4307864,"abbrev_state":"RS","name_state":"Rio Grande do Sul","name_region":"Sul","name_muni":"Fagundes Varela","code_state":43,"code_region":4,"year":2020}},{"type":"Polygon","arcs":[[1552,1553,1554,-404,1555,1556,-873,1557,-101,1558,1559,1560,-936,1561,1562,1563]],"properties":{"code_muni":4307906,"abbrev_state":"RS","name_state":"Rio Grande do Sul","name_region":"Sul","name_muni":"Farroupilha","code_state":43,"code_region":4,"year":2020}},{"type":"Polygon","arcs":[[1564,1565,1566,1567,1568,1569,1570,1571,-1321]],"properties":{"code_muni":4308003,"abbrev_state":"RS","name_state":"Rio Grande do Sul","name_region":"Sul","name_muni":"Faxinal do Soturno","code_state":43,"code_region":4,"year":2020}},{"type":"Polygon","arcs":[[-1455,1572,-396,1573]],"properties":{"code_muni":4308052,"abbrev_state":"RS","name_state":"Rio Grande do Sul","name_region":"Sul","name_muni":"Faxinalzinho","code_state":43,"code_region":4,"year":2020}},{"type":"Polygon","arcs":[[1574,1575,1576,-1527,-494,1577,1578,1579]],"properties":{"code_muni":4308078,"abbrev_state":"RS","name_state":"Rio Grande do Sul","name_region":"Sul","name_muni":"Fazenda Vilanova","code_state":43,"code_region":4,"year":2020}},{"type":"Polygon","arcs":[[1580,1581,1582,-106,-484,1583,1584,1585,1586,1587,1588,1589,1590,1591]],"properties":{"code_muni":4308102,"abbrev_state":"RS","name_state":"Rio Grande do Sul","name_region":"Sul","name_muni":"Feliz","code_state":43,"code_region":4,"year":2020}},{"type":"Polygon","arcs":[[1592,-173,1593,-171,1594,1595,1596,-1563,1597,-934,1598,1599]],"properties":{"code_muni":4308201,"abbrev_state":"RS","name_state":"Rio Grande do Sul","name_region":"Sul","name_muni":"Flores da Cunha","code_state":43,"code_region":4,"year":2020}},{"type":"Polygon","arcs":[[1600,1601,1602,1603,-1022,1604,1605,1606,-950,1607]],"properties":{"code_muni":4308250,"abbrev_state":"RS","name_state":"Rio Grande do Sul","name_region":"Sul","name_muni":"Floriano Peixoto","code_state":43,"code_region":4,"year":2020}},{"type":"Polygon","arcs":[[1608,1609,-386,1610,1611,1612,1613,1614,1615,1616,1617,-257]],"properties":{"code_muni":4308300,"abbrev_state":"RS","name_state":"Rio Grande do Sul","name_region":"Sul","name_muni":"Fontoura Xavier","code_state":43,"code_region":4,"year":2020}},{"type":"Polygon","arcs":[[1618,1619,1620,1621,1622]],"properties":{"code_muni":4308409,"abbrev_state":"RS","name_state":"Rio Grande do Sul","name_region":"Sul","name_muni":"Formigueiro","code_state":43,"code_region":4,"year":2020}},{"type":"Polygon","arcs":[[1623,-792,1624,1625,1626,1627,1628,1629,1630]],"properties":{"code_muni":4308433,"abbrev_state":"RS","name_state":"Rio Grande do Sul","name_region":"Sul","name_muni":"Forquetinha","code_state":43,"code_region":4,"year":2020}},{"type":"Polygon","arcs":[[-1211,1631,-455,1632,1633,1634,1635,1636,1637,-725,1638,1639,1640,1641,1642]],"properties":{"code_muni":4308458,"abbrev_state":"RS","name_state":"Rio Grande do Sul","name_region":"Sul","name_muni":"Fortaleza dos Valos","code_state":43,"code_region":4,"year":2020}},{"type":"Polygon","arcs":[[1643,1644,-639,1645,1646,1647,1648,1649,1650,1651,1652,-1196,1653,-129,1654,1655]],"properties":{"code_muni":4308508,"abbrev_state":"RS","name_state":"Rio Grande do Sul","name_region":"Sul","name_muni":"Frederico Westphalen","code_state":43,"code_region":4,"year":2020}},{"type":"Polygon","arcs":[[-402,1656,1657,1658,-1151,1659,-875,1660,1661]],"properties":{"code_muni":4308607,"abbrev_state":"RS","name_state":"Rio Grande do Sul","name_region":"Sul","name_muni":"Garibaldi","code_state":43,"code_region":4,"year":2020}},{"type":"Polygon","arcs":[[1662,1663,1664,1665,1666]],"properties":{"code_muni":4308656,"abbrev_state":"RS","name_state":"Rio Grande do Sul","name_region":"Sul","name_muni":"Garruchos","code_state":43,"code_region":4,"year":2020}},{"type":"Polygon","arcs":[[1667,1668,1669,1670,-1424,1671,-277,1672]],"properties":{"code_muni":4308706,"abbrev_state":"RS","name_state":"Rio Grande do Sul","name_region":"Sul","name_muni":"Gaurama","code_state":43,"code_region":4,"year":2020}},{"type":"Polygon","arcs":[[1673,1674,1675,1676,-565,1677,1678,1679,1680,1681,1682,1683]],"properties":{"code_muni":4308805,"abbrev_state":"RS","name_state":"Rio Grande do Sul","name_region":"Sul","name_muni":"General Câmara","code_state":43,"code_region":4,"year":2020}},{"type":"Polygon","arcs":[[-1054,1684,-13,1685,1686,1687,1688,1689,1690]],"properties":{"code_muni":4308854,"abbrev_state":"RS","name_state":"Rio Grande do Sul","name_region":"Sul","name_muni":"Gentil","code_state":43,"code_region":4,"year":2020}},{"type":"Polygon","arcs":[[1691,-1421,-1414,1692,-1503,1693,1694,1695,-1024,1696,-1603,1697,-1601,1698,-281]],"properties":{"code_muni":4308904,"abbrev_state":"RS","name_state":"Rio Grande do Sul","name_region":"Sul","name_muni":"Getúlio Vargas","code_state":43,"code_region":4,"year":2020}},{"type":"Polygon","arcs":[[1699,1700,1701,1702,1703,1704,1705,1706,1707,1708,-918,1709,1710]],"properties":{"code_muni":4309001,"abbrev_state":"RS","name_state":"Rio Grande do Sul","name_region":"Sul","name_muni":"Giruá","code_state":43,"code_region":4,"year":2020}},{"type":"Polygon","arcs":[[1711,1712,1713,1714,1715,1716,1717,1718,1719]],"properties":{"code_muni":4309050,"abbrev_state":"RS","name_state":"Rio Grande do Sul","name_region":"Sul","name_muni":"Glorinha","code_state":43,"code_region":4,"year":2020}},{"type":"Polygon","arcs":[[1720,1721,1722,1723,1724,1725,-759,1726,-942]],"properties":{"code_muni":4309100,"abbrev_state":"RS","name_state":"Rio Grande do Sul","name_region":"Sul","name_muni":"Gramado","code_state":43,"code_region":4,"year":2020}},{"type":"Polygon","arcs":[[1727,1728,1729,1730]],"properties":{"code_muni":4309126,"abbrev_state":"RS","name_state":"Rio Grande do Sul","name_region":"Sul","name_muni":"Gramado dos Loureiros","code_state":43,"code_region":4,"year":2020}},{"type":"Polygon","arcs":[[-380,1731,1732,1733,1734,1735,-504,1736]],"properties":{"code_muni":4309159,"abbrev_state":"RS","name_state":"Rio Grande do Sul","name_region":"Sul","name_muni":"Gramado Xavier","code_state":43,"code_region":4,"year":2020}},{"type":"Polygon","arcs":[[1737,1738,1739,1740,1741,-611,1742,-117,1743,1744,1745,-1713,1746]],"properties":{"code_muni":4309209,"abbrev_state":"RS","name_state":"Rio Grande do Sul","name_region":"Sul","name_muni":"Gravataí","code_state":43,"code_region":4,"year":2020}},{"type":"Polygon","arcs":[[1747,1748,1749,1750,1751,1752,1753,1754,1755,-139,1756,1757]],"properties":{"code_muni":4309258,"abbrev_state":"RS","name_state":"Rio Grande do Sul","name_region":"Sul","name_muni":"Guabiju","code_state":43,"code_region":4,"year":2020}},{"type":"Polygon","arcs":[[1758,1759,1760,-361,1761,-1353]],"properties":{"code_muni":4309308,"abbrev_state":"RS","name_state":"Rio Grande do Sul","name_region":"Sul","name_muni":"Guaíba","code_state":43,"code_region":4,"year":2020}},{"type":"Polygon","arcs":[[1762,1763,1764,1765,-263,1766,-161,-1290,1767,-1547,1768,1769,1770]],"properties":{"code_muni":4309407,"abbrev_state":"RS","name_state":"Rio Grande do Sul","name_region":"Sul","name_muni":"Guaporé","code_state":43,"code_region":4,"year":2020}},{"type":"Polygon","arcs":[[1771,1772,-997,1773,1774,1775,1776,1777,1778,1779,1780,1781,1782,1783,1784,1785]],"properties":{"code_muni":4309506,"abbrev_state":"RS","name_state":"Rio Grande do Sul","name_region":"Sul","name_muni":"Guarani das Missões","code_state":43,"code_region":4,"year":2020}},{"type":"Polygon","arcs":[[1786,1787,1788,1789,1790,1791,-480,1792,1793]],"properties":{"code_muni":4309555,"abbrev_state":"RS","name_state":"Rio Grande do Sul","name_region":"Sul","name_muni":"Harmonia","code_state":43,"code_region":4,"year":2020}},{"type":"Polygon","arcs":[[1794,1795,1796,1797,1798,1799]],"properties":{"code_muni":4309571,"abbrev_state":"RS","name_state":"Rio Grande do Sul","name_region":"Sul","name_muni":"Herveiras","code_state":43,"code_region":4,"year":2020}},{"type":"Polygon","arcs":[[1800,-1332,1801,1802,1803,1804,1805,1806,1807,-1179]],"properties":{"code_muni":4309605,"abbrev_state":"RS","name_state":"Rio Grande do Sul","name_region":"Sul","name_muni":"Horizontina","code_state":43,"code_region":4,"year":2020}},{"type":"Polygon","arcs":[[-292,1808,-5,-751,-294,1809]],"properties":{"code_muni":4309654,"abbrev_state":"RS","name_state":"Rio Grande do Sul","name_region":"Sul","name_muni":"Hulha Negra","code_state":43,"code_region":4,"year":2020}},{"type":"Polygon","arcs":[[1810,-1183,1811,1812,1813,1814,1815,-489,1816,1817]],"properties":{"code_muni":4309704,"abbrev_state":"RS","name_state":"Rio Grande do Sul","name_region":"Sul","name_muni":"Humaitá","code_state":43,"code_region":4,"year":2020}},{"type":"Polygon","arcs":[[1818,-1536,1819,1820,1821,1822,-33,1823,1824,1825,1826,-236]],"properties":{"code_muni":4309753,"abbrev_state":"RS","name_state":"Rio Grande do Sul","name_region":"Sul","name_muni":"Ibarama","code_state":43,"code_region":4,"year":2020}},{"type":"Polygon","arcs":[[1827,1828,1829,1830,1831,1832,-903,1833,1834,1835,1836,1837,1838]],"properties":{"code_muni":4309803,"abbrev_state":"RS","name_state":"Rio Grande do Sul","name_region":"Sul","name_muni":"Ibiaçá","code_state":43,"code_region":4,"year":2020}},{"type":"Polygon","arcs":[[1839,-911,1840,1841,1842,-1248,1843,1844,1845,1846]],"properties":{"code_muni":4309902,"abbrev_state":"RS","name_state":"Rio Grande do Sul","name_region":"Sul","name_muni":"Ibiraiaras","code_state":43,"code_region":4,"year":2020}},{"type":"Polygon","arcs":[[1847,1848,1849,1850,1851,1852,1853,1854,1855,1856]],"properties":{"code_muni":4309951,"abbrev_state":"RS","name_state":"Rio Grande do Sul","name_region":"Sul","name_muni":"Ibirapuitã","code_state":43,"code_region":4,"year":2020}},{"type":"Polygon","arcs":[[1857,1858,-1216,1859,1860,1861,1862,1863,-1078,1864,1865,1866]],"properties":{"code_muni":4310009,"abbrev_state":"RS","name_state":"Rio Grande do Sul","name_region":"Sul","name_muni":"Ibirubá","code_state":43,"code_region":4,"year":2020}},{"type":"Polygon","arcs":[[1867,1868,1869,1870,1871,1872,1873,1874,1875]],"properties":{"code_muni":4310108,"abbrev_state":"RS","name_state":"Rio Grande do Sul","name_region":"Sul","name_muni":"Igrejinha","code_state":43,"code_region":4,"year":2020}},{"type":"Polygon","arcs":[[1876,1877,-1038,1878,-926,1879,-1129,1880,-273,1881,-437,1882,-530,1883,1884,-35,1885,1886]],"properties":{"code_muni":4310207,"abbrev_state":"RS","name_state":"Rio Grande do Sul","name_region":"Sul","name_muni":"Ijuí","code_state":43,"code_region":4,"year":2020}},{"type":"Polygon","arcs":[[-261,1887,1888,1889,-152]],"properties":{"code_muni":4310306,"abbrev_state":"RS","name_state":"Rio Grande do Sul","name_region":"Sul","name_muni":"Ilópolis","code_state":43,"code_region":4,"year":2020}},{"type":"Polygon","arcs":[[1890,1891,1892]],"properties":{"code_muni":4310330,"abbrev_state":"RS","name_state":"Rio Grande do Sul","name_region":"Sul","name_muni":"Imbé","code_state":43,"code_region":4,"year":2020}},{"type":"Polygon","arcs":[[-1148,1893,1894,1895,-1073,1896,1897,1898,1899,-461,1900]],"properties":{"code_muni":4310363,"abbrev_state":"RS","name_state":"Rio Grande do Sul","name_region":"Sul","name_muni":"Imigrante","code_state":43,"code_region":4,"year":2020}},{"type":"Polygon","arcs":[[1901,1902,1903,-1711,1904,-916,1905,1906,1907,1908,-71]],"properties":{"code_muni":4310405,"abbrev_state":"RS","name_state":"Rio Grande do Sul","name_region":"Sul","name_muni":"Independência","code_state":43,"code_region":4,"year":2020}},{"type":"Polygon","arcs":[[1909,-72,-1909,1910,-1907,1911,-914,1912,1913,-1034,1914,1915]],"properties":{"code_muni":4310413,"abbrev_state":"RS","name_state":"Rio Grande do Sul","name_region":"Sul","name_muni":"Inhacorá","code_state":43,"code_region":4,"year":2020}},{"type":"Polygon","arcs":[[1916,-145,1917,1918,-180,1919,-674,1920,1921]],"properties":{"code_muni":4310439,"abbrev_state":"RS","name_state":"Rio Grande do Sul","name_region":"Sul","name_muni":"Ipê","code_state":43,"code_region":4,"year":2020}},{"type":"Polygon","arcs":[[1922,1923,1924,-1500,1925,-1410]],"properties":{"code_muni":4310462,"abbrev_state":"RS","name_state":"Rio Grande do Sul","name_region":"Sul","name_muni":"Ipiranga do Sul","code_state":43,"code_region":4,"year":2020}},{"type":"Polygon","arcs":[[1926,1927,-1656,1928,-137,1929,1930,1931,-87]],"properties":{"code_muni":4310504,"abbrev_state":"RS","name_state":"Rio Grande do Sul","name_region":"Sul","name_muni":"Iraí","code_state":43,"code_region":4,"year":2020}},{"type":"Polygon","arcs":[[1932,1933,1934,1935,1936,1937]],"properties":{"code_muni":4310538,"abbrev_state":"RS","name_state":"Rio Grande do Sul","name_region":"Sul","name_muni":"Itaara","code_state":43,"code_region":4,"year":2020}},{"type":"Polygon","arcs":[[1938,1939,1940,1941,1942,1943,1944,1945,-518,1946]],"properties":{"code_muni":4310553,"abbrev_state":"RS","name_state":"Rio Grande do Sul","name_region":"Sul","name_muni":"Itacurubi","code_state":43,"code_region":4,"year":2020}},{"type":"Polygon","arcs":[[1947,1948,-254,1949,1950,1951,1952]],"properties":{"code_muni":4310579,"abbrev_state":"RS","name_state":"Rio Grande do Sul","name_region":"Sul","name_muni":"Itapuca","code_state":43,"code_region":4,"year":2020}},{"type":"Polygon","arcs":[[1953,1954,1955,-64,1956,1957,1958,1959]],"properties":{"code_muni":4310603,"abbrev_state":"RS","name_state":"Rio Grande do Sul","name_region":"Sul","name_muni":"Itaqui","code_state":43,"code_region":4,"year":2020}},{"type":"Polygon","arcs":[[1960,1961,1962,1963,1964,1965,1966,1967,1968,1969]],"properties":{"code_muni":4310652,"abbrev_state":"RS","name_state":"Rio Grande do Sul","name_region":"Sul","name_muni":"Itati","code_state":43,"code_region":4,"year":2020}},{"type":"Polygon","arcs":[[1970,-1459,1971,-316,1972,-363]],"properties":{"code_muni":4310702,"abbrev_state":"RS","name_state":"Rio Grande do Sul","name_region":"Sul","name_muni":"Itatiba do Sul","code_state":43,"code_region":4,"year":2020}},{"type":"Polygon","arcs":[[1973,1974,1975,1976,-1567,1977,1978]],"properties":{"code_muni":4310751,"abbrev_state":"RS","name_state":"Rio Grande do Sul","name_region":"Sul","name_muni":"Ivorá","code_state":43,"code_region":4,"year":2020}},{"type":"Polygon","arcs":[[1979,1980,1981,1982,-1512,1983,-1277,1984]],"properties":{"code_muni":4310801,"abbrev_state":"RS","name_state":"Rio Grande do Sul","name_region":"Sul","name_muni":"Ivoti","code_state":43,"code_region":4,"year":2020}},{"type":"Polygon","arcs":[[1985,1986,1987,-426,1988,1989,1990,1991,-974,1992,1993,1994]],"properties":{"code_muni":4310850,"abbrev_state":"RS","name_state":"Rio Grande do Sul","name_region":"Sul","name_muni":"Jaboticaba","code_state":43,"code_region":4,"year":2020}},{"type":"Polygon","arcs":[[1995,-726,-1638,1996,1997,1998,-231,1999,2000,2001,-1490]],"properties":{"code_muni":4310876,"abbrev_state":"RS","name_state":"Rio Grande do Sul","name_region":"Sul","name_muni":"Jacuizinho","code_state":43,"code_region":4,"year":2020}},{"type":"Polygon","arcs":[[2002,2003,-703,2004,2005,2006,2007,2008,2009,2010]],"properties":{"code_muni":4310900,"abbrev_state":"RS","name_state":"Rio Grande do Sul","name_region":"Sul","name_muni":"Jacutinga","code_state":43,"code_region":4,"year":2020}},{"type":"Polygon","arcs":[[2011,-249,2012,-1443]],"properties":{"code_muni":4311007,"abbrev_state":"RS","name_state":"Rio Grande do Sul","name_region":"Sul","name_muni":"Jaguarão","code_state":43,"code_region":4,"year":2020}},{"type":"Polygon","arcs":[[2013,2014,2015,2016,2017,2018,2019,2020,2021,2022,2023,2024]],"properties":{"code_muni":4311106,"abbrev_state":"RS","name_state":"Rio Grande do Sul","name_region":"Sul","name_muni":"Jaguari","code_state":43,"code_region":4,"year":2020}},{"type":"Polygon","arcs":[[2025,2026,2027,2028,2029,-667,2030,2031,2032,-474]],"properties":{"code_muni":4311122,"abbrev_state":"RS","name_state":"Rio Grande do Sul","name_region":"Sul","name_muni":"Jaquirana","code_state":43,"code_region":4,"year":2020}},{"type":"Polygon","arcs":[[2033,2034,-2024,2035,2036,2037,2038,2039,2040]],"properties":{"code_muni":4311130,"abbrev_state":"RS","name_state":"Rio Grande do Sul","name_region":"Sul","name_muni":"Jari","code_state":43,"code_region":4,"year":2020}},{"type":"Polygon","arcs":[[-1541,2041,2042,2043,2044,2045,2046,2047,-440,2048,-269,2049]],"properties":{"code_muni":4311155,"abbrev_state":"RS","name_state":"Rio Grande do Sul","name_region":"Sul","name_muni":"Jóia","code_state":43,"code_region":4,"year":2020}},{"type":"Polygon","arcs":[[2050,2051,2052,2053,2054,2055,-1938,2056,2057,2058,-1974,2059,2060,2061,2062,2063,-1532,2064,2065,2066,-1634,2067,-453]],"properties":{"code_muni":4311205,"abbrev_state":"RS","name_state":"Rio Grande do Sul","name_region":"Sul","name_muni":"Júlio de Castilhos","code_state":43,"code_region":4,"year":2020}},{"type":"Polygon","arcs":[[2068,-1824,-32,2069,-965,2070,-973,2071,-734,2072,2073,2074,2075]],"properties":{"code_muni":4311239,"abbrev_state":"RS","name_state":"Rio Grande do Sul","name_region":"Sul","name_muni":"Lagoa Bonita do Sul","code_state":43,"code_region":4,"year":2020}},{"type":"Polygon","arcs":[[2076,2077,2078,2079,2080,2081,2082,2083,-1733,2084,-378,2085,2086,2087]],"properties":{"code_muni":4311254,"abbrev_state":"RS","name_state":"Rio Grande do Sul","name_region":"Sul","name_muni":"Lagoão","code_state":43,"code_region":4,"year":2020}},{"type":"Polygon","arcs":[[2088,2089,-1082,2090,2091,2092,2093,2094,2095,2096]],"properties":{"code_muni":4311270,"abbrev_state":"RS","name_state":"Rio Grande do Sul","name_region":"Sul","name_muni":"Lagoa dos Três Cantos","code_state":43,"code_region":4,"year":2020}},{"type":"Polygon","arcs":[[2097,2098,-338,2099,2100,2101,2102,2103,2104,2105,2106,-1836,2107,-900,2108,-1847,2109,2110,2111,-1758,2112,-149,2113,2114,2115,-798,2116,-796,2117,-1473,2118]],"properties":{"code_muni":4311304,"abbrev_state":"RS","name_state":"Rio Grande do Sul","name_region":"Sul","name_muni":"Lagoa Vermelha","code_state":43,"code_region":4,"year":2020}},{"type":"Polygon","arcs":[[2119,2120,-1629,2121,2122,-1241,2123,-1522,2124,-1520,2125,-209]],"properties":{"code_muni":4311403,"abbrev_state":"RS","name_state":"Rio Grande do Sul","name_region":"Sul","name_muni":"Lajeado","code_state":43,"code_region":4,"year":2020}},{"type":"Polygon","arcs":[[2126,-1991,2127,-423,2128,2129,2130,2131,-976]],"properties":{"code_muni":4311429,"abbrev_state":"RS","name_state":"Rio Grande do Sul","name_region":"Sul","name_muni":"Lajeado do Bugre","code_state":43,"code_region":4,"year":2020}},{"type":"Polygon","arcs":[[2132,2133,2134,2135,2136,2137,-1316,2138,-287,2139,-569,2140,2141]],"properties":{"code_muni":4311502,"abbrev_state":"RS","name_state":"Rio Grande do Sul","name_region":"Sul","name_muni":"Lavras do Sul","code_state":43,"code_region":4,"year":2020}},{"type":"Polygon","arcs":[[2142,2143,2144,2145,2146,-980,-1095,2147,2148,2149,2150,2151]],"properties":{"code_muni":4311601,"abbrev_state":"RS","name_state":"Rio Grande do Sul","name_region":"Sul","name_muni":"Liberato Salzano","code_state":43,"code_region":4,"year":2020}},{"type":"Polygon","arcs":[[2152,2153,2154,2155,-1504,2156,-1982,2157,2158]],"properties":{"code_muni":4311627,"abbrev_state":"RS","name_state":"Rio Grande do Sul","name_region":"Sul","name_muni":"Lindolfo Collor","code_state":43,"code_region":4,"year":2020}},{"type":"Polygon","arcs":[[2159,-1590,2160,2161,2162,2163,2164]],"properties":{"code_muni":4311643,"abbrev_state":"RS","name_state":"Rio Grande do Sul","name_region":"Sul","name_muni":"Linha Nova","code_state":43,"code_region":4,"year":2020}},{"type":"Polygon","arcs":[[2165,2166,2167,2168,2169,2170,2171,-334]],"properties":{"code_muni":4311700,"abbrev_state":"RS","name_state":"Rio Grande do Sul","name_region":"Sul","name_muni":"Machadinho","code_state":43,"code_region":4,"year":2020}},{"type":"Polygon","arcs":[[2172,2173,-1959,2174,2175,2176,2177,2178,2179,2180]],"properties":{"code_muni":4311718,"abbrev_state":"RS","name_state":"Rio Grande do Sul","name_region":"Sul","name_muni":"Maçambará","code_state":43,"code_region":4,"year":2020}},{"type":"Polygon","arcs":[[2181,2182,2183,2184,2185]],"properties":{"code_muni":4311734,"abbrev_state":"RS","name_state":"Rio Grande do Sul","name_region":"Sul","name_muni":"Mampituba","code_state":43,"code_region":4,"year":2020}},{"type":"Polygon","arcs":[[-1957,-63,2186,2187,2188,-2176,2189]],"properties":{"code_muni":4311759,"abbrev_state":"RS","name_state":"Rio Grande do Sul","name_region":"Sul","name_muni":"Manoel Viana","code_state":43,"code_region":4,"year":2020}},{"type":"Polygon","arcs":[[2190,2191,2192,-872,2193,2194,2195,2196,2197,-804,2198,2199,2200,-1964,2201,-1962,2202,2203]],"properties":{"code_muni":4311775,"abbrev_state":"RS","name_state":"Rio Grande do Sul","name_region":"Sul","name_muni":"Maquiné","code_state":43,"code_region":4,"year":2020}},{"type":"Polygon","arcs":[[2204,2205,-557,2206,-555,2207,2208,2209,2210,2211]],"properties":{"code_muni":4311791,"abbrev_state":"RS","name_state":"Rio Grande do Sul","name_region":"Sul","name_muni":"Maratá","code_state":43,"code_region":4,"year":2020}},{"type":"Polygon","arcs":[[2212,2213,2214,2215,-1437,2216,2217,2218,-1855,2219,2220,2221,-658,2222,2223,2224,2225,-1689,2226,2227]],"properties":{"code_muni":4311809,"abbrev_state":"RS","name_state":"Rio Grande do Sul","name_region":"Sul","name_muni":"Marau","code_state":43,"code_region":4,"year":2020}},{"type":"Polygon","arcs":[[2228,2229,2230,2231,2232]],"properties":{"code_muni":4311908,"abbrev_state":"RS","name_state":"Rio Grande do Sul","name_region":"Sul","name_muni":"Marcelino Ramos","code_state":43,"code_region":4,"year":2020}},{"type":"Polygon","arcs":[[2233,-224,2234,-331,2235,2236,2237,2238,-352,2239,-1760,2240,-1351]],"properties":{"code_muni":4311981,"abbrev_state":"RS","name_state":"Rio Grande do Sul","name_region":"Sul","name_muni":"Mariana Pimentel","code_state":43,"code_region":4,"year":2020}},{"type":"Polygon","arcs":[[2241,-201,2242,2243,2244]],"properties":{"code_muni":4312005,"abbrev_state":"RS","name_state":"Rio Grande do Sul","name_region":"Sul","name_muni":"Mariano Moro","code_state":43,"code_region":4,"year":2020}},{"type":"Polygon","arcs":[[2245,2246,2247,2248,2249,-794,2250,-1631,2251,2252,-207,2253,2254,2255]],"properties":{"code_muni":4312054,"abbrev_state":"RS","name_state":"Rio Grande do Sul","name_region":"Sul","name_muni":"Marques de Souza","code_state":43,"code_region":4,"year":2020}},{"type":"Polygon","arcs":[[2256,2257,2258,2259,2260,2261,2262,2263,2264,2265,-2022]],"properties":{"code_muni":4312104,"abbrev_state":"RS","name_state":"Rio Grande do Sul","name_region":"Sul","name_muni":"Mata","code_state":43,"code_region":4,"year":2020}},{"type":"Polygon","arcs":[[2266,-1167,2267,2268,2269,2270,2271,2272,-2228,2273,-1687,2274,-11,2275,2276,2277,-1169]],"properties":{"code_muni":4312138,"abbrev_state":"RS","name_state":"Rio Grande do Sul","name_region":"Sul","name_muni":"Mato Castelhano","code_state":43,"code_region":4,"year":2020}},{"type":"Polygon","arcs":[[2278,2279,-1233]],"properties":{"code_muni":4312153,"abbrev_state":"RS","name_state":"Rio Grande do Sul","name_region":"Sul","name_muni":"Mato Leitão","code_state":43,"code_region":4,"year":2020}},{"type":"Polygon","arcs":[[2280,2281,-994,2282,2283,2284,-633,2285,-1777,2286,-1775]],"properties":{"code_muni":4312179,"abbrev_state":"RS","name_state":"Rio Grande do Sul","name_region":"Sul","name_muni":"Mato Queimado","code_state":43,"code_region":4,"year":2020}},{"type":"Polygon","arcs":[[2287,-2233,2288,2289,-881,2290,-2167]],"properties":{"code_muni":4312203,"abbrev_state":"RS","name_state":"Rio Grande do Sul","name_region":"Sul","name_muni":"Maximiliano de Almeida","code_state":43,"code_region":4,"year":2020}},{"type":"Polygon","arcs":[[2291,2292,-559,2293,-1676,2294]],"properties":{"code_muni":4312252,"abbrev_state":"RS","name_state":"Rio Grande do Sul","name_region":"Sul","name_muni":"Minas do Leão","code_state":43,"code_region":4,"year":2020}},{"type":"Polygon","arcs":[[2295,2296,2297,2298,-546,2299,-544,2300,2301,2302]],"properties":{"code_muni":4312302,"abbrev_state":"RS","name_state":"Rio Grande do Sul","name_region":"Sul","name_muni":"Miraguaí","code_state":43,"code_region":4,"year":2020}},{"type":"Polygon","arcs":[[2303,2304,2305,2306,2307,2308,2309,2310,2311,2312]],"properties":{"code_muni":4312351,"abbrev_state":"RS","name_state":"Rio Grande do Sul","name_region":"Sul","name_muni":"Montauri","code_state":43,"code_region":4,"year":2020}},{"type":"Polygon","arcs":[[2313,2314,-947,2315,2316,2317,2318,2319,-470]],"properties":{"code_muni":4312377,"abbrev_state":"RS","name_state":"Rio Grande do Sul","name_region":"Sul","name_muni":"Monte Alegre dos Campos","code_state":43,"code_region":4,"year":2020}},{"type":"Polygon","arcs":[[-399,-1160,2320,2321]],"properties":{"code_muni":4312385,"abbrev_state":"RS","name_state":"Rio Grande do Sul","name_region":"Sul","name_muni":"Monte Belo do Sul","code_state":43,"code_region":4,"year":2020}},{"type":"Polygon","arcs":[[-553,2322,2323,2324,2325,2326,2327,-835,2328,2329,2330,2331,-2209,2332]],"properties":{"code_muni":4312401,"abbrev_state":"RS","name_state":"Rio Grande do Sul","name_region":"Sul","name_muni":"Montenegro","code_state":43,"code_region":4,"year":2020}},{"type":"Polygon","arcs":[[2333,2334,2335,-1496,2336,2337,2338,2339,2340,2341]],"properties":{"code_muni":4312427,"abbrev_state":"RS","name_state":"Rio Grande do Sul","name_region":"Sul","name_muni":"Mormaço","code_state":43,"code_region":4,"year":2020}},{"type":"Polygon","arcs":[[2342,-2185,2343,2344,2345,2346,-1305,2347]],"properties":{"code_muni":4312443,"abbrev_state":"RS","name_state":"Rio Grande do Sul","name_region":"Sul","name_muni":"Morrinhos do Sul","code_state":43,"code_region":4,"year":2020}},{"type":"Polygon","arcs":[[2348,2349,-772,2350,-962,2351,-816,2352]],"properties":{"code_muni":4312450,"abbrev_state":"RS","name_state":"Rio Grande do Sul","name_region":"Sul","name_muni":"Morro Redondo","code_state":43,"code_region":4,"year":2020}},{"type":"Polygon","arcs":[[2353,2354,2355,2356,2357,2358,2359]],"properties":{"code_muni":4312476,"abbrev_state":"RS","name_state":"Rio Grande do Sul","name_region":"Sul","name_muni":"Morro Reuter","code_state":43,"code_region":4,"year":2020}},{"type":"Polygon","arcs":[[2360,2361,2362,2363,2364]],"properties":{"code_muni":4312500,"abbrev_state":"RS","name_state":"Rio Grande do Sul","name_region":"Sul","name_muni":"Mostardas","code_state":43,"code_region":4,"year":2020}},{"type":"Polygon","arcs":[[2365,2366,2367,2368,-1343,2369,-1367,2370,2371,2372,2373]],"properties":{"code_muni":4312609,"abbrev_state":"RS","name_state":"Rio Grande do Sul","name_region":"Sul","name_muni":"Muçum","code_state":43,"code_region":4,"year":2020}},{"type":"Polygon","arcs":[[-800,2374,-2115,2375,-147,2376,-1922,2377,-672,2378,2379,-1476,2380]],"properties":{"code_muni":4312617,"abbrev_state":"RS","name_state":"Rio Grande do Sul","name_region":"Sul","name_muni":"Muitos Capões","code_state":43,"code_region":4,"year":2020}},{"type":"Polygon","arcs":[[2381,-1063,2382,-1250,2383,-1842,2384,-909]],"properties":{"code_muni":4312625,"abbrev_state":"RS","name_state":"Rio Grande do Sul","name_region":"Sul","name_muni":"Muliterno","code_state":43,"code_region":4,"year":2020}},{"type":"Polygon","arcs":[[-859,2385,-1084,2386,-2089,2387,2388,2389,2390,2391]],"properties":{"code_muni":4312658,"abbrev_state":"RS","name_state":"Rio Grande do Sul","name_region":"Sul","name_muni":"Não-Me-Toque","code_state":43,"code_region":4,"year":2020}},{"type":"Polygon","arcs":[[2392,-1435,2393,2394,2395,-1849,2396,-1857,2397,-2218]],"properties":{"code_muni":4312674,"abbrev_state":"RS","name_state":"Rio Grande do Sul","name_region":"Sul","name_muni":"Nicolau Vergueiro","code_state":43,"code_region":4,"year":2020}},{"type":"Polygon","arcs":[[2398,2399,2400,-90,2401,2402,-2152,2403,2404,2405,-1731,2406,2407,2408,-1397,-389,-1573,-1454]],"properties":{"code_muni":4312708,"abbrev_state":"RS","name_state":"Rio Grande do Sul","name_region":"Sul","name_muni":"Nonoai","code_state":43,"code_region":4,"year":2020}},{"type":"Polygon","arcs":[[-662,2409,2410,-1953,2411,2412,-2310,2413,-2308,2414,2415,2416]],"properties":{"code_muni":4312757,"abbrev_state":"RS","name_state":"Rio Grande do Sul","name_region":"Sul","name_muni":"Nova Alvorada","code_state":43,"code_region":4,"year":2020}},{"type":"Polygon","arcs":[[2417,2418,2419,-894,2420,2421,2422,2423,-1752]],"properties":{"code_muni":4312807,"abbrev_state":"RS","name_state":"Rio Grande do Sul","name_region":"Sul","name_muni":"Nova Araçá","code_state":43,"code_region":4,"year":2020}},{"type":"Polygon","arcs":[[-2423,2424,2425,2426,-1771,2427,2428,2429,2430]],"properties":{"code_muni":4312906,"abbrev_state":"RS","name_state":"Rio Grande do Sul","name_region":"Sul","name_muni":"Nova Bassano","code_state":43,"code_region":4,"year":2020}},{"type":"Polygon","arcs":[[-373,-1008,2431,-85,2432,2433,2434,2435,2436]],"properties":{"code_muni":4312955,"abbrev_state":"RS","name_state":"Rio Grande do Sul","name_region":"Sul","name_muni":"Nova Boa Vista","code_state":43,"code_region":4,"year":2020}},{"type":"Polygon","arcs":[[2437,2438,-1112,2439,2440,2441,-842,2442,-1359,2443]],"properties":{"code_muni":4313003,"abbrev_state":"RS","name_state":"Rio Grande do Sul","name_region":"Sul","name_muni":"Nova Bréscia","code_state":43,"code_region":4,"year":2020}},{"type":"Polygon","arcs":[[2444,-1807,2445,2446,2447,2448,-435,2449,-1813,2450,-1181]],"properties":{"code_muni":4313011,"abbrev_state":"RS","name_state":"Rio Grande do Sul","name_region":"Sul","name_muni":"Nova Candelária","code_state":43,"code_region":4,"year":2020}},{"type":"Polygon","arcs":[[2451,2452,2453,2454,-2015,2455]],"properties":{"code_muni":4313037,"abbrev_state":"RS","name_state":"Rio Grande do Sul","name_region":"Sul","name_muni":"Nova Esperança do Sul","code_state":43,"code_region":4,"year":2020}},{"type":"Polygon","arcs":[[2456,2457,2458,2459,-187,2460,2461,2462,-1870]],"properties":{"code_muni":4313060,"abbrev_state":"RS","name_state":"Rio Grande do Sul","name_region":"Sul","name_muni":"Nova Hartz","code_state":43,"code_region":4,"year":2020}},{"type":"Polygon","arcs":[[2463,-169,2464,2465,2466,2467,-1596]],"properties":{"code_muni":4313086,"abbrev_state":"RS","name_state":"Rio Grande do Sul","name_region":"Sul","name_muni":"Nova Pádua","code_state":43,"code_region":4,"year":2020}},{"type":"Polygon","arcs":[[2468,-2061,2469,-1978,-1566,2470,-1319,2471,-20,2472,-1822,2473]],"properties":{"code_muni":4313102,"abbrev_state":"RS","name_state":"Rio Grande do Sul","name_region":"Sul","name_muni":"Nova Palma","code_state":43,"code_region":4,"year":2020}},{"type":"Polygon","arcs":[[-940,2474,2475,2476,-1592,2477,-2165,2478,2479,2480,-1722,2481]],"properties":{"code_muni":4313201,"abbrev_state":"RS","name_state":"Rio Grande do Sul","name_region":"Sul","name_muni":"Nova Petrópolis","code_state":43,"code_region":4,"year":2020}},{"type":"Polygon","arcs":[[2482,-2430,2483,2484,2485,2486,2487,2488,-141,2489,2490,-1754]],"properties":{"code_muni":4313300,"abbrev_state":"RS","name_state":"Rio Grande do Sul","name_region":"Sul","name_muni":"Nova Prata","code_state":43,"code_region":4,"year":2020}},{"type":"Polygon","arcs":[[2491,2492,2493,-1040,2494,2495,-1887,2496,-45,2497,-1087,2498,2499]],"properties":{"code_muni":4313334,"abbrev_state":"RS","name_state":"Rio Grande do Sul","name_region":"Sul","name_muni":"Nova Ramada","code_state":43,"code_region":4,"year":2020}},{"type":"Polygon","arcs":[[2500,2501,2502,2503,-1553,2504,-2467,2505,2506,-167]],"properties":{"code_muni":4313359,"abbrev_state":"RS","name_state":"Rio Grande do Sul","name_region":"Sul","name_muni":"Nova Roma do Sul","code_state":43,"code_region":4,"year":2020}},{"type":"Polygon","arcs":[[-837,2507,-2327,2508,2509,2510,2511,-781,2512,-1514,2513,2514,2515,2516]],"properties":{"code_muni":4313375,"abbrev_state":"RS","name_state":"Rio Grande do Sul","name_region":"Sul","name_muni":"Nova Santa Rita","code_state":43,"code_region":4,"year":2020}},{"type":"Polygon","arcs":[[2517,2518,-603,-738,2519,-970]],"properties":{"code_muni":4313391,"abbrev_state":"RS","name_state":"Rio Grande do Sul","name_region":"Sul","name_muni":"Novo Cabrais","code_state":43,"code_region":4,"year":2020}},{"type":"Polygon","arcs":[[-1279,2520,-1510,2521,2522,2523,-1739,2524,2525,2526,-710]],"properties":{"code_muni":4313409,"abbrev_state":"RS","name_state":"Rio Grande do Sul","name_region":"Sul","name_muni":"Novo Hamburgo","code_state":43,"code_region":4,"year":2020}},{"type":"Polygon","arcs":[[2527,2528,2529,2530,2531,2532,2533,-1328]],"properties":{"code_muni":4313425,"abbrev_state":"RS","name_state":"Rio Grande do Sul","name_region":"Sul","name_muni":"Novo Machado","code_state":43,"code_region":4,"year":2020}},{"type":"Polygon","arcs":[[2534,2535,2536,-1993,-982,2537,-2146,2538]],"properties":{"code_muni":4313441,"abbrev_state":"RS","name_state":"Rio Grande do Sul","name_region":"Sul","name_muni":"Novo Tiradentes","code_state":43,"code_region":4,"year":2020}},{"type":"Polygon","arcs":[[2539,2540,2541,2542,2543,2544,2545,2546,2547,2548,2549,-1099]],"properties":{"code_muni":4313466,"abbrev_state":"RS","name_state":"Rio Grande do Sul","name_region":"Sul","name_muni":"Novo Xingu","code_state":43,"code_region":4,"year":2020}},{"type":"Polygon","arcs":[[2550,2551,2552,-1001,2553,-370,2554,2555,-367,2556,2557]],"properties":{"code_muni":4313490,"abbrev_state":"RS","name_state":"Rio Grande do Sul","name_region":"Sul","name_muni":"Novo Barreiro","code_state":43,"code_region":4,"year":2020}},{"type":"Polygon","arcs":[[-2195,2558,-870,2559,2560,2561,-831,-1049,2562,-1891,2563,2564,2565]],"properties":{"code_muni":4313508,"abbrev_state":"RS","name_state":"Rio Grande do Sul","name_region":"Sul","name_muni":"Osório","code_state":43,"code_region":4,"year":2020}},{"type":"Polygon","arcs":[[-2291,-880,2566,2567,2568,-614,2569,-2168]],"properties":{"code_muni":4313607,"abbrev_state":"RS","name_state":"Rio Grande do Sul","name_region":"Sul","name_muni":"Paim Filho","code_state":43,"code_region":4,"year":2020}},{"type":"Polygon","arcs":[[2570,-827,2571,-2365,2572,-303]],"properties":{"code_muni":4313656,"abbrev_state":"RS","name_state":"Rio Grande do Sul","name_region":"Sul","name_muni":"Palmares do Sul","code_state":43,"code_region":4,"year":2020}},{"type":"Polygon","arcs":[[2573,-1286,2574,-1135,2575,2576,2577,-1094,2578,2579,2580,-1002,-2553,2581,2582,2583,2584,-419,2585,-417]],"properties":{"code_muni":4313706,"abbrev_state":"RS","name_state":"Rio Grande do Sul","name_region":"Sul","name_muni":"Palmeira das Missões","code_state":43,"code_region":4,"year":2020}},{"type":"Polygon","arcs":[[2586,2587,2588,2589,2590,2591,2592,2593,-1470,2594,2595,2596]],"properties":{"code_muni":4313805,"abbrev_state":"RS","name_state":"Rio Grande do Sul","name_region":"Sul","name_muni":"Palmitinho","code_state":43,"code_region":4,"year":2020}},{"type":"Polygon","arcs":[[2597,-41,2598,-534,2599,2600,2601,2602,2603,-1090]],"properties":{"code_muni":4313904,"abbrev_state":"RS","name_state":"Rio Grande do Sul","name_region":"Sul","name_muni":"Panambi","code_state":43,"code_region":4,"year":2020}},{"type":"Polygon","arcs":[[2604,2605,-1377,2606,-1303,-562]],"properties":{"code_muni":4313953,"abbrev_state":"RS","name_state":"Rio Grande do Sul","name_region":"Sul","name_muni":"Pantano Grande","code_state":43,"code_region":4,"year":2020}},{"type":"Polygon","arcs":[[2607,2608,2609,2610,-896,2611,-2419,2612,-1750,2613]],"properties":{"code_muni":4314001,"abbrev_state":"RS","name_state":"Rio Grande do Sul","name_region":"Sul","name_muni":"Paraí","code_state":43,"code_region":4,"year":2020}},{"type":"Polygon","arcs":[[-28,2614,2615,2616,2617,2618,-590,-2519,2619,-968,2620]],"properties":{"code_muni":4314027,"abbrev_state":"RS","name_state":"Rio Grande do Sul","name_region":"Sul","name_muni":"Paraíso do Sul","code_state":43,"code_region":4,"year":2020}},{"type":"Polygon","arcs":[[2621,2622,-2330,2623,-833,2624,2625,-1789]],"properties":{"code_muni":4314035,"abbrev_state":"RS","name_state":"Rio Grande do Sul","name_region":"Sul","name_muni":"Pareci Novo","code_state":43,"code_region":4,"year":2020}},{"type":"Polygon","arcs":[[2626,-2462,2627,-192,2628,2629,2630,-1872]],"properties":{"code_muni":4314050,"abbrev_state":"RS","name_state":"Rio Grande do Sul","name_region":"Sul","name_muni":"Parobé","code_state":43,"code_region":4,"year":2020}},{"type":"Polygon","arcs":[[2631,2632,2633,2634,2635,-2074,2636,-732,2637,2638,2639,-1796,2640,2641,2642,-2081]],"properties":{"code_muni":4314068,"abbrev_state":"RS","name_state":"Rio Grande do Sul","name_region":"Sul","name_muni":"Passa Sete","code_state":43,"code_region":4,"year":2020}},{"type":"Polygon","arcs":[[2643,2644,2645,2646,2647,2648,2649,2650,2651,2652]],"properties":{"code_muni":4314076,"abbrev_state":"RS","name_state":"Rio Grande do Sul","name_region":"Sul","name_muni":"Passo do Sobrado","code_state":43,"code_region":4,"year":2020}},{"type":"Polygon","arcs":[[2653,2654,2655,2656,2657,-863,2658,2659,2660,-1439,2661,-2215,2662,2663,2664,-2269,2665,-1165]],"properties":{"code_muni":4314100,"abbrev_state":"RS","name_state":"Rio Grande do Sul","name_region":"Sul","name_muni":"Passo Fundo","code_state":43,"code_region":4,"year":2020}},{"type":"Polygon","arcs":[[2666,2667,2668,-2010,2669,2670,2671,-1419,2672,-321]],"properties":{"code_muni":4314134,"abbrev_state":"RS","name_state":"Rio Grande do Sul","name_region":"Sul","name_muni":"Paulo Bento","code_state":43,"code_region":4,"year":2020}},{"type":"Polygon","arcs":[[-552,2673,2674,-1575,2675,2676,2677,2678,2679,2680,2681,-2323]],"properties":{"code_muni":4314159,"abbrev_state":"RS","name_state":"Rio Grande do Sul","name_region":"Sul","name_muni":"Paverama","code_state":43,"code_region":4,"year":2020}},{"type":"Polygon","arcs":[[-753,2682,-2,2683,-1441,2684,-1452,2685,2686]],"properties":{"code_muni":4314175,"abbrev_state":"RS","name_state":"Rio Grande do Sul","name_region":"Sul","name_muni":"Pedras Altas","code_state":43,"code_region":4,"year":2020}},{"type":"Polygon","arcs":[[2687,2688,2689,-1446,2690,-245,2691,-960]],"properties":{"code_muni":4314209,"abbrev_state":"RS","name_state":"Rio Grande do Sul","name_region":"Sul","name_muni":"Pedro Osório","code_state":43,"code_region":4,"year":2020}},{"type":"Polygon","arcs":[[2692,-532,-448,2693,-1220,2694,2695,2696,-2601]],"properties":{"code_muni":4314308,"abbrev_state":"RS","name_state":"Rio Grande do Sul","name_region":"Sul","name_muni":"Pejuçara","code_state":43,"code_region":4,"year":2020}},{"type":"Polygon","arcs":[[-774,2697,-2349,2698,-822,2699,2700,2701,2702,2703],[-218]],"properties":{"code_muni":4314407,"abbrev_state":"RS","name_state":"Rio Grande do Sul","name_region":"Sul","name_muni":"Pelotas","code_state":43,"code_region":4,"year":2020}},{"type":"Polygon","arcs":[[-2480,2704,-2163,2705,2706,2707,-2355,2708,2709]],"properties":{"code_muni":4314423,"abbrev_state":"RS","name_state":"Rio Grande do Sul","name_region":"Sul","name_muni":"Picada Café","code_state":43,"code_region":4,"year":2020}},{"type":"Polygon","arcs":[[2710,2711,2712,-1995,2713,-2536,2714,2715,-1200]],"properties":{"code_muni":4314456,"abbrev_state":"RS","name_state":"Rio Grande do Sul","name_region":"Sul","name_muni":"Pinhal","code_state":43,"code_region":4,"year":2020}},{"type":"Polygon","arcs":[[2716,-340,2717,-2098,2718,-1479]],"properties":{"code_muni":4314464,"abbrev_state":"RS","name_state":"Rio Grande do Sul","name_region":"Sul","name_muni":"Pinhal da Serra","code_state":43,"code_region":4,"year":2020}},{"type":"Polygon","arcs":[[2719,-2474,-1821,2720,-1534,2721,-2063]],"properties":{"code_muni":4314472,"abbrev_state":"RS","name_state":"Rio Grande do Sul","name_region":"Sul","name_muni":"Pinhal Grande","code_state":43,"code_region":4,"year":2020}},{"type":"Polygon","arcs":[[2722,-348,2723,2724,2725,-2588,2726,2727,-635]],"properties":{"code_muni":4314498,"abbrev_state":"RS","name_state":"Rio Grande do Sul","name_region":"Sul","name_muni":"Pinheirinho do Vale","code_state":43,"code_region":4,"year":2020}},{"type":"Polygon","arcs":[[-571,-297,2728,-754,-2687,2729,-1450,2730,2731,2732]],"properties":{"code_muni":4314506,"abbrev_state":"RS","name_state":"Rio Grande do Sul","name_region":"Sul","name_muni":"Pinheiro Machado","code_state":43,"code_region":4,"year":2020}},{"type":"Polygon","arcs":[[2733,2734,2735,2736,2737,2738,-406,2739,-1554,-2504]],"properties":{"code_muni":4314548,"abbrev_state":"RS","name_state":"Rio Grande do Sul","name_region":"Sul","name_muni":"Pinto Bandeira","code_state":43,"code_region":4,"year":2020}},{"type":"Polygon","arcs":[[2740,2741,2742,-1258,2743,2744,2745,2746]],"properties":{"code_muni":4314555,"abbrev_state":"RS","name_state":"Rio Grande do Sul","name_region":"Sul","name_muni":"Pirapó","code_state":43,"code_region":4,"year":2020}},{"type":"Polygon","arcs":[[2747,-2731,2748,-1448,2749,-2689,2750,-958,2751,-768,2752,-1372]],"properties":{"code_muni":4314605,"abbrev_state":"RS","name_state":"Rio Grande do Sul","name_region":"Sul","name_muni":"Piratini","code_state":43,"code_region":4,"year":2020}},{"type":"Polygon","arcs":[[2753,-1931,2754,-135,2755,2756,2757,-2402,-89]],"properties":{"code_muni":4314704,"abbrev_state":"RS","name_state":"Rio Grande do Sul","name_region":"Sul","name_muni":"Planalto","code_state":43,"code_region":4,"year":2020}},{"type":"Polygon","arcs":[[2758,2759,-465,2760,2761,2762,-548,2763,2764]],"properties":{"code_muni":4314753,"abbrev_state":"RS","name_state":"Rio Grande do Sul","name_region":"Sul","name_muni":"Poço das Antas","code_state":43,"code_region":4,"year":2020}},{"type":"Polygon","arcs":[[2765,2766,2767,-1115,2768,-1120,2769,-848,2770,-2657,2771,-2655,2772,-1163,2773,2774,2775,2776,2777,2778,2779]],"properties":{"code_muni":4314779,"abbrev_state":"RS","name_state":"Rio Grande do Sul","name_region":"Sul","name_muni":"Pontão","code_state":43,"code_region":4,"year":2020}},{"type":"Polygon","arcs":[[2780,2781,-1227,2782,-705,2783,-2003,2784,-2668,2785,-319,2786]],"properties":{"code_muni":4314787,"abbrev_state":"RS","name_state":"Rio Grande do Sul","name_region":"Sul","name_muni":"Ponte Preta","code_state":43,"code_region":4,"year":2020}},{"type":"Polygon","arcs":[[2787,2788,2789,2790,-839,2791,-2516,2792,2793,2794,2795,2796,2797,2798,-1506,2799,2800,2801]],"properties":{"code_muni":4314803,"abbrev_state":"RS","name_state":"Rio Grande do Sul","name_region":"Sul","name_muni":"Portão","code_state":43,"code_region":4,"year":2020}},{"type":"Polygon","arcs":[[2802,-2511,2803,-1355,2804,2805,2806,-111,2807,-608,2808,-783]],"properties":{"code_muni":4314902,"abbrev_state":"RS","name_state":"Rio Grande do Sul","name_region":"Sul","name_muni":"Porto Alegre","code_state":43,"code_region":4,"year":2020}},{"type":"Polygon","arcs":[[2809,2810,2811,2812,2813,-698,2814,-744,2815,2816,2817,2818]],"properties":{"code_muni":4315008,"abbrev_state":"RS","name_state":"Rio Grande do Sul","name_region":"Sul","name_muni":"Porto Lucena","code_state":43,"code_region":4,"year":2020}},{"type":"Polygon","arcs":[[2819,-52,2820,2821,2822,-2529]],"properties":{"code_muni":4315057,"abbrev_state":"RS","name_state":"Rio Grande do Sul","name_region":"Sul","name_muni":"Porto Mauá","code_state":43,"code_region":4,"year":2020}},{"type":"Polygon","arcs":[[2823,-2819,2824,2825,2826,-47]],"properties":{"code_muni":4315073,"abbrev_state":"RS","name_state":"Rio Grande do Sul","name_region":"Sul","name_muni":"Porto Vera Cruz","code_state":43,"code_region":4,"year":2020}},{"type":"Polygon","arcs":[[2827,2828,2829,2830,2831,2832,-2811]],"properties":{"code_muni":4315107,"abbrev_state":"RS","name_state":"Rio Grande do Sul","name_region":"Sul","name_muni":"Porto Xavier","code_state":43,"code_region":4,"year":2020}},{"type":"Polygon","arcs":[[2833,2834,-1614,2835,2836,2837,-2247,2838,-2256,2839,2840,-1108,2841]],"properties":{"code_muni":4315131,"abbrev_state":"RS","name_state":"Rio Grande do Sul","name_region":"Sul","name_muni":"Pouso Novo","code_state":43,"code_region":4,"year":2020}},{"type":"Polygon","arcs":[[2842,2843,2844,-2159,2845,-1980,2846,-2707]],"properties":{"code_muni":4315149,"abbrev_state":"RS","name_state":"Rio Grande do Sul","name_region":"Sul","name_muni":"Presidente Lucena","code_state":43,"code_region":4,"year":2020}},{"type":"Polygon","arcs":[[2847,-384,2848,-514,2849,-787,2850,-2249,2851,-2837,2852,-1612]],"properties":{"code_muni":4315156,"abbrev_state":"RS","name_state":"Rio Grande do Sul","name_region":"Sul","name_muni":"Progresso","code_state":43,"code_region":4,"year":2020}},{"type":"Polygon","arcs":[[2853,-2488,2854,2855,2856,-162,-1919,2857,-143]],"properties":{"code_muni":4315172,"abbrev_state":"RS","name_state":"Rio Grande do Sul","name_region":"Sul","name_muni":"Protásio Alves","code_state":43,"code_region":4,"year":2020}},{"type":"Polygon","arcs":[[-1889,2858,-259,2859,-1617,2860,2861,-2834,2862,-1106,2863,2864,-1337,2865,-154,2866]],"properties":{"code_muni":4315206,"abbrev_state":"RS","name_state":"Rio Grande do Sul","name_region":"Sul","name_muni":"Putinga","code_state":43,"code_region":4,"year":2020}},{"type":"Polygon","arcs":[[-54,2867,2868,2869,2870,2871,2872]],"properties":{"code_muni":4315305,"abbrev_state":"RS","name_state":"Rio Grande do Sul","name_region":"Sul","name_muni":"Quaraí","code_state":43,"code_region":4,"year":2020}},{"type":"Polygon","arcs":[[2873,-2008,2874,2875,2876,-2778,2877,2878,2879,2880,2881,-1923,-1409,2882,2883,-2671]],"properties":{"code_muni":4315313,"abbrev_state":"RS","name_state":"Rio Grande do Sul","name_region":"Sul","name_muni":"Quatro Irmãos","code_state":43,"code_region":4,"year":2020}},{"type":"Polygon","arcs":[[2884,-2039,2885,2886,2887,2888,2889,-2054,2890,2891]],"properties":{"code_muni":4315321,"abbrev_state":"RS","name_state":"Rio Grande do Sul","name_region":"Sul","name_muni":"Quevedos","code_state":43,"code_region":4,"year":2020}},{"type":"Polygon","arcs":[[2892,-1214,2893,-1641,2894,-1639,-724,2895,-722,-96,2896,2897,2898,-1861]],"properties":{"code_muni":4315354,"abbrev_state":"RS","name_state":"Rio Grande do Sul","name_region":"Sul","name_muni":"Quinze de Novembro","code_state":43,"code_region":4,"year":2020}},{"type":"Polygon","arcs":[[2899,2900,-2302,2901,-542,2902,-1141,2903,-1282,2904,-1463]],"properties":{"code_muni":4315404,"abbrev_state":"RS","name_state":"Rio Grande do Sul","name_region":"Sul","name_muni":"Redentora","code_state":43,"code_region":4,"year":2020}},{"type":"Polygon","arcs":[[2905,-2864,-1114,2906,-2438,2907,-1357,2908,-1339]],"properties":{"code_muni":4315453,"abbrev_state":"RS","name_state":"Rio Grande do Sul","name_region":"Sul","name_muni":"Relvado","code_state":43,"code_region":4,"year":2020}},{"type":"Polygon","arcs":[[2909,2910,2911,2912,2913,-1622,2914,-593,2915,2916,-2618,2917,-2616,2918,-26,2919,-24,2920,-1325,2921]],"properties":{"code_muni":4315503,"abbrev_state":"RS","name_state":"Rio Grande do Sul","name_region":"Sul","name_muni":"Restinga Sêca","code_state":43,"code_region":4,"year":2020}},{"type":"Polygon","arcs":[[2922,-92,2923,-2400]],"properties":{"code_muni":4315552,"abbrev_state":"RS","name_state":"Rio Grande do Sul","name_region":"Sul","name_muni":"Rio dos Índios","code_state":43,"code_region":4,"year":2020}},{"type":"Polygon","arcs":[[-821,2924,-251,2925,2926,2927,-2700]],"properties":{"code_muni":4315602,"abbrev_state":"RS","name_state":"Rio Grande do Sul","name_region":"Sul","name_muni":"Rio Grande","code_state":43,"code_region":4,"year":2020}},{"type":"Polygon","arcs":[[-739,-601,2928,-1379,2929,-2605,-561,2930,-2292,2931,2932,-2649,2933,-2647,2934,2935,2936,2937,2938]],"properties":{"code_muni":4315701,"abbrev_state":"RS","name_state":"Rio Grande do Sul","name_region":"Sul","name_muni":"Rio Pardo","code_state":43,"code_region":4,"year":2020}},{"type":"Polygon","arcs":[[2939,2940,2941,2942,-866,2943,-2192]],"properties":{"code_muni":4315750,"abbrev_state":"RS","name_state":"Rio Grande do Sul","name_region":"Sul","name_muni":"Riozinho","code_state":43,"code_region":4,"year":2020}},{"type":"Polygon","arcs":[[-1366,2944,-1364,2945,-1362,-213,2946,-1067,2947,-1895,2948,-1146,2949,2950,2951,-2371]],"properties":{"code_muni":4315800,"abbrev_state":"RS","name_state":"Rio Grande do Sul","name_region":"Sul","name_muni":"Roca Sales","code_state":43,"code_region":4,"year":2020}},{"type":"Polygon","arcs":[[-133,2952,2953,-1202,2954,-2715,-2535,2955,-2144,2956,-2757,2957]],"properties":{"code_muni":4315909,"abbrev_state":"RS","name_state":"Rio Grande do Sul","name_region":"Sul","name_muni":"Rodeio Bonito","code_state":43,"code_region":4,"year":2020}},{"type":"Polygon","arcs":[[2958,2959,2960,2961,2962,2963,2964,2965,2966,2967,-624,2968,-2284,2969,-992]],"properties":{"code_muni":4315958,"abbrev_state":"RS","name_state":"Rio Grande do Sul","name_region":"Sul","name_muni":"Rolador","code_state":43,"code_region":4,"year":2020}},{"type":"Polygon","arcs":[[2970,2971,2972,2973,2974,2975,-2942]],"properties":{"code_muni":4316006,"abbrev_state":"RS","name_state":"Rio Grande do Sul","name_region":"Sul","name_muni":"Rolante","code_state":43,"code_region":4,"year":2020}},{"type":"Polygon","arcs":[[-1383,2976,2977,2978,-2780,2979,-2876,2980,-2006,2981,-701,2982]],"properties":{"code_muni":4316105,"abbrev_state":"RS","name_state":"Rio Grande do Sul","name_region":"Sul","name_muni":"Ronda Alta","code_state":43,"code_region":4,"year":2020}},{"type":"Polygon","arcs":[[-1382,2983,-1101,2984,-2549,2985,2986,-2977]],"properties":{"code_muni":4316204,"abbrev_state":"RS","name_state":"Rio Grande do Sul","name_region":"Sul","name_muni":"Rondinha","code_state":43,"code_region":4,"year":2020}},{"type":"Polygon","arcs":[[2987,2988,-2747,2989,-2745,2990,-1267,2991,-1265,2992,-1263,2993,2994,2995,2996,-2964,2997,2998,2999,3000,3001,3002,3003,-2830]],"properties":{"code_muni":4316303,"abbrev_state":"RS","name_state":"Rio Grande do Sul","name_region":"Sul","name_muni":"Roque Gonzales","code_state":43,"code_region":4,"year":2020}},{"type":"Polygon","arcs":[[-581,3004,-56,3005,-2872,3006,3007,3008,-1311,3009,3010,3011]],"properties":{"code_muni":4316402,"abbrev_state":"RS","name_state":"Rio Grande do Sul","name_region":"Sul","name_muni":"Rosário do Sul","code_state":43,"code_region":4,"year":2020}},{"type":"Polygon","arcs":[[-1097,3012,-977,-2132,3013,3014,3015,3016,3017,-2543,3018,-2541,3019]],"properties":{"code_muni":4316428,"abbrev_state":"RS","name_state":"Rio Grande do Sul","name_region":"Sul","name_muni":"Sagrada Família","code_state":43,"code_region":4,"year":2020}},{"type":"Polygon","arcs":[[3020,3021,3022,-1866,3023,-1076,3024,-1074,-856]],"properties":{"code_muni":4316436,"abbrev_state":"RS","name_state":"Rio Grande do Sul","name_region":"Sul","name_muni":"Saldanha Marinho","code_state":43,"code_region":4,"year":2020}},{"type":"Polygon","arcs":[[-1636,3025,-2066,3026,-1530,-233,3027,-1998,3028]],"properties":{"code_muni":4316451,"abbrev_state":"RS","name_state":"Rio Grande do Sul","name_region":"Sul","name_muni":"Salto do Jacuí","code_state":43,"code_region":4,"year":2020}},{"type":"Polygon","arcs":[[3029,3030,3031,-2959,-991,3032,-689]],"properties":{"code_muni":4316477,"abbrev_state":"RS","name_state":"Rio Grande do Sul","name_region":"Sul","name_muni":"Salvador das Missões","code_state":43,"code_region":4,"year":2020}},{"type":"Polygon","arcs":[[3033,3034,-2765,3035,-2205,3036,3037,3038,3039]],"properties":{"code_muni":4316501,"abbrev_state":"RS","name_state":"Rio Grande do Sul","name_region":"Sul","name_muni":"Salvador do Sul","code_state":43,"code_region":4,"year":2020}},{"type":"Polygon","arcs":[[-952,3040,-1606,3041,-1031,3042,-1839,3043,-2105,3044,3045,3046,-618,3047,3048]],"properties":{"code_muni":4316600,"abbrev_state":"RS","name_state":"Rio Grande do Sul","name_region":"Sul","name_muni":"Sananduva","code_state":43,"code_region":4,"year":2020}},{"type":"Polygon","arcs":[[-1004,3049,-2580,3050,-1092,3051,-2603,3052,-2696,3053,-1218,3054,-1858,3055,-3022,3056,-854,3057]],"properties":{"code_muni":4316709,"abbrev_state":"RS","name_state":"Rio Grande do Sul","name_region":"Sul","name_muni":"Santa Bárbara do Sul","code_state":43,"code_region":4,"year":2020}},{"type":"Polygon","arcs":[[3058,3059,-16,-1052,3060,-905,3061,-1832,3062]],"properties":{"code_muni":4316733,"abbrev_state":"RS","name_state":"Rio Grande do Sul","name_region":"Sul","name_muni":"Santa Cecília do Sul","code_state":43,"code_region":4,"year":2020}},{"type":"Polygon","arcs":[[3063,3064,3065,-1231,3066,-2122,-1628,3067]],"properties":{"code_muni":4316758,"abbrev_state":"RS","name_state":"Rio Grande do Sul","name_region":"Sul","name_muni":"Santa Clara do Sul","code_state":43,"code_region":4,"year":2020}},{"type":"Polygon","arcs":[[3068,3069,3070,3071,3072,-2936,3073,-2645,3074,3075]],"properties":{"code_muni":4316808,"abbrev_state":"RS","name_state":"Rio Grande do Sul","name_region":"Sul","name_muni":"Santa Cruz do Sul","code_state":43,"code_region":4,"year":2020}},{"type":"Polygon","arcs":[[-1937,3076,3077,3078,3079,3080,3081,-1272,3082,3083,3084,3085,3086,-1619,3087,-2913,3088,3089,-2057]],"properties":{"code_muni":4316907,"abbrev_state":"RS","name_state":"Rio Grande do Sul","name_region":"Sul","name_muni":"Santa Maria","code_state":43,"code_region":4,"year":2020}},{"type":"Polygon","arcs":[[-2481,-2710,3090,-2360,3091,-2458,3092,3093,3094,-1723]],"properties":{"code_muni":4316956,"abbrev_state":"RS","name_state":"Rio Grande do Sul","name_region":"Sul","name_muni":"Santa Maria do Herval","code_state":43,"code_region":4,"year":2020}},{"type":"Polygon","arcs":[[3095,-2135,3096,3097]],"properties":{"code_muni":4316972,"abbrev_state":"RS","name_state":"Rio Grande do Sul","name_region":"Sul","name_muni":"Santa Margarida do Sul","code_state":43,"code_region":4,"year":2020}},{"type":"Polygon","arcs":[[3098,-573,3099,-2732,-2748,-1371,3100,-597]],"properties":{"code_muni":4317004,"abbrev_state":"RS","name_state":"Rio Grande do Sul","name_region":"Sul","name_muni":"Santana da Boa Vista","code_state":43,"code_region":4,"year":2020}},{"type":"Polygon","arcs":[[3101,-2870,3102,-1313,3103,-3008]],"properties":{"code_muni":4317103,"abbrev_state":"RS","name_state":"Rio Grande do Sul","name_region":"Sul","name_muni":"Sant'ana do Livramento","code_state":43,"code_region":4,"year":2020}},{"type":"Polygon","arcs":[[3104,3105,3106,-749,3107,3108,3109,3110,3111,-1702,3112]],"properties":{"code_muni":4317202,"abbrev_state":"RS","name_state":"Rio Grande do Sul","name_region":"Sul","name_muni":"Santa Rosa","code_state":43,"code_region":4,"year":2020}},{"type":"Polygon","arcs":[[3113,-1158,3114,3115,-2373,3116,-2951,3117,-1144,3118,-1658,3119,-400,-2322]],"properties":{"code_muni":4317251,"abbrev_state":"RS","name_state":"Rio Grande do Sul","name_region":"Sul","name_muni":"Santa Tereza","code_state":43,"code_region":4,"year":2020}},{"type":"Polygon","arcs":[[3120,-1045,3121,-2927]],"properties":{"code_muni":4317301,"abbrev_state":"RS","name_state":"Rio Grande do Sul","name_region":"Sul","name_muni":"Santa Vitória do Palmar","code_state":43,"code_region":4,"year":2020}},{"type":"Polygon","arcs":[[3122,-1945,3123,3124,3125,3126,3127,-2452,3128,-2025,-2035,3129,3130,3131,-810,3132,-520]],"properties":{"code_muni":4317400,"abbrev_state":"RS","name_state":"Rio Grande do Sul","name_region":"Sul","name_muni":"Santiago","code_state":43,"code_region":4,"year":2020}},{"type":"Polygon","arcs":[[3133,3134,-1782,3135,3136,3137,-1396,3138,-920,3139,-1708]],"properties":{"code_muni":4317509,"abbrev_state":"RS","name_state":"Rio Grande do Sul","name_region":"Sul","name_muni":"Santo Ângelo","code_state":43,"code_region":4,"year":2020}},{"type":"Polygon","arcs":[[-1691,3140,-2225,3141,3142,3143,-888,3144,3145,3146,-1055]],"properties":{"code_muni":4317558,"abbrev_state":"RS","name_state":"Rio Grande do Sul","name_region":"Sul","name_muni":"Santo Antônio do Palma","code_state":43,"code_region":4,"year":2020}},{"type":"Polygon","arcs":[[3147,3148,-1717,3149,3150,3151,-823,3152,-2561,3153,-868,3154,-2975]],"properties":{"code_muni":4317608,"abbrev_state":"RS","name_state":"Rio Grande do Sul","name_region":"Sul","name_muni":"Santo Antônio da Patrulha","code_state":43,"code_region":4,"year":2020}},{"type":"Polygon","arcs":[[3155,-1666,3156,3157,3158,-1939,3159,-516,3160,3161,3162]],"properties":{"code_muni":4317707,"abbrev_state":"RS","name_state":"Rio Grande do Sul","name_region":"Sul","name_muni":"Santo Antônio das Missões","code_state":43,"code_region":4,"year":2020}},{"type":"Polygon","arcs":[[-861,3163,-2391,3164,3165,3166,-1427,3167,-2660,3168]],"properties":{"code_muni":4317756,"abbrev_state":"RS","name_state":"Rio Grande do Sul","name_region":"Sul","name_muni":"Santo Antônio do Planalto","code_state":43,"code_region":4,"year":2020}},{"type":"Polygon","arcs":[[3169,-717,3170,3171,3172,3173,-1042,3174,-2493,3175,-2500,-2577,3176,-1133]],"properties":{"code_muni":4317806,"abbrev_state":"RS","name_state":"Rio Grande do Sul","name_region":"Sul","name_muni":"Santo Augusto","code_state":43,"code_region":4,"year":2020}},{"type":"Polygon","arcs":[[-49,3177,-2826,3178,-2817,3179,-750,-3107,3180]],"properties":{"code_muni":4317905,"abbrev_state":"RS","name_state":"Rio Grande do Sul","name_region":"Sul","name_muni":"Santo Cristo","code_state":43,"code_region":4,"year":2020}},{"type":"Polygon","arcs":[[3181,-3046,3182,-2103,3183,3184,3185,3186,-620]],"properties":{"code_muni":4317954,"abbrev_state":"RS","name_state":"Rio Grande do Sul","name_region":"Sul","name_muni":"Santo Expedito do Sul","code_state":43,"code_region":4,"year":2020}},{"type":"Polygon","arcs":[[-1664,3187,-1954,3188,-2173,3189,3190,3191,-1941,3192,-3158,3193]],"properties":{"code_muni":4318002,"abbrev_state":"RS","name_state":"Rio Grande do Sul","name_region":"Sul","name_muni":"São Borja","code_state":43,"code_region":4,"year":2020}},{"type":"Polygon","arcs":[[3194,3195,-1057,3196,-3146,3197,-898,3198,-2610,3199]],"properties":{"code_muni":4318051,"abbrev_state":"RS","name_state":"Rio Grande do Sul","name_region":"Sul","name_muni":"São Domingos do Sul","code_state":43,"code_region":4,"year":2020}},{"type":"Polygon","arcs":[[3200,-2178,3201,-2188,3202,-61,3203,3204,3205,3206,3207,3208,3209,3210,3211,-2017,3212,-2454,3213,-3127,3214,3215]],"properties":{"code_muni":4318101,"abbrev_state":"RS","name_state":"Rio Grande do Sul","name_region":"Sul","name_muni":"São Francisco de Assis","code_state":43,"code_region":4,"year":2020}},{"type":"Polygon","arcs":[[-2317,3216,-945,3217,-763,3218,3219,3220,3221,3222,3223,3224,-2971,-2941,3225,-2204,3226,-1970,3227,3228,3229,-669,3230,-2029,3231,-2027,3232,-472,3233,-2319,3234]],"properties":{"code_muni":4318200,"abbrev_state":"RS","name_state":"Rio Grande do Sul","name_region":"Sul","name_muni":"São Francisco de Paula","code_state":43,"code_region":4,"year":2020}},{"type":"Polygon","arcs":[[3235,-585,3236,-583,3237,-3011,3238,-1309,3239,-2137,3240,-3098,3241,3242,3243,3244,-3084,3245,-1270]],"properties":{"code_muni":4318309,"abbrev_state":"RS","name_state":"Rio Grande do Sul","name_region":"Sul","name_muni":"São Gabriel","code_state":43,"code_region":4,"year":2020}},{"type":"Polygon","arcs":[[3246,3247,3248,-1679,3249,-563,-1302,3250,3251,-325,-221,3252,-1014,3253,-1012,3254]],"properties":{"code_muni":4318408,"abbrev_state":"RS","name_state":"Rio Grande do Sul","name_region":"Sul","name_muni":"São Jerônimo","code_state":43,"code_region":4,"year":2020}},{"type":"Polygon","arcs":[[3255,-887,3256,-953,-3049,3257,-616,3258,-2568]],"properties":{"code_muni":4318424,"abbrev_state":"RS","name_state":"Rio Grande do Sul","name_region":"Sul","name_muni":"São João da Urtiga","code_state":43,"code_region":4,"year":2020}},{"type":"Polygon","arcs":[[-1571,3259,3260,3261,-2910,3262,-1323,3263]],"properties":{"code_muni":4318432,"abbrev_state":"RS","name_state":"Rio Grande do Sul","name_region":"Sul","name_muni":"São João do Polêsine","code_state":43,"code_region":4,"year":2020}},{"type":"Polygon","arcs":[[3264,-1246,3265,3266,3267,-2614,-1749,3268,-2111,3269,-1845]],"properties":{"code_muni":4318440,"abbrev_state":"RS","name_state":"Rio Grande do Sul","name_region":"Sul","name_muni":"São Jorge","code_state":43,"code_region":4,"year":2020}},{"type":"Polygon","arcs":[[3270,3271,3272,-2582,-2552,3273,3274,3275,-2545,3276,-3017]],"properties":{"code_muni":4318457,"abbrev_state":"RS","name_state":"Rio Grande do Sul","name_region":"Sul","name_muni":"São José das Missões","code_state":43,"code_region":4,"year":2020}},{"type":"Polygon","arcs":[[-1615,-2835,-2862,3277]],"properties":{"code_muni":4318465,"abbrev_state":"RS","name_state":"Rio Grande do Sul","name_region":"Sul","name_muni":"São José do Herval","code_state":43,"code_region":4,"year":2020}},{"type":"Polygon","arcs":[[-2162,3278,-1588,3279,3280,3281,-2802,3282,-2154,3283,-2844,3284]],"properties":{"code_muni":4318481,"abbrev_state":"RS","name_state":"Rio Grande do Sul","name_region":"Sul","name_muni":"São José do Hortêncio","code_state":43,"code_region":4,"year":2020}},{"type":"Polygon","arcs":[[3285,3286,-68,3287,3288,-429]],"properties":{"code_muni":4318499,"abbrev_state":"RS","name_state":"Rio Grande do Sul","name_region":"Sul","name_muni":"São José do Inhacorá","code_state":43,"code_region":4,"year":2020}},{"type":"Polygon","arcs":[[3289,3290]],"properties":{"code_muni":4318507,"abbrev_state":"RS","name_state":"Rio Grande do Sul","name_region":"Sul","name_muni":"São José do Norte","code_state":43,"code_region":4,"year":2020}},{"type":"Polygon","arcs":[[3291,-2171,3292,-621,-3187,3293,3294,3295,-336]],"properties":{"code_muni":4318606,"abbrev_state":"RS","name_state":"Rio Grande do Sul","name_region":"Sul","name_muni":"São José do Ouro","code_state":43,"code_region":4,"year":2020}},{"type":"Polygon","arcs":[[-3038,3296,-2211,3297,-2331,-2623,3298,-1787,3299]],"properties":{"code_muni":4318614,"abbrev_state":"RS","name_state":"Rio Grande do Sul","name_region":"Sul","name_muni":"São José do Sul","code_state":43,"code_region":4,"year":2020}},{"type":"Polygon","arcs":[[3300,-476,3301,-2032,3302,-665]],"properties":{"code_muni":4318622,"abbrev_state":"RS","name_state":"Rio Grande do Sul","name_region":"Sul","name_muni":"São José dos Ausentes","code_state":43,"code_region":4,"year":2020}},{"type":"Polygon","arcs":[[3303,-1508,3304,-2798,3305,-2796,3306,3307,-2523]],"properties":{"code_muni":4318705,"abbrev_state":"RS","name_state":"Rio Grande do Sul","name_region":"Sul","name_muni":"São Leopoldo","code_state":43,"code_region":4,"year":2020}},{"type":"Polygon","arcs":[[-1192,3308,-776,3309,-2703,3310,3311,-652,3312]],"properties":{"code_muni":4318804,"abbrev_state":"RS","name_state":"Rio Grande do Sul","name_region":"Sul","name_muni":"São Lourenço do Sul","code_state":43,"code_region":4,"year":2020}},{"type":"Polygon","arcs":[[-1262,3313,3314,3315,-3162,3316,-526,3317,3318,3319,3320,3321,3322,-627,3323,3324,-2967,3325,3326,-2996,3327,-2994]],"properties":{"code_muni":4318903,"abbrev_state":"RS","name_state":"Rio Grande do Sul","name_region":"Sul","name_muni":"São Luiz Gonzaga","code_state":43,"code_region":4,"year":2020}},{"type":"Polygon","arcs":[[3328,-177,3329,-175,3330,-1600,3331,-932]],"properties":{"code_muni":4319000,"abbrev_state":"RS","name_state":"Rio Grande do Sul","name_region":"Sul","name_muni":"São Marcos","code_state":43,"code_region":4,"year":2020}},{"type":"Polygon","arcs":[[3332,-431,3333,3334,-66,3335,-76,3336,3337,-3172,3338,-715,3339,3340]],"properties":{"code_muni":4319109,"abbrev_state":"RS","name_state":"Rio Grande do Sul","name_region":"Sul","name_muni":"São Martinho","code_state":43,"code_region":4,"year":2020}},{"type":"Polygon","arcs":[[-2055,-2890,3341,3342,3343,-3079,3344,-1934,3345]],"properties":{"code_muni":4319125,"abbrev_state":"RS","name_state":"Rio Grande do Sul","name_region":"Sul","name_muni":"São Martinho da Serra","code_state":43,"code_region":4,"year":2020}},{"type":"Polygon","arcs":[[3346,-3319,3347,-524,3348,-814,3349,3350,3351,-2043,3352,-1539,3353,-1390,3354,-1388,3355,3356]],"properties":{"code_muni":4319158,"abbrev_state":"RS","name_state":"Rio Grande do Sul","name_region":"Sul","name_muni":"São Miguel das Missões","code_state":43,"code_region":4,"year":2020}},{"type":"Polygon","arcs":[[3357,-1667,-3156,3358,-3315,3359,-1260,3360,-2742]],"properties":{"code_muni":4319208,"abbrev_state":"RS","name_state":"Rio Grande do Sul","name_region":"Sul","name_muni":"São Nicolau","code_state":43,"code_region":4,"year":2020}},{"type":"Polygon","arcs":[[3361,-2832,3362,-3003,3363,-3001,3364,3365,3366,3367,-687,3368,-2813]],"properties":{"code_muni":4319307,"abbrev_state":"RS","name_state":"Rio Grande do Sul","name_region":"Sul","name_muni":"São Paulo das Missões","code_state":43,"code_region":4,"year":2020}},{"type":"Polygon","arcs":[[3369,-3034,3370,3371,-309]],"properties":{"code_muni":4319356,"abbrev_state":"RS","name_state":"Rio Grande do Sul","name_region":"Sul","name_muni":"São Pedro da Serra","code_state":43,"code_region":4,"year":2020}},{"type":"Polygon","arcs":[[3372,-421,3373,-2584,3374,-3272,3375,-3015,3376,-2130]],"properties":{"code_muni":4319364,"abbrev_state":"RS","name_state":"Rio Grande do Sul","name_region":"Sul","name_muni":"São Pedro das Missões","code_state":43,"code_region":4,"year":2020}},{"type":"Polygon","arcs":[[-3366,3377,-2999,3378,-2962,3379,-2960,-3032,3380]],"properties":{"code_muni":4319372,"abbrev_state":"RS","name_state":"Rio Grande do Sul","name_region":"Sul","name_muni":"São Pedro do Butiá","code_state":43,"code_region":4,"year":2020}},{"type":"Polygon","arcs":[[3381,3382,-2263,3383,3384,3385,-589,3386,-1274,3387,-3081,3388,-3343,3389,-2888]],"properties":{"code_muni":4319406,"abbrev_state":"RS","name_state":"Rio Grande do Sul","name_region":"Sul","name_muni":"São Pedro do Sul","code_state":43,"code_region":4,"year":2020}},{"type":"Polygon","arcs":[[3390,-482,3391,-1791,3392,-2625,-841,3393,-2790,3394,3395,-3281,3396,-1586,3397]],"properties":{"code_muni":4319505,"abbrev_state":"RS","name_state":"Rio Grande do Sul","name_region":"Sul","name_muni":"São Sebastião do Caí","code_state":43,"code_region":4,"year":2020}},{"type":"Polygon","arcs":[[-3086,3398,-3244,3399,3400,3401,-2142,3402,-567,3403,-594,-2915,-1621,3404]],"properties":{"code_muni":4319604,"abbrev_state":"RS","name_state":"Rio Grande do Sul","name_region":"Sul","name_muni":"São Sepé","code_state":43,"code_region":4,"year":2020}},{"type":"Polygon","arcs":[[-1458,3405,-392,3406,-1404,3407,-1229,-2781,3408,-317,-1972]],"properties":{"code_muni":4319703,"abbrev_state":"RS","name_state":"Rio Grande do Sul","name_region":"Sul","name_muni":"São Valentim","code_state":43,"code_region":4,"year":2020}},{"type":"Polygon","arcs":[[-1157,3409,-1294,3410,3411,3412,-2366,3413,-3115]],"properties":{"code_muni":4319711,"abbrev_state":"RS","name_state":"Rio Grande do Sul","name_region":"Sul","name_muni":"São Valentim do Sul","code_state":43,"code_region":4,"year":2020}},{"type":"Polygon","arcs":[[-3173,-3338,3414,-74,3415,-1916,3416,-1044,3417]],"properties":{"code_muni":4319737,"abbrev_state":"RS","name_state":"Rio Grande do Sul","name_region":"Sul","name_muni":"São Valério do Sul","code_state":43,"code_region":4,"year":2020}},{"type":"Polygon","arcs":[[-312,-485,-104,3418]],"properties":{"code_muni":4319752,"abbrev_state":"RS","name_state":"Rio Grande do Sul","name_region":"Sul","name_muni":"São Vendelino","code_state":43,"code_region":4,"year":2020}},{"type":"Polygon","arcs":[[-2020,3419,3420,-3211,3421,-3209,3422,-3207,3423,-3205,3424,-59,-579,3425,-577,3426,-3385,3427,3428,-2260,3429,-2258,3430]],"properties":{"code_muni":4319802,"abbrev_state":"RS","name_state":"Rio Grande do Sul","name_region":"Sul","name_muni":"São Vicente do Sul","code_state":43,"code_region":4,"year":2020}},{"type":"Polygon","arcs":[[3431,-1280,-708,-2527,3432,3433,-188,-2460,3434,-2358]],"properties":{"code_muni":4319901,"abbrev_state":"RS","name_state":"Rio Grande do Sul","name_region":"Sul","name_muni":"Sapiranga","code_state":43,"code_region":4,"year":2020}},{"type":"Polygon","arcs":[[-2794,3435,-2514,-1518,3436,-1741,3437,-3308,3438]],"properties":{"code_muni":4320008,"abbrev_state":"RS","name_state":"Rio Grande do Sul","name_region":"Sul","name_muni":"Sapucaia do Sul","code_state":43,"code_region":4,"year":2020}},{"type":"Polygon","arcs":[[3439,-3275,3440,-2558,3441,-365,3442,-375,3443,-2436,3444,-2434,3445,-83,3446,-1117,3447,-2767,3448,-2978,-2987,3449,-2547]],"properties":{"code_muni":4320107,"abbrev_state":"RS","name_state":"Rio Grande do Sul","name_region":"Sul","name_muni":"Sarandi","code_state":43,"code_region":4,"year":2020}},{"type":"Polygon","arcs":[[-1652,3450,3451,3452,-1467,3453,-411,3454,-1987,3455,-2712,3456,-1198,3457]],"properties":{"code_muni":4320206,"abbrev_state":"RS","name_state":"Rio Grande do Sul","name_region":"Sul","name_muni":"Seberi","code_state":43,"code_region":4,"year":2020}},{"type":"Polygon","arcs":[[3458,-433,3459,-3341,3460,-713,3461,-1815]],"properties":{"code_muni":4320230,"abbrev_state":"RS","name_state":"Rio Grande do Sul","name_region":"Sul","name_muni":"Sede Nova","code_state":43,"code_region":4,"year":2020}},{"type":"Polygon","arcs":[[3462,-240,3463,3464,3465,-2633,3466,-2079,3467,3468,3469]],"properties":{"code_muni":4320263,"abbrev_state":"RS","name_state":"Rio Grande do Sul","name_region":"Sul","name_muni":"Segredo","code_state":43,"code_region":4,"year":2020}},{"type":"Polygon","arcs":[[3470,-1863,3471,-2898,3472,-94,3473,3474,3475,3476,-2092,3477,-1080]],"properties":{"code_muni":4320305,"abbrev_state":"RS","name_state":"Rio Grande do Sul","name_region":"Sul","name_muni":"Selbach","code_state":43,"code_region":4,"year":2020}},{"type":"Polygon","arcs":[[3478,3479,3480,-1785,3481,3482,3483,-1704,3484,-3111]],"properties":{"code_muni":4320321,"abbrev_state":"RS","name_state":"Rio Grande do Sul","name_region":"Sul","name_muni":"Senador Salgado Filho","code_state":43,"code_region":4,"year":2020}},{"type":"Polygon","arcs":[[3485,-357,3486,3487,3488,3489,-986,3490,-656,3491,3492]],"properties":{"code_muni":4320354,"abbrev_state":"RS","name_state":"Rio Grande do Sul","name_region":"Sul","name_muni":"Sentinela do Sul","code_state":43,"code_region":4,"year":2020}},{"type":"Polygon","arcs":[[3493,-2313,3494,3495,3496,3497,-2426,3498,-2421,-893]],"properties":{"code_muni":4320404,"abbrev_state":"RS","name_state":"Rio Grande do Sul","name_region":"Sul","name_muni":"Serafina Corrêa","code_state":43,"code_region":4,"year":2020}},{"type":"Polygon","arcs":[[3499,-510,3500,3501,-3064,3502,-1626,3503,-790]],"properties":{"code_muni":4320453,"abbrev_state":"RS","name_state":"Rio Grande do Sul","name_region":"Sul","name_muni":"Sério","code_state":43,"code_region":4,"year":2020}},{"type":"Polygon","arcs":[[3504,-1695,3505,-1501,-1925,3506,-2881,3507,-2879,3508,3509,-2775,3510,-1161,3511,3512,3513,3514,-1026]],"properties":{"code_muni":4320503,"abbrev_state":"RS","name_state":"Rio Grande do Sul","name_region":"Sul","name_muni":"Sertão","code_state":43,"code_region":4,"year":2020}},{"type":"Polygon","arcs":[[-2237,3515,-329,3516,-989,3517,-3488,3518,-355,3519]],"properties":{"code_muni":4320552,"abbrev_state":"RS","name_state":"Rio Grande do Sul","name_region":"Sul","name_muni":"Sertão Santana","code_state":43,"code_region":4,"year":2020}},{"type":"Polygon","arcs":[[-1706,3520,-3483,3521,-1783,-3135,3522]],"properties":{"code_muni":4320578,"abbrev_state":"RS","name_state":"Rio Grande do Sul","name_region":"Sul","name_muni":"Sete de Setembro","code_state":43,"code_region":4,"year":2020}},{"type":"Polygon","arcs":[[3523,-2245,3524,3525,3526,3527,3528,-2230]],"properties":{"code_muni":4320602,"abbrev_state":"RS","name_state":"Rio Grande do Sul","name_region":"Sul","name_muni":"Severiano de Almeida","code_state":43,"code_region":4,"year":2020}},{"type":"Polygon","arcs":[[3529,-1976,3530,-2058,-3090,3531,3532,-3261,3533,-1569]],"properties":{"code_muni":4320651,"abbrev_state":"RS","name_state":"Rio Grande do Sul","name_region":"Sul","name_muni":"Silveira Martins","code_state":43,"code_region":4,"year":2020}},{"type":"Polygon","arcs":[[-1735,3534,-2083,3535,-2642,3536,-1800,3537,3538,3539,3540,3541,-3070,3542,3543,3544,-506,3545]],"properties":{"code_muni":4320677,"abbrev_state":"RS","name_state":"Rio Grande do Sul","name_region":"Sul","name_muni":"Sinimbu","code_state":43,"code_region":4,"year":2020}},{"type":"Polygon","arcs":[[3546,-238,3547,-1826,3548,-2076,3549,-2635,3550,-3465]],"properties":{"code_muni":4320701,"abbrev_state":"RS","name_state":"Rio Grande do Sul","name_region":"Sul","name_muni":"Sobradinho","code_state":43,"code_region":4,"year":2020}},{"type":"Polygon","arcs":[[3551,-2338,3552,-1494,3553,3554,3555,-2087,3556,-388,3557,-1609,-256,3558,-1948,-2411,3559,-660,3560,-2221,3561,-1853,3562,3563]],"properties":{"code_muni":4320800,"abbrev_state":"RS","name_state":"Rio Grande do Sul","name_region":"Sul","name_muni":"Soledade","code_state":43,"code_region":4,"year":2020}},{"type":"Polygon","arcs":[[-2679,3564,3565,3566,3567]],"properties":{"code_muni":4320859,"abbrev_state":"RS","name_state":"Rio Grande do Sul","name_region":"Sul","name_muni":"Tabaí","code_state":43,"code_region":4,"year":2020}},{"type":"Polygon","arcs":[[3568,-3514,3569,3570,3571,-18,3572,-3059,3573,-1830,3574,-1028]],"properties":{"code_muni":4320909,"abbrev_state":"RS","name_state":"Rio Grande do Sul","name_region":"Sul","name_muni":"Tapejara","code_state":43,"code_region":4,"year":2020}},{"type":"Polygon","arcs":[[3575,-3476,3576,-1485,3577,3578,3579,-2094]],"properties":{"code_muni":4321006,"abbrev_state":"RS","name_state":"Rio Grande do Sul","name_region":"Sul","name_muni":"Tapera","code_state":43,"code_region":4,"year":2020}},{"type":"Polygon","arcs":[[3580,-359,3581,-3493,3582,-185]],"properties":{"code_muni":4321105,"abbrev_state":"RS","name_state":"Rio Grande do Sul","name_region":"Sul","name_muni":"Tapes","code_state":43,"code_region":4,"year":2020}},{"type":"Polygon","arcs":[[3583,3584,-1874,3585,-2630,3586,-190,3587,3588,-2525,-1738,3589,-1720,3590,-1718,-3149,3591,-2973,3592,-3224,3593,-3222]],"properties":{"code_muni":4321204,"abbrev_state":"RS","name_state":"Rio Grande do Sul","name_region":"Sul","name_muni":"Taquara","code_state":43,"code_region":4,"year":2020}},{"type":"Polygon","arcs":[[-2677,3594,-1579,3595,-500,3596,-1683,3597,3598,-3566,3599]],"properties":{"code_muni":4321303,"abbrev_state":"RS","name_state":"Rio Grande do Sul","name_region":"Sul","name_muni":"Taquari","code_state":43,"code_region":4,"year":2020}},{"type":"Polygon","arcs":[[3600,3601,3602,3603,-2595,-1469,3604,-3452,3605,-1650]],"properties":{"code_muni":4321329,"abbrev_state":"RS","name_state":"Rio Grande do Sul","name_region":"Sul","name_muni":"Taquaruçu do Sul","code_state":43,"code_region":4,"year":2020}},{"type":"Polygon","arcs":[[3606,3607,-3291,3608,-2363]],"properties":{"code_muni":4321352,"abbrev_state":"RS","name_state":"Rio Grande do Sul","name_region":"Sul","name_muni":"Tavares","code_state":43,"code_region":4,"year":2020}},{"type":"Polygon","arcs":[[3609,-1255,3610,3611,3612,3613,3614,-2303,-2901,3615,-1461,3616,-2592,3617,3618,3619,-344]],"properties":{"code_muni":4321402,"abbrev_state":"RS","name_state":"Rio Grande do Sul","name_region":"Sul","name_muni":"Tenente Portela","code_state":43,"code_region":4,"year":2020}},{"type":"Polygon","arcs":[[3620,3621,3622,-1966,3623,-2200,3624,-803,3625,-215,3626]],"properties":{"code_muni":4321436,"abbrev_state":"RS","name_state":"Rio Grande do Sul","name_region":"Sul","name_muni":"Terra de Areia","code_state":43,"code_region":4,"year":2020}},{"type":"Polygon","arcs":[[3627,3628,-1071,-1529,3629,-1576,-2675,3630,-550,3631,-2762,3632,3633]],"properties":{"code_muni":4321451,"abbrev_state":"RS","name_state":"Rio Grande do Sul","name_region":"Sul","name_muni":"Teutônia","code_state":43,"code_region":4,"year":2020}},{"type":"Polygon","arcs":[[-1433,3634,3635,3636,3637,-2340,3638,-3564,3639,-1851,3640,-2395,3641]],"properties":{"code_muni":4321469,"abbrev_state":"RS","name_state":"Rio Grande do Sul","name_region":"Sul","name_muni":"Tio Hugo","code_state":43,"code_region":4,"year":2020}},{"type":"Polygon","arcs":[[3642,-1189,3643,-1187,3644,3645,3646,-1481]],"properties":{"code_muni":4321477,"abbrev_state":"RS","name_state":"Rio Grande do Sul","name_region":"Sul","name_muni":"Tiradentes do Sul","code_state":43,"code_region":4,"year":2020}},{"type":"Polygon","arcs":[[-2037,3647,-2265,3648,-3382,-2887,3649]],"properties":{"code_muni":4321493,"abbrev_state":"RS","name_state":"Rio Grande do Sul","name_region":"Sul","name_muni":"Toropi","code_state":43,"code_region":4,"year":2020}},{"type":"Polygon","arcs":[[3650,-2186,-2343,3651,-1308,-217]],"properties":{"code_muni":4321501,"abbrev_state":"RS","name_state":"Rio Grande do Sul","name_region":"Sul","name_muni":"Torres","code_state":43,"code_region":4,"year":2020}},{"type":"Polygon","arcs":[[-2563,-1048,3652,-1892]],"properties":{"code_muni":4321600,"abbrev_state":"RS","name_state":"Rio Grande do Sul","name_region":"Sul","name_muni":"Tramandaí","code_state":43,"code_region":4,"year":2020}},{"type":"Polygon","arcs":[[-1110,3653,3654,-2254,-206,3655,3656,-2441,3657]],"properties":{"code_muni":4321626,"abbrev_state":"RS","name_state":"Rio Grande do Sul","name_region":"Sul","name_muni":"Travesseiro","code_state":43,"code_region":4,"year":2020}},{"type":"Polygon","arcs":[[3658,3659,-199,3660,-1415,3661,-1670,3662,3663,3664,-3526]],"properties":{"code_muni":4321634,"abbrev_state":"RS","name_state":"Rio Grande do Sul","name_region":"Sul","name_muni":"Três Arroios","code_state":43,"code_region":4,"year":2020}},{"type":"Polygon","arcs":[[-1307,3665,-2346,3666,3667,-3627,-214]],"properties":{"code_muni":4321667,"abbrev_state":"RS","name_state":"Rio Grande do Sul","name_region":"Sul","name_muni":"Três Cachoeiras","code_state":43,"code_region":4,"year":2020}},{"type":"Polygon","arcs":[[3668,-761,3669,-1725,3670,3671,-1876,3672,-3584,-3221,3673]],"properties":{"code_muni":4321709,"abbrev_state":"RS","name_state":"Rio Grande do Sul","name_region":"Sul","name_muni":"Três Coroas","code_state":43,"code_region":4,"year":2020}},{"type":"Polygon","arcs":[[3674,-1805,3675,3676,-3113,-1701,3677,-1903,3678,-69,-3287,3679,-427,-2449,3680,-2447]],"properties":{"code_muni":4321808,"abbrev_state":"RS","name_state":"Rio Grande do Sul","name_region":"Sul","name_muni":"Três de Maio","code_state":43,"code_region":4,"year":2020}},{"type":"Polygon","arcs":[[-1968,3681,-3622,3682,-3667,-2345,3683,-2183,3684,-3229,3685]],"properties":{"code_muni":4321832,"abbrev_state":"RS","name_state":"Rio Grande do Sul","name_region":"Sul","name_muni":"Três Forquilhas","code_state":43,"code_region":4,"year":2020}},{"type":"Polygon","arcs":[[3686,3687,-2148,-1105,3688,-1384,-2983,-700,3689,-1224,3690,-1401,3691]],"properties":{"code_muni":4321857,"abbrev_state":"RS","name_state":"Rio Grande do Sul","name_region":"Sul","name_muni":"Três Palmeiras","code_state":43,"code_region":4,"year":2020}},{"type":"Polygon","arcs":[[-1253,-1483,3692,-3646,3693,-1185,3694,-1818,3695,-487,3696,-2297,3697,-3614,3698,-3612,3699]],"properties":{"code_muni":4321907,"abbrev_state":"RS","name_state":"Rio Grande do Sul","name_region":"Sul","name_muni":"Três Passos","code_state":43,"code_region":4,"year":2020}},{"type":"Polygon","arcs":[[3700,-2150,3701,-3687,3702,-1399,3703,-2408,3704,-1729,3705,-2405]],"properties":{"code_muni":4321956,"abbrev_state":"RS","name_state":"Rio Grande do Sul","name_region":"Sul","name_muni":"Trindade do Sul","code_state":43,"code_region":4,"year":2020}},{"type":"Polygon","arcs":[[3706,-2681,3707,-3567,-3599,3708,-1681,3709,-3248,3710,3711,-1021,3712,-1347,-2804,-2510,3713,-2325]],"properties":{"code_muni":4322004,"abbrev_state":"RS","name_state":"Rio Grande do Sul","name_region":"Sul","name_muni":"Triunfo","code_state":43,"code_region":4,"year":2020}},{"type":"Polygon","arcs":[[3714,-2533,3715,3716,-3105,-3677,3717,-1803,3718,-1330]],"properties":{"code_muni":4322103,"abbrev_state":"RS","name_state":"Rio Grande do Sul","name_region":"Sul","name_muni":"Tucunduva","code_state":43,"code_region":4,"year":2020}},{"type":"Polygon","arcs":[[3719,-2001,3720,-243,3721,-3469,3722,-2077,3723,-3555,3724,-1492]],"properties":{"code_muni":4322152,"abbrev_state":"RS","name_state":"Rio Grande do Sul","name_region":"Sul","name_muni":"Tunas","code_state":43,"code_region":4,"year":2020}},{"type":"Polygon","arcs":[[3725,-3185,3726,-2101,3727,-3295]],"properties":{"code_muni":4322186,"abbrev_state":"RS","name_state":"Rio Grande do Sul","name_region":"Sul","name_muni":"Tupanci do Sul","code_state":43,"code_region":4,"year":2020}},{"type":"Polygon","arcs":[[3728,-2047,3729,-2045,3730,-3351,3731,-812,3732,-3131,3733,-2041,3734,-2892,3735,-2052,3736,-1208,3737,-442]],"properties":{"code_muni":4322202,"abbrev_state":"RS","name_state":"Rio Grande do Sul","name_region":"Sul","name_muni":"Tupanciretã","code_state":43,"code_region":4,"year":2020}},{"type":"Polygon","arcs":[[-3372,3738,-3039,-3300,-1794,3739,-478,3740,-310]],"properties":{"code_muni":4322251,"abbrev_state":"RS","name_state":"Rio Grande do Sul","name_region":"Sul","name_muni":"Tupandi","code_state":43,"code_region":4,"year":2020}},{"type":"Polygon","arcs":[[3741,-2822,3742,-50,-3181,-3106,-3717,3743,-2531]],"properties":{"code_muni":4322301,"abbrev_state":"RS","name_state":"Rio Grande do Sul","name_region":"Sul","name_muni":"Tuparendi","code_state":43,"code_region":4,"year":2020}},{"type":"Polygon","arcs":[[-3311,-2702,3744]],"properties":{"code_muni":4322327,"abbrev_state":"RS","name_state":"Rio Grande do Sul","name_region":"Sul","name_muni":"Turuçu","code_state":43,"code_region":4,"year":2020}},{"type":"Polygon","arcs":[[-3109,3745,-747,3746,3747,-693,3748,-999,3749,-1772,3750,-3480,3751]],"properties":{"code_muni":4322343,"abbrev_state":"RS","name_state":"Rio Grande do Sul","name_region":"Sul","name_muni":"Ubiretama","code_state":43,"code_region":4,"year":2020}},{"type":"Polygon","arcs":[[-3496,3752,-2311,-2413,3753,-1951,3754,-265,3755,-1765,3756]],"properties":{"code_muni":4322350,"abbrev_state":"RS","name_state":"Rio Grande do Sul","name_region":"Sul","name_muni":"União da Serra","code_state":43,"code_region":4,"year":2020}},{"type":"Polygon","arcs":[[3757,-1943,3758,-3191,3759,-2180,3760,-3216,3761,-3125]],"properties":{"code_muni":4322376,"abbrev_state":"RS","name_state":"Rio Grande do Sul","name_region":"Sul","name_muni":"Unistalda","code_state":43,"code_region":4,"year":2020}},{"type":"Polygon","arcs":[[3762,-350,3763,-2868,-53,-1956]],"properties":{"code_muni":4322400,"abbrev_state":"RS","name_state":"Rio Grande do Sul","name_region":"Sul","name_muni":"Uruguaiana","code_state":43,"code_region":4,"year":2020}},{"type":"Polygon","arcs":[[3764,-1477,-2380,3765,-685,3766,-683,3767,-681,3768,-2314,-469]],"properties":{"code_muni":4322509,"abbrev_state":"RS","name_state":"Rio Grande do Sul","name_region":"Sul","name_muni":"Vacaria","code_state":43,"code_region":4,"year":2020}},{"type":"Polygon","arcs":[[3769,3770,3771,-2651,3772,-2932,-2295,-1675]],"properties":{"code_muni":4322525,"abbrev_state":"RS","name_state":"Rio Grande do Sul","name_region":"Sul","name_muni":"Vale Verde","code_state":43,"code_region":4,"year":2020}},{"type":"Polygon","arcs":[[-1798,3773,-2639,3774,-730,3775,3776,3777,-3539,3778]],"properties":{"code_muni":4322533,"abbrev_state":"RS","name_state":"Rio Grande do Sul","name_region":"Sul","name_muni":"Vale do Sol","code_state":43,"code_region":4,"year":2020}},{"type":"Polygon","arcs":[[-938,3779,-1560,3780,-108,3781,-1582,3782,-2476,3783]],"properties":{"code_muni":4322541,"abbrev_state":"RS","name_state":"Rio Grande do Sul","name_region":"Sul","name_muni":"Vale Real","code_state":43,"code_region":4,"year":2020}},{"type":"Polygon","arcs":[[3784,-1059,3785,-3195,3786,3787,-3267,3788,-1244]],"properties":{"code_muni":4322558,"abbrev_state":"RS","name_state":"Rio Grande do Sul","name_region":"Sul","name_muni":"Vanini","code_state":43,"code_region":4,"year":2020}},{"type":"Polygon","arcs":[[3789,-3544,3790,-3076,3791,-2653,3792,-3771,3793,-1684,-3597,-499,3794,-1234,-2280,3795,-3065,-3502,3796,-508]],"properties":{"code_muni":4322608,"abbrev_state":"RS","name_state":"Rio Grande do Sul","name_region":"Sul","name_muni":"Venâncio Aires","code_state":43,"code_region":4,"year":2020}},{"type":"Polygon","arcs":[[-3541,3797,-3777,3798,-741,3799,-2938,3800,-3072,3801]],"properties":{"code_muni":4322707,"abbrev_state":"RS","name_state":"Rio Grande do Sul","name_region":"Sul","name_muni":"Vera Cruz","code_state":43,"code_region":4,"year":2020}},{"type":"Polygon","arcs":[[3802,3803,-1550,3804,-1152,-397,3805,-408,3806,3807,3808,-2736,3809,-2501,-166,3810]],"properties":{"code_muni":4322806,"abbrev_state":"RS","name_state":"Rio Grande do Sul","name_region":"Sul","name_muni":"Veranópolis","code_state":43,"code_region":4,"year":2020}},{"type":"Polygon","arcs":[[3811,-1292,3812,-158,3813,-1345,3814,-2368,3815,-3412]],"properties":{"code_muni":4322855,"abbrev_state":"RS","name_state":"Rio Grande do Sul","name_region":"Sul","name_muni":"Vespasiano Corrêa","code_state":43,"code_region":4,"year":2020}},{"type":"Polygon","arcs":[[3816,-3528,3817,-3664,3818,-1668,3819,-285,3820,-956,3821,-883,3822,-2289,-2232]],"properties":{"code_muni":4322905,"abbrev_state":"RS","name_state":"Rio Grande do Sul","name_region":"Sul","name_muni":"Viadutos","code_state":43,"code_region":4,"year":2020}},{"type":"Polygon","arcs":[[-115,3823,-113,3824,-2806,3825,-825,3826,-3151,3827,-1715,3828,-1745,3829]],"properties":{"code_muni":4323002,"abbrev_state":"RS","name_state":"Rio Grande do Sul","name_region":"Sul","name_muni":"Viamão","code_state":43,"code_region":4,"year":2020}},{"type":"Polygon","arcs":[[3830,-641,3831,-1644,-1928]],"properties":{"code_muni":4323101,"abbrev_state":"RS","name_state":"Rio Grande do Sul","name_region":"Sul","name_muni":"Vicente Dutra","code_state":43,"code_region":4,"year":2020}},{"type":"Polygon","arcs":[[-1429,3832,-3166,3833,-2389,3834,-2096,3835,-3579,3836,-1497,-2336,3837,-2334,3838,-3636,3839,-1431,3840]],"properties":{"code_muni":4323200,"abbrev_state":"RS","name_state":"Rio Grande do Sul","name_region":"Sul","name_muni":"Victor Graeff","code_state":43,"code_region":4,"year":2020}},{"type":"Polygon","arcs":[[-2486,3841,-1552,3842,-3803,3843,-164,3844,-2856,3845]],"properties":{"code_muni":4323309,"abbrev_state":"RS","name_state":"Rio Grande do Sul","name_region":"Sul","name_muni":"Vila Flores","code_state":43,"code_region":4,"year":2020}},{"type":"Polygon","arcs":[[3846,-3512,-1171,3847,-2277,3848,-9,3849,-3571]],"properties":{"code_muni":4323358,"abbrev_state":"RS","name_state":"Rio Grande do Sul","name_region":"Sul","name_muni":"Vila Lângaro","code_state":43,"code_region":4,"year":2020}},{"type":"Polygon","arcs":[[-664,3850,-2416,3851,-2306,3852,-890,3853,-3143,3854,-2223]],"properties":{"code_muni":4323408,"abbrev_state":"RS","name_state":"Rio Grande do Sul","name_region":"Sul","name_muni":"Vila Maria","code_state":43,"code_region":4,"year":2020}},{"type":"Polygon","arcs":[[3855,-3242,-3097,-2134,3856,-3401]],"properties":{"code_muni":4323457,"abbrev_state":"RS","name_state":"Rio Grande do Sul","name_region":"Sul","name_muni":"Vila Nova do Sul","code_state":43,"code_region":4,"year":2020}},{"type":"Polygon","arcs":[[-637,3857,3858,-2597,3859,-3603,3860,-1647,3861]],"properties":{"code_muni":4323507,"abbrev_state":"RS","name_state":"Rio Grande do Sul","name_region":"Sul","name_muni":"Vista Alegre","code_state":43,"code_region":4,"year":2020}},{"type":"Polygon","arcs":[[-2429,3862,-1769,-1546,3863,-2484]],"properties":{"code_muni":4323606,"abbrev_state":"RS","name_state":"Rio Grande do Sul","name_region":"Sul","name_muni":"Vista Alegre do Prata","code_state":43,"code_region":4,"year":2020}},{"type":"Polygon","arcs":[[3864,-346,3865,-3619,3866,-2590,3867,-2725]],"properties":{"code_muni":4323705,"abbrev_state":"RS","name_state":"Rio Grande do Sul","name_region":"Sul","name_muni":"Vista Gaúcha","code_state":43,"code_region":4,"year":2020}},{"type":"Polygon","arcs":[[3868,-1780,3869,-630,3870,-3321,3871,-3357,3872,-1386,3873,-3137]],"properties":{"code_muni":4323754,"abbrev_state":"RS","name_state":"Rio Grande do Sul","name_region":"Sul","name_muni":"Vitória das Missões","code_state":43,"code_region":4,"year":2020}},{"type":"Polygon","arcs":[[3874,-1899,3875,-3634,3876,-463]],"properties":{"code_muni":4323770,"abbrev_state":"RS","name_state":"Rio Grande do Sul","name_region":"Sul","name_muni":"Westfália","code_state":43,"code_region":4,"year":2020}},{"type":"Polygon","arcs":[[3877,-2197,3878,-2565,3879,-806]],"properties":{"code_muni":4323804,"abbrev_state":"RS","name_state":"Rio Grande do Sul","name_region":"Sul","name_muni":"Xangri-Lá","code_state":43,"code_region":4,"year":2020}}]}},"arcs":[[[-54.4546416,-31.6528458],[-54.1585091,-31.8735442],[-54.1446494,-31.8818208],[-54.1405204,-31.8948926],[-54.1244801,-31.900029],[-54.1052823,-31.9129479],[-54.1005509,-31.9280786],[-54.0809081,-31.9294635],[-54.0404409,-31.8968187],[-54.0163711,-31.9010322],[-54.0068824,-31.9125759],[-53.9632615,-31.9219603],[-53.9725382,-31.9405453],[-53.9605805,-31.95528],[-53.9475107,-31.9546349]],[[-53.9475107,-31.9546349],[-53.9511932,-31.9322569],[-53.9550429,-31.9250058],[-53.9525085,-31.9232206],[-53.9437976,-31.9157084],[-53.9303304,-31.8969687],[-53.9315306,-31.8746443],[-53.9179905,-31.8579482],[-53.9138045,-31.856644]],[[-53.9138045,-31.856644],[-53.9130942,-31.8496366]],[[-53.9130942,-31.8496366],[-53.9116372,-31.8422804],[-53.9103784,-31.8391172],[-53.9149275,-31.8291156],[-53.9211919,-31.8054048],[-53.9105165,-31.8090381],[-53.9057973,-31.8079332]],[[-53.9057973,-31.8079332],[-53.9154152,-31.7895998],[-53.9301789,-31.7809702],[-53.946665,-31.7816801],[-53.9569168,-31.7673557],[-53.9760833,-31.7696179],[-53.9799091,-31.7489967],[-53.9605656,-31.6871395],[-53.9575727,-31.6694728],[-53.9686376,-31.654882],[-53.9638189,-31.6253826],[-53.9576644,-31.6136484],[-53.964523,-31.590667],[-53.9829274,-31.5684828],[-53.981237,-31.5555981],[-53.9919444,-31.5379754],[-53.9801681,-31.529299],[-53.9780558,-31.5111326],[-53.9626094,-31.4965607]],[[-53.9626094,-31.4965607],[-53.9590392,-31.492838]],[[-53.9590392,-31.492838],[-53.9879021,-31.5148938],[-53.993695,-31.5243205],[-54.0144097,-31.5376006],[-54.0416171,-31.5228767],[-54.0284577,-31.5057673],[-54.0413387,-31.4995134],[-54.0693209,-31.4715055],[-54.0709508,-31.4559736],[-54.094014,-31.4471306],[-54.1036712,-31.4336983],[-54.1135128,-31.4293636],[-54.1427539,-31.4820712],[-54.1885817,-31.4944429],[-54.2137917,-31.5042247],[-54.2228904,-31.5156917],[-54.2512182,-31.515572],[-54.275197,-31.5097588],[-54.2935653,-31.5295333],[-54.29452,-31.5458174],[-54.315729,-31.5577854],[-54.3283589,-31.5795538],[-54.3467563,-31.5868199],[-54.3539769,-31.5845093],[-54.3799309,-31.6025006],[-54.3928047,-31.6196943],[-54.4211879,-31.6416926],[-54.4300945,-31.6453226],[-54.4340127,-31.6463885],[-54.4419631,-31.6523327],[-54.4546416,-31.6528458]],[[-52.0763399,-28.122127],[-52.0833724,-28.1177287]],[[-52.0833724,-28.1177287],[-52.0963156,-28.129264],[-52.1032917,-28.1409911],[-52.1121483,-28.160028],[-52.0997855,-28.165103],[-52.1220576,-28.1780385],[-52.1244007,-28.1828702],[-52.1557022,-28.1831332],[-52.1684198,-28.1891065],[-52.1670576,-28.2069826],[-52.157137,-28.2096859],[-52.1512176,-28.2240134],[-52.1365452,-28.239484],[-52.1410962,-28.2429051],[-52.1439616,-28.2428144]],[[-52.1439616,-28.2428144],[-52.1371199,-28.2489307]],[[-52.1371199,-28.2489307],[-52.1301392,-28.2420914],[-52.1282943,-28.2363096],[-52.1297324,-28.2545176],[-52.110518,-28.2817413],[-52.0964788,-28.2838479],[-52.0922317,-28.3070892]],[[-52.0922317,-28.3070892],[-52.0505818,-28.3028969]],[[-52.0505818,-28.3028969],[-52.040682,-28.3057593]],[[-52.040682,-28.3057593],[-52.0284978,-28.3067602],[-51.9948409,-28.2903709],[-51.9796159,-28.2889086]],[[-51.9796159,-28.2889086],[-51.9681623,-28.2782901]],[[-51.9681623,-28.2782901],[-51.973512,-28.2414637],[-51.9688866,-28.1974911],[-51.972488,-28.1843861],[-51.9619159,-28.1686546],[-51.9751845,-28.1541484],[-51.9872869,-28.1309545]],[[-51.9872869,-28.1309545],[-51.990428,-28.128138]],[[-51.990428,-28.128138],[-52.022097,-28.1323003],[-52.0356121,-28.1291775],[-52.0431498,-28.1175164],[-52.0763399,-28.122127]],[[-53.2631861,-29.4493588],[-53.2795566,-29.4541061]],[[-53.2795566,-29.4541061],[-53.2908596,-29.463909],[-53.2808026,-29.4782567],[-53.290831,-29.4828437]],[[-53.290831,-29.4828437],[-53.2988424,-29.4900943]],[[-53.2988424,-29.4900943],[-53.2968811,-29.507855],[-53.3116083,-29.5227857],[-53.3100082,-29.5378583],[-53.3349828,-29.5562113],[-53.3268536,-29.5744447],[-53.3064572,-29.5797029],[-53.3090706,-29.5992303],[-53.2896656,-29.6093291],[-53.3069062,-29.6165289],[-53.329528,-29.6350917],[-53.3484987,-29.6255624],[-53.3580522,-29.6313554]],[[-53.3580522,-29.6313554],[-53.3612891,-29.6391625]],[[-53.3612891,-29.6391625],[-53.3543035,-29.6391407],[-53.3599494,-29.6533252],[-53.3553694,-29.6682189],[-53.3301449,-29.6734611]],[[-53.3301449,-29.6734611],[-53.3144099,-29.6852252],[-53.3085211,-29.6851788],[-53.3036905,-29.6825762]],[[-53.3036905,-29.6825762],[-53.2981223,-29.6710593],[-53.2815543,-29.6920319],[-53.2857945,-29.7144568],[-53.280712,-29.7238592],[-53.2664009,-29.7294886],[-53.2570744,-29.727616],[-53.2549291,-29.7372408],[-53.2734241,-29.7566947],[-53.284325,-29.7653117],[-53.2837838,-29.7726824],[-53.2909668,-29.7846915],[-53.2711274,-29.7815302],[-53.2765635,-29.7934881],[-53.2774182,-29.7975406],[-53.2720659,-29.8017314],[-53.2345325,-29.8152343],[-53.226927,-29.826406],[-53.1944529,-29.8256884],[-53.1832153,-29.7828175],[-53.1768237,-29.7702547]],[[-53.1768237,-29.7702547],[-53.1693073,-29.7684966]],[[-53.1693073,-29.7684966],[-53.2089738,-29.7588384],[-53.2092966,-29.7455065],[-53.2208315,-29.7305777],[-53.2099464,-29.719587],[-53.2133024,-29.7015371],[-53.2041315,-29.6932606],[-53.2038592,-29.6694707],[-53.1875615,-29.6696622],[-53.1868337,-29.6319608],[-53.1540954,-29.6325788],[-53.1505293,-29.612561],[-53.1366714,-29.6082199],[-53.1365262,-29.5590715],[-53.0728865,-29.5594635],[-53.0581283,-29.5695885]],[[-53.0581283,-29.5695885],[-53.054087,-29.5596788]],[[-53.054087,-29.5596788],[-53.028481,-29.5539609]],[[-53.028481,-29.5539609],[-53.0323579,-29.553381]],[[-53.0323579,-29.553381],[-53.0517037,-29.5406118],[-53.0694816,-29.5376694],[-53.0768797,-29.5284979],[-53.0938403,-29.52873],[-53.0965906,-29.5164197],[-53.1369562,-29.4948277]],[[-53.1369562,-29.4948277],[-53.1801161,-29.4709221],[-53.1974095,-29.4656571],[-53.2116429,-29.4706065],[-53.2353071,-29.46532],[-53.2537078,-29.4502217],[-53.2616263,-29.447545],[-53.2631861,-29.4493588]],[[-53.8017196,-28.1023375],[-53.8069895,-28.1064592]],[[-53.8069895,-28.1064592],[-53.812628,-28.1231561],[-53.8182231,-28.1374499],[-53.8164014,-28.1429387],[-53.8188202,-28.1465654],[-53.8230487,-28.1510695],[-53.8278021,-28.1525454],[-53.8374026,-28.1676063],[-53.837365,-28.2078071],[-53.8463457,-28.2152401],[-53.8321524,-28.2366864],[-53.8420485,-28.2445305],[-53.8256765,-28.2648971],[-53.82987,-28.2791055],[-53.8127267,-28.2796834],[-53.8115855,-28.2679675],[-53.8079699,-28.2734977],[-53.7985937,-28.2820492]],[[-53.7985937,-28.2820492],[-53.8130236,-28.2935972]],[[-53.8130236,-28.2935972],[-53.8152799,-28.2968969],[-53.8083786,-28.2981712],[-53.8004265,-28.2898738],[-53.7959523,-28.2953507],[-53.7887704,-28.2928799],[-53.7758653,-28.2878525],[-53.7654043,-28.2829406],[-53.7669679,-28.2904921],[-53.7637562,-28.2825738],[-53.763442,-28.2806863]],[[-53.763442,-28.2806863],[-53.7510654,-28.2944503],[-53.7372175,-28.2966789]],[[-53.7372175,-28.2966789],[-53.7261341,-28.2911622],[-53.7189517,-28.3002739],[-53.7305662,-28.3128607],[-53.7153446,-28.307005]],[[-53.7153446,-28.307005],[-53.7183359,-28.2926904],[-53.7054244,-28.2796792]],[[-53.7054244,-28.2796792],[-53.6940809,-28.2775966],[-53.6882534,-28.274064],[-53.6887336,-28.2791858],[-53.6765067,-28.282719],[-53.6729571,-28.271141],[-53.6561777,-28.2723358],[-53.6429632,-28.268093],[-53.6423233,-28.260604]],[[-53.6423233,-28.260604],[-53.6444162,-28.2508807]],[[-53.6444162,-28.2508807],[-53.6391778,-28.2413981],[-53.636155,-28.2400188],[-53.6377189,-28.2200878],[-53.6208197,-28.2062171],[-53.6188228,-28.1741842],[-53.6211827,-28.1535155]],[[-53.6211827,-28.1535155],[-53.6203722,-28.1434738],[-53.6387168,-28.1326581]],[[-53.6387168,-28.1326581],[-53.6547351,-28.1527111],[-53.6773265,-28.1449712],[-53.6920002,-28.150081],[-53.7088829,-28.1677295],[-53.7168848,-28.151235],[-53.7361731,-28.1510935],[-53.7544892,-28.132891],[-53.7647317,-28.1434955],[-53.77304,-28.1272698],[-53.7868777,-28.1294433],[-53.7898264,-28.102383],[-53.8017196,-28.1023375]],[[-54.7233497,-27.563451],[-54.7448607,-27.5626414],[-54.7587251,-27.5815035],[-54.7781274,-27.5837166],[-54.7877189,-27.5701781],[-54.7951866,-27.5349829],[-54.8097871,-27.5300474],[-54.8265535,-27.5540257],[-54.8477222,-27.6213131],[-54.860765,-27.6294407],[-54.8788586,-27.6259787],[-54.903167,-27.6363877],[-54.9049816,-27.656224],[-54.9028598,-27.6988549]],[[-54.9028598,-27.6988549],[-54.8690941,-27.6933847],[-54.8647085,-27.6910589],[-54.8359855,-27.6929558],[-54.8192609,-27.704548],[-54.8309766,-27.7190213],[-54.8289193,-27.7345734],[-54.8255985,-27.7353853]],[[-54.8255985,-27.7353853],[-54.8129552,-27.745806]],[[-54.8129552,-27.745806],[-54.8081892,-27.7486086],[-54.8002603,-27.7568954],[-54.7912325,-27.7605764],[-54.7820514,-27.7602472],[-54.7573433,-27.7225309],[-54.7236735,-27.7076145],[-54.7084876,-27.7170326],[-54.6863151,-27.7050309],[-54.6698882,-27.6858001]],[[-54.6698882,-27.6858001],[-54.6786045,-27.6850201],[-54.664848,-27.6770137],[-54.6805647,-27.6675374],[-54.6673611,-27.661152],[-54.6700417,-27.6480427]],[[-54.6700417,-27.6480427],[-54.6685158,-27.6398803]],[[-54.6685158,-27.6398803],[-54.6821014,-27.6249876],[-54.6721835,-27.6199688],[-54.6822959,-27.623309],[-54.6919305,-27.6216966],[-54.6964871,-27.6134815],[-54.7011905,-27.6139344],[-54.7008667,-27.6197016],[-54.7117867,-27.6128976],[-54.7025536,-27.6038708],[-54.7023997,-27.593339],[-54.7135374,-27.5956502],[-54.7236107,-27.596545],[-54.7294259,-27.5838222],[-54.7228231,-27.5696173],[-54.7233497,-27.563451]],[[-56.6604693,-29.4233443],[-56.6256488,-29.4264332],[-56.6272219,-29.4411654],[-56.6130257,-29.4553603],[-56.5757749,-29.4408939],[-56.5747789,-29.4520726],[-56.5450758,-29.4502737],[-56.5214057,-29.4706553],[-56.4988987,-29.4659271],[-56.4699857,-29.4701429],[-56.4596978,-29.500721],[-56.4685214,-29.5138518],[-56.4570293,-29.5309054],[-56.4338288,-29.5427525],[-56.4230262,-29.5430896],[-56.3912967,-29.5854702],[-56.3760672,-29.5929575],[-56.3833212,-29.6083638],[-56.3829126,-29.6257948],[-56.3668506,-29.640668],[-56.3702426,-29.6553385],[-56.3617028,-29.6701308],[-56.400289,-29.6934341],[-56.3948203,-29.7223624],[-56.3713085,-29.7443847],[-56.3734215,-29.7561669],[-56.3662642,-29.7838224],[-56.3721669,-29.8098308],[-56.3636631,-29.8342325],[-56.3510142,-29.8486271],[-56.3161943,-29.8594508],[-56.3056913,-29.867367],[-56.306785,-29.8812366],[-56.2926949,-29.8979056],[-56.2806646,-29.929108],[-56.2623819,-29.9494995],[-56.2472863,-29.9581241],[-56.243767,-29.9777909],[-56.222636,-29.982895],[-56.2097812,-29.9927718],[-56.18459,-30.0014125],[-56.1673618,-30.0262596],[-56.155563,-30.0325728],[-56.1502679,-30.0550117]],[[-56.1502679,-30.0550117],[-56.1211562,-30.080175],[-56.1081011,-30.0842311],[-56.0825513,-30.079278],[-56.0443736,-30.0501149],[-56.020261,-30.0814645],[-55.9977508,-30.0855834],[-55.9876056,-30.0954425],[-55.9686368,-30.0905208],[-55.9276458,-30.0911048],[-55.9000227,-30.0850616],[-55.8945295,-30.0763587],[-55.8744806,-30.0687657],[-55.8776173,-30.0878211],[-55.8733259,-30.1345906],[-55.8569635,-30.1370253],[-55.8239171,-30.1575482],[-55.8133593,-30.1694916],[-55.7680993,-30.1685606],[-55.7451147,-30.2309742],[-55.7209082,-30.2328211],[-55.6987091,-30.2301958],[-55.6827412,-30.222844],[-55.6755542,-30.2267504]],[[-55.6755542,-30.2267504],[-55.6749103,-30.2205897]],[[-55.6749103,-30.2205897],[-55.660864,-30.2240384],[-55.646329,-30.2237604],[-55.6463158,-30.2198407],[-55.6435738,-30.2125697],[-55.6716608,-30.202254],[-55.6678016,-30.1910411],[-55.6520655,-30.1800208],[-55.6657711,-30.1729064],[-55.6489599,-30.159913],[-55.6522465,-30.1466379],[-55.6677309,-30.1263105],[-55.6768119,-30.1218234],[-55.6616791,-30.103119],[-55.6061007,-30.1443094],[-55.575128,-30.1499788],[-55.538451,-30.1632407],[-55.5298706,-30.1476595],[-55.4994826,-30.1205137],[-55.5010891,-30.1051022],[-55.4877598,-30.0880611],[-55.4714793,-30.0786728],[-55.4618891,-30.0828187],[-55.4571092,-30.0890032],[-55.439375,-30.0926991],[-55.415716,-30.089854],[-55.3842558,-30.0746984],[-55.3130667,-30.0813064]],[[-55.3130667,-30.0813064],[-55.3044577,-30.0749141]],[[-55.3044577,-30.0749141],[-55.2871686,-30.0581964],[-55.2668484,-30.0292711],[-55.2594743,-30.0021058],[-55.2451931,-29.9879331],[-55.2445764,-29.9721889],[-55.2332922,-29.9485583],[-55.2295825,-29.9293617],[-55.2224713,-29.9199727],[-55.2120057,-29.9229166],[-55.1944,-29.915504],[-55.1780769,-29.8971935],[-55.171746,-29.8801939],[-55.1525694,-29.8752255],[-55.1485727,-29.8700093],[-55.153115,-29.855617],[-55.1413358,-29.851965],[-55.1500934,-29.8265467],[-55.1250751,-29.8201415],[-55.1199329,-29.8071831],[-55.1156386,-29.7982714],[-55.1154517,-29.7777126],[-55.123364,-29.7748442],[-55.123526,-29.7732505],[-55.1239159,-29.768215],[-55.1195599,-29.7694773],[-55.1217394,-29.7669612]],[[-55.1217394,-29.7669612],[-55.1354291,-29.7571273],[-55.126409,-29.7491679],[-55.129083,-29.7196031],[-55.1241986,-29.7035417],[-55.1261595,-29.6976947]],[[-55.1261595,-29.6976947],[-55.1584196,-29.6976255]],[[-55.1584196,-29.6976255],[-55.1916542,-29.6967453],[-55.1958886,-29.6659159],[-55.2128487,-29.6510847],[-55.2125138,-29.6361598],[-55.2355725,-29.6341249],[-55.2434621,-29.6203113],[-55.275265,-29.6172601],[-55.2928875,-29.6306165],[-55.3090663,-29.6312417],[-55.326266,-29.6422145],[-55.3384193,-29.636775],[-55.3633198,-29.6146122]],[[-55.3633198,-29.6146122],[-55.3858972,-29.6171936]],[[-55.3858972,-29.6171936],[-55.4005483,-29.6153476],[-55.4158339,-29.6402252],[-55.4144376,-29.6599534],[-55.4508585,-29.6641014],[-55.4693324,-29.6472634],[-55.495076,-29.6568624],[-55.5135388,-29.6555904],[-55.5313459,-29.6653412],[-55.5396167,-29.6622977],[-55.5345952,-29.6292776],[-55.551552,-29.6176865],[-55.5475528,-29.6028785],[-55.5755468,-29.5954984],[-55.5852255,-29.5879969],[-55.6130959,-29.5796888],[-55.6257247,-29.5612555],[-55.6575093,-29.5600402],[-55.6899293,-29.5491096],[-55.6594735,-29.5370065],[-55.6680439,-29.5253496],[-55.6892,-29.5216316],[-55.6857646,-29.5012088],[-55.6949381,-29.4918651],[-55.7077728,-29.4951835],[-55.716991,-29.4622804],[-55.7304862,-29.4632034],[-55.7269275,-29.4828113],[-55.74069,-29.4936566],[-55.7608269,-29.4945506],[-55.767085,-29.4830806],[-55.7572671,-29.4727083],[-55.7684788,-29.4627998],[-55.763916,-29.4502565],[-55.7490874,-29.4543377],[-55.7479841,-29.4397711],[-55.7717607,-29.4334978],[-55.7791837,-29.4204144],[-55.8292897,-29.4288727],[-55.8332774,-29.4143508],[-55.8501227,-29.411277]],[[-55.8501227,-29.411277],[-55.8657,-29.42261],[-55.8787566,-29.4145158],[-55.8902169,-29.3992889],[-55.9088764,-29.3879222],[-55.9190216,-29.3724909],[-55.911066,-29.3537495],[-55.9163642,-29.3490809],[-55.9357483,-29.3515475],[-55.9612797,-29.361462],[-55.9792541,-29.3409154],[-55.9983044,-29.3350859],[-56.0295054,-29.3008609],[-56.0496965,-29.2973997],[-56.055977,-29.3219464],[-56.0777844,-29.3321267],[-56.0780525,-29.3585286],[-56.0948672,-29.3697312],[-56.1222961,-29.3570414],[-56.1334192,-29.3271838],[-56.1491025,-29.3147942],[-56.1780564,-29.3134721],[-56.181905,-29.3221293],[-56.1758308,-29.3466505],[-56.1780511,-29.3772707],[-56.2011728,-29.380063],[-56.2198654,-29.4001571],[-56.2564592,-29.3997314],[-56.2913155,-29.4172173],[-56.3196133,-29.4073863],[-56.3635903,-29.3977269],[-56.3738591,-29.4088654],[-56.4183659,-29.4254443],[-56.4300254,-29.4273748],[-56.4605268,-29.4204787],[-56.4784263,-29.4089403],[-56.4817316,-29.3933815],[-56.5097123,-29.388306],[-56.525551,-29.3958305],[-56.5691808,-29.3911749],[-56.5767337,-29.4010507],[-56.593382,-29.4050273],[-56.611802,-29.4019799],[-56.6069826,-29.4223803],[-56.6181699,-29.4253341],[-56.6345073,-29.4170441],[-56.6604693,-29.4233443]],[[-54.0380804,-27.7411897],[-54.0566233,-27.7403284],[-54.0603668,-27.7384771],[-54.0608611,-27.7319601]],[[-54.0608611,-27.7319601],[-54.0658388,-27.7349441]],[[-54.0658388,-27.7349441],[-54.0665108,-27.7448856]],[[-54.0665108,-27.7448856],[-54.0585301,-27.7680048],[-54.0703701,-27.770996],[-54.0792517,-27.783647],[-54.0989081,-27.781504],[-54.1100166,-27.7773109],[-54.1257583,-27.7687254]],[[-54.1257583,-27.7687254],[-54.137422,-27.7776491],[-54.1389261,-27.7966061],[-54.1567069,-27.7964373]],[[-54.1567069,-27.7964373],[-54.143259,-27.7986828]],[[-54.143259,-27.7986828],[-54.1236539,-27.8069543],[-54.1275755,-27.8150713],[-54.1467958,-27.8260294],[-54.1418963,-27.8422678],[-54.1276541,-27.8422572],[-54.114766,-27.8610081],[-54.1204379,-27.8680164],[-54.1147868,-27.8826748]],[[-54.1147868,-27.8826748],[-54.089779,-27.8741972],[-54.048904,-27.8815601],[-54.0473086,-27.8652626],[-54.0045056,-27.8411072],[-53.9773486,-27.8378099],[-53.9693019,-27.8254916]],[[-53.9693019,-27.8254916],[-53.9555671,-27.8112545]],[[-53.9555671,-27.8112545],[-53.9631362,-27.8089418],[-53.9682972,-27.8074235],[-53.9733154,-27.8008541],[-53.963143,-27.7920134],[-53.9720492,-27.7812237],[-53.9803381,-27.7819255]],[[-53.9803381,-27.7819255],[-53.9897409,-27.7646902]],[[-53.9897409,-27.7646902],[-54.0044804,-27.7560204],[-54.0169197,-27.7667964],[-54.0226405,-27.7557043],[-54.0173816,-27.7441316],[-54.0242236,-27.7406947],[-54.0390243,-27.7523225],[-54.0380804,-27.7411897]],[[-53.0107499,-28.0403117],[-53.0191487,-28.0452245]],[[-53.0191487,-28.0452245],[-53.0083207,-28.0480008],[-53.0090059,-28.0656089],[-52.9824939,-28.0776012],[-53.0005443,-28.0761214],[-53.0121687,-28.0971818],[-52.9991973,-28.1180179],[-52.9713592,-28.1354288],[-52.978159,-28.1736122],[-52.9670815,-28.1760725]],[[-52.9670815,-28.1760725],[-52.9635112,-28.1776489]],[[-52.9635112,-28.1776489],[-52.9481613,-28.1736128],[-52.9286234,-28.1864155],[-52.9044971,-28.1776174],[-52.9032301,-28.1889019],[-52.8739313,-28.2175138],[-52.8822273,-28.2231315],[-52.8796884,-28.2488156],[-52.8555,-28.2508167],[-52.8402625,-28.2402152],[-52.8374926,-28.2231376],[-52.8249817,-28.1956998]],[[-52.8249817,-28.1956998],[-52.822523,-28.1834615],[-52.827425,-28.163191],[-52.8140586,-28.1404527],[-52.8111982,-28.1216998],[-52.8181478,-28.10651],[-52.8199535,-28.1091925],[-52.8290999,-28.1036446],[-52.8333568,-28.0970676],[-52.8504788,-28.0975443],[-52.8522921,-28.0932523],[-52.8555479,-28.0943314],[-52.861802,-28.0892439],[-52.867918,-28.0854838],[-52.8682415,-28.078986]],[[-52.8682415,-28.078986],[-52.8766878,-28.0657333]],[[-52.8766878,-28.0657333],[-52.882641,-28.06425],[-52.8861976,-28.0584813],[-52.8953085,-28.0632056],[-52.89322,-28.0680655],[-52.9030846,-28.0661111],[-52.9220988,-28.0590103],[-52.9297903,-28.0482898]],[[-52.9297903,-28.0482898],[-52.9382523,-28.0521354],[-52.9562513,-28.0406676]],[[-52.9562513,-28.0406676],[-52.9656896,-28.0346444],[-52.9664319,-28.0461144],[-52.9644691,-28.0493571],[-52.9736535,-28.0424391],[-52.9981877,-28.0376264],[-53.004272,-28.0308754],[-53.0095774,-28.027798],[-53.0107499,-28.0403117]],[[-52.9712349,-27.2178361],[-52.9843663,-27.2214723],[-52.9999772,-27.2067001],[-53.0012618,-27.186762],[-52.9851446,-27.1704881],[-52.9837257,-27.156503],[-52.9916636,-27.1409667],[-53.0030057,-27.1356146],[-53.0212429,-27.1555092],[-53.0375501,-27.1577479],[-53.0447774,-27.1339258],[-53.0382744,-27.1209172],[-53.0203311,-27.1045504],[-53.0214175,-27.0864976],[-53.0320951,-27.082302],[-53.0590423,-27.0882454],[-53.0767,-27.1078446],[-53.0790453,-27.1184736],[-53.069718,-27.1515543],[-53.0774788,-27.1631158],[-53.1074197,-27.1702861],[-53.1321831,-27.1802287],[-53.1403447,-27.1744194],[-53.1509988,-27.1430086],[-53.1731804,-27.150217],[-53.1780422,-27.1824807],[-53.1876885,-27.1922631]],[[-53.1876885,-27.1922631],[-53.1827404,-27.1939945],[-53.1837478,-27.2012538],[-53.1903662,-27.2022743],[-53.1805816,-27.207859],[-53.1793704,-27.214181],[-53.1783394,-27.2229892],[-53.1765007,-27.2282362],[-53.1648841,-27.2662095],[-53.1579615,-27.2774679]],[[-53.1579615,-27.2774679],[-53.1575338,-27.2841876]],[[-53.1575338,-27.2841876],[-53.155643,-27.2841725],[-53.1188752,-27.2803029],[-53.1101936,-27.2701529],[-53.0924999,-27.2705582],[-53.0676553,-27.2734128],[-53.0511963,-27.2850432],[-53.0444148,-27.2860819],[-53.0377664,-27.30519],[-53.0197388,-27.321311],[-53.0096523,-27.3237388],[-52.9748344,-27.307466],[-52.9510207,-27.3083054]],[[-52.9510207,-27.3083054],[-52.9337553,-27.3127802]],[[-52.9337553,-27.3127802],[-52.9351819,-27.3104581]],[[-52.9351819,-27.3104581],[-52.9470931,-27.2950393],[-52.9589244,-27.2919929],[-52.9578313,-27.2683969],[-52.9668731,-27.2616831],[-52.9504841,-27.2492107],[-52.9712349,-27.2178361]],[[-52.9532825,-28.7392423],[-52.9560275,-28.7412871]],[[-52.9560275,-28.7412871],[-52.9609032,-28.7469537],[-52.9631103,-28.7627812],[-52.9748893,-28.7517047],[-52.985956,-28.7484968],[-53.0042565,-28.7567116],[-53.0109641,-28.7606013],[-53.0278303,-28.7615345]],[[-53.0278303,-28.7615345],[-53.031432,-28.7698398]],[[-53.031432,-28.7698398],[-53.0376079,-28.7768601],[-53.0581608,-28.7978493],[-53.0552434,-28.8136647],[-53.060867,-28.8296944]],[[-53.060867,-28.8296944],[-53.0530879,-28.8373872],[-53.0408529,-28.8359515],[-52.9855669,-28.8598629],[-52.9650364,-28.8549691],[-52.9612323,-28.8620796]],[[-52.9612323,-28.8620796],[-52.9512128,-28.8727439]],[[-52.9512128,-28.8727439],[-52.9425916,-28.8675633],[-52.9390476,-28.8488581],[-52.944724,-28.8407925],[-52.9558245,-28.831765],[-52.9566698,-28.8285996],[-52.9610012,-28.822286],[-52.9662928,-28.8134194],[-52.9267812,-28.8132885],[-52.9245744,-28.805863],[-52.926786,-28.7904388],[-52.9305116,-28.7892296],[-52.9304387,-28.7853814],[-52.9280859,-28.775278],[-52.9342916,-28.748498],[-52.9532825,-28.7392423]],[[-51.2621019,-29.3157826],[-51.2698594,-29.3128153]],[[-51.2698594,-29.3128153],[-51.2987161,-29.3175801],[-51.3364537,-29.3329693],[-51.3544175,-29.3331343]],[[-51.3544175,-29.3331343],[-51.3544815,-29.3516848]],[[-51.3544815,-29.3516848],[-51.35099,-29.3517352]],[[-51.35099,-29.3517352],[-51.3554301,-29.3675617],[-51.3446399,-29.3813199],[-51.3321345,-29.4096215]],[[-51.3321345,-29.4096215],[-51.3301061,-29.4271855]],[[-51.3301061,-29.4271855],[-51.3106959,-29.4129782],[-51.2819344,-29.4038925]],[[-51.2819344,-29.4038925],[-51.2758828,-29.4041621]],[[-51.2758828,-29.4041621],[-51.2819464,-29.3721428],[-51.260249,-29.3507124],[-51.2393836,-29.3543562],[-51.2541083,-29.3266926],[-51.2621019,-29.3157826]],[[-51.0708064,-29.965867],[-51.0734398,-29.9676801],[-51.0792964,-29.9678835]],[[-51.0792964,-29.9678835],[-51.0864756,-29.9709396]],[[-51.0864756,-29.9709396],[-51.0874959,-30.0038981],[-51.0943954,-30.0154966],[-51.0873674,-30.0290457],[-51.0867328,-30.0379876],[-51.0878217,-30.0410163]],[[-51.0878217,-30.0410163],[-51.0697735,-30.0515058]],[[-51.0697735,-30.0515058],[-51.0513404,-30.0502348],[-51.0542094,-30.0285074],[-51.0336368,-30.0233482],[-51.0396697,-30.0065487],[-51.026786,-30.0025267],[-51.005641,-30.0002656],[-50.9862368,-29.9950679]],[[-50.9862368,-29.9950679],[-50.9734892,-29.9951601],[-50.962337,-29.9899807],[-50.9599545,-29.9787504]],[[-50.9599545,-29.9787504],[-50.949306,-29.9662804]],[[-50.949306,-29.9662804],[-50.9638761,-29.9621483]],[[-50.9638761,-29.9621483],[-50.9670711,-29.967901],[-51.001284,-29.9622763],[-51.0053685,-29.9584531],[-51.0055728,-29.9567963],[-51.0176453,-29.957383],[-51.0401448,-29.9678803],[-51.0481012,-29.9636227],[-51.0476884,-29.9665038],[-51.0469699,-29.9679038],[-51.0519671,-29.965606],[-51.055918,-29.964995],[-51.0685818,-29.9685653],[-51.0708064,-29.965867]],[[-52.3360066,-30.6921427],[-52.3754317,-30.6871495],[-52.3916865,-30.6653731],[-52.4134828,-30.6551102],[-52.442917,-30.6592899],[-52.4313236,-30.6881718],[-52.4461457,-30.7761394],[-52.4538223,-30.779218],[-52.4568332,-30.797148],[-52.4386723,-30.8164931],[-52.4406515,-30.8229839],[-52.4187537,-30.8544635],[-52.4257317,-30.8695845],[-52.4275258,-30.8940504],[-52.4223268,-30.9051801],[-52.4268836,-30.9151324]],[[-52.4268836,-30.9151324],[-52.414407,-30.9179038]],[[-52.414407,-30.9179038],[-52.4040059,-30.9050818],[-52.3805801,-30.9046313],[-52.3673325,-30.9095423],[-52.3513555,-30.8976992],[-52.3358294,-30.9009125],[-52.3141358,-30.8871619],[-52.299264,-30.8964175],[-52.2906506,-30.9095082],[-52.2646906,-30.8822013]],[[-52.2646906,-30.8822013],[-52.2408829,-30.8807964],[-52.2286671,-30.8914645]],[[-52.2286671,-30.8914645],[-52.2133654,-30.8954302],[-52.2009264,-30.9069733],[-52.1872413,-30.9015607],[-52.1748239,-30.911902],[-52.1632926,-30.9039932],[-52.135764,-30.8997647],[-52.1277234,-30.9128973],[-52.1068335,-30.9287262],[-52.1021384,-30.9186959]],[[-52.1021384,-30.9186959],[-52.1086271,-30.9055313]],[[-52.1086271,-30.9055313],[-52.112265,-30.8992147],[-52.1158908,-30.8880629]],[[-52.1158908,-30.8880629],[-52.136434,-30.8716813]],[[-52.136434,-30.8716813],[-52.1554954,-30.8629282],[-52.1700047,-30.8407183],[-52.18382,-30.8061777],[-52.1896012,-30.7641863],[-52.2082252,-30.7770968],[-52.2106491,-30.7555858],[-52.2403703,-30.7565874],[-52.2484688,-30.767157],[-52.2560954,-30.792779],[-52.2750607,-30.7854858],[-52.2747171,-30.7780897],[-52.2918426,-30.7644772],[-52.2939817,-30.7515079],[-52.3160748,-30.7324827],[-52.3246695,-30.7145906],[-52.3411786,-30.7110082],[-52.3367122,-30.6982273]],[[-52.3367122,-30.6982273],[-52.3360066,-30.6921427]],[[-53.2576246,-27.3396764],[-53.2559151,-27.3421833]],[[-53.2559151,-27.3421833],[-53.25223,-27.3605804],[-53.2656889,-27.3692389]],[[-53.2656889,-27.3692389],[-53.267004,-27.3740308],[-53.2558536,-27.37242],[-53.2485789,-27.368464],[-53.2459023,-27.3691363],[-53.2361363,-27.3814299],[-53.2358614,-27.3849592],[-53.2392143,-27.3934356],[-53.2337556,-27.3970144]],[[-53.2337556,-27.3970144],[-53.2191755,-27.3840964],[-53.2040033,-27.397623],[-53.2198247,-27.3982652],[-53.2044399,-27.4120042],[-53.1891898,-27.4087396]],[[-53.1891898,-27.4087396],[-53.1830155,-27.4090869]],[[-53.1830155,-27.4090869],[-53.1774573,-27.4028401],[-53.1638153,-27.4070616],[-53.1428389,-27.4056483]],[[-53.1428389,-27.4056483],[-53.141328,-27.4038379]],[[-53.141328,-27.4038379],[-53.1248408,-27.39602],[-53.1132558,-27.3764698],[-53.1318171,-27.3547297],[-53.1818106,-27.3531951],[-53.1721353,-27.3402446],[-53.187359,-27.3230404],[-53.2069112,-27.3182995]],[[-53.2069112,-27.3182995],[-53.2023053,-27.3118564]],[[-53.2023053,-27.3118564],[-53.2114125,-27.3101281],[-53.2227666,-27.3059228],[-53.2283975,-27.3217407],[-53.2460155,-27.3212484],[-53.2521361,-27.3375789],[-53.2576246,-27.3396764]],[[-51.5977848,-28.5346642],[-51.5961557,-28.5378796]],[[-51.5961557,-28.5378796],[-51.6044537,-28.5437699],[-51.6083261,-28.5626229],[-51.6019788,-28.5860822],[-51.6110381,-28.6051846],[-51.6086537,-28.6169183],[-51.6157815,-28.6355326],[-51.5989518,-28.6591596],[-51.5948271,-28.6647864]],[[-51.5948271,-28.6647864],[-51.5962128,-28.6715546],[-51.5984709,-28.6745333],[-51.607474,-28.6730702]],[[-51.607474,-28.6730702],[-51.5906138,-28.6870507],[-51.5849974,-28.6871442],[-51.5807535,-28.6894013],[-51.5734166,-28.6930703],[-51.5659639,-28.694909]],[[-51.5659639,-28.694909],[-51.5591013,-28.6913981]],[[-51.5591013,-28.6913981],[-51.556455,-28.6807695],[-51.5381504,-28.6718745],[-51.5229646,-28.6704829],[-51.4967387,-28.6668148],[-51.479804,-28.65092],[-51.4730662,-28.6525608],[-51.4693365,-28.6548589],[-51.4620323,-28.6537867],[-51.4588187,-28.6618438],[-51.4477875,-28.6635969],[-51.4444541,-28.667455],[-51.4464497,-28.6709882],[-51.4450906,-28.6736608]],[[-51.4450906,-28.6736608],[-51.4278135,-28.6676807]],[[-51.4278135,-28.6676807],[-51.4156279,-28.6583052],[-51.4095301,-28.6455842]],[[-51.4095301,-28.6455842],[-51.4013708,-28.6365784]],[[-51.4013708,-28.6365784],[-51.4000909,-28.6276539],[-51.3994574,-28.6181845],[-51.3925088,-28.6202017],[-51.4014249,-28.6154874],[-51.4006382,-28.5791685],[-51.393211,-28.5746451],[-51.3957059,-28.5675042],[-51.3980869,-28.5611151],[-51.4006567,-28.5531207],[-51.4005782,-28.5433288]],[[-51.4005782,-28.5433288],[-51.4159492,-28.5320497]],[[-51.4159492,-28.5320497],[-51.4161938,-28.5099969],[-51.4330727,-28.5009764],[-51.4486993,-28.487368],[-51.4582488,-28.496229],[-51.4685158,-28.500667],[-51.4707025,-28.5121891],[-51.4719419,-28.5255014],[-51.4875715,-28.5233698],[-51.5183869,-28.542691],[-51.5302828,-28.5460546],[-51.5370081,-28.5265519],[-51.5598722,-28.5205524],[-51.5869078,-28.5203686],[-51.5977848,-28.5346642]],[[-52.0102051,-28.8810513],[-52.0100373,-28.873142]],[[-52.0100373,-28.873142],[-52.0792571,-28.8780112]],[[-52.0792571,-28.8780112],[-52.0705429,-28.8871651],[-52.066941,-28.9432579],[-52.0698605,-28.9796498]],[[-52.0698605,-28.9796498],[-52.0923565,-28.9803074]],[[-52.0923565,-28.9803074],[-52.0540226,-29.0084343],[-52.0508688,-29.021493]],[[-52.0508688,-29.021493],[-52.0470227,-29.018485]],[[-52.0470227,-29.018485],[-52.0365252,-29.0243168],[-52.0302994,-29.0349353],[-52.0252836,-29.0373251],[-52.0210972,-29.0396772],[-51.9700279,-29.0391018],[-51.9551472,-29.0745114],[-51.9258515,-29.0748655]],[[-51.9258515,-29.0748655],[-51.9263434,-29.0683879]],[[-51.9263434,-29.0683879],[-51.916666,-29.0599568],[-51.9174661,-29.0340917]],[[-51.9174661,-29.0340917],[-51.918875,-29.0253497],[-51.9150886,-29.0158784]],[[-51.9150886,-29.0158784],[-51.9318894,-28.9943105],[-51.9061135,-28.9880638],[-51.922346,-28.9817524],[-51.9059495,-28.9716733],[-51.9243031,-28.9622557],[-51.9236157,-28.9538582],[-51.9142383,-28.9533668],[-51.9124216,-28.9617484],[-51.906512,-28.96532],[-51.9136318,-28.947892]],[[-51.9136318,-28.947892],[-51.9234342,-28.9418075],[-51.9138604,-28.9275173],[-51.9195698,-28.920939],[-51.9305255,-28.9279776],[-51.9451692,-28.9227727],[-51.9439946,-28.9081322],[-51.9526847,-28.9079176],[-51.9511538,-28.926211],[-51.9600446,-28.9091632],[-51.9802136,-28.9007648],[-52.0102051,-28.8810513]],[[-51.4377189,-28.8058297],[-51.4620791,-28.8018471],[-51.4570282,-28.8167098],[-51.4652035,-28.8270704],[-51.4466882,-28.8380341],[-51.446611,-28.8505589],[-51.4625271,-28.8557331]],[[-51.4625271,-28.8557331],[-51.4596544,-28.861812]],[[-51.4596544,-28.861812],[-51.448679,-28.8720925],[-51.458826,-28.8794788]],[[-51.458826,-28.8794788],[-51.4551655,-28.8877936],[-51.466027,-28.8920419]],[[-51.466027,-28.8920419],[-51.473085,-28.9160375],[-51.4634473,-28.9261592]],[[-51.4634473,-28.9261592],[-51.354854,-28.9192098],[-51.3535359,-28.9382319],[-51.3436006,-28.9531694],[-51.3401976,-28.9637024]],[[-51.3401976,-28.9637024],[-51.3384559,-28.9581319],[-51.3317193,-28.9555895],[-51.3185966,-28.959203]],[[-51.3185966,-28.959203],[-51.2939676,-28.9410703],[-51.2873611,-28.929409],[-51.2751793,-28.9259356],[-51.2692935,-28.9292688]],[[-51.2692935,-28.9292688],[-51.2647591,-28.9348042],[-51.2713055,-28.956085],[-51.2698947,-28.9611218],[-51.2639485,-28.9635617],[-51.2608636,-28.9625181],[-51.2537155,-28.9533361]],[[-51.2537155,-28.9533361],[-51.2424745,-28.9475695]],[[-51.2424745,-28.9475695],[-51.2375777,-28.9396106],[-51.213012,-28.9429009]],[[-51.213012,-28.9429009],[-51.21047,-28.9406255]],[[-51.21047,-28.9406255],[-51.2081764,-28.9339683],[-51.1969778,-28.9297022],[-51.1915075,-28.9306368],[-51.1777327,-28.9379177]],[[-51.1777327,-28.9379177],[-51.1694718,-28.9454765],[-51.1507252,-28.9347606]],[[-51.1507252,-28.9347606],[-51.1701358,-28.9175438],[-51.1741989,-28.9015872],[-51.1722247,-28.887639]],[[-51.1722247,-28.887639],[-51.1602555,-28.8739407]],[[-51.1602555,-28.8739407],[-51.1664668,-28.8667476],[-51.176853,-28.8589723]],[[-51.176853,-28.8589723],[-51.1882044,-28.8517489]],[[-51.1882044,-28.8517489],[-51.2075886,-28.842185],[-51.2110591,-28.8357717],[-51.2139278,-28.8307521],[-51.2163756,-28.831441],[-51.2216758,-28.8239095],[-51.226408,-28.823338],[-51.2388933,-28.8191213],[-51.2484807,-28.8175272],[-51.2746546,-28.8288666],[-51.2989635,-28.8325595],[-51.3020752,-28.8345621],[-51.3295213,-28.8427664],[-51.33666,-28.8281576],[-51.351645,-28.8341698],[-51.3728245,-28.8305134],[-51.4072358,-28.8018193],[-51.4168034,-28.8010687],[-51.4377189,-28.8058297]],[[-51.6303367,-30.7448248],[-51.6723418,-30.7932278]],[[-51.6723418,-30.7932278],[-51.6915429,-30.8116571],[-51.7441839,-30.839012],[-51.7458622,-30.8464833],[-51.7305593,-30.8662698],[-51.724433,-30.8824416],[-51.6921487,-30.8921046],[-51.656532,-30.8924499],[-51.600172,-30.953176],[-51.5917831,-30.9847955],[-51.6018464,-31.0155594],[-51.6051715,-31.0477761],[-51.6161945,-31.0648033]],[[-51.6161945,-31.0648033],[-51.5807668,-31.0761068],[-51.5749257,-31.0792899],[-51.5419917,-31.1031493]],[[-51.5419917,-31.1031493],[-51.5332814,-31.1115657],[-51.5119587,-31.104639],[-51.4707147,-31.0981384],[-51.441814,-31.0880529],[-51.4657538,-31.0650351],[-51.4831216,-31.0309918],[-51.4925945,-31.0038519],[-51.5006396,-30.9654745],[-51.5004336,-30.929376],[-51.4876289,-30.8999113],[-51.4536135,-30.8698703]],[[-51.4536135,-30.8698703],[-51.467486,-30.8739166],[-51.4798373,-30.8824582],[-51.4899141,-30.8705958],[-51.500733,-30.8527964],[-51.5225638,-30.8339144],[-51.5344628,-30.8015655],[-51.5802529,-30.7731217],[-51.6010942,-30.7554119],[-51.6303367,-30.7448248]],[[-50.9059938,-29.6313788],[-50.9129209,-29.6250398]],[[-50.9129209,-29.6250398],[-50.9116965,-29.599489],[-50.9498886,-29.5959394]],[[-50.9498886,-29.5959394],[-50.9619137,-29.6088775],[-50.9509672,-29.6204462],[-50.9541033,-29.6664176],[-50.9586313,-29.6770263],[-50.9445958,-29.6900853],[-50.9415651,-29.6911831]],[[-50.9415651,-29.6911831],[-50.9468676,-29.6797472]],[[-50.9468676,-29.6797472],[-50.9341955,-29.6725218]],[[-50.9341955,-29.6725218],[-50.926558,-29.6755748]],[[-50.926558,-29.6755748],[-50.9290836,-29.6714803],[-50.923549,-29.6647166],[-50.915179,-29.6570548],[-50.9128253,-29.6528261],[-50.9044158,-29.6371741],[-50.9059938,-29.6313788]],[[-52.2247663,-27.3306051],[-52.2374238,-27.3073461],[-52.2505333,-27.3021431],[-52.2729787,-27.304385],[-52.2784342,-27.2967702],[-52.2679911,-27.2832486],[-52.2368566,-27.2737692],[-52.2342078,-27.2659259],[-52.2545435,-27.256359],[-52.2759898,-27.2610885],[-52.3004793,-27.2585367],[-52.3062042,-27.2701366],[-52.2934586,-27.2996098],[-52.2933479,-27.3160325],[-52.3130843,-27.3092657],[-52.3502253,-27.2882432],[-52.3674804,-27.3045195],[-52.3805026,-27.2983101],[-52.3810772,-27.2621099],[-52.4000961,-27.2592388],[-52.3936592,-27.2851463],[-52.3959331,-27.2983669]],[[-52.3959331,-27.2983669],[-52.394493,-27.3086728],[-52.3921462,-27.313925],[-52.3818161,-27.3226606],[-52.3874529,-27.3394251],[-52.380533,-27.3636063],[-52.3682192,-27.3909141],[-52.3620057,-27.4175934],[-52.3640662,-27.4330832],[-52.3597137,-27.4568893],[-52.3465593,-27.4689248],[-52.3627898,-27.4849138],[-52.3675832,-27.4936219],[-52.3635692,-27.5007296]],[[-52.3635692,-27.5007296],[-52.3488808,-27.509461]],[[-52.3488808,-27.509461],[-52.2559739,-27.5110622]],[[-52.2559739,-27.5110622],[-52.2613173,-27.506951],[-52.2434047,-27.4880425]],[[-52.2434047,-27.4880425],[-52.2417757,-27.4750419]],[[-52.2417757,-27.4750419],[-52.2378753,-27.4700312],[-52.2433148,-27.4627743],[-52.2382649,-27.4553885],[-52.2396786,-27.4513482],[-52.240585,-27.4416281],[-52.2359732,-27.4378582],[-52.2289874,-27.4314915],[-52.2345143,-27.4213353],[-52.2264623,-27.410459]],[[-52.2264623,-27.410459],[-52.2297173,-27.4073262],[-52.2273816,-27.4036634]],[[-52.2273816,-27.4036634],[-52.2219703,-27.4026482],[-52.2250921,-27.3881385],[-52.2101786,-27.3799713],[-52.2164015,-27.3689927],[-52.2247663,-27.3306051]],[[-51.8995265,-29.2957977],[-51.9193709,-29.2915924]],[[-51.9193709,-29.2915924],[-51.9203701,-29.3038465]],[[-51.9203701,-29.3038465],[-51.9439218,-29.3054114],[-51.9472911,-29.3212093],[-51.9625132,-29.3284619],[-51.9767923,-29.3011233],[-51.9872478,-29.3009375],[-52.0093812,-29.3153281],[-52.0086379,-29.3167573],[-52.0135175,-29.3174803],[-52.0151817,-29.3292109]],[[-52.0151817,-29.3292109],[-52.0335068,-29.3287614]],[[-52.0335068,-29.3287614],[-52.0335183,-29.3411421],[-52.0366922,-29.3409308],[-52.0366373,-29.353941],[-52.0636629,-29.354055]],[[-52.0636629,-29.354055],[-52.0620627,-29.356907],[-52.0533377,-29.3734944],[-52.0517797,-29.3796477],[-52.0325308,-29.384632],[-52.0345696,-29.3943202]],[[-52.0345696,-29.3943202],[-52.0268714,-29.4038039]],[[-52.0268714,-29.4038039],[-51.9974618,-29.4072988],[-51.9793659,-29.412999],[-51.9842114,-29.4207682],[-51.9621763,-29.4206143]],[[-51.9621763,-29.4206143],[-51.9361752,-29.4060852]],[[-51.9361752,-29.4060852],[-51.9326368,-29.4006869],[-51.9162337,-29.3978106],[-51.9106272,-29.4173845],[-51.8737822,-29.3882804],[-51.8784675,-29.3756127],[-51.8998559,-29.3568794]],[[-51.8998559,-29.3568794],[-51.9121405,-29.3503886],[-51.916732,-29.3431515]],[[-51.916732,-29.3431515],[-51.9147275,-29.3323951],[-51.894605,-29.3140987],[-51.8995265,-29.2957977]],[[-49.8355245,-29.4242253],[-49.8701637,-29.4473237],[-49.9861764,-29.6012305]],[[-49.9861764,-29.6012305],[-49.922165,-29.607173]],[[-49.922165,-29.607173],[-49.8672165,-29.5286062],[-49.803138,-29.4431452]],[[-49.803138,-29.4431452],[-49.8355245,-29.4242253]],[[-52.3460518,-31.3725559],[-52.3554959,-31.3670976],[-52.3539668,-31.372785],[-52.3600533,-31.374879],[-52.3785576,-31.3918479],[-52.4053941,-31.3917859],[-52.4150369,-31.3775616],[-52.4246444,-31.3930392],[-52.4358371,-31.3954924],[-52.4461248,-31.4172526],[-52.4731682,-31.4281603],[-52.4822263,-31.426687],[-52.4916443,-31.4577512],[-52.4570561,-31.45111],[-52.4373469,-31.4552611],[-52.4327207,-31.4786118],[-52.4144736,-31.4897817],[-52.4105555,-31.5061558],[-52.4090076,-31.4998609],[-52.4024423,-31.4945715],[-52.377037,-31.5074959],[-52.3497863,-31.5059637],[-52.3456643,-31.4867572],[-52.3454549,-31.4556708],[-52.3364056,-31.4417789],[-52.3533735,-31.4329216],[-52.3510287,-31.4150493],[-52.3339531,-31.4073217],[-52.3460518,-31.3725559]],[[-51.6652545,-30.0303207],[-51.6825905,-30.0185027],[-51.6816944,-30.0106867]],[[-51.6816944,-30.0106867],[-51.6873364,-30.01482]],[[-51.6873364,-30.01482],[-51.73393,-30.0603506],[-51.7826824,-30.0779386],[-51.8030502,-30.0921954],[-51.822801,-30.1301508],[-51.8024111,-30.1481862],[-51.8500552,-30.2039704],[-51.8456698,-30.2851975]],[[-51.8456698,-30.2851975],[-51.8324014,-30.2952728],[-51.8250082,-30.3072714],[-51.8222127,-30.3199375],[-51.8168326,-30.3227704],[-51.8081054,-30.3308276],[-51.7972488,-30.3305118],[-51.7593112,-30.3431481],[-51.7268761,-30.3229405],[-51.7097962,-30.3025961],[-51.6833639,-30.294665]],[[-51.6833639,-30.294665],[-51.677655,-30.2844544]],[[-51.677655,-30.2844544],[-51.6837063,-30.284552],[-51.6793388,-30.275854],[-51.6795657,-30.264833],[-51.6736944,-30.2519836],[-51.679199,-30.2443485],[-51.6690926,-30.2356774],[-51.6704125,-30.2210157],[-51.6856609,-30.2126958],[-51.6787615,-30.2035848],[-51.6819535,-30.1834843]],[[-51.6819535,-30.1834843],[-51.6808949,-30.1816149]],[[-51.6808949,-30.1816149],[-51.6925909,-30.1806299],[-51.6900179,-30.1620103],[-51.6961826,-30.1328859],[-51.7019805,-30.1260929],[-51.7003757,-30.1199692],[-51.6910529,-30.085636],[-51.6884018,-30.0803423],[-51.6611689,-30.074364],[-51.644407,-30.0777104],[-51.6303512,-30.0704192],[-51.6217407,-30.0673964]],[[-51.6217407,-30.0673964],[-51.6205217,-30.0611053]],[[-51.6205217,-30.0611053],[-51.6293634,-30.0636507],[-51.6323112,-30.061373],[-51.6368381,-30.0537023]],[[-51.6368381,-30.0537023],[-51.6408356,-30.0538258],[-51.6611847,-30.0476904],[-51.6652545,-30.0303207]],[[-52.9911697,-29.1451798],[-53.0047533,-29.1371087]],[[-53.0047533,-29.1371087],[-53.0088677,-29.1545337]],[[-53.0088677,-29.1545337],[-53.0187276,-29.1586076],[-53.0284708,-29.1569628]],[[-53.0284708,-29.1569628],[-53.0429155,-29.1633414],[-53.0523016,-29.1561998],[-53.0644166,-29.160314],[-53.0583566,-29.1689104],[-53.0639197,-29.1818106]],[[-53.0639197,-29.1818106],[-53.0732118,-29.1954885],[-53.0812258,-29.1987429],[-53.0944721,-29.1976334],[-53.1155435,-29.2254403],[-53.1298391,-29.2282482],[-53.126069,-29.2465541],[-53.1465603,-29.2673737],[-53.1419868,-29.2810379],[-53.1500017,-29.3116461],[-53.1583636,-29.3282265],[-53.1725608,-29.3340618],[-53.1909677,-29.3362433],[-53.1716059,-29.3392688]],[[-53.1716059,-29.3392688],[-53.1632516,-29.3449549]],[[-53.1632516,-29.3449549],[-53.1545703,-29.3491001],[-53.1460122,-29.3573562],[-53.1423849,-29.3625399],[-53.1267782,-29.3703374],[-53.1026241,-29.3601858],[-53.0900293,-29.3724852]],[[-53.0900293,-29.3724852],[-53.0881036,-29.3724731],[-53.0812185,-29.3681586],[-53.0830739,-29.3719217]],[[-53.0830739,-29.3719217],[-53.0495495,-29.3581019],[-53.0437337,-29.3559434],[-53.020517,-29.3581765]],[[-53.020517,-29.3581765],[-53.0278544,-29.3454581],[-53.0249824,-29.3339757]],[[-53.0249824,-29.3339757],[-53.0251827,-29.3296482],[-53.0262993,-29.3153305],[-53.0173091,-29.3090531],[-53.0298166,-29.2711959],[-53.0142618,-29.2698283],[-52.9830263,-29.2590392],[-52.9459518,-29.2622268],[-52.9575855,-29.2446414],[-52.958829,-29.2267341],[-52.927183,-29.2002711]],[[-52.927183,-29.2002711],[-52.9239953,-29.1928356],[-52.9171932,-29.185426]],[[-52.9171932,-29.185426],[-52.9192173,-29.183361]],[[-52.9192173,-29.183361],[-52.9267803,-29.1816613],[-52.9537902,-29.1702768],[-52.9659347,-29.1534929],[-52.9857832,-29.1476779],[-52.9911697,-29.1451798]],[[-52.6485247,-31.8992786],[-52.6627606,-31.9006873]],[[-52.6627606,-31.9006873],[-52.7027227,-31.9570558],[-52.7813796,-32.0635387],[-52.7855033,-32.0810966],[-52.7777122,-32.0983773],[-52.7922676,-32.1052399],[-52.8026815,-32.0867744],[-52.8045584,-32.0711614],[-52.8183827,-32.058924],[-52.8564551,-32.0468805],[-52.8681619,-32.041539],[-52.8821937,-32.0447768],[-52.9112121,-32.0342996],[-52.9338965,-32.0302205],[-52.9514963,-32.0340223],[-52.981106,-32.0305505],[-52.9941745,-32.025084],[-53.0087574,-32.030397],[-53.0280648,-32.0213366],[-53.0415057,-32.0024038]],[[-53.0415057,-32.0024038],[-53.1243054,-32.0026417],[-53.1242493,-32.005444]],[[-53.1242493,-32.005444],[-53.1329437,-32.0133184],[-53.1395907,-32.017908],[-53.1453921,-32.0236433],[-53.1589359,-32.0366735],[-53.1768113,-32.0413661],[-53.1820641,-32.0602828],[-53.2026263,-32.0669092],[-53.2075135,-32.0711086],[-53.2093935,-32.0825264],[-53.2242766,-32.0863314],[-53.2275393,-32.1061277],[-53.233688,-32.1131281],[-53.2397394,-32.1201659],[-53.2404278,-32.1234243],[-53.2392084,-32.1284243],[-53.2402193,-32.133117],[-53.2539854,-32.1605227],[-53.2572143,-32.1719759],[-53.2915317,-32.1862933],[-53.30694,-32.1893151],[-53.3060764,-32.2089796]],[[-53.3060764,-32.2089796],[-53.2966328,-32.2256838]],[[-53.2966328,-32.2256838],[-53.2908233,-32.2358566],[-53.2927331,-32.2674064],[-53.2829568,-32.2895416],[-53.2610511,-32.302321],[-53.2534585,-32.3349598],[-53.2246929,-32.3559576],[-53.2143501,-32.3527517],[-53.1860289,-32.3718545],[-53.1699672,-32.372455],[-53.1321245,-32.3665325],[-53.1001127,-32.377579],[-53.0904409,-32.3927868],[-53.0570661,-32.3886004],[-53.0516735,-32.3912008],[-53.0606907,-32.4050944],[-53.0315388,-32.4292471],[-53.0085077,-32.4232167],[-53.0015569,-32.4355448],[-52.9781724,-32.4519489],[-52.9679581,-32.490484]],[[-52.9679581,-32.490484],[-52.9399494,-32.4748543],[-52.8924389,-32.4610807],[-52.8345399,-32.4538789],[-52.8023888,-32.4470194],[-52.766388,-32.426221],[-52.7259771,-32.3857487],[-52.7241868,-32.3700112],[-52.7716795,-32.3526357],[-52.7725641,-32.3678373],[-52.7901137,-32.3788209],[-52.8169514,-32.3472802],[-52.8210849,-32.3341114],[-52.806916,-32.3182543],[-52.7784338,-32.2521706],[-52.7767632,-32.2306006],[-52.7540926,-32.2112964],[-52.7686116,-32.202287],[-52.736366,-32.1892758],[-52.736739,-32.1686895],[-52.7188884,-32.1541562],[-52.7011634,-32.1552687],[-52.6749516,-32.1640385],[-52.658817,-32.153577],[-52.645882,-32.1522718],[-52.6336521,-32.1466679],[-52.6234685,-32.1460581],[-52.6203336,-32.1346508]],[[-52.6203336,-32.1346508],[-52.6170274,-32.129666],[-52.5796949,-32.1122185],[-52.5626463,-32.0995789],[-52.5449437,-32.0998807],[-52.4921311,-32.0554299],[-52.4725193,-32.0556803],[-52.4414857,-32.0642552],[-52.4334337,-32.0501808],[-52.416993,-32.0441598],[-52.4078273,-32.0323237],[-52.4099336,-32.0282328],[-52.419439,-32.0251005]],[[-52.419439,-32.0251005],[-52.4184178,-32.0162797]],[[-52.4184178,-32.0162797],[-52.4233334,-32.0161162],[-52.4328993,-32.0112218],[-52.4476244,-32.0059765],[-52.4604653,-31.9960596],[-52.4667923,-31.9996882],[-52.4784464,-31.9915453],[-52.4917384,-31.9934187],[-52.5015817,-31.9899497],[-52.5121063,-31.9759493],[-52.5062804,-31.9664763],[-52.5214897,-31.9556156],[-52.5444294,-31.9558889],[-52.5571792,-31.9436327],[-52.5800067,-31.9423313],[-52.58474,-31.9387161],[-52.605147,-31.9381708],[-52.6121085,-31.9330388],[-52.6116949,-31.9192892],[-52.6385394,-31.9102855],[-52.6485247,-31.8992786]],[[-52.0633376,-28.80959],[-52.0692579,-28.8052867],[-52.112732,-28.8108937],[-52.1318185,-28.8048045],[-52.1428901,-28.813409],[-52.1560997,-28.8115037],[-52.1822644,-28.8239103],[-52.2052796,-28.8191272],[-52.2208189,-28.8091274],[-52.2362609,-28.816401],[-52.2441071,-28.8288015],[-52.2703753,-28.8076767],[-52.2835031,-28.8132457],[-52.2984743,-28.8060997],[-52.3099651,-28.8112242],[-52.3211708,-28.8097286],[-52.3273161,-28.8136269]],[[-52.3273161,-28.8136269],[-52.3241335,-28.8179993]],[[-52.3241335,-28.8179993],[-52.3061496,-28.8411676],[-52.299423,-28.8755933]],[[-52.299423,-28.8755933],[-52.2896936,-28.878879],[-52.2814065,-28.8863814],[-52.2810172,-28.8939553],[-52.2803367,-28.9124671],[-52.2607506,-28.9325906],[-52.2676516,-28.9454233],[-52.2552205,-28.9599089],[-52.2280577,-28.9708345]],[[-52.2280577,-28.9708345],[-52.2290406,-28.9695774]],[[-52.2290406,-28.9695774],[-52.2284212,-28.9660018]],[[-52.2284212,-28.9660018],[-52.2273795,-28.962583]],[[-52.2273795,-28.962583],[-52.205513,-28.926682],[-52.1862265,-28.9118149],[-52.1659285,-28.8865961],[-52.1466084,-28.8928073],[-52.1026148,-28.8783534],[-52.0792571,-28.8780112]],[[-52.0100373,-28.873142],[-52.0066969,-28.8656283]],[[-52.0066969,-28.8656283],[-52.0234233,-28.8632029],[-52.0263095,-28.8509613]],[[-52.0263095,-28.8509613],[-52.0169593,-28.8419146]],[[-52.0169593,-28.8419146],[-52.0277384,-28.8380263],[-52.0360654,-28.8459804],[-52.0434246,-28.8443186],[-52.051851,-28.8286018],[-52.0616246,-28.8267383],[-52.066786,-28.8192573],[-52.0655774,-28.8131868]],[[-52.0655774,-28.8131868],[-52.0633376,-28.80959]],[[-54.1134278,-28.4776056],[-54.127205,-28.4885082],[-54.128436,-28.5546942]],[[-54.128436,-28.5546942],[-54.119711,-28.5611627]],[[-54.119711,-28.5611627],[-54.1104198,-28.5628044],[-54.1008024,-28.5662179],[-54.0982164,-28.562097],[-54.0898402,-28.5693972],[-54.0945854,-28.5773177],[-54.0914046,-28.5832692],[-54.0836003,-28.568519],[-54.0634339,-28.5880326],[-54.036536,-28.594723],[-54.0203999,-28.6115871],[-54.0009646,-28.6223857],[-54.0073268,-28.6337467],[-53.9821793,-28.6385298],[-53.975753,-28.6467975]],[[-53.975753,-28.6467975],[-53.9745381,-28.6477069]],[[-53.9745381,-28.6477069],[-53.9672938,-28.6453409],[-53.9504622,-28.6331857],[-53.9338068,-28.6223288],[-53.9314373,-28.6055713],[-53.9142558,-28.5977061],[-53.9041999,-28.5862647],[-53.8963519,-28.578552],[-53.904524,-28.5614896],[-53.909595,-28.5503617],[-53.9096136,-28.5476753],[-53.9030451,-28.5453412],[-53.8966733,-28.5464299],[-53.8884384,-28.5423862]],[[-53.8884384,-28.5423862],[-53.8853395,-28.5258029]],[[-53.8853395,-28.5258029],[-53.9069898,-28.4986225],[-53.9304792,-28.4866885],[-53.9356446,-28.4779462],[-53.9388101,-28.4834924],[-53.9340263,-28.4914761],[-53.9342891,-28.4963854],[-53.9471179,-28.486418],[-53.9529073,-28.488581],[-53.9606365,-28.4846875],[-53.962643,-28.4772005],[-53.9548753,-28.4707829],[-53.9471494,-28.4706569],[-53.9650893,-28.4657807],[-53.972569,-28.4661478],[-53.9760983,-28.4627467],[-53.9809934,-28.4479699]],[[-53.9809934,-28.4479699],[-53.9859095,-28.4376352]],[[-53.9859095,-28.4376352],[-54.0001576,-28.4337636],[-54.0088099,-28.4248668],[-54.0180794,-28.4153289],[-54.0315405,-28.4155156],[-54.0400004,-28.4109686],[-54.0376947,-28.4255891],[-54.0373981,-28.4335584],[-54.0456587,-28.4342638],[-54.0402828,-28.4514325],[-54.0462802,-28.4701721],[-54.0651031,-28.4644801],[-54.0826704,-28.4749336],[-54.1097503,-28.4681585],[-54.1134278,-28.4776056]],[[-52.037355,-27.6440903],[-52.0465437,-27.6466855]],[[-52.0465437,-27.6466855],[-52.0565262,-27.654532],[-52.05309,-27.6628143],[-52.0675172,-27.6622937],[-52.0783462,-27.6747836],[-52.0840218,-27.6763749],[-52.0854208,-27.6702841],[-52.0940759,-27.671271],[-52.1239363,-27.6709142],[-52.1381196,-27.663961],[-52.143179,-27.6607873],[-52.1487117,-27.6615772]],[[-52.1487117,-27.6615772],[-52.1551113,-27.6690311]],[[-52.1551113,-27.6690311],[-52.1549908,-27.7020873],[-52.1480691,-27.7333158]],[[-52.1480691,-27.7333158],[-52.1142408,-27.7626857]],[[-52.1142408,-27.7626857],[-52.0932703,-27.787894]],[[-52.0932703,-27.787894],[-52.0920243,-27.7935107],[-52.0876861,-27.798314],[-52.0847381,-27.8006427]],[[-52.0847381,-27.8006427],[-52.0730903,-27.8005126],[-52.0749776,-27.7869433],[-52.0762011,-27.7721915],[-52.0712909,-27.7687227],[-52.0454605,-27.750941],[-52.0393658,-27.7366761],[-52.0266816,-27.7318715],[-52.0172095,-27.7121023],[-52.0047029,-27.6998367]],[[-52.0047029,-27.6998367],[-52.0070507,-27.6952929],[-52.000932,-27.694097],[-52.0011936,-27.6854973],[-51.996468,-27.6856794],[-51.9959432,-27.6693126]],[[-51.9959432,-27.6693126],[-51.9888532,-27.6476188],[-52.0064459,-27.6393936],[-52.0192358,-27.6436409],[-52.0269992,-27.6433127],[-52.037355,-27.6440903]],[[-53.6635069,-30.8428122],[-53.664284,-30.8469263]],[[-53.664284,-30.8469263],[-53.6869747,-30.8514128],[-53.7299844,-30.876184],[-53.7380525,-30.8699165],[-53.7593284,-30.8800275],[-53.7888228,-30.9045143],[-53.8048157,-30.9070703],[-53.8134057,-30.903421],[-53.8655761,-30.9160646],[-53.8872064,-30.9169918],[-53.8878548,-30.9315538],[-53.8964903,-30.9460168],[-53.9109604,-30.9365281],[-53.9234359,-30.9398129],[-53.9244226,-30.9651867],[-53.9406434,-30.9782764]],[[-53.9406434,-30.9782764],[-53.9416787,-30.9818189],[-53.9467072,-30.9887725]],[[-53.9467072,-30.9887725],[-53.9272933,-31.0001656],[-53.9250539,-31.0144983],[-53.9289474,-31.0189074],[-53.9366283,-31.0328304],[-53.9583408,-31.0201415],[-53.9598174,-31.0353273],[-53.9755643,-31.0420129],[-53.980532,-31.0561014],[-53.9926654,-31.0534978],[-54.0402535,-31.0740563],[-54.0556659,-31.090576],[-54.0771083,-31.09315],[-54.0971192,-31.1072862],[-54.093618,-31.1264154],[-54.1049318,-31.1406086],[-54.1280856,-31.1463971],[-54.1461649,-31.161479],[-54.1675549,-31.1589897],[-54.169408,-31.1429915],[-54.2147252,-31.149536],[-54.2658257,-31.161486],[-54.2908333,-31.1569854],[-54.3123581,-31.1609224],[-54.3196474,-31.1874123],[-54.3304428,-31.1946067],[-54.3635,-31.1983472],[-54.3780284,-31.2179672],[-54.4054084,-31.2323055],[-54.4096713,-31.2489224],[-54.4110014,-31.2794308],[-54.4240906,-31.2881404],[-54.4230765,-31.3013982],[-54.4504175,-31.3003348],[-54.4745449,-31.3066198],[-54.504273,-31.3082193],[-54.5341404,-31.3257505],[-54.5544034,-31.3420087],[-54.56331,-31.3685604],[-54.5871903,-31.37012],[-54.6308207,-31.3574434],[-54.6478543,-31.3754566],[-54.6518152,-31.3932514],[-54.7004026,-31.4336867]],[[-54.7004026,-31.4336867],[-54.6955419,-31.4432345],[-54.6703379,-31.4540783],[-54.5864586,-31.456553],[-54.5770731,-31.481337],[-54.56012,-31.4926983],[-54.5156442,-31.5101774],[-54.4902596,-31.5510233],[-54.4936433,-31.5581388],[-54.4729407,-31.570353],[-54.4573188,-31.6012051],[-54.4657385,-31.6100249],[-54.4515116,-31.6400362],[-54.4546416,-31.6528458]],[[-53.9590392,-31.492838],[-53.9534454,-31.4916219]],[[-53.9534454,-31.4916219],[-53.9464917,-31.4856973],[-53.9312277,-31.4645803],[-53.9218275,-31.4554703],[-53.9361375,-31.4379895],[-53.9600853,-31.4206196],[-53.9616347,-31.4071601],[-53.9796715,-31.3961006],[-53.9868743,-31.3780264],[-53.9706322,-31.3622186],[-53.9702912,-31.3535837],[-53.954317,-31.3460688],[-53.9884713,-31.324508],[-54.0126695,-31.314107],[-53.9977953,-31.3001468],[-53.9918507,-31.2698502],[-53.9686277,-31.2547484],[-53.9627318,-31.2542859],[-53.9472788,-31.2523252],[-53.9310942,-31.2468302],[-53.903546,-31.2279342],[-53.8778417,-31.2272125],[-53.8619818,-31.2205907],[-53.8387311,-31.2293241]],[[-53.8387311,-31.2293241],[-53.8265309,-31.2423753],[-53.8195813,-31.2436727],[-53.7898489,-31.237149]],[[-53.7898489,-31.237149],[-53.7579384,-31.2322838],[-53.7336263,-31.2388604],[-53.7449383,-31.2558764],[-53.7478211,-31.2760842],[-53.7652507,-31.3121912]],[[-53.7652507,-31.3121912],[-53.7435985,-31.3253916],[-53.7190302,-31.3267066],[-53.6862453,-31.3370269],[-53.6727803,-31.330404],[-53.6531813,-31.3358424]],[[-53.6531813,-31.3358424],[-53.6507949,-31.3381268]],[[-53.6507949,-31.3381268],[-53.6468369,-31.3357701],[-53.6410834,-31.33479],[-53.636109,-31.3293556],[-53.6297568,-31.3330271],[-53.6229277,-31.3307182],[-53.6170914,-31.3290531],[-53.6237228,-31.3165227],[-53.6023883,-31.3064418],[-53.60312,-31.2874896],[-53.5819204,-31.2787811],[-53.5675931,-31.2647694],[-53.5627124,-31.252091],[-53.5547799,-31.2368313],[-53.5300739,-31.2420349],[-53.5244657,-31.2291521],[-53.5275979,-31.2084151],[-53.5172994,-31.2034551],[-53.5171718,-31.1791984],[-53.5037089,-31.1585546],[-53.4920836,-31.149536],[-53.4926035,-31.1334414],[-53.4806892,-31.1220297],[-53.4959514,-31.1040977],[-53.4864642,-31.0970451],[-53.4868624,-31.070335],[-53.4750912,-31.0586239],[-53.4893806,-31.0355582],[-53.4714672,-31.0320579],[-53.4588573,-31.0222169],[-53.4634822,-31.0130716],[-53.4363433,-30.9772788],[-53.4337994,-30.9700277],[-53.4297699,-30.9671121],[-53.4397852,-30.9647486],[-53.4431453,-30.9641687]],[[-53.4431453,-30.9641687],[-53.4544704,-30.9599671],[-53.4639881,-30.9544392],[-53.4967063,-30.9614652],[-53.5021823,-30.9398829],[-53.5283919,-30.945272],[-53.5626737,-30.9218199],[-53.5738447,-30.9080247],[-53.5900911,-30.9247644],[-53.6015499,-30.9189158],[-53.5894398,-30.9079921],[-53.5900054,-30.8994641],[-53.6055406,-30.8943161],[-53.6011393,-30.8786815],[-53.6100768,-30.8635872],[-53.6472145,-30.8691967],[-53.6522711,-30.8405474],[-53.6635069,-30.8428122]],[[-50.2241817,-30.2364612],[-50.2505387,-30.2282957],[-50.2569364,-30.1727553],[-50.280345,-30.1592195],[-50.2959056,-30.1579434],[-50.3127158,-30.1475056],[-50.3478709,-30.1598463],[-50.3748705,-30.1600557]],[[-50.3748705,-30.1600557],[-50.3989084,-30.1575004]],[[-50.3989084,-30.1575004],[-50.3804659,-30.1729915]],[[-50.3804659,-30.1729915],[-50.3764009,-30.1831959],[-50.3633104,-30.1944459],[-50.3414789,-30.2030463]],[[-50.3414789,-30.2030463],[-50.2919123,-30.2139528],[-50.2648214,-30.2272367],[-50.2658415,-30.2281002],[-50.2686396,-30.231159],[-50.2861709,-30.2449989],[-50.2894871,-30.2599289],[-50.2809501,-30.2717186],[-50.2893787,-30.2914321],[-50.2519012,-30.3048776]],[[-50.2519012,-30.3048776],[-50.2241817,-30.2364612]],[[-51.5339219,-29.3515301],[-51.536609,-29.355658],[-51.5538574,-29.3569627],[-51.5612643,-29.3747066],[-51.5769963,-29.3823912],[-51.5885167,-29.3761722],[-51.6168875,-29.3783719]],[[-51.6168875,-29.3783719],[-51.6140685,-29.3837853]],[[-51.6140685,-29.3837853],[-51.6079713,-29.4115887]],[[-51.6079713,-29.4115887],[-51.578837,-29.4061184]],[[-51.578837,-29.4061184],[-51.5589386,-29.4044999],[-51.5427359,-29.4190273],[-51.5216301,-29.40761],[-51.4917918,-29.4064643],[-51.4859809,-29.400565],[-51.4747435,-29.4032889],[-51.4413035,-29.4170758],[-51.4356935,-29.4313524]],[[-51.4356935,-29.4313524],[-51.4035057,-29.4334766]],[[-51.4035057,-29.4334766],[-51.4010619,-29.4183785]],[[-51.4010619,-29.4183785],[-51.397205,-29.3518219]],[[-51.397205,-29.3518219],[-51.5339219,-29.3515301]],[[-52.3635692,-27.5007296],[-52.3990762,-27.4790346],[-52.4151172,-27.4779798],[-52.4345661,-27.4950047]],[[-52.4345661,-27.4950047],[-52.4470235,-27.4944344]],[[-52.4470235,-27.4944344],[-52.4724243,-27.4922749],[-52.4854305,-27.4866796],[-52.5119785,-27.4866934]],[[-52.5119785,-27.4866934],[-52.5113663,-27.4921058],[-52.5102908,-27.506663],[-52.5268581,-27.506714],[-52.5268674,-27.5302477],[-52.5064241,-27.5312594],[-52.5004235,-27.5443984],[-52.4778577,-27.5460208],[-52.4773948,-27.584998]],[[-52.4773948,-27.584998],[-52.4771443,-27.6109563]],[[-52.4771443,-27.6109563],[-52.465361,-27.6108707],[-52.4652995,-27.6314111],[-52.4450256,-27.631383],[-52.4470879,-27.6508869]],[[-52.4470879,-27.6508869],[-52.447256,-27.6627539]],[[-52.447256,-27.6627539],[-52.4035195,-27.6617748],[-52.3936056,-27.6591961],[-52.3935514,-27.6620864]],[[-52.3935514,-27.6620864],[-52.3421956,-27.660973]],[[-52.3421956,-27.660973],[-52.3439802,-27.5602144],[-52.3491415,-27.5276555],[-52.3439973,-27.527616],[-52.3441544,-27.5093579]],[[-52.3441544,-27.5093579],[-52.3488808,-27.509461]],[[-51.8456698,-30.2851975],[-51.8442786,-30.3023149],[-51.8596908,-30.3185927],[-51.8433927,-30.3470149],[-51.8555252,-30.3666504],[-51.8722982,-30.3813469],[-51.9251022,-30.407581],[-51.9276831,-30.4178497],[-51.9270747,-30.420777],[-51.9035085,-30.4441708],[-51.9026523,-30.4617753],[-51.913463,-30.4653211],[-51.9142387,-30.4807668],[-51.9252203,-30.4980191],[-51.915399,-30.5088547],[-51.9165064,-30.5223462],[-51.9057264,-30.5407293],[-51.9182369,-30.5506973],[-51.9110867,-30.5725084],[-51.9087972,-30.5755141],[-51.9047555,-30.5767449]],[[-51.9047555,-30.5767449],[-51.7670307,-30.4668122]],[[-51.7670307,-30.4668122],[-51.7664795,-30.4925435],[-51.7596103,-30.4988855]],[[-51.7596103,-30.4988855],[-51.7560464,-30.5037083]],[[-51.7560464,-30.5037083],[-51.7512427,-30.4819274],[-51.714173,-30.4707562],[-51.717699,-30.4479306],[-51.7002291,-30.4398573],[-51.6805079,-30.4376844],[-51.6918558,-30.4216255],[-51.6803952,-30.4132463],[-51.6810254,-30.3986349],[-51.6726279,-30.3886372]],[[-51.6726279,-30.3886372],[-51.675933,-30.3887355],[-51.6795262,-30.3864807],[-51.6807742,-30.3804798],[-51.6729263,-30.3747345]],[[-51.6729263,-30.3747345],[-51.670029,-30.3561489],[-51.6585804,-30.3494057],[-51.6488172,-30.3306029],[-51.6470099,-30.3123136],[-51.6691246,-30.2924273]],[[-51.6691246,-30.2924273],[-51.6833639,-30.294665]],[[-51.304154,-27.7289391],[-51.3105827,-27.7154941],[-51.3020007,-27.7025595],[-51.3119239,-27.6947724],[-51.3137531,-27.6774025],[-51.3322885,-27.6711557],[-51.3496944,-27.6799291],[-51.3702804,-27.6721262],[-51.3779345,-27.6600239],[-51.3701089,-27.6366712],[-51.3843596,-27.6238157],[-51.4052908,-27.631861],[-51.4191535,-27.6546386],[-51.4352043,-27.6543987],[-51.4359842,-27.6311359],[-51.4590791,-27.6060697],[-51.4767643,-27.5987746],[-51.4768501,-27.575783],[-51.4887838,-27.5599424],[-51.5043141,-27.5559917],[-51.5329755,-27.5625792],[-51.554876,-27.5639917],[-51.5608557,-27.5830828],[-51.5783698,-27.5769883]],[[-51.5783698,-27.5769883],[-51.5821993,-27.587526],[-51.5806471,-27.5989483],[-51.5679264,-27.621783],[-51.5698803,-27.6256835],[-51.5688513,-27.6278648]],[[-51.5688513,-27.6278648],[-51.5509431,-27.6391001]],[[-51.5509431,-27.6391001],[-51.5493919,-27.6427415],[-51.5430331,-27.656049],[-51.5216269,-27.6729239],[-51.5157503,-27.6845565],[-51.5308329,-27.7092649],[-51.507337,-27.710068],[-51.5002036,-27.7236161],[-51.5163299,-27.7385462],[-51.4990089,-27.7576615],[-51.5065558,-27.7778121],[-51.4946075,-27.7946677],[-51.490179,-27.8063681],[-51.4687722,-27.8174963],[-51.4612503,-27.8244775],[-51.4506363,-27.8395215],[-51.4469715,-27.8471327],[-51.4566762,-27.8778676]],[[-51.4566762,-27.8778676],[-51.4649961,-27.8862808],[-51.4597847,-27.9063305],[-51.4581568,-27.9290118],[-51.445437,-27.9257394]],[[-51.445437,-27.9257394],[-51.4321865,-27.9122168],[-51.4173548,-27.9162572],[-51.4070921,-27.8906521],[-51.403106,-27.8852137],[-51.388727,-27.8795796],[-51.3826966,-27.8739209],[-51.3826365,-27.8606142],[-51.3792848,-27.8549061]],[[-51.3792848,-27.8549061],[-51.3797461,-27.8440984],[-51.3709302,-27.8428509],[-51.3714267,-27.8344237],[-51.3757005,-27.8310266],[-51.3757369,-27.8276217]],[[-51.3757369,-27.8276217],[-51.3757333,-27.8202593],[-51.3667621,-27.8179917],[-51.358933,-27.798181],[-51.3555275,-27.8058333],[-51.3550834,-27.7911531],[-51.3478666,-27.7911432],[-51.3349359,-27.7906338],[-51.3349934,-27.782843],[-51.3356211,-27.752633],[-51.3177517,-27.7498628],[-51.3176286,-27.7390571],[-51.3127573,-27.7459726],[-51.3012105,-27.7465851],[-51.3107394,-27.733119],[-51.304154,-27.7289391]],[[-53.7176953,-27.1825018],[-53.7352636,-27.1907901],[-53.7515895,-27.1880526],[-53.7629422,-27.1553555],[-53.7801413,-27.1495899],[-53.8090034,-27.1727598],[-53.8196549,-27.1756536]],[[-53.8196549,-27.1756536],[-53.7943863,-27.1974785],[-53.7933631,-27.2110664],[-53.7774822,-27.2125573],[-53.7806216,-27.2212638],[-53.7699731,-27.232783],[-53.7693722,-27.2407101],[-53.7748287,-27.2420781],[-53.7727939,-27.253648],[-53.7677594,-27.2544808],[-53.7681234,-27.2595912]],[[-53.7681234,-27.2595912],[-53.7701309,-27.2621096]],[[-53.7701309,-27.2621096],[-53.7649701,-27.2786251]],[[-53.7649701,-27.2786251],[-53.7636138,-27.27901]],[[-53.7636138,-27.27901],[-53.7518699,-27.2717647],[-53.7413179,-27.2554943],[-53.7458564,-27.24307],[-53.7368616,-27.2284803],[-53.7163936,-27.2009145],[-53.7102079,-27.1963442],[-53.7069284,-27.1982648]],[[-53.7069284,-27.1982648],[-53.7016034,-27.1962231]],[[-53.7016034,-27.1962231],[-53.7176953,-27.1825018]],[[-57.3281268,-29.9719449],[-57.3519807,-30.0080586],[-57.3963322,-30.0227942],[-57.4175216,-30.0383726],[-57.4537611,-30.0815588],[-57.4646043,-30.110343],[-57.5256147,-30.1513855],[-57.5880191,-30.1783448],[-57.6326603,-30.1747769],[-57.6320547,-30.187039],[-57.6033674,-30.1896711],[-57.5578464,-30.2133834],[-57.5577145,-30.2331507],[-57.5679792,-30.252231],[-57.5508317,-30.2726194],[-57.5254088,-30.2854722],[-57.5002731,-30.2888531],[-57.4867597,-30.2668292],[-57.4635234,-30.2653999],[-57.4522953,-30.2760374],[-57.4164045,-30.2779779],[-57.4213809,-30.3008757],[-57.389445,-30.3024616],[-57.3787505,-30.2794207],[-57.3649191,-30.2710503],[-57.352036,-30.284485],[-57.3429837,-30.2776811],[-57.3069794,-30.2623328],[-57.2931768,-30.2863926],[-57.2845645,-30.2937221],[-57.270061,-30.2849845],[-57.268969,-30.2716485],[-57.2585548,-30.2671695],[-57.2500772,-30.2891569],[-57.2202614,-30.2892854],[-57.2029119,-30.2844296],[-57.1962531,-30.2645065],[-57.1551421,-30.2332232],[-57.1654289,-30.2245123],[-57.1682194,-30.1976361],[-57.1447777,-30.1716128],[-57.129165,-30.1408381],[-57.1144833,-30.1454574],[-57.1109706,-30.1287458],[-57.1213958,-30.1092431]],[[-57.1213958,-30.1092431],[-57.13402,-30.0882987],[-57.1361698,-30.0644926],[-57.1517858,-30.0567667],[-57.1624254,-30.0598446],[-57.1700531,-30.0463227],[-57.184775,-30.0426916],[-57.2432572,-30.0046962],[-57.257773,-29.9753218],[-57.2636379,-29.9708469],[-57.2743544,-29.9597263],[-57.2849003,-29.9526531],[-57.2955424,-29.9511959],[-57.3025662,-29.9526905],[-57.3111342,-29.9498577],[-57.3156191,-29.9589701],[-57.3281268,-29.9719449]],[[-51.5141136,-30.26921],[-51.5158768,-30.2729122]],[[-51.5158768,-30.2729122],[-51.5074792,-30.2965172],[-51.5204777,-30.3138906],[-51.5172773,-30.3242556],[-51.5083356,-30.3180222],[-51.4971051,-30.3313333],[-51.4950102,-30.3537068],[-51.4800492,-30.3489348],[-51.456223,-30.3484691],[-51.42946,-30.3539769],[-51.4330262,-30.3811668],[-51.4461882,-30.3851487],[-51.4508791,-30.3893271],[-51.4667763,-30.3868728],[-51.4935454,-30.4123176],[-51.5154972,-30.41631]],[[-51.5154972,-30.41631],[-51.5218971,-30.4185969],[-51.5231025,-30.4178179],[-51.5268501,-30.418644],[-51.5299755,-30.4142961],[-51.5362316,-30.4124013]],[[-51.5362316,-30.4124013],[-51.5357246,-30.4493488]],[[-51.5357246,-30.4493488],[-51.524539,-30.5100372]],[[-51.524539,-30.5100372],[-51.521574,-30.509062]],[[-51.521574,-30.509062],[-51.4931363,-30.5066283]],[[-51.4931363,-30.5066283],[-51.4924093,-30.5036129],[-51.4870775,-30.4999661]],[[-51.4870775,-30.4999661],[-51.4796515,-30.4999319],[-51.4396943,-30.4942762],[-51.4210611,-30.4831063],[-51.3968579,-30.4954949],[-51.2759048,-30.4707413],[-51.2653834,-30.4797746]],[[-51.2653834,-30.4797746],[-51.2500723,-30.4604072],[-51.2449136,-30.4427908],[-51.2291377,-30.4237622],[-51.2026715,-30.4091842],[-51.1900378,-30.407651],[-51.1527572,-30.414158],[-51.131912,-30.4352982],[-51.1196561,-30.3925903],[-51.1041728,-30.3763416],[-51.0977155,-30.3575685],[-51.128588,-30.3592513],[-51.1558663,-30.376489],[-51.1782153,-30.386402],[-51.1919415,-30.3767187],[-51.207356,-30.3408157],[-51.211874,-30.2995652],[-51.2385203,-30.3168479],[-51.2571972,-30.3057702],[-51.2759273,-30.3084709],[-51.2952733,-30.3029469],[-51.3009389,-30.2740921],[-51.2918591,-30.2545274],[-51.2987036,-30.2400939],[-51.3246615,-30.2352112],[-51.328287,-30.2264909]],[[-51.328287,-30.2264909],[-51.3386929,-30.2309551],[-51.3572705,-30.2227197],[-51.3609352,-30.2212644],[-51.3762831,-30.2295797],[-51.4062823,-30.2303996],[-51.4080092,-30.2688531],[-51.450917,-30.2539247],[-51.462881,-30.2535244],[-51.4833562,-30.2612286],[-51.5022663,-30.259495],[-51.5141136,-30.26921]],[[-52.3959331,-27.2983669],[-52.4191973,-27.2823834],[-52.4201202,-27.2866504],[-52.4232379,-27.2902948]],[[-52.4232379,-27.2902948],[-52.4240315,-27.298296],[-52.444954,-27.3067035],[-52.430398,-27.3478434],[-52.4391738,-27.3539387],[-52.433816,-27.368381],[-52.4425924,-27.3765812],[-52.4263449,-27.3904656],[-52.4430142,-27.3939115],[-52.4532466,-27.4085998],[-52.4531593,-27.4369878],[-52.4455728,-27.4555769],[-52.4448076,-27.475614],[-52.4368242,-27.4945904]],[[-52.4368242,-27.4945904],[-52.4345661,-27.4950047]],[[-53.0062679,-27.8933634],[-53.0157845,-27.8852922],[-53.0491724,-27.8817139]],[[-53.0491724,-27.8817139],[-53.0528934,-27.8870638]],[[-53.0528934,-27.8870638],[-53.0516719,-27.8922208],[-53.0421432,-27.8951907]],[[-53.0421432,-27.8951907],[-53.0404586,-27.8970119],[-53.046595,-27.902206],[-53.0571657,-27.9017422],[-53.0739326,-27.8980522]],[[-53.0739326,-27.8980522],[-53.0973353,-27.9005329]],[[-53.0973353,-27.9005329],[-53.0818599,-27.9073579],[-53.0633569,-27.9106249],[-53.0501273,-27.9150998],[-53.0476491,-27.9212074]],[[-53.0476491,-27.9212074],[-53.057274,-27.944305]],[[-53.057274,-27.944305],[-53.0489032,-27.9463467],[-53.035985,-27.9518929],[-53.0334955,-27.9560457],[-53.0323476,-27.9618232]],[[-53.0323476,-27.9618232],[-53.0056096,-27.9511678],[-52.9866701,-27.9534765]],[[-52.9866701,-27.9534765],[-52.9763608,-27.9534165]],[[-52.9763608,-27.9534165],[-52.9758139,-27.9482684],[-52.9622863,-27.9448503],[-52.964413,-27.9283454],[-52.9744023,-27.9097036],[-52.9807087,-27.9087012]],[[-52.9807087,-27.9087012],[-52.9825003,-27.9028218],[-52.986685,-27.8988412],[-53.0062679,-27.8933634]],[[-52.7459408,-29.139073],[-52.7502893,-29.1532606]],[[-52.7502893,-29.1532606],[-52.7524716,-29.1651461],[-52.7218652,-29.1666409],[-52.7022017,-29.1869409],[-52.6809428,-29.1801631],[-52.6651624,-29.1887038],[-52.6680456,-29.1968165],[-52.6695644,-29.2023776],[-52.6617649,-29.2046026],[-52.6700401,-29.2105549],[-52.6710043,-29.2215448],[-52.6741051,-29.2178995],[-52.6756738,-29.2250328]],[[-52.6756738,-29.2250328],[-52.6666461,-29.236097]],[[-52.6666461,-29.236097],[-52.6496301,-29.2283669],[-52.6403764,-29.2346896],[-52.6195487,-29.2308491],[-52.5984465,-29.2142618],[-52.5801065,-29.2282877],[-52.5587416,-29.2199299],[-52.5356057,-29.2245462],[-52.5010067,-29.2472842]],[[-52.5010067,-29.2472842],[-52.4990559,-29.2472217]],[[-52.4990559,-29.2472217],[-52.4809542,-29.2370878],[-52.4564348,-29.2402916],[-52.4394396,-29.229373],[-52.4394906,-29.2188216]],[[-52.4394906,-29.2188216],[-52.4338248,-29.2079067]],[[-52.4338248,-29.2079067],[-52.4385978,-29.1898569],[-52.4274076,-29.1704171],[-52.4286731,-29.1577286]],[[-52.4286731,-29.1577286],[-52.4273124,-29.1569694]],[[-52.4273124,-29.1569694],[-52.4576676,-29.1296953],[-52.4618025,-29.1145956],[-52.4782669,-29.1053344],[-52.4751134,-29.0860506],[-52.4874994,-29.0847358],[-52.4954606,-29.0847774],[-52.4879284,-29.0559144],[-52.4922303,-29.0475069],[-52.4926648,-29.0402185],[-52.4952388,-29.0376053]],[[-52.4952388,-29.0376053],[-52.4948692,-29.0340001]],[[-52.4948692,-29.0340001],[-52.5094871,-29.0279442],[-52.5255782,-29.0120052],[-52.5316068,-28.9990074],[-52.550803,-28.9902994],[-52.5594437,-28.9747068],[-52.5735159,-28.969612],[-52.5908679,-28.9710984],[-52.6039894,-28.9629918],[-52.6210947,-28.965077],[-52.6473292,-28.952408],[-52.6729555,-28.9719683],[-52.6818509,-29.0068943],[-52.6809331,-29.0216934],[-52.6916277,-29.0522241],[-52.7210761,-29.0735224],[-52.7393936,-29.1125854],[-52.7459408,-29.139073]],[[-52.7260106,-27.4321749],[-52.7267454,-27.436217]],[[-52.7267454,-27.436217],[-52.714907,-27.458727],[-52.718886,-27.4664391],[-52.7073526,-27.4641519],[-52.7010117,-27.4691858],[-52.7132391,-27.4845601],[-52.7065842,-27.4946777],[-52.6823614,-27.5063137],[-52.6729016,-27.5120647],[-52.6721666,-27.5210307],[-52.6734274,-27.5286661],[-52.6740801,-27.5377275]],[[-52.6740801,-27.5377275],[-52.6719557,-27.5338677],[-52.6725214,-27.5313072],[-52.6712797,-27.5307684],[-52.6628795,-27.5340833],[-52.6599814,-27.537702]],[[-52.6599814,-27.537702],[-52.6254761,-27.5421483],[-52.5986737,-27.5334858],[-52.5804964,-27.5358058],[-52.5767627,-27.5297425],[-52.571975,-27.5218969],[-52.5654084,-27.5169775],[-52.5602325,-27.5091451],[-52.5741981,-27.4890469],[-52.5719864,-27.4814986],[-52.5892638,-27.4700111]],[[-52.5892638,-27.4700111],[-52.5931716,-27.4685073]],[[-52.5931716,-27.4685073],[-52.6200454,-27.4514278],[-52.6184252,-27.4322438]],[[-52.6184252,-27.4322438],[-52.6401109,-27.4271879]],[[-52.6401109,-27.4271879],[-52.6723045,-27.4265915],[-52.6764652,-27.4368555],[-52.6948565,-27.4431822],[-52.7035575,-27.4410482],[-52.7186045,-27.4364722],[-52.7260106,-27.4321749]],[[-51.5630218,-29.0280262],[-51.5643657,-29.0438559],[-51.5801389,-29.0482704],[-51.59483,-29.0447195],[-51.6110039,-29.0578971],[-51.6171244,-29.0425439],[-51.6312399,-29.0443068],[-51.6293708,-29.0284811],[-51.6293228,-29.020729]],[[-51.6293228,-29.020729],[-51.6339203,-29.0142775],[-51.6517632,-29.0142163],[-51.6647427,-29.0438218],[-51.6783049,-29.0579953],[-51.6762201,-29.0649766],[-51.6494028,-29.0606388],[-51.6336609,-29.0730739],[-51.6351987,-29.0879787],[-51.6375098,-29.0888703],[-51.6520659,-29.0856733],[-51.6673293,-29.0733408],[-51.6802775,-29.0742002],[-51.6817126,-29.0889899]],[[-51.6817126,-29.0889899],[-51.649336,-29.0937552],[-51.6269676,-29.109886],[-51.6261837,-29.1250884],[-51.6150434,-29.1253002],[-51.6147821,-29.1447989],[-51.6038355,-29.158219],[-51.6167727,-29.1672617],[-51.6166519,-29.1872397],[-51.6655044,-29.1881176]],[[-51.6655044,-29.1881176],[-51.6541625,-29.1944675],[-51.6541688,-29.199238]],[[-51.6541688,-29.199238],[-51.5265283,-29.197224]],[[-51.5265283,-29.197224],[-51.4921899,-29.1971973]],[[-51.4921899,-29.1971973],[-51.4921444,-29.1983646]],[[-51.4921444,-29.1983646],[-51.390736,-29.1970885],[-51.388457,-29.1560124],[-51.4231519,-29.1561653]],[[-51.4231519,-29.1561653],[-51.4232847,-29.165038]],[[-51.4232847,-29.165038],[-51.4581518,-29.1687179],[-51.4739014,-29.1493938],[-51.4738074,-29.1337889],[-51.4985182,-29.1110262],[-51.4978972,-29.0958228],[-51.5006132,-29.0849877],[-51.5039779,-29.081787]],[[-51.5039779,-29.081787],[-51.5103899,-29.0819455]],[[-51.5103899,-29.0819455],[-51.5198245,-29.07923],[-51.5395017,-29.0559903],[-51.5565771,-29.044829],[-51.5439066,-29.0359381]],[[-51.5439066,-29.0359381],[-51.535728,-29.025715],[-51.533759,-29.0214599],[-51.5351013,-29.01921],[-51.5447944,-29.0159743],[-51.5546019,-29.0162046],[-51.5630218,-29.0280262]],[[-53.3152238,-27.6028328],[-53.3249537,-27.6078262]],[[-53.3249537,-27.6078262],[-53.340715,-27.6167556],[-53.3658239,-27.6173853]],[[-53.3658239,-27.6173853],[-53.3841188,-27.6126895]],[[-53.3841188,-27.6126895],[-53.3844549,-27.6186097],[-53.38877,-27.6170903],[-53.3950721,-27.6153473],[-53.3988828,-27.6124226],[-53.4059958,-27.6147321]],[[-53.4059958,-27.6147321],[-53.3911274,-27.6282238],[-53.3991229,-27.6341746]],[[-53.3991229,-27.6341746],[-53.3945577,-27.6666487],[-53.4027454,-27.6792488],[-53.3927762,-27.68775]],[[-53.3927762,-27.68775],[-53.3977709,-27.6960006]],[[-53.3977709,-27.6960006],[-53.3978718,-27.6985762],[-53.39609,-27.7043534],[-53.3904654,-27.7639279],[-53.383616,-27.7687634],[-53.3617444,-27.7738396],[-53.3677401,-27.8000158],[-53.3755328,-27.8028533],[-53.3663712,-27.8031248],[-53.346368,-27.8036256],[-53.3384671,-27.7953467]],[[-53.3384671,-27.7953467],[-53.326341,-27.8003416],[-53.3237904,-27.7987532],[-53.3141133,-27.7775767]],[[-53.3141133,-27.7775767],[-53.3086932,-27.7671474],[-53.2922057,-27.7545752]],[[-53.2922057,-27.7545752],[-53.2954142,-27.7493728]],[[-53.2954142,-27.7493728],[-53.2830626,-27.7451334],[-53.2705018,-27.7520959],[-53.2651713,-27.7319333],[-53.2609256,-27.7280965],[-53.2570415,-27.7268133]],[[-53.2570415,-27.7268133],[-53.2638805,-27.7223598]],[[-53.2638805,-27.7223598],[-53.2611948,-27.7203517]],[[-53.2611948,-27.7203517],[-53.2777613,-27.7078668]],[[-53.2777613,-27.7078668],[-53.2963171,-27.7056076],[-53.2994715,-27.6984283],[-53.299585,-27.6947641]],[[-53.299585,-27.6947641],[-53.3080704,-27.6826639],[-53.300163,-27.6729189],[-53.2962245,-27.6487607],[-53.3013166,-27.6413139],[-53.2996689,-27.6175423],[-53.313623,-27.6185628],[-53.3152238,-27.6028328]],[[-54.1435235,-27.6257476],[-54.1768567,-27.6256196],[-54.1662131,-27.6311402],[-54.1453381,-27.639035],[-54.1611453,-27.6494337],[-54.1728712,-27.6645186],[-54.1757721,-27.6677743],[-54.1712575,-27.6712108],[-54.1694723,-27.6764113],[-54.1635676,-27.6743307]],[[-54.1635676,-27.6743307],[-54.1665843,-27.6918764]],[[-54.1665843,-27.6918764],[-54.1558065,-27.6842656],[-54.1497597,-27.6952353],[-54.1500935,-27.6987529],[-54.1645292,-27.7020917],[-54.1562954,-27.7088035],[-54.1137137,-27.6924786],[-54.1134189,-27.702518],[-54.0925404,-27.725446],[-54.0826766,-27.7272553],[-54.0668371,-27.7198808],[-54.0677579,-27.7233132],[-54.0689876,-27.7295737],[-54.071003,-27.7332051]],[[-54.071003,-27.7332051],[-54.0707657,-27.735601]],[[-54.0707657,-27.735601],[-54.067247,-27.7356116],[-54.0638857,-27.7315256],[-54.0527917,-27.7282829],[-54.04078,-27.7031281],[-54.0294839,-27.6932783],[-54.0302584,-27.6899258],[-54.0345694,-27.6812799],[-54.0253595,-27.6719383]],[[-54.0253595,-27.6719383],[-54.0314054,-27.6689323]],[[-54.0314054,-27.6689323],[-54.0336658,-27.6681047],[-54.0376958,-27.6583362]],[[-54.0376958,-27.6583362],[-54.0625843,-27.6535934]],[[-54.0625843,-27.6535934],[-54.0659398,-27.6383072],[-54.0849388,-27.6269407],[-54.0960971,-27.6287924],[-54.1075881,-27.6430474],[-54.118668,-27.6353511],[-54.1351016,-27.6269567],[-54.1435235,-27.6257476]],[[-53.7752123,-28.4388969],[-53.78092,-28.4458151]],[[-53.78092,-28.4458151],[-53.7779163,-28.4714971],[-53.7855315,-28.4880023],[-53.8110347,-28.4880247],[-53.8225566,-28.4943855],[-53.8385656,-28.5137359],[-53.8549063,-28.5152578],[-53.8572539,-28.5191152],[-53.8613657,-28.5361713],[-53.8654866,-28.5385455],[-53.8716508,-28.5327148],[-53.8761974,-28.529475]],[[-53.8761974,-28.529475],[-53.8884384,-28.5423862]],[[-53.9745381,-28.6477069],[-53.9702993,-28.6526015]],[[-53.9702993,-28.6526015],[-53.9597805,-28.658839],[-53.9786313,-28.6646426],[-53.9679166,-28.6786158],[-53.9768556,-28.6874268],[-53.974494,-28.7030094],[-53.9619695,-28.7159433],[-53.9602098,-28.7276695],[-53.9593272,-28.7349422],[-53.9830341,-28.7611037],[-53.9804183,-28.7621268],[-53.9816806,-28.777563],[-53.9837366,-28.7845008],[-53.9684474,-28.7954714],[-53.963248,-28.7932174],[-53.9542734,-28.795583],[-53.9542601,-28.8034083],[-53.9525728,-28.8079291],[-53.9417267,-28.8149567],[-53.9275299,-28.8074973],[-53.9160527,-28.8148221],[-53.9072203,-28.8134169],[-53.9065424,-28.8118917]],[[-53.9065424,-28.8118917],[-53.9061035,-28.8115366]],[[-53.9061035,-28.8115366],[-53.8963437,-28.8117042],[-53.8916952,-28.8069997],[-53.8898135,-28.8012838],[-53.8852788,-28.8019065],[-53.8665251,-28.8135751],[-53.8629143,-28.811912],[-53.8572911,-28.8134892],[-53.8614042,-28.8081297],[-53.8610598,-28.8029716],[-53.8555608,-28.7989141],[-53.8437365,-28.7989512],[-53.832487,-28.8113442],[-53.8293079,-28.8062444],[-53.809719,-28.7988565],[-53.8076459,-28.7963083],[-53.8034808,-28.8005804],[-53.799362,-28.803307]],[[-53.799362,-28.803307],[-53.7959245,-28.8027835]],[[-53.7959245,-28.8027835],[-53.7869859,-28.7948832],[-53.770797,-28.7848628],[-53.7595289,-28.768543],[-53.7450675,-28.7591943],[-53.7454143,-28.7381893],[-53.7342771,-28.7288712],[-53.7386809,-28.715928],[-53.7300608,-28.7092142],[-53.7232402,-28.7046359],[-53.7345497,-28.6787908],[-53.7349881,-28.655044],[-53.7137683,-28.656975],[-53.7176392,-28.6354111],[-53.7371939,-28.592694],[-53.7386467,-28.5763186],[-53.7425478,-28.5713278],[-53.7659591,-28.5679118],[-53.7853569,-28.5503921],[-53.7475917,-28.5306504],[-53.7230483,-28.5375715]],[[-53.7230483,-28.5375715],[-53.7171748,-28.5372829],[-53.714026,-28.5337354],[-53.7071009,-28.5336332],[-53.7014712,-28.5300669],[-53.694728,-28.5106193],[-53.6983335,-28.5038521]],[[-53.6983335,-28.5038521],[-53.7042058,-28.4893461]],[[-53.7042058,-28.4893461],[-53.7081794,-28.479699]],[[-53.7081794,-28.479699],[-53.7176383,-28.4818754],[-53.7200791,-28.4818285],[-53.7337061,-28.4650561],[-53.7443021,-28.4632855],[-53.7595534,-28.4468213],[-53.7591848,-28.4371367]],[[-53.7591848,-28.4371367],[-53.7679969,-28.4399821],[-53.771574,-28.4423356],[-53.7752123,-28.4388969]],[[-53.5442956,-28.754037],[-53.54715,-28.7438633],[-53.550738,-28.7399227],[-53.5646168,-28.7320763]],[[-53.5646168,-28.7320763],[-53.5644196,-28.752512],[-53.577907,-28.7622436],[-53.5856242,-28.7925936],[-53.5816423,-28.8020175],[-53.5807165,-28.8068344],[-53.5539151,-28.8424503],[-53.5536007,-28.8607996],[-53.5461964,-28.872616],[-53.55108,-28.9051598],[-53.5649868,-28.927778],[-53.5699492,-28.9355266],[-53.5711195,-28.9382433],[-53.5662039,-28.9408907],[-53.5609885,-28.9489631],[-53.5682285,-28.9543352]],[[-53.5682285,-28.9543352],[-53.5585814,-28.9631734]],[[-53.5585814,-28.9631734],[-53.552594,-28.9591683],[-53.5491889,-28.9626548],[-53.5499872,-28.9713949],[-53.5457521,-28.9750311],[-53.5289082,-28.9670407],[-53.5241544,-28.973275],[-53.533616,-28.993899],[-53.5199861,-29.0285941]],[[-53.5199861,-29.0285941],[-53.5023017,-29.0373917]],[[-53.5023017,-29.0373917],[-53.4911649,-29.0170029],[-53.4823807,-29.0188135],[-53.4783452,-29.0099756],[-53.4684271,-28.9803951],[-53.44542,-28.9885107],[-53.4271836,-28.9731507],[-53.4199371,-28.9808915],[-53.3970524,-28.96924],[-53.397808,-28.9578623],[-53.3787807,-28.9476299],[-53.3882504,-28.9249686],[-53.4151845,-28.9193537],[-53.4281845,-28.9039161],[-53.4214961,-28.8855946],[-53.4086379,-28.8735733],[-53.3829173,-28.8781621],[-53.3769402,-28.8718816],[-53.3536113,-28.874461],[-53.3526269,-28.8701525],[-53.3466259,-28.8685753],[-53.3156789,-28.8702601],[-53.3109146,-28.8684077],[-53.30514,-28.8596509],[-53.2997383,-28.8626546],[-53.296087,-28.856736],[-53.2962382,-28.8480182],[-53.2966315,-28.8469033],[-53.2989253,-28.8482744],[-53.3057737,-28.846583],[-53.3061969,-28.8441496],[-53.3010175,-28.8393871],[-53.311671,-28.8037737],[-53.3189726,-28.8058238],[-53.3243813,-28.7984098],[-53.3305587,-28.7936234]],[[-53.3305587,-28.7936234],[-53.3341912,-28.7846985]],[[-53.3341912,-28.7846985],[-53.3535929,-28.7814064],[-53.3724185,-28.7850151],[-53.3996642,-28.7809348],[-53.4024149,-28.7760039],[-53.4051038,-28.7560836],[-53.4159568,-28.7516132],[-53.4339694,-28.75593],[-53.4588472,-28.7395986],[-53.4681042,-28.739158],[-53.4811223,-28.7552059],[-53.5098236,-28.7688708],[-53.5300767,-28.7652776],[-53.5442956,-28.754037]],[[-51.6324415,-29.293613],[-51.6786597,-29.2947691]],[[-51.6786597,-29.2947691],[-51.6989124,-29.3034927]],[[-51.6989124,-29.3034927],[-51.700926,-29.3043254]],[[-51.700926,-29.3043254],[-51.7090799,-29.3126125],[-51.7289295,-29.3161853],[-51.7290379,-29.3248591],[-51.7017838,-29.3242017],[-51.7018885,-29.3344499],[-51.7289575,-29.3340626]],[[-51.7289575,-29.3340626],[-51.7274541,-29.3694054]],[[-51.7274541,-29.3694054],[-51.6910799,-29.3713727]],[[-51.6910799,-29.3713727],[-51.6912295,-29.4235255]],[[-51.6912295,-29.4235255],[-51.6803343,-29.4134075],[-51.6694576,-29.4182931],[-51.6575304,-29.3993035],[-51.610879,-29.4010901]],[[-51.610879,-29.4010901],[-51.6140685,-29.3837853]],[[-51.6168875,-29.3783719],[-51.6464727,-29.3719921],[-51.6471597,-29.3328863],[-51.6330722,-29.3328805],[-51.6324415,-29.293613]],[[-50.0686507,-28.4792115],[-50.0819881,-28.4733547],[-50.1222471,-28.4762612],[-50.1268385,-28.4633719],[-50.1149206,-28.453807],[-50.1157917,-28.437093],[-50.1472781,-28.4495265],[-50.1455725,-28.4775672],[-50.1392568,-28.4939534],[-50.162623,-28.4953209],[-50.1620146,-28.4813851],[-50.1780074,-28.4522534],[-50.1990863,-28.4448338],[-50.2226487,-28.4632721],[-50.2357086,-28.4570291],[-50.2468002,-28.4282705],[-50.2644516,-28.4435288],[-50.2729133,-28.4570719],[-50.2928469,-28.4510336],[-50.3038899,-28.437901],[-50.3296183,-28.4342305],[-50.3404469,-28.4409658],[-50.3369451,-28.4574211],[-50.3521458,-28.456391],[-50.3476044,-28.4318355],[-50.3599941,-28.4198395],[-50.3703461,-28.4227593],[-50.3768372,-28.4436738],[-50.395171,-28.4331574],[-50.4287806,-28.433541],[-50.4481437,-28.4228711],[-50.4568573,-28.4106514],[-50.4704404,-28.4149022],[-50.4995716,-28.4129623],[-50.5127266,-28.4049245],[-50.531594,-28.4078106],[-50.5288681,-28.4267482],[-50.5456285,-28.4264532],[-50.5654143,-28.4132235],[-50.5765408,-28.3942598],[-50.5911601,-28.3824177],[-50.6115593,-28.3932666],[-50.6256836,-28.3920575],[-50.6332902,-28.378916],[-50.6288225,-28.36402],[-50.6516748,-28.3434574],[-50.6652306,-28.3379246],[-50.6584554,-28.3250903],[-50.6776401,-28.3000068],[-50.695224,-28.2885195],[-50.6965973,-28.2678412],[-50.7094539,-28.2669976],[-50.7490849,-28.2485316]],[[-50.7490849,-28.2485316],[-50.7535692,-28.2611651],[-50.7435783,-28.2727872],[-50.7564164,-28.2807463],[-50.764918,-28.2877019],[-50.7528623,-28.2936223],[-50.7414914,-28.2953332],[-50.738745,-28.3220888],[-50.7254994,-28.3294033],[-50.7088788,-28.3627713],[-50.708739,-28.374501],[-50.7222752,-28.3905084],[-50.7141775,-28.409227],[-50.7184215,-28.4239461],[-50.7126623,-28.434555],[-50.7288072,-28.4471111],[-50.7208799,-28.4638812],[-50.7310955,-28.4826346],[-50.7264453,-28.5006276],[-50.7382127,-28.5103706],[-50.7352127,-28.5424018],[-50.7383031,-28.5573732],[-50.729692,-28.5738222],[-50.7266058,-28.5997567]],[[-50.7266058,-28.5997567],[-50.7032625,-28.6136975],[-50.7000622,-28.6220205],[-50.6829478,-28.6268308],[-50.6791026,-28.6383764],[-50.6828879,-28.6524534],[-50.6780556,-28.6611576],[-50.6853783,-28.7051369],[-50.6780483,-28.7161029],[-50.6744334,-28.7389993],[-50.6897644,-28.7516917],[-50.6804445,-28.7599163],[-50.6882028,-28.7709672],[-50.6874168,-28.7734395],[-50.6894607,-28.7797565],[-50.6943202,-28.7837074],[-50.6978427,-28.7926719]],[[-50.6978427,-28.7926719],[-50.6899149,-28.8022363]],[[-50.6899149,-28.8022363],[-50.6758358,-28.7989797],[-50.6643399,-28.8108845],[-50.629218,-28.8176033],[-50.6175348,-28.8040807]],[[-50.6175348,-28.8040807],[-50.6008554,-28.811774],[-50.5998654,-28.8166802],[-50.5932198,-28.8156513],[-50.5860216,-28.8033095]],[[-50.5860216,-28.8033095],[-50.5727087,-28.7959954],[-50.5802789,-28.7791579],[-50.5568485,-28.7821886],[-50.5568008,-28.7874694],[-50.5437405,-28.8017169],[-50.5524306,-28.8124707],[-50.5464086,-28.8264299],[-50.5358749,-28.8292277],[-50.5352859,-28.8103071],[-50.49597,-28.805231],[-50.4910779,-28.8165475],[-50.4618831,-28.8188766],[-50.4511172,-28.8069671],[-50.4607121,-28.7988934],[-50.4411179,-28.7877831],[-50.4171414,-28.8069496],[-50.4056495,-28.8055527],[-50.3946385,-28.8235028],[-50.3675614,-28.8356001],[-50.3493872,-28.8143138],[-50.3303446,-28.8079891],[-50.3161616,-28.8330812],[-50.3050157,-28.8396832],[-50.2870237,-28.8301798],[-50.2817225,-28.8314172],[-50.2689951,-28.8356764],[-50.25237,-28.8219084],[-50.2337702,-28.8184046],[-50.2183743,-28.8197439]],[[-50.2183743,-28.8197439],[-50.2122452,-28.8178931]],[[-50.2122452,-28.8178931],[-50.2029224,-28.808843],[-50.1964928,-28.7794727],[-50.1846333,-28.7483695],[-50.1587263,-28.7122117],[-50.1450829,-28.7090251],[-50.1280585,-28.6902164],[-50.1056685,-28.681479],[-50.0991167,-28.662828],[-50.1101493,-28.6452733],[-50.1006348,-28.6384596],[-50.0259099,-28.6348926],[-50.0373694,-28.6196636],[-50.0389781,-28.5935377],[-50.0255386,-28.5728712],[-50.0319687,-28.5637118],[-50.0481782,-28.5589125],[-50.0574043,-28.5374812],[-50.0581546,-28.5240436],[-50.0726805,-28.5080774],[-50.0686507,-28.4792115]],[[-51.4010619,-29.4183785],[-51.4054181,-29.4451993]],[[-51.4054181,-29.4451993],[-51.3919408,-29.4578374],[-51.3876247,-29.4828014],[-51.4001102,-29.4958038],[-51.393125,-29.5203053]],[[-51.393125,-29.5203053],[-51.3955994,-29.5288092]],[[-51.3955994,-29.5288092],[-51.38786,-29.5275937],[-51.3762446,-29.552429]],[[-51.3762446,-29.552429],[-51.3732884,-29.5489955]],[[-51.3732884,-29.5489955],[-51.3586285,-29.5423767],[-51.3413518,-29.5320329],[-51.3476066,-29.5170312]],[[-51.3476066,-29.5170312],[-51.3428974,-29.5132641],[-51.3334947,-29.5182645]],[[-51.3334947,-29.5182645],[-51.3313274,-29.5177369],[-51.3250787,-29.5065814],[-51.3250838,-29.5009768],[-51.3168978,-29.4849599],[-51.3401149,-29.4736188],[-51.3341053,-29.4562852],[-51.3301061,-29.4271855]],[[-51.3321345,-29.4096215],[-51.3554839,-29.401011],[-51.3568831,-29.3943468],[-51.3661283,-29.4027587],[-51.3920965,-29.4137705],[-51.3974748,-29.41744],[-51.4004583,-29.4170897],[-51.4010619,-29.4183785]],[[-53.811166,-27.4945508],[-53.8273424,-27.4891564]],[[-53.8273424,-27.4891564],[-53.8270632,-27.4907481],[-53.8398079,-27.5021418],[-53.8692887,-27.5004744],[-53.8848773,-27.5043706],[-53.892748,-27.5209527],[-53.9063285,-27.5297684]],[[-53.9063285,-27.5297684],[-53.8985263,-27.5335251]],[[-53.8985263,-27.5335251],[-53.8927591,-27.5564397],[-53.8929378,-27.5695178],[-53.8977129,-27.5952982]],[[-53.8977129,-27.5952982],[-53.8548307,-27.5923777],[-53.8321182,-27.5877154],[-53.8249886,-27.5859848],[-53.8141627,-27.5823728],[-53.8112181,-27.5790687],[-53.810911,-27.5762581]],[[-53.810911,-27.5762581],[-53.8165,-27.5763658]],[[-53.8165,-27.5763658],[-53.7938199,-27.5558779],[-53.8077488,-27.5521284],[-53.7848328,-27.5364473],[-53.7898898,-27.5303662],[-53.8142236,-27.5349559],[-53.8178446,-27.5265882],[-53.8162321,-27.5146168]],[[-53.8162321,-27.5146168],[-53.811166,-27.4945508]],[[-51.8895761,-29.6326793],[-51.8789865,-29.6332815],[-51.869917,-29.6155334],[-51.8705946,-29.6001013],[-51.8817276,-29.594082],[-51.873409,-29.5735306],[-51.8826956,-29.560181]],[[-51.8826956,-29.560181],[-51.8930966,-29.570429],[-51.9248971,-29.5841334],[-51.9352539,-29.5815695],[-51.9516566,-29.6090015]],[[-51.9516566,-29.6090015],[-51.9395402,-29.6163607]],[[-51.9395402,-29.6163607],[-51.9421179,-29.6240837],[-51.9562148,-29.6249461]],[[-51.9562148,-29.6249461],[-51.968363,-29.632421],[-51.981922,-29.6530649]],[[-51.981922,-29.6530649],[-51.9753842,-29.6737413],[-51.9642398,-29.7011204],[-51.9541921,-29.7127969]],[[-51.9541921,-29.7127969],[-51.9477571,-29.7068868],[-51.9249528,-29.6936137],[-51.9075338,-29.6682075],[-51.8811187,-29.6709715],[-51.8707366,-29.6631965],[-51.8724369,-29.6439156]],[[-51.8724369,-29.6439156],[-51.8895761,-29.6326793]],[[-52.436406,-29.2140112],[-52.4394906,-29.2188216]],[[-52.4990559,-29.2472217],[-52.5048284,-29.2497138]],[[-52.5048284,-29.2497138],[-52.5176947,-29.2462488],[-52.5206728,-29.2523526],[-52.5254928,-29.2631293],[-52.5236204,-29.2967457],[-52.536315,-29.3243696]],[[-52.536315,-29.3243696],[-52.5351237,-29.328984]],[[-52.5351237,-29.328984],[-52.528293,-29.3236157],[-52.5268326,-29.3320255],[-52.5225902,-29.3378157],[-52.5089469,-29.3440702],[-52.4897099,-29.3441642],[-52.4644306,-29.3671497]],[[-52.4644306,-29.3671497],[-52.4622631,-29.3739547]],[[-52.4622631,-29.3739547],[-52.4481628,-29.349861],[-52.4312396,-29.3433058],[-52.415377,-29.3460049],[-52.4104585,-29.3590769],[-52.3956238,-29.3635573],[-52.3772046,-29.3580732],[-52.3676943,-29.3723277],[-52.3508953,-29.3700989],[-52.3385773,-29.3842001],[-52.3352455,-29.3878711],[-52.3211089,-29.3919765]],[[-52.3211089,-29.3919765],[-52.3157992,-29.3881458]],[[-52.3157992,-29.3881458],[-52.305357,-29.3686734],[-52.3074014,-29.362418],[-52.3096739,-29.359729]],[[-52.3096739,-29.359729],[-52.2981793,-29.3514053]],[[-52.2981793,-29.3514053],[-52.2919276,-29.3462757],[-52.3026193,-29.3383281],[-52.3054675,-29.3202037],[-52.3025487,-29.3098012],[-52.3081655,-29.2981341],[-52.3049266,-29.2936057],[-52.2930699,-29.2897622],[-52.2895466,-29.2881668]],[[-52.2895466,-29.2881668],[-52.2925521,-29.2868309],[-52.2942373,-29.2886663]],[[-52.2942373,-29.2886663],[-52.3048219,-29.2813975],[-52.31791,-29.280209],[-52.3550964,-29.2618136],[-52.3768187,-29.261334],[-52.4005541,-29.25281],[-52.4175303,-29.2358601],[-52.4118104,-29.2280105],[-52.4216658,-29.2229829],[-52.436406,-29.2140112]],[[-55.1590106,-28.4370382],[-55.1638136,-28.4276973]],[[-55.1638136,-28.4276973],[-55.187471,-28.4421692],[-55.1930714,-28.5174654],[-55.2057158,-28.5436581],[-55.2389003,-28.5493237],[-55.2315676,-28.5789711],[-55.2535967,-28.6363405],[-55.27051,-28.6428481],[-55.2814609,-28.6541438],[-55.3017561,-28.6460917],[-55.3135795,-28.6574953]],[[-55.3135795,-28.6574953],[-55.3145207,-28.6646322]],[[-55.3145207,-28.6646322],[-55.2877645,-28.675328],[-55.2749674,-28.6722555],[-55.2554389,-28.6827144],[-55.2230006,-28.6692551],[-55.2268665,-28.6920449],[-55.2220358,-28.7131262],[-55.2075342,-28.7114981],[-55.1830061,-28.7492404],[-55.1647979,-28.7516683],[-55.1553734,-28.7367317],[-55.132632,-28.7449994],[-55.1121488,-28.742536],[-55.0986068,-28.7534756],[-55.0730358,-28.7611863],[-55.071106,-28.7761669],[-55.0646056,-28.7774498],[-55.0608697,-28.7707841],[-55.0427903,-28.7743513],[-55.0078475,-28.796472],[-54.9964296,-28.7777398],[-54.9645784,-28.8082729]],[[-54.9645784,-28.8082729],[-54.9546985,-28.8093734]],[[-54.9546985,-28.8093734],[-54.9354666,-28.8233495],[-54.92197,-28.8253452],[-54.90212,-28.8175634],[-54.8920721,-28.8244752],[-54.8816789,-28.8291212],[-54.8831162,-28.8431771],[-54.8610183,-28.8321182],[-54.8441108,-28.8510793],[-54.8330791,-28.8483448],[-54.8194812,-28.8667497]],[[-54.8194812,-28.8667497],[-54.810143,-28.8666305]],[[-54.810143,-28.8666305],[-54.7941941,-28.8746516],[-54.7721268,-28.8720034],[-54.7537277,-28.8536461],[-54.7404355,-28.8547839],[-54.7079318,-28.8366984],[-54.7154441,-28.8034886],[-54.7101541,-28.7857202],[-54.675543,-28.7377263],[-54.6755459,-28.7242132]],[[-54.6755459,-28.7242132],[-54.668245,-28.7083682]],[[-54.668245,-28.7083682],[-54.6882511,-28.6731117],[-54.6771896,-28.6344601],[-54.7011223,-28.6193755],[-54.721613,-28.6285431],[-54.7364718,-28.6019344],[-54.7265457,-28.5963552],[-54.727093,-28.5903117],[-54.7293889,-28.5865785]],[[-54.7293889,-28.5865785],[-54.7312853,-28.5868922]],[[-54.7312853,-28.5868922],[-54.7484036,-28.5940277],[-54.7522564,-28.610347],[-54.7758829,-28.6136496],[-54.78954,-28.6086192],[-54.8050128,-28.6258729],[-54.8207885,-28.6202701],[-54.8306233,-28.60409],[-54.8408049,-28.600643],[-54.8463539,-28.5847336],[-54.8427648,-28.565246],[-54.8583863,-28.5667955],[-54.8636889,-28.5826981],[-54.8762494,-28.59199],[-54.9102302,-28.5849607],[-54.9112676,-28.562278],[-54.9271432,-28.5592861],[-54.9191661,-28.5321768],[-54.9050064,-28.5254383],[-54.9079692,-28.4976359],[-54.9201355,-28.4980152],[-54.9640916,-28.4879376],[-54.9911049,-28.4887385],[-55.0159756,-28.4789373],[-55.0385264,-28.4858079],[-55.1004047,-28.4641463],[-55.1227563,-28.4787843],[-55.1399059,-28.4492666],[-55.1590106,-28.4370382]],[[-53.7372175,-28.2966789],[-53.7505667,-28.2839121],[-53.763442,-28.2806863]],[[-53.8130236,-28.2935972],[-53.8110945,-28.2847503]],[[-53.8110945,-28.2847503],[-53.8224274,-28.2851964],[-53.8197006,-28.3688647]],[[-53.8197006,-28.3688647],[-53.8263938,-28.380441],[-53.8356873,-28.3863369],[-53.8381606,-28.3868028],[-53.8359672,-28.3883584],[-53.8301092,-28.3999636],[-53.8234017,-28.400413],[-53.811121,-28.4150298],[-53.7911493,-28.4197521],[-53.7811789,-28.4295238],[-53.7807604,-28.4332303],[-53.778957,-28.4301318],[-53.7716607,-28.4336709],[-53.7730677,-28.4354094]],[[-53.7730677,-28.4354094],[-53.7752123,-28.4388969]],[[-53.7591848,-28.4371367],[-53.7429854,-28.4259129],[-53.7226045,-28.4094423],[-53.6961866,-28.395032],[-53.6840546,-28.3933281],[-53.67638,-28.3766058],[-53.6787983,-28.3661374],[-53.6718272,-28.3522557],[-53.6677077,-28.3461799],[-53.6685392,-28.3378678],[-53.6622226,-28.3298467]],[[-53.6622226,-28.3298467],[-53.6603917,-28.3190321]],[[-53.6603917,-28.3190321],[-53.6638833,-28.3160315],[-53.6605621,-28.3137423],[-53.6624698,-28.3085462],[-53.6691621,-28.3050782],[-53.6729851,-28.302431],[-53.6838213,-28.3021812],[-53.6905981,-28.2946216],[-53.6924072,-28.2906291],[-53.6961924,-28.2924122],[-53.7104974,-28.2994966],[-53.7131787,-28.2979265]],[[-53.7131787,-28.2979265],[-53.7153446,-28.307005]],[[-53.8012437,-27.5034341],[-53.8162321,-27.5146168]],[[-53.8165,-27.5763658],[-53.8076374,-27.5771037]],[[-53.8076374,-27.5771037],[-53.7975021,-27.5732323],[-53.7842421,-27.608293],[-53.7604398,-27.6131739],[-53.7445156,-27.6414794]],[[-53.7445156,-27.6414794],[-53.7440272,-27.6566116],[-53.7452665,-27.6582828]],[[-53.7452665,-27.6582828],[-53.7373842,-27.6589735]],[[-53.7373842,-27.6589735],[-53.7336767,-27.6618802]],[[-53.7336767,-27.6618802],[-53.7231978,-27.6638552],[-53.7176343,-27.6591957],[-53.7103526,-27.6297534],[-53.6947084,-27.6399052],[-53.688384,-27.6251982],[-53.6731092,-27.6058247],[-53.6850843,-27.5908361],[-53.6782281,-27.5731158],[-53.6812443,-27.5586905],[-53.6811891,-27.5479753]],[[-53.6811891,-27.5479753],[-53.6858123,-27.5487835]],[[-53.6858123,-27.5487835],[-53.6925189,-27.5472824],[-53.7153045,-27.5481502],[-53.7192847,-27.5359191],[-53.7433656,-27.533258]],[[-53.7433656,-27.533258],[-53.748401,-27.5335549],[-53.7583992,-27.5317429],[-53.7626076,-27.5299952],[-53.7722628,-27.5200626],[-53.7726099,-27.5152256]],[[-53.7726099,-27.5152256],[-53.8012437,-27.5034341]],[[-51.5882021,-29.4768118],[-51.6043313,-29.4755967],[-51.6079098,-29.4743284]],[[-51.6079098,-29.4743284],[-51.6153386,-29.4824628],[-51.6693737,-29.4808621]],[[-51.6693737,-29.4808621],[-51.6680845,-29.4874793]],[[-51.6680845,-29.4874793],[-51.6904171,-29.4877749]],[[-51.6904171,-29.4877749],[-51.6907733,-29.5007596]],[[-51.6907733,-29.5007596],[-51.6649968,-29.5007743],[-51.6627373,-29.5901039]],[[-51.6627373,-29.5901039],[-51.649461,-29.5901708],[-51.6404174,-29.5745453],[-51.6300356,-29.5923596],[-51.6081479,-29.5922339],[-51.5910156,-29.6105456]],[[-51.5910156,-29.6105456],[-51.5757147,-29.6129577]],[[-51.5757147,-29.6129577],[-51.5771401,-29.6028293],[-51.5840287,-29.5948037],[-51.5796948,-29.5896766],[-51.5709694,-29.5599556],[-51.57179,-29.5553089],[-51.5769705,-29.5492055],[-51.5794435,-29.5435226]],[[-51.5794435,-29.5435226],[-51.5877979,-29.5386176],[-51.5900573,-29.5301181],[-51.5899241,-29.5230266]],[[-51.5899241,-29.5230266],[-51.5797302,-29.5112345],[-51.5895197,-29.4882057],[-51.5882021,-29.4768118]],[[-52.0014772,-29.9555445],[-52.0149994,-29.9886891]],[[-52.0149994,-29.9886891],[-52.0155397,-30.0418192],[-51.970584,-30.0277922],[-51.9728667,-30.0615704],[-51.9800935,-30.067216],[-52.0132726,-30.1244383],[-52.0173067,-30.1393962],[-51.9935324,-30.2003405],[-52.0175901,-30.2024061],[-52.0349208,-30.2095558],[-52.0522268,-30.205644],[-52.0863803,-30.2131241],[-52.0919113,-30.2000165],[-52.1084387,-30.1906532],[-52.1296922,-30.1969397],[-52.1587594,-30.191323]],[[-52.1587594,-30.191323],[-52.1629248,-30.1996143]],[[-52.1629248,-30.1996143],[-52.1543291,-30.2105196],[-52.1359811,-30.2172078],[-52.1390338,-30.2321251],[-52.1664754,-30.2553958],[-52.1659807,-30.2747991],[-52.1746604,-30.2809464],[-52.1711249,-30.3071133],[-52.1631941,-30.3222432]],[[-52.1631941,-30.3222432],[-52.1580002,-30.330439],[-52.1602322,-30.3378266],[-52.1709566,-30.3705319],[-52.1797864,-30.3863838],[-52.1735576,-30.4214769],[-52.1587231,-30.4427263]],[[-52.1587231,-30.4427263],[-52.0963198,-30.405065],[-52.0370918,-30.3974279],[-52.0305843,-30.3744869],[-52.0357383,-30.361457],[-52.0323187,-30.3462266],[-52.0140493,-30.3236277],[-52.0070459,-30.2991865],[-51.9959611,-30.2872977],[-51.9989829,-30.2733301],[-51.9871542,-30.2696112],[-51.9849976,-30.2488874],[-51.9676526,-30.2469711],[-51.9480406,-30.2322145],[-51.9266281,-30.2269413],[-51.9223786,-30.2094067],[-51.8850896,-30.1897311],[-51.8790657,-30.1772364],[-51.8570917,-30.1605585],[-51.8577027,-30.1321043],[-51.8336758,-30.1139383],[-51.9124291,-30.0546796],[-51.9004645,-30.0359485],[-51.8869989,-30.0296261],[-51.8579515,-30.0387172],[-51.8460922,-29.9944124],[-51.8526016,-29.9846919],[-51.8475331,-29.9701465],[-51.8296112,-29.9670642],[-51.8159911,-29.9720118],[-51.7854732,-29.9605407]],[[-51.7854732,-29.9605407],[-51.782155,-29.9593875]],[[-51.782155,-29.9593875],[-51.7953301,-29.9542736],[-51.8398046,-29.9537131],[-51.8681337,-29.9600413],[-51.8986802,-29.9468452],[-51.9086027,-29.9524183],[-51.9445901,-29.9462838],[-51.940693,-29.9318842],[-51.947441,-29.9313148],[-51.9501389,-29.9380618],[-51.9568261,-29.9401766],[-51.9661036,-29.9378103],[-51.9789926,-29.9396101],[-51.9845926,-29.9572958],[-51.9868721,-29.96824],[-52.003769,-29.9675708],[-52.0014772,-29.9555445]],[[-53.3030859,-30.1414846],[-53.3111588,-30.1408741]],[[-53.3111588,-30.1408741],[-53.3183446,-30.1421781],[-53.3326122,-30.1578514],[-53.3525835,-30.1804503],[-53.3845967,-30.2040243],[-53.3901429,-30.2130706],[-53.4141964,-30.2114538],[-53.4198065,-30.2303189],[-53.451128,-30.2507805],[-53.4728168,-30.2700993],[-53.4713708,-30.2792907],[-53.4815761,-30.2961077],[-53.4624998,-30.3010434],[-53.4682948,-30.3136875],[-53.4660604,-30.3284727],[-53.4827191,-30.3433086],[-53.5011053,-30.370635],[-53.5011972,-30.3795835],[-53.52759,-30.4032137],[-53.5467434,-30.3928172],[-53.5501702,-30.3655136],[-53.6140435,-30.3778142],[-53.6343518,-30.3942996],[-53.647886,-30.4257366],[-53.6559506,-30.4323113],[-53.6925771,-30.4222648],[-53.7056111,-30.4009842],[-53.715147,-30.401846],[-53.7166578,-30.4112801],[-53.7118378,-30.4238052],[-53.7174414,-30.4196365],[-53.7188528,-30.4297568],[-53.7198662,-30.4481424],[-53.7117749,-30.4830234],[-53.7206109,-30.4852418],[-53.7264413,-30.4882615],[-53.7331388,-30.4988327]],[[-53.7331388,-30.4988327],[-53.7439147,-30.5155878]],[[-53.7439147,-30.5155878],[-53.7489736,-30.5331465],[-53.7389409,-30.5417185],[-53.7404295,-30.5654337],[-53.7627842,-30.5873512],[-53.773012,-30.6066869],[-53.7743383,-30.620683],[-53.798445,-30.6385544],[-53.7997811,-30.662908],[-53.7947071,-30.6712544],[-53.7972575,-30.7056933],[-53.8134163,-30.7178863],[-53.803895,-30.7291815],[-53.8209056,-30.7514304],[-53.8035387,-30.765323],[-53.8051884,-30.7879068],[-53.7854742,-30.7999055],[-53.7684838,-30.7978332],[-53.7576607,-30.7750139],[-53.7452796,-30.7727154],[-53.7071427,-30.8010952],[-53.7011199,-30.8159497],[-53.6723973,-30.8423488]],[[-53.6723973,-30.8423488],[-53.6635069,-30.8428122]],[[-53.4431453,-30.9641687],[-53.4429967,-30.9596647],[-53.4389742,-30.9507532],[-53.424438,-30.9583712]],[[-53.424438,-30.9583712],[-53.416663,-30.9584725]],[[-53.416663,-30.9584725],[-53.4092889,-30.9265814],[-53.4282859,-30.8900484],[-53.4112482,-30.840966],[-53.4078895,-30.8242635],[-53.4153032,-30.8123299],[-53.4047784,-30.7974257],[-53.3748932,-30.7779424],[-53.3450508,-30.7816691],[-53.331148,-30.7764912],[-53.3043985,-30.7812544],[-53.2878745,-30.7669021],[-53.2813583,-30.776628],[-53.2590841,-30.7864116],[-53.2386962,-30.7823132],[-53.2166727,-30.7692318],[-53.2157671,-30.7457692],[-53.2088569,-30.7342472],[-53.2054055,-30.7257558],[-53.182938,-30.7109081],[-53.1850172,-30.6915715],[-53.2012915,-30.6810375],[-53.1874712,-30.6525283],[-53.2149783,-30.6290738],[-53.2487557,-30.5755235],[-53.2299373,-30.5709099],[-53.2345096,-30.55935],[-53.2290142,-30.545529],[-53.2418597,-30.5341997],[-53.2378099,-30.5279677],[-53.2163195,-30.5207163],[-53.2194091,-30.4983854],[-53.2319909,-30.4703459],[-53.2132893,-30.4518681]],[[-53.2132893,-30.4518681],[-53.2165861,-30.4471281]],[[-53.2165861,-30.4471281],[-53.2157458,-30.4440174],[-53.2124256,-30.4413113],[-53.1984067,-30.4288073],[-53.1996187,-30.404541],[-53.1921346,-30.3957491],[-53.1768021,-30.3943058],[-53.1795878,-30.3799743],[-53.1704925,-30.3737914],[-53.1773534,-30.3585468],[-53.1741715,-30.3430591],[-53.1879852,-30.3409213],[-53.17941,-30.3243664],[-53.1843965,-30.3141489],[-53.1992674,-30.3131701],[-53.2041053,-30.3002972],[-53.2164521,-30.2977279],[-53.219031,-30.3226651],[-53.2680451,-30.3452996],[-53.280705,-30.345543],[-53.3365451,-30.3187911],[-53.3331459,-30.3074507],[-53.3427236,-30.2949131],[-53.3447976,-30.2617287],[-53.3518469,-30.2484976],[-53.3472413,-30.2364893],[-53.3298885,-30.2188707],[-53.3284975,-30.2058904],[-53.3069153,-30.1727228],[-53.3082972,-30.1511559],[-53.3030859,-30.1414846]],[[-54.4857893,-29.7371419],[-54.4948782,-29.7504006]],[[-54.4948782,-29.7504006],[-54.5137622,-29.7546404],[-54.5169176,-29.7576955],[-54.5461704,-29.7798357],[-54.5552529,-29.7788552],[-54.5595668,-29.7844972],[-54.5702792,-29.8035332],[-54.5874381,-29.8152742],[-54.6062916,-29.8144811],[-54.6045156,-29.8085448],[-54.6198461,-29.8154747],[-54.6424587,-29.8152965],[-54.6757022,-29.8079201],[-54.6966281,-29.8177164],[-54.7125641,-29.8304798],[-54.7607795,-29.8296088],[-54.7684636,-29.8340707],[-54.7892842,-29.8298159],[-54.8265907,-29.8496189],[-54.8331902,-29.8562098],[-54.8574517,-29.8374745],[-54.8726173,-29.8209846],[-54.8778902,-29.8056693],[-54.9031335,-29.8116985],[-54.9188708,-29.8103694],[-54.9242866,-29.7877884],[-54.9491915,-29.7858456],[-54.9580851,-29.7777879],[-55.0150044,-29.7818731]],[[-55.0150044,-29.7818731],[-55.0413769,-29.7846549],[-55.047063,-29.7816834],[-55.0522735,-29.7769015],[-55.0569332,-29.7657756],[-55.064681,-29.7634275],[-55.0689843,-29.7661147]],[[-55.0689843,-29.7661147],[-55.0837331,-29.7769679],[-55.0984413,-29.7734208],[-55.0795006,-29.7618705],[-55.0808901,-29.7576377],[-55.0979879,-29.75644],[-55.1217394,-29.7669612]],[[-55.3044577,-30.0749141],[-55.3144652,-30.0831222]],[[-55.3144652,-30.0831222],[-55.3079905,-30.0877753],[-55.2850528,-30.0915699],[-55.2740936,-30.0810182],[-55.1880284,-30.0789721],[-55.1772295,-30.0453404],[-55.1627719,-30.0436681],[-55.142557,-30.054236],[-55.13683,-30.0418612],[-55.099535,-30.0460081],[-55.0987276,-30.0606927],[-55.0869166,-30.0776916],[-55.0822023,-30.1029706],[-55.0734786,-30.1107309],[-55.0770636,-30.1242617],[-55.0605453,-30.1449224],[-55.0432343,-30.1350479],[-55.0065617,-30.1299978],[-55.0016099,-30.1120567],[-54.9744662,-30.0874413],[-54.9497369,-30.0834663],[-54.9384983,-30.0661332],[-54.9146914,-30.073287],[-54.9012274,-30.0838619],[-54.8915704,-30.0999677],[-54.8769896,-30.0960691],[-54.8408581,-30.1002031],[-54.8197286,-30.1080577],[-54.8086421,-30.1022969],[-54.7895796,-30.0942509],[-54.7788822,-30.0736354],[-54.7724431,-30.0509195],[-54.7567067,-30.0386488],[-54.7557936,-30.0285354],[-54.749427,-30.0219136],[-54.7134042,-30.0318874]],[[-54.7134042,-30.0318874],[-54.6958036,-30.0298679]],[[-54.6958036,-30.0298679],[-54.6933801,-30.0355793],[-54.6821806,-30.032073],[-54.6665477,-30.0345483],[-54.6530116,-30.0245757],[-54.6380198,-30.0206961],[-54.6426383,-30.0158786]],[[-54.6426383,-30.0158786],[-54.6295672,-30.0045795],[-54.6324511,-29.9954441]],[[-54.6324511,-29.9954441],[-54.5893833,-29.9756307],[-54.5858896,-29.9624513],[-54.5326972,-29.9503133],[-54.5000915,-29.9331274],[-54.4771942,-29.9410706],[-54.4703936,-29.9589785],[-54.453703,-29.9601232],[-54.4393774,-29.9540156],[-54.4050498,-29.9484092],[-54.3689386,-29.9340771],[-54.3514205,-29.9356927],[-54.3333567,-29.9287931]],[[-54.3333567,-29.9287931],[-54.3292476,-29.9274679]],[[-54.3292476,-29.9274679],[-54.3206395,-29.9169384],[-54.3121911,-29.8864031],[-54.2879257,-29.8624714],[-54.2697631,-29.820602],[-54.2703921,-29.802586],[-54.2857335,-29.7795621],[-54.29228,-29.7588882],[-54.3033616,-29.7471117],[-54.3059078,-29.7389086]],[[-54.3059078,-29.7389086],[-54.3106177,-29.7378263]],[[-54.3106177,-29.7378263],[-54.3338814,-29.7270322],[-54.349821,-29.7328869],[-54.3750193,-29.7362259],[-54.3861594,-29.737384],[-54.4062884,-29.7381674],[-54.4326159,-29.7479149],[-54.4857893,-29.7371419]],[[-53.0785064,-29.7936195],[-53.0861342,-29.7967233],[-53.0907908,-29.7994814],[-53.0876555,-29.8057626],[-53.1095,-29.8521836]],[[-53.1095,-29.8521836],[-53.1113353,-29.869248]],[[-53.1113353,-29.869248],[-53.1177309,-29.8802628],[-53.1210328,-29.8974247],[-53.1192216,-29.9127105]],[[-53.1192216,-29.9127105],[-53.119945,-29.9197601],[-53.1134358,-29.9270975],[-53.0945258,-29.9275963],[-53.09446,-29.9578145],[-53.0897178,-29.9616272],[-53.0881158,-29.9628713],[-53.0954,-29.9669879],[-53.1141796,-29.9719475],[-53.1256589,-29.9682751]],[[-53.1256589,-29.9682751],[-53.1534504,-29.9844528],[-53.159977,-29.9926875],[-53.1646797,-29.9996633],[-53.1688233,-30.0056772],[-53.1757821,-30.0124033],[-53.1895772,-30.0284332],[-53.1948957,-30.0341561],[-53.2094096,-30.0558868],[-53.2453405,-30.0908169],[-53.259248,-30.0909272],[-53.2625126,-30.0921544],[-53.2816931,-30.1090973],[-53.298183,-30.1336109],[-53.3035081,-30.137415]],[[-53.3035081,-30.137415],[-53.3030859,-30.1414846]],[[-53.2165861,-30.4471281],[-53.2091867,-30.4537068]],[[-53.2091867,-30.4537068],[-53.206353,-30.4644359],[-53.1858016,-30.4904534],[-53.1925778,-30.5048787],[-53.183235,-30.5292236],[-53.1732663,-30.5318938],[-53.1757362,-30.5416192],[-53.1555346,-30.5466212],[-53.1521767,-30.5565608],[-53.1227956,-30.591009],[-53.1253337,-30.6057236],[-53.1133962,-30.607573],[-53.0894744,-30.6351683],[-53.0554979,-30.6473855],[-53.0522673,-30.663055],[-53.0353574,-30.6713151],[-53.0257313,-30.6654212],[-52.9977284,-30.6666253],[-52.9926791,-30.6755515]],[[-52.9926791,-30.6755515],[-52.9883224,-30.6784282]],[[-52.9883224,-30.6784282],[-52.9862152,-30.6761416],[-52.9808004,-30.6776885],[-52.9714993,-30.6554501],[-52.9745952,-30.6040981],[-52.9313226,-30.6064864],[-52.9059256,-30.5741952],[-52.9118351,-30.5433306],[-52.9060774,-30.5255294],[-52.8880636,-30.5037248],[-52.8838878,-30.4845994],[-52.8862076,-30.4610576],[-52.8919673,-30.4502751],[-52.8765459,-30.4265057],[-52.8817548,-30.4106255],[-52.8842835,-30.36093],[-52.8777114,-30.3441486],[-52.8621981,-30.3585777],[-52.8385463,-30.3345417],[-52.7932089,-30.3322201],[-52.7879523,-30.3424835],[-52.7646771,-30.3417841],[-52.7497242,-30.3625572],[-52.7266403,-30.3607948],[-52.7195202,-30.3681049],[-52.6958692,-30.34394],[-52.684527,-30.3232452],[-52.6916666,-30.2946116],[-52.6883593,-30.272691],[-52.6712209,-30.2568497],[-52.6690981,-30.228536],[-52.6616881,-30.2146255]],[[-52.6616881,-30.2146255],[-52.653844,-30.2050631]],[[-52.653844,-30.2050631],[-52.6667052,-30.190812],[-52.6721698,-30.161847],[-52.6653491,-30.1462669],[-52.6759298,-30.1343599],[-52.6695712,-30.1215455],[-52.682464,-30.1044426],[-52.6754314,-30.0790726],[-52.6907376,-30.0612127],[-52.6727265,-30.0440615],[-52.6657002,-30.0254053],[-52.6400744,-30.0242194],[-52.6100555,-30.0288287],[-52.6107445,-30.0203891],[-52.6437067,-29.9945424],[-52.6847349,-29.986277],[-52.7026867,-29.9742223],[-52.7100909,-29.957021],[-52.706711,-29.9303828],[-52.7101516,-29.9135293],[-52.7233687,-29.9041202],[-52.7413411,-29.9047394]],[[-52.7413411,-29.9047394],[-52.7653066,-29.9078297],[-52.7876516,-29.9048745],[-52.8013785,-29.9095903],[-52.8170909,-29.9231559],[-52.8315855,-29.9118556],[-52.8442559,-29.9268839],[-52.8514172,-29.910528],[-52.8655056,-29.8975561],[-52.870877,-29.8745293],[-52.8913907,-29.8654564],[-52.8996601,-29.846094]],[[-52.8996601,-29.846094],[-52.9237902,-29.8314226],[-52.9641613,-29.8340699],[-52.9819373,-29.8161806],[-52.9992149,-29.8085495],[-53.0168379,-29.8185214],[-53.0396743,-29.8240187],[-53.0582257,-29.8234152],[-53.0785064,-29.7936195]],[[-51.1057461,-29.8723392],[-51.1118874,-29.8702486],[-51.1218132,-29.8657962]],[[-51.1218132,-29.8657962],[-51.1230954,-29.8663948]],[[-51.1230954,-29.8663948],[-51.1060137,-29.902449],[-51.125975,-29.9330604],[-51.1262327,-29.9526627]],[[-51.1262327,-29.9526627],[-51.120046,-29.9580456]],[[-51.120046,-29.9580456],[-51.10543,-29.9650113],[-51.0915605,-29.9630023]],[[-51.0915605,-29.9630023],[-51.0792964,-29.9678835]],[[-51.0792964,-29.9678835],[-51.0740024,-29.96696]],[[-51.0740024,-29.96696],[-51.0765279,-29.9318291],[-51.0629971,-29.906009],[-51.0658778,-29.8909723],[-51.0916146,-29.8780111],[-51.1007822,-29.8684775]],[[-51.1007822,-29.8684775],[-51.1057461,-29.8723392]],[[-51.6952773,-27.7004572],[-51.7009592,-27.6899111]],[[-51.7009592,-27.6899111],[-51.7089604,-27.7036763],[-51.6959918,-27.7192889],[-51.674614,-27.7297908],[-51.6928908,-27.742806],[-51.7172535,-27.7732946],[-51.7150164,-27.8070506],[-51.7240851,-27.8079969],[-51.7366808,-27.8021768],[-51.7365008,-27.7984947],[-51.7519245,-27.78153]],[[-51.7519245,-27.78153],[-51.7615231,-27.7849324]],[[-51.7615231,-27.7849324],[-51.7598684,-27.7916753],[-51.7637213,-27.8026481],[-51.7431816,-27.8257923],[-51.7373152,-27.8427963],[-51.7700531,-27.8387341]],[[-51.7700531,-27.8387341],[-51.7577822,-27.8486389]],[[-51.7577822,-27.8486389],[-51.7536964,-27.8580654],[-51.7352141,-27.8905139]],[[-51.7352141,-27.8905139],[-51.7299137,-27.8892442],[-51.7209251,-27.8969432]],[[-51.7209251,-27.8969432],[-51.6962941,-27.9022786],[-51.6852852,-27.8978108],[-51.6797709,-27.8779606],[-51.6641545,-27.868922],[-51.6484119,-27.8706921],[-51.6405254,-27.8505299],[-51.6233805,-27.8608044],[-51.6080411,-27.8820413]],[[-51.6080411,-27.8820413],[-51.5905515,-27.8801238],[-51.5935447,-27.8671748],[-51.6071163,-27.8485172],[-51.6010086,-27.7866894],[-51.6226265,-27.7914057],[-51.6236225,-27.7800165],[-51.6142283,-27.7677022],[-51.6312159,-27.7421766],[-51.6551743,-27.7330571],[-51.6657289,-27.7179336],[-51.679271,-27.7102839],[-51.6739512,-27.7093372],[-51.6834817,-27.7081011],[-51.6910171,-27.7050808]],[[-51.6910171,-27.7050808],[-51.6952773,-27.7004572]],[[-54.7598195,-28.2473886],[-54.7611324,-28.2545271],[-54.7563026,-28.2889695],[-54.7481059,-28.3060402],[-54.7507595,-28.3089369]],[[-54.7507595,-28.3089369],[-54.7775672,-28.3456974]],[[-54.7775672,-28.3456974],[-54.7883627,-28.3626266]],[[-54.7883627,-28.3626266],[-54.7843976,-28.3605911],[-54.7686676,-28.3576987]],[[-54.7686676,-28.3576987],[-54.7541501,-28.3667937],[-54.7254726,-28.3623878],[-54.7227015,-28.3548916],[-54.6942964,-28.3380599],[-54.6858727,-28.3445025],[-54.6905061,-28.3643662],[-54.6858959,-28.3811632],[-54.6754332,-28.3930196],[-54.6513973,-28.3970381],[-54.6626773,-28.4132762],[-54.6531939,-28.4224681],[-54.6134218,-28.4391014],[-54.6019917,-28.4363184],[-54.5929016,-28.4199505],[-54.5865182,-28.3886139],[-54.5786426,-28.3829649]],[[-54.5786426,-28.3829649],[-54.5778845,-28.3755433],[-54.573392,-28.3642509],[-54.5618682,-28.3601078]],[[-54.5618682,-28.3601078],[-54.5507327,-28.363936]],[[-54.5507327,-28.363936],[-54.5422549,-28.359176],[-54.5444249,-28.3493697],[-54.5427557,-28.3456206],[-54.5451501,-28.3308647],[-54.5556558,-28.3159398],[-54.5476154,-28.3047897],[-54.5592355,-28.2873134],[-54.5696572,-28.2980712]],[[-54.5696572,-28.2980712],[-54.5836658,-28.2985987]],[[-54.5836658,-28.2985987],[-54.5971802,-28.288277]],[[-54.5971802,-28.288277],[-54.6192147,-28.2773907],[-54.6542652,-28.2727986],[-54.676237,-28.2737165],[-54.6938161,-28.2672878],[-54.6962968,-28.258023],[-54.7228643,-28.2561714],[-54.7398071,-28.268152],[-54.7451165,-28.2673058],[-54.7416027,-28.2554061],[-54.7598195,-28.2473886]],[[-53.4881673,-27.1937732],[-53.4930806,-27.2034785],[-53.5260258,-27.1982312],[-53.5481936,-27.1760616],[-53.5617312,-27.1724148],[-53.5997093,-27.1893509]],[[-53.5997093,-27.1893509],[-53.5860309,-27.1952082],[-53.5611271,-27.2246231],[-53.5592937,-27.2315622],[-53.5539708,-27.2376595]],[[-53.5539708,-27.2376595],[-53.5496336,-27.2362583]],[[-53.5496336,-27.2362583],[-53.5495494,-27.2488788],[-53.5388209,-27.2603925],[-53.5220631,-27.260709],[-53.5044271,-27.2843639],[-53.4951006,-27.2882887]],[[-53.4951006,-27.2882887],[-53.4772,-27.2938228]],[[-53.4772,-27.2938228],[-53.4487925,-27.3004623],[-53.4244028,-27.3235116],[-53.4220607,-27.3183842],[-53.3974359,-27.3173818],[-53.3900502,-27.3012894],[-53.3600763,-27.2675059],[-53.3575717,-27.2637832],[-53.3494838,-27.2413171]],[[-53.3494838,-27.2413171],[-53.352199,-27.2394749],[-53.3533613,-27.2369959]],[[-53.3533613,-27.2369959],[-53.3689328,-27.233283],[-53.400814,-27.2365409],[-53.434229,-27.2177629],[-53.4471025,-27.1998123],[-53.4881673,-27.1937732]],[[-51.7010342,-30.6852701],[-51.7113824,-30.680572],[-51.7437107,-30.6817359],[-51.7499944,-30.6752167],[-51.7457064,-30.6573443],[-51.8006868,-30.6287132],[-51.8165992,-30.6488356],[-51.8359311,-30.6367171],[-51.8471755,-30.636699],[-51.8573614,-30.6181991],[-51.8828749,-30.6089675],[-51.8983039,-30.5716959]],[[-51.8983039,-30.5716959],[-51.9235529,-30.5908759]],[[-51.9235529,-30.5908759],[-51.9775833,-30.6420049]],[[-51.9775833,-30.6420049],[-51.97917,-30.6604719]],[[-51.97917,-30.6604719],[-51.9562341,-30.6763544],[-51.9505956,-30.7002245],[-51.9373482,-30.7107769],[-51.9410632,-30.7391642],[-51.9242592,-30.7520318],[-51.9205443,-30.7701752],[-51.9374862,-30.7823085],[-51.9509032,-30.8006483],[-51.941491,-30.8079131],[-51.9324479,-30.83519],[-51.9359455,-30.8478633],[-51.9571386,-30.8411533],[-51.9892352,-30.8436977],[-52.0045441,-30.8573718],[-52.0326902,-30.858788],[-52.055142,-30.8739208],[-52.0616012,-30.8559451],[-52.0826542,-30.8407729],[-52.0980483,-30.8405498]],[[-52.0980483,-30.8405498],[-52.1165168,-30.8516812],[-52.1090113,-30.8767179],[-52.1201797,-30.8813532]],[[-52.1201797,-30.8813532],[-52.1158908,-30.8880629]],[[-52.1086271,-30.9055313],[-52.0998397,-30.909139]],[[-52.0998397,-30.909139],[-52.08191,-30.9029223],[-52.0704759,-30.918896],[-52.0557265,-30.9269692],[-52.0333944,-30.9165937],[-52.0130536,-30.9226274],[-51.9754763,-30.9233749],[-51.9415338,-30.9437378],[-51.8823019,-30.9123264],[-51.8786166,-30.9235226],[-51.8649285,-30.9551869],[-51.8640406,-30.9793117],[-51.8548813,-31.0040927],[-51.8474044,-31.0108066],[-51.8104625,-31.0297821],[-51.8173214,-31.0474893],[-51.7885979,-31.1221615]],[[-51.7885979,-31.1221615],[-51.7915577,-31.1401907]],[[-51.7915577,-31.1401907],[-51.808959,-31.1466017],[-51.8203871,-31.1590866],[-51.8180011,-31.1722857],[-51.8062802,-31.1670844],[-51.7897744,-31.1763883],[-51.7802871,-31.2333614],[-51.7997193,-31.2557001],[-51.7994661,-31.2661996],[-51.8117421,-31.2857497]],[[-51.8117421,-31.2857497],[-51.7904754,-31.2732673],[-51.7687854,-31.2783663],[-51.7571475,-31.2861321],[-51.7408213,-31.2816926],[-51.7066713,-31.2656211],[-51.6642254,-31.2711167],[-51.6314145,-31.2614394],[-51.6391784,-31.2418333],[-51.6435904,-31.2111309],[-51.6413103,-31.1876779],[-51.6286663,-31.1529541],[-51.6179902,-31.139559],[-51.6019634,-31.1317418],[-51.5672721,-31.1286268],[-51.5419917,-31.1031493]],[[-51.5419917,-31.1031493],[-51.5789155,-31.0767811],[-51.6161945,-31.0648033]],[[-51.6723418,-30.7932278],[-51.6370803,-30.7490576]],[[-51.6370803,-30.7490576],[-51.6722777,-30.7522082],[-51.6913328,-30.7584931],[-51.6976929,-30.7453221],[-51.6894088,-30.7215157],[-51.6972115,-30.70742],[-51.694063,-30.6946265]],[[-51.694063,-30.6946265],[-51.7010342,-30.6852701]],[[-52.2354139,-28.5484013],[-52.2487216,-28.5609056],[-52.2348021,-28.566817],[-52.2521024,-28.5870188],[-52.2788738,-28.5900897],[-52.2947497,-28.5851926],[-52.3057782,-28.6015338],[-52.2857753,-28.6269048],[-52.2924192,-28.6321322]],[[-52.2924192,-28.6321322],[-52.2879874,-28.6411484],[-52.2874548,-28.6459749]],[[-52.2874548,-28.6459749],[-52.2706183,-28.666743],[-52.2537947,-28.6607738]],[[-52.2537947,-28.6607738],[-52.2464414,-28.6622764]],[[-52.2464414,-28.6622764],[-52.2356916,-28.6711474],[-52.2104784,-28.6699489],[-52.1920238,-28.6697543],[-52.1559549,-28.6517056]],[[-52.1559549,-28.6517056],[-52.1557631,-28.6389907]],[[-52.1557631,-28.6389907],[-52.1389014,-28.6326518],[-52.1434818,-28.6166016],[-52.1737155,-28.5900574],[-52.1678392,-28.5696282],[-52.2019013,-28.5673207],[-52.2071666,-28.5582705],[-52.2128648,-28.5505203],[-52.2354139,-28.5484013]],[[-49.9654847,-28.8965155],[-49.9887256,-28.8971787],[-50.0146009,-28.8762249],[-50.0227368,-28.862361],[-50.0441441,-28.8490282],[-50.0863451,-28.8320071],[-50.1058872,-28.8298611],[-50.1281243,-28.8205532],[-50.1404432,-28.8272776],[-50.1538036,-28.8199275],[-50.1612401,-28.8226117],[-50.1658049,-28.8354866],[-50.1829065,-28.83099],[-50.1938254,-28.8372417]],[[-50.1938254,-28.8372417],[-50.1934966,-28.8394951]],[[-50.1934966,-28.8394951],[-50.1856629,-28.8442679],[-50.1797444,-28.8759509],[-50.1818333,-28.8861459],[-50.1596909,-28.8940033],[-50.1593937,-28.9065134],[-50.1668484,-28.9131193],[-50.1887415,-28.924913],[-50.2082177,-28.9300142],[-50.2167805,-28.9191887],[-50.2279968,-28.9343668],[-50.2449953,-28.9338275],[-50.2540699,-28.9420611],[-50.2449519,-28.9593893],[-50.2547847,-28.9773829],[-50.2514638,-28.9894768],[-50.2695252,-28.9958669],[-50.2688382,-29.0035903],[-50.2688664,-29.008006],[-50.2584851,-29.0175006],[-50.253093,-29.0210296],[-50.244808,-29.022599],[-50.237019,-29.0189096],[-50.2292355,-29.0220072],[-50.2262094,-29.0425522],[-50.1901622,-29.0619863],[-50.1936857,-29.0822127],[-50.19297,-29.0895801],[-50.1981778,-29.1047793],[-50.211688,-29.0980216],[-50.2405653,-29.1023315],[-50.2512402,-29.1190107],[-50.247948,-29.1321607],[-50.260017,-29.1391104],[-50.2686063,-29.1375955],[-50.2855495,-29.1261852],[-50.3341258,-29.1110768],[-50.3394555,-29.1117931],[-50.3402193,-29.1149374],[-50.3515285,-29.1199002],[-50.3548128,-29.1183001]],[[-50.3548128,-29.1183001],[-50.3563725,-29.136094]],[[-50.3563725,-29.136094],[-50.3600588,-29.1638531],[-50.357478,-29.1896558],[-50.3452418,-29.198131],[-50.3297646,-29.2230383],[-50.3327673,-29.2398076],[-50.3039227,-29.2704627],[-50.3032537,-29.2834479],[-50.3016176,-29.2921414],[-50.2983913,-29.2939591],[-50.2872663,-29.2957013],[-50.270325,-29.2908669],[-50.2565305,-29.2770711],[-50.2095439,-29.2610139],[-50.1954028,-29.2596735],[-50.1831376,-29.2645554]],[[-50.1831376,-29.2645554],[-50.1445997,-29.2701569],[-50.1518589,-29.2432226],[-50.1406832,-29.2377834],[-50.148226,-29.2199227],[-50.1347366,-29.2150717],[-50.1330356,-29.1973491],[-50.1111462,-29.2077904],[-50.0889976,-29.2235466],[-50.0876318,-29.1837495],[-50.0628447,-29.1859154],[-50.0386135,-29.1774386],[-50.0178036,-29.1636083],[-50.0206699,-29.1579624],[-50.0049122,-29.1406371],[-50.0131881,-29.1307595],[-49.9864764,-29.1263751],[-49.9682774,-29.1147769],[-49.9697599,-29.1005732],[-49.9569425,-29.0629374],[-49.9795001,-29.0685298],[-49.9897889,-29.0629757],[-49.9609987,-29.0508076],[-49.9562863,-29.0351896],[-49.9469385,-29.0318308],[-49.9591547,-29.0104812],[-49.9336567,-28.9658216],[-49.9580268,-28.9625515],[-49.9631796,-28.9189189],[-49.9583006,-28.902421],[-49.9654847,-28.8965155]],[[-51.1522578,-28.5613876],[-51.156008,-28.5738405]],[[-51.156008,-28.5738405],[-51.1577674,-28.5739701],[-51.1601813,-28.5833686],[-51.1616177,-28.5808039],[-51.1662794,-28.5801191],[-51.1704217,-28.5779967],[-51.1701734,-28.5735977],[-51.1737301,-28.5739535],[-51.1835087,-28.5901752],[-51.2242958,-28.5834496],[-51.2460825,-28.5886208],[-51.2536925,-28.5848287]],[[-51.2536925,-28.5848287],[-51.2544055,-28.5890187],[-51.2613828,-28.5917314]],[[-51.2613828,-28.5917314],[-51.2499038,-28.5963696],[-51.2412624,-28.6021075],[-51.2244977,-28.6056197],[-51.2169677,-28.6196882],[-51.167344,-28.6286441],[-51.1570468,-28.6506377],[-51.1459417,-28.6531003],[-51.1424978,-28.6700275],[-51.1579696,-28.7011606],[-51.1874647,-28.7019843],[-51.2073402,-28.7148018],[-51.1865994,-28.781935],[-51.1909339,-28.7952203],[-51.2129726,-28.7978321],[-51.2110581,-28.8095057],[-51.1928369,-28.8091425],[-51.1802402,-28.8162323],[-51.1735069,-28.8227476],[-51.1675875,-28.8399317],[-51.1613364,-28.8491268],[-51.1582114,-28.8524732],[-51.1633557,-28.8537897],[-51.1664778,-28.8554936]],[[-51.1664778,-28.8554936],[-51.176853,-28.8589723]],[[-51.1602555,-28.8739407],[-51.153469,-28.8727621],[-51.1505439,-28.8739347],[-51.1462794,-28.8829165],[-51.1443439,-28.8837688],[-51.1329714,-28.8791506],[-51.1174017,-28.8748568],[-51.1125061,-28.8721278],[-51.1086474,-28.8684839]],[[-51.1086474,-28.8684839],[-51.114998,-28.8571703],[-51.1081736,-28.8471346],[-51.0913178,-28.8412809],[-51.0851376,-28.8535939]],[[-51.0851376,-28.8535939],[-51.0722049,-28.8624802],[-51.0602817,-28.8649938],[-51.0477766,-28.8621422]],[[-51.0477766,-28.8621422],[-51.0473204,-28.8453551],[-51.0324084,-28.8328723],[-51.0169968,-28.8412559],[-50.9936387,-28.8159841]],[[-50.9936387,-28.8159841],[-50.9804899,-28.8160331],[-50.9767534,-28.8146412],[-50.9624302,-28.7936596],[-50.958394,-28.7902523]],[[-50.958394,-28.7902523],[-50.9783461,-28.7811899],[-50.9742294,-28.7684068],[-50.9781483,-28.7487683],[-50.9990446,-28.7320972],[-51.0027427,-28.6941653],[-51.0153199,-28.6882641],[-51.0123852,-28.6763045],[-51.0082333,-28.6685543],[-51.0071844,-28.6672191],[-51.0046227,-28.6620164],[-51.0174186,-28.6544018]],[[-51.0174186,-28.6544018],[-51.0099155,-28.6450745],[-51.0101414,-28.6427755],[-51.0122718,-28.6408657],[-51.0210744,-28.6390454],[-51.0219693,-28.6309208]],[[-51.0219693,-28.6309208],[-51.028405,-28.6244321],[-51.0326888,-28.6224184],[-51.0446252,-28.6192235],[-51.0638223,-28.6227978],[-51.0775889,-28.6162579],[-51.0948034,-28.5841313]],[[-51.0948034,-28.5841313],[-51.1143564,-28.56079],[-51.1234388,-28.5569735]],[[-51.1234388,-28.5569735],[-51.1241048,-28.559088],[-51.1391005,-28.5586342],[-51.1428942,-28.5552178],[-51.1480812,-28.5592283],[-51.1522578,-28.5613876]],[[-54.9400419,-27.9106391],[-54.9394193,-27.935877]],[[-54.9394193,-27.935877],[-54.9415712,-27.9395481],[-54.9376863,-27.9471471],[-54.9242364,-27.9514987],[-54.9113918,-27.9558369],[-54.9039028,-27.9715161],[-54.8977226,-27.9680157],[-54.9101849,-27.9849805],[-54.8860105,-27.9887617],[-54.8733523,-28.0015295],[-54.8649502,-27.9970761],[-54.872996,-28.0088874],[-54.8705761,-28.0148652]],[[-54.8705761,-28.0148652],[-54.8695616,-28.0124156],[-54.8640112,-28.0076464],[-54.8607244,-28.0205116]],[[-54.8607244,-28.0205116],[-54.8546471,-28.021055],[-54.8499214,-28.012899],[-54.8391191,-28.0207554],[-54.8411356,-28.0333496],[-54.8315077,-28.0343771],[-54.8348892,-28.0305885],[-54.8307313,-28.0240172],[-54.8176351,-28.0217981],[-54.8131738,-28.0274023],[-54.8205818,-28.0262344],[-54.8221501,-28.0314599],[-54.8163457,-28.0426594],[-54.8145733,-28.0514724]],[[-54.8145733,-28.0514724],[-54.8096719,-28.047119],[-54.7934881,-28.0420072]],[[-54.7934881,-28.0420072],[-54.7839011,-28.0504317],[-54.7757807,-28.0438357],[-54.7675108,-28.041297],[-54.7626106,-28.0420086],[-54.7502203,-28.0429412],[-54.7520886,-28.0502956],[-54.7574781,-28.0532633]],[[-54.7574781,-28.0532633],[-54.7580795,-28.0587375],[-54.7530381,-28.0659535],[-54.7474874,-28.0691421],[-54.7423893,-28.0665273],[-54.741058,-28.0640269],[-54.7414922,-28.0604099],[-54.7382225,-28.0585722]],[[-54.7382225,-28.0585722],[-54.7327203,-28.010303]],[[-54.7327203,-28.010303],[-54.7249434,-28.0100878],[-54.7223659,-28.0088103],[-54.7177751,-28.0100769]],[[-54.7177751,-28.0100769],[-54.7178001,-27.985206]],[[-54.7178001,-27.985206],[-54.7535645,-27.9793137],[-54.7685458,-27.9853401],[-54.7858853,-27.9912223],[-54.7871296,-27.9357423],[-54.7973295,-27.9217203],[-54.8188359,-27.9155572],[-54.8189223,-27.9064922],[-54.8244885,-27.8939867],[-54.8252709,-27.88299],[-54.826909,-27.8815437]],[[-54.826909,-27.8815437],[-54.8292567,-27.8718201]],[[-54.8292567,-27.8718201],[-54.8370562,-27.8698238],[-54.8550977,-27.8760727],[-54.8734288,-27.8571867],[-54.892162,-27.8552352],[-54.8909692,-27.9096878],[-54.9400419,-27.9106391]],[[-52.7345029,-27.6323958],[-52.7547182,-27.6248371]],[[-52.7547182,-27.6248371],[-52.7464563,-27.646986],[-52.7600542,-27.6909152]],[[-52.7600542,-27.6909152],[-52.7609524,-27.6959462],[-52.7531369,-27.6910029],[-52.7449397,-27.70407],[-52.7500589,-27.712594],[-52.7399667,-27.713917],[-52.7455284,-27.7166803],[-52.751754,-27.7255456],[-52.7467198,-27.7474015],[-52.7344413,-27.7434314],[-52.7155189,-27.7479922],[-52.7160644,-27.7611944],[-52.6968364,-27.7857328],[-52.6996977,-27.7994786],[-52.6800123,-27.7959148],[-52.6725368,-27.8119057],[-52.6695443,-27.84007],[-52.6564587,-27.8511358],[-52.6517819,-27.8559257],[-52.6479387,-27.8519987]],[[-52.6479387,-27.8519987],[-52.6455359,-27.8526899]],[[-52.6455359,-27.8526899],[-52.6192297,-27.8375215],[-52.6052297,-27.8390607],[-52.5914728,-27.8196935],[-52.5732074,-27.8032162],[-52.5952647,-27.801967],[-52.595185,-27.7867842],[-52.5792933,-27.7756163],[-52.5844941,-27.7674015],[-52.573342,-27.7567505],[-52.5742317,-27.7438261],[-52.5595967,-27.7149129],[-52.5592124,-27.7017948],[-52.5613796,-27.6900087]],[[-52.5613796,-27.6900087],[-52.5653828,-27.6893474]],[[-52.5653828,-27.6893474],[-52.5758738,-27.6834132]],[[-52.5758738,-27.6834132],[-52.571192,-27.6769663]],[[-52.571192,-27.6769663],[-52.5762523,-27.6760421],[-52.5851031,-27.6717839],[-52.6000566,-27.6799812],[-52.6426266,-27.6852192],[-52.6698726,-27.6850052],[-52.6696085,-27.6702415],[-52.6862856,-27.6626383],[-52.691287,-27.6507782],[-52.7217563,-27.6339822],[-52.7345029,-27.6323958]],[[-50.9962355,-29.7063304],[-51.0137957,-29.6958446],[-51.0073347,-29.6503979],[-51.0394964,-29.6487633],[-51.0347736,-29.6177837],[-51.0558055,-29.6156347]],[[-51.0558055,-29.6156347],[-51.0625188,-29.6471123],[-51.0978497,-29.6437738]],[[-51.0978497,-29.6437738],[-51.0890751,-29.6631604],[-51.0879558,-29.6760448],[-51.0803078,-29.6860891],[-51.0756909,-29.6861015],[-51.0805369,-29.7155248],[-50.9962355,-29.7063304]],[[-53.8076374,-27.5771037],[-53.810911,-27.5762581]],[[-53.8977129,-27.5952982],[-53.8952689,-27.6004546]],[[-53.8952689,-27.6004546],[-53.8992355,-27.6249176],[-53.8811942,-27.6378737],[-53.8813367,-27.6701504],[-53.9026558,-27.6960499],[-53.9139909,-27.6902026]],[[-53.9139909,-27.6902026],[-53.9175384,-27.6924193]],[[-53.9175384,-27.6924193],[-53.8891127,-27.7225849],[-53.8435851,-27.728948],[-53.8248323,-27.7571697]],[[-53.8248323,-27.7571697],[-53.8168322,-27.7672518]],[[-53.8168322,-27.7672518],[-53.8008353,-27.7580288],[-53.7850565,-27.7605301]],[[-53.7850565,-27.7605301],[-53.7794484,-27.7526172]],[[-53.7794484,-27.7526172],[-53.7668293,-27.754259],[-53.7626121,-27.7546688],[-53.7639006,-27.7309419],[-53.7556425,-27.72186],[-53.7743991,-27.7070809],[-53.7701884,-27.6845408]],[[-53.7701884,-27.6845408],[-53.7623504,-27.6719181],[-53.7447279,-27.6559564]],[[-53.7447279,-27.6559564],[-53.7445156,-27.6414794]],[[-53.060867,-28.8296944],[-53.0792664,-28.8624837],[-53.092846,-28.871043],[-53.108087,-28.8679161],[-53.128937,-28.8789708]],[[-53.128937,-28.8789708],[-53.1328423,-28.8724672],[-53.1299297,-28.8647258],[-53.1225288,-28.852582]],[[-53.1225288,-28.852582],[-53.1238576,-28.8471045]],[[-53.1238576,-28.8471045],[-53.1269524,-28.8443552],[-53.1397844,-28.8488822],[-53.1437881,-28.8623927],[-53.1584644,-28.8646939],[-53.1780791,-28.8575396],[-53.1763917,-28.8747313],[-53.153562,-28.8747935],[-53.149259,-28.8801197],[-53.157948,-28.905978],[-53.1373601,-28.9225242],[-53.1299706,-28.9406458],[-53.1320796,-28.9623439],[-53.1522161,-28.9558164],[-53.1537486,-28.9699905],[-53.1290432,-28.9872287]],[[-53.1290432,-28.9872287],[-53.1191349,-28.9854442],[-53.0983297,-28.9749041],[-53.0819065,-28.9838175],[-53.1011087,-28.9718786],[-53.0886235,-28.9643161],[-53.0343129,-28.96647],[-53.0295729,-28.9599255],[-53.0199693,-28.950894]],[[-53.0199693,-28.950894],[-53.0083149,-28.9355098]],[[-53.0083149,-28.9355098],[-53.0103325,-28.9260151],[-53.0072252,-28.9138069],[-53.0058511,-28.9156983],[-52.9967765,-28.9109284],[-52.9757092,-28.9136401],[-52.9648983,-28.9282286],[-52.9515793,-28.9262569],[-52.9304503,-28.9341108],[-52.9202388,-28.9096575],[-52.9540291,-28.8856193],[-52.9660939,-28.8817481]],[[-52.9660939,-28.8817481],[-52.9612323,-28.8620796]],[[-52.5992895,-29.737941],[-52.6105186,-29.7374054],[-52.624484,-29.7246734],[-52.6496924,-29.7209009],[-52.6650408,-29.7082993],[-52.6919262,-29.7131931],[-52.7109923,-29.6978499],[-52.7093158,-29.6627818],[-52.7415594,-29.6500456],[-52.7401392,-29.6202613],[-52.7644786,-29.6027569],[-52.772056,-29.5803653],[-52.7511239,-29.5734868],[-52.7434961,-29.5501899],[-52.7363345,-29.5473292],[-52.7506937,-29.5037389],[-52.7728454,-29.4954648],[-52.7982042,-29.4955049]],[[-52.7982042,-29.4955049],[-52.8015966,-29.5032497]],[[-52.8015966,-29.5032497],[-52.8633122,-29.5101731],[-52.887453,-29.5100795],[-52.9197442,-29.5158908],[-52.9324536,-29.5238346],[-52.9349229,-29.5169399],[-52.9579253,-29.5166768]],[[-52.9579253,-29.5166768],[-52.9664458,-29.5161069]],[[-52.9664458,-29.5161069],[-52.9736753,-29.5352411],[-52.9731579,-29.5547917],[-52.9742636,-29.5573865],[-52.9797346,-29.556847]],[[-52.9797346,-29.556847],[-52.9773144,-29.5607198]],[[-52.9773144,-29.5607198],[-52.9643936,-29.5697505],[-52.957806,-29.5902195],[-52.9620659,-29.6021324],[-52.944396,-29.6466661],[-52.9304858,-29.6599721],[-52.9352737,-29.6837676],[-52.9274852,-29.7133098]],[[-52.9274852,-29.7133098],[-52.9260392,-29.7201218]],[[-52.9260392,-29.7201218],[-52.9272072,-29.7282786],[-52.9245354,-29.7895441],[-52.9219089,-29.7984629],[-52.9046162,-29.8223773],[-52.8996601,-29.846094]],[[-52.7413411,-29.9047394],[-52.7546102,-29.8855588],[-52.7549289,-29.8426369],[-52.7368517,-29.8201405],[-52.7409669,-29.8043242],[-52.7036726,-29.7926976],[-52.660792,-29.8006147],[-52.6532199,-29.7945981],[-52.6118345,-29.7923815],[-52.5969313,-29.7857326],[-52.5831929,-29.7922058]],[[-52.5831929,-29.7922058],[-52.5779488,-29.7941781]],[[-52.5779488,-29.7941781],[-52.5741721,-29.7707651],[-52.578856,-29.7483956],[-52.5991642,-29.7399647]],[[-52.5991642,-29.7399647],[-52.5992895,-29.737941]],[[-54.827089,-27.8375952],[-54.8293977,-27.8438547]],[[-54.8293977,-27.8438547],[-54.8298791,-27.8458854],[-54.8233167,-27.855868],[-54.8261471,-27.8644962]],[[-54.8261471,-27.8644962],[-54.826909,-27.8815437]],[[-54.7178001,-27.985206],[-54.7177721,-28.0136241]],[[-54.7177721,-28.0136241],[-54.61582,-28.0117481],[-54.6162168,-27.9363517]],[[-54.6162168,-27.9363517],[-54.6196147,-27.9343422]],[[-54.6196147,-27.9343422],[-54.646949,-27.9202924],[-54.658545,-27.9044202],[-54.6854236,-27.8892859]],[[-54.6854236,-27.8892859],[-54.6875011,-27.8787623],[-54.712038,-27.8653264],[-54.7317585,-27.8674736],[-54.7558662,-27.8633922],[-54.7660966,-27.8549175],[-54.7816454,-27.8558593],[-54.7879658,-27.8411098],[-54.8084397,-27.8565779],[-54.8183172,-27.8448975],[-54.827089,-27.8375952]],[[-53.7652507,-31.3121912],[-53.7747828,-31.316265],[-53.7776646,-31.3363232],[-53.7911588,-31.3439273],[-53.8009337,-31.3739403],[-53.7907091,-31.3988977],[-53.7920417,-31.4111152],[-53.7812105,-31.4385898],[-53.8057059,-31.4628469],[-53.8326267,-31.4702309],[-53.8315313,-31.4884377],[-53.8218863,-31.5151611],[-53.8269647,-31.5461009],[-53.8391228,-31.5511087],[-53.8416202,-31.5764871],[-53.8375515,-31.5881929],[-53.8492743,-31.6251372],[-53.8615833,-31.6299527],[-53.8808535,-31.6623772],[-53.8896327,-31.6659871],[-53.8889931,-31.6939227],[-53.9032726,-31.7256483],[-53.8998351,-31.7353451],[-53.9142403,-31.7605895],[-53.9263776,-31.7651217],[-53.9051295,-31.8003384],[-53.9057973,-31.8079332]],[[-53.9130942,-31.8496366],[-53.9126891,-31.8522298]],[[-53.9126891,-31.8522298],[-53.8895645,-31.8532217],[-53.883281,-31.86154],[-53.8672542,-31.8364568],[-53.8361688,-31.8284113],[-53.8325225,-31.8242959],[-53.8044952,-31.7943328],[-53.8026125,-31.7774067],[-53.7993233,-31.7610519],[-53.7901283,-31.7517526],[-53.7705018,-31.7472356],[-53.7633588,-31.7389877],[-53.7702624,-31.7274891],[-53.7643608,-31.7104125],[-53.7772232,-31.7002158],[-53.7692858,-31.6914942],[-53.7718676,-31.6506282],[-53.7612577,-31.6441893],[-53.7401261,-31.6520195],[-53.7180427,-31.6452592],[-53.6986557,-31.647732],[-53.7074644,-31.6291091],[-53.6873671,-31.6188939],[-53.6862162,-31.5965662],[-53.6841323,-31.5933594],[-53.6687652,-31.5914374],[-53.6344868,-31.6074774],[-53.6227689,-31.6049722]],[[-53.6227689,-31.6049722],[-53.5873053,-31.580918],[-53.5993812,-31.5724356],[-53.5982816,-31.5593667],[-53.5857453,-31.5544224],[-53.5762752,-31.5351814],[-53.5850552,-31.5254258],[-53.5878867,-31.4929718],[-53.6047812,-31.4706169],[-53.5971407,-31.4548705],[-53.5730239,-31.4424239],[-53.5609332,-31.4075377],[-53.5661782,-31.393413],[-53.5882278,-31.3827504],[-53.6155029,-31.3852973],[-53.625738,-31.3642592],[-53.6407827,-31.3436928]],[[-53.6407827,-31.3436928],[-53.6531813,-31.3358424]],[[-50.8532534,-29.2641589],[-50.8643572,-29.2550855]],[[-50.8643572,-29.2550855],[-50.8749863,-29.2633158],[-50.885408,-29.2813962]],[[-50.885408,-29.2813962],[-50.8901017,-29.2877511]],[[-50.8901017,-29.2877511],[-50.8753201,-29.2945249],[-50.8572113,-29.3047364],[-50.8571026,-29.3116842],[-50.854786,-29.3301956],[-50.8444576,-29.3414333],[-50.8465262,-29.3639414],[-50.8549488,-29.383968],[-50.8463612,-29.3872856],[-50.8334311,-29.4122095],[-50.8091484,-29.4327127]],[[-50.8091484,-29.4327127],[-50.7706116,-29.4409431]],[[-50.7706116,-29.4409431],[-50.7701231,-29.439268],[-50.7692814,-29.4266253],[-50.7686617,-29.421007],[-50.7710262,-29.4176947],[-50.7337738,-29.4097866],[-50.7217968,-29.4040843],[-50.6916955,-29.4025877]],[[-50.6916955,-29.4025877],[-50.6852813,-29.4056996],[-50.6805427,-29.4145633]],[[-50.6805427,-29.4145633],[-50.671439,-29.4198718],[-50.6570305,-29.4220737],[-50.6445501,-29.4059687],[-50.6476741,-29.3888374],[-50.6596821,-29.3734807],[-50.6744453,-29.3747298],[-50.68237,-29.3596062],[-50.6731297,-29.3382804],[-50.6831402,-29.3313528],[-50.6919246,-29.3227399],[-50.7114511,-29.334368],[-50.7429856,-29.3269588],[-50.7613626,-29.3093803],[-50.7580284,-29.2822741],[-50.7767204,-29.2753377],[-50.7967911,-29.2768633],[-50.8162391,-29.2574132],[-50.8229428,-29.260608],[-50.8439827,-29.2602012],[-50.8532534,-29.2641589]],[[-52.2493525,-30.8837877],[-52.2646906,-30.8822013]],[[-52.414407,-30.9179038],[-52.4232161,-30.9211657],[-52.425372,-30.9194169],[-52.4282359,-30.9120467],[-52.4279575,-30.9063325]],[[-52.4279575,-30.9063325],[-52.4399658,-30.8957652],[-52.4653502,-30.9172542],[-52.4767296,-30.9105737],[-52.4913368,-30.926488],[-52.5107266,-30.9269228],[-52.5537423,-30.9345967],[-52.5560438,-30.9457087],[-52.5850247,-30.9420583],[-52.5977746,-30.9536605],[-52.6334042,-30.9515511],[-52.6413422,-30.9612106],[-52.6530352,-30.9212881],[-52.6748489,-30.9073542],[-52.6881016,-30.9082532],[-52.7103261,-30.9038672],[-52.7304578,-30.8953371],[-52.7935752,-30.9065253],[-52.8099887,-30.9130356],[-52.8247263,-30.9048189],[-52.8383222,-30.9141887],[-52.8577177,-30.9183099]],[[-52.8577177,-30.9183099],[-52.8660325,-30.9224487]],[[-52.8660325,-30.9224487],[-52.8600054,-30.9249634],[-52.8624051,-30.9302236],[-52.8737787,-30.9492655],[-52.873739,-30.9609445],[-52.8919814,-30.9940661],[-52.9016769,-31.000848],[-52.9154823,-31.0582503],[-52.9307009,-31.0693108],[-52.9306564,-31.0986557],[-52.9241535,-31.1098921],[-52.9285884,-31.1345744],[-52.9102297,-31.1452897],[-52.9250758,-31.1523065],[-52.9111536,-31.1997537],[-52.9091153,-31.2245708],[-52.9210171,-31.2462291],[-52.9150112,-31.2553982],[-52.9162878,-31.2807617],[-52.9090735,-31.2922875],[-52.9063856,-31.3136663],[-52.9183895,-31.3334218],[-52.9180588,-31.3554265],[-52.9293046,-31.3652012],[-52.9314735,-31.3861572],[-52.9265112,-31.4063664],[-52.9393147,-31.4310235],[-52.959221,-31.4460227],[-52.9600935,-31.4508438],[-52.9721282,-31.4819791],[-52.9759803,-31.5039938],[-52.9878869,-31.5226895],[-52.9887555,-31.549559],[-52.9851076,-31.5627507],[-52.9835565,-31.5689195],[-52.9575242,-31.5904065],[-52.9441289,-31.5920974],[-52.940146,-31.6075331],[-52.9293701,-31.6093001],[-52.9401673,-31.6445217],[-52.9172397,-31.6581782],[-52.9080868,-31.6683915]],[[-52.9080868,-31.6683915],[-52.9033582,-31.672069]],[[-52.9033582,-31.672069],[-52.8963299,-31.6609669],[-52.895297,-31.6489785],[-52.8782142,-31.6311093],[-52.8905555,-31.6198698],[-52.8771296,-31.6071355],[-52.8624006,-31.6079349],[-52.8398412,-31.5986808],[-52.8355064,-31.6046563],[-52.8003358,-31.6106308],[-52.7375912,-31.6013998],[-52.7101217,-31.6097121]],[[-52.7101217,-31.6097121],[-52.7096648,-31.6113541]],[[-52.7096648,-31.6113541],[-52.6973567,-31.5974484],[-52.6756025,-31.5822626],[-52.6613217,-31.5828659]],[[-52.6613217,-31.5828659],[-52.5010095,-31.3281765]],[[-52.5010095,-31.3281765],[-52.4789763,-31.3221822],[-52.4226642,-31.3363295]],[[-52.4226642,-31.3363295],[-52.4237535,-31.3338378]],[[-52.4237535,-31.3338378],[-52.4241179,-31.3100115],[-52.4599464,-31.2577278],[-52.4753051,-31.2449793],[-52.473566,-31.2316304],[-52.4623639,-31.2147411],[-52.4486008,-31.2140691],[-52.4360902,-31.2023487],[-52.4258467,-31.1822802],[-52.4244008,-31.1793723],[-52.4095818,-31.1672425],[-52.4041996,-31.1481431],[-52.3901012,-31.1476006],[-52.3859619,-31.1339645],[-52.3648786,-31.1356799],[-52.3549089,-31.1091808],[-52.3432771,-31.1041117],[-52.3370658,-31.1072358],[-52.2891263,-31.0886202],[-52.2783811,-31.0749274],[-52.2736846,-31.0582416],[-52.2789021,-31.0413429],[-52.2590771,-30.9944181],[-52.2499037,-30.9865281]],[[-52.2499037,-30.9865281],[-52.2448814,-30.9853058]],[[-52.2448814,-30.9853058],[-52.2406389,-30.9797104],[-52.2545153,-30.9589568],[-52.2751283,-30.9559691],[-52.2781682,-30.9487187],[-52.254825,-30.9365664],[-52.2432346,-30.9259995],[-52.2493525,-30.8837877]],[[-51.1262092,-29.8680033],[-51.1656756,-29.8592454],[-51.1775512,-29.8666697],[-51.1932473,-29.8625964],[-51.2316129,-29.8623114]],[[-51.2316129,-29.8623114],[-51.2338616,-29.8661361]],[[-51.2338616,-29.8661361],[-51.2348106,-29.8724896],[-51.2495754,-29.8841011],[-51.2486988,-29.9066117],[-51.238993,-29.9278044]],[[-51.238993,-29.9278044],[-51.2311857,-29.9411153]],[[-51.2311857,-29.9411153],[-51.2275759,-29.9564767],[-51.2082301,-29.9643777],[-51.1951209,-29.9691194],[-51.1505907,-29.965439],[-51.1340494,-29.9608856]],[[-51.1340494,-29.9608856],[-51.1262327,-29.9526627]],[[-51.1230954,-29.8663948],[-51.1262092,-29.8680033]],[[-52.1797755,-29.2945677],[-52.1878248,-29.2865485]],[[-52.1878248,-29.2865485],[-52.1990188,-29.2985549],[-52.2103526,-29.3030582],[-52.2305674,-29.301757],[-52.2427368,-29.3137305],[-52.2572024,-29.3058207],[-52.2786635,-29.2940576]],[[-52.2786635,-29.2940576],[-52.2768138,-29.2905789],[-52.2805103,-29.2900337],[-52.2847696,-29.2911512],[-52.2895466,-29.2881668]],[[-52.2981793,-29.3514053],[-52.3004199,-29.3554195]],[[-52.3004199,-29.3554195],[-52.2337127,-29.3539043],[-52.2212076,-29.3558042],[-52.1972097,-29.3589481],[-52.1944569,-29.3601593]],[[-52.1944569,-29.3601593],[-52.1813251,-29.3554946]],[[-52.1813251,-29.3554946],[-52.1799831,-29.3563289],[-52.1588813,-29.3468977],[-52.1653598,-29.3401289],[-52.1634946,-29.3314142]],[[-52.1634946,-29.3314142],[-52.1669562,-29.3270507]],[[-52.1669562,-29.3270507],[-52.1655916,-29.3199885],[-52.1652048,-29.3173781],[-52.1706952,-29.3071228],[-52.1797755,-29.2945677]],[[-51.3442219,-27.9996296],[-51.3514897,-28.0020816]],[[-51.3514897,-28.0020816],[-51.3579868,-28.0068304],[-51.3674809,-28.0103452],[-51.3821585,-28.0263281],[-51.3968311,-28.0330305],[-51.4226093,-28.0676659],[-51.4682097,-28.0546351],[-51.47696,-28.0566001],[-51.4847787,-28.0530775],[-51.5084655,-28.0574477],[-51.5105995,-28.0590194],[-51.5140776,-28.0770785],[-51.5048394,-28.1101028]],[[-51.5048394,-28.1101028],[-51.5015738,-28.1295139],[-51.4937688,-28.137764]],[[-51.4937688,-28.137764],[-51.500614,-28.1550985],[-51.5114765,-28.1525384],[-51.5103678,-28.1702492],[-51.4921816,-28.1818323],[-51.4819032,-28.2072611],[-51.4589404,-28.2204312],[-51.4495551,-28.2361808],[-51.4499671,-28.2724906],[-51.4662969,-28.2836866],[-51.4707687,-28.3194296],[-51.4673687,-28.3293366],[-51.4454596,-28.3399548],[-51.413329,-28.3364736],[-51.4257454,-28.3162135],[-51.4170565,-28.298092],[-51.3964002,-28.297406]],[[-51.3964002,-28.297406],[-51.3887419,-28.295945]],[[-51.3887419,-28.295945],[-51.397591,-28.2729789],[-51.3894951,-28.2639193],[-51.3877159,-28.2419942],[-51.3552315,-28.2322349],[-51.3413803,-28.2361771],[-51.3274121,-28.2315111],[-51.3273449,-28.2200923],[-51.3008253,-28.2016893],[-51.2954161,-28.1905841],[-51.2733021,-28.179153],[-51.2555108,-28.1765387],[-51.2443642,-28.1537729]],[[-51.2443642,-28.1537729],[-51.2444582,-28.1512396]],[[-51.2444582,-28.1512396],[-51.2473824,-28.1482049],[-51.2483288,-28.1453367],[-51.2559659,-28.1385014],[-51.2615327,-28.1161125],[-51.2563078,-28.1028662],[-51.2587016,-28.0835549],[-51.2662116,-28.0748279],[-51.2956442,-28.0587654],[-51.3094602,-28.0581214],[-51.3333821,-28.0388343],[-51.3440826,-28.0351872],[-51.3442219,-27.9996296]],[[-49.9337007,-29.6250581],[-49.9904427,-29.6066927],[-50.0004989,-29.6251612],[-50.0301472,-29.6356185],[-50.0493017,-29.6528545]],[[-50.0493017,-29.6528545],[-50.029802,-29.671874],[-50.0221115,-29.691224],[-50.0299887,-29.7122954]],[[-50.0299887,-29.7122954],[-50.0485528,-29.7524847],[-50.0551647,-29.7615948]],[[-50.0551647,-29.7615948],[-50.0176114,-29.7724712]],[[-50.0176114,-29.7724712],[-49.9833506,-29.7093427],[-49.9337007,-29.6250581]],[[-54.665165,-28.7162484],[-54.6755459,-28.7242132]],[[-54.810143,-28.8666305],[-54.8122353,-28.8712072]],[[-54.8122353,-28.8712072],[-54.7991445,-28.8829306],[-54.7956675,-28.8886187],[-54.7762009,-28.9030522],[-54.7769584,-28.9201761],[-54.7561286,-28.926988],[-54.7449286,-28.94008],[-54.7163426,-28.9514326],[-54.7070467,-28.9623861],[-54.7117724,-28.9834829],[-54.7037628,-29.0071511],[-54.6880623,-29.0232911],[-54.6879328,-29.0363276],[-54.6779898,-29.0500975],[-54.6683972,-29.0479823],[-54.6515881,-29.0394856],[-54.6440596,-29.0617177],[-54.6476018,-29.0686085],[-54.6425063,-29.0897486],[-54.6436693,-29.1093901],[-54.636348,-29.1339845],[-54.6165896,-29.1261935],[-54.5889454,-29.1220179],[-54.5861651,-29.1359851],[-54.5726492,-29.1538259],[-54.5273761,-29.1783914],[-54.5116961,-29.156927],[-54.4848483,-29.150144],[-54.4715891,-29.1363797],[-54.4551639,-29.1275531],[-54.4492642,-29.1060703],[-54.4329469,-29.089956]],[[-54.4329469,-29.089956],[-54.4352113,-29.0901225]],[[-54.4352113,-29.0901225],[-54.4600334,-29.0696473],[-54.4571411,-29.062852],[-54.4525525,-29.0627096],[-54.4247039,-29.0305245],[-54.4159301,-29.0363901],[-54.3863915,-29.0086259]],[[-54.3863915,-29.0086259],[-54.3805249,-28.9970259]],[[-54.3805249,-28.9970259],[-54.389294,-28.9877424],[-54.4018928,-28.9449016],[-54.4133363,-28.9357224],[-54.410382,-28.9222081],[-54.4240175,-28.9145956],[-54.4569795,-28.8788083],[-54.4594405,-28.87601],[-54.4768818,-28.8820896],[-54.4838218,-28.8711743],[-54.5287827,-28.8664169],[-54.5385771,-28.8473746],[-54.5651176,-28.8375656],[-54.5787046,-28.8130697],[-54.5957335,-28.8057498],[-54.5828513,-28.7892653],[-54.6117378,-28.7796731],[-54.6173219,-28.7533041],[-54.6528345,-28.740462],[-54.6611054,-28.7253328],[-54.6651966,-28.721043],[-54.665165,-28.7162484]],[[-52.5792505,-31.6819223],[-52.5835756,-31.6837568]],[[-52.5835756,-31.6837568],[-52.5945429,-31.6950993],[-52.6101239,-31.6950761],[-52.6048924,-31.7146193],[-52.620314,-31.7276459],[-52.6462288,-31.7307029],[-52.6689762,-31.7383989],[-52.7365503,-31.7405709]],[[-52.7365503,-31.7405709],[-52.7314602,-31.7575212]],[[-52.7314602,-31.7575212],[-52.7460415,-31.7758674],[-52.7440811,-31.789443],[-52.7322764,-31.7965084],[-52.7410879,-31.813326],[-52.7235047,-31.8183477],[-52.7152036,-31.8338896],[-52.699881,-31.8423131],[-52.6920914,-31.856368],[-52.6620258,-31.8791874],[-52.665313,-31.8999995]],[[-52.665313,-31.8999995],[-52.6485247,-31.8992786]],[[-52.4184178,-32.0162797],[-52.4182898,-32.0121276]],[[-52.4182898,-32.0121276],[-52.4216545,-31.9993684],[-52.4187734,-31.9719299],[-52.3916856,-31.9486386],[-52.3801799,-31.908773],[-52.385106,-31.8955188],[-52.4075855,-31.8690838],[-52.4057413,-31.8599943],[-52.3898333,-31.8534993],[-52.3933424,-31.8280981],[-52.3831154,-31.8060793],[-52.3722273,-31.8006594]],[[-52.3722273,-31.8006594],[-52.3661617,-31.7929318],[-52.3678767,-31.7875861],[-52.3897012,-31.7826034],[-52.4043532,-31.7568848],[-52.4272842,-31.7326661],[-52.4766039,-31.7144886],[-52.4828415,-31.7080967],[-52.5033837,-31.707086],[-52.5399137,-31.6875911],[-52.563467,-31.6887945],[-52.5715045,-31.6845392],[-52.5792505,-31.6819223]],[[-50.4565683,-30.0517188],[-50.6510113,-30.0417242]],[[-50.6510113,-30.0417242],[-50.6580639,-30.0467255]],[[-50.6580639,-30.0467255],[-50.6534678,-30.058672],[-50.645872,-30.0608204],[-50.6356151,-30.0554778],[-50.6350945,-30.0678522],[-50.6311048,-30.0729993],[-50.6214937,-30.1198739],[-50.6208196,-30.1984063]],[[-50.6208196,-30.1984063],[-50.5982278,-30.1960157],[-50.5773911,-30.2353553],[-50.5604688,-30.2516815],[-50.5426263,-30.2523344],[-50.543539,-30.2382449]],[[-50.543539,-30.2382449],[-50.5413225,-30.2077935],[-50.5293248,-30.2092622],[-50.5243849,-30.222049],[-50.4770616,-30.2016549],[-50.4373871,-30.2086392],[-50.3902996,-30.2110611],[-50.3627573,-30.2055507]],[[-50.3627573,-30.2055507],[-50.357126,-30.1972013],[-50.3668793,-30.1921655],[-50.3742318,-30.1854171],[-50.3769408,-30.1823802],[-50.3804659,-30.1729915]],[[-50.3989084,-30.1575004],[-50.3942392,-30.1578921]],[[-50.3942392,-30.1578921],[-50.3815329,-30.1377313],[-50.3874357,-30.1245543],[-50.3773137,-30.1080266],[-50.3741155,-30.0994196],[-50.366982,-30.0758984]],[[-50.366982,-30.0758984],[-50.3789349,-30.0808131],[-50.3857606,-30.0950872],[-50.4151905,-30.1028254],[-50.4188065,-30.096538]],[[-50.4188065,-30.096538],[-50.4565683,-30.0517188]],[[-51.3917198,-29.6525774],[-51.4134282,-29.6619187],[-51.4175007,-29.6616888],[-51.4279033,-29.6537938]],[[-51.4279033,-29.6537938],[-51.4320268,-29.6601629]],[[-51.4320268,-29.6601629],[-51.4230949,-29.6816363],[-51.4346374,-29.6977161],[-51.4533476,-29.705954],[-51.436704,-29.7261652],[-51.426868,-29.7153474],[-51.4138386,-29.7169277],[-51.4160602,-29.7573576],[-51.407251,-29.76423],[-51.4098589,-29.7701112],[-51.3918652,-29.7644444],[-51.3837246,-29.782021],[-51.3747425,-29.787097]],[[-51.3747425,-29.787097],[-51.365459,-29.7880459]],[[-51.365459,-29.7880459],[-51.3545987,-29.769809],[-51.3426331,-29.7680699],[-51.3337162,-29.7566427],[-51.3090294,-29.7769409]],[[-51.3090294,-29.7769409],[-51.3077838,-29.7701807]],[[-51.3077838,-29.7701807],[-51.3013382,-29.7397683],[-51.2902587,-29.7327695],[-51.2835164,-29.7023779],[-51.2881303,-29.6623067],[-51.2771813,-29.6580362]],[[-51.2771813,-29.6580362],[-51.2767484,-29.6559475]],[[-51.2767484,-29.6559475],[-51.2871648,-29.6461652],[-51.3206595,-29.6474262],[-51.3345461,-29.6489378],[-51.3363749,-29.6444527],[-51.3381398,-29.6342411],[-51.3523074,-29.6385233],[-51.364096,-29.6375787],[-51.3881795,-29.6480005],[-51.3917198,-29.6525774]],[[-51.9673752,-29.2356412],[-51.9935878,-29.2338272],[-51.9990017,-29.2479141],[-52.0163093,-29.2598832],[-52.0366541,-29.267627]],[[-52.0366541,-29.267627],[-52.0370135,-29.3286759]],[[-52.0370135,-29.3286759],[-52.0151817,-29.3292109]],[[-51.9203701,-29.3038465],[-51.9270733,-29.2876311]],[[-51.9270733,-29.2876311],[-51.9465447,-29.2717264],[-51.9469159,-29.2469724],[-51.9645805,-29.238005]],[[-51.9645805,-29.238005],[-51.9673752,-29.2356412]],[[-52.6378259,-28.1682505],[-52.6444214,-28.1657685],[-52.648344,-28.1697866]],[[-52.648344,-28.1697866],[-52.6551185,-28.1708201]],[[-52.6551185,-28.1708201],[-52.6585552,-28.1730381],[-52.6645026,-28.1735378],[-52.6664095,-28.1711343],[-52.6677768,-28.1777179],[-52.6932482,-28.1983685],[-52.7034632,-28.199161],[-52.7448885,-28.222724],[-52.7610264,-28.2404683],[-52.7986871,-28.2246064],[-52.8025836,-28.2088915],[-52.8144019,-28.1960278],[-52.8249817,-28.1956998]],[[-52.9635112,-28.1776489],[-52.9552236,-28.182376]],[[-52.9552236,-28.182376],[-52.9743718,-28.1815238],[-53.0019375,-28.2016215],[-53.0182026,-28.2088445],[-53.0242363,-28.2262942],[-53.0351892,-28.2248769],[-53.0473393,-28.2454354],[-53.063571,-28.2420449],[-53.0806668,-28.268121],[-53.1206421,-28.2510315]],[[-53.1206421,-28.2510315],[-53.1230111,-28.2579194]],[[-53.1230111,-28.2579194],[-53.1304611,-28.2675473],[-53.1199815,-28.2947163]],[[-53.1199815,-28.2947163],[-53.1180581,-28.2895406]],[[-53.1180581,-28.2895406],[-53.0968131,-28.2800395],[-53.0909397,-28.2802902],[-53.0681231,-28.2982313],[-53.0575414,-28.2986052],[-53.0432162,-28.3050234],[-53.0376225,-28.3108512],[-53.0345795,-28.3174777],[-53.0324371,-28.3181013],[-53.0221202,-28.316351],[-53.0264127,-28.3276047],[-53.0253725,-28.3424119],[-53.027583,-28.3546083],[-53.0368669,-28.3710816],[-53.0280157,-28.3765824],[-53.0106593,-28.3673637],[-53.0017316,-28.36793]],[[-53.0017316,-28.36793],[-52.9999048,-28.3559308],[-52.9769747,-28.3403427],[-52.9549825,-28.3338758],[-52.9427782,-28.3686304],[-52.9431533,-28.3759544]],[[-52.9431533,-28.3759544],[-52.9376652,-28.3815207]],[[-52.9376652,-28.3815207],[-52.9226824,-28.3727976],[-52.9074603,-28.3778011],[-52.8423674,-28.384488],[-52.81658,-28.3826624],[-52.8084895,-28.372747],[-52.7779508,-28.3681091]],[[-52.7779508,-28.3681091],[-52.7742622,-28.3708277]],[[-52.7742622,-28.3708277],[-52.7740911,-28.3681313],[-52.7598006,-28.349414],[-52.7582459,-28.3437286],[-52.7348735,-28.3502623],[-52.7178033,-28.3368451],[-52.7080457,-28.3013526],[-52.7086006,-28.287482],[-52.6734648,-28.2702183]],[[-52.6734648,-28.2702183],[-52.6771235,-28.2687687]],[[-52.6771235,-28.2687687],[-52.6708818,-28.261358],[-52.6546321,-28.2645912],[-52.6267773,-28.2399],[-52.6081324,-28.2338176],[-52.6034738,-28.2200505],[-52.6075414,-28.2056397],[-52.6377057,-28.1912807],[-52.631288,-28.1739306]],[[-52.631288,-28.1739306],[-52.6378259,-28.1682505]],[[-50.3156559,-29.6796218],[-50.3180325,-29.6818804]],[[-50.3180325,-29.6818804],[-50.3322163,-29.6829329],[-50.3362395,-29.694428],[-50.3434544,-29.698614],[-50.3555101,-29.7033825],[-50.3586378,-29.7157672],[-50.3832567,-29.7192961],[-50.399828,-29.7073418]],[[-50.399828,-29.7073418],[-50.4104773,-29.7073647]],[[-50.4104773,-29.7073647],[-50.4255122,-29.7268952],[-50.4344951,-29.7510804],[-50.4672457,-29.7722145],[-50.4675314,-29.7927843],[-50.4585914,-29.8011388],[-50.4348266,-29.8056973],[-50.4342577,-29.8167329],[-50.4200269,-29.8307808],[-50.3795636,-29.8555332],[-50.3750098,-29.8610283]],[[-50.3750098,-29.8610283],[-50.3557198,-29.8400084]],[[-50.3557198,-29.8400084],[-50.3513434,-29.8486356],[-50.3226734,-29.8553922],[-50.3029879,-29.8483061],[-50.2813861,-29.8591766],[-50.2761677,-29.8347806],[-50.2645264,-29.8259121],[-50.2537168,-29.8046855],[-50.2566518,-29.785311],[-50.2519824,-29.7766991],[-50.2559139,-29.7571175],[-50.232269,-29.7483432],[-50.2301657,-29.7307653]],[[-50.2301657,-29.7307653],[-50.2256938,-29.7228206]],[[-50.2256938,-29.7228206],[-50.2417973,-29.7130808],[-50.2722723,-29.7085521],[-50.2769025,-29.6887259],[-50.300325,-29.6853412],[-50.3140705,-29.6844532],[-50.3156559,-29.6796218]],[[-51.3540356,-29.2913659],[-51.4406106,-29.2907537],[-51.4405483,-29.2707768],[-51.4590048,-29.2710467],[-51.458965,-29.2540176],[-51.4736697,-29.2553084],[-51.4772715,-29.2584518],[-51.4910542,-29.2602566]],[[-51.4910542,-29.2602566],[-51.4906209,-29.276448]],[[-51.4906209,-29.276448],[-51.5406906,-29.2756804],[-51.5458577,-29.2929287]],[[-51.5458577,-29.2929287],[-51.6324415,-29.293613]],[[-51.5339219,-29.3515301],[-51.3544815,-29.3516848]],[[-51.3544815,-29.3516848],[-51.3540356,-29.2913659]],[[-51.8939445,-27.7105539],[-51.8929603,-27.7019279]],[[-51.8929603,-27.7019279],[-51.8770841,-27.6954623],[-51.8801625,-27.6832847],[-51.892773,-27.6790533]],[[-51.892773,-27.6790533],[-51.8926665,-27.6558128]],[[-51.8926665,-27.6558128],[-51.8964017,-27.6521584]],[[-51.8964017,-27.6521584],[-51.9734792,-27.6730166]],[[-51.9734792,-27.6730166],[-51.9833259,-27.7268272]],[[-51.9833259,-27.7268272],[-51.9634276,-27.7306341],[-51.9629809,-27.7492437],[-51.9435961,-27.7501955]],[[-51.9435961,-27.7501955],[-51.927391,-27.7512672],[-51.9150435,-27.7539412]],[[-51.9150435,-27.7539412],[-51.9074204,-27.7569689],[-51.888403,-27.7222053],[-51.8939445,-27.7105539]],[[-51.9165228,-28.5102625],[-51.9253739,-28.520417],[-51.9605005,-28.5206419],[-51.9604129,-28.5260976],[-52.0197829,-28.5280527],[-52.0198043,-28.5370153],[-52.0351523,-28.5459298],[-52.0675358,-28.5462176],[-52.0673849,-28.5376932],[-52.0734619,-28.5328743],[-52.0873758,-28.5347811]],[[-52.0873758,-28.5347811],[-52.0971211,-28.5407385]],[[-52.0971211,-28.5407385],[-52.0948888,-28.5470102],[-52.0987042,-28.5480429]],[[-52.0987042,-28.5480429],[-52.0929839,-28.6159208]],[[-52.0929839,-28.6159208],[-51.9964698,-28.6104894]],[[-51.9964698,-28.6104894],[-51.9943679,-28.6725012],[-51.8481537,-28.6634722]],[[-51.8481537,-28.6634722],[-51.8604744,-28.6580907],[-51.8537154,-28.6545429],[-51.8423046,-28.6526733]],[[-51.8423046,-28.6526733],[-51.8409084,-28.6475826]],[[-51.8409084,-28.6475826],[-51.8528201,-28.6436108],[-51.8562612,-28.605884],[-51.8692784,-28.59848],[-51.8591416,-28.5973875]],[[-51.8591416,-28.5973875],[-51.8536524,-28.5904258]],[[-51.8536524,-28.5904258],[-51.8544359,-28.5878113],[-51.8587076,-28.578313],[-51.8637539,-28.5819011],[-51.8899286,-28.5743579],[-51.8930592,-28.5633629],[-51.9158131,-28.5616369],[-51.9074276,-28.5223391],[-51.9089243,-28.5186216],[-51.9076864,-28.5140449],[-51.9135243,-28.5123343]],[[-51.9135243,-28.5123343],[-51.9165228,-28.5102625]],[[-51.6371801,-28.248177],[-51.6523731,-28.2124377],[-51.6667875,-28.2020018],[-51.6500968,-28.1867111],[-51.6576675,-28.173376],[-51.6859406,-28.1572112]],[[-51.6859406,-28.1572112],[-51.6937485,-28.1499657]],[[-51.6937485,-28.1499657],[-51.7038139,-28.1564982],[-51.7046109,-28.161428],[-51.6988991,-28.1707296]],[[-51.6988991,-28.1707296],[-51.693921,-28.1862963],[-51.6990767,-28.1949289],[-51.7191922,-28.1960091],[-51.7357657,-28.2027484],[-51.7291299,-28.2077553],[-51.7324816,-28.2105109],[-51.7493631,-28.2100879],[-51.7556849,-28.2145205],[-51.7809,-28.2055924]],[[-51.7809,-28.2055924],[-51.7905387,-28.1941352]],[[-51.7905387,-28.1941352],[-51.7985016,-28.2129049],[-51.8313873,-28.2348293],[-51.8463729,-28.238904],[-51.8729225,-28.2257651],[-51.8841055,-28.227048],[-51.9044114,-28.2218754],[-51.9100556,-28.2273909],[-51.9125686,-28.2400934]],[[-51.9125686,-28.2400934],[-51.9137404,-28.2413055]],[[-51.9137404,-28.2413055],[-51.9030252,-28.2562258],[-51.8844175,-28.2608],[-51.8650248,-28.2580398]],[[-51.8650248,-28.2580398],[-51.8554514,-28.2503837]],[[-51.8554514,-28.2503837],[-51.8410069,-28.2498073],[-51.8083436,-28.2498921],[-51.8161557,-28.2632842],[-51.8215495,-28.2979562],[-51.7642941,-28.2880758],[-51.751614,-28.2894814],[-51.7488286,-28.3080273],[-51.7053343,-28.3113992]],[[-51.7053343,-28.3113992],[-51.7052179,-28.3127339]],[[-51.7052179,-28.3127339],[-51.6839427,-28.3154232],[-51.6654923,-28.3239036],[-51.627722,-28.2799227],[-51.6323605,-28.2618676]],[[-51.6323605,-28.2618676],[-51.6371801,-28.248177]],[[-54.0279302,-27.9888156],[-54.0336046,-27.9871698]],[[-54.0336046,-27.9871698],[-54.0417903,-28.0033091],[-54.0599931,-28.0216242],[-54.0772791,-28.0084741]],[[-54.0772791,-28.0084741],[-54.0896913,-27.9933485]],[[-54.0896913,-27.9933485],[-54.0939794,-28.0087258],[-54.1153663,-28.0136593],[-54.1283282,-28.0153952]],[[-54.1283282,-28.0153952],[-54.1368393,-28.0254493]],[[-54.1368393,-28.0254493],[-54.1060442,-28.036332],[-54.0753004,-28.0538617],[-54.0823153,-28.0666649],[-54.0690529,-28.1078314],[-54.0797115,-28.1127191],[-54.1221151,-28.114904],[-54.1400489,-28.1261275],[-54.1577135,-28.1260975],[-54.1718069,-28.1352457]],[[-54.1718069,-28.1352457],[-54.1801874,-28.1382054]],[[-54.1801874,-28.1382054],[-54.1750766,-28.1503071],[-54.1517835,-28.1577892],[-54.1307744,-28.1831027],[-54.1307218,-28.1926152],[-54.1158306,-28.216159],[-54.1070117,-28.2415624],[-54.1044823,-28.2683249],[-54.1195496,-28.2843903],[-54.1299056,-28.2856874],[-54.1340971,-28.3059695],[-54.1359747,-28.313604],[-54.1437779,-28.3366255]],[[-54.1437779,-28.3366255],[-54.1363543,-28.3375813]],[[-54.1363543,-28.3375813],[-54.1308243,-28.3368112],[-54.150225,-28.3474082],[-54.1570194,-28.3557892],[-54.1549039,-28.3661632],[-54.135349,-28.3648637],[-54.1331604,-28.3617693]],[[-54.1331604,-28.3617693],[-54.1318115,-28.351256],[-54.126345,-28.3454233],[-54.1216874,-28.3490941]],[[-54.1216874,-28.3490941],[-54.1087076,-28.362047],[-54.0936258,-28.362837],[-54.11362,-28.3464187],[-54.0979278,-28.3433786],[-54.0861065,-28.3376221],[-54.0720417,-28.3397672]],[[-54.0720417,-28.3397672],[-54.066745,-28.3401671]],[[-54.066745,-28.3401671],[-54.0668123,-28.3357894],[-54.0733056,-28.335759],[-54.0649032,-28.3223926],[-54.0664178,-28.2999564],[-54.0451032,-28.2923747],[-54.0327158,-28.2742062],[-54.0129826,-28.2857991],[-54.0057153,-28.2997144],[-53.9929402,-28.2827623],[-53.9697695,-28.2875748],[-53.9625924,-28.2431963],[-53.9482636,-28.2248318],[-53.9277451,-28.2404031],[-53.9238803,-28.2375154],[-53.9178091,-28.2170847],[-53.9157715,-28.2069692],[-53.9179936,-28.1848938],[-53.9127626,-28.1604641],[-53.9311591,-28.1186597],[-53.9161821,-28.1153406]],[[-53.9161821,-28.1153406],[-53.9100176,-28.1153963]],[[-53.9100176,-28.1153963],[-53.9045253,-28.082758],[-53.9148557,-28.0705848],[-53.9285597,-28.0618199],[-53.9529753,-28.0596675],[-53.9708641,-28.0667388],[-53.9816174,-28.0632269],[-53.9929067,-28.0485456],[-53.9891757,-28.0375663],[-54.0025168,-28.0304644],[-54.0072552,-28.0178671],[-54.0279302,-27.9888156]],[[-50.9628853,-28.7944818],[-50.9775368,-28.8151746],[-50.9936387,-28.8159841]],[[-51.0477766,-28.8621422],[-51.0614592,-28.8649815],[-51.0742487,-28.8615997],[-51.0851376,-28.8535939]],[[-51.1086474,-28.8684839],[-51.1147599,-28.8736291],[-51.1245096,-28.8768918]],[[-51.1245096,-28.8768918],[-51.1103307,-28.8803577],[-51.0912497,-28.8792958],[-51.0738465,-28.8870078],[-51.0553938,-28.9178343],[-50.9787727,-28.9459023],[-50.9574784,-28.9609858],[-50.9515917,-28.9789758],[-50.9372819,-28.9992162],[-50.9218172,-29.0035991],[-50.9220389,-29.0256107],[-50.9697772,-29.0116686],[-50.9896876,-29.0225324],[-51.0293974,-29.0279441],[-51.0371639,-29.0343707],[-51.0563931,-29.0309478],[-51.1114061,-29.0407569]],[[-51.1114061,-29.0407569],[-51.1120781,-29.032656]],[[-51.1120781,-29.032656],[-51.1114055,-29.0802525],[-51.1453323,-29.0811266],[-51.1449503,-29.090356],[-51.2026105,-29.0912816],[-51.2354922,-29.086053],[-51.3081082,-29.088249],[-51.307075,-29.090058],[-51.2964365,-29.0946938],[-51.2815848,-29.1128648]],[[-51.2815848,-29.1128648],[-51.2935065,-29.1133723]],[[-51.2935065,-29.1133723],[-51.2938876,-29.1939335],[-51.2885858,-29.193757],[-51.2886949,-29.2454081],[-51.265746,-29.2458903],[-51.2667024,-29.29509]],[[-51.2667024,-29.29509],[-51.2627447,-29.295138]],[[-51.2627447,-29.295138],[-51.2165229,-29.3366523],[-51.2275491,-29.3441533],[-51.2133069,-29.3572127]],[[-51.2133069,-29.3572127],[-51.2122985,-29.3585712]],[[-51.2122985,-29.3585712],[-51.1920459,-29.343731],[-51.1796075,-29.3251053],[-51.1369115,-29.3387977],[-51.1259633,-29.3139012],[-51.1159837,-29.3078087],[-51.1023385,-29.3177204],[-51.0919963,-29.3048826],[-51.0910431,-29.2929709],[-51.0698846,-29.2917037],[-51.0490953,-29.3077082],[-51.0306763,-29.2936705],[-50.9912883,-29.3169558]],[[-50.9912883,-29.3169558],[-50.9881604,-29.3102028]],[[-50.9881604,-29.3102028],[-50.9727916,-29.2975572],[-50.9576185,-29.30632],[-50.9483609,-29.3108738],[-50.9494667,-29.2890691],[-50.9437433,-29.2875333],[-50.9306793,-29.2865666],[-50.9226666,-29.2983885],[-50.9196847,-29.3081851],[-50.9074693,-29.3022073],[-50.9000566,-29.2862282]],[[-50.9000566,-29.2862282],[-50.885408,-29.2813962]],[[-50.8643572,-29.2550855],[-50.8592673,-29.2475897]],[[-50.8592673,-29.2475897],[-50.8583056,-29.2431964],[-50.8563024,-29.2339854],[-50.8581022,-29.228962],[-50.8543954,-29.2254012],[-50.8549493,-29.2136884],[-50.8359944,-29.1860487],[-50.8365173,-29.1818744],[-50.8413626,-29.160084],[-50.8408729,-29.1281721],[-50.8555072,-29.1195393],[-50.90383,-29.1160029],[-50.9143418,-29.1193354],[-50.9109096,-29.1077788],[-50.9024706,-29.0903373],[-50.9146547,-29.0803602],[-50.8925913,-29.066688],[-50.8686405,-29.0689856],[-50.8228945,-29.0542932],[-50.8151362,-29.028471],[-50.7992349,-29.0253809],[-50.7826969,-29.0000758],[-50.7837718,-28.9791653],[-50.8035299,-28.9640098],[-50.7935245,-28.9347879],[-50.810596,-28.9299551],[-50.807323,-28.9062638],[-50.8202763,-28.8936367],[-50.7944035,-28.874485],[-50.8173755,-28.868738],[-50.8275355,-28.8557993],[-50.8176273,-28.8423908],[-50.8302098,-28.8350525],[-50.837763,-28.8364281]],[[-50.837763,-28.8364281],[-50.8596828,-28.8341811]],[[-50.8596828,-28.8341811],[-50.8838334,-28.841247],[-50.8852895,-28.8140892],[-50.8906712,-28.8063192],[-50.9141896,-28.80177],[-50.931449,-28.8075246],[-50.9628853,-28.7944818]],[[-51.9975579,-27.6991177],[-52.0047029,-27.6998367]],[[-52.0847381,-27.8006427],[-52.0849743,-27.8094718],[-52.0826754,-27.8185316]],[[-52.0826754,-27.8185316],[-52.0747047,-27.8186753],[-52.0738946,-27.8157563],[-52.0665951,-27.8206488],[-52.0700332,-27.8242815],[-52.051661,-27.8257969],[-52.0240044,-27.8172427],[-51.9986687,-27.8251594],[-51.990559,-27.8198678],[-51.9737173,-27.8178466],[-51.9608879,-27.827422]],[[-51.9608879,-27.827422],[-51.9540493,-27.8236751]],[[-51.9540493,-27.8236751],[-51.9561175,-27.8112446],[-51.9397415,-27.7907772]],[[-51.9397415,-27.7907772],[-51.9288682,-27.7836706],[-51.9313246,-27.7691075],[-51.9155794,-27.7669191],[-51.9282725,-27.7586619],[-51.9247302,-27.7522177]],[[-51.9247302,-27.7522177],[-51.9435961,-27.7501955]],[[-51.9833259,-27.7268272],[-51.9821501,-27.7203911]],[[-51.9821501,-27.7203911],[-51.9975579,-27.6991177]],[[-52.9033582,-31.672069],[-52.8933684,-31.6764899]],[[-52.8933684,-31.6764899],[-52.8977258,-31.68982],[-52.8894702,-31.7061789],[-52.9007576,-31.7227018],[-52.8881249,-31.741279],[-52.8882899,-31.7509619],[-52.8686555,-31.7557516],[-52.8675959,-31.7717748],[-52.8841959,-31.783575],[-52.8926167,-31.800554],[-52.8915055,-31.8064122],[-52.8771517,-31.8026649],[-52.8542797,-31.821437],[-52.8478473,-31.8407055],[-52.8255799,-31.858152]],[[-52.8255799,-31.858152],[-52.8183019,-31.8599241]],[[-52.8183019,-31.8599241],[-52.7912364,-31.8632669],[-52.7736059,-31.8733411],[-52.7471429,-31.874782],[-52.7382048,-31.8671632],[-52.7076207,-31.8698562],[-52.6987118,-31.8783949],[-52.6804318,-31.882313],[-52.665313,-31.8999995]],[[-52.7314602,-31.7575212],[-52.7369984,-31.7359394]],[[-52.7369984,-31.7359394],[-52.7252581,-31.7197289],[-52.7117622,-31.7112195],[-52.7037105,-31.6941939],[-52.7053416,-31.682172],[-52.6988146,-31.6367235],[-52.7092228,-31.6158928]],[[-52.7092228,-31.6158928],[-52.7101217,-31.6097121]],[[-53.0066681,-29.5455195],[-53.0215512,-29.5309697],[-53.0307607,-29.534762],[-53.0345948,-29.5345946]],[[-53.0345948,-29.5345946],[-53.0282206,-29.5509386]],[[-53.0282206,-29.5509386],[-53.028481,-29.5539609]],[[-53.054087,-29.5596788],[-53.0548151,-29.5761846]],[[-53.0548151,-29.5761846],[-53.0612523,-29.6048406],[-53.0443628,-29.6338105],[-53.0486381,-29.6368795],[-53.0416209,-29.6670803]],[[-53.0416209,-29.6670803],[-53.0401875,-29.6740117]],[[-53.0401875,-29.6740117],[-53.0410218,-29.6694021],[-53.0366589,-29.6574244],[-53.0327544,-29.6590874],[-53.0136992,-29.6567834],[-53.0077699,-29.6627746],[-53.0174457,-29.6869111],[-53.0031655,-29.7000737],[-52.9733211,-29.6992172],[-52.9545789,-29.7111012],[-52.9297104,-29.7192025]],[[-52.9297104,-29.7192025],[-52.9274852,-29.7133098]],[[-52.9773144,-29.5607198],[-52.9827079,-29.5541681]],[[-52.9827079,-29.5541681],[-52.9860199,-29.5511329],[-52.9990612,-29.5492189],[-53.0066681,-29.5455195]],[[-53.2062892,-27.6000795],[-53.2065058,-27.6116603],[-53.2203595,-27.6422349],[-53.2172443,-27.6499507]],[[-53.2172443,-27.6499507],[-53.2199184,-27.6527072]],[[-53.2199184,-27.6527072],[-53.2180127,-27.6571784],[-53.2042387,-27.6648342],[-53.1832851,-27.6703376],[-53.1744918,-27.6694229],[-53.1699796,-27.6585171],[-53.1550712,-27.6619138]],[[-53.1550712,-27.6619138],[-53.1162328,-27.6426139]],[[-53.1162328,-27.6426139],[-53.1116346,-27.6470737]],[[-53.1116346,-27.6470737],[-53.1005298,-27.6464499]],[[-53.1005298,-27.6464499],[-53.1081716,-27.6279812],[-53.1011272,-27.6073142],[-53.1146403,-27.5988332]],[[-53.1146403,-27.5988332],[-53.1187008,-27.5885017]],[[-53.1187008,-27.5885017],[-53.1215483,-27.5937977],[-53.1479554,-27.6052418],[-53.161251,-27.5916916],[-53.1839577,-27.5877401],[-53.2062892,-27.6000795]],[[-51.755847,-30.5085761],[-51.7596103,-30.4988855]],[[-51.7670307,-30.4668122],[-51.8983039,-30.5716959]],[[-51.7010342,-30.6852701],[-51.6971978,-30.6904191]],[[-51.6971978,-30.6904191],[-51.6853525,-30.683018],[-51.676429,-30.6549699],[-51.6541808,-30.6415102],[-51.6527945,-30.6328131],[-51.6487526,-30.6136622],[-51.6591213,-30.6032962],[-51.6656609,-30.5701552],[-51.6550689,-30.5679768],[-51.6590892,-30.533184]],[[-51.6590892,-30.533184],[-51.6559918,-30.5309795],[-51.6557772,-30.5290294],[-51.6576184,-30.5186813]],[[-51.6576184,-30.5186813],[-51.6595713,-30.5183504]],[[-51.6595713,-30.5183504],[-51.6790091,-30.5090003],[-51.6950636,-30.5268555],[-51.7200557,-30.524824],[-51.7436705,-30.5318802],[-51.7520103,-30.5313786],[-51.755847,-30.5085761]],[[-54.7934881,-28.0420072],[-54.8080569,-28.0467104]],[[-54.8080569,-28.0467104],[-54.8056238,-28.0844207],[-54.805502,-28.1267694],[-54.7953146,-28.126787],[-54.7951343,-28.176311]],[[-54.7951343,-28.176311],[-54.7707632,-28.1583592],[-54.76916,-28.1864019],[-54.7620829,-28.1913396],[-54.7397747,-28.1772586],[-54.7330792,-28.180754]],[[-54.7330792,-28.180754],[-54.7450285,-28.2056763],[-54.7449927,-28.209661],[-54.7411968,-28.2128247],[-54.7353022,-28.2127208],[-54.7165822,-28.2057558]],[[-54.7165822,-28.2057558],[-54.7101448,-28.2082059],[-54.7045508,-28.2341986],[-54.6902066,-28.2284114],[-54.6979072,-28.2083377],[-54.6906577,-28.2010293],[-54.6851813,-28.2080168],[-54.6718103,-28.2253302],[-54.6632795,-28.2087267],[-54.6676669,-28.2017307]],[[-54.6676669,-28.2017307],[-54.6625166,-28.1952789],[-54.6393426,-28.2016074]],[[-54.6393426,-28.2016074],[-54.6344269,-28.2074279]],[[-54.6344269,-28.2074279],[-54.6344615,-28.2017489],[-54.6954291,-28.1599458]],[[-54.6954291,-28.1599458],[-54.6967573,-28.0675424]],[[-54.6967573,-28.0675424],[-54.7020451,-28.0700035],[-54.7125872,-28.0641831],[-54.7208999,-28.0596451]],[[-54.7208999,-28.0596451],[-54.7241465,-28.0634359],[-54.7288125,-28.0563692],[-54.7308955,-28.055799],[-54.7411035,-28.0600177],[-54.7420913,-28.066167],[-54.7477689,-28.0690816],[-54.7567471,-28.062004],[-54.7583499,-28.0557228],[-54.7574781,-28.0532633]],[[-53.0650703,-27.9409072],[-53.0721087,-27.92369],[-53.0919887,-27.9311628],[-53.1088739,-27.9295957],[-53.1236729,-27.9395873],[-53.1516825,-27.9414843],[-53.1661337,-27.958307],[-53.1771308,-27.9611379],[-53.1927996,-27.9871778],[-53.1926304,-27.9937854]],[[-53.1926304,-27.9937854],[-53.2380379,-28.002982],[-53.2448795,-28.011414],[-53.2352431,-28.031894],[-53.1910308,-28.0451367],[-53.1876427,-28.0536751],[-53.2096118,-28.0746665],[-53.2271731,-28.0795903],[-53.2384865,-28.0715589],[-53.2605293,-28.0788474],[-53.3017192,-28.0808993],[-53.2877847,-28.110153],[-53.2801181,-28.1091214],[-53.2733331,-28.1137884],[-53.2691543,-28.1256443],[-53.2491606,-28.1422867],[-53.2577271,-28.1580966],[-53.2555558,-28.1643558]],[[-53.2555558,-28.1643558],[-53.2502592,-28.159653]],[[-53.2502592,-28.159653],[-53.2398852,-28.1610612],[-53.2233526,-28.1464216],[-53.1968732,-28.159355],[-53.1846421,-28.1842979],[-53.1829457,-28.2043494],[-53.1678229,-28.2078421],[-53.1541016,-28.2304965],[-53.122306,-28.2552811]],[[-53.122306,-28.2552811],[-53.1206421,-28.2510315]],[[-52.9552236,-28.182376],[-52.9670815,-28.1760725]],[[-53.0191487,-28.0452245],[-53.0209709,-28.0360266]],[[-53.0209709,-28.0360266],[-53.0223084,-28.0256598],[-53.022009,-28.0038727],[-53.0432794,-27.9826271],[-53.0469884,-27.9604481],[-53.0323476,-27.9618232]],[[-53.0323476,-27.9618232],[-53.0344433,-27.9537814],[-53.0379891,-27.9507826],[-53.057274,-27.944305]],[[-53.057274,-27.944305],[-53.0650703,-27.9409072]],[[-51.6027133,-29.9442155],[-51.6278546,-29.9462035]],[[-51.6278546,-29.9462035],[-51.6278834,-29.9484347],[-51.6293993,-29.9495879]],[[-51.6293993,-29.9495879],[-51.6526492,-29.9606864]],[[-51.6526492,-29.9606864],[-51.6495744,-29.9624882],[-51.645731,-29.9656578],[-51.6416828,-29.9690844],[-51.6370413,-29.9720784],[-51.6391361,-29.9794042],[-51.6538806,-29.996092]],[[-51.6538806,-29.996092],[-51.6704464,-30.0028952],[-51.6816944,-30.0106867]],[[-51.6816944,-30.0106867],[-51.6827712,-30.0181676],[-51.6652545,-30.0303207]],[[-51.6368381,-30.0537023],[-51.6302598,-30.0633568],[-51.6205217,-30.0611053]],[[-51.6205217,-30.0611053],[-51.6255779,-30.0531947]],[[-51.6255779,-30.0531947],[-51.6050453,-30.0371502],[-51.611296,-30.020253],[-51.6002331,-30.0131992],[-51.597112,-30.0133737],[-51.5887103,-30.0109683],[-51.5738986,-30.0225215],[-51.5715585,-30.034784],[-51.541058,-30.0493574],[-51.5187445,-30.0373419],[-51.4960076,-30.0376429],[-51.4784776,-30.023716],[-51.4567451,-30.017146],[-51.4498401,-30.0098444],[-51.4464663,-30.0017661],[-51.4347922,-29.9831761]],[[-51.4347922,-29.9831761],[-51.4395125,-29.9808852]],[[-51.4395125,-29.9808852],[-51.4622282,-29.9490105],[-51.483491,-29.9420304],[-51.507026,-29.9274944],[-51.5323326,-29.9272736],[-51.5657268,-29.9386267],[-51.6027133,-29.9442155]],[[-51.9693266,-27.8848525],[-51.9939182,-27.884937],[-52.0060687,-27.8902829],[-52.0175539,-27.8812545],[-52.0504541,-27.8869256],[-52.0607581,-27.8848763],[-52.0493925,-27.9012067],[-52.0585744,-27.9054382],[-52.071671,-27.9044558]],[[-52.071671,-27.9044558],[-52.0681329,-27.9128031],[-52.0716351,-27.9138676],[-52.083219,-27.9068907],[-52.0817986,-27.9222558]],[[-52.0817986,-27.9222558],[-52.0683313,-27.926309],[-52.0772952,-27.9342058],[-52.0864048,-27.9244049],[-52.0946139,-27.9287787]],[[-52.0946139,-27.9287787],[-52.087659,-27.9433269]],[[-52.087659,-27.9433269],[-52.0917141,-27.9547288],[-52.0865641,-27.9751871]],[[-52.0865641,-27.9751871],[-52.0832402,-27.9844856]],[[-52.0832402,-27.9844856],[-52.064834,-27.9933678],[-52.0526847,-27.9920958],[-52.0298841,-28.0044931],[-52.005199,-28.0105924],[-51.9886162,-28.0136768],[-51.9755296,-28.011327],[-51.9775287,-27.9980557],[-51.962835,-27.9812033],[-51.9510589,-27.9998857],[-51.9436062,-28.0015227]],[[-51.9436062,-28.0015227],[-51.9326253,-27.9909974]],[[-51.9326253,-27.9909974],[-51.9202516,-27.9906881]],[[-51.9202516,-27.9906881],[-51.9093704,-27.9905485],[-51.9083834,-27.9844781],[-51.912223,-27.9757353],[-51.9096969,-27.9524236],[-51.9157763,-27.9395381],[-51.9294547,-27.9296848],[-51.9255564,-27.9051681],[-51.9326683,-27.9038073],[-51.9176079,-27.8977994],[-51.9337967,-27.8906128]],[[-51.9337967,-27.8906128],[-51.9383363,-27.8845196],[-51.9693266,-27.8848525]],[[-53.9504775,-27.8518222],[-53.9547781,-27.8574788]],[[-53.9547781,-27.8574788],[-53.9677675,-27.8651864],[-53.9776229,-27.8783689],[-53.9754413,-27.8840631],[-53.9989859,-27.916892],[-54.0267779,-27.9315343],[-54.0292609,-27.9464971],[-54.0207985,-27.959283]],[[-54.0207985,-27.959283],[-54.0322071,-27.9796485]],[[-54.0322071,-27.9796485],[-54.0279302,-27.9888156]],[[-53.9100176,-28.1153963],[-53.8789316,-28.0988638],[-53.8740108,-28.085458]],[[-53.8740108,-28.085458],[-53.8494204,-28.0760514],[-53.8334065,-28.0630959]],[[-53.8334065,-28.0630959],[-53.7793912,-28.0418043],[-53.7715156,-28.0337493]],[[-53.7715156,-28.0337493],[-53.7580449,-28.0183033],[-53.7544229,-27.9970935]],[[-53.7544229,-27.9970935],[-53.7490439,-27.9925814]],[[-53.7490439,-27.9925814],[-53.7603369,-27.9945695],[-53.8049681,-27.9787872],[-53.8133671,-27.9777932],[-53.8462531,-27.9532164],[-53.8643276,-27.9255912],[-53.887272,-27.9162825],[-53.8953768,-27.8973738]],[[-53.8953768,-27.8973738],[-53.8990506,-27.898417],[-53.8985488,-27.8960198],[-53.8972692,-27.8962982],[-53.8983704,-27.8934468],[-53.901796,-27.8891977],[-53.9082226,-27.8852896]],[[-53.9082226,-27.8852896],[-53.9157054,-27.8818662],[-53.9298131,-27.8681584],[-53.9348388,-27.8629806],[-53.9504775,-27.8518222]],[[-53.42198,-33.7437928],[-53.3004532,-33.6617782],[-53.3583583,-33.6159927],[-53.3557395,-33.6102402],[-53.3874351,-33.5781927],[-53.4141642,-33.5606396],[-53.4540945,-33.5945923],[-53.467303,-33.6092704],[-53.4811504,-33.6273432],[-53.5047242,-33.6496319],[-53.5227777,-33.6892628]],[[-53.5227777,-33.6892628],[-53.439516,-33.6934614],[-53.4386941,-33.7124517],[-53.4310511,-33.7393548],[-53.42198,-33.7437928]],[[-51.97917,-30.6604719],[-51.999496,-30.6690543],[-51.9828223,-30.698883],[-51.9864431,-30.7170631],[-52.0005017,-30.7152938],[-52.0182228,-30.729647],[-52.0524334,-30.7410451],[-52.0593494,-30.7375624],[-52.0634512,-30.7419164],[-52.071377,-30.7570319],[-52.0747771,-30.778122],[-52.088139,-30.7890134],[-52.0980483,-30.8405498]],[[-50.1703142,-30.097064],[-50.2107013,-30.0833019],[-50.1953003,-30.0714993],[-50.1864122,-30.0563074],[-50.1998079,-30.0404425],[-50.2569758,-30.065297],[-50.2735558,-30.0437833],[-50.3068394,-30.0673434],[-50.3345054,-30.0650644],[-50.3486935,-30.0532433]],[[-50.3486935,-30.0532433],[-50.3637889,-30.0635119],[-50.366982,-30.0758984]],[[-50.3942392,-30.1578921],[-50.3748705,-30.1600557]],[[-50.2241817,-30.2364612],[-50.1703142,-30.097064]],[[-51.9159893,-28.2416852],[-51.9361484,-28.2465262],[-51.949796,-28.2513498],[-51.9578867,-28.2536753],[-51.9640427,-28.2668608],[-51.9681623,-28.2782901]],[[-51.9796159,-28.2889086],[-51.9931625,-28.2899028],[-52.0199078,-28.3026468]],[[-52.0199078,-28.3026468],[-52.005609,-28.3174612],[-51.9886805,-28.3255782],[-51.9637901,-28.3312103],[-51.976132,-28.3441934],[-51.9681197,-28.3663016],[-51.97361,-28.3959618],[-51.9910501,-28.4394334]],[[-51.9910501,-28.4394334],[-51.976298,-28.4439955],[-51.9613467,-28.4558971],[-51.9567242,-28.4712789],[-51.9266583,-28.4764227],[-51.9220364,-28.488179]],[[-51.9220364,-28.488179],[-51.920235,-28.4942001]],[[-51.920235,-28.4942001],[-51.9123938,-28.4901564]],[[-51.9123938,-28.4901564],[-51.9112222,-28.4808192]],[[-51.9112222,-28.4808192],[-51.9017858,-28.4702715]],[[-51.9017858,-28.4702715],[-51.9099238,-28.4668754],[-51.9095631,-28.4623762]],[[-51.9095631,-28.4623762],[-51.9115332,-28.4302572],[-51.9073324,-28.4116192],[-51.8943824,-28.3907292],[-51.876124,-28.3892652],[-51.8746019,-28.3806457],[-51.8739393,-28.3760569],[-51.8495198,-28.3709423],[-51.8483675,-28.3567506],[-51.8377488,-28.3543098]],[[-51.8377488,-28.3543098],[-51.8321844,-28.3547798]],[[-51.8321844,-28.3547798],[-51.8175545,-28.3384953],[-51.8338373,-28.3140976],[-51.8380579,-28.2969214],[-51.8320916,-28.2894993],[-51.8369439,-28.2774897],[-51.8453973,-28.2610683],[-51.8575469,-28.2523143]],[[-51.8575469,-28.2523143],[-51.8650248,-28.2580398]],[[-51.9137404,-28.2413055],[-51.9159893,-28.2416852]],[[-51.8393184,-29.3436627],[-51.8754653,-29.344162]],[[-51.8754653,-29.344162],[-51.9089426,-29.3521325]],[[-51.9089426,-29.3521325],[-51.8998559,-29.3568794]],[[-51.9361752,-29.4060852],[-51.9496378,-29.4156906]],[[-51.9496378,-29.4156906],[-51.9310891,-29.4172074],[-51.9326767,-29.425606],[-51.8423509,-29.4239608]],[[-51.8423509,-29.4239608],[-51.8047716,-29.3993456],[-51.8026329,-29.3906275]],[[-51.8026329,-29.3906275],[-51.7982594,-29.3897378]],[[-51.7982594,-29.3897378],[-51.8075424,-29.3797088],[-51.8395869,-29.3800663],[-51.8440138,-29.3725442],[-51.8531487,-29.3668742],[-51.8564296,-29.36754],[-51.8589677,-29.3649567],[-51.8393719,-29.354993],[-51.8393184,-29.3436627]],[[-53.0017316,-28.36793],[-52.9987095,-28.3747487]],[[-52.9987095,-28.3747487],[-53.0074844,-28.3840946],[-53.0266188,-28.3886255]],[[-53.0266188,-28.3886255],[-53.040003,-28.3852304],[-53.0540249,-28.3970267],[-53.0558823,-28.3989688],[-53.0547982,-28.4008646],[-53.0543915,-28.4054548],[-53.0563019,-28.4184169],[-53.0469767,-28.4353117],[-53.0702022,-28.4689344],[-53.0704944,-28.4692864],[-53.0703457,-28.4715903],[-53.073006,-28.4850365]],[[-53.073006,-28.4850365],[-53.0755838,-28.4956665]],[[-53.0755838,-28.4956665],[-53.0595391,-28.5108745],[-53.0600379,-28.5208769],[-53.0426789,-28.5377266],[-53.0439567,-28.5506101],[-53.0176999,-28.5675361],[-53.0209033,-28.5864472],[-53.0181284,-28.589218]],[[-53.0181284,-28.589218],[-53.00052,-28.5896254]],[[-53.00052,-28.5896254],[-52.9624571,-28.5766365],[-52.955378,-28.576238],[-52.9337664,-28.5824545]],[[-52.9337664,-28.5824545],[-52.9281016,-28.5803722]],[[-52.9281016,-28.5803722],[-52.9185952,-28.556474],[-52.9243676,-28.5460294],[-52.9139865,-28.5464865],[-52.9174631,-28.5432988],[-52.9180053,-28.5407713]],[[-52.9180053,-28.5407713],[-52.926224,-28.5396193]],[[-52.926224,-28.5396193],[-52.9339653,-28.5280489],[-52.9196906,-28.5210406],[-52.9236138,-28.5066124],[-52.9376791,-28.5101806],[-52.9427721,-28.4729145],[-52.9427242,-28.4456971],[-52.9332753,-28.4429894],[-52.9270617,-28.4007956],[-52.9411648,-28.3804944]],[[-52.9411648,-28.3804944],[-52.9431533,-28.3759544]],[[-53.5677372,-28.0410249],[-53.5906083,-28.0417117]],[[-53.5906083,-28.0417117],[-53.6040147,-28.0572192],[-53.6227376,-28.0920911],[-53.6258197,-28.1115158],[-53.6168734,-28.1227525],[-53.6185051,-28.143497]],[[-53.6185051,-28.143497],[-53.6211827,-28.1535155]],[[-53.6444162,-28.2508807],[-53.6393635,-28.2586478]],[[-53.6393635,-28.2586478],[-53.6404256,-28.2668536],[-53.631642,-28.2729299],[-53.6288715,-28.2617001],[-53.6007013,-28.248195],[-53.5941028,-28.2498838],[-53.5904466,-28.2425453],[-53.5821592,-28.2492201],[-53.5603536,-28.2417575],[-53.5502381,-28.2446346],[-53.550003,-28.2390327],[-53.5425405,-28.2289303],[-53.5357852,-28.2267714],[-53.5296175,-28.2344451],[-53.5284641,-28.230395],[-53.5155107,-28.2293634],[-53.5138349,-28.2200401],[-53.4777801,-28.22589],[-53.4699974,-28.2309975],[-53.4576788,-28.2395315],[-53.447516,-28.2394161],[-53.4095432,-28.2418833],[-53.4064946,-28.2444833],[-53.4025053,-28.239819]],[[-53.4025053,-28.239819],[-53.396346,-28.2433496]],[[-53.396346,-28.2433496],[-53.3783303,-28.2369175],[-53.3492678,-28.2409943],[-53.3251399,-28.2227401],[-53.3119711,-28.1989232]],[[-53.3119711,-28.1989232],[-53.3150494,-28.1926495]],[[-53.3150494,-28.1926495],[-53.3155923,-28.177609],[-53.3318515,-28.1741197],[-53.349995,-28.1555337],[-53.3529742,-28.1287462],[-53.4029971,-28.136227],[-53.4058741,-28.1225268],[-53.4176604,-28.1157576],[-53.4117888,-28.0874121],[-53.4506842,-28.0746429],[-53.4626142,-28.0778293],[-53.4808578,-28.0990575],[-53.4877567,-28.1010749],[-53.4841841,-28.1052682],[-53.4980813,-28.1356291],[-53.5115869,-28.1323564],[-53.5206343,-28.1121571],[-53.5207668,-28.0990601],[-53.5402307,-28.0841651],[-53.5317327,-28.0699217],[-53.5572444,-28.0568917],[-53.5677372,-28.0410249]],[[-52.9464628,-27.5882484],[-52.951551,-27.6257491],[-52.9855792,-27.6298703],[-52.9990149,-27.6098052],[-53.042019,-27.6369697],[-53.0668522,-27.6441249],[-53.0927286,-27.6583724],[-53.1017009,-27.654317],[-53.1005298,-27.6464499]],[[-53.1116346,-27.6470737],[-53.1062314,-27.663617]],[[-53.1062314,-27.663617],[-53.0867085,-27.6638543],[-53.071416,-27.6737949]],[[-53.071416,-27.6737949],[-53.0750987,-27.6751536]],[[-53.0750987,-27.6751536],[-53.0722835,-27.6792187],[-53.0686144,-27.6859963],[-53.069336,-27.6928481],[-53.0398347,-27.7050962],[-53.0360751,-27.7266945],[-53.024595,-27.7264145],[-53.0198398,-27.7457847],[-53.025088,-27.7550683],[-53.0210134,-27.7606113],[-53.0151342,-27.7595372],[-53.0106845,-27.7610253],[-53.0190104,-27.7749566],[-53.0059299,-27.7872514],[-52.9852382,-27.7837303],[-52.9844301,-27.7904894]],[[-52.9844301,-27.7904894],[-52.9764464,-27.7889498]],[[-52.9764464,-27.7889498],[-52.9727704,-27.7810327],[-52.9348293,-27.7661777],[-52.9174025,-27.7527956],[-52.9174088,-27.7445675],[-52.9121914,-27.7383169]],[[-52.9121914,-27.7383169],[-52.9255738,-27.7358011]],[[-52.9255738,-27.7358011],[-52.9460558,-27.7186576],[-52.9556022,-27.7053585],[-52.9491374,-27.6878713],[-52.9473873,-27.6791335],[-52.9333163,-27.6839047],[-52.9164793,-27.6724689],[-52.9060801,-27.6720868],[-52.899585,-27.6608241],[-52.9142181,-27.6452643],[-52.9391059,-27.6360312],[-52.9199135,-27.6135596],[-52.9187944,-27.609088]],[[-52.9187944,-27.609088],[-52.9216322,-27.6095811]],[[-52.9216322,-27.6095811],[-52.9289489,-27.598189],[-52.9316633,-27.5947747],[-52.9464628,-27.5882484]],[[-52.1515114,-29.0878574],[-52.1655346,-29.0888016],[-52.1744538,-29.1075924],[-52.191303,-29.1110136]],[[-52.191303,-29.1110136],[-52.199534,-29.1273836]],[[-52.199534,-29.1273836],[-52.1889688,-29.1273942],[-52.1846272,-29.1524645],[-52.1673896,-29.1741199],[-52.1672014,-29.1915856],[-52.1598184,-29.2062533]],[[-52.1598184,-29.2062533],[-52.1586763,-29.2138807]],[[-52.1586763,-29.2138807],[-52.1212038,-29.2170128],[-52.1134383,-29.2316686]],[[-52.1134383,-29.2316686],[-52.1133953,-29.2328158]],[[-52.1133953,-29.2328158],[-52.0979538,-29.2278712],[-52.0774188,-29.2125444],[-52.0783281,-29.2039127],[-52.0621485,-29.1951782],[-52.0456434,-29.1900017],[-52.0231995,-29.168088]],[[-52.0231995,-29.168088],[-52.0296599,-29.1617736]],[[-52.0296599,-29.1617736],[-52.0636532,-29.1623131],[-52.0865287,-29.1705931],[-52.0887241,-29.1544707],[-52.1219885,-29.1484368],[-52.1376206,-29.1348291],[-52.1435319,-29.1082676],[-52.1477249,-29.0980196],[-52.1515114,-29.0878574]],[[-52.7421301,-28.0518834],[-52.7550667,-28.0364041],[-52.7665478,-28.0385134],[-52.7974271,-28.0333277],[-52.820802,-28.0347003]],[[-52.820802,-28.0347003],[-52.8314625,-28.0338871]],[[-52.8314625,-28.0338871],[-52.840345,-28.0501648],[-52.8412469,-28.0550819],[-52.8404019,-28.05718],[-52.8460204,-28.0631156],[-52.8633164,-28.0623806],[-52.8661553,-28.066783],[-52.8661384,-28.0693843]],[[-52.8661384,-28.0693843],[-52.8682415,-28.078986]],[[-52.6551185,-28.1708201],[-52.6544708,-28.169093],[-52.6554495,-28.1537219],[-52.6540262,-28.1444707],[-52.6559094,-28.1384479],[-52.6645444,-28.1362436]],[[-52.6645444,-28.1362436],[-52.660561,-28.1218028],[-52.6760562,-28.1117294],[-52.6878805,-28.1148818],[-52.7173066,-28.0699104]],[[-52.7173066,-28.0699104],[-52.7239381,-28.0598436],[-52.7372984,-28.0555088],[-52.7421301,-28.0518834]],[[-54.0559657,-28.3473162],[-54.0720417,-28.3397672]],[[-54.1216874,-28.3490941],[-54.1257739,-28.3455874],[-54.1285369,-28.3467547],[-54.1330692,-28.3553593]],[[-54.1330692,-28.3553593],[-54.1285689,-28.3593624],[-54.1153335,-28.3641795],[-54.1111764,-28.3703307],[-54.1095094,-28.3799187],[-54.1077469,-28.3839669],[-54.1102988,-28.3918771],[-54.1035507,-28.4083953],[-54.0932557,-28.4259615],[-54.1485876,-28.4328395],[-54.1484404,-28.4359267],[-54.1456242,-28.4517809],[-54.1419504,-28.454453]],[[-54.1419504,-28.454453],[-54.1386365,-28.4604108],[-54.1379056,-28.4756113]],[[-54.1379056,-28.4756113],[-54.128014,-28.4901193]],[[-54.128014,-28.4901193],[-54.1265681,-28.4875847],[-54.1134278,-28.4776056]],[[-53.9859095,-28.4376352],[-53.9821152,-28.4418855]],[[-53.9821152,-28.4418855],[-53.9845935,-28.34687],[-53.9935525,-28.3365352],[-54.0078695,-28.3409579],[-54.0007828,-28.3472265],[-54.0160293,-28.3409616],[-54.0226284,-28.3281333],[-54.0370737,-28.3307321],[-54.0380352,-28.3505756],[-54.0559657,-28.3473162]],[[-53.7452665,-27.6582828],[-53.7447279,-27.6559564]],[[-53.7447279,-27.6559564],[-53.7701884,-27.6845408]],[[-53.7794484,-27.7526172],[-53.7802059,-27.754786]],[[-53.7802059,-27.754786],[-53.7735038,-27.7695766],[-53.7475026,-27.7690668],[-53.7445017,-27.7862549],[-53.7338628,-27.7964177],[-53.7242754,-27.8194526],[-53.729944,-27.8267632],[-53.7135689,-27.8613552],[-53.690701,-27.877612],[-53.6844716,-27.89612],[-53.69214,-27.9143834],[-53.6876543,-27.9299532],[-53.6757631,-27.931526],[-53.6666936,-27.9303843],[-53.6599143,-27.9300978],[-53.6426216,-27.9383586],[-53.6402424,-27.939264],[-53.6395479,-27.9427875],[-53.6302577,-27.9500704]],[[-53.6302577,-27.9500704],[-53.6190933,-27.9387724]],[[-53.6190933,-27.9387724],[-53.6069861,-27.9261212],[-53.597282,-27.9183319],[-53.58978,-27.917409],[-53.5680447,-27.9014491],[-53.5558378,-27.885322],[-53.5413684,-27.8820936],[-53.5260845,-27.8651532],[-53.5228699,-27.8464473],[-53.5118954,-27.8166478],[-53.5279385,-27.8063598],[-53.5250952,-27.7951248],[-53.5380613,-27.7836782],[-53.548174,-27.7755168],[-53.5607092,-27.7604216],[-53.5626906,-27.7536354],[-53.5658034,-27.7432945]],[[-53.5658034,-27.7432945],[-53.5665653,-27.7351798]],[[-53.5665653,-27.7351798],[-53.5683273,-27.7327671],[-53.5691588,-27.7356605],[-53.5745619,-27.7354094],[-53.581269,-27.7293828],[-53.5771502,-27.7172684]],[[-53.5771502,-27.7172684],[-53.5821206,-27.7003646]],[[-53.5821206,-27.7003646],[-53.5813933,-27.6943214],[-53.57108,-27.6818549]],[[-53.57108,-27.6818549],[-53.5900498,-27.6884333]],[[-53.5900498,-27.6884333],[-53.6046266,-27.6892855],[-53.6322733,-27.7090178],[-53.6753841,-27.6881278],[-53.6896428,-27.6730467],[-53.715653,-27.6669441]],[[-53.715653,-27.6669441],[-53.7271608,-27.6644201],[-53.7334409,-27.6620418],[-53.7373842,-27.6589735]],[[-51.6833292,-29.2130656],[-51.7305647,-29.2123505]],[[-51.7305647,-29.2123505],[-51.7450144,-29.2070827],[-51.7500033,-29.2080964]],[[-51.7500033,-29.2080964],[-51.7489458,-29.210546]],[[-51.7489458,-29.210546],[-51.7542752,-29.2244842],[-51.7547847,-29.2605618],[-51.8014838,-29.2597738],[-51.7970018,-29.2994147]],[[-51.7970018,-29.2994147],[-51.7769292,-29.2991472]],[[-51.7769292,-29.2991472],[-51.761584,-29.2952918],[-51.743472,-29.3092118],[-51.7349493,-29.2973736],[-51.7153064,-29.2969671],[-51.7061404,-29.3043736]],[[-51.7061404,-29.3043736],[-51.6989124,-29.3034927]],[[-51.6786597,-29.2947691],[-51.6499405,-29.2943809]],[[-51.6499405,-29.2943809],[-51.6507577,-29.2734329],[-51.6467507,-29.253815],[-51.6529711,-29.2474629],[-51.6771093,-29.2470854],[-51.6833292,-29.2130656]],[[-51.6293228,-29.020729],[-51.6225857,-29.0158431],[-51.6176696,-28.9833375],[-51.629837,-28.9467686],[-51.6285312,-28.9431104],[-51.6274651,-28.9275395]],[[-51.6274651,-28.9275395],[-51.7809132,-28.9374942]],[[-51.7809132,-28.9374942],[-51.7791386,-28.9405656]],[[-51.7791386,-28.9405656],[-51.7676087,-28.9432944],[-51.7570573,-28.9570936],[-51.7686389,-28.9714599],[-51.7497875,-28.9792998],[-51.7595348,-28.9911128]],[[-51.7595348,-28.9911128],[-51.7600161,-28.9964923]],[[-51.7600161,-28.9964923],[-51.7557011,-28.9968668],[-51.7507577,-28.9944078],[-51.7411829,-28.9945188],[-51.7375268,-29.0190619],[-51.7291482,-29.0355698],[-51.7103308,-29.0459753],[-51.7200075,-29.0547985],[-51.7106738,-29.0804974],[-51.7140425,-29.0906707]],[[-51.7140425,-29.0906707],[-51.7083554,-29.0950577]],[[-51.7083554,-29.0950577],[-51.6902752,-29.0974813]],[[-51.6902752,-29.0974813],[-51.6817126,-29.0889899]],[[-52.1645838,-28.0735949],[-52.1743117,-28.0642751],[-52.1973608,-28.0672281],[-52.2156034,-28.063737],[-52.2246382,-28.0740958],[-52.2406912,-28.0792425],[-52.247552,-28.0635196],[-52.2592221,-28.0715968],[-52.2710371,-28.067876],[-52.2892489,-28.0772219],[-52.2974519,-28.0625045],[-52.3144389,-28.0496934],[-52.3168922,-28.0363862],[-52.3591634,-28.0239885],[-52.3788417,-28.0369506],[-52.375242,-28.044885],[-52.3819111,-28.0812439],[-52.4292357,-28.0696053],[-52.4506197,-28.0770197],[-52.4685046,-28.0726427],[-52.488533,-28.0572668],[-52.4982547,-28.038035]],[[-52.4982547,-28.038035],[-52.5040691,-28.034387],[-52.509509,-28.0366495],[-52.499635,-28.04572],[-52.5027151,-28.0457547]],[[-52.5027151,-28.0457547],[-52.5126216,-28.054385],[-52.5135625,-28.0620837],[-52.5023815,-28.0557919],[-52.492128,-28.0671193],[-52.5002661,-28.0806131],[-52.4924925,-28.0958393],[-52.5081244,-28.1082559],[-52.5044925,-28.1101738],[-52.4951047,-28.1164396]],[[-52.4951047,-28.1164396],[-52.4923363,-28.1162226],[-52.4856555,-28.1237961]],[[-52.4856555,-28.1237961],[-52.4872661,-28.1368936],[-52.4650762,-28.1675895],[-52.4406197,-28.1750746],[-52.4107298,-28.1748763],[-52.3978913,-28.188719],[-52.3743996,-28.1861967],[-52.3679023,-28.1917777],[-52.3359709,-28.200633],[-52.3033938,-28.1915935],[-52.2902718,-28.2018858],[-52.2893204,-28.2312811]],[[-52.2893204,-28.2312811],[-52.2771554,-28.2283144]],[[-52.2771554,-28.2283144],[-52.2710495,-28.2238233]],[[-52.2710495,-28.2238233],[-52.2686069,-28.2100827],[-52.266671,-28.2071216],[-52.2557668,-28.1957668],[-52.2492422,-28.1935737]],[[-52.2492422,-28.1935737],[-52.2494793,-28.1876554],[-52.2224827,-28.1725853],[-52.2131095,-28.1722424],[-52.2040362,-28.1766253]],[[-52.2040362,-28.1766253],[-52.2026459,-28.1740481]],[[-52.2026459,-28.1740481],[-52.1861173,-28.1635696],[-52.1892186,-28.1520466],[-52.1746005,-28.1480739],[-52.1755337,-28.1435939],[-52.1826649,-28.132176],[-52.1785966,-28.1078692],[-52.1645838,-28.0735949]],[[-54.2174239,-27.3850045],[-54.2353529,-27.393707],[-54.2598447,-27.3962381],[-54.2706613,-27.4187343],[-54.2682931,-27.4362636],[-54.2850745,-27.44792]],[[-54.2850745,-27.44792],[-54.2874677,-27.4551809]],[[-54.2874677,-27.4551809],[-54.2844974,-27.4595222],[-54.2788145,-27.4589885],[-54.2654159,-27.4489635]],[[-54.2654159,-27.4489635],[-54.2592405,-27.4461152],[-54.2410633,-27.4551853],[-54.2564029,-27.4559703],[-54.2596324,-27.4691206]],[[-54.2596324,-27.4691206],[-54.2497849,-27.4671565],[-54.2423764,-27.4671163],[-54.2326335,-27.4686222],[-54.2305301,-27.4718382],[-54.2304803,-27.4783082]],[[-54.2304803,-27.4783082],[-54.2426766,-27.4812232],[-54.2417672,-27.4853049],[-54.2316059,-27.4849469]],[[-54.2316059,-27.4849469],[-54.2340155,-27.4899604],[-54.2331813,-27.4972226],[-54.2346052,-27.5002975],[-54.2551762,-27.4987621],[-54.2577312,-27.4999784],[-54.2571239,-27.5024092]],[[-54.2571239,-27.5024092],[-54.2261173,-27.5097205],[-54.2362621,-27.5299652],[-54.2209395,-27.5448264],[-54.2082367,-27.5420017]],[[-54.2082367,-27.5420017],[-54.1988969,-27.5589115]],[[-54.1988969,-27.5589115],[-54.1934707,-27.560298],[-54.1842724,-27.5572319],[-54.1666775,-27.560546],[-54.1676438,-27.5701759],[-54.1567497,-27.573672],[-54.1519814,-27.5608568],[-54.1377514,-27.5640161],[-54.1130803,-27.5603492],[-54.0848475,-27.5510155],[-54.0707617,-27.5507643],[-54.0668522,-27.5650284],[-54.0660803,-27.5671637]],[[-54.0660803,-27.5671637],[-54.0630915,-27.5787384]],[[-54.0630915,-27.5787384],[-54.0504051,-27.5804626],[-54.0327869,-27.5709204],[-54.0243164,-27.5553445],[-54.0089396,-27.5497404],[-54.0042063,-27.5338725],[-53.9923658,-27.5219928],[-53.9828646,-27.5255195]],[[-53.9828646,-27.5255195],[-53.9794249,-27.5231941]],[[-53.9794249,-27.5231941],[-53.9743855,-27.5137789],[-53.9936138,-27.5000001],[-54.0051398,-27.4789169],[-54.0128932,-27.4747236],[-54.0243901,-27.4745786],[-54.0273789,-27.4723735],[-54.0319497,-27.4737128],[-54.0292163,-27.4633571],[-54.0355987,-27.4559934]],[[-54.0355987,-27.4559934],[-54.0441251,-27.4566322]],[[-54.0441251,-27.4566322],[-54.0456946,-27.4535017],[-54.0681377,-27.4600779],[-54.0662512,-27.4429008],[-54.0943405,-27.4475919],[-54.1018362,-27.4373592],[-54.1172202,-27.4410136],[-54.1342226,-27.4270582],[-54.1366427,-27.4114351],[-54.1527838,-27.3945862],[-54.1706999,-27.3977865]],[[-54.1706999,-27.3977865],[-54.1685575,-27.4019972],[-54.1699582,-27.4110126],[-54.184304,-27.4123564],[-54.1877574,-27.4112882],[-54.195237,-27.4055804],[-54.1874507,-27.4011917]],[[-54.1874507,-27.4011917],[-54.1994326,-27.3958828],[-54.2105051,-27.4017644],[-54.2172179,-27.3935941],[-54.2174239,-27.3850045]],[[-52.2286671,-30.8914645],[-52.2493525,-30.8837877]],[[-52.2448814,-30.9853058],[-52.2318376,-30.9833587]],[[-52.2318376,-30.9833587],[-52.2070527,-30.9940907],[-52.1675236,-31.0036338],[-52.1361054,-31.0060274],[-52.1212352,-30.9976856],[-52.1095718,-31.0071721],[-52.1167157,-31.0177013],[-52.1557445,-31.0409604],[-52.1365129,-31.0490558],[-52.1136478,-31.0759088],[-52.1273614,-31.1037022],[-52.1071019,-31.1101458],[-52.088731,-31.1468141],[-52.0560665,-31.1603441],[-52.0173409,-31.143005],[-52.0174484,-31.1123843],[-51.9967138,-31.0999524],[-51.9583436,-31.1067029],[-51.9478721,-31.0758859],[-51.9344889,-31.0659135],[-51.9246062,-31.0458478],[-51.884936,-31.037556],[-51.8758001,-31.0436482],[-51.8757961,-31.0605669],[-51.8601336,-31.0724589],[-51.871832,-31.0911733],[-51.8569877,-31.1004084],[-51.838083,-31.0997358],[-51.8225672,-31.1089203],[-51.819844,-31.1196651],[-51.806887,-31.1256206],[-51.7895049,-31.1236106]],[[-51.7895049,-31.1236106],[-51.7885979,-31.1221615]],[[-52.0998397,-30.909139],[-52.1021384,-30.9186959]],[[-53.2337556,-27.3970144],[-53.2358039,-27.3827754],[-53.2381035,-27.3778219],[-53.2456055,-27.369374],[-53.2481629,-27.3684227],[-53.2538647,-27.3716619],[-53.2617121,-27.3738753]],[[-53.2617121,-27.3738753],[-53.2624088,-27.3800896],[-53.2676589,-27.3866654],[-53.288031,-27.3865588]],[[-53.288031,-27.3865588],[-53.2915187,-27.4013742]],[[-53.2915187,-27.4013742],[-53.2963744,-27.4149151],[-53.2859793,-27.425349],[-53.3095082,-27.4292315],[-53.3057636,-27.4443958],[-53.2864267,-27.4605098],[-53.2901596,-27.4674809],[-53.2812222,-27.4693739],[-53.2810748,-27.4680391],[-53.277873,-27.4705948],[-53.2774983,-27.4767923],[-53.2777876,-27.4801174]],[[-53.2777876,-27.4801174],[-53.2625013,-27.4862261]],[[-53.2625013,-27.4862261],[-53.2506326,-27.4969752]],[[-53.2506326,-27.4969752],[-53.2345668,-27.4820703]],[[-53.2345668,-27.4820703],[-53.2125364,-27.467263],[-53.209802,-27.4659781],[-53.2062074,-27.463509],[-53.2042665,-27.462524],[-53.2067619,-27.4530125],[-53.1996973,-27.4302849],[-53.2035652,-27.4248698]],[[-53.2035652,-27.4248698],[-53.1883379,-27.425027],[-53.1827575,-27.4248321],[-53.1799326,-27.4227758],[-53.1770898,-27.4154531],[-53.1783581,-27.4119892]],[[-53.1783581,-27.4119892],[-53.1891898,-27.4087396]],[[-53.7028933,-28.4810258],[-53.7042058,-28.4893461]],[[-53.6983335,-28.5038521],[-53.6976825,-28.5083138],[-53.6946495,-28.511169],[-53.7020143,-28.530754],[-53.708604,-28.5341505],[-53.7148245,-28.5340208],[-53.7230483,-28.5375715]],[[-53.7959245,-28.8027835],[-53.7871075,-28.8091961]],[[-53.7871075,-28.8091961],[-53.7831787,-28.8305499],[-53.7604087,-28.8649503],[-53.7416586,-28.8622676],[-53.7199287,-28.8750316],[-53.7167248,-28.8854477],[-53.6833221,-28.9013159],[-53.6795218,-28.9181599],[-53.6678409,-28.9376785],[-53.6359477,-28.9467303],[-53.6088223,-28.9380207],[-53.5820706,-28.9438941],[-53.5682285,-28.9543352]],[[-53.5646168,-28.7320763],[-53.552964,-28.7380041],[-53.5474689,-28.7433868],[-53.5442956,-28.754037]],[[-53.3341912,-28.7846985],[-53.3331075,-28.7804758]],[[-53.3331075,-28.7804758],[-53.310422,-28.7486503],[-53.2908281,-28.7258685],[-53.2729021,-28.7291919]],[[-53.2729021,-28.7291919],[-53.2608496,-28.7297852]],[[-53.2608496,-28.7297852],[-53.2620006,-28.7255005]],[[-53.2620006,-28.7255005],[-53.2645864,-28.7109958],[-53.2406585,-28.6820987]],[[-53.2406585,-28.6820987],[-53.2428887,-28.6805891]],[[-53.2428887,-28.6805891],[-53.2755496,-28.6610719],[-53.2790986,-28.6538675],[-53.2837387,-28.6466128],[-53.2861071,-28.6421502],[-53.2986843,-28.641098],[-53.3219435,-28.6108736],[-53.3386844,-28.6040775],[-53.3776382,-28.6064426],[-53.410603,-28.6033066],[-53.417598,-28.5985512]],[[-53.417598,-28.5985512],[-53.4260446,-28.5722456]],[[-53.4260446,-28.5722456],[-53.4546483,-28.5527765]],[[-53.4546483,-28.5527765],[-53.4755542,-28.557431]],[[-53.4755542,-28.557431],[-53.488819,-28.5669233],[-53.512886,-28.5706259],[-53.5251728,-28.5491786],[-53.5211471,-28.5340101],[-53.5499712,-28.5484298],[-53.5683683,-28.5292456],[-53.5823546,-28.5239333],[-53.6006985,-28.5268319],[-53.6463869,-28.5141964],[-53.6539417,-28.5025842],[-53.67974,-28.494923],[-53.6825038,-28.4899257],[-53.6880774,-28.4903023],[-53.6915945,-28.487915],[-53.6902911,-28.4863039],[-53.6987312,-28.4818306],[-53.7028933,-28.4810258]],[[-52.6763597,-27.5858177],[-52.6702564,-27.5794957]],[[-52.6702564,-27.5794957],[-52.7081993,-27.5857141],[-52.7226172,-27.5865125]],[[-52.7226172,-27.5865125],[-52.7341958,-27.5909535]],[[-52.7341958,-27.5909535],[-52.7362102,-27.6076297],[-52.7590624,-27.599212],[-52.7568903,-27.6130918]],[[-52.7568903,-27.6130918],[-52.7345029,-27.6323958]],[[-52.571192,-27.6769663],[-52.5737234,-27.6806979]],[[-52.5737234,-27.6806979],[-52.5680599,-27.6809878],[-52.5670503,-27.678257]],[[-52.5670503,-27.678257],[-52.5653344,-27.6796269],[-52.5599792,-27.6793684],[-52.5572554,-27.6028147]],[[-52.5572554,-27.6028147],[-52.5796722,-27.596029],[-52.5983961,-27.5822323],[-52.6198659,-27.5825817],[-52.6298374,-27.5745067],[-52.6385204,-27.5644568],[-52.6514857,-27.5714063],[-52.6674337,-27.5890482],[-52.6763597,-27.5858177]],[[-52.0478577,-29.4693429],[-52.0533756,-29.4728265]],[[-52.0533756,-29.4728265],[-52.0534614,-29.4846927],[-52.1090532,-29.4855009],[-52.1091115,-29.4787599],[-52.140563,-29.4787182],[-52.1422366,-29.4840576]],[[-52.1422366,-29.4840576],[-52.1414806,-29.4871042]],[[-52.1414806,-29.4871042],[-52.1290487,-29.4918903],[-52.1065998,-29.496357],[-52.1089674,-29.5225408],[-52.0969382,-29.5342882],[-52.1011849,-29.5485479]],[[-52.1011849,-29.5485479],[-52.0888793,-29.5517459],[-52.0855547,-29.5565341],[-52.0800976,-29.5544576],[-52.0679198,-29.5733782],[-52.0443019,-29.5841891],[-52.0336727,-29.6069103],[-52.0093164,-29.6246065],[-51.992387,-29.6142308],[-51.9874283,-29.6272092],[-51.9803859,-29.6279033],[-51.9698612,-29.6336446]],[[-51.9698612,-29.6336446],[-51.9562148,-29.6249461]],[[-51.9395402,-29.6163607],[-51.9640118,-29.607358]],[[-51.9640118,-29.607358],[-51.971389,-29.6050523],[-51.9971272,-29.5916671]],[[-51.9971272,-29.5916671],[-52.0001352,-29.5874177],[-51.9993387,-29.5819442],[-51.986114,-29.5662011]],[[-51.986114,-29.5662011],[-51.9770184,-29.5422525],[-51.9747316,-29.5298063],[-51.9820775,-29.5123126],[-51.9713542,-29.5019205]],[[-51.9713542,-29.5019205],[-51.9699143,-29.4986563]],[[-51.9699143,-29.4986563],[-52.0008632,-29.4912641],[-52.0147858,-29.4821823],[-52.0478577,-29.4693429]],[[-51.8265975,-28.3595561],[-51.8377488,-28.3543098]],[[-51.9095631,-28.4623762],[-51.9059886,-28.4673624]],[[-51.9059886,-28.4673624],[-51.8843974,-28.4581306],[-51.8357313,-28.4606026],[-51.8295481,-28.4682429],[-51.8167968,-28.4714086],[-51.7940127,-28.4651118],[-51.7826032,-28.4716908]],[[-51.7826032,-28.4716908],[-51.7714186,-28.4692556]],[[-51.7714186,-28.4692556],[-51.7713286,-28.4750545],[-51.7706753,-28.4673065],[-51.7618297,-28.4580757]],[[-51.7618297,-28.4580757],[-51.7602605,-28.4493283]],[[-51.7602605,-28.4493283],[-51.7452251,-28.4491194],[-51.7351537,-28.4369639],[-51.7220457,-28.4363755],[-51.7214168,-28.4179324],[-51.7044285,-28.3794069],[-51.7126942,-28.3719354]],[[-51.7126942,-28.3719354],[-51.7196168,-28.3683796]],[[-51.7196168,-28.3683796],[-51.7406892,-28.36922],[-51.7856762,-28.3819013],[-51.8211738,-28.3661044],[-51.8265975,-28.3595561]],[[-53.8196549,-27.1756536],[-53.8415965,-27.1656115],[-53.8612782,-27.1284814],[-53.8835199,-27.1318638],[-53.8882786,-27.1544912],[-53.8977469,-27.1703311],[-53.9168985,-27.1747524],[-53.9290366,-27.1589678],[-53.9465845,-27.1512593],[-53.9607107,-27.1651098],[-53.9552027,-27.1784811],[-53.9677443,-27.1989031],[-53.9921297,-27.195938],[-54.0080173,-27.1983946],[-54.0149804,-27.2081104],[-54.0159091,-27.2330074],[-54.0277768,-27.2548537],[-54.0550176,-27.2639779]],[[-54.0550176,-27.2639779],[-54.0516541,-27.2659195],[-54.0496805,-27.2767967],[-54.0306189,-27.2766406],[-54.0254859,-27.2798634],[-54.0122561,-27.2744865],[-53.9980571,-27.2626729],[-53.9825239,-27.2718544],[-53.9757693,-27.2911661],[-53.9584546,-27.3023976],[-53.9480363,-27.2979847],[-53.9322042,-27.2988136],[-53.952939,-27.3114845],[-53.9466432,-27.3212396],[-53.918295,-27.3233982]],[[-53.918295,-27.3233982],[-53.9116479,-27.3254716]],[[-53.9116479,-27.3254716],[-53.9058739,-27.3331214]],[[-53.9058739,-27.3331214],[-53.895122,-27.331624],[-53.8852903,-27.3251017],[-53.8303758,-27.3203812],[-53.81307,-27.3074147],[-53.7970218,-27.3036383],[-53.7830451,-27.2979263],[-53.7812522,-27.2699843],[-53.772866,-27.2653909]],[[-53.772866,-27.2653909],[-53.7681234,-27.2595912]],[[-55.1165404,-28.0923145],[-55.1118012,-28.0765248]],[[-55.1118012,-28.0765248],[-55.1298691,-28.0759849],[-55.1312606,-28.0894239],[-55.150218,-28.1015201],[-55.1520041,-28.1144608],[-55.1406574,-28.1235638],[-55.1393501,-28.1369358],[-55.1270445,-28.1428409],[-55.1272089,-28.1626279],[-55.1349996,-28.1697779]],[[-55.1349996,-28.1697779],[-55.146084,-28.1858107],[-55.1307661,-28.2092692]],[[-55.1307661,-28.2092692],[-55.1440259,-28.2306494],[-55.1370046,-28.2379349],[-55.1382908,-28.2533127],[-55.1144596,-28.2616644],[-55.0805582,-28.2893549],[-55.0750991,-28.3124763],[-55.0566482,-28.3219306]],[[-55.0566482,-28.3219306],[-55.0562009,-28.3154704]],[[-55.0562009,-28.3154704],[-55.0373371,-28.2951016],[-55.0241563,-28.2939397],[-55.0079297,-28.2692909],[-54.9907791,-28.2595979],[-54.9925376,-28.249636],[-55.0122172,-28.234497],[-55.0263336,-28.229553],[-55.0361688,-28.2160596],[-55.0179271,-28.1922839],[-55.02531,-28.1765143]],[[-55.02531,-28.1765143],[-55.0324466,-28.1798673]],[[-55.0324466,-28.1798673],[-55.0449972,-28.1717535],[-55.040004,-28.162369]],[[-55.040004,-28.162369],[-55.030767,-28.1456445],[-55.0359343,-28.1378377],[-55.0438555,-28.1367837],[-55.0526848,-28.1415901],[-55.0543238,-28.1466059],[-55.0648256,-28.1325655],[-55.0503371,-28.1226171],[-55.0605832,-28.1119773],[-55.0838208,-28.1251449]],[[-55.0838208,-28.1251449],[-55.0890725,-28.1269811],[-55.0972819,-28.1231629],[-55.1052399,-28.1159125],[-55.1059418,-28.1121323]],[[-55.1059418,-28.1121323],[-55.1030219,-28.0966408],[-55.1143055,-28.0978162],[-55.1165404,-28.0923145]],[[-54.3031018,-29.7345617],[-54.3059078,-29.7389086]],[[-54.3292476,-29.9274679],[-54.3199239,-29.9255456]],[[-54.3199239,-29.9255456],[-54.2986571,-29.9342733],[-54.2860571,-29.9328145],[-54.2570459,-29.907629],[-54.2472992,-29.8929875],[-54.2381033,-29.89731],[-54.2282728,-29.9055607],[-54.1877828,-29.928418],[-54.1544268,-29.9270856],[-54.1371305,-29.9205201],[-54.105759,-29.925867],[-54.0710485,-29.9085618],[-54.0431957,-29.9179653]],[[-54.0431957,-29.9179653],[-54.0402527,-29.9133581]],[[-54.0402527,-29.9133581],[-54.0668308,-29.8936626],[-54.0772066,-29.8757052],[-54.0423424,-29.8687284],[-54.0296486,-29.870235],[-54.0149292,-29.8547327],[-54.0021093,-29.8490797],[-54.0007319,-29.8310656],[-53.9848638,-29.821983],[-53.9673955,-29.8199479],[-53.9618742,-29.8046191],[-53.9566645,-29.8023043],[-53.9505139,-29.7984305],[-53.9577275,-29.800112],[-53.9628501,-29.7948616],[-53.9922482,-29.7895406],[-54.0248118,-29.767376],[-54.0347316,-29.7748794],[-54.0642513,-29.7727403],[-54.0837327,-29.7656854],[-54.0898624,-29.7350788],[-54.0864024,-29.724192],[-54.095822,-29.7137819],[-54.109754,-29.7065238],[-54.1125361,-29.7028066],[-54.1296383,-29.6929635],[-54.1300519,-29.6865919]],[[-54.1300519,-29.6865919],[-54.1332294,-29.6881095]],[[-54.1332294,-29.6881095],[-54.1372476,-29.6877532],[-54.1433384,-29.693129],[-54.1522497,-29.6930606],[-54.1630191,-29.6876075],[-54.1773422,-29.6890652],[-54.1866525,-29.6994299],[-54.197533,-29.6952407],[-54.2065783,-29.6904573],[-54.2127595,-29.6907551],[-54.2341643,-29.6913365],[-54.2452956,-29.6945824],[-54.2485729,-29.6952265],[-54.2537054,-29.6967354],[-54.2749267,-29.7123501],[-54.2775421,-29.7147945],[-54.2833715,-29.7105525],[-54.2960785,-29.7165835],[-54.3022383,-29.7298631],[-54.3056022,-29.7312788],[-54.305239,-29.7326275],[-54.3031018,-29.7345617]],[[-51.048859,-29.5617131],[-51.1176465,-29.5509501]],[[-51.1176465,-29.5509501],[-51.1276897,-29.6087869]],[[-51.1276897,-29.6087869],[-51.1266382,-29.6198913],[-51.1298792,-29.6385706]],[[-51.1298792,-29.6385706],[-51.1052734,-29.6411467]],[[-51.1052734,-29.6411467],[-51.0978497,-29.6437738]],[[-51.0558055,-29.6156347],[-51.048859,-29.5617131]],[[-53.5705217,-27.6170405],[-53.5655502,-27.6292575]],[[-53.5655502,-27.6292575],[-53.5639724,-27.6335153],[-53.5641339,-27.6406686],[-53.5695377,-27.6381011],[-53.5818448,-27.6453467],[-53.5852793,-27.657827],[-53.578192,-27.6759504]],[[-53.578192,-27.6759504],[-53.57108,-27.6818549]],[[-53.5821206,-27.7003646],[-53.5916724,-27.7108213],[-53.5771502,-27.7172684]],[[-53.5665653,-27.7351798],[-53.5571062,-27.7417318]],[[-53.5571062,-27.7417318],[-53.5291774,-27.7321501],[-53.4996003,-27.7413752],[-53.4896944,-27.7380155],[-53.4601723,-27.7559898],[-53.4368658,-27.73792],[-53.4237396,-27.721025],[-53.4341924,-27.7059827],[-53.4205184,-27.6921786],[-53.397705,-27.6925831]],[[-53.397705,-27.6925831],[-53.3927762,-27.68775]],[[-53.3991229,-27.6341746],[-53.4004776,-27.6205054]],[[-53.4004776,-27.6205054],[-53.4208254,-27.62956],[-53.431236,-27.6350767],[-53.4521281,-27.6226649],[-53.470882,-27.6305545],[-53.4814205,-27.6279179],[-53.4968379,-27.6047348],[-53.5181687,-27.6025893],[-53.532646,-27.6081373],[-53.5526959,-27.6062012],[-53.5578753,-27.6079775],[-53.562572,-27.6070449],[-53.5705217,-27.6170405]],[[-51.7813041,-28.9362858],[-51.8424297,-28.9366621],[-51.8427806,-28.9194242],[-51.8593147,-28.9290831],[-51.8896204,-28.932479],[-51.889708,-28.9463744],[-51.9136318,-28.947892]],[[-51.9150886,-29.0158784],[-51.918325,-29.0228589]],[[-51.918325,-29.0228589],[-51.8787771,-29.0192166],[-51.8686415,-29.0202477],[-51.852305,-29.0168473],[-51.8516041,-29.0258081]],[[-51.8516041,-29.0258081],[-51.7948099,-29.0088737]],[[-51.7948099,-29.0088737],[-51.7606004,-29.0080928]],[[-51.7606004,-29.0080928],[-51.7595348,-28.9911128]],[[-51.7791386,-28.9405656],[-51.7813041,-28.9362858]],[[-52.3339431,-30.3598231],[-52.3429449,-30.359014]],[[-52.3429449,-30.359014],[-52.3463935,-30.3653806],[-52.3543327,-30.3743091],[-52.3558686,-30.3791498],[-52.3585942,-30.3921231],[-52.3535061,-30.4231534],[-52.3480348,-30.4309323],[-52.3733509,-30.4594116],[-52.404563,-30.4846559],[-52.4021851,-30.5095686],[-52.4212462,-30.5302676],[-52.4347512,-30.5565511],[-52.4457327,-30.5555688],[-52.4526515,-30.5708322],[-52.4409075,-30.574149],[-52.413476,-30.5843558],[-52.3996465,-30.5959917],[-52.3860872,-30.597922],[-52.3570338,-30.6134921],[-52.3544361,-30.6270273],[-52.3389452,-30.6537139],[-52.3443767,-30.6715582],[-52.3352436,-30.6882452]],[[-52.3352436,-30.6882452],[-52.3367122,-30.6982273]],[[-52.136434,-30.8716813],[-52.1201797,-30.8813532]],[[-51.9775833,-30.6420049],[-51.9719169,-30.6365513]],[[-51.9719169,-30.6365513],[-51.9872871,-30.6156261],[-51.9821019,-30.6063751],[-52.0010792,-30.5963627],[-51.9822459,-30.5758793],[-52.0025825,-30.561708],[-52.0113737,-30.5455125],[-52.0269608,-30.5371061],[-52.062852,-30.5063827],[-52.0773496,-30.5111684],[-52.0808419,-30.5106535],[-52.0898238,-30.5033349],[-52.1116701,-30.4763414],[-52.1145389,-30.4801073],[-52.116464,-30.4775532],[-52.124977,-30.4762943],[-52.1462082,-30.4547524],[-52.15236,-30.447765],[-52.1587231,-30.4427263]],[[-52.1587231,-30.4427263],[-52.1693865,-30.4419789],[-52.1838653,-30.4491134],[-52.2127844,-30.4478054],[-52.2521503,-30.4179539],[-52.2637811,-30.3946386],[-52.2636806,-30.3734936],[-52.2776338,-30.3680533],[-52.290332,-30.3471086],[-52.3140602,-30.3433014],[-52.3193798,-30.3467491],[-52.3339431,-30.3598231]],[[-49.8886209,-29.3124049],[-49.8840518,-29.3262123]],[[-49.8840518,-29.3262123],[-49.8948142,-29.3315464],[-49.8940423,-29.3541102],[-49.8909162,-29.3641518]],[[-49.8909162,-29.3641518],[-49.8903277,-29.3735814],[-49.8922743,-29.3770226]],[[-49.8922743,-29.3770226],[-49.8967323,-29.3880164],[-49.8948565,-29.3958288],[-49.8822215,-29.4101975],[-49.8635606,-29.4185453],[-49.8355245,-29.4242253]],[[-49.8355245,-29.4242253],[-49.802644,-29.3918878],[-49.8188024,-29.3797898],[-49.8289348,-29.3568643],[-49.8150432,-29.3389753],[-49.8306281,-29.3236229],[-49.8585393,-29.3127733],[-49.8672086,-29.315083],[-49.8763398,-29.3120466],[-49.8805865,-29.3145849],[-49.8832106,-29.3128818],[-49.8840198,-29.3076107],[-49.8886209,-29.3124049]],[[-54.6898385,-30.6225916],[-54.6999598,-30.5966263],[-54.7211352,-30.5994183]],[[-54.7211352,-30.5994183],[-54.7223122,-30.6038662]],[[-54.7223122,-30.6038662],[-54.7327042,-30.6306043],[-54.7496187,-30.6387476],[-54.7537965,-30.6489619],[-54.7729889,-30.6635894],[-54.771485,-30.6852619],[-54.7822733,-30.699159],[-54.8000811,-30.7002594],[-54.8107499,-30.7133844],[-54.8437867,-30.7354713],[-54.9060774,-30.7194632],[-54.9267082,-30.7197613],[-54.9456374,-30.7286268],[-54.9560836,-30.7245484],[-54.9723737,-30.7335111],[-55.0106848,-30.7259157]],[[-55.0106848,-30.7259157],[-55.0121502,-30.7266713]],[[-55.0121502,-30.7266713],[-55.0310341,-30.7618497],[-55.0246258,-30.775218],[-55.0407352,-30.7933863],[-55.031583,-30.8267907],[-55.037117,-30.8392583],[-55.0288007,-30.8546457],[-55.042774,-30.8782127],[-55.0510676,-30.8854537],[-55.0600244,-30.888231],[-55.0620186,-30.8898317],[-55.061803,-30.8915026],[-55.0697772,-30.8962445],[-55.0805189,-30.8994223],[-55.0844705,-30.9031752],[-55.1005823,-30.9071338],[-55.1021984,-30.9090061],[-55.109792,-30.9308023],[-55.1277827,-30.9404018],[-55.1462965,-30.9838741],[-55.13059,-30.9901686],[-55.1154991,-31.0111175],[-55.1002502,-31.0868171],[-55.0914589,-31.0977234],[-55.095594,-31.11811],[-55.0683987,-31.1589712],[-55.0739041,-31.1734508],[-55.0807339,-31.210611]],[[-55.0807339,-31.210611],[-55.0357536,-31.2839029],[-55.0318935,-31.2697414],[-55.0024077,-31.2692158],[-55.0005361,-31.2830209],[-54.9856526,-31.2924387],[-54.9828462,-31.3113966],[-54.9594683,-31.3232479],[-54.9530712,-31.3319713],[-54.9592089,-31.3524541],[-54.935053,-31.3564763],[-54.9406467,-31.3806458],[-54.8859789,-31.3772778],[-54.8783856,-31.3980773],[-54.8579257,-31.4080496],[-54.8615372,-31.4179221],[-54.8364553,-31.4419383],[-54.8048848,-31.4289888],[-54.7889074,-31.4333381],[-54.7520227,-31.4244629],[-54.7246152,-31.4296365],[-54.7213078,-31.4370064],[-54.7004026,-31.4336867]],[[-53.9467072,-30.9887725],[-53.941766,-30.981174]],[[-53.941766,-30.981174],[-53.9566308,-30.9780816],[-53.9655082,-30.9832679],[-53.9932117,-30.9876667],[-54.0345002,-30.9626408],[-54.0705914,-30.9613634],[-54.0864807,-30.953264],[-54.1189715,-30.9813335],[-54.1357765,-30.980304],[-54.1646,-30.9591537],[-54.180648,-30.9580644],[-54.1912646,-30.9479669],[-54.2218415,-30.9421022],[-54.2376918,-30.9297649],[-54.2586921,-30.9378378],[-54.2783934,-30.9341529],[-54.2801345,-30.9248048],[-54.3005075,-30.9269193],[-54.3099396,-30.9187748],[-54.3404518,-30.9048809],[-54.3497039,-30.8893036],[-54.3676134,-30.8939631],[-54.3717463,-30.879463],[-54.3892798,-30.8944951],[-54.437426,-30.8903411],[-54.4492395,-30.8744783],[-54.5030975,-30.8783878],[-54.5131175,-30.865141],[-54.5356684,-30.8717467],[-54.5386374,-30.8476755],[-54.5588469,-30.8237293],[-54.5580002,-30.8150461],[-54.5797841,-30.8070971],[-54.5790441,-30.798014],[-54.586584,-30.7992086],[-54.5974827,-30.7850665],[-54.6116364,-30.7795355],[-54.6292555,-30.7872884],[-54.6446669,-30.7778638],[-54.655923,-30.7769018],[-54.6730249,-30.7703994],[-54.6857369,-30.7518696],[-54.7100894,-30.7556063],[-54.71133,-30.7538749],[-54.7121253,-30.7478418],[-54.7114692,-30.7414208],[-54.7196528,-30.7140813],[-54.7184354,-30.7077337],[-54.6961682,-30.7085639],[-54.6916132,-30.7071992],[-54.6792947,-30.6937482],[-54.6903734,-30.6887785],[-54.6919659,-30.6735294],[-54.6819842,-30.6708321],[-54.6791013,-30.6723733],[-54.6735833,-30.6697078],[-54.675574,-30.6500145],[-54.6860767,-30.6381598]],[[-54.6860767,-30.6381598],[-54.6892812,-30.6300458],[-54.6898385,-30.6225916]],[[-53.2988424,-29.4900943],[-53.2939124,-29.4859084]],[[-53.2939124,-29.4859084],[-53.3163389,-29.4854789],[-53.3171685,-29.4904719]],[[-53.3171685,-29.4904719],[-53.3865327,-29.489076]],[[-53.3865327,-29.489076],[-53.3872328,-29.5365164],[-53.3735487,-29.5467351],[-53.3830212,-29.5893826],[-53.375989,-29.6024251],[-53.4040895,-29.6106455]],[[-53.4040895,-29.6106455],[-53.4004912,-29.6176767]],[[-53.4004912,-29.6176767],[-53.3836347,-29.6284891]],[[-53.3836347,-29.6284891],[-53.3678803,-29.6349103]],[[-53.3678803,-29.6349103],[-53.3641114,-29.6325023]],[[-53.3641114,-29.6325023],[-53.3580522,-29.6313554]],[[-54.2850745,-27.44792],[-54.2942248,-27.4459101],[-54.3106418,-27.4219623],[-54.3287996,-27.4066543],[-54.341542,-27.4043517],[-54.3403723,-27.4310024],[-54.3350661,-27.4512946],[-54.3403896,-27.463356],[-54.3572144,-27.4649427],[-54.3697685,-27.4525829],[-54.3845165,-27.4281366],[-54.3987584,-27.411613],[-54.4114043,-27.405286],[-54.4391199,-27.4247486],[-54.4566459,-27.4221597],[-54.4720566,-27.4344595],[-54.4439911,-27.4599617],[-54.4561768,-27.4781383],[-54.4746213,-27.4812321]],[[-54.4746213,-27.4812321],[-54.4784256,-27.4923254],[-54.4691657,-27.5040271],[-54.473411,-27.5236744],[-54.4636612,-27.5286622],[-54.456514,-27.5222039],[-54.4474654,-27.5236076],[-54.4252228,-27.5465971]],[[-54.4252228,-27.5465971],[-54.4226393,-27.5474899],[-54.4223678,-27.5492779],[-54.4176598,-27.5508178]],[[-54.4176598,-27.5508178],[-54.4127063,-27.5631527]],[[-54.4127063,-27.5631527],[-54.4018637,-27.5670292],[-54.3960924,-27.571973]],[[-54.3960924,-27.571973],[-54.3875261,-27.5738358],[-54.3796814,-27.5539457],[-54.3559868,-27.5524293],[-54.3491324,-27.5644195],[-54.3292617,-27.5460159],[-54.3321848,-27.5349351],[-54.3120847,-27.5346107],[-54.2956863,-27.5287404],[-54.2686584,-27.5021642]],[[-54.2686584,-27.5021642],[-54.2647681,-27.4979084],[-54.237205,-27.5007057],[-54.2336658,-27.499052],[-54.2340902,-27.4903588],[-54.2316059,-27.4849469]],[[-54.2304803,-27.4783082],[-54.2304734,-27.4720854],[-54.2318958,-27.4691728],[-54.2427247,-27.4670956],[-54.2596324,-27.4691206]],[[-54.2654159,-27.4489635],[-54.2784572,-27.4588022],[-54.2841174,-27.4596242],[-54.2874677,-27.4551809]],[[-52.0470227,-29.018485],[-52.0485884,-29.020557]],[[-52.0485884,-29.020557],[-52.046061,-29.0577056]],[[-52.046061,-29.0577056],[-52.0428827,-29.0589026]],[[-52.0428827,-29.0589026],[-52.045433,-29.0682886],[-52.0448646,-29.0702819],[-52.029594,-29.0801539],[-52.0214598,-29.0996455],[-52.0088858,-29.106837],[-52.0049056,-29.1133687],[-52.0048059,-29.1260502],[-51.9991586,-29.1287456]],[[-51.9991586,-29.1287456],[-51.9927842,-29.1436127]],[[-51.9927842,-29.1436127],[-51.9817579,-29.1347674],[-51.9587695,-29.1553809],[-51.9358417,-29.1444588],[-51.9200431,-29.1474202],[-51.8985081,-29.1433378]],[[-51.8985081,-29.1433378],[-51.9074778,-29.1279476]],[[-51.9074778,-29.1279476],[-51.909408,-29.1211189]],[[-51.909408,-29.1211189],[-51.9154687,-29.1154243],[-51.9135086,-29.1094313],[-51.9080109,-29.1033668]],[[-51.9080109,-29.1033668],[-51.9118521,-29.0995606]],[[-51.9118521,-29.0995606],[-51.9245717,-29.0976873],[-51.9281562,-29.0956666],[-51.9258515,-29.0748655]],[[-51.3032452,-29.9500727],[-51.3126532,-29.9486288],[-51.3499944,-29.9620224],[-51.368631,-29.9747227],[-51.4043093,-29.9872939],[-51.4282606,-29.9853942]],[[-51.4282606,-29.9853942],[-51.4347922,-29.9831761]],[[-51.6255779,-30.0531947],[-51.6204753,-30.059679],[-51.6199009,-30.0622295],[-51.6217407,-30.0673964]],[[-51.6808949,-30.1816149],[-51.6794201,-30.1846039]],[[-51.6794201,-30.1846039],[-51.6347137,-30.1740158],[-51.6271036,-30.1862211],[-51.6117035,-30.1954576],[-51.6078778,-30.207091],[-51.5827339,-30.2127652]],[[-51.5827339,-30.2127652],[-51.5723557,-30.2013921]],[[-51.5723557,-30.2013921],[-51.568315,-30.2003663],[-51.5564307,-30.2013607],[-51.5532352,-30.1932865],[-51.5390742,-30.1744162],[-51.5424228,-30.1623059],[-51.5358948,-30.1510009],[-51.5229923,-30.1485969],[-51.4957289,-30.1307666],[-51.4906368,-30.1205208],[-51.471336,-30.1212192],[-51.4611343,-30.110883],[-51.4355041,-30.0948715],[-51.4322172,-30.0904115],[-51.4252933,-30.0927812],[-51.3936278,-30.1012718],[-51.3696992,-30.0967147],[-51.3437103,-30.064787],[-51.3311211,-30.0569005],[-51.3154717,-30.0576846],[-51.3044604,-30.0524925],[-51.3011507,-30.0541759]],[[-51.3011507,-30.0541759],[-51.2974558,-30.0358938],[-51.3041934,-30.02752],[-51.2993723,-30.0026256],[-51.281123,-30.022104],[-51.2677786,-30.0304276]],[[-51.2677786,-30.0304276],[-51.2618114,-30.0096426],[-51.2651179,-30.000763],[-51.2851829,-29.9705885],[-51.2975309,-29.9633315],[-51.3032452,-29.9500727]],[[-51.9927842,-29.1436127],[-51.993203,-29.1480256]],[[-51.993203,-29.1480256],[-52.0015471,-29.161745]],[[-52.0015471,-29.161745],[-52.0014642,-29.1745628]],[[-52.0014642,-29.1745628],[-51.9799357,-29.1742859],[-51.9792854,-29.2015815],[-51.9581523,-29.2019861],[-51.9615759,-29.2379791]],[[-51.9615759,-29.2379791],[-51.9645805,-29.238005]],[[-51.9270733,-29.2876311],[-51.9193709,-29.2915924]],[[-51.8995265,-29.2957977],[-51.8957221,-29.2840874],[-51.8887187,-29.2802946]],[[-51.8887187,-29.2802946],[-51.8723077,-29.2850533],[-51.8661673,-29.2766682]],[[-51.8661673,-29.2766682],[-51.8653497,-29.2510339],[-51.8505764,-29.2288152],[-51.8594722,-29.2246432]],[[-51.8594722,-29.2246432],[-51.8715436,-29.2260983],[-51.8740986,-29.2242694],[-51.875617,-29.2142988],[-51.8718959,-29.206921]],[[-51.8718959,-29.206921],[-51.8716465,-29.1952972],[-51.895755,-29.1784783],[-51.891449,-29.17279],[-51.8861239,-29.1713984]],[[-51.8861239,-29.1713984],[-51.897808,-29.1535883]],[[-51.897808,-29.1535883],[-51.8985081,-29.1433378]],[[-52.6573708,-30.2093709],[-52.6616881,-30.2146255]],[[-52.9883224,-30.6784282],[-52.9868264,-30.6793717]],[[-52.9868264,-30.6793717],[-52.9948996,-30.6820293],[-52.9893128,-30.6994691],[-52.9534193,-30.74397],[-52.9631533,-30.7597903],[-52.9513354,-30.7881365],[-52.9623929,-30.8176775],[-52.9483617,-30.8306494],[-52.9610902,-30.84917],[-52.9610798,-30.8594418],[-52.9818045,-30.8620993],[-52.9991904,-30.8851001],[-53.0149381,-30.8966346],[-53.0202386,-30.921537]],[[-53.0202386,-30.921537],[-53.0087631,-30.9337236],[-52.9932195,-30.9277781],[-52.9852672,-30.93097],[-52.9644774,-30.9334559],[-52.9440432,-30.9286161],[-52.9190886,-30.9400949],[-52.912175,-30.9415368],[-52.9107485,-30.9281632],[-52.8950638,-30.9311687],[-52.8697818,-30.9233861]],[[-52.8697818,-30.9233861],[-52.8577177,-30.9183099]],[[-52.4279575,-30.9063325],[-52.4268836,-30.9151324]],[[-52.3360066,-30.6921427],[-52.3352436,-30.6882452]],[[-52.3429449,-30.359014],[-52.3452775,-30.3591842]],[[-52.3452775,-30.3591842],[-52.3569853,-30.3620248],[-52.3687213,-30.3644634],[-52.3844637,-30.376743],[-52.4050852,-30.3804388],[-52.4189032,-30.362983],[-52.5015037,-30.3623478],[-52.5090704,-30.3521616],[-52.5108163,-30.3262365],[-52.5074442,-30.3048067],[-52.5232259,-30.2790585]],[[-52.5232259,-30.2790585],[-52.5312789,-30.2723901]],[[-52.5312789,-30.2723901],[-52.5321665,-30.2794467],[-52.5488918,-30.2866582],[-52.5593622,-30.2851918],[-52.5546079,-30.3286045],[-52.5573405,-30.3448691],[-52.5359747,-30.3552642],[-52.5435328,-30.3623646],[-52.5702398,-30.3649114],[-52.5790054,-30.3738439],[-52.6089774,-30.3396129],[-52.6018175,-30.3261611],[-52.6049288,-30.3202227],[-52.6066786,-30.3049582],[-52.6216762,-30.2749141],[-52.61879,-30.2622106],[-52.6261545,-30.244261],[-52.6427413,-30.2240311],[-52.6453028,-30.2113961],[-52.6573708,-30.2093709]],[[-52.9170691,-27.6093967],[-52.9187944,-27.609088]],[[-52.9255738,-27.7358011],[-52.9141484,-27.7372495],[-52.9090104,-27.7415059],[-52.9062805,-27.7458127]],[[-52.9062805,-27.7458127],[-52.8947791,-27.7508373]],[[-52.8947791,-27.7508373],[-52.8835617,-27.7367634],[-52.8955717,-27.7211307],[-52.8620093,-27.7132019],[-52.856189,-27.6982145],[-52.8838765,-27.6964851],[-52.8819695,-27.6726848],[-52.8686448,-27.671539]],[[-52.8686448,-27.671539],[-52.8881303,-27.6291218],[-52.9120688,-27.609178],[-52.9163776,-27.6071986],[-52.9170691,-27.6093967]],[[-54.3691208,-28.3492363],[-54.3716339,-28.3509101]],[[-54.3716339,-28.3509101],[-54.3828558,-28.3537822],[-54.3811843,-28.3642898],[-54.3759468,-28.3711899],[-54.3703326,-28.4087078],[-54.3748035,-28.436213],[-54.3894642,-28.4398379],[-54.3983955,-28.4477731],[-54.4022632,-28.457173],[-54.42468,-28.4631578],[-54.4294779,-28.4731887],[-54.4633203,-28.4886528]],[[-54.4633203,-28.4886528],[-54.462633,-28.4904982]],[[-54.462633,-28.4904982],[-54.4440821,-28.5027899],[-54.4347777,-28.5061929],[-54.4175833,-28.5275416]],[[-54.4175833,-28.5275416],[-54.415835,-28.5386567],[-54.4071371,-28.549794],[-54.3962856,-28.5558583]],[[-54.3962856,-28.5558583],[-54.4337358,-28.5634925],[-54.4469824,-28.5815943],[-54.4211566,-28.5918064],[-54.4187378,-28.6097938],[-54.4416908,-28.6441256],[-54.4378614,-28.6546858],[-54.4343378,-28.656079],[-54.428229,-28.6572778],[-54.4222966,-28.6563391],[-54.4062154,-28.666112],[-54.3970778,-28.6606841],[-54.3862678,-28.6596569],[-54.3822521,-28.6611917]],[[-54.3822521,-28.6611917],[-54.3780612,-28.6596776]],[[-54.3780612,-28.6596776],[-54.3722492,-28.6475799],[-54.349364,-28.6251485],[-54.3395955,-28.6244377],[-54.3157958,-28.6048703],[-54.3095827,-28.586865],[-54.3334602,-28.5824265],[-54.345732,-28.5530737],[-54.326791,-28.5380293],[-54.3065172,-28.5120039],[-54.2838286,-28.499821],[-54.2741633,-28.5044286],[-54.255991,-28.4923071],[-54.279284,-28.4793945],[-54.2883548,-28.4661718],[-54.3054451,-28.4591941],[-54.2954413,-28.4423619],[-54.3028636,-28.4348956],[-54.2957369,-28.4311576],[-54.2568957,-28.4457735],[-54.2303162,-28.443116],[-54.2161305,-28.4547068],[-54.1997568,-28.4458065],[-54.1868417,-28.4580315],[-54.1574985,-28.4588581],[-54.138978,-28.4658778]],[[-54.138978,-28.4658778],[-54.1419504,-28.454453]],[[-54.1330692,-28.3553593],[-54.1331604,-28.3617693]],[[-54.1363543,-28.3375813],[-54.14512,-28.3365332],[-54.1559131,-28.3395502],[-54.1723075,-28.3330397]],[[-54.1723075,-28.3330397],[-54.1864566,-28.33801],[-54.2094771,-28.3388766],[-54.2256264,-28.3389656],[-54.2278909,-28.3568443],[-54.2394722,-28.3592456],[-54.2519514,-28.3478986],[-54.2369558,-28.3376891],[-54.249649,-28.3199926],[-54.2654256,-28.3284431],[-54.2599315,-28.3462338],[-54.2728818,-28.3544489],[-54.2844725,-28.355852],[-54.2911263,-28.3443352],[-54.3036895,-28.3259473],[-54.3127092,-28.3321122],[-54.3270493,-28.3215179],[-54.3360888,-28.3180757],[-54.3439126,-28.3231848],[-54.3463708,-28.3460758],[-54.3522035,-28.3540949],[-54.3691208,-28.3492363]],[[-52.7267454,-27.436217],[-52.7462469,-27.435151],[-52.7446838,-27.4469753],[-52.7573526,-27.4478179],[-52.7535068,-27.4580501],[-52.7690942,-27.466398],[-52.7811591,-27.4627604],[-52.7763077,-27.4795343],[-52.7899321,-27.4827321],[-52.7982005,-27.4910203]],[[-52.7982005,-27.4910203],[-52.7985169,-27.4943228],[-52.8027997,-27.4997483]],[[-52.8027997,-27.4997483],[-52.7969067,-27.5003797],[-52.7833561,-27.5011074],[-52.7758599,-27.5119677],[-52.7571066,-27.5127417],[-52.7616825,-27.5249564],[-52.7472002,-27.538383],[-52.7467489,-27.5467424],[-52.7397083,-27.5603729],[-52.7610172,-27.5795571]],[[-52.7610172,-27.5795571],[-52.7681065,-27.5847525]],[[-52.7681065,-27.5847525],[-52.7441995,-27.5915985],[-52.734549,-27.5879459]],[[-52.734549,-27.5879459],[-52.7226172,-27.5865125]],[[-52.6702564,-27.5794957],[-52.6695675,-27.5770845]],[[-52.6695675,-27.5770845],[-52.6779929,-27.5758088],[-52.6782443,-27.5689439],[-52.6624653,-27.5695292],[-52.6725354,-27.5529759],[-52.6698435,-27.5410788],[-52.6632603,-27.5338078]],[[-52.6632603,-27.5338078],[-52.6721364,-27.5308752],[-52.6720957,-27.534183],[-52.6740801,-27.5377275]],[[-52.2366587,-27.7846784],[-52.2632544,-27.7853644],[-52.283186,-27.7753558],[-52.2841732,-27.7562195],[-52.3037883,-27.7458681],[-52.3248796,-27.7507496]],[[-52.3248796,-27.7507496],[-52.3281974,-27.7489884]],[[-52.3281974,-27.7489884],[-52.3233127,-27.7619036],[-52.325675,-27.7696369],[-52.3432912,-27.7804723]],[[-52.3432912,-27.7804723],[-52.3500896,-27.7965274],[-52.3637387,-27.7905708],[-52.3680088,-27.7951613],[-52.3653917,-27.8076351],[-52.3799409,-27.8135305],[-52.3679593,-27.8262403],[-52.4014147,-27.8445012],[-52.4089937,-27.8579931]],[[-52.4089937,-27.8579931],[-52.3748827,-27.872635],[-52.3604536,-27.8918583],[-52.3542944,-27.8961443],[-52.3504071,-27.8980781]],[[-52.3504071,-27.8980781],[-52.3501219,-27.8950515]],[[-52.3501219,-27.8950515],[-52.2994042,-27.8946951]],[[-52.2994042,-27.8946951],[-52.2594506,-27.8583032]],[[-52.2594506,-27.8583032],[-52.2687404,-27.8471126],[-52.2593491,-27.8289262],[-52.2581422,-27.8070107],[-52.2444235,-27.8024893],[-52.2360362,-27.7916388],[-52.2366587,-27.7846784]],[[-52.1856542,-27.5681419],[-52.2371782,-27.5692634],[-52.2381845,-27.5434729],[-52.2174287,-27.5417874],[-52.2266611,-27.5289655],[-52.2261935,-27.5102871],[-52.237321,-27.5010701],[-52.2386655,-27.4823506]],[[-52.2386655,-27.4823506],[-52.2434047,-27.4880425]],[[-52.2559739,-27.5110622],[-52.3441544,-27.5093579]],[[-52.3421956,-27.660973],[-52.321595,-27.6609352]],[[-52.321595,-27.6609352],[-52.3212058,-27.7055272],[-52.3155462,-27.7075142],[-52.3300175,-27.7457411]],[[-52.3300175,-27.7457411],[-52.3248796,-27.7507496]],[[-52.2366587,-27.7846784],[-52.1935222,-27.7486247],[-52.1727609,-27.7513021],[-52.1566314,-27.7413469]],[[-52.1566314,-27.7413469],[-52.1480691,-27.7333158]],[[-52.1551113,-27.6690311],[-52.1559747,-27.6699691]],[[-52.1559747,-27.6699691],[-52.1705119,-27.6602266],[-52.1816733,-27.6643528]],[[-52.1816733,-27.6643528],[-52.1856542,-27.5681419]],[[-52.5958012,-28.3314897],[-52.6026394,-28.3342177]],[[-52.6026394,-28.3342177],[-52.6300541,-28.3543851],[-52.6477215,-28.3832986],[-52.6383827,-28.3902074],[-52.6280745,-28.409609]],[[-52.6280745,-28.409609],[-52.6259972,-28.4106626]],[[-52.6259972,-28.4106626],[-52.6222752,-28.4040301],[-52.5921086,-28.4230109]],[[-52.5921086,-28.4230109],[-52.5887395,-28.4296782],[-52.590715,-28.4405976],[-52.5950357,-28.4495448],[-52.5983907,-28.4530257]],[[-52.5983907,-28.4530257],[-52.6125304,-28.4713545],[-52.6178453,-28.5147384]],[[-52.6178453,-28.5147384],[-52.615255,-28.5190583]],[[-52.615255,-28.5190583],[-52.6043454,-28.5109391],[-52.5734577,-28.524629],[-52.5523154,-28.5297975]],[[-52.5523154,-28.5297975],[-52.5553845,-28.5195342]],[[-52.5553845,-28.5195342],[-52.5467138,-28.5051419],[-52.544566,-28.4980335],[-52.5256356,-28.4992585],[-52.5151422,-28.4893155]],[[-52.5151422,-28.4893155],[-52.5119036,-28.4762587],[-52.5045611,-28.4668131]],[[-52.5045611,-28.4668131],[-52.4862645,-28.4601704],[-52.4715593,-28.4312235],[-52.4648393,-28.4272507],[-52.4495206,-28.4206459],[-52.4507319,-28.405733]],[[-52.4507319,-28.405733],[-52.446718,-28.4004811]],[[-52.446718,-28.4004811],[-52.461519,-28.3798349],[-52.4688456,-28.3879572],[-52.4894027,-28.3958151],[-52.5038273,-28.408377],[-52.5068011,-28.4122509],[-52.509682,-28.4102373],[-52.509976,-28.3988545],[-52.5080234,-28.3725743],[-52.5304696,-28.3388383],[-52.5501855,-28.3352674],[-52.5587801,-28.3200116],[-52.5958012,-28.3314897]],[[-53.7036719,-32.0758694],[-53.7040676,-32.0831917],[-53.7058715,-32.083899],[-53.7077587,-32.092433],[-53.7127067,-32.1007389],[-53.7207817,-32.100147]],[[-53.7207817,-32.100147],[-53.7256297,-32.0983558]],[[-53.7256297,-32.0983558],[-53.7443946,-32.1163717],[-53.7176117,-32.1530026],[-53.7234882,-32.1736793],[-53.7128469,-32.1772063],[-53.7113277,-32.1990057],[-53.6851896,-32.2196225],[-53.6756582,-32.2372058]],[[-53.6756582,-32.2372058],[-53.677019,-32.2289087],[-53.6654865,-32.2259827],[-53.6597587,-32.2011584],[-53.6489407,-32.1823671],[-53.6192938,-32.1630881],[-53.5839257,-32.1566422],[-53.5825354,-32.1476784],[-53.5469859,-32.1606889],[-53.5276782,-32.1706492],[-53.5140631,-32.1833691],[-53.4962575,-32.1909048],[-53.349686,-32.1852235],[-53.3307858,-32.2101385],[-53.3201002,-32.2211067]],[[-53.3201002,-32.2211067],[-53.3060764,-32.2089796]],[[-53.1242493,-32.005444],[-53.1245932,-32.0013521],[-53.1234098,-31.9994271]],[[-53.1234098,-31.9994271],[-53.1244506,-31.9961872],[-53.1148802,-31.9918484],[-53.1044938,-31.9759839],[-53.1000911,-31.9603679],[-53.0630256,-31.9324856],[-53.0459721,-31.9152263],[-53.0326264,-31.9126238],[-53.0247884,-31.9107095],[-52.9876997,-31.9062014],[-52.9705633,-31.9047586],[-52.9611036,-31.9040078],[-52.9293222,-31.8862676]],[[-52.9293222,-31.8862676],[-52.9179902,-31.8840855]],[[-52.9179902,-31.8840855],[-52.9363314,-31.8640659],[-52.9812758,-31.8699562],[-53.0173433,-31.8701336],[-53.0493059,-31.8844443],[-53.0580917,-31.8763241],[-53.0749955,-31.8806803],[-53.1023278,-31.8693465],[-53.1214358,-31.8826408],[-53.1393284,-31.8787673],[-53.1578251,-31.89078],[-53.1847902,-31.8812746],[-53.2377583,-31.8870774],[-53.233611,-31.8712565]],[[-53.233611,-31.8712565],[-53.2541424,-31.8731068],[-53.2676804,-31.8696485],[-53.2692436,-31.8673571],[-53.2680605,-31.8643551]],[[-53.2680605,-31.8643551],[-53.2891025,-31.8602854],[-53.2910492,-31.8596451],[-53.2969916,-31.8613929],[-53.3361445,-31.8414809],[-53.3380357,-31.8499745],[-53.3442936,-31.8453555],[-53.3549751,-31.8372234],[-53.3710537,-31.8424658],[-53.3846256,-31.8394857],[-53.4065676,-31.843393],[-53.4169863,-31.8352071],[-53.4280185,-31.8355048],[-53.4334326,-31.8400228]],[[-53.4334326,-31.8400228],[-53.4457263,-31.8397127]],[[-53.4457263,-31.8397127],[-53.4514795,-31.8400704],[-53.453898,-31.8330743],[-53.4646007,-31.8512005],[-53.4722496,-31.8681504],[-53.5078585,-31.8895945],[-53.5140089,-31.8991956],[-53.5550104,-31.917913],[-53.5775252,-31.9196224],[-53.5865267,-31.9127912],[-53.6013417,-31.9177103],[-53.588869,-31.9419514],[-53.592226,-31.951168],[-53.6154554,-31.9638027],[-53.6416204,-31.9675563],[-53.6352893,-31.9815857],[-53.6533053,-31.9883639],[-53.6703833,-31.986588],[-53.6843906,-31.9897542],[-53.686583,-31.9873491],[-53.699616,-31.9843189],[-53.7033174,-31.9888139],[-53.7037441,-31.9919191],[-53.7128148,-31.9992921],[-53.7125717,-32.0182792],[-53.7152498,-32.0240954],[-53.7189858,-32.0319352],[-53.7155676,-32.0577129],[-53.7170586,-32.0703599],[-53.7134609,-32.0709309],[-53.7079701,-32.0742291],[-53.7036719,-32.0758694]],[[-52.5362605,-27.2600911],[-52.5421758,-27.2438278],[-52.5528873,-27.2392827],[-52.5636001,-27.2489161],[-52.5874994,-27.2468901],[-52.6053626,-27.2610913],[-52.6289905,-27.2659621],[-52.6448915,-27.2616679],[-52.6553159,-27.2415053],[-52.6763995,-27.2457359],[-52.6774379,-27.2628263],[-52.6915217,-27.2844197]],[[-52.6915217,-27.2844197],[-52.6849019,-27.2959607]],[[-52.6849019,-27.2959607],[-52.6621539,-27.3098518],[-52.6633895,-27.3225808],[-52.6465245,-27.3409935],[-52.6228142,-27.3512827],[-52.6127297,-27.3700445],[-52.613449,-27.3944091],[-52.6015949,-27.4089205],[-52.6140827,-27.4307263]],[[-52.6140827,-27.4307263],[-52.6184252,-27.4322438]],[[-52.5931716,-27.4685073],[-52.5822238,-27.4583559]],[[-52.5822238,-27.4583559],[-52.5702665,-27.46415],[-52.5388474,-27.4924375],[-52.5216771,-27.4754841]],[[-52.5216771,-27.4754841],[-52.5276315,-27.4638719],[-52.5090602,-27.434635],[-52.5175132,-27.4218489],[-52.5042349,-27.4146352],[-52.4995052,-27.3973258],[-52.5073196,-27.3561145],[-52.5204141,-27.3410666],[-52.5388409,-27.3094117],[-52.5257431,-27.3091416],[-52.5283836,-27.2802304],[-52.5285775,-27.274483],[-52.5362605,-27.2600911]],[[-53.6490297,-27.3547104],[-53.6415701,-27.3424019]],[[-53.6415701,-27.3424019],[-53.6467153,-27.3449376],[-53.6513503,-27.3528691],[-53.6594567,-27.3537023],[-53.6592107,-27.3626768],[-53.6670381,-27.370209],[-53.6566006,-27.3754003],[-53.6545629,-27.4036678],[-53.6461307,-27.4098743],[-53.6411219,-27.4160673]],[[-53.6411219,-27.4160673],[-53.6445989,-27.4235097]],[[-53.6445989,-27.4235097],[-53.6381347,-27.4408624],[-53.6199834,-27.4602195],[-53.6162197,-27.4726689],[-53.6106002,-27.467621],[-53.5831326,-27.4557802],[-53.5728632,-27.442717],[-53.5579082,-27.4526582],[-53.5559891,-27.45836],[-53.5726616,-27.4817119],[-53.5726421,-27.5084331],[-53.5784356,-27.524689],[-53.5689335,-27.542956],[-53.5755314,-27.5581714],[-53.5852786,-27.5585711],[-53.5930829,-27.5610528],[-53.593649,-27.565981],[-53.5775111,-27.5649858],[-53.5822225,-27.5714313],[-53.5718795,-27.5788943],[-53.580432,-27.5808703],[-53.5790134,-27.5908624],[-53.5753673,-27.6006822],[-53.574472,-27.6067154],[-53.5756241,-27.6098894],[-53.5723063,-27.6135017],[-53.5720787,-27.6160635]],[[-53.5720787,-27.6160635],[-53.5705217,-27.6170405]],[[-53.4004776,-27.6205054],[-53.4059958,-27.6147321]],[[-53.3841188,-27.6126895],[-53.3838804,-27.6089145]],[[-53.3838804,-27.6089145],[-53.3825253,-27.5951774],[-53.3907956,-27.5803606],[-53.412377,-27.5669925],[-53.4061098,-27.5391169],[-53.4305078,-27.5294315],[-53.4289194,-27.5133757],[-53.4360801,-27.498351],[-53.4592956,-27.4933996],[-53.4605212,-27.4888083],[-53.4615623,-27.4859319],[-53.4673061,-27.4793609],[-53.4634763,-27.4697499],[-53.4700277,-27.4534088],[-53.4884952,-27.4526016]],[[-53.4884952,-27.4526016],[-53.4951075,-27.4491505]],[[-53.4951075,-27.4491505],[-53.5056464,-27.4338534],[-53.5264349,-27.4348732],[-53.5624954,-27.4025658],[-53.550783,-27.3944145]],[[-53.550783,-27.3944145],[-53.5630901,-27.3915011],[-53.5852517,-27.3802237],[-53.5896352,-27.3817277],[-53.6035016,-27.388758],[-53.6021393,-27.3697417],[-53.6116814,-27.3709812],[-53.6244646,-27.3832903],[-53.6274529,-27.3556306]],[[-53.6274529,-27.3556306],[-53.6490297,-27.3547104]],[[-51.3550188,-27.8634459],[-51.3658301,-27.8633992]],[[-51.3658301,-27.8633992],[-51.3727328,-27.8741852],[-51.3769365,-27.8815737],[-51.3678896,-27.8776011],[-51.3623797,-27.9260636],[-51.3325735,-27.9312779],[-51.3398379,-27.9694835],[-51.3586715,-27.9757395],[-51.3415494,-27.9887677]],[[-51.3415494,-27.9887677],[-51.3442219,-27.9996296]],[[-51.2444582,-28.1512396],[-51.2378855,-28.158806]],[[-51.2378855,-28.158806],[-51.2134879,-28.1819553],[-51.1753855,-28.1892042],[-51.143055,-28.1810649],[-51.1235991,-28.1996145],[-51.1028912,-28.1936209],[-51.1035223,-28.2105916],[-51.0982981,-28.2168109],[-51.0812888,-28.2329142]],[[-51.0812888,-28.2329142],[-51.0607765,-28.2343598],[-51.0380678,-28.2277055],[-51.0123525,-28.205323],[-51.045269,-28.2014728],[-51.0624851,-28.1837716],[-51.0408597,-28.1506134],[-51.043502,-28.1327324],[-51.0360753,-28.1278482],[-51.0396763,-28.0922934],[-51.0344346,-28.0488175],[-51.026728,-28.0426324],[-51.0411527,-28.0281938],[-51.022724,-28.0189884],[-51.0112733,-28.0027083],[-50.9937201,-27.9908459],[-51.0013727,-27.9759504],[-50.9975705,-27.9679021],[-51.0015178,-27.963165]],[[-51.0015178,-27.963165],[-51.0206721,-27.9544292],[-51.0162726,-27.9332855],[-51.0199085,-27.9224875],[-51.0544395,-27.9052607],[-51.0566659,-27.8867544]],[[-51.0566659,-27.8867544],[-51.0686564,-27.884624],[-51.0707527,-27.8960283],[-51.0890438,-27.9117872],[-51.1083798,-27.9149388],[-51.1089809,-27.9328562],[-51.1206604,-27.9348455],[-51.1428957,-27.9354958],[-51.1499065,-27.9457802],[-51.1758563,-27.9556933],[-51.2019956,-27.9602527],[-51.2043725,-27.9718309],[-51.2398837,-27.979526],[-51.250611,-27.9538262],[-51.2633506,-27.9405259],[-51.2516608,-27.9162271],[-51.2534527,-27.8990837],[-51.271478,-27.8743812],[-51.2677667,-27.8648632],[-51.2815996,-27.8504674],[-51.2919731,-27.8659002],[-51.2998911,-27.8682738],[-51.314053,-27.8720014],[-51.3306371,-27.873748],[-51.3424296,-27.8703349],[-51.3556772,-27.8654795],[-51.3550188,-27.8634459]],[[-54.0550176,-27.2639779],[-54.0802805,-27.2977493],[-54.1106614,-27.3049483]],[[-54.1106614,-27.3049483],[-54.1154776,-27.3042901],[-54.1116417,-27.3083515],[-54.0787525,-27.3246425],[-54.0597175,-27.3459679],[-54.054697,-27.3588814],[-54.0303396,-27.3786642],[-54.0277642,-27.3961858]],[[-54.0277642,-27.3961858],[-54.0249128,-27.4002293]],[[-54.0249128,-27.4002293],[-53.9933265,-27.3876277],[-53.9792753,-27.3895757],[-53.9552217,-27.3709101],[-53.9498277,-27.3600265],[-53.9361854,-27.3551125],[-53.9333273,-27.339616],[-53.918295,-27.3233982]],[[-52.7692486,-28.6475987],[-52.7712174,-28.6458673]],[[-52.7712174,-28.6458673],[-52.7817357,-28.6570923],[-52.7825714,-28.6810849],[-52.7746708,-28.6959697],[-52.7807555,-28.7009343],[-52.7917532,-28.6879055],[-52.8083168,-28.6879169],[-52.8144589,-28.6782518],[-52.8226458,-28.682696],[-52.8117022,-28.7043725],[-52.824441,-28.715437],[-52.8374014,-28.7242974],[-52.8536375,-28.7236998],[-52.8741717,-28.7062708],[-52.8829247,-28.7236597],[-52.8960293,-28.7313312],[-52.9216783,-28.7296012]],[[-52.9216783,-28.7296012],[-52.9437854,-28.7385562]],[[-52.9437854,-28.7385562],[-52.9532825,-28.7392423]],[[-52.9512128,-28.8727439],[-52.9660939,-28.8817481]],[[-53.0083149,-28.9355098],[-53.0164417,-28.9466342]],[[-53.0164417,-28.9466342],[-52.9966428,-28.951099],[-52.9772176,-28.9471186],[-52.9528953,-28.9555355],[-52.8552395,-29.0425707]],[[-52.8552395,-29.0425707],[-52.8527796,-29.0395863]],[[-52.8527796,-29.0395863],[-52.8437893,-29.0382254],[-52.8371444,-29.0380436],[-52.8319719,-29.0367691],[-52.8305304,-29.032485],[-52.8171355,-29.0315089],[-52.8108459,-29.0337746],[-52.8103724,-29.0414024]],[[-52.8103724,-29.0414024],[-52.8023934,-29.0381289]],[[-52.8023934,-29.0381289],[-52.8101014,-29.0266339],[-52.786778,-29.0259364],[-52.7720497,-29.0194093],[-52.7615041,-29.0284447],[-52.7181976,-29.0099431],[-52.7094414,-28.7898723],[-52.7148305,-28.7765594],[-52.7305868,-28.7618545],[-52.7267523,-28.7546509],[-52.7286123,-28.7504625],[-52.7250042,-28.7437121],[-52.724584,-28.7348192]],[[-52.724584,-28.7348192],[-52.7256635,-28.7338488]],[[-52.7256635,-28.7338488],[-52.7343216,-28.730326],[-52.7306992,-28.7125801],[-52.7190168,-28.7069407],[-52.7284074,-28.6852512]],[[-52.7284074,-28.6852512],[-52.740165,-28.6880342],[-52.7301892,-28.6799615],[-52.7420489,-28.6691975],[-52.7482598,-28.6661264],[-52.7649729,-28.660699],[-52.7689713,-28.6545249],[-52.7692486,-28.6475987]],[[-52.2782437,-27.875822],[-52.2994042,-27.8946951]],[[-52.3501219,-27.8950515],[-52.3494992,-27.9016163]],[[-52.3494992,-27.9016163],[-52.3523829,-27.9124868],[-52.3663255,-27.9126907],[-52.3717772,-27.9279965],[-52.3378263,-27.9568626],[-52.3340934,-27.9728632],[-52.3348005,-27.9765327]],[[-52.3348005,-27.9765327],[-52.3207263,-27.9733368],[-52.3063651,-27.9596773],[-52.2685498,-27.9547756],[-52.2327026,-27.973927]],[[-52.2327026,-27.973927],[-52.2277212,-27.9724394]],[[-52.2277212,-27.9724394],[-52.2182344,-27.9499047],[-52.2160602,-27.9308928],[-52.2196578,-27.9122674],[-52.2408926,-27.9090005],[-52.2782437,-27.875822]],[[-51.2070043,-29.6145818],[-51.2143801,-29.6214305],[-51.2309374,-29.6167501]],[[-51.2309374,-29.6167501],[-51.2283771,-29.6285087]],[[-51.2283771,-29.6285087],[-51.2295584,-29.6329095],[-51.2305274,-29.65012],[-51.2197607,-29.6821703],[-51.2028054,-29.6795609]],[[-51.2028054,-29.6795609],[-51.1935397,-29.6803946]],[[-51.1935397,-29.6803946],[-51.1840866,-29.6770328]],[[-51.1840866,-29.6770328],[-51.1757339,-29.6711906]],[[-51.1757339,-29.6711906],[-51.1433094,-29.6699116],[-51.1421738,-29.6370058]],[[-51.1421738,-29.6370058],[-51.1346017,-29.638074]],[[-51.1346017,-29.638074],[-51.1330514,-29.6280052],[-51.165916,-29.6218702]],[[-51.165916,-29.6218702],[-51.2070043,-29.6145818]],[[-51.1811691,-29.8295763],[-51.1954324,-29.841555],[-51.2258738,-29.8429485],[-51.2313269,-29.8508147]],[[-51.2313269,-29.8508147],[-51.2316129,-29.8623114]],[[-51.1262092,-29.8680033],[-51.1218132,-29.8657962]],[[-51.1057461,-29.8723392],[-51.1012613,-29.8687006]],[[-51.1012613,-29.8687006],[-51.1462175,-29.8482169],[-51.1553245,-29.8370769],[-51.1811691,-29.8295763]],[[-51.9496378,-29.4156906],[-51.9497488,-29.4271706]],[[-51.9497488,-29.4271706],[-51.9258817,-29.4365147],[-51.9237638,-29.4539667]],[[-51.9237638,-29.4539667],[-51.9314739,-29.449203],[-51.9364305,-29.4494232],[-51.9495982,-29.467821]],[[-51.9495982,-29.467821],[-51.9688324,-29.4737242],[-51.9781374,-29.4882192]],[[-51.9781374,-29.4882192],[-51.9691351,-29.4971714],[-51.9713542,-29.5019205]],[[-51.9713542,-29.5019205],[-51.982128,-29.5129357],[-51.9756641,-29.5263212],[-51.9752157,-29.5354709],[-51.986114,-29.5662011]],[[-51.986114,-29.5662011],[-51.9979488,-29.5799202],[-52.0002591,-29.5857658],[-51.9996142,-29.5889617],[-51.9971272,-29.5916671]],[[-51.9640118,-29.607358],[-51.9516566,-29.6090015]],[[-51.8826956,-29.560181],[-51.8768075,-29.5465685]],[[-51.8768075,-29.5465685],[-51.8724907,-29.543922]],[[-51.8724907,-29.543922],[-51.8669704,-29.5150992],[-51.8474331,-29.4650453],[-51.8423509,-29.4239608]],[[-53.0639197,-29.1818106],[-53.0689819,-29.1691649],[-53.082853,-29.1613676],[-53.0942656,-29.1398567],[-53.1150981,-29.1480052],[-53.1300707,-29.1433867],[-53.1414219,-29.1307891],[-53.1636857,-29.1371746],[-53.1760908,-29.1314875],[-53.2403703,-29.1378612],[-53.2584727,-29.1394322],[-53.2614367,-29.144295]],[[-53.2614367,-29.144295],[-53.2580609,-29.1528416]],[[-53.2580609,-29.1528416],[-53.2551481,-29.1696483],[-53.2596733,-29.1879685]],[[-53.2596733,-29.1879685],[-53.2665604,-29.190666]],[[-53.2665604,-29.190666],[-53.2424871,-29.1991952],[-53.2434064,-29.2068963],[-53.2494257,-29.2116691],[-53.2493802,-29.2384633],[-53.2327411,-29.2453666],[-53.2107798,-29.2641165],[-53.2248707,-29.2733081],[-53.2368784,-29.2624991],[-53.2378179,-29.2789105],[-53.2376583,-29.283821],[-53.2475259,-29.2880917],[-53.2300005,-29.3092301],[-53.2363007,-29.3181358],[-53.2323899,-29.3328344],[-53.2302537,-29.3467021]],[[-53.2302537,-29.3467021],[-53.2310432,-29.350119]],[[-53.2310432,-29.350119],[-53.2199114,-29.3515564],[-53.1951023,-29.3640459],[-53.1886926,-29.3485011],[-53.1711804,-29.345167],[-53.1680477,-29.3416713]],[[-53.1680477,-29.3416713],[-53.1716059,-29.3392688]],[[-54.3780612,-28.6596776],[-54.3734221,-28.6667235]],[[-54.3734221,-28.6667235],[-54.3500529,-28.6663276],[-54.3643599,-28.6841025]],[[-54.3643599,-28.6841025],[-54.3718907,-28.700874]],[[-54.3718907,-28.700874],[-54.350298,-28.7056016],[-54.3359681,-28.7204269],[-54.321684,-28.7232592],[-54.3118341,-28.6864896],[-54.3227486,-28.6860043],[-54.3299734,-28.6805246],[-54.3315738,-28.6728289],[-54.3144863,-28.6631068],[-54.2727799,-28.6666154],[-54.2589552,-28.6630217],[-54.2423973,-28.6473238],[-54.2183129,-28.6564014],[-54.197053,-28.6600574],[-54.1918332,-28.644361],[-54.177276,-28.6343655],[-54.175767,-28.618584],[-54.1649042,-28.6173033],[-54.1525796,-28.603543],[-54.15871,-28.5955018],[-54.1501594,-28.5667839],[-54.1329711,-28.556698]],[[-54.1329711,-28.556698],[-54.128436,-28.5546942]],[[-54.128436,-28.5546942],[-54.128014,-28.4901193]],[[-54.1379056,-28.4756113],[-54.138978,-28.4658778]],[[-51.6671822,-28.8348385],[-51.7546756,-28.8359849]],[[-51.7546756,-28.8359849],[-51.7586932,-28.8566237],[-51.7764136,-28.8803398],[-51.7910677,-28.8839393]],[[-51.7910677,-28.8839393],[-51.8010054,-28.8871835],[-51.7996567,-28.894153],[-51.8082284,-28.8951161],[-51.8164593,-28.900514],[-51.8169482,-28.9044443],[-51.7983435,-28.910261],[-51.7826949,-28.9336969]],[[-51.7826949,-28.9336969],[-51.7809132,-28.9374942]],[[-51.7809132,-28.9374942],[-51.6937005,-28.9317813]],[[-51.6937005,-28.9317813],[-51.6691441,-28.9111347],[-51.6459904,-28.9102498],[-51.6414357,-28.8852695],[-51.626034,-28.8796279],[-51.6231453,-28.8863967]],[[-51.6231453,-28.8863967],[-51.6207779,-28.886391]],[[-51.6207779,-28.886391],[-51.6204347,-28.8728854],[-51.6497202,-28.8726305],[-51.6479645,-28.8538569],[-51.6539813,-28.8458756],[-51.6662017,-28.8370266],[-51.6671822,-28.8348385]],[[-51.3850229,-29.0661844],[-51.4033999,-29.0561223],[-51.4220911,-29.0598353]],[[-51.4220911,-29.0598353],[-51.4256696,-29.0876636],[-51.4128835,-29.0874629],[-51.4115913,-29.1272604],[-51.4232078,-29.1271639]],[[-51.4232078,-29.1271639],[-51.4231519,-29.1561653]],[[-51.4921444,-29.1983646],[-51.4901704,-29.2522252]],[[-51.4901704,-29.2522252],[-51.4910542,-29.2602566]],[[-51.3540356,-29.2913659],[-51.3544175,-29.3331343]],[[-51.2698594,-29.3128153],[-51.2637713,-29.3131488]],[[-51.2637713,-29.3131488],[-51.2798115,-29.2995745],[-51.2784261,-29.2949424]],[[-51.2784261,-29.2949424],[-51.2667024,-29.29509]],[[-51.2935065,-29.1133723],[-51.3432208,-29.1149311]],[[-51.3432208,-29.1149311],[-51.3556342,-29.1061626],[-51.354523,-29.0992762],[-51.3671642,-29.0844336],[-51.369956,-29.0684821]],[[-51.369956,-29.0684821],[-51.3850229,-29.0661844]],[[-53.3865327,-29.489076],[-53.3966757,-29.4888679]],[[-53.3966757,-29.4888679],[-53.4286596,-29.5050935],[-53.4289394,-29.5124056],[-53.4530548,-29.513613],[-53.492032,-29.525233],[-53.4945355,-29.51533],[-53.5072024,-29.5171428]],[[-53.5072024,-29.5171428],[-53.5189362,-29.5259042],[-53.5416675,-29.5126525],[-53.5683997,-29.5384433],[-53.5517721,-29.5519918],[-53.549727,-29.5743508]],[[-53.549727,-29.5743508],[-53.5368565,-29.5919416]],[[-53.5368565,-29.5919416],[-53.5092138,-29.6236282],[-53.5003535,-29.6173379],[-53.4864589,-29.6223142],[-53.4871645,-29.6140706],[-53.4773917,-29.6124068]],[[-53.4773917,-29.6124068],[-53.4692191,-29.5890948]],[[-53.4692191,-29.5890948],[-53.4546949,-29.5895041],[-53.4261663,-29.6032632],[-53.4104637,-29.6014046]],[[-53.4104637,-29.6014046],[-53.4040895,-29.6106455]],[[-52.6849019,-27.2959607],[-52.7066003,-27.299462],[-52.7162127,-27.319574],[-52.7379558,-27.3181794],[-52.7285207,-27.3362253],[-52.7341091,-27.3558862],[-52.7140603,-27.3692162],[-52.7314529,-27.3740593],[-52.7309094,-27.3838617],[-52.7160382,-27.3887732],[-52.726008,-27.4071437],[-52.7305816,-27.4215738],[-52.7260106,-27.4321749]],[[-52.6401109,-27.4271879],[-52.6140827,-27.4307263]],[[-51.7961335,-29.5998387],[-51.7984321,-29.5582221],[-51.8112087,-29.5490443],[-51.8167604,-29.5293748]],[[-51.8167604,-29.5293748],[-51.829952,-29.5352434],[-51.865175,-29.5404103]],[[-51.865175,-29.5404103],[-51.8768075,-29.5465685]],[[-51.8895761,-29.6326793],[-51.8728552,-29.6391021]],[[-51.8728552,-29.6391021],[-51.8479257,-29.6392493],[-51.826763,-29.6487657],[-51.8082558,-29.6332892],[-51.7993451,-29.6163067]],[[-51.7993451,-29.6163067],[-51.7961335,-29.5998387]],[[-51.2143212,-29.403537],[-51.2278845,-29.3885189]],[[-51.2278845,-29.3885189],[-51.2313479,-29.3974908],[-51.2558168,-29.4021765],[-51.2644786,-29.4186462],[-51.2814232,-29.4133773],[-51.2803171,-29.4048342]],[[-51.2803171,-29.4048342],[-51.2819344,-29.4038925]],[[-51.3334947,-29.5182645],[-51.3365036,-29.5162142]],[[-51.3365036,-29.5162142],[-51.3364311,-29.5233809],[-51.3279451,-29.525504],[-51.3225417,-29.5217205]],[[-51.3225417,-29.5217205],[-51.3102521,-29.5220888]],[[-51.3102521,-29.5220888],[-51.2995956,-29.5217352]],[[-51.2995956,-29.5217352],[-51.2901457,-29.5252305],[-51.2773979,-29.5091826],[-51.265294,-29.5029756]],[[-51.265294,-29.5029756],[-51.2701224,-29.4997509]],[[-51.2701224,-29.4997509],[-51.2676768,-29.4776539],[-51.2520271,-29.4618734],[-51.2485371,-29.4455864],[-51.235384,-29.42274],[-51.2075148,-29.4178296],[-51.1966825,-29.4093913]],[[-51.1966825,-29.4093913],[-51.2068342,-29.407746]],[[-51.2068342,-29.407746],[-51.2143212,-29.403537]],[[-51.1836118,-28.9453963],[-51.1893057,-28.9406915],[-51.19098,-28.9315027],[-51.194409,-28.9294728],[-51.207236,-28.9332229],[-51.2092028,-28.9351266],[-51.21047,-28.9406255]],[[-51.213012,-28.9429009],[-51.2372164,-28.9394558],[-51.2424745,-28.9475695]],[[-51.2537155,-28.9533361],[-51.2617352,-28.9631144],[-51.2650839,-28.9633897],[-51.27013,-28.9608316]],[[-51.27013,-28.9608316],[-51.2767956,-28.9750327],[-51.2737708,-29.02859],[-51.2469923,-29.0276102],[-51.2526217,-29.0398335],[-51.2751048,-29.0387124],[-51.3176633,-29.047308],[-51.3309946,-29.0658154],[-51.3414798,-29.0580172],[-51.3572898,-29.058097]],[[-51.3572898,-29.058097],[-51.3637735,-29.0651776],[-51.369956,-29.0684821]],[[-51.3432208,-29.1149311],[-51.2815848,-29.1128648]],[[-51.1120781,-29.032656],[-51.1171431,-29.0312646]],[[-51.1171431,-29.0312646],[-51.1184686,-29.0280188],[-51.1210991,-29.0203315],[-51.1224592,-29.0131755],[-51.1256193,-29.0011104],[-51.1221672,-28.9946353],[-51.132017,-28.9823697],[-51.1525964,-28.9722981],[-51.1674576,-28.9505942],[-51.1836118,-28.9453963]],[[-52.0909843,-27.7944082],[-52.1462377,-27.845673],[-52.1423223,-27.8627398],[-52.1520312,-27.8810062],[-52.1486227,-27.8943823],[-52.1348737,-27.897607]],[[-52.1348737,-27.897607],[-52.1203756,-27.9105132],[-52.1156456,-27.9099997],[-52.1146492,-27.9086925],[-52.107348,-27.9067785]],[[-52.107348,-27.9067785],[-52.0858438,-27.9075502]],[[-52.0858438,-27.9075502],[-52.083808,-27.9056754],[-52.0703195,-27.9138273],[-52.0678008,-27.9123012],[-52.071671,-27.9044558]],[[-51.9693266,-27.8848525],[-51.9371038,-27.8840703],[-51.9296646,-27.884924],[-51.9239402,-27.8818282],[-51.919479,-27.8696921],[-51.9354892,-27.87057]],[[-51.9354892,-27.87057],[-51.9295678,-27.8558238],[-51.9373465,-27.8466653],[-51.9247539,-27.8515849],[-51.9198986,-27.8449334],[-51.9403604,-27.8344303],[-51.9416854,-27.8255752]],[[-51.9416854,-27.8255752],[-51.9608879,-27.827422]],[[-52.0826754,-27.8185316],[-52.0850975,-27.8083516],[-52.0844356,-27.7997538],[-52.0909843,-27.7944082]],[[-52.299423,-28.8755933],[-52.3259456,-28.8720392],[-52.365248,-28.8764751],[-52.3779754,-28.8833374],[-52.4090923,-28.8829875],[-52.4153124,-28.8911568],[-52.4683535,-28.906776],[-52.4869545,-28.9018037],[-52.4909789,-28.9251306],[-52.4875766,-28.9337028],[-52.4860242,-28.9403661],[-52.5010081,-28.9547361],[-52.4986987,-28.9853772],[-52.4909874,-28.9918968],[-52.4967408,-29.0083473],[-52.4942663,-29.028212]],[[-52.4942663,-29.028212],[-52.4952388,-29.0376053]],[[-52.4273124,-29.1569694],[-52.4254151,-29.156478]],[[-52.4254151,-29.156478],[-52.4251062,-29.1468831],[-52.4128,-29.1520942],[-52.3730666,-29.1435762],[-52.3514195,-29.1501716],[-52.3424636,-29.1406287],[-52.3273172,-29.1562971],[-52.3199067,-29.1453821],[-52.3104878,-29.1584952],[-52.2923626,-29.1639129]],[[-52.2923626,-29.1639129],[-52.2907118,-29.1591194]],[[-52.2907118,-29.1591194],[-52.2879618,-29.1387423],[-52.2904554,-29.1296585]],[[-52.2904554,-29.1296585],[-52.291776,-29.1118751],[-52.2947271,-29.1065114],[-52.3056719,-29.0998336],[-52.3227388,-29.0778376],[-52.324234,-29.0692222],[-52.3381055,-29.053031],[-52.3346551,-29.0490067],[-52.3319831,-29.022389],[-52.3286754,-29.0224498],[-52.3069312,-29.0134858],[-52.2860736,-29.0211782],[-52.225818,-29.0381071]],[[-52.225818,-29.0381071],[-52.2146231,-29.0274262]],[[-52.2146231,-29.0274262],[-52.2195848,-29.0253453],[-52.2239556,-29.0154288],[-52.2318176,-28.9987506],[-52.226775,-28.9724683]],[[-52.226775,-28.9724683],[-52.2280577,-28.9708345]],[[-53.55818,-29.8616751],[-53.5796997,-29.8707673],[-53.6090915,-29.8719528],[-53.6454177,-29.8890475]],[[-53.6454177,-29.8890475],[-53.6522891,-29.8994503]],[[-53.6522891,-29.8994503],[-53.6499934,-29.9247924],[-53.648477,-29.937933],[-53.6344235,-29.9629199],[-53.6411823,-29.9761984],[-53.6348629,-29.9892674],[-53.6540243,-30.0183685],[-53.6711213,-30.0508415],[-53.6430935,-30.0757624],[-53.6340713,-30.0940858],[-53.6120061,-30.0916958],[-53.5867395,-30.0975884],[-53.5575399,-30.0854299],[-53.5387196,-30.0614575],[-53.5211155,-30.0549505],[-53.5081812,-30.0655589],[-53.4855924,-30.0610485],[-53.4809359,-30.0440044],[-53.4531168,-30.0427059],[-53.4112985,-30.0355644],[-53.3974845,-30.026929],[-53.3745746,-30.0224591],[-53.3438755,-30.0073146],[-53.3440118,-30.0001548],[-53.3193663,-29.9940715],[-53.3127039,-29.9837901],[-53.2935924,-29.9780102],[-53.2773838,-29.9841937],[-53.2539265,-29.9577951]],[[-53.2539265,-29.9577951],[-53.2816559,-29.9397131],[-53.2985923,-29.9381282],[-53.3131185,-29.9432288],[-53.3280882,-29.9431934],[-53.341027,-29.9300301],[-53.3639334,-29.9246995],[-53.3823145,-29.9327609],[-53.3998957,-29.9317844],[-53.4136363,-29.9261359],[-53.4402802,-29.9046936],[-53.4495362,-29.8925717],[-53.4688865,-29.879981],[-53.4819534,-29.8773357],[-53.5038639,-29.8766582],[-53.5044503,-29.8824843],[-53.5151839,-29.8800306],[-53.5276194,-29.8771999],[-53.5346079,-29.8731117],[-53.5439876,-29.8700071]],[[-53.5439876,-29.8700071],[-53.55818,-29.8616751]],[[-52.1309689,-29.3518876],[-52.1634946,-29.3314142]],[[-52.1813251,-29.3554946],[-52.192399,-29.360771]],[[-52.192399,-29.360771],[-52.1908059,-29.3674017],[-52.1856066,-29.3731439],[-52.1876363,-29.3746638],[-52.1857706,-29.3809535],[-52.1826341,-29.4033946],[-52.1677318,-29.4085685],[-52.1625667,-29.415375],[-52.1656035,-29.4139631],[-52.1697278,-29.4157745],[-52.1905085,-29.4204664],[-52.1935554,-29.4197749],[-52.1969328,-29.4236348]],[[-52.1969328,-29.4236348],[-52.1712135,-29.4235583]],[[-52.1712135,-29.4235583],[-52.1545738,-29.4299182],[-52.1276757,-29.4242026]],[[-52.1276757,-29.4242026],[-52.1082969,-29.421805],[-52.0841564,-29.4222109],[-52.081749,-29.411038],[-52.044849,-29.4149956],[-52.0321684,-29.4093284],[-52.0401851,-29.4007064]],[[-52.0401851,-29.4007064],[-52.0481434,-29.399862]],[[-52.0481434,-29.399862],[-52.0547998,-29.3889201],[-52.0895668,-29.3601208],[-52.1123793,-29.3618965],[-52.1309689,-29.3518876]],[[-53.3331075,-28.7804758],[-53.3305587,-28.7936234]],[[-53.5023017,-29.0373917],[-53.504973,-29.0460362]],[[-53.504973,-29.0460362],[-53.4943805,-29.0730784],[-53.4615523,-29.0846757],[-53.4612166,-29.0891746],[-53.4458428,-29.0864856]],[[-53.4458428,-29.0864856],[-53.4470402,-29.0819254]],[[-53.4470402,-29.0819254],[-53.4492111,-29.0808481],[-53.4528251,-29.068085],[-53.4494069,-29.0472896],[-53.4159743,-29.0387507],[-53.4065639,-29.001737],[-53.393687,-28.999922],[-53.3712913,-28.9754704],[-53.3413252,-28.9844059],[-53.3441289,-29.0024131],[-53.3171906,-29.0126137],[-53.3045817,-29.0114249],[-53.2983082,-28.9886488],[-53.2825897,-28.9846783],[-53.2799851,-28.9750055],[-53.2623454,-28.965923],[-53.2207257,-28.9578817],[-53.2158555,-28.9550656],[-53.215297,-28.9728049],[-53.1906155,-28.9918013],[-53.1865065,-29.0071354],[-53.1710855,-29.0309986],[-53.1527492,-29.0326326]],[[-53.1527492,-29.0326326],[-53.1463395,-28.9969722]],[[-53.1463395,-28.9969722],[-53.1290432,-28.9872287]],[[-53.1238576,-28.8471045],[-53.1152285,-28.8341263],[-53.1127344,-28.8143111]],[[-53.1127344,-28.8143111],[-53.1175018,-28.8057489],[-53.1167315,-28.8031906],[-53.1190476,-28.8024659],[-53.136985,-28.8076043]],[[-53.136985,-28.8076043],[-53.1518836,-28.7967883],[-53.1392381,-28.7775003],[-53.1521751,-28.751869],[-53.2139797,-28.7457754],[-53.2347973,-28.7535737],[-53.2499552,-28.7344746],[-53.261081,-28.7308078]],[[-53.261081,-28.7308078],[-53.2608496,-28.7297852]],[[-53.2608496,-28.7297852],[-53.2638289,-28.7289877],[-53.2677432,-28.730042],[-53.2729021,-28.7291919]],[[-53.3268702,-27.2205407],[-53.3331907,-27.2268397]],[[-53.3331907,-27.2268397],[-53.3345069,-27.2342004],[-53.3396488,-27.2346581],[-53.340243,-27.2409736],[-53.3495818,-27.2398231],[-53.3494838,-27.2413171]],[[-53.4772,-27.2938228],[-53.4917083,-27.3024349]],[[-53.4917083,-27.3024349],[-53.4906095,-27.3058296],[-53.4782247,-27.3248885],[-53.4713713,-27.339099]],[[-53.4713713,-27.339099],[-53.4662922,-27.341653],[-53.4630499,-27.3410455],[-53.460534,-27.3511408]],[[-53.460534,-27.3511408],[-53.4569823,-27.3506914],[-53.4515925,-27.3536842],[-53.4519815,-27.3569605]],[[-53.4519815,-27.3569605],[-53.4443185,-27.368493],[-53.4334373,-27.3770193],[-53.4335,-27.386956],[-53.4251179,-27.4014944],[-53.4275676,-27.4200708]],[[-53.4275676,-27.4200708],[-53.4167666,-27.4264471]],[[-53.4167666,-27.4264471],[-53.3831137,-27.4169386],[-53.3551605,-27.4182671],[-53.3439603,-27.414888],[-53.3075949,-27.4012087],[-53.310083,-27.3947299],[-53.2953872,-27.391383]],[[-53.2953872,-27.391383],[-53.288031,-27.3865588]],[[-53.2617121,-27.3738753],[-53.266018,-27.3745064],[-53.2671263,-27.3729049],[-53.2656889,-27.3692389]],[[-53.2559151,-27.3421833],[-53.263875,-27.3305094]],[[-53.263875,-27.3305094],[-53.2795923,-27.3270285],[-53.2707949,-27.3144158],[-53.2917999,-27.3052924],[-53.2820369,-27.2958671],[-53.289597,-27.2821247],[-53.3102203,-27.2718628],[-53.3061533,-27.2491016],[-53.3192993,-27.229292],[-53.3268702,-27.2205407]],[[-51.5265283,-29.197224],[-51.6775154,-29.1992564]],[[-51.6775154,-29.1992564],[-51.6778675,-29.2131468]],[[-51.6778675,-29.2131468],[-51.6833292,-29.2130656]],[[-51.6499405,-29.2943809],[-51.5458577,-29.2929287]],[[-51.4906209,-29.276448],[-51.4901704,-29.2522252]],[[-51.4901704,-29.2522252],[-51.4921899,-29.1971973]],[[-55.4384353,-28.0863349],[-55.4545376,-28.095596],[-55.4878785,-28.0764551],[-55.4994061,-28.0810628],[-55.5132429,-28.1146478],[-55.5305813,-28.1154587],[-55.5475954,-28.1364832],[-55.5493331,-28.1559629],[-55.5641642,-28.1635054],[-55.5890965,-28.1417757],[-55.5834062,-28.1251731],[-55.5962712,-28.1157546],[-55.6107303,-28.1174554],[-55.6207849,-28.1309814],[-55.6196824,-28.1535491],[-55.6342309,-28.1778382],[-55.6530168,-28.1821016],[-55.69258,-28.2187903],[-55.7338634,-28.2293101],[-55.7712461,-28.2414545],[-55.7825587,-28.2560574],[-55.7731786,-28.2742401],[-55.7329098,-28.2859753],[-55.7017731,-28.3111919],[-55.6802024,-28.3222263],[-55.6704213,-28.3343917],[-55.6707807,-28.3456874],[-55.6887689,-28.3881561],[-55.6921759,-28.4163795]],[[-55.6921759,-28.4163795],[-55.6865674,-28.414687],[-55.6501875,-28.3789516],[-55.6402392,-28.3847189],[-55.6260476,-28.3690008],[-55.6102481,-28.3719037],[-55.5939658,-28.3626976],[-55.5840498,-28.3447073],[-55.5665461,-28.3421741],[-55.5631347,-28.3618437],[-55.5419961,-28.3814731],[-55.513522,-28.3944592],[-55.5069115,-28.4031931]],[[-55.5069115,-28.4031931],[-55.5026872,-28.3997818]],[[-55.5026872,-28.3997818],[-55.4999836,-28.366129],[-55.5093823,-28.3620613],[-55.5253334,-28.343352],[-55.5041627,-28.3311968],[-55.4902595,-28.3052806],[-55.4862251,-28.2722703],[-55.4607268,-28.2516861],[-55.4435716,-28.2487684],[-55.4293762,-28.2699482],[-55.4183753,-28.2769591],[-55.4097736,-28.2945639],[-55.3837235,-28.3049122],[-55.3809054,-28.2872336],[-55.3644431,-28.2615981],[-55.3514376,-28.25412],[-55.3265272,-28.2092926],[-55.3181116,-28.2089418]],[[-55.3181116,-28.2089418],[-55.3356676,-28.2069699],[-55.3427782,-28.1994192],[-55.3285336,-28.1852122],[-55.3384956,-28.1848373],[-55.3590056,-28.161732],[-55.3662023,-28.1648398],[-55.3665697,-28.153527],[-55.3549823,-28.1335688],[-55.3653273,-28.1240399],[-55.4032108,-28.1137811],[-55.4119554,-28.0979055],[-55.4088379,-28.0896915],[-55.4148668,-28.0878178],[-55.418144,-28.0908073],[-55.4283438,-28.0984685],[-55.4384353,-28.0863349]],[[-52.0412028,-27.6455164],[-52.0411224,-27.5951028],[-52.069216,-27.5853211],[-52.0542179,-27.5425288],[-52.0768287,-27.534429],[-52.0761695,-27.5189934],[-52.0887963,-27.5076832]],[[-52.0887963,-27.5076832],[-52.1069521,-27.5075199]],[[-52.1069521,-27.5075199],[-52.1072513,-27.5164119],[-52.1323769,-27.5175156],[-52.1301141,-27.5385865],[-52.1355962,-27.5468905],[-52.1520162,-27.5441551],[-52.1613543,-27.5332437],[-52.178229,-27.533832],[-52.1871035,-27.5436066]],[[-52.1871035,-27.5436066],[-52.1816733,-27.6643528]],[[-52.1559747,-27.6699691],[-52.1487117,-27.6615772]],[[-52.0465437,-27.6466855],[-52.0412028,-27.6455164]],[[-52.0360884,-29.7024248],[-52.0374171,-29.7037711]],[[-52.0374171,-29.7037711],[-52.0299628,-29.719417],[-52.0143986,-29.7361143],[-52.0171139,-29.7471748],[-52.0351121,-29.7669883],[-52.0405549,-29.7844578],[-52.0542198,-29.7972775],[-52.0586648,-29.8142554],[-52.0480868,-29.8487869],[-52.0505205,-29.8748521],[-52.0421498,-29.8927309],[-52.054666,-29.9228529],[-52.0189513,-29.9305578],[-52.0178991,-29.9378622]],[[-52.0178991,-29.9378622],[-52.0150512,-29.9384407]],[[-52.0150512,-29.9384407],[-52.0014772,-29.9555445]],[[-51.782155,-29.9593875],[-51.7647993,-29.9563593]],[[-51.7647993,-29.9563593],[-51.7500344,-29.9597927],[-51.7266404,-29.9466686]],[[-51.7266404,-29.9466686],[-51.7281009,-29.9461346]],[[-51.7281009,-29.9461346],[-51.7401549,-29.9165136],[-51.749775,-29.9043058],[-51.7502826,-29.8884011],[-51.7246518,-29.8722226],[-51.7159113,-29.8623887]],[[-51.7159113,-29.8623887],[-51.7164168,-29.8607373]],[[-51.7164168,-29.8607373],[-51.7480047,-29.8519996],[-51.769753,-29.8616712],[-51.8155438,-29.8618223],[-51.82765,-29.8385511],[-51.8407752,-29.8237739],[-51.8714321,-29.8158798],[-51.8864485,-29.8040247],[-51.9044102,-29.8114854],[-51.9140222,-29.8084351],[-51.9210367,-29.7882834],[-51.9079021,-29.774199],[-51.9102768,-29.7665774],[-51.9429791,-29.7586468]],[[-51.9429791,-29.7586468],[-51.9553067,-29.7655105],[-51.9583628,-29.7445376],[-51.9677546,-29.7331863],[-52.0013539,-29.7235843],[-52.0069957,-29.7055464],[-52.0199107,-29.7091843],[-52.0360884,-29.7024248]],[[-52.0199078,-28.3026468],[-52.0297104,-28.3069413],[-52.040682,-28.3057593]],[[-52.0505818,-28.3028969],[-52.073563,-28.3051981]],[[-52.073563,-28.3051981],[-52.0719232,-28.3103161],[-52.0692866,-28.3133375],[-52.0646384,-28.3146901],[-52.0625408,-28.3266607],[-52.0820861,-28.3417186]],[[-52.0820861,-28.3417186],[-52.0834359,-28.346246]],[[-52.0834359,-28.346246],[-52.0934534,-28.3510715],[-52.0989252,-28.3870646],[-52.1076792,-28.3889851],[-52.1092085,-28.4115926],[-52.1013307,-28.4388239],[-52.0752405,-28.4696479],[-52.0624521,-28.4740875]],[[-52.0624521,-28.4740875],[-52.0622445,-28.4706343]],[[-52.0622445,-28.4706343],[-52.0442577,-28.4574005],[-52.017852,-28.4512285],[-52.0075057,-28.4414666],[-51.9910501,-28.4394334]],[[-52.1142408,-27.7626857],[-52.1488164,-27.7341024],[-52.1566314,-27.7413469]],[[-52.2594506,-27.8583032],[-52.2782437,-27.875822]],[[-52.2277212,-27.9724394],[-52.2235536,-27.9721311]],[[-52.2235536,-27.9721311],[-52.1891851,-27.9599211],[-52.1698993,-27.9429118],[-52.1576968,-27.9487804],[-52.1547951,-27.944731],[-52.1469724,-27.9459105],[-52.1392059,-27.9526557],[-52.1362321,-27.9499009],[-52.1062127,-27.9476322],[-52.0941872,-27.9368069]],[[-52.0941872,-27.9368069],[-52.0946139,-27.9287787]],[[-52.0817986,-27.9222558],[-52.0858438,-27.9075502]],[[-52.107348,-27.9067785],[-52.1198123,-27.9107351],[-52.1348737,-27.897607]],[[-52.0909843,-27.7944082],[-52.0932703,-27.787894]],[[-54.3353106,-27.830324],[-54.3377578,-27.8216235]],[[-54.3377578,-27.8216235],[-54.3387775,-27.8283763],[-54.3693738,-27.8351477]],[[-54.3693738,-27.8351477],[-54.3825486,-27.8723304],[-54.380036,-27.9167394],[-54.411004,-27.9175194],[-54.4246763,-27.9233524],[-54.448624,-27.947698],[-54.4514485,-27.958582],[-54.4710486,-27.9745638]],[[-54.4710486,-27.9745638],[-54.464468,-27.9907364]],[[-54.464468,-27.9907364],[-54.4560224,-28.0065785],[-54.4615069,-28.0285923],[-54.4788945,-28.0293491],[-54.4918233,-28.0584549],[-54.5055131,-28.0647091],[-54.5197416,-28.0788281]],[[-54.5197416,-28.0788281],[-54.5100387,-28.1007715]],[[-54.5100387,-28.1007715],[-54.4941398,-28.0988681],[-54.4823359,-28.0858696],[-54.4645402,-28.0772868],[-54.4267972,-28.0699488],[-54.4273612,-28.0936145],[-54.411197,-28.1021749],[-54.415997,-28.1120305],[-54.3961428,-28.1287639],[-54.3984846,-28.1354329]],[[-54.3984846,-28.1354329],[-54.4069948,-28.1436462]],[[-54.4069948,-28.1436462],[-54.3940993,-28.1513239],[-54.3879617,-28.1593686],[-54.381305,-28.1602256],[-54.3640073,-28.1581134],[-54.3359872,-28.1614893],[-54.3274479,-28.1598569],[-54.3038581,-28.1587869],[-54.2809875,-28.165505],[-54.2633982,-28.1647928],[-54.2382398,-28.1503156],[-54.2123093,-28.1414593],[-54.202535,-28.1454724],[-54.18821,-28.1417499],[-54.1844283,-28.1388387]],[[-54.1844283,-28.1388387],[-54.1718069,-28.1352457]],[[-54.1368393,-28.0254493],[-54.1503681,-28.0094558]],[[-54.1503681,-28.0094558],[-54.1551634,-28.007819],[-54.187741,-27.9715716],[-54.1954778,-27.9687786],[-54.2029146,-27.9546965],[-54.2087112,-27.9474768],[-54.2203758,-27.9313868],[-54.2388221,-27.9204707],[-54.250689,-27.9076884],[-54.2696574,-27.9068665],[-54.2776767,-27.8927869],[-54.3046662,-27.8925586],[-54.3089302,-27.8732042],[-54.3319198,-27.8607791],[-54.3412333,-27.8664976],[-54.3383553,-27.8558884],[-54.3353106,-27.830324]],[[-50.8120436,-29.7737638],[-50.8112554,-29.7788485]],[[-50.8112554,-29.7788485],[-50.8527946,-29.8354573],[-50.8552362,-29.8719854],[-50.8389677,-29.8848041],[-50.8481122,-29.9088067],[-50.8459559,-29.9290573],[-50.8358331,-29.94565],[-50.8400602,-29.9720684],[-50.8339801,-29.9824561],[-50.8207527,-29.9987896]],[[-50.8207527,-29.9987896],[-50.7673343,-29.9921715]],[[-50.7673343,-29.9921715],[-50.7315784,-29.9806752]],[[-50.7315784,-29.9806752],[-50.7023108,-29.9755054]],[[-50.7023108,-29.9755054],[-50.6870335,-29.9489402],[-50.7041899,-29.9407413],[-50.706232,-29.9261678],[-50.6940484,-29.913429],[-50.6790939,-29.8864568],[-50.6836869,-29.8735522],[-50.6799383,-29.8567434],[-50.6853401,-29.8392323],[-50.7088948,-29.8238909],[-50.7340752,-29.8135651],[-50.7520566,-29.7888321],[-50.7403373,-29.7820315],[-50.7196719,-29.7907402],[-50.6936717,-29.7901492]],[[-50.6936717,-29.7901492],[-50.7151774,-29.7743754]],[[-50.7151774,-29.7743754],[-50.7212801,-29.7696889],[-50.7283067,-29.769246],[-50.7514614,-29.7734574]],[[-50.7514614,-29.7734574],[-50.7728519,-29.7761937],[-50.7872309,-29.7662433],[-50.8010291,-29.7750774],[-50.8120436,-29.7737638]],[[-50.9881604,-29.3102028],[-50.9749358,-29.3296161]],[[-50.9749358,-29.3296161],[-50.9552638,-29.3743014],[-50.9663676,-29.3870742],[-50.9813245,-29.3904007]],[[-50.9813245,-29.3904007],[-50.9567803,-29.4253725],[-50.9399315,-29.4245473],[-50.9200335,-29.438592],[-50.9163481,-29.4431868],[-50.9097322,-29.4509488],[-50.9103024,-29.5016465]],[[-50.9103024,-29.5016465],[-50.908994,-29.5015504],[-50.9050563,-29.4990799],[-50.8970368,-29.4986121]],[[-50.8970368,-29.4986121],[-50.8751672,-29.4805187],[-50.854753,-29.4778054],[-50.8346358,-29.4758287],[-50.7884633,-29.4389614]],[[-50.7884633,-29.4389614],[-50.8091484,-29.4327127]],[[-50.8901017,-29.2877511],[-50.9000566,-29.2862282]],[[-53.0166577,-27.4616884],[-53.0066745,-27.4662854]],[[-53.0066745,-27.4662854],[-53.0044076,-27.4762538],[-52.9962109,-27.4812563],[-52.9718511,-27.485695],[-52.9609362,-27.4775343],[-52.9432942,-27.4792676],[-52.9028486,-27.466202],[-52.9008414,-27.4732262],[-52.8656483,-27.4712612],[-52.8541402,-27.4862061],[-52.824617,-27.5025871]],[[-52.824617,-27.5025871],[-52.818482,-27.5027481]],[[-52.818482,-27.5027481],[-52.8217673,-27.4867751],[-52.8205641,-27.476611],[-52.8093502,-27.4561402],[-52.8342326,-27.4420478],[-52.8597373,-27.4392025],[-52.8834825,-27.4142672],[-52.8917672,-27.3865635],[-52.9038741,-27.3844285],[-52.9235941,-27.399007],[-52.9359321,-27.3962548],[-52.9734564,-27.4114655],[-53.0166577,-27.4616884]],[[-52.6666461,-29.236097],[-52.6740293,-29.2331482]],[[-52.6740293,-29.2331482],[-52.6754076,-29.2394673],[-52.676883,-29.2481003],[-52.6947024,-29.2606504],[-52.6953023,-29.2805244],[-52.6979309,-29.2872535],[-52.708702,-29.2882231],[-52.7127419,-29.2941617],[-52.7175996,-29.2921338],[-52.7300972,-29.2918286],[-52.7211638,-29.2961994],[-52.7205035,-29.3021757]],[[-52.7205035,-29.3021757],[-52.7080395,-29.3040121]],[[-52.7080395,-29.3040121],[-52.6865044,-29.3086623],[-52.6834704,-29.3171056],[-52.6608787,-29.320353],[-52.6485694,-29.3298855],[-52.6255932,-29.3387762],[-52.6215706,-29.3599293],[-52.6075992,-29.356305],[-52.5965274,-29.3656379],[-52.5652508,-29.3687637],[-52.5428441,-29.3763748],[-52.534289,-29.3602646],[-52.5380896,-29.3487945],[-52.5336943,-29.3331808]],[[-52.5336943,-29.3331808],[-52.536315,-29.3243696]],[[-52.5048284,-29.2497138],[-52.5010067,-29.2472842]],[[-50.8135883,-29.7707314],[-50.8356931,-29.7658807],[-50.8421958,-29.7792494],[-50.8528164,-29.7907481],[-50.8556662,-29.7909146],[-50.863652,-29.7891355],[-50.9577409,-29.7892814]],[[-50.9577409,-29.7892814],[-51.0783449,-29.8308231]],[[-51.0783449,-29.8308231],[-51.0842889,-29.837726]],[[-51.0842889,-29.837726],[-51.0897111,-29.8488396]],[[-51.0897111,-29.8488396],[-51.1007822,-29.8684775]],[[-51.0740024,-29.96696],[-51.0708064,-29.965867]],[[-50.9638761,-29.9621483],[-50.9494192,-29.9604305],[-50.9446874,-29.9702823]],[[-50.9446874,-29.9702823],[-50.9200608,-30.0001905],[-50.8662956,-30.0158943],[-50.8276221,-29.999826]],[[-50.8276221,-29.999826],[-50.8207527,-29.9987896]],[[-50.8112554,-29.7788485],[-50.8135883,-29.7707314]],[[-51.62063,-28.5171971],[-51.630829,-28.5118358]],[[-51.630829,-28.5118358],[-51.6382659,-28.5125534],[-51.6523082,-28.5193983],[-51.6990606,-28.5204592],[-51.7012789,-28.5264287],[-51.7434636,-28.5302289],[-51.7395449,-28.5330071],[-51.7404386,-28.5485857]],[[-51.7404386,-28.5485857],[-51.7145011,-28.5833803],[-51.7108481,-28.5895871],[-51.7047138,-28.6093412]],[[-51.7047138,-28.6093412],[-51.7065899,-28.6096478]],[[-51.7065899,-28.6096478],[-51.6964556,-28.6194518],[-51.6843224,-28.62007],[-51.6745335,-28.622565],[-51.6704284,-28.6275213]],[[-51.6704284,-28.6275213],[-51.6662762,-28.6289899]],[[-51.6662762,-28.6289899],[-51.6424355,-28.654286],[-51.6120626,-28.6607828]],[[-51.6120626,-28.6607828],[-51.5979138,-28.6661389],[-51.5959475,-28.6691192]],[[-51.5959475,-28.6691192],[-51.5948271,-28.6647864]],[[-51.5961557,-28.5378796],[-51.6028673,-28.535767]],[[-51.6028673,-28.535767],[-51.6088574,-28.5366488],[-51.6149438,-28.5310842],[-51.6095589,-28.5275072],[-51.6149177,-28.5239543],[-51.62063,-28.5171971]],[[-51.5723557,-30.2013921],[-51.5777224,-30.2170598]],[[-51.5777224,-30.2170598],[-51.5783177,-30.2259197],[-51.5774083,-30.237092],[-51.5819509,-30.2571115],[-51.5674927,-30.2658252],[-51.5419836,-30.2727722],[-51.5293901,-30.2773239]],[[-51.5293901,-30.2773239],[-51.5141136,-30.26921]],[[-51.328287,-30.2264909],[-51.3148213,-30.1887451],[-51.3245623,-30.1684427],[-51.3131575,-30.1303761],[-51.3141695,-30.1128566],[-51.306971,-30.0972797],[-51.311383,-30.0807074],[-51.3011507,-30.0541759]],[[-51.8547226,-28.7579906],[-51.8560847,-28.7550322]],[[-51.8560847,-28.7550322],[-51.958922,-28.7613256]],[[-51.958922,-28.7613256],[-51.9561419,-28.821949],[-52.0151803,-28.8254898],[-52.0103192,-28.8362562]],[[-52.0103192,-28.8362562],[-52.0263095,-28.8509613]],[[-52.0066969,-28.8656283],[-52.0102051,-28.8810513]],[[-51.7813041,-28.9362858],[-51.7826949,-28.9336969]],[[-51.7910677,-28.8839393],[-51.8011955,-28.8767986],[-51.8293671,-28.8687636],[-51.8347068,-28.8373277],[-51.858127,-28.8421154],[-51.8637201,-28.8304141],[-51.8407455,-28.8282331],[-51.8349802,-28.8185768],[-51.8481971,-28.8082754],[-51.8702591,-28.8028347],[-51.8365747,-28.7857466]],[[-51.8365747,-28.7857466],[-51.8316721,-28.7748089],[-51.8291811,-28.7727342]],[[-51.8291811,-28.7727342],[-51.8322161,-28.7575639],[-51.8547226,-28.7579906]],[[-54.6270351,-28.093635],[-54.6403853,-28.0977547],[-54.6632709,-28.0740746],[-54.6788308,-28.0699245],[-54.69361,-28.0538389],[-54.7008038,-28.062798]],[[-54.7008038,-28.062798],[-54.6967415,-28.0670193],[-54.6954291,-28.1599458]],[[-54.6344269,-28.2074279],[-54.6204626,-28.2210079],[-54.6134507,-28.2217921],[-54.6112252,-28.2189468],[-54.6119203,-28.211847]],[[-54.6119203,-28.211847],[-54.6026799,-28.2134667],[-54.57826,-28.234966],[-54.5688278,-28.2367469]],[[-54.5688278,-28.2367469],[-54.5623095,-28.2349668],[-54.559197,-28.236642],[-54.5569435,-28.2409847],[-54.5598969,-28.2461611],[-54.5751704,-28.2586977],[-54.5791557,-28.280721]],[[-54.5791557,-28.280721],[-54.5852465,-28.2963467]],[[-54.5852465,-28.2963467],[-54.5836658,-28.2985987]],[[-54.5836658,-28.2985987],[-54.5717805,-28.297259],[-54.569382,-28.2801231]],[[-54.569382,-28.2801231],[-54.5438745,-28.2704406]],[[-54.5438745,-28.2704406],[-54.5301292,-28.2784611]],[[-54.5301292,-28.2784611],[-54.5129984,-28.2640805],[-54.4964025,-28.2526526],[-54.4873531,-28.2459765]],[[-54.4873531,-28.2459765],[-54.4924396,-28.2435471],[-54.491557,-28.1243376],[-54.5092864,-28.1162658],[-54.5333517,-28.1268399],[-54.5415106,-28.1246831]],[[-54.5415106,-28.1246831],[-54.5540094,-28.1165073]],[[-54.5540094,-28.1165073],[-54.5610091,-28.102327],[-54.5744234,-28.0933079]],[[-54.5744234,-28.0933079],[-54.6270351,-28.093635]],[[-51.4534012,-29.5017079],[-51.4694571,-29.5493365],[-51.4651551,-29.5592192]],[[-51.4651551,-29.5592192],[-51.4602583,-29.5657478]],[[-51.4602583,-29.5657478],[-51.4469458,-29.5664588],[-51.4417251,-29.5634088],[-51.4421801,-29.5713236],[-51.4240393,-29.5883028],[-51.4138681,-29.5760652],[-51.3865941,-29.5837369]],[[-51.3865941,-29.5837369],[-51.3876624,-29.5755499]],[[-51.3876624,-29.5755499],[-51.3908074,-29.5647965],[-51.4088257,-29.5556333],[-51.4029276,-29.5494924],[-51.3793094,-29.5529151]],[[-51.3793094,-29.5529151],[-51.3762446,-29.552429]],[[-51.3955994,-29.5288092],[-51.3994423,-29.5242482]],[[-51.3994423,-29.5242482],[-51.4142883,-29.5169398],[-51.4170322,-29.5187994],[-51.4197775,-29.5153679],[-51.429534,-29.5182876],[-51.4534012,-29.5017079]],[[-52.75723,-29.4022147],[-52.7685986,-29.412338]],[[-52.7685986,-29.412338],[-52.7681877,-29.4136249]],[[-52.7681877,-29.4136249],[-52.7608739,-29.4166326],[-52.7597474,-29.4183724],[-52.7699345,-29.4234008],[-52.7751796,-29.4381852],[-52.7749624,-29.4413436],[-52.7741859,-29.4423067]],[[-52.7741859,-29.4423067],[-52.7709719,-29.439904],[-52.7692131,-29.4412623],[-52.7567661,-29.4407299],[-52.7550954,-29.4392801],[-52.7494229,-29.4367932],[-52.7315748,-29.4334239],[-52.6741145,-29.4689463],[-52.6816541,-29.4835613],[-52.6816366,-29.498131]],[[-52.6816366,-29.498131],[-52.6773447,-29.5011842]],[[-52.6773447,-29.5011842],[-52.6140367,-29.4929734],[-52.6068352,-29.4737553],[-52.5882326,-29.4753606],[-52.5803114,-29.4656815],[-52.5845881,-29.4600334],[-52.6039335,-29.4458394],[-52.6133827,-29.4262899],[-52.6229262,-29.4248356],[-52.6416223,-29.397948],[-52.6558542,-29.3912899],[-52.6750751,-29.3985634],[-52.7024789,-29.4013804],[-52.7109903,-29.3978177],[-52.75723,-29.4022147]],[[-54.2571239,-27.5024092],[-54.2686584,-27.5021642]],[[-54.3960924,-27.571973],[-54.3987415,-27.5699881]],[[-54.3987415,-27.5699881],[-54.4003141,-27.5717383],[-54.4019676,-27.577186],[-54.396056,-27.5809836],[-54.4043633,-27.5877638],[-54.3995719,-27.5900054],[-54.3918246,-27.5907765],[-54.3973558,-27.599524],[-54.3808016,-27.613536],[-54.3868492,-27.627741],[-54.3722624,-27.6474919],[-54.3463535,-27.6638283],[-54.3248193,-27.6718254],[-54.2939476,-27.6780844]],[[-54.2939476,-27.6780844],[-54.2784334,-27.6727461]],[[-54.2784334,-27.6727461],[-54.2643961,-27.6307719],[-54.2521667,-27.6255815],[-54.2040862,-27.594663],[-54.1999824,-27.5912239]],[[-54.1999824,-27.5912239],[-54.2034965,-27.5665397]],[[-54.2034965,-27.5665397],[-54.1973876,-27.568256]],[[-54.1973876,-27.568256],[-54.2082367,-27.5420017]],[[-53.9534454,-31.4916219],[-53.9626094,-31.4965607]],[[-53.7898489,-31.237149],[-53.8167437,-31.2431915],[-53.8240949,-31.2432685],[-53.8309429,-31.2388736],[-53.8387311,-31.2293241]],[[-53.9813724,-27.5242376],[-53.9828646,-27.5255195]],[[-54.0630915,-27.5787384],[-54.0758926,-27.5766328]],[[-54.0758926,-27.5766328],[-54.0886825,-27.588724],[-54.0895011,-27.5909204],[-54.0860377,-27.5965094],[-54.0714857,-27.6106348],[-54.0612404,-27.6143664],[-54.0509513,-27.6322043],[-54.0477183,-27.6376628],[-54.048809,-27.6464369]],[[-54.048809,-27.6464369],[-54.0371681,-27.6548355],[-54.0293118,-27.6431591]],[[-54.0293118,-27.6431591],[-54.0314464,-27.6270884],[-54.0119492,-27.6233203],[-54.007273,-27.6160137],[-54.0014689,-27.6074039],[-54.020117,-27.6000694],[-54.0199878,-27.5911788],[-54.0063778,-27.5874576],[-53.9836233,-27.5902967],[-53.9760726,-27.5943782],[-53.9733816,-27.6102837],[-53.9435956,-27.6059215],[-53.935539,-27.592638],[-53.9220513,-27.6016201],[-53.9010073,-27.5924742]],[[-53.9010073,-27.5924742],[-53.8977129,-27.5952982]],[[-53.8985263,-27.5335251],[-53.9107408,-27.5276668]],[[-53.9107408,-27.5276668],[-53.9181427,-27.5260497],[-53.9277679,-27.5172789],[-53.9584617,-27.5268031],[-53.9611186,-27.5249439],[-53.9747341,-27.5257737],[-53.9777143,-27.525499],[-53.9779914,-27.5266884],[-53.9813724,-27.5242376]],[[-53.1632516,-29.3449549],[-53.1680477,-29.3416713]],[[-53.2310432,-29.350119],[-53.2320182,-29.3554408]],[[-53.2320182,-29.3554408],[-53.2199187,-29.3698815],[-53.2256004,-29.3778416],[-53.2286031,-29.4052806],[-53.2382415,-29.4119081]],[[-53.2382415,-29.4119081],[-53.2577021,-29.4328129],[-53.2728108,-29.429082],[-53.2852856,-29.4441684],[-53.265351,-29.449332]],[[-53.265351,-29.449332],[-53.2631861,-29.4493588]],[[-53.1369562,-29.4948277],[-53.1233119,-29.4881973],[-53.0970693,-29.4651343]],[[-53.0970693,-29.4651343],[-53.0948305,-29.4668687]],[[-53.0948305,-29.4668687],[-53.0863104,-29.41351]],[[-53.0863104,-29.41351],[-53.083306,-29.371689],[-53.0805229,-29.3684862],[-53.0900293,-29.3724852]],[[-51.9293886,-27.9906413],[-51.9326253,-27.9909974]],[[-51.9326253,-27.9909974],[-51.9349411,-28.0055778]],[[-51.9349411,-28.0055778],[-51.929973,-28.0223952],[-51.9108162,-28.0278609],[-51.9216274,-28.0546311],[-51.9104394,-28.0667956],[-51.9087682,-28.0673199],[-51.9108248,-28.0746278],[-51.9083216,-28.0836315],[-51.9171945,-28.0957111],[-51.9110191,-28.0998225],[-51.9112023,-28.1135662]],[[-51.9112023,-28.1135662],[-51.9090912,-28.1185275]],[[-51.9090912,-28.1185275],[-51.890749,-28.1164331],[-51.88434,-28.1191223],[-51.8811834,-28.1218754],[-51.8785899,-28.1316882],[-51.856656,-28.1482096],[-51.8009771,-28.1634084],[-51.7882682,-28.1844326],[-51.7914275,-28.1928977]],[[-51.7914275,-28.1928977],[-51.7809,-28.2055924]],[[-51.6988991,-28.1707296],[-51.7046278,-28.1609152],[-51.7035631,-28.1562352],[-51.6937485,-28.1499657]],[[-51.6937485,-28.1499657],[-51.6962678,-28.1473676]],[[-51.6962678,-28.1473676],[-51.6941493,-28.1453157],[-51.673627,-28.1348433],[-51.6562599,-28.1351433],[-51.6408318,-28.1336339],[-51.6361524,-28.1352832],[-51.6255807,-28.1314237],[-51.6316441,-28.1201043],[-51.6130288,-28.0971616],[-51.6113117,-28.0903779],[-51.6213848,-28.0920615],[-51.6240329,-28.071348]],[[-51.6240329,-28.071348],[-51.6136308,-28.0633255],[-51.6237903,-28.0511516],[-51.631187,-28.0473513]],[[-51.631187,-28.0473513],[-51.6532384,-28.0605201]],[[-51.6532384,-28.0605201],[-51.6668104,-28.0750366],[-51.6917432,-28.0915549],[-51.6962436,-28.1008409],[-51.6937603,-28.1236058],[-51.7036159,-28.1380402],[-51.7688392,-28.0589088],[-51.7761959,-28.027504],[-51.8030026,-28.0399088],[-51.8093348,-28.0257731],[-51.8313294,-28.0214619],[-51.852397,-28.009352],[-51.8969401,-28.0072104],[-51.9136275,-27.9979734],[-51.9266386,-28.0006778],[-51.9305368,-27.9926727],[-51.9293886,-27.9906413]],[[-51.6356694,-28.2524855],[-51.6323605,-28.2618676]],[[-51.7052179,-28.3127339],[-51.7059345,-28.3142675]],[[-51.7059345,-28.3142675],[-51.7041714,-28.3493623],[-51.7166063,-28.3696929]],[[-51.7166063,-28.3696929],[-51.7126942,-28.3719354]],[[-51.7602605,-28.4493283],[-51.7472171,-28.451649]],[[-51.7472171,-28.451649],[-51.7199737,-28.4552361],[-51.7084311,-28.4586193],[-51.6976925,-28.4633967],[-51.6871219,-28.4667013],[-51.641682,-28.4656133],[-51.6328998,-28.4686001],[-51.6219783,-28.4761399]],[[-51.6219783,-28.4761399],[-51.6197554,-28.4796454]],[[-51.6197554,-28.4796454],[-51.6142292,-28.4471162],[-51.6051162,-28.4505475],[-51.5846461,-28.4243257],[-51.5724674,-28.4196504],[-51.547814,-28.4217765],[-51.5191468,-28.4126359],[-51.4987499,-28.3981547],[-51.5082886,-28.3863456],[-51.5352045,-28.374152],[-51.5397109,-28.3597729],[-51.5297919,-28.3339944],[-51.5415985,-28.3260736],[-51.5447456,-28.3136277],[-51.5655172,-28.3062533],[-51.5940081,-28.301363],[-51.6050208,-28.2925835],[-51.6113449,-28.2793245],[-51.6218439,-28.2712354],[-51.629567,-28.2565025],[-51.6356694,-28.2524855]],[[-52.5263127,-28.5636181],[-52.5222278,-28.5535542],[-52.5230642,-28.5426008],[-52.5277053,-28.5336311]],[[-52.5277053,-28.5336311],[-52.532572,-28.5307986]],[[-52.532572,-28.5307986],[-52.5349691,-28.5308129],[-52.5396396,-28.5347124],[-52.5420112,-28.5428105],[-52.5464062,-28.548152],[-52.5443822,-28.5642891]],[[-52.5443822,-28.5642891],[-52.5591633,-28.5768418],[-52.5692003,-28.5800972],[-52.573092,-28.5786495],[-52.5788226,-28.5939263],[-52.5578773,-28.6056678],[-52.544406,-28.6241932],[-52.5459044,-28.6397938],[-52.5605388,-28.6522616]],[[-52.5605388,-28.6522616],[-52.5597749,-28.6534516]],[[-52.5597749,-28.6534516],[-52.5438228,-28.6688504],[-52.523664,-28.6644429],[-52.5021518,-28.6769327],[-52.4930152,-28.6759572],[-52.4810825,-28.6754065],[-52.4784108,-28.6805494],[-52.457416,-28.6904658],[-52.446712,-28.6945903],[-52.4454336,-28.6947908],[-52.4431136,-28.696654],[-52.4326037,-28.6991097],[-52.4221523,-28.6974151],[-52.4197584,-28.6954653],[-52.4132608,-28.6944195],[-52.4073523,-28.6892344],[-52.3830942,-28.702491],[-52.3635571,-28.6997209],[-52.3463359,-28.7036037],[-52.3403777,-28.6985592],[-52.3252066,-28.6828752],[-52.3140837,-28.6482328]],[[-52.3140837,-28.6482328],[-52.3375219,-28.6057098]],[[-52.3375219,-28.6057098],[-52.3610598,-28.5790604],[-52.3869002,-28.5745416]],[[-52.3869002,-28.5745416],[-52.3981141,-28.5662449]],[[-52.3981141,-28.5662449],[-52.3993327,-28.5638391],[-52.4051092,-28.5608521],[-52.413053,-28.5604706],[-52.421664,-28.5565111],[-52.4249086,-28.5509122],[-52.4289896,-28.5492019],[-52.4316676,-28.5498323],[-52.4382376,-28.5557244],[-52.4402176,-28.5557295],[-52.4490245,-28.5594948],[-52.4511491,-28.5611689],[-52.4576311,-28.5651922],[-52.4892334,-28.5552892],[-52.4921943,-28.5527294],[-52.5018289,-28.551621],[-52.4980531,-28.5629788],[-52.4987327,-28.5670344],[-52.5039339,-28.5662799],[-52.5074209,-28.567289],[-52.5077991,-28.5721792],[-52.5130615,-28.5717638],[-52.5263127,-28.5636181]],[[-53.1440669,-28.4806359],[-53.1514594,-28.4891057],[-53.175708,-28.4871093],[-53.1794428,-28.4676973],[-53.2156754,-28.4637967],[-53.2366312,-28.4756877],[-53.2453059,-28.4826457],[-53.254733,-28.5124668],[-53.2497067,-28.5377556],[-53.2617299,-28.5672449],[-53.283325,-28.562465],[-53.3120571,-28.5632597],[-53.3312324,-28.5576171],[-53.3455137,-28.5608943],[-53.3601129,-28.5749607],[-53.375078,-28.5715188],[-53.3938931,-28.5771964],[-53.3956578,-28.5739065],[-53.411867,-28.5814087],[-53.4124723,-28.5843112],[-53.4162922,-28.5854601],[-53.4205178,-28.5898199]],[[-53.4205178,-28.5898199],[-53.417598,-28.5985512]],[[-53.2428887,-28.6805891],[-53.238619,-28.6832782]],[[-53.238619,-28.6832782],[-53.2109708,-28.7035075],[-53.1898558,-28.706989],[-53.1806258,-28.7250681],[-53.1643703,-28.725777],[-53.1543073,-28.7101016],[-53.1572127,-28.7018256],[-53.1296674,-28.696246],[-53.1029662,-28.6968864],[-53.0959143,-28.7013009],[-53.057434,-28.6897517],[-53.0383193,-28.6913161]],[[-53.0383193,-28.6913161],[-53.0345166,-28.6816655]],[[-53.0345166,-28.6816655],[-53.0325258,-28.6803263],[-53.030797,-28.6623468],[-53.0275005,-28.6535677],[-53.0288678,-28.6475857],[-53.0371782,-28.6425832],[-53.0253399,-28.6406164],[-53.0261357,-28.6178096],[-53.0144043,-28.5928984]],[[-53.0144043,-28.5928984],[-53.0181284,-28.589218]],[[-53.0755838,-28.4956665],[-53.0870692,-28.4993711]],[[-53.0870692,-28.4993711],[-53.0988804,-28.486875],[-53.1367425,-28.4814837]],[[-53.1367425,-28.4814837],[-53.1440669,-28.4806359]],[[-50.9080771,-29.5162796],[-50.9120892,-29.5452335]],[[-50.9120892,-29.5452335],[-50.904993,-29.5464165],[-50.8950924,-29.5534528]],[[-50.8950924,-29.5534528],[-50.8560591,-29.5562219],[-50.8546157,-29.5721329]],[[-50.8546157,-29.5721329],[-50.8565453,-29.5844289]],[[-50.8565453,-29.5844289],[-50.8370019,-29.592395],[-50.8314505,-29.6034127],[-50.8158108,-29.5984373],[-50.8105359,-29.6129401],[-50.8057138,-29.6169832]],[[-50.8057138,-29.6169832],[-50.7547788,-29.603536]],[[-50.7547788,-29.603536],[-50.751478,-29.5827992],[-50.6954263,-29.5927296],[-50.6910542,-29.5665636],[-50.6919311,-29.5590294],[-50.6936104,-29.5532342],[-50.6979353,-29.5498324],[-50.7056902,-29.530897],[-50.7100592,-29.5222578]],[[-50.7100592,-29.5222578],[-50.7155638,-29.5163576]],[[-50.7155638,-29.5163576],[-50.7416285,-29.5353482],[-50.7684734,-29.5388241],[-50.7886922,-29.5353552],[-50.8167682,-29.5249123],[-50.8636173,-29.525181],[-50.871213,-29.5172542],[-50.8794267,-29.5130177],[-50.9080771,-29.5162796]],[[-53.7913776,-28.0861692],[-53.7964726,-28.063431],[-53.8042476,-28.0587258],[-53.8142228,-28.0557043]],[[-53.8142228,-28.0557043],[-53.8334065,-28.0630959]],[[-53.8740108,-28.085458],[-53.8794693,-28.0992067],[-53.9108619,-28.1158525],[-53.9161821,-28.1153406]],[[-54.066745,-28.3401671],[-54.0559657,-28.3473162]],[[-53.9821152,-28.4418855],[-53.9809934,-28.4479699]],[[-53.8853395,-28.5258029],[-53.8761974,-28.529475]],[[-53.78092,-28.4458151],[-53.7730677,-28.4354094]],[[-53.8197006,-28.3688647],[-53.8224612,-28.2852542],[-53.8110945,-28.2847503]],[[-53.8110945,-28.2847503],[-53.7985937,-28.2820492]],[[-53.8069895,-28.1064592],[-53.8004638,-28.0994355]],[[-53.8004638,-28.0994355],[-53.7913776,-28.0861692]],[[-52.2273795,-28.962583],[-52.228111,-28.964817]],[[-52.228111,-28.964817],[-52.1941647,-28.9638318],[-52.1604944,-28.9448281],[-52.1598278,-28.9717904],[-52.1245348,-28.9711732],[-52.1242443,-28.9793709]],[[-52.1242443,-28.9793709],[-52.0698605,-28.9796498]],[[-50.075267,-29.8844706],[-50.1090614,-29.8845165],[-50.1278334,-29.9071775],[-50.1514111,-29.9138363],[-50.1287951,-29.9403551],[-50.1337263,-29.9568324],[-50.1537571,-29.965451],[-50.1550533,-29.9866497]],[[-50.1550533,-29.9866497],[-50.1325742,-29.9815964],[-50.1192447,-29.9761698]],[[-50.1192447,-29.9761698],[-50.075267,-29.8844706]],[[-51.7769292,-29.2991472],[-51.7800255,-29.2989236]],[[-51.7800255,-29.2989236],[-51.7759073,-29.3425942]],[[-51.7759073,-29.3425942],[-51.8393184,-29.3436627]],[[-51.7982594,-29.3897378],[-51.7939237,-29.3878442]],[[-51.7939237,-29.3878442],[-51.7766483,-29.3879776]],[[-51.7766483,-29.3879776],[-51.7695493,-29.3698379],[-51.750762,-29.3621362],[-51.7278921,-29.362164]],[[-51.7278921,-29.362164],[-51.7289575,-29.3340626]],[[-51.700926,-29.3043254],[-51.7061404,-29.3043736]],[[-54.143259,-27.7986828],[-54.1616454,-27.8011611]],[[-54.1616454,-27.8011611],[-54.176857,-27.8074023],[-54.1854621,-27.8096499],[-54.1926145,-27.8116018],[-54.2023287,-27.823613],[-54.2314911,-27.8221258],[-54.2600307,-27.8151879],[-54.2740405,-27.817894],[-54.2950594,-27.8064404],[-54.3008335,-27.825117],[-54.3118179,-27.832779],[-54.327204,-27.823134]],[[-54.327204,-27.823134],[-54.3353106,-27.830324]],[[-54.1503681,-28.0094558],[-54.1410944,-28.0185148],[-54.1283282,-28.0153952]],[[-54.0896913,-27.9933485],[-54.0767375,-28.0074738]],[[-54.0767375,-28.0074738],[-54.0552245,-27.9890413],[-54.042094,-27.9677763],[-54.0437751,-27.9628453],[-54.0417052,-27.9579704],[-54.0545129,-27.9434446],[-54.0587573,-27.9393953]],[[-54.0587573,-27.9393953],[-54.0739167,-27.9394398],[-54.085767,-27.9301131],[-54.0852356,-27.9263741],[-54.0834921,-27.9247175]],[[-54.0834921,-27.9247175],[-54.0772802,-27.9176507],[-54.0931927,-27.9019571],[-54.1060727,-27.8986836],[-54.1147868,-27.8826748]],[[-53.9621944,-27.8257421],[-53.9693019,-27.8254916]],[[-54.0834921,-27.9247175],[-54.0859089,-27.9298904],[-54.0762633,-27.9381268],[-54.0713557,-27.9398034],[-54.0587573,-27.9393953]],[[-54.0767375,-28.0074738],[-54.0772791,-28.0084741]],[[-54.0336046,-27.9871698],[-54.0322071,-27.9796485]],[[-54.0322071,-27.9796485],[-54.0198264,-27.9679908],[-54.0207985,-27.959283]],[[-53.9547781,-27.8574788],[-53.9567432,-27.8504033]],[[-53.9567432,-27.8504033],[-53.9545089,-27.8301208],[-53.9621944,-27.8257421]],[[-51.3971131,-28.6403893],[-51.4095301,-28.6455842]],[[-51.4278135,-28.6676807],[-51.435991,-28.6677922],[-51.4450255,-28.6726004],[-51.4458447,-28.6780729],[-51.452392,-28.6823481],[-51.4490851,-28.6846862],[-51.4381697,-28.6866369]],[[-51.4381697,-28.6866369],[-51.432176,-28.7090462],[-51.4403662,-28.7159679],[-51.4255764,-28.7387994],[-51.4246669,-28.7444695],[-51.4357576,-28.7521422],[-51.4314142,-28.7714701],[-51.4544367,-28.7855739],[-51.4485215,-28.7943691],[-51.4339276,-28.8033973],[-51.4377189,-28.8058297]],[[-51.1882044,-28.8517489],[-51.1664778,-28.8554936]],[[-51.2613828,-28.5917314],[-51.2558831,-28.5888158]],[[-51.2558831,-28.5888158],[-51.2541562,-28.5803435],[-51.2849509,-28.5863687],[-51.3339826,-28.5833367],[-51.3354075,-28.5957142],[-51.3474993,-28.5995085],[-51.3480878,-28.6112095],[-51.3686086,-28.6330324],[-51.3846814,-28.6403528],[-51.3816127,-28.6502202],[-51.3896241,-28.6438847],[-51.3971131,-28.6403893]],[[-52.4089937,-27.8579931],[-52.4292067,-27.8633817],[-52.4343972,-27.8793828],[-52.4491066,-27.8865263],[-52.4605631,-27.9074764],[-52.4668015,-27.9079845],[-52.4892384,-27.9129857],[-52.5137951,-27.92548],[-52.5199031,-27.9245129],[-52.5246611,-27.9354168],[-52.525264,-27.9400189],[-52.5241178,-27.9420593]],[[-52.5241178,-27.9420593],[-52.5145012,-27.9437559]],[[-52.5145012,-27.9437559],[-52.4966974,-27.9491798],[-52.4949411,-27.9603326],[-52.4769077,-27.9590354],[-52.4693051,-27.9759131],[-52.4542531,-27.9748797],[-52.4484254,-27.9853264],[-52.4264682,-27.9832023],[-52.404425,-27.9913982],[-52.4010427,-27.9833927],[-52.3660344,-27.9788838],[-52.3420377,-27.982209],[-52.3348005,-27.9765327]],[[-52.3494992,-27.9016163],[-52.3504071,-27.8980781]],[[-53.1876885,-27.1922631],[-53.1987233,-27.1919603],[-53.2320857,-27.1711117],[-53.2447384,-27.1728341],[-53.2595806,-27.1832664],[-53.293067,-27.1969193],[-53.3078492,-27.2165417],[-53.3224609,-27.2098944]],[[-53.3224609,-27.2098944],[-53.3268702,-27.2205407]],[[-53.263875,-27.3305094],[-53.2576246,-27.3396764]],[[-53.2023053,-27.3118564],[-53.1953084,-27.3021215]],[[-53.1953084,-27.3021215],[-53.2051227,-27.2965553],[-53.1934726,-27.2915134],[-53.175088,-27.2893239],[-53.159317,-27.2823907]],[[-53.159317,-27.2823907],[-53.1579615,-27.2774679]],[[-53.6871913,-29.4670714],[-53.6923765,-29.4617598]],[[-53.6923765,-29.4617598],[-53.6961121,-29.4785027],[-53.714489,-29.4854197],[-53.7233207,-29.4903867],[-53.7382387,-29.4916727],[-53.7648423,-29.5212971],[-53.7715735,-29.5210039],[-53.8273236,-29.5576877],[-53.8419719,-29.5650748],[-53.8418927,-29.5854607]],[[-53.8418927,-29.5854607],[-53.8560648,-29.5922664]],[[-53.8560648,-29.5922664],[-53.8532446,-29.593815],[-53.8381488,-29.5940393],[-53.8327465,-29.6006499],[-53.8304221,-29.6059913],[-53.8312961,-29.6080908],[-53.8291122,-29.6175154],[-53.8229217,-29.6215345]],[[-53.8229217,-29.6215345],[-53.8159055,-29.6250226],[-53.8061315,-29.6416804],[-53.7834484,-29.6427414],[-53.7689038,-29.6579134],[-53.7474638,-29.6468005],[-53.7385984,-29.6484207],[-53.7105347,-29.6312362],[-53.7158494,-29.6176641],[-53.7135873,-29.6023732],[-53.6992396,-29.5861226],[-53.7051222,-29.5675624],[-53.7014437,-29.549493]],[[-53.7014437,-29.549493],[-53.708564,-29.5457671],[-53.716576,-29.5217442],[-53.6872853,-29.4861578],[-53.6871913,-29.4670714]],[[-55.3245724,-28.6564997],[-55.3304587,-28.6674437],[-55.3635544,-28.6607842],[-55.3947452,-28.6579741],[-55.4272651,-28.650993],[-55.4397275,-28.6729966],[-55.4657745,-28.6638476],[-55.4814988,-28.6686986],[-55.4909574,-28.664713],[-55.4950342,-28.6801961],[-55.4891046,-28.6905374],[-55.5146487,-28.7060842],[-55.5262313,-28.6904108],[-55.5316054,-28.6863746],[-55.5360586,-28.6979955],[-55.5498372,-28.7074737]],[[-55.5498372,-28.7074737],[-55.5477228,-28.7085949]],[[-55.5477228,-28.7085949],[-55.5354483,-28.710658],[-55.534324,-28.7301172],[-55.5200545,-28.7263082],[-55.4960992,-28.7398101],[-55.5076276,-28.74475],[-55.5040378,-28.7640986],[-55.4954597,-28.7648405],[-55.4788641,-28.7981005],[-55.4658121,-28.8121235],[-55.4488054,-28.8128844],[-55.4327733,-28.8274423],[-55.4311503,-28.8578478],[-55.3834221,-28.8747101],[-55.3733434,-28.8781645],[-55.375861,-28.900697],[-55.3730301,-28.9205678],[-55.3423163,-28.9427698],[-55.3292986,-28.939111],[-55.3209727,-28.9420301]],[[-55.3209727,-28.9420301],[-55.3194959,-28.953957]],[[-55.3194959,-28.953957],[-55.3022008,-28.9551313],[-55.2729052,-28.9718275],[-55.2278938,-28.9818129],[-55.1975678,-28.9791399],[-55.1964446,-28.9577712],[-55.1779708,-28.9431616],[-55.1694241,-28.9481916],[-55.1339838,-28.9458154],[-55.1011006,-28.9551939],[-55.0895719,-28.9501111],[-55.0774457,-28.9397221],[-55.0764327,-28.9353962],[-55.0729246,-28.9326862]],[[-55.0729246,-28.9326862],[-55.0752238,-28.9282815]],[[-55.0752238,-28.9282815],[-55.0728254,-28.9215552],[-55.0952126,-28.9098797],[-55.0742516,-28.8931483],[-55.0524045,-28.8969501],[-55.0465848,-28.8875461],[-55.0533751,-28.8753843],[-55.0517123,-28.8480831],[-55.0420912,-28.8357402],[-55.0240542,-28.8382429],[-54.9972978,-28.8234391],[-54.9794844,-28.8187293],[-54.9715718,-28.8130892],[-54.9636238,-28.8125254],[-54.9610182,-28.8106963],[-54.9605805,-28.8084395]],[[-54.9605805,-28.8084395],[-54.9645784,-28.8082729]],[[-55.3145207,-28.6646322],[-55.3245724,-28.6564997]],[[-52.2569626,-28.6805227],[-52.2784913,-28.6960762],[-52.2777524,-28.7351771],[-52.3008129,-28.7479839],[-52.2952526,-28.7625713],[-52.3044775,-28.7720552],[-52.3238245,-28.8084978]],[[-52.3238245,-28.8084978],[-52.3273161,-28.8136269]],[[-52.0633376,-28.80959],[-52.0609686,-28.8057867]],[[-52.0609686,-28.8057867],[-52.0744083,-28.7823171],[-52.0683582,-28.773633],[-52.0785994,-28.762772],[-52.0711871,-28.7541354],[-52.0685214,-28.747364],[-52.0723334,-28.7429102]],[[-52.0723334,-28.7429102],[-52.0784546,-28.7414351]],[[-52.0784546,-28.7414351],[-52.0888873,-28.7455174],[-52.108157,-28.7409401],[-52.1367349,-28.742108],[-52.156944,-28.7527897],[-52.181587,-28.7520834],[-52.1940604,-28.7420026],[-52.2107399,-28.7560173],[-52.2246737,-28.7614508],[-52.2475145,-28.7498465],[-52.2561775,-28.7352128],[-52.258016,-28.7208416],[-52.2460775,-28.7060941],[-52.2569626,-28.6805227]],[[-56.0862841,-28.8571916],[-56.1033499,-28.8490411],[-56.1223786,-28.8551621],[-56.1321437,-28.8663462],[-56.1601392,-28.8627855],[-56.1726269,-28.8751431],[-56.17871,-28.9009917],[-56.1905368,-28.9018652],[-56.2080573,-28.9134382],[-56.2069023,-28.9202556],[-56.2103501,-28.9199916],[-56.2318003,-28.9375222],[-56.2477461,-28.9351007],[-56.264062,-28.9422723],[-56.2815067,-28.9429411],[-56.3232713,-28.9247252]],[[-56.3232713,-28.9247252],[-56.3441939,-28.9400565],[-56.3789902,-28.9480299],[-56.406336,-28.9725956],[-56.4161742,-29.0007364],[-56.3991173,-29.0173516],[-56.4100027,-29.0386555],[-56.4131021,-29.0619185],[-56.4304202,-29.0795035],[-56.5030254,-29.0886616],[-56.5148555,-29.092662],[-56.5501313,-29.1166534],[-56.567982,-29.1140835],[-56.5887534,-29.1198128],[-56.5948743,-29.1362911],[-56.6169245,-29.1710693],[-56.645843,-29.200294],[-56.6547606,-29.223794],[-56.6492068,-29.2549564],[-56.6645228,-29.2949909],[-56.6891201,-29.3339664],[-56.6999653,-29.3564409],[-56.7129681,-29.3673526],[-56.758703,-29.3709046],[-56.7731516,-29.3869927],[-56.7799557,-29.4199553]],[[-56.7799557,-29.4199553],[-56.7307384,-29.405527],[-56.7031138,-29.4001867],[-56.681912,-29.406572],[-56.6712204,-29.4255133],[-56.6604693,-29.4233443]],[[-55.8501227,-29.411277],[-55.8495794,-29.4021046],[-55.8377319,-29.3965628],[-55.8141705,-29.390699],[-55.8150735,-29.3619948],[-55.804139,-29.3660919],[-55.7986586,-29.3446678],[-55.7725263,-29.3421022],[-55.7567187,-29.3280474],[-55.7364983,-29.3314003],[-55.7114193,-29.3155092],[-55.6967501,-29.2986831],[-55.69601,-29.2866609],[-55.6732033,-29.2891429],[-55.6464886,-29.2788627],[-55.6397089,-29.257417],[-55.6418916,-29.2464254],[-55.6280439,-29.2404673],[-55.6119802,-29.2171977],[-55.6053015,-29.2243543],[-55.5853447,-29.2188274],[-55.5685866,-29.2236279],[-55.5606017,-29.2102675],[-55.5327621,-29.1960141],[-55.5011254,-29.1966783],[-55.4895797,-29.1991877]],[[-55.4895797,-29.1991877],[-55.4803741,-29.1985501]],[[-55.4803741,-29.1985501],[-55.4770964,-29.170685],[-55.4869086,-29.160082],[-55.4962437,-29.1326549],[-55.5051799,-29.1273229],[-55.5095651,-29.0983502],[-55.5274153,-29.0850675],[-55.5323609,-29.0719945],[-55.5702228,-29.0935561],[-55.6271722,-29.0933485],[-55.6471638,-29.1079438],[-55.692589,-29.1079637],[-55.7309426,-29.1234605],[-55.8088841,-29.1276544],[-55.8549612,-29.1369998],[-55.9123596,-29.1563872],[-55.9802996,-29.1524287],[-56.0508435,-29.149952],[-56.1117883,-29.1529543],[-56.1711168,-29.1607844],[-56.1838314,-29.154207],[-56.179775,-29.133521],[-56.2377701,-29.1175824],[-56.2612483,-29.1089819],[-56.268743,-29.0951537],[-56.1876757,-29.0142311],[-56.1193724,-28.9412063],[-56.0970157,-28.9197605],[-56.0903017,-28.9050769],[-56.0815813,-28.8566816]],[[-56.0815813,-28.8566816],[-56.0862841,-28.8571916]],[[-50.1712946,-29.5216399],[-50.1702925,-29.5427041]],[[-50.1702925,-29.5427041],[-50.160501,-29.5696527],[-50.1659193,-29.5753428]],[[-50.1659193,-29.5753428],[-50.173791,-29.5850745],[-50.1719043,-29.5978034]],[[-50.1719043,-29.5978034],[-50.1618063,-29.6003048],[-50.1549419,-29.5900239],[-50.1522433,-29.6008393]],[[-50.1522433,-29.6008393],[-50.1467177,-29.5972336]],[[-50.1467177,-29.5972336],[-50.1324048,-29.5918737],[-50.1118697,-29.5739651],[-50.1094002,-29.5594771],[-50.0815218,-29.5480075]],[[-50.0815218,-29.5480075],[-50.080554,-29.541989]],[[-50.080554,-29.541989],[-50.0994744,-29.5000075],[-50.1010651,-29.4821017],[-50.1161354,-29.4776822],[-50.1259739,-29.4645467],[-50.1305299,-29.4415071],[-50.147673,-29.436011],[-50.1699676,-29.4190217],[-50.1825527,-29.4003044],[-50.182422,-29.3906233],[-50.1551818,-29.3552411],[-50.1202408,-29.3433339],[-50.0969999,-29.3391203],[-50.0895411,-29.3468535]],[[-50.0895411,-29.3468535],[-50.0833902,-29.3477121]],[[-50.0833902,-29.3477121],[-50.0863815,-29.3325451],[-50.1055,-29.3280979],[-50.1156511,-29.3277071],[-50.1161907,-29.3258003],[-50.1200769,-29.3256763],[-50.1154406,-29.3344108],[-50.120391,-29.3342334],[-50.1295714,-29.3365381],[-50.1649285,-29.3438226],[-50.1756507,-29.349859],[-50.1830108,-29.3648363],[-50.1946941,-29.3634126],[-50.2073687,-29.3614158],[-50.1946158,-29.3525711],[-50.2076527,-29.3381544],[-50.2125987,-29.3342867],[-50.2154732,-29.3389934],[-50.2224871,-29.3398272],[-50.2432639,-29.3355243],[-50.2516108,-29.3344538],[-50.2496775,-29.3349874],[-50.2516978,-29.3404623],[-50.2390064,-29.3539728],[-50.238241,-29.3615906],[-50.2449657,-29.3739548],[-50.2200357,-29.3894407],[-50.2229334,-29.417145],[-50.2349947,-29.4130202],[-50.2409038,-29.4267126],[-50.2220462,-29.4321783],[-50.2110924,-29.4420461],[-50.2069456,-29.4704608],[-50.2196874,-29.479277],[-50.2133705,-29.4770431],[-50.1994744,-29.4839024],[-50.1831326,-29.4779227],[-50.1864147,-29.5035429],[-50.1712946,-29.5216399]],[[-52.4232379,-27.2902948],[-52.421852,-27.2898815],[-52.4188479,-27.2831892],[-52.4362501,-27.2670972],[-52.4420748,-27.2505129],[-52.4301314,-27.2224496],[-52.4462101,-27.217412],[-52.4798149,-27.2355428],[-52.4763924,-27.2605782],[-52.4930183,-27.2671533],[-52.5362605,-27.2600911]],[[-52.5216771,-27.4754841],[-52.5119785,-27.4866934]],[[-52.4470235,-27.4944344],[-52.4368242,-27.4945904]],[[-53.5184037,-29.4710208],[-53.5522424,-29.440903],[-53.5683627,-29.459364],[-53.5707801,-29.4809126],[-53.590188,-29.4656569],[-53.6115784,-29.4625761],[-53.6227336,-29.4676748],[-53.6194884,-29.4858305],[-53.6395543,-29.4917071],[-53.6546586,-29.5080682],[-53.6549626,-29.5196851],[-53.6498038,-29.5356506],[-53.6298552,-29.5683744],[-53.620166,-29.5716634],[-53.5949101,-29.5668326]],[[-53.5949101,-29.5668326],[-53.5783053,-29.5783545]],[[-53.5783053,-29.5783545],[-53.5656827,-29.5800848],[-53.5532195,-29.5724636]],[[-53.5532195,-29.5724636],[-53.549727,-29.5743508]],[[-53.5072024,-29.5171428],[-53.512972,-29.5086207],[-53.5119918,-29.489119],[-53.5208837,-29.4812349]],[[-53.5208837,-29.4812349],[-53.5184037,-29.4710208]],[[-51.1163735,-29.5440598],[-51.1408588,-29.540397],[-51.150959,-29.5321208],[-51.158072,-29.5400537],[-51.1962435,-29.5473374],[-51.2025079,-29.5516149],[-51.2052989,-29.5572282]],[[-51.2052989,-29.5572282],[-51.1900398,-29.5593344]],[[-51.1900398,-29.5593344],[-51.1958877,-29.5868873],[-51.1922748,-29.5953505],[-51.1933467,-29.6157504],[-51.1964411,-29.6164563]],[[-51.1964411,-29.6164563],[-51.165916,-29.6218702]],[[-51.1346017,-29.638074],[-51.1298792,-29.6385706]],[[-51.1276897,-29.6087869],[-51.1163735,-29.5440598]],[[-53.2748577,-27.5205106],[-53.2758226,-27.5179907]],[[-53.2758226,-27.5179907],[-53.2807915,-27.5193972],[-53.2828021,-27.5216924],[-53.2861667,-27.5218478],[-53.2915501,-27.5265434],[-53.2885947,-27.5307208],[-53.2830202,-27.5461022],[-53.2930657,-27.5744182],[-53.3143626,-27.6007302]],[[-53.3143626,-27.6007302],[-53.3152238,-27.6028328]],[[-53.299585,-27.6947641],[-53.2967613,-27.7053181],[-53.2916613,-27.7069097],[-53.2777613,-27.7078668]],[[-53.2777613,-27.7078668],[-53.2679003,-27.7142405],[-53.2551036,-27.7053071]],[[-53.2551036,-27.7053071],[-53.2471292,-27.7003528],[-53.2358938,-27.6865843],[-53.2325381,-27.6784927],[-53.2205705,-27.6601628]],[[-53.2205705,-27.6601628],[-53.2204002,-27.6535511],[-53.2172443,-27.6499507]],[[-53.2062892,-27.6000795],[-53.2271699,-27.5926291]],[[-53.2271699,-27.5926291],[-53.2418352,-27.5847357]],[[-53.2418352,-27.5847357],[-53.2553073,-27.5805935],[-53.2676185,-27.5487273],[-53.2702269,-27.5246338],[-53.2748577,-27.5205106]],[[-53.0164417,-28.9466342],[-53.0199693,-28.950894]],[[-53.1463395,-28.9969722],[-53.1515479,-29.024731]],[[-53.1515479,-29.024731],[-53.1396982,-29.0269851],[-53.1309362,-29.0440402],[-53.1178607,-29.0442691],[-53.1060503,-29.0566219],[-53.1065227,-29.0660111],[-53.0837325,-29.0735165],[-53.0739256,-29.0830447],[-53.0780758,-29.1129023],[-53.0685476,-29.126415],[-53.0642604,-29.1294878],[-53.0498302,-29.131228],[-53.0474048,-29.1299551],[-53.0408867,-29.1402622],[-53.0167519,-29.1556797]],[[-53.0167519,-29.1556797],[-53.0088677,-29.1545337]],[[-53.0047533,-29.1371087],[-52.9982524,-29.1267078]],[[-52.9982524,-29.1267078],[-52.9910358,-29.1212105],[-52.9879677,-29.123439],[-52.9865265,-29.1101922],[-52.974204,-29.096157],[-52.9484302,-29.095796],[-52.9576501,-29.0659961],[-52.9351173,-29.0669839],[-52.9163467,-29.0538501],[-52.8620827,-29.0397718],[-52.8579364,-29.0433524]],[[-52.8579364,-29.0433524],[-52.8552395,-29.0425707]],[[-52.4827964,-27.7194174],[-52.5003172,-27.7127633],[-52.5284491,-27.6884999],[-52.5519862,-27.6921746]],[[-52.5519862,-27.6921746],[-52.5613796,-27.6900087]],[[-52.6455359,-27.8526899],[-52.6439795,-27.8694825]],[[-52.6439795,-27.8694825],[-52.6249906,-27.8715844],[-52.619063,-27.8748743],[-52.6163896,-27.8687592],[-52.607233,-27.8696244],[-52.5997769,-27.875334],[-52.6098198,-27.8791429]],[[-52.6098198,-27.8791429],[-52.5929059,-27.8850908]],[[-52.5929059,-27.8850908],[-52.5806298,-27.8763986],[-52.5746612,-27.8779531],[-52.5751512,-27.8809276],[-52.5708932,-27.8817818],[-52.5600009,-27.872843],[-52.5523217,-27.8609924],[-52.5259799,-27.8396393],[-52.4946952,-27.8065631],[-52.4877203,-27.7689807],[-52.467855,-27.7544179],[-52.4615371,-27.7503116],[-52.4575918,-27.7424967],[-52.465698,-27.7372537]],[[-52.465698,-27.7372537],[-52.466985,-27.7380795]],[[-52.466985,-27.7380795],[-52.4817488,-27.723164],[-52.4822095,-27.7208298]],[[-52.4822095,-27.7208298],[-52.4827964,-27.7194174]],[[-53.6756582,-32.2372058],[-53.677794,-32.2585979],[-53.6571763,-32.2886955],[-53.6428639,-32.2962995],[-53.6473547,-32.3119553],[-53.6449773,-32.3323926],[-53.6341498,-32.34754],[-53.6436201,-32.3682487],[-53.6452054,-32.3838542],[-53.6143752,-32.398404],[-53.6150311,-32.416573],[-53.5888356,-32.435173],[-53.5840398,-32.4513054],[-53.5670614,-32.4585327],[-53.5551652,-32.4733766],[-53.5106304,-32.4866035],[-53.4995539,-32.4810385],[-53.4709373,-32.4806894],[-53.4565768,-32.5167487],[-53.4368959,-32.5481619],[-53.4033945,-32.5799895],[-53.3881204,-32.5869281],[-53.369697,-32.569866],[-53.3555381,-32.5905746],[-53.3388153,-32.5846223],[-53.3071926,-32.6033634],[-53.2888051,-32.6210966],[-53.271797,-32.6052235],[-53.2455852,-32.6071117],[-53.2370648,-32.6297685],[-53.2146823,-32.638817],[-53.1667213,-32.648587],[-53.1283785,-32.6384631],[-53.1085261,-32.6430143],[-53.0846437,-32.6582422],[-53.0769654,-32.6278228],[-53.0629964,-32.6180597],[-53.0201046,-32.6130717],[-53.0007997,-32.5978724],[-52.9954627,-32.5826754],[-52.9918651,-32.5452278],[-52.9842148,-32.5151296],[-52.9877486,-32.5106312],[-52.9679581,-32.490484]],[[-53.2966328,-32.2256838],[-53.3201002,-32.2211067]],[[-54.7508779,-29.3914595],[-54.756235,-29.3984226]],[[-54.756235,-29.3984226],[-54.7488777,-29.4436568],[-54.7505585,-29.4609782],[-54.7778371,-29.4748452],[-54.7939034,-29.4912971],[-54.8090927,-29.4926517],[-54.8211953,-29.5010936]],[[-54.8211953,-29.5010936],[-54.8345039,-29.5055358]],[[-54.8345039,-29.5055358],[-54.8419691,-29.5196393],[-54.8605303,-29.5374553],[-54.8622495,-29.5449127],[-54.8515134,-29.5475584],[-54.8368322,-29.5593584],[-54.8328499,-29.574565],[-54.8214114,-29.5717477],[-54.7969962,-29.5774877],[-54.7870822,-29.5968159],[-54.7838002,-29.5985097],[-54.7969638,-29.6178758]],[[-54.7969638,-29.6178758],[-54.7980007,-29.623817]],[[-54.7980007,-29.623817],[-54.7778319,-29.6135768]],[[-54.7778319,-29.6135768],[-54.7543876,-29.6128158],[-54.7360523,-29.5894317],[-54.7274899,-29.5947409],[-54.7015802,-29.5856934],[-54.6969352,-29.5761653],[-54.6724585,-29.5621234],[-54.6585524,-29.5608807],[-54.6328596,-29.5727697],[-54.6273551,-29.5505415],[-54.6004574,-29.5431028],[-54.5913699,-29.5325122],[-54.5832659,-29.5310146],[-54.5728547,-29.5336268]],[[-54.5728547,-29.5336268],[-54.5650853,-29.5254741]],[[-54.5650853,-29.5254741],[-54.5677731,-29.5041087],[-54.5680784,-29.4855472],[-54.5405685,-29.4578902],[-54.5189569,-29.4579224],[-54.5177803,-29.447688],[-54.5102395,-29.443998],[-54.4847869,-29.4579695],[-54.4681759,-29.4568982],[-54.4454153,-29.4663703],[-54.4260206,-29.4590178],[-54.3975125,-29.4570195]],[[-54.3975125,-29.4570195],[-54.3946533,-29.4520709]],[[-54.3946533,-29.4520709],[-54.3979009,-29.4406927],[-54.4276252,-29.4362617],[-54.4304852,-29.4245226],[-54.4627286,-29.4136472],[-54.4832349,-29.4099224],[-54.4963319,-29.3907845],[-54.4856218,-29.3805284],[-54.5021609,-29.3691973],[-54.5018471,-29.3516315],[-54.5054014,-29.3412765],[-54.4937076,-29.3379651],[-54.4924822,-29.3317175],[-54.5018921,-29.3276083]],[[-54.5018921,-29.3276083],[-54.5061301,-29.3257951],[-54.5128283,-29.3177673],[-54.5493376,-29.3100087],[-54.5638058,-29.3154696],[-54.5921204,-29.3432727],[-54.5895456,-29.3583818],[-54.6170725,-29.3487278],[-54.6211626,-29.3325746],[-54.6300595,-29.3277289],[-54.6264908,-29.3123466],[-54.6445266,-29.3117827],[-54.6656849,-29.3238283],[-54.6866212,-29.3247308],[-54.6862869,-29.3940504],[-54.706259,-29.3883852],[-54.7161286,-29.3939097],[-54.7394882,-29.3956243],[-54.7508779,-29.3914595]],[[-50.5860216,-28.8033095],[-50.6042638,-28.8100551]],[[-50.6042638,-28.8100551],[-50.6044547,-28.8163674],[-50.6002188,-28.8227581],[-50.6047486,-28.8318471],[-50.5783625,-28.8465267],[-50.5727036,-28.8632496],[-50.5611764,-28.8722874],[-50.5563091,-28.8839722],[-50.5498392,-28.8916388]],[[-50.5498392,-28.8916388],[-50.5392471,-28.8877711],[-50.5346977,-28.887301],[-50.5290563,-28.889468],[-50.5253273,-28.8942588]],[[-50.5253273,-28.8942588],[-50.5193245,-28.8953408],[-50.5151235,-28.8996508],[-50.5073506,-28.9141352],[-50.4975258,-28.9275593],[-50.4865833,-28.9273511],[-50.4877745,-28.9296962],[-50.4712995,-28.9473716],[-50.4632649,-28.9599489],[-50.4643855,-28.9950314],[-50.4558226,-29.0373306],[-50.4432588,-29.0516342],[-50.4315025,-29.0754633],[-50.4443459,-29.1163474],[-50.4438905,-29.1292431],[-50.4283126,-29.1315103],[-50.4078032,-29.1202258],[-50.3667608,-29.1044523],[-50.3618603,-29.112933]],[[-50.3618603,-29.112933],[-50.3548128,-29.1183001]],[[-50.1934966,-28.8394951],[-50.2061301,-28.8408137]],[[-50.2061301,-28.8408137],[-50.2110663,-28.8316787]],[[-50.2110663,-28.8316787],[-50.2183743,-28.8197439]],[[-54.3658805,-29.1867068],[-54.3749718,-29.1919162]],[[-54.3749718,-29.1919162],[-54.3747587,-29.2023137],[-54.3966077,-29.2014352],[-54.3923172,-29.215099],[-54.4182087,-29.2391073],[-54.4311666,-29.2373321],[-54.4234973,-29.2474124],[-54.4321956,-29.2543053],[-54.4402241,-29.277043],[-54.4250014,-29.2924619],[-54.467988,-29.3181566],[-54.464358,-29.3263124],[-54.4727591,-29.3187461],[-54.5018921,-29.3276083]],[[-54.3946533,-29.4520709],[-54.3917844,-29.4373039]],[[-54.3917844,-29.4373039],[-54.3763694,-29.4290827],[-54.3706079,-29.4104673],[-54.3499296,-29.4196342],[-54.3436826,-29.4290429],[-54.3081806,-29.4318327],[-54.3123399,-29.4149199],[-54.2781097,-29.4231045],[-54.2667555,-29.4096862],[-54.2251244,-29.4102403],[-54.2129085,-29.425195]],[[-54.2129085,-29.425195],[-54.2080336,-29.41987]],[[-54.2080336,-29.41987],[-54.1990817,-29.3922905],[-54.1861544,-29.381936],[-54.1869967,-29.3727506],[-54.1679597,-29.337274],[-54.1528886,-29.31713],[-54.1618208,-29.3104469],[-54.1581633,-29.2863266],[-54.1340193,-29.2724745],[-54.1303499,-29.2619305],[-54.1123137,-29.2385889],[-54.0881811,-29.2393513],[-54.0848011,-29.2233069],[-54.0705255,-29.2038889]],[[-54.0705255,-29.2038889],[-54.0727884,-29.1973819]],[[-54.0727884,-29.1973819],[-54.0817063,-29.1908862],[-54.1270624,-29.1901264],[-54.1701631,-29.1924378],[-54.1654411,-29.1793338],[-54.1965485,-29.1637737],[-54.2150478,-29.1618092],[-54.2458304,-29.1524589],[-54.2713426,-29.1298526],[-54.2852217,-29.1129912],[-54.2865001,-29.1012245],[-54.2914563,-29.0894002],[-54.2994694,-29.126681],[-54.3071916,-29.1264037],[-54.3258176,-29.1419842],[-54.3424725,-29.1438842],[-54.3474335,-29.1576887],[-54.3336885,-29.1635528],[-54.3430947,-29.1814062],[-54.3680741,-29.1765086],[-54.3658805,-29.1867068]],[[-54.3718907,-28.700874],[-54.382412,-28.6968525]],[[-54.382412,-28.6968525],[-54.4028085,-28.7097514],[-54.4051016,-28.7176721],[-54.4112671,-28.7356623],[-54.4073443,-28.7295973],[-54.3976123,-28.7264925],[-54.3949376,-28.746582],[-54.4013378,-28.7531351],[-54.3935984,-28.7644319],[-54.3947012,-28.7868907],[-54.3745701,-28.7926901],[-54.3640238,-28.7843692],[-54.3561235,-28.8252547],[-54.3610453,-28.8368158],[-54.3561165,-28.8510539],[-54.3631488,-28.8655334],[-54.3575314,-28.8858722],[-54.3542096,-28.8938605],[-54.3409641,-28.9086305],[-54.3324548,-28.9275442],[-54.3309076,-28.9310848]],[[-54.3309076,-28.9310848],[-54.3167196,-28.9286598]],[[-54.3167196,-28.9286598],[-54.3073071,-28.9289561],[-54.2795654,-28.9205789],[-54.2706612,-28.9129846]],[[-54.2706612,-28.9129846],[-54.2662228,-28.9116127],[-54.2617289,-28.9122841],[-54.2330912,-28.9253322]],[[-54.2330912,-28.9253322],[-54.2158135,-28.9202626],[-54.2007132,-28.9010094],[-54.1860386,-28.8941349],[-54.1492349,-28.8949627],[-54.1348661,-28.882605],[-54.1183286,-28.8876712],[-54.0952653,-28.9049402],[-54.0481768,-28.9117876],[-54.0237492,-28.9039921],[-53.9962008,-28.9039769],[-53.9799488,-28.8980142],[-53.9529096,-28.8983641],[-53.9591254,-28.8872162],[-53.9550945,-28.8749016],[-53.9421516,-28.8758158],[-53.9420668,-28.8616695],[-53.9253411,-28.8405121],[-53.9060997,-28.8225873],[-53.9018613,-28.8209677],[-53.9036522,-28.8151524]],[[-53.9036522,-28.8151524],[-53.9065424,-28.8118917]],[[-53.9702993,-28.6526015],[-53.975753,-28.6467975]],[[-54.119711,-28.5611627],[-54.1329711,-28.556698]],[[-53.5585814,-28.9631734],[-53.5648719,-28.9677478]],[[-53.5648719,-28.9677478],[-53.5784691,-28.9750892],[-53.5851193,-28.9891259],[-53.5958486,-28.9876744],[-53.630073,-29.0309795],[-53.6453982,-29.0297316],[-53.6640827,-29.0583367],[-53.664291,-29.0881781],[-53.6714308,-29.1024209],[-53.6925048,-29.1193748],[-53.7093466,-29.1396363],[-53.7178768,-29.1394534],[-53.7576338,-29.1638912],[-53.7791124,-29.1536596],[-53.8485608,-29.1417624],[-53.8686323,-29.1452417],[-53.8769436,-29.1632831],[-53.894323,-29.172736],[-53.8917406,-29.1825978],[-53.9013817,-29.1894115],[-53.9137724,-29.1976518],[-53.9040114,-29.2107795],[-53.9199147,-29.22067]],[[-53.9199147,-29.22067],[-53.9176527,-29.2263877]],[[-53.9176527,-29.2263877],[-53.9268808,-29.2334113],[-53.931394,-29.2508542],[-53.9420103,-29.2465349],[-53.9476526,-29.2734598],[-53.9690207,-29.2978763],[-53.9813024,-29.2942121],[-53.99318,-29.3176838],[-54.0010834,-29.3539105],[-54.0160001,-29.359495],[-54.0143658,-29.3820164],[-54.0000186,-29.3924627],[-54.0005543,-29.3963574],[-54.0147738,-29.3969863],[-54.0270646,-29.4047458]],[[-54.0270646,-29.4047458],[-54.0204508,-29.4093625],[-54.0163729,-29.4110592],[-54.0090913,-29.4129617],[-53.9964268,-29.4087984],[-53.9469139,-29.4043744],[-53.9323039,-29.3950825],[-53.9138236,-29.3952568],[-53.8965596,-29.3834855],[-53.8902526,-29.3947289],[-53.8687405,-29.3835079],[-53.8617832,-29.3743113],[-53.8364559,-29.3680007],[-53.7996121,-29.3702718],[-53.7934455,-29.3743727],[-53.8009377,-29.3591345],[-53.7927427,-29.3592808],[-53.7875489,-29.3584146],[-53.7856289,-29.3550979],[-53.7655525,-29.3447566],[-53.7624225,-29.3632567],[-53.7180932,-29.3946374],[-53.7198976,-29.4050009],[-53.6967039,-29.4108892],[-53.6898611,-29.460417]],[[-53.6898611,-29.460417],[-53.6871913,-29.4670714]],[[-53.7014437,-29.549493],[-53.6871546,-29.5758977],[-53.6723136,-29.5806911],[-53.6555218,-29.5941763],[-53.6272273,-29.604729]],[[-53.6272273,-29.604729],[-53.5828508,-29.5770382]],[[-53.5828508,-29.5770382],[-53.5949101,-29.5668326]],[[-53.5184037,-29.4710208],[-53.5164567,-29.4684985]],[[-53.5164567,-29.4684985],[-53.4990871,-29.4550237],[-53.4992514,-29.4440171],[-53.5085928,-29.4331277],[-53.505807,-29.4252524],[-53.5102188,-29.4192233],[-53.5257228,-29.4056026],[-53.5238629,-29.385059],[-53.5211871,-29.3816465],[-53.5023316,-29.362908],[-53.4704101,-29.3512446],[-53.4547477,-29.3520764],[-53.4403805,-29.3420155]],[[-53.4403805,-29.3420155],[-53.4536446,-29.3246481]],[[-53.4536446,-29.3246481],[-53.4676096,-29.3072151],[-53.4417785,-29.2802861],[-53.445889,-29.2637042],[-53.4651728,-29.2534435],[-53.4631782,-29.2121107],[-53.4419406,-29.183207],[-53.4045566,-29.1854069],[-53.374438,-29.1785267],[-53.3518823,-29.1895249],[-53.347457,-29.1868425],[-53.344243,-29.1770266],[-53.3291922,-29.1691041],[-53.3199701,-29.1739941],[-53.3119745,-29.1757227],[-53.3066483,-29.1910633],[-53.2820687,-29.1961507],[-53.2793761,-29.2019423]],[[-53.2793761,-29.2019423],[-53.2750506,-29.1927535],[-53.2596733,-29.1879685]],[[-53.2580609,-29.1528416],[-53.2685309,-29.139547]],[[-53.2685309,-29.139547],[-53.2758749,-29.1456784],[-53.2787486,-29.1313934],[-53.2902073,-29.1278134],[-53.3321161,-29.1282236],[-53.3484542,-29.1184864],[-53.3857798,-29.1237437],[-53.4086062,-29.1122531],[-53.4290835,-29.0949267],[-53.4447272,-29.0888204]],[[-53.4447272,-29.0888204],[-53.4458428,-29.0864856]],[[-53.504973,-29.0460362],[-53.5199861,-29.0285941]],[[-53.0925918,-29.4686032],[-53.0970693,-29.4651343]],[[-53.0323579,-29.553381],[-53.0282206,-29.5509386]],[[-53.0345948,-29.5345946],[-53.0225163,-29.5308801],[-53.0066681,-29.5455195]],[[-52.9827079,-29.5541681],[-52.9797346,-29.556847]],[[-52.9664458,-29.5161069],[-52.9632624,-29.5106371]],[[-52.9632624,-29.5106371],[-52.9675567,-29.5100865],[-52.973394,-29.5092924],[-52.9735123,-29.493338],[-52.9874871,-29.4808744],[-53.0090116,-29.4703114],[-53.0118902,-29.4664706]],[[-53.0118902,-29.4664706],[-53.0194297,-29.4624074]],[[-53.0194297,-29.4624074],[-53.0398171,-29.4598289],[-53.0460958,-29.4528466],[-53.0556323,-29.4627331],[-53.0908493,-29.4598317],[-53.0925918,-29.4686032]],[[-52.7927154,-29.1174051],[-52.8165247,-29.1183498],[-52.8210235,-29.1244511],[-52.8247366,-29.1258375],[-52.8301265,-29.1337469],[-52.8406651,-29.1402068],[-52.8691412,-29.1847898],[-52.8730659,-29.1918927],[-52.8833043,-29.1978161]],[[-52.8833043,-29.1978161],[-52.8830211,-29.2043169],[-52.885027,-29.2090965],[-52.8956177,-29.2132573]],[[-52.8956177,-29.2132573],[-52.8978063,-29.2212695],[-52.8994457,-29.2236196],[-52.8929583,-29.2320618],[-52.892547,-29.2454145],[-52.8844981,-29.2553954],[-52.8916612,-29.2631982],[-52.8930834,-29.2721773],[-52.8825789,-29.3009345],[-52.8901656,-29.3196909],[-52.8719599,-29.3218224],[-52.8579671,-29.3172714],[-52.8450916,-29.3238732],[-52.8415582,-29.3284547],[-52.8329611,-29.3248134],[-52.8279614,-29.3288217],[-52.8245664,-29.3279248]],[[-52.8245664,-29.3279248],[-52.822673,-29.3195037]],[[-52.822673,-29.3195037],[-52.8206547,-29.3165649],[-52.8106039,-29.3180827],[-52.7960532,-29.3303128],[-52.7922301,-29.3321056],[-52.7891323,-29.3341615],[-52.7813663,-29.3404558],[-52.7794,-29.3425942],[-52.7760238,-29.3517423],[-52.7592965,-29.3645605]],[[-52.7592965,-29.3645605],[-52.7502022,-29.3634193]],[[-52.7502022,-29.3634193],[-52.7432933,-29.3590325],[-52.7413886,-29.3488102],[-52.7365914,-29.346418],[-52.7404985,-29.3351773],[-52.7286811,-29.3362744],[-52.7276284,-29.3276953],[-52.7199514,-29.3114492],[-52.7168381,-29.305447],[-52.7114494,-29.3075186]],[[-52.7114494,-29.3075186],[-52.7205035,-29.3021757]],[[-52.6740293,-29.2331482],[-52.6756738,-29.2250328]],[[-52.7502893,-29.1532606],[-52.750974,-29.1440936]],[[-52.750974,-29.1440936],[-52.7843385,-29.1150854]],[[-52.7843385,-29.1150854],[-52.7927154,-29.1174051]],[[-52.7601041,-28.5428857],[-52.7770215,-28.5368492],[-52.7954604,-28.5186752],[-52.8172936,-28.532786],[-52.8328582,-28.5308401],[-52.8406644,-28.5213166],[-52.8523465,-28.5351409],[-52.8804711,-28.5204649],[-52.8962928,-28.5387657],[-52.9049517,-28.5321387],[-52.920635,-28.5401243]],[[-52.920635,-28.5401243],[-52.9180053,-28.5407713]],[[-52.9281016,-28.5803722],[-52.92402,-28.5848636]],[[-52.92402,-28.5848636],[-52.9183307,-28.5943481]],[[-52.9183307,-28.5943481],[-52.916775,-28.595751]],[[-52.916775,-28.595751],[-52.9000745,-28.5995064],[-52.8873741,-28.5986252],[-52.8636003,-28.597857],[-52.8377756,-28.6122509],[-52.7813142,-28.6245319],[-52.7751664,-28.6289864],[-52.7694167,-28.6292555],[-52.7627913,-28.6268342]],[[-52.7627913,-28.6268342],[-52.7657339,-28.6234815]],[[-52.7657339,-28.6234815],[-52.7517173,-28.5920136],[-52.7634025,-28.5867941],[-52.76297,-28.5447658]],[[-52.76297,-28.5447658],[-52.7601041,-28.5428857]],[[-51.3590439,-27.8628087],[-51.3765361,-27.849127]],[[-51.3765361,-27.849127],[-51.3792848,-27.8549061]],[[-51.445437,-27.9257394],[-51.4516838,-27.9248499],[-51.4532945,-27.9266398],[-51.4569377,-27.9275524],[-51.4583686,-27.9290089],[-51.4601508,-27.949232]],[[-51.4601508,-27.949232],[-51.4682967,-27.952304],[-51.5033969,-27.9523891],[-51.5092376,-27.9553827],[-51.5257348,-27.98396],[-51.5437442,-27.9908033],[-51.5565388,-27.9855962],[-51.574333,-27.9878393],[-51.5857356,-27.9742495],[-51.6085361,-27.9730095]],[[-51.6085361,-27.9730095],[-51.6279119,-27.9671295]],[[-51.6279119,-27.9671295],[-51.636232,-27.9662543],[-51.6448108,-27.9684848],[-51.6743476,-27.9826497]],[[-51.6743476,-27.9826497],[-51.6715058,-27.9830806]],[[-51.6715058,-27.9830806],[-51.6550782,-27.9886751],[-51.6459489,-27.993167],[-51.6509554,-28.0129942],[-51.6674312,-28.01455],[-51.6504385,-28.0257902],[-51.6393426,-28.0449259]],[[-51.6393426,-28.0449259],[-51.631187,-28.0473513]],[[-51.631187,-28.0473513],[-51.6243342,-28.0507374],[-51.6136843,-28.063044],[-51.6149107,-28.0652902],[-51.619099,-28.0669475],[-51.6240329,-28.071348]],[[-51.6962678,-28.1473676],[-51.6859406,-28.1572112]],[[-51.6371801,-28.248177],[-51.6356694,-28.2524855]],[[-51.6197554,-28.4796454],[-51.6168534,-28.4889896]],[[-51.6168534,-28.4889896],[-51.6181834,-28.5131068]],[[-51.6181834,-28.5131068],[-51.62063,-28.5171971]],[[-51.6028673,-28.535767],[-51.5977848,-28.5346642]],[[-51.4159492,-28.5320497],[-51.3907541,-28.5393703]],[[-51.3907541,-28.5393703],[-51.3706946,-28.5304854],[-51.3774501,-28.5184626],[-51.3693136,-28.5030166],[-51.3765885,-28.4918902],[-51.3658509,-28.4731223],[-51.3716224,-28.4640654],[-51.3543936,-28.4540376],[-51.3475604,-28.4358078],[-51.3607673,-28.4212155],[-51.3355537,-28.4119406],[-51.3484924,-28.3979745],[-51.337835,-28.3862791],[-51.3371211,-28.3568959],[-51.3252446,-28.3515434],[-51.3267829,-28.3333089],[-51.3340049,-28.3272647],[-51.3499476,-28.3182172],[-51.3854082,-28.3005705]],[[-51.3854082,-28.3005705],[-51.3964002,-28.297406]],[[-51.4937688,-28.137764],[-51.5013126,-28.1304435],[-51.5016434,-28.1230903],[-51.4998855,-28.1153307],[-51.5048394,-28.1101028]],[[-51.3514897,-28.0020816],[-51.3415494,-27.9887677]],[[-51.3658301,-27.8633992],[-51.3590439,-27.8628087]],[[-52.0268714,-29.4038039],[-52.0348602,-29.4012138]],[[-52.0348602,-29.4012138],[-52.0401851,-29.4007064]],[[-52.1276757,-29.4242026],[-52.1026202,-29.4341363],[-52.0772833,-29.4317255],[-52.0785819,-29.4409511],[-52.0417206,-29.445202],[-52.0418711,-29.4512698]],[[-52.0418711,-29.4512698],[-52.0478577,-29.4693429]],[[-51.9699143,-29.4986563],[-51.9781374,-29.4882192]],[[-51.9495982,-29.467821],[-51.9379663,-29.4510375],[-51.934748,-29.4486511],[-51.9296208,-29.4499352],[-51.9237638,-29.4539667]],[[-51.9497488,-29.4271706],[-51.9621763,-29.4206143]],[[-53.2199184,-27.6527072],[-53.2205705,-27.6601628]],[[-53.2551036,-27.7053071],[-53.2611948,-27.7203517]],[[-53.2638805,-27.7223598],[-53.2551195,-27.7281156],[-53.2465238,-27.7404783]],[[-53.2465238,-27.7404783],[-53.2119753,-27.7477934],[-53.2024701,-27.7360968]],[[-53.2024701,-27.7360968],[-53.1915494,-27.727526],[-53.1874644,-27.7271267]],[[-53.1874644,-27.7271267],[-53.1718109,-27.7189868],[-53.1677957,-27.7052975],[-53.1519201,-27.6991933],[-53.1505266,-27.6784198],[-53.1550712,-27.6619138]],[[-53.8360841,-30.4878929],[-53.850907,-30.4807517]],[[-53.850907,-30.4807517],[-53.8588932,-30.4762784],[-53.8718168,-30.4814315],[-53.8872761,-30.4971881]],[[-53.8872761,-30.4971881],[-53.8822425,-30.5061326],[-53.9044575,-30.5382287],[-53.9206238,-30.5479354],[-53.9322925,-30.5669566]],[[-53.9322925,-30.5669566],[-53.9346262,-30.5750489],[-53.9399339,-30.5761447]],[[-53.9399339,-30.5761447],[-53.953142,-30.5917488],[-53.9665476,-30.5943525],[-53.9751865,-30.609677],[-53.987148,-30.6176679],[-53.9812773,-30.639421],[-54.0050579,-30.6503456],[-54.014022,-30.6662843],[-54.0181613,-30.6934649],[-54.0376517,-30.7001616],[-54.0611732,-30.6869086],[-54.0864363,-30.7008166],[-54.0997757,-30.6990283],[-54.1172874,-30.7056957],[-54.1366009,-30.7106478],[-54.1453897,-30.7349444],[-54.1385638,-30.7465858],[-54.1425401,-30.7618811],[-54.1603827,-30.7773646],[-54.1943097,-30.7585342],[-54.2138448,-30.7579091],[-54.2324443,-30.7431196],[-54.2477428,-30.7499455],[-54.2630109,-30.7440435],[-54.2788714,-30.7301513],[-54.3232601,-30.7282299],[-54.346297,-30.7370849],[-54.3522717,-30.730974],[-54.3566276,-30.7030599],[-54.3739469,-30.6769724],[-54.3902655,-30.6741607],[-54.4099072,-30.6548922],[-54.4145605,-30.6399783],[-54.4319116,-30.630302],[-54.4484929,-30.6268002],[-54.4572341,-30.6204747],[-54.5040157,-30.6313495],[-54.5266178,-30.6140841],[-54.5447219,-30.6213969],[-54.5733588,-30.6130071],[-54.6081301,-30.6231752],[-54.619649,-30.6174392],[-54.6757876,-30.6050884],[-54.6838653,-30.6138378],[-54.6813817,-30.6286722],[-54.6896844,-30.6286501]],[[-54.6896844,-30.6286501],[-54.6860767,-30.6381598]],[[-53.941766,-30.981174],[-53.9406434,-30.9782764]],[[-53.664284,-30.8469263],[-53.6723973,-30.8423488]],[[-53.7439147,-30.5155878],[-53.7506661,-30.5145579]],[[-53.7506661,-30.5145579],[-53.756159,-30.5180327],[-53.7949811,-30.5183741],[-53.820623,-30.5175285],[-53.8360841,-30.4878929]],[[-53.1240202,-27.4474877],[-53.1332284,-27.4442597]],[[-53.1332284,-27.4442597],[-53.1362221,-27.4575622],[-53.1277269,-27.4695524],[-53.1433256,-27.4903218],[-53.1613727,-27.4959407],[-53.1600513,-27.4992382],[-53.1284047,-27.5081242],[-53.1254203,-27.5120416],[-53.1313314,-27.5166717]],[[-53.1313314,-27.5166717],[-53.1418755,-27.5295752]],[[-53.1418755,-27.5295752],[-53.1384901,-27.5316793],[-53.1131246,-27.5284536],[-53.1306777,-27.542507],[-53.1156425,-27.5664692],[-53.0984388,-27.5746044],[-53.1197828,-27.5856761]],[[-53.1197828,-27.5856761],[-53.1146403,-27.5988332]],[[-52.9464628,-27.5882484],[-52.9536699,-27.5920322]],[[-52.9536699,-27.5920322],[-52.9626965,-27.5810951]],[[-52.9626965,-27.5810951],[-52.9767934,-27.5847224],[-53.0082533,-27.5733112],[-53.0068344,-27.5619523],[-53.0257473,-27.5518328],[-53.0275664,-27.5433724],[-53.0493302,-27.5295941],[-53.0228806,-27.5186764],[-53.0152995,-27.5096418],[-53.0268359,-27.4994054],[-53.0240232,-27.4835926],[-53.0423804,-27.4802767],[-53.0354595,-27.453981]],[[-53.0354595,-27.453981],[-53.0381839,-27.4516392]],[[-53.0381839,-27.4516392],[-53.0419269,-27.4451932],[-53.0510654,-27.4437596],[-53.0671491,-27.4380696],[-53.079635,-27.4385424],[-53.0912439,-27.4522435],[-53.1169054,-27.4411857],[-53.1240202,-27.4474877]],[[-51.2241368,-29.5471179],[-51.2280651,-29.5483318]],[[-51.2280651,-29.5483318],[-51.2483786,-29.5620159],[-51.2551942,-29.5576655],[-51.2599424,-29.5655989],[-51.2594399,-29.5691137],[-51.2486491,-29.5798483]],[[-51.2486491,-29.5798483],[-51.2377893,-29.5806906]],[[-51.2377893,-29.5806906],[-51.2309374,-29.6167501]],[[-51.2070043,-29.6145818],[-51.1964411,-29.6164563]],[[-51.1900398,-29.5593344],[-51.2115743,-29.5583196]],[[-51.2115743,-29.5583196],[-51.2241368,-29.5471179]],[[-51.1891806,-29.4102774],[-51.1966825,-29.4093913]],[[-51.2701224,-29.4997509],[-51.2616511,-29.5016211]],[[-51.2616511,-29.5016211],[-51.2524327,-29.4967513],[-51.226056,-29.5011786],[-51.2223726,-29.4827638],[-51.2058319,-29.4850207],[-51.1778085,-29.4941069]],[[-51.1778085,-29.4941069],[-51.1799392,-29.4900641],[-51.1736639,-29.4854895]],[[-51.1736639,-29.4854895],[-51.1685906,-29.4354267]],[[-51.1685906,-29.4354267],[-51.1788663,-29.4291151],[-51.1891806,-29.4102774]],[[-51.5783698,-27.5769883],[-51.5874133,-27.5645699],[-51.5778171,-27.5319054],[-51.593921,-27.5244056],[-51.6083281,-27.5413715],[-51.6234935,-27.5460645],[-51.6319435,-27.5326765],[-51.6196672,-27.4981862],[-51.6325786,-27.488608],[-51.6446884,-27.4938571],[-51.6466567,-27.5145299],[-51.6647179,-27.5172667],[-51.6755755,-27.5082841],[-51.6742287,-27.4864593],[-51.6842104,-27.4795469],[-51.7016496,-27.4800121],[-51.7097255,-27.4877941],[-51.7166827,-27.5103401],[-51.7303892,-27.511502],[-51.7553479,-27.4867579],[-51.7825978,-27.4913921],[-51.7969058,-27.4899677],[-51.7984337,-27.5094318],[-51.7880049,-27.5148099]],[[-51.7880049,-27.5148099],[-51.7773339,-27.5153133],[-51.7772407,-27.5271899],[-51.7565345,-27.5484657],[-51.7573515,-27.5625767],[-51.7366635,-27.5706347],[-51.7626217,-27.5790578],[-51.7438378,-27.601632],[-51.7520011,-27.6138099],[-51.7405445,-27.6256523],[-51.7370329,-27.6421155],[-51.726133,-27.6585135],[-51.7465038,-27.6591274],[-51.7546484,-27.6671647]],[[-51.7546484,-27.6671647],[-51.7497553,-27.6696318],[-51.7427464,-27.6699211],[-51.7226905,-27.6836427],[-51.6997826,-27.6881966]],[[-51.6997826,-27.6881966],[-51.6952773,-27.7004572]],[[-51.6952773,-27.7004572],[-51.6915968,-27.6963423]],[[-51.6915968,-27.6963423],[-51.6704577,-27.6833736],[-51.6493842,-27.6762206],[-51.6362975,-27.6787274],[-51.612282,-27.6582788],[-51.5784171,-27.6620174],[-51.564857,-27.6358896]],[[-51.564857,-27.6358896],[-51.5688513,-27.6278648]],[[-55.2929869,-28.9915078],[-55.3183518,-28.9924667],[-55.3436647,-28.9860214],[-55.3732174,-28.9718658],[-55.374262,-28.9856121],[-55.3998665,-29.0097984],[-55.4000544,-29.0190906],[-55.4125462,-29.0474938],[-55.4652701,-29.0822261],[-55.4828042,-29.058781],[-55.4915729,-29.0548311],[-55.498416,-29.0359162],[-55.5046043,-29.0006656],[-55.5236174,-29.0051115],[-55.5748515,-29.0051301],[-55.5821574,-29.0202673],[-55.6267978,-29.0088522],[-55.6451608,-29.0147779],[-55.6613202,-29.0116818],[-55.6820241,-29.0162674],[-55.695747,-29.0022525],[-55.7184444,-28.9984907],[-55.7262169,-28.9822901],[-55.766607,-28.9857337],[-55.773173,-28.9803227],[-55.7941325,-28.9858095],[-55.7997865,-28.9942994],[-55.8178188,-28.9927373],[-55.8425756,-28.9687493],[-55.8660686,-28.9689424],[-55.8769165,-28.9610336],[-55.9141419,-28.9485952],[-55.9660353,-28.9431978],[-55.9952343,-28.9444189],[-56.0214953,-28.9169608],[-56.0443838,-28.919562],[-56.0668549,-28.9113038],[-56.0546062,-28.8927543],[-56.0760403,-28.8643298],[-56.0774597,-28.8565269]],[[-56.0774597,-28.8565269],[-56.0815813,-28.8566816]],[[-55.4803741,-29.1985501],[-55.472888,-29.2015148]],[[-55.472888,-29.2015148],[-55.4622421,-29.1993213]],[[-55.4622421,-29.1993213],[-55.4591149,-29.2151441]],[[-55.4591149,-29.2151441],[-55.3931778,-29.2075287],[-55.4009145,-29.2197657],[-55.3745059,-29.2370291],[-55.3618634,-29.2068118],[-55.3437703,-29.2077298],[-55.336517,-29.2234273],[-55.3163761,-29.2156652],[-55.3136208,-29.2054302]],[[-55.3136208,-29.2054302],[-55.3108458,-29.2028856]],[[-55.3108458,-29.2028856],[-55.2793322,-29.1831343],[-55.2766716,-29.153331],[-55.2683809,-29.1425476],[-55.2695585,-29.1214553],[-55.2854893,-29.104814],[-55.2740392,-29.089555],[-55.2728855,-29.0570405],[-55.2644937,-29.0536764],[-55.281484,-29.0241508],[-55.2795611,-29.008236],[-55.2855925,-28.9978817]],[[-55.2855925,-28.9978817],[-55.2929869,-28.9915078]],[[-49.9000376,-29.2223948],[-49.912866,-29.2079428],[-49.935434,-29.2082815],[-49.9647664,-29.199344],[-49.9696791,-29.2121376],[-49.9965852,-29.2282623],[-50.0099322,-29.2254095],[-50.0365467,-29.2378462],[-50.087874,-29.2540149],[-50.094735,-29.2513816],[-50.1154827,-29.2622804],[-50.0995917,-29.2884012],[-50.051215,-29.3241113],[-50.0415302,-29.3425755],[-50.0327853,-29.3455465]],[[-50.0327853,-29.3455465],[-50.0300545,-29.3425137]],[[-50.0300545,-29.3425137],[-50.0293707,-29.3356666],[-50.0301812,-29.3316705],[-50.0345761,-29.3252704],[-50.0223831,-29.3118651]],[[-50.0223831,-29.3118651],[-50.0063078,-29.3024845],[-49.9880952,-29.3011051],[-49.9545409,-29.285364],[-49.9298483,-29.2525719],[-49.9037397,-29.2536069],[-49.8867299,-29.2583944]],[[-49.8867299,-29.2583944],[-49.8889383,-29.2417986],[-49.9000376,-29.2223948]],[[-55.3858972,-29.6171936],[-55.3781266,-29.6148724]],[[-55.3781266,-29.6148724],[-55.3670678,-29.5554136],[-55.3542441,-29.5491387],[-55.34355,-29.5315114],[-55.3284022,-29.522213],[-55.3441435,-29.5007839],[-55.346429,-29.4876785],[-55.3578543,-29.480126],[-55.3785741,-29.4407718],[-55.4023497,-29.424056],[-55.4099838,-29.4024438],[-55.4316787,-29.4016587],[-55.439173,-29.3960549],[-55.4274821,-29.3680171],[-55.4400627,-29.365515],[-55.4523148,-29.3741671],[-55.4825043,-29.3793887],[-55.4826749,-29.3684101],[-55.4625743,-29.3525289],[-55.4591652,-29.325258],[-55.4344207,-29.3167167],[-55.4164584,-29.3217542],[-55.4206238,-29.2705105],[-55.4324213,-29.2564498],[-55.4432956,-29.2275438],[-55.4504578,-29.2207533]],[[-55.4504578,-29.2207533],[-55.459976,-29.2146557],[-55.4622421,-29.1993213]],[[-55.472888,-29.2015148],[-55.4895797,-29.1991877]],[[-50.3289994,-29.4788246],[-50.3350766,-29.4854586],[-50.3476147,-29.4939364]],[[-50.3476147,-29.4939364],[-50.3571414,-29.5077132],[-50.3558328,-29.5259467],[-50.3422253,-29.538318],[-50.3423426,-29.5420575],[-50.336619,-29.5434761],[-50.3549035,-29.5564152],[-50.3478048,-29.5789437],[-50.3467029,-29.5974423],[-50.3332412,-29.6059466],[-50.357887,-29.6351145],[-50.3502092,-29.6622986],[-50.3211002,-29.6564167],[-50.3136105,-29.674722]],[[-50.3136105,-29.674722],[-50.3156559,-29.6796218]],[[-50.2256938,-29.7228206],[-50.2121096,-29.7296431]],[[-50.2121096,-29.7296431],[-50.1856367,-29.7436109],[-50.1868379,-29.7571135],[-50.178467,-29.7874],[-50.1705956,-29.7953185],[-50.1544839,-29.7955021],[-50.135905,-29.7837651],[-50.1162166,-29.7882072]],[[-50.1162166,-29.7882072],[-50.1117672,-29.7843227],[-50.1085265,-29.7841023]],[[-50.1085265,-29.7841023],[-50.0933102,-29.788838],[-50.0827879,-29.7678722],[-50.0625966,-29.768262]],[[-50.0625966,-29.768262],[-50.0519455,-29.7583174],[-50.0299887,-29.7122954]],[[-50.0493017,-29.6528545],[-50.1188958,-29.649123],[-50.1336201,-29.6421123]],[[-50.1336201,-29.6421123],[-50.1556345,-29.6310046],[-50.1630715,-29.6220937],[-50.1621033,-29.6111218]],[[-50.1621033,-29.6111218],[-50.1522433,-29.6008393]],[[-50.1719043,-29.5978034],[-50.1659193,-29.5753428]],[[-50.1702925,-29.5427041],[-50.1747083,-29.5331424]],[[-50.1747083,-29.5331424],[-50.1976836,-29.5164895],[-50.2200323,-29.5126325],[-50.2254352,-29.5099308],[-50.2024218,-29.4975009],[-50.2194123,-29.4953648],[-50.2234061,-29.4946642],[-50.2553237,-29.497043],[-50.2776186,-29.490072],[-50.2812374,-29.5058372],[-50.2920229,-29.506652],[-50.2947362,-29.4854376],[-50.2693133,-29.4714822],[-50.2665113,-29.4594003],[-50.2695205,-29.4601994],[-50.2726756,-29.4628175],[-50.2915193,-29.4637138],[-50.2829406,-29.4543208],[-50.2924994,-29.4594448],[-50.2968399,-29.455347],[-50.3091872,-29.4446793],[-50.3132209,-29.4351498],[-50.3239884,-29.4402107],[-50.3147819,-29.457086],[-50.3158024,-29.4696501],[-50.3172934,-29.4752214],[-50.3289994,-29.4788246]],[[-51.5242129,-29.5096884],[-51.5413647,-29.504053],[-51.573675,-29.4780483]],[[-51.573675,-29.4780483],[-51.5882021,-29.4768118]],[[-51.5899241,-29.5230266],[-51.5886595,-29.5376545],[-51.5844035,-29.5413666],[-51.5794435,-29.5435226]],[[-51.5757147,-29.6129577],[-51.5663268,-29.6134709]],[[-51.5663268,-29.6134709],[-51.5556074,-29.6144775],[-51.5397596,-29.6131095],[-51.5358849,-29.5987766],[-51.5249913,-29.5864656],[-51.5032383,-29.5769922]],[[-51.5032383,-29.5769922],[-51.5028545,-29.5660337]],[[-51.5028545,-29.5660337],[-51.5171716,-29.5418794],[-51.5123274,-29.5224022],[-51.5199379,-29.5124535]],[[-51.5199379,-29.5124535],[-51.5242129,-29.5096884]],[[-52.1888842,-28.3417561],[-52.197522,-28.3378994],[-52.2023574,-28.338929],[-52.2143041,-28.346748]],[[-52.2143041,-28.346748],[-52.2129606,-28.3604074]],[[-52.2129606,-28.3604074],[-52.2509574,-28.3686642],[-52.2508638,-28.3871774],[-52.269161,-28.3839217],[-52.2587373,-28.3658888],[-52.2711503,-28.3429757],[-52.2820203,-28.3349381],[-52.3039701,-28.3394399],[-52.3096,-28.3610935],[-52.294632,-28.3806099],[-52.3063707,-28.3959242],[-52.3357372,-28.3954434],[-52.3728478,-28.3768532],[-52.3953775,-28.3861352],[-52.4211569,-28.4047972],[-52.4372266,-28.4009265],[-52.4412253,-28.4059313]],[[-52.4412253,-28.4059313],[-52.4507319,-28.405733]],[[-52.5045611,-28.4668131],[-52.5089539,-28.4756274]],[[-52.5089539,-28.4756274],[-52.4937171,-28.4814371],[-52.4458886,-28.4731001],[-52.4318174,-28.4859319],[-52.4030359,-28.4687266],[-52.3894058,-28.4727815],[-52.3840616,-28.4776147],[-52.3754088,-28.4770471],[-52.3720891,-28.4814737],[-52.3821119,-28.4887407],[-52.3771361,-28.5100044],[-52.3622731,-28.5091307],[-52.3541404,-28.5203691],[-52.3505052,-28.5465434],[-52.3630292,-28.5529573],[-52.3653448,-28.563758],[-52.3884594,-28.5695342]],[[-52.3884594,-28.5695342],[-52.3869002,-28.5745416]],[[-52.3375219,-28.6057098],[-52.3118851,-28.6487088]],[[-52.3118851,-28.6487088],[-52.3013385,-28.6509531],[-52.2882707,-28.6422831]],[[-52.2882707,-28.6422831],[-52.2924192,-28.6321322]],[[-52.2354139,-28.5484013],[-52.2374948,-28.5275807],[-52.2548601,-28.5201922],[-52.2443141,-28.5061871],[-52.2289028,-28.5010385],[-52.2228045,-28.487308],[-52.2117407,-28.4827645],[-52.1860025,-28.4996078],[-52.1648776,-28.4776328],[-52.1360002,-28.4765168],[-52.1392218,-28.4875604],[-52.1292006,-28.5054601],[-52.1206191,-28.4959651],[-52.1115445,-28.4973773],[-52.0898852,-28.4942713]],[[-52.0898852,-28.4942713],[-52.0851028,-28.4968614]],[[-52.0851028,-28.4968614],[-52.0697066,-28.49086],[-52.0624646,-28.4789387]],[[-52.0624646,-28.4789387],[-52.0624521,-28.4740875]],[[-52.0834359,-28.346246],[-52.0830078,-28.3448057]],[[-52.0830078,-28.3448057],[-52.0956603,-28.3308097],[-52.0959391,-28.3192361],[-52.0988176,-28.316644],[-52.1058415,-28.3190052],[-52.123848,-28.322648],[-52.1399608,-28.3377809],[-52.1580404,-28.3369893],[-52.1722994,-28.3428227],[-52.1823646,-28.3416511],[-52.1888842,-28.3417561]],[[-51.8370708,-27.522233],[-51.8514883,-27.524613],[-51.8540556,-27.5126575],[-51.843627,-27.4831359],[-51.8590428,-27.4749955],[-51.8750601,-27.4806322],[-51.880448,-27.4923793],[-51.8753543,-27.5179525],[-51.8941382,-27.5181078],[-51.9020448,-27.4971818],[-51.8999538,-27.4681209],[-51.9183845,-27.4584344],[-51.9508222,-27.475325],[-51.9637942,-27.463136],[-51.9404552,-27.4474783],[-51.9350881,-27.4298021],[-51.9512992,-27.4173062],[-51.971862,-27.4103676],[-51.9964409,-27.4102414],[-52.0047901,-27.3935099],[-51.9786975,-27.3889042],[-51.952099,-27.3951736],[-51.9537767,-27.3791833],[-51.9751692,-27.3724325],[-51.9943827,-27.37835],[-52.0228896,-27.3621543],[-52.0095574,-27.3451886],[-52.0198518,-27.3319461],[-52.0490334,-27.3463121]],[[-52.0490334,-27.3463121],[-52.0478955,-27.3724254],[-52.0620492,-27.387858],[-52.0656863,-27.4169992],[-52.0513099,-27.4090803],[-52.032659,-27.419536],[-52.0299978,-27.4311125]],[[-52.0299978,-27.4311125],[-52.0297512,-27.4359381]],[[-52.0297512,-27.4359381],[-52.0115065,-27.4388816],[-52.0060223,-27.450484],[-51.9978634,-27.453428],[-51.9980532,-27.4871483],[-51.956369,-27.5123664],[-51.9669214,-27.538036],[-51.9758444,-27.546663],[-51.9671178,-27.5635971],[-51.9750378,-27.5771991],[-51.9486607,-27.5883617],[-51.9370692,-27.5788913],[-51.9111351,-27.5951977],[-51.8985696,-27.594494],[-51.9001594,-27.585869],[-51.8968115,-27.5785476],[-51.8916651,-27.5789658]],[[-51.8916651,-27.5789658],[-51.8788598,-27.5618679],[-51.8560407,-27.5556734],[-51.8441851,-27.5392449],[-51.8281494,-27.5384821],[-51.8370708,-27.522233]],[[-51.6794201,-30.1846039],[-51.6819535,-30.1834843]],[[-51.677655,-30.2844544],[-51.6691246,-30.2924273]],[[-51.6729263,-30.3747345],[-51.680469,-30.3799029],[-51.6809159,-30.3836834]],[[-51.6809159,-30.3836834],[-51.6504366,-30.3839253],[-51.6505664,-30.3988891],[-51.5363616,-30.4001152]],[[-51.5363616,-30.4001152],[-51.5362316,-30.4124013]],[[-51.5362316,-30.4124013],[-51.5303095,-30.4140917],[-51.527958,-30.4158484],[-51.5274961,-30.4181813],[-51.5250266,-30.418719],[-51.5154972,-30.41631]],[[-51.5158768,-30.2729122],[-51.5293901,-30.2773239]],[[-51.5777224,-30.2170598],[-51.5827339,-30.2127652]],[[-52.1071026,-27.3434067],[-52.1076546,-27.3097018],[-52.1263285,-27.3025235],[-52.1590455,-27.3136232],[-52.1688074,-27.3073621],[-52.1593917,-27.279718],[-52.1683344,-27.2709151],[-52.1889887,-27.2879576],[-52.2031373,-27.3230299],[-52.2247663,-27.3306051]],[[-52.2273816,-27.4036634],[-52.2291894,-27.4078953]],[[-52.2291894,-27.4078953],[-52.1889496,-27.4087183]],[[-52.1889496,-27.4087183],[-52.2001416,-27.4016096],[-52.1732882,-27.378301],[-52.1118548,-27.3738092],[-52.1071026,-27.3434067]],[[-52.2211311,-29.2058679],[-52.2269997,-29.1957227],[-52.2330602,-29.1929511],[-52.2429986,-29.1951144]],[[-52.2429986,-29.1951144],[-52.2445672,-29.2007727]],[[-52.2445672,-29.2007727],[-52.2487017,-29.1973351]],[[-52.2487017,-29.1973351],[-52.2590616,-29.2118218],[-52.2474992,-29.2184751],[-52.2475977,-29.2413629],[-52.2390609,-29.2382574],[-52.2233174,-29.2288979],[-52.2135616,-29.2221667],[-52.2016029,-29.2396269],[-52.1974822,-29.2599489],[-52.2008531,-29.2798718],[-52.1937178,-29.2841517]],[[-52.1937178,-29.2841517],[-52.1861406,-29.2868054],[-52.1797755,-29.2945677]],[[-52.1669562,-29.3270507],[-52.1309689,-29.3518876]],[[-52.0481434,-29.399862],[-52.0348602,-29.4012138]],[[-52.0348602,-29.4012138],[-52.0345696,-29.3943202]],[[-52.0636629,-29.354055],[-52.0620041,-29.3499415],[-52.0690596,-29.3442223],[-52.0831784,-29.333006],[-52.091082,-29.3216235],[-52.0975885,-29.3227887],[-52.0916239,-29.3100769],[-52.1363114,-29.2765796],[-52.140976,-29.2588523],[-52.1581473,-29.2571718],[-52.1510533,-29.2336241],[-52.1581157,-29.2216832]],[[-52.1581157,-29.2216832],[-52.1695995,-29.2291803]],[[-52.1695995,-29.2291803],[-52.1743831,-29.213268],[-52.1962582,-29.1990651],[-52.2211311,-29.2058679]],[[-54.5650853,-29.5254741],[-54.5693774,-29.5308953]],[[-54.5693774,-29.5308953],[-54.5697859,-29.5401947],[-54.5492721,-29.54283]],[[-54.5492721,-29.54283],[-54.5429953,-29.5481222],[-54.5426529,-29.5502204],[-54.5518431,-29.5669701]],[[-54.5518431,-29.5669701],[-54.561806,-29.5687652],[-54.5683917,-29.5685295],[-54.5728825,-29.582264],[-54.5640624,-29.5884275],[-54.5542643,-29.6016137],[-54.5429912,-29.6036298],[-54.5147194,-29.6225051],[-54.503642,-29.627853],[-54.4912885,-29.633589],[-54.4892731,-29.6389145],[-54.4862976,-29.6395275]],[[-54.4862976,-29.6395275],[-54.4842097,-29.6434388],[-54.4778888,-29.6476726]],[[-54.4778888,-29.6476726],[-54.4796055,-29.6420428],[-54.4779227,-29.6414512]],[[-54.4779227,-29.6414512],[-54.4755044,-29.6426868],[-54.4705735,-29.6262553],[-54.4568804,-29.6118565],[-54.4340327,-29.6162388],[-54.4134211,-29.6054853],[-54.4205763,-29.5744025],[-54.4056084,-29.5704598],[-54.3954132,-29.5819817],[-54.3845504,-29.5738425],[-54.3808565,-29.55921],[-54.3757276,-29.5673037],[-54.3644268,-29.583626],[-54.3582853,-29.5848599],[-54.3299755,-29.5742345],[-54.3419662,-29.5674331],[-54.343405,-29.5543629]],[[-54.343405,-29.5543629],[-54.3456696,-29.550035]],[[-54.3456696,-29.550035],[-54.3529784,-29.5442727],[-54.3557324,-29.5234976],[-54.363311,-29.5103827],[-54.3760546,-29.5077699],[-54.387386,-29.4831753],[-54.3882023,-29.4627414],[-54.3915429,-29.4572655],[-54.3951328,-29.4522977]],[[-54.3951328,-29.4522977],[-54.3975125,-29.4570195]],[[-52.2492422,-28.1935737],[-52.2585269,-28.1979241],[-52.2674422,-28.2080992],[-52.2710495,-28.2238233]],[[-52.2771554,-28.2283144],[-52.2754703,-28.2289364],[-52.2684107,-28.2386951],[-52.2670251,-28.241698]],[[-52.2670251,-28.241698],[-52.2723413,-28.2632091],[-52.2871739,-28.2680776],[-52.2892467,-28.2786334],[-52.3050875,-28.30167]],[[-52.3050875,-28.30167],[-52.2791589,-28.3239227],[-52.258006,-28.3292167]],[[-52.258006,-28.3292167],[-52.2465017,-28.3290781],[-52.2438638,-28.3309842],[-52.2369691,-28.3414218]],[[-52.2369691,-28.3414218],[-52.2143041,-28.346748]],[[-52.2143041,-28.346748],[-52.1999484,-28.338227],[-52.1935268,-28.3388938],[-52.1888842,-28.3417561]],[[-52.0830078,-28.3448057],[-52.0820861,-28.3417186]],[[-52.073563,-28.3051981],[-52.0922317,-28.3070892]],[[-52.1371199,-28.2489307],[-52.1449557,-28.2413419]],[[-52.1449557,-28.2413419],[-52.1530044,-28.2407018],[-52.1579299,-28.2377822],[-52.1943169,-28.2224935],[-52.197204,-28.2088485],[-52.212674,-28.1928554],[-52.2049693,-28.184464],[-52.2015198,-28.182221],[-52.2048958,-28.1801733]],[[-52.2048958,-28.1801733],[-52.2040362,-28.1766253]],[[-52.1414806,-29.4871042],[-52.1558007,-29.4769022]],[[-52.1558007,-29.4769022],[-52.1563034,-29.5003731],[-52.1800666,-29.5002158],[-52.1682808,-29.5166049],[-52.167518,-29.5455352],[-52.1482231,-29.5644975],[-52.1282805,-29.5531622],[-52.1148675,-29.5583134],[-52.1021782,-29.5538695],[-52.1011849,-29.5485479]],[[-54.6119203,-28.211847],[-54.6110993,-28.2177134],[-54.6121072,-28.2207545],[-54.6146482,-28.2220935],[-54.6218465,-28.2201845],[-54.6281179,-28.2146602],[-54.6393426,-28.2016074]],[[-54.6393426,-28.2016074],[-54.6618851,-28.1951518],[-54.6676669,-28.2017307]],[[-54.7165822,-28.2057558],[-54.7328717,-28.2122967],[-54.7391838,-28.2130971],[-54.7429002,-28.2120347],[-54.7456886,-28.2080328]],[[-54.7456886,-28.2080328],[-54.7502459,-28.2082488],[-54.7543226,-28.231161],[-54.7575432,-28.2363567]],[[-54.7575432,-28.2363567],[-54.7598195,-28.2473886]],[[-54.5971802,-28.288277],[-54.5852465,-28.2963467]],[[-54.5791557,-28.280721],[-54.5747536,-28.2577608],[-54.5615956,-28.2481613],[-54.5571547,-28.2420034],[-54.5571495,-28.2400141],[-54.5609036,-28.2352211],[-54.5688278,-28.2367469]],[[-51.7880049,-27.5148099],[-51.7947562,-27.5310657],[-51.816827,-27.5151208],[-51.8370708,-27.522233]],[[-51.8916651,-27.5789658],[-51.8826957,-27.5927375],[-51.8987139,-27.6020141],[-51.8841965,-27.6256046],[-51.8807146,-27.6432273],[-51.8993472,-27.6485461]],[[-51.8993472,-27.6485461],[-51.8926665,-27.6558128]],[[-51.892773,-27.6790533],[-51.8429102,-27.6766374],[-51.7546484,-27.6671647]],[[-52.1045704,-29.9456145],[-52.1267617,-29.9376382],[-52.1394194,-29.9393605],[-52.1479643,-29.9515153],[-52.1549734,-29.9772961],[-52.1463122,-30.02027],[-52.1538213,-30.0285013],[-52.1525255,-30.0534601],[-52.1627964,-30.0663012],[-52.1695945,-30.1255252],[-52.1578061,-30.1365001],[-52.1480449,-30.1623936],[-52.1581399,-30.1900671]],[[-52.1581399,-30.1900671],[-52.1587594,-30.191323]],[[-52.0149994,-29.9886891],[-52.0069068,-29.9495015],[-52.0150512,-29.9384407]],[[-52.0178991,-29.9378622],[-52.0277611,-29.9444753],[-52.0265273,-29.9547513],[-52.0681456,-29.9320632],[-52.0836922,-29.9456264],[-52.1045704,-29.9456145]],[[-53.8221757,-27.4399223],[-53.8273678,-27.442304]],[[-53.8273678,-27.442304],[-53.8310455,-27.4443787],[-53.8415611,-27.454066],[-53.8275032,-27.4687042]],[[-53.8275032,-27.4687042],[-53.8332234,-27.4818118],[-53.8304089,-27.48817],[-53.8248549,-27.4890492],[-53.8131563,-27.485601],[-53.811166,-27.4945508]],[[-53.811166,-27.4945508],[-53.8012437,-27.5034341]],[[-53.7726099,-27.5152256],[-53.7726702,-27.5195908],[-53.7622886,-27.5301828],[-53.7572466,-27.5321342],[-53.7433656,-27.533258]],[[-53.6858123,-27.5487835],[-53.6814572,-27.5478761],[-53.6798783,-27.5502457]],[[-53.6798783,-27.5502457],[-53.6592626,-27.5403332],[-53.6703782,-27.5302118],[-53.6776839,-27.5044591],[-53.691298,-27.4667151],[-53.6975279,-27.4544025],[-53.7001222,-27.4468421]],[[-53.7001222,-27.4468421],[-53.7076081,-27.4412877],[-53.7328624,-27.455286],[-53.7672509,-27.4446266],[-53.7783187,-27.4480067],[-53.7878331,-27.4408082],[-53.7923243,-27.4408686],[-53.8044616,-27.439271],[-53.806405,-27.4436603],[-53.8174969,-27.4429955],[-53.8221757,-27.4399223]],[[-52.0665057,-28.6144397],[-52.0929839,-28.6159208]],[[-52.0929839,-28.6159208],[-52.091649,-28.6288232]],[[-52.091649,-28.6288232],[-52.1103452,-28.6558107]],[[-52.1103452,-28.6558107],[-52.1011952,-28.657185],[-52.0929361,-28.6764254]],[[-52.0929361,-28.6764254],[-52.0905609,-28.6857711],[-52.0791457,-28.6860485]],[[-52.0791457,-28.6860485],[-52.0771678,-28.6871544],[-52.0788765,-28.6997244],[-52.0952619,-28.7087287]],[[-52.0952619,-28.7087287],[-52.0809999,-28.7101572],[-52.0816303,-28.7119889]],[[-52.0816303,-28.7119889],[-51.9860635,-28.7068865]],[[-51.9860635,-28.7068865],[-51.98697,-28.6890861]],[[-51.98697,-28.6890861],[-52.0034601,-28.6604741],[-51.9989822,-28.6517355],[-52.0065969,-28.6387355],[-52.0219901,-28.6455104],[-52.0234639,-28.648522],[-52.0297218,-28.6491083],[-52.0542289,-28.6273131],[-52.0557745,-28.6184575],[-52.0665057,-28.6144397]],[[-50.7266058,-28.5997567],[-50.7466369,-28.5973173],[-50.7671724,-28.5881257],[-50.7861386,-28.558229],[-50.8284938,-28.5533209],[-50.8638568,-28.5734962],[-50.8711391,-28.6086806],[-50.8904608,-28.6099703],[-50.8989147,-28.6189306],[-50.8893164,-28.6312886],[-50.9029137,-28.6392495],[-50.9024945,-28.6517302],[-50.9125078,-28.6618813],[-50.8924656,-28.6995204],[-50.9046742,-28.7161922],[-50.9088372,-28.7345177],[-50.9348572,-28.754368],[-50.9528666,-28.7836569],[-50.9425452,-28.7858518]],[[-50.9425452,-28.7858518],[-50.9541291,-28.7877766],[-50.9628853,-28.7944818]],[[-50.8596828,-28.8341811],[-50.850487,-28.8194145]],[[-50.850487,-28.8194145],[-50.8305576,-28.8232081],[-50.824224,-28.8216933],[-50.8063562,-28.8184123],[-50.7869376,-28.814697],[-50.7980075,-28.7990549],[-50.7635663,-28.7872864],[-50.762085,-28.7747891],[-50.7483927,-28.7772425],[-50.7460764,-28.7932364],[-50.7377171,-28.7965076]],[[-50.7377171,-28.7965076],[-50.7342549,-28.7872815],[-50.7315615,-28.7839613],[-50.7223354,-28.7816401],[-50.7178031,-28.7832341]],[[-50.7178031,-28.7832341],[-50.7288418,-28.8014087],[-50.710419,-28.7959044]],[[-50.710419,-28.7959044],[-50.6978427,-28.7926719]],[[-51.6902752,-29.0974813],[-51.6954751,-29.0972514]],[[-51.6954751,-29.0972514],[-51.6954296,-29.1583921],[-51.6651485,-29.1588899],[-51.6655044,-29.1881176]],[[-51.6627373,-29.5901039],[-51.6525082,-29.6004002],[-51.6380618,-29.6289268]],[[-51.6380618,-29.6289268],[-51.6418906,-29.6357715]],[[-51.6418906,-29.6357715],[-51.5659017,-29.7365781],[-51.5755792,-29.7397601],[-51.5865282,-29.7760165],[-51.5604133,-29.7851877],[-51.5421146,-29.7737878],[-51.5221267,-29.7810019],[-51.4979443,-29.8084953],[-51.4922351,-29.8231895],[-51.4520886,-29.8289788],[-51.4381683,-29.8443744],[-51.3995694,-29.8369997],[-51.3750929,-29.8404353],[-51.3678182,-29.8394286],[-51.3667419,-29.8373343]],[[-51.3667419,-29.8373343],[-51.3702592,-29.8364107]],[[-51.3702592,-29.8364107],[-51.3562941,-29.8306727],[-51.3499497,-29.8186478],[-51.3545109,-29.8077382],[-51.3674092,-29.8001279],[-51.3664891,-29.7961514],[-51.3557701,-29.7950801],[-51.3601434,-29.7886531]],[[-51.3601434,-29.7886531],[-51.3747425,-29.787097]],[[-51.4320268,-29.6601629],[-51.4283414,-29.6458324]],[[-51.4283414,-29.6458324],[-51.4342843,-29.6311733],[-51.4669389,-29.6218305]],[[-51.4669389,-29.6218305],[-51.470934,-29.6212818],[-51.4743477,-29.6155949],[-51.4964933,-29.6001686],[-51.50267,-29.586926]],[[-51.50267,-29.586926],[-51.5032383,-29.5769922]],[[-51.5663268,-29.6134709],[-51.5690579,-29.6145451],[-51.5910156,-29.6105456]],[[-52.660573,-28.6116305],[-52.6641361,-28.606416],[-52.6688317,-28.618145],[-52.6644769,-28.625462],[-52.6786414,-28.6289469],[-52.6896951,-28.6360883],[-52.702315,-28.6287128],[-52.7109795,-28.6337212],[-52.7009302,-28.6434895],[-52.6953859,-28.6663293],[-52.7065732,-28.6682517]],[[-52.7065732,-28.6682517],[-52.7226177,-28.6665347],[-52.7256113,-28.6733733],[-52.7144655,-28.6838241]],[[-52.7144655,-28.6838241],[-52.7089167,-28.6860573],[-52.7107995,-28.692403],[-52.7284074,-28.6852512]],[[-52.7256635,-28.7338488],[-52.7224011,-28.7370251]],[[-52.7224011,-28.7370251],[-52.710003,-28.7464684],[-52.6239837,-28.7593354],[-52.6023953,-28.7526168],[-52.5975412,-28.7403292],[-52.6132282,-28.723641],[-52.6109178,-28.7053691],[-52.5925215,-28.6847575],[-52.6111731,-28.6667171],[-52.6129109,-28.6494201],[-52.6151322,-28.6437729],[-52.6147905,-28.6369842]],[[-52.6147905,-28.6369842],[-52.6176101,-28.6416639]],[[-52.6176101,-28.6416639],[-52.6287977,-28.626843],[-52.6496252,-28.6249154],[-52.6570425,-28.6205737]],[[-52.6570425,-28.6205737],[-52.663178,-28.6128372]],[[-52.663178,-28.6128372],[-52.660573,-28.6116305]],[[-49.8971388,-29.2817592],[-49.8867299,-29.2583944]],[[-50.0223831,-29.3118651],[-50.0338687,-29.323535],[-50.0343152,-29.3263099],[-50.0293723,-29.3333305],[-50.0305745,-29.3407842],[-50.0294068,-29.3437808],[-50.0170485,-29.3461055]],[[-50.0170485,-29.3461055],[-50.0045517,-29.3529849],[-50.0069684,-29.361363],[-50.0166882,-29.3628389],[-50.0194253,-29.3803459],[-50.0097177,-29.4011153],[-50.0322683,-29.4224244]],[[-50.0322683,-29.4224244],[-50.0243055,-29.432326],[-49.9815096,-29.3980977],[-49.9610038,-29.4055924],[-49.9285375,-29.3950654],[-49.9026733,-29.3769573],[-49.8906945,-29.372252]],[[-49.8906945,-29.372252],[-49.8909162,-29.3641518]],[[-49.8840518,-29.3262123],[-49.8965637,-29.2870708],[-49.8971388,-29.2817592]],[[-52.5769764,-31.6793703],[-52.5697566,-31.6657644],[-52.5777729,-31.638037],[-52.5780388,-31.6228501],[-52.5891786,-31.6084302],[-52.5831226,-31.5911208],[-52.5628648,-31.5756784],[-52.5524686,-31.5623685],[-52.5692914,-31.5402836],[-52.5885635,-31.5275701],[-52.6020108,-31.5119883],[-52.6121574,-31.5040459]],[[-52.6121574,-31.5040459],[-52.6613217,-31.5828659]],[[-52.7096648,-31.6113541],[-52.7092228,-31.6158928]],[[-52.7369984,-31.7359394],[-52.7365503,-31.7405709]],[[-52.5835756,-31.6837568],[-52.5769764,-31.6793703]],[[-51.0637047,-29.4675128],[-51.0775516,-29.465168]],[[-51.0775516,-29.465168],[-51.0788036,-29.4800478],[-51.1061263,-29.4769496]],[[-51.1061263,-29.4769496],[-51.1085096,-29.4849643],[-51.1176465,-29.5509501]],[[-51.1176465,-29.5509501],[-51.046466,-29.5620539]],[[-51.046466,-29.5620539],[-51.0437843,-29.5449148],[-51.0140168,-29.5480162],[-51.0050474,-29.544196],[-50.9953728,-29.5445048],[-50.9680679,-29.5449796],[-50.9517317,-29.5543177]],[[-50.9517317,-29.5543177],[-50.9399547,-29.5423536]],[[-50.9399547,-29.5423536],[-50.9465301,-29.5331064],[-50.9620741,-29.5304526],[-50.9686433,-29.519495],[-51.0168563,-29.5148876],[-51.0315509,-29.4939633],[-51.0496698,-29.4961056],[-51.061125,-29.4811866],[-51.0637047,-29.4675128]],[[-50.68643,-30.5008003],[-50.6795415,-30.6091725],[-50.6832753,-30.6636005],[-50.6901159,-30.7069243],[-50.7019874,-30.7463272],[-50.7207657,-30.7797483],[-50.7537767,-30.8189372],[-50.7904835,-30.8293965],[-50.8164889,-30.8411959],[-50.831461,-30.8530249],[-50.8569299,-30.8654119],[-50.8823419,-30.8915879],[-50.9045861,-30.9040372],[-50.9196389,-30.9063873],[-50.9680875,-30.8978204],[-50.9514447,-30.9595499],[-50.9569856,-31.0095653],[-50.9723935,-31.0329255],[-50.9949517,-31.0481032],[-51.023704,-31.0515363],[-51.0485298,-31.0615924],[-51.1036155,-31.0993805],[-51.1246526,-31.0981745],[-51.1491215,-31.0875029],[-51.1626912,-31.0754245],[-51.1768912,-31.079768],[-51.1808397,-31.1253939],[-51.1789942,-31.1341963]],[[-51.1789942,-31.1341963],[-51.1338351,-31.1234003],[-51.1272152,-31.1231542],[-51.1227176,-31.1290381]],[[-51.1227176,-31.1290381],[-51.1171958,-31.150764],[-51.0524025,-31.1640208],[-51.0353934,-31.1785651],[-51.0283679,-31.1791743],[-50.9856181,-31.2062405],[-50.962253,-31.1832494],[-50.8421324,-31.1900255]],[[-50.8421324,-31.1900255],[-50.7793161,-31.1238969],[-50.7570711,-31.0965073],[-50.7037188,-31.0147518],[-50.6678539,-30.9629043],[-50.5990388,-30.8702705],[-50.5583124,-30.8181972],[-50.5065927,-30.7435256],[-50.4777795,-30.6989448],[-50.4536048,-30.6651512],[-50.37398,-30.5628916],[-50.3342558,-30.500802]],[[-50.3342558,-30.500802],[-50.68643,-30.5008003]],[[-51.7321281,-29.1289815],[-51.7522161,-29.1143749],[-51.7585114,-29.1036534]],[[-51.7585114,-29.1036534],[-51.7796343,-29.094241]],[[-51.7796343,-29.094241],[-51.7883301,-29.1020279],[-51.7916883,-29.1027804],[-51.8007802,-29.1158363],[-51.8292316,-29.1152977],[-51.8307504,-29.096832],[-51.8604653,-29.0971277],[-51.8626801,-29.1162298],[-51.8936734,-29.1164422],[-51.8938089,-29.1067156]],[[-51.8938089,-29.1067156],[-51.9120668,-29.1085641],[-51.909408,-29.1211189]],[[-51.9074778,-29.1279476],[-51.8964146,-29.1433916],[-51.897808,-29.1535883]],[[-51.8861239,-29.1713984],[-51.8726108,-29.1717987],[-51.8424915,-29.151226],[-51.8289221,-29.1760555],[-51.8163613,-29.1834424],[-51.801619,-29.1751873],[-51.789852,-29.1860388],[-51.765229,-29.1823908]],[[-51.765229,-29.1823908],[-51.7542856,-29.1866088]],[[-51.7542856,-29.1866088],[-51.7337965,-29.1777585],[-51.7468316,-29.1650459],[-51.7563924,-29.1388787],[-51.7393474,-29.1378547]],[[-51.7393474,-29.1378547],[-51.7321281,-29.1289815]],[[-51.3887419,-28.295945],[-51.3854082,-28.3005705]],[[-51.3907541,-28.5393703],[-51.4005782,-28.5433288]],[[-51.4013708,-28.6365784],[-51.3971131,-28.6403893]],[[-51.2558831,-28.5888158],[-51.2536925,-28.5848287]],[[-51.156008,-28.5738405],[-51.1538485,-28.5626669],[-51.1484364,-28.5553105]],[[-51.1484364,-28.5553105],[-51.1434443,-28.5153458],[-51.1229816,-28.5069986],[-51.1330603,-28.4928756],[-51.1548243,-28.4881044],[-51.1564186,-28.4750136],[-51.0904239,-28.4588514],[-51.0787463,-28.4480834],[-51.0988113,-28.4208417],[-51.0805282,-28.4067072],[-51.0551067,-28.4029532],[-51.0498653,-28.3825364],[-51.0375118,-28.3764187],[-51.0490163,-28.3568487],[-51.0467836,-28.3435541],[-51.0630077,-28.3188756],[-51.0738849,-28.3146223],[-51.0855537,-28.3143686],[-51.0624838,-28.2785659],[-51.0616839,-28.2665952],[-51.0619004,-28.2538799],[-51.0769874,-28.2367114],[-51.0812888,-28.2329142]],[[-51.2378855,-28.158806],[-51.2443642,-28.1537729]],[[-51.8554514,-28.2503837],[-51.8575469,-28.2523143]],[[-51.8321844,-28.3547798],[-51.8265975,-28.3595561]],[[-51.7196168,-28.3683796],[-51.7166063,-28.3696929]],[[-51.7059345,-28.3142675],[-51.7053343,-28.3113992]],[[-52.9376652,-28.3815207],[-52.9411648,-28.3804944]],[[-52.926224,-28.5396193],[-52.920635,-28.5401243]],[[-52.7601041,-28.5428857],[-52.7571658,-28.541096]],[[-52.7571658,-28.541096],[-52.7334752,-28.5480855],[-52.7227024,-28.5366163],[-52.7323839,-28.5300598],[-52.7141632,-28.5148024],[-52.7149683,-28.5013144],[-52.7000364,-28.4860501],[-52.6848718,-28.4857076],[-52.6936029,-28.4707047]],[[-52.6936029,-28.4707047],[-52.692472,-28.4690059]],[[-52.692472,-28.4690059],[-52.7037079,-28.4564522],[-52.6981357,-28.4622334],[-52.7026631,-28.4446814],[-52.7146848,-28.4431435],[-52.7144727,-28.4288518],[-52.7320705,-28.4276906],[-52.7480521,-28.4033556],[-52.763014,-28.3934445],[-52.7721638,-28.3717814]],[[-52.7721638,-28.3717814],[-52.7779508,-28.3681091]],[[-52.5089539,-28.4756274],[-52.5151422,-28.4893155]],[[-52.5553845,-28.5195342],[-52.5524743,-28.5267501],[-52.5522635,-28.54319]],[[-52.5522635,-28.54319],[-52.5461732,-28.547378]],[[-52.5461732,-28.547378],[-52.5401845,-28.5355627],[-52.536012,-28.5311385],[-52.532572,-28.5307986]],[[-52.5277053,-28.5336311],[-52.5234338,-28.5412897],[-52.5221443,-28.5509686],[-52.5263127,-28.5636181]],[[-52.3981141,-28.5662449],[-52.3884594,-28.5695342]],[[-52.6915217,-27.2844197],[-52.7072601,-27.2721932],[-52.7063106,-27.2561194],[-52.7122882,-27.2400034],[-52.7236915,-27.2351438],[-52.7403307,-27.2560478],[-52.7575613,-27.2574918],[-52.7635672,-27.2470062],[-52.7592944,-27.2142022],[-52.7747626,-27.2075221],[-52.8009681,-27.2034295]],[[-52.8009681,-27.2034295],[-52.7987473,-27.2232178],[-52.7848325,-27.2303004],[-52.7937066,-27.2440062],[-52.78956,-27.2564751],[-52.8000449,-27.2655383],[-52.7936136,-27.2907965],[-52.8098112,-27.2975585],[-52.8349632,-27.3358106],[-52.8475915,-27.3401825],[-52.8730177,-27.3362517],[-52.8771649,-27.3271416],[-52.9079369,-27.3116076],[-52.9276439,-27.3172564]],[[-52.9276439,-27.3172564],[-52.9337553,-27.3127802]],[[-52.9510207,-27.3083054],[-52.9449871,-27.3233657],[-52.9559377,-27.3459728],[-52.9559743,-27.3715993],[-52.9666646,-27.367879],[-52.9786607,-27.3824828],[-53.0125792,-27.3858942],[-53.0202925,-27.3774843],[-53.0344482,-27.3786946],[-53.04403,-27.3937445],[-53.0564834,-27.3812429],[-53.0757703,-27.3732587]],[[-53.0757703,-27.3732587],[-53.1322275,-27.4440658],[-53.1240202,-27.4474877]],[[-53.0381839,-27.4516392],[-53.0293774,-27.4581582]],[[-53.0293774,-27.4581582],[-53.019377,-27.4595355]],[[-53.019377,-27.4595355],[-53.0166577,-27.4616884]],[[-52.818482,-27.5027481],[-52.812559,-27.5032454]],[[-52.812559,-27.5032454],[-52.8054321,-27.497406],[-52.7999744,-27.4961671]],[[-52.7999744,-27.4961671],[-52.7982005,-27.4910203]],[[-52.2464414,-28.6622764],[-52.2494746,-28.6698027]],[[-52.2494746,-28.6698027],[-52.2522273,-28.6724289],[-52.2569626,-28.6805227]],[[-52.0784546,-28.7414351],[-52.079758,-28.7406526]],[[-52.079758,-28.7406526],[-52.0766729,-28.7291453],[-52.0854372,-28.7178611],[-52.0816303,-28.7119889]],[[-52.0952619,-28.7087287],[-52.0966146,-28.7015711],[-52.0873582,-28.6991862],[-52.0805098,-28.7004914],[-52.0784423,-28.6987958],[-52.0769866,-28.6912448],[-52.077632,-28.6865902],[-52.0791457,-28.6860485]],[[-52.0929361,-28.6764254],[-52.1022844,-28.6648636]],[[-52.1022844,-28.6648636],[-52.1117711,-28.6717677],[-52.1335381,-28.6730021],[-52.1475723,-28.6668996]],[[-52.1475723,-28.6668996],[-52.1559549,-28.6517056]],[[-51.7065899,-28.6096478],[-51.7207452,-28.6119698]],[[-51.7207452,-28.6119698],[-51.729955,-28.628254],[-51.7675638,-28.6355405],[-51.7747371,-28.6330118],[-51.7812665,-28.6328406],[-51.7848465,-28.6369234],[-51.7921711,-28.6430583],[-51.8097638,-28.6516719],[-51.8313146,-28.6584396],[-51.839585,-28.6519632]],[[-51.839585,-28.6519632],[-51.8423046,-28.6526733]],[[-51.8481537,-28.6634722],[-51.8394354,-28.6768823]],[[-51.8394354,-28.6768823],[-51.836403,-28.6795424]],[[-51.836403,-28.6795424],[-51.8163137,-28.6685719],[-51.8089823,-28.6736441],[-51.783111,-28.6658275],[-51.758742,-28.6748037],[-51.7216653,-28.6827008],[-51.7118775,-28.6734457],[-51.6973792,-28.6731946],[-51.6687239,-28.6577343]],[[-51.6687239,-28.6577343],[-51.6704284,-28.6275213]],[[-51.836403,-28.6795424],[-51.8395213,-28.6832197]],[[-51.8395213,-28.6832197],[-51.8476396,-28.6830613],[-51.8532849,-28.6977811],[-51.8249058,-28.7085571],[-51.8469743,-28.724902],[-51.8446004,-28.7527689],[-51.8589334,-28.7491679]],[[-51.8589334,-28.7491679],[-51.8547226,-28.7579906]],[[-51.8291811,-28.7727342],[-51.8335889,-28.7782056]],[[-51.8335889,-28.7782056],[-51.7629707,-28.7781681],[-51.7610322,-28.7956886],[-51.7140548,-28.7842228]],[[-51.7140548,-28.7842228],[-51.7136839,-28.7739929],[-51.6622811,-28.7739199],[-51.6647738,-28.7538857],[-51.662394,-28.7229359],[-51.6673592,-28.6844189]],[[-51.6673592,-28.6844189],[-51.6687239,-28.6577343]],[[-53.0209709,-28.0360266],[-53.0107499,-28.0403117]],[[-52.9562513,-28.0406676],[-52.9387329,-28.0438036]],[[-52.9387329,-28.0438036],[-52.9165633,-28.021957]],[[-52.9165633,-28.021957],[-52.9088017,-28.0145891],[-52.9189548,-28.0009023]],[[-52.9189548,-28.0009023],[-52.935386,-27.9873212],[-52.9346369,-27.9614497],[-52.9479184,-27.9545167],[-52.9697804,-27.9695906],[-52.9742386,-27.9532338]],[[-52.9742386,-27.9532338],[-52.9866701,-27.9534765]],[[-52.0047648,-29.1673794],[-52.0106566,-29.1632857]],[[-52.0106566,-29.1632857],[-52.0231995,-29.168088]],[[-52.1133953,-29.2328158],[-52.1122366,-29.2706303]],[[-52.1122366,-29.2706303],[-52.0728186,-29.2704603],[-52.0575449,-29.2504095],[-52.042033,-29.2514316],[-52.0366273,-29.262998]],[[-52.0366273,-29.262998],[-52.0366541,-29.267627]],[[-51.9673752,-29.2356412],[-51.9615759,-29.2379791]],[[-52.0014642,-29.1745628],[-52.0047648,-29.1673794]],[[-54.1988969,-27.5589115],[-54.1973876,-27.568256]],[[-54.2034965,-27.5665397],[-54.1964559,-27.6014167]],[[-54.1964559,-27.6014167],[-54.2014967,-27.6082412],[-54.196708,-27.6043106]],[[-54.196708,-27.6043106],[-54.18885,-27.6147681],[-54.1843495,-27.6170857],[-54.1803312,-27.616522],[-54.1688183,-27.611514]],[[-54.1688183,-27.611514],[-54.149914,-27.6223724],[-54.1435235,-27.6257476]],[[-54.0625843,-27.6535934],[-54.048809,-27.6464369]],[[-54.0758926,-27.5766328],[-54.0660803,-27.5671637]],[[-54.75006,-29.3858474],[-54.7551139,-29.3707702],[-54.7799117,-29.3454198],[-54.7942284,-29.3499525],[-54.8329767,-29.3516189],[-54.853241,-29.3387148],[-54.8275465,-29.3328755],[-54.8337192,-29.3187096],[-54.8903635,-29.3225036],[-54.9087952,-29.3120618],[-54.9216524,-29.3195912],[-54.9277251,-29.3269566]],[[-54.9277251,-29.3269566],[-54.9132092,-29.3405841]],[[-54.9132092,-29.3405841],[-54.8956734,-29.3493156],[-54.8941556,-29.364302],[-54.8656808,-29.397663],[-54.8699299,-29.4122083],[-54.8595298,-29.4333837],[-54.8480605,-29.4670676],[-54.8500009,-29.4770859],[-54.8319987,-29.4939349],[-54.8371892,-29.5026159]],[[-54.8371892,-29.5026159],[-54.8211953,-29.5010936]],[[-54.756235,-29.3984226],[-54.75006,-29.3858474]],[[-50.8950924,-29.5534528],[-50.9000542,-29.550485]],[[-50.9000542,-29.550485],[-50.9434213,-29.5469751]],[[-50.9434213,-29.5469751],[-50.9446282,-29.5573489]],[[-50.9446282,-29.5573489],[-50.9462909,-29.5618],[-50.9482269,-29.5713742],[-50.9498886,-29.5959394]],[[-50.9129209,-29.6250398],[-50.8804816,-29.6367218]],[[-50.8804816,-29.6367218],[-50.859416,-29.6079112]],[[-50.859416,-29.6079112],[-50.8546157,-29.5721329]],[[-51.27013,-28.9608316],[-51.2711253,-28.9545434],[-51.2645789,-28.9354448],[-51.2692935,-28.9292688]],[[-51.3185966,-28.959203],[-51.3300177,-28.9555694],[-51.3355431,-28.9566105],[-51.3391266,-28.959213],[-51.3410785,-28.9713098]],[[-51.3410785,-28.9713098],[-51.3599218,-28.9722707],[-51.3655173,-28.9769052],[-51.3703545,-28.9828789]],[[-51.3703545,-28.9828789],[-51.3824738,-28.9998476],[-51.3820434,-29.008536],[-51.3566367,-29.0208759],[-51.3628728,-29.0410255]],[[-51.3628728,-29.0410255],[-51.3572898,-29.058097]],[[-53.4050452,-29.3499658],[-53.40994,-29.3522014],[-53.4150681,-29.3523825],[-53.427602,-29.3443558],[-53.4370581,-29.3412611],[-53.4403805,-29.3420155]],[[-53.5164567,-29.4684985],[-53.5208837,-29.4812349]],[[-53.3966757,-29.4888679],[-53.3171685,-29.4904719]],[[-53.2939124,-29.4859084],[-53.290831,-29.4828437]],[[-53.2795566,-29.4541061],[-53.265351,-29.449332]],[[-53.2382415,-29.4119081],[-53.3126562,-29.437531],[-53.3191116,-29.4317339],[-53.3231012,-29.4250185],[-53.3323952,-29.4190105],[-53.3429615,-29.3964299],[-53.3469031,-29.3770146],[-53.3588258,-29.3716133],[-53.3645581,-29.3551076],[-53.3799649,-29.3541825],[-53.3893401,-29.3538852],[-53.4050452,-29.3499658]],[[-51.2122985,-29.3585712],[-51.2076597,-29.3689106]],[[-51.2076597,-29.3689106],[-51.2235801,-29.3749112],[-51.2238417,-29.3899721]],[[-51.2238417,-29.3899721],[-51.2143212,-29.403537]],[[-51.2068342,-29.407746],[-51.1891806,-29.4102774]],[[-51.1685906,-29.4354267],[-51.1689989,-29.4394358]],[[-51.1689989,-29.4394358],[-51.1443671,-29.440782],[-51.1342934,-29.437256],[-51.1245742,-29.4051513],[-51.1259334,-29.3983114],[-51.1178565,-29.4066499],[-51.0967555,-29.4094857],[-51.1024812,-29.4393857],[-51.0875013,-29.4503018],[-51.0680717,-29.4533286],[-51.0477362,-29.4494627],[-51.0424999,-29.439441]],[[-51.0424999,-29.439441],[-51.0196399,-29.4369739],[-50.9931738,-29.4020799],[-50.9813245,-29.3904007]],[[-50.9749358,-29.3296161],[-50.9912883,-29.3169558]],[[-51.6662762,-28.6289899],[-51.6695073,-28.6291119],[-51.6673592,-28.6844189]],[[-51.7140548,-28.7842228],[-51.7064664,-28.7918034],[-51.6888606,-28.7921239],[-51.6838381,-28.8149859],[-51.7039732,-28.8148652],[-51.7122812,-28.8243271],[-51.7121155,-28.8354624]],[[-51.7121155,-28.8354624],[-51.5752397,-28.8333708]],[[-51.5752397,-28.8333708],[-51.5000217,-28.8272049],[-51.4964527,-28.8240185],[-51.4937395,-28.8236352]],[[-51.4937395,-28.8236352],[-51.4975115,-28.8091292]],[[-51.4975115,-28.8091292],[-51.5006078,-28.8023314],[-51.4992141,-28.7951985],[-51.5094176,-28.7947778],[-51.5129178,-28.7850144],[-51.5202249,-28.7818783],[-51.5089708,-28.7739214],[-51.5230896,-28.7632277],[-51.5277576,-28.7627862],[-51.5310826,-28.7554599],[-51.5334436,-28.7488455],[-51.5403408,-28.7447762],[-51.545929,-28.7333459],[-51.5515289,-28.7282992],[-51.5560331,-28.7258156],[-51.5601518,-28.727895],[-51.5608353,-28.7246007],[-51.5489488,-28.7211501],[-51.5641987,-28.7148778],[-51.5741106,-28.6979196],[-51.5553841,-28.6933377]],[[-51.5553841,-28.6933377],[-51.5659639,-28.694909]],[[-51.607474,-28.6730702],[-51.5959475,-28.6691192]],[[-51.5959475,-28.6691192],[-51.6039546,-28.6639696],[-51.6120626,-28.6607828]],[[-53.6840232,-28.0048051],[-53.6961007,-27.9871479],[-53.6999438,-27.9860704],[-53.7057582,-27.9879527],[-53.7130256,-27.9845442],[-53.7234671,-27.9825065],[-53.7282277,-27.9832941]],[[-53.7282277,-27.9832941],[-53.7428536,-27.9915403]],[[-53.7428536,-27.9915403],[-53.7544229,-27.9970935]],[[-53.7715156,-28.0337493],[-53.777089,-28.0399933],[-53.7853848,-28.0447453],[-53.8142228,-28.0557043]],[[-53.8142228,-28.0557043],[-53.8028283,-28.0590737],[-53.796068,-28.0643104],[-53.7913776,-28.0861692]],[[-53.8004638,-28.0994355],[-53.8017196,-28.1023375]],[[-53.6387168,-28.1326581],[-53.6185051,-28.143497]],[[-53.5906083,-28.0417117],[-53.585546,-28.0390897]],[[-53.585546,-28.0390897],[-53.5990113,-28.0380642],[-53.6176654,-28.0307012],[-53.632316,-28.0362766],[-53.6591764,-28.0351833],[-53.6755621,-28.0256238],[-53.6770771,-28.012335],[-53.6840232,-28.0048051]],[[-51.4634473,-28.9261592],[-51.4633147,-28.9318126],[-51.4678119,-28.9375116],[-51.4468024,-28.9381818],[-51.4487801,-28.9519604],[-51.4636269,-28.9478411],[-51.4715133,-28.960442],[-51.4682845,-28.9699482],[-51.4527424,-28.9765615],[-51.4715849,-28.9915823],[-51.4543997,-29.0029541],[-51.4766138,-29.009392]],[[-51.4766138,-29.009392],[-51.4771011,-29.0183334]],[[-51.4771011,-29.0183334],[-51.4678614,-29.0161072],[-51.4606534,-29.0194158]],[[-51.4606534,-29.0194158],[-51.4410134,-29.0595185],[-51.4330217,-29.0634789],[-51.4220911,-29.0598353]],[[-51.3850229,-29.0661844],[-51.3708655,-29.068601],[-51.3650348,-29.066061],[-51.357931,-29.0598487],[-51.3574336,-29.0571273],[-51.3628728,-29.0410255]],[[-51.3703545,-28.9828789],[-51.3616235,-28.9729213],[-51.3589108,-28.9723007],[-51.3451925,-28.9754038],[-51.3410785,-28.9713098]],[[-51.3410785,-28.9713098],[-51.3401976,-28.9637024]],[[-51.365459,-29.7880459],[-51.3601434,-29.7886531]],[[-51.3702592,-29.8364107],[-51.3558873,-29.8412408]],[[-51.3558873,-29.8412408],[-51.3676319,-29.8892123],[-51.3275329,-29.9096335],[-51.3103247,-29.9315491],[-51.2915551,-29.9292762],[-51.2673162,-29.9351526]],[[-51.2673162,-29.9351526],[-51.2456563,-29.9326248]],[[-51.2456563,-29.9326248],[-51.238993,-29.9278044]],[[-51.2338616,-29.8661361],[-51.2313269,-29.8508147]],[[-51.1811691,-29.8295763],[-51.1906394,-29.8247535],[-51.1925299,-29.8182527],[-51.1979532,-29.8108459]],[[-51.1979532,-29.8108459],[-51.192631,-29.8034034]],[[-51.192631,-29.8034034],[-51.195353,-29.8019518],[-51.2002627,-29.7921517],[-51.2116924,-29.7939834],[-51.2268938,-29.7821341],[-51.2507419,-29.7757737],[-51.2577661,-29.7745055],[-51.2680027,-29.7812275],[-51.3024266,-29.7817202]],[[-51.3024266,-29.7817202],[-51.3090294,-29.7769409]],[[-53.0401875,-29.6740117],[-53.0506865,-29.6974839]],[[-53.0506865,-29.6974839],[-53.0684774,-29.7278099],[-53.0603578,-29.7583418],[-53.0556726,-29.7686381],[-53.0664328,-29.7878311],[-53.0785064,-29.7936195]],[[-52.9260392,-29.7201218],[-52.9297104,-29.7192025]],[[-51.1052734,-29.6411467],[-51.1421738,-29.6370058]],[[-51.1757339,-29.6711906],[-51.1797945,-29.6878883]],[[-51.1797945,-29.6878883],[-51.1595538,-29.6927058],[-51.1576963,-29.7163755],[-51.1292654,-29.7432612],[-51.1068786,-29.7330602],[-51.0849344,-29.7347947],[-51.0870833,-29.7623522],[-51.06812,-29.8112834]],[[-51.06812,-29.8112834],[-51.0783449,-29.8308231]],[[-50.9577409,-29.7892814],[-50.9342361,-29.7690964],[-50.9391677,-29.7593023],[-50.9394171,-29.7537489],[-50.9366079,-29.7513005],[-50.9388596,-29.7432491],[-50.9375802,-29.7349929],[-50.9421089,-29.7187147],[-50.9451665,-29.698192]],[[-50.9451665,-29.698192],[-50.9474893,-29.690163]],[[-50.9474893,-29.690163],[-50.9543266,-29.6877876],[-50.9577752,-29.6934435],[-50.9738134,-29.7010281],[-50.9810402,-29.7023879],[-50.9962355,-29.7063304]],[[-54.4746213,-27.4812321],[-54.5005991,-27.4803532],[-54.5103094,-27.4854877],[-54.520919,-27.5033165],[-54.5371271,-27.5028133],[-54.5424115,-27.4867498],[-54.561367,-27.4624989],[-54.5733512,-27.4536101],[-54.5911066,-27.4628525],[-54.59495,-27.4873672],[-54.6095405,-27.5104205],[-54.6157921,-27.532241],[-54.631997,-27.5456983]],[[-54.631997,-27.5456983],[-54.6182134,-27.5575477],[-54.6199583,-27.56594],[-54.63077,-27.5681953],[-54.6280609,-27.5821695],[-54.6234542,-27.5750327],[-54.622578,-27.5837853],[-54.6114888,-27.5890893],[-54.6034419,-27.5729033],[-54.5999919,-27.5785694],[-54.5951802,-27.5833171]],[[-54.5951802,-27.5833171],[-54.5851534,-27.5970163]],[[-54.5851534,-27.5970163],[-54.583563,-27.5943478],[-54.5778713,-27.5911914],[-54.572342,-27.6022299],[-54.5679828,-27.6093162],[-54.5745134,-27.6154306],[-54.5716698,-27.6267561]],[[-54.5716698,-27.6267561],[-54.5666969,-27.6308421]],[[-54.5666969,-27.6308421],[-54.5471337,-27.6133368],[-54.5282172,-27.6081888],[-54.4838395,-27.6018742],[-54.4787174,-27.5934197],[-54.4441359,-27.5797557],[-54.4485971,-27.5656474]],[[-54.4485971,-27.5656474],[-54.4252228,-27.5465971]],[[-53.1525934,-27.5203988],[-53.1642427,-27.509888],[-53.1801055,-27.5092515],[-53.1909236,-27.5199011],[-53.1950148,-27.5201427]],[[-53.1950148,-27.5201427],[-53.1824106,-27.5351849],[-53.2034182,-27.5424808],[-53.2024125,-27.5493971],[-53.2277771,-27.561043],[-53.231082,-27.5764739]],[[-53.231082,-27.5764739],[-53.2271699,-27.5926291]],[[-53.1187008,-27.5885017],[-53.1197828,-27.5856761]],[[-53.1418755,-27.5295752],[-53.1525934,-27.5203988]],[[-53.0750987,-27.6751536],[-53.0856206,-27.6725587],[-53.0942951,-27.6728217],[-53.0999323,-27.675196],[-53.1043487,-27.681865],[-53.1042516,-27.6851619],[-53.1023389,-27.6861244],[-53.0956779,-27.6849594]],[[-53.0956779,-27.6849594],[-53.085471,-27.6986868],[-53.0826088,-27.7148569],[-53.071049,-27.7259137],[-53.0875014,-27.7362793]],[[-53.0875014,-27.7362793],[-53.1023082,-27.7350264],[-53.1063775,-27.7401026],[-53.1087576,-27.7493826]],[[-53.1087576,-27.7493826],[-53.1142497,-27.7543584]],[[-53.1142497,-27.7543584],[-53.0897058,-27.7649383]],[[-53.0897058,-27.7649383],[-53.0783239,-27.7760621],[-53.0659202,-27.7748632],[-53.0644818,-27.7852865],[-53.0588942,-27.7950896]],[[-53.0588942,-27.7950896],[-53.0561615,-27.7971299]],[[-53.0561615,-27.7971299],[-53.0527392,-27.7925374],[-53.0469695,-27.7918922],[-53.0390106,-27.7925661],[-53.0313396,-27.800194],[-53.0284335,-27.8074679],[-53.0247921,-27.8038205]],[[-53.0247921,-27.8038205],[-53.0191377,-27.8048151]],[[-53.0191377,-27.8048151],[-53.0131381,-27.8030873],[-53.0017653,-27.7930876]],[[-53.0017653,-27.7930876],[-52.9844301,-27.7904894]],[[-53.053588,-27.8176557],[-53.0752856,-27.8132964]],[[-53.0752856,-27.8132964],[-53.0763482,-27.8142627],[-53.0721612,-27.8220686],[-53.0823578,-27.8163123],[-53.0877232,-27.8242838],[-53.1041126,-27.8205038],[-53.097111,-27.8462792],[-53.113874,-27.8362412]],[[-53.113874,-27.8362412],[-53.1062369,-27.8460481],[-53.1035167,-27.8576876],[-53.1188262,-27.862961],[-53.1229396,-27.8672444],[-53.1281207,-27.8699942],[-53.152455,-27.8865863],[-53.157507,-27.8967846],[-53.1930825,-27.9267319],[-53.1894138,-27.94047],[-53.2113551,-27.9660222],[-53.2053637,-27.988904],[-53.1926304,-27.9937854]],[[-53.0650703,-27.9409072],[-53.0476491,-27.9212074]],[[-53.0973353,-27.9005329],[-53.0836523,-27.9045236],[-53.0739326,-27.8980522]],[[-53.0739326,-27.8980522],[-53.0484369,-27.9025885],[-53.0404495,-27.8977403],[-53.0421432,-27.8951907]],[[-53.0528934,-27.8870638],[-53.0526517,-27.8816738]],[[-53.0526517,-27.8816738],[-53.0433773,-27.8651032],[-53.0592597,-27.8351995],[-53.0590782,-27.8238795],[-53.0419055,-27.8218323],[-53.053588,-27.8176557]],[[-50.2121096,-29.7296431],[-50.2301657,-29.7307653]],[[-50.3557198,-29.8400084],[-50.3724764,-29.8582687]],[[-50.3724764,-29.8582687],[-50.372637,-29.884052],[-50.3860969,-29.8848958],[-50.3991508,-29.971725],[-50.4179459,-29.982836],[-50.4595339,-30.0167597],[-50.4650845,-30.0285536],[-50.4561307,-30.0483094]],[[-50.4561307,-30.0483094],[-50.4564112,-30.0523139],[-50.4188065,-30.096538]],[[-50.3486935,-30.0532433],[-50.3465134,-30.0390507],[-50.3260702,-30.0362453],[-50.3068586,-30.0213599],[-50.2873998,-30.0119944],[-50.2442904,-29.9843988],[-50.2296519,-29.966904],[-50.2208353,-29.9774606],[-50.2021896,-29.9811836],[-50.1847364,-29.9950441],[-50.1773774,-29.9891487],[-50.1550533,-29.9866497]],[[-50.075267,-29.8844706],[-50.0636596,-29.8600481]],[[-50.0636596,-29.8600481],[-50.0960287,-29.852487],[-50.0987686,-29.836766],[-50.1140044,-29.810742],[-50.1066551,-29.8015478],[-50.1132558,-29.7931582],[-50.1102049,-29.7849589],[-50.1154476,-29.7888253],[-50.1132035,-29.7855777]],[[-50.1132035,-29.7855777],[-50.1162166,-29.7882072]],[[-51.8929603,-27.7019279],[-51.881028,-27.7197762]],[[-51.881028,-27.7197762],[-51.8569487,-27.7501066],[-51.8479614,-27.7504723],[-51.8278824,-27.7588181],[-51.7768058,-27.760278],[-51.7454832,-27.7747128]],[[-51.7454832,-27.7747128],[-51.7519245,-27.78153]],[[-51.7009592,-27.6899111],[-51.6997826,-27.6881966]],[[-50.3414789,-30.2030463],[-50.3569144,-30.1967607],[-50.3627573,-30.2055507]],[[-50.543539,-30.2382449],[-50.5377796,-30.2738662],[-50.5438332,-30.2819543],[-50.5430121,-30.2999224],[-50.5553832,-30.3168313],[-50.5462626,-30.3312246],[-50.5453163,-30.3559794],[-50.5656371,-30.387912],[-50.5629239,-30.4096888],[-50.5645145,-30.4375764],[-50.57442,-30.4814758],[-50.5826612,-30.4901355],[-50.6110979,-30.4857109],[-50.6492172,-30.4536054],[-50.6564259,-30.4308461],[-50.6501842,-30.4135717],[-50.6332943,-30.4061836],[-50.6196463,-30.4067191],[-50.5967321,-30.3910186],[-50.6206633,-30.3567733],[-50.6309712,-30.3614274],[-50.6296377,-30.3915319],[-50.6434419,-30.3959193],[-50.679627,-30.3688181],[-50.6866983,-30.3568378],[-50.7055849,-30.3476309],[-50.7175403,-30.3519864],[-50.7294942,-30.3681373],[-50.7247779,-30.3839736],[-50.7005131,-30.4247626],[-50.68643,-30.5008003]],[[-50.3342558,-30.500802],[-50.3040508,-30.4423891],[-50.2519012,-30.3048776]],[[-53.3977709,-27.6960006],[-53.397705,-27.6925831]],[[-53.5571062,-27.7417318],[-53.5658034,-27.7432945]],[[-53.6190933,-27.9387724],[-53.6223887,-27.9548232]],[[-53.6223887,-27.9548232],[-53.6188435,-27.9815882],[-53.5970212,-27.983338],[-53.568104,-28.0013713],[-53.5679921,-28.0199856],[-53.585546,-28.0390897]],[[-53.585546,-28.0390897],[-53.5677372,-28.0410249]],[[-53.3150494,-28.1926495],[-53.3105641,-28.191685]],[[-53.3105641,-28.191685],[-53.291476,-28.1715573],[-53.2685917,-28.1630681],[-53.2577081,-28.1652788]],[[-53.2577081,-28.1652788],[-53.2555558,-28.1643558]],[[-53.113874,-27.8362412],[-53.155773,-27.8259176],[-53.192337,-27.8294921],[-53.2032753,-27.8200793],[-53.2015521,-27.8062978]],[[-53.2015521,-27.8062978],[-53.2028981,-27.8034794]],[[-53.2028981,-27.8034794],[-53.2075223,-27.8050689],[-53.2577156,-27.8351189],[-53.2686575,-27.8357148],[-53.2784136,-27.7885157],[-53.2925129,-27.7640345]],[[-53.2925129,-27.7640345],[-53.2922057,-27.7545752]],[[-53.3141133,-27.7775767],[-53.3216065,-27.7959494],[-53.3255823,-27.8000455],[-53.3384671,-27.7953467]],[[-53.5591206,-27.2565004],[-53.5614156,-27.2451298]],[[-53.5614156,-27.2451298],[-53.5943972,-27.2740439],[-53.6074301,-27.2810139],[-53.6173117,-27.2815816],[-53.6317086,-27.2758095],[-53.6362816,-27.2659808],[-53.6396232,-27.2612167]],[[-53.6396232,-27.2612167],[-53.6460492,-27.261163]],[[-53.6460492,-27.261163],[-53.6457176,-27.2662977],[-53.6463228,-27.2814379],[-53.665032,-27.2847472],[-53.6452001,-27.295315],[-53.6565825,-27.2987146],[-53.6625567,-27.3029707]],[[-53.6625567,-27.3029707],[-53.662862,-27.3155652],[-53.6436094,-27.3283274]],[[-53.6436094,-27.3283274],[-53.6522449,-27.3394542]],[[-53.6522449,-27.3394542],[-53.6423419,-27.3417896],[-53.6367314,-27.3461862],[-53.6378207,-27.3482915],[-53.6490297,-27.3547104]],[[-53.6490297,-27.3547104],[-53.637726,-27.3613367],[-53.6274529,-27.3556306]],[[-53.550783,-27.3944145],[-53.5427083,-27.3896926]],[[-53.5427083,-27.3896926],[-53.5313042,-27.3837291]],[[-53.5313042,-27.3837291],[-53.512995,-27.3743965],[-53.515952,-27.3626045],[-53.5268718,-27.3448249],[-53.530254,-27.3411445],[-53.5399957,-27.3323005],[-53.540381,-27.3253419],[-53.5418611,-27.3182061],[-53.5416745,-27.3035568],[-53.5495388,-27.2959031],[-53.5471835,-27.2713125],[-53.5591206,-27.2565004]],[[-53.6393635,-28.2586478],[-53.6423233,-28.260604]],[[-53.7054244,-28.2796792],[-53.7131787,-28.2979265]],[[-53.6603917,-28.3190321],[-53.6569226,-28.3265761]],[[-53.6569226,-28.3265761],[-53.6332076,-28.3477351],[-53.6249744,-28.3616261],[-53.6112685,-28.3694933],[-53.6138485,-28.378384],[-53.6072328,-28.3794256],[-53.5554402,-28.4004407],[-53.5444554,-28.3994972],[-53.5530585,-28.3878609],[-53.5464166,-28.376303],[-53.5105231,-28.3850959],[-53.502834,-28.3977802],[-53.4849843,-28.3917955],[-53.4837072,-28.3983812],[-53.4754776,-28.4139076],[-53.4833497,-28.428475],[-53.4809088,-28.4402113],[-53.4929154,-28.4586351],[-53.4946828,-28.4768859],[-53.4802303,-28.488036],[-53.4602694,-28.4913194]],[[-53.4602694,-28.4913194],[-53.4596243,-28.4875315]],[[-53.4596243,-28.4875315],[-53.4439664,-28.4770245],[-53.429313,-28.4493332],[-53.4148803,-28.4443065],[-53.4103165,-28.4309029],[-53.4179097,-28.4120071],[-53.3731669,-28.3867511]],[[-53.3731669,-28.3867511],[-53.4001544,-28.2432599],[-53.4025053,-28.239819]],[[-52.1631941,-30.3222432],[-52.175206,-30.3151957],[-52.2097606,-30.2595991],[-52.2244487,-30.2558894],[-52.2536545,-30.2697052],[-52.2778242,-30.2635471],[-52.2729866,-30.2424457],[-52.2857535,-30.2185073],[-52.2798906,-30.1875641],[-52.2940765,-30.1697199],[-52.2942835,-30.1563099],[-52.2658125,-30.1415592],[-52.2844305,-30.137049],[-52.3074415,-30.1430421],[-52.327529,-30.1434871],[-52.3416791,-30.1589473],[-52.3510317,-30.1417533],[-52.3773292,-30.1278777],[-52.3725944,-30.1140895],[-52.3871963,-30.0890911],[-52.4176868,-30.081532],[-52.4316833,-30.0899847],[-52.4480643,-30.0869566],[-52.4890149,-30.098641],[-52.4949381,-30.1121955],[-52.5246641,-30.1014623],[-52.5200662,-30.1181307],[-52.5448367,-30.1457343],[-52.543956,-30.1550893],[-52.5579592,-30.1721362],[-52.5520962,-30.1897937],[-52.5370795,-30.1933259],[-52.5320341,-30.2185342],[-52.5374354,-30.2478231],[-52.5355448,-30.2694246]],[[-52.5355448,-30.2694246],[-52.5232259,-30.2790585]],[[-52.3452775,-30.3591842],[-52.3414945,-30.3585383],[-52.3339431,-30.3598231]],[[-51.7973674,-28.5321083],[-51.7989318,-28.5317478]],[[-51.7989318,-28.5317478],[-51.8059487,-28.5403259],[-51.8028483,-28.5426039],[-51.8029339,-28.5439607],[-51.8086568,-28.5448352]],[[-51.8086568,-28.5448352],[-51.8085914,-28.5583174],[-51.8199276,-28.5679394],[-51.8264962,-28.5728506],[-51.8282633,-28.5793916],[-51.8369648,-28.5771883],[-51.8371162,-28.5809703],[-51.8428161,-28.5848814]],[[-51.8428161,-28.5848814],[-51.8591416,-28.5973875]],[[-51.8409084,-28.6475826],[-51.839585,-28.6519632]],[[-51.7207452,-28.6119698],[-51.7139712,-28.6080126],[-51.7047138,-28.6093412]],[[-51.7404386,-28.5485857],[-51.7490732,-28.5605091],[-51.7677386,-28.5557117],[-51.7833008,-28.5521881],[-51.7930325,-28.5465216],[-51.7973674,-28.5321083]],[[-53.1693073,-29.7684966],[-53.174548,-29.7697275]],[[-53.174548,-29.7697275],[-53.1717858,-29.7725444]],[[-53.1717858,-29.7725444],[-53.1641651,-29.7763079],[-53.1609611,-29.7810639],[-53.1658871,-29.7878236],[-53.1638689,-29.7947305]],[[-53.1638689,-29.7947305],[-53.1613174,-29.8128856],[-53.1200569,-29.8350416]],[[-53.1200569,-29.8350416],[-53.1120174,-29.8459048],[-53.1095,-29.8521836]],[[-53.0506865,-29.6974839],[-53.0416209,-29.6670803]],[[-53.0548151,-29.5761846],[-53.0581283,-29.5695885]],[[-51.4602583,-29.5657478],[-51.4606561,-29.5731983]],[[-51.4606561,-29.5731983],[-51.4684986,-29.5830241],[-51.4596891,-29.6094767],[-51.4669389,-29.6218305]],[[-51.4283414,-29.6458324],[-51.4279033,-29.6537938]],[[-51.3917198,-29.6525774],[-51.3901274,-29.6326447],[-51.3830989,-29.622266],[-51.3830962,-29.5886254]],[[-51.3830962,-29.5886254],[-51.3865941,-29.5837369]],[[-50.8565453,-29.5844289],[-50.859416,-29.6079112]],[[-50.8804816,-29.6367218],[-50.9059938,-29.6313788]],[[-50.926558,-29.6755748],[-50.9215227,-29.674142]],[[-50.9215227,-29.674142],[-50.9204611,-29.6767634],[-50.922075,-29.6809944],[-50.9228142,-29.6876862],[-50.8977342,-29.6976784],[-50.8854567,-29.6986756],[-50.8802673,-29.6977964],[-50.8721581,-29.7018359],[-50.8787673,-29.712363],[-50.8653798,-29.7293455],[-50.8397272,-29.7247496],[-50.8326299,-29.702769],[-50.8214851,-29.6904036],[-50.7963049,-29.6737206],[-50.8072683,-29.6521585],[-50.8007605,-29.6434638],[-50.8109933,-29.625978]],[[-50.8109933,-29.625978],[-50.8088153,-29.6243629],[-50.8057138,-29.6169832]],[[-52.822673,-29.3195037],[-52.8251499,-29.3305149]],[[-52.8251499,-29.3305149],[-52.8132273,-29.3561252],[-52.8144221,-29.3637862],[-52.8154669,-29.3663002],[-52.8226841,-29.3654715],[-52.834833,-29.3611793],[-52.851471,-29.3780844],[-52.8498385,-29.3878741]],[[-52.8498385,-29.3878741],[-52.9386323,-29.3952966]],[[-52.9386323,-29.3952966],[-52.9636454,-29.4122695],[-52.9637519,-29.422478],[-52.9904855,-29.4351535],[-53.0125731,-29.4537534],[-53.014061,-29.4647032]],[[-53.014061,-29.4647032],[-53.0118902,-29.4664706]],[[-52.9632624,-29.5106371],[-52.9579253,-29.5166768]],[[-52.8015966,-29.5032497],[-52.7973909,-29.4905937],[-52.7920778,-29.4839587]],[[-52.7920778,-29.4839587],[-52.7864568,-29.4746398],[-52.7796084,-29.449978],[-52.7707223,-29.4475947]],[[-52.7707223,-29.4475947],[-52.7753753,-29.4392588],[-52.7701827,-29.4238403],[-52.7617723,-29.4201773],[-52.759712,-29.4178989],[-52.7681877,-29.4136249]],[[-52.7685986,-29.412338],[-52.7649431,-29.3993472]],[[-52.7649431,-29.3993472],[-52.7600775,-29.3891879],[-52.756845,-29.3788265],[-52.755834,-29.3676101]],[[-52.755834,-29.3676101],[-52.7592965,-29.3645605]],[[-52.2955168,-29.6772184],[-52.3118571,-29.6781045]],[[-52.3118571,-29.6781045],[-52.318779,-29.6840452],[-52.3144016,-29.7076585],[-52.3309246,-29.7175638],[-52.3331732,-29.7376302],[-52.328405,-29.7559032],[-52.3109992,-29.7904904],[-52.3044961,-29.8087425],[-52.3200497,-29.8098266]],[[-52.3200497,-29.8098266],[-52.3151129,-29.8170271],[-52.3124889,-29.8558746]],[[-52.3124889,-29.8558746],[-52.3135031,-29.8600716],[-52.3063645,-29.8724871],[-52.2866508,-29.8689273]],[[-52.2866508,-29.8689273],[-52.2738603,-29.8684991],[-52.2695871,-29.8663986],[-52.2536221,-29.8503446]],[[-52.2536221,-29.8503446],[-52.2295446,-29.8406434],[-52.2127221,-29.8413576]],[[-52.2127221,-29.8413576],[-52.1806577,-29.822975]],[[-52.1806577,-29.822975],[-52.204266,-29.8096458],[-52.2125736,-29.7897506],[-52.2326122,-29.7754008],[-52.1856379,-29.7576135],[-52.1792771,-29.7680432],[-52.1362611,-29.748905],[-52.1359318,-29.734067],[-52.1221306,-29.7255692]],[[-52.1221306,-29.7255692],[-52.1220699,-29.7238376]],[[-52.1220699,-29.7238376],[-52.1260913,-29.7212593],[-52.1643232,-29.6960156],[-52.1703237,-29.6781922],[-52.1798075,-29.6709208],[-52.2119049,-29.668962],[-52.2204637,-29.6701748],[-52.2354111,-29.6895802],[-52.2601,-29.7023803],[-52.2752252,-29.6869909],[-52.2779025,-29.6842613],[-52.2955168,-29.6772184]],[[-52.4856555,-28.1237961],[-52.4894485,-28.1201431]],[[-52.4894485,-28.1201431],[-52.4915129,-28.123993],[-52.5048082,-28.1314369],[-52.517266,-28.1332637],[-52.5205941,-28.1360712]],[[-52.5205941,-28.1360712],[-52.5303312,-28.138449],[-52.5426198,-28.1272583]],[[-52.5426198,-28.1272583],[-52.5711825,-28.1236285],[-52.5965071,-28.1468801],[-52.5974259,-28.1495769],[-52.6064601,-28.1528117],[-52.615529,-28.1532153],[-52.6180978,-28.1573093],[-52.6319766,-28.1687973]],[[-52.6319766,-28.1687973],[-52.631288,-28.1739306]],[[-52.6771235,-28.2687687],[-52.6683781,-28.2721482]],[[-52.6683781,-28.2721482],[-52.6514874,-28.2787039],[-52.6367865,-28.3009359],[-52.6183163,-28.3036752],[-52.6105892,-28.2955381],[-52.5904688,-28.3098615],[-52.5984896,-28.3283047]],[[-52.5984896,-28.3283047],[-52.5958012,-28.3314897]],[[-52.446718,-28.4004811],[-52.4412253,-28.4059313]],[[-52.2129606,-28.3604074],[-52.2369691,-28.3414218]],[[-52.2369691,-28.3414218],[-52.2450893,-28.3299129],[-52.2493863,-28.3285019],[-52.258006,-28.3292167]],[[-52.258006,-28.3292167],[-52.278168,-28.324428],[-52.3050875,-28.30167]],[[-52.2670251,-28.241698],[-52.2681996,-28.2390768],[-52.2757257,-28.2286704],[-52.2893204,-28.2312811]],[[-52.447256,-27.6627539],[-52.4479327,-27.6740496]],[[-52.4479327,-27.6740496],[-52.4579603,-27.6828326],[-52.4782676,-27.6822238],[-52.4817424,-27.7176646]],[[-52.4817424,-27.7176646],[-52.4822095,-27.7208298]],[[-52.466985,-27.7380795],[-52.4639605,-27.7370993]],[[-52.4639605,-27.7370993],[-52.450607,-27.7357813],[-52.4492147,-27.7378465],[-52.4364239,-27.7398206],[-52.4197763,-27.755146],[-52.4219887,-27.7665852],[-52.3994803,-27.7707692],[-52.3868805,-27.7729866],[-52.3763101,-27.7598282],[-52.3660544,-27.7560446],[-52.3490708,-27.7557884],[-52.3398469,-27.7479515]],[[-52.3398469,-27.7479515],[-52.3300175,-27.7457411]],[[-52.321595,-27.6609352],[-52.3935514,-27.6620864]],[[-51.6907733,-29.5007596],[-51.6909788,-29.5082913]],[[-51.6909788,-29.5082913],[-51.7312047,-29.5076054],[-51.732728,-29.5235328],[-51.7886776,-29.5163404],[-51.8095022,-29.5190724],[-51.8167604,-29.5293748]],[[-51.7961335,-29.5998387],[-51.7986866,-29.6141991],[-51.7860292,-29.615822]],[[-51.7860292,-29.615822],[-51.7763614,-29.6208115],[-51.7745253,-29.6320379],[-51.7688357,-29.641863],[-51.7605774,-29.6492403]],[[-51.7605774,-29.6492403],[-51.7556354,-29.635978]],[[-51.7556354,-29.635978],[-51.7408582,-29.6210362],[-51.7297437,-29.6237251],[-51.7055037,-29.6144032],[-51.7095558,-29.6017563],[-51.6996513,-29.6001449],[-51.679183,-29.6144687],[-51.6752852,-29.6275357],[-51.6608931,-29.6430429]],[[-51.6608931,-29.6430429],[-51.6560061,-29.6432272]],[[-51.6560061,-29.6432272],[-51.6484838,-29.6386638]],[[-51.6484838,-29.6386638],[-51.6380618,-29.6289268]],[[-53.9126891,-31.8522298],[-53.9138045,-31.856644]],[[-53.9475107,-31.9546349],[-53.9132435,-31.9656762],[-53.8965477,-31.981149],[-53.8921252,-31.9953876],[-53.8572436,-31.9966804],[-53.8511367,-32.0268271],[-53.8376176,-32.0333952],[-53.8333169,-32.055143],[-53.8066922,-32.0698594],[-53.7562909,-32.0761537],[-53.7453664,-32.0914399],[-53.7256297,-32.0983558]],[[-53.7207817,-32.100147],[-53.7146117,-32.101307],[-53.7113405,-32.0995507],[-53.7030391,-32.078651],[-53.7036719,-32.0758694]],[[-53.4457263,-31.8397127],[-53.445858,-31.8364169]],[[-53.445858,-31.8364169],[-53.4520735,-31.8035857],[-53.4650341,-31.790255],[-53.4740554,-31.770904],[-53.4995415,-31.7508831],[-53.4968612,-31.7195417],[-53.4992793,-31.6910898],[-53.4991635,-31.6837889],[-53.5099827,-31.6728906],[-53.518034,-31.6526055],[-53.5476889,-31.6458199],[-53.5760105,-31.6334697],[-53.5949399,-31.6367183],[-53.60121,-31.6357325],[-53.609949,-31.6278474],[-53.6227689,-31.6049722]],[[-52.8183019,-31.8599241],[-52.8300178,-31.8571694]],[[-52.8300178,-31.8571694],[-52.8569633,-31.8671389],[-52.8780504,-31.8844556],[-52.8974572,-31.883729],[-52.9148693,-31.8908377]],[[-52.9148693,-31.8908377],[-52.9293222,-31.8862676]],[[-53.1234098,-31.9994271],[-53.1244716,-32.0024069],[-53.0415057,-32.0024038]],[[-52.6627606,-31.9006873],[-52.665313,-31.8999995]],[[-53.6569226,-28.3265761],[-53.6622226,-28.3298467]],[[-53.7081794,-28.479699],[-53.7028933,-28.4810258]],[[-53.4755542,-28.557431],[-53.4611322,-28.5514819]],[[-53.4611322,-28.5514819],[-53.462285,-28.5417013],[-53.4570716,-28.5206121],[-53.4490376,-28.5105696],[-53.4560717,-28.4972436]],[[-53.4560717,-28.4972436],[-53.4602694,-28.4913194]],[[-52.5010095,-31.3281765],[-52.6121574,-31.5040459]],[[-52.5769764,-31.6793703],[-52.5792505,-31.6819223]],[[-52.3722273,-31.8006594],[-52.3592234,-31.8004718],[-52.3354176,-31.7841463],[-52.3189478,-31.7833521],[-52.3033361,-31.7743168],[-52.2688511,-31.7766706],[-52.2544183,-31.7810649],[-52.2231922,-31.7890475]],[[-52.2231922,-31.7890475],[-52.2257675,-31.7518981],[-52.1985476,-31.7264132],[-52.1523643,-31.6993368],[-52.1041442,-31.6846629],[-52.0572191,-31.6832052],[-52.0326834,-31.6952113],[-52.0238288,-31.673221],[-52.0099329,-31.5976409],[-52.016533,-31.5977553]],[[-52.016533,-31.5977553],[-52.0378672,-31.5865653],[-52.0367836,-31.5696961],[-52.0455274,-31.5631182],[-52.0883384,-31.5498546],[-52.1104275,-31.5602066],[-52.1243378,-31.5601715],[-52.148791,-31.5356959],[-52.1618048,-31.5319342],[-52.176068,-31.4928702],[-52.2134786,-31.4803646],[-52.213031,-31.4584986],[-52.2380206,-31.44467],[-52.2526248,-31.4511467],[-52.2902321,-31.4755819],[-52.3006736,-31.4905396],[-52.3046418,-31.4832541],[-52.3088273,-31.4677747],[-52.3025178,-31.4576037],[-52.3087048,-31.4404015],[-52.2825497,-31.4253881],[-52.2821345,-31.4176981],[-52.2773651,-31.390497]],[[-52.2773651,-31.390497],[-52.2806394,-31.3861198],[-52.2934901,-31.3759009],[-52.2930275,-31.3680497],[-52.3624459,-31.3542921],[-52.3855886,-31.3516646],[-52.3995962,-31.3570521],[-52.4158076,-31.3411912]],[[-52.4158076,-31.3411912],[-52.4226642,-31.3363295]],[[-51.1689989,-29.4394358],[-51.1736639,-29.4854895]],[[-51.1778085,-29.4941069],[-51.1765438,-29.4922864]],[[-51.1765438,-29.4922864],[-51.1642146,-29.4989306],[-51.1464332,-29.505839],[-51.112469,-29.5107431]],[[-51.112469,-29.5107431],[-51.1061263,-29.4769496]],[[-51.0775516,-29.465168],[-51.0124564,-29.4760402]],[[-51.0124564,-29.4760402],[-51.0084021,-29.4458999],[-51.0424999,-29.439441]],[[-53.2625013,-27.4862261],[-53.2749923,-27.4828187]],[[-53.2749923,-27.4828187],[-53.2825503,-27.4934065],[-53.2789141,-27.5008921],[-53.2798042,-27.5104458]],[[-53.2798042,-27.5104458],[-53.2748577,-27.5205106]],[[-53.2418352,-27.5847357],[-53.231082,-27.5764739]],[[-53.1950148,-27.5201427],[-53.188351,-27.4942517],[-53.2138704,-27.485266],[-53.2439738,-27.5027262],[-53.2467617,-27.4957794]],[[-53.2467617,-27.4957794],[-53.2506326,-27.4969752]],[[-51.0566659,-27.8867544],[-51.0529908,-27.869788],[-51.0721612,-27.8645116],[-51.079514,-27.8558497],[-51.0765643,-27.8418454],[-51.0982717,-27.8274176],[-51.1289232,-27.8320476],[-51.1346065,-27.8036571],[-51.1577918,-27.8028892],[-51.1887444,-27.7771957],[-51.2093766,-27.77747],[-51.2262537,-27.7711841],[-51.240126,-27.7790226],[-51.2455474,-27.7614485],[-51.2740998,-27.7499132],[-51.2742346,-27.7258456],[-51.304154,-27.7289391]],[[-51.3757369,-27.8276217],[-51.3714939,-27.8342594],[-51.3709645,-27.8429871],[-51.3765361,-27.849127]],[[-51.3590439,-27.8628087],[-51.3550188,-27.8634459]],[[-53.4536446,-29.3246481],[-53.4374242,-29.3410586],[-53.4243157,-29.3460319],[-53.4170519,-29.3519144],[-53.4111745,-29.3524481],[-53.4050452,-29.3499658]],[[-53.2320182,-29.3554408],[-53.2302537,-29.3467021]],[[-53.2665604,-29.190666],[-53.2793761,-29.2019423]],[[-53.5997093,-27.1893509],[-53.6210904,-27.1912421],[-53.6282252,-27.2094582],[-53.6508192,-27.2155074],[-53.6501258,-27.1788221],[-53.6610428,-27.1664541],[-53.6750504,-27.1606825],[-53.7056375,-27.1728486],[-53.7176953,-27.1825018]],[[-53.7016034,-27.1962231],[-53.7078522,-27.199475]],[[-53.7078522,-27.199475],[-53.7069067,-27.2047933],[-53.6966737,-27.2101136],[-53.6928832,-27.2209222],[-53.6753909,-27.2312796],[-53.6698523,-27.2467593],[-53.6517249,-27.2537116]],[[-53.6517249,-27.2537116],[-53.6396232,-27.2612167]],[[-53.5614156,-27.2451298],[-53.5607192,-27.2426813]],[[-53.5607192,-27.2426813],[-53.5539708,-27.2376595]],[[-53.6507949,-31.3381268],[-53.6407827,-31.3436928]],[[-53.445858,-31.8364169],[-53.4334326,-31.8400228]],[[-53.2680605,-31.8643551],[-53.2572175,-31.8631906],[-53.2583033,-31.8443834],[-53.2775739,-31.82476],[-53.2972394,-31.8117279],[-53.3162701,-31.7915136],[-53.3185505,-31.7784548],[-53.3224928,-31.7733805],[-53.3249015,-31.7481395],[-53.3306866,-31.7416417],[-53.3278879,-31.7351987],[-53.3323863,-31.7221278],[-53.3291053,-31.6970071],[-53.3264076,-31.6925487],[-53.3075424,-31.6367141],[-53.298386,-31.6265906],[-53.2905872,-31.6264375],[-53.2691653,-31.6212465],[-53.2420678,-31.5904621],[-53.2299258,-31.5578817],[-53.2242126,-31.5514188],[-53.1982104,-31.5473002],[-53.1901074,-31.5360771],[-53.1984505,-31.5219121],[-53.2322391,-31.5013523],[-53.2489744,-31.5032788],[-53.269353,-31.4898788],[-53.2886839,-31.4870332],[-53.2915905,-31.464179],[-53.2884414,-31.443544],[-53.2778155,-31.4291906],[-53.2935002,-31.4110353],[-53.3299876,-31.4108939],[-53.3446231,-31.4028653],[-53.3558712,-31.3985887],[-53.3838236,-31.3580557],[-53.3869691,-31.3375122],[-53.3782688,-31.3291468],[-53.3865657,-31.3148241],[-53.3655973,-31.2905668],[-53.3663996,-31.2841394],[-53.3466163,-31.2557073],[-53.3470175,-31.2123369],[-53.3509502,-31.2007466],[-53.3373231,-31.1796402],[-53.3156552,-31.1791381],[-53.3071079,-31.1652436],[-53.2712437,-31.1456384],[-53.2357101,-31.1521282],[-53.218289,-31.1072522],[-53.2037188,-31.1026373],[-53.1923647,-31.0861213],[-53.2018535,-31.0663267],[-53.189105,-31.0530613],[-53.1797459,-31.0496632],[-53.1660828,-31.0240335]],[[-53.1660828,-31.0240335],[-53.2271686,-30.9938602],[-53.2355266,-31.0097892],[-53.2475147,-30.999299],[-53.2608139,-31.0098661],[-53.2859036,-31.0000734],[-53.2990022,-31.0035761],[-53.3215231,-30.9871316],[-53.3278434,-30.9962552],[-53.3435813,-30.9975294],[-53.3586067,-30.9801443],[-53.3855318,-30.9883953],[-53.4122768,-30.9760261]],[[-53.4122768,-30.9760261],[-53.424438,-30.9583712]],[[-51.4606534,-29.0194158],[-51.4771011,-29.0183334]],[[-51.4771011,-29.0183334],[-51.4772475,-29.0218526]],[[-51.4772475,-29.0218526],[-51.4866809,-29.0330734],[-51.5122271,-29.0246848]],[[-51.5122271,-29.0246848],[-51.519785,-29.0448142]],[[-51.519785,-29.0448142],[-51.498493,-29.0539037],[-51.4978151,-29.0584691],[-51.5015742,-29.0781588]],[[-51.5015742,-29.0781588],[-51.5039779,-29.081787]],[[-51.4232847,-29.165038],[-51.4232078,-29.1271639]],[[-55.3397771,-27.9659781],[-55.3470687,-27.9722437],[-55.3771528,-27.9765257],[-55.3871865,-27.9861896],[-55.3715286,-28.0140008],[-55.3755191,-28.0340354]],[[-55.3755191,-28.0340354],[-55.368826,-28.0413973],[-55.3622705,-28.039073],[-55.3323411,-28.05969],[-55.309088,-28.0875465],[-55.2931806,-28.0978951],[-55.2763956,-28.0964498],[-55.2650053,-28.123351],[-55.2659704,-28.1370431],[-55.2452945,-28.130608],[-55.2264959,-28.1394675],[-55.218691,-28.1491124],[-55.1899333,-28.150836],[-55.146227,-28.1871503]],[[-55.146227,-28.1871503],[-55.1349996,-28.1697779]],[[-55.1118012,-28.0765248],[-55.1088005,-28.0726588]],[[-55.1088005,-28.0726588],[-55.1151336,-28.0609027]],[[-55.1151336,-28.0609027],[-55.1201979,-28.0582775],[-55.1255771,-28.0581692],[-55.1291314,-28.061005],[-55.1374953,-28.0730276]],[[-55.1374953,-28.0730276],[-55.1488601,-28.0805265],[-55.1523729,-28.043705],[-55.1736843,-28.0540587],[-55.1823688,-28.0343033],[-55.1938228,-28.0271078],[-55.1944402,-28.010928],[-55.2280552,-28.0259814],[-55.2300535,-28.0162415],[-55.2181493,-28.0022078],[-55.2460652,-28.0026298],[-55.2535974,-27.990887],[-55.2784772,-27.9822407],[-55.2964502,-27.9823332],[-55.3119343,-27.9938595],[-55.318321,-27.9725396],[-55.3397771,-27.9659781]],[[-53.0202386,-30.921537],[-53.0276721,-30.9341648],[-53.0204527,-30.9515387],[-53.0223358,-30.9859155],[-53.0331795,-30.9872327],[-53.0473106,-30.9749996],[-53.0866317,-30.9690856],[-53.1305181,-30.9904904],[-53.1270376,-30.9991407],[-53.1307163,-31.0216113],[-53.1471789,-31.0302586],[-53.1660828,-31.0240335]],[[-53.2680605,-31.8643551],[-53.2691901,-31.8678521],[-53.2674688,-31.8697445],[-53.2537661,-31.8731469],[-53.233611,-31.8712565]],[[-52.9179902,-31.8840855],[-52.9148693,-31.8908377]],[[-52.8300178,-31.8571694],[-52.8255799,-31.858152]],[[-52.8933684,-31.6764899],[-52.9057473,-31.6711354],[-52.9080868,-31.6683915]],[[-52.8660325,-30.9224487],[-52.8697818,-30.9233861]],[[-53.1575338,-27.2841876],[-53.159317,-27.2823907]],[[-53.1953084,-27.3021215],[-53.2069112,-27.3182995]],[[-53.141328,-27.4038379],[-53.1450089,-27.4082696]],[[-53.1450089,-27.4082696],[-53.1373975,-27.4151765],[-53.1241011,-27.4342918]],[[-53.1241011,-27.4342918],[-53.0757703,-27.3732587]],[[-51.6408521,-29.4172372],[-51.6079713,-29.4115887]],[[-51.6079713,-29.4115887],[-51.610879,-29.4010901]],[[-51.6912295,-29.4235255],[-51.6908851,-29.4707363]],[[-51.6908851,-29.4707363],[-51.6705336,-29.4707945]],[[-51.6705336,-29.4707945],[-51.6693737,-29.4808621]],[[-51.6079098,-29.4743284],[-51.6017571,-29.4756547]],[[-51.6017571,-29.4756547],[-51.5875314,-29.4702223],[-51.5694699,-29.458017],[-51.594992,-29.433581],[-51.6426495,-29.4355211],[-51.6408521,-29.4172372]],[[-52.7449077,-27.9450476],[-52.7418695,-27.9474032]],[[-52.7418695,-27.9474032],[-52.7581056,-27.9570744],[-52.7588107,-27.9685984],[-52.7892279,-27.9848581],[-52.7998107,-27.984061],[-52.8210315,-28.0084786],[-52.822152,-28.0235113],[-52.8245387,-28.0246456],[-52.8260409,-28.0257615]],[[-52.8260409,-28.0257615],[-52.820802,-28.0347003]],[[-52.7421301,-28.0518834],[-52.7242331,-28.059605],[-52.7228229,-28.0610586],[-52.7173066,-28.0699104]],[[-52.6645444,-28.1362436],[-52.6563433,-28.1381702],[-52.6545469,-28.1400274],[-52.655571,-28.1657848],[-52.6538006,-28.1700285],[-52.648344,-28.1697866]],[[-52.6378259,-28.1682505],[-52.6319766,-28.1687973]],[[-52.5426198,-28.1272583],[-52.5310776,-28.138449],[-52.5205941,-28.1360712]],[[-52.4894485,-28.1201431],[-52.4951047,-28.1164396]],[[-52.5027151,-28.0457547],[-52.4997301,-28.0452182],[-52.509522,-28.0368896],[-52.5069589,-28.0360915],[-52.5066388,-28.0345428],[-52.5130239,-28.0320856],[-52.5147716,-28.0250169],[-52.5135019,-28.0185993]],[[-52.5135019,-28.0185993],[-52.5252254,-28.0143166],[-52.5281584,-27.9984056],[-52.5394687,-27.9933852],[-52.5452223,-27.9888083],[-52.5521006,-27.9723739],[-52.5524316,-27.9700314],[-52.5540084,-27.9682901],[-52.557374,-27.9642821],[-52.572249,-27.9682685],[-52.5757098,-27.9662872],[-52.5727183,-27.9540317],[-52.5787228,-27.9492255],[-52.5785671,-27.9475946]],[[-52.5785671,-27.9475946],[-52.5804878,-27.9468332],[-52.5802348,-27.9455128]],[[-52.5802348,-27.9455128],[-52.5873597,-27.9457885],[-52.5902927,-27.947865]],[[-52.5902927,-27.947865],[-52.6009173,-27.9493574],[-52.6112521,-27.9423926]],[[-52.6112521,-27.9423926],[-52.6094266,-27.9370716]],[[-52.6094266,-27.9370716],[-52.614661,-27.9366174],[-52.6377053,-27.9448552],[-52.6578907,-27.9454251],[-52.6961757,-27.9243986],[-52.6964818,-27.9126022],[-52.7044044,-27.9120516],[-52.7127285,-27.9198138],[-52.7373737,-27.9256831],[-52.7449077,-27.9450476]],[[-52.4772157,-27.603528],[-52.4807763,-27.6068467],[-52.4840453,-27.6077449],[-52.4862637,-27.6105643],[-52.5038061,-27.6095698],[-52.5175388,-27.6149764],[-52.5572554,-27.6028147]],[[-52.5572554,-27.6028147],[-52.5594405,-27.6790145],[-52.5647598,-27.679695],[-52.5670503,-27.678257]],[[-52.5737234,-27.6806979],[-52.5758738,-27.6834132]],[[-52.5653828,-27.6893474],[-52.5615176,-27.6889193],[-52.5519862,-27.6921746]],[[-52.4827964,-27.7194174],[-52.4817424,-27.7176646]],[[-52.4479327,-27.6740496],[-52.4470879,-27.6508869]],[[-52.4771443,-27.6109563],[-52.4772157,-27.603528]],[[-51.2766986,-29.5817637],[-51.2796089,-29.5838446]],[[-51.2796089,-29.5838446],[-51.2800962,-29.5880464],[-51.283843,-29.5933711],[-51.2815057,-29.6062335],[-51.2792135,-29.6098583]],[[-51.2792135,-29.6098583],[-51.2881392,-29.6188614]],[[-51.2881392,-29.6188614],[-51.2765124,-29.6554944],[-51.2771813,-29.6580362]],[[-51.3077838,-29.7701807],[-51.3024266,-29.7817202]],[[-51.192631,-29.8034034],[-51.1912706,-29.7937464]],[[-51.1912706,-29.7937464],[-51.1860152,-29.7950573],[-51.1854692,-29.7889836],[-51.1873335,-29.7841395],[-51.1913146,-29.781843],[-51.1946326,-29.7762405]],[[-51.1946326,-29.7762405],[-51.1902665,-29.7740015]],[[-51.1902665,-29.7740015],[-51.204052,-29.7559332]],[[-51.204052,-29.7559332],[-51.2098197,-29.7344196],[-51.2079384,-29.726838],[-51.1966996,-29.7153503]],[[-51.1966996,-29.7153503],[-51.195329,-29.712476],[-51.1924164,-29.693722]],[[-51.1924164,-29.693722],[-51.2028054,-29.6795609]],[[-51.2283771,-29.6285087],[-51.2377893,-29.5806906]],[[-51.2377893,-29.5806906],[-51.2490991,-29.5834108]],[[-51.2490991,-29.5834108],[-51.2550887,-29.5873584],[-51.2627848,-29.5858568],[-51.2683555,-29.5890797],[-51.2766986,-29.5817637]],[[-51.2311857,-29.9411153],[-51.2456563,-29.9326248]],[[-51.2673162,-29.9351526],[-51.2885665,-29.9470993],[-51.3032452,-29.9500727]],[[-51.2677786,-30.0304276],[-51.2502406,-30.0352996],[-51.2340372,-30.0478013],[-51.2347928,-30.0590199],[-51.2503711,-30.092295],[-51.2650966,-30.0984964],[-51.2611492,-30.1227041],[-51.2462778,-30.1255291],[-51.2328715,-30.135954],[-51.2251292,-30.1525026],[-51.2321246,-30.1656355],[-51.2229627,-30.1878679],[-51.2066948,-30.1904099],[-51.1780059,-30.2184992],[-51.1839953,-30.2331669],[-51.1550408,-30.2406119],[-51.1573337,-30.2609768],[-51.1367486,-30.267007],[-51.1282055,-30.2477705],[-51.1064576,-30.2503607],[-51.0926373,-30.2409338],[-51.0696981,-30.2471953],[-51.0628966,-30.2596116]],[[-51.0628966,-30.2596116],[-51.055203,-30.2586716],[-51.0555047,-30.2557347],[-51.0569638,-30.24476],[-51.0586468,-30.2397424],[-51.047221,-30.222998],[-51.0315469,-30.2168845],[-51.0119422,-30.1989308],[-51.0426534,-30.1847274],[-51.0536988,-30.1890036],[-51.0765271,-30.1742178],[-51.0786389,-30.1602208],[-51.088994,-30.1512706],[-51.0876935,-30.1405714],[-51.0986638,-30.1287104],[-51.0946909,-30.1193893],[-51.1119695,-30.1042052],[-51.1104369,-30.0876876],[-51.1224301,-30.0559389],[-51.1010415,-30.0484806],[-51.0976838,-30.0485901],[-51.0908687,-30.0474106]],[[-51.0908687,-30.0474106],[-51.0878217,-30.0410163]],[[-51.0864756,-29.9709396],[-51.0915605,-29.9630023]],[[-51.120046,-29.9580456],[-51.1340494,-29.9608856]],[[-54.999316,-27.790509],[-55.0243129,-27.7941998],[-55.0451119,-27.7725342],[-55.0579123,-27.7680858],[-55.083869,-27.7841284],[-55.0827106,-27.7968583],[-55.0528741,-27.816089],[-55.0342675,-27.8246638],[-55.0246941,-27.835311],[-55.0255821,-27.8484192],[-55.0363835,-27.8577803],[-55.0516752,-27.8524129]],[[-55.0516752,-27.8524129],[-55.0463002,-27.8624095],[-55.0487279,-27.8820865]],[[-55.0487279,-27.8820865],[-55.0485812,-27.922799]],[[-55.0485812,-27.922799],[-55.0162427,-27.9249488],[-54.9882685,-27.9047432],[-54.9795893,-27.9149846],[-54.9674457,-27.9272842],[-54.9616657,-27.936614],[-54.9571284,-27.9343398],[-54.9424186,-27.9300197]],[[-54.9424186,-27.9300197],[-54.9400419,-27.9106391]],[[-54.8292567,-27.8718201],[-54.8261471,-27.8644962]],[[-54.8293977,-27.8438547],[-54.8389179,-27.836891]],[[-54.8389179,-27.836891],[-54.853341,-27.8316735],[-54.8601429,-27.8382292],[-54.8628529,-27.833988]],[[-54.8628529,-27.833988],[-54.8528534,-27.7827706]],[[-54.8528534,-27.7827706],[-54.8776833,-27.7852811],[-54.9064204,-27.7992024],[-54.9187672,-27.8159933],[-54.9236603,-27.8168498],[-54.9394065,-27.8061392],[-54.9572782,-27.8147611],[-54.9477703,-27.8002649],[-54.9627548,-27.7898544],[-54.9700952,-27.7984712],[-54.9841575,-27.7904174],[-54.9822726,-27.8001289],[-54.9877147,-27.8050397],[-54.999316,-27.790509]],[[-54.631997,-27.5456983],[-54.6424019,-27.5448029],[-54.6520103,-27.5316838],[-54.6567412,-27.5132169],[-54.6709371,-27.5047647],[-54.6794324,-27.5128508],[-54.680116,-27.526641],[-54.67165,-27.5603613],[-54.6747618,-27.5714519],[-54.6942449,-27.5728049],[-54.7233497,-27.563451]],[[-54.6685158,-27.6398803],[-54.6677628,-27.6456911]],[[-54.6677628,-27.6456911],[-54.6642778,-27.6542073],[-54.6601917,-27.6522109],[-54.6426499,-27.6577058],[-54.6315469,-27.651294],[-54.6145152,-27.6311462],[-54.6048155,-27.6296846],[-54.592806,-27.602061]],[[-54.592806,-27.602061],[-54.6017862,-27.5959766],[-54.5951802,-27.5833171]],[[-54.9028598,-27.6988549],[-54.9066386,-27.7297869],[-54.9214569,-27.7455677],[-54.9374074,-27.7704522],[-54.9494242,-27.7792846],[-54.9776622,-27.77086],[-54.9930424,-27.7755487],[-54.999316,-27.790509]],[[-54.8528534,-27.7827706],[-54.8516112,-27.7764257]],[[-54.8516112,-27.7764257],[-54.8377614,-27.7851158],[-54.8283123,-27.7693571],[-54.8322878,-27.7424575],[-54.8223751,-27.739651]],[[-54.8223751,-27.739651],[-54.8255985,-27.7353853]],[[-55.0516752,-27.8524129],[-55.0910605,-27.8431678],[-55.1138325,-27.8489913],[-55.1262762,-27.8598184],[-55.124006,-27.8814864],[-55.1393124,-27.8950654],[-55.1715604,-27.861276],[-55.1913937,-27.8554082],[-55.2026827,-27.8578592],[-55.2322671,-27.8840687],[-55.2501219,-27.9142136],[-55.2664617,-27.9297895],[-55.277769,-27.9329168]],[[-55.277769,-27.9329168],[-55.2782153,-27.9489143],[-55.2765684,-27.9494094],[-55.2741569,-27.9479871],[-55.2729374,-27.9492317],[-55.2650595,-27.9507798]],[[-55.2650595,-27.9507798],[-55.2311198,-27.9583561],[-55.2130686,-27.9532127],[-55.1832592,-27.9783807],[-55.179952,-27.9922708],[-55.1682642,-27.991886],[-55.1681159,-28.0114631],[-55.1584477,-28.0344921],[-55.1092505,-28.0336733],[-55.1074276,-28.0213099],[-55.0893239,-28.0272033],[-55.0894775,-28.0095165],[-55.0734459,-28.0098808]],[[-55.0734459,-28.0098808],[-55.0795708,-27.9421817]],[[-55.0795708,-27.9421817],[-55.0485335,-27.9419622]],[[-55.0485335,-27.9419622],[-55.0487279,-27.8820865]],[[-52.1949379,-29.1173376],[-52.2121426,-29.0949778]],[[-52.2121426,-29.0949778],[-52.2468929,-29.101983],[-52.2554886,-29.1202883],[-52.2692357,-29.1188139],[-52.2810558,-29.1249282],[-52.2838504,-29.1304094],[-52.2904554,-29.1296585]],[[-52.2907118,-29.1591194],[-52.2902195,-29.1756729]],[[-52.2902195,-29.1756729],[-52.2771617,-29.1774882],[-52.2754643,-29.1847347],[-52.2495527,-29.1962581]],[[-52.2495527,-29.1962581],[-52.2445672,-29.2007727]],[[-52.2429986,-29.1951144],[-52.2349898,-29.1930351],[-52.2310541,-29.1934137],[-52.2260025,-29.1968472],[-52.2211311,-29.2058679]],[[-52.1695995,-29.2291803],[-52.1633947,-29.2181427]],[[-52.1633947,-29.2181427],[-52.1598184,-29.2062533]],[[-52.199534,-29.1273836],[-52.1949379,-29.1173376]],[[-51.1765438,-29.4922864],[-51.1779865,-29.4947222],[-51.1855235,-29.4967505],[-51.1870166,-29.4978692],[-51.1866216,-29.4991732]],[[-51.1866216,-29.4991732],[-51.1901446,-29.500516],[-51.2010552,-29.5045985],[-51.2254724,-29.5217131],[-51.2272393,-29.5380158],[-51.2201595,-29.5433392],[-51.2228053,-29.544296]],[[-51.2228053,-29.544296],[-51.2241368,-29.5471179]],[[-51.2115743,-29.5583196],[-51.2052989,-29.5572282]],[[-51.1163735,-29.5440598],[-51.112469,-29.5107431]],[[-52.4254151,-29.156478],[-52.4286731,-29.1577286]],[[-52.4338248,-29.2079067],[-52.436406,-29.2140112]],[[-52.2942373,-29.2886663],[-52.2920788,-29.2868204],[-52.2851784,-29.2910673],[-52.2828059,-29.2878493],[-52.2800982,-29.2902156],[-52.2786635,-29.2940576]],[[-52.1878248,-29.2865485],[-52.1937178,-29.2841517]],[[-52.2487017,-29.1973351],[-52.2495527,-29.1962581]],[[-52.2902195,-29.1756729],[-52.2923626,-29.1639129]],[[-51.5591013,-28.6913981],[-51.5553841,-28.6933377]],[[-51.4975115,-28.8091292],[-51.5014994,-28.8171679],[-51.4931907,-28.8241753],[-51.4933545,-28.8291691]],[[-51.4933545,-28.8291691],[-51.4864651,-28.8288355],[-51.4764824,-28.849713]],[[-51.4764824,-28.849713],[-51.4625271,-28.8557331]],[[-51.4381697,-28.6866369],[-51.4450906,-28.6736608]],[[-52.228111,-28.964817],[-52.2284212,-28.9660018]],[[-52.2290406,-28.9695774],[-52.226775,-28.9724683]],[[-52.2146231,-29.0274262],[-52.227735,-29.0408727]],[[-52.227735,-29.0408727],[-52.2156161,-29.0398301],[-52.209138,-29.0507726],[-52.2062449,-29.0853046],[-52.2121426,-29.0949778]],[[-52.1949379,-29.1173376],[-52.191303,-29.1110136]],[[-52.1515114,-29.0878574],[-52.1267396,-29.0812791],[-52.1049188,-29.0814247],[-52.0953686,-29.0760158],[-52.0813715,-29.0734579],[-52.0700897,-29.0635127],[-52.0658081,-29.0627882],[-52.0525621,-29.0613241]],[[-52.0525621,-29.0613241],[-52.046061,-29.0577056]],[[-52.0485884,-29.020557],[-52.0508688,-29.021493]],[[-52.0923565,-28.9803074],[-52.1242443,-28.9793709]],[[-56.1502679,-30.0550117],[-56.1818171,-30.0859448],[-56.2309885,-30.0917593],[-56.2783615,-30.1141213],[-56.3081161,-30.1145867],[-56.3205072,-30.1201106],[-56.3486572,-30.1193418],[-56.3584681,-30.113048],[-56.3791268,-30.1178081],[-56.4059997,-30.1162783],[-56.4336867,-30.1248682],[-56.4396121,-30.1369219],[-56.4660015,-30.1417761],[-56.4821924,-30.1504426],[-56.5005997,-30.1475408],[-56.5127615,-30.1590121],[-56.5467672,-30.1343041],[-56.5621134,-30.145561],[-56.6001919,-30.148073],[-56.6139743,-30.1584159],[-56.6252311,-30.1830125],[-56.6508969,-30.1883921],[-56.6581046,-30.2012909]],[[-56.6581046,-30.2012909],[-56.6520712,-30.2195915],[-56.6411633,-30.2348189],[-56.6241255,-30.2465843],[-56.6391725,-30.2591276],[-56.6275989,-30.2668614],[-56.6149632,-30.26158],[-56.6076822,-30.282946],[-56.6209649,-30.2930048],[-56.6133882,-30.3004854],[-56.5853044,-30.2903669],[-56.5758793,-30.3035598],[-56.5534976,-30.319133],[-56.5415632,-30.3131423],[-56.5370237,-30.3341373],[-56.5519926,-30.3441509],[-56.546144,-30.3606494],[-56.5215767,-30.3589506],[-56.5051903,-30.3704745],[-56.5070908,-30.3818414],[-56.4913648,-30.3981094],[-56.4621782,-30.3844822],[-56.4445371,-30.4116076],[-56.4516169,-30.4191292],[-56.4399785,-30.4325237],[-56.4148301,-30.4381301],[-56.3981877,-30.4484393],[-56.4062363,-30.4686105],[-56.3892667,-30.4930602],[-56.3682596,-30.5031673],[-56.3504861,-30.4966128],[-56.3390107,-30.5104025],[-56.3312845,-30.5293528],[-56.2898655,-30.5322561]],[[-56.2898655,-30.5322561],[-56.2796718,-30.5345293],[-56.2644279,-30.5239362],[-56.2568951,-30.5224257],[-56.2459808,-30.501435],[-56.2339518,-30.5100202],[-56.2196181,-30.4958075],[-56.1814376,-30.481764],[-56.1713504,-30.4654651],[-56.1547244,-30.4699589],[-56.1309709,-30.4561617],[-56.1164864,-30.4579699],[-56.0863288,-30.4523852],[-56.0676483,-30.4380461],[-56.056734,-30.4350085],[-56.0238232,-30.4418896],[-55.9470673,-30.4222715],[-55.9278602,-30.4307699],[-55.9151144,-30.4243435],[-55.8775224,-30.4327641],[-55.8622404,-30.4331972],[-55.8277448,-30.426392],[-55.7729017,-30.4088363],[-55.7697005,-30.3967962],[-55.7462763,-30.3953193],[-55.7350987,-30.4021118],[-55.7125714,-30.4044668],[-55.7065688,-30.402589],[-55.6833784,-30.3863989],[-55.6817334,-30.3774748],[-55.6879725,-30.3592921],[-55.6754825,-30.3224673],[-55.6634025,-30.304835],[-55.6819287,-30.2920963]],[[-55.6819287,-30.2920963],[-55.675896,-30.2768111]],[[-55.675896,-30.2768111],[-55.6715946,-30.2715527],[-55.6916675,-30.2501996],[-55.6627097,-30.246241],[-55.6624075,-30.2424822],[-55.677583,-30.2359138]],[[-55.677583,-30.2359138],[-55.6755542,-30.2267504]],[[-52.4639605,-27.7370993],[-52.465698,-27.7372537]],[[-52.5929059,-27.8850908],[-52.6016691,-27.888074]],[[-52.6016691,-27.888074],[-52.5936994,-27.8905803],[-52.5878023,-27.8915256],[-52.5959455,-27.8977349],[-52.5917395,-27.9002585],[-52.5834489,-27.9065892],[-52.5798456,-27.9253189],[-52.597242,-27.9242002],[-52.5970772,-27.9348323]],[[-52.5970772,-27.9348323],[-52.6112521,-27.9423926]],[[-52.5902927,-27.947865],[-52.5865247,-27.9456414],[-52.5761846,-27.946419],[-52.5754637,-27.9488846]],[[-52.5754637,-27.9488846],[-52.5625748,-27.9419727],[-52.5594727,-27.9420367],[-52.5542706,-27.9460825]],[[-52.5542706,-27.9460825],[-52.5416293,-27.9557412],[-52.5400739,-27.9536906],[-52.5395437,-27.9557004],[-52.5366572,-27.9491846],[-52.537866,-27.9366147]],[[-52.537866,-27.9366147],[-52.5347814,-27.9375963],[-52.5282889,-27.942352],[-52.5281665,-27.941334]],[[-52.5281665,-27.941334],[-52.5241178,-27.9420593]],[[-52.3432912,-27.7804723],[-52.325873,-27.7698146],[-52.3241807,-27.7668436],[-52.3235982,-27.759952],[-52.3281974,-27.7489884]],[[-52.3281974,-27.7489884],[-52.3398469,-27.7479515]],[[-54.0700593,-29.1987601],[-54.0705255,-29.2038889]],[[-54.2080336,-29.41987],[-54.2073495,-29.4275792]],[[-54.2073495,-29.4275792],[-54.1959538,-29.4416144],[-54.2104184,-29.450016],[-54.1948296,-29.4600881],[-54.198148,-29.4739071],[-54.1912294,-29.4824508]],[[-54.1912294,-29.4824508],[-54.1838095,-29.4795725],[-54.1703692,-29.4831639],[-54.1674868,-29.4766332],[-54.1416797,-29.4803774],[-54.1357847,-29.4701042],[-54.1091428,-29.4631315],[-54.109308,-29.4710587],[-54.1092304,-29.4737491],[-54.1005239,-29.4710638],[-54.1011398,-29.463173]],[[-54.1011398,-29.463173],[-54.0971896,-29.4579551]],[[-54.0971896,-29.4579551],[-54.0910585,-29.4446126],[-54.0693243,-29.4471906],[-54.0540477,-29.4300004],[-54.0516892,-29.4147257],[-54.0354081,-29.4015898],[-54.0270646,-29.4047458]],[[-53.9176527,-29.2263877],[-53.9207584,-29.2189563]],[[-53.9207584,-29.2189563],[-53.9196659,-29.2166243],[-53.9276466,-29.2136967],[-53.9342289,-29.1967251],[-53.9528997,-29.1876252],[-53.9547163,-29.1737444],[-53.9765321,-29.1446951],[-53.9784951,-29.1299306],[-54.005641,-29.1225178],[-54.0278448,-29.1056706],[-54.033143,-29.1351323],[-54.0422305,-29.1407478],[-54.0448613,-29.1785668],[-54.0608238,-29.1993267],[-54.0689883,-29.1978269],[-54.0700593,-29.1987601]],[[-53.238619,-28.6832782],[-53.2406585,-28.6820987]],[[-53.2620006,-28.7255005],[-53.261081,-28.7308078]],[[-53.136985,-28.8076043],[-53.1174945,-28.8027255],[-53.1153424,-28.8110839],[-53.1127344,-28.8143111]],[[-53.1225288,-28.852582],[-53.1326579,-28.87017],[-53.1322751,-28.8744714],[-53.128937,-28.8789708]],[[-53.031432,-28.7698398],[-53.0343041,-28.7637068]],[[-53.0343041,-28.7637068],[-53.0278514,-28.7554932],[-53.0330669,-28.7475328],[-53.032032,-28.7265275],[-53.0128309,-28.717014],[-53.0152363,-28.7123508],[-53.0189696,-28.7076479],[-53.024427,-28.7052891],[-53.0311489,-28.6935534]],[[-53.0311489,-28.6935534],[-53.0383193,-28.6913161]],[[-53.6445989,-27.4235097],[-53.6595787,-27.4269753]],[[-53.6595787,-27.4269753],[-53.6708734,-27.4323517],[-53.6808749,-27.4484119],[-53.7001222,-27.4468421]],[[-53.6798783,-27.5502457],[-53.6811891,-27.5479753]],[[-53.7336767,-27.6618802],[-53.715653,-27.6669441]],[[-53.5900498,-27.6884333],[-53.578192,-27.6759504]],[[-53.5655502,-27.6292575],[-53.5720787,-27.6160635]],[[-52.0428827,-29.0589026],[-52.0525621,-29.0613241]],[[-52.0296599,-29.1617736],[-52.0106566,-29.1632857]],[[-52.0047648,-29.1673794],[-52.0015471,-29.161745]],[[-51.993203,-29.1480256],[-51.9991586,-29.1287456]],[[-53.38774,-29.6329789],[-53.3976911,-29.6294524],[-53.4066142,-29.6322793],[-53.421723,-29.6511411]],[[-53.421723,-29.6511411],[-53.5452601,-29.7022312]],[[-53.5452601,-29.7022312],[-53.5443071,-29.7070339]],[[-53.5443071,-29.7070339],[-53.5457975,-29.7232522],[-53.53432,-29.7284047],[-53.5347118,-29.7546971],[-53.5184891,-29.7648266],[-53.5429379,-29.7903936],[-53.5564435,-29.7908479],[-53.5651809,-29.8134275],[-53.5508159,-29.8405019],[-53.5482552,-29.8590014],[-53.5476552,-29.8655182],[-53.5501518,-29.8653413]],[[-53.5501518,-29.8653413],[-53.5439876,-29.8700071]],[[-53.2539265,-29.9577951],[-53.2433126,-29.9626355],[-53.2420914,-29.9678886],[-53.238295,-29.9585412],[-53.2204627,-29.9622397],[-53.1961445,-29.960949],[-53.1724333,-29.9673339],[-53.1496656,-29.9625957],[-53.1256589,-29.9682751]],[[-53.1192216,-29.9127105],[-53.1208881,-29.8958289],[-53.1174831,-29.879569],[-53.1113353,-29.869248]],[[-53.1113353,-29.869248],[-53.1091715,-29.8551921],[-53.1106772,-29.8484678],[-53.1200569,-29.8350416]],[[-53.1638689,-29.7947305],[-53.1608624,-29.782284],[-53.1632735,-29.7771767],[-53.1717858,-29.7725444]],[[-53.174548,-29.7697275],[-53.1768237,-29.7702547]],[[-53.3036905,-29.6825762],[-53.3071914,-29.6847796],[-53.3122019,-29.6856115],[-53.3175981,-29.6837325],[-53.3301449,-29.6734611]],[[-53.3612891,-29.6391625],[-53.3641114,-29.6325023]],[[-53.3678803,-29.6349103],[-53.38774,-29.6329789]],[[-52.8009681,-27.2034295],[-52.8172505,-27.2025222],[-52.8322986,-27.2108227],[-52.8456748,-27.2074461],[-52.8430785,-27.1785255],[-52.8560885,-27.1696907],[-52.8770328,-27.1773996],[-52.8963561,-27.1947658],[-52.9181973,-27.2031968],[-52.9376012,-27.1983545],[-52.9360669,-27.1780364],[-52.9421824,-27.1664217],[-52.9566923,-27.1632578],[-52.9677099,-27.1903744],[-52.9712349,-27.2178361]],[[-52.9351819,-27.3104581],[-52.9276439,-27.3172564]],[[-52.4182898,-32.0121276],[-52.419439,-32.0251005]],[[-52.6203336,-32.1346508],[-52.6228602,-32.1467273],[-52.62802,-32.1510835],[-52.6284941,-32.1620369],[-52.6566138,-32.205916],[-52.6695,-32.2412143],[-52.6879575,-32.2808999],[-52.6949048,-32.3179361],[-52.652699,-32.3839596],[-52.629346,-32.4179147],[-52.6059037,-32.4620256],[-52.5882909,-32.5049176],[-52.5864091,-32.5306965],[-52.6042807,-32.5883333],[-52.6090671,-32.6123019],[-52.6183916,-32.6326868]],[[-52.6183916,-32.6326868],[-52.6075825,-32.6379536],[-52.582987,-32.6441168],[-52.4263667,-32.6421654]],[[-52.4263667,-32.6421654],[-52.4110777,-32.5923775],[-52.3864302,-32.5258308],[-52.3681675,-32.4817519],[-52.3220209,-32.3885452],[-52.3050577,-32.3582072],[-52.2697374,-32.3040584],[-52.2252116,-32.2512289],[-52.1990058,-32.2266002],[-52.133079,-32.1739267],[-52.0994219,-32.1593338],[-52.1036486,-32.1387849],[-52.1048078,-32.1059604],[-52.0992658,-32.0830655],[-52.1339267,-32.0988887],[-52.1480214,-32.1154625],[-52.1577651,-32.1128094],[-52.1498998,-32.0749573],[-52.1341208,-32.0575467],[-52.099535,-32.0472517],[-52.0723171,-32.0510871],[-52.0799993,-32.0282902],[-52.1097285,-32.0241113],[-52.1363413,-32.0457209],[-52.1711627,-32.0554776],[-52.2171572,-32.0846317],[-52.2402236,-32.0797642],[-52.1978792,-32.0527845],[-52.2033568,-32.0387877],[-52.1962296,-32.0272978],[-52.1812815,-32.0305365],[-52.1542737,-32.0265481],[-52.1132543,-32.010722],[-52.0961427,-31.9961824],[-52.1212129,-31.9786897],[-52.1331974,-31.9832105],[-52.1882474,-31.9828594],[-52.1960934,-31.9925211],[-52.1945154,-32.0062944],[-52.2058796,-32.0137271],[-52.1968569,-32.027037],[-52.2038675,-32.0383895],[-52.2424605,-32.0311492],[-52.2341607,-32.0165357],[-52.2394,-31.9852354],[-52.223311,-31.9725182],[-52.2186316,-31.9599975],[-52.1875318,-31.9637077],[-52.1669866,-31.9441496],[-52.1521804,-31.951616],[-52.1531768,-31.9293614],[-52.1454241,-31.9285894],[-52.1420227,-31.9523],[-52.1129189,-31.9430992],[-52.1376202,-31.9192941],[-52.185815,-31.9040422],[-52.2214187,-31.8725091],[-52.2344834,-31.8946859],[-52.2487331,-31.8778427],[-52.2568273,-31.8493499],[-52.2477192,-31.8390361],[-52.2218846,-31.8370124],[-52.2234594,-31.8133796],[-52.2126163,-31.8076394],[-52.2231922,-31.7890475]],[[-52.653844,-30.2050631],[-52.6573708,-30.2093709]],[[-52.5312789,-30.2723901],[-52.5355448,-30.2694246]],[[-52.1629248,-30.1996143],[-52.1581399,-30.1900671]],[[-52.1045704,-29.9456145],[-52.1104602,-29.9346459],[-52.1405981,-29.9248372],[-52.153105,-29.9274741],[-52.1665007,-29.9292943],[-52.1799283,-29.9333719],[-52.1954148,-29.9137127],[-52.1934363,-29.8896954],[-52.1842271,-29.8793732],[-52.1866957,-29.8526815],[-52.1747044,-29.8399116],[-52.1771205,-29.8271128]],[[-52.1771205,-29.8271128],[-52.2127221,-29.8413576]],[[-52.2536221,-29.8503446],[-52.2723455,-29.8678606],[-52.2866508,-29.8689273]],[[-52.3124889,-29.8558746],[-52.3141497,-29.8354998]],[[-52.3141497,-29.8354998],[-52.3188065,-29.8357235],[-52.3998478,-29.8399845],[-52.4183703,-29.8580152],[-52.4227296,-29.8606736],[-52.4293191,-29.8652827],[-52.4357189,-29.8821664],[-52.4337204,-29.9006567],[-52.4357601,-29.9134067],[-52.4542444,-29.9241566],[-52.459262,-29.9251378],[-52.4631511,-29.898378],[-52.4723131,-29.899196],[-52.4705056,-29.888733],[-52.4752941,-29.8823701]],[[-52.4752941,-29.8823701],[-52.4785083,-29.8718801]],[[-52.4785083,-29.8718801],[-52.5059383,-29.8764731],[-52.5097656,-29.8686675],[-52.5035539,-29.8486089],[-52.530889,-29.8314743],[-52.551793,-29.8303305],[-52.5535801,-29.8074786],[-52.5792987,-29.7965873]],[[-52.5792987,-29.7965873],[-52.5831929,-29.7922058]],[[-50.3476147,-29.4939364],[-50.3605021,-29.4996329],[-50.3692545,-29.4986363]],[[-50.3692545,-29.4986363],[-50.3708513,-29.5003328],[-50.3782875,-29.5068683],[-50.3863239,-29.5097607],[-50.4116637,-29.5183713],[-50.4187707,-29.5173422],[-50.424533,-29.5259583],[-50.4294548,-29.5326577],[-50.4328876,-29.5372576]],[[-50.4328876,-29.5372576],[-50.4312331,-29.5412306],[-50.4324178,-29.5560465],[-50.4494525,-29.5639543],[-50.4728709,-29.5832281],[-50.4787062,-29.5935078],[-50.4815329,-29.5989021],[-50.4699493,-29.6007041],[-50.4722878,-29.6141732],[-50.4884976,-29.6319378],[-50.4795526,-29.6563146],[-50.4629499,-29.6770473],[-50.4527848,-29.6788354]],[[-50.4527848,-29.6788354],[-50.4504627,-29.6777352],[-50.399828,-29.7073418]],[[-50.3180325,-29.6818804],[-50.3136105,-29.674722]],[[-51.8718959,-29.206921],[-51.8757896,-29.2170487],[-51.8729087,-29.2257503],[-51.8594722,-29.2246432]],[[-51.8661673,-29.2766682],[-51.8702316,-29.2830163],[-51.8737644,-29.285238],[-51.8887187,-29.2802946]],[[-51.916732,-29.3431515],[-51.9141652,-29.3481736],[-51.9089426,-29.3521325]],[[-51.8754653,-29.344162],[-51.7759073,-29.3425942]],[[-51.7800255,-29.2989236],[-51.7970018,-29.2994147]],[[-51.7489458,-29.210546],[-51.7520568,-29.2038751],[-51.7525495,-29.1991613]],[[-51.7525495,-29.1991613],[-51.7569225,-29.1926403],[-51.7580116,-29.1851715]],[[-51.7580116,-29.1851715],[-51.765229,-29.1823908]],[[-53.1830155,-27.4090869],[-53.1783581,-27.4119892]],[[-53.1783581,-27.4119892],[-53.1770441,-27.4150695],[-53.1814715,-27.4243563],[-53.1878479,-27.4250836],[-53.1987852,-27.4222798],[-53.2035652,-27.4248698]],[[-53.2345668,-27.4820703],[-53.2467617,-27.4957794]],[[-53.1525934,-27.5203988],[-53.1313314,-27.5166717]],[[-53.1332284,-27.4442597],[-53.1241011,-27.4342918]],[[-53.1450089,-27.4082696],[-53.1428389,-27.4056483]],[[-54.7951343,-28.176311],[-54.8260999,-28.1743028],[-54.8557768,-28.161115]],[[-54.8557768,-28.161115],[-54.8611072,-28.1622497]],[[-54.8611072,-28.1622497],[-54.8563491,-28.1811211],[-54.8586578,-28.1867214],[-54.8675621,-28.1923065]],[[-54.8675621,-28.1923065],[-54.8817039,-28.2021473],[-54.895307,-28.1957174],[-54.895951,-28.1886585],[-54.8788377,-28.1904749],[-54.8939205,-28.1673788],[-54.920927,-28.1815525],[-54.9143668,-28.191833],[-54.9285607,-28.2011009],[-54.9352626,-28.1929923]],[[-54.9352626,-28.1929923],[-54.9419071,-28.1864138],[-54.946083,-28.1798261]],[[-54.946083,-28.1798261],[-54.9520413,-28.1789216]],[[-54.9520413,-28.1789216],[-54.9588982,-28.1882621]],[[-54.9588982,-28.1882621],[-54.9497081,-28.1994365],[-54.9501112,-28.225255]],[[-54.9501112,-28.225255],[-54.9408688,-28.2333039],[-54.925177,-28.260117],[-54.9142326,-28.2759391],[-54.9061203,-28.2845696],[-54.8955013,-28.2883931],[-54.8831356,-28.2710692],[-54.8757808,-28.2766755],[-54.8712435,-28.2852716],[-54.8717912,-28.2913079],[-54.8692606,-28.2980414],[-54.8677558,-28.3118415],[-54.847656,-28.3307895],[-54.845301,-28.3371583],[-54.8585401,-28.3389156],[-54.8660794,-28.3493315],[-54.8544281,-28.3706085],[-54.8467743,-28.3619475],[-54.8203444,-28.3730937],[-54.8095139,-28.3610121],[-54.7891931,-28.3652203]],[[-54.7891931,-28.3652203],[-54.7850391,-28.3562576],[-54.7775672,-28.3456974]],[[-54.7507595,-28.3089369],[-54.7560074,-28.2902295],[-54.7611714,-28.2532862],[-54.7575432,-28.2363567]],[[-54.7456886,-28.2080328],[-54.7367644,-28.1932061],[-54.7330792,-28.180754]],[[-50.4328876,-29.5372576],[-50.461074,-29.5386241],[-50.5527589,-29.538637],[-50.578427,-29.5530927]],[[-50.578427,-29.5530927],[-50.5900593,-29.5660912]],[[-50.5900593,-29.5660912],[-50.6029368,-29.58911],[-50.6229653,-29.6041233],[-50.6365724,-29.6087263],[-50.6761486,-29.6648508]],[[-50.6761486,-29.6648508],[-50.6841095,-29.6768267],[-50.6542283,-29.6821644]],[[-50.6542283,-29.6821644],[-50.6447621,-29.6815241],[-50.6084322,-29.6971989],[-50.5923107,-29.7085466],[-50.574493,-29.710887],[-50.5721213,-29.7338097],[-50.5571003,-29.7275507],[-50.5480967,-29.7124304],[-50.5257714,-29.7186636],[-50.5104291,-29.7051701],[-50.5074202,-29.69543],[-50.490777,-29.6902386],[-50.4616321,-29.6955696],[-50.4443778,-29.6887133],[-50.4493437,-29.6793721]],[[-50.4493437,-29.6793721],[-50.4527848,-29.6788354]],[[-52.8947791,-27.7508373],[-52.8874294,-27.7563826],[-52.8815033,-27.7677823],[-52.8816757,-27.7772164],[-52.85887,-27.7724608],[-52.855394,-27.8030821],[-52.8225318,-27.8077955],[-52.8186064,-27.8303651],[-52.7812668,-27.8265082],[-52.7801265,-27.8514036],[-52.7580234,-27.8801466],[-52.7703516,-27.9032404],[-52.7721488,-27.9154469]],[[-52.7721488,-27.9154469],[-52.7658224,-27.9304176]],[[-52.7658224,-27.9304176],[-52.7449077,-27.9450476]],[[-52.6094266,-27.9370716],[-52.5970772,-27.9348323]],[[-52.6016691,-27.888074],[-52.6098198,-27.8791429]],[[-52.6439795,-27.8694825],[-52.6479387,-27.8519987]],[[-52.7600542,-27.6909152],[-52.7668007,-27.6902373],[-52.7747283,-27.6814715],[-52.82084,-27.6778121],[-52.8686448,-27.671539]],[[-52.9062805,-27.7458127],[-52.9121914,-27.7383169]],[[-52.9764464,-27.7889498],[-53.0017653,-27.7930876]],[[-53.0191377,-27.8048151],[-53.0218699,-27.8087002]],[[-53.0218699,-27.8087002],[-53.0074778,-27.832009],[-52.9886747,-27.8347501],[-52.992525,-27.8494868],[-52.987102,-27.8727942],[-52.9659397,-27.8707929],[-52.9236535,-27.887382],[-52.9069445,-27.8887709],[-52.8726473,-27.8845148],[-52.8568099,-27.8794661],[-52.8316195,-27.8925437],[-52.8158806,-27.8879395],[-52.7964682,-27.900442],[-52.7905308,-27.9135244],[-52.7721488,-27.9154469]],[[-55.2650595,-27.9507798],[-55.2745328,-27.9479643],[-55.2776842,-27.9492534],[-55.277769,-27.9329168]],[[-55.277769,-27.9329168],[-55.3093708,-27.9222498],[-55.3303065,-27.9314514],[-55.3397771,-27.9659781]],[[-55.1374953,-28.0730276],[-55.126428,-28.0585996],[-55.1219183,-28.0578656],[-55.1151336,-28.0609027]],[[-55.1088005,-28.0726588],[-55.1165404,-28.0923145]],[[-55.1059418,-28.1121323],[-55.1047308,-28.1169416],[-55.0962581,-28.1238371],[-55.0880345,-28.1271912],[-55.0838208,-28.1251449]],[[-55.040004,-28.162369],[-55.0324466,-28.1798673]],[[-55.02531,-28.1765143],[-55.0077099,-28.1669476],[-54.9979319,-28.1592346],[-54.9989241,-28.1444035],[-54.9870321,-28.1594054],[-54.9771772,-28.1581807]],[[-54.9771772,-28.1581807],[-54.9733492,-28.1604126],[-54.9711437,-28.166554],[-54.965311,-28.1925718]],[[-54.965311,-28.1925718],[-54.961625,-28.1919435]],[[-54.961625,-28.1919435],[-54.9520413,-28.1789216]],[[-54.946083,-28.1798261],[-54.9439946,-28.182524]],[[-54.9439946,-28.182524],[-54.9376511,-28.180118],[-54.9427578,-28.1710496],[-54.9406224,-28.1656606],[-54.9375335,-28.1504782],[-54.9278398,-28.142275],[-54.9252943,-28.1292195],[-54.9278689,-28.1290121]],[[-54.9278689,-28.1290121],[-54.928048,-28.0558391]],[[-54.928048,-28.0558391],[-54.9810938,-28.0561022],[-55.0163861,-28.0380939],[-55.0310647,-28.019635]],[[-55.0310647,-28.019635],[-55.0457497,-28.0028711],[-55.0503785,-28.0016826],[-55.0574874,-28.0021436]],[[-55.0574874,-28.0021436],[-55.0670869,-28.0115693],[-55.0732498,-28.0115052]],[[-55.0732498,-28.0115052],[-55.0734459,-28.0098808]],[[-55.3144652,-30.0831222],[-55.3130667,-30.0813064]],[[-55.6749103,-30.2205897],[-55.677583,-30.2359138]],[[-55.675896,-30.2768111],[-55.667055,-30.275016]],[[-55.667055,-30.275016],[-55.6653362,-30.281655],[-55.6588133,-30.2792159],[-55.6549734,-30.279688],[-55.6507988,-30.2857485],[-55.6482107,-30.2935432],[-55.6410473,-30.3020571],[-55.6247075,-30.3047051],[-55.6358907,-30.3330563],[-55.6181374,-30.3345202],[-55.6103826,-30.344505],[-55.6184713,-30.3632795],[-55.5947664,-30.3704483],[-55.6001987,-30.3840249],[-55.5737841,-30.3859603],[-55.5552551,-30.381201],[-55.5426072,-30.3894758],[-55.5217502,-30.3853527],[-55.512311,-30.4012529],[-55.4656,-30.4142053],[-55.4556795,-30.4115341],[-55.4172795,-30.4297271],[-55.4189884,-30.4380202],[-55.4038507,-30.4594373],[-55.3590671,-30.4833463],[-55.3509475,-30.5019245],[-55.3048118,-30.5146659],[-55.263231,-30.5212451],[-55.2561034,-30.5285483],[-55.2317657,-30.5183592],[-55.2195414,-30.5062104],[-55.2036722,-30.5056042],[-55.1719222,-30.4896058],[-55.1585384,-30.4739709],[-55.1377169,-30.4645623],[-55.1252514,-30.4522551],[-55.0656867,-30.4414095],[-55.0421674,-30.4525451],[-55.0301039,-30.4670194],[-55.0149942,-30.4750437],[-54.9920559,-30.4640777],[-54.9842106,-30.4484623],[-54.9718708,-30.4584493],[-54.9905126,-30.4932691],[-55.0135229,-30.5040075],[-55.0413139,-30.4984749],[-55.054796,-30.5052155],[-55.0357875,-30.5273161],[-55.0514515,-30.5679452],[-55.0446112,-30.57985],[-55.0430599,-30.5842839],[-55.0416497,-30.6077283],[-55.0451419,-30.6118886],[-55.0494901,-30.6150957],[-55.0487494,-30.6172372],[-55.0542374,-30.6250308],[-55.0540718,-30.6298907],[-55.0542958,-30.6338043],[-55.0464662,-30.6440768],[-55.0289151,-30.6501515],[-55.0346581,-30.6706868],[-55.0120816,-30.6864068],[-55.0194215,-30.7180906],[-55.0118041,-30.7209017]],[[-55.0118041,-30.7209017],[-55.0106848,-30.7259157]],[[-54.7223122,-30.6038662],[-54.7288398,-30.5880108]],[[-54.7288398,-30.5880108],[-54.7246376,-30.5763894],[-54.7352551,-30.5598162],[-54.735753,-30.5300524],[-54.7436644,-30.5224046],[-54.7390614,-30.5049064],[-54.7147548,-30.491049],[-54.713039,-30.4647302],[-54.7159177,-30.460032],[-54.7426615,-30.4444889],[-54.7443227,-30.4205265],[-54.769585,-30.4165662],[-54.7858921,-30.3840911],[-54.7816319,-30.3650801],[-54.7839536,-30.3497916],[-54.8079676,-30.3377701],[-54.8029897,-30.3239644],[-54.8378695,-30.311403],[-54.8650808,-30.2914329],[-54.8756105,-30.2717053],[-54.8124407,-30.2681073],[-54.8007761,-30.2734639],[-54.7712451,-30.2754551],[-54.7611763,-30.2823017],[-54.7135712,-30.2635005],[-54.7131826,-30.2407049],[-54.7063637,-30.2334306],[-54.7082598,-30.2100199],[-54.6842908,-30.1977898],[-54.6829713,-30.1879572],[-54.66721,-30.1747549],[-54.6626642,-30.1536772],[-54.6524324,-30.1545098],[-54.6397088,-30.1321568],[-54.6279619,-30.1205197],[-54.6315252,-30.1133051],[-54.6551004,-30.1086983],[-54.6707298,-30.0956136],[-54.6875348,-30.0742941],[-54.6885441,-30.0629479],[-54.7004997,-30.0556043],[-54.698403,-30.0435068],[-54.7012665,-30.0320759]],[[-54.7012665,-30.0320759],[-54.7134042,-30.0318874]],[[-53.1062314,-27.663617],[-53.1162328,-27.6426139]],[[-53.1874644,-27.7271267],[-53.1974925,-27.732889]],[[-53.1974925,-27.732889],[-53.1925667,-27.7426509],[-53.1794648,-27.7494812]],[[-53.1794648,-27.7494812],[-53.1791014,-27.7573629]],[[-53.1791014,-27.7573629],[-53.1398484,-27.7499047],[-53.1303587,-27.7492029],[-53.1171707,-27.759332],[-53.1126221,-27.7609335]],[[-53.1126221,-27.7609335],[-53.1142497,-27.7543584]],[[-53.1087576,-27.7493826],[-53.1067939,-27.741161],[-53.1035332,-27.7357883],[-53.099875,-27.7344791],[-53.0875014,-27.7362793]],[[-53.0956779,-27.6849594],[-53.1039313,-27.6857772],[-53.1044865,-27.6821965],[-53.1002826,-27.6755037],[-53.0948308,-27.6729263],[-53.0862521,-27.6724684],[-53.071416,-27.6737949]],[[-53.1180581,-28.2895406],[-53.1115288,-28.3018716]],[[-53.1115288,-28.3018716],[-53.1183447,-28.3355775],[-53.1220209,-28.3366253],[-53.163149,-28.3655109],[-53.1654136,-28.3824594],[-53.1610079,-28.4029444],[-53.1699627,-28.4070071],[-53.171362,-28.4162999],[-53.1575564,-28.4337889],[-53.1624238,-28.4452714],[-53.1590865,-28.4520912],[-53.1413653,-28.4561086],[-53.136856,-28.4708991],[-53.1349851,-28.4727841],[-53.1377074,-28.4797278]],[[-53.1377074,-28.4797278],[-53.1367425,-28.4814837]],[[-53.0870692,-28.4993711],[-53.073006,-28.4850365]],[[-53.0266188,-28.3886255],[-53.0085295,-28.3845017],[-52.9987095,-28.3747487]],[[-53.4470402,-29.0819254],[-53.4447272,-29.0888204]],[[-53.2685309,-29.139547],[-53.2614367,-29.144295]],[[-53.0284708,-29.1569628],[-53.0167519,-29.1556797]],[[-53.1515479,-29.024731],[-53.1527492,-29.0326326]],[[-54.8607244,-28.0205116],[-54.8629409,-28.0088751],[-54.8649212,-28.0077588],[-54.8665889,-28.0093812]],[[-54.8665889,-28.0093812],[-54.8663808,-28.0891708]],[[-54.8663808,-28.0891708],[-54.8563478,-28.088881],[-54.8557768,-28.161115]],[[-54.8080569,-28.0467104],[-54.8145733,-28.0514724]],[[-51.4839492,-29.436558],[-51.5081,-29.4270519],[-51.5312312,-29.4309535],[-51.5722763,-29.4284614],[-51.5835557,-29.4070998]],[[-51.5835557,-29.4070998],[-51.6408521,-29.4172372]],[[-51.6017571,-29.4756547],[-51.573675,-29.4780483]],[[-51.5242129,-29.5096884],[-51.5232206,-29.5063538]],[[-51.5232206,-29.5063538],[-51.4905446,-29.4871391],[-51.4860972,-29.5096378],[-51.4574161,-29.4957233]],[[-51.4574161,-29.4957233],[-51.4716498,-29.4809764],[-51.4548685,-29.4709651],[-51.4579391,-29.452719],[-51.4702005,-29.4410398]],[[-51.4702005,-29.4410398],[-51.4839492,-29.436558]],[[-51.9540493,-27.8236751],[-51.9416854,-27.8255752]],[[-51.9354892,-27.87057],[-51.9193764,-27.8700698],[-51.9254256,-27.8832505],[-51.9337967,-27.8906128]],[[-51.9202516,-27.9906881],[-51.9293886,-27.9906413]],[[-51.6532384,-28.0605201],[-51.6393426,-28.0449259]],[[-51.6715058,-27.9830806],[-51.6818948,-27.9833399]],[[-51.6818948,-27.9833399],[-51.6860036,-27.9947926],[-51.6967313,-27.9856301],[-51.6916317,-27.9667244],[-51.7122152,-27.9683145],[-51.7113243,-27.9465135],[-51.7334223,-27.9331797],[-51.7312459,-27.9104492],[-51.7398734,-27.9022512],[-51.7305932,-27.890465]],[[-51.7305932,-27.890465],[-51.7352141,-27.8905139]],[[-51.7577822,-27.8486389],[-51.764321,-27.845401]],[[-51.764321,-27.845401],[-51.7999131,-27.86716],[-51.8103847,-27.866301],[-51.8549382,-27.8439854],[-51.8562258,-27.8345783],[-51.8782337,-27.8282115],[-51.8954825,-27.8170781],[-51.9084045,-27.8007163],[-51.9218483,-27.814265],[-51.9394915,-27.7927282],[-51.9397415,-27.7907772]],[[-53.2502592,-28.159653],[-53.2577081,-28.1652788]],[[-53.3105641,-28.191685],[-53.3119711,-28.1989232]],[[-53.396346,-28.2433496],[-53.4005367,-28.242284],[-53.3731669,-28.3867511]],[[-53.4596243,-28.4875315],[-53.4560717,-28.4972436]],[[-53.4611322,-28.5514819],[-53.4546483,-28.5527765]],[[-53.4260446,-28.5722456],[-53.4205178,-28.5898199]],[[-53.1440669,-28.4806359],[-53.1377074,-28.4797278]],[[-53.1115288,-28.3018716],[-53.1199815,-28.2947163]],[[-53.1230111,-28.2579194],[-53.122306,-28.2552811]],[[-51.924461,-28.1112154],[-51.9346831,-28.1084088],[-51.9641831,-28.1120782],[-51.9708563,-28.1062433],[-51.9843772,-28.1284121]],[[-51.9843772,-28.1284121],[-51.9872869,-28.1309545]],[[-51.9159893,-28.2416852],[-51.9125686,-28.2400934]],[[-51.7905387,-28.1941352],[-51.7914275,-28.1928977]],[[-51.9090912,-28.1185275],[-51.924461,-28.1112154]],[[-52.2018075,-29.425424],[-52.2237471,-29.4209154],[-52.2273941,-29.4375488],[-52.220129,-29.4467437],[-52.2184377,-29.4552826]],[[-52.2184377,-29.4552826],[-52.2109647,-29.4599483],[-52.1974942,-29.4598772],[-52.1934835,-29.4620901],[-52.1927348,-29.4637609],[-52.1871851,-29.4651544],[-52.1818087,-29.4701989],[-52.1792773,-29.4714633],[-52.1710411,-29.4731055],[-52.1599408,-29.4746862]],[[-52.1599408,-29.4746862],[-52.1422366,-29.4840576]],[[-52.0533756,-29.4728265],[-52.0418711,-29.4512698]],[[-52.1712135,-29.4235583],[-52.2018075,-29.425424]],[[-52.4345115,-29.3765617],[-52.4350928,-29.3790183],[-52.4406962,-29.3848767]],[[-52.4406962,-29.3848767],[-52.4403052,-29.3999672],[-52.4572401,-29.3995698],[-52.4571968,-29.4156783],[-52.4409555,-29.4368767],[-52.4506315,-29.4514361],[-52.4381521,-29.460083],[-52.4377345,-29.4943721],[-52.4511623,-29.5098408],[-52.4447048,-29.5154396],[-52.4400305,-29.5376245],[-52.4503764,-29.5456828],[-52.4733594,-29.5605223],[-52.4918161,-29.5643032],[-52.5277903,-29.5648753],[-52.5649948,-29.5847262]],[[-52.5649948,-29.5847262],[-52.5636349,-29.5847602]],[[-52.5636349,-29.5847602],[-52.5639736,-29.59903],[-52.5307855,-29.5993497],[-52.5311484,-29.621174],[-52.5104655,-29.6217976],[-52.5006457,-29.6426186],[-52.4897422,-29.6427601],[-52.485523,-29.6653212],[-52.4643531,-29.665627],[-52.4638321,-29.6832483],[-52.4716934,-29.6941475],[-52.4639063,-29.7115116],[-52.4629688,-29.7437227],[-52.4734344,-29.7471459],[-52.4805865,-29.7932774],[-52.4869497,-29.8016114],[-52.4768837,-29.8202233],[-52.4784046,-29.8307424],[-52.4639631,-29.8401062],[-52.4739755,-29.8485302],[-52.471625,-29.8662039],[-52.4747469,-29.8708986],[-52.4771602,-29.8732616]],[[-52.4771602,-29.8732616],[-52.4752941,-29.8823701]],[[-52.3141497,-29.8354998],[-52.3200497,-29.8098266]],[[-52.3118571,-29.6781045],[-52.3052951,-29.6716426]],[[-52.3052951,-29.6716426],[-52.3144495,-29.6657776],[-52.3263977,-29.5664724],[-52.334726,-29.5510037],[-52.3283845,-29.5361544],[-52.3316537,-29.5165694],[-52.352878,-29.4806405],[-52.3573626,-29.4406856],[-52.3530106,-29.4289158],[-52.3695643,-29.4076146],[-52.3859235,-29.3759646],[-52.4081221,-29.3753933],[-52.4345115,-29.3765617]],[[-53.8229217,-29.6215345],[-53.8281281,-29.6188494],[-53.832443,-29.6012638],[-53.8355213,-29.6006912],[-53.8394318,-29.5934463],[-53.8560648,-29.5922664]],[[-53.8560648,-29.5922664],[-53.8583364,-29.5947227]],[[-53.8583364,-29.5947227],[-53.8591773,-29.6106367],[-53.9065978,-29.6041271],[-53.9265548,-29.5987601],[-53.9494858,-29.6097103],[-53.9558296,-29.607929],[-53.9438424,-29.6026361],[-53.952312,-29.5755801],[-53.9682609,-29.5672345],[-53.9998721,-29.567426]],[[-53.9998721,-29.567426],[-53.9930987,-29.5761307]],[[-53.9930987,-29.5761307],[-53.9788599,-29.6031506],[-53.9793257,-29.6225199],[-53.9938475,-29.6348609],[-54.0044385,-29.6357081],[-54.0064677,-29.6372904],[-54.0104476,-29.6358548],[-54.0166627,-29.6328888],[-54.0574052,-29.6398457],[-54.0755799,-29.6386232],[-54.0945378,-29.6482604],[-54.1081979,-29.667849],[-54.1262701,-29.6811162],[-54.1282673,-29.6852885]],[[-54.1282673,-29.6852885],[-54.1300519,-29.6865919]],[[-54.0402527,-29.9133581],[-54.0401298,-29.917448]],[[-54.0401298,-29.917448],[-54.0339207,-29.929088],[-54.0291129,-29.9498692],[-54.008209,-29.981269],[-53.9931792,-29.9872806],[-53.9735857,-29.9853693],[-53.9514826,-29.9909903],[-53.9078401,-29.9828752],[-53.8906836,-29.9834313],[-53.8758922,-29.9926286]],[[-53.8758922,-29.9926286],[-53.8653858,-29.9924126]],[[-53.8653858,-29.9924126],[-53.8559095,-29.9892326],[-53.8398641,-29.985552],[-53.8300638,-29.9977867],[-53.8101844,-29.9958462],[-53.8004229,-30.0051367],[-53.7856773,-30.0010292],[-53.780113,-29.9959194],[-53.7760571,-29.9890597],[-53.7514722,-29.9826912],[-53.7393353,-29.9613832],[-53.7259388,-29.9585048],[-53.7197292,-29.9545963],[-53.7078591,-29.9355026],[-53.7082034,-29.9208254],[-53.6870523,-29.9248947],[-53.6757524,-29.9149773],[-53.6687212,-29.9069303],[-53.67246,-29.9060241],[-53.664563,-29.9007528],[-53.6615182,-29.8930358]],[[-53.6615182,-29.8930358],[-53.6454177,-29.8890475]],[[-53.55818,-29.8616751],[-53.5501518,-29.8653413]],[[-53.5443071,-29.7070339],[-53.5447546,-29.7040715]],[[-53.5447546,-29.7040715],[-53.5517691,-29.6997824],[-53.5566257,-29.6876865],[-53.5860844,-29.6947024],[-53.5926406,-29.6803364],[-53.6145833,-29.6705544],[-53.632639,-29.670731],[-53.6187302,-29.6488267],[-53.6380385,-29.6381472],[-53.6500366,-29.6228213],[-53.6446586,-29.6135709],[-53.6272273,-29.604729]],[[-51.0124564,-29.4760402],[-51.0637047,-29.4675128]],[[-50.9399547,-29.5423536],[-50.9434213,-29.5469751]],[[-50.9000542,-29.550485],[-50.9120892,-29.5452335]],[[-50.9120892,-29.5452335],[-50.9081482,-29.5179969],[-50.9074157,-29.5002127]],[[-50.9074157,-29.5002127],[-50.9103024,-29.5016465]],[[-53.9344411,-30.5744048],[-53.9322925,-30.5669566]],[[-53.8872761,-30.4971881],[-53.9012863,-30.4899101],[-53.9183384,-30.4929437],[-53.9456253,-30.4891424],[-53.9607215,-30.4820253],[-53.9591522,-30.4714683],[-53.9678,-30.4421798],[-53.9404351,-30.4243748],[-53.9392151,-30.3941973],[-53.9518188,-30.3719355],[-53.9716676,-30.3591855],[-53.9655312,-30.3423337],[-53.9844133,-30.3107104],[-53.9928702,-30.3079255],[-54.0049751,-30.2839709],[-54.0138977,-30.2631058],[-54.0005237,-30.2473695]],[[-54.0005237,-30.2473695],[-54.0117158,-30.2382283],[-54.0218618,-30.2290674],[-54.0428986,-30.2215967],[-54.070103,-30.2024927],[-54.0837788,-30.2006183],[-54.0972555,-30.1889307],[-54.1350716,-30.1805495],[-54.1419268,-30.167786],[-54.1627724,-30.1742423],[-54.1644551,-30.1903278],[-54.2044358,-30.2134574],[-54.2247035,-30.2155098],[-54.2390416,-30.2272465],[-54.2465419,-30.2231805],[-54.2562039,-30.2241939],[-54.2656715,-30.2417139],[-54.2654638,-30.2548943],[-54.2645878,-30.2699686],[-54.2514191,-30.2877398],[-54.2445856,-30.3458232],[-54.2672249,-30.3690165],[-54.2711989,-30.396922],[-54.2478422,-30.4201346],[-54.2307045,-30.4539634],[-54.2019213,-30.4764086],[-54.1784384,-30.4993968],[-54.1533446,-30.5100943],[-54.1609123,-30.5272859],[-54.1470232,-30.5385867],[-54.1397187,-30.5207211],[-54.1048883,-30.4850966],[-54.0923197,-30.4678808],[-54.0819551,-30.4639729],[-54.0606156,-30.5005638],[-54.0700208,-30.5264861],[-54.0480677,-30.5454404],[-54.0249973,-30.5411289],[-54.000912,-30.5539292],[-53.9724335,-30.5576543],[-53.9506425,-30.5654044],[-53.942058,-30.559332],[-53.9376832,-30.5629246],[-53.9344411,-30.5744048]],[[-53.2091867,-30.4537068],[-53.2132893,-30.4518681]],[[-53.416663,-30.9584725],[-53.4122768,-30.9760261]],[[-52.9868264,-30.6793717],[-52.9926791,-30.6755515]],[[-55.667055,-30.275016],[-55.6819287,-30.2920963]],[[-56.2898655,-30.5322561],[-56.2789601,-30.5532644],[-56.2583376,-30.562013],[-56.2598481,-30.5804104],[-56.2379619,-30.5734285],[-56.2344929,-30.5869889],[-56.2140956,-30.6084648],[-56.1876747,-30.6046947],[-56.1718754,-30.6188294],[-56.1803468,-30.630294],[-56.1655649,-30.6408919],[-56.1666943,-30.6634195],[-56.151942,-30.6804522],[-56.1507922,-30.704701],[-56.130307,-30.7165151],[-56.1267853,-30.7405517],[-56.1073301,-30.7320019],[-56.0956878,-30.7540221],[-56.0741836,-30.7455784],[-56.0630169,-30.7533062],[-56.0626115,-30.77459],[-56.0391271,-30.7752235],[-56.0229805,-30.7861433],[-56.0251841,-30.7985961],[-56.0124718,-30.8073009],[-56.0043757,-30.8398411],[-55.9933685,-30.8459049],[-55.9903804,-30.8664108],[-56.0076947,-30.8935271],[-56.0110515,-30.9119519],[-56.005484,-30.9223194],[-56.0152926,-30.9445104],[-56.0070591,-30.9837524],[-56.0176399,-31.0030238],[-56.0142342,-31.0215897],[-56.0184383,-31.0477292],[-56.0076546,-31.071737],[-56.0111234,-31.0815778],[-55.9926745,-31.0850473],[-55.9792988,-31.0731996],[-55.9302837,-31.0862639],[-55.9258535,-31.0768346],[-55.890865,-31.0771489],[-55.8707577,-31.0715702],[-55.8552817,-31.0451157],[-55.8323066,-31.044374],[-55.807156,-31.016512],[-55.7808851,-31.0171475],[-55.7523329,-30.9985831],[-55.7457592,-30.9852936],[-55.7338564,-30.9813724],[-55.7243594,-30.9660351],[-55.7187941,-30.9416425],[-55.7039537,-30.9552217],[-55.6661864,-30.9539785],[-55.6634682,-30.9331682],[-55.6421179,-30.9116009],[-55.6549125,-30.8924293],[-55.6631488,-30.8718906],[-55.6499775,-30.8660175],[-55.6378614,-30.8462234],[-55.6225173,-30.8421966],[-55.6001198,-30.8475503],[-55.5792534,-30.8400957],[-55.5672775,-30.8454456],[-55.5635603,-30.8686611],[-55.5547771,-30.8725961],[-55.5459085,-30.8905441],[-55.5292609,-30.8993279],[-55.5101745,-30.9017558],[-55.5041596,-30.9247543],[-55.4864326,-30.9282783],[-55.4897388,-30.9398085],[-55.4783597,-30.9538495],[-55.4573084,-30.9513752],[-55.4443563,-30.9584503],[-55.4267274,-30.9812511],[-55.4370495,-31.0047158],[-55.4066897,-31.0187487],[-55.3872421,-31.0205731],[-55.3692829,-31.0343978],[-55.3488292,-31.0428691],[-55.3601032,-31.0674343],[-55.3455474,-31.0755763],[-55.3335071,-31.0987123],[-55.3298022,-31.1165402],[-55.3395545,-31.1270512],[-55.3186327,-31.1451068],[-55.3052226,-31.1410171],[-55.2896985,-31.1452773],[-55.2906187,-31.1636709],[-55.2719144,-31.1728355],[-55.2827173,-31.1939074],[-55.2628055,-31.1946841],[-55.250105,-31.2060085],[-55.2467621,-31.2522405],[-55.2137078,-31.2632037],[-55.1741937,-31.2681749],[-55.1476319,-31.2943357],[-55.1090404,-31.307681],[-55.0744643,-31.3320897],[-55.0658644,-31.3301577],[-55.0432115,-31.3083903],[-55.0345731,-31.2872183],[-55.0807339,-31.210611]],[[-55.0121502,-30.7266713],[-55.0118041,-30.7209017]],[[-54.4208774,-27.7021359],[-54.4348995,-27.6975463],[-54.442797,-27.7067501]],[[-54.442797,-27.7067501],[-54.4338981,-27.7142735],[-54.4453947,-27.756392],[-54.4570441,-27.7836258],[-54.4708058,-27.7907201],[-54.506041,-27.7653859],[-54.5432601,-27.7574328],[-54.5532458,-27.7881208],[-54.5778946,-27.7965555],[-54.5937599,-27.7930971]],[[-54.5937599,-27.7930971],[-54.6002039,-27.8014938],[-54.5863372,-27.8155995],[-54.5647266,-27.811],[-54.5598122,-27.8408432],[-54.6854236,-27.8892859]],[[-54.6196147,-27.9343422],[-54.6136825,-27.9368231]],[[-54.6136825,-27.9368231],[-54.5990966,-27.9450798]],[[-54.5990966,-27.9450798],[-54.5932,-27.9439725]],[[-54.5932,-27.9439725],[-54.5858357,-27.9485849],[-54.5752226,-27.9596136],[-54.5570002,-27.9798722],[-54.5154307,-27.9828424],[-54.4915917,-27.9658838],[-54.4812483,-27.9804727]],[[-54.4812483,-27.9804727],[-54.4710486,-27.9745638]],[[-54.3693738,-27.8351477],[-54.3669706,-27.809347],[-54.3828389,-27.776227],[-54.4003232,-27.7499523],[-54.4125793,-27.742681],[-54.4208774,-27.7021359]],[[-51.6954751,-29.0972514],[-51.7083554,-29.0950577]],[[-51.7140425,-29.0906707],[-51.7299721,-29.0945043],[-51.7122262,-29.1156541],[-51.7305502,-29.1337822],[-51.739129,-29.1367535]],[[-51.739129,-29.1367535],[-51.7393474,-29.1378547]],[[-51.7542856,-29.1866088],[-51.7580116,-29.1851715]],[[-51.7525495,-29.1991613],[-51.7500033,-29.2080964]],[[-51.7305647,-29.2123505],[-51.6778675,-29.2131468]],[[-51.6775154,-29.1992564],[-51.6541688,-29.199238]],[[-52.6183916,-32.6326868],[-52.6480243,-32.6835528],[-52.6896563,-32.7600084],[-52.7234334,-32.8338502],[-52.761257,-32.885828],[-52.7764417,-32.8968993],[-52.8077793,-32.9105803],[-52.8322257,-32.9150415],[-52.8674249,-32.9098804],[-52.8831987,-32.9039299],[-52.9077896,-32.8876856],[-52.9277778,-32.8685679],[-52.9484615,-32.8548774],[-52.9773998,-32.8274391],[-52.9987567,-32.8018521],[-53.0041578,-32.7819173],[-53.0253811,-32.7893448],[-53.0414155,-32.8015149],[-53.0530734,-32.8196034],[-53.0700944,-32.8338099],[-53.0853987,-32.831563],[-53.1012812,-32.8219888],[-53.1239055,-32.7938378],[-53.1413716,-32.8072649],[-53.1556383,-32.8521139],[-53.1591882,-32.9050299],[-53.1544623,-32.9524869],[-53.1635675,-32.9839095],[-53.1744375,-33.0035061],[-53.2074946,-33.0450315],[-53.2411918,-33.0761348],[-53.2601624,-33.1074109],[-53.2773734,-33.1093609],[-53.3135557,-33.0956316],[-53.3269113,-33.0829709],[-53.337157,-33.0825922],[-53.350704,-33.1035121],[-53.3864534,-33.1368099],[-53.3932511,-33.1494884],[-53.4082671,-33.1612805],[-53.4322027,-33.1621027],[-53.4517042,-33.2202313],[-53.4636871,-33.2386322],[-53.4696818,-33.2600809],[-53.4676331,-33.2796529],[-53.4577467,-33.3099479],[-53.4401845,-33.3818579],[-53.4288349,-33.4146019],[-53.4247745,-33.4407202],[-53.4337351,-33.4781458],[-53.4329846,-33.4933581],[-53.440037,-33.5188979],[-53.4525661,-33.5333593],[-53.4656299,-33.5579681],[-53.4801736,-33.5629984],[-53.4822215,-33.5479239],[-53.5011438,-33.5434151],[-53.5146339,-33.5540763],[-53.5110383,-33.5672682],[-53.5155518,-33.5847892],[-53.5125006,-33.6026003],[-53.525973,-33.6255658],[-53.5336157,-33.6591948],[-53.5227777,-33.6892628]],[[-53.42198,-33.7437928],[-53.3948534,-33.751178],[-53.369913,-33.7438377],[-53.3413691,-33.7219091],[-53.2649755,-33.6713115],[-53.2063603,-33.6260603],[-53.1562431,-33.5900821],[-53.086162,-33.5306713],[-52.9059483,-33.3879378],[-52.8561733,-33.3468601],[-52.802024,-33.3049126],[-52.7555709,-33.2628364],[-52.7130228,-33.2180913],[-52.6501111,-33.1416911],[-52.6238585,-33.1042389],[-52.593206,-33.0502341],[-52.5561492,-32.9765063],[-52.5114733,-32.8991571],[-52.4951812,-32.8672263],[-52.4716327,-32.8085924],[-52.4578865,-32.7686274],[-52.4263667,-32.6421654]],[[-54.9546985,-28.8093734],[-54.9605805,-28.8084395]],[[-55.0752238,-28.9282815],[-55.0730466,-28.9305877],[-55.0746103,-28.935519],[-55.0717669,-28.9402898]],[[-55.0717669,-28.9402898],[-55.0634486,-28.9541813],[-55.0420454,-28.9706309],[-55.0174048,-29.0154521],[-54.9965158,-29.0183178],[-54.9877182,-29.0552432],[-55.0287717,-29.066247],[-55.0413627,-29.1004774],[-55.062735,-29.125668],[-55.0675054,-29.1385442],[-55.0787528,-29.1455566],[-55.0991696,-29.1444985],[-55.104112,-29.1647675],[-55.1204154,-29.1783894],[-55.1323537,-29.1984171]],[[-55.1323537,-29.1984171],[-55.1270946,-29.2006455]],[[-55.1270946,-29.2006455],[-55.1141906,-29.2139876],[-55.0963927,-29.2163592],[-55.0855103,-29.2091263],[-55.0752604,-29.214371],[-55.069879,-29.2229265],[-55.0499011,-29.2242855],[-55.028974,-29.2388722],[-55.021545,-29.2502923],[-55.0058174,-29.2572127],[-55.0032626,-29.267748],[-54.9752582,-29.2787285],[-54.9615844,-29.3016686],[-54.9595864,-29.3143109],[-54.9322869,-29.3210384]],[[-54.9322869,-29.3210384],[-54.9277251,-29.3269566]],[[-54.75006,-29.3858474],[-54.7508779,-29.3914595]],[[-54.3749718,-29.1919162],[-54.3667355,-29.1874713]],[[-54.3667355,-29.1874713],[-54.3703162,-29.1845113],[-54.3763769,-29.1870241],[-54.4103223,-29.1482787],[-54.4072831,-29.135483],[-54.4188864,-29.1140018],[-54.4221021,-29.0963526],[-54.4269721,-29.0893505]],[[-54.4269721,-29.0893505],[-54.4329469,-29.089956]],[[-54.8122353,-28.8712072],[-54.8194812,-28.8667497]],[[-54.4069948,-28.1436462],[-54.4038063,-28.1394298]],[[-54.4038063,-28.1394298],[-54.4123396,-28.1350064],[-54.4106255,-28.1931039],[-54.4512087,-28.1942602],[-54.4509775,-28.2256007],[-54.4787664,-28.232555],[-54.4815323,-28.2393023],[-54.4873531,-28.2459765]],[[-54.5301292,-28.2784611],[-54.532838,-28.2777396]],[[-54.532838,-28.2777396],[-54.5329962,-28.2835146],[-54.5402057,-28.3012257],[-54.5262403,-28.3049346],[-54.5187154,-28.3180251],[-54.5194352,-28.2814934],[-54.5065815,-28.289666],[-54.4961081,-28.3171302],[-54.4872905,-28.3143179],[-54.4898577,-28.2917762],[-54.4640401,-28.2927705],[-54.4581106,-28.3140869],[-54.4625094,-28.3367082],[-54.4452972,-28.3400923],[-54.3981436,-28.3303848],[-54.3900927,-28.3489037],[-54.3776187,-28.3356721],[-54.3725183,-28.3367743]],[[-54.3725183,-28.3367743],[-54.3691208,-28.3492363]],[[-54.1723075,-28.3330397],[-54.1615042,-28.3292543],[-54.1585592,-28.3319942],[-54.1569026,-28.3387329],[-54.1546333,-28.3397065],[-54.1437779,-28.3366255]],[[-54.1801874,-28.1382054],[-54.1844283,-28.1388387]],[[-52.0622445,-28.4706343],[-52.0624646,-28.4789387]],[[-52.0851028,-28.4968614],[-52.0885605,-28.4956238]],[[-52.0885605,-28.4956238],[-52.0957193,-28.5146109],[-52.0944397,-28.5323538],[-52.0902536,-28.535674]],[[-52.0902536,-28.535674],[-52.0873758,-28.5347811]],[[-51.9165228,-28.5102625],[-51.9181777,-28.5080383]],[[-51.9181777,-28.5080383],[-51.9196227,-28.4962499]],[[-51.9196227,-28.4962499],[-51.9220364,-28.488179]],[[-50.6542283,-29.6821644],[-50.6836514,-29.6767735],[-50.6871005,-29.6778994],[-50.6894548,-29.6805073]],[[-50.6894548,-29.6805073],[-50.6840759,-29.6951446],[-50.6985614,-29.71393],[-50.6864999,-29.7464622],[-50.7066156,-29.7712501],[-50.6936717,-29.7901492]],[[-50.7023108,-29.9755054],[-50.7178536,-29.978934]],[[-50.7178536,-29.978934],[-50.7117244,-30.0033093],[-50.7005504,-30.0179743],[-50.7004879,-30.0339986],[-50.6840888,-30.0415897],[-50.6783409,-30.0539571],[-50.65448,-30.0436989]],[[-50.65448,-30.0436989],[-50.6510113,-30.0417242]],[[-50.4565683,-30.0517188],[-50.4561307,-30.0483094]],[[-50.3724764,-29.8582687],[-50.3750098,-29.8610283]],[[-50.4104773,-29.7073647],[-50.4493437,-29.6793721]],[[-55.2012286,-28.3384345],[-55.213043,-28.3182106],[-55.2158247,-28.3029637],[-55.2317689,-28.3080212],[-55.2613176,-28.3055167],[-55.2824498,-28.3152053],[-55.3122429,-28.3067898],[-55.2975139,-28.2960644],[-55.2793818,-28.298103],[-55.292069,-28.2757362],[-55.3003701,-28.2854571],[-55.3218923,-28.2805285],[-55.3163347,-28.2701653],[-55.3268155,-28.2587017],[-55.3174118,-28.2470198],[-55.2969818,-28.2581219],[-55.2867491,-28.2473948],[-55.2946374,-28.2353976],[-55.2867108,-28.226536],[-55.2857401,-28.207854],[-55.2908528,-28.2145481],[-55.297999,-28.2208465],[-55.3019271,-28.222158],[-55.3135227,-28.2236134],[-55.3190587,-28.2177075],[-55.3181116,-28.2089418]],[[-55.5026872,-28.3997818],[-55.5176275,-28.4123707]],[[-55.5176275,-28.4123707],[-55.5244367,-28.4151842],[-55.5233814,-28.4481826],[-55.5287579,-28.4577616],[-55.5515019,-28.4611434],[-55.568031,-28.4693202],[-55.5903785,-28.4884472],[-55.6242109,-28.4884479],[-55.6350567,-28.496178],[-55.6792661,-28.4983274],[-55.6971347,-28.5314123],[-55.7188527,-28.548746],[-55.7283485,-28.550472],[-55.7341922,-28.5732189],[-55.7723749,-28.5852084],[-55.7695137,-28.5945053],[-55.7545572,-28.5986028],[-55.733219,-28.6227483],[-55.699765,-28.6261406],[-55.7199851,-28.6531486],[-55.7073445,-28.6616354],[-55.6966144,-28.654836],[-55.6756802,-28.6715277],[-55.6416941,-28.6691854],[-55.6287823,-28.684544],[-55.6166432,-28.6779537],[-55.5909107,-28.6907839],[-55.5729666,-28.6762805],[-55.5617213,-28.697009]],[[-55.5617213,-28.697009],[-55.5498372,-28.7074737]],[[-55.3245724,-28.6564997],[-55.3135795,-28.6574953]],[[-55.1638136,-28.4276973],[-55.1638689,-28.4241674]],[[-55.1638689,-28.4241674],[-55.1550212,-28.4090188],[-55.1672423,-28.3962331],[-55.192519,-28.4071683],[-55.1963846,-28.3920594],[-55.1932166,-28.3758681],[-55.1834899,-28.3587207],[-55.1898,-28.3455259],[-55.2064575,-28.3398653]],[[-55.2064575,-28.3398653],[-55.2012286,-28.3384345]],[[-52.7742622,-28.3708277],[-52.7721638,-28.3717814]],[[-52.692472,-28.4690059],[-52.6886006,-28.4647969]],[[-52.6886006,-28.4647969],[-52.6663592,-28.4552108],[-52.6427305,-28.4280095],[-52.6336325,-28.4252878],[-52.6317571,-28.4255459],[-52.6243487,-28.4132866]],[[-52.6243487,-28.4132866],[-52.6280745,-28.409609]],[[-52.6026394,-28.3342177],[-52.5984896,-28.3283047]],[[-52.6683781,-28.2721482],[-52.6734648,-28.2702183]],[[-53.7802059,-27.754786],[-53.7850565,-27.7605301]],[[-53.8168322,-27.7672518],[-53.8237054,-27.7627731]],[[-53.8237054,-27.7627731],[-53.854329,-27.7661187]],[[-53.854329,-27.7661187],[-53.8646972,-27.7822659],[-53.8787635,-27.7909014],[-53.8669211,-27.8032379],[-53.8664743,-27.8159242],[-53.843502,-27.8203561],[-53.8188054,-27.8192142],[-53.8146242,-27.8279383],[-53.8666195,-27.8383],[-53.8977697,-27.8952788]],[[-53.8977697,-27.8952788],[-53.8973432,-27.8966588],[-53.8982135,-27.8958726],[-53.8991544,-27.8972198],[-53.8984062,-27.8989326],[-53.8953768,-27.8973738]],[[-53.7490439,-27.9925814],[-53.7428536,-27.9915403]],[[-53.7282277,-27.9832941],[-53.724041,-27.9825669],[-53.7147281,-27.9840242],[-53.7052983,-27.9880869],[-53.6981462,-27.9862329],[-53.6934988,-27.9896534],[-53.6840232,-28.0048051]],[[-53.6223887,-27.9548232],[-53.6302577,-27.9500704]],[[-54.8129552,-27.745806],[-54.8223751,-27.739651]],[[-54.8516112,-27.7764257],[-54.8628529,-27.833988]],[[-54.8389179,-27.836891],[-54.827089,-27.8375952]],[[-54.5937599,-27.7930971],[-54.6204287,-27.7813999],[-54.6159483,-27.7760364],[-54.6372489,-27.7557476],[-54.6428932,-27.7316029],[-54.6500217,-27.7230449],[-54.6467172,-27.7038606],[-54.6650255,-27.7033832],[-54.6698882,-27.6858001]],[[-51.7209251,-27.8969432],[-51.7305932,-27.890465]],[[-51.6818948,-27.9833399],[-51.6743476,-27.9826497]],[[-51.6279119,-27.9671295],[-51.6158486,-27.9692599]],[[-51.6158486,-27.9692599],[-51.6009186,-27.9541922],[-51.6146259,-27.9349977],[-51.6017283,-27.9278858],[-51.5901958,-27.9011769]],[[-51.5901958,-27.9011769],[-51.5879429,-27.8989161]],[[-51.5879429,-27.8989161],[-51.5954672,-27.9014629],[-51.5962682,-27.8982705],[-51.6082747,-27.8922405],[-51.6080411,-27.8820413]],[[-55.6921759,-28.4163795],[-55.704337,-28.4275562],[-55.7197035,-28.4186791],[-55.7343525,-28.3812095],[-55.7565667,-28.3694314],[-55.8096431,-28.3657443],[-55.8505849,-28.35539],[-55.8710892,-28.3572625],[-55.9003859,-28.3983461],[-55.9009504,-28.4187544],[-55.8826016,-28.4638382],[-55.884006,-28.4791631],[-55.9287913,-28.486352],[-55.9492936,-28.4945927],[-55.9882152,-28.4981152],[-56.0112241,-28.5068934],[-56.0232301,-28.522765],[-56.0208968,-28.5531966],[-56.0023709,-28.5782987],[-56.0033733,-28.5977984],[-56.017674,-28.6129435],[-56.0562722,-28.6292036],[-56.0820049,-28.6541993],[-56.1191509,-28.6812475],[-56.1434536,-28.709132],[-56.1606775,-28.7396514],[-56.1823052,-28.7670004],[-56.1941555,-28.775198],[-56.2609311,-28.7790068],[-56.2891127,-28.793722],[-56.2997424,-28.8081133],[-56.2972871,-28.8414204],[-56.2981677,-28.8844444],[-56.3038116,-28.9030324],[-56.3232713,-28.9247252]],[[-56.0862841,-28.8571916],[-56.0774597,-28.8565269]],[[-55.2929869,-28.9915078],[-55.2911065,-28.9845462]],[[-55.2911065,-28.9845462],[-55.2975159,-28.9683294],[-55.3065696,-28.9660406],[-55.322323,-28.9602332]],[[-55.322323,-28.9602332],[-55.3209727,-28.9420301]],[[-55.5477228,-28.7085949],[-55.5617213,-28.697009]],[[-55.5176275,-28.4123707],[-55.5069115,-28.4031931]],[[-51.8028121,-28.5377461],[-51.8098237,-28.5331029],[-51.8031173,-28.5272773],[-51.825017,-28.527745],[-51.8248447,-28.5211553],[-51.8492313,-28.5097359],[-51.8762617,-28.5058495],[-51.876192,-28.4902544],[-51.888887,-28.4838646],[-51.9124039,-28.4843496]],[[-51.9124039,-28.4843496],[-51.9123938,-28.4901564]],[[-51.920235,-28.4942001],[-51.9196227,-28.4962499]],[[-51.9181777,-28.5080383],[-51.9135243,-28.5123343]],[[-51.8536524,-28.5904258],[-51.8428161,-28.5848814]],[[-51.8086568,-28.5448352],[-51.8025198,-28.5433801],[-51.8059881,-28.5405368],[-51.8028121,-28.5377461]],[[-55.3125719,-29.2047829],[-55.3136208,-29.2054302]],[[-55.4591149,-29.2151441],[-55.4504578,-29.2207533]],[[-55.3781266,-29.6148724],[-55.3633198,-29.6146122]],[[-55.1584196,-29.6976255],[-55.144057,-29.6950743]],[[-55.144057,-29.6950743],[-55.1414947,-29.6936401],[-55.1340175,-29.6859744],[-55.1242434,-29.6647055],[-55.1186881,-29.6574053]],[[-55.1186881,-29.6574053],[-55.0938675,-29.6606103],[-55.0749048,-29.6587764]],[[-55.0749048,-29.6587764],[-55.0720559,-29.6802674],[-55.0393455,-29.7061092],[-55.0190036,-29.7064383]],[[-55.0190036,-29.7064383],[-55.0087246,-29.710892],[-54.9932081,-29.7058772]],[[-54.9932081,-29.7058772],[-54.9825549,-29.7023944],[-54.9798649,-29.6919061],[-54.9633864,-29.6964711],[-54.9433624,-29.6762857],[-54.9239528,-29.6629171],[-54.9069115,-29.6680455],[-54.8832461,-29.6634558],[-54.8705497,-29.6701245],[-54.8490745,-29.6614303],[-54.8326686,-29.6661462]],[[-54.8326686,-29.6661462],[-54.8251387,-29.6559238],[-54.8264204,-29.6399605]],[[-54.8264204,-29.6399605],[-54.8238436,-29.6368008],[-54.8165362,-29.6382071],[-54.7999989,-29.6227801]],[[-54.7999989,-29.6227801],[-54.7969638,-29.6178758]],[[-54.8345039,-29.5055358],[-54.8371892,-29.5026159]],[[-54.9132092,-29.3405841],[-54.9250383,-29.3283636],[-54.9288841,-29.3263504],[-54.9322869,-29.3210384]],[[-55.1270946,-29.2006455],[-55.1382158,-29.1970016]],[[-55.1382158,-29.1970016],[-55.1554001,-29.1954967],[-55.1630422,-29.2048702],[-55.1755376,-29.191233],[-55.1814087,-29.2083566],[-55.1910137,-29.2101956],[-55.2064392,-29.2058248],[-55.2097854,-29.1896957],[-55.2331898,-29.1946801],[-55.2427898,-29.1900781],[-55.2623814,-29.2086034],[-55.2863407,-29.2131554],[-55.3033528,-29.2133453],[-55.3125719,-29.2047829]],[[-50.850487,-28.8194145],[-50.8498178,-28.8327999],[-50.837763,-28.8364281]],[[-50.8592673,-29.2475897],[-50.8532534,-29.2641589]],[[-50.6805427,-29.4145633],[-50.6844388,-29.4076537]],[[-50.6844388,-29.4076537],[-50.7045164,-29.4183936],[-50.7047408,-29.4245342]],[[-50.7047408,-29.4245342],[-50.7240825,-29.446938],[-50.7263503,-29.4520097],[-50.7240614,-29.4560182],[-50.7050018,-29.4638741],[-50.6899467,-29.4794084],[-50.6881458,-29.4835569]],[[-50.6881458,-29.4835569],[-50.6735327,-29.4703048],[-50.6711836,-29.4931995],[-50.6669797,-29.4951991],[-50.6607147,-29.5064603],[-50.6511525,-29.5024802]],[[-50.6511525,-29.5024802],[-50.6294964,-29.5607016],[-50.6232966,-29.5572623]],[[-50.6232966,-29.5572623],[-50.5900513,-29.5532673]],[[-50.5900513,-29.5532673],[-50.578427,-29.5530927]],[[-50.3692545,-29.4986363],[-50.3606733,-29.4996462],[-50.3572775,-29.4986777],[-50.3373752,-29.4877217],[-50.334198,-29.4840386],[-50.3348414,-29.479488],[-50.3289994,-29.4788246]],[[-50.1747083,-29.5331424],[-50.1712946,-29.5216399]],[[-50.0833902,-29.3477121],[-50.0754535,-29.3590072]],[[-50.0754535,-29.3590072],[-50.0699988,-29.3613575],[-50.0601323,-29.3648022],[-50.0421584,-29.3532484]],[[-50.0421584,-29.3532484],[-50.0581849,-29.3275686],[-50.0700018,-29.3295761],[-50.0906541,-29.3108993],[-50.112494,-29.3057522],[-50.117111,-29.2918043],[-50.134067,-29.3021625],[-50.143734,-29.2842521],[-50.1429992,-29.2708338],[-50.1831376,-29.2645554]],[[-50.3563725,-29.136094],[-50.3618603,-29.112933]],[[-50.5253273,-28.8942588],[-50.5310575,-28.8881978],[-50.5389214,-28.8876242],[-50.5498392,-28.8916388]],[[-50.6042638,-28.8100551],[-50.6175348,-28.8040807]],[[-50.6899149,-28.8022363],[-50.710419,-28.7959044]],[[-50.7178031,-28.7832341],[-50.7216743,-28.781694],[-50.7294655,-28.7829623],[-50.7326486,-28.7848918],[-50.7377171,-28.7965076]],[[-54.3199239,-29.9255456],[-54.3333567,-29.9287931]],[[-54.6324511,-29.9954441],[-54.6293265,-30.0037965],[-54.6426383,-30.0158786]],[[-54.6958036,-30.0298679],[-54.7012665,-30.0320759]],[[-54.7288398,-30.5880108],[-54.7211352,-30.5994183]],[[-54.6898385,-30.6225916],[-54.6896844,-30.6286501]],[[-53.9399339,-30.5761447],[-53.9344411,-30.5744048]],[[-54.0005237,-30.2473695],[-53.9898718,-30.2476253],[-53.9878007,-30.2256309],[-53.9619831,-30.214646]],[[-53.9619831,-30.214646],[-53.9565308,-30.2045538]],[[-53.9565308,-30.2045538],[-53.9613765,-30.1997943],[-53.9646592,-30.1981315],[-53.9728333,-30.1759783],[-53.9743305,-30.1715069],[-53.9737897,-30.1693784],[-53.9587241,-30.1555421],[-53.9519721,-30.1269609],[-53.9582226,-30.1214948],[-53.9459296,-30.1186741],[-53.9405489,-30.1038319],[-53.9273988,-30.0892083],[-53.9165118,-30.0868703],[-53.9062227,-30.065509],[-53.9102153,-30.0463445],[-53.9018349,-30.0437548],[-53.873694,-30.0003721]],[[-53.873694,-30.0003721],[-53.8758922,-29.9926286]],[[-54.0401298,-29.917448],[-54.0431957,-29.9179653]],[[-51.6330257,-29.9471566],[-51.673475,-29.9452191],[-51.7051361,-29.9493611]],[[-51.7051361,-29.9493611],[-51.7190031,-29.9494547]],[[-51.7190031,-29.9494547],[-51.7266404,-29.9466686]],[[-51.7647993,-29.9563593],[-51.7854732,-29.9605407]],[[-51.9719169,-30.6365513],[-51.9235529,-30.5908759]],[[-51.9235529,-30.5908759],[-51.9047555,-30.5767449]],[[-51.6873364,-30.01482],[-51.6711072,-30.0032455],[-51.6549131,-29.9972907],[-51.6538806,-29.996092]],[[-51.6526492,-29.9606864],[-51.6520099,-29.9535824],[-51.6293993,-29.9495879]],[[-51.6278546,-29.9462035],[-51.6330257,-29.9471566]],[[-51.881028,-27.7197762],[-51.8939445,-27.7105539]],[[-51.9150435,-27.7539412],[-51.9247302,-27.7522177]],[[-51.764321,-27.845401],[-51.7700531,-27.8387341]],[[-51.7615231,-27.7849324],[-51.7454832,-27.7747128]],[[-53.4692191,-29.5890948],[-53.4778343,-29.6136679],[-53.4675753,-29.6396888]],[[-53.4675753,-29.6396888],[-53.5263318,-29.6392242],[-53.547174,-29.6608941],[-53.5471612,-29.6741283],[-53.5297655,-29.6957613]],[[-53.5297655,-29.6957613],[-53.421723,-29.6511411]],[[-53.38774,-29.6329789],[-53.3836347,-29.6284891]],[[-53.4004912,-29.6176767],[-53.4104637,-29.6014046]],[[-51.7472171,-28.451649],[-51.7618297,-28.4580757]],[[-51.7714186,-28.4692556],[-51.7811956,-28.478508]],[[-51.7811956,-28.478508],[-51.7760423,-28.4788911],[-51.790343,-28.4879644],[-51.7832186,-28.5038723],[-51.7823514,-28.5131796],[-51.795556,-28.523276],[-51.7863734,-28.531273]],[[-51.7863734,-28.531273],[-51.7973674,-28.5321083]],[[-51.630829,-28.5118358],[-51.6181834,-28.5131068]],[[-51.6168534,-28.4889896],[-51.6219783,-28.4761399]],[[-53.1791014,-27.7573629],[-53.179928,-27.7596733]],[[-53.179928,-27.7596733],[-53.1829302,-27.7854124],[-53.203662,-27.7998907]],[[-53.203662,-27.7998907],[-53.2015521,-27.8062978]],[[-53.0752856,-27.8132964],[-53.0690685,-27.8105116]],[[-53.0690685,-27.8105116],[-53.0596809,-27.805765]],[[-53.0596809,-27.805765],[-53.0588942,-27.7950896]],[[-53.0897058,-27.7649383],[-53.1126221,-27.7609335]],[[-52.227735,-29.0408727],[-52.225818,-29.0381071]],[[-51.2616511,-29.5016211],[-51.265294,-29.5029756]],[[-51.2995956,-29.5217352],[-51.3025369,-29.5244293]],[[-51.3025369,-29.5244293],[-51.2996977,-29.5251708],[-51.3084369,-29.5402245],[-51.3019544,-29.5711252],[-51.2945034,-29.5803915],[-51.2860923,-29.5816592]],[[-51.2860923,-29.5816592],[-51.2766986,-29.5817637]],[[-51.2490991,-29.5834108],[-51.2486491,-29.5798483]],[[-51.2280651,-29.5483318],[-51.2228053,-29.544296]],[[-51.1866216,-29.4991732],[-51.1859256,-29.4969705],[-51.1778085,-29.4941069]],[[-54.1665843,-27.6918764],[-54.1686789,-27.6915579]],[[-54.1686789,-27.6915579],[-54.1690613,-27.7037735],[-54.179189,-27.7203474],[-54.1975726,-27.7309525],[-54.1810074,-27.7504545],[-54.1732722,-27.7628083],[-54.1685577,-27.7698805],[-54.1522094,-27.7642059],[-54.1471342,-27.7592324],[-54.147363,-27.7495397],[-54.1313981,-27.7591453],[-54.1254383,-27.7508149],[-54.1070678,-27.758658],[-54.1257583,-27.7687254]],[[-54.0665108,-27.7448856],[-54.0685258,-27.7432797]],[[-54.0685258,-27.7432797],[-54.071003,-27.7332051]],[[-51.2375439,-31.4574351],[-51.282406,-31.4969314],[-51.3432066,-31.5279111],[-51.3648721,-31.5318094],[-51.3993089,-31.5204054],[-51.4163442,-31.5095569],[-51.4281762,-31.4919981],[-51.4551162,-31.5288507],[-51.4467703,-31.5361716],[-51.4607869,-31.5562996],[-51.4621579,-31.5670493],[-51.4505355,-31.5949562],[-51.4697574,-31.5897048],[-51.4751526,-31.5659556],[-51.4984103,-31.5831574],[-51.5298012,-31.6209752],[-51.5614819,-31.6700457],[-51.613264,-31.7294055],[-51.6560543,-31.7649289],[-51.6896312,-31.7813386],[-51.7345903,-31.7886855],[-51.7734376,-31.7864554],[-51.8022987,-31.7884648],[-51.8275028,-31.8023177],[-51.8047766,-31.8147534],[-51.8029536,-31.8327479],[-51.8096979,-31.84354],[-51.8604104,-31.8701763],[-51.8787072,-31.8730833],[-51.9081596,-31.8689086],[-51.929573,-31.8603197],[-51.9869115,-31.8265293],[-52.0153984,-31.8165537],[-52.0625298,-31.8161521],[-52.0970015,-31.8347491],[-52.0820162,-31.8660223],[-52.048521,-31.8895458],[-52.0429331,-31.902682],[-52.0152082,-31.9224186],[-52.0046527,-31.9449178],[-52.0152468,-31.9667097],[-52.0380238,-31.9709222],[-52.0538326,-31.9849292],[-52.0438723,-32.0068683],[-52.0390526,-32.0300227],[-52.0496934,-32.0772102],[-52.0897707,-32.1314027],[-52.0757538,-32.1414871],[-51.9689076,-32.0318384],[-51.9207816,-31.9877447],[-51.886864,-31.9598407],[-51.8476723,-31.9307776],[-51.8031414,-31.9016812],[-51.7480209,-31.8699809],[-51.6913222,-31.8408778],[-51.6123956,-31.8033063],[-51.4789224,-31.7289367],[-51.4272386,-31.6956174],[-51.2938104,-31.598729],[-51.2494298,-31.563923],[-51.214535,-31.5334626],[-51.1859619,-31.5043878]],[[-51.1859619,-31.5043878],[-51.2375439,-31.4574351]],[[-51.5509431,-27.6391001],[-51.564857,-27.6358896]],[[-51.6915968,-27.6963423],[-51.6910171,-27.7050808]],[[-51.5879429,-27.8989161],[-51.5857871,-27.8938835]],[[-51.5857871,-27.8938835],[-51.5422594,-27.8746859],[-51.5322917,-27.8589916],[-51.521589,-27.8686261],[-51.518256,-27.8834873],[-51.5099096,-27.8860553],[-51.4849117,-27.893965],[-51.4735036,-27.8969726],[-51.4633937,-27.8933106]],[[-51.4633937,-27.8933106],[-51.4648106,-27.8852554],[-51.4566762,-27.8778676]],[[-51.5232206,-29.5063538],[-51.5199379,-29.5124535]],[[-51.5028545,-29.5660337],[-51.50267,-29.586926]],[[-51.4606561,-29.5731983],[-51.4651551,-29.5592192]],[[-51.4534012,-29.5017079],[-51.4574161,-29.4957233]],[[-49.9654847,-28.8965155],[-49.9508507,-28.8934703],[-49.9435899,-28.8796583],[-49.9567607,-28.8703633],[-49.9603652,-28.8381361],[-49.9661441,-28.8213279],[-49.9569943,-28.7836107],[-49.9613329,-28.7721804],[-49.9217437,-28.7455426],[-49.9346778,-28.7256765],[-49.9260407,-28.7183128],[-49.9048608,-28.7184784],[-49.8739726,-28.7267655],[-49.8701871,-28.7087247],[-49.8609407,-28.7039355],[-49.8427336,-28.7099406],[-49.8348665,-28.6939265],[-49.8413263,-28.6768597],[-49.8344627,-28.665679],[-49.8132853,-28.6475568],[-49.8140127,-28.6355045],[-49.783828,-28.6099076],[-49.7789039,-28.6294802],[-49.7159468,-28.6237925],[-49.7054844,-28.6303487],[-49.6913518,-28.6208914],[-49.6984968,-28.6066676],[-49.7101947,-28.6043446],[-49.7079683,-28.5822272],[-49.7259776,-28.5695039],[-49.7309012,-28.551183],[-49.7460562,-28.5497758],[-49.7467201,-28.5353911],[-49.7354803,-28.5236153],[-49.7392665,-28.5003347],[-49.7482615,-28.4939725],[-49.7639017,-28.5013738],[-49.7648912,-28.4834607],[-49.7780453,-28.477256],[-49.7909263,-28.4964202],[-49.8172655,-28.4698688],[-49.8393433,-28.4964871],[-49.8439264,-28.4851968],[-49.8666498,-28.4886323],[-49.8635729,-28.462846],[-49.8888457,-28.4594203],[-49.9004189,-28.4647109],[-49.9285138,-28.4512235],[-49.9385467,-28.4586242],[-49.9284437,-28.4714096],[-49.9436857,-28.48274],[-49.9513514,-28.4669306],[-49.9529146,-28.4498425],[-49.9693758,-28.4525176],[-49.9707729,-28.4402107],[-49.9892217,-28.4460052],[-50.0024522,-28.458033],[-50.0138764,-28.4507755],[-50.0239185,-28.4593644],[-50.0258232,-28.4730834],[-50.0413997,-28.4801254],[-50.0686507,-28.4792115]],[[-50.2122452,-28.8178931],[-50.2110663,-28.8316787]],[[-50.2061301,-28.8408137],[-50.1938254,-28.8372417]],[[-51.1797945,-29.6878883],[-51.1840866,-29.6770328]],[[-51.1935397,-29.6803946],[-51.1924164,-29.693722]],[[-51.1966996,-29.7153503],[-51.2060251,-29.7240389],[-51.2096659,-29.7306234],[-51.2097565,-29.7347519],[-51.204052,-29.7559332]],[[-51.1902665,-29.7740015],[-51.1678234,-29.7906282]],[[-51.1678234,-29.7906282],[-51.1657081,-29.7991615],[-51.1366136,-29.8003255],[-51.06812,-29.8112834]],[[-52.2318376,-30.9833587],[-52.2499037,-30.9865281]],[[-52.4237535,-31.3338378],[-52.4158076,-31.3411912]],[[-52.2773651,-31.390497],[-52.2651074,-31.3927385],[-52.2381787,-31.3886807],[-52.2056691,-31.3775323],[-52.1814077,-31.383141],[-52.1616372,-31.4030544],[-52.1574618,-31.4146938],[-52.1391488,-31.4269492],[-52.1236094,-31.4290139],[-52.1070079,-31.4632479],[-52.0873437,-31.4821297],[-52.0753238,-31.4849395],[-52.0522596,-31.514312],[-52.0337288,-31.5208054],[-52.0329659,-31.5056073],[-52.0163775,-31.5035561]],[[-52.0163775,-31.5035561],[-52.0083308,-31.4932336],[-52.0011499,-31.4409157],[-51.9870681,-31.3945445],[-51.9758655,-31.3804251],[-51.9606792,-31.3729904],[-51.9601307,-31.3527831],[-51.9486438,-31.3393224],[-51.9327295,-31.3351486],[-51.930561,-31.3189346],[-51.9194628,-31.3107659],[-51.892088,-31.3156825],[-51.8750396,-31.3090397],[-51.8439353,-31.3232485],[-51.8339305,-31.3063967],[-51.8117421,-31.2857497]],[[-51.7915577,-31.1401907],[-51.7895049,-31.1236106]],[[-55.0562009,-28.3154704],[-55.0547614,-28.3291343]],[[-55.0547614,-28.3291343],[-55.1251078,-28.3394795],[-55.1573298,-28.3254484],[-55.1635764,-28.3169712],[-55.179359,-28.3217466],[-55.1965354,-28.3380183]],[[-55.1965354,-28.3380183],[-55.2064575,-28.3398653]],[[-55.1638689,-28.4241674],[-55.1590106,-28.4370382]],[[-54.7312853,-28.5868922],[-54.7226762,-28.58696]],[[-54.7226762,-28.58696],[-54.7001057,-28.576319],[-54.6826388,-28.5590161],[-54.6850456,-28.5380146],[-54.6713675,-28.5089163],[-54.6680903,-28.4921936],[-54.6730949,-28.4665724],[-54.6696369,-28.4433261],[-54.651597,-28.4549782],[-54.6306165,-28.4602768],[-54.6135475,-28.4734821],[-54.5868714,-28.4815796],[-54.5697461,-28.4535689],[-54.5752164,-28.4114705],[-54.561527,-28.4117577],[-54.5516193,-28.4060443],[-54.537436,-28.403986]],[[-54.537436,-28.403986],[-54.5418242,-28.3993831]],[[-54.5418242,-28.3993831],[-54.5494462,-28.3830076],[-54.5481455,-28.3741017],[-54.552053,-28.3636202]],[[-54.552053,-28.3636202],[-54.5618682,-28.3601078]],[[-54.5618682,-28.3601078],[-54.5723716,-28.3635422],[-54.5758689,-28.3684597],[-54.5786426,-28.3829649]],[[-54.7686676,-28.3576987],[-54.7853111,-28.3609194],[-54.7883627,-28.3626266]],[[-54.7883627,-28.3626266],[-54.7891931,-28.3652203]],[[-54.9501112,-28.225255],[-54.9491722,-28.2216175],[-54.9498854,-28.1986413],[-54.9588982,-28.1882621]],[[-54.9588982,-28.1882621],[-54.961625,-28.1919435]],[[-54.965311,-28.1925718],[-54.9695437,-28.1874897],[-54.9723751,-28.1617461],[-54.9771772,-28.1581807]],[[-51.1245096,-28.8768918],[-51.1449508,-28.8836938],[-51.1513003,-28.8733899],[-51.1602555,-28.8739407]],[[-51.1722247,-28.887639],[-51.1742145,-28.8980489],[-51.1709198,-28.9164485],[-51.1529451,-28.9298013],[-51.1507252,-28.9347606]],[[-51.1777327,-28.9379177],[-51.1836118,-28.9453963]],[[-51.1171431,-29.0312646],[-51.1065997,-29.0333111],[-51.1114061,-29.0407569]],[[-54.0217639,-27.6658833],[-54.0253595,-27.6719383]],[[-54.0707657,-27.735601],[-54.0685258,-27.7432797]],[[-54.0685258,-27.7432797],[-54.0658388,-27.7349441]],[[-54.0608611,-27.7319601],[-54.0606503,-27.7381295],[-54.0572096,-27.740186],[-54.0455731,-27.7374651],[-54.0380804,-27.7411897]],[[-53.9897409,-27.7646902],[-53.9788122,-27.7796957]],[[-53.9788122,-27.7796957],[-53.9629651,-27.7799151],[-53.9424192,-27.7707659],[-53.9174113,-27.7723414],[-53.8935671,-27.7813419],[-53.8647403,-27.7630025],[-53.854329,-27.7661187]],[[-53.8237054,-27.7627731],[-53.8248323,-27.7571697]],[[-53.9175384,-27.6924193],[-53.9332689,-27.6882857]],[[-53.9332689,-27.6882857],[-53.9418029,-27.6857565],[-53.9489357,-27.6875334],[-53.9630571,-27.6756135],[-53.9828725,-27.6705819],[-53.9880263,-27.6632224],[-54.0015822,-27.6625849],[-54.0217639,-27.6658833]],[[-54.0971896,-29.4579551],[-54.0996904,-29.4610441]],[[-54.0996904,-29.4610441],[-54.0829535,-29.4694773],[-54.055165,-29.5084681],[-54.0550179,-29.5206456],[-54.0512589,-29.5242648],[-54.042294,-29.5442518],[-54.0193077,-29.5592844]],[[-54.0193077,-29.5592844],[-53.9998721,-29.567426]],[[-53.8583364,-29.5947227],[-53.8538298,-29.5874582],[-53.8418927,-29.5854607]],[[-53.6923765,-29.4617598],[-53.6898611,-29.460417]],[[-54.5322792,-28.4104594],[-54.537436,-28.403986]],[[-54.7226762,-28.58696],[-54.7293889,-28.5865785]],[[-54.668245,-28.7083682],[-54.665165,-28.7162484]],[[-54.3805249,-28.9970259],[-54.3777217,-29.004479]],[[-54.3777217,-29.004479],[-54.3511012,-28.9729186],[-54.3570987,-28.96107],[-54.3406248,-28.9292155]],[[-54.3406248,-28.9292155],[-54.3309076,-28.9310848]],[[-54.382412,-28.6968525],[-54.3643599,-28.6841025]],[[-54.3734221,-28.6667235],[-54.3822521,-28.6611917]],[[-54.3962856,-28.5558583],[-54.4060611,-28.5506571],[-54.4111739,-28.5454015],[-54.4164255,-28.5374554],[-54.4175833,-28.5275416]],[[-54.462633,-28.4904982],[-54.4677086,-28.4861019]],[[-54.4677086,-28.4861019],[-54.4732432,-28.4754051],[-54.4862507,-28.4612745],[-54.4823033,-28.4513841],[-54.4984348,-28.4453898],[-54.5001434,-28.4368407],[-54.5173582,-28.4313617],[-54.5322792,-28.4104594]],[[-55.3755191,-28.0340354],[-55.3905088,-28.0452307],[-55.4139679,-28.0546489],[-55.4384353,-28.0863349]],[[-55.2012286,-28.3384345],[-55.1965354,-28.3380183]],[[-55.0547614,-28.3291343],[-55.0566482,-28.3219306]],[[-55.1307661,-28.2092692],[-55.146227,-28.1871503]],[[-55.0485812,-27.922799],[-55.0485335,-27.9419622]],[[-55.0795708,-27.9421817],[-55.0732498,-28.0115052]],[[-55.0574874,-28.0021436],[-55.046709,-28.0023822],[-55.0310647,-28.019635]],[[-54.928048,-28.0558391],[-54.9280078,-28.0575549]],[[-54.9280078,-28.0575549],[-54.9065307,-28.0576153],[-54.9066091,-28.0459878],[-54.8663781,-28.0457169]],[[-54.8663781,-28.0457169],[-54.8665889,-28.0093812]],[[-54.8665889,-28.0093812],[-54.8705761,-28.0148652]],[[-54.9394193,-27.935877],[-54.9424186,-27.9300197]],[[-51.578837,-29.4061184],[-51.5835557,-29.4070998]],[[-51.4839492,-29.436558],[-51.4731839,-29.4373428]],[[-51.4731839,-29.4373428],[-51.4356935,-29.4313524]],[[-53.2465238,-27.7404783],[-53.2570415,-27.7268133]],[[-53.2954142,-27.7493728],[-53.2915242,-27.7555628],[-53.2925129,-27.7640345]],[[-53.2028981,-27.8034794],[-53.203662,-27.7998907]],[[-53.179928,-27.7596733],[-53.1794648,-27.7494812]],[[-53.1974925,-27.732889],[-53.2024701,-27.7360968]],[[-54.9280078,-28.0575549],[-54.9278689,-28.1290121]],[[-54.9439946,-28.182524],[-54.9352626,-28.1929923]],[[-54.8675621,-28.1923065],[-54.8595198,-28.1879618],[-54.85714,-28.1836006],[-54.8566544,-28.1782178],[-54.8611072,-28.1622497]],[[-54.8663808,-28.0891708],[-54.8663781,-28.0457169]],[[-54.1912294,-29.4824508],[-54.1926102,-29.4923194],[-54.2023169,-29.485555],[-54.215634,-29.49377],[-54.232387,-29.4850882],[-54.247614,-29.5063789],[-54.2563018,-29.4992858],[-54.2848668,-29.524914],[-54.3013238,-29.5311054],[-54.3148718,-29.5480715],[-54.3342129,-29.5456822]],[[-54.3342129,-29.5456822],[-54.343405,-29.5543629]],[[-54.4779227,-29.6414512],[-54.4778698,-29.6468791],[-54.4787859,-29.6514612]],[[-54.4787859,-29.6514612],[-54.4713895,-29.6523313],[-54.4647229,-29.6549547],[-54.4719502,-29.6657556],[-54.4760691,-29.6953317],[-54.4743,-29.7112378],[-54.4840017,-29.7181492],[-54.4979578,-29.7122659],[-54.4974416,-29.7168675],[-54.496378,-29.7386295],[-54.496072,-29.740468]],[[-54.496072,-29.740468],[-54.4857893,-29.7371419]],[[-54.3106177,-29.7378263],[-54.3031018,-29.7345617]],[[-54.1332294,-29.6881095],[-54.1282673,-29.6852885]],[[-53.9930987,-29.5761307],[-54.0005274,-29.5664886],[-54.0193077,-29.5592844]],[[-54.0996904,-29.4610441],[-54.1011398,-29.463173]],[[-51.3365036,-29.5162142],[-51.3397067,-29.5142354],[-51.3412699,-29.5147129],[-51.3433339,-29.5133506],[-51.3476066,-29.5170312]],[[-51.3732884,-29.5489955],[-51.3771913,-29.5528582],[-51.3793094,-29.5529151]],[[-51.3876624,-29.5755499],[-51.3830962,-29.5886254]],[[-51.2767484,-29.6559475],[-51.2881392,-29.6188614]],[[-51.2792135,-29.6098583],[-51.2814476,-29.6064242],[-51.2821668,-29.6000394],[-51.2842251,-29.5962172],[-51.2828526,-29.5911222],[-51.279862,-29.5874585],[-51.2796089,-29.5838446]],[[-51.2796089,-29.5838446],[-51.2860923,-29.5816592]],[[-51.3025369,-29.5244293],[-51.3102521,-29.5220888]],[[-51.3225417,-29.5217205],[-51.3276845,-29.5254633],[-51.3330031,-29.5249492],[-51.3365478,-29.5231397],[-51.3365036,-29.5162142]],[[-53.8653858,-29.9924126],[-53.873694,-30.0003721]],[[-53.9565308,-30.2045538],[-53.9497863,-30.2080694]],[[-53.9497863,-30.2080694],[-53.9462611,-30.2123474],[-53.9385719,-30.2110622],[-53.909063,-30.2297612],[-53.8910786,-30.235201],[-53.8764495,-30.2464026],[-53.8334386,-30.2585068],[-53.824133,-30.2460352],[-53.8024582,-30.2471981],[-53.7853206,-30.2551036],[-53.7667112,-30.2451448],[-53.7611527,-30.2554344],[-53.759595,-30.2787705],[-53.7709503,-30.2780395],[-53.7759696,-30.2986964],[-53.7896951,-30.309098],[-53.7758586,-30.3282085],[-53.7483042,-30.3207461],[-53.7390459,-30.3255246],[-53.7417787,-30.3294873],[-53.7415993,-30.3414114],[-53.7346459,-30.3472802],[-53.745018,-30.3681146],[-53.745793,-30.3851104],[-53.7558071,-30.3867374],[-53.7631573,-30.3888431],[-53.7732691,-30.3892284],[-53.7881959,-30.4026983],[-53.7977342,-30.4114513],[-53.8102444,-30.4303365],[-53.8312222,-30.4524376],[-53.8330612,-30.4654624],[-53.8452391,-30.4829775]],[[-53.8452391,-30.4829775],[-53.8360841,-30.4878929]],[[-53.7506661,-30.5145579],[-53.7331388,-30.4988327]],[[-53.3111588,-30.1408741],[-53.3035081,-30.137415]],[[-53.6522891,-29.8994503],[-53.6615182,-29.8930358]],[[-52.5822238,-27.4583559],[-52.5892638,-27.4700111]],[[-52.6599814,-27.537702],[-52.6632603,-27.5338078]],[[-52.6695675,-27.5770845],[-52.6692826,-27.5781149],[-52.6763597,-27.5858177]],[[-52.4772157,-27.603528],[-52.4773948,-27.584998]],[[-51.7600161,-28.9964923],[-51.7606004,-29.0080928]],[[-51.7948099,-29.0088737],[-51.8140991,-29.0145116]],[[-51.8140991,-29.0145116],[-51.805329,-29.0457027],[-51.8083994,-29.0817241]],[[-51.8083994,-29.0817241],[-51.7585114,-29.1036534]],[[-51.7321281,-29.1289815],[-51.739129,-29.1367535]],[[-53.9788122,-27.7796957],[-53.9803381,-27.7819255]],[[-53.9555671,-27.8112545],[-53.9621944,-27.8257421]],[[-53.9567432,-27.8504033],[-53.9504775,-27.8518222]],[[-53.9082226,-27.8852896],[-53.9011617,-27.8897511],[-53.8977697,-27.8952788]],[[-51.35099,-29.3517352],[-51.397205,-29.3518219]],[[-54.7778319,-29.6135768],[-54.7783303,-29.6215562],[-54.7980007,-29.623817]],[[-54.7980007,-29.623817],[-54.7999989,-29.6227801]],[[-54.8264204,-29.6399605],[-54.8272926,-29.6439569],[-54.8253701,-29.6568851],[-54.8326686,-29.6661462]],[[-54.9932081,-29.7058772],[-55.0071034,-29.7107316],[-55.0104169,-29.7106069],[-55.0190036,-29.7064383]],[[-55.0749048,-29.6587764],[-55.1186881,-29.6574053]],[[-55.144057,-29.6950743],[-55.1261595,-29.6976947]],[[-55.0689843,-29.7661147],[-55.0670584,-29.76413],[-55.0613649,-29.7638456],[-55.05556,-29.7671327],[-55.0537894,-29.7743443],[-55.0505113,-29.7788627],[-55.0441226,-29.7836425],[-55.0396605,-29.7848494],[-55.0150044,-29.7818731]],[[-54.4948782,-29.7504006],[-54.496072,-29.740468]],[[-54.4787859,-29.6514612],[-54.4778888,-29.6476726]],[[-54.4778888,-29.6476726],[-54.4791634,-29.6474745],[-54.4789188,-29.6463487],[-54.4839746,-29.643657],[-54.4862976,-29.6395275]],[[-54.5518431,-29.5669701],[-54.5426905,-29.5504358],[-54.5428728,-29.5483733],[-54.5492721,-29.54283]],[[-54.5693774,-29.5308953],[-54.5728547,-29.5336268]],[[-51.046466,-29.5620539],[-51.048859,-29.5617131]],[[-50.9474893,-29.690163],[-50.9438156,-29.6934256]],[[-50.9438156,-29.6934256],[-50.9415651,-29.6911831]],[[-50.9446282,-29.5573489],[-50.9517317,-29.5543177]],[[-51.1912706,-29.7937464],[-51.1902271,-29.8013824],[-51.1979532,-29.8108459]],[[-51.1012613,-29.8687006],[-51.0897111,-29.8488396]],[[-51.0842889,-29.837726],[-51.06812,-29.8112834]],[[-51.1678234,-29.7906282],[-51.1946326,-29.7762405]],[[-53.0561615,-27.7971299],[-53.0596809,-27.805765]],[[-53.0690685,-27.8105116],[-53.053588,-27.8176557]],[[-53.0526517,-27.8816738],[-53.0491724,-27.8817139]],[[-53.0062679,-27.8933634],[-52.985013,-27.8995779],[-52.981568,-27.9045694],[-52.9807087,-27.9087012]],[[-52.9763608,-27.9534165],[-52.9742386,-27.9532338]],[[-52.9189548,-28.0009023],[-52.9088033,-28.0144988],[-52.9165633,-28.021957]],[[-52.9387329,-28.0438036],[-52.9297903,-28.0482898]],[[-52.8766878,-28.0657333],[-52.8661384,-28.0693843]],[[-52.8314625,-28.0338871],[-52.8260409,-28.0257615]],[[-52.7418695,-27.9474032],[-52.7658224,-27.9304176]],[[-53.0218699,-27.8087002],[-53.0247921,-27.8038205]],[[-53.4167666,-27.4264471],[-53.427109,-27.4235991]],[[-53.427109,-27.4235991],[-53.4925049,-27.4502239]],[[-53.4925049,-27.4502239],[-53.4884952,-27.4526016]],[[-53.3838804,-27.6089145],[-53.3658239,-27.6173853]],[[-53.3249537,-27.6078262],[-53.3143626,-27.6007302]],[[-53.2758226,-27.5179907],[-53.2798042,-27.5104458]],[[-53.2749923,-27.4828187],[-53.2777876,-27.4801174]],[[-53.2915187,-27.4013742],[-53.2953872,-27.391383]],[[-54.0293118,-27.6431591],[-54.0376958,-27.6583362]],[[-54.0314054,-27.6689323],[-54.0217639,-27.6658833]],[[-53.9332689,-27.6882857],[-53.9139909,-27.6902026]],[[-53.8952689,-27.6004546],[-53.9010073,-27.5924742]],[[-52.9171932,-29.185426],[-52.9224398,-29.1906663],[-52.927183,-29.2002711]],[[-53.0249824,-29.3339757],[-53.0128971,-29.3461032]],[[-53.0128971,-29.3461032],[-52.9869158,-29.3488259],[-52.9742946,-29.3584957],[-52.9661706,-29.3752276],[-52.969348,-29.3868154],[-52.9598492,-29.3964889],[-52.9454103,-29.3947381]],[[-52.9454103,-29.3947381],[-52.8498385,-29.3878741]],[[-52.8251499,-29.3305149],[-52.8245664,-29.3279248]],[[-52.8956177,-29.2132573],[-52.8838058,-29.205739]],[[-52.8838058,-29.205739],[-52.8881963,-29.2060958],[-52.8926517,-29.2014562],[-52.9072463,-29.2029573],[-52.9101386,-29.1924991],[-52.9180616,-29.1900049]],[[-52.9180616,-29.1900049],[-52.9171932,-29.185426]],[[-53.00052,-28.5896254],[-53.0144043,-28.5928984]],[[-53.0345166,-28.6816655],[-53.0311489,-28.6935534]],[[-53.0343041,-28.7637068],[-53.0278303,-28.7615345]],[[-52.9560275,-28.7412871],[-52.9506892,-28.736821],[-52.9437854,-28.7385562]],[[-52.9437854,-28.7385562],[-52.9284133,-28.7280176]],[[-52.9284133,-28.7280176],[-52.9272756,-28.7275049],[-52.9307706,-28.7160601],[-52.924303,-28.7116021],[-52.9304251,-28.7029541],[-52.9365632,-28.7001579],[-52.9364547,-28.6902481],[-52.9259404,-28.643642],[-52.926577,-28.6209001],[-52.9182079,-28.6065335],[-52.9205939,-28.6047044],[-52.915619,-28.5987184]],[[-52.915619,-28.5987184],[-52.9183307,-28.5943481]],[[-52.92402,-28.5848636],[-52.9337664,-28.5824545]],[[-54.5932,-27.9439725],[-54.5954124,-27.9438137]],[[-54.5954124,-27.9438137],[-54.5950434,-28.0139762],[-54.5850606,-28.0147177],[-54.5847266,-28.0936657]],[[-54.5847266,-28.0936657],[-54.5744234,-28.0933079]],[[-54.5540094,-28.1165073],[-54.5323646,-28.1142263]],[[-54.5323646,-28.1142263],[-54.5280194,-28.0927095],[-54.5156062,-28.0929253]],[[-54.5156062,-28.0929253],[-54.5197416,-28.0788281]],[[-54.464468,-27.9907364],[-54.4812483,-27.9804727]],[[-51.4913069,-30.5025963],[-51.4931363,-30.5066283]],[[-51.521574,-30.509062],[-51.5363567,-30.5151149]],[[-51.5363567,-30.5151149],[-51.5468272,-30.521547],[-51.5631941,-30.5107959],[-51.5892268,-30.5263816],[-51.6043128,-30.5242813],[-51.6124959,-30.5252934],[-51.6233136,-30.5431327],[-51.6461519,-30.5330843],[-51.652524,-30.5209212]],[[-51.652524,-30.5209212],[-51.6576184,-30.5186813]],[[-51.6576184,-30.5186813],[-51.6557663,-30.5306028],[-51.6590892,-30.533184]],[[-51.6971978,-30.6904191],[-51.694063,-30.6946265]],[[-51.6370803,-30.7490576],[-51.6076927,-30.7198704]],[[-51.6076927,-30.7198704],[-51.5814632,-30.7065051],[-51.5595874,-30.6443528],[-51.5513791,-30.6364997],[-51.5398775,-30.6058849],[-51.5388407,-30.5934276],[-51.5255369,-30.5771087],[-51.5087762,-30.5402137],[-51.500299,-30.5329188],[-51.4987044,-30.5214062],[-51.4913069,-30.5025963]],[[-51.9964698,-28.6104894],[-52.0665057,-28.6144397]],[[-51.98697,-28.6890861],[-51.9859003,-28.7152816],[-51.9869232,-28.7214663]],[[-51.9869232,-28.7214663],[-51.9924965,-28.7471019],[-51.98519,-28.7634487]],[[-51.98519,-28.7634487],[-51.8560847,-28.7550322]],[[-51.8560847,-28.7550322],[-51.8589334,-28.7491679]],[[-51.8395213,-28.6832197],[-51.8394354,-28.6768823]],[[-52.3004199,-29.3554195],[-52.3096739,-29.359729]],[[-52.3157992,-29.3881458],[-52.3141901,-29.3968983]],[[-52.3141901,-29.3968983],[-52.3074762,-29.4009535],[-52.3020863,-29.4001552],[-52.2995104,-29.4010926],[-52.3019536,-29.4065452],[-52.2994011,-29.4066868],[-52.2937059,-29.4097884],[-52.2901218,-29.4118937],[-52.2854032,-29.4201703],[-52.2738625,-29.4201487],[-52.2687699,-29.4277853],[-52.259253,-29.4373163],[-52.2551889,-29.4431965],[-52.2507407,-29.4454445],[-52.2460403,-29.4469623],[-52.2421939,-29.4482713],[-52.2322213,-29.4567093],[-52.2300796,-29.4537731],[-52.2184377,-29.4552826]],[[-52.2018075,-29.425424],[-52.1969328,-29.4236348]],[[-52.192399,-29.360771],[-52.1944569,-29.3601593]],[[-52.087659,-27.9433269],[-52.0941872,-27.9368069]],[[-52.2235536,-27.9721311],[-52.2327026,-27.973927]],[[-52.5145012,-27.9437559],[-52.5224445,-27.9433205],[-52.5281665,-27.941334]],[[-52.537866,-27.9366147],[-52.5365247,-27.9502682],[-52.5394709,-27.9556363],[-52.5402253,-27.9536528],[-52.5415331,-27.9557791],[-52.5542706,-27.9460825]],[[-52.5754637,-27.9488846],[-52.5760186,-27.9464991],[-52.5802348,-27.9455128]],[[-52.5802348,-27.9455128],[-52.5805484,-27.9466212],[-52.5785671,-27.9475946]],[[-52.5135019,-28.0185993],[-52.5146245,-28.0286248],[-52.5127903,-28.0324576],[-52.5069677,-28.0342379],[-52.5035413,-28.034413],[-52.4982547,-28.038035]],[[-52.1645838,-28.0735949],[-52.1456813,-28.0467562],[-52.1373297,-28.0434083],[-52.1395458,-28.0315496],[-52.1317144,-28.0312503]],[[-52.1317144,-28.0312503],[-52.1258802,-28.024932],[-52.1198007,-28.0207689]],[[-52.1198007,-28.0207689],[-52.1008765,-28.0094916],[-52.1045796,-28.0027698],[-52.0886074,-27.9939158],[-52.0891907,-27.9769267]],[[-52.0891907,-27.9769267],[-52.0865641,-27.9751871]],[[-51.6809159,-30.3836834],[-51.6780913,-30.3878717],[-51.6726279,-30.3886372]],[[-51.7560464,-30.5037083],[-51.755847,-30.5085761]],[[-51.6595713,-30.5183504],[-51.652524,-30.5209212]],[[-51.5363567,-30.5151149],[-51.524539,-30.5100372]],[[-51.5357246,-30.4493488],[-51.5363616,-30.4001152]],[[-54.5100387,-28.1007715],[-54.5156062,-28.0929253]],[[-54.5323646,-28.1142263],[-54.5415106,-28.1246831]],[[-54.4038063,-28.1394298],[-54.3984846,-28.1354329]],[[-52.0490334,-27.3463121],[-52.0802647,-27.3392909],[-52.0937618,-27.3480686],[-52.1071026,-27.3434067]],[[-52.1889496,-27.4087183],[-52.1941909,-27.4083613]],[[-52.1941909,-27.4083613],[-52.1942988,-27.4188308],[-52.1900881,-27.4277123],[-52.1935306,-27.4425302],[-52.1806158,-27.4438021],[-52.1686618,-27.458913],[-52.1447025,-27.4778113],[-52.1329613,-27.4654933],[-52.1086448,-27.4751711],[-52.1079025,-27.480951],[-52.0670683,-27.4802703]],[[-52.0670683,-27.4802703],[-52.066648,-27.4539183]],[[-52.066648,-27.4539183],[-52.0288067,-27.4545303]],[[-52.0288067,-27.4545303],[-52.0299978,-27.4311125]],[[-53.5368565,-29.5919416],[-53.5532195,-29.5724636]],[[-53.5783053,-29.5783545],[-53.5828508,-29.5770382]],[[-53.5447546,-29.7040715],[-53.5452601,-29.7022312]],[[-53.5452601,-29.7022312],[-53.5297655,-29.6957613]],[[-53.4675753,-29.6396888],[-53.4773917,-29.6124068]],[[-52.7080395,-29.3040121],[-52.7114494,-29.3075186]],[[-52.7502022,-29.3634193],[-52.755834,-29.3676101]],[[-52.7649431,-29.3993472],[-52.75723,-29.4022147]],[[-52.6773447,-29.5011842],[-52.67971,-29.5016325]],[[-52.67971,-29.5016325],[-52.6820672,-29.5265865],[-52.657979,-29.5318886],[-52.6489699,-29.5221465],[-52.633394,-29.5309012],[-52.6193022,-29.553842]],[[-52.6193022,-29.553842],[-52.6205213,-29.5807621]],[[-52.6205213,-29.5807621],[-52.5842931,-29.5856955]],[[-52.5842931,-29.5856955],[-52.5649948,-29.5847262]],[[-52.4406962,-29.3848767],[-52.4348485,-29.3783165]],[[-52.4348485,-29.3783165],[-52.4369751,-29.3773349],[-52.4397194,-29.3792845],[-52.4449886,-29.3787453],[-52.4607251,-29.3855261],[-52.462479,-29.3761798]],[[-52.462479,-29.3761798],[-52.4644306,-29.3671497]],[[-52.5351237,-29.328984],[-52.5336943,-29.3331808]],[[-53.0128971,-29.3461032],[-53.020517,-29.3581765]],[[-53.0830739,-29.3719217],[-53.0863104,-29.41351]],[[-53.0948305,-29.4668687],[-53.0925918,-29.4686032]],[[-53.0194297,-29.4624074],[-53.014061,-29.4647032]],[[-52.9386323,-29.3952966],[-52.9454103,-29.3947381]],[[-52.6075804,-28.6401025],[-52.6147905,-28.6369842]],[[-52.7224011,-28.7370251],[-52.724584,-28.7348192]],[[-52.8023934,-29.0381289],[-52.8033747,-29.0431327]],[[-52.8033747,-29.0431327],[-52.808395,-29.0737224],[-52.8168662,-29.083708],[-52.8085375,-29.0918689],[-52.7975607,-29.1115508],[-52.7946234,-29.1118888],[-52.7934985,-29.115397],[-52.7909724,-29.117126]],[[-52.7909724,-29.117126],[-52.7843385,-29.1150854]],[[-52.750974,-29.1440936],[-52.7459408,-29.139073]],[[-52.4948692,-29.0340001],[-52.4942663,-29.028212]],[[-52.3241335,-28.8179993],[-52.3290366,-28.8126433],[-52.3238245,-28.8084978]],[[-52.2494746,-28.6698027],[-52.2537947,-28.6607738]],[[-52.2874548,-28.6459749],[-52.2882707,-28.6422831]],[[-52.3118851,-28.6487088],[-52.3140837,-28.6482328]],[[-52.5597749,-28.6534516],[-52.5685008,-28.6530813]],[[-52.5685008,-28.6530813],[-52.5837846,-28.6437099],[-52.5986251,-28.6451013],[-52.6075804,-28.6401025]],[[-51.7556354,-29.635978],[-51.7584127,-29.6452566],[-51.7635648,-29.6547511]],[[-51.7635648,-29.6547511],[-51.7798678,-29.653179],[-51.787796,-29.6728778],[-51.7813096,-29.6982614],[-51.7917579,-29.7076252],[-51.7980696,-29.7134675],[-51.7935266,-29.720324],[-51.7682209,-29.731911],[-51.7560776,-29.7332478],[-51.7427996,-29.7117844],[-51.7242257,-29.7157428]],[[-51.7242257,-29.7157428],[-51.7166852,-29.7023083],[-51.7035315,-29.6941662],[-51.6795142,-29.6552831],[-51.6622528,-29.6459787]],[[-51.6622528,-29.6459787],[-51.6608931,-29.6430429]],[[-52.0832402,-27.9844856],[-52.0891907,-27.9769267]],[[-52.1198007,-28.0207689],[-52.1241963,-28.0240927]],[[-52.1241963,-28.0240927],[-52.1216405,-28.0264988],[-52.1051578,-28.0345547],[-52.0846234,-28.0553399],[-52.0822652,-28.0638867],[-52.0957595,-28.0746287],[-52.0836996,-28.0951239],[-52.0841569,-28.1018588],[-52.0857177,-28.1044614],[-52.0890882,-28.1086733],[-52.0867255,-28.1164911]],[[-52.0867255,-28.1164911],[-52.0817026,-28.1176023],[-52.0763399,-28.122127]],[[-51.990428,-28.128138],[-51.9843772,-28.1284121]],[[-51.924461,-28.1112154],[-51.9112023,-28.1135662]],[[-51.9349411,-28.0055778],[-51.9436062,-28.0015227]],[[-52.916775,-28.595751],[-52.915619,-28.5987184]],[[-52.9284133,-28.7280176],[-52.9216783,-28.7296012]],[[-52.7712174,-28.6458673],[-52.7700504,-28.6458612],[-52.7643526,-28.6532261]],[[-52.7643526,-28.6532261],[-52.7620262,-28.6393954],[-52.7646684,-28.6331674],[-52.761596,-28.6287314]],[[-52.761596,-28.6287314],[-52.7627913,-28.6268342]],[[-51.4536135,-30.8698703],[-51.3900842,-30.8798935],[-51.3726968,-30.8725352],[-51.3905801,-30.8402937],[-51.4028587,-30.7837962],[-51.4058305,-30.7567506],[-51.4002241,-30.7130656],[-51.391074,-30.6687385],[-51.3809298,-30.6434732],[-51.3640972,-30.6332405],[-51.3346126,-30.6337885],[-51.3176642,-30.6481622],[-51.3194439,-30.6634925],[-51.3139576,-30.688503],[-51.3165991,-30.7041477],[-51.306482,-30.7154941],[-51.2970396,-30.7399923],[-51.2933503,-30.7647755],[-51.300503,-30.7800419],[-51.298081,-30.7919086],[-51.2811428,-30.8016678],[-51.2941413,-30.7515578],[-51.2930997,-30.7076756],[-51.30223,-30.6344481],[-51.3033486,-30.5885501],[-51.2984132,-30.5590875],[-51.2653834,-30.4797746]],[[-51.4870775,-30.4999661],[-51.4913069,-30.5025963]],[[-51.6076927,-30.7198704],[-51.6303367,-30.7448248]],[[-50.6881458,-29.4835569],[-50.6983034,-29.4962718],[-50.702658,-29.5013781],[-50.7128307,-29.5105434]],[[-50.7128307,-29.5105434],[-50.7100592,-29.5222578]],[[-50.7547788,-29.603536],[-50.8067542,-29.6177656],[-50.8109933,-29.625978]],[[-50.9215227,-29.674142],[-50.9275156,-29.6755085],[-50.9341955,-29.6725218]],[[-50.9468676,-29.6797472],[-50.9443617,-29.6871599],[-50.9414111,-29.6906302],[-50.9438156,-29.6934256]],[[-50.9438156,-29.6934256],[-50.9451665,-29.698192]],[[-50.8135883,-29.7707314],[-50.8120436,-29.7737638]],[[-50.7514614,-29.7734574],[-50.7234492,-29.7692356],[-50.7190759,-29.7709027],[-50.7151774,-29.7743754]],[[-50.6894548,-29.6805073],[-50.6761486,-29.6648508]],[[-50.5900593,-29.5660912],[-50.5900513,-29.5532673]],[[-50.6232966,-29.5572623],[-50.6297872,-29.5604936],[-50.6511525,-29.5024802]],[[-51.7860292,-29.615822],[-51.7993451,-29.6163067]],[[-51.8728552,-29.6391021],[-51.8724369,-29.6439156]],[[-51.9541921,-29.7127969],[-51.9436521,-29.7381441],[-51.9429791,-29.7586468]],[[-51.7164168,-29.8607373],[-51.7161786,-29.8580595]],[[-51.7161786,-29.8580595],[-51.7449002,-29.8344713],[-51.7583398,-29.8187882],[-51.7576956,-29.7920658],[-51.7364127,-29.7565225],[-51.7187438,-29.7428396],[-51.7242257,-29.7157428]],[[-51.7635648,-29.6547511],[-51.7605774,-29.6492403]],[[-53.4519815,-27.3569605],[-53.4513974,-27.3539536],[-53.4558838,-27.3514186],[-53.460534,-27.3511408]],[[-53.460534,-27.3511408],[-53.4632246,-27.3646882]],[[-53.4632246,-27.3646882],[-53.4806528,-27.3876225],[-53.4981752,-27.3859152],[-53.5166454,-27.3951057],[-53.5319828,-27.3874493]],[[-53.5319828,-27.3874493],[-53.5427083,-27.3896926]],[[-53.4951075,-27.4491505],[-53.4925049,-27.4502239]],[[-53.427109,-27.4235991],[-53.4275676,-27.4200708]],[[-51.1227176,-31.1290381],[-51.1249299,-31.1251095],[-51.1281123,-31.1228589],[-51.1789942,-31.1341963]],[[-51.1789942,-31.1341963],[-51.1785935,-31.1450151],[-51.167168,-31.1805708],[-51.1569866,-31.2465796],[-51.157477,-31.2847123],[-51.1667904,-31.3247987],[-51.1791108,-31.3649811],[-51.2022383,-31.4110955],[-51.2375439,-31.4574351]],[[-51.1859619,-31.5043878],[-51.1040088,-31.4214322],[-51.0400803,-31.3599453],[-50.970369,-31.3048742],[-50.8791407,-31.2270415],[-50.8421324,-31.1900255]],[[-53.7701309,-27.2621096],[-53.772866,-27.2653909]],[[-53.9058739,-27.3331214],[-53.8941748,-27.3467169]],[[-53.8941748,-27.3467169],[-53.8781784,-27.3372101],[-53.8704296,-27.3538102],[-53.8887594,-27.3614912],[-53.8752287,-27.3709848],[-53.8878065,-27.3748822],[-53.8985656,-27.3874297]],[[-53.8985656,-27.3874297],[-53.8918615,-27.3958182],[-53.8873899,-27.3953128],[-53.8857652,-27.388186],[-53.8837353,-27.3877134],[-53.8748286,-27.3996862]],[[-53.8748286,-27.3996862],[-53.8798468,-27.4182044],[-53.8740795,-27.4232892],[-53.8647256,-27.413246]],[[-53.8647256,-27.413246],[-53.8574109,-27.4068392],[-53.8539758,-27.4077084],[-53.8469976,-27.4144878],[-53.845859,-27.4164901],[-53.8508872,-27.4216928],[-53.8515806,-27.426597],[-53.8482623,-27.4390229],[-53.8452475,-27.4415596],[-53.8368864,-27.4372677],[-53.8294374,-27.4378219],[-53.8221757,-27.4399223]],[[-53.6595787,-27.4269753],[-53.6411219,-27.4160673]],[[-53.6415701,-27.3424019],[-53.6522449,-27.3394542]],[[-53.6436094,-27.3283274],[-53.6681528,-27.3176691]],[[-53.6681528,-27.3176691],[-53.6878125,-27.3207153],[-53.6881404,-27.307707],[-53.7098156,-27.3117412],[-53.7289929,-27.3055209],[-53.740894,-27.295796],[-53.746699,-27.2928935],[-53.7601529,-27.2802576]],[[-53.7601529,-27.2802576],[-53.7649701,-27.2786251]],[[-49.9922579,-29.5322746],[-50.0143955,-29.541118]],[[-50.0143955,-29.541118],[-50.0331267,-29.5410919],[-50.051924,-29.5417536],[-50.0670441,-29.5513651],[-50.0741722,-29.5455394]],[[-50.0741722,-29.5455394],[-50.0815218,-29.5480075]],[[-50.1467177,-29.5972336],[-50.1621033,-29.6111218]],[[-50.1336201,-29.6421123],[-50.1212119,-29.6485789],[-50.0493017,-29.6528545]],[[-49.9337007,-29.6250581],[-49.922165,-29.607173]],[[-49.9861764,-29.6012305],[-49.9914534,-29.602065],[-50.0177919,-29.5802254],[-50.0304748,-29.559423],[-50.0306615,-29.5481646],[-50.0130078,-29.5468773],[-49.9922579,-29.5322746]],[[-51.7810568,-29.3879437],[-51.7939237,-29.3878442]],[[-51.7939237,-29.3878442],[-51.8026329,-29.3906275]],[[-51.8724907,-29.543922],[-51.865175,-29.5404103]],[[-51.6909788,-29.5082913],[-51.6904171,-29.4877749]],[[-51.6680845,-29.4874793],[-51.6705336,-29.4707945]],[[-51.6908851,-29.4707363],[-51.6912053,-29.4150698]],[[-51.6912053,-29.4150698],[-51.7391869,-29.4143816],[-51.7393664,-29.4477282],[-51.7426885,-29.4616283],[-51.7724402,-29.4566462],[-51.7815949,-29.4613784],[-51.7810568,-29.3879437]],[[-52.615255,-28.5190583],[-52.6202518,-28.523881]],[[-52.6202518,-28.523881],[-52.6331776,-28.5194138],[-52.6452134,-28.5281666],[-52.638113,-28.5488461],[-52.6377689,-28.5786643],[-52.6429414,-28.5988765],[-52.6475772,-28.6077305],[-52.658692,-28.6120738]],[[-52.658692,-28.6120738],[-52.663178,-28.6128372]],[[-52.663178,-28.6128372],[-52.6578768,-28.613429],[-52.6570425,-28.6205737]],[[-52.6176101,-28.6416639],[-52.615797,-28.6368143],[-52.6130241,-28.6370074],[-52.6075804,-28.6401025]],[[-52.5685008,-28.6530813],[-52.5605388,-28.6522616]],[[-52.5443822,-28.5642891],[-52.5461732,-28.547378]],[[-52.5522635,-28.54319],[-52.5523154,-28.5297975]],[[-54.1106614,-27.3049483],[-54.1548951,-27.2968585],[-54.1601748,-27.2875657],[-54.1557689,-27.2690029],[-54.1654857,-27.2540783],[-54.1865574,-27.2649093],[-54.1941977,-27.2923262],[-54.1933396,-27.3084602],[-54.2086263,-27.3359559],[-54.2133115,-27.3512444],[-54.2130297,-27.3751343],[-54.2174239,-27.3850045]],[[-54.1874507,-27.4011917],[-54.195192,-27.4057863],[-54.1844713,-27.412335],[-54.1731189,-27.4120958],[-54.1701084,-27.4112228],[-54.1682272,-27.4056372],[-54.1686433,-27.4017119],[-54.1706999,-27.3977865]],[[-54.0441251,-27.4566322],[-54.0313201,-27.4535975]],[[-54.0313201,-27.4535975],[-54.0253318,-27.4507768],[-54.0137749,-27.4203689],[-54.023406,-27.4037734]],[[-54.023406,-27.4037734],[-54.0277642,-27.3961858]],[[-54.3917844,-29.4373039],[-54.3936598,-29.4510849],[-54.3951328,-29.4522977]],[[-54.3456696,-29.550035],[-54.3342129,-29.5456822]],[[-54.2073495,-29.4275792],[-54.2129085,-29.425195]],[[-49.803138,-29.4431452],[-49.715804,-29.3324012],[-49.7435636,-29.3197173],[-49.7420974,-29.2988203],[-49.7759297,-29.2974099],[-49.7905422,-29.2858847],[-49.8173798,-29.2856538],[-49.8291634,-29.2759812],[-49.8435082,-29.277842],[-49.8417283,-29.2605306],[-49.8522,-29.2536409],[-49.8571037,-29.2330584],[-49.8692354,-29.2244388],[-49.8906207,-29.2193479],[-49.9000376,-29.2223948]],[[-49.8971388,-29.2817592],[-49.8886209,-29.3124049]],[[-50.1703142,-30.097064],[-50.130047,-30.0046738],[-50.1192447,-29.9761698]],[[-52.1586763,-29.2138807],[-52.1633947,-29.2181427]],[[-52.1633947,-29.2181427],[-52.1581157,-29.2216832]],[[-52.0335068,-29.3287614],[-52.0370135,-29.3286759]],[[-52.0370135,-29.3286759],[-52.0366273,-29.262998]],[[-52.1122366,-29.2706303],[-52.1134383,-29.2316686]],[[-52.1941909,-27.4083613],[-52.2291894,-27.4078953]],[[-52.2291894,-27.4078953],[-52.2264623,-27.410459]],[[-52.2417757,-27.4750419],[-52.2386655,-27.4823506]],[[-52.1856542,-27.5681419],[-52.1871035,-27.5436066]],[[-52.1069521,-27.5075199],[-52.0783354,-27.5065612]],[[-52.0783354,-27.5065612],[-52.0670312,-27.4917269]],[[-52.0670312,-27.4917269],[-52.0670683,-27.4802703]],[[-49.8922743,-29.3770226],[-49.8906945,-29.372252]],[[-50.0322683,-29.4224244],[-50.0484168,-29.4330217],[-50.0633673,-29.4534585],[-50.0774607,-29.4638091],[-50.0566254,-29.4795649],[-50.0244797,-29.4826194],[-50.0131488,-29.5026812],[-50.0249409,-29.5168079],[-50.0042484,-29.5368852]],[[-50.0042484,-29.5368852],[-49.9922579,-29.5322746]],[[-50.6844388,-29.4076537],[-50.6916955,-29.4025877]],[[-50.7706116,-29.4409431],[-50.7884633,-29.4389614]],[[-50.8970368,-29.4986121],[-50.9074157,-29.5002127]],[[-50.9074157,-29.5002127],[-50.9080771,-29.5162796]],[[-50.7155638,-29.5163576],[-50.7128307,-29.5105434]],[[-50.7047408,-29.4245342],[-50.6844388,-29.4076537]],[[-54.1964559,-27.6014167],[-54.1999824,-27.5912239]],[[-54.2784334,-27.6727461],[-54.2847537,-27.6754246]],[[-54.2847537,-27.6754246],[-54.324636,-27.6944187],[-54.3519925,-27.6953057],[-54.3641288,-27.6909915],[-54.3855763,-27.6981915],[-54.4208774,-27.7021359]],[[-54.3377578,-27.8216235],[-54.327204,-27.823134]],[[-54.1616454,-27.8011611],[-54.1567069,-27.7964373]],[[-54.1686789,-27.6915579],[-54.1635676,-27.6743307]],[[-54.1688183,-27.611514],[-54.1813835,-27.6168352],[-54.1869082,-27.6160741],[-54.196708,-27.6043106]],[[-50.080554,-29.541989],[-50.0741722,-29.5455394]],[[-50.0143955,-29.541118],[-50.0042484,-29.5368852]],[[-50.0170485,-29.3461055],[-50.0238225,-29.3441002],[-50.0277918,-29.3447554],[-50.0300545,-29.3425137]],[[-50.0327853,-29.3455465],[-50.0421584,-29.3532484]],[[-50.0754535,-29.3590072],[-50.0895411,-29.3468535]],[[-52.7705233,-27.58601],[-52.7823017,-27.5843724],[-52.7987361,-27.5957997],[-52.8202999,-27.5969149],[-52.8325981,-27.5748364],[-52.8439315,-27.5637478],[-52.8488703,-27.5445134],[-52.8644508,-27.5528256],[-52.8919969,-27.5491129],[-52.9070071,-27.5630527],[-52.9232603,-27.56447],[-52.9640068,-27.5769099]],[[-52.9640068,-27.5769099],[-52.9536699,-27.5920322]],[[-52.9216322,-27.6095811],[-52.9170691,-27.6093967]],[[-52.7547182,-27.6248371],[-52.7568903,-27.6130918]],[[-52.7341958,-27.5909535],[-52.734549,-27.5879459]],[[-52.7681065,-27.5847525],[-52.7705233,-27.58601]],[[-54.0249128,-27.4002293],[-54.023406,-27.4037734]],[[-54.0313201,-27.4535975],[-54.0355987,-27.4559934]],[[-53.9794249,-27.5231941],[-53.9813724,-27.5242376]],[[-53.9107408,-27.5276668],[-53.9063285,-27.5297684]],[[-53.8273424,-27.4891564],[-53.8308377,-27.4877143],[-53.8332984,-27.4821978],[-53.8258627,-27.4716045],[-53.8275032,-27.4687042]],[[-53.8273678,-27.442304],[-53.8255759,-27.4389533],[-53.8358474,-27.4370568],[-53.8447199,-27.4414445],[-53.8470457,-27.4407493],[-53.8514083,-27.4291198],[-53.8515849,-27.4245161],[-53.8504568,-27.4209346],[-53.8458729,-27.4162088],[-53.855798,-27.406777],[-53.8591473,-27.4078072],[-53.8647256,-27.413246]],[[-53.8748286,-27.3996862],[-53.8841412,-27.3875055],[-53.8985656,-27.3874297]],[[-53.8941748,-27.3467169],[-53.9085237,-27.3310404],[-53.9116479,-27.3254716]],[[-53.0293774,-27.4581582],[-53.0354595,-27.453981]],[[-52.9626965,-27.5810951],[-52.9640068,-27.5769099]],[[-52.7705233,-27.58601],[-52.7610172,-27.5795571]],[[-52.8027997,-27.4997483],[-52.7999744,-27.4961671]],[[-52.812559,-27.5032454],[-52.824617,-27.5025871]],[[-53.0066745,-27.4662854],[-53.019377,-27.4595355]],[[-51.6418906,-29.6357715],[-51.6484838,-29.6386638]],[[-51.6560061,-29.6432272],[-51.6622528,-29.6459787]],[[-51.7161786,-29.8580595],[-51.7159113,-29.8623887]],[[-51.7281009,-29.9461346],[-51.7190031,-29.9494547]],[[-51.7051361,-29.9493611],[-51.6643413,-29.9448097],[-51.6330257,-29.9471566]],[[-51.6330257,-29.9471566],[-51.6027133,-29.9442155]],[[-51.4395125,-29.9808852],[-51.4282606,-29.9853942]],[[-51.3558873,-29.8412408],[-51.3667419,-29.8373343]],[[-54.4176598,-27.5508178],[-54.4202762,-27.5506473],[-54.4235921,-27.5474592],[-54.4485971,-27.5656474]],[[-54.5666969,-27.6308421],[-54.562407,-27.6354091]],[[-54.562407,-27.6354091],[-54.5565876,-27.6351781],[-54.5438745,-27.6323986],[-54.5364494,-27.6448472],[-54.5387564,-27.6555234],[-54.5181227,-27.6564422],[-54.4888958,-27.6501684],[-54.4935363,-27.6612487],[-54.4693769,-27.6623523],[-54.4480353,-27.6770373],[-54.442797,-27.7067501]],[[-54.2847537,-27.6754246],[-54.2939476,-27.6780844]],[[-54.3987415,-27.5699881],[-54.4127063,-27.5631527]],[[-52.8527796,-29.0395863],[-52.856043,-29.0435456],[-52.8579364,-29.0433524]],[[-52.9982524,-29.1267078],[-52.9911697,-29.1451798]],[[-52.9192173,-29.183361],[-52.9170002,-29.1856802],[-52.9180616,-29.1900049]],[[-52.8838058,-29.205739],[-52.8833043,-29.1978161]],[[-52.7927154,-29.1174051],[-52.7909724,-29.117126]],[[-52.8033747,-29.0431327],[-52.8103724,-29.0414024]],[[-51.5857871,-27.8938835],[-51.5901958,-27.9011769]],[[-51.6158486,-27.9692599],[-51.6085361,-27.9730095]],[[-51.4601508,-27.949232],[-51.4579935,-27.9242092],[-51.4598942,-27.9056671],[-51.4633937,-27.8933106]],[[-53.9061035,-28.8115366],[-53.9036522,-28.8151524]],[[-54.2330912,-28.9253322],[-54.2610988,-28.9125509],[-54.2655266,-28.9115859],[-54.2706612,-28.9129846]],[[-54.3167196,-28.9286598],[-54.3288843,-28.9310776],[-54.3406248,-28.9292155]],[[-54.3777217,-29.004479],[-54.3863915,-29.0086259]],[[-54.4352113,-29.0901225],[-54.4269721,-29.0893505]],[[-54.3667355,-29.1874713],[-54.3658805,-29.1867068]],[[-54.0727884,-29.1973819],[-54.0700593,-29.1987601]],[[-53.9207584,-29.2189563],[-53.9199147,-29.22067]],[[-53.5648719,-28.9677478],[-53.5682285,-28.9543352]],[[-53.7871075,-28.8091961],[-53.799362,-28.803307]],[[-51.4731839,-29.4373428],[-51.4702005,-29.4410398]],[[-51.3994423,-29.5242482],[-51.393125,-29.5203053]],[[-51.4054181,-29.4451993],[-51.4035057,-29.4334766]],[[-54.5851534,-27.5970163],[-54.592806,-27.602061]],[[-54.6677628,-27.6456911],[-54.6700417,-27.6480427]],[[-54.562407,-27.6354091],[-54.5716698,-27.6267561]],[[-52.016533,-31.5977553],[-52.0109422,-31.5941349],[-52.0179349,-31.5403383],[-52.009507,-31.5029545],[-52.0163775,-31.5035561]],[[-54.6136825,-27.9368231],[-54.6162168,-27.9363517]],[[-54.7177721,-28.0136241],[-54.7177751,-28.0100769]],[[-54.7177751,-28.0100769],[-54.7191585,-28.0093491],[-54.7327203,-28.010303]],[[-54.7382225,-28.0585722],[-54.7295011,-28.0559668],[-54.7208999,-28.0596451]],[[-54.6967573,-28.0675424],[-54.7008038,-28.062798]],[[-54.6270351,-28.093635],[-54.5847266,-28.0936657]],[[-54.5954124,-27.9438137],[-54.5990966,-27.9450798]],[[-51.9869232,-28.7214663],[-51.9860635,-28.7068865]],[[-52.079758,-28.7406526],[-52.0723334,-28.7429102]],[[-52.0609686,-28.8057867],[-52.0655774,-28.8131868]],[[-52.0169593,-28.8419146],[-52.0103192,-28.8362562]],[[-51.958922,-28.7613256],[-51.98519,-28.7634487]],[[-55.0717669,-28.9402898],[-55.0729246,-28.9326862]],[[-55.3194959,-28.953957],[-55.322323,-28.9602332]],[[-55.2911065,-28.9845462],[-55.2855925,-28.9978817]],[[-55.3108458,-29.2028856],[-55.3125719,-29.2047829]],[[-55.1382158,-29.1970016],[-55.1323537,-29.1984171]],[[-56.7799557,-29.4199553],[-56.7795004,-29.4373726],[-56.7969515,-29.4490669],[-56.8082103,-29.4731112],[-56.8220924,-29.4900248],[-56.8608157,-29.5073469],[-56.9019617,-29.5338167],[-56.9295372,-29.5662151],[-56.9509178,-29.5806873],[-56.9678003,-29.6017949],[-56.972085,-29.6173009],[-56.9672866,-29.6300705],[-56.9711484,-29.6434064],[-57.0009237,-29.6519146],[-57.0211046,-29.6833173],[-57.0454756,-29.7015859],[-57.0997221,-29.7483201],[-57.1319054,-29.7701601],[-57.172021,-29.7806849],[-57.2210531,-29.7763015],[-57.2354002,-29.7807884],[-57.2677522,-29.8094551],[-57.2821785,-29.8172883],[-57.2978169,-29.8347292],[-57.3245789,-29.8728178],[-57.329688,-29.8876354],[-57.3240796,-29.9217294],[-57.3281268,-29.9719449]],[[-57.1213958,-30.1092431],[-57.1135592,-30.114524],[-57.0911998,-30.1132395],[-57.0782815,-30.0915162],[-57.067139,-30.0911852],[-57.044805,-30.1057389],[-57.0313321,-30.1021438],[-57.0238981,-30.0875422],[-56.9934426,-30.0857118],[-56.9774231,-30.0975546],[-56.9555809,-30.1011449],[-56.932416,-30.0939369],[-56.9177737,-30.0962017],[-56.9026295,-30.1123408],[-56.8888888,-30.0891085],[-56.8745412,-30.0862486],[-56.8241669,-30.0956445],[-56.8063679,-30.1044472],[-56.7994498,-30.1222997],[-56.780271,-30.1266304],[-56.7840054,-30.1511656],[-56.7729992,-30.1642629],[-56.7609133,-30.1604453],[-56.7297856,-30.1717041],[-56.7083946,-30.1881321],[-56.6962503,-30.2050544],[-56.6636787,-30.1974266],[-56.6581046,-30.2012909]],[[-50.7490849,-28.2485316],[-50.7621415,-28.1914253],[-50.7807726,-28.200995],[-50.7894101,-28.1972183],[-50.782816,-28.175983],[-50.7927077,-28.1578468],[-50.7846589,-28.1465275],[-50.7940761,-28.1386404],[-50.8137868,-28.1415602],[-50.8229154,-28.1364578],[-50.8259371,-28.1217127],[-50.8367577,-28.1194],[-50.858991,-28.1397055],[-50.8719685,-28.13742],[-50.8691838,-28.1164215],[-50.8759188,-28.0950754],[-50.8993599,-28.0896556],[-50.8984814,-28.075516],[-50.8813874,-28.0672564],[-50.8753996,-28.0401999],[-50.8923361,-28.021156],[-50.9232384,-28.0119878],[-50.9278712,-27.9905825],[-50.9239682,-27.9716546],[-50.944802,-27.9678114],[-50.9904309,-27.9427778],[-51.0015178,-27.963165]],[[-51.1484364,-28.5553105],[-51.1522578,-28.5613876]],[[-51.1234388,-28.5569735],[-51.1175834,-28.555721],[-51.0948034,-28.5841313]],[[-51.0219693,-28.6309208],[-51.0212974,-28.6387795],[-51.011731,-28.6410742],[-51.0093896,-28.6441525],[-51.0174186,-28.6544018]],[[-50.958394,-28.7902523],[-50.9510704,-28.7865871],[-50.9425452,-28.7858518]],[[-52.0374171,-29.7037711],[-52.0410554,-29.7105141]],[[-52.0410554,-29.7105141],[-52.0580302,-29.7262763],[-52.0826834,-29.7199363],[-52.1034295,-29.724749],[-52.1183737,-29.722987]],[[-52.1183737,-29.722987],[-52.1221306,-29.7255692]],[[-52.1806577,-29.822975],[-52.1771205,-29.8271128]],[[-52.7741859,-29.4423067],[-52.7707223,-29.4475947]],[[-52.7920778,-29.4839587],[-52.7982042,-29.4955049]],[[-52.5992895,-29.737941],[-52.5987226,-29.7297864]],[[-52.5987226,-29.7297864],[-52.6061543,-29.7091143],[-52.5953005,-29.6959008],[-52.5991846,-29.6883236],[-52.6228117,-29.6727762],[-52.6142616,-29.6535599],[-52.6223854,-29.6063708]],[[-52.6223854,-29.6063708],[-52.6193022,-29.553842]],[[-52.67971,-29.5016325],[-52.6816366,-29.498131]],[[-51.2627447,-29.295138],[-51.2784261,-29.2949424]],[[-51.2637713,-29.3131488],[-51.2621019,-29.3157826]],[[-51.2758828,-29.4041621],[-51.2803171,-29.4048342]],[[-51.2278845,-29.3885189],[-51.2238417,-29.3899721]],[[-51.2076597,-29.3689106],[-51.2133069,-29.3572127]],[[-51.9059886,-28.4673624],[-51.9017858,-28.4702715]],[[-51.9112222,-28.4808192],[-51.9124039,-28.4843496]],[[-51.8028121,-28.5377461],[-51.7989318,-28.5317478]],[[-51.7989318,-28.5317478],[-51.7863734,-28.531273]],[[-51.7811956,-28.478508],[-51.7826032,-28.4716908]],[[-52.4622631,-29.3739547],[-52.462479,-29.3761798]],[[-52.4348485,-29.3783165],[-52.4345115,-29.3765617]],[[-52.3052951,-29.6716426],[-52.2955168,-29.6772184]],[[-52.1220699,-29.7238376],[-52.1183737,-29.722987]],[[-52.0410554,-29.7105141],[-52.0360884,-29.7024248]],[[-51.981922,-29.6530649],[-51.9698612,-29.6336446]],[[-52.1558007,-29.4769022],[-52.1599408,-29.4746862]],[[-52.3141901,-29.3968983],[-52.3211089,-29.3919765]],[[-52.6205213,-29.5807621],[-52.6223854,-29.6063708]],[[-52.5987226,-29.7297864],[-52.5991642,-29.7399647]],[[-52.5779488,-29.7941781],[-52.5792987,-29.7965873]],[[-52.4785083,-29.8718801],[-52.4771602,-29.8732616]],[[-52.5636349,-29.5847602],[-52.5842931,-29.5856955]],[[-51.4559036,-28.886445],[-51.5330207,-28.8872209],[-51.5342477,-28.8788629],[-51.5594574,-28.8798094],[-51.5594101,-28.8918251],[-51.5752455,-28.8958128],[-51.5835276,-28.8863238]],[[-51.5835276,-28.8863238],[-51.6231453,-28.8863967]],[[-51.6937005,-28.9317813],[-51.6274651,-28.9275395]],[[-51.5630218,-29.0280262],[-51.5557156,-29.0172657],[-51.5531627,-29.0156526],[-51.5487496,-29.0156635],[-51.5391201,-29.01731],[-51.534243,-29.0201485],[-51.5342592,-29.0230696],[-51.5439066,-29.0359381]],[[-51.5103899,-29.0819455],[-51.5015742,-29.0781588]],[[-51.5015742,-29.0781588],[-51.4979652,-29.0548777],[-51.5006727,-29.0522522],[-51.519785,-29.0448142]],[[-51.519785,-29.0448142],[-51.521185,-29.0308355],[-51.5122271,-29.0246848]],[[-51.4772475,-29.0218526],[-51.4783793,-29.0119789],[-51.4766138,-29.009392]],[[-51.466027,-28.8920419],[-51.4559036,-28.886445]],[[-51.8140991,-29.0145116],[-51.8516041,-29.0258081]],[[-51.918325,-29.0228589],[-51.9174661,-29.0340917]],[[-51.9263434,-29.0683879],[-51.9277242,-29.0963584],[-51.9118521,-29.0995606]],[[-51.9080109,-29.1033668],[-51.8938089,-29.1067156]],[[-51.7796343,-29.094241],[-51.8083994,-29.0817241]],[[-52.0297512,-27.4359381],[-52.0288067,-27.4545303]],[[-52.066648,-27.4539183],[-52.0670312,-27.4917269]],[[-52.0783354,-27.5065612],[-52.0887963,-27.5076832]],[[-52.0412028,-27.6455164],[-52.037355,-27.6440903]],[[-51.9959432,-27.6693126],[-51.9963647,-27.6852193],[-51.9971765,-27.6862984],[-52.0013557,-27.6856854],[-52.00126,-27.6944669],[-51.9975579,-27.6991177]],[[-51.9821501,-27.7203911],[-51.9734792,-27.6730166]],[[-51.8964017,-27.6521584],[-51.8993472,-27.6485461]],[[-50.9599545,-29.9787504],[-50.9621891,-29.9898954],[-50.9731837,-29.9950439],[-50.9862368,-29.9950679]],[[-51.0697735,-30.0515058],[-51.0908687,-30.0474106]],[[-51.0628966,-30.2596116],[-51.0275339,-30.2781791],[-51.0198014,-30.2965085],[-51.0316023,-30.3338706],[-51.0498171,-30.3445907],[-51.0412947,-30.3663749],[-51.0474,-30.381496],[-51.0130056,-30.3896626],[-50.9734084,-30.4076171],[-50.930037,-30.4357706],[-50.9376096,-30.4068671],[-50.9385533,-30.3750991],[-50.9270362,-30.3381587],[-50.914836,-30.3263913],[-50.844017,-30.3207571],[-50.79698,-30.3383821],[-50.7889009,-30.3333682],[-50.7948677,-30.3123488],[-50.7820086,-30.2847728],[-50.7507312,-30.2967072],[-50.7215007,-30.2993166],[-50.6732441,-30.2966408],[-50.6561419,-30.2859811],[-50.6688927,-30.2548818],[-50.6588881,-30.1999233],[-50.644324,-30.1922431],[-50.6208196,-30.1984063]],[[-50.6580639,-30.0467255],[-50.65448,-30.0436989]],[[-50.7178536,-29.978934],[-50.7315784,-29.9806752]],[[-50.7673343,-29.9921715],[-50.8276221,-29.999826]],[[-50.9446874,-29.9702823],[-50.949306,-29.9662804]],[[-53.3224609,-27.2098944],[-53.3201455,-27.1968148],[-53.3090173,-27.181611],[-53.2943237,-27.1473483],[-53.2973424,-27.1307878],[-53.3105657,-27.1203318],[-53.3396827,-27.121448],[-53.3533047,-27.1153807],[-53.3662767,-27.0931009],[-53.37639,-27.0914656],[-53.3943562,-27.1105606],[-53.4001322,-27.1275759],[-53.4154057,-27.1434152],[-53.4318318,-27.1462284],[-53.4576158,-27.1571519],[-53.4750467,-27.1403073],[-53.4928229,-27.1323782],[-53.50556,-27.136894],[-53.5043127,-27.1633169],[-53.4897305,-27.1804293],[-53.4881673,-27.1937732]],[[-53.3533613,-27.2369959],[-53.3514019,-27.239832],[-53.3412505,-27.2413519],[-53.3397194,-27.2404408],[-53.3399395,-27.2347768],[-53.3352732,-27.2340887],[-53.3299187,-27.2360345],[-53.3331907,-27.2268397]],[[-52.6259972,-28.4106626],[-52.6243487,-28.4132866]],[[-52.6886006,-28.4647969],[-52.6936029,-28.4707047]],[[-52.7571658,-28.541096],[-52.76297,-28.5447658]],[[-52.7657339,-28.6234815],[-52.761596,-28.6287314]],[[-52.7643526,-28.6532261],[-52.7692486,-28.6475987]],[[-52.7144655,-28.6838241],[-52.725947,-28.6720115],[-52.7210849,-28.6659645],[-52.7065732,-28.6682517]],[[-52.660573,-28.6116305],[-52.658692,-28.6120738]],[[-52.6202518,-28.523881],[-52.6178453,-28.5147384]],[[-52.5983907,-28.4530257],[-52.5925773,-28.4447524],[-52.5890786,-28.4353626],[-52.5896359,-28.4266643],[-52.5921086,-28.4230109]],[[-51.5752397,-28.8333708],[-51.6671822,-28.8348385]],[[-51.6207779,-28.886391],[-51.5835276,-28.8863238]],[[-51.4559036,-28.886445],[-51.458826,-28.8794788]],[[-51.4596544,-28.861812],[-51.4764824,-28.849713]],[[-51.4933545,-28.8291691],[-51.4937395,-28.8236352]],[[-52.1241963,-28.0240927],[-52.1317144,-28.0312503]],[[-52.2026459,-28.1740481],[-52.2048958,-28.1801733]],[[-52.1449557,-28.2413419],[-52.1439616,-28.2428144]],[[-52.0833724,-28.1177287],[-52.0867255,-28.1164911]],[[-52.1557631,-28.6389907],[-52.1567444,-28.6496751],[-52.1475723,-28.6668996]],[[-52.1022844,-28.6648636],[-52.1103452,-28.6558107]],[[-52.091649,-28.6288232],[-52.0987042,-28.5480429]],[[-52.0971211,-28.5407385],[-52.0902536,-28.535674]],[[-52.0885605,-28.4956238],[-52.0898852,-28.4942713]],[[-53.9497863,-30.2080694],[-53.9619831,-30.214646]],[[-53.850907,-30.4807517],[-53.8452391,-30.4829775]],[[-53.5496336,-27.2362583],[-53.5607192,-27.2426813]],[[-53.5607192,-27.2426813],[-53.5591206,-27.2565004]],[[-53.5313042,-27.3837291],[-53.5319828,-27.3874493]],[[-53.4632246,-27.3646882],[-53.4606472,-27.3558703],[-53.4604278,-27.3499742],[-53.4622806,-27.342088],[-53.463233,-27.340973],[-53.4665023,-27.3415984],[-53.4713713,-27.339099]],[[-53.4917083,-27.3024349],[-53.4951006,-27.2882887]],[[-51.8335889,-28.7782056],[-51.8365747,-28.7857466]],[[-51.7546756,-28.8359849],[-51.7121155,-28.8354624]],[[-53.7078522,-27.199475],[-53.7069284,-27.1982648]],[[-53.7636138,-27.27901],[-53.7601529,-27.2802576]],[[-53.6681528,-27.3176691],[-53.6625567,-27.3029707]],[[-53.6460492,-27.261163],[-53.6517249,-27.2537116]],[[-54.532838,-28.2777396],[-54.5438745,-28.2704406]],[[-54.569382,-28.2801231],[-54.5696572,-28.2980712]],[[-54.5507327,-28.363936],[-54.552053,-28.3636202]],[[-54.5418242,-28.3993831],[-54.5322792,-28.4104594]],[[-54.4677086,-28.4861019],[-54.4633203,-28.4886528]],[[-54.3716339,-28.3509101],[-54.3725183,-28.3367743]],[[-51.7274541,-29.3694054],[-51.7278921,-29.362164]],[[-51.7766483,-29.3879776],[-51.7810568,-29.3879437]],[[-51.6912053,-29.4150698],[-51.6910799,-29.3713727]],[[-50.0551647,-29.7615948],[-50.0625966,-29.768262]],[[-50.1085265,-29.7841023],[-50.1132035,-29.7855777]],[[-50.0636596,-29.8600481],[-50.0176114,-29.7724712]]],"bbox":[-57.6326603,-33.751178,-49.6913518,-27.082302]}
