{"type":"Topology","objects":{"geometrias":{"type":"GeometryCollection","geometries":[{"type":"Polygon","arcs":[[0,1,2,3,4,5,6,7,8,9,10,11]],"properties":{"code_muni":1700251,"abbrev_state":"TO","name_state":"Tocantins","name_region":"Norte","name_muni":"Abreulândia","code_state":17,"code_region":1,"year":2020}},{"type":"Polygon","arcs":[[12,13,14,15,16,17,18,19,20]],"properties":{"code_muni":1700301,"abbrev_state":"TO","name_state":"Tocantins","name_region":"Norte","name_muni":"Aguiarnópolis","code_state":17,"code_region":1,"year":2020}},{"type":"Polygon","arcs":[[21,22,23,24,25,26,27,28,29,30,31,32]],"properties":{"code_muni":1700350,"abbrev_state":"TO","name_state":"Tocantins","name_region":"Norte","name_muni":"Aliança do Tocantins","code_state":17,"code_region":1,"year":2020}},{"type":"Polygon","arcs":[[33,34,35,36,37,38,39,40,41,42,43,44,45,46,47,48]],"properties":{"code_muni":1700400,"abbrev_state":"TO","name_state":"Tocantins","name_region":"Norte","name_muni":"Almas","code_state":17,"code_region":1,"year":2020}},{"type":"Polygon","arcs":[[49,50,51,52,53,54,55,56,57,58,59,60]],"properties":{"code_muni":1700707,"abbrev_state":"TO","name_state":"Tocantins","name_region":"Norte","name_muni":"Alvorada","code_state":17,"code_region":1,"year":2020}},{"type":"Polygon","arcs":[[61,62,63,64,65,66,67,68,69,70,71,72,73,74,75]],"properties":{"code_muni":1701002,"abbrev_state":"TO","name_state":"Tocantins","name_region":"Norte","name_muni":"Ananás","code_state":17,"code_region":1,"year":2020}},{"type":"Polygon","arcs":[[76,-66,77,78,79,80,81,82,83,84]],"properties":{"code_muni":1701051,"abbrev_state":"TO","name_state":"Tocantins","name_region":"Norte","name_muni":"Angico","code_state":17,"code_region":1,"year":2020}},{"type":"Polygon","arcs":[[85,86,87,88,89,90,91,92,93,94,95,96]],"properties":{"code_muni":1701101,"abbrev_state":"TO","name_state":"Tocantins","name_region":"Norte","name_muni":"Aparecida do Rio Negro","code_state":17,"code_region":1,"year":2020}},{"type":"Polygon","arcs":[[97,98,99,100,101,102,103,104]],"properties":{"code_muni":1701309,"abbrev_state":"TO","name_state":"Tocantins","name_region":"Norte","name_muni":"Aragominas","code_state":17,"code_region":1,"year":2020}},{"type":"Polygon","arcs":[[105,106,107,-4,108,-2,109,110,111,112,113,114,115]],"properties":{"code_muni":1701903,"abbrev_state":"TO","name_state":"Tocantins","name_region":"Norte","name_muni":"Araguacema","code_state":17,"code_region":1,"year":2020}},{"type":"Polygon","arcs":[[116,117,118,119,120,121,122,123]],"properties":{"code_muni":1702000,"abbrev_state":"TO","name_state":"Tocantins","name_region":"Norte","name_muni":"Araguaçu","code_state":17,"code_region":1,"year":2020}},{"type":"Polygon","arcs":[[124,125,126,127,128,-101,129,130,131,132,133,134,135,136,137,138,139,140,141,142,143,144]],"properties":{"code_muni":1702109,"abbrev_state":"TO","name_state":"Tocantins","name_region":"Norte","name_muni":"Araguaína","code_state":17,"code_region":1,"year":2020}},{"type":"Polygon","arcs":[[145,-105,146,147,148,149,150,151]],"properties":{"code_muni":1702158,"abbrev_state":"TO","name_state":"Tocantins","name_region":"Norte","name_muni":"Araguanã","code_state":17,"code_region":1,"year":2020}},{"type":"Polygon","arcs":[[152,153,154,155,156,-76,157,158,159,160,161,162,163,164,165,166,167,168,169,170,171]],"properties":{"code_muni":1702208,"abbrev_state":"TO","name_state":"Tocantins","name_region":"Norte","name_muni":"Araguatins","code_state":17,"code_region":1,"year":2020}},{"type":"Polygon","arcs":[[172,173,174,175,176,177]],"properties":{"code_muni":1702307,"abbrev_state":"TO","name_state":"Tocantins","name_region":"Norte","name_muni":"Arapoema","code_state":17,"code_region":1,"year":2020}},{"type":"Polygon","arcs":[[178,179,180,181,182,183,184,185,186,187,188,189,190,191,192,193,194,195,196,197,198,199,200]],"properties":{"code_muni":1702406,"abbrev_state":"TO","name_state":"Tocantins","name_region":"Norte","name_muni":"Arraias","code_state":17,"code_region":1,"year":2020}},{"type":"Polygon","arcs":[[201,202,203,-168,204,205,206,207,208,209]],"properties":{"code_muni":1702554,"abbrev_state":"TO","name_state":"Tocantins","name_region":"Norte","name_muni":"Augustinópolis","code_state":17,"code_region":1,"year":2020}},{"type":"Polygon","arcs":[[210,211,212,213,-194,214,215,216,217,218,219,220]],"properties":{"code_muni":1702703,"abbrev_state":"TO","name_state":"Tocantins","name_region":"Norte","name_muni":"Aurora do Tocantins","code_state":17,"code_region":1,"year":2020}},{"type":"Polygon","arcs":[[-206,221,-166,222,223,224,225]],"properties":{"code_muni":1702901,"abbrev_state":"TO","name_state":"Tocantins","name_region":"Norte","name_muni":"Axixá do Tocantins","code_state":17,"code_region":1,"year":2020}},{"type":"Polygon","arcs":[[226,227,-142,228,229,230,231,232]],"properties":{"code_muni":1703008,"abbrev_state":"TO","name_state":"Tocantins","name_region":"Norte","name_muni":"Babaçulândia","code_state":17,"code_region":1,"year":2020}},{"type":"Polygon","arcs":[[233,-176,234,235,236,237,238,239,240,241,242,243,244,245,246,247,248,249,250,251,252,253]],"properties":{"code_muni":1703057,"abbrev_state":"TO","name_state":"Tocantins","name_region":"Norte","name_muni":"Bandeirantes do Tocantins","code_state":17,"code_region":1,"year":2020}},{"type":"Polygon","arcs":[[254,255,256,257,258,259,260,261,262,263]],"properties":{"code_muni":1703073,"abbrev_state":"TO","name_state":"Tocantins","name_region":"Norte","name_muni":"Barra do Ouro","code_state":17,"code_region":1,"year":2020}},{"type":"Polygon","arcs":[[264,265,266,267,268,269,270,271,272,273,274]],"properties":{"code_muni":1703107,"abbrev_state":"TO","name_state":"Tocantins","name_region":"Norte","name_muni":"Barrolândia","code_state":17,"code_region":1,"year":2020}},{"type":"Polygon","arcs":[[275,276,277,278,279,280,281,282,283,-237,284,285,-174]],"properties":{"code_muni":1703206,"abbrev_state":"TO","name_state":"Tocantins","name_region":"Norte","name_muni":"Bernardo Sayão","code_state":17,"code_region":1,"year":2020}},{"type":"Polygon","arcs":[[286,287,288,289,290,291,292]],"properties":{"code_muni":1703305,"abbrev_state":"TO","name_state":"Tocantins","name_region":"Norte","name_muni":"Bom Jesus do Tocantins","code_state":17,"code_region":1,"year":2020}},{"type":"Polygon","arcs":[[293,294,295,-248,296,297,298,299,300,301,302]],"properties":{"code_muni":1703602,"abbrev_state":"TO","name_state":"Tocantins","name_region":"Norte","name_muni":"Brasilândia do Tocantins","code_state":17,"code_region":1,"year":2020}},{"type":"Polygon","arcs":[[303,304,305,306,307,308,309,310,-33,311,312,313,314,315,316,317,318]],"properties":{"code_muni":1703701,"abbrev_state":"TO","name_state":"Tocantins","name_region":"Norte","name_muni":"Brejinho de Nazaré","code_state":17,"code_region":1,"year":2020}},{"type":"Polygon","arcs":[[319,320,-170,321,-203,322,323,324,325]],"properties":{"code_muni":1703800,"abbrev_state":"TO","name_state":"Tocantins","name_region":"Norte","name_muni":"Buriti do Tocantins","code_state":17,"code_region":1,"year":2020}},{"type":"Polygon","arcs":[[326,-72,327,328,329,330,331]],"properties":{"code_muni":1703826,"abbrev_state":"TO","name_state":"Tocantins","name_region":"Norte","name_muni":"Cachoeirinha","code_state":17,"code_region":1,"year":2020}},{"type":"Polygon","arcs":[[332,333,334,335,336,337]],"properties":{"code_muni":1703842,"abbrev_state":"TO","name_state":"Tocantins","name_region":"Norte","name_muni":"Campos Lindos","code_state":17,"code_region":1,"year":2020}},{"type":"Polygon","arcs":[[338,339,340,341,342,343,344,345,346,347,348,349,350,351,352,353]],"properties":{"code_muni":1703867,"abbrev_state":"TO","name_state":"Tocantins","name_region":"Norte","name_muni":"Cariri do Tocantins","code_state":17,"code_region":1,"year":2020}},{"type":"Polygon","arcs":[[354,-103,355,-128,356,-126,357,358,359,-148]],"properties":{"code_muni":1703883,"abbrev_state":"TO","name_state":"Tocantins","name_region":"Norte","name_muni":"Carmolândia","code_state":17,"code_region":1,"year":2020}},{"type":"Polygon","arcs":[[360,-325,361,362]],"properties":{"code_muni":1703891,"abbrev_state":"TO","name_state":"Tocantins","name_region":"Norte","name_muni":"Carrasco Bonito","code_state":17,"code_region":1,"year":2020}},{"type":"Polygon","arcs":[[-107,363,364,365,366,367,368,369,370,371,-6,372]],"properties":{"code_muni":1703909,"abbrev_state":"TO","name_state":"Tocantins","name_region":"Norte","name_muni":"Caseara","code_state":17,"code_region":1,"year":2020}},{"type":"Polygon","arcs":[[373,374,375,-292,376,377,378,379,380,381,382,383,384,385,386,387,388,389]],"properties":{"code_muni":1704105,"abbrev_state":"TO","name_state":"Tocantins","name_region":"Norte","name_muni":"Centenário","code_state":17,"code_region":1,"year":2020}},{"type":"Polygon","arcs":[[390,391,392,393,394,395,396,397,398,399]],"properties":{"code_muni":1704600,"abbrev_state":"TO","name_state":"Tocantins","name_region":"Norte","name_muni":"Chapada de Areia","code_state":17,"code_region":1,"year":2020}},{"type":"Polygon","arcs":[[400,401,402,403,404,405,406,407,408,409,410,411,412,413,414,415,416,417,418,419]],"properties":{"code_muni":1705102,"abbrev_state":"TO","name_state":"Tocantins","name_region":"Norte","name_muni":"Chapada da Natividade","code_state":17,"code_region":1,"year":2020}},{"type":"Polygon","arcs":[[420,421,-250,422,-295,423,424]],"properties":{"code_muni":1705508,"abbrev_state":"TO","name_state":"Tocantins","name_region":"Norte","name_muni":"Colinas do Tocantins","code_state":17,"code_region":1,"year":2020}},{"type":"Polygon","arcs":[[425,-190,426,427,428,429]],"properties":{"code_muni":1705557,"abbrev_state":"TO","name_state":"Tocantins","name_region":"Norte","name_muni":"Combinado","code_state":17,"code_region":1,"year":2020}},{"type":"Polygon","arcs":[[430,431,432,433,434,435,436,437,-181,438,-179,439,440,441,-41]],"properties":{"code_muni":1705607,"abbrev_state":"TO","name_state":"Tocantins","name_region":"Norte","name_muni":"Conceição do Tocantins","code_state":17,"code_region":1,"year":2020}},{"type":"Polygon","arcs":[[442,443,444,-116,445,446,447,448,449,450,451,452,453]],"properties":{"code_muni":1706001,"abbrev_state":"TO","name_state":"Tocantins","name_region":"Norte","name_muni":"Couto Magalhães","code_state":17,"code_region":1,"year":2020}},{"type":"Polygon","arcs":[[454,455,456,457,458,459,460,461,462,463,464,465,466,467]],"properties":{"code_muni":1706100,"abbrev_state":"TO","name_state":"Tocantins","name_region":"Norte","name_muni":"Cristalândia","code_state":17,"code_region":1,"year":2020}},{"type":"Polygon","arcs":[[468,469,470,471,472,-23,473,-310,474,475]],"properties":{"code_muni":1706258,"abbrev_state":"TO","name_state":"Tocantins","name_region":"Norte","name_muni":"Crixás do Tocantins","code_state":17,"code_region":1,"year":2020}},{"type":"Polygon","arcs":[[476,-82,477,478,479,480,481,482,483,-233,484,485]],"properties":{"code_muni":1706506,"abbrev_state":"TO","name_state":"Tocantins","name_region":"Norte","name_muni":"Darcinópolis","code_state":17,"code_region":1,"year":2020}},{"type":"Polygon","arcs":[[486,487,488,489,-43,490,491,492,493,494,495,496,497,498,499]],"properties":{"code_muni":1707009,"abbrev_state":"TO","name_state":"Tocantins","name_region":"Norte","name_muni":"Dianópolis","code_state":17,"code_region":1,"year":2020}},{"type":"Polygon","arcs":[[500,-371,501,502,503,504,505,506,507,508,509,-268,510,-10,511,-8]],"properties":{"code_muni":1707108,"abbrev_state":"TO","name_state":"Tocantins","name_region":"Norte","name_muni":"Divinópolis do Tocantins","code_state":17,"code_region":1,"year":2020}},{"type":"Polygon","arcs":[[512,-12,513,-266,514,515,516,517,518,519,520,521,522,523,524,-111]],"properties":{"code_muni":1707207,"abbrev_state":"TO","name_state":"Tocantins","name_region":"Norte","name_muni":"Dois Irmãos do Tocantins","code_state":17,"code_region":1,"year":2020}},{"type":"Polygon","arcs":[[525,526,527,528,529,530,-342,531,-340,532,533,-25,534,-472,535,536]],"properties":{"code_muni":1707306,"abbrev_state":"TO","name_state":"Tocantins","name_region":"Norte","name_muni":"Dueré","code_state":17,"code_region":1,"year":2020}},{"type":"Polygon","arcs":[[537,-156,538,539]],"properties":{"code_muni":1707405,"abbrev_state":"TO","name_state":"Tocantins","name_region":"Norte","name_muni":"Esperantina","code_state":17,"code_region":1,"year":2020}},{"type":"Polygon","arcs":[[540,541,542,-462,543,544,545,-306,546,547]],"properties":{"code_muni":1707553,"abbrev_state":"TO","name_state":"Tocantins","name_region":"Norte","name_muni":"Fátima","code_state":17,"code_region":1,"year":2020}},{"type":"Polygon","arcs":[[548,549,550,-348,551,552,553,554,555,556,557,-124,558,559,560,-61,561,562,563,564]],"properties":{"code_muni":1707652,"abbrev_state":"TO","name_state":"Tocantins","name_region":"Norte","name_muni":"Figueirópolis","code_state":17,"code_region":1,"year":2020}},{"type":"Polygon","arcs":[[565,566,-230,567,-140,568,569,570,571,572,-260,573,-258,574,-256]],"properties":{"code_muni":1707702,"abbrev_state":"TO","name_state":"Tocantins","name_region":"Norte","name_muni":"Filadélfia","code_state":17,"code_region":1,"year":2020}},{"type":"Polygon","arcs":[[575,576,577,578,579,580,581,582,583,584,-555,585,-553,586,-346,587,-344,588,-530]],"properties":{"code_muni":1708205,"abbrev_state":"TO","name_state":"Tocantins","name_region":"Norte","name_muni":"Formoso do Araguaia","code_state":17,"code_region":1,"year":2020}},{"type":"Polygon","arcs":[[589,590,591,592,593,594,595,596,597,598,599,600,601]],"properties":{"code_muni":1708254,"abbrev_state":"TO","name_state":"Tocantins","name_region":"Norte","name_muni":"Tabocão","code_state":17,"code_region":1,"year":2020}},{"type":"Polygon","arcs":[[602,603,-113,604,-524,605,-522,606,607,608,609,610,611,-447]],"properties":{"code_muni":1708304,"abbrev_state":"TO","name_state":"Tocantins","name_region":"Norte","name_muni":"Goianorte","code_state":17,"code_region":1,"year":2020}},{"type":"Polygon","arcs":[[-264,612,-262,613,-572,614,615,616,617,618,619,620,621,622,623,624,625,626,-334,627]],"properties":{"code_muni":1709005,"abbrev_state":"TO","name_state":"Tocantins","name_region":"Norte","name_muni":"Goiatins","code_state":17,"code_region":1,"year":2020}},{"type":"Polygon","arcs":[[628,629,630,631,632,633,634,635,636,637,-592,638,639,640,641,642,643,644,645,646,647]],"properties":{"code_muni":1709302,"abbrev_state":"TO","name_state":"Tocantins","name_region":"Norte","name_muni":"Guaraí","code_state":17,"code_region":1,"year":2020}},{"type":"Polygon","arcs":[[648,-29,649,-27,650,-533,-339,651,-353,652,-351,653,654,-550,655,656,657,658,659,660,661,-31]],"properties":{"code_muni":1709500,"abbrev_state":"TO","name_state":"Tocantins","name_region":"Norte","name_muni":"Gurupi","code_state":17,"code_region":1,"year":2020}},{"type":"Polygon","arcs":[[662,-317,663,664,665,666,667,668]],"properties":{"code_muni":1709807,"abbrev_state":"TO","name_state":"Tocantins","name_region":"Norte","name_muni":"Ipueiras","code_state":17,"code_region":1,"year":2020}},{"type":"Polygon","arcs":[[669,670,671,672,673,674,-374,675,676,-624,677,-622,678,-620,679]],"properties":{"code_muni":1710508,"abbrev_state":"TO","name_state":"Tocantins","name_region":"Norte","name_muni":"Itacajá","code_state":17,"code_region":1,"year":2020}},{"type":"Polygon","arcs":[[680,681,682,683,-224,684,685,686,687,688,689,690,691]],"properties":{"code_muni":1710706,"abbrev_state":"TO","name_state":"Tocantins","name_region":"Norte","name_muni":"Itaguatins","code_state":17,"code_region":1,"year":2020}},{"type":"Polygon","arcs":[[692,693,694,695,696,697,698,699,700,701,-670,702,-618]],"properties":{"code_muni":1710904,"abbrev_state":"TO","name_state":"Tocantins","name_region":"Norte","name_muni":"Itapiratins","code_state":17,"code_region":1,"year":2020}},{"type":"Polygon","arcs":[[703,704,705,706,707,708,-632,709,-630,710,711,712,-243,713,-241,714]],"properties":{"code_muni":1711100,"abbrev_state":"TO","name_state":"Tocantins","name_region":"Norte","name_muni":"Itaporã do Tocantins","code_state":17,"code_region":1,"year":2020}},{"type":"Polygon","arcs":[[715,716,717,718,719,720,721,722]],"properties":{"code_muni":1711506,"abbrev_state":"TO","name_state":"Tocantins","name_region":"Norte","name_muni":"Jaú do Tocantins","code_state":17,"code_region":1,"year":2020}},{"type":"Polygon","arcs":[[723,-444,724,725,726,-277]],"properties":{"code_muni":1711803,"abbrev_state":"TO","name_state":"Tocantins","name_region":"Norte","name_muni":"Juarina","code_state":17,"code_region":1,"year":2020}},{"type":"Polygon","arcs":[[727,728,-576,-529,729,-527,730,731,732,-458,733,-456,734]],"properties":{"code_muni":1711902,"abbrev_state":"TO","name_state":"Tocantins","name_region":"Norte","name_muni":"Lagoa da Confusão","code_state":17,"code_region":1,"year":2020}},{"type":"Polygon","arcs":[[735,736,737,738,739,740,741,742]],"properties":{"code_muni":1711951,"abbrev_state":"TO","name_state":"Tocantins","name_region":"Norte","name_muni":"Lagoa do Tocantins","code_state":17,"code_region":1,"year":2020}},{"type":"Polygon","arcs":[[743,744,745,746,747,748,749,750,751,752,-87,753]],"properties":{"code_muni":1712009,"abbrev_state":"TO","name_state":"Tocantins","name_region":"Norte","name_muni":"Lajeado","code_state":17,"code_region":1,"year":2020}},{"type":"Polygon","arcs":[[754,755,-192,756,-430,757,-221,758,-219,759,-217]],"properties":{"code_muni":1712157,"abbrev_state":"TO","name_state":"Tocantins","name_region":"Norte","name_muni":"Lavandeira","code_state":17,"code_region":1,"year":2020}},{"type":"Polygon","arcs":[[760,-388,761,762,763,764,765,766,767,768,769,770,771,772,773]],"properties":{"code_muni":1712405,"abbrev_state":"TO","name_state":"Tocantins","name_region":"Norte","name_muni":"Lizarda","code_state":17,"code_region":1,"year":2020}},{"type":"Polygon","arcs":[[774,-70,775,776,777,778,779,780,-329]],"properties":{"code_muni":1712454,"abbrev_state":"TO","name_state":"Tocantins","name_region":"Norte","name_muni":"Luzinópolis","code_state":17,"code_region":1,"year":2020}},{"type":"Polygon","arcs":[[781,-369,782,-367,783,784,785,786,787,-392,788,-505,789,-503]],"properties":{"code_muni":1712504,"abbrev_state":"TO","name_state":"Tocantins","name_region":"Norte","name_muni":"Marianópolis do Tocantins","code_state":17,"code_region":1,"year":2020}},{"type":"Polygon","arcs":[[790,791,792,793,794,795,796,797,798,799,800]],"properties":{"code_muni":1712702,"abbrev_state":"TO","name_state":"Tocantins","name_region":"Norte","name_muni":"Mateiros","code_state":17,"code_region":1,"year":2020}},{"type":"Polygon","arcs":[[801,-690,802,803,804,-330,805,806,807,808]],"properties":{"code_muni":1712801,"abbrev_state":"TO","name_state":"Tocantins","name_region":"Norte","name_muni":"Maurilândia do Tocantins","code_state":17,"code_region":1,"year":2020}},{"type":"Polygon","arcs":[[809,810,811,812,813,-518,814,-516,815,-275,816,817,818,819,820,821,822,823,-750,824,-748,825,-746,826,827,828,829]],"properties":{"code_muni":1713205,"abbrev_state":"TO","name_state":"Tocantins","name_region":"Norte","name_muni":"Miracema do Tocantins","code_state":17,"code_region":1,"year":2020}},{"type":"Polygon","arcs":[[830,831,832,833,-520,834,-813,835,836,837,-599]],"properties":{"code_muni":1713304,"abbrev_state":"TO","name_state":"Tocantins","name_region":"Norte","name_muni":"Miranorte","code_state":17,"code_region":1,"year":2020}},{"type":"Polygon","arcs":[[838,839,840,841,842,843,844,845,846,847,848,849,850,851,852,853,854]],"properties":{"code_muni":1713601,"abbrev_state":"TO","name_state":"Tocantins","name_region":"Norte","name_muni":"Monte do Carmo","code_state":17,"code_region":1,"year":2020}},{"type":"Polygon","arcs":[[855,-509,856,-507,857,-400,858,859,860,-270]],"properties":{"code_muni":1713700,"abbrev_state":"TO","name_state":"Tocantins","name_region":"Norte","name_muni":"Monte Santo do Tocantins","code_state":17,"code_region":1,"year":2020}},{"type":"Polygon","arcs":[[861,862,863,-486,864,-16]],"properties":{"code_muni":1713809,"abbrev_state":"TO","name_state":"Tocantins","name_region":"Norte","name_muni":"Palmeiras do Tocantins","code_state":17,"code_region":1,"year":2020}},{"type":"Polygon","arcs":[[865,866,867,868,869,870,871,872,-131,873,-99]],"properties":{"code_muni":1713957,"abbrev_state":"TO","name_state":"Tocantins","name_region":"Norte","name_muni":"Muricilândia","code_state":17,"code_region":1,"year":2020}},{"type":"Polygon","arcs":[[874,-418,875,-416,876,-414,877,-412,878,879,880,881,882,883,884,-432,885,-39,886,887]],"properties":{"code_muni":1714203,"abbrev_state":"TO","name_state":"Tocantins","name_region":"Norte","name_muni":"Natividade","code_state":17,"code_region":1,"year":2020}},{"type":"Polygon","arcs":[[888,-777,889,-68,890,-85,891,892,-21,893,-779]],"properties":{"code_muni":1714302,"abbrev_state":"TO","name_state":"Tocantins","name_region":"Norte","name_muni":"Nazaré","code_state":17,"code_region":1,"year":2020}},{"type":"Polygon","arcs":[[894,895,896,-252,897,-421,898,899,-136]],"properties":{"code_muni":1714880,"abbrev_state":"TO","name_state":"Tocantins","name_region":"Norte","name_muni":"Nova Olinda","code_state":17,"code_region":1,"year":2020}},{"type":"Polygon","arcs":[[900,901,902,903,-466,904,905,906,907,908,909,910,911]],"properties":{"code_muni":1715002,"abbrev_state":"TO","name_state":"Tocantins","name_region":"Norte","name_muni":"Nova Rosalândia","code_state":17,"code_region":1,"year":2020}},{"type":"Polygon","arcs":[[912,-93,913,914,915,916,917,918,919,920,921,-743,922,923,924,925,926,-792,927,928,929,930,931,-769,932,-767,933,934,935,936,937,938]],"properties":{"code_muni":1715101,"abbrev_state":"TO","name_state":"Tocantins","name_region":"Norte","name_muni":"Novo Acordo","code_state":17,"code_region":1,"year":2020}},{"type":"Polygon","arcs":[[939,-188,940,-428]],"properties":{"code_muni":1715150,"abbrev_state":"TO","name_state":"Tocantins","name_region":"Norte","name_muni":"Novo Alegre","code_state":17,"code_region":1,"year":2020}},{"type":"Polygon","arcs":[[941,942,943,-499]],"properties":{"code_muni":1715259,"abbrev_state":"TO","name_state":"Tocantins","name_region":"Norte","name_muni":"Novo Jardim","code_state":17,"code_region":1,"year":2020}},{"type":"Polygon","arcs":[[944,-906,945,-464,946,-542,947,948,949]],"properties":{"code_muni":1715507,"abbrev_state":"TO","name_state":"Tocantins","name_region":"Norte","name_muni":"Oliveira de Fátima","code_state":17,"code_region":1,"year":2020}},{"type":"Polygon","arcs":[[950,-899,-425,951,-303,952,953,954,-694,955,-616,956,-570,957,-138]],"properties":{"code_muni":1715705,"abbrev_state":"TO","name_state":"Tocantins","name_region":"Norte","name_muni":"Palmeirante","code_state":17,"code_region":1,"year":2020}},{"type":"Polygon","arcs":[[958,-719,959,960,961,962,963,964]],"properties":{"code_muni":1715754,"abbrev_state":"TO","name_state":"Tocantins","name_region":"Norte","name_muni":"Palmeirópolis","code_state":17,"code_region":1,"year":2020}},{"type":"Polygon","arcs":[[965,-860,966,-398,967,968,969,970,971,972,973,974,975,-819,976,-272]],"properties":{"code_muni":1716109,"abbrev_state":"TO","name_state":"Tocantins","name_region":"Norte","name_muni":"Paraíso do Tocantins","code_state":17,"code_region":1,"year":2020}},{"type":"Polygon","arcs":[[977,978,979,980,981,982,983,984,-963,985,-961,986,-186,987,-184,988,-436,989,-434,990,-884,991,992]],"properties":{"code_muni":1716208,"abbrev_state":"TO","name_state":"Tocantins","name_region":"Norte","name_muni":"Paranã","code_state":17,"code_region":1,"year":2020}},{"type":"Polygon","arcs":[[993,-178,994,-254,995,-896,996,-134]],"properties":{"code_muni":1716307,"abbrev_state":"TO","name_state":"Tocantins","name_region":"Norte","name_muni":"Pau d'Arco","code_state":17,"code_region":1,"year":2020}},{"type":"Polygon","arcs":[[997,998,999,1000,1001,1002,1003,1004,1005,1006,1007,1008,1009,1010,1011,1012,1013,1014,-378,1015,-290]],"properties":{"code_muni":1716505,"abbrev_state":"TO","name_state":"Tocantins","name_region":"Norte","name_muni":"Pedro Afonso","code_state":17,"code_region":1,"year":2020}},{"type":"Polygon","arcs":[[1016,-313,1017,-661,1018,-659,1019,1020,1021,1022,1023,1024,1025,1026,-57,1027,-55,1028,1029,1030,1031,1032,1033,1034,-723,1035,1036,1037,-979,1038,1039]],"properties":{"code_muni":1716604,"abbrev_state":"TO","name_state":"Tocantins","name_region":"Norte","name_muni":"Peixe","code_state":17,"code_region":1,"year":2020}},{"type":"Polygon","arcs":[[1040,-726,1041,-454,1042,1043,-451,1044,-449,1045,-611,1046,-706,1047,-704,1048,-239,1049,-283,1050,-281,1051,-279]],"properties":{"code_muni":1716653,"abbrev_state":"TO","name_state":"Tocantins","name_region":"Norte","name_muni":"Pequizeiro","code_state":17,"code_region":1,"year":2020}},{"type":"Polygon","arcs":[[1052,-609,1053,1054,-596,1055,-594,1056,-637,1057,-635,1058,1059,-708]],"properties":{"code_muni":1716703,"abbrev_state":"TO","name_state":"Tocantins","name_region":"Norte","name_muni":"Colméia","code_state":17,"code_region":1,"year":2020}},{"type":"Polygon","arcs":[[1060,1061,1062,1063,1064,-420,1065,-888,1066,-37,1067,-35,1068,1069]],"properties":{"code_muni":1717008,"abbrev_state":"TO","name_state":"Tocantins","name_region":"Norte","name_muni":"Pindorama do Tocantins","code_state":17,"code_region":1,"year":2020}},{"type":"Polygon","arcs":[[1070,1071,1072,-150,1073,-359,1074,-145,1075,1076,1077,-481,1078,1079]],"properties":{"code_muni":1717206,"abbrev_state":"TO","name_state":"Tocantins","name_region":"Norte","name_muni":"Piraquê","code_state":17,"code_region":1,"year":2020}},{"type":"Polygon","arcs":[[1080,-728,1081,-468,1082,-903,1083,1084,-396,1085,-394,1086,-787,1087,-785,1088,-365]],"properties":{"code_muni":1717503,"abbrev_state":"TO","name_state":"Tocantins","name_region":"Norte","name_muni":"Pium","code_state":17,"code_region":1,"year":2020}},{"type":"Polygon","arcs":[[1089,-497,1090,-495,1091,1092,1093,1094,1095,-199,1096,1097,1098,-943]],"properties":{"code_muni":1717800,"abbrev_state":"TO","name_state":"Tocantins","name_region":"Norte","name_muni":"Ponte Alta do Bom Jesus","code_state":17,"code_region":1,"year":2020}},{"type":"Polygon","arcs":[[1099,-924,1100,1101,-740,1102,1103,1104,-851,1105,1106,1107,-1070,1108,-49,1109,1110,-794,1111,-926]],"properties":{"code_muni":1717909,"abbrev_state":"TO","name_state":"Tocantins","name_region":"Norte","name_muni":"Ponte Alta do Tocantins","code_state":17,"code_region":1,"year":2020}},{"type":"Polygon","arcs":[[-45,1112,-489,1113,1114,1115]],"properties":{"code_muni":1718006,"abbrev_state":"TO","name_state":"Tocantins","name_region":"Norte","name_muni":"Porto Alegre do Tocantins","code_state":17,"code_region":1,"year":2020}},{"type":"Polygon","arcs":[[-821,1116,-975,1117,1118,1119,1120,1121,-908,1122,-950,1123,-547,-305,1124,-319,1125,-669,1126,1127,-841,1128,-839,1129,1130,1131,1132,1133,1134]],"properties":{"code_muni":1718204,"abbrev_state":"TO","name_state":"Tocantins","name_region":"Norte","name_muni":"Porto Nacional","code_state":17,"code_region":1,"year":2020}},{"type":"Polygon","arcs":[[1135,-207,1136,1137,1138]],"properties":{"code_muni":1718303,"abbrev_state":"TO","name_state":"Tocantins","name_region":"Norte","name_muni":"Praia Norte","code_state":17,"code_region":1,"year":2020}},{"type":"Polygon","arcs":[[1139,-245,1140,-712,1141,-648,1142,1143,1144,1145,1146,-299]],"properties":{"code_muni":1718402,"abbrev_state":"TO","name_state":"Tocantins","name_region":"Norte","name_muni":"Presidente Kennedy","code_state":17,"code_region":1,"year":2020}},{"type":"Polygon","arcs":[[-971,1147,-912,1148,-910,1149,-1121,1150,-1119,1151,-973,1152]],"properties":{"code_muni":1718451,"abbrev_state":"TO","name_state":"Tocantins","name_region":"Norte","name_muni":"Pugmil","code_state":17,"code_region":1,"year":2020}},{"type":"Polygon","arcs":[[1153,-626,1154,-676,-390,1155,-774,1156,-338,1157,-336]],"properties":{"code_muni":1718501,"abbrev_state":"TO","name_state":"Tocantins","name_region":"Norte","name_muni":"Recursolândia","code_state":17,"code_region":1,"year":2020}},{"type":"Polygon","arcs":[[1158,1159,1160,-1080,1161,-479,1162,-80,1163,-78,-65]],"properties":{"code_muni":1718550,"abbrev_state":"TO","name_state":"Tocantins","name_region":"Norte","name_muni":"Riachinho","code_state":17,"code_region":1,"year":2020}},{"type":"Polygon","arcs":[[1164,-47,1165,-1115,1166,-487,1167,-796]],"properties":{"code_muni":1718659,"abbrev_state":"TO","name_state":"Tocantins","name_region":"Norte","name_muni":"Rio da Conceição","code_state":17,"code_region":1,"year":2020}},{"type":"Polygon","arcs":[[-838,1168,-810,1169,1170,1171,-1001,1172,1173,1174,-600]],"properties":{"code_muni":1718709,"abbrev_state":"TO","name_state":"Tocantins","name_region":"Norte","name_muni":"Rio dos Bois","code_state":17,"code_region":1,"year":2020}},{"type":"Polygon","arcs":[[1175,-382,1176,-380,1177,-1014,1178,-1012,1179,-1010,1180,1181,1182,-96,1183,1184,-939,1185,-937,1186,-935,1187,-765,1188,-763,1189,-386,1190,-384]],"properties":{"code_muni":1718758,"abbrev_state":"TO","name_state":"Tocantins","name_region":"Norte","name_muni":"Rio Sono","code_state":17,"code_region":1,"year":2020}},{"type":"Polygon","arcs":[[1191,-363,1192,-209]],"properties":{"code_muni":1718808,"abbrev_state":"TO","name_state":"Tocantins","name_region":"Norte","name_muni":"Sampaio","code_state":17,"code_region":1,"year":2020}},{"type":"Polygon","arcs":[[1193,-580,1194,-578,1195,-120,1196,-118,1197,-557,1198,-584,1199,-582]],"properties":{"code_muni":1718840,"abbrev_state":"TO","name_state":"Tocantins","name_region":"Norte","name_muni":"Sandolândia","code_state":17,"code_region":1,"year":2020}},{"type":"Polygon","arcs":[[1200,-132,-873,1201,-871,1202,-869,1203,-867]],"properties":{"code_muni":1718865,"abbrev_state":"TO","name_state":"Tocantins","name_region":"Norte","name_muni":"Santa Fé do Araguaia","code_state":17,"code_region":1,"year":2020}},{"type":"Polygon","arcs":[[1204,-643,1205,1206,1207,-293,-376,1208,-674,1209,-672,1210,-701]],"properties":{"code_muni":1718881,"abbrev_state":"TO","name_state":"Tocantins","name_region":"Norte","name_muni":"Santa Maria do Tocantins","code_state":17,"code_region":1,"year":2020}},{"type":"Polygon","arcs":[[1211,-732,1212,-537,1213,-470,1214,-476,1215,-308,1216,-545,1217,-460]],"properties":{"code_muni":1718899,"abbrev_state":"TO","name_state":"Tocantins","name_region":"Norte","name_muni":"Santa Rita do Tocantins","code_state":17,"code_region":1,"year":2020}},{"type":"Polygon","arcs":[[1218,-666,1219,1220,1221,1222,1223,1224,1225,1226,-404,1227,-402,1228,-1064,1229,1230]],"properties":{"code_muni":1718907,"abbrev_state":"TO","name_state":"Tocantins","name_region":"Norte","name_muni":"Santa Rosa do Tocantins","code_state":17,"code_region":1,"year":2020}},{"type":"Polygon","arcs":[[1231,1232,1233,1234,1235,1236,1237,-853,1238,-1104,1239,-738,1240,1241,-921]],"properties":{"code_muni":1719004,"abbrev_state":"TO","name_state":"Tocantins","name_region":"Norte","name_muni":"Santa Tereza do Tocantins","code_state":17,"code_region":1,"year":2020}},{"type":"Polygon","arcs":[[-84,-863,1242,-14,1243,-892]],"properties":{"code_muni":1720002,"abbrev_state":"TO","name_state":"Tocantins","name_region":"Norte","name_muni":"Santa Terezinha do Tocantins","code_state":17,"code_region":1,"year":2020}},{"type":"Polygon","arcs":[[1244,-161,1245,-159,1246,-74,1247,-332,1248,-804,1249,-688,1250,-686,1251,-164,1252]],"properties":{"code_muni":1720101,"abbrev_state":"TO","name_state":"Tocantins","name_region":"Norte","name_muni":"São Bento do Tocantins","code_state":17,"code_region":1,"year":2020}},{"type":"Polygon","arcs":[[1253,1254,-931,1255,-929,1256,-801,1257,-799,1258,1259,-772]],"properties":{"code_muni":1720150,"abbrev_state":"TO","name_state":"Tocantins","name_region":"Norte","name_muni":"São Félix do Tocantins","code_state":17,"code_region":1,"year":2020}},{"type":"Polygon","arcs":[[1260,-1139,1261,1262,1263,-683,1264,1265,-692]],"properties":{"code_muni":1720200,"abbrev_state":"TO","name_state":"Tocantins","name_region":"Norte","name_muni":"São Miguel do Tocantins","code_state":17,"code_region":1,"year":2020}},{"type":"Polygon","arcs":[[1266,-721,1267,-965,1268,1269,-983,1270,-981,1271,-1037]],"properties":{"code_muni":1720259,"abbrev_state":"TO","name_state":"Tocantins","name_region":"Norte","name_muni":"São Salvador do Tocantins","code_state":17,"code_region":1,"year":2020}},{"type":"Polygon","arcs":[[1272,-540,1273,-154,1274,-172,1275,-320]],"properties":{"code_muni":1720309,"abbrev_state":"TO","name_state":"Tocantins","name_region":"Norte","name_muni":"São Sebastião do Tocantins","code_state":17,"code_region":1,"year":2020}},{"type":"Polygon","arcs":[[1276,-1040,1277,-993,1278,1279,1280,-880,1281,-410,1282,-408,1283,-406,1284,-1226,1285,-1224,1286,-1222]],"properties":{"code_muni":1720499,"abbrev_state":"TO","name_state":"Tocantins","name_region":"Norte","name_muni":"São Valério","code_state":17,"code_region":1,"year":2020}},{"type":"Polygon","arcs":[[1287,-849,1288,-847,1289,-845,1290,-843,1291,-1127,-668,1292,-1231,1293,-1062,1294,-1107]],"properties":{"code_muni":1720655,"abbrev_state":"TO","name_state":"Tocantins","name_region":"Norte","name_muni":"Silvanópolis","code_state":17,"code_region":1,"year":2020}},{"type":"Polygon","arcs":[[-226,1295,-1263,1296,-1137]],"properties":{"code_muni":1720804,"abbrev_state":"TO","name_state":"Tocantins","name_region":"Norte","name_muni":"Sítio Novo do Tocantins","code_state":17,"code_region":1,"year":2020}},{"type":"Polygon","arcs":[[1297,-565,1298,-563,1299,1300,-1025,1301,-1023,1302,-1021,1303,-657]],"properties":{"code_muni":1720853,"abbrev_state":"TO","name_state":"Tocantins","name_region":"Norte","name_muni":"Sucupira","code_state":17,"code_region":1,"year":2020}},{"type":"Polygon","arcs":[[1304,-197,1305,-212,1306,-1098]],"properties":{"code_muni":1720903,"abbrev_state":"TO","name_state":"Tocantins","name_region":"Norte","name_muni":"Taguatinga","code_state":17,"code_region":1,"year":2020}},{"type":"Polygon","arcs":[[1307,-440,-201,1308,-1095,1309,-1093,1310,-493]],"properties":{"code_muni":1720937,"abbrev_state":"TO","name_state":"Tocantins","name_region":"Norte","name_muni":"Taipas do Tocantins","code_state":17,"code_region":1,"year":2020}},{"type":"Polygon","arcs":[[1311,1312,-1032,1313,-1030,1314,-53,1315,-51,1316,-560,1317,-122,1318,-717,1319]],"properties":{"code_muni":1720978,"abbrev_state":"TO","name_state":"Tocantins","name_region":"Norte","name_muni":"Talismã","code_state":17,"code_region":1,"year":2020}},{"type":"Polygon","arcs":[[1320,-823,1321,-1134,1322,-1132,1323,-1130,-855,1324,-1237,1325,-1235,1326,-1233,1327,-919,1328,-917,1329,-915,1330,-91,1331,-89,1332,-752]],"properties":{"code_muni":1721000,"abbrev_state":"TO","name_state":"Tocantins","name_region":"Norte","name_muni":"Palmas","code_state":17,"code_region":1,"year":2020}},{"type":"Polygon","arcs":[[1333,-1171,1334,1335,-828,1336,1337,-754,-86,1338,-1182,1339,-1008,1340,-1006,1341,-1004,1342]],"properties":{"code_muni":1721109,"abbrev_state":"TO","name_state":"Tocantins","name_region":"Norte","name_muni":"Tocantínia","code_state":17,"code_region":1,"year":2020}},{"type":"Polygon","arcs":[[-809,1343,-807,1344,-780,-894,-20,1345,-18,1346]],"properties":{"code_muni":1721208,"abbrev_state":"TO","name_state":"Tocantins","name_region":"Norte","name_muni":"Tocantinópolis","code_state":17,"code_region":1,"year":2020}},{"type":"Polygon","arcs":[[-641,1347,-602,1348,-1174,1349,-999,1350,-288,1351,-1207,1352]],"properties":{"code_muni":1721257,"abbrev_state":"TO","name_state":"Tocantins","name_region":"Norte","name_muni":"Tupirama","code_state":17,"code_region":1,"year":2020}},{"type":"Polygon","arcs":[[1353,-301,1354,-1146,1355,-1144,1356,-646,1357,-698,1358,-696,1359,-954]],"properties":{"code_muni":1721307,"abbrev_state":"TO","name_state":"Tocantins","name_region":"Norte","name_muni":"Tupiratins","code_state":17,"code_region":1,"year":2020}},{"type":"Polygon","arcs":[[1360,-1077,1361,-143,-228,1362,-483]],"properties":{"code_muni":1722081,"abbrev_state":"TO","name_state":"Tocantins","name_region":"Norte","name_muni":"Wanderlândia","code_state":17,"code_region":1,"year":2020}},{"type":"Polygon","arcs":[[1363,1364,-152,1365,-1072,1366,-1160,1367]],"properties":{"code_muni":1722107,"abbrev_state":"TO","name_state":"Tocantins","name_region":"Norte","name_muni":"Xambioá","code_state":17,"code_region":1,"year":2020}}]}},"arcs":[[[-49.3911835,-9.1567846],[-49.3962402,-9.1511329]],[[-49.3962402,-9.1511329],[-49.3995041,-9.1657422],[-49.3980983,-9.1732358],[-49.4029308,-9.1827306],[-49.4125578,-9.1942559],[-49.4279928,-9.2095577],[-49.4326294,-9.2239126],[-49.4524271,-9.2381608],[-49.4595906,-9.2767888],[-49.4965634,-9.2673958],[-49.5166816,-9.2571341],[-49.5351883,-9.257727],[-49.5428394,-9.2699021],[-49.5584269,-9.2707834],[-49.565924,-9.2642247],[-49.5780052,-9.2602967],[-49.5894293,-9.258002]],[[-49.5894293,-9.258002],[-49.6004137,-9.2572986],[-49.6093223,-9.2394882]],[[-49.6093223,-9.2394882],[-49.6122356,-9.2260368],[-49.6326827,-9.2082221],[-49.648739,-9.2087039],[-49.6811518,-9.177856],[-49.7072619,-9.165907],[-49.7095015,-9.1751217]],[[-49.7095015,-9.1751217],[-49.7105108,-9.1903373]],[[-49.7105108,-9.1903373],[-49.7034172,-9.2022365],[-49.7049252,-9.2113145],[-49.7143465,-9.216344],[-49.7064177,-9.2299628],[-49.7134361,-9.2495689],[-49.7255017,-9.2710888],[-49.7237696,-9.2805573],[-49.7073572,-9.2946001],[-49.7232629,-9.3000837],[-49.7204608,-9.312917],[-49.7289117,-9.3312361]],[[-49.7289117,-9.3312361],[-49.7294106,-9.3398129],[-49.7325458,-9.3476454],[-49.7225733,-9.3489098],[-49.7153774,-9.3412587]],[[-49.7153774,-9.3412587],[-49.7030909,-9.3318967],[-49.6617915,-9.3161385],[-49.631089,-9.3148107],[-49.6227618,-9.3076039],[-49.6055098,-9.3155698],[-49.5972382,-9.3173422],[-49.5863518,-9.3243731],[-49.5736654,-9.3570603],[-49.569046,-9.3689141],[-49.5694132,-9.3711734],[-49.5674244,-9.3801354],[-49.5643806,-9.3862764]],[[-49.5643806,-9.3862764],[-49.5665083,-9.4019769],[-49.5632236,-9.4045497],[-49.5558245,-9.406388],[-49.5561739,-9.4081287],[-49.5533827,-9.4101772],[-49.5458376,-9.4111773]],[[-49.5458376,-9.4111773],[-49.5335833,-9.4159927],[-49.5164262,-9.4139424],[-49.4999363,-9.4262106],[-49.4887098,-9.4265812],[-49.4764043,-9.4387972],[-49.4640271,-9.4407417],[-49.4534865,-9.4581717],[-49.4353083,-9.4747385],[-49.426729,-9.4919435],[-49.4250226,-9.5171264],[-49.4069241,-9.5255917],[-49.4066585,-9.5407549],[-49.3902404,-9.5574548],[-49.3695312,-9.5678851],[-49.3473181,-9.5871039],[-49.3338954,-9.6107984],[-49.3158509,-9.6239968],[-49.3080031,-9.6416513],[-49.3101766,-9.6505223],[-49.2983292,-9.6640188],[-49.2959658,-9.6737668],[-49.2898254,-9.6752098],[-49.2658306,-9.7095159],[-49.2529426,-9.7139091],[-49.2439472,-9.7127328],[-49.2257838,-9.7116057],[-49.2005005,-9.7290786],[-49.1775948,-9.7309473],[-49.1721786,-9.7408879],[-49.1601137,-9.7390435],[-49.0927449,-9.725654],[-49.0715621,-9.7198714],[-49.0479626,-9.7219188],[-49.025935,-9.728891],[-49.0029546,-9.7175642],[-48.9811289,-9.7154803],[-48.9726704,-9.7141675],[-48.9524423,-9.7183347],[-48.9398556,-9.720402],[-48.9355723,-9.7332909],[-48.9193656,-9.7291491],[-48.9088662,-9.7340185]],[[-48.9088662,-9.7340185],[-48.8857138,-9.7662117]],[[-48.8857138,-9.7662117],[-48.8673061,-9.7496312],[-48.8686799,-9.7330568],[-48.8764132,-9.7135424],[-48.8846957,-9.7058834],[-48.8881013,-9.6978688],[-48.889041,-9.6925367],[-48.8865853,-9.6905318],[-48.8790944,-9.6858364],[-48.882267,-9.6739499],[-48.9084083,-9.674818],[-48.9043602,-9.6559286],[-48.9250816,-9.663229],[-48.9513656,-9.6500508],[-48.958685,-9.6320708],[-48.9560463,-9.6235436],[-48.9717021,-9.59735],[-48.9895036,-9.598795],[-49.0095605,-9.5821885],[-49.0182661,-9.5894016],[-49.0362739,-9.5867656],[-49.0476855,-9.5723777],[-49.0716729,-9.5722099],[-49.0857872,-9.5636743],[-49.1180021,-9.5678687],[-49.1373969,-9.5633191],[-49.1477207,-9.5708682],[-49.156424,-9.5639373],[-49.1650026,-9.5451318],[-49.1766474,-9.5413419],[-49.1935963,-9.501666],[-49.2219892,-9.4861937],[-49.2349172,-9.4646543],[-49.2337922,-9.4622757],[-49.2500738,-9.4479683],[-49.2558316,-9.4200845],[-49.2642274,-9.4127524],[-49.265347,-9.4092355],[-49.26444,-9.4027306],[-49.2635866,-9.3890855],[-49.2699572,-9.3741621],[-49.268841,-9.3519068],[-49.2909185,-9.3225692],[-49.308689,-9.3165149],[-49.3219696,-9.2963364],[-49.3249806,-9.2971926],[-49.3370671,-9.2656298],[-49.3525239,-9.2558645],[-49.3556352,-9.2562992],[-49.3639056,-9.2325023],[-49.3657434,-9.2226473],[-49.3763128,-9.1883957],[-49.3770388,-9.1841845],[-49.3875327,-9.17627],[-49.3876567,-9.1701464],[-49.3911835,-9.1567846]],[[-47.5803695,-6.4171471],[-47.5941787,-6.4253217]],[[-47.5941787,-6.4253217],[-47.6033582,-6.4330029],[-47.6188939,-6.4346642],[-47.6305769,-6.4423993]],[[-47.6305769,-6.4423993],[-47.634685,-6.4504266],[-47.5113728,-6.5620391]],[[-47.5113728,-6.5620391],[-47.5050042,-6.5747205],[-47.4797961,-6.5885517],[-47.4650889,-6.5814548]],[[-47.4650889,-6.5814548],[-47.4564977,-6.5382745],[-47.4342054,-6.5043796],[-47.4166526,-6.4856784],[-47.4212004,-6.4651033],[-47.4342926,-6.4358088],[-47.4303492,-6.4225731]],[[-47.4303492,-6.4225731],[-47.4412725,-6.4232455],[-47.4474535,-6.4350387],[-47.4617468,-6.4514126],[-47.471318,-6.4492715],[-47.4894066,-6.4348359],[-47.5183052,-6.4319278]],[[-47.5183052,-6.4319278],[-47.5283387,-6.430654],[-47.5321429,-6.4303865],[-47.5398904,-6.4347669],[-47.5442921,-6.4392595],[-47.5459371,-6.4431728]],[[-47.5459371,-6.4431728],[-47.576233,-6.4159245]],[[-47.576233,-6.4159245],[-47.5803695,-6.4171471]],[[-48.7160012,-11.1621623],[-48.7199582,-11.1653132]],[[-48.7199582,-11.1653132],[-48.7174872,-11.1756238],[-48.7272378,-11.1966221],[-48.7521268,-11.1963589],[-48.7839838,-11.2103774],[-48.8028995,-11.2128222],[-48.8166499,-11.2339962],[-48.8391913,-11.2398951],[-48.8514839,-11.2325711],[-48.8697117,-11.2358801],[-48.8778134,-11.246105],[-48.90897,-11.2529724],[-48.9233706,-11.2162203],[-48.9294292,-11.2331243],[-48.9411967,-11.2347779],[-48.9617425,-11.2500022],[-48.9853622,-11.244422],[-49.0745349,-11.2522593],[-49.0951244,-11.2429327],[-49.149791,-11.2289277],[-49.1733021,-11.206723],[-49.1911362,-11.2086456],[-49.1944792,-11.2222586],[-49.2102732,-11.2319974],[-49.2241277,-11.2262826],[-49.2446455,-11.2361143],[-49.2544635,-11.2317746],[-49.281601,-11.2380364],[-49.2950812,-11.2299433],[-49.3250097,-11.2419706]],[[-49.3250097,-11.2419706],[-49.3309899,-11.2507047],[-49.3170421,-11.2608251]],[[-49.3170421,-11.2608251],[-49.3144848,-11.2688761],[-49.300727,-11.2807329],[-49.2990826,-11.288387],[-49.2711249,-11.3020932],[-49.2633822,-11.3080992],[-49.2701401,-11.3187944],[-49.2655774,-11.3238862],[-49.2572555,-11.3213498],[-49.2493731,-11.3329045],[-49.2430425,-11.3313189],[-49.22887,-11.3255055],[-49.2186335,-11.3316568],[-49.2095396,-11.3404475],[-49.2022872,-11.3439834],[-49.1862003,-11.3276021],[-49.1735904,-11.3324418],[-49.1619346,-11.3247677],[-49.1404565,-11.3365075],[-49.1283468,-11.3620523],[-49.1146169,-11.376638],[-49.1134213,-11.3903488],[-49.1110614,-11.3953273],[-49.0995882,-11.3972049],[-49.0753073,-11.3959948],[-49.0650442,-11.4117225],[-49.0343112,-11.439395],[-49.0103443,-11.4519558],[-49.0080773,-11.4696421],[-48.9954369,-11.4800595],[-48.9852137,-11.4911428],[-48.9595887,-11.5082397]],[[-48.9595887,-11.5082397],[-48.9449969,-11.5188648]],[[-48.9449969,-11.5188648],[-48.9432014,-11.5216787],[-48.9329526,-11.5324677],[-48.9084932,-11.5546109]],[[-48.9084932,-11.5546109],[-48.9006523,-11.5549498],[-48.8915523,-11.5524925],[-48.8831182,-11.5453528]],[[-48.8831182,-11.5453528],[-48.8801899,-11.5075495],[-48.874138,-11.4903651],[-48.8679386,-11.4841382],[-48.8571529,-11.469096],[-48.8192861,-11.4626019],[-48.7878306,-11.4475784],[-48.7831231,-11.4320097],[-48.7846738,-11.4146137],[-48.7749539,-11.4053772],[-48.776664,-11.3949073],[-48.7682861,-11.3777805]],[[-48.7682861,-11.3777805],[-48.7681847,-11.3714357],[-48.7646708,-11.367486],[-48.7470355,-11.3549157]],[[-48.7470355,-11.3549157],[-48.7245039,-11.3597092],[-48.7083902,-11.3756515],[-48.6934889,-11.3868591],[-48.664394,-11.3854927],[-48.6586676,-11.3781986],[-48.6294232,-11.3912197],[-48.6085541,-11.3812615],[-48.5844898,-11.390743],[-48.5769526,-11.3925745],[-48.5698617,-11.3957919]],[[-48.5698617,-11.3957919],[-48.549984,-11.3853245],[-48.5421854,-11.3833344]],[[-48.5421854,-11.3833344],[-48.5486707,-11.3692238],[-48.5477712,-11.3494533],[-48.5675719,-11.3263243],[-48.5624823,-11.3128411],[-48.585002,-11.2994337],[-48.591401,-11.2860914],[-48.6073595,-11.2761392],[-48.6263118,-11.2803109],[-48.6465647,-11.2383606],[-48.6443872,-11.2153899],[-48.652011,-11.2008515],[-48.6449023,-11.1869448],[-48.687733,-11.1869705],[-48.6919705,-11.1769195],[-48.7160012,-11.1621623]],[[-47.3309939,-11.0029331],[-47.3311773,-11.0117329]],[[-47.3311773,-11.0117329],[-47.3262766,-11.057003],[-47.340227,-11.0859041],[-47.3179318,-11.1212129],[-47.3176945,-11.1412444],[-47.3153102,-11.1508079],[-47.3175351,-11.1602401],[-47.3384559,-11.1774181],[-47.3532503,-11.179081],[-47.3693912,-11.2039694]],[[-47.3693912,-11.2039694],[-47.3679007,-11.2112689],[-47.363385,-11.2158571],[-47.3649849,-11.2219844],[-47.373096,-11.2282512]],[[-47.373096,-11.2282512],[-47.3829426,-11.245668],[-47.3827822,-11.252728],[-47.4017324,-11.260484],[-47.4066544,-11.266285],[-47.4134857,-11.2696578]],[[-47.4134857,-11.2696578],[-47.40409,-11.2727175]],[[-47.40409,-11.2727175],[-47.3980699,-11.2851607],[-47.4049898,-11.3086119],[-47.4220218,-11.3427866],[-47.4402796,-11.3655498],[-47.4504722,-11.3719873],[-47.4609259,-11.3893656],[-47.4661845,-11.4090753],[-47.4699307,-11.4184276],[-47.4711811,-11.4263962],[-47.472616,-11.4346621],[-47.4818099,-11.4607032],[-47.4816482,-11.4664723],[-47.4724861,-11.4859151],[-47.4750249,-11.4990726],[-47.4744794,-11.502929],[-47.4785921,-11.5163778],[-47.4752438,-11.5193709],[-47.4611664,-11.5263375],[-47.4645402,-11.5395825],[-47.4459582,-11.5394336],[-47.4307238,-11.5518982],[-47.4233422,-11.5713472],[-47.4367341,-11.5833992],[-47.4341285,-11.5983589],[-47.45106,-11.6178583],[-47.439033,-11.6270356],[-47.4336609,-11.6554203],[-47.4436487,-11.686596],[-47.4588853,-11.7108609],[-47.4458196,-11.7408596],[-47.4385667,-11.7488646],[-47.4379302,-11.7656956],[-47.4260211,-11.7779783],[-47.4365036,-11.7896633],[-47.4421919,-11.8243463],[-47.4666465,-11.8436968],[-47.4745406,-11.8437056],[-47.5054138,-11.8444712],[-47.5109464,-11.8507335],[-47.5209447,-11.8691194],[-47.5370847,-11.8759361],[-47.5398034,-11.8778893],[-47.5470522,-11.8863538],[-47.550161,-11.8954266],[-47.5519649,-11.9056037],[-47.5443936,-11.9142017],[-47.52906,-11.915124],[-47.5160914,-11.9219339],[-47.5097073,-11.9246493],[-47.4978486,-11.938348],[-47.4950655,-11.9487038],[-47.490061,-11.9553885],[-47.4846163,-11.9564389],[-47.4842783,-11.960267]],[[-47.4842783,-11.960267],[-47.4707293,-11.9604325]],[[-47.4707293,-11.9604325],[-47.4497117,-11.9578474],[-47.4325189,-11.9690563],[-47.391566,-11.9422086],[-47.3798084,-11.9155023],[-47.346916,-11.9046113],[-47.3420239,-11.8901793],[-47.3293311,-11.8820787],[-47.2984224,-11.8809356],[-47.2850005,-11.870209],[-47.2696112,-11.8488377],[-47.2489397,-11.8517735],[-47.2321509,-11.8385928],[-47.2133386,-11.8464302],[-47.2106861,-11.8498367]],[[-47.2106861,-11.8498367],[-47.208965,-11.8410891],[-47.2036301,-11.8369222]],[[-47.2036301,-11.8369222],[-47.2006993,-11.8322584],[-47.189475,-11.8249231],[-47.1830664,-11.8150636],[-47.187265,-11.7984844],[-47.1830914,-11.7904463],[-47.1765454,-11.7802431],[-47.1737079,-11.7675437],[-47.1620164,-11.7571113]],[[-47.1620164,-11.7571113],[-47.153292,-11.7461083]],[[-47.153292,-11.7461083],[-47.1517827,-11.7314256],[-47.1344196,-11.7052935],[-47.1398962,-11.6895222],[-47.1518714,-11.6826893],[-47.1458569,-11.6694331],[-47.1525246,-11.6531994],[-47.1437359,-11.6282239],[-47.1490826,-11.6174635],[-47.0812826,-11.5268886],[-47.0914317,-11.5155525],[-47.0892598,-11.4940325],[-47.1033367,-11.4719693],[-47.1256547,-11.4734431],[-47.1207751,-11.4687213],[-47.1182459,-11.4520388],[-47.1109844,-11.4456826],[-47.0849032,-11.4381216],[-47.0823891,-11.4130962],[-47.0907152,-11.3928922],[-47.1173692,-11.3816869],[-47.1094993,-11.3734654],[-47.0586212,-11.355299],[-47.0173511,-11.3534798],[-46.9793219,-11.3961704],[-46.967289,-11.3833944],[-46.9705098,-11.3651559],[-46.9604114,-11.3512822],[-46.9409732,-11.3467998],[-46.9252093,-11.3466353]],[[-46.9252093,-11.3466353],[-46.921686,-11.3454774]],[[-46.921686,-11.3454774],[-46.9015257,-11.3314018],[-46.8985913,-11.3171283],[-46.8867967,-11.2982333],[-46.8557654,-11.2808732],[-46.8501938,-11.2773325],[-46.8181308,-11.262965],[-46.8139281,-11.2592954],[-46.8116607,-11.2451259],[-46.801287,-11.2257677],[-46.7799847,-11.2194066],[-46.7608799,-11.2168438],[-46.7394834,-11.1977171],[-46.728601,-11.1943652],[-46.7136392,-11.2094405]],[[-46.7136392,-11.2094405],[-46.7049088,-11.1283207],[-46.7118337,-11.1241051]],[[-46.7118337,-11.1241051],[-46.7370825,-11.1240918],[-46.7489654,-11.1190006],[-46.7558275,-11.1064099],[-46.7754476,-11.1022383],[-46.7970117,-11.0897688],[-46.8440581,-11.097571],[-46.8572968,-11.1087979],[-46.9097028,-11.1221352],[-46.9215962,-11.1346918],[-46.9825202,-11.1636161],[-47.0201753,-11.1618992],[-47.0388719,-11.1523023],[-47.0573777,-11.1321357],[-47.0675021,-11.1333037],[-47.0912236,-11.1236041],[-47.1127773,-11.1054942],[-47.1297581,-11.1040247],[-47.1419735,-11.0857879],[-47.1631797,-11.0419188],[-47.1911347,-11.0355483],[-47.2317044,-11.0093697],[-47.2518754,-10.9987777],[-47.2611001,-10.9897424],[-47.2619691,-10.9837389],[-47.269211,-10.9794382],[-47.2984337,-10.9908612],[-47.3009281,-10.9926476],[-47.3309939,-11.0029331]],[[-49.334918,-12.5210833],[-49.3242703,-12.538697]],[[-49.3242703,-12.538697],[-49.3151888,-12.5350646],[-49.2992518,-12.5410231],[-49.2806024,-12.5485456],[-49.2673084,-12.5487591],[-49.2527366,-12.5637039],[-49.2051744,-12.5520016],[-49.1945544,-12.5583971],[-49.1586985,-12.5529685],[-49.1415976,-12.5667212],[-49.1393171,-12.5804804],[-49.1137621,-12.6057448],[-49.1156779,-12.6160816],[-49.0950634,-12.6292495],[-49.0886719,-12.6406347],[-49.0756768,-12.6264559],[-49.0481555,-12.6110996]],[[-49.0481555,-12.6110996],[-49.0497214,-12.6075335],[-49.0491826,-12.604086],[-49.0444303,-12.5962861],[-49.0367181,-12.5910451],[-49.035687,-12.5832131]],[[-49.035687,-12.5832131],[-49.0301346,-12.5732051],[-49.0328365,-12.5585325],[-49.0262733,-12.5355656],[-49.0258022,-12.4970322],[-49.0054732,-12.4962814]],[[-49.0054732,-12.4962814],[-48.9972763,-12.4950137]],[[-48.9972763,-12.4950137],[-48.991375,-12.4902252],[-48.9943224,-12.4898825],[-48.9973511,-12.4876631],[-48.9944327,-12.4840879],[-48.9867061,-12.4848696],[-48.9875199,-12.4749721],[-48.9973312,-12.4549298],[-48.9954419,-12.4447718],[-49.0084717,-12.4355195],[-48.9986449,-12.4225813],[-48.9820651,-12.4240066],[-48.9680976,-12.4078208],[-48.9624548,-12.4064662],[-48.9571884,-12.4122344],[-48.9492246,-12.4039812],[-48.9447244,-12.3982207],[-48.9409048,-12.4004228]],[[-48.9409048,-12.4004228],[-48.9318081,-12.3968955],[-48.9301379,-12.3949028],[-48.9280497,-12.3820962]],[[-48.9280497,-12.3820962],[-48.9353298,-12.367861],[-48.9314716,-12.3546627],[-48.9299086,-12.3413708],[-48.9319494,-12.3368804],[-48.9257438,-12.3276421],[-48.9176383,-12.332072]],[[-48.9176383,-12.332072],[-48.9107828,-12.3319507],[-48.9040854,-12.3266348],[-48.9023619,-12.3192605],[-48.9100595,-12.3063419],[-48.9080233,-12.3020795]],[[-48.9080233,-12.3020795],[-48.9151881,-12.2943496]],[[-48.9151881,-12.2943496],[-48.9258256,-12.2933439]],[[-48.9258256,-12.2933439],[-48.9309721,-12.2855537],[-48.9696731,-12.2636827],[-48.9843244,-12.2667599],[-49.0023566,-12.2591191],[-49.0244474,-12.2305216],[-49.0367566,-12.2229955],[-49.0396281,-12.1975331],[-49.0488169,-12.1922726],[-49.0544343,-12.1771278],[-49.0933324,-12.2146128],[-49.0996693,-12.2413752],[-49.1071661,-12.2520063],[-49.1370247,-12.2524107],[-49.1599759,-12.2355515],[-49.1742164,-12.2186526],[-49.1923176,-12.2111111],[-49.1945617,-12.2316065],[-49.1867449,-12.2461486],[-49.1895338,-12.2623547],[-49.1997401,-12.2662868],[-49.2154077,-12.2855413],[-49.223482,-12.294242],[-49.2338389,-12.3108401],[-49.2357321,-12.3267673],[-49.2280188,-12.3567944],[-49.2382988,-12.3827197],[-49.2509354,-12.3889241],[-49.2700014,-12.4256674],[-49.2676368,-12.4358503],[-49.2887746,-12.4692005],[-49.33188,-12.5089585],[-49.334918,-12.5210833]],[[-48.2329099,-5.9475667],[-48.2519581,-5.9603733],[-48.2919557,-5.9685142],[-48.321462,-5.9855016],[-48.3347163,-6.0042748],[-48.3385994,-6.0208396],[-48.3351601,-6.0357197],[-48.2984849,-6.0501309],[-48.286877,-6.0657689],[-48.2831587,-6.0815576],[-48.2880473,-6.0975637],[-48.305514,-6.118501],[-48.3245162,-6.1327193],[-48.3654883,-6.1473739],[-48.3912929,-6.1467035],[-48.4082705,-6.1534022],[-48.4319372,-6.1772936],[-48.436132,-6.2013716],[-48.4251505,-6.2337792],[-48.4189851,-6.2682436],[-48.4127108,-6.2813296],[-48.4171226,-6.2985866],[-48.3887249,-6.3215941],[-48.3756899,-6.3449927]],[[-48.3756899,-6.3449927],[-48.3583109,-6.3564486],[-48.3471858,-6.3560473],[-48.3447364,-6.3639153],[-48.3406894,-6.3664384]],[[-48.3406894,-6.3664384],[-48.3316609,-6.3759151]],[[-48.3316609,-6.3759151],[-48.3306681,-6.3761251],[-48.3186245,-6.3792784],[-48.3144378,-6.3801232],[-48.2949529,-6.3733782],[-48.2905085,-6.3717998],[-48.2815948,-6.3604629],[-48.2649806,-6.3549902],[-48.2302032,-6.3536906],[-48.2203556,-6.347339],[-48.2068608,-6.3493153],[-48.1897286,-6.3510883],[-48.1789119,-6.3495461],[-48.1635907,-6.3494891],[-48.1531332,-6.3528198],[-48.1417501,-6.358954],[-48.1320068,-6.3659985],[-48.1294297,-6.3746534],[-48.128071,-6.4234544],[-48.1075797,-6.4336739],[-48.1028711,-6.4422529],[-48.0724993,-6.4315378],[-48.0526744,-6.4385895],[-48.0258243,-6.4347662],[-48.020155,-6.423239],[-47.9769792,-6.4173134]],[[-47.9769792,-6.4173134],[-47.9634253,-6.3674617],[-47.9645849,-6.3440182],[-47.967678,-6.3334257],[-47.9661389,-6.3283096],[-47.9489091,-6.2861461]],[[-47.9489091,-6.2861461],[-47.9454081,-6.2753039]],[[-47.9454081,-6.2753039],[-47.9479941,-6.2661868],[-47.9500937,-6.2623313],[-47.9546582,-6.2319399]],[[-47.9546582,-6.2319399],[-47.9593515,-6.2230107]],[[-47.9593515,-6.2230107],[-47.9639936,-6.2159571],[-47.9709305,-6.216689],[-47.9757463,-6.2097539],[-47.9756722,-6.2059286],[-47.9772159,-6.201799],[-47.9737179,-6.1947624],[-47.9745299,-6.1879215],[-47.974437,-6.1849772]],[[-47.974437,-6.1849772],[-47.9860897,-6.1825812]],[[-47.9860897,-6.1825812],[-47.9929699,-6.1726945]],[[-47.9929699,-6.1726945],[-47.9966988,-6.1579542]],[[-47.9966988,-6.1579542],[-48.0051979,-6.1511268],[-48.0319464,-6.1357935],[-48.0425588,-6.1295175],[-48.1056482,-6.1212969],[-48.1267584,-6.1128641],[-48.1415297,-6.1182079],[-48.1460764,-6.1201988],[-48.150526,-6.1196925],[-48.153454,-6.120167],[-48.1576336,-6.1174522],[-48.1703029,-6.1117742],[-48.1760396,-6.1008098],[-48.1951021,-6.1016151],[-48.1951464,-6.0939819],[-48.1971556,-6.0925173],[-48.2021468,-6.0947024],[-48.2026973,-6.0870202],[-48.1983667,-6.0828014],[-48.1994988,-6.0728252],[-48.2076106,-6.0747185],[-48.2105564,-6.0522845],[-48.2072948,-6.0468109],[-48.209402,-6.0427994],[-48.1997967,-6.0463699],[-48.2245097,-6.0123543]],[[-48.2245097,-6.0123543],[-48.2311983,-6.0026797]],[[-48.2311983,-6.0026797],[-48.234825,-6.0080343],[-48.2354694,-6.0024144],[-48.2409314,-5.98897],[-48.2377126,-5.9737007],[-48.2274704,-5.9552785],[-48.2329099,-5.9475667]],[[-47.9457903,-6.2787057],[-47.9489091,-6.2861461]],[[-47.9769792,-6.4173134],[-47.9667078,-6.431806],[-47.9703588,-6.4416138],[-47.9754104,-6.4620836],[-47.975738,-6.4723313],[-47.9871345,-6.4792249],[-48.001341,-6.4829887],[-48.0133801,-6.4833484],[-48.025634,-6.5249056]],[[-48.025634,-6.5249056],[-48.0119734,-6.5571878],[-48.0150143,-6.5634971]],[[-48.0150143,-6.5634971],[-48.0147662,-6.5694434]],[[-48.0147662,-6.5694434],[-48.0103282,-6.5688273]],[[-48.0103282,-6.5688273],[-48.0078789,-6.5659252],[-48.0004972,-6.5660913],[-47.9971208,-6.5685537],[-47.9921958,-6.5635349],[-47.9893452,-6.5632842],[-47.9812097,-6.5617647],[-47.9770211,-6.5583667],[-47.9706606,-6.556301],[-47.9427844,-6.5502504],[-47.9281521,-6.5527838],[-47.8955562,-6.5473889],[-47.8655945,-6.5446516],[-47.8662171,-6.5431755]],[[-47.8662171,-6.5431755],[-47.8619789,-6.5410386]],[[-47.8619789,-6.5410386],[-47.8235381,-6.4268242]],[[-47.8235381,-6.4268242],[-47.8266752,-6.4048888],[-47.8149672,-6.3999616],[-47.8041079,-6.3753302],[-47.8034798,-6.3653205],[-47.8210572,-6.3348197],[-47.8227854,-6.3303373],[-47.8548561,-6.3443236],[-47.8648399,-6.3419161],[-47.8847636,-6.3215724],[-47.9043733,-6.3092951],[-47.9224364,-6.2858851],[-47.9418359,-6.2892004],[-47.9457903,-6.2787057]],[[-47.8951154,-9.7707386],[-47.9053583,-9.7768701],[-47.9185746,-9.782627],[-47.9326188,-9.7969997],[-47.9586627,-9.7926626],[-48.1030847,-9.8947339],[-48.0994086,-9.9016038],[-48.1138271,-9.9170551],[-48.1254515,-9.9256923],[-48.1339152,-9.9337721],[-48.1570479,-9.9425034],[-48.1841893,-9.9331739],[-48.2030147,-9.9376344],[-48.2276206,-9.9508135]],[[-48.2276206,-9.9508135],[-48.223171,-9.9552227]],[[-48.223171,-9.9552227],[-48.2211454,-9.9650931]],[[-48.2211454,-9.9650931],[-48.2217441,-9.9684208],[-48.2175125,-9.9726643],[-48.2135429,-9.9772685],[-48.2086342,-9.9836027],[-48.2052291,-10.0018242]],[[-48.2052291,-10.0018242],[-48.2066996,-10.0035767],[-48.2015112,-10.0147008],[-48.1864126,-10.0294888],[-48.1842578,-10.0332568]],[[-48.1842578,-10.0332568],[-48.1742357,-10.0364988],[-48.1624099,-10.0675994],[-48.1703396,-10.0792841],[-48.1692078,-10.1011455],[-48.1805882,-10.115549],[-48.1693377,-10.1330221],[-48.1505214,-10.1326221],[-48.1250008,-10.1088715],[-48.0922178,-10.1165187],[-48.0741052,-10.1136047],[-48.0671381,-10.120101],[-48.0204646,-10.1170557],[-48.0149415,-10.127724],[-48.0184424,-10.1643319],[-48.0116463,-10.1739665],[-47.9958671,-10.1641014],[-47.9881475,-10.1765232],[-47.9777164,-10.1758448],[-47.9746528,-10.1763889],[-47.9691147,-10.1743934],[-47.9640351,-10.1739806],[-47.9610047,-10.1718475],[-47.9615253,-10.165514],[-47.9576779,-10.1626617],[-47.9502407,-10.1639907],[-47.918038,-10.1460019],[-47.914842,-10.1373864],[-47.8959418,-10.1322763],[-47.9027373,-10.1153162],[-47.8965494,-10.1058101],[-47.880549,-10.1075758],[-47.8772707,-10.0915425],[-47.8485882,-10.0783997],[-47.8469322,-10.07055],[-47.8349885,-10.0452633],[-47.8300243,-10.0234398],[-47.8193895,-10.0185979]],[[-47.8193895,-10.0185979],[-47.8267657,-10.001996]],[[-47.8267657,-10.001996],[-47.8341748,-9.9928444],[-47.832073,-9.9678599],[-47.847314,-9.9528747],[-47.8605164,-9.9323374],[-47.8524936,-9.913475],[-47.8425363,-9.9077632],[-47.8444813,-9.8928792],[-47.8409307,-9.8781799]],[[-47.8409307,-9.8781799],[-47.8518335,-9.8715148],[-47.8601011,-9.8638911],[-47.8696603,-9.8538426]],[[-47.8696603,-9.8538426],[-47.8749988,-9.8456656],[-47.8794625,-9.8363497],[-47.8816614,-9.8130839]],[[-47.8816614,-9.8130839],[-47.8914036,-9.7943287]],[[-47.8914036,-9.7943287],[-47.8951154,-9.7707386]],[[-48.6662829,-6.6642333],[-48.6976577,-6.683716],[-48.7291282,-6.689262],[-48.7444027,-6.6985804],[-48.7690982,-6.7307016],[-48.8141895,-6.7517648],[-48.8322132,-6.754026],[-48.8532266,-6.7490823]],[[-48.8532266,-6.7490823],[-48.8534226,-6.7608641],[-48.8726843,-6.808403],[-48.8601079,-6.8243566],[-48.8647138,-6.8405049],[-48.8694451,-6.8546898],[-48.6697344,-6.9889824],[-48.6701154,-6.96481],[-48.6552878,-6.9504955],[-48.6385887,-6.9452016],[-48.622835,-6.9726927],[-48.6201449,-6.988205],[-48.6227577,-7.0097993],[-48.6093517,-7.0238643],[-48.6059454,-7.0526241],[-48.5972902,-7.0650196],[-48.564061,-7.0782379],[-48.5623967,-7.0908791],[-48.5576282,-7.1189338],[-48.5569187,-7.1469808],[-48.5521321,-7.1605895],[-48.5608318,-7.1699145],[-48.5589883,-7.2012138],[-48.5630782,-7.220155],[-48.5505367,-7.2350888],[-48.5540447,-7.2440139],[-48.5492761,-7.261268],[-48.5594621,-7.2690246]],[[-48.5594621,-7.2690246],[-48.5637939,-7.2891227]],[[-48.5637939,-7.2891227],[-48.5551089,-7.2942385],[-48.5486767,-7.3141004],[-48.5168482,-7.3009138],[-48.481602,-7.2573615],[-48.4800442,-7.2358569],[-48.4876066,-7.2123538],[-48.4710716,-7.2052658],[-48.4601865,-7.188463],[-48.4400978,-7.1764878],[-48.4385748,-7.1611191]],[[-48.4385748,-7.1611191],[-48.4272424,-7.1520203]],[[-48.4272424,-7.1520203],[-48.4325558,-7.1470766],[-48.43799,-7.1479293],[-48.4573551,-7.1262554],[-48.4544981,-7.1048166],[-48.4653717,-7.0827872],[-48.4611953,-7.0660396],[-48.450029,-7.046035],[-48.4492059,-7.0348294],[-48.4551005,-7.0306874],[-48.4547342,-7.0267449],[-48.4513395,-7.0225415],[-48.4468681,-7.0228938],[-48.427346,-6.9931683],[-48.4246336,-6.9826447]],[[-48.4246336,-6.9826447],[-48.4261608,-6.9764476]],[[-48.4261608,-6.9764476],[-48.4718701,-6.9516633],[-48.4762579,-6.9672413],[-48.4904854,-6.9814643],[-48.5043927,-6.9831771],[-48.5267187,-6.9610228],[-48.5431268,-6.9514284],[-48.5552169,-6.9545427],[-48.5643013,-6.9447711],[-48.5538335,-6.9355956],[-48.5594917,-6.9188377],[-48.5586053,-6.9031988],[-48.5487528,-6.8792718],[-48.5648016,-6.8574271],[-48.5944093,-6.851057],[-48.6013375,-6.8335271],[-48.6167045,-6.8417579],[-48.6403147,-6.8478467],[-48.6434818,-6.8362425],[-48.6308677,-6.8257688],[-48.631447,-6.8146651],[-48.6471116,-6.7900822],[-48.648513,-6.7659409],[-48.6583712,-6.7633503],[-48.6626986,-6.7526001],[-48.64805,-6.7426557],[-48.6451814,-6.7279404],[-48.6432491,-6.7258457],[-48.6547155,-6.708387],[-48.6573198,-6.7045258],[-48.6558761,-6.6942833],[-48.6601433,-6.6902859],[-48.6583085,-6.6777458],[-48.6573107,-6.6743164],[-48.6593035,-6.6737328],[-48.6662829,-6.6642333]],[[-49.3995833,-8.545124],[-49.4005772,-8.5587983],[-49.4098882,-8.5800019],[-49.4353258,-8.5981887],[-49.4540257,-8.6153915],[-49.4596943,-8.632245],[-49.4713612,-8.6480958],[-49.4876063,-8.6885047],[-49.5434457,-8.761395],[-49.5620082,-8.7969918],[-49.5845848,-8.8233223],[-49.5924113,-8.8394912],[-49.6126673,-8.846228],[-49.6414979,-8.8467186],[-49.6843583,-8.8564749],[-49.7334988,-8.9027029],[-49.7450881,-8.9061636],[-49.7545518,-8.9219624],[-49.7676841,-8.9336881],[-49.781532,-8.9620964],[-49.7936636,-8.9794338],[-49.8146359,-8.99751],[-49.8425897,-9.0273259],[-49.8503352,-9.0467154],[-49.8513689,-9.0637422]],[[-49.8513689,-9.0637422],[-49.7125438,-9.1754388]],[[-49.7125438,-9.1754388],[-49.7095015,-9.1751217]],[[-49.6093223,-9.2394882],[-49.6007883,-9.2570746],[-49.5894293,-9.258002]],[[-49.3962402,-9.1511329],[-49.3954185,-9.1461667]],[[-49.3954185,-9.1461667],[-49.3952083,-9.1353486],[-49.3949064,-9.1205464],[-49.3924317,-9.1012059],[-49.3802375,-9.0681196],[-49.3796453,-9.0111045],[-49.3830982,-8.993168],[-49.3784573,-8.9762294],[-49.381285,-8.947372],[-49.3943879,-8.9308553],[-49.4028248,-8.9248631],[-49.4059719,-8.9092596],[-49.4052894,-8.9024242],[-49.402363,-8.8982586],[-49.4023882,-8.8924407],[-49.3980647,-8.8989661],[-49.3955118,-8.901845],[-49.3906988,-8.9066279],[-49.3844056,-8.9110216],[-49.3488302,-8.9296726],[-49.3207343,-8.9394608],[-49.3018884,-8.9496652],[-49.2959469,-8.9504562],[-49.2780656,-8.9461513],[-49.2330263,-8.9493299],[-49.2285696,-8.9450238]],[[-49.2285696,-8.9450238],[-49.2236934,-8.9368456]],[[-49.2236934,-8.9368456],[-49.220012,-8.9221309],[-49.2277814,-8.9099003],[-49.2280004,-8.8923721],[-49.252912,-8.8879882],[-49.2692909,-8.8604769],[-49.2431204,-8.8369153],[-49.2447892,-8.8209556],[-49.2422792,-8.8177444],[-49.2427521,-8.8100016],[-49.2374518,-8.8039742],[-49.2270295,-8.7948352],[-49.2266358,-8.7761187],[-49.2308498,-8.7589259],[-49.2334022,-8.7240394],[-49.2458738,-8.7100315],[-49.2459958,-8.696215],[-49.2763917,-8.6618332]],[[-49.2763917,-8.6618332],[-49.2749424,-8.6600065],[-49.2753605,-8.6529868],[-49.2787528,-8.6513179],[-49.2827745,-8.6517261],[-49.2893568,-8.6450794]],[[-49.2893568,-8.6450794],[-49.2910464,-8.6361194]],[[-49.2910464,-8.6361194],[-49.2921194,-8.6327177],[-49.2928287,-8.6289239],[-49.3082501,-8.6191609],[-49.3247605,-8.5991383],[-49.3232462,-8.5849122],[-49.3361058,-8.57229],[-49.3429866,-8.5551526],[-49.3547044,-8.5465637],[-49.3602276,-8.5453623],[-49.3724275,-8.5429449],[-49.3886161,-8.5486377],[-49.3995833,-8.545124]],[[-49.5301405,-12.4350797],[-49.5381532,-12.4314491],[-49.5383455,-12.4179404],[-49.5507473,-12.4073675],[-49.5543059,-12.4063532],[-49.5555315,-12.4082733],[-49.5554018,-12.4159077],[-49.5533434,-12.4265302]],[[-49.5533434,-12.4265302],[-49.5563277,-12.4403444],[-49.5571871,-12.465497],[-49.5427946,-12.4728829],[-49.5443189,-12.4871313],[-49.5410864,-12.493428]],[[-49.5410864,-12.493428],[-49.5335629,-12.5063841],[-49.5267585,-12.5085715],[-49.5187016,-12.5083718]],[[-49.5187016,-12.5083718],[-49.5208612,-12.5245769],[-49.5421189,-12.5388306],[-49.5458894,-12.5463713],[-49.5568517,-12.5584572],[-49.5738408,-12.5694267],[-49.5895851,-12.5892008],[-49.6046995,-12.5935138],[-49.6132984,-12.6084846],[-49.6272769,-12.6136329],[-49.6369485,-12.6092887],[-49.6625957,-12.6141029],[-49.7062353,-12.631614],[-49.7236357,-12.6553125],[-49.7271296,-12.6581231],[-49.7288036,-12.6624752],[-49.7336567,-12.6702869],[-49.7390087,-12.6757855],[-49.7530856,-12.6974198],[-49.755497,-12.6975603],[-49.7802831,-12.7051961],[-49.8082274,-12.6837375],[-49.8377573,-12.6866958],[-49.8482365,-12.6797231],[-49.8587055,-12.6771136],[-49.8855107,-12.6654961],[-49.9012292,-12.6632458],[-49.9153381,-12.6682795],[-49.9224995,-12.6616103],[-49.9473682,-12.6522174],[-49.9578923,-12.647436],[-49.9864201,-12.6410374],[-49.9827811,-12.6464975],[-49.9992777,-12.644206],[-50.0239941,-12.6516695],[-50.0416932,-12.661437],[-50.0572664,-12.6359377],[-50.0736067,-12.6227024],[-50.1001623,-12.6133195],[-50.1097643,-12.6091794],[-50.1336609,-12.6222911],[-50.1668698,-12.6147246],[-50.1821588,-12.5959771],[-50.1915077,-12.5761419],[-50.1906416,-12.566493]],[[-50.1906416,-12.566493],[-50.2013347,-12.5628016],[-50.2240634,-12.5852615],[-50.2378185,-12.5792529],[-50.2447603,-12.5974743],[-50.2363815,-12.6236716],[-50.2684329,-12.6517489],[-50.2636153,-12.6665305],[-50.271462,-12.6832418],[-50.2954765,-12.6836702],[-50.2938011,-12.7118934],[-50.2832766,-12.7177793],[-50.2882198,-12.7348842],[-50.3024772,-12.7473437],[-50.3107784,-12.7916062],[-50.3076852,-12.8174172],[-50.2960416,-12.8314538],[-50.2746887,-12.8434344],[-50.2650973,-12.8416278],[-50.2504494,-12.85349],[-50.225444,-12.8599517],[-50.2244967,-12.87304],[-50.185178,-12.8936382],[-50.1578672,-12.8931307],[-50.1470251,-12.9032391],[-50.0917026,-12.9085261],[-50.0780612,-12.9056506],[-50.0721521,-12.9169548],[-50.0558533,-12.9202356],[-50.0374525,-12.9356091],[-50.0232856,-12.9284945],[-50.0093375,-12.9310255],[-49.9929766,-12.9443222],[-49.9818153,-12.9420719],[-49.9499656,-12.9592881],[-49.9330662,-12.9566911],[-49.909284,-12.9676721],[-49.9092331,-12.9748676],[-49.3683159,-13.2723014],[-49.3372447,-13.2472816],[-49.3489569,-13.2105459],[-49.3470578,-13.1676757],[-49.3557086,-13.1557731],[-49.3535662,-13.1432846],[-49.3410799,-13.1274961],[-49.3543037,-13.1123772],[-49.3520922,-13.0926942],[-49.3372722,-13.0643396],[-49.3069216,-13.0331474],[-49.2855884,-12.9924131],[-49.2757252,-12.979242],[-49.2797504,-12.9669855],[-49.2675385,-12.9443663],[-49.2492919,-12.9265398],[-49.2488814,-12.9060402],[-49.2338225,-12.8885776],[-49.2487144,-12.8750003]],[[-49.2487144,-12.8750003],[-49.252746,-12.8750722],[-49.2554868,-12.8698604],[-49.2537874,-12.8618134],[-49.2519384,-12.8585027],[-49.2541174,-12.8546983],[-49.2625329,-12.842295],[-49.2738888,-12.8354667],[-49.2825498,-12.8326153],[-49.2922261,-12.8139108],[-49.3234276,-12.814693],[-49.3218727,-12.8042459],[-49.3480897,-12.7901342],[-49.3423919,-12.7807652],[-49.3542179,-12.7635137],[-49.3453887,-12.736629],[-49.3509975,-12.7256782],[-49.3473241,-12.6947038],[-49.333392,-12.6651265],[-49.3287133,-12.6270218],[-49.3417901,-12.614366],[-49.3496665,-12.5954161],[-49.3478483,-12.5855868],[-49.358471,-12.5702554],[-49.3551318,-12.5545212],[-49.3618139,-12.532552]],[[-49.3618139,-12.532552],[-49.3696279,-12.528884]],[[-49.3696279,-12.528884],[-49.3814968,-12.523456],[-49.4109783,-12.5066883],[-49.4218055,-12.5164149],[-49.4285342,-12.4861025],[-49.442947,-12.4864588],[-49.4636762,-12.4782396],[-49.4680225,-12.4667977],[-49.4891358,-12.4876544],[-49.5072608,-12.4729457],[-49.5030507,-12.4577572],[-49.5168344,-12.4570702],[-49.5234301,-12.4407647],[-49.519867,-12.4304599],[-49.5301405,-12.4350797]],[[-48.2854268,-6.9544765],[-48.2973768,-6.9437432]],[[-48.2973768,-6.9437432],[-48.3001581,-6.9458968],[-48.29561,-6.9566826],[-48.3095896,-6.9873463],[-48.3087637,-7.0061855],[-48.2964821,-7.0410135],[-48.3055342,-7.0664399],[-48.3035827,-7.0818651],[-48.3061341,-7.1130495],[-48.3144975,-7.1233002],[-48.3330148,-7.1394422],[-48.3388377,-7.137912]],[[-48.3388377,-7.137912],[-48.3434339,-7.1345338],[-48.3551564,-7.1406693],[-48.3595569,-7.1392719],[-48.3653879,-7.1430471],[-48.3733292,-7.1357163]],[[-48.3733292,-7.1357163],[-48.4186239,-7.1499897],[-48.421064,-7.1485879],[-48.4220895,-7.1466999]],[[-48.4220895,-7.1466999],[-48.430145,-7.1582411],[-48.4385748,-7.1611191]],[[-48.5637939,-7.2891227],[-48.5622161,-7.2766187]],[[-48.5622161,-7.2766187],[-48.6851747,-7.2819646]],[[-48.6851747,-7.2819646],[-48.6909751,-7.2721904],[-48.7106863,-7.2693249],[-48.7311279,-7.2740144],[-48.7525955,-7.263387],[-48.7888965,-7.2690566],[-48.8067683,-7.2623128],[-48.8231309,-7.2649315],[-48.8457376,-7.2604979],[-48.8558756,-7.2500022],[-48.8710107,-7.245216],[-48.8759479,-7.2531844],[-48.9036238,-7.2407386],[-48.9097517,-7.2423656],[-48.9308616,-7.2296188],[-48.9433304,-7.2350218],[-48.9644423,-7.2310224],[-48.989337,-7.2413887],[-48.9975938,-7.2520127],[-49.0140062,-7.259147],[-49.045986,-7.24538],[-49.0570719,-7.2353092],[-49.0871485,-7.2235096],[-49.1041614,-7.2232273],[-49.1193136,-7.2083444],[-49.1444953,-7.2066802],[-49.1753871,-7.2003384],[-49.1743563,-7.1993391],[-49.1785265,-7.1951646]],[[-49.1785265,-7.1951646],[-49.1852842,-7.2351718],[-49.2067867,-7.2707293],[-49.2159234,-7.2977333],[-49.231475,-7.3257861],[-49.2543332,-7.3494278],[-49.2639958,-7.3642364]],[[-49.2639958,-7.3642364],[-49.2572117,-7.3794803],[-49.2557498,-7.380104],[-49.252714,-7.3957463],[-49.2584108,-7.4188614],[-49.2421158,-7.4390771],[-49.2382953,-7.4864264],[-49.2167864,-7.4896699],[-49.2055866,-7.495831],[-49.1903638,-7.4951945],[-49.1218392,-7.5018729],[-49.1095824,-7.499096],[-49.0713059,-7.5020805],[-49.0428432,-7.4996365],[-49.0166805,-7.5065353],[-49.0053679,-7.4764775],[-48.9862383,-7.4650104],[-48.9710613,-7.450977],[-48.9518538,-7.4404108],[-48.9440831,-7.4323467],[-48.9438714,-7.4446409],[-48.9246567,-7.4810562],[-48.9126487,-7.4634314],[-48.8959195,-7.4588155],[-48.8837022,-7.4446299],[-48.851327,-7.4544251],[-48.8028782,-7.4443294],[-48.7960215,-7.4609363],[-48.7849043,-7.4700604],[-48.7873964,-7.4846446],[-48.7404752,-7.4866559],[-48.7226415,-7.4976349],[-48.7057563,-7.4903085],[-48.6716188,-7.49124],[-48.6574696,-7.5048147],[-48.6366088,-7.4966132],[-48.6200315,-7.503759],[-48.6108125,-7.5173983],[-48.6274071,-7.5267828],[-48.6100377,-7.5475106],[-48.6118149,-7.5569508],[-48.5962343,-7.5629493]],[[-48.5962343,-7.5629493],[-48.5955844,-7.548228]],[[-48.5955844,-7.548228],[-48.6008512,-7.5218919],[-48.58652,-7.4992307],[-48.5917318,-7.4629231],[-48.5892693,-7.4523379],[-48.5893498,-7.4449093],[-48.5870684,-7.445023],[-48.5815325,-7.4474279],[-48.5562224,-7.4530436],[-48.5391784,-7.4437285],[-48.5286613,-7.4456379],[-48.5104776,-7.4388049],[-48.5022782,-7.4416473],[-48.4995264,-7.4420873],[-48.495259,-7.4442275],[-48.4884971,-7.4470203],[-48.4808318,-7.4502861],[-48.4852945,-7.46418],[-48.474391,-7.4805686],[-48.4589285,-7.4854449],[-48.4469292,-7.498842],[-48.4276306,-7.5004206],[-48.4208378,-7.493839],[-48.3957728,-7.5026016],[-48.3820701,-7.4927673],[-48.374104,-7.4697937],[-48.3431292,-7.4592654],[-48.3330465,-7.4439487],[-48.322561,-7.4499326],[-48.2916827,-7.4531992],[-48.2823071,-7.4812821],[-48.2678814,-7.4815315],[-48.261888,-7.4916058],[-48.2369766,-7.4886452],[-48.2228899,-7.4978974],[-48.1994692,-7.5036462],[-48.1845274,-7.5236505],[-48.1760988,-7.5231373],[-48.1529369,-7.525091]],[[-48.1529369,-7.525091],[-48.1439426,-7.5261416],[-48.1347671,-7.5314363]],[[-48.1347671,-7.5314363],[-48.1231167,-7.5318392],[-48.1146124,-7.5427982],[-48.0940729,-7.5480356]],[[-48.0940729,-7.5480356],[-48.0830378,-7.5386785]],[[-48.0830378,-7.5386785],[-48.1060418,-7.4788029],[-48.094057,-7.471572],[-48.0929818,-7.4603206],[-48.0787771,-7.4499389],[-48.0797138,-7.4299809],[-48.0696551,-7.4272374],[-48.0555766,-7.3865473],[-48.0572983,-7.3673061],[-48.0500112,-7.360113],[-48.046442,-7.3583236]],[[-48.046442,-7.3583236],[-48.0559094,-7.3493406]],[[-48.0559094,-7.3493406],[-48.0617239,-7.326704],[-48.075539,-7.3108933],[-48.081002,-7.2859399],[-48.0777071,-7.2766108],[-48.0730475,-7.2228677],[-48.0963528,-7.2089694],[-48.0858046,-7.1946937],[-48.0878499,-7.1854284],[-48.078611,-7.1705375],[-48.0833448,-7.1580602],[-48.102706,-7.1636706],[-48.1391967,-7.1227494]],[[-48.1391967,-7.1227494],[-48.1976282,-7.1466767],[-48.1806924,-7.1272677],[-48.1939286,-7.1096536],[-48.1900567,-7.0926761],[-48.1963585,-7.0651979],[-48.1897846,-7.0561935],[-48.1945003,-7.0440131],[-48.1842993,-7.0150804]],[[-48.1842993,-7.0150804],[-48.1981602,-7.0102325]],[[-48.1981602,-7.0102325],[-48.2029117,-7.0079061],[-48.2072695,-7.0053979],[-48.227348,-6.9882941],[-48.2505603,-6.9917062],[-48.268025,-6.9782373],[-48.2863373,-6.9720956],[-48.2854268,-6.9544765]],[[-48.6336532,-6.4913726],[-48.6462681,-6.5088892],[-48.6467141,-6.5238333],[-48.6581039,-6.5394128],[-48.6645491,-6.5676742],[-48.6539295,-6.6015438],[-48.6519604,-6.6399512],[-48.6662829,-6.6642333]],[[-48.4261608,-6.9764476],[-48.4215255,-6.9732616]],[[-48.4215255,-6.9732616],[-48.4100262,-6.964512],[-48.4084483,-6.9603856],[-48.3671891,-6.9406097],[-48.353947,-6.9397884],[-48.3475064,-6.9346267],[-48.3346184,-6.9267882],[-48.3199255,-6.9248944],[-48.3180193,-6.9237325]],[[-48.3180193,-6.9237325],[-48.3139829,-6.9235153]],[[-48.3139829,-6.9235153],[-48.3137424,-6.9035787],[-48.3298243,-6.8929937],[-48.3407813,-6.8947602],[-48.3492301,-6.8834517],[-48.3541319,-6.8736347],[-48.3544788,-6.8662725],[-48.3600578,-6.8647095],[-48.3714842,-6.8609147]],[[-48.3714842,-6.8609147],[-48.3853141,-6.8527492],[-48.3920186,-6.8445989]],[[-48.3920186,-6.8445989],[-48.4104349,-6.8401761],[-48.4152961,-6.8329415],[-48.4264256,-6.838185],[-48.4505744,-6.8093267],[-48.4566059,-6.8209436],[-48.459568,-6.8207005],[-48.4638554,-6.8111382],[-48.4622614,-6.803698],[-48.4581647,-6.7856049],[-48.4699586,-6.7706192],[-48.4550352,-6.7259574],[-48.4557516,-6.6916436],[-48.4609973,-6.6747916],[-48.4645096,-6.6698672],[-48.4754759,-6.6621784],[-48.4987343,-6.6578205],[-48.5141195,-6.6684514],[-48.5411107,-6.6531137],[-48.5478094,-6.6426385],[-48.5612553,-6.6366674],[-48.5738406,-6.6334868],[-48.5706841,-6.6285175],[-48.5867834,-6.6255066],[-48.5869608,-6.611256],[-48.5946813,-6.6012113],[-48.5956708,-6.5943672],[-48.6035767,-6.5973897],[-48.613732,-6.5821333],[-48.6366916,-6.5816088],[-48.6276935,-6.558974],[-48.6339808,-6.5500582],[-48.6322964,-6.540285],[-48.6271249,-6.499137],[-48.6336532,-6.4913726]],[[-48.3259606,-5.2922518],[-48.3306488,-5.2808612],[-48.3401346,-5.2813099],[-48.3473094,-5.2797045]],[[-48.3473094,-5.2797045],[-48.368406,-5.2801735],[-48.393256,-5.286074],[-48.4046615,-5.2949586]],[[-48.4046615,-5.2949586],[-48.4056497,-5.3137664]],[[-48.4056497,-5.3137664],[-48.4289801,-5.3193718],[-48.4410273,-5.325348],[-48.4497337,-5.3429558],[-48.4458968,-5.3548959],[-48.442883,-5.369649],[-48.4401322,-5.381035],[-48.4482134,-5.3954956],[-48.4414738,-5.407992]],[[-48.4414738,-5.407992],[-48.4195638,-5.4018254],[-48.401442,-5.4034099],[-48.3847425,-5.3942068],[-48.3703012,-5.4068412],[-48.347241,-5.4353555],[-48.341084,-5.4670646],[-48.328787,-5.4910438],[-48.300707,-5.5230066],[-48.2786891,-5.5404233],[-48.2615135,-5.5480712],[-48.2380102,-5.5527711],[-48.2261928,-5.5506543],[-48.1947353,-5.5630933],[-48.138152,-5.6026901],[-48.1322491,-5.6181301],[-48.1412274,-5.6543538],[-48.1631867,-5.6949288],[-48.1759831,-5.7122958],[-48.2009025,-5.7229528],[-48.2306488,-5.7292609],[-48.27571,-5.7265134],[-48.2902384,-5.7435391],[-48.2976365,-5.7651235],[-48.2997946,-5.7959706],[-48.2919698,-5.8368374],[-48.2703991,-5.871435],[-48.2456023,-5.8962332],[-48.2301253,-5.9225184],[-48.2329099,-5.9475667]],[[-48.2311983,-6.0026797],[-48.2206999,-6.0030735]],[[-48.2206999,-6.0030735],[-48.2058279,-6.0037213],[-48.1977216,-5.999913],[-48.1745004,-6.0089586],[-48.1460645,-5.9997121],[-48.1354506,-5.9856488],[-48.1165687,-5.9734817],[-48.1051847,-5.9734219],[-48.0906969,-5.9643189],[-48.0807145,-5.96658]],[[-48.0807145,-5.96658],[-48.0744536,-5.96582],[-48.0734882,-5.964978],[-48.0803613,-5.9401633]],[[-48.0803613,-5.9401633],[-48.0895955,-5.9353877],[-48.0899494,-5.9210196],[-48.0811092,-5.905961],[-48.072961,-5.8790883],[-48.0577947,-5.8835136],[-48.0476235,-5.8910094],[-48.0299426,-5.8959297],[-48.0179748,-5.8929166],[-48.0197017,-5.9025023],[-48.0029602,-5.912024],[-48.0002611,-5.9271254],[-47.9786499,-5.9374201],[-47.9627996,-5.9393807],[-47.9387962,-5.9698],[-47.90349,-5.9637597],[-47.8812942,-5.9462342],[-47.8844322,-5.8973343],[-47.8840435,-5.8886444],[-47.8814854,-5.8747834],[-47.8514084,-5.8681679],[-47.8643325,-5.753007],[-47.8418307,-5.7568574]],[[-47.8418307,-5.7568574],[-47.8267642,-5.7493334],[-47.8213802,-5.7494748],[-47.8157418,-5.7518804]],[[-47.8157418,-5.7518804],[-47.8111263,-5.7607583],[-47.804787,-5.7647103],[-47.7959032,-5.7645472]],[[-47.7959032,-5.7645472],[-47.7754421,-5.7743443]],[[-47.7754421,-5.7743443],[-47.7645905,-5.7698585]],[[-47.7645905,-5.7698585],[-47.766333,-5.7399493],[-47.7727379,-5.7317298],[-47.7761765,-5.7060645],[-47.7908101,-5.6834538],[-47.8177267,-5.6700696],[-47.831572,-5.6595501]],[[-47.831572,-5.6595501],[-47.8456306,-5.6612616]],[[-47.8456306,-5.6612616],[-47.8538437,-5.6672187],[-47.8749985,-5.6656254],[-47.887193,-5.6297556],[-47.8867575,-5.6197841],[-47.8948666,-5.6093451],[-47.9067009,-5.6140196],[-47.9174395,-5.5854237],[-47.9285901,-5.5883765],[-47.9347,-5.5688295],[-47.951313,-5.5600257],[-47.9701891,-5.556403],[-47.9802429,-5.5271824],[-48.0000005,-5.5090854],[-48.0112419,-5.4807868],[-48.0318427,-5.4618642],[-48.0444387,-5.4593903]],[[-48.0444387,-5.4593903],[-48.0526657,-5.4482874],[-48.0633164,-5.4415426],[-48.0891687,-5.4345165]],[[-48.0891687,-5.4345165],[-48.1232053,-5.4301377],[-48.1278002,-5.4146638],[-48.1541437,-5.3978698],[-48.1718855,-5.3819555],[-48.1925059,-5.3729958],[-48.1928292,-5.3633556],[-48.2096098,-5.3642105],[-48.2211426,-5.3472202],[-48.2372474,-5.3473973],[-48.2323893,-5.3235265]],[[-48.2323893,-5.3235265],[-48.2507174,-5.3188644],[-48.2578264,-5.3126251]],[[-48.2578264,-5.3126251],[-48.2737404,-5.3057645],[-48.3071866,-5.2995981],[-48.3259606,-5.2922518]],[[-49.3423419,-7.655784],[-49.3232252,-7.6817477],[-49.2965276,-7.6964425],[-49.2681987,-7.7204984],[-49.2399968,-7.7407245],[-49.2211632,-7.7615992],[-49.1922168,-7.780734],[-49.16552,-7.7887831],[-49.1505808,-7.8021977],[-49.1500554,-7.8121134],[-49.164913,-7.8328703],[-49.1672618,-7.8564048]],[[-49.1672618,-7.8564048],[-49.148806,-7.8589878],[-49.1477672,-7.870069],[-49.1281392,-7.8713351],[-49.0940127,-7.8835186],[-49.0705612,-7.8752607],[-49.0588951,-7.8830287],[-49.0363155,-7.8806957],[-49.0317592,-7.8709516],[-49.0000823,-7.8774886],[-48.9608231,-7.8712484],[-48.9370635,-7.8562647],[-48.9127684,-7.8489885],[-48.888483,-7.8704121],[-48.8789975,-7.8745472],[-48.8688995,-7.8777477],[-48.8666734,-7.8796593],[-48.8615644,-7.8824459],[-48.8550128,-7.8830725],[-48.8509632,-7.8841423]],[[-48.8509632,-7.8841423],[-48.8488342,-7.8867288]],[[-48.8488342,-7.8867288],[-48.8205653,-7.8781926],[-48.8039871,-7.8564197],[-48.7855201,-7.8170994],[-48.7809173,-7.7986357],[-48.7776716,-7.7924126],[-48.7411922,-7.6429585],[-48.7490915,-7.6395942],[-48.7490868,-7.6295113],[-48.7539515,-7.6127826]],[[-48.7539515,-7.6127826],[-48.7638169,-7.6021609]],[[-48.7638169,-7.6021609],[-48.7664367,-7.6055919],[-48.7685974,-7.6049271],[-48.7752741,-7.6020087],[-48.7778733,-7.6011885],[-48.7803484,-7.5870819],[-48.7937017,-7.5809264],[-48.8078251,-7.5694963],[-48.8265735,-7.5818796],[-48.8442566,-7.5845681],[-48.8626233,-7.5775399],[-48.8908601,-7.5791995],[-48.9056064,-7.5859033],[-48.9182782,-7.5838222],[-48.9347339,-7.5915706],[-48.9703317,-7.5975833],[-48.9806711,-7.6059958],[-48.9948668,-7.6047826],[-49.0265443,-7.6099961],[-49.0344778,-7.6208965],[-49.0640286,-7.6086294],[-49.0812957,-7.6138013],[-49.095022,-7.6044439],[-49.1316148,-7.5988448],[-49.1496306,-7.6133334],[-49.1978741,-7.6062609],[-49.2050798,-7.61524],[-49.2363437,-7.6073663],[-49.2485374,-7.6237358],[-49.2612369,-7.6232658],[-49.2711569,-7.6349998],[-49.2985186,-7.641661],[-49.3423419,-7.655784]],[[-47.1172543,-12.361906],[-47.1441175,-12.368765],[-47.149958,-12.3750046],[-47.1631943,-12.3901629],[-47.1698661,-12.3992149],[-47.1908926,-12.4073095]],[[-47.1908926,-12.4073095],[-47.1952093,-12.4161693],[-47.2008215,-12.421671],[-47.2196851,-12.4245776]],[[-47.2196851,-12.4245776],[-47.2313823,-12.4315015],[-47.2480449,-12.4273276]],[[-47.2480449,-12.4273276],[-47.2673898,-12.4215101],[-47.2805047,-12.4259011]],[[-47.2805047,-12.4259011],[-47.288884,-12.4337047],[-47.2934108,-12.4487124],[-47.2915306,-12.4491903],[-47.289395,-12.4539544]],[[-47.289395,-12.4539544],[-47.2788223,-12.457929],[-47.2662175,-12.4646938],[-47.262284,-12.4880266],[-47.2422431,-12.4936036],[-47.244013,-12.5090423],[-47.2326557,-12.5172278],[-47.2361095,-12.5339551],[-47.2507389,-12.5624537],[-47.2447041,-12.5768578],[-47.227905,-12.5815738],[-47.2186792,-12.6014222],[-47.2143871,-12.6132813],[-47.2150346,-12.6121402],[-47.2201434,-12.6131379],[-47.2245417,-12.6234662],[-47.2449523,-12.6349918],[-47.2514335,-12.6470424],[-47.2581573,-12.6571709],[-47.2683472,-12.6690746],[-47.2760928,-12.6737329],[-47.3210773,-12.694241],[-47.3430437,-12.6927641],[-47.3499541,-12.6927317],[-47.3629544,-12.7019115],[-47.3699841,-12.7093744],[-47.363453,-12.7283245],[-47.3611038,-12.7381571]],[[-47.3611038,-12.7381571],[-47.3557787,-12.7390796],[-47.3543148,-12.7482876],[-47.3484353,-12.7571718],[-47.335016,-12.7663423],[-47.325775,-12.7658501]],[[-47.325775,-12.7658501],[-47.3117569,-12.7832446],[-47.2932131,-12.7917697],[-47.2858875,-12.8141688],[-47.274063,-12.817585],[-47.2678776,-12.8157448],[-47.259167,-12.8159489],[-47.2509415,-12.813179],[-47.2271699,-12.8240569],[-47.2573383,-12.8373913],[-47.2775823,-12.8364132],[-47.2823539,-12.8424541],[-47.3165238,-12.8551417],[-47.3197712,-12.8772947],[-47.3301578,-12.8947162],[-47.3489341,-12.9152567],[-47.3603728,-12.9117252],[-47.3633085,-12.9293577],[-47.4051334,-12.9430203],[-47.4142907,-12.9325516],[-47.4405199,-12.9342726],[-47.4474358,-12.9475905],[-47.4599159,-12.9564935],[-47.450654,-12.9633431],[-47.4347301,-12.9795395],[-47.437521,-12.9916385],[-47.4338327,-13.0236777],[-47.4171066,-13.0255007],[-47.4043294,-13.0442239],[-47.4062622,-13.0707086],[-47.3953771,-13.0747462],[-47.4027278,-13.0971854],[-47.3972372,-13.1148013],[-47.4021247,-13.1209409],[-47.40856,-13.1227884],[-47.4459253,-13.1137777],[-47.4690043,-13.1167877],[-47.4949949,-13.1122813],[-47.5037764,-13.1246466],[-47.5121276,-13.1326544],[-47.517131,-13.1327877],[-47.5220412,-13.1342517],[-47.531237,-13.1303811],[-47.5647849,-13.1114529],[-47.568657,-13.1168652]],[[-47.568657,-13.1168652],[-47.5609637,-13.1246607],[-47.5688109,-13.1462027],[-47.5658076,-13.177352],[-47.5578012,-13.1868503],[-47.5410293,-13.1917981],[-47.5177151,-13.1833875],[-47.5088443,-13.1900339],[-47.487209,-13.1826901],[-47.4774514,-13.1871897],[-47.4878931,-13.2112802],[-47.4846822,-13.2218774],[-47.4651907,-13.227158],[-47.4390922,-13.2236805],[-47.4328978,-13.2384164],[-47.4510783,-13.2423925],[-47.454454,-13.2500071],[-47.4364455,-13.2667829],[-47.4325891,-13.2886293],[-47.4214549,-13.2864385],[-47.4171999,-13.2708326],[-47.3914681,-13.2583855],[-47.394499,-13.2462665],[-47.3797227,-13.2306025],[-47.3555134,-13.2428972],[-47.3381852,-13.2463509],[-47.3238054,-13.2582586],[-47.3063623,-13.249093],[-47.2937228,-13.251752],[-47.2821518,-13.2651268],[-47.2683979,-13.2374476],[-47.2482667,-13.2278975],[-47.2523793,-13.2126088],[-47.2337786,-13.205155],[-47.2296138,-13.1947384],[-47.1969246,-13.1936844],[-47.1679426,-13.2111178],[-47.1539664,-13.2102795],[-47.1335041,-13.1993901],[-47.1321165,-13.1778641],[-47.0854035,-13.1717336],[-47.0712409,-13.1589459],[-47.0475056,-13.1567452],[-47.0425302,-13.1487601],[-47.0078393,-13.1386366],[-47.0053109,-13.1265186],[-46.9791473,-13.1218422],[-46.9540417,-13.1088341],[-46.9463826,-13.0990926],[-46.9275007,-13.0897505],[-46.8916768,-13.0523851],[-46.8782265,-13.0516605],[-46.8614231,-13.0667377],[-46.8423856,-13.0361763],[-46.8318718,-13.0280991],[-46.8228182,-13.0067893],[-46.814738,-13.0011248],[-46.750611,-12.969155],[-46.6354107,-12.9699326]],[[-46.6354107,-12.9699326],[-46.634146,-12.941875],[-46.6256819,-12.9211106],[-46.6278634,-12.9085645],[-46.615797,-12.8791449],[-46.6253116,-12.8615336],[-46.6135496,-12.8349108],[-46.607272,-12.8289412],[-46.6015283,-12.8210357],[-46.594695,-12.8103239]],[[-46.594695,-12.8103239],[-46.5951698,-12.7962581]],[[-46.5951698,-12.7962581],[-46.6001659,-12.7885503],[-46.5935378,-12.7715276],[-46.5976378,-12.7462894],[-46.6049391,-12.7386585]],[[-46.6049391,-12.7386585],[-46.6109377,-12.725786]],[[-46.6109377,-12.725786],[-46.6116151,-12.7100931],[-46.6184159,-12.6760124]],[[-46.6184159,-12.6760124],[-46.6272631,-12.6650967]],[[-46.6272631,-12.6650967],[-46.6325991,-12.658482],[-46.6452249,-12.6583469],[-46.6509831,-12.653853],[-46.6619926,-12.6418834],[-46.6730774,-12.6476307],[-46.6814511,-12.6320416],[-46.6845159,-12.6299749],[-46.6870902,-12.6273948],[-46.6786809,-12.6224969],[-46.6949967,-12.5944506],[-46.7019804,-12.5915076],[-46.7045352,-12.589004]],[[-46.7045352,-12.589004],[-46.7031947,-12.5851284],[-46.7057439,-12.5847295]],[[-46.7057439,-12.5847295],[-46.7076854,-12.5881707]],[[-46.7076854,-12.5881707],[-46.710217,-12.5895321],[-46.7166553,-12.5807948],[-46.7330694,-12.5740116],[-46.7425843,-12.5725436],[-46.7479097,-12.5520941],[-46.7767689,-12.5396184],[-46.7855699,-12.5252106],[-46.807015,-12.5062409],[-46.8090149,-12.4931506],[-46.8219193,-12.4848387],[-46.8625691,-12.4719578],[-46.8695727,-12.4576322],[-46.886264,-12.4648517],[-46.8941214,-12.45773],[-46.8907652,-12.4412165],[-46.898205,-12.4319812],[-46.8991381,-12.4080003],[-46.9165993,-12.3969485],[-46.9418693,-12.381141]],[[-46.9418693,-12.381141],[-46.9544922,-12.3774873]],[[-46.9544922,-12.3774873],[-46.9606522,-12.3734643],[-46.9679446,-12.3724489],[-46.9691664,-12.3707716]],[[-46.9691664,-12.3707716],[-46.9769624,-12.3713218],[-46.982051,-12.3657863],[-46.9927011,-12.3612339],[-47.0134568,-12.3727567],[-47.0192994,-12.3693955]],[[-47.0192994,-12.3693955],[-47.0360016,-12.3705861],[-47.0582225,-12.3620793],[-47.0617408,-12.3609766],[-47.0807029,-12.3519848],[-47.1027277,-12.3612309],[-47.1172543,-12.361906]],[[-48.0635709,-5.3799337],[-48.0621996,-5.3892406],[-48.0647543,-5.3916817]],[[-48.0647543,-5.3916817],[-48.0693607,-5.4058098],[-48.0701715,-5.4117803],[-48.0756768,-5.4191703],[-48.0736323,-5.4266598],[-48.0760842,-5.4286797],[-48.0780416,-5.4381281]],[[-48.0780416,-5.4381281],[-48.0650489,-5.4408937],[-48.0563158,-5.4457355],[-48.0490708,-5.4517359],[-48.0444387,-5.4593903]],[[-47.8456306,-5.6612616],[-47.8391495,-5.6431476]],[[-47.8391495,-5.6431476],[-47.8407892,-5.6197059],[-47.8376499,-5.6041878],[-47.8404021,-5.6019093]],[[-47.8404021,-5.6019093],[-47.8442705,-5.5859628],[-47.8595846,-5.5708971],[-47.862419,-5.5441877],[-47.8547787,-5.5311431],[-47.8661735,-5.5112941],[-47.8588962,-5.5021683],[-47.8595643,-5.4825892],[-47.8515574,-5.4724147],[-47.8563934,-5.4538596],[-47.8470325,-5.4437486],[-47.8311172,-5.4439767],[-47.8249405,-5.4290496],[-47.831302,-5.4181566],[-47.8270069,-5.409685],[-47.829153,-5.4033444],[-47.8258302,-5.3987316],[-47.8293827,-5.3952724],[-47.8278666,-5.3868172]],[[-47.8278666,-5.3868172],[-47.8697236,-5.417004]],[[-47.8697236,-5.417004],[-47.9135073,-5.4059383],[-47.9219842,-5.3965557],[-47.9340042,-5.3978936],[-47.9360527,-5.4175978],[-47.9271373,-5.4251566],[-47.9287307,-5.4485876]],[[-47.9287307,-5.4485876],[-48.0635709,-5.3799337]],[[-46.2878982,-12.7655707],[-46.2958822,-12.744723],[-46.2737155,-12.7388185],[-46.268574,-12.7143776],[-46.2946262,-12.7074643],[-46.3040982,-12.6969296],[-46.301703,-12.6843133],[-46.2688648,-12.6673292],[-46.2744064,-12.6438603],[-46.2899554,-12.6381536],[-46.305393,-12.6399891],[-46.2912555,-12.6146658],[-46.2757846,-12.5944306],[-46.2935417,-12.5790284],[-46.2716121,-12.5700454],[-46.2712382,-12.5603597],[-46.2549312,-12.5398977],[-46.2244444,-12.528641],[-46.2095133,-12.5072159]],[[-46.2095133,-12.5072159],[-46.2259866,-12.5145283],[-46.2525499,-12.5212541],[-46.2680952,-12.5297211],[-46.2982542,-12.5280354],[-46.3160961,-12.5331669],[-46.3572038,-12.5584447],[-46.3835722,-12.5695528],[-46.3897476,-12.5777],[-46.4344691,-12.5829396],[-46.4577802,-12.5662164],[-46.4694765,-12.5707518],[-46.4857905,-12.5651933],[-46.4989971,-12.5754065],[-46.5190797,-12.5805083],[-46.5396177,-12.5761156],[-46.5569399,-12.5837291],[-46.5713504,-12.5965017],[-46.5914462,-12.5845914],[-46.6360223,-12.599923],[-46.6633391,-12.5960904],[-46.6783412,-12.5754472],[-46.7019444,-12.5791249]],[[-46.7019444,-12.5791249],[-46.7057439,-12.5847295]],[[-46.7057439,-12.5847295],[-46.7029535,-12.5854744],[-46.7045352,-12.589004]],[[-46.6272631,-12.6650967],[-46.6231385,-12.6620257]],[[-46.6231385,-12.6620257],[-46.5965449,-12.6598546]],[[-46.5965449,-12.6598546],[-46.5808548,-12.6631771],[-46.5665072,-12.6770149],[-46.5434311,-12.6828304],[-46.5344112,-12.6918819]],[[-46.5344112,-12.6918819],[-46.51656,-12.6959011],[-46.511204,-12.6940082],[-46.5059721,-12.6908568]],[[-46.5059721,-12.6908568],[-46.4896935,-12.6810687],[-46.4794696,-12.6931083],[-46.4914249,-12.7028864],[-46.4865444,-12.7266815],[-46.4812733,-12.7334357],[-46.4551975,-12.7662129],[-46.442005,-12.770992]],[[-46.442005,-12.770992],[-46.3954479,-12.7450625],[-46.3860185,-12.7461263]],[[-46.3860185,-12.7461263],[-46.3613359,-12.7710584],[-46.3410697,-12.7562417],[-46.3324282,-12.7574815],[-46.3086322,-12.7617715],[-46.3022641,-12.7656388],[-46.2944537,-12.7681426],[-46.2878982,-12.7655707]],[[-47.8391495,-5.6431476],[-47.831572,-5.6595501]],[[-47.7645905,-5.7698585],[-47.7592562,-5.769883]],[[-47.7592562,-5.769883],[-47.751403,-5.7676153]],[[-47.751403,-5.7676153],[-47.7498384,-5.7643117],[-47.7514206,-5.7553934]],[[-47.7514206,-5.7553934],[-47.7535665,-5.7529157],[-47.7556659,-5.7416915],[-47.7527235,-5.7191724],[-47.7534447,-5.7140287],[-47.7394459,-5.7048557],[-47.7342757,-5.677529],[-47.7115072,-5.6388082],[-47.6936167,-5.6345685],[-47.6910775,-5.6159131],[-47.6822338,-5.606696],[-47.6779749,-5.5959055],[-47.8404021,-5.6019093]],[[-47.7373478,-6.9065996],[-47.7550115,-6.9062542]],[[-47.7550115,-6.9062542],[-47.7345394,-6.9841773],[-47.87059,-7.0249259],[-48.1391967,-7.1227494]],[[-48.0559094,-7.3493406],[-47.9833326,-7.4112736]],[[-47.9833326,-7.4112736],[-47.9791424,-7.4120092],[-47.9727008,-7.4197967],[-47.9633891,-7.4109672],[-47.9520857,-7.3935073],[-47.9164736,-7.3845628],[-47.9039821,-7.3934561],[-47.8940463,-7.3826778],[-47.8775512,-7.376512],[-47.8698643,-7.3761074],[-47.8484802,-7.384219],[-47.8382721,-7.3655897],[-47.8221215,-7.3694749],[-47.7950435,-7.3617022],[-47.7931183,-7.3534786],[-47.7871809,-7.3603826],[-47.7799791,-7.3565426],[-47.7651266,-7.3555887],[-47.7499987,-7.3410806],[-47.7494771,-7.322733],[-47.7387271,-7.3252849],[-47.7243033,-7.3128067],[-47.7216475,-7.298134]],[[-47.7216475,-7.298134],[-47.701771,-7.2872916],[-47.6888818,-7.2639384],[-47.6840115,-7.2454198]],[[-47.6840115,-7.2454198],[-47.7079524,-7.2286521],[-47.7374579,-7.2168656],[-47.7498258,-7.1952617],[-47.7451291,-7.1625048],[-47.7106552,-7.1376528],[-47.6940629,-7.1369639],[-47.6603749,-7.1513681],[-47.644456,-7.1436116],[-47.6274527,-7.1215814],[-47.6184295,-7.0911604],[-47.5972327,-7.063401],[-47.574782,-7.0503378],[-47.5471007,-7.0167185]],[[-47.5471007,-7.0167185],[-47.5709114,-7.0043673],[-47.5748368,-6.9965509],[-47.605494,-6.9925804],[-47.6242093,-6.9840488],[-47.6352764,-6.9881183],[-47.6542805,-6.9740248],[-47.6548556,-6.9646073],[-47.6775866,-6.9434394],[-47.6987103,-6.9342668],[-47.7003799,-6.9249617],[-47.7043702,-6.9164851],[-47.7059377,-6.9127848],[-47.7055401,-6.9101858],[-47.7183982,-6.909577],[-47.7282224,-6.907264],[-47.7338401,-6.9056634],[-47.7373478,-6.9065996]],[[-48.7567712,-7.6018691],[-48.7539515,-7.6127826]],[[-48.8488342,-7.8867288],[-48.8471333,-7.8900205]],[[-48.8471333,-7.8900205],[-48.8427661,-7.8995695],[-48.8392398,-7.9023783],[-48.826884,-7.9037348]],[[-48.826884,-7.9037348],[-48.8241477,-7.9040793],[-48.8197254,-7.9048168],[-48.8106078,-7.927987],[-48.8186415,-7.9375527],[-48.8084469,-7.9717327],[-48.7956266,-7.9895586],[-48.8086471,-8.0049031],[-48.8042249,-8.0211167],[-48.7887437,-8.0461347],[-48.7991787,-8.0660159],[-48.7938145,-8.0770155],[-48.7887926,-8.0747122],[-48.7852521,-8.0934023]],[[-48.7852521,-8.0934023],[-48.7839863,-8.1017209]],[[-48.7839863,-8.1017209],[-48.7798196,-8.1136683],[-48.7736746,-8.116952],[-48.7695026,-8.1146807],[-48.7666949,-8.1107189],[-48.7628639,-8.1154599],[-48.7512306,-8.1499159],[-48.7407837,-8.1460062],[-48.7391942,-8.1491268],[-48.7349785,-8.1784677],[-48.7230928,-8.1797351],[-48.7123903,-8.1824184],[-48.707034,-8.1905138],[-48.7070269,-8.192144],[-48.7111867,-8.1929889],[-48.7045726,-8.2090548],[-48.7009072,-8.2089826],[-48.703392,-8.2143736]],[[-48.703392,-8.2143736],[-48.69762,-8.2212542]],[[-48.69762,-8.2212542],[-48.6929081,-8.2455821]],[[-48.6929081,-8.2455821],[-48.6937731,-8.2518587],[-48.6976237,-8.257854],[-48.6926815,-8.2635314],[-48.6961628,-8.2673968],[-48.6920544,-8.2770376]],[[-48.6920544,-8.2770376],[-48.6844338,-8.2837],[-48.6676475,-8.2829603],[-48.6607791,-8.297976],[-48.6646522,-8.3165202],[-48.6534389,-8.3340221],[-48.6442521,-8.3445277],[-48.6358181,-8.3577428],[-48.629813,-8.3964862]],[[-48.629813,-8.3964862],[-48.6280036,-8.3976489]],[[-48.6280036,-8.3976489],[-48.6207213,-8.3866913],[-48.6308096,-8.3627692],[-48.6267522,-8.337041]],[[-48.6267522,-8.337041],[-48.6214582,-8.3265266]],[[-48.6214582,-8.3265266],[-48.6217168,-8.3234494],[-48.627018,-8.3194942],[-48.6273729,-8.3117432],[-48.6158787,-8.293646]],[[-48.6158787,-8.293646],[-48.633635,-8.2849717]],[[-48.633635,-8.2849717],[-48.637213,-8.2752703],[-48.6306491,-8.2725431]],[[-48.6306491,-8.2725431],[-48.6268324,-8.2681246],[-48.6126673,-8.2734198],[-48.6143319,-8.2584536],[-48.6289202,-8.2535789],[-48.6349162,-8.2205763],[-48.6157129,-8.2051323],[-48.6287778,-8.1787528],[-48.627295,-8.1697528],[-48.616474,-8.1598215],[-48.6223696,-8.1459018],[-48.6189592,-8.1317889],[-48.6523058,-8.1150478],[-48.6421131,-8.1028327],[-48.6266078,-8.0739827],[-48.6298335,-8.0552671],[-48.639133,-8.0518226],[-48.6547494,-8.0507993],[-48.6615493,-8.0460617],[-48.6561836,-8.0324248],[-48.647037,-8.020894],[-48.6331117,-8.0237892],[-48.6205273,-7.9848987],[-48.6297876,-7.9651425],[-48.6149126,-7.9559706],[-48.613137,-7.9399173],[-48.5700307,-7.9214847],[-48.5651127,-7.91172],[-48.5483551,-7.9044184],[-48.549564,-7.8946434],[-48.5240362,-7.8817702],[-48.5094794,-7.8836175],[-48.5101438,-7.8683083],[-48.5025175,-7.8552055]],[[-48.5025175,-7.8552055],[-48.49809,-7.8518742],[-48.4988852,-7.8166685]],[[-48.4988852,-7.8166685],[-48.5106715,-7.7985164],[-48.5078851,-7.7919252],[-48.51238,-7.7643371],[-48.5177163,-7.7536606]],[[-48.5177163,-7.7536606],[-48.5182562,-7.7355439]],[[-48.5182562,-7.7355439],[-48.5208485,-7.7375585],[-48.5265385,-7.7385863],[-48.5427787,-7.7140064],[-48.5556899,-7.7031572],[-48.5588228,-7.6784593],[-48.5899831,-7.6684314],[-48.6008859,-7.6618015],[-48.6028967,-7.6348748],[-48.6151028,-7.6222216],[-48.6632999,-7.6218179],[-48.6857605,-7.5867906],[-48.6991161,-7.5847762],[-48.7051353,-7.5814216],[-48.7050096,-7.5798139],[-48.7121371,-7.5807698],[-48.7315419,-7.5809463],[-48.7378799,-7.5899333],[-48.746237,-7.5941858],[-48.7567712,-7.6018691]],[[-47.4298011,-7.5472275],[-47.4240214,-7.5355716],[-47.4289697,-7.5248312],[-47.4610895,-7.5183631],[-47.4802534,-7.5260026],[-47.4805071,-7.4915047],[-47.4963582,-7.4813961],[-47.5028049,-7.4390608],[-47.5230305,-7.4335241],[-47.5506673,-7.4406815],[-47.5628339,-7.4506335],[-47.5915697,-7.4400683],[-47.6034561,-7.4550623]],[[-47.6034561,-7.4550623],[-47.6337826,-7.5029006],[-47.6236373,-7.5210624]],[[-47.6236373,-7.5210624],[-47.6223943,-7.5241551],[-47.622564,-7.534447],[-47.6319169,-7.5713919]],[[-47.6319169,-7.5713919],[-47.6320626,-7.5910897]],[[-47.6320626,-7.5910897],[-47.6287855,-7.6145567],[-47.6388703,-7.6368874],[-47.651294,-7.6550425]],[[-47.651294,-7.6550425],[-47.6762296,-7.6761904],[-47.6952141,-7.688193]],[[-47.6952141,-7.688193],[-47.7191417,-7.6975427]],[[-47.7191417,-7.6975427],[-47.7154151,-7.7037289],[-47.7216301,-7.7165563],[-47.7396679,-7.7288141],[-47.7384012,-7.7353058],[-47.7286521,-7.7485052],[-47.7294241,-7.788019],[-47.7199674,-7.8083913],[-47.7072839,-7.8202941],[-47.6884973,-7.824622],[-47.6868132,-7.8468717],[-47.6951904,-7.854349],[-47.688132,-7.8662716],[-47.6678641,-7.8702932],[-47.6623154,-7.9019752],[-47.6548198,-7.9117584],[-47.638723,-7.9137541],[-47.6185718,-7.9245891],[-47.6160256,-7.9436367],[-47.6029123,-7.9512743],[-47.5976618,-7.9655235],[-47.5902467,-7.9691804],[-47.5777216,-7.9698515],[-47.5704629,-7.9796774],[-47.5613961,-7.9795933],[-47.5547353,-7.9915512],[-47.5437462,-7.9894384],[-47.51735,-7.9719252]],[[-47.51735,-7.9719252],[-47.4986845,-7.9707375]],[[-47.4986845,-7.9707375],[-47.4733193,-7.96562],[-47.4641927,-7.9700358],[-47.4565648,-7.9522907],[-47.4646447,-7.9397131],[-47.465083,-7.9339789],[-47.4704669,-7.9326844],[-47.4785104,-7.9333635],[-47.4928796,-7.9202891],[-47.5014327,-7.9123091],[-47.5061102,-7.8892839],[-47.505171,-7.8691025],[-47.4720347,-7.8294975],[-47.4765149,-7.8117958],[-47.4754631,-7.7731798],[-47.4813386,-7.7677511],[-47.506476,-7.7686493],[-47.5237635,-7.7537796],[-47.5253314,-7.740656],[-47.5674051,-7.7213914],[-47.5638109,-7.7104908],[-47.5499102,-7.7071225],[-47.5359806,-7.6950167],[-47.5209347,-7.6635324],[-47.5106355,-7.6615184],[-47.5043545,-7.6333397],[-47.4935813,-7.6292865],[-47.4856214,-7.6152028],[-47.4724904,-7.6080757],[-47.4700832,-7.5944836],[-47.4577511,-7.5827027],[-47.447064,-7.5541192],[-47.4298011,-7.5472275]],[[-48.8606102,-9.7299947],[-48.8612914,-9.7360803]],[[-48.8612914,-9.7360803],[-48.8610792,-9.7570332],[-48.8734125,-9.7699969],[-48.8865958,-9.7737081]],[[-48.8865958,-9.7737081],[-48.8874803,-9.7705275]],[[-48.8874803,-9.7705275],[-48.907344,-9.7616059],[-48.9303729,-9.7454257],[-48.9319915,-9.7603453],[-48.9407255,-9.7671521],[-48.9510821,-9.8019443],[-48.9613468,-9.8268074],[-48.9684657,-9.8338817],[-48.9697761,-9.8364964],[-48.9714276,-9.8449444]],[[-48.9714276,-9.8449444],[-48.9628045,-9.8479538]],[[-48.9628045,-9.8479538],[-48.9435873,-9.8419635],[-48.9359182,-9.8311449],[-48.9319447,-9.8279446],[-48.9298524,-9.8231678],[-48.9283444,-9.8327387],[-48.9059722,-9.8317138],[-48.8980283,-9.8341135],[-48.896357,-9.836045],[-48.8911552,-9.8410444],[-48.886941,-9.8484605],[-48.8826758,-9.8608123],[-48.8661092,-9.871008],[-48.8621642,-9.8761257],[-48.8537102,-9.8870631],[-48.8578164,-9.9039636],[-48.8540931,-9.9275914],[-48.8594536,-9.9474702],[-48.8694069,-9.9505468],[-48.8796072,-9.9780187],[-48.8817636,-10.0008567],[-48.8973076,-10.0182365],[-48.9014242,-10.0395692],[-48.8892598,-10.063065]],[[-48.8892598,-10.063065],[-48.8876625,-10.0637035]],[[-48.8876625,-10.0637035],[-48.8813018,-10.0323972],[-48.8776853,-10.0275337],[-48.8675076,-10.019325],[-48.8574289,-10.0219973],[-48.8570485,-10.0358271],[-48.8412015,-10.0414006],[-48.8359976,-10.0576284],[-48.8247264,-10.0544169]],[[-48.8247264,-10.0544169],[-48.8239456,-10.056565]],[[-48.8239456,-10.056565],[-48.8221127,-10.0556655],[-48.8177523,-10.0480531]],[[-48.8177523,-10.0480531],[-48.7716284,-10.0138313],[-48.7454816,-9.9721559],[-48.7445577,-9.9479401],[-48.7340732,-9.9286959],[-48.7305573,-9.9070625],[-48.7021687,-9.8930912],[-48.6794358,-9.8926732],[-48.6539117,-9.9028372],[-48.6392583,-9.895216],[-48.6250907,-9.8649876],[-48.630218,-9.8314334],[-48.644207,-9.8175585],[-48.6445913,-9.8068488],[-48.6577245,-9.7850174],[-48.6525483,-9.7558667],[-48.6792461,-9.7615045],[-48.6836311,-9.7501723],[-48.6991522,-9.7436593],[-48.7050717,-9.7708242],[-48.733541,-9.7584087],[-48.7502737,-9.7607676],[-48.7526041,-9.7487724],[-48.7673429,-9.7351898],[-48.7966588,-9.7463807],[-48.7992002,-9.7382089],[-48.8299105,-9.7458095],[-48.8527046,-9.7309735],[-48.8606102,-9.7299947]],[[-49.1672618,-7.8564048],[-49.1627769,-7.9005312],[-49.1632428,-7.9212833],[-49.1696421,-7.9547897],[-49.1820284,-7.9769635],[-49.1755548,-8.0094472]],[[-49.1755548,-8.0094472],[-49.1563409,-8.0095886],[-49.1536777,-8.0094368],[-49.149264,-8.0123811],[-49.1349319,-8.0068666],[-49.1125567,-8.010665],[-49.1076747,-8.0263679],[-49.0940846,-8.026039],[-49.0780887,-8.039275],[-49.076501,-8.0533813],[-49.0641512,-8.0592128],[-49.057804,-8.071777],[-49.0495149,-8.0847879],[-49.0469372,-8.0870858],[-49.0456074,-8.0864046],[-49.0418366,-8.0865281],[-49.0406066,-8.0871341],[-49.0376535,-8.085128],[-49.0349677,-8.0864987],[-49.0346706,-8.0853221],[-49.0224768,-8.0850576],[-49.0187595,-8.0868813],[-49.0145241,-8.0868813],[-49.0099582,-8.0840198]],[[-49.0099582,-8.0840198],[-49.0091252,-8.0851423]],[[-49.0091252,-8.0851423],[-49.0063871,-8.0832598],[-48.9959593,-8.0906269],[-48.9932698,-8.093814],[-48.984471,-8.1025345],[-48.9817816,-8.1027699],[-48.9678852,-8.1055902],[-48.9413527,-8.1032564],[-48.9300567,-8.1155693],[-48.9073752,-8.1128703]],[[-48.9073752,-8.1128703],[-48.9037257,-8.1057337],[-48.8959034,-8.1035312],[-48.890904,-8.1049596],[-48.887431,-8.1082135]],[[-48.887431,-8.1082135],[-48.8812119,-8.107875],[-48.8574007,-8.11671],[-48.8540498,-8.1252494]],[[-48.8540498,-8.1252494],[-48.8441461,-8.1323051],[-48.8410058,-8.1326673],[-48.8275783,-8.1267027]],[[-48.8275783,-8.1267027],[-48.8230843,-8.130467],[-48.8146618,-8.125401],[-48.8058456,-8.1122496]],[[-48.8058456,-8.1122496],[-48.7868045,-8.1005875],[-48.7852521,-8.0934023]],[[-48.826884,-7.9037348],[-48.8361109,-7.9034814],[-48.8412167,-7.901384],[-48.8451501,-7.8922346],[-48.8471333,-7.8900205]],[[-48.8471333,-7.8900205],[-48.8509632,-7.8841423]],[[-48.1256073,-8.8211708],[-48.1391355,-8.8348684]],[[-48.1391355,-8.8348684],[-48.1705448,-8.8971415],[-48.1726899,-8.9282522]],[[-48.1726899,-8.9282522],[-48.1786307,-8.9550449]],[[-48.1786307,-8.9550449],[-48.1601551,-8.9824373],[-48.1415558,-8.9873611],[-48.1385538,-9.006553],[-48.1205376,-9.0322907],[-48.1136332,-9.0490257],[-48.0699692,-9.0816441],[-48.0506264,-9.0803984],[-48.0253551,-9.1052414],[-48.019355,-9.1165691],[-48.0042833,-9.1270705],[-47.9920646,-9.1173427],[-47.9739289,-9.1210193],[-47.9573882,-9.1163922],[-47.9332816,-9.1269757],[-47.9293435,-9.1371418],[-47.8905865,-9.1348093],[-47.8842039,-9.1240554],[-47.8548634,-9.1128728],[-47.8394432,-9.1191176],[-47.8016092,-9.1122973],[-47.7930818,-9.1199071],[-47.7727681,-9.1206794],[-47.7518188,-9.1063807],[-47.7363529,-9.1013261],[-47.7183299,-9.0837491],[-47.7071526,-9.1024251],[-47.7098907,-9.1257413],[-47.7190485,-9.1338717],[-47.7212631,-9.1553155],[-47.7132083,-9.1691966],[-47.6934785,-9.1755668],[-47.6850977,-9.1835658]],[[-47.6850977,-9.1835658],[-47.6787671,-9.1739598]],[[-47.6787671,-9.1739598],[-47.6512731,-9.1720574],[-47.6267982,-9.1562531],[-47.6188148,-9.1419962],[-47.6207268,-9.1240684],[-47.6187083,-9.0940069],[-47.6246359,-9.0808915],[-47.6191923,-9.0679152],[-47.6053654,-9.0463437],[-47.6110575,-9.0278485],[-47.5425575,-8.9375922]],[[-47.5425575,-8.9375922],[-47.5650769,-8.9085371],[-47.5715941,-8.899317],[-47.5728533,-8.8902827],[-47.5772464,-8.8867856],[-47.5783176,-8.885254],[-47.587396,-8.8844457],[-47.6015284,-8.9106657],[-47.6071062,-8.9343531],[-47.6103404,-8.9428368],[-47.6169583,-8.944325],[-47.6249985,-8.9504224],[-47.6551581,-8.9565494],[-47.6878966,-8.9513404],[-47.7027742,-8.965961],[-47.7167777,-8.9556552],[-47.7464962,-8.9686698],[-47.7838979,-8.9571728],[-47.7929026,-8.946911],[-47.8266602,-8.9520403],[-47.8333109,-8.9588093],[-47.8595806,-8.9487966],[-47.8817839,-8.9597532],[-47.9034477,-8.9550891],[-47.9131855,-8.9571422],[-47.9314304,-8.9318221],[-47.9603624,-8.9105041],[-47.9570027,-8.9051889],[-47.9894974,-8.8831997],[-48.0003042,-8.8809834],[-48.0139967,-8.8900418],[-48.0187063,-8.878282],[-48.031795,-8.8812163],[-48.0722969,-8.8737756],[-48.0770187,-8.865074],[-48.1071169,-8.8689033],[-48.1094395,-8.8644849],[-48.1056718,-8.8521028],[-48.1144806,-8.8344253],[-48.1209692,-8.8307081],[-48.1206207,-8.83845],[-48.1256073,-8.8211708]],[[-48.3771487,-8.138099],[-48.3848115,-8.1404129]],[[-48.3848115,-8.1404129],[-48.3875791,-8.139876],[-48.3952095,-8.1590905],[-48.3948844,-8.1618619],[-48.4052079,-8.1775382],[-48.428203,-8.1795279],[-48.4369753,-8.2014276],[-48.4683391,-8.2144411],[-48.4762825,-8.2398443],[-48.4896729,-8.2584159],[-48.5149626,-8.2624031],[-48.5241283,-8.2343864],[-48.5401766,-8.2302112],[-48.5530448,-8.2453983],[-48.5747275,-8.254837],[-48.596064,-8.2843633],[-48.6054961,-8.2868623],[-48.6215513,-8.2773358],[-48.6368963,-8.2760236]],[[-48.6368963,-8.2760236],[-48.633635,-8.2849717]],[[-48.6158787,-8.293646],[-48.6250014,-8.3063469],[-48.6276505,-8.3154813],[-48.6260986,-8.3212395],[-48.6214582,-8.3265266]],[[-48.6214582,-8.3265266],[-48.6220517,-8.3334582]],[[-48.6220517,-8.3334582],[-48.6137508,-8.3400407],[-48.5992469,-8.3560797],[-48.5961394,-8.3577395],[-48.5742158,-8.3611829],[-48.5684514,-8.3732595],[-48.5457001,-8.3816458],[-48.481633,-8.4229822],[-48.4636867,-8.4012723],[-48.4521723,-8.4006604],[-48.4455562,-8.3901929],[-48.4296412,-8.4006096],[-48.4137254,-8.3914581],[-48.3828329,-8.3934294],[-48.3710833,-8.3838205],[-48.3698265,-8.3860492],[-48.3597859,-8.3796214],[-48.3292662,-8.3368974],[-48.2931791,-8.3430454]],[[-48.2931791,-8.3430454],[-48.2824045,-8.3374774]],[[-48.2824045,-8.3374774],[-48.32309,-8.2774058],[-48.3496134,-8.2648732],[-48.3537267,-8.2546349],[-48.332864,-8.2407654],[-48.3245849,-8.2205927],[-48.3125609,-8.1690062],[-48.2999939,-8.1497566],[-48.2985742,-8.1458198]],[[-48.2985742,-8.1458198],[-48.2961464,-8.1458035]],[[-48.2961464,-8.1458035],[-48.3004281,-8.1414891],[-48.3062525,-8.1390672],[-48.3047388,-8.132713],[-48.3385666,-8.1338014],[-48.3461564,-8.1274259],[-48.3445642,-8.123869],[-48.3520012,-8.1340377],[-48.358208,-8.1342337],[-48.3707596,-8.1413315],[-48.376949,-8.1392836],[-48.3771487,-8.138099]],[[-48.5932862,-10.8645622],[-48.5856293,-10.8587702],[-48.5823996,-10.8545024],[-48.5824572,-10.8497731],[-48.5862637,-10.845736],[-48.5958375,-10.8437174],[-48.6069059,-10.8457853]],[[-48.6069059,-10.8457853],[-48.617858,-10.8610477],[-48.635551,-10.8701917],[-48.6366671,-10.8543331],[-48.6504144,-10.8379621],[-48.690221,-10.8368521],[-48.7246882,-10.8021235],[-48.7500013,-10.8104127],[-48.7607129,-10.8022818],[-48.7765873,-10.8061028],[-48.7890206,-10.7943997]],[[-48.7890206,-10.7943997],[-48.8049351,-10.8524134],[-48.7935336,-10.8670093],[-48.7983139,-10.8797057],[-48.7971071,-10.8911751],[-48.8021929,-10.8997054],[-48.8032902,-10.9057966],[-48.8055778,-10.9105956],[-48.8080205,-10.9285381],[-48.8278301,-10.9515786],[-48.8274497,-10.9585967],[-48.8488803,-10.9652117]],[[-48.8488803,-10.9652117],[-48.8507757,-10.9720087]],[[-48.8507757,-10.9720087],[-48.8516807,-10.9982951],[-48.8422549,-11.0017124],[-48.8334565,-11.0297248],[-48.8329517,-11.0431041],[-48.8300812,-11.0527611],[-48.8314261,-11.0584991],[-48.8449934,-11.0812083],[-48.8535769,-11.0928626],[-48.8558765,-11.0987294]],[[-48.8558765,-11.0987294],[-48.8416291,-11.1057051]],[[-48.8416291,-11.1057051],[-48.8027638,-11.1251413],[-48.78937,-11.1375858],[-48.7818024,-11.1288906],[-48.7582663,-11.1285923],[-48.7493588,-11.1426409],[-48.7292865,-11.1410362],[-48.7204436,-11.1287747],[-48.7123263,-11.1311148],[-48.7145652,-11.1580646]],[[-48.7145652,-11.1580646],[-48.7160012,-11.1621623]],[[-48.5421854,-11.3833344],[-48.5371989,-11.3842997]],[[-48.5371989,-11.3842997],[-48.5128348,-11.3907504]],[[-48.5128348,-11.3907504],[-48.5000004,-11.3833554],[-48.4867108,-11.3722365],[-48.4784487,-11.3617807],[-48.468159,-11.3417446],[-48.4626355,-11.3263778],[-48.4517121,-11.2707824]],[[-48.4517121,-11.2707824],[-48.4551616,-11.2597002],[-48.4620905,-11.2481665],[-48.472849,-11.2364003],[-48.481552,-11.2292254]],[[-48.481552,-11.2292254],[-48.488799,-11.2201063],[-48.5176647,-11.1588713]],[[-48.5176647,-11.1588713],[-48.5212625,-11.1250037],[-48.5389093,-11.0997749],[-48.5419021,-11.0730221],[-48.5534348,-11.0553469],[-48.5590406,-11.0260324],[-48.5536243,-11.0137476],[-48.5311183,-10.9952018],[-48.5174342,-10.9589462],[-48.510585,-10.9516605]],[[-48.510585,-10.9516605],[-48.4644871,-10.9313425],[-48.4536091,-10.9247016],[-48.4467461,-10.9181895]],[[-48.4467461,-10.9181895],[-48.4190509,-10.881428],[-48.3967244,-10.829404],[-48.3986232,-10.8124306],[-48.3962125,-10.7675917],[-48.4147748,-10.7508994],[-48.4262363,-10.7589925],[-48.4609408,-10.7684655],[-48.4690901,-10.7804977],[-48.505572,-10.7831547],[-48.5128938,-10.7925856],[-48.5401225,-10.794579],[-48.5471175,-10.8021786],[-48.5328022,-10.8171703],[-48.5347733,-10.8279357],[-48.5469352,-10.8334865],[-48.5474645,-10.8567607],[-48.5602975,-10.854828],[-48.5746633,-10.8550255],[-48.5824524,-10.8664454],[-48.5928018,-10.8673174],[-48.5932862,-10.8645622]],[[-48.1848663,-5.2569982],[-48.1710761,-5.2705847],[-48.2512845,-5.317594]],[[-48.2512845,-5.317594],[-48.2323893,-5.3235265]],[[-48.0891687,-5.4345165],[-48.0780416,-5.4381281]],[[-48.0647543,-5.3916817],[-48.0622467,-5.3893747],[-48.0623289,-5.3841831],[-48.0635709,-5.3799337]],[[-48.0635709,-5.3799337],[-48.0932091,-5.3655842]],[[-48.0932091,-5.3655842],[-48.0566454,-5.3243966],[-48.057829,-5.3114584],[-48.0630165,-5.2809447],[-48.0691457,-5.2714621]],[[-48.0691457,-5.2714621],[-48.0773761,-5.2734292],[-48.1122927,-5.2656258],[-48.1520193,-5.264],[-48.1848663,-5.2569982]],[[-47.9884309,-6.155574],[-47.9929699,-6.1726945]],[[-47.9860897,-6.1825812],[-47.9631529,-6.183752]],[[-47.9631529,-6.183752],[-47.9610946,-6.1808592],[-47.9555962,-6.1777943],[-47.9400934,-6.1644702],[-47.9193437,-6.1589309],[-47.9105278,-6.1496802],[-47.8937912,-6.1464006],[-47.8829916,-6.1439965],[-47.869465,-6.1535575],[-47.8533174,-6.148839],[-47.7671746,-6.1493602]],[[-47.7671746,-6.1493602],[-47.739563,-6.1210289],[-47.7291145,-6.0774884],[-47.7183685,-6.0591121],[-47.7150002,-6.0347047],[-47.7041785,-6.0285372]],[[-47.7041785,-6.0285372],[-47.6922232,-6.0171823]],[[-47.6922232,-6.0171823],[-47.7018425,-6.0183777],[-47.7067124,-6.0140882],[-47.7194601,-6.014962],[-47.7279254,-6.011477],[-47.738799,-6.0158599],[-47.7512668,-6.0141958],[-47.7634228,-6.0095871],[-47.7822356,-6.0179835],[-47.7908166,-6.0232757],[-47.8282244,-6.0199177],[-47.852924,-6.0269608],[-47.8784062,-6.0278915],[-47.893238,-6.0202032],[-47.9041691,-6.0436381],[-47.9085857,-6.0728738],[-47.9707571,-6.0647442],[-47.9714073,-6.0718352],[-47.9561182,-6.0916539],[-47.9609631,-6.1076713],[-47.9562196,-6.1325479],[-47.9724564,-6.1535264],[-47.9785907,-6.1537503],[-47.9884309,-6.155574]],[[-46.8461238,-8.5339859],[-46.8521623,-8.5159114],[-46.8469275,-8.5109257],[-46.8491469,-8.4746502],[-46.8332048,-8.4679185],[-46.8234833,-8.4744962],[-46.8005095,-8.4540934],[-46.7954804,-8.429969],[-46.7996104,-8.42272],[-46.7950016,-8.404858],[-46.7857303,-8.3953681],[-46.7824337,-8.3680837],[-46.7612149,-8.37844],[-46.7526716,-8.3741383],[-46.7365293,-8.3792104],[-46.7025988,-8.3481655],[-46.6804273,-8.3367629],[-46.6621744,-8.3350169],[-46.6338866,-8.3183546],[-46.6122489,-8.3276849],[-46.5906213,-8.3271653],[-46.5786636,-8.3218507],[-46.5596336,-8.3227579],[-46.5439995,-8.3174359],[-46.532111,-8.2989357],[-46.5188907,-8.291532],[-46.5068685,-8.2658847],[-46.5091024,-8.2355974],[-46.5033796,-8.2209768],[-46.4891624,-8.2077175],[-46.4935179,-8.1908103],[-46.5109326,-8.1813686],[-46.5138952,-8.164658],[-46.4908179,-8.1181075],[-46.4825614,-8.0887668],[-46.4685124,-8.0836914],[-46.4655932,-8.0719288],[-46.4800166,-8.0422919],[-46.4763892,-8.0146165],[-46.4855831,-7.9955758],[-46.5102664,-7.9658306],[-46.5598218,-7.9408804],[-46.577697,-7.9111659],[-46.6068151,-7.895552],[-46.6310757,-7.8994639],[-46.6494081,-7.9100205],[-46.6600845,-7.9013274],[-46.6681032,-7.9128104],[-46.694513,-7.9167979],[-46.70928,-7.9134842],[-46.7229667,-7.9216692],[-46.7461334,-7.927386],[-46.7562024,-7.9229348],[-46.7623246,-7.9378932],[-46.7861749,-7.952884],[-46.8139012,-7.9511515],[-46.830271,-7.964222],[-46.8378081,-7.9593901],[-46.8832574,-7.9642485],[-46.8960416,-7.9860631],[-46.909218,-7.9804195],[-46.9232822,-7.992324],[-46.9416367,-7.9979071],[-46.9569127,-8.0165754],[-46.970654,-8.0435818],[-46.9939674,-8.0534506],[-46.9971627,-8.0663992],[-47.0173851,-8.0651323]],[[-47.0173851,-8.0651323],[-47.014995,-8.0709802],[-47.0130079,-8.0961525],[-47.0122424,-8.1044034],[-47.0157128,-8.1392059],[-47.0324272,-8.1550665],[-47.0406677,-8.1866976],[-47.0584636,-8.2008946],[-47.0443625,-8.214701],[-47.0462411,-8.232736],[-47.0591842,-8.2458188],[-47.0645783,-8.2683474],[-47.0787929,-8.277185],[-47.1046636,-8.272974],[-47.1251154,-8.2879194],[-47.1408229,-8.29241],[-47.1368661,-8.3107056],[-47.1494489,-8.3236082],[-47.1530198,-8.3544826],[-47.1731268,-8.3580502],[-47.169956,-8.3834445]],[[-47.169956,-8.3834445],[-47.1700048,-8.3900809],[-47.1670156,-8.3923933],[-47.1640085,-8.4001587],[-47.1543825,-8.4097421]],[[-47.1543825,-8.4097421],[-47.1523061,-8.4208148],[-47.1318909,-8.4318784],[-47.1266486,-8.4413205],[-47.1249208,-8.4539753]],[[-47.1249208,-8.4539753],[-47.107942,-8.4740232],[-47.1063376,-8.4731924],[-47.10435,-8.4668245],[-47.0981923,-8.4715501]],[[-47.0981923,-8.4715501],[-47.0948571,-8.4718335],[-47.0857794,-8.4730385],[-47.0706294,-8.4701247],[-47.0590094,-8.4750749],[-47.0518939,-8.477839],[-47.0520354,-8.4863816],[-47.0306249,-8.5026272],[-47.0096821,-8.4962054],[-47.0007125,-8.5012028],[-46.9819335,-8.495731],[-46.9699173,-8.4988536],[-46.9541148,-8.490686],[-46.9467103,-8.5019506],[-46.9313318,-8.5029368],[-46.8869989,-8.5210082],[-46.8854168,-8.5276561],[-46.8625875,-8.5267531],[-46.8461238,-8.5339859]],[[-49.0945119,-11.7941038],[-49.1104525,-11.7780776],[-49.1155429,-11.7502089],[-49.1401085,-11.7380019],[-49.1576857,-11.7354358],[-49.1672025,-11.7442598]],[[-49.1672025,-11.7442598],[-49.2153109,-11.7425148],[-49.2256665,-11.7370801]],[[-49.2256665,-11.7370801],[-49.2414071,-11.7484545],[-49.2459603,-11.7481118],[-49.2486018,-11.744935]],[[-49.2486018,-11.744935],[-49.2774453,-11.746579],[-49.2910922,-11.7527471],[-49.3300805,-11.7433344],[-49.3515576,-11.7506735],[-49.3830221,-11.7522691],[-49.3896623,-11.759157],[-49.40647,-11.7597076]],[[-49.40647,-11.7597076],[-49.4062384,-11.7618941]],[[-49.4062384,-11.7618941],[-49.4030221,-11.7638929],[-49.388692,-11.7786202],[-49.3764797,-11.8077318],[-49.3550116,-11.8133534],[-49.3499747,-11.8204615],[-49.3336974,-11.8525509],[-49.3220851,-11.855008],[-49.3138887,-11.8516108],[-49.3035641,-11.8562944],[-49.3095886,-11.8750069],[-49.3028088,-11.8937471],[-49.2835092,-11.9072539],[-49.2749104,-11.9336063]],[[-49.2749104,-11.9336063],[-49.2625646,-11.949928],[-49.2589837,-11.9659591],[-49.2596583,-11.9698666],[-49.2710097,-11.9833678]],[[-49.2710097,-11.9833678],[-49.2629335,-12.0000026],[-49.2729927,-12.0033333],[-49.2891226,-12.0145231],[-49.3103785,-12.0263738],[-49.3230354,-12.0396276],[-49.3253758,-12.0669411],[-49.3373985,-12.0792443],[-49.3475592,-12.1100807],[-49.3440933,-12.1250052],[-49.364032,-12.1313585],[-49.3838844,-12.1450464],[-49.3846317,-12.1485514]],[[-49.3846317,-12.1485514],[-49.3711812,-12.1482295]],[[-49.3711812,-12.1482295],[-49.3567972,-12.1486467],[-49.3402832,-12.1585649],[-49.3203421,-12.151915],[-49.2837172,-12.1543162],[-49.2728276,-12.1421368],[-49.2456344,-12.1412898],[-49.2325482,-12.1328048],[-49.2190165,-12.1145701],[-49.1941038,-12.1124766],[-49.1757053,-12.0931851],[-49.1442436,-12.0685445],[-49.1248819,-12.0814431],[-49.1042904,-12.0867788],[-49.0828728,-12.0864387],[-49.0649679,-12.0690914],[-49.0612727,-12.038608],[-49.0533459,-12.0158993],[-49.0381049,-12.0118246],[-49.0290938,-12.0015842],[-49.0274232,-11.990537],[-49.0025992,-11.9611943]],[[-49.0025992,-11.9611943],[-48.9913105,-11.9561409]],[[-48.9913105,-11.9561409],[-49.0076305,-11.9522974]],[[-49.0076305,-11.9522974],[-49.0254261,-11.9338464],[-49.0464642,-11.9180375]],[[-49.0464642,-11.9180375],[-49.057699,-11.9090658],[-49.0649127,-11.9054612],[-49.0710973,-11.9045088],[-49.0788039,-11.9053649],[-49.0828439,-11.9027139]],[[-49.0828439,-11.9027139],[-49.0936867,-11.9021411],[-49.0867623,-11.8877671],[-49.1010852,-11.8830228],[-49.1172006,-11.8898653],[-49.1224524,-11.8803914],[-49.1020213,-11.8603331],[-49.1003217,-11.8502014],[-49.0932258,-11.8295589]],[[-49.0932258,-11.8295589],[-49.0876592,-11.8144911],[-49.083194,-11.8086754],[-49.0818309,-11.8036153],[-49.0831864,-11.8008235],[-49.0945119,-11.7941038]],[[-48.4215255,-6.9732616],[-48.4246336,-6.9826447]],[[-48.4272424,-7.1520203],[-48.4220895,-7.1466999]],[[-48.3733292,-7.1357163],[-48.3648732,-7.1430561],[-48.3388377,-7.137912]],[[-48.2973768,-6.9437432],[-48.3032432,-6.9309482]],[[-48.3032432,-6.9309482],[-48.3052146,-6.9268535],[-48.3076352,-6.9261157],[-48.3103895,-6.9272992]],[[-48.3103895,-6.9272992],[-48.3180193,-6.9237325]],[[-48.0146593,-5.2380301],[-48.0447603,-5.263458],[-48.0691457,-5.2714621]],[[-48.0932091,-5.3655842],[-47.9764448,-5.4233004],[-47.973913,-5.4225838]],[[-47.973913,-5.4225838],[-47.9610112,-5.3960659],[-47.945488,-5.3820378],[-47.9446045,-5.3656476],[-47.9365734,-5.3495641],[-48.0146593,-5.2380301]],[[-49.8513689,-9.0637422],[-49.8673317,-9.0970914],[-49.8968794,-9.1436736],[-49.9100544,-9.1535224],[-49.9054199,-9.1697448],[-49.9123691,-9.1787074],[-49.943475,-9.2008857],[-49.9668654,-9.2310558]],[[-49.9668654,-9.2310558],[-49.9613309,-9.2569555],[-49.9723567,-9.2687215],[-49.9750361,-9.2816311],[-49.9616476,-9.3023916],[-49.972408,-9.3229231],[-49.9716409,-9.3447057],[-49.9770491,-9.3538712],[-49.976145,-9.3754266],[-49.9946113,-9.3817773],[-50.0000003,-9.3942309],[-49.9888478,-9.4088241],[-49.9896711,-9.4265186],[-49.983485,-9.4324157],[-49.9814816,-9.4515712],[-49.9858495,-9.4610401],[-49.9768451,-9.4808643],[-49.9957086,-9.4917533],[-49.9821109,-9.5050874],[-49.994166,-9.5318256],[-49.9928074,-9.5512318],[-49.9856386,-9.5641461],[-49.9912274,-9.5720442],[-49.9827261,-9.5853565],[-49.995979,-9.5941814],[-49.998371,-9.607181],[-49.9889076,-9.6378405],[-49.9951736,-9.6519282]],[[-49.9951736,-9.6519282],[-49.9995233,-9.6618373],[-49.9966193,-9.6718401],[-49.9922411,-9.6765575],[-49.9812393,-9.6719502]],[[-49.9812393,-9.6719502],[-49.9498787,-9.669597],[-49.9244079,-9.6837787],[-49.9153819,-9.676936],[-49.8972988,-9.6850326],[-49.8502547,-9.6815159],[-49.8365586,-9.669061],[-49.8171711,-9.6636777],[-49.8009439,-9.6671924],[-49.7955305,-9.6299638],[-49.7874181,-9.6101707],[-49.7748492,-9.6074936],[-49.7670268,-9.5971586],[-49.7453582,-9.5831573]],[[-49.7453582,-9.5831573],[-49.7362136,-9.5903022],[-49.7294798,-9.591158],[-49.7208876,-9.588753]],[[-49.7208876,-9.588753],[-49.7150706,-9.5817261],[-49.6860869,-9.5617762],[-49.6839202,-9.5516692],[-49.6836312,-9.5440671]],[[-49.6836312,-9.5440671],[-49.6820874,-9.5412476]],[[-49.6820874,-9.5412476],[-49.6914151,-9.5321144],[-49.6906772,-9.521761],[-49.700608,-9.4907836],[-49.709048,-9.4838314],[-49.7115939,-9.4520789],[-49.7046518,-9.4410859],[-49.7203222,-9.4336785],[-49.7237982,-9.4115029],[-49.7292071,-9.403316],[-49.7184747,-9.4013511],[-49.7159457,-9.3831525],[-49.7245726,-9.3728052],[-49.7064328,-9.3671523],[-49.7195075,-9.3571366]],[[-49.7195075,-9.3571366],[-49.7321113,-9.3478879],[-49.7327222,-9.3468206],[-49.7295624,-9.3404738],[-49.7289117,-9.3312361]],[[-49.7105108,-9.1903373],[-49.7125438,-9.1754388]],[[-47.4041796,-8.7948081],[-47.4276174,-8.8130558],[-47.4342224,-8.8114636],[-47.4423783,-8.8122836],[-47.4492708,-8.813463],[-47.4568763,-8.8037422],[-47.464591,-8.7988149]],[[-47.464591,-8.7988149],[-47.4734563,-8.7974261]],[[-47.4734563,-8.7974261],[-47.5425575,-8.9375922]],[[-47.6787671,-9.1739598],[-47.685947,-9.1853226]],[[-47.685947,-9.1853226],[-47.6886825,-9.1905947],[-47.6916627,-9.1959407],[-47.6903649,-9.2067095],[-47.6894867,-9.208049],[-47.6955932,-9.2247893],[-47.6958908,-9.2266626],[-47.6933118,-9.2350112],[-47.6900484,-9.2414323],[-47.6938232,-9.2472111],[-47.691594,-9.2557855],[-47.689141,-9.2659715],[-47.6893599,-9.2817457],[-47.6910905,-9.2843002],[-47.6936424,-9.2913596],[-47.6934084,-9.2947393],[-47.6990402,-9.2966618],[-47.7063927,-9.3073423],[-47.7135818,-9.3080048],[-47.7215753,-9.3183787],[-47.7241748,-9.3194419]],[[-47.7241748,-9.3194419],[-47.7276713,-9.3330148]],[[-47.7276713,-9.3330148],[-47.7184948,-9.3368383]],[[-47.7184948,-9.3368383],[-47.7105961,-9.3316394],[-47.6962963,-9.3312461],[-47.6875212,-9.3325557]],[[-47.6875212,-9.3325557],[-47.6679063,-9.3422422],[-47.6562148,-9.3542116],[-47.6418789,-9.3476366],[-47.6382147,-9.329327],[-47.6193892,-9.3316221],[-47.5952515,-9.301675],[-47.5623818,-9.3160379],[-47.5335073,-9.3027311],[-47.5194274,-9.2914308],[-47.5179813,-9.2749818],[-47.5285218,-9.2627041],[-47.5153021,-9.2556626],[-47.496033,-9.258515],[-47.4652402,-9.2430154],[-47.4559226,-9.2493904],[-47.4399383,-9.2384288]],[[-47.4399383,-9.2384288],[-47.4356167,-9.232062],[-47.4323074,-9.2311639],[-47.424907,-9.2373411],[-47.4125829,-9.2353319],[-47.3962214,-9.2448746]],[[-47.3962214,-9.2448746],[-47.389797,-9.2460353]],[[-47.389797,-9.2460353],[-47.3808636,-9.2501029],[-47.3751909,-9.264037],[-47.3701368,-9.2666417]],[[-47.3701368,-9.2666417],[-47.3573849,-9.2717666]],[[-47.3573849,-9.2717666],[-47.3610109,-9.2783903],[-47.3623433,-9.2846847],[-47.3601547,-9.2871191],[-47.3523042,-9.2881082],[-47.3461158,-9.2870872],[-47.3443455,-9.2844111]],[[-47.3443455,-9.2844111],[-47.3362037,-9.2602936],[-47.3229414,-9.2523069],[-47.2980109,-9.252134],[-47.2775341,-9.2338079],[-47.2877752,-9.2225394],[-47.2837235,-9.213777],[-47.2654353,-9.204901],[-47.2697305,-9.1972216],[-47.2609869,-9.1827968],[-47.2637128,-9.1572398],[-47.2691887,-9.1441486],[-47.2591203,-9.138783],[-47.2595622,-9.1215976],[-47.2509076,-9.0882481],[-47.2572563,-9.0831367],[-47.2529554,-9.0626672],[-47.2589799,-9.0436444],[-47.2503485,-9.0309058],[-47.2515571,-9.0198071],[-47.2364709,-9.015844],[-47.2262622,-8.9950781],[-47.2383101,-9.00689],[-47.2411452,-9.0102507],[-47.2460989,-9.0041463],[-47.2450948,-8.9856912],[-47.2464018,-8.9799917],[-47.2417905,-8.9803162],[-47.2387822,-8.9667081],[-47.2387638,-8.9629345],[-47.2399632,-8.9608323]],[[-47.2399632,-8.9608323],[-47.2307768,-8.95188]],[[-47.2307768,-8.95188],[-47.2340363,-8.9444803],[-47.2291556,-8.9225896],[-47.2289942,-8.8983364],[-47.2251219,-8.8894872],[-47.2278769,-8.8813972],[-47.2174541,-8.8636462],[-47.2214668,-8.8535549],[-47.218728,-8.8491326],[-47.2491023,-8.8386066],[-47.2596323,-8.8448579],[-47.2863786,-8.8280801],[-47.3337085,-8.8470579],[-47.3485628,-8.8587824],[-47.3706409,-8.8519516],[-47.3889264,-8.8172863],[-47.4041796,-8.7948081]],[[-49.3943657,-9.9613537],[-49.4035897,-9.9672681]],[[-49.4035897,-9.9672681],[-49.4061702,-9.9680806],[-49.4089383,-9.9689908],[-49.4107496,-9.9694336],[-49.4142413,-9.9839182],[-49.4300594,-9.9988391],[-49.4308998,-9.9997329],[-49.4323012,-10.0008023],[-49.4337927,-10.001039],[-49.4403941,-10.0054047]],[[-49.4403941,-10.0054047],[-49.4426465,-10.009747]],[[-49.4426465,-10.009747],[-49.4348647,-10.0094414],[-49.4183903,-10.0287401],[-49.3981413,-10.0421587],[-49.3695608,-10.0701894],[-49.361717,-10.0862448],[-49.3508218,-10.1310776],[-49.3339262,-10.135011],[-49.3298206,-10.1446063],[-49.3088909,-10.1488048],[-49.3029833,-10.1565532],[-49.2727628,-10.1588639],[-49.228805,-10.1811746],[-49.2108024,-10.1978984],[-49.2030507,-10.2109874],[-49.2016563,-10.2141968],[-49.1992519,-10.2231053],[-49.2041388,-10.2322215],[-49.2014509,-10.2421211],[-49.1958177,-10.2528959],[-49.1798685,-10.2522185],[-49.172065,-10.261216]],[[-49.172065,-10.261216],[-49.1732809,-10.2690011],[-49.1674779,-10.2742015],[-49.1553922,-10.2749187]],[[-49.1553922,-10.2749187],[-49.1484394,-10.2755667],[-49.120638,-10.2802529],[-49.0938372,-10.2737798],[-49.0810331,-10.2912463],[-49.0916306,-10.2992639],[-49.0943521,-10.3125972],[-49.0916205,-10.3201965],[-49.101465,-10.3315436],[-49.1073128,-10.3363445],[-49.0921814,-10.3410499],[-49.0694599,-10.3341986],[-49.0535249,-10.3613299],[-49.0314875,-10.3717956],[-48.9892406,-10.3665355]],[[-48.9892406,-10.3665355],[-48.9864991,-10.3537946]],[[-48.9864991,-10.3537946],[-48.9878775,-10.340659],[-48.9860347,-10.3230863],[-48.9919404,-10.287555],[-49.005527,-10.2901565],[-49.0062798,-10.2810346],[-49.0113169,-10.2695091],[-49.014233,-10.2665805],[-49.0372199,-10.2340493],[-49.0429222,-10.2176479],[-49.0790651,-10.1817761],[-49.0896261,-10.1661863],[-49.1096773,-10.1521326]],[[-49.1096773,-10.1521326],[-49.1133136,-10.1482505]],[[-49.1133136,-10.1482505],[-49.1175596,-10.1480034],[-49.1171983,-10.1468413],[-49.1188259,-10.14474],[-49.1272469,-10.1469093],[-49.1327597,-10.143905],[-49.1343827,-10.1373422],[-49.1369939,-10.1333721],[-49.1498558,-10.1250953],[-49.1580267,-10.1089428],[-49.1699607,-10.1012524],[-49.1693776,-10.0999934],[-49.1940604,-10.0988096],[-49.1924935,-10.097373],[-49.2105051,-10.0863825],[-49.2160125,-10.0689559],[-49.2177519,-10.0686591],[-49.2420742,-10.0580385],[-49.2590419,-10.0601957],[-49.2880602,-10.0375714],[-49.3018365,-10.033809],[-49.3133782,-10.0080633],[-49.3508401,-9.982718],[-49.3707542,-9.979862],[-49.3943657,-9.9613537]],[[-47.7671471,-11.2695508],[-47.7795365,-11.2779225]],[[-47.7795365,-11.2779225],[-47.8096458,-11.290458],[-47.8035305,-11.3031074],[-47.8156437,-11.327831],[-47.8176818,-11.3430273],[-47.8048411,-11.3504561],[-47.8447563,-11.3727346],[-47.8843857,-11.3822738],[-47.9027813,-11.3928716],[-47.9081759,-11.401685],[-47.9139054,-11.4076748],[-47.9181802,-11.4087795]],[[-47.9181802,-11.4087795],[-47.9235054,-11.4154661],[-47.9270082,-11.4286714],[-47.9229724,-11.4414501]],[[-47.9229724,-11.4414501],[-47.9308643,-11.4643622],[-47.9336999,-11.4691374],[-47.9419536,-11.4804733],[-47.9518807,-11.4960745],[-47.9700889,-11.5283215],[-47.9673744,-11.541197],[-47.9769513,-11.5524076],[-47.9775008,-11.5548683],[-47.9904784,-11.5701058],[-47.9952537,-11.5833627],[-48.016231,-11.5997033],[-48.0220872,-11.5960548],[-48.0344528,-11.5801032],[-48.0445887,-11.5890867],[-48.0703785,-11.5869682],[-48.0756024,-11.5829791],[-48.082223,-11.5884472],[-48.1113698,-11.5921815],[-48.1260378,-11.6017582],[-48.1370984,-11.6017426],[-48.1401392,-11.619722],[-48.153044,-11.6076842],[-48.1653745,-11.6046804]],[[-48.1653745,-11.6046804],[-48.1736613,-11.6091701]],[[-48.1736613,-11.6091701],[-48.157269,-11.6366181],[-48.156855,-11.6620635],[-48.1445236,-11.6633943]],[[-48.1445236,-11.6633943],[-48.1497795,-11.6964579]],[[-48.1497795,-11.6964579],[-48.1462035,-11.6970724]],[[-48.1462035,-11.6970724],[-48.1384413,-11.7085819],[-48.1318761,-11.7093192],[-48.1282482,-11.7111948],[-48.1214857,-11.7104634]],[[-48.1214857,-11.7104634],[-48.110868,-11.7145002],[-48.0979493,-11.7165224]],[[-48.0979493,-11.7165224],[-48.0893224,-11.7224639]],[[-48.0893224,-11.7224639],[-48.0763032,-11.720281],[-48.0691833,-11.7191657],[-48.0543244,-11.7119329]],[[-48.0543244,-11.7119329],[-48.0425452,-11.7073976],[-48.034478,-11.7096472],[-48.0253144,-11.71783]],[[-48.0253144,-11.71783],[-48.0147969,-11.7209631]],[[-48.0147969,-11.7209631],[-48.0030988,-11.7216875],[-47.9972105,-11.7154785],[-47.9969821,-11.7104911]],[[-47.9969821,-11.7104911],[-47.9762142,-11.7153823],[-47.9577786,-11.7385159],[-47.9447444,-11.7443576],[-47.9225293,-11.7435105],[-47.9052416,-11.732416],[-47.8872033,-11.7413605],[-47.8466868,-11.7527637],[-47.8275949,-11.7605923],[-47.8250654,-11.7543311],[-47.8198047,-11.750795],[-47.8133297,-11.7294604],[-47.7808135,-11.7119185],[-47.7795367,-11.7024717],[-47.7629585,-11.694374],[-47.7598116,-11.690072],[-47.756935,-11.689765],[-47.7516459,-11.6875821],[-47.7287529,-11.6688484],[-47.7193472,-11.6672166],[-47.712318,-11.6625789],[-47.697451,-11.6442487],[-47.6938076,-11.6385842]],[[-47.6938076,-11.6385842],[-47.6957972,-11.6356972],[-47.6998105,-11.6334604],[-47.7004711,-11.6245556],[-47.6964234,-11.607077]],[[-47.6964234,-11.607077],[-47.6820181,-11.5956033],[-47.6681654,-11.5639897],[-47.6700353,-11.5454533],[-47.6819991,-11.5407496],[-47.6868529,-11.5270891],[-47.6974955,-11.5072051],[-47.6944496,-11.5059744],[-47.6796582,-11.4868878],[-47.6771371,-11.4775419],[-47.6747292,-11.4750779],[-47.6695729,-11.4669213],[-47.6516663,-11.4552469],[-47.6336097,-11.4412649],[-47.6250655,-11.4414885]],[[-47.6250655,-11.4414885],[-47.6149664,-11.4248551]],[[-47.6149664,-11.4248551],[-47.6127645,-11.4236126],[-47.6040279,-11.3966486],[-47.6026694,-11.3900818],[-47.5979921,-11.3787442],[-47.5996787,-11.373386],[-47.6125781,-11.3666472],[-47.6060117,-11.3380519],[-47.6191205,-11.3205508],[-47.6245344,-11.3021448],[-47.6335979,-11.3072793],[-47.6680871,-11.3196731],[-47.6775905,-11.3323049],[-47.6819512,-11.3321207],[-47.6864867,-11.3171936],[-47.729441,-11.2929389],[-47.7377895,-11.3029442],[-47.7460688,-11.3045168],[-47.747019,-11.3006752],[-47.7478935,-11.2962066],[-47.7671471,-11.2695508]],[[-48.4659897,-7.8571959],[-48.4982568,-7.8526738]],[[-48.4982568,-7.8526738],[-48.5025175,-7.8552055]],[[-48.6306491,-8.2725431],[-48.6368963,-8.2760236]],[[-48.3848115,-8.1404129],[-48.380032,-8.1315571]],[[-48.380032,-8.1315571],[-48.3858294,-8.1255311],[-48.411616,-8.121407],[-48.4174497,-8.1265223],[-48.4268592,-8.1250047],[-48.4280729,-8.1207808],[-48.4285065,-8.1159824],[-48.4299864,-8.0993778],[-48.4316711,-8.0909722],[-48.4431718,-8.0797015],[-48.4457726,-8.075108],[-48.4498728,-8.0548004],[-48.4449884,-8.0502175],[-48.4475362,-8.0141196],[-48.4385318,-7.9925516],[-48.4463144,-7.9521092],[-48.4422538,-7.9416786],[-48.4555623,-7.878093],[-48.4659897,-7.8571959]],[[-46.6027166,-12.7331462],[-46.6049391,-12.7386585]],[[-46.5951698,-12.7962581],[-46.5876172,-12.8067366]],[[-46.5876172,-12.8067366],[-46.5646243,-12.8200625],[-46.5607275,-12.8308199],[-46.5598385,-12.8550205],[-46.5641853,-12.8672931],[-46.5623796,-12.8733168],[-46.5568905,-12.8759421],[-46.5381501,-12.8914178],[-46.5340281,-12.9005113],[-46.5247563,-12.9009688],[-46.5071752,-12.9030607],[-46.4982224,-12.9065349],[-46.4825892,-12.9248427],[-46.4696412,-12.9248513],[-46.4484443,-12.9329365]],[[-46.4484443,-12.9329365],[-46.4325688,-12.9306408],[-46.4179848,-12.8224367],[-46.4277766,-12.8229578]],[[-46.4277766,-12.8229578],[-46.4289109,-12.8270083],[-46.4328826,-12.8249481],[-46.4508227,-12.8191004],[-46.4566423,-12.8172504],[-46.4756069,-12.8015582],[-46.5020575,-12.7970724],[-46.5081334,-12.7933925],[-46.5137926,-12.7934318],[-46.5269058,-12.7855923],[-46.5356651,-12.7857137],[-46.5424484,-12.7854875],[-46.5539883,-12.7836259],[-46.5583114,-12.7685034],[-46.5727312,-12.7525174],[-46.5842193,-12.7466523],[-46.6027166,-12.7331462]],[[-47.4707293,-11.9604325],[-47.4716741,-11.9652374]],[[-47.4716741,-11.9652374],[-47.4701883,-11.9710341],[-47.4660364,-11.975875],[-47.4483088,-11.9901529],[-47.4552139,-12.0160302],[-47.4740268,-12.0620361],[-47.4736436,-12.0808719],[-47.4790439,-12.0903912],[-47.4771709,-12.1063129],[-47.4779854,-12.1200686],[-47.4850711,-12.1326397],[-47.4834857,-12.1596458],[-47.4891601,-12.1721264],[-47.4895893,-12.1806284],[-47.5132547,-12.1871742],[-47.518155,-12.1771783],[-47.5562494,-12.1674149],[-47.5610165,-12.1836811],[-47.5712609,-12.1894588]],[[-47.5712609,-12.1894588],[-47.5643836,-12.1910415]],[[-47.5643836,-12.1910415],[-47.5580013,-12.2012404],[-47.5544658,-12.2055809],[-47.5452147,-12.2290824],[-47.5425117,-12.2371684],[-47.5343845,-12.2489636],[-47.5198959,-12.2497568],[-47.5173668,-12.2741381],[-47.5251353,-12.2768874],[-47.5276706,-12.3079766],[-47.5364251,-12.3177868],[-47.5268679,-12.3578133],[-47.5457544,-12.3606149],[-47.5389757,-12.3817039],[-47.5218502,-12.3859602],[-47.5205394,-12.3957967],[-47.5343353,-12.4067859],[-47.5164886,-12.4136717],[-47.5176433,-12.4320634],[-47.5111514,-12.444459],[-47.4857274,-12.4568822]],[[-47.4857274,-12.4568822],[-47.475503,-12.4567199],[-47.4661357,-12.4481925],[-47.4584837,-12.4441503],[-47.4484386,-12.4235144]],[[-47.4484386,-12.4235144],[-47.4307513,-12.4230761],[-47.4180403,-12.4136748],[-47.3985217,-12.4482391],[-47.3743794,-12.4526285],[-47.3644376,-12.4439811],[-47.3225369,-12.4538599],[-47.3016297,-12.4528433]],[[-47.3016297,-12.4528433],[-47.2936243,-12.4501188],[-47.2876644,-12.4322231],[-47.2805047,-12.4259011]],[[-47.2805047,-12.4259011],[-47.271365,-12.422108],[-47.2661442,-12.4215014],[-47.2480449,-12.4273276]],[[-47.2196851,-12.4245776],[-47.2025204,-12.4223458],[-47.1966471,-12.4182044],[-47.1908926,-12.4073095]],[[-47.1172543,-12.361906],[-47.11784,-12.3476405],[-47.0983289,-12.3335686],[-47.088446,-12.3029603],[-47.1057521,-12.290948],[-47.1069589,-12.2812591],[-47.1205696,-12.258629],[-47.1117809,-12.2196855],[-47.1059918,-12.2069728],[-47.1085033,-12.19104],[-47.0985321,-12.1761384],[-47.1032151,-12.1683169],[-47.0833952,-12.13443],[-47.0861185,-12.1196],[-47.0811953,-12.0989191],[-47.0713765,-12.0835352],[-47.0766463,-12.0737012],[-47.1019963,-12.0488882],[-47.116675,-12.0458014],[-47.1312511,-12.0228508],[-47.1285367,-11.9991521],[-47.1393645,-11.9873814],[-47.1451365,-11.9752186],[-47.143022,-11.9705495],[-47.1412,-11.968802],[-47.1326817,-11.9578482],[-47.1325335,-11.9488392],[-47.1289156,-11.9433191],[-47.1244113,-11.941683],[-47.1200349,-11.9428853],[-47.1136541,-11.9449277],[-47.1010895,-11.9538026],[-47.0896338,-11.9563416],[-47.0761644,-11.9585554],[-47.0731472,-11.9590894],[-47.0617309,-11.9531283]],[[-47.0617309,-11.9531283],[-47.0598692,-11.9534408],[-47.0567487,-11.9510664],[-47.2095721,-11.843687]],[[-47.2095721,-11.843687],[-47.2106861,-11.8498367]],[[-48.9751018,-8.1958657],[-48.9780534,-8.1927842]],[[-48.9780534,-8.1927842],[-48.9846129,-8.1983414],[-49.0128239,-8.2047222],[-49.0279974,-8.2213397],[-49.0528174,-8.2254307],[-49.0599858,-8.2224197],[-49.0707479,-8.2259576],[-49.0795706,-8.2268986],[-49.0973758,-8.2257663],[-49.1050552,-8.2293067],[-49.1156652,-8.2386594],[-49.1436377,-8.2524236],[-49.1554153,-8.254877],[-49.1664792,-8.2568332],[-49.1753939,-8.254892],[-49.2057242,-8.2413653],[-49.2107618,-8.238211],[-49.2209892,-8.2037923]],[[-49.2209892,-8.2037923],[-49.2306391,-8.2177797],[-49.2486603,-8.2553764],[-49.2617486,-8.3038745],[-49.2674375,-8.3341894],[-49.2833241,-8.3795572],[-49.2991332,-8.3953662],[-49.3380798,-8.4107367],[-49.3494094,-8.4183765],[-49.3770137,-8.4552851],[-49.3914974,-8.4897785],[-49.3995833,-8.545124]],[[-49.2910464,-8.6361194],[-49.2839112,-8.6410585]],[[-49.2839112,-8.6410585],[-49.2661161,-8.64782],[-49.2646507,-8.647622],[-49.2538427,-8.6393199],[-49.2506591,-8.6416401],[-49.2435889,-8.6462485],[-49.238161,-8.6472953],[-49.2169735,-8.6463551],[-49.2132735,-8.6520981],[-49.2157236,-8.6545208],[-49.2032929,-8.6642415],[-49.2035974,-8.6689697],[-49.1935312,-8.6787393],[-49.1841561,-8.680685],[-49.18008,-8.6764938],[-49.1651281,-8.6744129],[-49.1623357,-8.675208],[-49.150978,-8.6761319],[-49.1502261,-8.6735735],[-49.148284,-8.6725451],[-49.1480617,-8.6708218],[-49.1469046,-8.6685485],[-49.1331166,-8.6538566],[-49.1295128,-8.6505668],[-49.127199,-8.6518328]],[[-49.127199,-8.6518328],[-49.1224953,-8.6468191]],[[-49.1224953,-8.6468191],[-49.0504581,-8.5446861],[-49.028613,-8.51616],[-49.0175091,-8.5074927],[-49.0076433,-8.5010896],[-48.9873578,-8.490098],[-48.9883255,-8.4725671],[-48.9830322,-8.463049],[-48.9764651,-8.4545959],[-48.976899,-8.4313878],[-48.9682689,-8.4142274],[-48.9832943,-8.3940699],[-49.0029171,-8.3762935],[-49.0032468,-8.3643045]],[[-49.0032468,-8.3643045],[-48.9915555,-8.3539633],[-48.9934819,-8.3454581]],[[-48.9934819,-8.3454581],[-48.987723,-8.3369905]],[[-48.987723,-8.3369905],[-48.9661604,-8.3159091]],[[-48.9661604,-8.3159091],[-48.9649002,-8.3101838],[-48.9608351,-8.3060975],[-48.9576637,-8.2983958],[-48.957615,-8.291673],[-48.9594303,-8.2887806],[-48.9608241,-8.2792396]],[[-48.9608241,-8.2792396],[-48.95684,-8.2732875],[-48.9566088,-8.265977],[-48.9678278,-8.2582464],[-48.9774311,-8.2469013],[-48.9684243,-8.2277403],[-48.9716526,-8.2161036],[-48.9763682,-8.2001147],[-48.9751018,-8.1958657]],[[-49.7532264,-10.5106409],[-49.743011,-10.5268465]],[[-49.743011,-10.5268465],[-49.7173151,-10.528362],[-49.7120434,-10.5329046],[-49.7013309,-10.5415165],[-49.6849478,-10.5411803],[-49.6658693,-10.5502255],[-49.6460339,-10.5509055],[-49.6434614,-10.5655177],[-49.6103785,-10.5763485],[-49.5888288,-10.5681956],[-49.5833511,-10.5816635],[-49.5660981,-10.5897383],[-49.54689,-10.6204512],[-49.5476755,-10.6409707],[-49.5306769,-10.6712856],[-49.5310017,-10.678522],[-49.5139083,-10.691281],[-49.4924659,-10.6931204],[-49.4761905,-10.7074092],[-49.4632911,-10.708848],[-49.4480831,-10.7226729],[-49.4636353,-10.7339067],[-49.4784758,-10.7593893]],[[-49.4784758,-10.7593893],[-49.4970858,-10.7610142],[-49.5091049,-10.7640654],[-49.5155382,-10.7750429]],[[-49.5155382,-10.7750429],[-49.5212615,-10.7797075],[-49.5263617,-10.8072491],[-49.5397393,-10.8108914]],[[-49.5397393,-10.8108914],[-49.5559453,-10.8268095]],[[-49.5559453,-10.8268095],[-49.5436419,-10.8313893],[-49.5226761,-10.8336329],[-49.5108444,-10.8333796],[-49.483208,-10.815238],[-49.465367,-10.8156558],[-49.4517659,-10.8038977],[-49.4404768,-10.8028757],[-49.4253967,-10.7830466],[-49.4027596,-10.7749404],[-49.3894607,-10.7593168],[-49.3251874,-10.7359334],[-49.3164416,-10.7381636],[-49.2998334,-10.7513281],[-49.2892803,-10.7491404],[-49.2739269,-10.7573189],[-49.2425161,-10.7542835],[-49.2248267,-10.761285],[-49.2024814,-10.8002655],[-49.1848268,-10.8038933],[-49.1778571,-10.79705],[-49.1619322,-10.8000111],[-49.1535137,-10.7941946],[-49.1351542,-10.8080264],[-49.1139338,-10.8162088],[-49.1008646,-10.8060838],[-49.0790935,-10.815036],[-49.0598558,-10.8090801],[-49.0498126,-10.7935664],[-49.0371664,-10.7920514],[-49.0319551,-10.7807252],[-49.0146666,-10.7764662]],[[-49.0146666,-10.7764662],[-49.013874,-10.772913]],[[-49.013874,-10.772913],[-48.9708456,-10.7588399]],[[-48.9708456,-10.7588399],[-48.9649621,-10.7603326]],[[-48.9649621,-10.7603326],[-48.9594296,-10.7418493],[-48.9698441,-10.7220555],[-48.9599183,-10.6966079],[-48.9658975,-10.6786597],[-48.9624521,-10.6695554],[-48.9605525,-10.6648092]],[[-48.9605525,-10.6648092],[-48.9730606,-10.6646984]],[[-48.9730606,-10.6646984],[-48.9843897,-10.6655799],[-49.0016374,-10.6835809],[-49.0175535,-10.6856708],[-49.0278202,-10.6594854],[-49.0451746,-10.6528593],[-49.067585,-10.6602563],[-49.0796323,-10.6449227],[-49.0691035,-10.6177838],[-49.0631857,-10.6146286],[-49.059501,-10.6039486],[-49.057694,-10.5930123],[-49.0663959,-10.5807822],[-49.0697042,-10.5774732],[-49.0731029,-10.5578083],[-49.0650268,-10.547446],[-49.0732032,-10.5323612],[-49.0632648,-10.5137602],[-49.0659477,-10.5055652]],[[-49.0659477,-10.5055652],[-49.0653796,-10.5036484]],[[-49.0653796,-10.5036484],[-49.0861181,-10.5369077],[-49.1057085,-10.5364132],[-49.1215705,-10.5441394],[-49.1271709,-10.5484172],[-49.1341294,-10.5440814],[-49.1397371,-10.5395658],[-49.1589072,-10.530097],[-49.1835691,-10.5367869],[-49.2301386,-10.5439875],[-49.2479116,-10.5258937],[-49.2748997,-10.5139698],[-49.2824672,-10.5144653],[-49.3160923,-10.4953434],[-49.3377743,-10.4959073],[-49.3421873,-10.4769088],[-49.3858844,-10.4551106],[-49.3913242,-10.4525833],[-49.4043012,-10.4477542],[-49.4191615,-10.4389008],[-49.4228167,-10.4386605],[-49.4257507,-10.4398304],[-49.4273791,-10.4409485],[-49.4273755,-10.4428251],[-49.4398774,-10.4432668],[-49.4504074,-10.4469139],[-49.4728388,-10.4604155],[-49.4824801,-10.467067],[-49.4937906,-10.4769353],[-49.5113011,-10.4868059],[-49.5191424,-10.4870147],[-49.5283895,-10.4766909],[-49.5440738,-10.4868382],[-49.5600527,-10.4812808],[-49.5698006,-10.4831764],[-49.5716072,-10.482962],[-49.5894671,-10.5000924],[-49.6268939,-10.5041616],[-49.6355362,-10.5129333],[-49.6460867,-10.5083062],[-49.6647249,-10.5184367],[-49.6775488,-10.5112738],[-49.7011755,-10.5159935],[-49.7153713,-10.5101194],[-49.7270087,-10.5019555],[-49.7260133,-10.5052826],[-49.7353036,-10.5030503],[-49.7421675,-10.5079402],[-49.7446822,-10.5122864],[-49.7478365,-10.5101673],[-49.7532264,-10.5106409]],[[-49.2041118,-11.094518],[-49.2071708,-11.0949476],[-49.2123065,-11.1105606],[-49.2219434,-11.110845],[-49.2273388,-11.1064902]],[[-49.2273388,-11.1064902],[-49.2361257,-11.1023226],[-49.2538192,-11.1138817],[-49.2678618,-11.1211576],[-49.287125,-11.1263868],[-49.2945218,-11.1166836],[-49.3109982,-11.1120502],[-49.3208369,-11.0981905],[-49.3324868,-11.1039767],[-49.3465251,-11.1097852],[-49.3709939,-11.1102248],[-49.3805669,-11.1201204],[-49.4099181,-11.1487516],[-49.4115458,-11.1523387],[-49.4283658,-11.1687524],[-49.442558,-11.1703479],[-49.4413403,-11.1724705]],[[-49.4413403,-11.1724705],[-49.4387281,-11.1779861]],[[-49.4387281,-11.1779861],[-49.4311095,-11.1855529],[-49.4096499,-11.1828801],[-49.3996509,-11.180851],[-49.3969591,-11.1813532],[-49.3870283,-11.1948393],[-49.3760807,-11.2019932],[-49.3716117,-11.2034693],[-49.3699535,-11.2151151],[-49.3631671,-11.2166446],[-49.3632953,-11.2293646],[-49.3577344,-11.2336873],[-49.3413331,-11.2428771],[-49.3328745,-11.2533177]],[[-49.3328745,-11.2533177],[-49.3250097,-11.2419706]],[[-48.7199582,-11.1653132],[-48.7145652,-11.1580646]],[[-48.8416291,-11.1057051],[-48.8671561,-11.1007361]],[[-48.8671561,-11.1007361],[-48.8829522,-11.0994921],[-48.9061283,-11.0979801],[-48.9304567,-11.09986],[-48.9435681,-11.1140307],[-48.9705407,-11.1241815],[-48.9954865,-11.1222444],[-49.0383718,-11.1268277],[-49.0465791,-11.1308033],[-49.0701745,-11.1209578],[-49.0995368,-11.1134146],[-49.1122658,-11.1163074],[-49.1324609,-11.1130844],[-49.151817,-11.1035414],[-49.1619523,-11.0844504],[-49.1702189,-11.0603344],[-49.1895326,-11.0614202],[-49.195685,-11.0889283],[-49.2041118,-11.094518]],[[-47.8710215,-6.586599],[-47.8619973,-6.5411314],[-47.8662171,-6.5431755]],[[-48.0103282,-6.5688273],[-48.017623,-6.5704388]],[[-48.017623,-6.5704388],[-48.0409497,-6.6009954],[-48.0591745,-6.6028479],[-48.0866165,-6.592401],[-48.0961161,-6.5926841],[-48.1035417,-6.5873444],[-48.1100061,-6.5862538],[-48.1199284,-6.5873797]],[[-48.1199284,-6.5873797],[-48.127308,-6.5870415]],[[-48.127308,-6.5870415],[-48.1185874,-6.5968795],[-48.1292339,-6.6221288]],[[-48.1292339,-6.6221288],[-48.1270301,-6.6241536],[-48.1262788,-6.6299373]],[[-48.1262788,-6.6299373],[-48.1252932,-6.6300416],[-48.1232191,-6.6342356],[-48.1136357,-6.6377957],[-48.1064536,-6.6529355],[-48.0808606,-6.6590819],[-48.069064,-6.6575922],[-48.0617342,-6.6693572],[-48.0401286,-6.6891726],[-48.0178672,-6.6910385],[-48.0157448,-6.70258],[-47.9942246,-6.705164],[-47.9826134,-6.7143561],[-47.9774586,-6.7347717],[-47.9660489,-6.7332158],[-47.9389234,-6.7599611],[-47.9284312,-6.7588435],[-47.9142369,-6.7771867],[-47.8996118,-6.7812472],[-47.9049882,-6.8054956],[-47.8826647,-6.8355554],[-47.8783053,-6.863207],[-47.8654757,-6.8629294],[-47.8569368,-6.8804292],[-47.8206501,-6.9055067],[-47.8113829,-6.90472],[-47.7939776,-6.9096611],[-47.7662131,-6.9006429],[-47.7598176,-6.9066663]],[[-47.7598176,-6.9066663],[-47.756673,-6.9056517],[-47.74703,-6.906257],[-47.7423127,-6.9046776],[-47.7373478,-6.9065996]],[[-47.5471007,-7.0167185],[-47.5288692,-6.9772069],[-47.5295707,-6.946013],[-47.5076246,-6.9071901],[-47.5070392,-6.8720101],[-47.5204916,-6.8404706],[-47.5296459,-6.8313891],[-47.516702,-6.7902601],[-47.4941187,-6.7548332],[-47.4986594,-6.700577]],[[-47.4986594,-6.700577],[-47.5136075,-6.722172],[-47.5348972,-6.7069357],[-47.5744941,-6.7078508],[-47.5935049,-6.7109427],[-47.6206602,-6.7012725],[-47.6413024,-6.7099163],[-47.7099305,-6.7077007],[-47.7209258,-6.6938449],[-47.7472931,-6.6837526],[-47.7608978,-6.6680559],[-47.7677526,-6.6501576],[-47.7935349,-6.6184079],[-47.8087616,-6.6086256],[-47.8194899,-6.5915246],[-47.8347876,-6.5810305],[-47.8527901,-6.5788434],[-47.8710215,-6.586599]],[[-46.5598673,-11.3715948],[-46.5612672,-11.3738135],[-46.5671581,-11.3801422],[-46.5906958,-11.3894116],[-46.6029252,-11.392206],[-46.6253671,-11.401916],[-46.6425139,-11.4156746],[-46.6520577,-11.4173206],[-46.6640142,-11.4306319],[-46.6672456,-11.4425538],[-46.6877022,-11.4501995],[-46.695503,-11.4599539],[-46.7041078,-11.4656689],[-46.7264637,-11.4643506],[-46.7490488,-11.480067],[-46.7762103,-11.4680378],[-46.7981909,-11.4718795],[-46.8264317,-11.4669353],[-46.8429372,-11.4556146],[-46.8973172,-11.4086119],[-46.9044697,-11.3956349],[-46.9215279,-11.4032822]],[[-46.9215279,-11.4032822],[-46.9258004,-11.4070759]],[[-46.9258004,-11.4070759],[-46.9239121,-11.4326208],[-46.9165424,-11.4632491],[-46.9303129,-11.4552363],[-46.9515779,-11.4536143],[-46.9614162,-11.4690742],[-46.9592076,-11.4989353],[-46.969493,-11.52252],[-46.9895874,-11.5412472],[-47.0025272,-11.5345774],[-47.0066658,-11.5190713],[-47.0302848,-11.5177786],[-47.0368485,-11.5294985],[-47.0373756,-11.567566],[-47.0485727,-11.5918218],[-47.0435186,-11.6074736],[-47.041473,-11.6359469],[-47.0601711,-11.6477323],[-47.0678888,-11.661279],[-47.0791236,-11.6947531],[-47.0938434,-11.7020686],[-47.0919736,-11.7128431],[-47.0974471,-11.7204744],[-47.1000669,-11.7267778],[-47.1098883,-11.7329802],[-47.1186469,-11.7372292],[-47.1325674,-11.7473936],[-47.1347272,-11.7536783],[-47.1405974,-11.7520848],[-47.1417246,-11.7484922],[-47.1471267,-11.7428848],[-47.1519518,-11.7455027]],[[-47.1519518,-11.7455027],[-47.1620164,-11.7571113]],[[-47.2036301,-11.8369222],[-47.2093611,-11.8420424],[-47.2095721,-11.843687]],[[-47.2095721,-11.843687],[-47.0550115,-11.9529158],[-47.0508608,-11.9515464]],[[-47.0508608,-11.9515464],[-47.0457682,-11.9512583],[-47.0330036,-11.9513127],[-47.02272,-11.9427398],[-47.0052655,-11.9417552],[-46.9881934,-11.9484561],[-46.9673605,-11.9398022],[-46.9501515,-11.940563],[-46.9432019,-11.9496031],[-46.9395016,-11.9538568],[-46.9347235,-11.9595911],[-46.9193475,-11.9580297],[-46.8914355,-11.9651642],[-46.8797525,-11.9813905],[-46.8639625,-11.991609],[-46.8610965,-12.0015583],[-46.8526925,-12.0202684],[-46.8531717,-12.0334667],[-46.8447941,-12.053382],[-46.8416311,-12.0868919],[-46.8670613,-12.1059933],[-46.8618263,-12.1219204],[-46.8694734,-12.1460503],[-46.8587554,-12.165121],[-46.8782604,-12.1852628],[-46.8740495,-12.2088541]],[[-46.8740495,-12.2088541],[-46.8670258,-12.2182016]],[[-46.8670258,-12.2182016],[-46.8577728,-12.2118369],[-46.8518544,-12.2042238],[-46.8390353,-12.1962083],[-46.8348299,-12.1768346],[-46.8240503,-12.1690736],[-46.8170049,-12.1518108],[-46.8069051,-12.1500235],[-46.7919274,-12.1328593],[-46.7827336,-12.1061574]],[[-46.7827336,-12.1061574],[-46.7702598,-12.0927099],[-46.770956,-12.0803262]],[[-46.770956,-12.0803262],[-46.7558844,-12.0557587]],[[-46.7558844,-12.0557587],[-46.7432253,-12.0257376]],[[-46.7432253,-12.0257376],[-46.7428058,-12.0058603],[-46.7370041,-11.9873255],[-46.7543866,-11.9587314],[-46.7539088,-11.926762],[-46.7624318,-11.8985631],[-46.7709308,-11.8909138],[-46.7712752,-11.8750039],[-46.7684541,-11.861811],[-46.7746875,-11.8554579],[-46.7820916,-11.8529431],[-46.7793333,-11.8319327],[-46.7884948,-11.8189982],[-46.7640848,-11.7832177],[-46.7643172,-11.7642394],[-46.7520735,-11.7312136],[-46.7548114,-11.718932],[-46.738404,-11.6978337],[-46.7326812,-11.6916899],[-46.7253124,-11.6880529],[-46.7253579,-11.6853662],[-46.7125238,-11.6854412],[-46.6909106,-11.6910599],[-46.6694206,-11.6878171],[-46.6689758,-11.6796797],[-46.6618023,-11.6751098],[-46.6608354,-11.6718185],[-46.659517,-11.670812],[-46.6564474,-11.670093],[-46.6522853,-11.6727404],[-46.6496459,-11.6728857],[-46.6417217,-11.6663562],[-46.6399182,-11.6666784],[-46.6113756,-11.662934],[-46.6109339,-11.6620874],[-46.5769411,-11.6532702],[-46.5706157,-11.6541509],[-46.5672196,-11.654899],[-46.5432203,-11.6543979],[-46.5341857,-11.6547003],[-46.5210544,-11.6519146],[-46.5171285,-11.6517709],[-46.4981415,-11.6529938],[-46.4953056,-11.6557423],[-46.4908776,-11.6553974],[-46.4856915,-11.6562099],[-46.4840731,-11.657858],[-46.4817319,-11.6562982],[-46.4763138,-11.6590413],[-46.4692832,-11.6581498],[-46.4600324,-11.6532172],[-46.4511575,-11.6404364],[-46.4406806,-11.6414847],[-46.4293266,-11.6293362],[-46.392583,-11.6138443],[-46.3703338,-11.5908038],[-46.3477486,-11.5778261],[-46.3390191,-11.5744961],[-46.3277705,-11.5707427],[-46.3191149,-11.5711949],[-46.3007271,-11.5722613],[-46.2872513,-11.5811058],[-46.2485863,-11.5836972],[-46.2401382,-11.5870828],[-46.218271,-11.6115198],[-46.1988516,-11.6190555],[-46.180714,-11.6223647],[-46.154969,-11.6241819]],[[-46.154969,-11.6241819],[-46.1479357,-11.6228511],[-46.1422703,-11.6264071],[-46.1253485,-11.6207912],[-46.1073456,-11.625734],[-46.090185,-11.6233556],[-46.1043079,-11.6079673],[-46.2093463,-11.5853507],[-46.2504813,-11.536689],[-46.3481413,-11.5066007],[-46.4404346,-11.520789],[-46.5240555,-11.4636343],[-46.5275829,-11.4029323],[-46.5317513,-11.3753057],[-46.5598673,-11.3715948]],[[-49.7153774,-9.3412587],[-49.7195075,-9.3571366]],[[-49.6820874,-9.5412476],[-49.6710636,-9.5404065]],[[-49.6710636,-9.5404065],[-49.6677299,-9.5442194],[-49.6519981,-9.5546163],[-49.6261401,-9.5546228],[-49.5709593,-9.5849813],[-49.5669857,-9.6081807],[-49.5579951,-9.6181722],[-49.5357727,-9.6239352],[-49.4998103,-9.648665],[-49.4812838,-9.6795402],[-49.4554952,-9.70034],[-49.4787729,-9.7685941],[-49.5012646,-9.7764652],[-49.5065303,-9.7854643],[-49.5168063,-9.8177003]],[[-49.5168063,-9.8177003],[-49.5044362,-9.8209582],[-49.5020114,-9.8237799],[-49.503267,-9.8320916],[-49.5073607,-9.8357842],[-49.5249293,-9.8426682]],[[-49.5249293,-9.8426682],[-49.5243044,-9.848675],[-49.5145417,-9.8661758],[-49.4991612,-9.8564612],[-49.47401,-9.8638458],[-49.4637154,-9.8814614],[-49.4149871,-9.9008515],[-49.39755,-9.9011467],[-49.3971024,-9.9388947],[-49.4049421,-9.9576474]],[[-49.4049421,-9.9576474],[-49.3939778,-9.9550901]],[[-49.3939778,-9.9550901],[-49.38868,-9.9519177],[-49.3862486,-9.9524837],[-49.3772272,-9.9503624],[-49.3669116,-9.9485455],[-49.3525174,-9.9427326],[-49.3401644,-9.9378395]],[[-49.3401644,-9.9378395],[-49.3334441,-9.9308211],[-49.3302822,-9.9310685],[-49.3285098,-9.9332604],[-49.3169511,-9.9383455]],[[-49.3169511,-9.9383455],[-49.2925672,-9.9319788],[-49.2803864,-9.9406235],[-49.2711615,-9.9330171],[-49.2579174,-9.9297082],[-49.2533464,-9.9290912],[-49.2351121,-9.9329555],[-49.234694,-9.9353261],[-49.216769,-9.9464674],[-49.1914028,-9.957755],[-49.1823024,-9.9524434],[-49.1591794,-9.955876],[-49.1426282,-9.9712837],[-49.1010548,-9.9691158],[-49.0742392,-9.9503202],[-49.067489,-9.964833],[-49.0486516,-9.9482772],[-49.0475046,-9.9345789],[-49.0568002,-9.9226168],[-49.0544513,-9.9053251],[-49.0642745,-9.8754356],[-49.0528816,-9.869673],[-49.0462316,-9.8685247],[-49.0418532,-9.8682505],[-49.036981,-9.8666532],[-48.9730277,-9.8527505]],[[-48.9730277,-9.8527505],[-48.9714276,-9.8449444]],[[-48.8874803,-9.7705275],[-48.9088662,-9.7340185]],[[-49.5458376,-9.4111773],[-49.5493347,-9.4108878],[-49.5550851,-9.4092415],[-49.5557568,-9.4064571],[-49.5582689,-9.404886],[-49.5641896,-9.4039843],[-49.5667308,-9.4011955],[-49.5643806,-9.3862764]],[[-49.3954185,-9.1461667],[-49.3911835,-9.1567846]],[[-48.8857138,-9.7662117],[-48.8865958,-9.7737081]],[[-48.8612914,-9.7360803],[-48.8649299,-9.7191622]],[[-48.8649299,-9.7191622],[-48.8698441,-9.6897515],[-48.8580485,-9.6742843]],[[-48.8580485,-9.6742843],[-48.8536459,-9.6532059],[-48.8560556,-9.6511227],[-48.8619976,-9.6503809]],[[-48.8619976,-9.6503809],[-48.8570762,-9.610372],[-48.8642966,-9.5915634]],[[-48.8642966,-9.5915634],[-48.8744457,-9.5832182],[-48.8742345,-9.5759133]],[[-48.8742345,-9.5759133],[-48.8704768,-9.5643298],[-48.8557954,-9.5515864],[-48.846785,-9.5528876],[-48.8337077,-9.537423],[-48.8232529,-9.5128422],[-48.8239704,-9.5021965],[-48.8154134,-9.4872834],[-48.819094,-9.4671696],[-48.8162991,-9.4511902],[-48.7993034,-9.4395976],[-48.79781,-9.4169793],[-48.7859917,-9.4063687],[-48.7747244,-9.4102845],[-48.7493651,-9.4072657],[-48.7572745,-9.3640846],[-48.761927,-9.3130766],[-48.7701222,-9.2967006],[-48.764141,-9.2785877],[-48.7731714,-9.2639108],[-48.7579845,-9.2561797],[-48.7483139,-9.2296402],[-48.7529535,-9.2276302],[-48.7516677,-9.2166242],[-48.753941,-9.2054627],[-48.7536086,-9.1980731]],[[-48.7536086,-9.1980731],[-48.7678935,-9.1899188]],[[-48.7678935,-9.1899188],[-48.7842133,-9.1785684],[-48.7774985,-9.1659641],[-48.7762789,-9.1389254],[-48.7913162,-9.1276339],[-48.8216363,-9.0756144],[-48.8287788,-9.0793428],[-48.8446913,-9.0828063],[-48.8481937,-9.0738187],[-48.8699684,-9.068941],[-48.8817769,-9.0676173],[-48.9134704,-9.0692058],[-48.9319457,-9.0799442],[-48.9431389,-9.0715982],[-48.9742354,-9.058957],[-49.0029846,-9.0596878],[-49.0029645,-9.0493743],[-49.0191875,-9.0487122],[-49.0284898,-9.037186],[-49.0365444,-9.0213665],[-49.040957,-9.0204716],[-49.0606882,-9.0169938],[-49.069573,-9.0075687],[-49.082707,-9.0062022],[-49.1006339,-8.9945843]],[[-49.1006339,-8.9945843],[-49.1147827,-8.9941595],[-49.118878,-8.983828]],[[-49.118878,-8.983828],[-49.1253037,-8.9782289],[-49.1272551,-8.9756443],[-49.13328,-8.9682316],[-49.1370169,-8.964406],[-49.155041,-8.9487247],[-49.1570815,-8.9496552],[-49.1769074,-8.9413127],[-49.1785496,-8.9386947],[-49.1835029,-8.9340807],[-49.1946178,-8.9336404],[-49.2144832,-8.9414449]],[[-49.2144832,-8.9414449],[-49.2285696,-8.9450238]],[[-49.7952753,-11.0028575],[-49.8061432,-11.0039495]],[[-49.8061432,-11.0039495],[-49.8177403,-11.0113463],[-49.8228252,-11.0284958],[-49.8100813,-11.0467624],[-49.8165616,-11.0493333],[-49.8159488,-11.0426896],[-49.8272159,-11.0498342],[-49.8141935,-11.0744922],[-49.8177116,-11.0862575]],[[-49.8177116,-11.0862575],[-49.8220263,-11.0927052],[-49.8203082,-11.0959139],[-49.8030565,-11.1019513]],[[-49.8030565,-11.1019513],[-49.8011498,-11.1133123],[-49.7703745,-11.1385355],[-49.7649383,-11.1591831],[-49.7613289,-11.1647759],[-49.7676521,-11.1636919],[-49.7583646,-11.1793091],[-49.764037,-11.1992274],[-49.7498795,-11.2215174],[-49.7566088,-11.2499111],[-49.7424421,-11.2584424],[-49.7466006,-11.2730531],[-49.7357771,-11.2829018],[-49.7283381,-11.2989846],[-49.7351645,-11.3114103],[-49.7263429,-11.3198053],[-49.7204241,-11.3376286],[-49.7108594,-11.3346517],[-49.6978501,-11.3600723],[-49.6818572,-11.3781165],[-49.6783399,-11.3893636]],[[-49.6783399,-11.3893636],[-49.6714671,-11.398773],[-49.6566317,-11.4023087],[-49.6352972,-11.3961698],[-49.6271214,-11.3830192],[-49.6265539,-11.3802564],[-49.6079146,-11.3912916],[-49.5797735,-11.4239831],[-49.5737731,-11.4465621],[-49.5812237,-11.4526815],[-49.5753041,-11.4693982],[-49.5780766,-11.4881744],[-49.5814108,-11.5018978],[-49.5764212,-11.510198],[-49.5705257,-11.5095185],[-49.5714364,-11.5059252],[-49.5628625,-11.5015963],[-49.5633463,-11.5056749],[-49.5490644,-11.5171627],[-49.5493075,-11.5227328],[-49.544284,-11.5222867],[-49.5389949,-11.5281542],[-49.5398571,-11.5303019],[-49.5381908,-11.5372976],[-49.5369979,-11.5390713],[-49.5332236,-11.5446401],[-49.5278874,-11.5482682],[-49.5229049,-11.5510177],[-49.5180138,-11.5548392],[-49.5170118,-11.5608621],[-49.5142713,-11.5616327],[-49.511631,-11.5764881],[-49.5018607,-11.5852788],[-49.4976205,-11.586874],[-49.495142,-11.5916619],[-49.493982,-11.6036099],[-49.5005565,-11.6053389],[-49.4944011,-11.6163631],[-49.4931255,-11.6510817],[-49.4861339,-11.6697458],[-49.4925817,-11.6810102],[-49.4841831,-11.6911093],[-49.4628194,-11.7032091],[-49.4573329,-11.7111127],[-49.4606539,-11.7123002],[-49.4528822,-11.719933],[-49.436804,-11.7271076],[-49.4274097,-11.7439408],[-49.4238505,-11.7487613],[-49.4164631,-11.7486666]],[[-49.4164631,-11.7486666],[-49.40647,-11.7597076]],[[-49.2486018,-11.744935],[-49.2456927,-11.7482058],[-49.2399765,-11.7482184],[-49.2256665,-11.7370801]],[[-49.1672025,-11.7442598],[-49.1755981,-11.7307968],[-49.1633134,-11.6753884],[-49.1494061,-11.6633225],[-49.1314263,-11.6640558],[-49.1115802,-11.6496597],[-49.1020555,-11.6358366],[-49.0989833,-11.6063476],[-49.0817441,-11.5984042],[-49.053551,-11.6049134],[-49.0441394,-11.6028031],[-49.0439955,-11.5844727],[-49.0245477,-11.5872103],[-49.0074181,-11.5836374],[-48.9987652,-11.5893194],[-48.9922512,-11.5864619],[-48.9886226,-11.5667934],[-48.9561867,-11.5406818],[-48.953694,-11.535298],[-48.9475942,-11.5277364],[-48.950409,-11.5207973]],[[-48.950409,-11.5207973],[-48.9595887,-11.5082397]],[[-49.3170421,-11.2608251],[-49.3328745,-11.2533177]],[[-49.4387281,-11.1779861],[-49.4535322,-11.1747224]],[[-49.4535322,-11.1747224],[-49.4546019,-11.1779991],[-49.4646881,-11.1833644],[-49.4761812,-11.1762906],[-49.4823753,-11.1759202],[-49.4943799,-11.1819276],[-49.5113328,-11.1805393],[-49.5137071,-11.1795799],[-49.5316946,-11.1817753],[-49.5479282,-11.1746924],[-49.5502955,-11.174302],[-49.5571043,-11.1722676],[-49.5562189,-11.1639135],[-49.561257,-11.1588256],[-49.5629989,-11.1603579],[-49.5725301,-11.1556972],[-49.5754914,-11.154258],[-49.5861649,-11.1606849],[-49.6116117,-11.1453501],[-49.6186983,-11.1311712],[-49.6380787,-11.1234679],[-49.6523517,-11.1238892],[-49.6571201,-11.1255314],[-49.6631881,-11.1097739],[-49.6932959,-11.0997469],[-49.7180677,-11.0684659],[-49.7307064,-11.0610936],[-49.7529472,-11.0351044],[-49.7734838,-11.0053699],[-49.7884323,-11.0129109],[-49.7934988,-11.0038409],[-49.7952753,-11.0028575]],[[-48.487223,-5.1938677],[-48.5194602,-5.1921355],[-48.548824,-5.2135555],[-48.5610735,-5.2301992],[-48.5685506,-5.2627948],[-48.5685726,-5.2829328],[-48.5841326,-5.3112956],[-48.6061317,-5.3365008],[-48.6301017,-5.3329578],[-48.6386591,-5.3200089],[-48.66208,-5.3072081],[-48.6794384,-5.3058201],[-48.6992101,-5.3201232],[-48.7044669,-5.3447281],[-48.7150422,-5.3531125],[-48.7304354,-5.3479944],[-48.7409243,-5.3528182],[-48.749297,-5.3673877],[-48.7320755,-5.3753071],[-48.7202997,-5.373637],[-48.6504881,-5.3849182],[-48.6291243,-5.4100587],[-48.5967334,-5.4225444],[-48.5575365,-5.416711],[-48.5139025,-5.4298196],[-48.4915489,-5.4259418],[-48.4645898,-5.4122918],[-48.4414738,-5.407992]],[[-48.4056497,-5.3137664],[-48.4031299,-5.2740614],[-48.4002558,-5.2711322]],[[-48.4002558,-5.2711322],[-48.3836089,-5.2704981],[-48.3872437,-5.258132],[-48.3961936,-5.260924],[-48.4261529,-5.2470035],[-48.4368189,-5.2378705],[-48.4498691,-5.2463236],[-48.4634187,-5.2381252],[-48.4715956,-5.2103771],[-48.487223,-5.1938677]],[[-48.7831444,-10.69568],[-48.8093146,-10.7174764],[-48.8340793,-10.7271545],[-48.8517824,-10.7250898]],[[-48.8517824,-10.7250898],[-48.8805924,-10.728956],[-48.9041794,-10.7282687],[-48.932202,-10.7357875],[-48.9459521,-10.7538335]],[[-48.9459521,-10.7538335],[-48.9611115,-10.7620448],[-48.9708456,-10.7588399]],[[-49.013874,-10.772913],[-49.0053595,-10.8017116]],[[-49.0053595,-10.8017116],[-48.9985728,-10.84141],[-48.9034374,-10.8442625],[-48.8844297,-10.8509267],[-48.8830314,-10.8571108],[-48.878814,-10.8650929],[-48.8686659,-10.8864126],[-48.8716609,-10.9158531],[-48.8582254,-10.9241386],[-48.8512181,-10.9375384],[-48.8549,-10.9639072]],[[-48.8549,-10.9639072],[-48.8488803,-10.9652117]],[[-48.7890206,-10.7943997],[-48.7738125,-10.7667722],[-48.7723418,-10.7518604],[-48.7706181,-10.7391634],[-48.7735148,-10.7286316],[-48.7783576,-10.7011907]],[[-48.7783576,-10.7011907],[-48.7831444,-10.69568]],[[-48.9766903,-11.9439295],[-48.9892952,-11.9501385]],[[-48.9892952,-11.9501385],[-48.9890765,-11.9545197]],[[-48.9890765,-11.9545197],[-48.9940485,-11.9604161],[-49.0025992,-11.9611943]],[[-49.3711812,-12.1482295],[-49.3843336,-12.1484359],[-49.4073241,-12.156562],[-49.4135075,-12.1632644]],[[-49.4135075,-12.1632644],[-49.4267003,-12.1829214],[-49.4283796,-12.1950147],[-49.4476744,-12.2077485],[-49.4502226,-12.2161154],[-49.4672085,-12.2237393]],[[-49.4672085,-12.2237393],[-49.4702951,-12.2274161],[-49.4743134,-12.2289453],[-49.4826446,-12.2264081],[-49.4967672,-12.2266292]],[[-49.4967672,-12.2266292],[-49.5077334,-12.2255039],[-49.5140601,-12.2256518],[-49.528623,-12.2350869],[-49.5505042,-12.2339833],[-49.5817467,-12.2280388],[-49.5888467,-12.2319217],[-49.5979143,-12.2316811],[-49.6052582,-12.2336512],[-49.6197335,-12.2336095],[-49.6243442,-12.2261694],[-49.6336526,-12.2313301]],[[-49.6336526,-12.2313301],[-49.6442572,-12.2375481]],[[-49.6442572,-12.2375481],[-49.6358035,-12.2470171],[-49.6437763,-12.2440905],[-49.6473183,-12.25254],[-49.6448718,-12.2718185],[-49.6242338,-12.267593],[-49.5975801,-12.2815231],[-49.5989861,-12.2927116],[-49.5820222,-12.3026324],[-49.5793959,-12.3133158],[-49.5788697,-12.3243163],[-49.5895785,-12.3255099],[-49.6109796,-12.3396567],[-49.5909991,-12.3744201],[-49.5775172,-12.3858529],[-49.5941001,-12.3914398],[-49.5856009,-12.4055398],[-49.5851559,-12.4186144]],[[-49.5851559,-12.4186144],[-49.5765093,-12.4116321],[-49.5725253,-12.4102788],[-49.5700762,-12.4124769],[-49.5561629,-12.417347],[-49.5554753,-12.4078807],[-49.5529343,-12.4061736],[-49.538159,-12.4182264],[-49.5301405,-12.4350797]],[[-49.3696279,-12.528884],[-49.3591069,-12.5326133]],[[-49.3591069,-12.5326133],[-49.3454433,-12.5351126],[-49.3371523,-12.5326734]],[[-49.3371523,-12.5326734],[-49.334918,-12.5210833]],[[-48.9258256,-12.2933439],[-48.9235996,-12.2886158]],[[-48.9235996,-12.2886158],[-48.910004,-12.2546877],[-48.9081796,-12.2386942],[-48.9153517,-12.2070313],[-48.9100323,-12.1967182],[-48.9454079,-12.1863477],[-48.9601737,-12.1855582]],[[-48.9601737,-12.1855582],[-48.9707087,-12.1861907],[-48.9717599,-12.1809375],[-48.9738823,-12.178007],[-48.9744624,-12.1681781],[-48.9718514,-12.1650231]],[[-48.9718514,-12.1650231],[-48.9644064,-12.1665494],[-48.9517514,-12.138462],[-48.9364901,-12.13326],[-48.9306627,-12.1154062],[-48.9299715,-12.1010246],[-48.9428755,-12.0742184],[-48.9665868,-12.0507447],[-48.9631109,-12.0364491],[-48.9758905,-12.0184993],[-48.9764009,-12.0024813],[-48.9691527,-11.9516423],[-48.9766903,-11.9439295]],[[-47.6034561,-7.4550623],[-47.5798641,-7.4186803],[-47.5607365,-7.4048656],[-47.5401304,-7.4003736],[-47.4929962,-7.3758749],[-47.48291,-7.3637969],[-47.4782024,-7.3367537],[-47.4829181,-7.3223467],[-47.4997864,-7.2938583],[-47.5401768,-7.2657935],[-47.5875338,-7.2637182],[-47.6073727,-7.2721222],[-47.6270111,-7.3008237],[-47.6435128,-7.3052374],[-47.6539303,-7.2982028],[-47.6840115,-7.2454198]],[[-47.6840115,-7.2454198],[-47.6871207,-7.2597052],[-47.7002029,-7.2853286],[-47.7064024,-7.2896885],[-47.7157657,-7.2929682],[-47.7216475,-7.298134]],[[-47.9833326,-7.4112736],[-48.046442,-7.3583236]],[[-48.0830378,-7.5386785],[-48.0831759,-7.5512761]],[[-48.0831759,-7.5512761],[-48.0603996,-7.5646473],[-48.0574075,-7.5660338],[-48.0452894,-7.576722],[-48.0412515,-7.577454],[-48.0379658,-7.5787319],[-48.0338304,-7.5872675],[-48.0214608,-7.5961921],[-48.0056613,-7.5945257],[-47.983319,-7.6066736],[-47.9860226,-7.6207093],[-47.9828932,-7.6271847],[-47.9617173,-7.6340924],[-47.9476007,-7.6486525],[-47.9398096,-7.6518393],[-47.9222522,-7.660607],[-47.9152951,-7.6734114],[-47.8862836,-7.6905025],[-47.8806897,-7.7094865],[-47.8705046,-7.7148776],[-47.8682101,-7.7299718],[-47.855431,-7.726271],[-47.8414699,-7.7335787],[-47.8411032,-7.7453853],[-47.8453533,-7.75366],[-47.836815,-7.7599248],[-47.8296746,-7.7658734]],[[-47.8296746,-7.7658734],[-47.8083026,-7.7567257]],[[-47.8083026,-7.7567257],[-47.7871298,-7.7526232],[-47.775161,-7.7373515],[-47.7535819,-7.7242185]],[[-47.7535819,-7.7242185],[-47.7293246,-7.7043297],[-47.7181327,-7.6968701],[-47.6952141,-7.688193]],[[-47.651294,-7.6550425],[-47.6431056,-7.6446207],[-47.6292133,-7.6167256],[-47.6286746,-7.6133682],[-47.6320626,-7.5910897]],[[-47.6319169,-7.5713919],[-47.6235801,-7.542044],[-47.6223373,-7.52663],[-47.6236373,-7.5210624]],[[-49.6783399,-11.3893636],[-50.6700866,-11.5815862]],[[-50.6700866,-11.5815862],[-50.6585666,-11.5898233],[-50.6637021,-11.6775273],[-50.6740686,-11.6926755],[-50.6867305,-11.697101],[-50.7215915,-11.7317126],[-50.7178131,-11.7524379],[-50.7078612,-11.768234],[-50.7005871,-11.8034665],[-50.6880448,-11.825041],[-50.6863045,-11.8589954],[-50.6653727,-11.8644579],[-50.6392882,-11.8845665],[-50.640571,-11.9026897],[-50.6591145,-11.9143181],[-50.6678955,-11.9277674],[-50.6547364,-11.9479861],[-50.6568339,-11.9668494],[-50.682238,-11.9908876],[-50.6840684,-12.0108284],[-50.6778492,-12.0195134],[-50.6870762,-12.0356338],[-50.6815128,-12.0527765],[-50.6676227,-12.0645602],[-50.6672776,-12.0811688],[-50.6760295,-12.1238958],[-50.6708686,-12.1407806],[-50.6790353,-12.1553342],[-50.6791814,-12.1880779],[-50.6868718,-12.2021539],[-50.6813773,-12.2169497],[-50.6554319,-12.2182066],[-50.6437098,-12.222965],[-50.6498196,-12.2400443],[-50.6464236,-12.2560953],[-50.6323402,-12.2686416],[-50.6312602,-12.284883],[-50.6489155,-12.2990896],[-50.6378161,-12.325286],[-50.6445669,-12.345909],[-50.6322903,-12.3668147],[-50.6268725,-12.384032],[-50.6326753,-12.4171039],[-50.618255,-12.4289922],[-50.6235737,-12.4552838],[-50.6422632,-12.4525036],[-50.6530391,-12.4600739],[-50.6470935,-12.4855232],[-50.659598,-12.5060873],[-50.6637105,-12.5374332],[-50.6775928,-12.5521082],[-50.6864785,-12.5692042],[-50.669429,-12.5807652],[-50.6738731,-12.6001196],[-50.6944285,-12.5926752],[-50.7064888,-12.609701],[-50.6963941,-12.649685],[-50.6562041,-12.6459931],[-50.6463495,-12.6637937],[-50.6547658,-12.6791794],[-50.6451219,-12.7022394],[-50.6332051,-12.7015454],[-50.6347107,-12.7253575],[-50.6229618,-12.7346385],[-50.6302565,-12.776069],[-50.6117659,-12.7758968],[-50.6253595,-12.8000195],[-50.6265722,-12.8118795],[-50.6120383,-12.8166641],[-50.6033135,-12.8004623],[-50.5819162,-12.7993793],[-50.583698,-12.8097437],[-50.600651,-12.8188847],[-50.5978467,-12.826775],[-50.5669545,-12.8434234],[-50.5319858,-12.8436218],[-50.5203415,-12.8363941],[-50.507729,-12.8513963],[-50.496249,-12.8453518],[-50.4838415,-12.8105787],[-50.4925566,-12.7971795],[-50.4932856,-12.7836871],[-50.4749808,-12.7707892],[-50.4833995,-12.7393087],[-50.4701945,-12.736914],[-50.467326,-12.7216441],[-50.477353,-12.7164962],[-50.4608311,-12.6927772],[-50.4389381,-12.6975408],[-50.4363734,-12.6781082],[-50.4171486,-12.6349777],[-50.4181009,-12.6244473],[-50.386478,-12.5898503],[-50.3794167,-12.575601],[-50.3686206,-12.5749829],[-50.3695501,-12.557338],[-50.3578054,-12.5399597],[-50.3462122,-12.5326299],[-50.3314959,-12.5354838],[-50.3336406,-12.5196795],[-50.3104161,-12.4953762],[-50.2616921,-12.477218],[-50.2530304,-12.4616048],[-50.2283186,-12.4541338],[-50.2117812,-12.4355973],[-50.1862186,-12.4234414],[-50.1716705,-12.4213526],[-50.1711175,-12.4053503],[-50.15967,-12.4047218],[-50.1473166,-12.3953049],[-50.1377638,-12.3945178],[-50.1304658,-12.3875661],[-50.1293125,-12.3830647],[-50.1304357,-12.3790298]],[[-50.1304357,-12.3790298],[-50.1330247,-12.3695176]],[[-50.1330247,-12.3695176],[-50.1214739,-12.3755038],[-50.1194858,-12.3753867],[-50.1155076,-12.3667226],[-50.1157394,-12.3629195],[-50.1180913,-12.3582619],[-50.1240225,-12.3528981]],[[-50.1240225,-12.3528981],[-50.1209685,-12.3383184],[-50.1272327,-12.3278205],[-50.1048876,-12.3188099],[-50.1130597,-12.3034652],[-50.1148627,-12.2626623],[-50.1282878,-12.2577612],[-50.1250001,-12.2461176],[-50.1271287,-12.2335116],[-50.1281042,-12.2208443],[-50.1058968,-12.2245908],[-50.0952563,-12.2122111],[-50.0949919,-12.1983916]],[[-50.0949919,-12.1983916],[-50.086597,-12.2011008],[-50.0839006,-12.1987569],[-50.0830365,-12.1954429],[-50.0854212,-12.1808475]],[[-50.0854212,-12.1808475],[-50.0921873,-12.1706494],[-50.0868576,-12.1419035],[-50.0966424,-12.1360215],[-50.0634744,-12.1172638],[-50.0483621,-12.100676],[-50.0424117,-12.0840043],[-50.0259103,-12.0813249],[-50.026851,-12.0631651],[-50.0180208,-12.0582728],[-50.0134611,-12.0743919],[-49.7497695,-12.1203018],[-49.7461402,-12.1286013],[-49.7397038,-12.1283425],[-49.738265,-12.1282594],[-49.7370342,-12.1331558],[-49.7331622,-12.1375971],[-49.7366174,-12.1509781],[-49.7260482,-12.1693324],[-49.717932,-12.1703283],[-49.7007631,-12.1728507]],[[-49.7007631,-12.1728507],[-49.6894517,-12.1788254],[-49.679234,-12.1798867],[-49.6758376,-12.1822434],[-49.6777702,-12.1847979],[-49.676731,-12.1864386]],[[-49.676731,-12.1864386],[-49.6728507,-12.1961224],[-49.6680265,-12.2038496],[-49.6648035,-12.2103405]],[[-49.6648035,-12.2103405],[-49.6546462,-12.2223089],[-49.6426657,-12.2265332],[-49.6417847,-12.2314278],[-49.6336526,-12.2313301]],[[-49.4967672,-12.2266292],[-49.4752176,-12.2290221],[-49.470426,-12.2274886],[-49.4672085,-12.2237393]],[[-49.4135075,-12.1632644],[-49.4079492,-12.1569244],[-49.3846317,-12.1485514]],[[-49.2710097,-11.9833678],[-49.2674056,-11.9770323],[-49.259276,-11.9688692],[-49.2592129,-11.9635497],[-49.2625054,-11.9500807],[-49.2749104,-11.9336063]],[[-49.4062384,-11.7618941],[-49.4164631,-11.7486666]],[[-48.3670547,-8.9750236],[-48.3924808,-8.9753865],[-48.4565392,-8.9326207]],[[-48.4565392,-8.9326207],[-48.4997811,-8.950788]],[[-48.4997811,-8.950788],[-48.5524895,-8.9638699],[-48.5495203,-8.9911808],[-48.561481,-8.9950668],[-48.5633723,-8.9884607],[-48.5680864,-8.9913038],[-48.6014695,-8.9956415],[-48.6148381,-9.0091379],[-48.6236583,-9.008028],[-48.6429227,-9.0062309]],[[-48.6429227,-9.0062309],[-48.6556919,-9.0044378],[-48.6584926,-8.993595]],[[-48.6584926,-8.993595],[-48.6643545,-9.0010703],[-48.6550993,-9.0160084],[-48.6717697,-9.0283511],[-48.6747258,-9.0520924],[-48.6625285,-9.059283],[-48.6742108,-9.076374],[-48.6559882,-9.0806892],[-48.6575493,-9.101576],[-48.661631,-9.1164174],[-48.6764488,-9.1306105]],[[-48.6764488,-9.1306105],[-48.6852265,-9.1484833],[-48.6942884,-9.155093]],[[-48.6942884,-9.155093],[-48.7164121,-9.1701384],[-48.7264721,-9.1703126]],[[-48.7264721,-9.1703126],[-48.7286335,-9.1826443]],[[-48.7286335,-9.1826443],[-48.7168237,-9.174128],[-48.7105036,-9.1764794],[-48.707118,-9.182771],[-48.6969805,-9.1874174],[-48.6946413,-9.1900209],[-48.6930476,-9.1945542]],[[-48.6930476,-9.1945542],[-48.6929403,-9.2055416],[-48.6674877,-9.22083],[-48.6650627,-9.234576],[-48.653705,-9.238623],[-48.6509472,-9.2164597],[-48.6429765,-9.2080622],[-48.6464259,-9.1879922],[-48.6306914,-9.1903916],[-48.6130806,-9.2086816],[-48.5874155,-9.2066667],[-48.5645569,-9.2213346]],[[-48.5645569,-9.2213346],[-48.5484236,-9.2126528],[-48.5356165,-9.1706172],[-48.5363258,-9.1403035],[-48.5107095,-9.1177887],[-48.4972437,-9.0748104],[-48.4927439,-9.0593194],[-48.4881939,-9.0561359],[-48.4700891,-9.0585208],[-48.4709922,-9.0636532],[-48.4655593,-9.0612744],[-48.4448138,-9.060472],[-48.4434937,-9.0642883],[-48.4133132,-9.0654684],[-48.3841077,-9.0723756]],[[-48.3841077,-9.0723756],[-48.373658,-9.0658483],[-48.3662512,-9.0498247]],[[-48.3662512,-9.0498247],[-48.3598302,-9.0253355],[-48.3609615,-8.9958869],[-48.3670547,-8.9750236]],[[-49.2839112,-8.6410585],[-49.2893568,-8.6450794]],[[-49.2893568,-8.6450794],[-49.2759602,-8.652224],[-49.2748933,-8.6593839],[-49.2763917,-8.6618332]],[[-49.2236934,-8.9368456],[-49.2144832,-8.9414449]],[[-49.118878,-8.983828],[-49.1149759,-8.9940265],[-49.1023229,-8.9917993],[-49.1006339,-8.9945843]],[[-48.7678935,-9.1899188],[-48.7568177,-9.1971956],[-48.7518922,-9.1986767],[-48.7373807,-9.1969455]],[[-48.7373807,-9.1969455],[-48.7395708,-9.1952152]],[[-48.7395708,-9.1952152],[-48.7454333,-9.1621311],[-48.7396376,-9.1519794],[-48.7459477,-9.138896],[-48.7650197,-9.1325621],[-48.7662761,-9.1141747],[-48.7582488,-9.1049614],[-48.7606236,-9.0883317],[-48.7482676,-9.041309],[-48.7516518,-9.0281261],[-48.7684198,-9.0107604],[-48.7723204,-8.9844768],[-48.7785408,-8.9773399],[-48.7813038,-8.9532887],[-48.7941619,-8.9460955],[-48.8022643,-8.9292055],[-48.8137127,-8.9328954],[-48.8182785,-8.8930124],[-48.8131128,-8.8816941],[-48.816949,-8.855087],[-48.8284423,-8.8498026],[-48.8350132,-8.8511608],[-48.8275487,-8.8419848],[-48.840156,-8.8280813],[-48.8519799,-8.8209885],[-48.8508041,-8.8150527],[-48.8479959,-8.8083975],[-48.8590901,-8.809844],[-48.8601992,-8.8068983],[-48.8720129,-8.7994001],[-48.880941,-8.7903733],[-48.8806703,-8.7665869],[-48.8946976,-8.7651048],[-48.9019283,-8.7485338],[-48.9112644,-8.7471807],[-48.9290429,-8.7193469],[-48.9311294,-8.7137023],[-48.9346162,-8.714971],[-48.9357927,-8.7122222]],[[-48.9357927,-8.7122222],[-48.9370049,-8.713364],[-48.9390299,-8.7113623],[-48.9418036,-8.7125605],[-48.9409908,-8.7137587]],[[-48.9409908,-8.7137587],[-48.9475293,-8.711313],[-48.9468805,-8.704441],[-48.958677,-8.6988418],[-48.9607496,-8.7003173],[-48.9702568,-8.7088222],[-48.9746871,-8.6910791],[-49.0110927,-8.6677754],[-49.0340449,-8.663675],[-49.0616675,-8.6543585],[-49.0824527,-8.6423074],[-49.1029948,-8.6440171],[-49.1199133,-8.6552951],[-49.1215395,-8.6501938],[-49.1211395,-8.6465177]],[[-49.1211395,-8.6465177],[-49.127199,-8.6518328]],[[-47.4986845,-7.9707375],[-47.5100477,-7.9638781],[-47.51735,-7.9719252]],[[-47.7191417,-7.6975427],[-47.7535819,-7.7242185]],[[-47.8083026,-7.7567257],[-47.8409015,-7.7709495],[-47.8676693,-7.7802294]],[[-47.8676693,-7.7802294],[-47.9001403,-7.7962743],[-47.908307,-7.8132549],[-47.9068233,-7.8259586],[-47.9185179,-7.8585956],[-47.9358937,-7.8685218],[-47.9369399,-7.8937103],[-47.9432241,-7.9114658]],[[-47.9432241,-7.9114658],[-47.9545654,-7.9256083]],[[-47.9545654,-7.9256083],[-47.9368112,-7.9318791],[-47.9443484,-7.9474028],[-47.9276693,-7.9671452],[-47.9246271,-7.9815581],[-47.9131094,-7.977744],[-47.9064174,-7.9927984],[-47.9082964,-8.0127834],[-47.8930711,-8.011093],[-47.8943222,-8.0279315],[-47.8868624,-8.05009],[-47.8871954,-8.0672791],[-47.8897142,-8.0869005],[-47.8993044,-8.0917279],[-47.8920563,-8.1139236],[-47.8993433,-8.1239302],[-47.8939516,-8.1341806],[-47.8984133,-8.1510741]],[[-47.8984133,-8.1510741],[-47.9030034,-8.1704388]],[[-47.9030034,-8.1704388],[-47.9054829,-8.1773599],[-47.8916356,-8.1912869]],[[-47.8916356,-8.1912869],[-47.8843808,-8.2013066],[-47.8855819,-8.2121564],[-47.889141,-8.213484]],[[-47.889141,-8.213484],[-47.8841719,-8.23071],[-47.8717052,-8.2209634],[-47.8625189,-8.2301125],[-47.8741881,-8.2458438],[-47.8488745,-8.2709485],[-47.8516457,-8.2868959],[-47.8333438,-8.2954306]],[[-47.8333438,-8.2954306],[-47.8323801,-8.3102967],[-47.8090812,-8.3264224]],[[-47.8090812,-8.3264224],[-47.8174325,-8.330963],[-47.8185433,-8.3431308],[-47.7994531,-8.3396505],[-47.7861081,-8.3612978],[-47.7952282,-8.3874987],[-47.7764879,-8.3842246],[-47.765114,-8.3971061],[-47.7463071,-8.408186],[-47.737192,-8.4304657],[-47.7154718,-8.4525845],[-47.6977445,-8.4593927],[-47.6732664,-8.4514132],[-47.6618926,-8.454282],[-47.644562,-8.449906],[-47.626039,-8.434647],[-47.589108,-8.4494894],[-47.5761685,-8.4482228],[-47.5707285,-8.4593902],[-47.5394316,-8.4722222],[-47.5263739,-8.4612083],[-47.5041347,-8.4585963],[-47.477739,-8.4780062],[-47.4467226,-8.4885938],[-47.4232001,-8.4822954],[-47.4082618,-8.487375],[-47.3693369,-8.4815725],[-47.3460522,-8.4696617],[-47.3200505,-8.4770328],[-47.3080768,-8.4722343],[-47.3066829,-8.4589006],[-47.2882324,-8.4551151],[-47.2571162,-8.4769173],[-47.2517724,-8.4782922]],[[-47.2517724,-8.4782922],[-47.2433445,-8.4862109]],[[-47.2433445,-8.4862109],[-47.2413252,-8.4784956],[-47.2062578,-8.4516687],[-47.2006491,-8.4193724],[-47.1914531,-8.4190077],[-47.1805894,-8.4039078],[-47.1718421,-8.3999886],[-47.172077,-8.3968734],[-47.1667225,-8.3930987]],[[-47.1667225,-8.3930987],[-47.169956,-8.3834445]],[[-47.0173851,-8.0651323],[-47.0256708,-8.0557345],[-47.0442448,-8.0536906],[-47.0542273,-8.0421408],[-47.0607044,-8.0246004],[-47.0624465,-8.0045961],[-47.0796204,-7.9908226],[-47.0997545,-7.9846888],[-47.1036372,-7.9540427],[-47.1137511,-7.9588106],[-47.1176732,-7.939078],[-47.1271626,-7.9244347],[-47.1390131,-7.9253498],[-47.1459905,-7.9135755],[-47.1470843,-7.8968663],[-47.1570278,-7.8937729],[-47.1651994,-7.879352],[-47.1877127,-7.8586617],[-47.1897484,-7.8503067],[-47.2073757,-7.8337771],[-47.2184976,-7.833556],[-47.2403072,-7.8138036],[-47.2357944,-7.8039551],[-47.2603057,-7.7548823],[-47.2613461,-7.741568],[-47.2743789,-7.7424364],[-47.2889445,-7.7295401],[-47.3058134,-7.7348062],[-47.3161674,-7.7175096],[-47.3033566,-7.7026561],[-47.3029899,-7.6902464],[-47.3316711,-7.6854401],[-47.3387494,-7.6669041],[-47.3230007,-7.655917],[-47.3369882,-7.6362198],[-47.3495456,-7.6313689],[-47.3581252,-7.6160242],[-47.373829,-7.6217353],[-47.3662371,-7.6354749],[-47.3525614,-7.6417863],[-47.3660018,-7.6554106],[-47.3822788,-7.6545981],[-47.3884071,-7.6324683],[-47.3832975,-7.6197482],[-47.3832018,-7.5998241],[-47.4051568,-7.5871964],[-47.398959,-7.5758958],[-47.4086874,-7.5627138],[-47.4389291,-7.5575121],[-47.4298011,-7.5472275]],[[-48.6422833,-8.5204324],[-48.6418238,-8.522741]],[[-48.6418238,-8.522741],[-48.6541557,-8.5423956],[-48.6416174,-8.5680428],[-48.6373427,-8.5913148],[-48.6311102,-8.6004041]],[[-48.6311102,-8.6004041],[-48.6332251,-8.6138322],[-48.6338002,-8.63069],[-48.6404271,-8.6376608]],[[-48.6404271,-8.6376608],[-48.6420617,-8.6437542],[-48.6529815,-8.6575665],[-48.6651604,-8.6699803]],[[-48.6651604,-8.6699803],[-48.6782971,-8.6909129],[-48.6893726,-8.6954282],[-48.6989463,-8.7097865]],[[-48.6989463,-8.7097865],[-48.7040268,-8.7122086],[-48.7074623,-8.7163904],[-48.7073245,-8.7232289],[-48.6855382,-8.7402681]],[[-48.6855382,-8.7402681],[-48.6806108,-8.7605807],[-48.6845829,-8.7741759],[-48.6933525,-8.7748872],[-48.6971908,-8.7933428],[-48.7017907,-8.7958962],[-48.7084211,-8.7935261],[-48.7127508,-8.7931124],[-48.7072594,-8.8010375],[-48.6998004,-8.8003113],[-48.6840103,-8.806585],[-48.6842191,-8.8362803],[-48.6717756,-8.8642111],[-48.6785891,-8.8907378],[-48.6663752,-8.8981822],[-48.6675386,-8.9062147],[-48.7034663,-8.9105896],[-48.7031644,-8.9277194],[-48.6871814,-8.927008],[-48.682561,-8.9305566],[-48.6733867,-8.9453061],[-48.6556444,-8.9518706]],[[-48.6556444,-8.9518706],[-48.6483856,-8.9646991],[-48.6454954,-8.9743031],[-48.6500935,-8.9906242]],[[-48.6500935,-8.9906242],[-48.6511425,-8.9920656]],[[-48.6511425,-8.9920656],[-48.6429227,-9.0062309]],[[-48.4997811,-8.950788],[-48.4606229,-8.9318071],[-48.4565392,-8.9326207]],[[-48.4565392,-8.9326207],[-48.393507,-8.9752173]],[[-48.393507,-8.9752173],[-48.3932232,-8.9646418],[-48.3958104,-8.9538318],[-48.3927801,-8.9435812],[-48.37516,-8.9255702],[-48.3410856,-8.9066645],[-48.3237114,-8.8669024],[-48.3161361,-8.8614164],[-48.3133911,-8.8421947],[-48.2951854,-8.8027231],[-48.2606288,-8.772345],[-48.2418406,-8.7833662],[-48.2129178,-8.7768617],[-48.2062862,-8.7818996],[-48.1896304,-8.7701677],[-48.1725518,-8.7712832],[-48.1604614,-8.7837946],[-48.1426316,-8.7825507],[-48.1316259,-8.7690716],[-48.132003,-8.7650205],[-48.1295519,-8.7449611],[-48.1277485,-8.7409202]],[[-48.1277485,-8.7409202],[-48.1297506,-8.7320116]],[[-48.1297506,-8.7320116],[-48.1233159,-8.674421],[-48.1248777,-8.6563793]],[[-48.1248777,-8.6563793],[-48.1298238,-8.6389587],[-48.1353641,-8.5997988],[-48.1356306,-8.5856553],[-48.1313476,-8.5633074]],[[-48.1313476,-8.5633074],[-48.1332057,-8.5440056]],[[-48.1332057,-8.5440056],[-48.1483016,-8.5702222],[-48.1488406,-8.5719961],[-48.1499113,-8.570522],[-48.1526444,-8.5780537],[-48.1655363,-8.5865341],[-48.1894461,-8.57514],[-48.1955512,-8.5699525],[-48.2142775,-8.5577191],[-48.2143352,-8.5483018],[-48.232864,-8.5476515],[-48.2412702,-8.5515864],[-48.2520749,-8.5488756],[-48.2671969,-8.5513972],[-48.272974,-8.5455045],[-48.2753444,-8.5424564],[-48.2872658,-8.5218666]],[[-48.2872658,-8.5218666],[-48.2961177,-8.5235234]],[[-48.2961177,-8.5235234],[-48.316044,-8.5261161],[-48.3354804,-8.542154],[-48.3406383,-8.5433429],[-48.3566716,-8.5606805],[-48.3920918,-8.5603982],[-48.4200166,-8.5753905],[-48.4408668,-8.5797097],[-48.4466958,-8.5904469],[-48.4605151,-8.5962123],[-48.4902009,-8.5855145],[-48.487539,-8.5646953],[-48.5080284,-8.5521584],[-48.5297842,-8.552868],[-48.547116,-8.5448766],[-48.5444738,-8.5282301],[-48.552588,-8.5289749],[-48.5562329,-8.5261763],[-48.5689817,-8.5195372],[-48.6422833,-8.5204324]],[[-48.7470355,-11.3549157],[-48.7673846,-11.3700125],[-48.7682861,-11.3777805]],[[-48.8831182,-11.5453528],[-48.8898638,-11.5512845],[-48.8942576,-11.5539469],[-48.9084932,-11.5546109]],[[-48.9449969,-11.5188648],[-48.950409,-11.5207973]],[[-49.0945119,-11.7941038],[-49.0820896,-11.802163],[-49.0830104,-11.8082609],[-49.0871849,-11.8134318],[-49.0932258,-11.8295589]],[[-49.0828439,-11.9027139],[-49.0680271,-11.9046025],[-49.0603713,-11.9075537],[-49.0464642,-11.9180375]],[[-49.0076305,-11.9522974],[-49.0024021,-11.9604867],[-48.9913105,-11.9561409]],[[-48.9913105,-11.9561409],[-48.9890765,-11.9545197]],[[-48.9892952,-11.9501385],[-48.9870327,-11.9385971]],[[-48.9870327,-11.9385971],[-48.989516,-11.9386423],[-48.9883099,-11.9343448],[-48.9889882,-11.9316044],[-48.9894065,-11.9258599],[-48.9819539,-11.9208536],[-48.9643621,-11.9169965],[-48.9617757,-11.9095359],[-48.9422413,-11.9011872],[-48.9231528,-11.8651291],[-48.9189787,-11.860421],[-48.9188541,-11.8576366],[-48.9057692,-11.8581714],[-48.9032206,-11.8600177],[-48.8969952,-11.8645197]],[[-48.8969952,-11.8645197],[-48.884112,-11.8577663]],[[-48.884112,-11.8577663],[-48.8763586,-11.8488846],[-48.844992,-11.855301],[-48.846338,-11.84215],[-48.83443,-11.825321],[-48.8409436,-11.8041306],[-48.8389749,-11.7877407],[-48.8406103,-11.7846923],[-48.8378249,-11.7808644],[-48.8365489,-11.780166],[-48.8345144,-11.7746795],[-48.8327299,-11.7719878],[-48.8299598,-11.7711824],[-48.8193321,-11.7672371],[-48.8182748,-11.7646705],[-48.8101188,-11.7444196],[-48.7909588,-11.7363441],[-48.7856697,-11.7361774],[-48.7616421,-11.7386642],[-48.7600281,-11.735218],[-48.7505483,-11.7259934],[-48.7501157,-11.7231048],[-48.7503565,-11.7187024],[-48.7480904,-11.701507],[-48.7378556,-11.699188],[-48.7372463,-11.696984],[-48.7377502,-11.6883823],[-48.7253184,-11.6622879],[-48.7221231,-11.6157835],[-48.7111347,-11.5927809],[-48.7104073,-11.5659477],[-48.7010827,-11.5562476],[-48.6899952,-11.5390025],[-48.6801068,-11.5366611],[-48.6534803,-11.507048],[-48.6393259,-11.5188308],[-48.627945,-11.5229199]],[[-48.627945,-11.5229199],[-48.6260686,-11.521738],[-48.5947926,-11.4852505],[-48.5830275,-11.4663325]],[[-48.5830275,-11.4663325],[-48.5824099,-11.4500313],[-48.5918856,-11.4231979],[-48.5820013,-11.4056506]],[[-48.5820013,-11.4056506],[-48.5698617,-11.3957919]],[[-48.4572696,-10.9272087],[-48.510585,-10.9516605]],[[-48.5176647,-11.1588713],[-48.4895659,-11.218793],[-48.481552,-11.2292254]],[[-48.481552,-11.2292254],[-48.463364,-11.2465517],[-48.4541187,-11.2625234]],[[-48.4541187,-11.2625234],[-48.4498056,-11.2625669],[-48.4433884,-11.2628692],[-48.4231804,-11.2737296],[-48.3875039,-11.2725334],[-48.3495444,-11.2891444],[-48.3373953,-11.2871231],[-48.3228893,-11.3011055],[-48.3127746,-11.3032321],[-48.3065054,-11.2940151],[-48.2954955,-11.2945267],[-48.2929397,-11.2943504],[-48.2916298,-11.2956005],[-48.2880671,-11.2953576],[-48.2817224,-11.2942668],[-48.261663,-11.2847502]],[[-48.261663,-11.2847502],[-48.2517546,-11.2748321]],[[-48.2517546,-11.2748321],[-48.2383183,-11.2648197],[-48.2319259,-11.2340975],[-48.2196778,-11.2226249],[-48.2211649,-11.2028141],[-48.2294156,-11.1947898],[-48.2466533,-11.1906275],[-48.2562464,-11.1943385],[-48.2696249,-11.167957],[-48.2881196,-11.1533812],[-48.3030199,-11.148295],[-48.3057972,-11.1372421],[-48.318234,-11.1338276],[-48.3107071,-11.0864585]],[[-48.3107071,-11.0864585],[-48.3298924,-11.0712368],[-48.3259329,-11.0470711],[-48.3304714,-11.0397103],[-48.339052,-11.0348901],[-48.3604619,-11.013821],[-48.3812525,-11.0031355],[-48.4079461,-11.0053027],[-48.4295882,-10.9847589],[-48.4537177,-10.9744237],[-48.4565686,-10.9647317],[-48.463437,-10.958248],[-48.4709505,-10.9549837],[-48.4723666,-10.9454899],[-48.4572696,-10.9272087]],[[-47.9021969,-8.1655381],[-47.9093119,-8.1680151],[-47.9215845,-8.1803381],[-47.9401206,-8.1851409],[-47.9522388,-8.1791124],[-47.9665359,-8.1898524],[-47.9781546,-8.2074291],[-47.9713465,-8.2230902],[-47.9704551,-8.2487839],[-47.9582135,-8.2814598],[-47.9659183,-8.2979811],[-47.9489335,-8.3235229],[-47.9648476,-8.3409678],[-47.9860395,-8.3513591],[-47.9917662,-8.3631619],[-47.9832804,-8.4144329],[-47.9772868,-8.4156085],[-47.9468977,-8.4583157],[-47.9583842,-8.4666813],[-47.959837,-8.4883721],[-47.9751731,-8.5083271],[-47.9954581,-8.5251463],[-47.9715033,-8.5366311],[-47.968812,-8.5518675],[-47.9455559,-8.572123],[-47.9554957,-8.591751],[-47.9760345,-8.6061738],[-48.0041546,-8.610243],[-48.0240993,-8.6228494],[-48.0236951,-8.6421345]],[[-48.0236951,-8.6421345],[-48.0155906,-8.6464247]],[[-48.0155906,-8.6464247],[-48.0113529,-8.648243],[-48.0110864,-8.6521644],[-48.007146,-8.6568281],[-48.0035673,-8.6572279],[-48.0004431,-8.6577827],[-47.9974373,-8.6611561],[-47.9917182,-8.6617696],[-47.9823561,-8.6695733],[-47.9589347,-8.6784495],[-47.9576917,-8.6779907],[-47.9435768,-8.6867592],[-47.925668,-8.7266762],[-47.9173638,-8.7369283],[-47.8994836,-8.7383943],[-47.8912698,-8.73707],[-47.8618546,-8.7439084],[-47.8504554,-8.7437994],[-47.8218609,-8.7408057],[-47.807585,-8.7375671],[-47.8052402,-8.7365078],[-47.787598,-8.7435633],[-47.7671977,-8.7290229],[-47.7441989,-8.7299487],[-47.6801174,-8.699883],[-47.6841106,-8.7241422],[-47.6990572,-8.7367308],[-47.7011411,-8.762348],[-47.6796357,-8.8036376],[-47.6664762,-8.8023866],[-47.6547542,-8.8080021],[-47.6500963,-8.8078391],[-47.6403618,-8.807659],[-47.6381957,-8.808035],[-47.6294879,-8.8057447],[-47.6246703,-8.8077656],[-47.6208463,-8.8134375]],[[-47.6208463,-8.8134375],[-47.6169815,-8.8102732],[-47.611567,-8.8093545],[-47.6080182,-8.8105506],[-47.5990054,-8.8209415]],[[-47.5990054,-8.8209415],[-47.5856111,-8.8218835],[-47.5758143,-8.8257638],[-47.5600235,-8.8322843],[-47.5457562,-8.8369532],[-47.5345798,-8.833713],[-47.5137754,-8.8102147],[-47.4928903,-8.7992346]],[[-47.4928903,-8.7992346],[-47.4846207,-8.8027085],[-47.478002,-8.7978265],[-47.464591,-8.7988149]],[[-47.4041796,-8.7948081],[-47.3880664,-8.7673662],[-47.3706823,-8.7742137],[-47.353991,-8.7712191],[-47.3387953,-8.7617276],[-47.3035421,-8.7434989],[-47.3104731,-8.7331691],[-47.324826,-8.719034],[-47.3174631,-8.7036405],[-47.3158081,-8.6832524],[-47.3245866,-8.6452365],[-47.3252265,-8.6320205],[-47.3165851,-8.6232745],[-47.3086199,-8.5904365],[-47.2607369,-8.5329366],[-47.2694909,-8.5235849],[-47.2591367,-8.5129125],[-47.2620962,-8.4945959],[-47.2576185,-8.4847212]],[[-47.2576185,-8.4847212],[-47.2517724,-8.4782922]],[[-47.8090812,-8.3264224],[-47.8323067,-8.3098755],[-47.8333438,-8.2954306]],[[-47.889141,-8.213484],[-47.8850863,-8.2117319],[-47.8843019,-8.2015737],[-47.8916356,-8.1912869]],[[-47.9030034,-8.1704388],[-47.9021969,-8.1655381]],[[-47.5082223,-5.6363968],[-47.5174435,-5.639552],[-47.52913,-5.6615389]],[[-47.52913,-5.6615389],[-47.5463922,-5.6744524],[-47.5613685,-5.6798572]],[[-47.5613685,-5.6798572],[-47.5752914,-5.6759503]],[[-47.5752914,-5.6759503],[-47.5838394,-5.6743818],[-47.5919587,-5.6751872],[-47.751403,-5.7676153]],[[-47.7592562,-5.769883],[-47.754506,-5.7724895]],[[-47.754506,-5.7724895],[-47.7463188,-5.776423],[-47.7498855,-5.8072387],[-47.7351875,-5.8200398],[-47.7388464,-5.8539322],[-47.7293859,-5.8636366]],[[-47.7293859,-5.8636366],[-47.7238617,-5.8653355],[-47.7172355,-5.8699007],[-47.7163887,-5.877594],[-47.7179794,-5.8849048]],[[-47.7179794,-5.8849048],[-47.7321133,-5.9020627],[-47.7217546,-5.9199254],[-47.7105912,-5.9198008],[-47.700521,-5.9235558]],[[-47.700521,-5.9235558],[-47.6999969,-5.9292214]],[[-47.6999969,-5.9292214],[-47.6393555,-5.9278784],[-47.6261167,-5.9246237],[-47.6127548,-5.9326954],[-47.5913421,-5.9298359],[-47.5828107,-5.9275038],[-47.5718458,-5.9236142],[-47.5626148,-5.9104195],[-47.548109,-5.9049961],[-47.5393036,-5.909551],[-47.5180007,-5.8881077],[-47.5164927,-5.8798695],[-47.4991081,-5.8803849],[-47.4909235,-5.8823297],[-47.4771591,-5.8802388],[-47.465975,-5.8708391],[-47.4568217,-5.8746386],[-47.4501306,-5.8714109],[-47.447369,-5.8689982]],[[-47.447369,-5.8689982],[-47.4383567,-5.8577702],[-47.4422786,-5.8307859],[-47.4526508,-5.8125945],[-47.4665086,-5.7783003],[-47.4826225,-5.7593056],[-47.4933745,-5.7305307],[-47.4930942,-5.7100384],[-47.4737045,-5.6619797],[-47.4769486,-5.6373125]],[[-47.4769486,-5.6373125],[-47.4843982,-5.6388584],[-47.498132,-5.6397369],[-47.5082223,-5.6363968]],[[-47.9545654,-7.9256083],[-47.9551443,-7.9268225],[-47.9579261,-7.9358247],[-47.958948,-7.9468025],[-47.9507723,-7.9922009],[-47.9520936,-8.0127553]],[[-47.9520936,-8.0127553],[-47.9458634,-8.0320175],[-47.9497495,-8.0547255],[-47.9831067,-8.0722096],[-48.0319218,-8.085714],[-48.0654437,-8.0906252],[-48.1041623,-8.0851429],[-48.1109009,-8.0866848],[-48.1346654,-8.1150962]],[[-48.1346654,-8.1150962],[-48.1525279,-8.1503021],[-48.1607966,-8.1748105],[-48.1617781,-8.1965826]],[[-48.1617781,-8.1965826],[-48.1448244,-8.2311145],[-48.132502,-8.2884067],[-48.1336921,-8.309594],[-48.1281599,-8.367162],[-48.1228762,-8.3787819],[-48.0856149,-8.4144949]],[[-48.0856149,-8.4144949],[-48.0826376,-8.4190779],[-48.0812189,-8.4266196],[-48.0850893,-8.4733018]],[[-48.0850893,-8.4733018],[-48.0962628,-8.5101585],[-48.1068761,-8.5221642],[-48.1302816,-8.5293858]],[[-48.1302816,-8.5293858],[-48.1313476,-8.5633074]],[[-48.1313476,-8.5633074],[-48.1357258,-8.5902619],[-48.1300094,-8.6351849]],[[-48.1300094,-8.6351849],[-48.1195539,-8.6436367],[-48.1106284,-8.6539818],[-48.0999555,-8.6602489],[-48.0899237,-8.6563466],[-48.0601063,-8.669392],[-48.0564494,-8.6722789],[-48.0284836,-8.6672543],[-48.0257248,-8.6618345],[-48.0185674,-8.6553053]],[[-48.0185674,-8.6553053],[-48.0236951,-8.6421345]],[[-47.9021969,-8.1655381],[-47.8984133,-8.1510741]],[[-48.760399,-8.1908629],[-48.8309065,-8.3684626],[-48.8570761,-8.4301468]],[[-48.8570761,-8.4301468],[-48.9173172,-8.495273],[-48.9207611,-8.5075555],[-48.9153793,-8.5081603]],[[-48.9153793,-8.5081603],[-48.9119686,-8.5090825],[-48.9141618,-8.5200167],[-48.9013521,-8.5383416],[-48.9003959,-8.5418696],[-48.9071372,-8.5499231],[-48.8959113,-8.5604813],[-48.8868549,-8.5669116],[-48.8826675,-8.5708367],[-48.8707827,-8.5853073],[-48.8677663,-8.5918916]],[[-48.8677663,-8.5918916],[-48.85802,-8.5953006],[-48.8554398,-8.5994763]],[[-48.8554398,-8.5994763],[-48.8524479,-8.5982351],[-48.8486269,-8.5940237],[-48.840663,-8.5984076],[-48.8383957,-8.5981756],[-48.8260303,-8.5956187],[-48.824375,-8.5926247],[-48.8204424,-8.5979213],[-48.7944042,-8.5996479],[-48.7723651,-8.6071776],[-48.7643469,-8.612545],[-48.757208,-8.6264209],[-48.7427208,-8.629896],[-48.7315046,-8.6313412],[-48.7199048,-8.6269311],[-48.7102978,-8.6355556],[-48.7003425,-8.6550899],[-48.690302,-8.6527911],[-48.6763724,-8.6661901],[-48.6798465,-8.6844867]],[[-48.6798465,-8.6844867],[-48.6651604,-8.6699803]],[[-48.6404271,-8.6376608],[-48.6334238,-8.6293964],[-48.6311102,-8.6004041]],[[-48.6418238,-8.522741],[-48.6497354,-8.5100589]],[[-48.6497354,-8.5100589],[-48.6543627,-8.492973],[-48.6718612,-8.4795736],[-48.6723301,-8.4683011],[-48.6631398,-8.4588674],[-48.6556055,-8.4338018],[-48.6551212,-8.4185184],[-48.6627474,-8.3979225],[-48.6383223,-8.3991448]],[[-48.6383223,-8.3991448],[-48.629813,-8.3964862]],[[-48.6920544,-8.2770376],[-48.694153,-8.2726332],[-48.6961885,-8.2673145],[-48.69271,-8.2633817],[-48.6976703,-8.257266],[-48.6929081,-8.2455821]],[[-48.69762,-8.2212542],[-48.760399,-8.1908629]],[[-48.710841,-12.3996564],[-48.716626,-12.4019079]],[[-48.716626,-12.4019079],[-48.7331598,-12.4105631],[-48.7333413,-12.4221847],[-48.7470006,-12.4326372],[-48.7641547,-12.4276573],[-48.7824204,-12.4350224],[-48.7874317,-12.4545796],[-48.7765876,-12.4702636],[-48.779036,-12.4815586],[-48.795275,-12.4837806],[-48.7994041,-12.5135736],[-48.8147412,-12.5256444],[-48.8075936,-12.5533953],[-48.8365011,-12.5590434],[-48.8523316,-12.592877],[-48.8428495,-12.6097582],[-48.8397695,-12.6352989],[-48.8284288,-12.6409351],[-48.8147011,-12.6232541],[-48.8095974,-12.6445734],[-48.7894951,-12.6565478],[-48.7889422,-12.6794368],[-48.7824293,-12.702281],[-48.7836092,-12.7164658],[-48.7718698,-12.7250374],[-48.7740115,-12.7401472],[-48.8034113,-12.7346036],[-48.8076542,-12.7273586],[-48.8105533,-12.7176687],[-48.8157974,-12.7238809],[-48.8298531,-12.7365135],[-48.833161,-12.7509649],[-48.8131399,-12.76968],[-48.8124475,-12.793649],[-48.8245988,-12.79034],[-48.8323114,-12.7875558],[-48.8480274,-12.7853317],[-48.8594469,-12.7878349]],[[-48.8594469,-12.7878349],[-48.8703122,-12.8032618],[-48.8694958,-12.8049669],[-48.8589353,-12.8088217],[-48.8464274,-12.8092887],[-48.8428259,-12.8425068],[-48.8248181,-12.8453398],[-48.8113129,-12.8569435],[-48.805945,-12.8692098],[-48.7866471,-12.8841115],[-48.7736691,-12.8884402],[-48.7462213,-12.9181478],[-48.7333252,-12.9356951],[-48.7369946,-12.945734],[-48.7318456,-12.9658734],[-48.7325583,-12.9837304],[-48.7157524,-13.0022834],[-48.6749137,-12.9927556],[-48.6561079,-13.0117733],[-48.6386324,-13.0134664],[-48.6371785,-13.0336065],[-48.6270522,-13.0519085],[-48.6022054,-13.057559],[-48.6022296,-13.0772677],[-48.578367,-13.1174367],[-48.5818401,-13.1410294],[-48.5907997,-13.1514697],[-48.5812523,-13.1682561],[-48.5774783,-13.1952471],[-48.5844342,-13.2270548],[-48.5999452,-13.2386606],[-48.5889337,-13.2635269],[-48.5998625,-13.2879857],[-48.597953,-13.3009486],[-48.5876603,-13.3100071],[-48.5702434,-13.3022195],[-48.5535925,-13.3026334],[-48.5554078,-13.2424233],[-48.5503175,-13.2298481],[-48.5537521,-13.2035451],[-48.5296886,-13.1914152],[-48.5161162,-13.1390753]],[[-48.5161162,-13.1390753],[-48.5129911,-13.1220408],[-48.4982206,-13.1133594],[-48.4904428,-13.0791423],[-48.5142689,-13.0602692],[-48.5115957,-13.0431842],[-48.5147137,-13.0245856],[-48.5072189,-13.0027894],[-48.5115509,-12.9860676],[-48.5303513,-12.9761331],[-48.545161,-12.9741307],[-48.5412362,-12.9538144],[-48.557213,-12.9488556],[-48.5596848,-12.9295538],[-48.5501271,-12.9154745],[-48.5459432,-12.8976852],[-48.5527387,-12.8693059],[-48.5399091,-12.8458979],[-48.5269111,-12.8437669],[-48.5181878,-12.8325743],[-48.53006,-12.8129491],[-48.5088549,-12.7986272]],[[-48.5088549,-12.7986272],[-48.5011738,-12.7826926]],[[-48.5011738,-12.7826926],[-48.5231828,-12.777618],[-48.5267507,-12.7755323],[-48.5316378,-12.775284],[-48.5304223,-12.7710269],[-48.5307239,-12.7674367],[-48.5338639,-12.7646189],[-48.5359848,-12.7595109],[-48.5398123,-12.7535796],[-48.5460488,-12.7309729],[-48.5373242,-12.7082247],[-48.5232906,-12.7027175],[-48.5203537,-12.6477352],[-48.5223429,-12.6250043],[-48.5053175,-12.6088041],[-48.4752471,-12.607343],[-48.4740488,-12.5820735],[-48.4569747,-12.5691466],[-48.4701687,-12.5450963],[-48.4591389,-12.5023073],[-48.4527788,-12.4950014],[-48.4615406,-12.4809631],[-48.4555383,-12.4722051],[-48.45284,-12.4458483],[-48.4491109,-12.4397712]],[[-48.4491109,-12.4397712],[-48.4638314,-12.4255391]],[[-48.4638314,-12.4255391],[-48.4706828,-12.4222852],[-48.4806544,-12.4142502],[-48.5049218,-12.4212778],[-48.5269089,-12.4528407],[-48.5573278,-12.4566612],[-48.5650985,-12.462316],[-48.5702365,-12.4830331],[-48.5791608,-12.4913852],[-48.6103241,-12.4979273],[-48.6262486,-12.4973276],[-48.6315145,-12.4876587],[-48.6526423,-12.4791648],[-48.6551534,-12.4699414],[-48.6731057,-12.4561055],[-48.6968375,-12.4461226],[-48.6826984,-12.406688],[-48.6958356,-12.4086553],[-48.710841,-12.3996564]],[[-49.1755548,-8.0094472],[-49.1732831,-8.0209737],[-49.1767186,-8.0615113],[-49.193163,-8.0764651],[-49.2073277,-8.1225007],[-49.2038625,-8.1400069],[-49.2095817,-8.1754892],[-49.2209892,-8.2037923]],[[-48.9780534,-8.1927842],[-48.9817384,-8.1854453]],[[-48.9817384,-8.1854453],[-48.9944505,-8.1732192],[-48.9978356,-8.1547078],[-48.9874546,-8.1410139],[-48.985919,-8.1370454],[-48.988329,-8.1059093],[-49.0019532,-8.0961903]],[[-49.0019532,-8.0961903],[-49.0099582,-8.0840198]],[[-49.7606564,-10.5128364],[-49.9400661,-10.5702842],[-50.6033271,-10.6597747]],[[-50.6033271,-10.6597747],[-50.6028204,-10.6737601],[-50.5876039,-10.6860094],[-50.5858701,-10.7041915],[-50.5759515,-10.7253848],[-50.5705877,-10.7525041],[-50.5902017,-10.786451],[-50.5968989,-10.8047216],[-50.6121984,-10.8103215],[-50.611717,-10.8215054],[-50.6220066,-10.8394178],[-50.6190437,-10.8640944],[-50.6049528,-10.8724723],[-50.5994046,-10.8844639],[-50.6007891,-10.9006838],[-50.6221248,-10.9182063],[-50.6326193,-10.9318615],[-50.6285966,-10.9519133],[-50.6202415,-10.9689077],[-50.6248407,-10.9838385],[-50.617593,-11.0024252],[-50.6174251,-11.0320006],[-50.6114558,-11.042976],[-50.6094574,-11.0674457],[-50.6175928,-11.085811],[-50.6370427,-11.1005471],[-50.6438862,-11.1231826],[-50.6576348,-11.1278124],[-50.6644814,-11.1515989],[-50.6598906,-11.187374],[-50.6618213,-11.2031387],[-50.6547324,-11.2150298],[-50.6560371,-11.2402367],[-50.6713266,-11.2867414],[-50.6968135,-11.3046578],[-50.7070991,-11.3281658],[-50.7057563,-11.3414981],[-50.7122605,-11.3598453],[-50.7285111,-11.3825659],[-50.7281426,-11.4169059],[-50.7392596,-11.435385],[-50.742064,-11.4603495],[-50.7393431,-11.4991533],[-50.7347961,-11.5118226],[-50.7403713,-11.5317073],[-50.7389352,-11.5445116],[-50.7159867,-11.5789533],[-50.6805146,-11.5836283],[-50.6700866,-11.5815862]],[[-49.8030565,-11.1019513],[-49.8191046,-11.0964451],[-49.8217099,-11.0942925],[-49.8219538,-11.0914609],[-49.8177116,-11.0862575]],[[-49.8061432,-11.0039495],[-49.7952685,-10.985511]],[[-49.7952685,-10.985511],[-49.7880507,-10.9712116],[-49.7776438,-10.9495308],[-49.7800905,-10.9326],[-49.7615171,-10.9186686],[-49.7582082,-10.9008666],[-49.7292377,-10.9069277],[-49.7179617,-10.9172616],[-49.7095452,-10.9074272],[-49.6925782,-10.9258814],[-49.6663714,-10.9138871],[-49.6340359,-10.9278169],[-49.621716,-10.9139673],[-49.6040758,-10.9095813],[-49.5788772,-10.8903774],[-49.5780503,-10.8661479],[-49.5721945,-10.8514323],[-49.5599127,-10.8408302]],[[-49.5599127,-10.8408302],[-49.5620433,-10.8323801],[-49.5397393,-10.8108914]],[[-49.5155382,-10.7750429],[-49.5092012,-10.7641711],[-49.4980817,-10.7611673],[-49.4784758,-10.7593893]],[[-49.743011,-10.5268465],[-49.7606564,-10.5128364]],[[-47.579282,-10.2183498],[-47.5787316,-10.2265174],[-47.5713157,-10.2335379],[-47.5668914,-10.2404199],[-47.568285,-10.2456303],[-47.5715809,-10.250464]],[[-47.5715809,-10.250464],[-47.5976671,-10.2477028],[-47.6068243,-10.2522476]],[[-47.6068243,-10.2522476],[-47.6196051,-10.254325],[-47.6259238,-10.2643751],[-47.6443494,-10.2648375],[-47.6450569,-10.2825647],[-47.6337031,-10.293176],[-47.6425099,-10.3255323],[-47.6206181,-10.339139],[-47.6249992,-10.3550245],[-47.6366058,-10.3561834],[-47.6512067,-10.3723361],[-47.6699778,-10.3842895],[-47.6704944,-10.3871252]],[[-47.6704944,-10.3871252],[-47.6627054,-10.3929499]],[[-47.6627054,-10.3929499],[-47.6573676,-10.3990758],[-47.6528043,-10.4025704],[-47.6442456,-10.4030571],[-47.638955,-10.4010783],[-47.6242201,-10.4061097],[-47.6202023,-10.4102892],[-47.6047276,-10.4149482],[-47.5882937,-10.4134942],[-47.5805436,-10.4108027],[-47.5673514,-10.4206438],[-47.5401023,-10.4245719],[-47.5095386,-10.4562383],[-47.4970264,-10.4599428],[-47.4899465,-10.47113],[-47.4875006,-10.4891284],[-47.4694365,-10.5083955],[-47.4636028,-10.5307049],[-47.4543456,-10.5369788],[-47.4391387,-10.5204746],[-47.4325561,-10.5248735],[-47.4113459,-10.5141328]],[[-47.4113459,-10.5141328],[-47.3975503,-10.5122864],[-47.3424622,-10.4743595]],[[-47.3424622,-10.4743595],[-47.3030765,-10.4407752]],[[-47.3030765,-10.4407752],[-47.3236387,-10.4233388],[-47.3276752,-10.3996086],[-47.3361939,-10.3791216],[-47.3466159,-10.3834213],[-47.3630413,-10.3766584],[-47.3628015,-10.3641655],[-47.3700512,-10.3643202],[-47.3678077,-10.362235],[-47.3758385,-10.3530034],[-47.3737773,-10.3173385],[-47.3700359,-10.3007584],[-47.3531809,-10.2818966],[-47.3549152,-10.277636],[-47.3634365,-10.2652402],[-47.3600665,-10.2497451],[-47.3666199,-10.2407588],[-47.3728584,-10.2381217],[-47.3811043,-10.2433403],[-47.4139579,-10.2387368],[-47.4251737,-10.2305623],[-47.4287568,-10.2217941],[-47.4111308,-10.2013812],[-47.4208909,-10.1928354],[-47.4346767,-10.167312],[-47.4392234,-10.1625051],[-47.4517222,-10.1660078],[-47.458522,-10.1740861],[-47.4628361,-10.1777261],[-47.4809494,-10.1828589],[-47.516052,-10.1714473],[-47.5217809,-10.1560445],[-47.5257163,-10.1532217],[-47.5403381,-10.1848862],[-47.5500528,-10.1756108],[-47.56074,-10.1648932],[-47.570777,-10.164214],[-47.5768964,-10.1786251],[-47.5779245,-10.1912401],[-47.579282,-10.2183498]],[[-48.3613082,-9.6993024],[-48.3624284,-9.696557],[-48.3655333,-9.6959752]],[[-48.3655333,-9.6959752],[-48.3646118,-9.7145346]],[[-48.3646118,-9.7145346],[-48.3605779,-9.7229968],[-48.3619002,-9.7464058],[-48.3750004,-9.7576699]],[[-48.3750004,-9.7576699],[-48.3790589,-9.7790633],[-48.3750014,-9.7919933]],[[-48.3750014,-9.7919933],[-48.3564476,-9.8031521],[-48.3381614,-9.8194074]],[[-48.3381614,-9.8194074],[-48.3356977,-9.8230601],[-48.3330351,-9.8325462],[-48.3316038,-9.8522501],[-48.334454,-9.8794958]],[[-48.334454,-9.8794958],[-48.3367512,-9.8849204],[-48.3460182,-9.8946617],[-48.361705,-9.9078143]],[[-48.361705,-9.9078143],[-48.3682404,-9.9234352]],[[-48.3682404,-9.9234352],[-48.3509511,-9.9281805],[-48.3457518,-9.9315036],[-48.3292638,-9.936217],[-48.3099684,-9.9376287],[-48.2888611,-9.9294241],[-48.2844335,-9.9399818],[-48.2864991,-9.9667054],[-48.2745798,-9.9785308],[-48.2671825,-9.9825281],[-48.2622757,-9.9831541],[-48.2603282,-9.9749641],[-48.2273515,-9.9642241]],[[-48.2273515,-9.9642241],[-48.223171,-9.9552227]],[[-48.2276206,-9.9508135],[-48.1889297,-9.9112169],[-48.2057799,-9.8844088],[-48.2322928,-9.8672468],[-48.2423469,-9.847364],[-48.2395331,-9.8377494],[-48.2588344,-9.7721159],[-48.2566715,-9.7513682],[-48.2776069,-9.740964],[-48.2949278,-9.7551356],[-48.3191723,-9.7349049],[-48.3361762,-9.7299699],[-48.3425008,-9.7082606],[-48.3613082,-9.6993024]],[[-46.5965449,-12.6598546],[-46.6181899,-12.6546115],[-46.6231385,-12.6620257]],[[-46.6231385,-12.6620257],[-46.6184159,-12.6760124]],[[-46.6109377,-12.725786],[-46.6027166,-12.7331462]],[[-46.4277766,-12.8229578],[-46.4241176,-12.8276658],[-46.4189029,-12.8227379],[-46.4164805,-12.8230499],[-46.4092923,-12.8453622],[-46.3978548,-12.8512912],[-46.3829617,-12.8485596],[-46.3657287,-12.8635228],[-46.3637976,-12.8820293],[-46.3684,-12.9024369],[-46.3642806,-12.9126659],[-46.3653581,-12.9349642],[-46.3724272,-12.9445488],[-46.3680439,-12.9719618],[-46.3726312,-12.9858678],[-46.3514896,-12.9860331],[-46.304931,-12.97854],[-46.2810157,-12.968555],[-46.2379567,-12.9623493],[-46.2293481,-12.9575868],[-46.1960974,-12.9570335],[-46.1808773,-12.9485679],[-46.1777318,-12.9393773],[-46.1593855,-12.9337758],[-46.1509947,-12.9377361],[-46.120116,-12.9256799],[-46.1259497,-12.9163998],[-46.1404752,-12.9286356],[-46.1834497,-12.9336515],[-46.1996572,-12.9473047],[-46.2223573,-12.9502317],[-46.2437863,-12.9465199],[-46.254501,-12.9392031],[-46.3105226,-12.9556641],[-46.314633,-12.9488045],[-46.3070511,-12.921076],[-46.3119987,-12.9097166],[-46.2907157,-12.9005353],[-46.2883774,-12.8829355],[-46.3005267,-12.8674246],[-46.2757154,-12.8405625],[-46.2735822,-12.815966],[-46.2931246,-12.8046295],[-46.3069477,-12.7866967],[-46.2878982,-12.7655707]],[[-46.3860185,-12.7461263],[-46.3955941,-12.7450617],[-46.442005,-12.770992]],[[-46.5059721,-12.6908568],[-46.5092637,-12.6913404],[-46.5145498,-12.6958528],[-46.5344112,-12.6918819]],[[-47.2318048,-8.95453],[-47.2399632,-8.9608323]],[[-47.3443455,-9.2844111],[-47.3461899,-9.2871106]],[[-47.3461899,-9.2871106],[-47.3364762,-9.2881197],[-47.325123,-9.3208656],[-47.3133297,-9.3319471],[-47.3009326,-9.3270991],[-47.2629786,-9.3373791],[-47.2566319,-9.3579159],[-47.2386178,-9.3750018],[-47.2409916,-9.3850964],[-47.2273342,-9.3958101],[-47.1998197,-9.3982688],[-47.1935024,-9.4107819],[-47.1790914,-9.4215755],[-47.1527918,-9.4227727],[-47.1449809,-9.4332427],[-47.128458,-9.4386762],[-47.0983329,-9.4587313],[-47.1023059,-9.4779024],[-47.0867081,-9.4714558],[-47.0819764,-9.48699],[-47.0942484,-9.4976096],[-47.0970516,-9.5150923],[-47.0891177,-9.5422704],[-47.0893266,-9.5676746],[-47.0804236,-9.590327],[-47.0717102,-9.6261487],[-47.0626653,-9.6320767],[-47.06614,-9.645449],[-47.0768458,-9.6462456],[-47.086202,-9.6658383],[-47.0833646,-9.6853001],[-47.0999419,-9.6920748],[-47.0989086,-9.7020755],[-47.0862457,-9.7204777],[-47.0868641,-9.7511194],[-47.0909416,-9.7653653],[-47.0767998,-9.8035356]],[[-47.0767998,-9.8035356],[-47.0736772,-9.8120568],[-47.079089,-9.8192768],[-47.0902347,-9.8244928]],[[-47.0902347,-9.8244928],[-47.1157829,-9.842913],[-47.12824,-9.8646402],[-47.1428416,-9.8743184],[-47.1337559,-9.8890725],[-47.1394573,-9.9140998],[-47.1706726,-9.9369599],[-47.1769273,-9.9542162],[-47.1988345,-9.9549365],[-47.2022914,-9.9905127],[-47.2096437,-10.0014765],[-47.1999486,-10.0105443],[-47.203938,-10.0204069]],[[-47.203938,-10.0204069],[-47.1958309,-10.0191134],[-47.1880104,-10.0207433]],[[-47.1880104,-10.0207433],[-47.1794743,-10.0214595],[-47.1704487,-10.0378185],[-47.1492167,-10.0416205],[-47.1335828,-10.0389283]],[[-47.1335828,-10.0389283],[-47.1151652,-10.0416523],[-47.1031486,-10.0595408]],[[-47.1031486,-10.0595408],[-47.1016604,-10.0637498]],[[-47.1016604,-10.0637498],[-47.0942691,-10.071912]],[[-47.0942691,-10.071912],[-47.0913662,-10.069996],[-47.0849524,-10.0726971],[-47.0795706,-10.070752],[-47.076754,-10.0652333],[-47.0692477,-10.0669066],[-47.0668724,-10.0595913]],[[-47.0668724,-10.0595913],[-47.0452421,-10.0419442],[-47.0469833,-10.0367975],[-47.0449025,-10.0349329],[-47.0421809,-10.032857],[-47.038698,-10.0325197],[-47.0385308,-10.0289273],[-47.0386852,-10.0246753],[-47.0347888,-10.0257276],[-47.0345776,-10.0208739],[-47.0366575,-10.0187565],[-47.0345231,-10.0160013],[-47.015516,-10.0023772],[-46.9842582,-9.9959929],[-46.9792201,-9.9877835],[-46.9605169,-9.9910632],[-46.930239,-9.9843701],[-46.9086421,-9.9710131],[-46.8996909,-9.9814148],[-46.8615219,-9.9654526],[-46.825795,-9.9703592],[-46.8121593,-9.9752126],[-46.7995034,-9.9694328],[-46.7836777,-9.9505628],[-46.7558648,-9.9403706],[-46.7503405,-9.944018],[-46.7312926,-9.9295742],[-46.7234403,-9.914453],[-46.7062291,-9.9179066],[-46.6695811,-9.9113237],[-46.6415035,-9.9181124],[-46.6244928,-9.9136394],[-46.6098806,-9.900505],[-46.6050309,-9.8979327],[-46.5940503,-9.8947077],[-46.580098,-9.8764492],[-46.5631694,-9.8623435],[-46.547799,-9.8564726],[-46.5086799,-9.8642111],[-46.4891492,-9.8951442],[-46.4750977,-9.9045133]],[[-46.4750977,-9.9045133],[-46.4728993,-9.8774403],[-46.4916451,-9.8700701],[-46.4803335,-9.8552553],[-46.4971395,-9.8436787],[-46.4936439,-9.8274242],[-46.5143077,-9.7977511],[-46.5423899,-9.8103118],[-46.5624781,-9.8106895],[-46.5770058,-9.8051786],[-46.579665,-9.7963455],[-46.5708079,-9.7811042],[-46.5750865,-9.7585754],[-46.5961386,-9.7472513],[-46.6236666,-9.7502102],[-46.6443936,-9.7403333],[-46.6456203,-9.7165873],[-46.6533374,-9.6934421],[-46.6130575,-9.6658082],[-46.6068639,-9.6518872],[-46.6061184,-9.6301634],[-46.5955344,-9.6142346],[-46.5923881,-9.5872005],[-46.5793054,-9.5840768],[-46.5391662,-9.5601446],[-46.540479,-9.5501624],[-46.5745282,-9.5206835],[-46.5757819,-9.5082503],[-46.5591976,-9.4929926],[-46.5732556,-9.4777617],[-46.5926609,-9.4834595],[-46.6004795,-9.4704554],[-46.6275914,-9.4657229],[-46.6495644,-9.444091],[-46.6479244,-9.427145],[-46.6337571,-9.4137633],[-46.6515844,-9.4060672],[-46.6659757,-9.3919186],[-46.674923,-9.3907847],[-46.7002276,-9.3989695],[-46.7233119,-9.3963646],[-46.7543134,-9.4138029],[-46.7662334,-9.4033452],[-46.7586743,-9.3812175],[-46.768315,-9.3655046],[-46.7991716,-9.3388432],[-46.8187517,-9.3034377],[-46.8353123,-9.3082186],[-46.8470632,-9.2924222],[-46.8327312,-9.279591],[-46.8317513,-9.2687224],[-46.8189454,-9.2600573],[-46.8288944,-9.2400898],[-46.8268666,-9.223327],[-46.8196135,-9.2116185],[-46.8227837,-9.1990447],[-46.8392865,-9.1975853],[-46.8523673,-9.1861361],[-46.8478096,-9.1680103],[-46.861117,-9.1464228],[-46.8846186,-9.1439041],[-46.8999976,-9.1280193],[-46.9263087,-9.1349438],[-46.9318027,-9.1280657],[-46.9302566,-9.1059806],[-46.9121494,-9.0827243],[-46.9216248,-9.0668129],[-46.9402883,-9.0637411],[-46.9759264,-9.0817295],[-46.9893377,-9.0751717],[-47.0073415,-9.0821934],[-47.0411236,-9.0681621],[-47.0484219,-9.0713094],[-47.0687333,-9.0638747],[-47.0577274,-9.0529545],[-47.0440083,-9.0229101],[-47.0383009,-9.0005859]],[[-47.0383009,-9.0005859],[-47.0443467,-8.9823604],[-47.0610263,-8.9586715],[-47.0648527,-8.9530105],[-47.0859977,-8.9516482],[-47.0948769,-8.9421606],[-47.1027232,-8.9355248],[-47.1241769,-8.9369484],[-47.1318469,-8.9358365],[-47.1432883,-8.9222641],[-47.152551,-8.9258875],[-47.1607811,-8.9316085],[-47.1783247,-8.9308572],[-47.2052473,-8.9489879],[-47.2094219,-8.9369003],[-47.2219952,-8.9384466],[-47.2318048,-8.95453]],[[-47.9631529,-6.183752],[-47.974437,-6.1849772]],[[-47.9593515,-6.2230107],[-47.9548848,-6.2272846]],[[-47.9548848,-6.2272846],[-47.9449607,-6.2309327],[-47.9054226,-6.22028]],[[-47.9054226,-6.22028],[-47.9011262,-6.2176287],[-47.8922576,-6.2184112],[-47.8894098,-6.2232867],[-47.884358,-6.2264315]],[[-47.884358,-6.2264315],[-47.8672405,-6.228181],[-47.85671,-6.2409818],[-47.8516241,-6.2569414],[-47.8261323,-6.2573453],[-47.8179271,-6.2619224],[-47.8092507,-6.2654066],[-47.7587039,-6.2827422],[-47.7217297,-6.2885959]],[[-47.7217297,-6.2885959],[-47.7288967,-6.1831516]],[[-47.7288967,-6.1831516],[-47.7671746,-6.1493602]],[[-49.6710636,-9.5404065],[-49.6836312,-9.5440671]],[[-49.7208876,-9.588753],[-49.7310806,-9.5911256],[-49.7368699,-9.5901323],[-49.7453582,-9.5831573]],[[-49.9812393,-9.6719502],[-49.9918164,-9.6766328],[-50.0027129,-9.6763813]],[[-50.0027129,-9.6763813],[-49.9991321,-9.6831986],[-50.0146547,-9.6912509],[-50.0279181,-9.7092667],[-50.0138973,-9.7204427],[-50.0080357,-9.7350574],[-50.0104874,-9.7507586],[-50.0329716,-9.7602338],[-50.0273979,-9.7708131],[-50.0244233,-9.7775356],[-50.0137681,-9.7737886],[-50.0073716,-9.79672],[-49.987909,-9.8050224],[-49.9868858,-9.8195584],[-49.9761927,-9.8341005],[-49.9717543,-9.8525587],[-49.9427405,-9.876761],[-49.9398445,-9.8882308],[-49.9264971,-9.8967961],[-49.9097429,-9.8936796],[-49.9053441,-9.9199562],[-49.8694279,-9.9149657],[-49.8496527,-9.926663],[-49.8459415,-9.9238221]],[[-49.8459415,-9.9238221],[-49.8383544,-9.915642],[-49.837108,-9.9077708],[-49.8291459,-9.9034365],[-49.8246871,-9.907383],[-49.8219932,-9.9076607]],[[-49.8219932,-9.9076607],[-49.8170229,-9.900767],[-49.7969963,-9.9018074],[-49.7947117,-9.9129246],[-49.7715574,-9.9433658],[-49.7602237,-9.9500423],[-49.7565052,-9.9531579],[-49.7478531,-9.9623374],[-49.732673,-9.9742558],[-49.7094191,-9.9794409],[-49.7036648,-9.9835755],[-49.6943213,-9.9874178],[-49.6895874,-9.9897976],[-49.6798505,-9.9871634],[-49.6672268,-9.9921869],[-49.6585692,-9.9881544],[-49.6551293,-9.9862154],[-49.6502364,-9.98935],[-49.6497831,-9.992176],[-49.6436916,-9.9976538],[-49.6236945,-9.9957558],[-49.6114823,-9.9832241],[-49.5910398,-9.9731961],[-49.5872716,-9.9635115],[-49.5560525,-9.9488582],[-49.5411886,-9.9563151],[-49.5227213,-9.9761766],[-49.4986348,-9.9752951],[-49.4668738,-9.9862002],[-49.4562094,-10.0007323],[-49.4541817,-10.0069522],[-49.4493517,-10.0055901]],[[-49.4493517,-10.0055901],[-49.4403941,-10.0054047]],[[-49.4035897,-9.9672681],[-49.4049421,-9.9576474]],[[-49.5249293,-9.8426682],[-49.504051,-9.8336835],[-49.5020077,-9.824622],[-49.5038362,-9.8213766],[-49.5149361,-9.8190739],[-49.5168063,-9.8177003]],[[-46.9452788,-10.1766853],[-46.9498083,-10.1808575]],[[-46.9498083,-10.1808575],[-46.9592077,-10.1924729],[-46.963327,-10.2091134],[-46.9886291,-10.236933],[-46.9918345,-10.2629727],[-47.0116085,-10.2717827],[-47.02112,-10.2839324],[-47.0258873,-10.3365687],[-47.0193893,-10.3529172],[-47.0342985,-10.3526242],[-47.0356331,-10.3312125],[-47.0473681,-10.3219613],[-47.0556834,-10.3305542],[-47.0667315,-10.3387534],[-47.0739543,-10.3618032]],[[-47.0739543,-10.3618032],[-47.0813392,-10.361372],[-47.0864857,-10.3661264],[-47.0869503,-10.3695738],[-47.0913022,-10.3771102]],[[-47.0913022,-10.3771102],[-47.085905,-10.3801627],[-47.0923645,-10.3831055],[-47.1053101,-10.3950456],[-47.0967681,-10.4126029],[-47.1073556,-10.4264993],[-47.1258623,-10.4404418],[-47.1208243,-10.4496259],[-47.1012644,-10.4346653],[-47.0835325,-10.4481649],[-47.0795141,-10.4569082],[-47.085169,-10.4593393],[-47.0854328,-10.466628],[-47.0929605,-10.4725489],[-47.1051314,-10.461393],[-47.1104118,-10.4775865],[-47.0917028,-10.4787136],[-47.0910934,-10.4746865],[-47.0779082,-10.4655304],[-47.0721184,-10.46978],[-47.0691716,-10.4981061],[-47.0578641,-10.4890225],[-47.0500215,-10.4949542],[-47.0520681,-10.5096756],[-47.017708,-10.5000014],[-47.0062797,-10.5044295],[-47.0003819,-10.5169402],[-46.995405,-10.5445592],[-46.9879739,-10.554789],[-46.9907268,-10.5773813],[-46.9765091,-10.5851878],[-46.9589984,-10.5865711],[-46.9637635,-10.6142628],[-46.9543348,-10.6399631],[-46.9379596,-10.6617544],[-46.9258497,-10.6720206],[-46.9052176,-10.6691385],[-46.9056156,-10.6805454],[-46.8979895,-10.6864245],[-46.8884373,-10.6791656],[-46.8839288,-10.700882],[-46.9015819,-10.7251767],[-46.8993667,-10.7349932],[-46.9091483,-10.7780471],[-46.884558,-10.7706382],[-46.8911431,-10.7944858],[-46.871091,-10.8006983],[-46.875006,-10.8301865],[-46.8870331,-10.8313269],[-46.8860287,-10.8601469],[-46.889844,-10.8672808],[-46.8831973,-10.8702057],[-46.8858673,-10.8756163],[-46.8881074,-10.8830609],[-46.8847422,-10.8946142],[-46.8809944,-10.8936596],[-46.8572435,-10.8774161],[-46.8396162,-10.8933764],[-46.8432649,-10.9087461],[-46.8367821,-10.9107675],[-46.8391653,-10.9038683],[-46.8227582,-10.910526],[-46.8189695,-10.9279286],[-46.8005657,-10.9318951],[-46.7980626,-10.9399974],[-46.7939971,-10.9471489],[-46.7976112,-10.9611619],[-46.8111152,-10.9794802],[-46.8283024,-10.9863468],[-46.8257136,-11.0113251],[-46.8402406,-11.0177031],[-46.8611625,-11.0412967],[-46.8553825,-11.0473456],[-46.8508817,-11.0681544],[-46.8161734,-11.0647618],[-46.8054929,-11.0720471],[-46.7927323,-11.0549681],[-46.7845906,-11.0376269],[-46.7790072,-11.0405375],[-46.7808948,-11.0684894],[-46.7600897,-11.0946409],[-46.7420712,-11.0958429],[-46.7396257,-11.118911],[-46.7093862,-11.1176769]],[[-46.7093862,-11.1176769],[-46.7046897,-11.1223808],[-46.7034186,-11.1258278],[-46.704295,-11.1299008]],[[-46.704295,-11.1299008],[-46.6944029,-11.1437513],[-46.6854094,-11.1689505],[-46.6900367,-11.2013791],[-46.6818793,-11.213523],[-46.6516112,-11.2229983],[-46.6249997,-11.2394111],[-46.6118462,-11.2497779],[-46.5967755,-11.2472097],[-46.5530097,-11.2653785]],[[-46.5530097,-11.2653785],[-46.4660929,-11.1336023],[-46.3415579,-10.9390123],[-46.2672663,-10.9348023],[-46.260537,-10.8120374],[-46.2478106,-10.7967905],[-46.2264451,-10.7829371],[-46.206199,-10.8004666],[-46.1956354,-10.7553966],[-46.195922,-10.745224],[-46.1651513,-10.7224792],[-46.1503463,-10.691554],[-46.1520663,-10.6706707],[-46.1607629,-10.659439],[-46.1497049,-10.6359108],[-46.1272996,-10.6204473],[-46.0607652,-10.6001785],[-45.9746323,-10.5518698],[-45.9292229,-10.5216007],[-45.8708973,-10.5032789],[-45.8212513,-10.458074],[-45.7981846,-10.3232473],[-45.7268896,-10.3125357],[-45.6995761,-10.2596862],[-45.7019773,-10.1793504],[-45.7234839,-10.1554127],[-45.734997,-10.1721653],[-45.7268217,-10.2071033],[-45.733852,-10.2285958],[-45.7440252,-10.2399559],[-45.7937433,-10.2676724],[-45.8670709,-10.2541064],[-45.8707602,-10.2500288],[-45.8967285,-10.2642902],[-45.9156318,-10.3126645],[-45.8871714,-10.3404619],[-45.9072738,-10.3597135],[-45.9109369,-10.3710886],[-45.9331981,-10.3700391],[-45.9450979,-10.3634027],[-45.9711149,-10.3589393],[-45.9819861,-10.3450251],[-45.9820642,-10.3260795],[-45.9973317,-10.3167634],[-45.9998711,-10.2966799],[-46.0225755,-10.2863903],[-46.0282068,-10.2771033],[-46.0198746,-10.2556523],[-46.0180794,-10.2187425],[-46.0282782,-10.1768696],[-46.0584106,-10.1855633],[-46.0928346,-10.2099009],[-46.1071296,-10.2128818],[-46.1404129,-10.2067574],[-46.1656992,-10.2131439],[-46.1948554,-10.1829928]],[[-46.1948554,-10.1829928],[-46.2101032,-10.2030601],[-46.2153213,-10.2020195],[-46.2182604,-10.1975298]],[[-46.2182604,-10.1975298],[-46.2524421,-10.1980511],[-46.2671932,-10.2004058],[-46.2762082,-10.2178261]],[[-46.2762082,-10.2178261],[-46.2793613,-10.2235556],[-46.2838042,-10.2280551],[-46.2927994,-10.2305842],[-46.2983434,-10.2301985],[-46.300907,-10.2286571]],[[-46.300907,-10.2286571],[-46.3209428,-10.2095711],[-46.346952,-10.2102877],[-46.3699089,-10.2244574],[-46.394769,-10.2122055],[-46.4284075,-10.2168254],[-46.4734711,-10.2107931],[-46.4780169,-10.2040721],[-46.5015947,-10.2060068],[-46.5359559,-10.2017467],[-46.5595795,-10.2059921],[-46.5641913,-10.214866],[-46.5844105,-10.2195784],[-46.5964092,-10.2175079],[-46.6059512,-10.2274223],[-46.6075711,-10.225693],[-46.6175626,-10.2120168],[-46.6285027,-10.2140359],[-46.644822,-10.2073997],[-46.6482345,-10.1948193],[-46.6800076,-10.1626613],[-46.6911214,-10.1640872],[-46.7132307,-10.1519549],[-46.723248,-10.1597003],[-46.7349287,-10.151659],[-46.752731,-10.1491228],[-46.7604102,-10.1534637],[-46.7799066,-10.1568577],[-46.791276,-10.1613138],[-46.800244,-10.1611451],[-46.8173446,-10.1605109],[-46.8279424,-10.1663456],[-46.8377329,-10.182919],[-46.8557576,-10.1869312],[-46.8633841,-10.1914227],[-46.9023269,-10.1935604],[-46.907264,-10.1858015],[-46.927714,-10.1755022],[-46.9385378,-10.1830734],[-46.9452788,-10.1766853]],[[-47.4394232,-6.0117832],[-47.4479842,-5.9929839],[-47.4295079,-5.932096],[-47.4328695,-5.8938953],[-47.4310634,-5.8692106],[-47.447369,-5.8689982]],[[-47.6999969,-5.9292214],[-47.7029993,-5.96652]],[[-47.7029993,-5.96652],[-47.6990288,-5.9847103],[-47.7080955,-5.9987459],[-47.7011493,-6.0143843],[-47.6932057,-6.0157189]],[[-47.6932057,-6.0157189],[-47.6923168,-6.018159],[-47.7041785,-6.0285372]],[[-47.7671746,-6.1493602],[-47.7289229,-6.1831565],[-47.7248193,-6.1835543]],[[-47.7248193,-6.1835543],[-47.7020897,-6.1720029]],[[-47.7020897,-6.1720029],[-47.697314,-6.1629896],[-47.6902057,-6.1591788],[-47.6826358,-6.1597429]],[[-47.6826358,-6.1597429],[-47.6617762,-6.168431],[-47.6317057,-6.1552865],[-47.6031594,-6.1391123],[-47.5912705,-6.1388066],[-47.5642794,-6.1297547],[-47.5302951,-6.0999124],[-47.5238319,-6.0868963],[-47.5064191,-6.0780629],[-47.494023,-6.0585987],[-47.4767162,-6.0602643],[-47.4469737,-6.0316292],[-47.4490422,-6.0259231],[-47.4394232,-6.0117832]],[[-48.3669071,-9.3408897],[-48.37509,-9.3378805],[-48.3824677,-9.3463083],[-48.3806647,-9.3597597],[-48.3820842,-9.3599882],[-48.4247397,-9.3609056],[-48.4417422,-9.3758777],[-48.4540175,-9.3807404],[-48.4653308,-9.3780979],[-48.4808452,-9.386839],[-48.4832824,-9.3886008],[-48.4931694,-9.3915019],[-48.4978791,-9.3922545],[-48.5034561,-9.406844],[-48.514153,-9.4147094],[-48.5233949,-9.4262787],[-48.5389039,-9.4208711]],[[-48.5389039,-9.4208711],[-48.544275,-9.4252325],[-48.571979,-9.421137]],[[-48.571979,-9.421137],[-48.579166,-9.4595677],[-48.5777055,-9.4638921],[-48.5717597,-9.4684823]],[[-48.5717597,-9.4684823],[-48.5526482,-9.4806247],[-48.5499939,-9.4962567],[-48.5479361,-9.4999424],[-48.5404801,-9.4949573],[-48.5205385,-9.5044496],[-48.5160533,-9.5068804],[-48.5136514,-9.5151301],[-48.51025,-9.5192004],[-48.5094495,-9.5216454],[-48.5284329,-9.5244561],[-48.5393513,-9.5309081],[-48.5544821,-9.5417548],[-48.5788692,-9.5617095],[-48.6234894,-9.5932915],[-48.643493,-9.589295],[-48.6665522,-9.6135929],[-48.7044087,-9.6015661],[-48.7101343,-9.5916204],[-48.7276134,-9.5820412],[-48.7394301,-9.583643]],[[-48.7394301,-9.583643],[-48.8745203,-9.582756],[-48.8642966,-9.5915634]],[[-48.8619976,-9.6503809],[-48.8542866,-9.6519261],[-48.8537314,-9.6549708],[-48.8580485,-9.6742843]],[[-48.8649299,-9.7191622],[-48.8606102,-9.7299947]],[[-48.8177523,-10.0480531],[-48.8215765,-10.0550883],[-48.8239456,-10.056565]],[[-48.8239456,-10.056565],[-48.8223999,-10.0601502],[-48.8193225,-10.0584655]],[[-48.8193225,-10.0584655],[-48.8101989,-10.0476074],[-48.8005614,-10.0510357],[-48.7775949,-10.0264261],[-48.7553514,-10.0360711],[-48.7454497,-10.0337438],[-48.7400507,-10.0381907],[-48.7275373,-10.043892],[-48.7266271,-10.0601941],[-48.7102578,-10.0719298],[-48.7075799,-10.082082],[-48.6845931,-10.0856135]],[[-48.6845931,-10.0856135],[-48.6754472,-10.0917854],[-48.6669033,-10.0907112],[-48.6642914,-10.0861782]],[[-48.6642914,-10.0861782],[-48.624295,-10.0777413],[-48.6150392,-10.0626753],[-48.5980305,-10.0635852],[-48.5990745,-10.0506201],[-48.5836555,-10.0342585],[-48.5701921,-10.0267958],[-48.5607344,-10.0397886],[-48.5209499,-10.0331556],[-48.5079521,-10.0445536],[-48.4849442,-10.0289612],[-48.4648824,-10.0329542],[-48.4534542,-10.0192677],[-48.4382873,-10.0182619],[-48.4138836,-10.031192],[-48.3911607,-10.0524107],[-48.3589357,-10.053841]],[[-48.3589357,-10.053841],[-48.3323986,-10.0413832]],[[-48.3323986,-10.0413832],[-48.3300772,-10.0288498],[-48.3370416,-10.000005],[-48.3497494,-9.9702352],[-48.3683767,-9.9479104],[-48.3709189,-9.9315543]],[[-48.3709189,-9.9315543],[-48.361705,-9.9078143]],[[-48.334454,-9.8794958],[-48.3315144,-9.8450593],[-48.3338889,-9.8272712],[-48.3381614,-9.8194074]],[[-48.3750014,-9.7919933],[-48.3780474,-9.7836976],[-48.3791749,-9.776554],[-48.3750004,-9.7576699]],[[-48.3646118,-9.7145346],[-48.3646329,-9.6990613],[-48.3692907,-9.6815976],[-48.3719252,-9.6759563]],[[-48.3719252,-9.6759563],[-48.3835062,-9.6688745],[-48.4032115,-9.6347764],[-48.404918,-9.6161765],[-48.4002294,-9.6017393],[-48.3827366,-9.5683284],[-48.3763377,-9.5433783],[-48.3706698,-9.4916227],[-48.3722353,-9.4595682],[-48.3773118,-9.4379266],[-48.3614937,-9.4072247]],[[-48.3614937,-9.4072247],[-48.3581502,-9.3950358],[-48.3594499,-9.3780313],[-48.3679269,-9.3575357]],[[-48.3679269,-9.3575357],[-48.3669071,-9.3408897]],[[-48.6930476,-9.1945542],[-48.6957343,-9.1884736],[-48.7056187,-9.1839093],[-48.7102617,-9.1766691],[-48.7162227,-9.1740286],[-48.7181916,-9.1747345],[-48.7286335,-9.1826443]],[[-48.7286335,-9.1826443],[-48.7354036,-9.1949898]],[[-48.7354036,-9.1949898],[-48.7373807,-9.1969455]],[[-48.7373807,-9.1969455],[-48.7446768,-9.1957532],[-48.7536086,-9.1980731]],[[-48.8742345,-9.5759133],[-48.8746237,-9.5821152],[-48.7394301,-9.583643]],[[-48.5717597,-9.4684823],[-48.5776684,-9.4639512],[-48.5788023,-9.4615108],[-48.571979,-9.421137]],[[-48.571979,-9.421137],[-48.5966158,-9.417727]],[[-48.5966158,-9.417727],[-48.5788877,-9.3868379],[-48.5877956,-9.3765142],[-48.580011,-9.3628406],[-48.5775333,-9.3423558],[-48.5751535,-9.3408854],[-48.5747337,-9.3150023],[-48.5860673,-9.3155472],[-48.5914351,-9.2887179],[-48.591749,-9.2822353],[-48.5709773,-9.2533824],[-48.5697208,-9.2430141],[-48.5645569,-9.2213346]],[[-48.1568579,-10.458113],[-48.1771819,-10.4529746],[-48.191869,-10.4666792],[-48.2086858,-10.4689783],[-48.2162362,-10.4818518],[-48.2186063,-10.4841959]],[[-48.2186063,-10.4841959],[-48.2307119,-10.4952828],[-48.2459883,-10.4966945]],[[-48.2459883,-10.4966945],[-48.2627634,-10.4998209],[-48.2722827,-10.4879626],[-48.2836057,-10.4868548],[-48.3018599,-10.5020505],[-48.291836,-10.5167445],[-48.2805182,-10.5171306],[-48.2689287,-10.5268578],[-48.3083449,-10.5798051],[-48.2923398,-10.6026295],[-48.2819868,-10.6044908],[-48.2686466,-10.6194778],[-48.2421284,-10.6251834],[-48.2221748,-10.638657],[-48.199332,-10.6615189],[-48.1987583,-10.6648004],[-48.1905462,-10.6603243],[-48.1672235,-10.6690773],[-48.1584866,-10.6776941],[-48.1694556,-10.6956724],[-48.1951585,-10.711623],[-48.2182294,-10.7190314],[-48.2670777,-10.7797068],[-48.2738306,-10.8030988],[-48.2701609,-10.8260638],[-48.2597865,-10.8449222],[-48.2413194,-10.8393305],[-48.214353,-10.8510825],[-48.2063803,-10.8605544],[-48.1778632,-10.8672137],[-48.1887169,-10.8792346],[-48.1995222,-10.8967726],[-48.1996358,-10.9183865],[-48.2354876,-10.9219247],[-48.25233,-10.943057],[-48.2400366,-10.9471473],[-48.2354661,-10.9617085],[-48.2209921,-10.9832984]],[[-48.2209921,-10.9832984],[-48.2200732,-10.9953151]],[[-48.2200732,-10.9953151],[-48.2143775,-11.0183741],[-48.1990647,-11.0166076],[-48.1708713,-11.0396214],[-48.159355,-11.0576595],[-48.1550008,-11.0795887],[-48.1295386,-11.1000169],[-48.1220134,-11.116398]],[[-48.1220134,-11.116398],[-48.1209332,-11.1238829],[-48.1192243,-11.1265264],[-48.1163116,-11.1273971],[-48.1116697,-11.1328018],[-48.1065281,-11.1338995],[-48.1025933,-11.1340958],[-48.0858848,-11.1299958],[-48.0781017,-11.1384513]],[[-48.0781017,-11.1384513],[-48.0695719,-11.1535396]],[[-48.0695719,-11.1535396],[-48.0567231,-11.1547043],[-48.0550655,-11.1563621],[-48.0448713,-11.1592444],[-48.0249064,-11.1726202],[-48.0111781,-11.1748567],[-47.9973919,-11.1718391]],[[-47.9973919,-11.1718391],[-47.9827585,-11.1703985],[-47.9703024,-11.1602937],[-47.9619403,-11.1528818],[-47.9488382,-11.1534507],[-47.9210881,-11.1114019],[-47.8845533,-11.1094657],[-47.8746158,-11.101396],[-47.8606993,-11.1037036],[-47.8836796,-10.9914578]],[[-47.8836796,-10.9914578],[-47.8832086,-10.9768351],[-47.8812682,-10.9723027],[-47.8738338,-10.9656339],[-47.8694792,-10.9635526]],[[-47.8694792,-10.9635526],[-47.8600865,-10.9567191],[-47.819982,-10.9454477],[-47.7944593,-10.9496217],[-47.7825759,-10.9369758],[-47.7785471,-10.9303197],[-47.7618892,-10.9159377],[-47.7454555,-10.9083651]],[[-47.7454555,-10.9083651],[-47.7458027,-10.8975502]],[[-47.7458027,-10.8975502],[-47.7571404,-10.8683012],[-47.756325,-10.8598228],[-47.7686732,-10.8477185],[-47.7693681,-10.8319123],[-47.7814475,-10.8209755],[-47.7882477,-10.7868858],[-47.8080936,-10.7600694],[-47.8197757,-10.7561008],[-47.8067195,-10.7267484],[-47.7912514,-10.7187333],[-47.7919199,-10.6895004],[-47.8101937,-10.6812004],[-47.803703,-10.6661091],[-47.8197318,-10.6542295],[-47.8316511,-10.6226799],[-47.8251661,-10.6132156],[-47.8492331,-10.5863812],[-47.8456317,-10.5793771],[-47.8552606,-10.5610482],[-47.8431461,-10.5592071],[-47.8401028,-10.5455625],[-47.8479462,-10.528512],[-47.8390178,-10.5114974],[-47.8271196,-10.4777049],[-47.8296184,-10.4485983],[-47.838975,-10.4408091],[-47.8332674,-10.4270347],[-47.8425765,-10.4076773]],[[-47.8425765,-10.4076773],[-47.8400844,-10.3841414]],[[-47.8400844,-10.3841414],[-47.8575665,-10.3802001],[-47.8647802,-10.377019],[-47.8663931,-10.3614903],[-47.8630987,-10.3517486],[-47.8678256,-10.3299846]],[[-47.8678256,-10.3299846],[-47.8566028,-10.3210588],[-47.8556443,-10.310548]],[[-47.8556443,-10.310548],[-47.8605332,-10.310601],[-47.8714708,-10.3072724],[-47.8930203,-10.3182628],[-47.9240704,-10.2995508],[-47.9393812,-10.3036949],[-47.949831,-10.3145364],[-47.9525425,-10.3174944],[-47.9831061,-10.331706],[-47.99357,-10.3458147],[-47.9975947,-10.364973],[-48.0163986,-10.3852567],[-48.0270825,-10.3939837],[-48.0363143,-10.3954736],[-48.0549816,-10.4093226],[-48.0545364,-10.4212495],[-48.0829862,-10.4601224],[-48.1568579,-10.458113]],[[-48.9628045,-9.8479538],[-48.9730277,-9.8527505]],[[-49.3169511,-9.9383455],[-49.3330104,-9.9307233],[-49.3401644,-9.9378395]],[[-49.3939778,-9.9550901],[-49.3943657,-9.9613537]],[[-49.1133136,-10.1482505],[-49.1096931,-10.1464155]],[[-49.1096931,-10.1464155],[-49.1037945,-10.1442603],[-49.0964908,-10.140907],[-49.0897246,-10.1402347],[-49.0879198,-10.1417215],[-49.0835912,-10.1397493],[-49.0419943,-10.1438724],[-49.029924,-10.1468787],[-49.032022,-10.1416461],[-49.0208376,-10.1318115],[-49.002849,-10.1267845],[-48.9952493,-10.1310768],[-48.9791494,-10.1238936],[-48.9517795,-10.1302307],[-48.9446511,-10.12718],[-48.946961,-10.117519],[-48.9346021,-10.1094486],[-48.930396,-10.096657],[-48.9165817,-10.0938624],[-48.8941016,-10.0611297]],[[-48.8941016,-10.0611297],[-48.8892598,-10.063065]],[[-47.5113728,-6.5620391],[-47.6346751,-6.4504356],[-47.6408138,-6.4528954]],[[-47.6408138,-6.4528954],[-47.6500957,-6.4672025],[-47.6550389,-6.4708588],[-47.6864016,-6.4801522],[-47.6988749,-6.5005785],[-47.7180616,-6.5052526],[-47.7307642,-6.4976072],[-47.748137,-6.5083402],[-47.7658126,-6.534544],[-47.771079,-6.5566817],[-47.7862115,-6.5576127],[-47.8270514,-6.5686811],[-47.8619789,-6.5410386]],[[-47.8619789,-6.5410386],[-47.8710215,-6.586599]],[[-47.4986594,-6.700577],[-47.4932881,-6.689743],[-47.4986441,-6.6712316],[-47.4687902,-6.6212462],[-47.4625341,-6.6017466],[-47.4650889,-6.5814548]],[[-48.8532266,-6.7490823],[-48.913853,-6.7573695],[-48.9395064,-6.7666887],[-48.9637126,-6.7794597],[-49.0188835,-6.7842105],[-49.0375706,-6.8093344]],[[-49.0375706,-6.8093344],[-49.0293479,-6.8140912],[-49.026702,-6.8151118],[-49.0260027,-6.8202104],[-49.0256589,-6.8223081],[-49.0185708,-6.8409691],[-49.0274656,-6.8608956],[-49.0134536,-6.8901867],[-49.0149206,-6.9166473],[-49.0049981,-6.9515905],[-48.9875022,-6.9653987],[-48.9810789,-6.9698952],[-48.9761651,-6.968426],[-48.9593648,-6.9794477],[-48.9560109,-6.9852675],[-48.942856,-6.9828017],[-48.9400245,-6.9911111],[-48.9293053,-6.9976495],[-48.9130656,-7.0300633],[-48.8984526,-7.0478029],[-48.8472626,-7.0789691]],[[-48.8472626,-7.0789691],[-48.8105827,-7.105575],[-48.7948384,-7.1099536]],[[-48.7948384,-7.1099536],[-48.7754946,-7.090738]],[[-48.7754946,-7.090738],[-48.7689049,-7.0867304],[-48.7641968,-7.0800351],[-48.7642298,-7.0632221]],[[-48.7642298,-7.0632221],[-48.7642547,-7.0434565],[-48.756914,-7.0468584]],[[-48.756914,-7.0468584],[-48.7516752,-7.0510186],[-48.730413,-7.0561635],[-48.726399,-7.0643709]],[[-48.726399,-7.0643709],[-48.7155216,-7.069894],[-48.708639,-7.088742],[-48.6995544,-7.0979677],[-48.6901546,-7.1032994],[-48.676903,-7.1066769],[-48.6677331,-7.1172107],[-48.6659266,-7.1309115],[-48.6851747,-7.2819646]],[[-48.5622161,-7.2766187],[-48.5594621,-7.2690246]],[[-47.6193683,-11.4446314],[-47.6250655,-11.4414885]],[[-47.6964234,-11.607077],[-47.7005041,-11.6250065],[-47.699773,-11.6335947],[-47.6938076,-11.6385842]],[[-47.9969821,-11.7104911],[-47.9976542,-11.7161478],[-48.0025348,-11.7214383],[-48.0068988,-11.7219074],[-48.0147969,-11.7209631]],[[-48.0253144,-11.71783],[-48.0356733,-11.708984],[-48.0455029,-11.7077434],[-48.0543244,-11.7119329]],[[-48.0893224,-11.7224639],[-48.0895815,-11.7264338]],[[-48.0895815,-11.7264338],[-48.0932459,-11.7373262],[-48.089634,-11.74455],[-48.0802798,-11.7536464],[-48.0782273,-11.774371],[-48.0670181,-11.7721383],[-48.039443,-11.782821],[-48.0368074,-11.7875413],[-48.0208319,-11.7760393],[-47.9984044,-11.8046337],[-47.9905134,-11.8213879],[-47.9781823,-11.83144],[-47.950163,-11.8464736],[-47.9476985,-11.8519481],[-47.9210722,-11.8619774],[-47.8927966,-11.8644477],[-47.8676048,-11.8799415],[-47.8508266,-11.9166991],[-47.8579493,-11.9377259],[-47.8433981,-11.9518886],[-47.8535918,-11.9693709],[-47.8545316,-11.9779606],[-47.8545779,-11.98698],[-47.8579005,-11.992663],[-47.8593876,-11.9988952],[-47.8723291,-12.0183529],[-47.8678014,-12.0247907],[-47.8594902,-12.0290331],[-47.8548807,-12.054557],[-47.8432249,-12.0660704],[-47.8296505,-12.0773621],[-47.8272892,-12.0752064],[-47.8187973,-12.0722333],[-47.7953717,-12.0553303],[-47.772946,-12.0499352],[-47.7643784,-12.0532282],[-47.7599644,-12.0611978],[-47.7651505,-12.0873435],[-47.7732444,-12.0950241],[-47.7759932,-12.0962949],[-47.7960801,-12.1175895]],[[-47.7960801,-12.1175895],[-47.8048712,-12.127046],[-47.8044128,-12.1317701],[-47.8068238,-12.1335263],[-47.8024285,-12.1410804]],[[-47.8024285,-12.1410804],[-47.7986126,-12.1436293],[-47.7995085,-12.1527567]],[[-47.7995085,-12.1527567],[-47.7914792,-12.1460073]],[[-47.7914792,-12.1460073],[-47.7820098,-12.1347496],[-47.7602425,-12.1410027],[-47.7394491,-12.1415812],[-47.7309284,-12.1517247],[-47.7115813,-12.1424139],[-47.6904736,-12.1390943],[-47.6750121,-12.1416345],[-47.6586991,-12.1318718],[-47.6502959,-12.135777],[-47.6317582,-12.1837617],[-47.6072428,-12.1928462],[-47.6059932,-12.2127566]],[[-47.6059932,-12.2127566],[-47.5712609,-12.1894588]],[[-47.4716741,-11.9652374],[-47.4842783,-11.960267]],[[-47.40409,-11.2727175],[-47.4084413,-11.2716685],[-47.4403928,-11.2591732]],[[-47.4403928,-11.2591732],[-47.4479299,-11.2458287],[-47.4549684,-11.2424378],[-47.4616272,-11.2622235],[-47.4638747,-11.271309],[-47.4677323,-11.2805723],[-47.4809021,-11.2978099],[-47.4821661,-11.3185702],[-47.5047606,-11.3424484],[-47.5184652,-11.3559491],[-47.5331217,-11.3695555],[-47.548692,-11.3702435],[-47.5581097,-11.3732616],[-47.5697481,-11.367767],[-47.5750004,-11.3720624],[-47.5879012,-11.3832546],[-47.5875069,-11.397525],[-47.6043565,-11.43331],[-47.6098853,-11.4421917],[-47.6193683,-11.4446314]],[[-47.884358,-6.2264315],[-47.8917807,-6.2185573],[-47.9015353,-6.2177376],[-47.9054226,-6.22028]],[[-47.9548848,-6.2272846],[-47.9546582,-6.2319399]],[[-47.9454081,-6.2753039],[-47.9457903,-6.2787057]],[[-47.8235381,-6.4268242],[-47.7728095,-6.4116482],[-47.7472913,-6.4256864],[-47.7314207,-6.4129046],[-47.6865239,-6.4043141],[-47.6513891,-6.4136699],[-47.5960495,-6.4068637],[-47.5968358,-6.4111062],[-47.5845608,-6.4151088]],[[-47.5845608,-6.4151088],[-47.5803695,-6.4171471]],[[-47.576233,-6.4159245],[-47.5672567,-6.4105178],[-47.5656906,-6.3985208],[-47.5780541,-6.3916658],[-47.5873995,-6.3921353],[-47.5919956,-6.3921122],[-47.6020643,-6.3853329],[-47.6225044,-6.3814214],[-47.6388789,-6.3916739],[-47.6448776,-6.3818852],[-47.6512512,-6.3609862],[-47.6644766,-6.34194],[-47.6861963,-6.3194132],[-47.6995462,-6.3075092],[-47.7199212,-6.2969134],[-47.7217297,-6.2885959]],[[-48.5955844,-7.548228],[-48.5795442,-7.5491679]],[[-48.5795442,-7.5491679],[-48.5548814,-7.5622506],[-48.5500281,-7.5729839],[-48.5288934,-7.5922785],[-48.5237592,-7.609453],[-48.5253301,-7.6299866],[-48.5142517,-7.6683341],[-48.5308753,-7.6874335],[-48.5289379,-7.7056316],[-48.5220741,-7.7193594],[-48.5212286,-7.7304667]],[[-48.5212286,-7.7304667],[-48.5179938,-7.7369305],[-48.5177163,-7.7536606]],[[-48.4988852,-7.8166685],[-48.4982568,-7.8526738]],[[-48.4659897,-7.8571959],[-48.4385211,-7.8656273],[-48.4415936,-7.8400335],[-48.4131304,-7.7999914],[-48.3937466,-7.7962339],[-48.3834754,-7.785574],[-48.3456732,-7.8002223],[-48.3334093,-7.7925519],[-48.3110544,-7.7945527],[-48.2869178,-7.7873795],[-48.2723575,-7.7970401],[-48.2710495,-7.8094633],[-48.2572961,-7.8158003],[-48.2234764,-7.823892],[-48.20725,-7.8242247],[-48.1876995,-7.8169615],[-48.1713284,-7.8245348],[-48.1670952,-7.8338046],[-48.1501005,-7.8240403],[-48.1407293,-7.8118908],[-48.1405862,-7.7764921],[-48.1675161,-7.7488768],[-48.1729608,-7.720374],[-48.1832904,-7.7175886],[-48.1998905,-7.6966746],[-48.1991753,-7.6637553],[-48.1744161,-7.6554142],[-48.1507899,-7.6173602],[-48.1515837,-7.5929252],[-48.1461975,-7.5732252],[-48.1524988,-7.5563036],[-48.1540888,-7.5359088]],[[-48.1540888,-7.5359088],[-48.1529369,-7.525091]],[[-48.9805874,-10.3744301],[-48.9727451,-10.3738833],[-48.9706885,-10.3721531]],[[-48.9706885,-10.3721531],[-48.9768303,-10.361908]],[[-48.9768303,-10.361908],[-48.9836769,-10.3738117],[-49.0127786,-10.39013],[-49.0402684,-10.417003],[-49.0528597,-10.4240485],[-49.0682983,-10.4475008],[-49.0496283,-10.4682434],[-49.0530724,-10.4864526],[-49.0661115,-10.4983802]],[[-49.0661115,-10.4983802],[-49.0659477,-10.5055652]],[[-48.9730606,-10.6646984],[-48.9451432,-10.6587287]],[[-48.9451432,-10.6587287],[-48.9336354,-10.6471199],[-48.9215635,-10.6447525],[-48.9083243,-10.654021],[-48.896289,-10.6478396],[-48.8866701,-10.6272086],[-48.8650386,-10.6177122],[-48.865004,-10.600576],[-48.8545911,-10.57662],[-48.8355768,-10.5680079]],[[-48.8355768,-10.5680079],[-48.8259941,-10.5577635]],[[-48.8259941,-10.5577635],[-48.8093408,-10.5475734],[-48.8133494,-10.5306903],[-48.8058087,-10.5121023],[-48.8045035,-10.5014533]],[[-48.8045035,-10.5014533],[-48.8101375,-10.4949797]],[[-48.8101375,-10.4949797],[-48.847171,-10.5153881],[-48.8531338,-10.5253194],[-48.8673099,-10.5301788]],[[-48.8673099,-10.5301788],[-48.8727791,-10.5382412],[-48.8770979,-10.5407467],[-48.8910367,-10.5423035]],[[-48.8910367,-10.5423035],[-48.8981874,-10.5398831],[-48.9088149,-10.5379447],[-48.9390872,-10.5176927],[-48.9359084,-10.4951885],[-48.9402776,-10.4776153],[-48.9809421,-10.4531211],[-48.9627171,-10.4256218],[-48.9805874,-10.3744301]],[[-47.825722,-9.8824436],[-47.8299968,-9.8823905],[-47.8409307,-9.8781799]],[[-47.8267657,-10.001996],[-47.8217547,-10.004927],[-47.8180329,-10.0238578]],[[-47.8180329,-10.0238578],[-47.8188661,-10.0328367]],[[-47.8188661,-10.0328367],[-47.8166296,-10.0363146],[-47.8080373,-10.0412372],[-47.8037592,-10.0458022],[-47.8032057,-10.0525465],[-47.805263,-10.0616221]],[[-47.805263,-10.0616221],[-47.8080289,-10.0777166]],[[-47.8080289,-10.0777166],[-47.8101832,-10.0813355],[-47.8087998,-10.091938],[-47.8101782,-10.0991717],[-47.8039237,-10.1095034],[-47.7955951,-10.1494908]],[[-47.7955951,-10.1494908],[-47.7964965,-10.1532766]],[[-47.7964965,-10.1532766],[-47.793798,-10.1642426]],[[-47.793798,-10.1642426],[-47.7834565,-10.1651605],[-47.7705364,-10.1665705],[-47.7389666,-10.1840024],[-47.7265889,-10.192616],[-47.6769198,-10.1951497],[-47.6570305,-10.2062132],[-47.6551677,-10.2138199],[-47.6254176,-10.2304894],[-47.6148365,-10.233967],[-47.5684415,-10.2458777]],[[-47.5684415,-10.2458777],[-47.5671151,-10.2394236],[-47.578769,-10.2263641],[-47.579282,-10.2183498]],[[-47.3030765,-10.4407752],[-47.2868621,-10.4269491]],[[-47.2868621,-10.4269491],[-47.2912791,-10.4184879],[-47.2844301,-10.4040941],[-47.2608054,-10.4025209],[-47.2499993,-10.3937971],[-47.2314655,-10.3886411],[-47.2103321,-10.406572],[-47.1861553,-10.40009],[-47.1467568,-10.3964823],[-47.1275748,-10.3840216],[-47.1099092,-10.3517206]],[[-47.1099092,-10.3517206],[-47.1011026,-10.3407583],[-47.0942551,-10.364854]],[[-47.0942551,-10.364854],[-47.0867606,-10.3689696]],[[-47.0867606,-10.3689696],[-47.0870811,-10.3672139],[-47.083636,-10.362675],[-47.0799026,-10.3609212],[-47.0739543,-10.3618032]],[[-46.9498083,-10.1808575],[-46.9543006,-10.164386]],[[-46.9543006,-10.164386],[-46.9763471,-10.1567151],[-46.9850018,-10.1478041],[-46.9908272,-10.1436169],[-47.0043152,-10.1358477],[-47.0186745,-10.1315505]],[[-47.0186745,-10.1315505],[-47.0204597,-10.1241638],[-47.0226563,-10.1222609],[-47.0335307,-10.1204838],[-47.0401471,-10.1247717]],[[-47.0401471,-10.1247717],[-47.0484013,-10.1208938],[-47.0530893,-10.0989577],[-47.0744695,-10.0804328],[-47.0836458,-10.0798297]],[[-47.0836458,-10.0798297],[-47.0884971,-10.0776754],[-47.1016604,-10.0637498]],[[-47.1031486,-10.0595408],[-47.1150402,-10.0417201],[-47.1335828,-10.0389283]],[[-47.1880104,-10.0207433],[-47.191635,-10.0215803],[-47.1964097,-10.0190808],[-47.22277,-10.0254338],[-47.2282368,-10.0289268],[-47.2357035,-10.0369401],[-47.2536297,-10.0405064],[-47.2565327,-10.0444083]],[[-47.2565327,-10.0444083],[-47.2775606,-10.0566033],[-47.2991622,-10.0487446]],[[-47.2991622,-10.0487446],[-47.3046637,-10.0406528],[-47.3084727,-10.0388663],[-47.3201772,-10.0400089]],[[-47.3201772,-10.0400089],[-47.3381832,-10.0371086],[-47.3549071,-10.0411221],[-47.3701246,-10.0370348],[-47.3857521,-10.0454319]],[[-47.3857521,-10.0454319],[-47.4128027,-10.0397604],[-47.4212293,-10.0244921]],[[-47.4212293,-10.0244921],[-47.4411516,-10.0143757],[-47.454557,-9.9981371],[-47.4869385,-9.9849666],[-47.5036778,-9.9883702],[-47.5125137,-9.9831633],[-47.5313851,-9.9876706],[-47.5546168,-9.9791254],[-47.577457,-9.9823205],[-47.5995601,-9.9792322],[-47.6119849,-9.9888891],[-47.6281209,-9.9872211],[-47.6364503,-9.9793665],[-47.6586204,-9.9761352],[-47.6661341,-9.9641987],[-47.6990892,-9.9566618],[-47.7184696,-9.9488742],[-47.7246308,-9.939917],[-47.7522967,-9.9266255],[-47.7897343,-9.9215111],[-47.825722,-9.8824436]],[[-46.5876172,-12.8067366],[-46.594695,-12.8103239]],[[-46.6354107,-12.9699326],[-46.4546499,-12.9711526],[-46.4484443,-12.9329365]],[[-46.7432253,-12.0257376],[-46.7490197,-12.0420082]],[[-46.7490197,-12.0420082],[-46.7390777,-12.0339925],[-46.7117636,-12.0283929],[-46.706456,-12.021102],[-46.6844833,-12.0141289],[-46.658048,-11.9850862],[-46.6484672,-11.9869074],[-46.6104293,-11.9588108],[-46.5968674,-11.9659682],[-46.5909097,-11.9581917],[-46.6004323,-11.9409384],[-46.591739,-11.9364527],[-46.5882317,-11.9147923],[-46.5668536,-11.9039666],[-46.5484697,-11.8760536],[-46.5337538,-11.8592019],[-46.5410848,-11.8465517],[-46.5398136,-11.8242081],[-46.5195438,-11.7908103],[-46.5083743,-11.7799048],[-46.484071,-11.7651653],[-46.4434127,-11.7589958],[-46.4312622,-11.7570247],[-46.4251403,-11.7648822],[-46.4069737,-11.7674744],[-46.3947187,-11.7621762],[-46.3847895,-11.7760109],[-46.3686592,-11.7770173],[-46.3642008,-11.7788376],[-46.3625913,-11.779362],[-46.3556107,-11.7857489],[-46.3544541,-11.7875341],[-46.3566704,-11.7958483],[-46.337613,-11.8130662]],[[-46.337613,-11.8130662],[-46.3352985,-11.7964368],[-46.3462438,-11.7843342],[-46.3436773,-11.7600875],[-46.3737917,-11.7663207],[-46.3785721,-11.7486155],[-46.3577018,-11.7453487],[-46.3423999,-11.7374137],[-46.3077938,-11.6858365],[-46.313347,-11.6774745],[-46.3320947,-11.6723541],[-46.343791,-11.6551257],[-46.3401945,-11.6395843],[-46.3615956,-11.6328366],[-46.3871296,-11.6464154],[-46.3850367,-11.627159],[-46.3740772,-11.6267386],[-46.3608732,-11.6159496],[-46.3506712,-11.6204826],[-46.3184322,-11.6082397],[-46.3043291,-11.6061903],[-46.2867875,-11.6158247],[-46.2746199,-11.6070501],[-46.2360793,-11.610525],[-46.2385496,-11.6231161],[-46.2142962,-11.6427527],[-46.200319,-11.6480426],[-46.180797,-11.6463181],[-46.1573605,-11.6514487],[-46.1467465,-11.6452323],[-46.1444858,-11.6243474],[-46.1475189,-11.6229963],[-46.154969,-11.6241819]],[[-48.8282387,-10.5624961],[-48.8355768,-10.5680079]],[[-48.9451432,-10.6587287],[-48.9605525,-10.6648092]],[[-48.9649621,-10.7603326],[-48.9459521,-10.7538335]],[[-48.8517824,-10.7250898],[-48.8337046,-10.7270928],[-48.8083755,-10.7169317],[-48.7831444,-10.69568]],[[-48.7831444,-10.69568],[-48.7901539,-10.6898975]],[[-48.7901539,-10.6898975],[-48.7920366,-10.6729327],[-48.8035242,-10.664998],[-48.8087908,-10.6451507],[-48.8239966,-10.6375326],[-48.8220067,-10.6258394],[-48.8244553,-10.6116408],[-48.8130084,-10.5926389],[-48.8238463,-10.5858078],[-48.8244681,-10.5716649],[-48.8244026,-10.5665565],[-48.8282387,-10.5624961]],[[-48.1347671,-7.5314363],[-48.1441343,-7.5261238],[-48.1521252,-7.5284759],[-48.1540888,-7.5359088]],[[-48.380032,-8.1315571],[-48.3771487,-8.138099]],[[-48.2961464,-8.1458035],[-48.2855252,-8.1369372]],[[-48.2855252,-8.1369372],[-48.2782962,-8.1409792],[-48.2609865,-8.1349313],[-48.2451985,-8.1280879],[-48.2308675,-8.1238494],[-48.2273341,-8.1322912],[-48.2116091,-8.145532],[-48.1934322,-8.1512009],[-48.1892957,-8.1556977],[-48.1840489,-8.1651899],[-48.1709682,-8.1617102],[-48.1664655,-8.1572324],[-48.1526227,-8.1505463]],[[-48.1526227,-8.1505463],[-48.1346654,-8.1150962]],[[-47.9520936,-8.0127553],[-47.9506991,-7.9951873],[-47.9513881,-7.9867562],[-47.9588949,-7.9442447],[-47.9575783,-7.9342208],[-47.9540122,-7.924448],[-47.9432241,-7.9114658]],[[-47.8676693,-7.7802294],[-47.8296746,-7.7658734]],[[-48.0831759,-7.5512761],[-48.0940729,-7.5480356]],[[-48.5021117,-12.7904922],[-48.5088549,-12.7986272]],[[-48.5161162,-13.1390753],[-48.4946538,-13.1368825],[-48.4701744,-13.1458577],[-48.4684225,-13.1601638],[-48.4772668,-13.1788007],[-48.4723679,-13.2010499],[-48.476282,-13.2300904],[-48.458876,-13.2523081],[-48.4619706,-13.2750035],[-48.4577023,-13.2824783],[-48.435071,-13.2901429],[-48.430047,-13.2711776],[-48.402578,-13.2714394],[-48.3854841,-13.2662822],[-48.3621149,-13.2429505],[-48.3402628,-13.2303759],[-48.3304857,-13.232927],[-48.2920688,-13.2199679],[-48.2625454,-13.1976362],[-48.2447494,-13.1926502],[-48.2307606,-13.1712946],[-48.193604,-13.1730343],[-48.1963927,-13.16234],[-48.1797662,-13.1515657],[-48.1645252,-13.1582759],[-48.1529748,-13.1561787],[-48.1475189,-13.1522179],[-48.1436592,-13.1524725],[-48.1427556,-13.1428228]],[[-48.1427556,-13.1428228],[-48.1391373,-13.1204385],[-48.127463,-13.1010943],[-48.1403742,-13.0851303],[-48.1517934,-13.0588247],[-48.1453784,-13.0273033],[-48.1489887,-13.0057386],[-48.1399201,-12.9873327],[-48.1480695,-12.9699165],[-48.1627733,-12.95995],[-48.1714951,-12.9401488]],[[-48.1714951,-12.9401488],[-48.188019,-12.9084957],[-48.188895,-12.8834817]],[[-48.188895,-12.8834817],[-48.2070572,-12.849583]],[[-48.2070572,-12.849583],[-48.2211306,-12.837957]],[[-48.2211306,-12.837957],[-48.2553715,-12.8299407],[-48.2615335,-12.8314546],[-48.2865736,-12.8184115],[-48.311326,-12.8170013],[-48.3266482,-12.8071314],[-48.376524,-12.8096069],[-48.3914141,-12.8055384],[-48.3977824,-12.8201049],[-48.4078615,-12.8271724],[-48.4174288,-12.8444285],[-48.4371,-12.8357128],[-48.453869,-12.8142615],[-48.486237,-12.805133],[-48.4927849,-12.7991905],[-48.4979512,-12.7908011],[-48.5021117,-12.7904922]],[[-48.8876625,-10.0637035],[-48.8941016,-10.0611297]],[[-49.1096931,-10.1464155],[-49.1096773,-10.1521326]],[[-48.9864991,-10.3537946],[-48.977986,-10.3599801]],[[-48.977986,-10.3599801],[-48.9706885,-10.3721531]],[[-48.9706885,-10.3721531],[-48.9693202,-10.3652382],[-48.9740143,-10.3489542]],[[-48.9740143,-10.3489542],[-48.9668924,-10.3386542],[-48.9659999,-10.3211996],[-48.9665472,-10.3142005],[-48.9635716,-10.3082315],[-48.9564788,-10.3055656],[-48.9324764,-10.2973322]],[[-48.9324764,-10.2973322],[-48.9159064,-10.2971592],[-48.9068984,-10.3008892],[-48.9050749,-10.3078606]],[[-48.9050749,-10.3078606],[-48.8763596,-10.3188266],[-48.8641881,-10.3368925],[-48.8534699,-10.3609307],[-48.8558448,-10.372906],[-48.846565,-10.3813334],[-48.8095395,-10.4003698],[-48.7887604,-10.3994499],[-48.7754145,-10.3930954],[-48.7637161,-10.3938906],[-48.7533954,-10.3921517],[-48.752304,-10.3897457],[-48.7451884,-10.3895393],[-48.7309551,-10.3911701],[-48.7277247,-10.3949923],[-48.725383,-10.401499]],[[-48.725383,-10.401499],[-48.7106803,-10.4028056]],[[-48.7106803,-10.4028056],[-48.698236,-10.3803948],[-48.6806617,-10.3704339],[-48.6675706,-10.3715175],[-48.6445651,-10.3488844],[-48.6267527,-10.3433056],[-48.5965525,-10.3223395],[-48.6049745,-10.3057456],[-48.5977282,-10.2940189],[-48.6190361,-10.2756309],[-48.6251972,-10.2591799],[-48.6402971,-10.2483692],[-48.6634846,-10.2472255],[-48.6921935,-10.2232271],[-48.6911286,-10.1976793],[-48.6997245,-10.1905663],[-48.6911703,-10.1440165],[-48.676282,-10.1213319],[-48.6701456,-10.1029316],[-48.6701596,-10.0976473],[-48.6733643,-10.0951279],[-48.6719384,-10.0907181]],[[-48.6719384,-10.0907181],[-48.6845931,-10.0856135]],[[-48.8193225,-10.0584655],[-48.8220712,-10.0602246],[-48.8247264,-10.0544169]],[[-48.1102691,-12.08604],[-48.1189967,-12.1160985]],[[-48.1189967,-12.1160985],[-48.0988272,-12.1321759],[-48.1167143,-12.1355874],[-48.152009,-12.1624433],[-48.1539935,-12.2023336],[-48.155998,-12.2057386],[-48.1601281,-12.2012607],[-48.1687405,-12.1850733],[-48.1942321,-12.1840146],[-48.1979259,-12.1751324],[-48.2198235,-12.1595916],[-48.241185,-12.1729815],[-48.2569812,-12.171943],[-48.2649916,-12.1809797],[-48.2630079,-12.1874495],[-48.2819463,-12.2225507],[-48.2877734,-12.2438814],[-48.312714,-12.2693244]],[[-48.312714,-12.2693244],[-48.2951506,-12.280827]],[[-48.2951506,-12.280827],[-48.2899231,-12.2869301],[-48.2558132,-12.3123442],[-48.2544993,-12.356788],[-48.2348936,-12.373655],[-48.2281603,-12.390952],[-48.2342295,-12.4062509],[-48.2609966,-12.4348492],[-48.2649356,-12.4488476],[-48.2623029,-12.4616666],[-48.2115787,-12.4638288],[-48.2083485,-12.4673805],[-48.2071564,-12.4793184],[-48.209678,-12.4851703],[-48.2310073,-12.4951001],[-48.2348028,-12.5045219],[-48.2283065,-12.5211131],[-48.2325675,-12.5406923],[-48.2500016,-12.5504125],[-48.2933915,-12.5606645],[-48.2671445,-12.5835707],[-48.2518613,-12.592879],[-48.2691612,-12.5971865],[-48.2747872,-12.6064221],[-48.2723295,-12.6359968],[-48.2882754,-12.6526805],[-48.2849726,-12.6777149],[-48.2400623,-12.6910263],[-48.2441,-12.704883]],[[-48.2441,-12.704883],[-48.2536432,-12.7164662],[-48.2585248,-12.719839],[-48.2640829,-12.7214501],[-48.2675498,-12.725095],[-48.2702801,-12.7316004],[-48.2690406,-12.7404789],[-48.2664666,-12.7443722]],[[-48.2664666,-12.7443722],[-48.2455191,-12.740319],[-48.2262235,-12.7459013],[-48.2237179,-12.7584243],[-48.2369423,-12.7783528],[-48.2414771,-12.7913067]],[[-48.2414771,-12.7913067],[-48.2395577,-12.8060558],[-48.2295138,-12.8286094]],[[-48.2295138,-12.8286094],[-48.2070572,-12.849583]],[[-48.188895,-12.8834817],[-48.1889062,-12.9023679],[-48.1863949,-12.9125507],[-48.1714951,-12.9401488]],[[-48.1427556,-13.1428228],[-48.1442082,-13.1542624],[-48.1534103,-13.1619883],[-48.1559808,-13.1780289],[-48.1659237,-13.1892998],[-48.1543121,-13.2210279],[-48.1667655,-13.2325899],[-48.1674594,-13.244308],[-48.1571961,-13.2500059],[-48.1532145,-13.2783113],[-48.1698794,-13.3003456],[-48.1430995,-13.3061551],[-48.1199842,-13.2975648],[-48.1053701,-13.2879221],[-48.0990408,-13.2930575],[-48.0792374,-13.2853782],[-48.0760426,-13.2427307],[-48.0541503,-13.2395873],[-48.0522263,-13.2567218],[-48.034061,-13.2537272],[-48.031406,-13.2749937],[-48.0252513,-13.2798336],[-47.9980401,-13.2743355],[-47.9885408,-13.2763636],[-47.9732122,-13.2970108],[-47.9705718,-13.3115825],[-47.9439503,-13.303586],[-47.9363044,-13.2898552],[-47.9064982,-13.2991233],[-47.8986464,-13.3125729],[-47.8740603,-13.3204879],[-47.8651879,-13.3142351],[-47.8440886,-13.3183392],[-47.8236019,-13.3117114],[-47.7982282,-13.3289841],[-47.6797484,-13.4681748],[-47.6709903,-13.4412691],[-47.6556353,-13.4286756],[-47.6545058,-13.4154436],[-47.6428075,-13.4053699],[-47.6377011,-13.3898225],[-47.6267549,-13.3855501],[-47.6287514,-13.365694],[-47.63766,-13.3649738],[-47.6498827,-13.3495957],[-47.6536575,-13.3134643],[-47.6582206,-13.3057776],[-47.6559224,-13.2764474],[-47.639661,-13.2642926],[-47.6568028,-13.2342719],[-47.6542981,-13.2192684],[-47.6666482,-13.2080876],[-47.6543108,-13.1861304],[-47.6543242,-13.1766971],[-47.6691345,-13.1674477],[-47.6516952,-13.1498235],[-47.6463206,-13.1204527],[-47.6156147,-13.1036851],[-47.5919288,-13.1156976],[-47.568657,-13.1168652]],[[-47.325775,-12.7658501],[-47.3364721,-12.7657557],[-47.3449574,-12.7603729],[-47.3515612,-12.7538448],[-47.3611038,-12.7381571]],[[-47.289395,-12.4539544],[-47.3016297,-12.4528433]],[[-47.4484386,-12.4235144],[-47.4593204,-12.4451707],[-47.4651805,-12.4475079],[-47.4762452,-12.4570096],[-47.4857274,-12.4568822]],[[-47.5643836,-12.1910415],[-47.6059932,-12.2127566]],[[-47.7914792,-12.1460073],[-47.799261,-12.1526209],[-47.804959,-12.1545053]],[[-47.804959,-12.1545053],[-47.805136,-12.1584027],[-47.8119734,-12.1820808],[-47.8108503,-12.2058576],[-47.8298683,-12.2198095],[-47.8561813,-12.215813],[-47.8812584,-12.2308547],[-47.8785261,-12.2168306],[-47.8550971,-12.206465],[-47.8541807,-12.1898116],[-47.8411215,-12.164916],[-47.8531659,-12.1593546],[-47.8526834,-12.1518673],[-47.8543361,-12.1494958],[-47.850101,-12.1386968],[-47.848621,-12.1340257],[-47.8505549,-12.1192886],[-47.8595053,-12.1191715],[-47.862889,-12.1187045],[-47.867713,-12.1184234],[-47.8718479,-12.1152101],[-47.8705935,-12.1045165],[-47.8766192,-12.1000777],[-47.8782794,-12.0958972],[-47.8973151,-12.0841734],[-47.9028158,-12.0798863],[-47.9072485,-12.071657],[-47.9176961,-12.0659313],[-47.9369898,-12.0529284],[-47.9508132,-12.0518706],[-47.9871369,-12.0590888],[-47.9952962,-12.0570116],[-48.0042416,-12.0448485],[-48.0204304,-12.0437818],[-48.0327467,-12.0378551],[-48.0341943,-12.0446527],[-48.0372784,-12.0636054],[-48.0533965,-12.0624789],[-48.0650605,-12.0529519],[-48.0712867,-12.0651914],[-48.0927175,-12.0738018],[-48.0989274,-12.0811683],[-48.1023322,-12.0809242],[-48.1097,-12.0806926],[-48.1102691,-12.08604]],[[-49.2639958,-7.3642364],[-49.2873228,-7.3908166],[-49.3007894,-7.4108627],[-49.322858,-7.4340162],[-49.3779974,-7.4964458],[-49.384052,-7.5434922],[-49.3815774,-7.5691029],[-49.3636424,-7.6108203],[-49.3507501,-7.6321353],[-49.3423419,-7.655784]],[[-48.7638169,-7.6021609],[-48.7567712,-7.6018691]],[[-48.5182562,-7.7355439],[-48.5212286,-7.7304667]],[[-48.5795442,-7.5491679],[-48.5962343,-7.5629493]],[[-48.1786307,-8.9550449],[-48.1815007,-8.9678472]],[[-48.1815007,-8.9678472],[-48.1804724,-8.9922314],[-48.1857374,-9.0168997],[-48.1940773,-9.0329316],[-48.2224831,-9.0565172],[-48.2446594,-9.0825599],[-48.2528637,-9.0966913],[-48.2775727,-9.121898]],[[-48.2775727,-9.121898],[-48.2869263,-9.144988]],[[-48.2869263,-9.144988],[-48.3049191,-9.1706542],[-48.3150481,-9.1903903],[-48.3184179,-9.2208245],[-48.3369077,-9.2500046],[-48.3445035,-9.2768999]],[[-48.3445035,-9.2768999],[-48.3493073,-9.2874914]],[[-48.3493073,-9.2874914],[-48.344596,-9.2901772],[-48.3423427,-9.2959048]],[[-48.3423427,-9.2959048],[-48.3363179,-9.3033188],[-48.3364123,-9.3053874],[-48.3069438,-9.3095708],[-48.3005112,-9.3248411],[-48.2887222,-9.3246348],[-48.2814048,-9.3386721],[-48.2668269,-9.3431683],[-48.2566768,-9.3292573],[-48.2273587,-9.3275802],[-48.2177409,-9.3410063],[-48.2146012,-9.3460112],[-48.206406,-9.3619914],[-48.1958148,-9.3990132],[-48.1959661,-9.4113106],[-48.1912399,-9.4313523],[-48.1799841,-9.4418946],[-48.1631934,-9.4532522],[-48.1491312,-9.4453711],[-48.1105955,-9.4369689],[-48.0968551,-9.424312]],[[-48.0968551,-9.424312],[-48.0801135,-9.420617],[-48.0785643,-9.4193612],[-48.0763977,-9.4113888]],[[-48.0763977,-9.4113888],[-48.0783818,-9.3952477],[-48.0752182,-9.3798671],[-48.058805,-9.3937786],[-48.0406851,-9.3970371],[-48.0261529,-9.3919628]],[[-48.0261529,-9.3919628],[-48.0132238,-9.3911386],[-48.002605,-9.3877635],[-47.996988,-9.3830426],[-47.9946521,-9.3778235]],[[-47.9946521,-9.3778235],[-47.9882529,-9.3577178],[-47.9851103,-9.348294],[-47.9497043,-9.3225833],[-47.935368,-9.3056201],[-47.9265218,-9.3160602],[-47.9092328,-9.3228117]],[[-47.9092328,-9.3228117],[-47.9043873,-9.3401527],[-47.8791834,-9.3340409]],[[-47.8791834,-9.3340409],[-47.8626222,-9.3505335]],[[-47.8626222,-9.3505335],[-47.8531352,-9.3535166],[-47.8363304,-9.3444916]],[[-47.8363304,-9.3444916],[-47.816488,-9.3215489],[-47.813919,-9.3132889],[-47.7899338,-9.3234027],[-47.7654694,-9.3217961]],[[-47.7654694,-9.3217961],[-47.7558235,-9.331605],[-47.7409444,-9.3344905],[-47.7392384,-9.3333084]],[[-47.7392384,-9.3333084],[-47.7360934,-9.315798],[-47.7254984,-9.3150904]],[[-47.7254984,-9.3150904],[-47.7241748,-9.3194419]],[[-47.685947,-9.1853226],[-47.6850977,-9.1835658]],[[-48.4790131,-11.3625021],[-48.4931079,-11.378089],[-48.5128348,-11.3907504]],[[-48.5371989,-11.3842997],[-48.5446798,-11.3837371],[-48.5568765,-11.3885952],[-48.572736,-11.3974484],[-48.5820013,-11.4056506]],[[-48.5830275,-11.4663325],[-48.5897871,-11.4786678],[-48.6145437,-11.5093563],[-48.627945,-11.5229199]],[[-48.884112,-11.8577663],[-48.8956564,-11.8688612]],[[-48.8956564,-11.8688612],[-48.8844736,-11.8901228],[-48.8732549,-11.9002195]],[[-48.8732549,-11.9002195],[-48.8585472,-11.9257064],[-48.8507251,-11.9322465]],[[-48.8507251,-11.9322465],[-48.8403104,-11.9349597],[-48.8298327,-11.9621024],[-48.8181367,-11.9621074],[-48.7982168,-11.9736252],[-48.7764642,-11.9691237],[-48.7436898,-11.9428837],[-48.7512907,-11.9676702],[-48.7649176,-11.9772998],[-48.7554638,-11.9923357],[-48.7628181,-12.0372738],[-48.7730577,-12.0681144]],[[-48.7730577,-12.0681144],[-48.7800091,-12.1337934],[-48.7789061,-12.1349323],[-48.7708393,-12.1348196],[-48.7607436,-12.1332318]],[[-48.7607436,-12.1332318],[-48.7508515,-12.1276762],[-48.7294074,-12.1479825],[-48.7048441,-12.1417546],[-48.6953777,-12.1461708],[-48.6751383,-12.1415484],[-48.662678,-12.1258681],[-48.6532918,-12.1387995],[-48.6419216,-12.1419162],[-48.6438382,-12.165777],[-48.6285314,-12.1805121],[-48.6369437,-12.1954649],[-48.6266137,-12.2124752],[-48.6421687,-12.2323292],[-48.670167,-12.2305693],[-48.6805233,-12.2360029],[-48.6837662,-12.2510141],[-48.7115426,-12.2732892],[-48.7343832,-12.2723286],[-48.750155,-12.2883696],[-48.7481674,-12.3095863],[-48.7573561,-12.3197482],[-48.7754712,-12.3193226],[-48.7892423,-12.305662],[-48.8196791,-12.3018513],[-48.8245482,-12.2882399],[-48.8462351,-12.2872559],[-48.8601138,-12.2813199],[-48.8713853,-12.294741],[-48.8796538,-12.2882101],[-48.8967138,-12.2906832],[-48.9042102,-12.2912917]],[[-48.9042102,-12.2912917],[-48.9080233,-12.3020795]],[[-48.9080233,-12.3020795],[-48.9029469,-12.3171224],[-48.903294,-12.3252713],[-48.9114655,-12.3322314],[-48.9176383,-12.332072]],[[-48.9280497,-12.3820962],[-48.9304621,-12.3954361],[-48.933404,-12.3981128],[-48.9409048,-12.4004228]],[[-48.9972763,-12.4950137],[-48.9943399,-12.4969218]],[[-48.9943399,-12.4969218],[-48.9902478,-12.4973695]],[[-48.9902478,-12.4973695],[-48.9130383,-12.4772702],[-48.8434621,-12.4124384]],[[-48.8434621,-12.4124384],[-48.822206,-12.3965447]],[[-48.822206,-12.3965447],[-48.7997258,-12.3877173],[-48.7536477,-12.3853507]],[[-48.7536477,-12.3853507],[-48.7169205,-12.3960587],[-48.7124113,-12.3921328]],[[-48.7124113,-12.3921328],[-48.710841,-12.3996564]],[[-48.4638314,-12.4255391],[-48.4424361,-12.436475]],[[-48.4424361,-12.436475],[-48.4265863,-12.4170577],[-48.409966,-12.4222897],[-48.396166,-12.4031297],[-48.3909563,-12.3859584],[-48.3988551,-12.3790363],[-48.384352,-12.3572544],[-48.3933728,-12.3431999],[-48.3986327,-12.3109801],[-48.3918073,-12.2835388],[-48.4021594,-12.2753078],[-48.3927395,-12.2607789],[-48.3925557,-12.2362157],[-48.3726792,-12.236758],[-48.3523564,-12.2500042],[-48.3362061,-12.2527848]],[[-48.3362061,-12.2527848],[-48.312714,-12.2693244]],[[-48.1189967,-12.1160985],[-48.1143148,-12.0878099],[-48.1224171,-12.0850548]],[[-48.1224171,-12.0850548],[-48.1557745,-12.0632262],[-48.1651267,-12.0499948],[-48.179401,-12.0596425],[-48.1836782,-12.0658331],[-48.1936573,-12.0603985],[-48.2013583,-12.0608062],[-48.2132854,-12.0479631],[-48.2145266,-12.0420421],[-48.2091118,-12.0253312],[-48.2099261,-12.0230053],[-48.2180665,-12.0119975],[-48.2161365,-12.0016959],[-48.2776772,-11.96416],[-48.2916378,-11.9584376],[-48.3028628,-11.9422811],[-48.3222314,-11.9351997],[-48.3365928,-11.915954],[-48.3407738,-11.9103522],[-48.3385891,-11.9083715],[-48.3396923,-11.8957703],[-48.3491004,-11.8850498],[-48.3425548,-11.8570754],[-48.3652289,-11.8173219],[-48.3640559,-11.7975509],[-48.3752217,-11.7831496],[-48.3803135,-11.7504652],[-48.3743452,-11.7266801],[-48.3780746,-11.7096595],[-48.3819306,-11.6540759],[-48.3890486,-11.6397594],[-48.4064806,-11.6240549],[-48.4122166,-11.5996333],[-48.4113549,-11.5957828],[-48.4131314,-11.5944639],[-48.4264704,-11.5894312],[-48.4368179,-11.5729493],[-48.4451436,-11.5684164],[-48.4499625,-11.5586261],[-48.4492268,-11.5492258],[-48.4619244,-11.5224943],[-48.4598656,-11.5108279],[-48.4596346,-11.5061821],[-48.4609259,-11.5007188],[-48.4603414,-11.4975865],[-48.4757432,-11.4763311],[-48.4617126,-11.4559366],[-48.4657236,-11.4393349],[-48.4639565,-11.435834],[-48.4656132,-11.4326664],[-48.4655036,-11.4293245],[-48.4668166,-11.4291757],[-48.4714358,-11.422034],[-48.4733638,-11.421037],[-48.4780809,-11.4170422],[-48.4767849,-11.4156253],[-48.4795315,-11.4048287],[-48.4823816,-11.3937919],[-48.4749872,-11.3689976],[-48.4764604,-11.3673072],[-48.4790131,-11.3625021]],[[-49.0091252,-8.0851423],[-49.0019532,-8.0961903]],[[-48.9817384,-8.1854453],[-48.9751018,-8.1958657]],[[-48.9608241,-8.2792396],[-48.9573019,-8.2954539],[-48.96069,-8.3058537],[-48.9661604,-8.3159091]],[[-48.9661604,-8.3159091],[-48.9778739,-8.3319271],[-48.987723,-8.3369905]],[[-48.9934819,-8.3454581],[-49.0032468,-8.3643045]],[[-49.1224953,-8.6468191],[-49.1211395,-8.6465177]],[[-48.9409908,-8.7137587],[-48.9418821,-8.7126733],[-48.9393223,-8.7113764],[-48.9364986,-8.7132512],[-48.8579007,-8.5960078],[-48.8677663,-8.5918916]],[[-48.9153793,-8.5081603],[-48.9207036,-8.5080932],[-48.9175875,-8.495792],[-48.8570761,-8.4301468]],[[-48.760399,-8.1908629],[-48.703392,-8.2143736]],[[-48.7839863,-8.1017209],[-48.8058456,-8.1122496]],[[-48.8275783,-8.1267027],[-48.8334455,-8.1282073],[-48.8416198,-8.1327471],[-48.8479912,-8.130389],[-48.8540498,-8.1252494]],[[-48.887431,-8.1082135],[-48.8912506,-8.10477],[-48.8963644,-8.1034954],[-48.9038404,-8.1058299],[-48.9073752,-8.1128703]],[[-48.8554398,-8.5994763],[-48.8582957,-8.5975598],[-48.9357927,-8.7122222]],[[-48.7395708,-9.1952152],[-48.7354036,-9.1949898]],[[-48.7354036,-9.1949898],[-48.7264721,-9.1703126]],[[-48.6942884,-9.155093],[-48.6832158,-9.1460651],[-48.6764488,-9.1306105]],[[-48.6584926,-8.993595],[-48.6511425,-8.9920656]],[[-48.6500935,-8.9906242],[-48.6456167,-8.97637],[-48.6460743,-8.9710547],[-48.6556444,-8.9518706]],[[-48.6855382,-8.7402681],[-48.7048583,-8.7256054],[-48.7082037,-8.7209385],[-48.7066563,-8.7145681],[-48.6989463,-8.7097865]],[[-48.6989463,-8.7097865],[-48.6943907,-8.7001457],[-48.6798465,-8.6844867]],[[-47.7111382,-10.9499731],[-47.7257347,-10.9507142]],[[-47.7257347,-10.9507142],[-47.7286775,-10.9556004],[-47.7231852,-10.973979],[-47.7274909,-10.9805185],[-47.7283379,-10.9847892],[-47.7141635,-10.9940069],[-47.7084577,-11.0327436],[-47.6996413,-11.0338575],[-47.6905926,-11.0484249],[-47.7053015,-11.0716174],[-47.727921,-11.0995053],[-47.7342375,-11.1135043],[-47.7558161,-11.1369372],[-47.7659678,-11.1602428],[-47.7804733,-11.1724143],[-47.7988762,-11.202788]],[[-47.7988762,-11.202788],[-47.7982131,-11.2103213]],[[-47.7982131,-11.2103213],[-47.794517,-11.2167044],[-47.7935635,-11.2222777],[-47.7784107,-11.2276971],[-47.7676714,-11.246091],[-47.7697259,-11.263047]],[[-47.7697259,-11.263047],[-47.7671471,-11.2695508]],[[-47.6149664,-11.4248551],[-47.6193683,-11.4446314]],[[-47.4403928,-11.2591732],[-47.4134857,-11.2696578]],[[-47.373096,-11.2282512],[-47.3649064,-11.2218703],[-47.363648,-11.2148413],[-47.3693912,-11.2039694]],[[-47.3311773,-11.0117329],[-47.3334804,-11.0027609]],[[-47.3334804,-11.0027609],[-47.347029,-10.9938676],[-47.3569464,-11.0048225],[-47.3908368,-11.0039914],[-47.4052348,-11.0172669],[-47.4139215,-11.0067017],[-47.4434152,-11.022114],[-47.4734377,-11.0237593],[-47.5255033,-11.009547],[-47.5534583,-11.0077352],[-47.5676264,-11.0108575],[-47.5734683,-10.9904105],[-47.6062265,-10.9910123],[-47.6194281,-10.976828],[-47.6298345,-10.9770951],[-47.6541489,-10.9646064],[-47.6613768,-10.9655951],[-47.6718046,-10.9608568],[-47.6840504,-10.9581674],[-47.6886212,-10.9478387],[-47.6944318,-10.9505221],[-47.699331,-10.9508612],[-47.7070711,-10.9496267],[-47.7111382,-10.9499731]],[[-48.2815128,-6.4495116],[-48.2855208,-6.4531623]],[[-48.2855208,-6.4531623],[-48.2835089,-6.4552746],[-48.2819925,-6.4559264],[-48.2733751,-6.4658835],[-48.283415,-6.4802755],[-48.2756046,-6.4934697],[-48.2800869,-6.5070957],[-48.2992427,-6.5329238],[-48.2945621,-6.5507112],[-48.3038898,-6.5503667],[-48.314624,-6.5747959],[-48.322124,-6.572945],[-48.3537579,-6.58141],[-48.3608888,-6.589314],[-48.3737073,-6.6257924],[-48.3871231,-6.6361928],[-48.3874139,-6.6467989],[-48.3680779,-6.7884213],[-48.3580255,-6.8082496],[-48.3623704,-6.8220644],[-48.3720172,-6.8303235],[-48.3826411,-6.8480908],[-48.3864293,-6.8517705]],[[-48.3864293,-6.8517705],[-48.3741142,-6.8559559],[-48.3714842,-6.8609147]],[[-48.3139829,-6.9235153],[-48.3103895,-6.9272992]],[[-48.3032432,-6.9309482],[-48.2854268,-6.9544765]],[[-48.1981602,-7.0102325],[-48.1742008,-7.0161547]],[[-48.1742008,-7.0161547],[-48.1646422,-7.0204574],[-48.1412595,-7.0301656],[-48.1298232,-7.0339037]],[[-48.1298232,-7.0339037],[-48.1292339,-6.6221288]],[[-48.127308,-6.5870415],[-48.1252649,-6.5831714]],[[-48.1252649,-6.5831714],[-48.1333257,-6.573988],[-48.1329999,-6.5720163],[-48.1322473,-6.5706924],[-48.1317168,-6.568165],[-48.1256811,-6.5546073],[-48.1377073,-6.5331469],[-48.1390376,-6.5312468],[-48.1459809,-6.5258358],[-48.1601583,-6.5091197],[-48.1812329,-6.5052503],[-48.1910391,-6.4885876],[-48.1900923,-6.4782931],[-48.202695,-6.4727303],[-48.2130473,-6.4515822],[-48.2266533,-6.4648317],[-48.2282219,-6.466454],[-48.2414018,-6.4517652],[-48.2505123,-6.4434353],[-48.2655119,-6.4381606],[-48.2734166,-6.4402685],[-48.2771269,-6.4436929],[-48.2783463,-6.4445027],[-48.2815128,-6.4495116]],[[-49.9668654,-9.2310558],[-49.9865609,-9.2313914],[-49.9969316,-9.2376524],[-50.0050057,-9.2687597],[-50.0191212,-9.2812125],[-50.0377849,-9.2894054],[-50.0507537,-9.3130697],[-50.055468,-9.3346989],[-50.0528335,-9.372673],[-50.0655334,-9.4008017],[-50.0901168,-9.4315957],[-50.1053376,-9.4754105],[-50.1014261,-9.5002841],[-50.1079494,-9.5086302],[-50.094175,-9.5260349],[-50.0895623,-9.5456929],[-50.1073321,-9.5725075],[-50.1073697,-9.5942802],[-50.1274471,-9.6209281],[-50.1377529,-9.6248242],[-50.1400573,-9.6545043],[-50.1501673,-9.6747268],[-50.1510053,-9.6956082],[-50.161279,-9.7128277],[-50.1817789,-9.735858],[-50.1978964,-9.7588349],[-50.2037848,-9.7909143],[-50.2143946,-9.813223],[-50.2161729,-9.8318399],[-50.2272282,-9.8456177],[-50.2254493,-9.8539582],[-50.2437871,-9.8712422],[-50.2642803,-9.9084975],[-50.2672055,-9.9346539],[-50.2789435,-9.9552493],[-50.2779318,-9.9707729],[-50.2906705,-9.9908185],[-50.2942791,-10.016107],[-50.3026455,-10.0354113],[-50.3124518,-10.0456588],[-50.3398411,-10.0609382],[-50.3546725,-10.0771691],[-50.3572811,-10.0902957],[-50.3778102,-10.1107158],[-50.3921478,-10.1340312],[-50.3982581,-10.1554697],[-50.3894009,-10.1749275],[-50.3815645,-10.2189129],[-50.3980942,-10.2544301],[-50.4062032,-10.2882508],[-50.4230666,-10.3274417],[-50.4182853,-10.3562814],[-50.4410615,-10.375566],[-50.4482858,-10.3915721],[-50.4737254,-10.4049055],[-50.4786208,-10.435035],[-50.4878673,-10.4679723],[-50.4826205,-10.4900386],[-50.5037605,-10.495911],[-50.5161464,-10.5039094],[-50.5149514,-10.5259606],[-50.5230342,-10.5407962],[-50.5197293,-10.5624786],[-50.5340361,-10.5845957],[-50.5349598,-10.6017509],[-50.541428,-10.6093227],[-50.5631719,-10.6113215],[-50.571681,-10.6203521],[-50.5825666,-10.6440813],[-50.6033271,-10.6597747]],[[-49.7606564,-10.5128364],[-49.7532264,-10.5106409]],[[-49.0653796,-10.5036484],[-49.0661115,-10.4983802]],[[-48.9768303,-10.361908],[-48.977986,-10.3599801]],[[-48.977986,-10.3599801],[-48.9892406,-10.3665355]],[[-49.1553922,-10.2749187],[-49.1650398,-10.2748574],[-49.1713177,-10.2717165],[-49.1735906,-10.2680701],[-49.172065,-10.261216]],[[-49.4426465,-10.009747],[-49.4493517,-10.0055901]],[[-49.8219932,-9.9076607],[-49.8283061,-9.9034479],[-49.8323716,-9.9042516],[-49.8373095,-9.9081017],[-49.8459415,-9.9238221]],[[-50.0027129,-9.6763813],[-49.9945459,-9.6749159],[-49.9983685,-9.6674617],[-49.9992959,-9.6604584],[-49.9951736,-9.6519282]],[[-46.7490197,-12.0420082],[-46.7558844,-12.0557587]],[[-46.770956,-12.0803262],[-46.7713218,-12.0857003],[-46.7698563,-12.090493],[-46.7708708,-12.0939688],[-46.7827336,-12.1061574]],[[-46.8670258,-12.2182016],[-46.8770766,-12.2193847],[-46.8809898,-12.2399327]],[[-46.8809898,-12.2399327],[-46.8980835,-12.2697472],[-46.9106575,-12.2760881],[-46.9182449,-12.2788091],[-46.9359183,-12.2986389],[-46.9440959,-12.3021393],[-46.9480335,-12.3189851]],[[-46.9480335,-12.3189851],[-46.9447529,-12.3226626],[-46.94492,-12.324211],[-46.9584981,-12.3473583]],[[-46.9584981,-12.3473583],[-46.961351,-12.3567885],[-46.9780889,-12.3674956]],[[-46.9780889,-12.3674956],[-46.9691664,-12.3707716]],[[-46.9544922,-12.3774873],[-46.943228,-12.3757148]],[[-46.943228,-12.3757148],[-46.9363946,-12.3722224],[-46.9314348,-12.372602],[-46.9300281,-12.3692066],[-46.9231405,-12.3614498],[-46.9191075,-12.3581302],[-46.91788,-12.3579284],[-46.9101731,-12.3524727],[-46.8918241,-12.341887],[-46.8848557,-12.3388933],[-46.8738593,-12.3513127],[-46.8675027,-12.3491968],[-46.8487191,-12.3440516],[-46.8392569,-12.3339778],[-46.8314501,-12.314178],[-46.8297166,-12.3093683],[-46.8272419,-12.3123551],[-46.8244096,-12.310071],[-46.8121836,-12.3055665],[-46.8045979,-12.3032968],[-46.7899127,-12.3148193],[-46.7798342,-12.3008882],[-46.7772182,-12.2753148],[-46.7630863,-12.277714],[-46.7400405,-12.2605901],[-46.6986015,-12.2663245],[-46.6941322,-12.2747902],[-46.6591986,-12.2701893],[-46.6446726,-12.2502792],[-46.6297719,-12.2456452],[-46.614236,-12.231022],[-46.5958671,-12.2075744],[-46.5929638,-12.1937184],[-46.5789058,-12.1847485],[-46.5620585,-12.1809217],[-46.555134,-12.1608497],[-46.5354058,-12.129157],[-46.4845393,-12.0975479],[-46.4731151,-12.1006262],[-46.4711145,-12.104153],[-46.4559241,-12.113422],[-46.436666,-12.1061777],[-46.4306833,-12.1062983],[-46.4273156,-12.108841],[-46.4176742,-12.1142425],[-46.4006587,-12.1068848],[-46.381036,-12.106677]],[[-46.381036,-12.106677],[-46.3980347,-12.0894981],[-46.3883727,-12.0774568],[-46.3844679,-12.0516933],[-46.3945158,-12.0464055],[-46.4417679,-12.0539072],[-46.4629389,-12.045629],[-46.461389,-12.0359692],[-46.4448951,-12.0261783],[-46.421932,-12.0286035],[-46.4227473,-12.0190492],[-46.3969376,-12.0139181],[-46.391063,-12.0060623],[-46.3635629,-11.9903413],[-46.3648267,-11.9807722],[-46.3407911,-11.9655174],[-46.3402142,-11.958456],[-46.3154903,-11.941993],[-46.2966545,-11.9377059],[-46.2613736,-11.9353969],[-46.2330576,-11.9364818],[-46.2119752,-11.9236096],[-46.1869546,-11.9137888],[-46.189913,-11.9032252],[-46.2483139,-11.9192188],[-46.2778522,-11.9150878],[-46.2880029,-11.9096549],[-46.3067835,-11.9137471],[-46.3530272,-11.8843192],[-46.3707012,-11.8895269],[-46.3807875,-11.8615878],[-46.3716828,-11.8299724],[-46.3571989,-11.8408827],[-46.3496309,-11.8352235],[-46.3550022,-11.8212407],[-46.337613,-11.8130662]],[[-47.0942551,-10.364854],[-47.1009475,-10.3406828],[-47.1099092,-10.3517206]],[[-47.2868621,-10.4269491],[-47.3424622,-10.4743595]],[[-47.3424622,-10.4743595],[-47.3978221,-10.5124374],[-47.4113459,-10.5141328]],[[-47.6627054,-10.3929499],[-47.6783015,-10.3937666]],[[-47.6783015,-10.3937666],[-47.6942809,-10.4021238],[-47.7005627,-10.4014111],[-47.7205939,-10.402432],[-47.74787,-10.4184635],[-47.7537996,-10.4206358],[-47.776202,-10.4063008],[-47.7985901,-10.4036391],[-47.8225606,-10.4078603],[-47.8379833,-10.3945639]],[[-47.8379833,-10.3945639],[-47.8425765,-10.4076773]],[[-47.7458027,-10.8975502],[-47.7410624,-10.9017805],[-47.7421027,-10.9076228],[-47.738338,-10.9106397],[-47.7348714,-10.9187596],[-47.7449433,-10.9307736]],[[-47.7449433,-10.9307736],[-47.7393817,-10.9467529]],[[-47.7393817,-10.9467529],[-47.7111382,-10.9499731]],[[-47.3334804,-11.0027609],[-47.3309939,-11.0029331]],[[-46.7118337,-11.1241051],[-46.7074068,-11.1259799],[-46.704295,-11.1299008]],[[-46.704295,-11.1299008],[-46.7036419,-11.124475],[-46.7093862,-11.1176769]],[[-47.0913022,-10.3771102],[-47.0867606,-10.3689696]],[[-47.153292,-11.7461083],[-47.1519518,-11.7455027]],[[-46.9258004,-11.4070759],[-46.9268219,-11.3969703]],[[-46.9268219,-11.3969703],[-46.9251569,-11.3964718],[-46.92359,-11.3856876],[-46.9249638,-11.3791209],[-46.9239471,-11.3718562],[-46.9187819,-11.3664084],[-46.9212208,-11.3614371],[-46.9239903,-11.3595153],[-46.9253949,-11.3535655]],[[-46.9253949,-11.3535655],[-46.9252093,-11.3466353]],[[-48.6642914,-10.0861782],[-48.6719384,-10.0907181]],[[-48.7106803,-10.4028056],[-48.7360556,-10.4074461]],[[-48.7360556,-10.4074461],[-48.7554569,-10.4142958],[-48.7600858,-10.4202873]],[[-48.7600858,-10.4202873],[-48.7640222,-10.4211135],[-48.7649029,-10.422607],[-48.7639818,-10.4247479],[-48.7590663,-10.4270594],[-48.7576054,-10.4300071],[-48.7588058,-10.4344274],[-48.7572948,-10.4352705],[-48.7673933,-10.451071]],[[-48.7673933,-10.451071],[-48.7676401,-10.4584546],[-48.794437,-10.4623238],[-48.8088587,-10.4698161],[-48.8020631,-10.4865612]],[[-48.8020631,-10.4865612],[-48.8045035,-10.5014533]],[[-48.8259941,-10.5577635],[-48.8282387,-10.5624961]],[[-48.7901539,-10.6898975],[-48.7801025,-10.6983104],[-48.7783576,-10.7011907]],[[-48.6069059,-10.8457853],[-48.6010214,-10.8439739],[-48.5890897,-10.8447555],[-48.5832647,-10.8481583],[-48.5822265,-10.8522531],[-48.5838414,-10.856867],[-48.5932862,-10.8645622]],[[-48.4467461,-10.9181895],[-48.4572696,-10.9272087]],[[-48.3107071,-11.0864585],[-48.3140799,-11.074895],[-48.3092045,-11.0554317],[-48.297409,-11.054466],[-48.2896853,-11.0417612],[-48.2606043,-11.0214491],[-48.2473987,-10.9997049],[-48.228551,-10.9931461]],[[-48.228551,-10.9931461],[-48.2209921,-10.9832984]],[[-48.2459883,-10.4966945],[-48.2316753,-10.49559],[-48.2186063,-10.4841959]],[[-48.1568579,-10.458113],[-48.1656958,-10.4466887],[-48.166172,-10.4282404],[-48.1737967,-10.4171137],[-48.1755823,-10.3969939],[-48.1885386,-10.3776981],[-48.2368674,-10.3880682],[-48.2607134,-10.4080614],[-48.2788445,-10.4130854],[-48.3122626,-10.4109935],[-48.3247956,-10.4143687],[-48.3354543,-10.4109195],[-48.3397922,-10.4076805],[-48.3650811,-10.4104135],[-48.4010741,-10.3827988],[-48.4093543,-10.3572354],[-48.4037125,-10.3335361]],[[-48.4037125,-10.3335361],[-48.4038268,-10.2987418],[-48.3963804,-10.2767232]],[[-48.3963804,-10.2767232],[-48.3844119,-10.257112],[-48.3870185,-10.2335685],[-48.4065188,-10.2287732],[-48.4218507,-10.20986],[-48.4227409,-10.1979844],[-48.4078011,-10.1450282]],[[-48.4078011,-10.1450282],[-48.3929665,-10.1114504],[-48.3797556,-10.0729195]],[[-48.3797556,-10.0729195],[-48.3674404,-10.0631301]],[[-48.3674404,-10.0631301],[-48.3589357,-10.053841]],[[-47.6804316,-5.4153574],[-47.7210679,-5.3945317],[-47.7443137,-5.3801324],[-47.7723447,-5.3785756],[-47.7929894,-5.3847115],[-47.8238184,-5.3852082],[-47.8278666,-5.3868172]],[[-47.8404021,-5.6019093],[-47.8088748,-5.5626934],[-47.798445,-5.5571009],[-47.7944654,-5.5430048],[-47.7794173,-5.5375482],[-47.7827785,-5.5478567],[-47.7616843,-5.5558166],[-47.7572685,-5.5544984]],[[-47.7572685,-5.5544984],[-47.7483858,-5.5718307]],[[-47.7483858,-5.5718307],[-47.731905,-5.537393],[-47.7263837,-5.51449],[-47.7177372,-5.5072852],[-47.7131951,-5.5027512],[-47.7098629,-5.4992633],[-47.7060462,-5.4814922],[-47.7027303,-5.463561],[-47.7058869,-5.4471686],[-47.6992018,-5.4407431],[-47.6804316,-5.4153574]],[[-48.6220517,-8.3334582],[-48.6267522,-8.337041]],[[-48.6280036,-8.3976489],[-48.6383223,-8.3991448]],[[-48.6497354,-8.5100589],[-48.6422833,-8.5204324]],[[-48.2961177,-8.5235234],[-48.2994506,-8.5142458]],[[-48.2994506,-8.5142458],[-48.2963229,-8.5081256],[-48.2858643,-8.4903065],[-48.2748946,-8.473635],[-48.2963356,-8.458132],[-48.2939108,-8.4405776]],[[-48.2939108,-8.4405776],[-48.2946313,-8.4301975],[-48.2857294,-8.4149313]],[[-48.2857294,-8.4149313],[-48.2828781,-8.4134198],[-48.2712031,-8.3938312],[-48.267216,-8.3695407],[-48.2679164,-8.3585964],[-48.2702994,-8.3417779],[-48.2719683,-8.3362539]],[[-48.2719683,-8.3362539],[-48.2931791,-8.3430454]],[[-48.9740143,-10.3489542],[-48.9711034,-10.3568951],[-48.9694628,-10.367434],[-48.9715502,-10.3733783],[-48.9805874,-10.3744301]],[[-48.8910367,-10.5423035],[-48.8867994,-10.5385159],[-48.8782868,-10.5407547],[-48.8750011,-10.5399439],[-48.8698408,-10.5332473],[-48.8673099,-10.5301788]],[[-48.8101375,-10.4949797],[-48.8020631,-10.4865612]],[[-48.7673933,-10.451071],[-48.7572624,-10.4350694],[-48.7588384,-10.4342555],[-48.7577578,-10.4296447],[-48.759271,-10.4268121],[-48.7642352,-10.4244436],[-48.764169,-10.4211958],[-48.7600858,-10.4202873]],[[-48.7360556,-10.4074461],[-48.725383,-10.401499]],[[-48.9050749,-10.3078606],[-48.9075984,-10.300205],[-48.9155004,-10.297214],[-48.9324764,-10.2973322]],[[-47.1543825,-8.4097421],[-47.1634694,-8.4008028],[-47.1667225,-8.3930987]],[[-47.2433445,-8.4862109],[-47.2576185,-8.4847212]],[[-47.2307768,-8.95188],[-47.2318048,-8.95453]],[[-47.0383009,-9.0005859],[-47.0358639,-8.989814],[-47.0215615,-8.9886406],[-47.0130858,-8.9657151],[-47.0112552,-8.9466044],[-46.999866,-8.9466468],[-46.9952825,-8.9305741],[-46.9714187,-8.9164052],[-46.9827878,-8.9029393],[-46.9929219,-8.8788894],[-46.9813377,-8.869445],[-46.9655621,-8.8676676],[-46.9597282,-8.8754498],[-46.9415578,-8.859479],[-46.9181468,-8.856995],[-46.9180873,-8.8396966],[-46.9072851,-8.8284252],[-46.9028067,-8.8145359],[-46.9026676,-8.7909008],[-46.9075097,-8.7720788],[-46.9173126,-8.762441],[-46.9248679,-8.7442212],[-46.922561,-8.7276754],[-46.9140353,-8.7224444],[-46.9143685,-8.7085831],[-46.8869493,-8.6864898],[-46.8891737,-8.6697885],[-46.902618,-8.6532167],[-46.9163941,-8.6484068],[-46.9170946,-8.6329114],[-46.8977279,-8.6010165],[-46.9022558,-8.5862755],[-46.878984,-8.567108],[-46.8754534,-8.5552988],[-46.8624212,-8.55537],[-46.8461238,-8.5339859]],[[-47.0981923,-8.4715501],[-47.1075396,-8.4742263],[-47.1173205,-8.4599812],[-47.1249208,-8.4539753]],[[-48.3316609,-6.3759151],[-48.3433296,-6.3838093]],[[-48.3433296,-6.3838093],[-48.3381636,-6.3956034],[-48.325513,-6.3979669],[-48.3207378,-6.4080603],[-48.304878,-6.402526],[-48.3027397,-6.4201116],[-48.2925639,-6.4244379],[-48.2933958,-6.4406618],[-48.2919984,-6.4481712]],[[-48.2919984,-6.4481712],[-48.2815128,-6.4495116]],[[-48.1252649,-6.5831714],[-48.1199284,-6.5873797]],[[-48.017623,-6.5704388],[-48.0147662,-6.5694434]],[[-48.0150143,-6.5634971],[-48.0119861,-6.5582587],[-48.025634,-6.5249056]],[[-46.704295,-11.1299008],[-46.7136392,-11.2094405]],[[-46.921686,-11.3454774],[-46.9253949,-11.3535655]],[[-46.9268219,-11.3969703],[-46.9215279,-11.4032822]],[[-46.5598673,-11.3715948],[-46.5770213,-11.3611307],[-46.5765096,-11.3422773],[-46.5530097,-11.2653785]],[[-48.5966158,-9.417727],[-48.5445639,-9.4252345],[-48.5389039,-9.4208711]],[[-48.3669071,-9.3408897],[-48.3614276,-9.3281293]],[[-48.3614276,-9.3281293],[-48.3524,-9.2944585]],[[-48.3524,-9.2944585],[-48.3445035,-9.2768999]],[[-48.2869263,-9.144988],[-48.282688,-9.1354322]],[[-48.282688,-9.1354322],[-48.286657,-9.1359235],[-48.287278,-9.1334022],[-48.2943303,-9.1328572],[-48.2977518,-9.1400785],[-48.3040205,-9.1349852],[-48.3321861,-9.124814],[-48.3432354,-9.1170135],[-48.3487288,-9.1145003],[-48.3550069,-9.0792312],[-48.3609646,-9.074641],[-48.3616953,-9.0763605]],[[-48.3616953,-9.0763605],[-48.3841077,-9.0723756]],[[-47.3962214,-9.2448746],[-47.4117304,-9.2356126],[-47.423859,-9.2375259],[-47.4315577,-9.2315157],[-47.434795,-9.2315714],[-47.4399383,-9.2384288]],[[-47.6875212,-9.3325557],[-47.7091871,-9.3315067],[-47.7128879,-9.3323152],[-47.7184948,-9.3368383]],[[-47.7276713,-9.3330148],[-47.7254984,-9.3150904]],[[-47.7392384,-9.3333084],[-47.7420636,-9.3344938],[-47.7572999,-9.3308286],[-47.7654694,-9.3217961]],[[-47.8363304,-9.3444916],[-47.8515168,-9.3533766],[-47.8626222,-9.3505335]],[[-47.8791834,-9.3340409],[-47.9045516,-9.3445052]],[[-47.9045516,-9.3445052],[-47.8965733,-9.3691419],[-47.8997891,-9.3978841],[-47.9075273,-9.4165835],[-47.9187605,-9.4571236],[-47.9301863,-9.4844552],[-47.9252668,-9.5153369],[-47.9369252,-9.5398691],[-47.9228695,-9.5603516],[-47.9241638,-9.5849711],[-47.9115551,-9.6101382],[-47.9188999,-9.6197334],[-47.9163242,-9.6415323],[-47.9083199,-9.6533453],[-47.9074248,-9.6805721],[-47.8979328,-9.7339187]],[[-47.8979328,-9.7339187],[-47.8914036,-9.7943287]],[[-47.8816614,-9.8130839],[-47.8791526,-9.8372989],[-47.8696603,-9.8538426]],[[-47.8696603,-9.8538426],[-47.8530102,-9.8704532],[-47.8465796,-9.8750041],[-47.8310144,-9.8823131],[-47.825722,-9.8824436]],[[-47.4212293,-10.0244921],[-47.4144815,-10.0384331],[-47.4120341,-10.0402203],[-47.3857521,-10.0454319]],[[-47.3201772,-10.0400089],[-47.3069874,-10.0389914],[-47.2991622,-10.0487446]],[[-47.2565327,-10.0444083],[-47.2360955,-10.0371096],[-47.2234525,-10.0257449],[-47.203938,-10.0204069]],[[-47.0902347,-9.8244928],[-47.0792775,-9.8194224],[-47.0739961,-9.8133212],[-47.0737221,-9.8105641],[-47.0767998,-9.8035356]],[[-47.3461899,-9.2871106],[-47.3550484,-9.2881092],[-47.3616874,-9.285942],[-47.3620715,-9.2814727],[-47.3573849,-9.2717666]],[[-47.3701368,-9.2666417],[-47.3807234,-9.2502047],[-47.389797,-9.2460353]],[[-47.8697236,-5.417004],[-47.8275452,-5.3865855],[-47.8437594,-5.3762087],[-47.8676241,-5.3428159],[-47.8657451,-5.317225],[-47.8708858,-5.2785687],[-47.8855715,-5.2607002],[-47.9281041,-5.2412355],[-47.9587667,-5.2397392],[-48.0012063,-5.2342531],[-48.0146593,-5.2380301]],[[-47.973913,-5.4225838],[-47.9287307,-5.4485876]],[[-50.0854212,-12.1808475],[-50.0833403,-12.1976258],[-50.0872579,-12.2012944],[-50.0949919,-12.1983916]],[[-50.1240225,-12.3528981],[-50.116917,-12.3600883],[-50.1154771,-12.3649282],[-50.1161939,-12.368878],[-50.1202852,-12.3756905],[-50.1330247,-12.3695176]],[[-50.1304357,-12.3790298],[-50.1293353,-12.3820695],[-50.1300591,-12.386914],[-50.1372781,-12.39421],[-50.1429974,-12.3957784],[-50.1517205,-12.4017773],[-50.1587291,-12.414278],[-50.1585986,-12.4306227],[-50.1791191,-12.4383606],[-50.1837595,-12.4552939],[-50.1959852,-12.4569383],[-50.2036408,-12.4755454],[-50.2176095,-12.4873571],[-50.2184498,-12.514831],[-50.2295244,-12.531189],[-50.2136392,-12.5466268],[-50.2112595,-12.5603428],[-50.1953348,-12.5561997],[-50.1906416,-12.566493]],[[-49.5187016,-12.5083718],[-49.5324382,-12.507251],[-49.5410864,-12.493428]],[[-49.5533434,-12.4265302],[-49.5659737,-12.4236026],[-49.5704213,-12.4118329],[-49.5740843,-12.410157],[-49.5851559,-12.4186144]],[[-49.6442572,-12.2375481],[-49.6477354,-12.2243192],[-49.6648035,-12.2103405]],[[-49.676731,-12.1864386],[-49.677789,-12.1849319],[-49.6758717,-12.1832004],[-49.6764243,-12.1815955],[-49.6795458,-12.1797733],[-49.7007631,-12.1728507]],[[-49.0375706,-6.8093344],[-49.0670179,-6.8329658],[-49.1030511,-6.8571659],[-49.1152709,-6.8699495],[-49.1504653,-6.8888509],[-49.1719412,-6.8929351],[-49.1839167,-6.9078872],[-49.2095281,-6.9254206],[-49.2174451,-6.9614693],[-49.1952789,-7.0262647],[-49.1913048,-7.0749287],[-49.193796,-7.1298147],[-49.1864326,-7.1966934],[-49.1785265,-7.1951646]],[[-48.726399,-7.0643709],[-48.7319019,-7.0552141],[-48.756914,-7.0468584]],[[-48.7642298,-7.0632221],[-48.765583,-7.0755455],[-48.7643623,-7.0804664],[-48.7709307,-7.0886534],[-48.7754946,-7.090738]],[[-48.7948384,-7.1099536],[-48.8115136,-7.105168],[-48.8472626,-7.0789691]],[[-48.1300094,-8.6351849],[-48.1248777,-8.6563793]],[[-48.1297506,-8.7320116],[-48.1122566,-8.7648067]],[[-48.1122566,-8.7648067],[-48.1117639,-8.7788005]],[[-48.1117639,-8.7788005],[-48.1146518,-8.7980789],[-48.122031,-8.8158237],[-48.1256073,-8.8211708]],[[-47.4734563,-8.7974261],[-47.4784359,-8.798015],[-47.4840914,-8.8026402],[-47.4928903,-8.7992346]],[[-47.5990054,-8.8209415],[-47.6076355,-8.8108163],[-47.6111107,-8.8094055],[-47.6174633,-8.8104372],[-47.6208463,-8.8134375]],[[-48.0155906,-8.6464247],[-48.0185674,-8.6553053]],[[-49.5559453,-10.8268095],[-49.5599127,-10.8408302]],[[-49.7952685,-10.985511],[-49.7952753,-11.0028575]],[[-49.4535322,-11.1747224],[-49.4413403,-11.1724705]],[[-49.2273388,-11.1064902],[-49.2220769,-11.1107979],[-49.2133799,-11.1112606],[-49.2118973,-11.1101396],[-49.2041118,-11.094518]],[[-48.8671561,-11.1007361],[-48.8558765,-11.0987294]],[[-48.8507757,-10.9720087],[-48.8549,-10.9639072]],[[-49.0053595,-10.8017116],[-49.0146666,-10.7764662]],[[-48.2520542,-11.2846804],[-48.261663,-11.2847502]],[[-48.4541187,-11.2625234],[-48.4517121,-11.2707824]],[[-48.4517121,-11.2707824],[-48.4590507,-11.3068034]],[[-48.4590507,-11.3068034],[-48.4500735,-11.319879],[-48.4472057,-11.3264046],[-48.4421994,-11.3316621],[-48.4262886,-11.3549374],[-48.3827004,-11.3720139]],[[-48.3827004,-11.3720139],[-48.3763511,-11.3939306],[-48.36684,-11.3991152]],[[-48.36684,-11.3991152],[-48.365698,-11.4073521]],[[-48.365698,-11.4073521],[-48.3436331,-11.4233963],[-48.3425252,-11.4252747],[-48.3421775,-11.4313791],[-48.354167,-11.4371411]],[[-48.354167,-11.4371411],[-48.3533991,-11.4534015],[-48.3358339,-11.4735364],[-48.3170324,-11.4828399],[-48.3088967,-11.4811251],[-48.2932069,-11.4962468],[-48.2875135,-11.5340151],[-48.2518241,-11.5473501],[-48.2393758,-11.5697477],[-48.2124382,-11.5886708],[-48.2002555,-11.5778093]],[[-48.2002555,-11.5778093],[-48.1940173,-11.5786332],[-48.1653745,-11.6046804]],[[-47.9229724,-11.4414501],[-47.926892,-11.4315166],[-47.9252194,-11.4196075],[-47.9181802,-11.4087795]],[[-47.7795365,-11.2779225],[-47.7697259,-11.263047]],[[-47.7982131,-11.2103213],[-47.8064635,-11.2066928]],[[-47.8064635,-11.2066928],[-47.8115351,-11.214798],[-47.8263355,-11.2137405],[-47.8403184,-11.2195256],[-47.85286,-11.2168314],[-47.8652024,-11.2042012],[-47.8749367,-11.2073933],[-47.8852743,-11.215242],[-47.9069683,-11.2355016],[-47.9266074,-11.2419891],[-47.9305512,-11.2459415],[-47.9471513,-11.2463307],[-47.9667938,-11.2550946],[-47.9856427,-11.2508958],[-48.0127144,-11.2554499],[-48.0207196,-11.2661412],[-48.0387552,-11.2658437],[-48.0523506,-11.2755196],[-48.0709871,-11.2791075],[-48.0803482,-11.2881861],[-48.0868202,-11.3129143],[-48.0956755,-11.318508],[-48.116053,-11.3092047],[-48.1338297,-11.3078787],[-48.1440229,-11.2851836],[-48.1594697,-11.2706663],[-48.1670306,-11.2680808],[-48.1722206,-11.2662564],[-48.1778233,-11.2717592],[-48.1853243,-11.2713333],[-48.187977,-11.2728656],[-48.2014223,-11.2724151],[-48.2221719,-11.2804513],[-48.2520542,-11.2846804]],[[-47.793798,-10.1642426],[-47.7949733,-10.1678898]],[[-47.7949733,-10.1678898],[-47.7933137,-10.1734758]],[[-47.7933137,-10.1734758],[-47.8027374,-10.1924772],[-47.8148108,-10.2072242],[-47.8160996,-10.2277935]],[[-47.8160996,-10.2277935],[-47.8170667,-10.237308],[-47.8261803,-10.2486234]],[[-47.8261803,-10.2486234],[-47.8296963,-10.2617881],[-47.8380634,-10.2734176],[-47.8546417,-10.2855673]],[[-47.8546417,-10.2855673],[-47.8583116,-10.2900094]],[[-47.8583116,-10.2900094],[-47.8555196,-10.3165748],[-47.8572094,-10.3219522],[-47.8678256,-10.3299846]],[[-47.8400844,-10.3841414],[-47.8379833,-10.3945639]],[[-47.6783015,-10.3937666],[-47.6704944,-10.3871252]],[[-47.6068243,-10.2522476],[-47.5982668,-10.2478319],[-47.5871414,-10.2514869],[-47.5715809,-10.250464]],[[-47.5715809,-10.250464],[-47.5684415,-10.2458777]],[[-47.6408138,-6.4528954],[-47.6305769,-6.4423993]],[[-47.5941787,-6.4253217],[-47.5845608,-6.4151088]],[[-47.8157418,-5.7518804],[-47.8234424,-5.7494646],[-47.8287779,-5.7500032],[-47.8418307,-5.7568574]],[[-48.0803613,-5.9401633],[-48.0742063,-5.9656275],[-48.0807145,-5.96658]],[[-48.2206999,-6.0030735],[-48.2245097,-6.0123543]],[[-47.9966988,-6.1579542],[-47.9884309,-6.155574]],[[-47.6922232,-6.0171823],[-47.6932057,-6.0157189]],[[-47.7029993,-5.96652],[-47.700521,-5.9235558]],[[-47.7179794,-5.8849048],[-47.7163963,-5.8749967],[-47.7180214,-5.8689327],[-47.7293859,-5.8636366]],[[-47.754506,-5.7724895],[-47.7754421,-5.7743443]],[[-47.7959032,-5.7645472],[-47.8049586,-5.7646521],[-47.8113541,-5.7604894],[-47.8157418,-5.7518804]],[[-47.0668724,-10.0595913],[-47.0693568,-10.0669956],[-47.0755393,-10.0649001],[-47.0774208,-10.0657193],[-47.0799159,-10.070971],[-47.0850913,-10.0727141],[-47.091505,-10.0699891],[-47.0942691,-10.071912]],[[-47.0942691,-10.071912],[-47.0881416,-10.0779359],[-47.0836458,-10.0798297]],[[-47.0401471,-10.1247717],[-47.032951,-10.1204037],[-47.0214407,-10.1227826],[-47.0186745,-10.1315505]],[[-46.9543006,-10.164386],[-46.9452788,-10.1766853]],[[-46.300907,-10.2286571],[-46.2932824,-10.2305823],[-46.2865145,-10.2293267],[-46.2812439,-10.2256344],[-46.2762082,-10.2178261]],[[-46.2182604,-10.1975298],[-46.2150707,-10.2021544],[-46.2096922,-10.202942],[-46.1948554,-10.1829928]],[[-46.1948554,-10.1829928],[-46.210869,-10.169735],[-46.2408341,-10.1718858],[-46.2682935,-10.1812102],[-46.3014448,-10.1783259],[-46.3130818,-10.1728238],[-46.3275253,-10.1836944],[-46.3482118,-10.1730927],[-46.3678895,-10.1688141],[-46.3839691,-10.1201424],[-46.4141099,-10.0871656],[-46.4253613,-10.0793857],[-46.4433586,-10.0781382],[-46.4574213,-10.0472814],[-46.457085,-10.0180174],[-46.4775839,-9.9883014],[-46.4718656,-9.9736545],[-46.4770081,-9.9527489],[-46.4657237,-9.9370574],[-46.4786115,-9.9238687],[-46.4750977,-9.9045133]],[[-47.4769486,-5.6373125],[-47.4844013,-5.595604],[-47.4832614,-5.5648989],[-47.5001205,-5.5256048],[-47.5168737,-5.5105106],[-47.5283488,-5.4926657],[-47.5485395,-5.4707892],[-47.5602606,-5.4632127],[-47.5805091,-5.4700166],[-47.6186197,-5.4597262],[-47.6667723,-5.4217873],[-47.6804316,-5.4153574]],[[-47.7483858,-5.5718307],[-47.7343345,-5.5757216],[-47.730219,-5.5733307],[-47.7268731,-5.5737849],[-47.7229748,-5.5719142],[-47.7208698,-5.5656359]],[[-47.7208698,-5.5656359],[-47.6961708,-5.5706748],[-47.6720476,-5.5660506],[-47.6723704,-5.5582785],[-47.6570129,-5.5393394],[-47.5896832,-5.5645563],[-47.5932798,-5.6759529]],[[-47.5932798,-5.6759529],[-47.5843548,-5.6743413],[-47.5752914,-5.6759503]],[[-47.5613685,-5.6798572],[-47.52913,-5.6615389]],[[-47.52913,-5.6615389],[-47.5199199,-5.6514019],[-47.5200187,-5.6477476],[-47.5167692,-5.6389999],[-47.5082223,-5.6363968]],[[-48.4424361,-12.436475],[-48.4491109,-12.4397712]],[[-48.5011738,-12.7826926],[-48.5021117,-12.7904922]],[[-48.2211306,-12.837957],[-48.2295138,-12.8286094]],[[-48.2295138,-12.8286094],[-48.236934,-12.813046],[-48.240192,-12.8041949],[-48.2414771,-12.7913067]],[[-48.2664666,-12.7443722],[-48.2700006,-12.7372383],[-48.2698685,-12.7291104],[-48.2660386,-12.7229761],[-48.2558624,-12.7183774],[-48.2441,-12.704883]],[[-48.2951506,-12.280827],[-48.3362061,-12.2527848]],[[-48.1848663,-5.2569982],[-48.2064996,-5.248984],[-48.2349277,-5.2283067],[-48.2730178,-5.2159652],[-48.2934032,-5.2040481],[-48.3140155,-5.2030897],[-48.3286879,-5.1965942],[-48.3587822,-5.1700847],[-48.4195968,-5.176747],[-48.4423772,-5.1833182],[-48.4661547,-5.1854456],[-48.487223,-5.1938677]],[[-48.4002558,-5.2711322],[-48.4030115,-5.2738457],[-48.4046615,-5.2949586]],[[-48.3473094,-5.2797045],[-48.3308962,-5.2806709],[-48.3259606,-5.2922518]],[[-48.2578264,-5.3126251],[-48.2512845,-5.317594]],[[-48.4590507,-11.3068034],[-48.4602774,-11.3168905],[-48.4652898,-11.3352556],[-48.4790131,-11.3625021]],[[-48.1224171,-12.0850548],[-48.1102691,-12.08604]],[[-47.804959,-12.1545053],[-47.7995085,-12.1527567]],[[-47.7995085,-12.1527567],[-47.7982178,-12.1476964],[-47.7988747,-12.1431486],[-47.8024285,-12.1410804]],[[-47.8024285,-12.1410804],[-47.8067448,-12.1338664],[-47.8043371,-12.131496],[-47.8049485,-12.1272474],[-47.7960801,-12.1175895]],[[-48.0895815,-11.7264338],[-48.0979493,-11.7165224]],[[-48.1214857,-11.7104634],[-48.1265779,-11.7113693],[-48.1325375,-11.7091538],[-48.1377584,-11.7089574],[-48.1424971,-11.700936],[-48.1462035,-11.6970724]],[[-48.1497795,-11.6964579],[-48.1539458,-11.6874362],[-48.1445236,-11.6633943]],[[-48.1736613,-11.6091701],[-48.1783557,-11.5936516],[-48.2002555,-11.5778093]],[[-48.354167,-11.4371411],[-48.3417947,-11.4308497],[-48.3431556,-11.4239298],[-48.361752,-11.4122172],[-48.365698,-11.4073521]],[[-48.36684,-11.3991152],[-48.3756642,-11.3948567],[-48.3809234,-11.3809335],[-48.3827004,-11.3720139]],[[-47.7449433,-10.9307736],[-47.7348948,-10.9191993],[-47.7382427,-10.9108031],[-47.7423436,-10.9064541],[-47.7454555,-10.9083651]],[[-47.8694792,-10.9635526],[-47.879586,-10.9704448],[-47.8831878,-10.9766823],[-47.8836796,-10.9914578]],[[-47.9973919,-11.1718391],[-48.010752,-11.1748715],[-48.0226182,-11.1732304],[-48.0354851,-11.1662439],[-48.0451826,-11.1590945],[-48.0598683,-11.1538604],[-48.0695719,-11.1535396]],[[-48.0781017,-11.1384513],[-48.0860209,-11.1299397],[-48.1027504,-11.1341212],[-48.1119035,-11.1326511],[-48.1208931,-11.1240163],[-48.1220134,-11.116398]],[[-48.2200732,-10.9953151],[-48.228551,-10.9931461]],[[-48.2517546,-11.2748321],[-48.2520542,-11.2846804]],[[-47.8064635,-11.2066928],[-47.7988762,-11.202788]],[[-47.7257347,-10.9507142],[-47.7393817,-10.9467529]],[[-47.7514206,-5.7553934],[-47.7514057,-5.7676057],[-47.5932798,-5.6759529]],[[-47.7208698,-5.5656359],[-47.7232142,-5.5720805],[-47.7363399,-5.5759226],[-47.7484049,-5.5718307],[-47.7572685,-5.5544984]],[[-48.9870327,-11.9385971],[-48.9766903,-11.9439295]],[[-48.9718514,-12.1650231],[-48.9735407,-12.1666409],[-48.9750315,-12.1700571],[-48.9714929,-12.1853547],[-48.9702605,-12.1863213],[-48.9601737,-12.1855582]],[[-48.9235996,-12.2886158],[-48.9151881,-12.2943496]],[[-48.9151881,-12.2943496],[-48.9042102,-12.2912917]],[[-48.7607436,-12.1332318],[-48.7795889,-12.1346508],[-48.7730577,-12.0681144]],[[-48.8507251,-11.9322465],[-48.8732549,-11.9002195]],[[-48.8956564,-11.8688612],[-48.8969952,-11.8645197]],[[-46.943228,-12.3757148],[-46.9418693,-12.381141]],[[-46.7076854,-12.5881707],[-46.7019444,-12.5791249]],[[-46.2095133,-12.5072159],[-46.2109457,-12.4995578],[-46.2332514,-12.5044639],[-46.2615424,-12.4967475],[-46.2659518,-12.4827186],[-46.2638259,-12.4602543],[-46.2818448,-12.4516069],[-46.272503,-12.4389958],[-46.280426,-12.4213438],[-46.2904543,-12.416632],[-46.3100667,-12.4296701],[-46.3027782,-12.4410224],[-46.3127071,-12.4483429],[-46.3155489,-12.4634304],[-46.3259987,-12.4646561],[-46.3370353,-12.4530633],[-46.3310408,-12.442445],[-46.3248555,-12.4075111],[-46.3135813,-12.4055048],[-46.295754,-12.3883955],[-46.2898836,-12.376653],[-46.3000205,-12.3637318],[-46.3487602,-12.3518799],[-46.36894,-12.350181],[-46.3563495,-12.332222],[-46.3491463,-12.2991233],[-46.368334,-12.2995458],[-46.3843873,-12.2945067],[-46.3857616,-12.2810697],[-46.3695687,-12.2674682],[-46.3828769,-12.2552194],[-46.366521,-12.215083],[-46.3730731,-12.2035997],[-46.3966896,-12.1899616],[-46.3810937,-12.1810752],[-46.3980695,-12.1627045],[-46.3847266,-12.1502777],[-46.3715438,-12.1232291],[-46.381036,-12.106677]],[[-47.0508608,-11.9515464],[-47.053359,-11.9530395],[-47.0579253,-11.9508904],[-47.0576259,-11.9522497],[-47.0617309,-11.9531283]],[[-47.0192994,-12.3693955],[-47.0120575,-12.3726774],[-46.9937039,-12.3612266],[-46.9780889,-12.3674956]],[[-46.9584981,-12.3473583],[-46.9447412,-12.3237149],[-46.9480335,-12.3189851]],[[-46.8809898,-12.2399327],[-46.8836515,-12.2276534],[-46.8740495,-12.2088541]],[[-48.7124113,-12.3921328],[-48.715089,-12.3954933],[-48.7175174,-12.3959441],[-48.7536477,-12.3853507]],[[-48.7536477,-12.3853507],[-48.8010072,-12.388072],[-48.822206,-12.3965447]],[[-48.8434621,-12.4124384],[-48.9141432,-12.4778717],[-48.9902478,-12.4973695]],[[-48.9943399,-12.4969218],[-49.0054732,-12.4962814]],[[-49.035687,-12.5832131],[-49.0463212,-12.598653],[-49.0497523,-12.6060224],[-49.0481555,-12.6110996]],[[-49.3242703,-12.538697],[-49.3371523,-12.5326734]],[[-49.3591069,-12.5326133],[-49.3618139,-12.532552]],[[-49.2487144,-12.8750003],[-49.2376552,-12.8837861],[-49.2109365,-12.8780701],[-49.1795587,-12.8466265],[-49.1441475,-12.8177577],[-49.1380501,-12.801185],[-49.1176838,-12.7900847],[-49.1046307,-12.8354203],[-49.0737183,-12.8458037],[-49.0732435,-12.869707],[-49.0874736,-12.887177],[-49.0754895,-12.9052517],[-49.0529693,-12.9072467],[-49.0330387,-12.9022575],[-49.0091156,-12.9164814],[-49.0029909,-12.9337856],[-48.9793848,-12.9468414],[-48.9762335,-12.9578931],[-48.8594469,-12.7878349]],[[-48.716626,-12.4019079],[-48.7124113,-12.3921328]],[[-48.3682404,-9.9234352],[-48.3709189,-9.9315543]],[[-48.3323986,-10.0413832],[-48.3540314,-10.050665],[-48.3598622,-10.054441],[-48.3674404,-10.0631301]],[[-48.3797556,-10.0729195],[-48.3835103,-10.0786432],[-48.3959666,-10.1197059],[-48.4078011,-10.1450282]],[[-48.3963804,-10.2767232],[-48.4033545,-10.2959148],[-48.4037125,-10.3335361]],[[-47.8556443,-10.310548],[-47.8583116,-10.2900094]],[[-47.8546417,-10.2855673],[-47.8408493,-10.2762042],[-47.8308552,-10.2640153],[-47.8261803,-10.2486234]],[[-47.8160996,-10.2277935],[-47.8134343,-10.219441],[-47.8146035,-10.2067026],[-47.7933137,-10.1734758]],[[-47.7949733,-10.1678898],[-47.7964965,-10.1532766]],[[-47.7955951,-10.1494908],[-47.8003225,-10.1231994],[-47.8034938,-10.1155545],[-47.8040886,-10.1090478],[-47.8102545,-10.0982388],[-47.810262,-10.0821193],[-47.8080289,-10.0777166]],[[-47.805263,-10.0616221],[-47.8033102,-10.0479812],[-47.8049304,-10.043938],[-47.815951,-10.036891],[-47.8188661,-10.0328367]],[[-47.8180329,-10.0238578],[-47.8193895,-10.0185979]],[[-48.1842578,-10.0332568],[-48.2001414,-10.0169458],[-48.2066582,-10.0039015],[-48.2052291,-10.0018242]],[[-48.2211454,-9.9650931],[-48.2273515,-9.9642241]],[[-48.3493073,-9.2874914],[-48.3524,-9.2944585]],[[-48.3614276,-9.3281293],[-48.3679269,-9.3575357]],[[-48.3679269,-9.3575357],[-48.3599414,-9.3761989],[-48.3580101,-9.3931833],[-48.3614937,-9.4072247]],[[-48.3719252,-9.6759563],[-48.3655333,-9.6959752]],[[-48.3655333,-9.6959752],[-48.3618679,-9.6967439],[-48.3613082,-9.6993024]],[[-47.8951154,-9.7707386],[-47.8979328,-9.7339187]],[[-47.9045516,-9.3445052],[-47.9092328,-9.3228117]],[[-47.9946521,-9.3778235],[-47.9954111,-9.3810101],[-48,-9.3861923],[-48.0122822,-9.3909203],[-48.0261529,-9.3919628]],[[-48.0763977,-9.4113888],[-48.078774,-9.4196115],[-48.0968551,-9.424312]],[[-48.3423427,-9.2959048],[-48.3445717,-9.2902099],[-48.3493073,-9.2874914]],[[-47.6826358,-6.1597429],[-47.6934587,-6.1599992],[-47.6975304,-6.1632515],[-47.7020897,-6.1720029]],[[-47.7248193,-6.1835543],[-47.7288967,-6.1831516]],[[-47.5459371,-6.4431728],[-47.5405433,-6.4352993],[-47.5316646,-6.4303506],[-47.5183052,-6.4319278]],[[-47.4303492,-6.4225731],[-47.4199385,-6.401622],[-47.4099549,-6.3696555],[-47.411983,-6.3462035],[-47.4086249,-6.3280669],[-47.3786439,-6.2727583],[-47.3779115,-6.2605763],[-47.3853684,-6.2303915],[-47.4014776,-6.2092485],[-47.423204,-6.1601861],[-47.430234,-6.130969],[-47.4344778,-6.0931153],[-47.428042,-6.0392245],[-47.4394232,-6.0117832]],[[-48.393507,-8.9752173],[-48.3670547,-8.9750236]],[[-48.3662512,-9.0498247],[-48.3734572,-9.0669944],[-48.3616953,-9.0763605]],[[-48.282688,-9.1354322],[-48.2775727,-9.121898]],[[-48.1815007,-8.9678472],[-48.1726899,-8.9282522]],[[-48.1391355,-8.8348684],[-48.1293425,-8.8258441],[-48.1229782,-8.8176285],[-48.1130831,-8.7921389],[-48.1117639,-8.7788005]],[[-48.1122566,-8.7648067],[-48.1277485,-8.7409202]],[[-48.2855252,-8.1369372],[-48.2921794,-8.1432676],[-48.2965486,-8.1464101],[-48.2985742,-8.1458198]],[[-48.2824045,-8.3374774],[-48.2719683,-8.3362539]],[[-48.2857294,-8.4149313],[-48.2939108,-8.4405776]],[[-48.2994506,-8.5142458],[-48.2872658,-8.5218666]],[[-48.1332057,-8.5440056],[-48.1302816,-8.5293858]],[[-48.0850893,-8.4733018],[-48.082316,-8.4484808],[-48.0815339,-8.422737],[-48.0856149,-8.4144949]],[[-48.1617781,-8.1965826],[-48.1620458,-8.1858155],[-48.1596366,-8.1686834],[-48.1526227,-8.1505463]],[[-48.1262788,-6.6299373],[-48.1286425,-6.6226804],[-48.1298232,-7.0339037]],[[-48.1742008,-7.0161547],[-48.1842993,-7.0150804]],[[-47.7550115,-6.9062542],[-47.7598176,-6.9066663]],[[-48.3406894,-6.3664384],[-48.3466291,-6.3564844],[-48.3498663,-6.3552959],[-48.3585217,-6.3563413],[-48.3756899,-6.3449927]],[[-48.3756899,-6.3449927],[-48.3826793,-6.3796079],[-48.399437,-6.3740723],[-48.4243737,-6.3570057],[-48.447707,-6.3511789],[-48.5002152,-6.3509276],[-48.5112392,-6.3569323],[-48.5405762,-6.4008421],[-48.5650669,-6.4151199],[-48.5872099,-6.4349187],[-48.607185,-6.4480111],[-48.6195741,-6.4624436],[-48.6336532,-6.4913726]],[[-48.3920186,-6.8445989],[-48.3864293,-6.8517705]],[[-48.2855208,-6.4531623],[-48.2919984,-6.4481712]],[[-48.3433296,-6.3838093],[-48.3406894,-6.3664384]]],"bbox":[-50.742064,-13.4681748,-45.6995761,-5.1700847]}
