{"type":"Topology","objects":{"geometrias":{"type":"GeometryCollection","geometries":[{"type":"Polygon","arcs":[[0,1,2,3,4,5,6,7,8,9,10]],"properties":{"code_muni":2100055,"abbrev_state":"MA","name_state":"Maranhão","name_region":"Nordeste","name_muni":"Açailândia","code_state":21,"code_region":2,"year":2020}},{"type":"Polygon","arcs":[[11,12,13]],"properties":{"code_muni":2100105,"abbrev_state":"MA","name_state":"Maranhão","name_region":"Nordeste","name_muni":"Afonso Cunha","code_state":21,"code_region":2,"year":2020}},{"type":"Polygon","arcs":[[14,15,16,17]],"properties":{"code_muni":2100154,"abbrev_state":"MA","name_state":"Maranhão","name_region":"Nordeste","name_muni":"Água Doce do Maranhão","code_state":21,"code_region":2,"year":2020}},{"type":"Polygon","arcs":[[18,19,20,21,22]],"properties":{"code_muni":2100204,"abbrev_state":"MA","name_state":"Maranhão","name_region":"Nordeste","name_muni":"Alcântara","code_state":21,"code_region":2,"year":2020}},{"type":"Polygon","arcs":[[23,24,25,26,27]],"properties":{"code_muni":2100303,"abbrev_state":"MA","name_state":"Maranhão","name_region":"Nordeste","name_muni":"Aldeias Altas","code_state":21,"code_region":2,"year":2020}},{"type":"Polygon","arcs":[[28,29,30,31,32,33,34,35]],"properties":{"code_muni":2100402,"abbrev_state":"MA","name_state":"Maranhão","name_region":"Nordeste","name_muni":"Altamira do Maranhão","code_state":21,"code_region":2,"year":2020}},{"type":"Polygon","arcs":[[36,37,38,39,40,41,42,43,44]],"properties":{"code_muni":2100436,"abbrev_state":"MA","name_state":"Maranhão","name_region":"Nordeste","name_muni":"Alto Alegre do Maranhão","code_state":21,"code_region":2,"year":2020}},{"type":"Polygon","arcs":[[45,46,47,48,49,50,51,52]],"properties":{"code_muni":2100477,"abbrev_state":"MA","name_state":"Maranhão","name_region":"Nordeste","name_muni":"Alto Alegre do Pindaré","code_state":21,"code_region":2,"year":2020}},{"type":"Polygon","arcs":[[53,54,55,56,57,58]],"properties":{"code_muni":2100501,"abbrev_state":"MA","name_state":"Maranhão","name_region":"Nordeste","name_muni":"Alto Parnaíba","code_state":21,"code_region":2,"year":2020}},{"type":"Polygon","arcs":[[59,60,61,62,63,64,65,66]],"properties":{"code_muni":2100550,"abbrev_state":"MA","name_state":"Maranhão","name_region":"Nordeste","name_muni":"Amapá do Maranhão","code_state":21,"code_region":2,"year":2020}},{"type":"Polygon","arcs":[[67,68,-7,69,70,71,72,73,74,75,76,77,78,79,80,81,82,83,84,85]],"properties":{"code_muni":2100600,"abbrev_state":"MA","name_state":"Maranhão","name_region":"Nordeste","name_muni":"Amarante do Maranhão","code_state":21,"code_region":2,"year":2020}},{"type":"Polygon","arcs":[[86,87,88,89,90,91,92,93,94,95,96,97]],"properties":{"code_muni":2100709,"abbrev_state":"MA","name_state":"Maranhão","name_region":"Nordeste","name_muni":"Anajatuba","code_state":21,"code_region":2,"year":2020}},{"type":"Polygon","arcs":[[98,99,100,101,102,103,104,105,106]],"properties":{"code_muni":2100808,"abbrev_state":"MA","name_state":"Maranhão","name_region":"Nordeste","name_muni":"Anapurus","code_state":21,"code_region":2,"year":2020}},{"type":"MultiPolygon","arcs":[[[107,108,109]],[[110]],[[111]]],"properties":{"code_muni":2100832,"abbrev_state":"MA","name_state":"Maranhão","name_region":"Nordeste","name_muni":"Apicum-Açu","code_state":21,"code_region":2,"year":2020}},{"type":"Polygon","arcs":[[112,113,114,115]],"properties":{"code_muni":2100873,"abbrev_state":"MA","name_state":"Maranhão","name_region":"Nordeste","name_muni":"Araguanã","code_state":21,"code_region":2,"year":2020}},{"type":"Polygon","arcs":[[116,117,118,119,-18,120,121]],"properties":{"code_muni":2100907,"abbrev_state":"MA","name_state":"Maranhão","name_region":"Nordeste","name_muni":"Araioses","code_state":21,"code_region":2,"year":2020}},{"type":"Polygon","arcs":[[122,123,124,-83,125,126,127,128,129,130,131,132]],"properties":{"code_muni":2100956,"abbrev_state":"MA","name_state":"Maranhão","name_region":"Nordeste","name_muni":"Arame","code_state":21,"code_region":2,"year":2020}},{"type":"Polygon","arcs":[[133,134,135,136,137,138,139,140,141,-93,142,143]],"properties":{"code_muni":2101004,"abbrev_state":"MA","name_state":"Maranhão","name_region":"Nordeste","name_muni":"Arari","code_state":21,"code_region":2,"year":2020}},{"type":"Polygon","arcs":[[144,145,146,147,148,149,150]],"properties":{"code_muni":2101103,"abbrev_state":"MA","name_state":"Maranhão","name_region":"Nordeste","name_muni":"Axixá","code_state":21,"code_region":2,"year":2020}},{"type":"Polygon","arcs":[[151,152,153,154,155,156,157,158,159,-38,160]],"properties":{"code_muni":2101202,"abbrev_state":"MA","name_state":"Maranhão","name_region":"Nordeste","name_muni":"Bacabal","code_state":21,"code_region":2,"year":2020}},{"type":"Polygon","arcs":[[161,162,163,164,165,166,167]],"properties":{"code_muni":2101251,"abbrev_state":"MA","name_state":"Maranhão","name_region":"Nordeste","name_muni":"Bacabeira","code_state":21,"code_region":2,"year":2020}},{"type":"Polygon","arcs":[[168,169,170,171,172,173,174,175,-109]],"properties":{"code_muni":2101301,"abbrev_state":"MA","name_state":"Maranhão","name_region":"Nordeste","name_muni":"Bacuri","code_state":21,"code_region":2,"year":2020}},{"type":"Polygon","arcs":[[176,-23,177,178,179,180]],"properties":{"code_muni":2101350,"abbrev_state":"MA","name_state":"Maranhão","name_region":"Nordeste","name_muni":"Bacurituba","code_state":21,"code_region":2,"year":2020}},{"type":"Polygon","arcs":[[181,182,183,184,185,186,-57,187,188,189,190,191,192,193,194]],"properties":{"code_muni":2101400,"abbrev_state":"MA","name_state":"Maranhão","name_region":"Nordeste","name_muni":"Balsas","code_state":21,"code_region":2,"year":2020}},{"type":"Polygon","arcs":[[195,196,197,198,199]],"properties":{"code_muni":2101509,"abbrev_state":"MA","name_state":"Maranhão","name_region":"Nordeste","name_muni":"Barão de Grajaú","code_state":21,"code_region":2,"year":2020}},{"type":"Polygon","arcs":[[200,201,202,203,204,205,206,207,208,209,210,211,212,213,214,215,216]],"properties":{"code_muni":2101608,"abbrev_state":"MA","name_state":"Maranhão","name_region":"Nordeste","name_muni":"Barra do Corda","code_state":21,"code_region":2,"year":2020}},{"type":"Polygon","arcs":[[217,218,219,220,221,222,223,224,225,226,227]],"properties":{"code_muni":2101707,"abbrev_state":"MA","name_state":"Maranhão","name_region":"Nordeste","name_muni":"Barreirinhas","code_state":21,"code_region":2,"year":2020}},{"type":"Polygon","arcs":[[228,229,230,231,232,233,234]],"properties":{"code_muni":2101731,"abbrev_state":"MA","name_state":"Maranhão","name_region":"Nordeste","name_muni":"Belágua","code_state":21,"code_region":2,"year":2020}},{"type":"Polygon","arcs":[[235,236,237,238,239,240,241]],"properties":{"code_muni":2101772,"abbrev_state":"MA","name_state":"Maranhão","name_region":"Nordeste","name_muni":"Bela Vista do Maranhão","code_state":21,"code_region":2,"year":2020}},{"type":"Polygon","arcs":[[242,243,244,245,246,247,248,249,250,251,252]],"properties":{"code_muni":2101806,"abbrev_state":"MA","name_state":"Maranhão","name_region":"Nordeste","name_muni":"Benedito Leite","code_state":21,"code_region":2,"year":2020}},{"type":"Polygon","arcs":[[253,254,255,256,257,258,259,-20,260,261]],"properties":{"code_muni":2101905,"abbrev_state":"MA","name_state":"Maranhão","name_region":"Nordeste","name_muni":"Bequimão","code_state":21,"code_region":2,"year":2020}},{"type":"Polygon","arcs":[[262,263,264,265,266]],"properties":{"code_muni":2101939,"abbrev_state":"MA","name_state":"Maranhão","name_region":"Nordeste","name_muni":"Bernardo do Mearim","code_state":21,"code_region":2,"year":2020}},{"type":"Polygon","arcs":[[267,268,269]],"properties":{"code_muni":2101970,"abbrev_state":"MA","name_state":"Maranhão","name_region":"Nordeste","name_muni":"Boa Vista do Gurupi","code_state":21,"code_region":2,"year":2020}},{"type":"Polygon","arcs":[[270,271,272,273,274,-11,275,276,277,278,279,280,-47,281,282,283,284,285,286,287,288]],"properties":{"code_muni":2102002,"abbrev_state":"MA","name_state":"Maranhão","name_region":"Nordeste","name_muni":"Bom Jardim","code_state":21,"code_region":2,"year":2020}},{"type":"Polygon","arcs":[[-277,289,-9,290,-68,291]],"properties":{"code_muni":2102036,"abbrev_state":"MA","name_state":"Maranhão","name_region":"Nordeste","name_muni":"Bom Jesus das Selvas","code_state":21,"code_region":2,"year":2020}},{"type":"Polygon","arcs":[[292,293,294,295,296,297,298,299,300,301,-158,302,-156,303]],"properties":{"code_muni":2102077,"abbrev_state":"MA","name_state":"Maranhão","name_region":"Nordeste","name_muni":"Bom Lugar","code_state":21,"code_region":2,"year":2020}},{"type":"Polygon","arcs":[[304,-103,305,306,307,308]],"properties":{"code_muni":2102101,"abbrev_state":"MA","name_state":"Maranhão","name_region":"Nordeste","name_muni":"Brejo","code_state":21,"code_region":2,"year":2020}},{"type":"Polygon","arcs":[[309,310,311,312,-32,313,314]],"properties":{"code_muni":2102150,"abbrev_state":"MA","name_state":"Maranhão","name_region":"Nordeste","name_muni":"Brejo de Areia","code_state":21,"code_region":2,"year":2020}},{"type":"Polygon","arcs":[[315,-307,316,317,318,319,320]],"properties":{"code_muni":2102200,"abbrev_state":"MA","name_state":"Maranhão","name_region":"Nordeste","name_muni":"Buriti","code_state":21,"code_region":2,"year":2020}},{"type":"Polygon","arcs":[[321,322,323,324,325,326,327,328,329,330]],"properties":{"code_muni":2102309,"abbrev_state":"MA","name_state":"Maranhão","name_region":"Nordeste","name_muni":"Buriti Bravo","code_state":21,"code_region":2,"year":2020}},{"type":"Polygon","arcs":[[331,-280,332,-278,-292,-86,333,334,-49]],"properties":{"code_muni":2102325,"abbrev_state":"MA","name_state":"Maranhão","name_region":"Nordeste","name_muni":"Buriticupu","code_state":21,"code_region":2,"year":2020}},{"type":"Polygon","arcs":[[335,336,337,338,339,340,341,-75,342,343]],"properties":{"code_muni":2102358,"abbrev_state":"MA","name_state":"Maranhão","name_region":"Nordeste","name_muni":"Buritirana","code_state":21,"code_region":2,"year":2020}},{"type":"Polygon","arcs":[[344,345,346,347,348,349]],"properties":{"code_muni":2102374,"abbrev_state":"MA","name_state":"Maranhão","name_region":"Nordeste","name_muni":"Cachoeira Grande","code_state":21,"code_region":2,"year":2020}},{"type":"MultiPolygon","arcs":[[[350,351,352,353]],[[354]],[[355,356,357,358,359,-181]]],"properties":{"code_muni":2102408,"abbrev_state":"MA","name_state":"Maranhão","name_region":"Nordeste","name_muni":"Cajapió","code_state":21,"code_region":2,"year":2020}},{"type":"Polygon","arcs":[[360,361,362,363,364,365,-135,366,367]],"properties":{"code_muni":2102507,"abbrev_state":"MA","name_state":"Maranhão","name_region":"Nordeste","name_muni":"Cajari","code_state":21,"code_region":2,"year":2020}},{"type":"Polygon","arcs":[[368,369,370,371,372,373]],"properties":{"code_muni":2102556,"abbrev_state":"MA","name_state":"Maranhão","name_region":"Nordeste","name_muni":"Campestre do Maranhão","code_state":21,"code_region":2,"year":2020}},{"type":"MultiPolygon","arcs":[[[374,375,376,-60,377,378,379,380,381,382,383]],[[384]]],"properties":{"code_muni":2102606,"abbrev_state":"MA","name_state":"Maranhão","name_region":"Nordeste","name_muni":"Cândido Mendes","code_state":21,"code_region":2,"year":2020}},{"type":"Polygon","arcs":[[385,386,387,388,389,390,391,392]],"properties":{"code_muni":2102705,"abbrev_state":"MA","name_state":"Maranhão","name_region":"Nordeste","name_muni":"Cantanhede","code_state":21,"code_region":2,"year":2020}},{"type":"Polygon","arcs":[[393,394,395,396,397,398]],"properties":{"code_muni":2102754,"abbrev_state":"MA","name_state":"Maranhão","name_region":"Nordeste","name_muni":"Capinzal do Norte","code_state":21,"code_region":2,"year":2020}},{"type":"Polygon","arcs":[[399,400,401,402,403,404,405]],"properties":{"code_muni":2102804,"abbrev_state":"MA","name_state":"Maranhão","name_region":"Nordeste","name_muni":"Carolina","code_state":21,"code_region":2,"year":2020}},{"type":"Polygon","arcs":[[406,-270,407,-63,408,409]],"properties":{"code_muni":2102903,"abbrev_state":"MA","name_state":"Maranhão","name_region":"Nordeste","name_muni":"Carutapera","code_state":21,"code_region":2,"year":2020}},{"type":"Polygon","arcs":[[410,411,-28,412,413,414,415,416,417,418,419,420,421,422]],"properties":{"code_muni":2103000,"abbrev_state":"MA","name_state":"Maranhão","name_region":"Nordeste","name_muni":"Caxias","code_state":21,"code_region":2,"year":2020}},{"type":"Polygon","arcs":[[423,424,425,426,427,428,429,430,431]],"properties":{"code_muni":2103109,"abbrev_state":"MA","name_state":"Maranhão","name_region":"Nordeste","name_muni":"Cedral","code_state":21,"code_region":2,"year":2020}},{"type":"Polygon","arcs":[[432,433,434,435,436,-256,437,438,439,440]],"properties":{"code_muni":2103125,"abbrev_state":"MA","name_state":"Maranhão","name_region":"Nordeste","name_muni":"Central do Maranhão","code_state":21,"code_region":2,"year":2020}},{"type":"Polygon","arcs":[[441,442,443,444,445,446,447,448,449,450,451,452]],"properties":{"code_muni":2103158,"abbrev_state":"MA","name_state":"Maranhão","name_region":"Nordeste","name_muni":"Centro do Guilherme","code_state":21,"code_region":2,"year":2020}},{"type":"Polygon","arcs":[[453,454,455,456,-273,457,458,459,460,461,462,-444,463,464]],"properties":{"code_muni":2103174,"abbrev_state":"MA","name_state":"Maranhão","name_region":"Nordeste","name_muni":"Centro Novo do Maranhão","code_state":21,"code_region":2,"year":2020}},{"type":"Polygon","arcs":[[465,466,467,468,469,470,471,472,473,474,475,476]],"properties":{"code_muni":2103208,"abbrev_state":"MA","name_state":"Maranhão","name_region":"Nordeste","name_muni":"Chapadinha","code_state":21,"code_region":2,"year":2020}},{"type":"Polygon","arcs":[[477,478,479,480,481,-3]],"properties":{"code_muni":2103257,"abbrev_state":"MA","name_state":"Maranhão","name_region":"Nordeste","name_muni":"Cidelândia","code_state":21,"code_region":2,"year":2020}},{"type":"Polygon","arcs":[[482,-470,483,484,485,486,487,488,-399,489,490,491,492,493,494,495,496,497,498,-414,499,-26]],"properties":{"code_muni":2103307,"abbrev_state":"MA","name_state":"Maranhão","name_region":"Nordeste","name_muni":"Codó","code_state":21,"code_region":2,"year":2020}},{"type":"Polygon","arcs":[[-320,500,501,-14,502,-412,503,504]],"properties":{"code_muni":2103406,"abbrev_state":"MA","name_state":"Maranhão","name_region":"Nordeste","name_muni":"Coelho Neto","code_state":21,"code_region":2,"year":2020}},{"type":"Polygon","arcs":[[505,506,507,508,509,510,511,512,513,514,515,516,517,518,519,-325]],"properties":{"code_muni":2103505,"abbrev_state":"MA","name_state":"Maranhão","name_region":"Nordeste","name_muni":"Colinas","code_state":21,"code_region":2,"year":2020}},{"type":"Polygon","arcs":[[520,521,522,523,524,525,526,527,528,-138,529,530]],"properties":{"code_muni":2103554,"abbrev_state":"MA","name_state":"Maranhão","name_region":"Nordeste","name_muni":"Conceição do Lago-Açu","code_state":21,"code_region":2,"year":2020}},{"type":"Polygon","arcs":[[531,532,533,534,-45,535,536,537,-487,538,539,540,541,542]],"properties":{"code_muni":2103604,"abbrev_state":"MA","name_state":"Maranhão","name_region":"Nordeste","name_muni":"Coroatá","code_state":21,"code_region":2,"year":2020}},{"type":"MultiPolygon","arcs":[[[543]],[[544,-110,-176,545,546]],[[547]],[[548,549,550,551,552,553,554]],[[555]],[[556]]],"properties":{"code_muni":2103703,"abbrev_state":"MA","name_state":"Maranhão","name_region":"Nordeste","name_muni":"Cururupu","code_state":21,"code_region":2,"year":2020}},{"type":"Polygon","arcs":[[557,558,559,560,561,-337,562,563]],"properties":{"code_muni":2103752,"abbrev_state":"MA","name_state":"Maranhão","name_region":"Nordeste","name_muni":"Davinópolis","code_state":21,"code_region":2,"year":2020}},{"type":"Polygon","arcs":[[564,565,566,567,568,569,570,571]],"properties":{"code_muni":2103802,"abbrev_state":"MA","name_state":"Maranhão","name_region":"Nordeste","name_muni":"Dom Pedro","code_state":21,"code_region":2,"year":2020}},{"type":"Polygon","arcs":[[-321,-505,572]],"properties":{"code_muni":2103901,"abbrev_state":"MA","name_state":"Maranhão","name_region":"Nordeste","name_muni":"Duque Bacelar","code_state":21,"code_region":2,"year":2020}},{"type":"Polygon","arcs":[[573,574,575,576,577,578,579,580,581,582]],"properties":{"code_muni":2104008,"abbrev_state":"MA","name_state":"Maranhão","name_region":"Nordeste","name_muni":"Esperantinópolis","code_state":21,"code_region":2,"year":2020}},{"type":"Polygon","arcs":[[583,584,-406,585,586,587,588,589]],"properties":{"code_muni":2104057,"abbrev_state":"MA","name_state":"Maranhão","name_region":"Nordeste","name_muni":"Estreito","code_state":21,"code_region":2,"year":2020}},{"type":"Polygon","arcs":[[590,591,592,-402,593,594,595,596]],"properties":{"code_muni":2104073,"abbrev_state":"MA","name_state":"Maranhão","name_region":"Nordeste","name_muni":"Feira Nova do Maranhão","code_state":21,"code_region":2,"year":2020}},{"type":"Polygon","arcs":[[597,-211,598,599,600,601,602,603,604,605]],"properties":{"code_muni":2104081,"abbrev_state":"MA","name_state":"Maranhão","name_region":"Nordeste","name_muni":"Fernando Falcão","code_state":21,"code_region":2,"year":2020}},{"type":"Polygon","arcs":[[606,607,608,609,610,611,612,613,614,615,616,-602,617,618]],"properties":{"code_muni":2104099,"abbrev_state":"MA","name_state":"Maranhão","name_region":"Nordeste","name_muni":"Formosa da Serra Negra","code_state":21,"code_region":2,"year":2020}},{"type":"Polygon","arcs":[[619,-612,620,621,622,623,624,625,626,627,-614]],"properties":{"code_muni":2104107,"abbrev_state":"MA","name_state":"Maranhão","name_region":"Nordeste","name_muni":"Fortaleza dos Nogueiras","code_state":21,"code_region":2,"year":2020}},{"type":"Polygon","arcs":[[628,629,630,631,-507,632,-323,633,634]],"properties":{"code_muni":2104206,"abbrev_state":"MA","name_state":"Maranhão","name_region":"Nordeste","name_muni":"Fortuna","code_state":21,"code_region":2,"year":2020}},{"type":"MultiPolygon","arcs":[[[635,636,637,638,639,640,-376]],[[641]]],"properties":{"code_muni":2104305,"abbrev_state":"MA","name_state":"Maranhão","name_region":"Nordeste","name_muni":"Godofredo Viana","code_state":21,"code_region":2,"year":2020}},{"type":"Polygon","arcs":[[-496,642,643,644,645,646,647,648,649,650,651,652]],"properties":{"code_muni":2104404,"abbrev_state":"MA","name_state":"Maranhão","name_region":"Nordeste","name_muni":"Gonçalves Dias","code_state":21,"code_region":2,"year":2020}},{"type":"Polygon","arcs":[[653,-572,654,-644,655,-494]],"properties":{"code_muni":2104503,"abbrev_state":"MA","name_state":"Maranhão","name_region":"Nordeste","name_muni":"Governador Archer","code_state":21,"code_region":2,"year":2020}},{"type":"Polygon","arcs":[[656,657,658,659,660,-339,661,-561,662,663]],"properties":{"code_muni":2104552,"abbrev_state":"MA","name_state":"Maranhão","name_region":"Nordeste","name_muni":"Governador Edison Lobão","code_state":21,"code_region":2,"year":2020}},{"type":"Polygon","arcs":[[-650,664,665,666,667,-635,668,669,670,671]],"properties":{"code_muni":2104602,"abbrev_state":"MA","name_state":"Maranhão","name_region":"Nordeste","name_muni":"Governador Eugênio Barros","code_state":21,"code_region":2,"year":2020}},{"type":"Polygon","arcs":[[672,-667,673,674,675,676,-629]],"properties":{"code_muni":2104628,"abbrev_state":"MA","name_state":"Maranhão","name_region":"Nordeste","name_muni":"Governador Luiz Rocha","code_state":21,"code_region":2,"year":2020}},{"type":"Polygon","arcs":[[677,678,679,680,681,682,-289,683,684,685]],"properties":{"code_muni":2104651,"abbrev_state":"MA","name_state":"Maranhão","name_region":"Nordeste","name_muni":"Governador Newton Bello","code_state":21,"code_region":2,"year":2020}},{"type":"Polygon","arcs":[[686,687,688,-450,689,-448,690,691,692,693,-381]],"properties":{"code_muni":2104677,"abbrev_state":"MA","name_state":"Maranhão","name_region":"Nordeste","name_muni":"Governador Nunes Freire","code_state":21,"code_region":2,"year":2020}},{"type":"Polygon","arcs":[[-648,694,695,696,697,698,699,700]],"properties":{"code_muni":2104701,"abbrev_state":"MA","name_state":"Maranhão","name_region":"Nordeste","name_muni":"Graça Aranha","code_state":21,"code_region":2,"year":2020}},{"type":"Polygon","arcs":[[701,-81,702,703,-608,704,-619,705,-600,706,-209,707,708,709,710,711,-127]],"properties":{"code_muni":2104800,"abbrev_state":"MA","name_state":"Maranhão","name_region":"Nordeste","name_muni":"Grajaú","code_state":21,"code_region":2,"year":2020}},{"type":"Polygon","arcs":[[712,713,-431,714,715,716,-439,717,718,-262]],"properties":{"code_muni":2104909,"abbrev_state":"MA","name_state":"Maranhão","name_region":"Nordeste","name_muni":"Guimarães","code_state":21,"code_region":2,"year":2020}},{"type":"MultiPolygon","arcs":[[[719,720,721,-230,722,723]],[[724]],[[725]],[[726,727]]],"properties":{"code_muni":2105005,"abbrev_state":"MA","name_state":"Maranhão","name_region":"Nordeste","name_muni":"Humberto de Campos","code_state":21,"code_region":2,"year":2020}},{"type":"Polygon","arcs":[[728,-151,729,730,-721,731,-728]],"properties":{"code_muni":2105104,"abbrev_state":"MA","name_state":"Maranhão","name_region":"Nordeste","name_muni":"Icatu","code_state":21,"code_region":2,"year":2020}},{"type":"Polygon","arcs":[[-365,732,-242,733,734,735,736]],"properties":{"code_muni":2105153,"abbrev_state":"MA","name_state":"Maranhão","name_region":"Nordeste","name_muni":"Igarapé do Meio","code_state":21,"code_region":2,"year":2020}},{"type":"Polygon","arcs":[[737,738,739,740,-267,741]],"properties":{"code_muni":2105203,"abbrev_state":"MA","name_state":"Maranhão","name_region":"Nordeste","name_muni":"Igarapé Grande","code_state":21,"code_region":2,"year":2020}},{"type":"Polygon","arcs":[[-481,742,-664,743,-559,744,745,746,747,748,749]],"properties":{"code_muni":2105302,"abbrev_state":"MA","name_state":"Maranhão","name_region":"Nordeste","name_muni":"Imperatriz","code_state":21,"code_region":2,"year":2020}},{"type":"Polygon","arcs":[[-129,750,-711,751,752,753,-206,754,755,756,757,758]],"properties":{"code_muni":2105351,"abbrev_state":"MA","name_state":"Maranhão","name_region":"Nordeste","name_muni":"Itaipava do Grajaú","code_state":21,"code_region":2,"year":2020}},{"type":"Polygon","arcs":[[759,760,761,-96,762,763,764,765,766,767,768,769]],"properties":{"code_muni":2105401,"abbrev_state":"MA","name_state":"Maranhão","name_region":"Nordeste","name_muni":"Itapecuru Mirim","code_state":21,"code_region":2,"year":2020}},{"type":"Polygon","arcs":[[770,-1,-275,771,-456]],"properties":{"code_muni":2105427,"abbrev_state":"MA","name_state":"Maranhão","name_region":"Nordeste","name_muni":"Itinga do Maranhão","code_state":21,"code_region":2,"year":2020}},{"type":"Polygon","arcs":[[772,773,-511,774,-509,775]],"properties":{"code_muni":2105450,"abbrev_state":"MA","name_state":"Maranhão","name_region":"Nordeste","name_muni":"Jatobá","code_state":21,"code_region":2,"year":2020}},{"type":"Polygon","arcs":[[776,-709,777,-207,778,-753]],"properties":{"code_muni":2105476,"abbrev_state":"MA","name_state":"Maranhão","name_region":"Nordeste","name_muni":"Jenipapo dos Vieiras","code_state":21,"code_region":2,"year":2020}},{"type":"Polygon","arcs":[[779,-5,780,781,-748,782,783,784,785,786,-71]],"properties":{"code_muni":2105500,"abbrev_state":"MA","name_state":"Maranhão","name_region":"Nordeste","name_muni":"João Lisboa","code_state":21,"code_region":2,"year":2020}},{"type":"Polygon","arcs":[[-581,787,788,-217,789,-215,790,791,792,793,794]],"properties":{"code_muni":2105609,"abbrev_state":"MA","name_state":"Maranhão","name_region":"Nordeste","name_muni":"Joselândia","code_state":21,"code_region":2,"year":2020}},{"type":"Polygon","arcs":[[795,-408,-269,796,-454,797,-65]],"properties":{"code_muni":2105658,"abbrev_state":"MA","name_state":"Maranhão","name_region":"Nordeste","name_muni":"Junco do Maranhão","code_state":21,"code_region":2,"year":2020}},{"type":"Polygon","arcs":[[798,799,800,801,802,803,804,805,806,807,-578,808,809,810,811,812,813,-300]],"properties":{"code_muni":2105708,"abbrev_state":"MA","name_state":"Maranhão","name_region":"Nordeste","name_muni":"Lago da Pedra","code_state":21,"code_region":2,"year":2020}},{"type":"Polygon","arcs":[[-302,814,-813,815,816,817,-739,818,819]],"properties":{"code_muni":2105807,"abbrev_state":"MA","name_state":"Maranhão","name_region":"Nordeste","name_muni":"Lago do Junco","code_state":21,"code_region":2,"year":2020}},{"type":"Polygon","arcs":[[820,-524,821,822,823,824,825,-153,826,827]],"properties":{"code_muni":2105906,"abbrev_state":"MA","name_state":"Maranhão","name_region":"Nordeste","name_muni":"Lago Verde","code_state":21,"code_region":2,"year":2020}},{"type":"Polygon","arcs":[[-329,828,829,830,831,832,833,834,835,836,837,838]],"properties":{"code_muni":2105922,"abbrev_state":"MA","name_state":"Maranhão","name_region":"Nordeste","name_muni":"Lagoa do Mato","code_state":21,"code_region":2,"year":2020}},{"type":"Polygon","arcs":[[839,840,841,842,843,-740,-818]],"properties":{"code_muni":2105948,"abbrev_state":"MA","name_state":"Maranhão","name_region":"Nordeste","name_muni":"Lago dos Rodrigues","code_state":21,"code_region":2,"year":2020}},{"type":"Polygon","arcs":[[844,845,846,-131,847,-758,848,849,850,-804,851]],"properties":{"code_muni":2105963,"abbrev_state":"MA","name_state":"Maranhão","name_region":"Nordeste","name_muni":"Lagoa Grande do Maranhão","code_state":21,"code_region":2,"year":2020}},{"type":"Polygon","arcs":[[852,853,-372,854,855,856,857,858,859,860]],"properties":{"code_muni":2105989,"abbrev_state":"MA","name_state":"Maranhão","name_region":"Nordeste","name_muni":"Lajeado Novo","code_state":21,"code_region":2,"year":2020}},{"type":"Polygon","arcs":[[861,862,863,864,-395,865]],"properties":{"code_muni":2106003,"abbrev_state":"MA","name_state":"Maranhão","name_region":"Nordeste","name_muni":"Lima Campos","code_state":21,"code_region":2,"year":2020}},{"type":"Polygon","arcs":[[866,867,868,869,870,871,872]],"properties":{"code_muni":2106102,"abbrev_state":"MA","name_state":"Maranhão","name_region":"Nordeste","name_muni":"Loreto","code_state":21,"code_region":2,"year":2020}},{"type":"MultiPolygon","arcs":[[[873,-410,874,-640,875]],[[876,-637]],[[877]]],"properties":{"code_muni":2106201,"abbrev_state":"MA","name_state":"Maranhão","name_region":"Nordeste","name_muni":"Luís Domingues","code_state":21,"code_region":2,"year":2020}},{"type":"Polygon","arcs":[[878,-122,879]],"properties":{"code_muni":2106300,"abbrev_state":"MA","name_state":"Maranhão","name_region":"Nordeste","name_muni":"Magalhães de Almeida","code_state":21,"code_region":2,"year":2020}},{"type":"Polygon","arcs":[[-66,-798,-465,880,-442,881,-452,882,-688,883,-379,884]],"properties":{"code_muni":2106326,"abbrev_state":"MA","name_state":"Maranhão","name_region":"Nordeste","name_muni":"Maracaçumé","code_state":21,"code_region":2,"year":2020}},{"type":"Polygon","arcs":[[885,-133,886,-846,887,888,-802,889,890,891]],"properties":{"code_muni":2106359,"abbrev_state":"MA","name_state":"Maranhão","name_region":"Nordeste","name_muni":"Marajá do Sena","code_state":21,"code_region":2,"year":2020}},{"type":"Polygon","arcs":[[-692,892,-446,893,-462,894,895,896,897,898]],"properties":{"code_muni":2106375,"abbrev_state":"MA","name_state":"Maranhão","name_region":"Nordeste","name_muni":"Maranhãozinho","code_state":21,"code_region":2,"year":2020}},{"type":"Polygon","arcs":[[899,900,-474,901,902,-100]],"properties":{"code_muni":2106409,"abbrev_state":"MA","name_state":"Maranhão","name_region":"Nordeste","name_muni":"Mata Roma","code_state":21,"code_region":2,"year":2020}},{"type":"Polygon","arcs":[[903,904,905,906,907,908]],"properties":{"code_muni":2106508,"abbrev_state":"MA","name_state":"Maranhão","name_region":"Nordeste","name_muni":"Matinha","code_state":21,"code_region":2,"year":2020}},{"type":"Polygon","arcs":[[909,-422,910,911,912]],"properties":{"code_muni":2106607,"abbrev_state":"MA","name_state":"Maranhão","name_region":"Nordeste","name_muni":"Matões","code_state":21,"code_region":2,"year":2020}},{"type":"Polygon","arcs":[[913,914,915,916,917,918,919,920,-387]],"properties":{"code_muni":2106631,"abbrev_state":"MA","name_state":"Maranhão","name_region":"Nordeste","name_muni":"Matões do Norte","code_state":21,"code_region":2,"year":2020}},{"type":"Polygon","arcs":[[921,-105,922,-309,923,924]],"properties":{"code_muni":2106672,"abbrev_state":"MA","name_state":"Maranhão","name_region":"Nordeste","name_muni":"Milagres do Maranhão","code_state":21,"code_region":2,"year":2020}},{"type":"Polygon","arcs":[[925,926,-604,927,-616,928,-627,929,930,931,932,-873,933,934,935,936,937,938,939,-516]],"properties":{"code_muni":2106706,"abbrev_state":"MA","name_state":"Maranhão","name_region":"Nordeste","name_muni":"Mirador","code_state":21,"code_region":2,"year":2020}},{"type":"Polygon","arcs":[[-764,940,941,-141,-915,942,943]],"properties":{"code_muni":2106755,"abbrev_state":"MA","name_state":"Maranhão","name_region":"Nordeste","name_muni":"Miranda do Norte","code_state":21,"code_region":2,"year":2020}},{"type":"Polygon","arcs":[[-552,944,945,946,947,948,-434,949,-441,950,-716,951,-429,952,953]],"properties":{"code_muni":2106805,"abbrev_state":"MA","name_state":"Maranhão","name_region":"Nordeste","name_muni":"Mirinzal","code_state":21,"code_region":2,"year":2020}},{"type":"Polygon","arcs":[[954,955,956,957,958,-287,959,960,961,962,963,-733,-364,964,965]],"properties":{"code_muni":2106904,"abbrev_state":"MA","name_state":"Maranhão","name_region":"Nordeste","name_muni":"Monção","code_state":21,"code_region":2,"year":2020}},{"type":"Polygon","arcs":[[966,-341,967,-660,968,969,-861,970,971,972,-77]],"properties":{"code_muni":2107001,"abbrev_state":"MA","name_state":"Maranhão","name_region":"Nordeste","name_muni":"Montes Altos","code_state":21,"code_region":2,"year":2020}},{"type":"Polygon","arcs":[[-731,973,-149,974,-350,975,976,-231,-722]],"properties":{"code_muni":2107100,"abbrev_state":"MA","name_state":"Maranhão","name_region":"Nordeste","name_muni":"Morros","code_state":21,"code_region":2,"year":2020}},{"type":"Polygon","arcs":[[977,978,979,980,981,982,983,984,985]],"properties":{"code_muni":2107209,"abbrev_state":"MA","name_state":"Maranhão","name_region":"Nordeste","name_muni":"Nina Rodrigues","code_state":21,"code_region":2,"year":2020}},{"type":"Polygon","arcs":[[-623,-595,986,-183,987]],"properties":{"code_muni":2107258,"abbrev_state":"MA","name_state":"Maranhão","name_region":"Nordeste","name_muni":"Nova Colinas","code_state":21,"code_region":2,"year":2020}},{"type":"Polygon","arcs":[[988,989,-250,990,991]],"properties":{"code_muni":2107308,"abbrev_state":"MA","name_state":"Maranhão","name_region":"Nordeste","name_muni":"Nova Iorque","code_state":21,"code_region":2,"year":2020}},{"type":"Polygon","arcs":[[992,993,994,-461,995,996,997,-116]],"properties":{"code_muni":2107357,"abbrev_state":"MA","name_state":"Maranhão","name_region":"Nordeste","name_muni":"Nova Olinda do Maranhão","code_state":21,"code_region":2,"year":2020}},{"type":"Polygon","arcs":[[998,999,1000,1001,1002,1003,-294,1004,-825,1005]],"properties":{"code_muni":2107407,"abbrev_state":"MA","name_state":"Maranhão","name_region":"Nordeste","name_muni":"Olho d'Água das Cunhãs","code_state":21,"code_region":2,"year":2020}},{"type":"Polygon","arcs":[[1006,1007,1008,-909,1009,1010,1011,1012]],"properties":{"code_muni":2107456,"abbrev_state":"MA","name_state":"Maranhão","name_region":"Nordeste","name_muni":"Olinda Nova do Maranhão","code_state":21,"code_region":2,"year":2020}},{"type":"Polygon","arcs":[[1013,1014,1015,1016]],"properties":{"code_muni":2107506,"abbrev_state":"MA","name_state":"Maranhão","name_region":"Nordeste","name_muni":"Paço do Lumiar","code_state":21,"code_region":2,"year":2020}},{"type":"Polygon","arcs":[[1017,1018,1019,1020,1021,1022]],"properties":{"code_muni":2107605,"abbrev_state":"MA","name_state":"Maranhão","name_region":"Nordeste","name_muni":"Palmeirândia","code_state":21,"code_region":2,"year":2020}},{"type":"Polygon","arcs":[[1023,1024,1025,1026,1027,1028]],"properties":{"code_muni":2107704,"abbrev_state":"MA","name_state":"Maranhão","name_region":"Nordeste","name_muni":"Paraibano","code_state":21,"code_region":2,"year":2020}},{"type":"Polygon","arcs":[[-420,1029,1030,1031,-670,1032,-331,1033,-838,1034,1035,-912,1036]],"properties":{"code_muni":2107803,"abbrev_state":"MA","name_state":"Maranhão","name_region":"Nordeste","name_muni":"Parnarama","code_state":21,"code_region":2,"year":2020}},{"type":"Polygon","arcs":[[1037,-327,1038,-519,1039,-1024,1040,1041,1042,-830]],"properties":{"code_muni":2107902,"abbrev_state":"MA","name_state":"Maranhão","name_region":"Nordeste","name_muni":"Passagem Franca","code_state":21,"code_region":2,"year":2020}},{"type":"Polygon","arcs":[[1043,1044,1045,1046,-253,1047,1048,-989,1049,1050,-1027]],"properties":{"code_muni":2108009,"abbrev_state":"MA","name_state":"Maranhão","name_region":"Nordeste","name_muni":"Pastos Bons","code_state":21,"code_region":2,"year":2020}},{"type":"Polygon","arcs":[[1051,-228,1052,1053,1054,1055]],"properties":{"code_muni":2108058,"abbrev_state":"MA","name_state":"Maranhão","name_region":"Nordeste","name_muni":"Paulino Neves","code_state":21,"code_region":2,"year":2020}},{"type":"Polygon","arcs":[[1056,1057,-311,1058,1059,-891,1060,-800,1061,-298]],"properties":{"code_muni":2108108,"abbrev_state":"MA","name_state":"Maranhão","name_region":"Nordeste","name_muni":"Paulo Ramos","code_state":21,"code_region":2,"year":2020}},{"type":"Polygon","arcs":[[1062,1063,-264,1064,1065,1066,-863,1067]],"properties":{"code_muni":2108207,"abbrev_state":"MA","name_state":"Maranhão","name_region":"Nordeste","name_muni":"Pedreiras","code_state":21,"code_region":2,"year":2020}},{"type":"Polygon","arcs":[[1068,1069,1070,1071,1072,1073,1074,1075,1076,1077,1078,1079,1080,1081,1082]],"properties":{"code_muni":2108256,"abbrev_state":"MA","name_state":"Maranhão","name_region":"Nordeste","name_muni":"Pedro do Rosário","code_state":21,"code_region":2,"year":2020}},{"type":"Polygon","arcs":[[1083,1084,1085,-966,1086,-362,1087,1088]],"properties":{"code_muni":2108306,"abbrev_state":"MA","name_state":"Maranhão","name_region":"Nordeste","name_muni":"Penalva","code_state":21,"code_region":2,"year":2020}},{"type":"Polygon","arcs":[[1089,1090,-1023,1091,1092,-179,1093,1094,-259]],"properties":{"code_muni":2108405,"abbrev_state":"MA","name_state":"Maranhão","name_region":"Nordeste","name_muni":"Peri Mirim","code_state":21,"code_region":2,"year":2020}},{"type":"Polygon","arcs":[[1095,-41,1096,-866,1097,1098,-537,1099,-43]],"properties":{"code_muni":2108454,"abbrev_state":"MA","name_state":"Maranhão","name_region":"Nordeste","name_muni":"Peritoró","code_state":21,"code_region":2,"year":2020}},{"type":"Polygon","arcs":[[1100,-285,1101,1102,1103,1104,1105,1106,-961]],"properties":{"code_muni":2108504,"abbrev_state":"MA","name_state":"Maranhão","name_region":"Nordeste","name_muni":"Pindaré-Mirim","code_state":21,"code_region":2,"year":2020}},{"type":"Polygon","arcs":[[1107,1108,1109,1110,1111,-1081,1112,1113,1114,-1019,1115,-1090,-258,1116,-436,1117,-948,1118]],"properties":{"code_muni":2108603,"abbrev_state":"MA","name_state":"Maranhão","name_region":"Nordeste","name_muni":"Pinheiro","code_state":21,"code_region":2,"year":2020}},{"type":"Polygon","arcs":[[-735,1119,1120,1121,1122,-999,1123,-823,1124,-522,1125,1126,1127]],"properties":{"code_muni":2108702,"abbrev_state":"MA","name_state":"Maranhão","name_region":"Nordeste","name_muni":"Pio Xii","code_state":21,"code_region":2,"year":2020}},{"type":"Polygon","arcs":[[-389,1128,-920,1129,1130,-532,1131,1132,1133]],"properties":{"code_muni":2108801,"abbrev_state":"MA","name_state":"Maranhão","name_region":"Nordeste","name_muni":"Pirapemas","code_state":21,"code_region":2,"year":2020}},{"type":"Polygon","arcs":[[-263,1134,-843,1135,-810,1136,-576,1137,-574,1138,-1065]],"properties":{"code_muni":2108900,"abbrev_state":"MA","name_state":"Maranhão","name_region":"Nordeste","name_muni":"Poção de Pedras","code_state":21,"code_region":2,"year":2020}},{"type":"Polygon","arcs":[[-856,1139,-370,1140,-584,1141,1142,1143]],"properties":{"code_muni":2109007,"abbrev_state":"MA","name_state":"Maranhão","name_region":"Nordeste","name_muni":"Porto Franco","code_state":21,"code_region":2,"year":2020}},{"type":"Polygon","arcs":[[1144,-555,1145,-553,-954,1146,-427,1147,-425]],"properties":{"code_muni":2109056,"abbrev_state":"MA","name_state":"Maranhão","name_region":"Nordeste","name_muni":"Porto Rico do Maranhão","code_state":21,"code_region":2,"year":2020}},{"type":"Polygon","arcs":[[1148,1149,1150,1151,1152,1153,1154,1155,1156,1157,1158,1159,-696,1160,-646,1161,-571]],"properties":{"code_muni":2109106,"abbrev_state":"MA","name_state":"Maranhão","name_region":"Nordeste","name_muni":"Presidente Dutra","code_state":21,"code_region":2,"year":2020}},{"type":"Polygon","arcs":[[1162,-147,1163,1164,1165,-760,1166,1167,-346]],"properties":{"code_muni":2109205,"abbrev_state":"MA","name_state":"Maranhão","name_region":"Nordeste","name_muni":"Presidente Juscelino","code_state":21,"code_region":2,"year":2020}},{"type":"Polygon","arcs":[[1168,-898,1169,1170,1171,1172,1173,1174]],"properties":{"code_muni":2109239,"abbrev_state":"MA","name_state":"Maranhão","name_region":"Nordeste","name_muni":"Presidente Médici","code_state":21,"code_region":2,"year":2020}},{"type":"Polygon","arcs":[[-1111,1175,1176,1177,1178,1179,-1083,1180]],"properties":{"code_muni":2109270,"abbrev_state":"MA","name_state":"Maranhão","name_region":"Nordeste","name_muni":"Presidente Sarney","code_state":21,"code_region":2,"year":2020}},{"type":"Polygon","arcs":[[1181,1182,-769,1183,1184,1185,-980,1186]],"properties":{"code_muni":2109304,"abbrev_state":"MA","name_state":"Maranhão","name_region":"Nordeste","name_muni":"Presidente Vargas","code_state":21,"code_region":2,"year":2020}},{"type":"Polygon","arcs":[[1187,-724,1188,1189,1190,1191,-221,1192,1193]],"properties":{"code_muni":2109403,"abbrev_state":"MA","name_state":"Maranhão","name_region":"Nordeste","name_muni":"Primeira Cruz","code_state":21,"code_region":2,"year":2020}},{"type":"Polygon","arcs":[[1194,-1017,1195]],"properties":{"code_muni":2109452,"abbrev_state":"MA","name_state":"Maranhão","name_region":"Nordeste","name_muni":"Raposa","code_state":21,"code_region":2,"year":2020}},{"type":"Polygon","arcs":[[-987,-594,-401,1196,-186,1197,-184]],"properties":{"code_muni":2109502,"abbrev_state":"MA","name_state":"Maranhão","name_region":"Nordeste","name_muni":"Riachão","code_state":21,"code_region":2,"year":2020}},{"type":"Polygon","arcs":[[1198,-374,1199,-853,-970,1200,-658]],"properties":{"code_muni":2109551,"abbrev_state":"MA","name_state":"Maranhão","name_region":"Nordeste","name_muni":"Ribamar Fiquene","code_state":21,"code_region":2,"year":2020}},{"type":"Polygon","arcs":[[1201,1202,-166,1203,1204,-1164,-146]],"properties":{"code_muni":2109601,"abbrev_state":"MA","name_state":"Maranhão","name_region":"Nordeste","name_muni":"Rosário","code_state":21,"code_region":2,"year":2020}},{"type":"Polygon","arcs":[[-933,1205,1206,1207,-191,1208,1209,1210,1211,-867]],"properties":{"code_muni":2109700,"abbrev_state":"MA","name_state":"Maranhão","name_region":"Nordeste","name_muni":"Sambaíba","code_state":21,"code_region":2,"year":2020}},{"type":"Polygon","arcs":[[1212,1213,1214,1215,-1156,1216,-1154,1217,1218]],"properties":{"code_muni":2109759,"abbrev_state":"MA","name_state":"Maranhão","name_region":"Nordeste","name_muni":"Santa Filomena do Maranhão","code_state":21,"code_region":2,"year":2020}},{"type":"Polygon","arcs":[[1219,1220,1221,1222,1223,1224,-1070,1225,-1179,1226,-1177,1227,-1109,1228,1229]],"properties":{"code_muni":2109809,"abbrev_state":"MA","name_state":"Maranhão","name_region":"Nordeste","name_muni":"Santa Helena","code_state":21,"code_region":2,"year":2020}},{"type":"Polygon","arcs":[[1230,1231,1232,1233,1234,-36,1235,1236,1237,1238,1239,-237,1240,-963,1241,-1106]],"properties":{"code_muni":2109908,"abbrev_state":"MA","name_state":"Maranhão","name_region":"Nordeste","name_muni":"Santa Inês","code_state":21,"code_region":2,"year":2020}},{"type":"Polygon","arcs":[[1242,1243,-51,1244,-334,-85,1245,-124,1246,1247,1248,-315,1249,-30,1250,-1234]],"properties":{"code_muni":2110005,"abbrev_state":"MA","name_state":"Maranhão","name_region":"Nordeste","name_muni":"Santa Luzia","code_state":21,"code_region":2,"year":2020}},{"type":"Polygon","arcs":[[-1224,1251,-1171,1252,-896,1253,-994,1254]],"properties":{"code_muni":2110039,"abbrev_state":"MA","name_state":"Maranhão","name_region":"Nordeste","name_muni":"Santa Luzia do Paruá","code_state":21,"code_region":2,"year":2020}},{"type":"Polygon","arcs":[[1255,1256,1257,1258,1259,1260,-925,1261,1262,1263,1264]],"properties":{"code_muni":2110104,"abbrev_state":"MA","name_state":"Maranhão","name_region":"Nordeste","name_muni":"Santa Quitéria do Maranhão","code_state":21,"code_region":2,"year":2020}},{"type":"Polygon","arcs":[[-165,1265,1266,-98,1267,-761,-1166,1268,-1204]],"properties":{"code_muni":2110203,"abbrev_state":"MA","name_state":"Maranhão","name_region":"Nordeste","name_muni":"Santa Rita","code_state":21,"code_region":2,"year":2020}},{"type":"Polygon","arcs":[[1269,-226,1270,-1264,1271,1272,1273]],"properties":{"code_muni":2110237,"abbrev_state":"MA","name_state":"Maranhão","name_region":"Nordeste","name_muni":"Santana do Maranhão","code_state":21,"code_region":2,"year":2020}},{"type":"Polygon","arcs":[[1274,-1194,1275,-219]],"properties":{"code_muni":2110278,"abbrev_state":"MA","name_state":"Maranhão","name_region":"Nordeste","name_muni":"Santo Amaro do Maranhão","code_state":21,"code_region":2,"year":2020}},{"type":"Polygon","arcs":[[1276,-864,-1067,1277,1278,-567,1279,-491,1280,-397]],"properties":{"code_muni":2110302,"abbrev_state":"MA","name_state":"Maranhão","name_region":"Nordeste","name_muni":"Santo Antônio dos Lopes","code_state":21,"code_region":2,"year":2020}},{"type":"Polygon","arcs":[[1281,-232,-977,1282,-986,1283,-984,-466,1284]],"properties":{"code_muni":2110401,"abbrev_state":"MA","name_state":"Maranhão","name_region":"Nordeste","name_muni":"São Benedito do Rio Preto","code_state":21,"code_region":2,"year":2020}},{"type":"Polygon","arcs":[[1285,-1021,1286,-1114,1287,-1079,1288,1289,1290,-180,-1093]],"properties":{"code_muni":2110500,"abbrev_state":"MA","name_state":"Maranhão","name_region":"Nordeste","name_muni":"São Bento","code_state":21,"code_region":2,"year":2020}},{"type":"Polygon","arcs":[[-880,-121,-1273,1291,1292]],"properties":{"code_muni":2110609,"abbrev_state":"MA","name_state":"Maranhão","name_region":"Nordeste","name_muni":"São Bernardo","code_state":21,"code_region":2,"year":2020}},{"type":"Polygon","arcs":[[1293,-937,1294,1295,1296,-246,1297,-244,1298,-1046,1299]],"properties":{"code_muni":2110658,"abbrev_state":"MA","name_state":"Maranhão","name_region":"Nordeste","name_muni":"São Domingos do Azeitão","code_state":21,"code_region":2,"year":2020}},{"type":"Polygon","arcs":[[1300,-1159,1301,-1214,1302,1303,1304,1305,1306,-513,1307,-773,-631,1308,-676,1309,-698]],"properties":{"code_muni":2110708,"abbrev_state":"MA","name_state":"Maranhão","name_region":"Nordeste","name_muni":"São Domingos do Maranhão","code_state":21,"code_region":2,"year":2020}},{"type":"Polygon","arcs":[[1310,-871,1311,-869,1312,-248,1313,-1296,1314,-935]],"properties":{"code_muni":2110807,"abbrev_state":"MA","name_state":"Maranhão","name_region":"Nordeste","name_muni":"São Félix de Balsas","code_state":21,"code_region":2,"year":2020}},{"type":"Polygon","arcs":[[-482,-750,1315,-781,-4]],"properties":{"code_muni":2110856,"abbrev_state":"MA","name_state":"Maranhão","name_region":"Nordeste","name_muni":"São Francisco do Brejão","code_state":21,"code_region":2,"year":2020}},{"type":"Polygon","arcs":[[1316,1317,-836,1318,1319,1320,-196]],"properties":{"code_muni":2110906,"abbrev_state":"MA","name_state":"Maranhão","name_region":"Nordeste","name_muni":"São Francisco do Maranhão","code_state":21,"code_region":2,"year":2020}},{"type":"Polygon","arcs":[[1321,1322,1323,-1011,1324,-907,1325,1326,1327,-89,1328,-352,1329,-359]],"properties":{"code_muni":2111003,"abbrev_state":"MA","name_state":"Maranhão","name_region":"Nordeste","name_muni":"São João Batista","code_state":21,"code_region":2,"year":2020}},{"type":"Polygon","arcs":[[1330,1331,-458,-272,1332,-682]],"properties":{"code_muni":2111029,"abbrev_state":"MA","name_state":"Maranhão","name_region":"Nordeste","name_muni":"São João do Carú","code_state":21,"code_region":2,"year":2020}},{"type":"Polygon","arcs":[[1333,-1143,1334,-589,1335,1336,1337,1338,-858]],"properties":{"code_muni":2111052,"abbrev_state":"MA","name_state":"Maranhão","name_region":"Nordeste","name_muni":"São João do Paraíso","code_state":21,"code_region":2,"year":2020}},{"type":"Polygon","arcs":[[-416,1339,-498,1340,1341,1342]],"properties":{"code_muni":2111078,"abbrev_state":"MA","name_state":"Maranhão","name_region":"Nordeste","name_muni":"São João do Soter","code_state":21,"code_region":2,"year":2020}},{"type":"Polygon","arcs":[[1343,-1029,1344,-1050,-992,1345,1346,1347]],"properties":{"code_muni":2111102,"abbrev_state":"MA","name_state":"Maranhão","name_region":"Nordeste","name_muni":"São João dos Patos","code_state":21,"code_region":2,"year":2020}},{"type":"Polygon","arcs":[[1348,1349,1350,1351,-1015]],"properties":{"code_muni":2111201,"abbrev_state":"MA","name_state":"Maranhão","name_region":"Nordeste","name_muni":"São José de Ribamar","code_state":21,"code_region":2,"year":2020}},{"type":"Polygon","arcs":[[1352,-794,1353,1354,1355,-1150,1356,-569,1357,-1278,1358]],"properties":{"code_muni":2111250,"abbrev_state":"MA","name_state":"Maranhão","name_region":"Nordeste","name_muni":"São José dos Basílios","code_state":21,"code_region":2,"year":2020}},{"type":"Polygon","arcs":[[1359,-163,1360,-168,1361,1362,-1350]],"properties":{"code_muni":2111300,"abbrev_state":"MA","name_state":"Maranhão","name_region":"Nordeste","name_muni":"São Luís","code_state":21,"code_region":2,"year":2020}},{"type":"Polygon","arcs":[[-40,1363,-159,-820,1364,1365,-1068,-862,-1097]],"properties":{"code_muni":2111409,"abbrev_state":"MA","name_state":"Maranhão","name_region":"Nordeste","name_muni":"São Luís Gonzaga do Maranhão","code_state":21,"code_region":2,"year":2020}},{"type":"Polygon","arcs":[[-526,1366,-828,1367,-161,1368,-534,1369,1370,-918,1371]],"properties":{"code_muni":2111508,"abbrev_state":"MA","name_state":"Maranhão","name_region":"Nordeste","name_muni":"São Mateus do Maranhão","code_state":21,"code_region":2,"year":2020}},{"type":"Polygon","arcs":[[1372,1373]],"properties":{"code_muni":2111532,"abbrev_state":"MA","name_state":"Maranhão","name_region":"Nordeste","name_muni":"São Pedro da Água Branca","code_state":21,"code_region":2,"year":2020}},{"type":"Polygon","arcs":[[1374,-587,1375,-404,1376,-592,1377,-597,1378,1379,-610,1380,1381,1382,-1337]],"properties":{"code_muni":2111573,"abbrev_state":"MA","name_state":"Maranhão","name_region":"Nordeste","name_muni":"São Pedro dos Crentes","code_state":21,"code_region":2,"year":2020}},{"type":"Polygon","arcs":[[1383,-625,1384,-195,1385,-193,1386,-1207,1387,-931]],"properties":{"code_muni":2111607,"abbrev_state":"MA","name_state":"Maranhão","name_region":"Nordeste","name_muni":"São Raimundo das Mangabeiras","code_state":21,"code_region":2,"year":2020}},{"type":"Polygon","arcs":[[1388,-806,1389,-850,1390,-756,1391,-204,1392,1393]],"properties":{"code_muni":2111631,"abbrev_state":"MA","name_state":"Maranhão","name_region":"Nordeste","name_muni":"São Raimundo do Doca Bezerra","code_state":21,"code_region":2,"year":2020}},{"type":"Polygon","arcs":[[-579,-808,1394,-1394,1395,-202,1396,1397]],"properties":{"code_muni":2111672,"abbrev_state":"MA","name_state":"Maranhão","name_region":"Nordeste","name_muni":"São Roberto","code_state":21,"code_region":2,"year":2020}},{"type":"Polygon","arcs":[[1398,-1077,1399,1400,-1013,1401,-1323,1402,-357,1403,-1290]],"properties":{"code_muni":2111706,"abbrev_state":"MA","name_state":"Maranhão","name_region":"Nordeste","name_muni":"São Vicente Ferrer","code_state":21,"code_region":2,"year":2020}},{"type":"Polygon","arcs":[[-239,1404,-1239,1405,1406,1407,-1001,1408,-1122,1409]],"properties":{"code_muni":2111722,"abbrev_state":"MA","name_state":"Maranhão","name_region":"Nordeste","name_muni":"Satubinha","code_state":21,"code_region":2,"year":2020}},{"type":"Polygon","arcs":[[1410,1411,-651,-672,1412,-1031,1413,-418]],"properties":{"code_muni":2111748,"abbrev_state":"MA","name_state":"Maranhão","name_region":"Nordeste","name_muni":"Senador Alexandre Costa","code_state":21,"code_region":2,"year":2020}},{"type":"Polygon","arcs":[[1414,-786,1415,-784,1416,-746,1417,-564,1418,-344,1419,-73]],"properties":{"code_muni":2111763,"abbrev_state":"MA","name_state":"Maranhão","name_region":"Nordeste","name_muni":"Senador La Rocque","code_state":21,"code_region":2,"year":2020}},{"type":"Polygon","arcs":[[1420,-547,1421,-174,1422,1423,1424,-1230,1425,1426,-946,-550]],"properties":{"code_muni":2111789,"abbrev_state":"MA","name_state":"Maranhão","name_region":"Nordeste","name_muni":"Serrano do Maranhão","code_state":21,"code_region":2,"year":2020}},{"type":"Polygon","arcs":[[1427,-972,1428,-859,-1339,1429,-1382,1430,1431,-79]],"properties":{"code_muni":2111805,"abbrev_state":"MA","name_state":"Maranhão","name_region":"Nordeste","name_muni":"Sítio Novo","code_state":21,"code_region":2,"year":2020}},{"type":"Polygon","arcs":[[-1044,1432,-939,1433,1434]],"properties":{"code_muni":2111904,"abbrev_state":"MA","name_state":"Maranhão","name_region":"Nordeste","name_muni":"Sucupira do Norte","code_state":21,"code_region":2,"year":2020}},{"type":"Polygon","arcs":[[1435,-832,1436,-1042,1437,-1348,1438,-198,1439,-1320,1440,-834]],"properties":{"code_muni":2111953,"abbrev_state":"MA","name_state":"Maranhão","name_region":"Nordeste","name_muni":"Sucupira do Riachão","code_state":21,"code_region":2,"year":2020}},{"type":"Polygon","arcs":[[1441,1442,-189,1443,-55,1444,-59,1445,-1211]],"properties":{"code_muni":2112001,"abbrev_state":"MA","name_state":"Maranhão","name_region":"Nordeste","name_muni":"Tasso Fragoso","code_state":21,"code_region":2,"year":2020}},{"type":"Polygon","arcs":[[-468,1446,1447,-540,1448,-485,1449]],"properties":{"code_muni":2112100,"abbrev_state":"MA","name_state":"Maranhão","name_region":"Nordeste","name_muni":"Timbiras","code_state":21,"code_region":2,"year":2020}},{"type":"Polygon","arcs":[[1450,-423,-910]],"properties":{"code_muni":2112209,"abbrev_state":"MA","name_state":"Maranhão","name_region":"Nordeste","name_muni":"Timon","code_state":21,"code_region":2,"year":2020}},{"type":"Polygon","arcs":[[1451,1452,1453,-265,-1064]],"properties":{"code_muni":2112233,"abbrev_state":"MA","name_state":"Maranhão","name_region":"Nordeste","name_muni":"Trizidela do Vale","code_state":21,"code_region":2,"year":2020}},{"type":"Polygon","arcs":[[-53,1454,-1243,-1233,1455,-1103,1456,-283,1457]],"properties":{"code_muni":2112274,"abbrev_state":"MA","name_state":"Maranhão","name_region":"Nordeste","name_muni":"Tufilândia","code_state":21,"code_region":2,"year":2020}},{"type":"Polygon","arcs":[[1458,-792,1459,-213,1460,-606,1461,-926,-515,1462,-1306,1463,-1304,1464,-1219,1465,-1152,1466,-1355]],"properties":{"code_muni":2112308,"abbrev_state":"MA","name_state":"Maranhão","name_region":"Nordeste","name_muni":"Tuntum","code_state":21,"code_region":2,"year":2020}},{"type":"Polygon","arcs":[[1467,-384,1468,1469,1470,1471,-170]],"properties":{"code_muni":2112407,"abbrev_state":"MA","name_state":"Maranhão","name_region":"Nordeste","name_muni":"Turiaçu","code_state":21,"code_region":2,"year":2020}},{"type":"Polygon","arcs":[[1472,-172,1473,-1471,1474,-1469,-383,1475,-1174,1476,-1221,1477,-1424]],"properties":{"code_muni":2112456,"abbrev_state":"MA","name_state":"Maranhão","name_region":"Nordeste","name_muni":"Turilândia","code_state":21,"code_region":2,"year":2020}},{"type":"Polygon","arcs":[[1478,-1056,1479,-1054,1480,-1274,-17,1481,-118]],"properties":{"code_muni":2112506,"abbrev_state":"MA","name_state":"Maranhão","name_region":"Nordeste","name_muni":"Tutóia","code_state":21,"code_region":2,"year":2020}},{"type":"Polygon","arcs":[[1482,-1191,1483,-234,1484,1485,-476,1486,-900,-99,1487,-1259,1488,-1257,1489,-223]],"properties":{"code_muni":2112605,"abbrev_state":"MA","name_state":"Maranhão","name_region":"Nordeste","name_muni":"Urbano Santos","code_state":21,"code_region":2,"year":2020}},{"type":"Polygon","arcs":[[1490,-1185,1491,-767,1492,-391,1493,-1133,1494,-542,1495,1496,-982]],"properties":{"code_muni":2112704,"abbrev_state":"MA","name_state":"Maranhão","name_region":"Nordeste","name_muni":"Vargem Grande","code_state":21,"code_region":2,"year":2020}},{"type":"Polygon","arcs":[[-1008,1497,1498,-1075,1499,-1089,1500,-368,1501,-144,1502,-91,1503,-1327,1504,-905,1505]],"properties":{"code_muni":2112803,"abbrev_state":"MA","name_state":"Maranhão","name_region":"Nordeste","name_muni":"Viana","code_state":21,"code_region":2,"year":2020}},{"type":"Polygon","arcs":[[1506,-1374,1507,-479]],"properties":{"code_muni":2112852,"abbrev_state":"MA","name_state":"Maranhão","name_region":"Nordeste","name_muni":"Vila Nova dos Martírios","code_state":21,"code_region":2,"year":2020}},{"type":"Polygon","arcs":[[-366,-737,1508,-1127,1509,-531,1510,-136]],"properties":{"code_muni":2112902,"abbrev_state":"MA","name_state":"Maranhão","name_region":"Nordeste","name_muni":"Vitória do Mearim","code_state":21,"code_region":2,"year":2020}},{"type":"Polygon","arcs":[[-1407,1511,-1237,1512,-34,1513,-312,-1058,1514,-296,1515,-1003,1516]],"properties":{"code_muni":2113009,"abbrev_state":"MA","name_state":"Maranhão","name_region":"Nordeste","name_muni":"Vitorino Freire","code_state":21,"code_region":2,"year":2020}},{"type":"Polygon","arcs":[[1517,1518,-1331,-681,1519,-679,1520,-686,1521,-957,1522,-1072,1523,-114,1524,-997]],"properties":{"code_muni":2114007,"abbrev_state":"MA","name_state":"Maranhão","name_region":"Nordeste","name_muni":"Zé Doca","code_state":21,"code_region":2,"year":2020}}]}},"arcs":[[[-47.0727402,-4.2366296],[-47.0901271,-4.2416109],[-47.100979,-4.2651077],[-47.1260613,-4.2839866],[-47.1385176,-4.3186386],[-47.1877549,-4.3886775],[-47.2103033,-4.4066576],[-47.2219984,-4.4253258],[-47.2416621,-4.4373087],[-47.2498879,-4.467522],[-47.2537233,-4.5073119],[-47.2335708,-4.559844],[-47.2249068,-4.6007503],[-47.2299875,-4.6365552],[-47.2913908,-4.7028726],[-47.3199868,-4.6927208],[-47.3355075,-4.6794546],[-47.3750831,-4.6659591],[-47.4086745,-4.6434591],[-47.4454336,-4.6352707],[-47.4683418,-4.6493951],[-47.4953468,-4.6521827],[-47.4952919,-4.7009249],[-47.5745252,-4.7072837],[-47.6153326,-4.7020024],[-47.6461344,-4.7276495],[-47.6557861,-4.7147556],[-47.6820804,-4.7131013],[-47.6992241,-4.700405],[-47.690159,-4.6829312],[-47.6932619,-4.6505033],[-47.6816736,-4.6233005]],[[-47.6816736,-4.6233005],[-47.6821203,-4.6063812],[-47.7248128,-4.6064181],[-47.7540405,-4.5908236],[-47.789921,-4.5855104],[-47.816153,-4.6147285],[-48.0253774,-4.7782956]],[[-48.0253774,-4.7782956],[-47.9967343,-4.7807621],[-47.9679458,-4.7912392],[-47.9195804,-4.8293088],[-47.8609527,-4.8547227],[-47.8374825,-4.8779814],[-47.8135998,-4.9211891],[-47.7172346,-4.9864887],[-47.7132912,-5.0083494],[-47.6792476,-5.0420614],[-47.5545892,-5.0952216]],[[-47.5545892,-5.0952216],[-47.5119496,-5.061999],[-47.4876232,-5.0761368],[-47.4767311,-5.0467427],[-47.3505359,-5.0263584],[-47.3448455,-5.0285662],[-47.3187581,-5.0499876],[-47.3125812,-5.076223],[-47.2882247,-5.0862321],[-47.271144,-5.081797],[-47.2495785,-5.1026666],[-47.2367941,-5.1390364],[-47.2197363,-5.164942],[-47.1968724,-5.1622232],[-47.1355526,-5.1433818]],[[-47.1355526,-5.1433818],[-47.1217809,-5.0991475],[-47.0972901,-5.0800023],[-47.0813147,-5.0570386],[-47.0421525,-5.06056],[-47.0254351,-5.0494537],[-46.9955093,-5.0491007],[-46.9586542,-5.0376252],[-46.9088902,-5.0022287]],[[-46.9088902,-5.0022287],[-46.9085932,-4.9932457]],[[-46.9085932,-4.9932457],[-46.9079329,-4.9906318],[-46.9096752,-4.9780819],[-46.9116939,-4.9722409],[-46.9149265,-4.9675734],[-46.9158538,-4.9596344],[-46.919098,-4.9485771],[-46.9224588,-4.9255578],[-46.9251531,-4.9124956],[-46.9202069,-4.9092637],[-46.9290098,-4.8971934],[-46.9293162,-4.8946707],[-46.9232342,-4.8830077],[-46.9297743,-4.8579658]],[[-46.9297743,-4.8579658],[-46.9302861,-4.8499943],[-46.926093,-4.8456074]],[[-46.926093,-4.8456074],[-46.9192802,-4.8067212],[-46.9289749,-4.7871755],[-46.9250902,-4.7681125],[-46.9395081,-4.7386056],[-46.935455,-4.6994203],[-46.9283521,-4.6894538],[-46.9273163,-4.6808463],[-46.9370617,-4.6650553],[-46.9413142,-4.6265191],[-46.9342108,-4.6064838],[-46.9392735,-4.5913452],[-46.9364682,-4.5808479],[-46.899847,-4.5181997],[-46.8979006,-4.5108961],[-46.8976733,-4.4936372],[-46.8919675,-4.4827539],[-46.8659541,-4.4669257],[-46.8576459,-4.4366877],[-46.8548038,-4.4285338],[-46.8506434,-4.4248292],[-46.8438099,-4.4155632],[-46.8388915,-4.3988257]],[[-46.8388915,-4.3988257],[-46.8490867,-4.4011328]],[[-46.8490867,-4.4011328],[-46.8651623,-4.4235961],[-46.9223944,-4.4386148],[-46.9355934,-4.4405627],[-46.9652505,-4.4252646],[-46.9967119,-4.4249582],[-47.0038054,-4.4254701],[-47.0061771,-4.4223283],[-47.0159102,-4.4146415],[-47.0314462,-4.3882547],[-47.0538378,-4.3675045],[-47.0584997,-4.362332],[-47.085903,-4.2994715],[-47.0842576,-4.2879261],[-47.0728423,-4.2740171],[-47.0727402,-4.2366296]],[[-43.2665807,-4.0779617],[-43.4292435,-4.2233224]],[[-43.4292435,-4.2233224],[-43.2103452,-4.3653358]],[[-43.2103452,-4.3653358],[-43.2137419,-4.3524673],[-43.2158112,-4.3498003],[-43.2146259,-4.3432573],[-43.2163944,-4.3396902],[-43.2198423,-4.3050931],[-43.2301198,-4.272623],[-43.229653,-4.2253312],[-43.2344814,-4.1860872],[-43.2242394,-4.1720693],[-43.2259569,-4.1270857],[-43.2443561,-4.1165393],[-43.2584765,-4.0851332],[-43.2644933,-4.0787404],[-43.2665807,-4.0779617]],[[-42.0812258,-2.8004124],[-42.0853546,-2.7778806],[-42.0921867,-2.7653164],[-42.0998786,-2.7566925]],[[-42.0998786,-2.7566925],[-42.1184122,-2.7608777]],[[-42.1184122,-2.7608777],[-42.1276371,-2.8011763],[-42.1708622,-2.8118333],[-42.1742806,-2.8406907],[-42.309277,-3.0924792]],[[-42.309277,-3.0924792],[-42.2994011,-3.0868347],[-42.2695358,-3.0773033],[-42.2615765,-3.078308],[-42.2589189,-3.0776268],[-42.2498329,-3.0772561],[-42.2412842,-3.0792717],[-42.233225,-3.0782192],[-42.1894238,-3.0698877],[-42.1725709,-3.0586575],[-42.1470172,-3.0564225],[-42.0994632,-3.0257465],[-42.0926397,-3.0264829],[-42.0828565,-3.0218299],[-42.072832,-3.0180855],[-42.0560697,-3.0059802],[-42.0603696,-2.9900234],[-42.1223356,-2.9874946],[-42.1284754,-2.9752897],[-42.1304018,-2.9473436],[-42.1134744,-2.9295753],[-42.083247,-2.9134351],[-42.0964529,-2.8744308],[-42.0733567,-2.8186689],[-42.0723457,-2.8117568],[-42.0812258,-2.8004124]],[[-44.593677,-2.5809724],[-44.5858144,-2.5781783],[-44.568439,-2.5884661],[-44.5594112,-2.5907308],[-44.5562421,-2.5933194],[-44.5376573,-2.5477667],[-44.5345819,-2.527683],[-44.5121871,-2.5351872],[-44.4902258,-2.5217285],[-44.4759972,-2.4850476],[-44.4603721,-2.4807485],[-44.4429414,-2.4575159],[-44.4490308,-2.4393753],[-44.4726618,-2.4280629],[-44.4778895,-2.4112011],[-44.3866317,-2.4078215],[-44.3723585,-2.3807378],[-44.3800655,-2.3592815],[-44.3578246,-2.3401843],[-44.3637759,-2.3121547],[-44.3837893,-2.2766636],[-44.3984631,-2.2143858],[-44.435365,-2.1658855],[-44.4641781,-2.1467091],[-44.485482,-2.1460397],[-44.5293527,-2.1591716],[-44.539997,-2.1890102],[-44.5793295,-2.2269986],[-44.5896271,-2.2431365],[-44.6160988,-2.2579701],[-44.627593,-2.2908973],[-44.6444111,-2.2962791]],[[-44.6444111,-2.2962791],[-44.6667153,-2.3291562],[-44.6635143,-2.3506213],[-44.650377,-2.3672762],[-44.6542921,-2.4035285],[-44.6669574,-2.4208946],[-44.6589319,-2.4360473],[-44.7036597,-2.4635017],[-44.7204912,-2.489753],[-44.6957667,-2.5144778],[-44.6845361,-2.5463]],[[-44.6845361,-2.5463],[-44.7106292,-2.6273206]],[[-44.7106292,-2.6273206],[-44.7065664,-2.6375109]],[[-44.7065664,-2.6375109],[-44.6931326,-2.6229611],[-44.6737466,-2.6287543],[-44.6512275,-2.6084865],[-44.6371705,-2.597567],[-44.6105638,-2.5811262],[-44.593677,-2.5809724]],[[-43.0826724,-4.4461556],[-43.2100081,-4.3655435],[-43.4292435,-4.2233224]],[[-43.4292435,-4.2233224],[-43.3681715,-4.3017736],[-43.6960082,-4.4924817]],[[-43.6960082,-4.4924817],[-43.7014516,-4.4797215],[-43.7374015,-4.4814671],[-43.7117848,-4.5148801],[-43.6825898,-4.5398202],[-43.6662269,-4.5577985],[-43.6203705,-4.6122412],[-43.6140058,-4.6337715],[-43.5868991,-4.6570919]],[[-43.5868991,-4.6570919],[-43.5831513,-4.6605961]],[[-43.5831513,-4.6605961],[-43.5583134,-4.67486],[-43.5089196,-4.6835986],[-43.4917023,-4.67663],[-43.4807585,-4.6507446],[-43.4633948,-4.6425641],[-43.4029542,-4.6303732],[-43.3667565,-4.6442435],[-43.3357898,-4.6717256],[-43.2814738,-4.6942914],[-43.2624789,-4.7126143],[-43.2119242,-4.676614],[-43.2040901,-4.6294196],[-43.15981,-4.5909687],[-43.1341442,-4.5625363],[-43.1219753,-4.5096973],[-43.0826724,-4.4461556]],[[-45.5501869,-3.9870382],[-45.561361,-3.9872079]],[[-45.561361,-3.9872079],[-45.5733683,-4.0199192],[-45.55532,-4.0603947],[-45.5515936,-4.0649134],[-45.5608719,-4.0665413],[-45.5809878,-4.1097768],[-45.5780515,-4.1502427],[-45.5913534,-4.158594],[-45.5946864,-4.1901848]],[[-45.5946864,-4.1901848],[-45.5950756,-4.1995581]],[[-45.5950756,-4.1995581],[-45.5951624,-4.2212516],[-45.6140569,-4.2323798],[-45.6133682,-4.2376641],[-45.6140552,-4.2425121],[-45.626066,-4.2624079],[-45.6061414,-4.2877279],[-45.5759338,-4.2800862],[-45.5304262,-4.2797077],[-45.5117658,-4.2857832],[-45.4677407,-4.2764542],[-45.453037,-4.2773232],[-45.438153,-4.2648046],[-45.4262535,-4.2522972]],[[-45.4262535,-4.2522972],[-45.4189013,-4.2543644]],[[-45.4189013,-4.2543644],[-45.4011249,-4.199838],[-45.3982942,-4.1850809],[-45.3725177,-4.1708743],[-45.3642994,-4.1689071],[-45.3624143,-4.1298001],[-45.3858151,-4.120851],[-45.405556,-4.1162995],[-45.4316585,-4.1414834],[-45.4455978,-4.1382376],[-45.4475628,-4.1188082],[-45.4225723,-4.0734876]],[[-45.4225723,-4.0734876],[-45.4223474,-4.0673894]],[[-45.4223474,-4.0673894],[-45.4472801,-4.0751917],[-45.4876476,-4.0635952],[-45.5501869,-3.9870382]],[[-44.3427582,-4.099957],[-44.4465214,-4.1291439],[-44.486788,-4.1297029]],[[-44.486788,-4.1297029],[-44.4799035,-4.234055],[-44.5001377,-4.2553136],[-44.5057437,-4.2790886]],[[-44.5057437,-4.2790886],[-44.4769365,-4.2788908]],[[-44.4769365,-4.2788908],[-44.4731,-4.3048619],[-44.4067056,-4.3212761]],[[-44.4067056,-4.3212761],[-44.4043956,-4.3191495]],[[-44.4043956,-4.3191495],[-44.4019216,-4.3003591],[-44.3998089,-4.2961527],[-44.3858268,-4.2916633]],[[-44.3858268,-4.2916633],[-44.3565,-4.2683973],[-44.3253164,-4.2726735],[-44.3006462,-4.2693773],[-44.2718579,-4.2797767]],[[-44.2718579,-4.2797767],[-44.2677667,-4.2777551]],[[-44.2677667,-4.2777551],[-44.3427582,-4.099957]],[[-45.6418111,-3.6256737],[-45.6443461,-3.6212657]],[[-45.6443461,-3.6212657],[-45.6624832,-3.6328663],[-45.7040426,-3.6412446],[-45.7314105,-3.6358289],[-45.7563957,-3.6419724],[-45.7664299,-3.642452],[-45.8135092,-3.6363181],[-45.8344278,-3.6577365],[-45.8932044,-3.6642463],[-45.9124279,-3.6904375],[-45.9466118,-3.7071603],[-45.973238,-3.6921349],[-45.9779813,-3.6840376],[-45.9896799,-3.6846895],[-45.9958829,-3.6867269],[-46.0149995,-3.7070443],[-46.0264408,-3.7011081],[-46.0613087,-3.7038546],[-46.0646061,-3.7137033],[-46.1005003,-3.7174092],[-46.1107779,-3.7367248],[-46.1497792,-3.7694559],[-46.1574428,-3.7745061],[-46.178133,-3.8148429],[-46.1800526,-3.8305404],[-46.1827755,-3.8449756],[-46.2038903,-3.8751774],[-46.2030593,-3.9134869],[-46.2082798,-3.9310111],[-46.2144862,-3.9342367],[-46.2546084,-3.9589617],[-46.2582736,-3.965778],[-46.2625571,-3.9813513]],[[-46.2625571,-3.9813513],[-46.2654931,-3.9881225]],[[-46.2654931,-3.9881225],[-46.2575482,-3.9926725],[-46.2446674,-3.9925303],[-46.2257454,-4.0101027],[-46.2128351,-4.0495398],[-46.2674842,-4.1290055],[-46.2831822,-4.1777587],[-46.2881863,-4.2064047],[-46.2829201,-4.2253108],[-46.2991139,-4.2437722],[-46.2952195,-4.2701812],[-46.2830967,-4.2883434]],[[-46.2830967,-4.2883434],[-46.2802857,-4.2956885],[-46.2768987,-4.2999223],[-46.2737878,-4.3016906]],[[-46.2737878,-4.3016906],[-46.093225,-4.0347037],[-46.050447,-3.9999999],[-45.98425,-3.9843285],[-45.9053683,-3.9380617],[-45.9014415,-3.9035514],[-45.8791543,-3.8898045],[-45.8463861,-3.8800302],[-45.8463139,-3.834907],[-45.8362883,-3.8166821],[-45.8093429,-3.8193155],[-45.7853938,-3.8331092],[-45.7687999,-3.8153288],[-45.7707049,-3.7986309],[-45.7510223,-3.7942051],[-45.741623,-3.8136515],[-45.7182777,-3.8094782],[-45.6857851,-3.7883084],[-45.6821612,-3.7669139],[-45.6702531,-3.7466371]],[[-45.6702531,-3.7466371],[-45.6608987,-3.7456593]],[[-45.6608987,-3.7456593],[-45.6418111,-3.6256737]],[[-46.2004936,-8.8060763],[-46.2562994,-8.80465]],[[-46.2562994,-8.80465],[-46.2868295,-8.7580304]],[[-46.2868295,-8.7580304],[-46.3349419,-8.811495]],[[-46.3349419,-8.811495],[-46.3383181,-8.8280054],[-46.3933987,-8.8908376],[-46.4186002,-8.9101875],[-46.4693079,-8.9263834],[-46.5037673,-8.9303025],[-46.523536,-8.9550883],[-46.5253063,-8.987958],[-46.5348132,-9.0073418],[-46.5405611,-9.0575504],[-46.5781423,-9.0822932],[-46.6141999,-9.0874695],[-46.6265859,-9.1032824],[-46.610639,-9.1193235],[-46.6096465,-9.1579861],[-46.6330315,-9.1827428],[-46.644194,-9.2071536],[-46.6432784,-9.2627584],[-46.6688125,-9.2819029],[-46.6672307,-9.3062545],[-46.6515562,-9.3394078],[-46.6170015,-9.3570777],[-46.6405035,-9.3995847],[-46.6327834,-9.4115883]],[[-46.6327834,-9.4115883],[-46.6479244,-9.427145],[-46.6495644,-9.444091],[-46.6275914,-9.4657229],[-46.5732556,-9.4777617],[-46.5591976,-9.4929926],[-46.5745282,-9.5206835],[-46.540479,-9.5501624],[-46.5391662,-9.5601446],[-46.5923881,-9.5872005],[-46.5955344,-9.6142346],[-46.6061184,-9.6301634],[-46.6130575,-9.6658082],[-46.6533374,-9.6934421],[-46.6443936,-9.7403333],[-46.6236666,-9.7502102],[-46.5961386,-9.7472513],[-46.5750865,-9.7585754],[-46.5708079,-9.7811042],[-46.579665,-9.7963455],[-46.5624781,-9.8106895],[-46.5423899,-9.8103118],[-46.5143077,-9.7977511],[-46.4936439,-9.8274242],[-46.4971395,-9.8436787],[-46.4803335,-9.8552553],[-46.4708399,-9.8980472],[-46.4786115,-9.9238687],[-46.4657237,-9.9370574],[-46.4770081,-9.9527489],[-46.4775839,-9.9883014],[-46.457085,-10.0180174],[-46.4565293,-10.0499237],[-46.4452004,-10.0773873],[-46.420695,-10.0808792],[-46.3839691,-10.1201424],[-46.3678895,-10.1688141],[-46.3275253,-10.1836944],[-46.3130818,-10.1728238],[-46.2682935,-10.1812102],[-46.2408341,-10.1718858],[-46.2020098,-10.1740091],[-46.1633034,-10.2136326],[-46.135913,-10.2063543],[-46.0928346,-10.2099009],[-46.0584106,-10.1855633],[-46.0282782,-10.1768696],[-46.0177241,-10.2403919],[-45.9962481,-10.2503148],[-45.9739471,-10.2483699],[-45.9462653,-10.2585499],[-45.9552948,-10.2184428],[-45.945619,-10.1964425],[-45.9311874,-10.1908257],[-45.924267,-10.1711581],[-45.9000213,-10.1527686],[-45.8977449,-10.1365709],[-45.8785439,-10.1102993],[-45.8699363,-10.069292],[-45.8801071,-10.0610063],[-45.8670217,-10.0117517],[-45.8540563,-9.9900761],[-45.8422862,-9.9415579],[-45.8662777,-9.870719],[-45.8387355,-9.7968986],[-45.8214206,-9.7731271],[-45.8210097,-9.7392142],[-45.8385678,-9.6963177],[-45.8335115,-9.6522772],[-45.8203869,-9.6179128],[-45.8367433,-9.6021266],[-45.8419325,-9.5628899],[-45.8323329,-9.5366631],[-45.7976247,-9.4872621],[-45.7834353,-9.4794771],[-45.801624,-9.436008],[-45.7991632,-9.4163401],[-45.8246917,-9.3745778],[-45.8480022,-9.3558846],[-45.8640909,-9.3589924],[-45.8877335,-9.3488501],[-45.9079205,-9.297005],[-45.8973196,-9.2895939],[-45.9044382,-9.266258],[-45.8972877,-9.2332596],[-45.9060932,-9.191255],[-45.9294989,-9.1276255],[-45.9232199,-9.0899924],[-45.9383299,-9.0631884],[-45.9358573,-9.0396927],[-45.943779,-9.0151149],[-45.9581575,-9.0024078],[-45.9679263,-8.9767281],[-45.9911913,-8.950212],[-45.9950893,-8.9269916],[-45.9796575,-8.9036697],[-45.9738395,-8.8674461],[-45.9498106,-8.8450256],[-45.9594814,-8.8249731],[-45.9383923,-8.7868213]],[[-45.9383923,-8.7868213],[-45.9814487,-8.7912052],[-45.9955776,-8.799906],[-46.0327471,-8.8078619],[-46.0701103,-8.8100292],[-46.0977373,-8.8259768],[-46.1311504,-8.8373344],[-46.2004936,-8.8060763]],[[-45.8700538,-1.7700611],[-45.8741162,-1.7531413],[-45.8604092,-1.7236092],[-45.8601131,-1.6811088],[-45.8422112,-1.6567589],[-45.8218416,-1.647282],[-45.8262999,-1.6089763]],[[-45.8262999,-1.6089763],[-45.9350604,-1.5759356]],[[-45.9350604,-1.5759356],[-46.0241106,-1.5185987]],[[-46.0241106,-1.5185987],[-46.0341829,-1.6668771],[-46.0561274,-1.7414466]],[[-46.0561274,-1.7414466],[-45.9991193,-1.7878693],[-45.9920099,-1.7903971],[-45.9825404,-1.7900003]],[[-45.9825404,-1.7900003],[-45.9477179,-1.7951066]],[[-45.9477179,-1.7951066],[-45.9331311,-1.7879229],[-45.8990257,-1.7846655],[-45.8719953,-1.7845119]],[[-45.8719953,-1.7845119],[-45.8699276,-1.7791453],[-45.8700538,-1.7700611]],[[-46.4649824,-4.8509669],[-46.9303184,-4.8505746]],[[-46.9303184,-4.8505746],[-46.9297743,-4.8579658]],[[-46.9085932,-4.9932457],[-46.9016838,-4.9987534]],[[-46.9016838,-4.9987534],[-46.9009069,-5.0407998],[-46.8939802,-5.0598882],[-46.8702886,-5.09596],[-46.879798,-5.1249331],[-46.8698545,-5.1368531],[-46.8722059,-5.1500829],[-46.8860774,-5.181416],[-46.8873292,-5.1843224],[-46.8876167,-5.1997205]],[[-46.8876167,-5.1997205],[-46.8852515,-5.2231712]],[[-46.8852515,-5.2231712],[-46.8961418,-5.2331936],[-46.8997918,-5.2637514],[-46.9122609,-5.2836544],[-46.9013713,-5.3505276]],[[-46.9013713,-5.3505276],[-46.9058895,-5.355006]],[[-46.9058895,-5.355006],[-46.9051896,-5.3725429],[-46.8991928,-5.3838546],[-46.9013813,-5.4158571],[-46.927109,-5.4494317],[-46.9276674,-5.4672264],[-46.9325858,-5.5027888],[-46.946198,-5.511735],[-46.9557257,-5.5884972],[-46.9472048,-5.6102165],[-46.9460434,-5.6145953],[-46.9444781,-5.6199709]],[[-46.9444781,-5.6199709],[-46.9463088,-5.6290691]],[[-46.9463088,-5.6290691],[-46.9375328,-5.63427],[-46.9341738,-5.6707902],[-46.9143908,-5.7092831],[-46.9230332,-5.7171479],[-46.9159206,-5.760671],[-46.8845317,-5.8249068],[-46.8857435,-5.8685106],[-46.893421,-5.889803],[-46.885911,-5.8997218],[-46.8422574,-5.9031671],[-46.8302975,-5.8923483],[-46.7916903,-5.8981334]],[[-46.7916903,-5.8981334],[-46.7922172,-5.8925385]],[[-46.7922172,-5.8925385],[-46.7946988,-5.8753837],[-46.7861822,-5.8607345],[-46.7802338,-5.8281904],[-46.7781982,-5.8276397],[-46.7628043,-5.8181566],[-46.7564023,-5.7924526],[-46.730934,-5.7476651],[-46.6947364,-5.7436052],[-46.6706654,-5.7683405],[-46.6322731,-5.752204],[-46.6242215,-5.7543244],[-46.6195336,-5.7529287],[-46.6090729,-5.7438522],[-46.6062284,-5.7417904],[-46.5888675,-5.7345647],[-46.5545395,-5.7361193],[-46.5424444,-5.7366026],[-46.4753597,-5.7514628]],[[-46.4753597,-5.7514628],[-46.4695525,-5.7511017]],[[-46.4695525,-5.7511017],[-46.4661095,-5.7494114],[-46.4574229,-5.7386764],[-46.4376949,-5.7243329],[-46.397887,-5.7161354],[-46.3767507,-5.6794869],[-46.3490315,-5.6783717],[-46.3299733,-5.655328]],[[-46.3299733,-5.655328],[-46.3299687,-5.3340495]],[[-46.3299687,-5.3340495],[-46.3479774,-5.296293],[-46.3212764,-5.2643009],[-46.3132198,-5.2209769],[-46.2868048,-5.200725],[-46.2844424,-5.1849304],[-46.2368002,-5.1425714],[-46.220085,-5.1352866],[-46.1963087,-5.0916824],[-46.1907777,-5.0717675],[-46.1670568,-5.0539824],[-46.1375773,-5.0553331],[-46.1139969,-5.0460717],[-46.0691955,-5.0000851],[-46.0545842,-4.9673031],[-46.0260088,-4.9337007],[-46.0267924,-4.9153454],[-46.0113671,-4.86333]],[[-46.0113671,-4.86333],[-46.0173724,-4.8537058]],[[-46.0173724,-4.8537058],[-46.0893935,-4.8546173]],[[-46.0893935,-4.8546173],[-46.4649824,-4.8509669]],[[-44.5557664,-3.050382],[-44.569869,-3.0536355]],[[-44.569869,-3.0536355],[-44.5802219,-3.0513744]],[[-44.5802219,-3.0513744],[-44.6642798,-3.1460218]],[[-44.6642798,-3.1460218],[-44.682547,-3.1626929]],[[-44.682547,-3.1626929],[-44.6998226,-3.1847317],[-44.7660122,-3.2059254],[-44.7799658,-3.2246806],[-44.7624355,-3.2691617],[-44.7468744,-3.2909747]],[[-44.7468744,-3.2909747],[-44.7480186,-3.297876]],[[-44.7480186,-3.297876],[-44.6919323,-3.3793094],[-44.6336094,-3.4255416],[-44.5940652,-3.4458553]],[[-44.5940652,-3.4458553],[-44.5903896,-3.4465965]],[[-44.5903896,-3.4465965],[-44.5844276,-3.4512437]],[[-44.5844276,-3.4512437],[-44.5347284,-3.3981819],[-44.493477,-3.3348281],[-44.4866396,-3.3081914],[-44.469077,-3.3153041],[-44.4266368,-3.253169],[-44.4327592,-3.2413134]],[[-44.4327592,-3.2413134],[-44.4364118,-3.2171561]],[[-44.4364118,-3.2171561],[-44.4390976,-3.1964688],[-44.4609629,-3.1949258],[-44.4710499,-3.1770579],[-44.5493801,-3.0862753],[-44.5412143,-3.0642117],[-44.5557664,-3.050382]],[[-43.153812,-3.4586618],[-43.1793609,-3.4462066],[-43.1929518,-3.4296],[-43.2155574,-3.3944993],[-43.2351987,-3.3845125],[-43.3115096,-3.5371674]],[[-43.3115096,-3.5371674],[-43.3055556,-3.5447242],[-43.2756857,-3.5514775],[-43.2389197,-3.5408747],[-43.2226703,-3.5202829],[-43.1949542,-3.5175398],[-43.1856493,-3.5266386],[-43.1717295,-3.5531531],[-43.1346906,-3.5516178],[-43.1186265,-3.5254238],[-43.1108029,-3.5263808],[-43.1113039,-3.5235714],[-43.1048653,-3.5296475],[-43.0924561,-3.5477774],[-43.0880763,-3.5858761],[-43.112337,-3.634642],[-43.1225479,-3.6739845]],[[-43.1225479,-3.6739845],[-43.1233243,-3.6900317]],[[-43.1233243,-3.6900317],[-43.0173417,-3.7384055]],[[-43.0173417,-3.7384055],[-43.0084485,-3.7280595],[-43.0152448,-3.6845509],[-43.0049222,-3.6696334],[-42.9938218,-3.6506731],[-42.9844104,-3.6301416],[-42.9885233,-3.6131831],[-43.0017254,-3.5882465],[-42.9928042,-3.5587934]],[[-42.9928042,-3.5587934],[-42.988287,-3.5510091]],[[-42.988287,-3.5510091],[-42.9757449,-3.5352364],[-42.9851693,-3.5093773],[-42.9696926,-3.485799],[-42.9880396,-3.4708581],[-42.9663894,-3.424404]],[[-42.9663894,-3.424404],[-43.1292205,-3.4784959]],[[-43.1292205,-3.4784959],[-43.153812,-3.4586618]],[[-44.9530991,-1.5600243],[-44.9662859,-1.5328676],[-44.9787099,-1.5245868],[-45.0064892,-1.4861296],[-45.0488938,-1.4903513],[-45.0697136,-1.4812104],[-45.0781883,-1.461121],[-45.0967094,-1.4554646],[-45.103193,-1.4731292],[-45.1324901,-1.4847851],[-45.1585653,-1.4747577],[-45.1665536,-1.489579],[-45.1960193,-1.4881213]],[[-45.1960193,-1.4881213],[-45.1840572,-1.5189816],[-45.181937,-1.542663],[-45.17627,-1.542063],[-45.16318,-1.545194],[-45.1513665,-1.5872682],[-45.1658279,-1.6014317],[-45.121753,-1.6444373],[-45.0788913,-1.6240691],[-45.0735268,-1.6065577],[-45.0397779,-1.6012697],[-45.0112451,-1.5818177],[-44.9502831,-1.5669297]],[[-44.9502831,-1.5669297],[-44.9530991,-1.5600243]],[[-45.1127754,-1.4709809],[-45.1030172,-1.4641533],[-45.1098464,-1.4373184],[-45.1241557,-1.4389308],[-45.1292147,-1.4717211],[-45.1127754,-1.4709809]],[[-45.0969723,-1.388754],[-45.0994226,-1.3716112],[-45.1149066,-1.3630995],[-45.1268047,-1.3854402],[-45.0969723,-1.388754]],[[-45.8996253,-3.0242523],[-45.9047732,-3.0329696]],[[-45.9047732,-3.0329696],[-45.9309356,-3.0981823],[-45.9192097,-3.1248095],[-45.9376373,-3.1610809],[-45.9508234,-3.1748552],[-45.9505979,-3.1870305],[-45.9266675,-3.236351],[-45.8078438,-3.2298957],[-45.7824356,-3.2380263],[-45.7806383,-3.2167184],[-45.7402378,-3.1547949],[-45.711157,-3.1013075],[-45.641944,-3.1195258],[-45.6390738,-3.0830477],[-45.6239847,-3.0532492]],[[-45.6239847,-3.0532492],[-45.6379677,-2.9026623]],[[-45.6379677,-2.9026623],[-45.6510093,-2.8847308],[-45.6584416,-2.8891456],[-45.6434717,-2.9106702],[-45.6554306,-2.9173362],[-45.6677315,-2.9074643],[-45.66845,-2.9220595],[-45.7097268,-2.9490457],[-45.7463001,-2.9386801],[-45.7574393,-2.9608183],[-45.7713278,-2.9487305],[-45.7992507,-2.9856238],[-45.8092482,-2.9672454],[-45.8406748,-2.9535345],[-45.8470346,-2.9884796],[-45.8703522,-3.0004563],[-45.8799705,-3.0056434],[-45.8969786,-3.0107473],[-45.8996253,-3.0242523]],[[-41.9855587,-3.2225076],[-41.9725504,-3.1932799],[-41.9469799,-3.1738931],[-41.9250838,-3.1393739],[-41.9253585,-3.1150742],[-41.8956982,-3.0939472],[-41.8644743,-3.05218],[-41.8228453,-3.0179417],[-41.8100401,-2.9802058],[-41.7963094,-2.9595642],[-41.8062776,-2.9383366],[-41.8351358,-2.9150608],[-41.8660379,-2.8699664],[-41.8451309,-2.8139355],[-41.8486424,-2.7838756],[-41.8260102,-2.7572674],[-41.8141601,-2.7277411],[-41.878638,-2.7203306],[-41.9609071,-2.7187331],[-41.9937635,-2.7213606],[-42.014016,-2.7126436],[-42.0165117,-2.7375778],[-42.0429624,-2.7295842],[-42.0563301,-2.7002818],[-42.07126,-2.6870432],[-42.1298557,-2.6952013],[-42.2127713,-2.6871254],[-42.2225544,-2.6922353]],[[-42.2225544,-2.6922353],[-42.1991265,-2.7086707],[-42.1492729,-2.721076],[-42.1164944,-2.7567972]],[[-42.1164944,-2.7567972],[-42.0998786,-2.7566925]],[[-42.0998786,-2.7566925],[-42.0970069,-2.7589204],[-42.088162,-2.7719669],[-42.0848823,-2.7797072],[-42.0812258,-2.8004124]],[[-42.309277,-3.0924792],[-42.2455352,-3.1991699]],[[-42.2455352,-3.1991699],[-41.9855587,-3.2225076]],[[-45.9230048,-4.6397747],[-45.9221311,-4.6156741]],[[-45.9221311,-4.6156741],[-45.9260008,-4.6244783],[-45.9247552,-4.6328486],[-45.9282772,-4.6616854],[-45.9567498,-4.6766088],[-45.9582894,-4.6986908],[-45.9758186,-4.7249199],[-45.9999831,-4.7343416],[-46.0292405,-4.7674891],[-46.0413973,-4.799421],[-46.0283542,-4.8054995],[-46.0205678,-4.8505636]],[[-46.0205678,-4.8505636],[-46.0159123,-4.8548818],[-46.0113671,-4.86333]],[[-46.3299687,-5.3340495],[-46.3295826,-5.3329851],[-46.326515,-5.3354325]],[[-46.326515,-5.3354325],[-46.3078669,-5.3615068],[-46.2767198,-5.3510584],[-46.2496611,-5.3511125],[-46.2053043,-5.3257659],[-46.1953535,-5.2791735],[-46.1820941,-5.2756318],[-46.1536011,-5.2800922],[-46.1130429,-5.2775632],[-46.0974501,-5.2922525],[-46.0645549,-5.293772],[-46.0106258,-5.3047863],[-45.9820641,-5.2942807],[-45.945928,-5.3123936],[-45.9319999,-5.307209]],[[-45.9319999,-5.307209],[-45.9310351,-5.3094748]],[[-45.9310351,-5.3094748],[-45.9316872,-5.2925053],[-45.9279879,-5.2874034],[-45.9242889,-5.2873996],[-45.8916654,-5.2494905],[-45.8795926,-5.2379172],[-45.8754192,-5.2358454],[-45.8712463,-5.2358186],[-45.8655093,-5.2341762],[-45.8527322,-5.2057237],[-45.8221773,-5.1894166],[-45.8094307,-5.1606082],[-45.7933539,-5.1461181],[-45.7994333,-5.1282196],[-45.7825857,-5.1183617],[-45.7791721,-5.1192529],[-45.7529781,-5.0852938],[-45.7096614,-5.0469993],[-45.6839395,-5.038962],[-45.6300401,-5.0022331],[-45.6199335,-4.9877802],[-45.6087141,-4.992882]],[[-45.6087141,-4.992882],[-45.6060093,-4.9929837]],[[-45.6060093,-4.9929837],[-45.6049482,-4.986949],[-45.6055449,-4.9822851],[-45.5873052,-4.9780113],[-45.5714587,-4.9441028]],[[-45.5714587,-4.9441028],[-45.5758801,-4.9442776]],[[-45.5758801,-4.9442776],[-45.5786683,-4.9347704],[-45.5817193,-4.9099434],[-45.5980928,-4.8940337],[-45.7070215,-4.8335767],[-45.712249,-4.7751656],[-45.8490386,-4.7439472],[-45.8674974,-4.6275222],[-45.9230048,-4.6397747]],[[-44.8681531,-3.2789462],[-44.8727141,-3.2836963]],[[-44.8727141,-3.2836963],[-44.8785477,-3.2983153],[-44.8622038,-3.3291603],[-44.863712,-3.3463606]],[[-44.863712,-3.3463606],[-44.8569213,-3.3716994],[-44.8193489,-3.4735491],[-44.8534864,-3.4956907],[-44.8476495,-3.5246036],[-44.8314604,-3.5470374],[-44.8294632,-3.5840576],[-44.8072363,-3.6021966],[-44.8054311,-3.6168918],[-44.815157,-3.6262057],[-44.8139048,-3.6395416],[-44.8054671,-3.6504841],[-44.7943165,-3.6545146],[-44.8108474,-3.6742996],[-44.8185451,-3.6733316]],[[-44.8185451,-3.6733316],[-44.8136853,-3.6880163]],[[-44.8136853,-3.6880163],[-44.8064569,-3.7053174],[-44.7939086,-3.7009036],[-44.7812402,-3.704648],[-44.7742395,-3.6973523],[-44.7694358,-3.6797144],[-44.7513526,-3.6812518],[-44.7583778,-3.686101],[-44.7350416,-3.6914311],[-44.7286005,-3.697025],[-44.7407092,-3.6963646],[-44.7502373,-3.7208253],[-44.7082955,-3.7410358],[-44.6994081,-3.7665886],[-44.6771525,-3.7691128],[-44.6545142,-3.7978613],[-44.6569301,-3.8199335],[-44.6384067,-3.8185647],[-44.622326,-3.8358216]],[[-44.622326,-3.8358216],[-44.6131854,-3.83541],[-44.6099295,-3.8390236]],[[-44.6099295,-3.8390236],[-44.6104074,-3.6590095]],[[-44.6104074,-3.6590095],[-44.623875,-3.5344243],[-44.6257711,-3.4902719],[-44.6110616,-3.4826762]],[[-44.6110616,-3.4826762],[-44.5940652,-3.4458553]],[[-44.7480186,-3.297876],[-44.7559045,-3.3031184],[-44.7660711,-3.3050315],[-44.7894569,-3.2964375]],[[-44.7894569,-3.2964375],[-44.8105467,-3.2693521],[-44.8286858,-3.2891515],[-44.8443523,-3.2908666],[-44.8538222,-3.2954533],[-44.8399103,-3.2808343],[-44.841238,-3.2763719],[-44.8581033,-3.2740055],[-44.8753268,-3.2630243],[-44.8711303,-3.2722837],[-44.8681531,-3.2789462]],[[-44.0788214,-2.7438092],[-44.0949129,-2.75325],[-44.1151918,-2.7483635],[-44.129737,-2.7643925],[-44.148429,-2.7680805]],[[-44.148429,-2.7680805],[-44.1385129,-2.7934749],[-44.124519,-2.7965576],[-44.1311786,-2.8225113],[-44.1275367,-2.8601625],[-44.1384371,-2.8776501],[-44.1278223,-2.9003509],[-44.1458615,-2.9200628],[-44.1483618,-2.9425087],[-44.1457339,-2.9463052],[-44.1367061,-2.9477241]],[[-44.1367061,-2.9477241],[-44.106156,-2.9343868],[-44.0595791,-2.9055414]],[[-44.0595791,-2.9055414],[-44.0672188,-2.8913285],[-44.0493125,-2.8724379]],[[-44.0493125,-2.8724379],[-44.05288,-2.8460228],[-44.0484724,-2.8198211]],[[-44.0484724,-2.8198211],[-44.0532403,-2.8062298]],[[-44.0532403,-2.8062298],[-44.0614323,-2.8081314],[-44.0743117,-2.8011339],[-44.0672672,-2.7798914],[-44.0788214,-2.7438092]],[[-44.6254982,-3.866012],[-44.6398189,-3.8548513]],[[-44.6398189,-3.8548513],[-44.6407526,-3.8591378],[-44.6414883,-3.8699896],[-44.6608016,-3.8874988],[-44.6622735,-3.8922619],[-44.6719328,-3.8818891],[-44.7150407,-3.918956],[-44.7103054,-3.9310024],[-44.7533062,-3.9447419],[-44.773295,-3.9737282],[-44.793421,-3.9798273],[-44.8033905,-4.0033688],[-44.8013534,-4.0472917],[-44.8295757,-4.0767213],[-44.8454864,-4.0734823],[-44.8547082,-4.0906681],[-44.8420473,-4.1130571]],[[-44.8420473,-4.1130571],[-45.0061281,-4.1142414]],[[-45.0061281,-4.1142414],[-44.9859178,-4.1514406],[-44.9625911,-4.1718159]],[[-44.9625911,-4.1718159],[-45.0638182,-4.2441364],[-45.0784042,-4.2498658],[-45.083146,-4.2885844]],[[-45.083146,-4.2885844],[-45.0809764,-4.2966817],[-45.0787428,-4.2993387],[-44.8808727,-4.3527231]],[[-44.8808727,-4.3527231],[-44.8732857,-4.3842791]],[[-44.8732857,-4.3842791],[-44.7399125,-4.2806698]],[[-44.7399125,-4.2806698],[-44.5057437,-4.2790886]],[[-44.486788,-4.1297029],[-44.4868126,-4.0913428],[-44.5779492,-4.0927255],[-44.5730793,-4.1145525],[-44.6331142,-4.1145825],[-44.6294047,-4.0935025],[-44.6594973,-4.0939551],[-44.6837184,-4.0757368],[-44.6988432,-4.0945456],[-44.7563461,-4.0948766],[-44.7548118,-4.0907823],[-44.7564821,-4.0735693],[-44.7425297,-4.0669967],[-44.7436679,-4.0636295],[-44.7391823,-4.0545904],[-44.7140275,-4.0268319],[-44.6503826,-4.0147676],[-44.6301701,-4.0187269],[-44.6377766,-3.990256],[-44.6299533,-3.9829628],[-44.6380731,-3.9493055],[-44.6220813,-3.9309243],[-44.6230839,-3.9097744],[-44.6115884,-3.9010492],[-44.6119128,-3.8979354],[-44.615074,-3.8788663],[-44.6164183,-3.8715353],[-44.6254982,-3.866012]],[[-44.367984,-2.7564104],[-44.387595,-2.76472],[-44.3888217,-2.7698228],[-44.3875675,-2.7769362],[-44.3888794,-2.7849024]],[[-44.3888794,-2.7849024],[-44.410043,-2.7992347]],[[-44.410043,-2.7992347],[-44.4062663,-2.8846213],[-44.4248175,-2.9439339],[-44.4488553,-2.9809577],[-44.4954935,-3.0260136]],[[-44.4954935,-3.0260136],[-44.4680909,-3.0401752],[-44.3219657,-3.1050268],[-44.3233002,-3.0701081],[-44.3164229,-3.0321877],[-44.2848701,-3.0440096]],[[-44.2848701,-3.0440096],[-44.2568536,-2.9674223],[-44.2921826,-2.9544256],[-44.2731721,-2.8741523],[-44.2735139,-2.8513207],[-44.2929782,-2.8512187],[-44.3032889,-2.8285388],[-44.3039841,-2.8207069],[-44.2817924,-2.7995883],[-44.2786803,-2.7810509],[-44.2817907,-2.7660679]],[[-44.2817907,-2.7660679],[-44.3069554,-2.7791193]],[[-44.3069554,-2.7791193],[-44.3353949,-2.7733592],[-44.3498514,-2.7625394],[-44.367984,-2.7564104]],[[-45.1960193,-1.4881213],[-45.2054023,-1.5184448],[-45.2321302,-1.5474558],[-45.2495865,-1.5872259],[-45.2682033,-1.5985924],[-45.3237831,-1.597038]],[[-45.3237831,-1.597038],[-45.3502332,-1.6882909],[-45.3536576,-1.7233588],[-45.3318217,-1.7418895],[-45.2888467,-1.7272067],[-45.272699,-1.7325455],[-45.2359657,-1.7936351],[-45.246818,-1.82077],[-45.2406132,-1.8403333],[-45.2210189,-1.8539026]],[[-45.2210189,-1.8539026],[-45.2211592,-1.8616188]],[[-45.2211592,-1.8616188],[-45.2098946,-1.8659364]],[[-45.2098946,-1.8659364],[-45.1756962,-1.853693]],[[-45.1756962,-1.853693],[-45.169707,-1.8481912],[-45.1536873,-1.8475848],[-45.1304337,-1.841813],[-45.0878926,-1.814772],[-45.0833818,-1.8131005],[-45.0809715,-1.7989725],[-45.1280985,-1.777994],[-45.0899117,-1.730752],[-45.0848282,-1.6946307],[-45.0408827,-1.6891912],[-45.037552,-1.6869933],[-45.0097324,-1.6819475],[-44.9769301,-1.6681277],[-44.9670382,-1.6611751],[-44.9298955,-1.6547534],[-44.9211808,-1.6596365],[-44.8957523,-1.6447032],[-44.9149681,-1.6188837]],[[-44.9149681,-1.6188837],[-44.924538,-1.6133033]],[[-44.924538,-1.6133033],[-44.9383254,-1.6032549],[-44.9366828,-1.5795288],[-44.9502831,-1.5669297]],[[-44.6501143,-2.8049836],[-44.6454458,-2.7815071],[-44.6238064,-2.7389322],[-44.6265548,-2.702094],[-44.6064744,-2.6894587],[-44.5857519,-2.6589463],[-44.5716838,-2.6231964],[-44.5572532,-2.6042223],[-44.5552931,-2.5962388],[-44.5572099,-2.5923371],[-44.5675162,-2.5888967],[-44.5862929,-2.5780464],[-44.593677,-2.5809724]],[[-44.7065664,-2.6375109],[-44.7134924,-2.6293812]],[[-44.7134924,-2.6293812],[-44.7378522,-2.6292119],[-44.7861339,-2.669471]],[[-44.7861339,-2.669471],[-44.8108871,-2.7024489],[-44.8048294,-2.7207287],[-44.8128658,-2.7767363],[-44.825399,-2.7918216],[-44.818845,-2.7980236]],[[-44.818845,-2.7980236],[-44.807876,-2.7936376],[-44.6804773,-2.790378],[-44.6562406,-2.8048433],[-44.6501143,-2.8049836]],[[-45.8611419,-7.2946892],[-46.0714178,-7.1601343],[-46.0730815,-7.1615353]],[[-46.0730815,-7.1615353],[-46.0779917,-7.1626386],[-46.1980899,-7.257961]],[[-46.1980899,-7.257961],[-46.1664977,-7.3655094],[-46.3876614,-7.4655512],[-46.4183927,-7.6952382],[-46.4487782,-7.7167073],[-46.4490592,-7.745875],[-46.4680343,-7.7705423],[-46.4390576,-7.8045981],[-46.4574164,-7.8334417],[-46.4423627,-7.839372],[-46.4366385,-7.8720124],[-46.4229976,-7.896312],[-46.4395296,-7.9227116],[-46.4394997,-7.942456],[-46.4188917,-7.9518579],[-46.4054515,-7.9870874],[-46.4108732,-8.0010831],[-46.4046958,-8.0627283],[-46.4206461,-8.0861831],[-46.4003672,-8.1153534],[-46.3950273,-8.1486415]],[[-46.3950273,-8.1486415],[-46.4043317,-8.1590264],[-46.4075267,-8.1708624],[-46.406277,-8.1808235],[-46.4020709,-8.1876828]],[[-46.4020709,-8.1876828],[-46.3996802,-8.217563],[-46.4095478,-8.2505664],[-46.4144495,-8.2890267],[-46.4218503,-8.2986129],[-46.4123108,-8.3252385],[-46.4135147,-8.3451488],[-46.4259969,-8.3771252],[-46.4462725,-8.4021704],[-46.4701589,-8.4201862],[-46.5145841,-8.427415],[-46.5215839,-8.4109419],[-46.5416409,-8.4036326],[-46.5666732,-8.4019917],[-46.5783076,-8.4143421],[-46.5989166,-8.4112275],[-46.617052,-8.421011],[-46.6388111,-8.4048206],[-46.6738112,-8.4142287],[-46.7063253,-8.4117116],[-46.7215046,-8.3871812]],[[-46.7215046,-8.3871812],[-46.7500344,-8.3739987],[-46.7824337,-8.3680837],[-46.7950016,-8.404858],[-46.8005095,-8.4540934],[-46.8234833,-8.4744962],[-46.8491469,-8.4746502],[-46.8433518,-8.5228537],[-46.8624212,-8.55537],[-46.9022558,-8.5862755],[-46.8987317,-8.6081577],[-46.9170946,-8.6329114],[-46.9163941,-8.6484068],[-46.8891737,-8.6697885],[-46.8869493,-8.6864898],[-46.9143685,-8.7085831],[-46.9248679,-8.7442212],[-46.9075097,-8.7720788],[-46.9028067,-8.8145359],[-46.9180873,-8.8396966],[-46.9181468,-8.856995],[-46.9415578,-8.859479],[-46.9597282,-8.8754498],[-46.9813377,-8.869445],[-46.9929219,-8.8788894],[-46.9714187,-8.9164052],[-47.0112552,-8.9466044],[-47.0215615,-8.9886406],[-47.0358639,-8.989814],[-47.0440083,-9.0229101],[-47.0577274,-9.0529545],[-47.0411236,-9.0681621],[-47.0073415,-9.0821934],[-46.9759264,-9.0817295],[-46.9402883,-9.0637411],[-46.9134233,-9.0785679],[-46.9302566,-9.1059806],[-46.9263087,-9.1349438],[-46.8999976,-9.1280193],[-46.8846186,-9.1439041],[-46.861117,-9.1464228],[-46.8478096,-9.1680103],[-46.8523673,-9.1861361],[-46.8310048,-9.1934706],[-46.8193719,-9.2093514],[-46.8288944,-9.2400898],[-46.8189454,-9.2600573],[-46.8470632,-9.2924222],[-46.8353123,-9.3082186],[-46.8187517,-9.3034377],[-46.7991716,-9.3388432],[-46.768315,-9.3655046],[-46.7586743,-9.3812175],[-46.7662334,-9.4033452],[-46.7543134,-9.4138029],[-46.7233119,-9.3963646],[-46.6962278,-9.3985879],[-46.6659757,-9.3919186],[-46.6327834,-9.4115883]],[[-46.3349419,-8.811495],[-46.2843697,-8.7546077]],[[-46.2843697,-8.7546077],[-46.2736908,-8.7265587],[-46.2463504,-8.7103794],[-46.2334765,-8.6725498],[-46.1749826,-8.6391764],[-46.1465217,-8.6297311],[-46.1385742,-8.6155169],[-46.1184761,-8.585967],[-46.1160949,-8.5559786],[-46.1156193,-8.5243327],[-46.0962452,-8.4774884],[-46.0968023,-8.3594106],[-46.0831191,-8.3402515],[-46.0829573,-8.327923],[-46.1062988,-8.2960975],[-46.1025982,-8.2355944],[-46.1205033,-8.2268422],[-46.1352762,-8.1400989],[-46.148436,-8.1143978],[-46.1447662,-8.0770556],[-46.1010652,-8.0567206],[-46.0976676,-8.0239876],[-46.0614915,-8.0447222],[-46.0587243,-8.0638212],[-46.0359143,-8.0674506],[-46.0125651,-8.1288367],[-46.0024544,-8.1344649],[-46.0028947,-8.1625717],[-45.9651674,-8.182396],[-45.9262953,-8.1973419],[-45.913261,-8.1858841],[-45.9157803,-8.1403009],[-45.8878664,-8.1302679],[-45.8678299,-8.1148311],[-45.8336775,-8.1060449],[-45.778658,-8.1024068],[-45.7607285,-8.0600609],[-45.7880046,-8.0220027]],[[-45.7880046,-8.0220027],[-45.8001155,-8.018133]],[[-45.8001155,-8.018133],[-45.8208081,-7.9886393],[-45.8412715,-7.9796207],[-45.8276022,-7.9538202],[-45.8461367,-7.914479],[-45.8419369,-7.8766813],[-45.8499818,-7.8401068],[-45.8614467,-7.8273576],[-45.8595529,-7.8177518],[-45.8442874,-7.8043067],[-45.8442146,-7.767375],[-45.7959328,-7.724794],[-45.791773,-7.7032145],[-45.8007401,-7.6580915],[-45.8011741,-7.6180441],[-45.7934671,-7.5838529],[-45.8210541,-7.5552954],[-45.8152987,-7.5477341],[-45.8218455,-7.4954411],[-45.8318571,-7.4841377],[-45.8265347,-7.4773971],[-45.8149463,-7.452938],[-45.8009493,-7.4555914],[-45.7794723,-7.4427117],[-45.7558278,-7.4514007],[-45.7436343,-7.4380054],[-45.719888,-7.4474807],[-45.6885174,-7.4310485],[-45.6839175,-7.4236918],[-45.6883977,-7.4148424]],[[-45.6883977,-7.4148424],[-45.6733409,-7.4065863]],[[-45.6733409,-7.4065863],[-45.6778566,-7.3978067],[-45.6948896,-7.3929202],[-45.7154168,-7.3755929],[-45.7305993,-7.361349],[-45.7625472,-7.3463584]],[[-45.7625472,-7.3463584],[-45.7671418,-7.3381521],[-45.7701982,-7.3363192],[-45.8052388,-7.3284703]],[[-45.8052388,-7.3284703],[-45.8395745,-7.3025717],[-45.8611419,-7.2946892]],[[-42.8864109,-6.5046092],[-42.9088905,-6.5006304],[-43.0994533,-6.4247959],[-43.2966421,-6.3421608],[-43.3559462,-6.3494496]],[[-43.3559462,-6.3494496],[-43.3515147,-6.3601699]],[[-43.3515147,-6.3601699],[-43.3412556,-6.3845559],[-43.4217599,-6.4010895],[-43.4077597,-6.4156483],[-43.4068683,-6.4503509],[-43.3962241,-6.4668009],[-43.3693433,-6.5284623],[-43.3793054,-6.5350014],[-43.3847537,-6.5690702],[-43.3818078,-6.5913129],[-43.3965898,-6.6020635]],[[-43.3965898,-6.6020635],[-43.4020574,-6.6095834],[-43.4545886,-6.8459969]],[[-43.4545886,-6.8459969],[-43.444222,-6.8380198],[-43.4191289,-6.8440105],[-43.3903025,-6.8338986],[-43.3883882,-6.8177496],[-43.3652474,-6.8198018],[-43.3467559,-6.7977497],[-43.2959868,-6.799846],[-43.2734607,-6.7936839],[-43.2500549,-6.7686466],[-43.2192219,-6.7638428],[-43.1782741,-6.7673365],[-43.1475876,-6.7836885],[-43.1049784,-6.7702479],[-43.0882871,-6.7517415],[-43.0652154,-6.7499791],[-43.0479056,-6.7619503],[-43.0110623,-6.7600094],[-42.9928003,-6.7487284],[-42.977444,-6.7179372],[-42.9511065,-6.7050771],[-42.9187118,-6.66885],[-42.9169507,-6.6365485],[-42.9077155,-6.6059212],[-42.8885014,-6.58016],[-42.88817,-6.5366507],[-42.8722946,-6.5107553],[-42.8864109,-6.5046092]],[[-44.9362114,-5.0274349],[-44.9371809,-5.0213551]],[[-44.9371809,-5.0213551],[-44.9424306,-5.025729],[-44.9498849,-5.0278702],[-44.9481707,-5.0474438],[-44.9634852,-5.0740762],[-44.9693864,-5.0829184],[-44.9669989,-5.0966432],[-44.9627173,-5.1032268],[-44.9642818,-5.1056149],[-44.9667284,-5.1084439]],[[-44.9667284,-5.1084439],[-44.9703691,-5.1201735]],[[-44.9703691,-5.1201735],[-44.9710396,-5.1256051],[-44.9708007,-5.1281581],[-44.9779336,-5.1314585],[-44.9914722,-5.1321102],[-45.0041905,-5.1777321],[-45.0211217,-5.2088927],[-45.1232355,-5.1209306],[-45.1249247,-5.1230152],[-45.3306931,-5.1217588]],[[-45.3306931,-5.1217588],[-45.3291754,-5.1271662],[-45.3171229,-5.1317523]],[[-45.3171229,-5.1317523],[-45.314096,-5.1636712],[-45.3265586,-5.1768933],[-45.3278464,-5.1992182],[-45.3401656,-5.2069984]],[[-45.3401656,-5.2069984],[-45.3534172,-5.2304175],[-45.3392609,-5.2466147],[-45.3478583,-5.2566268],[-45.3624147,-5.2664411],[-45.3699308,-5.2796763],[-45.4029062,-5.2836539],[-45.4209375,-5.277818],[-45.443622,-5.2869258],[-45.4598642,-5.2690164],[-45.4677386,-5.2741949],[-45.4836184,-5.29758],[-45.4447742,-5.3963893],[-45.4385839,-5.4232134],[-45.4211535,-5.4467123],[-45.5234496,-5.5088229],[-45.4272206,-5.6038698],[-45.4299921,-5.6093845],[-45.4317737,-5.6096527],[-45.4415467,-5.6085858],[-45.464888,-5.6214574],[-45.4826266,-5.6215804],[-45.4903144,-5.6366096],[-45.5423243,-5.6833054],[-45.5489757,-5.7113246],[-45.5738553,-5.731433]],[[-45.5738553,-5.731433],[-45.5018014,-5.8061646]],[[-45.5018014,-5.8061646],[-45.3758441,-5.9325919]],[[-45.3758441,-5.9325919],[-45.3130918,-5.917218]],[[-45.3130918,-5.917218],[-45.2998355,-5.9184408],[-45.2942791,-5.9302758],[-45.2893983,-5.9760787],[-45.2785968,-5.9932526],[-45.2722767,-5.9970826],[-45.1823283,-5.8770758],[-45.095686,-5.8505129],[-45.0897061,-5.8525781],[-44.9248282,-5.7892273]],[[-44.9248282,-5.7892273],[-44.9247123,-5.7629434]],[[-44.9247123,-5.7629434],[-44.9232639,-5.6807754],[-44.9344311,-5.6637384],[-44.9635922,-5.6352814],[-44.9682329,-5.6262584],[-44.9680803,-5.6113858],[-44.9579379,-5.5783531],[-44.9586004,-5.5409241],[-44.9664159,-5.5116946],[-44.9381896,-5.459927],[-44.9401722,-5.4428043],[-44.9205544,-5.3937779],[-44.926053,-5.3876047],[-44.8950006,-5.3552163],[-44.8674162,-5.3354793],[-44.8375298,-5.2889857],[-44.8086974,-5.2636241],[-44.8062103,-5.2591572],[-44.8117766,-5.2231112],[-44.7684465,-5.2010318],[-44.7662813,-5.1882627]],[[-44.7662813,-5.1882627],[-44.763114,-5.1814335],[-44.8237836,-5.1457861]],[[-44.8237836,-5.1457861],[-44.8200335,-5.1337984],[-44.8348171,-5.1131744],[-44.8478981,-5.1232058],[-44.8584489,-5.1204694],[-44.8636549,-5.0786635],[-44.8560252,-5.0636988],[-44.8691537,-5.0450329]],[[-44.8691537,-5.0450329],[-44.8924134,-5.0321972],[-44.9039879,-5.0391452]],[[-44.9039879,-5.0391452],[-44.9362114,-5.0274349]],[[-42.6415021,-2.6253252],[-42.6964332,-2.5737555],[-42.7265615,-2.5548764],[-42.7489808,-2.5607334],[-42.763197,-2.5454551],[-42.8252915,-2.5447232],[-42.9633508,-2.4752786],[-43.0148197,-2.4566666]],[[-43.0148197,-2.4566666],[-43.0117134,-2.4657232],[-43.0165533,-2.4760314],[-43.0189585,-2.4870382],[-43.0252594,-2.5092664],[-43.0455926,-2.5111406],[-43.0525514,-2.5394042],[-43.0578859,-2.6018575],[-43.0676753,-2.6103156],[-43.0669514,-2.6350873],[-43.0369167,-2.653598],[-43.0324424,-2.6782021],[-43.0402122,-2.724898],[-43.0455007,-2.7302943],[-43.054911,-2.7495765],[-43.1026714,-2.7743285],[-43.12204,-2.7750707],[-43.1002329,-2.8184371],[-43.1021982,-2.8390375],[-43.0777967,-2.8896425],[-43.0972718,-2.9147687],[-43.1568798,-2.9464963],[-43.1670884,-2.9515188],[-43.1704554,-2.9512457]],[[-43.1704554,-2.9512457],[-43.2011282,-2.9665425]],[[-43.2011282,-2.9665425],[-43.2286011,-2.9840951]],[[-43.2286011,-2.9840951],[-43.2427527,-2.9920423]],[[-43.2427527,-2.9920423],[-43.2217065,-3.0222636],[-43.1804789,-2.9950162],[-43.1686264,-3.0036867],[-43.1406353,-3.0779162],[-43.1502685,-3.0870068],[-43.0942545,-3.1092261]],[[-43.0942545,-3.1092261],[-43.0428402,-3.1374197],[-43.0411455,-3.1302931],[-42.8247554,-3.2161294]],[[-42.8247554,-3.2161294],[-42.7984832,-3.1486746]],[[-42.7984832,-3.1486746],[-42.7833601,-3.140665],[-42.7680766,-3.1333518],[-42.7627095,-3.0939811],[-42.7604021,-3.0670287]],[[-42.7604021,-3.0670287],[-42.7551871,-3.0516565]],[[-42.7551871,-3.0516565],[-42.7616075,-3.0305677],[-42.77712,-3.002548],[-42.7501978,-2.903507],[-42.7244422,-2.8983899],[-42.7141249,-2.8818487],[-42.6415021,-2.6253252]],[[-43.4581462,-2.9855744],[-43.4565997,-2.983999]],[[-43.4565997,-2.983999],[-43.4869558,-2.9891517],[-43.4919227,-3.0016811],[-43.5011608,-3.0175289],[-43.5282519,-3.0140488],[-43.5491262,-3.0177976],[-43.5713136,-3.0381129]],[[-43.5713136,-3.0381129],[-43.5421452,-3.1296697],[-43.6066356,-3.172094]],[[-43.6066356,-3.172094],[-43.6122684,-3.2331728]],[[-43.6122684,-3.2331728],[-43.6044271,-3.2358118]],[[-43.6044271,-3.2358118],[-43.5181059,-3.240809],[-43.5123667,-3.2235111],[-43.4512466,-3.1842769],[-43.4122515,-3.1499205],[-43.3815935,-3.1331603],[-43.3447606,-3.1018333],[-43.2787347,-3.0812605],[-43.2692127,-3.0627883],[-43.3141645,-3.0235784]],[[-43.3141645,-3.0235784],[-43.4581462,-2.9855744]],[[-45.2882213,-3.7182007],[-45.3429348,-3.6840698]],[[-45.3429348,-3.6840698],[-45.3225465,-3.7475309],[-45.3179222,-3.7813222],[-45.3265904,-3.8142658],[-45.3382273,-3.8255874],[-45.3413315,-3.8297888],[-45.3283681,-3.8439762]],[[-45.3283681,-3.8439762],[-45.3244171,-3.8435465]],[[-45.3244171,-3.8435465],[-45.2991243,-3.7997718],[-45.2561028,-3.7989806],[-45.2196396,-3.7723603],[-45.2105569,-3.7807519],[-45.2038923,-3.784969],[-45.1990775,-3.7786684],[-45.1925642,-3.7765838],[-45.1540082,-3.7299178],[-45.1464752,-3.7315773]],[[-45.1464752,-3.7315773],[-45.1458869,-3.730558]],[[-45.1458869,-3.730558],[-45.1525249,-3.7289932]],[[-45.1525249,-3.7289932],[-45.2882213,-3.7182007]],[[-44.3962026,-6.8423993],[-44.4143522,-6.8450952]],[[-44.4143522,-6.8450952],[-44.4222876,-6.8464287]],[[-44.4222876,-6.8464287],[-44.4407603,-6.8597097],[-44.4492929,-6.8809216]],[[-44.4492929,-6.8809216],[-44.4609062,-6.8961044],[-44.4940345,-6.8839526],[-44.5127057,-6.9249395],[-44.5354919,-7.0151249],[-44.5426568,-7.0064119],[-44.5831695,-6.9891394],[-44.5875961,-6.977869],[-44.6156135,-6.9612028],[-44.6839033,-6.9747114]],[[-44.6839033,-6.9747114],[-44.6973377,-6.9744388]],[[-44.6973377,-6.9744388],[-44.6994895,-7.0118948],[-44.7106805,-7.0442632],[-44.7830871,-7.0993507],[-44.7724361,-7.1247609],[-44.7472093,-7.1346554],[-44.7367381,-7.1491284],[-44.7177875,-7.1503948],[-44.7194857,-7.1856435],[-44.6984849,-7.1795349],[-44.6858,-7.1887894],[-44.6929324,-7.2175726],[-44.7049323,-7.2363595],[-44.6976535,-7.2550509],[-44.7874932,-7.2487047]],[[-44.7874932,-7.2487047],[-44.9893114,-7.4823976],[-44.9230093,-7.4682318],[-44.9004353,-7.4254106],[-44.8697051,-7.4230572],[-44.8480283,-7.3865659],[-44.8206005,-7.375623],[-44.8164962,-7.3608938],[-44.7803456,-7.3785175],[-44.7419808,-7.3617039],[-44.7299293,-7.3907703],[-44.6895567,-7.3954617],[-44.6784272,-7.3592559],[-44.6591714,-7.3285253],[-44.6158702,-7.3086662],[-44.5940769,-7.2671767],[-44.5717854,-7.2484287],[-44.5641953,-7.227708],[-44.5351164,-7.2273081],[-44.5199017,-7.2151641],[-44.5142335,-7.1960154],[-44.4620959,-7.1600911],[-44.4306277,-7.1515581],[-44.3860639,-7.1209154],[-44.363098,-7.1214972],[-44.3324675,-7.1086126],[-44.3051848,-7.1178122],[-44.2757784,-7.0745111],[-44.2783193,-7.0381894],[-44.2492751,-7.0005408]],[[-44.2492751,-7.0005408],[-44.2731445,-6.9561033],[-44.289359,-6.9577174],[-44.3073193,-6.9422782],[-44.328933,-6.9371376]],[[-44.328933,-6.9371376],[-44.3275989,-6.9350275]],[[-44.3275989,-6.9350275],[-44.3284534,-6.9319919],[-44.3275169,-6.9299977],[-44.3311629,-6.9236881]],[[-44.3311629,-6.9236881],[-44.378265,-6.8766943],[-44.3833168,-6.8601202],[-44.3944214,-6.8448386],[-44.3962026,-6.8423993]],[[-44.6925402,-2.2873762],[-44.7006248,-2.2841347],[-44.7152935,-2.273723],[-44.7548487,-2.2671172]],[[-44.7548487,-2.2671172],[-44.7697717,-2.2854877]],[[-44.7697717,-2.2854877],[-44.7951866,-2.2997754],[-44.8064574,-2.3044724],[-44.8224591,-2.3034578],[-44.846523,-2.3178464],[-44.8599098,-2.3300934],[-44.8627636,-2.352794],[-44.8807625,-2.3776401],[-44.8962165,-2.3806107]],[[-44.8962165,-2.3806107],[-44.8987945,-2.3860055]],[[-44.8987945,-2.3860055],[-44.916549,-2.3912091],[-44.9553822,-2.4271047],[-44.9592435,-2.4594616]],[[-44.9592435,-2.4594616],[-44.9384575,-2.5085415],[-44.9152166,-2.5212135],[-44.8335759,-2.5150891],[-44.8134535,-2.5326244],[-44.8123948,-2.5865269],[-44.7485808,-2.5854536],[-44.7358973,-2.6101134],[-44.7120318,-2.6191807]],[[-44.7120318,-2.6191807],[-44.6845361,-2.5463]],[[-44.6444111,-2.2962791],[-44.6776803,-2.2804923]],[[-44.6776803,-2.2804923],[-44.6925402,-2.2873762]],[[-44.7553482,-4.7113293],[-44.7565809,-4.7175833],[-44.5763533,-4.766667]],[[-44.5763533,-4.766667],[-44.573967,-4.7716931],[-44.5718525,-4.7498101],[-44.5828394,-4.7309111],[-44.5804035,-4.6844246],[-44.5870162,-4.6743497],[-44.5935823,-4.6591776],[-44.6448331,-4.6484518],[-44.6914834,-4.6588187],[-44.7252665,-4.6507449]],[[-44.7252665,-4.6507449],[-44.747601,-4.6038988]],[[-44.747601,-4.6038988],[-44.7476142,-4.5664056]],[[-44.7476142,-4.5664056],[-44.7561504,-4.5695938],[-44.7745842,-4.5708258],[-44.8019938,-4.5691443],[-44.7984284,-4.6080386],[-44.7553482,-4.7113293]],[[-46.1612841,-1.6228478],[-46.1639228,-1.6539125],[-46.1553227,-1.6754034],[-46.1740864,-1.7005085],[-46.2035024,-1.705295],[-46.2112229,-1.7271762],[-46.2251002,-1.7316696],[-46.2475775,-1.7209245],[-46.2658526,-1.7328418],[-46.2949754,-1.7265901],[-46.3118822,-1.7332325],[-46.3244891,-1.772696],[-46.31413,-1.804271],[-46.2536366,-1.7958462],[-46.2303286,-1.8031233],[-46.2125422,-1.8274452],[-46.2152786,-1.8459062],[-46.2435218,-1.8786276],[-46.228765,-1.8884928],[-46.22339,-1.9149135]],[[-46.22339,-1.9149135],[-46.1344902,-1.8381755],[-46.1297983,-1.8161824],[-46.1132878,-1.8192691],[-46.0686261,-1.7275129]],[[-46.0686261,-1.7275129],[-46.0627949,-1.6943333],[-46.0684784,-1.6770947],[-46.0926145,-1.6761216],[-46.1086503,-1.6452317],[-46.1612841,-1.6228478]],[[-45.6875436,-3.4872983],[-46.1076363,-3.4866143]],[[-46.1076363,-3.4866143],[-46.1271284,-3.5610913],[-46.1096839,-3.6042989],[-46.1207132,-3.5980735],[-46.1433979,-3.5852274],[-46.1864977,-3.5768057],[-46.2113071,-3.5921575],[-46.2456533,-3.5826801],[-46.2813473,-3.5495494],[-46.3122047,-3.5463392],[-46.3638116,-3.5580725],[-46.3879757,-3.5814652],[-46.420218,-3.5921633],[-46.4411292,-3.5747446],[-46.4691384,-3.5945199],[-46.4894755,-3.6179733],[-46.5294247,-3.6324178],[-46.539591,-3.6267434],[-46.5755348,-3.6492294],[-46.5997191,-3.6747929],[-46.6169292,-3.6792084],[-46.6212116,-3.6953701],[-46.6466613,-3.7063518],[-46.659789,-3.6961467],[-46.6963507,-3.7049383]],[[-46.6963507,-3.7049383],[-46.7115077,-3.7441182],[-46.7374518,-3.7763076],[-46.7268917,-3.8071353],[-46.7244644,-3.8392262],[-46.6973511,-3.8550024],[-46.7094627,-3.8779886],[-46.7573864,-3.9050534],[-46.761087,-3.9756328],[-46.8048369,-3.9987388],[-46.8439178,-4.0032165],[-46.869636,-4.0321313],[-46.8917465,-4.0439995],[-46.9003174,-4.0760955],[-46.914951,-4.0869883]],[[-46.914951,-4.0869883],[-46.9242962,-4.0874643],[-46.9484847,-4.0806546]],[[-46.9484847,-4.0806546],[-46.9616509,-4.1038569],[-46.9677795,-4.1191283],[-47.0101948,-4.1746904],[-47.0129178,-4.1932865],[-47.0296857,-4.2204608],[-47.0727402,-4.2366296]],[[-46.8490867,-4.4011328],[-46.8397725,-4.3866992]],[[-46.8397725,-4.3866992],[-46.8158424,-4.3787512],[-46.8060524,-4.3767413],[-46.7955276,-4.3757754],[-46.7677653,-4.3721832],[-46.7455076,-4.3826911],[-46.6992932,-4.3556945],[-46.629867,-4.3303812],[-46.5928492,-4.3092693],[-46.5890248,-4.2982758],[-46.5504666,-4.2753271],[-46.537455,-4.2661469],[-46.5275028,-4.2337703],[-46.5024406,-4.2200976],[-46.4809404,-4.1950058]],[[-46.4809404,-4.1950058],[-46.4690033,-4.1853007]],[[-46.4690033,-4.1853007],[-46.44312,-4.1575889],[-46.4405022,-4.1516969],[-46.4385093,-4.1383688],[-46.4333292,-4.1302777]],[[-46.4333292,-4.1302777],[-46.3853072,-4.1016431],[-46.3744934,-4.0785996],[-46.3421695,-4.0500784],[-46.2956828,-4.0219596],[-46.2736137,-3.9930504],[-46.2693358,-3.9911732]],[[-46.2693358,-3.9911732],[-46.2625571,-3.9813513]],[[-45.6443461,-3.6212657],[-45.6385856,-3.6261447]],[[-45.6385856,-3.6261447],[-45.6260984,-3.6355482],[-45.6080266,-3.6814334],[-45.586589,-3.6802962],[-45.5542564,-3.6582477],[-45.528074,-3.6585406],[-45.5030901,-3.6755751],[-45.5007502,-3.6936521]],[[-45.5007502,-3.6936521],[-45.49522,-3.694685]],[[-45.49522,-3.694685],[-45.4731522,-3.6778458],[-45.4615363,-3.6562839],[-45.4637332,-3.637805],[-45.4314531,-3.6190181],[-45.4077239,-3.6100429],[-45.4046703,-3.6073149],[-45.4043425,-3.6017909],[-45.4057558,-3.5983112],[-45.4018871,-3.5945142],[-45.4002956,-3.5912791]],[[-45.4002956,-3.5912791],[-45.4060304,-3.5750185]],[[-45.4060304,-3.5750185],[-45.4292952,-3.5835949],[-45.4880694,-3.6097536],[-45.4930583,-3.605831],[-45.5047545,-3.584142],[-45.5206524,-3.5743317],[-45.5194552,-3.5445868],[-45.5333461,-3.5171244],[-45.5406876,-3.4995061],[-45.5411295,-3.4941047]],[[-45.5411295,-3.4941047],[-45.5432258,-3.4898818]],[[-45.5432258,-3.4898818],[-45.6875436,-3.4872983]],[[-46.8397725,-4.3866992],[-46.8388915,-4.3988257]],[[-46.926093,-4.8456074],[-46.9303184,-4.8505746]],[[-46.4649824,-4.8509669],[-46.4843523,-4.8087657],[-46.4796909,-4.7845529],[-46.4604367,-4.7591825],[-46.4679106,-4.7373763],[-46.4860996,-4.7226674],[-46.4798365,-4.7091774],[-46.4921588,-4.6671679],[-46.476047,-4.6516098],[-46.4908194,-4.6118647],[-46.4960393,-4.5641627],[-46.4818954,-4.5528984],[-46.4915959,-4.5285398],[-46.500239,-4.4650856],[-46.5054997,-4.3786687],[-46.4940372,-4.3549805],[-46.4982557,-4.3361025],[-46.4883797,-4.3078898],[-46.494065,-4.2887311],[-46.475348,-4.2770104],[-46.4852286,-4.2544198],[-46.4853582,-4.247585],[-46.4806351,-4.2243085],[-46.4771274,-4.2070819],[-46.4809404,-4.1950058]],[[-45.0061281,-4.1142414],[-45.0135821,-4.1141665]],[[-45.0135821,-4.1141665],[-45.0068102,-4.1255929],[-45.0267349,-4.1466743],[-45.035458,-4.1757033],[-45.0870372,-4.2029161],[-45.0845726,-4.2197977],[-45.0981503,-4.2403943],[-45.0868063,-4.2581361],[-45.0984876,-4.2841892],[-45.1095958,-4.2870211],[-45.1054035,-4.3268463]],[[-45.1054035,-4.3268463],[-45.1164257,-4.3397782]],[[-45.1164257,-4.3397782],[-45.1304103,-4.4112544]],[[-45.1304103,-4.4112544],[-45.111728,-4.4183371]],[[-45.111728,-4.4183371],[-45.1054829,-4.4190128]],[[-45.1054829,-4.4190128],[-45.0930624,-4.4236934],[-45.0882477,-4.4344116]],[[-45.0882477,-4.4344116],[-45.0889949,-4.4502528],[-45.0794224,-4.4522103],[-45.0566268,-4.4650675]],[[-45.0566268,-4.4650675],[-45.0460457,-4.4804817]],[[-45.0460457,-4.4804817],[-45.0434408,-4.4767904],[-45.035013,-4.4806619],[-44.9886852,-4.4587895],[-44.8732857,-4.3842791]],[[-44.8808727,-4.3527231],[-45.0776448,-4.3001387],[-45.0808509,-4.2969731],[-45.083146,-4.2885844]],[[-44.9625911,-4.1718159],[-44.9855856,-4.1518982],[-45.0009359,-4.1187582],[-45.0061281,-4.1142414]],[[-42.9873815,-3.5533357],[-42.9928042,-3.5587934]],[[-43.0173417,-3.7384055],[-42.7273419,-3.8803056]],[[-42.7273419,-3.8803056],[-42.7216934,-3.8843703]],[[-42.7216934,-3.8843703],[-42.7147525,-3.8633956],[-42.6840661,-3.8034277],[-42.6713615,-3.787338],[-42.684036,-3.7652214],[-42.6701707,-3.7270984],[-42.6834797,-3.6944996],[-42.6750751,-3.6726539],[-42.6330523,-3.6320818]],[[-42.6330523,-3.6320818],[-42.6585487,-3.6177044],[-42.7973142,-3.5304616],[-42.9873815,-3.5533357]],[[-45.7242121,-4.5433783],[-45.7122377,-4.5531955]],[[-45.7122377,-4.5531955],[-45.6983708,-4.5011985],[-45.637926,-4.4859381],[-45.5937548,-4.5318758],[-45.5883773,-4.4698147],[-45.5261535,-4.4278425],[-45.4220052,-4.4408267]],[[-45.4220052,-4.4408267],[-45.4228248,-4.4170983],[-45.4695658,-4.4279896],[-45.5117358,-4.3960054],[-45.4798348,-4.3695245],[-45.4696783,-4.34681],[-45.4498403,-4.3450653],[-45.4378799,-4.3307908],[-45.4476912,-4.3075415],[-45.4482041,-4.2915481],[-45.4356618,-4.279757]],[[-45.4356618,-4.279757],[-45.4262535,-4.2522972]],[[-45.5950756,-4.1995581],[-45.5949733,-4.1959694]],[[-45.5949733,-4.1959694],[-45.6262863,-4.192357],[-45.6394639,-4.1925273],[-45.6415347,-4.1857427],[-45.6720934,-4.2092417],[-45.7538333,-4.2385845],[-45.7753308,-4.2518438],[-45.7901564,-4.2567361],[-45.7926984,-4.2636676],[-45.7981977,-4.2911077],[-45.7970285,-4.2972842],[-45.7912291,-4.3363474],[-45.802683,-4.3479011],[-45.8039716,-4.3812659],[-45.8174821,-4.3906961],[-45.8250083,-4.4146216],[-45.8222862,-4.4276476],[-45.806137,-4.4299069],[-45.7899793,-4.4533772],[-45.7867323,-4.489421],[-45.7605865,-4.5286828],[-45.7242121,-4.5433783]],[[-42.8559687,-4.0794396],[-42.8415051,-4.0296258],[-42.8165846,-3.9931653],[-42.7926299,-3.9897101],[-42.7875595,-3.9629428],[-42.7730958,-3.9477336],[-42.7392821,-3.9272592],[-42.723966,-3.9042989],[-42.7216934,-3.8843703]],[[-42.7273419,-3.8803056],[-43.0169765,-3.7385721],[-43.1233243,-3.6900317]],[[-43.1233243,-3.6900317],[-43.1976977,-3.7829974]],[[-43.1976977,-3.7829974],[-43.208812,-4.0184058]],[[-43.208812,-4.0184058],[-43.1805031,-4.026604]],[[-43.1805031,-4.026604],[-43.0732144,-4.0397529],[-43.000639,-4.0506097],[-42.8600917,-4.0764952],[-42.8559687,-4.0794396]],[[-43.8199868,-5.5511619],[-43.825859,-5.5532746]],[[-43.825859,-5.5532746],[-43.8385905,-5.5667403],[-43.8831716,-5.589041],[-43.8868405,-5.5961023],[-43.8884387,-5.5964937],[-43.8920075,-5.6102998],[-43.8919632,-5.6345911],[-43.9304335,-5.6740936],[-43.949981,-5.7089409],[-43.9698398,-5.7225814],[-43.9785029,-5.7410604],[-43.9998643,-5.7562577],[-44.0099498,-5.7615235],[-44.0150479,-5.7605611],[-44.0235356,-5.7652389],[-44.030516,-5.7743858],[-44.0330852,-5.7914935],[-44.0717307,-5.8125479]],[[-44.0717307,-5.8125479],[-44.0718732,-5.8305396]],[[-44.0718732,-5.8305396],[-44.0741648,-5.850736],[-44.0638205,-5.8696388],[-44.0451529,-5.8771502],[-44.032865,-5.8968285]],[[-44.032865,-5.8968285],[-43.9053806,-6.0047781],[-43.8444402,-6.0036676]],[[-43.8444402,-6.0036676],[-43.8089325,-5.9991292],[-43.749124,-5.9773865],[-43.7410328,-5.9822765],[-43.7113327,-5.9610214],[-43.7081096,-5.9469034],[-43.6846536,-5.9116348]],[[-43.6846536,-5.9116348],[-43.674866,-5.8996237]],[[-43.674866,-5.8996237],[-43.6757867,-5.871276],[-43.680893,-5.8638549],[-43.7260721,-5.8487847],[-43.7257308,-5.8416261],[-43.713279,-5.8188344],[-43.7168202,-5.802375],[-43.7027272,-5.78001],[-43.6771709,-5.7677072],[-43.647098,-5.7616449],[-43.612345,-5.7374691]],[[-43.612345,-5.7374691],[-43.5997877,-5.727793]],[[-43.5997877,-5.727793],[-43.5870925,-5.7016281],[-43.613997,-5.6625122],[-43.6321301,-5.6550121],[-43.6419512,-5.6468086],[-43.666376,-5.6315058],[-43.6684813,-5.6054584],[-43.7314612,-5.5913378],[-43.7590991,-5.5898884],[-43.7857323,-5.5615586],[-43.8199868,-5.5511619]],[[-46.2654931,-3.9881225],[-46.2693358,-3.9911732]],[[-46.4333292,-4.1302777],[-46.4394488,-4.1410054],[-46.4410955,-4.1533244],[-46.4474596,-4.1635242],[-46.4690033,-4.1853007]],[[-46.0893935,-4.8546173],[-46.1040934,-4.8138817],[-46.1319833,-4.7902025],[-46.2017886,-4.7524887],[-46.2289021,-4.6249914],[-46.2092703,-4.6236808],[-46.1780506,-4.6002631],[-46.1591049,-4.5604957],[-46.1932008,-4.5117273],[-46.2030812,-4.471643],[-46.2172483,-4.4698478],[-46.2329294,-4.4453307],[-46.2233744,-4.3904025],[-46.2409378,-4.3737766],[-46.2645773,-4.3076944]],[[-46.2645773,-4.3076944],[-46.2792017,-4.297669],[-46.2830967,-4.2883434]],[[-47.2756138,-5.5359437],[-47.2782161,-5.5417943]],[[-47.2782161,-5.5417943],[-47.2704985,-5.5463932],[-47.2524784,-5.5438984],[-47.2379841,-5.5669369],[-47.2028451,-5.5787127],[-47.182862,-5.582922],[-47.1768814,-5.589533],[-47.1754461,-5.5894658],[-47.1680539,-5.5950571],[-47.1578673,-5.6052495],[-47.1369129,-5.6418939]],[[-47.1369129,-5.6418939],[-47.1165314,-5.6542068]],[[-47.1165314,-5.6542068],[-47.0858607,-5.6710582],[-47.0860199,-5.6723107]],[[-47.0860199,-5.6723107],[-47.0853261,-5.6709181]],[[-47.0853261,-5.6709181],[-46.9751604,-5.641311],[-46.9476669,-5.6274716]],[[-46.9476669,-5.6274716],[-46.9444781,-5.6199709]],[[-46.9058895,-5.355006],[-46.9070475,-5.3568439]],[[-46.9070475,-5.3568439],[-46.9119075,-5.3577559],[-46.9268008,-5.3535344],[-46.9473516,-5.3650097],[-46.9798382,-5.3683843],[-47.0120704,-5.3820224],[-47.0450969,-5.4028949],[-47.1744014,-5.4513707],[-47.198303,-5.4740023],[-47.211224,-5.4769102],[-47.2538565,-5.5103833],[-47.2756138,-5.5359437]],[[-44.0613934,-2.899855],[-44.0579471,-2.9104768]],[[-44.0579471,-2.9104768],[-44.0616992,-2.9109959],[-44.0650331,-2.9296936],[-44.0598644,-2.9314363],[-44.0654912,-2.9357838],[-44.0704373,-2.9410493],[-44.0694697,-2.9508476],[-44.0632153,-2.9756965],[-44.0882977,-3.0221855],[-44.0780921,-3.0329375],[-44.0568745,-3.0299621],[-44.0428601,-3.0431737],[-44.0390951,-3.0634825],[-43.9987923,-3.084034],[-44.015862,-3.1008982],[-43.9931216,-3.1186306],[-44.0085159,-3.1594844],[-44.0087203,-3.1802066],[-44.0315456,-3.1873327],[-44.0418376,-3.2411544],[-44.0327795,-3.2618424],[-44.0319488,-3.2855196]],[[-44.0319488,-3.2855196],[-44.0271901,-3.2940299]],[[-44.0271901,-3.2940299],[-43.8000371,-3.2936823]],[[-43.8000371,-3.2936823],[-43.7982622,-3.2886203]],[[-43.7982622,-3.2886203],[-43.7904245,-3.2596075],[-43.7749282,-3.2483606],[-43.7837014,-3.2134444],[-43.7539484,-3.1703058],[-43.752702,-3.1452898],[-43.7629184,-3.1065266],[-43.7762751,-3.0875999],[-43.8137471,-3.0793573],[-43.8872356,-3.0492782],[-43.9016163,-3.0319782],[-43.9602804,-3.0082222],[-43.9987618,-2.9871763],[-44.0048226,-2.9708949],[-44.0280032,-2.9477652],[-44.0215094,-2.9233582],[-44.034762,-2.8988239],[-44.0534517,-2.8936092],[-44.0613934,-2.899855]],[[-44.5481124,-3.0450846],[-44.5916374,-3.0409345]],[[-44.5916374,-3.0409345],[-44.5876543,-3.0478161]],[[-44.5876543,-3.0478161],[-44.569869,-3.0536355]],[[-44.569869,-3.0536355],[-44.5481124,-3.0450846]],[[-44.4760337,-2.732519],[-44.5017059,-2.7263724],[-44.5363495,-2.75386],[-44.5861828,-2.8146511],[-44.5803079,-2.8594035],[-44.5896166,-2.8948399],[-44.6007605,-2.9049776],[-44.6138694,-2.9505527],[-44.6399017,-2.968609],[-44.6332582,-2.9863496],[-44.5920609,-3.0151757],[-44.5827777,-3.0318234],[-44.5609183,-3.0225313],[-44.4897079,-2.9713835],[-44.4790204,-2.9578603],[-44.4819137,-2.9383652],[-44.4760915,-2.876649],[-44.4821107,-2.8080102],[-44.4767419,-2.7825377],[-44.4760337,-2.732519]],[[-44.818845,-2.7980236],[-44.819243,-2.7992249]],[[-44.819243,-2.7992249],[-44.7877091,-2.8187424],[-44.7801967,-2.8461923],[-44.7915571,-2.8640678],[-44.7927336,-2.8674234]],[[-44.7927336,-2.8674234],[-44.7820454,-2.8958891]],[[-44.7820454,-2.8958891],[-44.7336301,-2.8863657],[-44.7029649,-2.8909722],[-44.6601568,-2.8900786],[-44.6553794,-2.89163],[-44.6519735,-2.8929809]],[[-44.6519735,-2.8929809],[-44.6326205,-2.8458973],[-44.6501143,-2.8049836]],[[-45.0331273,-3.2393634],[-45.0868158,-3.2729458]],[[-45.0868158,-3.2729458],[-45.1299581,-3.3265225],[-45.1505001,-3.3322249],[-45.2151719,-3.3322006],[-45.2546845,-3.3213164],[-45.2611088,-3.3632664]],[[-45.2611088,-3.3632664],[-45.2602108,-3.3709893],[-45.2657785,-3.3892189]],[[-45.2657785,-3.3892189],[-45.083523,-3.4203337],[-45.0810571,-3.4268903],[-45.0805427,-3.4339771],[-45.0741439,-3.4524758],[-45.1297412,-3.5086184],[-45.1184515,-3.5284888],[-45.1226652,-3.5672609]],[[-45.1226652,-3.5672609],[-45.1060272,-3.5575679],[-45.0580803,-3.5722967],[-45.0313579,-3.5710455]],[[-45.0313579,-3.5710455],[-45.0155241,-3.5357085],[-45.0494676,-3.5119359],[-45.0328958,-3.4811435],[-45.0302247,-3.4590693],[-45.0154242,-3.461087],[-45.0100759,-3.4427239],[-45.0093132,-3.431801],[-44.9735986,-3.4284267],[-44.9633199,-3.4438344],[-44.9401887,-3.4617366],[-44.9261911,-3.4400961],[-44.9002165,-3.4247863],[-44.8990773,-3.4007643],[-44.8778543,-3.3833374],[-44.8937286,-3.3744581],[-44.8820783,-3.3550657],[-44.863712,-3.3463606]],[[-44.8727141,-3.2836963],[-44.8884624,-3.2762497]],[[-44.8884624,-3.2762497],[-44.89638,-3.3016181],[-44.9160478,-3.3069212],[-44.9229662,-3.307068],[-44.9321545,-3.3009778],[-44.9533802,-3.3404734],[-44.9702135,-3.3300687],[-44.99349,-3.3351172],[-45.0236792,-3.3114679],[-45.0190501,-3.2913274],[-45.023883,-3.2838492],[-45.0331273,-3.2393634]],[[-47.4302297,-6.0683528],[-47.4344778,-6.0931153],[-47.423204,-6.1601861],[-47.4014776,-6.2092485],[-47.3853684,-6.2303915],[-47.3807457,-6.2500226]],[[-47.3807457,-6.2500226],[-47.3423916,-6.2420352],[-47.3219469,-6.255284],[-47.2911179,-6.2586269],[-47.2696914,-6.2875673],[-47.223125,-6.267704],[-47.185813,-6.261481],[-47.1121766,-6.2319254],[-47.093686,-6.213962],[-47.051262,-6.203696],[-47.043232,-6.197515]],[[-47.043232,-6.197515],[-47.0491522,-6.1958053]],[[-47.0491522,-6.1958053],[-47.0691777,-6.1826172],[-47.0634523,-6.1750004],[-47.0823549,-6.1685369],[-47.0878118,-6.1621846],[-47.0959432,-6.156107],[-47.1253368,-6.1492198],[-47.1550995,-6.1128302],[-47.1652457,-6.1125953],[-47.1808593,-6.1084642],[-47.2061189,-6.1178753],[-47.2382298,-6.1151735]],[[-47.2382298,-6.1151735],[-47.2484323,-6.106738]],[[-47.2484323,-6.106738],[-47.2701216,-6.0982695],[-47.2811056,-6.0985483],[-47.3060866,-6.0833887],[-47.3239958,-6.0733377],[-47.3342612,-6.0754935],[-47.3492132,-6.084773],[-47.397623,-6.0786615],[-47.421373,-6.085231],[-47.4302297,-6.0683528]],[[-45.4755409,-1.4798473],[-45.4889818,-1.4707818],[-45.4872592,-1.4418201],[-45.474976,-1.3720072],[-45.422132,-1.3535207],[-45.4074934,-1.3247541],[-45.4158743,-1.2962637],[-45.4524495,-1.2946389],[-45.4618153,-1.3170527],[-45.4944899,-1.3529629],[-45.5034023,-1.3761381],[-45.5267855,-1.3587696],[-45.5143599,-1.3080898],[-45.536967,-1.3075521],[-45.5481733,-1.277893],[-45.5734152,-1.2867296],[-45.5866526,-1.2707938],[-45.6108292,-1.2746106]],[[-45.6108292,-1.2746106],[-45.6140017,-1.278416],[-45.6212792,-1.3080235],[-45.6149342,-1.3225373],[-45.6167851,-1.3444968],[-45.6380428,-1.3721887],[-45.656437,-1.3716182],[-45.6935685,-1.3702057],[-45.6996316,-1.3927241],[-45.7654837,-1.4445037],[-45.7758319,-1.5301518],[-45.763186,-1.5600964],[-45.7844094,-1.580721],[-45.8041097,-1.5695642],[-45.8252471,-1.5978196],[-45.8281966,-1.6084002]],[[-45.8281966,-1.6084002],[-45.8262999,-1.6089763]],[[-45.8700538,-1.7700611],[-45.8709599,-1.7830838],[-45.8792107,-1.7901618]],[[-45.8792107,-1.7901618],[-45.8726118,-1.8003178]],[[-45.8726118,-1.8003178],[-45.8659434,-1.8082572]],[[-45.8659434,-1.8082572],[-45.8195482,-1.8384281],[-45.797532,-1.8964817],[-45.7878969,-1.9094657],[-45.741441,-1.9293867],[-45.6968695,-1.9678681],[-45.6724248,-2.0259071],[-45.6763887,-2.060288],[-45.6605684,-2.1098945],[-45.6575356,-2.1495178],[-45.6476026,-2.1664375],[-45.6490473,-2.1735906],[-45.6389184,-2.1975127]],[[-45.6389184,-2.1975127],[-45.629012,-2.1625211]],[[-45.629012,-2.1625211],[-45.6317483,-2.1059207]],[[-45.6317483,-2.1059207],[-45.6514191,-2.0009154],[-45.6397241,-1.9652979],[-45.6222802,-1.9506846],[-45.71201,-1.7701935],[-45.6015743,-1.5594122],[-45.5761635,-1.5378093],[-45.550719,-1.5303495],[-45.5065999,-1.4976052],[-45.4803714,-1.4918431],[-45.4755409,-1.4798473]],[[-45.5422434,-1.2308778],[-45.5393473,-1.2052159],[-45.5645039,-1.1925559],[-45.5805174,-1.198006],[-45.5780755,-1.2307637],[-45.5422434,-1.2308778]],[[-44.4002865,-3.5302935],[-44.4524621,-3.5617838]],[[-44.4524621,-3.5617838],[-44.4526216,-3.5660883],[-44.4470195,-3.5735847],[-44.4486816,-3.5847281],[-44.4493134,-3.5898098],[-44.4457375,-3.6294718],[-44.4601283,-3.6643446],[-44.4402656,-3.6922855],[-44.4267151,-3.7126639],[-44.4036955,-3.6935481],[-44.3783481,-3.6914496]],[[-44.3783481,-3.6914496],[-44.285861,-3.7646238]],[[-44.285861,-3.7646238],[-44.2755114,-3.7706246],[-44.2727401,-3.7616423],[-44.2602862,-3.7562541],[-44.2929297,-3.7084397],[-44.261909,-3.6937471],[-44.2406551,-3.7042153],[-44.2022142,-3.7073782],[-44.1835719,-3.6960166],[-44.1532599,-3.6504798],[-44.1396195,-3.6483446],[-44.1385821,-3.6322382],[-44.1303871,-3.6314832],[-44.0978077,-3.6234214],[-44.0482144,-3.7040126]],[[-44.0482144,-3.7040126],[-44.0389265,-3.6965961]],[[-44.0389265,-3.6965961],[-44.0371543,-3.6915305],[-44.0292344,-3.678608],[-44.0418718,-3.6416318],[-44.0510643,-3.5874982],[-44.0506744,-3.5613713],[-44.0725654,-3.5519902],[-44.0864238,-3.53216],[-44.087405,-3.5364294]],[[-44.087405,-3.5364294],[-44.3979089,-3.5379737]],[[-44.3979089,-3.5379737],[-44.4002865,-3.5302935]],[[-44.1960513,-4.5276279],[-44.347572,-4.5582184]],[[-44.347572,-4.5582184],[-44.3528213,-4.5727521],[-44.3808248,-4.5830531],[-44.3876465,-4.5974657],[-44.4151866,-4.61656],[-44.4068688,-4.6569856],[-44.3970334,-4.6653233]],[[-44.3970334,-4.6653233],[-44.4503905,-4.697231]],[[-44.4503905,-4.697231],[-44.4383418,-4.7096387],[-44.4186393,-4.7205329],[-44.4061029,-4.7444013],[-44.3540613,-4.7797529],[-44.3521709,-4.8075076],[-44.3227172,-4.832236]],[[-44.3227172,-4.832236],[-44.3112061,-4.8437065]],[[-44.3112061,-4.8437065],[-44.2538789,-4.8161515],[-44.2338725,-4.7904215],[-44.220309,-4.759418],[-44.1975944,-4.7293367],[-44.199215,-4.6911375],[-44.2074688,-4.6548192],[-44.2266426,-4.6456114],[-44.2339689,-4.621728],[-44.2302163,-4.5958699],[-44.2299706,-4.5825833],[-44.2165819,-4.5472871],[-44.1960513,-4.5276279]],[[-47.5204916,-6.8404706],[-47.5070392,-6.8720101],[-47.5076246,-6.9071901],[-47.52607,-6.9361336],[-47.5288692,-6.9772069],[-47.5482935,-7.0188936],[-47.574782,-7.0503378],[-47.5972327,-7.063401],[-47.6184295,-7.0911604],[-47.6274527,-7.1215814],[-47.644456,-7.1436116],[-47.6603749,-7.1513681],[-47.6940629,-7.1369639],[-47.7106552,-7.1376528],[-47.7451291,-7.1625048],[-47.7498258,-7.1952617],[-47.73507,-7.2188998],[-47.6910091,-7.2382985],[-47.679205,-7.2511087],[-47.6539303,-7.2982028],[-47.6270111,-7.3008237],[-47.6073727,-7.2721222],[-47.5919031,-7.2639953],[-47.5401768,-7.2657935],[-47.4997864,-7.2938583],[-47.4782024,-7.3367537],[-47.4929962,-7.3758749],[-47.5803436,-7.4192029],[-47.5915697,-7.4400683],[-47.5628339,-7.4506335],[-47.5284919,-7.4335397],[-47.501525,-7.4397949],[-47.4963582,-7.4813961],[-47.4805071,-7.4915047],[-47.4802534,-7.5260026],[-47.4621207,-7.5185247],[-47.4245863,-7.5294229],[-47.4342679,-7.5595947],[-47.3990893,-7.5691277],[-47.4051568,-7.5871964],[-47.383018,-7.6003894],[-47.3884071,-7.6324683],[-47.3822788,-7.6545981],[-47.3525614,-7.6417863],[-47.3230007,-7.655917],[-47.3383349,-7.6678151],[-47.3321237,-7.6849116],[-47.3029899,-7.6902464],[-47.3161674,-7.7175096],[-47.3058134,-7.7348062],[-47.2889445,-7.7295401],[-47.2603057,-7.7548823],[-47.2357944,-7.8039551],[-47.2403072,-7.8138036],[-47.2073757,-7.8337771],[-47.1470843,-7.8968663],[-47.1390131,-7.9253498],[-47.1271626,-7.9244347],[-47.1036372,-7.9540427],[-47.0997545,-7.9846888],[-47.0624465,-8.0045961],[-47.0607044,-8.0246004],[-47.0455856,-8.0530907],[-47.0148001,-8.0587731],[-46.970654,-8.0435818],[-46.9416367,-7.9979071],[-46.9178486,-7.9818579],[-46.8960416,-7.9860631],[-46.8832574,-7.9642485],[-46.8584634,-7.9594655],[-46.830271,-7.964222],[-46.8066333,-7.9510298]],[[-46.8066333,-7.9510298],[-46.846503,-7.8803418],[-46.8308978,-7.839655],[-46.8338993,-7.8223518],[-46.8039223,-7.804221],[-46.794478,-7.7880856],[-46.8026417,-7.7489847],[-46.8120199,-7.7453641],[-46.8358097,-7.7335252],[-46.8673944,-7.7361388],[-46.8939769,-7.7478293],[-46.9044309,-7.7249739],[-46.9612797,-7.7054935],[-47.0122822,-7.7036637],[-47.0502489,-7.6694703],[-47.046991,-7.6579783],[-47.0866473,-7.6484862],[-47.1279178,-7.6572008],[-47.1686146,-7.6445068],[-47.2016776,-7.6447044],[-47.2095888,-7.6157914],[-47.2049848,-7.5878409],[-47.1803457,-7.5644368],[-47.1443125,-7.5436966],[-47.1252804,-7.5208977],[-47.1189784,-7.4661657],[-47.1091167,-7.4351872],[-47.0874775,-7.4065074],[-47.0535011,-7.3888758],[-47.0266395,-7.3824791],[-47.0076472,-7.3570403],[-46.9830091,-7.3548187],[-46.9679692,-7.3335203],[-46.9847411,-7.28856],[-46.9825665,-7.2578568],[-46.9531343,-7.2310844],[-46.926653,-7.2161321],[-46.714381,-7.2367599]],[[-46.714381,-7.2367599],[-46.7036697,-7.2275629],[-46.7110523,-7.2179231],[-46.7267871,-7.1913093],[-46.7299471,-7.1602797],[-46.7749221,-7.129035],[-46.76739,-7.0973993],[-46.7792581,-7.0794468],[-46.8223126,-7.0630409],[-46.8416456,-7.0621296],[-46.8648713,-7.046082],[-46.8844212,-7.0186851],[-46.8869463,-7.0176398]],[[-46.8869463,-7.0176398],[-46.9007562,-7.0225126]],[[-46.9007562,-7.0225126],[-46.9220905,-7.030345],[-46.9357923,-7.0225843]],[[-46.9357923,-7.0225843],[-46.94698,-7.0215792]],[[-46.94698,-7.0215792],[-46.9530915,-7.0238066],[-46.9534499,-7.0318823],[-46.9625296,-7.0239302],[-46.9842871,-7.0132817],[-46.9930824,-7.0249041],[-47.0346535,-7.0170082],[-47.0520084,-7.0261463],[-47.0609541,-7.026215],[-47.0906212,-7.0213796],[-47.1071161,-7.0079501],[-47.1512051,-7.004428],[-47.1884752,-6.9804365],[-47.216109,-6.9895622],[-47.2780642,-6.9830114],[-47.3163052,-6.9501402],[-47.3875846,-6.9241361],[-47.4020886,-6.9063948],[-47.4549141,-6.8759481],[-47.4861886,-6.8424151],[-47.491298,-6.8413534],[-47.5204916,-6.8404706]],[[-45.8466955,-1.2129899],[-45.8688529,-1.201516],[-45.8622625,-1.1811872],[-45.8811485,-1.1654235],[-45.8818486,-1.14887],[-45.8647027,-1.1306539],[-45.8649479,-1.1083212],[-45.8503485,-1.1022382],[-45.8435407,-1.0828239],[-45.8524516,-1.0546563],[-45.8715496,-1.0525306],[-45.8795828,-1.0764851],[-45.8959041,-1.0994692],[-45.8948567,-1.1126371],[-45.9465218,-1.1955882],[-45.9577631,-1.1951372],[-45.9630998,-1.1095681],[-45.9748789,-1.0710678],[-45.9734708,-1.0502842],[-45.9946457,-1.0530147],[-46.0031998,-1.0769639],[-46.0199113,-1.0822289],[-46.0463854,-1.1239944],[-46.0750388,-1.1609984],[-46.0770824,-1.1962431],[-46.1330409,-1.2103693],[-46.1508273,-1.2326461],[-46.1400773,-1.2476926],[-46.1615773,-1.2818889],[-46.1473091,-1.309441],[-46.1333341,-1.3097341],[-46.1145704,-1.351941],[-46.1302068,-1.3768544],[-46.1417386,-1.4121236],[-46.1534659,-1.4256059],[-46.1435954,-1.449737],[-46.1761387,-1.4773849],[-46.1440841,-1.5178302],[-46.1336272,-1.5818183],[-46.1549318,-1.5937365],[-46.1473091,-1.6064361],[-46.1612841,-1.6228478]],[[-46.0686261,-1.7275129],[-46.0561274,-1.7414466]],[[-46.0241106,-1.5185987],[-46.0162693,-1.5236293]],[[-46.0162693,-1.5236293],[-45.9074598,-1.3001072],[-45.8808474,-1.2851776],[-45.8816096,-1.2617116],[-45.8481857,-1.2318475],[-45.8466955,-1.2129899]],[[-42.8898413,-4.894712],[-42.8974052,-4.8426144],[-42.9386462,-4.8092127],[-42.9497871,-4.7690895],[-42.9262348,-4.7506827],[-42.9268785,-4.7170307],[-42.9470482,-4.7030191],[-42.9523775,-4.6798154],[-42.9161689,-4.6514334],[-42.8729733,-4.5816875],[-42.8665233,-4.5662958],[-42.8750876,-4.5365172],[-42.8521698,-4.5059709],[-42.8535976,-4.4743222],[-42.8755527,-4.4629476],[-42.8710854,-4.4300212],[-42.8966234,-4.4022265],[-42.9272121,-4.3851744],[-42.9486144,-4.3854667]],[[-42.9486144,-4.3854667],[-43.0826724,-4.4461556]],[[-43.5831513,-4.6605961],[-43.5842621,-4.6586994]],[[-43.5842621,-4.6586994],[-43.5907318,-4.6630288],[-43.5926204,-4.6711253],[-43.6054785,-4.6781579],[-43.6322614,-4.7397947],[-43.6531983,-4.7547013],[-43.700472,-4.7315945],[-43.7428973,-4.7413713],[-43.8353633,-4.7564092],[-43.8415925,-4.7634146],[-43.8265706,-4.7889671]],[[-43.8265706,-4.7889671],[-43.824544,-4.7962019]],[[-43.824544,-4.7962019],[-43.8086768,-4.80395],[-43.7953986,-4.8327211],[-43.757008,-4.8526017],[-43.7441215,-4.8446434],[-43.7130169,-4.8637548],[-43.6672862,-4.8491073],[-43.6269244,-4.8645969],[-43.5954862,-4.8831712],[-43.5650055,-4.8786933],[-43.5500646,-4.9298203],[-43.5491752,-4.9881591],[-43.6104559,-5.0774139],[-43.5933124,-5.1042834],[-43.6211468,-5.1199757],[-43.6392296,-5.1133583],[-43.6662279,-5.1519771],[-43.7067335,-5.1704913],[-43.7355028,-5.2008292],[-43.7612861,-5.2020084],[-43.7806761,-5.2710805]],[[-43.7806761,-5.2710805],[-43.7871783,-5.2761116]],[[-43.7871783,-5.2761116],[-43.8024781,-5.2826937],[-43.8025646,-5.2851551]],[[-43.8025646,-5.2851551],[-43.8154139,-5.2845311]],[[-43.8154139,-5.2845311],[-43.8118621,-5.2898962]],[[-43.8118621,-5.2898962],[-43.7404069,-5.3087284]],[[-43.7404069,-5.3087284],[-43.713502,-5.3116532],[-43.7009267,-5.2984441],[-43.5670249,-5.2301922],[-43.5285785,-5.2271819],[-43.4474225,-5.2883991],[-43.436587,-5.2737064],[-43.4510305,-5.2236631],[-43.3520774,-5.1915797],[-43.2658626,-5.2060724],[-43.2289769,-5.1823309],[-43.2290855,-5.143225],[-43.2059565,-5.1431603]],[[-43.2059565,-5.1431603],[-43.1425723,-5.1156641],[-43.1324239,-5.0866732],[-43.117372,-5.0783054],[-43.0977553,-5.0704388],[-43.0520691,-5.081003],[-43.0433414,-5.0755797],[-43.0390707,-4.9273841],[-42.8898413,-4.894712]],[[-44.5776737,-2.029207],[-44.5626633,-2.0154507],[-44.535555,-2.0196477],[-44.5076408,-2.0092098],[-44.4820832,-1.9883168],[-44.4958287,-1.9719053],[-44.4891805,-1.9570588],[-44.5127054,-1.8890802],[-44.5280654,-1.8787987],[-44.5516833,-1.8884874]],[[-44.5516833,-1.8884874],[-44.5648018,-1.8962764],[-44.5989929,-1.8958362],[-44.6093739,-1.9139472],[-44.6209645,-1.9313653],[-44.6315131,-1.9431172],[-44.6161392,-1.9683691],[-44.6325228,-1.9829627]],[[-44.6325228,-1.9829627],[-44.6513779,-1.9902442],[-44.6573035,-1.9903655],[-44.6786484,-1.9826154]],[[-44.6786484,-1.9826154],[-44.6914785,-1.9850769],[-44.6977884,-1.9679503],[-44.7048599,-1.966947]],[[-44.7048599,-1.966947],[-44.7061042,-1.9697913]],[[-44.7061042,-1.9697913],[-44.7187141,-1.972247],[-44.7193351,-2.0017964],[-44.7124368,-2.0268821],[-44.6843925,-2.0536342],[-44.712861,-2.0594764],[-44.7217938,-2.0680293]],[[-44.7217938,-2.0680293],[-44.7213185,-2.0750379]],[[-44.7213185,-2.0750379],[-44.7162621,-2.0750379],[-44.7060783,-2.0707416],[-44.6913507,-2.0670205],[-44.6591112,-2.0648666],[-44.6380262,-2.0445006],[-44.6159153,-2.0351234]],[[-44.6159153,-2.0351234],[-44.5876353,-2.0376326],[-44.5776737,-2.029207]],[[-44.8109717,-2.1485705],[-44.828651,-2.1516564],[-44.8380282,-2.1483586],[-44.8489791,-2.1404455]],[[-44.8489791,-2.1404455],[-44.8713905,-2.1450564],[-44.8687883,-2.1654982],[-44.9056512,-2.1971827],[-44.911025,-2.2101809],[-44.9303101,-2.2279301]],[[-44.9303101,-2.2279301],[-44.9348891,-2.2334436]],[[-44.9348891,-2.2334436],[-44.9348848,-2.3295732],[-44.9234426,-2.3607704],[-44.9127369,-2.3687387],[-44.8983097,-2.3848146]],[[-44.8983097,-2.3848146],[-44.8962165,-2.3806107]],[[-44.7697717,-2.2854877],[-44.7551295,-2.2582596]],[[-44.7551295,-2.2582596],[-44.7507485,-2.2576089],[-44.732129,-2.253633],[-44.7476164,-2.2513913],[-44.7792448,-2.2479023],[-44.7860096,-2.2430373],[-44.7926679,-2.216271]],[[-44.7926679,-2.216271],[-44.7839563,-2.1868542]],[[-44.7839563,-2.1868542],[-44.7964539,-2.1788076],[-44.7957529,-2.152032],[-44.8109717,-2.1485705]],[[-46.0398574,-2.1464985],[-46.0771702,-2.156587],[-46.0939612,-2.186134],[-46.1257558,-2.2155267],[-46.1297872,-2.2296565],[-46.1409114,-2.2304258],[-46.1438945,-2.2273649],[-46.1448372,-2.2220091],[-46.1476549,-2.2227474]],[[-46.1476549,-2.2227474],[-46.1492208,-2.2316282]],[[-46.1492208,-2.2316282],[-46.159138,-2.2602164],[-46.1732426,-2.2718798],[-46.1864935,-2.3179544],[-46.1900597,-2.3722397],[-46.2052996,-2.3864282],[-46.2115683,-2.4086098],[-46.2282449,-2.430423],[-46.2289279,-2.4616529],[-46.2824532,-2.4862455],[-46.2790777,-2.5098738],[-46.2597893,-2.5445929],[-46.2573783,-2.57015],[-46.2443422,-2.5876404],[-46.2515917,-2.6101734],[-46.2327856,-2.6318728],[-46.2052996,-2.6453747],[-46.1823947,-2.6815404]],[[-46.1823947,-2.6815404],[-46.0258121,-2.6817288]],[[-46.0258121,-2.6817288],[-46.0570785,-2.6762124],[-46.0633861,-2.6278114],[-46.0574646,-2.6013581],[-46.0648664,-2.5725235],[-46.0525087,-2.5180723],[-46.047424,-2.477073],[-46.0298716,-2.4663198],[-46.0197669,-2.4352165],[-46.0039405,-2.4195217],[-45.9930973,-2.3837153],[-45.9972604,-2.3421562],[-45.9953683,-2.2892162]],[[-45.9953683,-2.2892162],[-45.9866948,-2.2604874]],[[-45.9866948,-2.2604874],[-45.9888533,-2.2241856]],[[-45.9888533,-2.2241856],[-45.9878738,-2.1870563]],[[-45.9878738,-2.1870563],[-45.9917711,-2.1678883]],[[-45.9917711,-2.1678883],[-45.9866099,-2.1524073]],[[-45.9866099,-2.1524073],[-45.9952906,-2.1561192]],[[-45.9952906,-2.1561192],[-46.0034823,-2.1596406],[-46.0176888,-2.1589268],[-46.0288258,-2.1548596],[-46.0398574,-2.1464985]],[[-46.0587669,-2.0508993],[-46.2631651,-2.0493061]],[[-46.2631651,-2.0493061],[-46.2745992,-2.0546288],[-46.2775799,-2.0793378],[-46.269273,-2.0906667],[-46.2730844,-2.1201116],[-46.3002038,-2.1459426],[-46.2832969,-2.1543901],[-46.3355811,-2.1940389],[-46.3509244,-2.2240678],[-46.3911392,-2.2501412],[-46.4106359,-2.2287552],[-46.4305234,-2.2352003],[-46.4163041,-2.2738216],[-46.4324291,-2.2971111],[-46.4316473,-2.3348031],[-46.4642883,-2.3633644],[-46.4562746,-2.38675],[-46.4318916,-2.3644873],[-46.4127859,-2.3791338],[-46.442153,-2.4194111],[-46.4405893,-2.4524131],[-46.4324291,-2.4654966],[-46.4387814,-2.4852191],[-46.4365825,-2.5152417],[-46.4193336,-2.5324251],[-46.4735724,-2.5465816],[-46.4856417,-2.5362327],[-46.5017179,-2.5467769],[-46.4879383,-2.5688413],[-46.5094384,-2.5906125],[-46.5068486,-2.616874],[-46.5673419,-2.626783],[-46.5874738,-2.6416707],[-46.6060909,-2.6394741],[-46.6359955,-2.6871625],[-46.6631149,-2.6935566],[-46.6713729,-2.7061982],[-46.6696138,-2.7346049],[-46.6313534,-2.7708688],[-46.6384876,-2.7909281],[-46.6252943,-2.8065459],[-46.5989568,-2.79698],[-46.6026704,-2.833974],[-46.6109773,-2.8552524],[-46.6400023,-2.8509089],[-46.639416,-2.8835578],[-46.668441,-2.8759447],[-46.680828,-2.883143],[-46.6539285,-2.9310654],[-46.6730342,-2.9450709],[-46.6474296,-2.9698118],[-46.6499217,-2.9960161],[-46.6684899,-2.9927955],[-46.6773342,-3.0342723],[-46.6731808,-3.0673062],[-46.6886218,-3.0929714],[-46.7496037,-3.1244909],[-46.7226309,-3.159132],[-46.7495549,-3.1659137],[-46.7441799,-3.1793307],[-46.7715436,-3.2040662],[-46.7791907,-3.2421684],[-46.8061635,-3.2440466],[-46.802059,-3.2659998],[-46.8148613,-3.3114659],[-46.8460364,-3.319271],[-46.8586432,-3.3429786],[-46.8848342,-3.3351737],[-46.92974,-3.3738319],[-46.9482105,-3.4021233],[-46.9563218,-3.4258777],[-46.9484548,-3.476799],[-46.9697105,-3.4757747],[-46.9824151,-3.496162],[-46.9688798,-3.5144028],[-47.0040617,-3.5426413],[-47.0309157,-3.5806162],[-47.0304449,-3.6107822]],[[-47.0304449,-3.6107822],[-47.0268716,-3.6193646],[-47.0330241,-3.643416],[-47.0226421,-3.6911711],[-47.0016442,-3.7021971],[-46.983614,-3.7261404],[-46.947038,-3.8336635],[-46.9369385,-3.8701776],[-46.9458319,-3.9110316],[-46.9361432,-3.9609898],[-46.9203826,-3.9918869],[-46.9125191,-4.0383091],[-46.916196,-4.0772193],[-46.9271035,-4.0866471]],[[-46.9271035,-4.0866471],[-46.914951,-4.0869883]],[[-46.6963507,-3.7049383],[-46.698858,-3.6858461],[-46.6308431,-3.6130615],[-46.6028227,-3.598258],[-46.5798539,-3.5791457],[-46.5477146,-3.5430446],[-46.4951726,-3.4963399],[-46.4594982,-3.4857537],[-46.4138286,-3.4011692],[-46.3985272,-3.3465988]],[[-46.3985272,-3.3465988],[-46.3966836,-3.2980437],[-46.3940925,-3.2808768]],[[-46.3940925,-3.2808768],[-46.4001502,-3.2283106]],[[-46.4001502,-3.2283106],[-46.3971714,-3.1948823],[-46.3791366,-3.1659646],[-46.3063149,-3.0890563],[-46.2602332,-3.0575771],[-46.2305281,-3.045854],[-46.1922094,-3.0149139],[-46.1872682,-2.9780644],[-46.1701404,-2.9464241],[-46.1251214,-2.9111925],[-46.1214679,-2.8987764],[-46.1316286,-2.8654346],[-46.1235962,-2.8476315],[-46.0916921,-2.8077642],[-46.0706277,-2.7366174],[-46.0799559,-2.7140461],[-46.0644074,-2.6863442]],[[-46.0644074,-2.6863442],[-46.0752812,-2.6816693]],[[-46.0752812,-2.6816693],[-46.1823947,-2.6815404]],[[-46.1492208,-2.2316282],[-46.1464423,-2.2163011],[-46.1375028,-2.2008054],[-46.1370318,-2.1981561]],[[-46.1370318,-2.1981561],[-46.1333129,-2.169302],[-46.1082355,-2.1346727],[-46.0988329,-2.0927098],[-46.0587669,-2.0508993]],[[-43.4472162,-3.3166613],[-43.6066977,-3.6186727]],[[-43.6066977,-3.6186727],[-43.7293457,-3.9351168]],[[-43.7293457,-3.9351168],[-43.7253958,-3.9391453],[-43.7229491,-3.9461834],[-43.645983,-4.0062718],[-43.6238439,-4.0308906],[-43.6021725,-4.0437127],[-43.6009557,-4.0933234],[-43.5945552,-4.1049197],[-43.605624,-4.1251085],[-43.5883056,-4.146775],[-43.5983473,-4.1834603],[-43.5933364,-4.2008944],[-43.6025612,-4.2190514]],[[-43.6025612,-4.2190514],[-43.5945691,-4.2284178],[-43.5156878,-4.1867469]],[[-43.5156878,-4.1867469],[-43.5003822,-4.1901827]],[[-43.5003822,-4.1901827],[-43.4292435,-4.2233224]],[[-43.4292435,-4.2233224],[-43.2671238,-4.0727952]],[[-43.2671238,-4.0727952],[-43.2087133,-4.0183112],[-43.1976789,-3.782631],[-43.2034784,-3.7646505]],[[-43.2034784,-3.7646505],[-43.2309225,-3.7064142],[-43.334894,-3.6827771],[-43.3403765,-3.6613029],[-43.3676018,-3.6496402],[-43.3642872,-3.6299208],[-43.3758118,-3.6090191],[-43.3930929,-3.5968754],[-43.3942259,-3.5878051],[-43.3885057,-3.5686808],[-43.3875309,-3.5503266]],[[-43.3875309,-3.5503266],[-43.3937002,-3.5484564]],[[-43.3937002,-3.5484564],[-43.3931948,-3.5431009],[-43.4008334,-3.5229842],[-43.399809,-3.5014539],[-43.4072298,-3.4924228],[-43.405087,-3.4828656],[-43.405954,-3.4667175],[-43.4185934,-3.4390176],[-43.4343798,-3.4337766],[-43.4389465,-3.4361082],[-43.4389273,-3.4257564],[-43.4379203,-3.406128],[-43.4230883,-3.3653472],[-43.4297036,-3.3445571],[-43.4362036,-3.337475],[-43.446076,-3.3199377]],[[-43.446076,-3.3199377],[-43.4472162,-3.3166613]],[[-48.0253774,-4.7782956],[-48.0583628,-4.8041597]],[[-48.0583628,-4.8041597],[-48.0325652,-4.8316933],[-48.0122488,-4.8759094],[-48.0181038,-4.8945206],[-48.0170941,-4.9493989],[-47.9916464,-4.9821674],[-47.979901,-5.0095322],[-47.9821799,-5.0493618],[-47.9458208,-5.0888633],[-47.9404253,-5.1038339],[-47.9112533,-5.1454538],[-47.8991362,-5.1580423],[-47.8951126,-5.1632129],[-47.8937438,-5.1754043],[-47.9155032,-5.1988831],[-47.9167014,-5.2213476],[-47.9373486,-5.2395752]],[[-47.9373486,-5.2395752],[-47.8855715,-5.2607002],[-47.8746798,-5.2700895],[-47.8666881,-5.3053137]],[[-47.8666881,-5.3053137],[-47.8602318,-5.3229199],[-47.8400668,-5.3336804],[-47.8191266,-5.3261312],[-47.7528409,-5.2497016],[-47.7263863,-5.2290604],[-47.7075971,-5.2339585],[-47.6867043,-5.1562515],[-47.6614069,-5.1680361],[-47.6444647,-5.1608029],[-47.6066764,-5.1639501],[-47.5704216,-5.1587603],[-47.5387474,-5.1561798]],[[-47.5387474,-5.1561798],[-47.5545892,-5.0952216]],[[-43.6960082,-4.4924817],[-43.3686934,-4.3020741],[-43.4295103,-4.2229783],[-43.5003822,-4.1901827]],[[-43.5156878,-4.1867469],[-43.5944756,-4.2285322]],[[-43.5944756,-4.2285322],[-43.7522697,-4.241983],[-43.8079515,-4.3247484],[-43.835182,-4.3459534],[-43.8731762,-4.3564832],[-43.8976295,-4.3261984],[-43.92095,-4.3098147],[-43.9362289,-4.3345605]],[[-43.9362289,-4.3345605],[-44.0003184,-4.3958964]],[[-44.0003184,-4.3958964],[-44.0934882,-4.4947595]],[[-44.0934882,-4.4947595],[-44.0874785,-4.505704]],[[-44.0874785,-4.505704],[-44.1960513,-4.5276279]],[[-44.3112061,-4.8437065],[-44.3221741,-4.8422661]],[[-44.3221741,-4.8422661],[-44.32855,-4.8474351],[-44.3467462,-4.8545509],[-44.3508586,-4.8576212]],[[-44.3508586,-4.8576212],[-44.3579273,-4.8949597]],[[-44.3579273,-4.8949597],[-44.2956917,-4.9144413]],[[-44.2956917,-4.9144413],[-44.2676832,-4.9221681],[-44.2561591,-4.9231591],[-44.2433964,-4.9065644],[-44.217221,-4.9076115],[-44.2125114,-4.8893793],[-44.198403,-4.8821789],[-44.1718755,-4.8926989],[-44.1703619,-4.9122205],[-44.1377049,-4.9120352],[-44.1198199,-4.9053366],[-44.1170214,-4.9058564],[-44.1192651,-4.919547],[-44.1229482,-4.9331217],[-44.1264962,-4.9359265],[-44.143479,-4.9607098],[-44.142786,-4.9645853],[-44.1130181,-4.9699293],[-44.1084914,-4.9880817],[-44.0775127,-4.9853841],[-44.0660938,-4.992403]],[[-44.0660938,-4.992403],[-44.0655131,-4.9964931]],[[-44.0655131,-4.9964931],[-44.0347483,-4.9777147],[-43.9870791,-5.0107323],[-43.983423,-5.0313261],[-43.9599023,-5.0505]],[[-43.9599023,-5.0505],[-43.9574646,-5.047934]],[[-43.9574646,-5.047934],[-43.9258966,-5.025936],[-43.8709035,-5.0006573],[-43.8559649,-4.9780845],[-43.8482289,-4.9444063],[-43.8310167,-4.931713],[-43.8312809,-4.8980485],[-43.8528323,-4.8820958],[-43.843036,-4.8616224],[-43.8412551,-4.8106178],[-43.8304015,-4.7942622]],[[-43.8304015,-4.7942622],[-43.8265706,-4.7889671]],[[-43.5842621,-4.6586994],[-43.5868991,-4.6570919]],[[-43.208812,-4.0184058],[-43.2671238,-4.0727952]],[[-43.2671238,-4.0727952],[-43.2665807,-4.0779617]],[[-43.2103452,-4.3653358],[-43.0826724,-4.4461556]],[[-42.9486144,-4.3854667],[-42.9628826,-4.3761123],[-42.9632735,-4.3286563],[-42.9847736,-4.2835362],[-42.9874122,-4.2283749],[-42.9811689,-4.2104437],[-42.9427551,-4.1672635]],[[-42.9427551,-4.1672635],[-43.0002729,-4.1749614],[-43.0273798,-4.1818353],[-43.0431445,-4.1715739],[-43.05984,-4.1189],[-43.0551699,-4.0917793],[-43.0807526,-4.0875927],[-43.0848625,-4.1030885],[-43.1206439,-4.1157998],[-43.1296113,-4.1141604],[-43.1396681,-4.0786873],[-43.1623139,-4.0605503],[-43.1805031,-4.026604]],[[-44.0718732,-5.8305396],[-44.0852963,-5.8176297]],[[-44.0852963,-5.8176297],[-44.0907448,-5.8358056],[-44.0903502,-5.8384708]],[[-44.0903502,-5.8384708],[-44.0899959,-5.8432872],[-44.0959598,-5.850373],[-44.0952136,-5.8483063]],[[-44.0952136,-5.8483063],[-44.1000663,-5.8510225],[-44.1017786,-5.8528181],[-44.1019987,-5.8649148],[-44.1042372,-5.8677223],[-44.1103594,-5.8723119],[-44.1139827,-5.8717912],[-44.1153006,-5.8675908],[-44.1583086,-5.9127058],[-44.2662771,-5.9545089],[-44.2946025,-5.9293401],[-44.3441547,-5.9138364],[-44.3940359,-5.9051821],[-44.4286287,-5.9114738],[-44.4393614,-5.9201962]],[[-44.4393614,-5.9201962],[-44.4522435,-5.9164062],[-44.4577218,-5.9128079],[-44.4673588,-5.9013347],[-44.4770338,-5.8814028]],[[-44.4770338,-5.8814028],[-44.4698138,-5.8670056]],[[-44.4698138,-5.8670056],[-44.489995,-5.8699184]],[[-44.489995,-5.8699184],[-44.499852,-5.8709776],[-44.5068971,-5.8544211],[-44.524098,-5.8510231],[-44.5400131,-5.8226054]],[[-44.5400131,-5.8226054],[-44.5414214,-5.8189444]],[[-44.5414214,-5.8189444],[-44.5545647,-5.8272987],[-44.6021079,-5.8285035],[-44.601502,-6.0169736]],[[-44.601502,-6.0169736],[-44.5995051,-6.0133825],[-44.5989838,-6.0118439],[-44.5671056,-5.9947556],[-44.5548188,-5.995573],[-44.5285616,-5.9900684],[-44.5247988,-5.9918998],[-44.5221428,-5.9895594],[-44.5161098,-5.9891956],[-44.4931213,-5.9843621],[-44.4881751,-5.988305],[-44.4614764,-5.9919594],[-44.4546215,-5.9964416],[-44.4528473,-5.9958855],[-44.4231571,-6.0149224],[-44.410094,-6.0044147],[-44.3865366,-6.0054896],[-44.3858271,-6.0038398],[-44.3138893,-6.0250659],[-44.2389198,-6.1665351]],[[-44.2389198,-6.1665351],[-44.0997508,-6.3514555]],[[-44.0997508,-6.3514555],[-43.9639484,-6.2945804],[-43.9688356,-6.2882419]],[[-43.9688356,-6.2882419],[-43.9720384,-6.2758384],[-43.9539722,-6.2215502],[-43.9577148,-6.2077173],[-43.9447473,-6.1790956],[-43.9306918,-6.0969847],[-43.9299679,-6.0388815],[-43.9095174,-6.0189883],[-43.9045001,-6.0047621]],[[-43.9045001,-6.0047621],[-44.032865,-5.8968285]],[[-45.0411527,-3.7229437],[-45.0426951,-3.7233612]],[[-45.0426951,-3.7233612],[-45.0003992,-3.7942884]],[[-45.0003992,-3.7942884],[-44.9331777,-3.9162645]],[[-44.9331777,-3.9162645],[-44.6220798,-3.8508211]],[[-44.6220798,-3.8508211],[-44.6186555,-3.8447798]],[[-44.6186555,-3.8447798],[-44.6138736,-3.8431438]],[[-44.6138736,-3.8431438],[-44.6124724,-3.8474039],[-44.6101514,-3.8477989]],[[-44.6101514,-3.8477989],[-44.6099295,-3.8390236]],[[-44.6099295,-3.8390236],[-44.6120915,-3.8362182],[-44.622326,-3.8358216]],[[-44.8136853,-3.6880163],[-44.8175124,-3.6782337]],[[-44.8175124,-3.6782337],[-44.8250683,-3.6760071],[-44.844826,-3.6781074],[-44.8602129,-3.696153],[-44.8685389,-3.729282],[-44.8796512,-3.7462648],[-44.9261582,-3.7472713],[-44.9237434,-3.7109927],[-44.9453519,-3.6957858],[-45.0411527,-3.7229437]],[[-43.9927638,-3.8424361],[-44.1554957,-3.8368367],[-44.1659732,-3.9104703],[-44.1988197,-3.9274449]],[[-44.1988197,-3.9274449],[-44.3229389,-3.864474]],[[-44.3229389,-3.864474],[-44.3244026,-3.8682791],[-44.3206774,-3.873479],[-44.3196825,-3.8817867],[-44.3435704,-3.8989921],[-44.3518305,-3.9245444],[-44.3676234,-3.931748],[-44.3562336,-3.964958],[-44.3881788,-4.0073596],[-44.3874058,-4.0277385],[-44.4072359,-4.0431751],[-44.3993303,-4.0667755],[-44.402088,-4.086039],[-44.4580806,-4.0869706],[-44.4599908,-4.0931792],[-44.4519249,-4.1199334],[-44.4490353,-4.1237708],[-44.4450457,-4.1251849],[-44.4470729,-4.1273127],[-44.4468789,-4.1291518]],[[-44.4468789,-4.1291518],[-44.3427582,-4.099957]],[[-44.2677667,-4.2777551],[-44.2666253,-4.2773958]],[[-44.2666253,-4.2773958],[-44.1803021,-4.3365103]],[[-44.1803021,-4.3365103],[-44.0934882,-4.4947595]],[[-44.0003184,-4.3958964],[-43.9369489,-4.3348861],[-44.055428,-4.3883694]],[[-44.055428,-4.3883694],[-44.0558386,-4.3975518],[-44.0740787,-4.3972418],[-44.051761,-4.3839716],[-44.0648439,-4.3563852],[-44.0601592,-4.3301829],[-44.0673711,-4.3039795],[-44.0460931,-4.2748382],[-44.0160636,-4.2716281],[-43.9987316,-4.2522976]],[[-43.9987316,-4.2522976],[-43.897684,-3.9704064]],[[-43.897684,-3.9704064],[-43.9380703,-4.0004692]],[[-43.9380703,-4.0004692],[-43.9927638,-3.8424361]],[[-44.7942148,-1.5345217],[-44.7949989,-1.5128982],[-44.8335552,-1.5344377],[-44.8277878,-1.5563756],[-44.8091403,-1.5609906],[-44.7942148,-1.5345217]],[[-44.8898851,-1.6035979],[-44.9122058,-1.5958196],[-44.9177152,-1.5647063],[-44.9125461,-1.5409997],[-44.9000356,-1.5352831],[-44.8725439,-1.4855886],[-44.843488,-1.4784611],[-44.8305433,-1.4277163],[-44.8604482,-1.411296],[-44.8863524,-1.4201299],[-44.8992003,-1.4460825],[-44.9333938,-1.4767316],[-44.9371235,-1.4898735],[-44.9740114,-1.4879814],[-44.9723186,-1.5044272],[-44.9534833,-1.5243718],[-44.9530991,-1.5600243]],[[-44.924538,-1.6133033],[-44.9206823,-1.6158146]],[[-44.9206823,-1.6158146],[-44.9161417,-1.6110932],[-44.9127931,-1.6096932],[-44.9003627,-1.6166977],[-44.8898851,-1.6035979]],[[-44.9462559,-1.2661998],[-44.9865661,-1.2661465],[-45.0017248,-1.292035],[-44.9872873,-1.3226586],[-45.028776,-1.3180265],[-45.033862,-1.3380293],[-45.014585,-1.3535851],[-45.0214093,-1.3840191],[-45.0053356,-1.4008204],[-44.9682279,-1.3904831],[-44.9434249,-1.3649817],[-44.9014277,-1.3371745],[-44.8866174,-1.3456093],[-44.8669234,-1.3287447],[-44.8781392,-1.2854746],[-44.8995089,-1.2742656],[-44.9462559,-1.2661998]],[[-44.6154112,-1.7654746],[-44.6010659,-1.7397075],[-44.6379591,-1.7178854],[-44.6525225,-1.7154006],[-44.6474827,-1.7587284],[-44.6808578,-1.7726448],[-44.7031838,-1.7684633],[-44.7194067,-1.7804358],[-44.7593749,-1.7830305],[-44.725642,-1.7580747],[-44.7009158,-1.7262436],[-44.7543681,-1.7179919],[-44.7689155,-1.7034332],[-44.7949627,-1.7021039],[-44.7775458,-1.6802269],[-44.7598764,-1.6739789],[-44.738208,-1.6505464],[-44.6750018,-1.6413743],[-44.6584889,-1.6597566],[-44.6363315,-1.6165594],[-44.6570985,-1.5877507],[-44.705111,-1.553801],[-44.7233624,-1.5567241],[-44.7582053,-1.5920846],[-44.7788165,-1.5784472],[-44.8026869,-1.5894386],[-44.8357046,-1.5729409],[-44.8410776,-1.6030264],[-44.8536949,-1.617505]],[[-44.8536949,-1.617505],[-44.8480099,-1.6297729],[-44.8138745,-1.6492269],[-44.8278877,-1.6645886],[-44.827373,-1.6712666],[-44.8073798,-1.6692614],[-44.8106245,-1.6856232],[-44.8225856,-1.6926327],[-44.8300046,-1.6834763],[-44.8460868,-1.6801021],[-44.8597185,-1.6982065],[-44.9239366,-1.7179794],[-44.9085683,-1.7324397],[-44.8891559,-1.7665399],[-44.9043365,-1.8175555],[-44.9235562,-1.8159082],[-44.9709577,-1.8273843],[-44.9711947,-1.8446604],[-44.9287887,-1.8779872],[-44.915136,-1.8798432],[-44.913947,-1.9194122],[-44.9252256,-1.9449226]],[[-44.9252256,-1.9449226],[-44.777374,-1.9435172],[-44.7703213,-1.937495],[-44.7666736,-1.9316056]],[[-44.7666736,-1.9316056],[-44.7536117,-1.9211693],[-44.7439871,-1.9072018],[-44.7291645,-1.8886542]],[[-44.7291645,-1.8886542],[-44.7243889,-1.87727],[-44.6890235,-1.8712913]],[[-44.6890235,-1.8712913],[-44.6666628,-1.8630816],[-44.6614622,-1.8583498],[-44.6579551,-1.8370954]],[[-44.6579551,-1.8370954],[-44.6202247,-1.8179712],[-44.6251918,-1.7788316],[-44.6154112,-1.7654746]],[[-44.7351719,-1.5564704],[-44.7532664,-1.5369047],[-44.7616768,-1.5529658],[-44.7626036,-1.5800231],[-44.7351719,-1.5564704]],[[-44.7423289,-1.4926994],[-44.755506,-1.4631966],[-44.7758603,-1.4785036],[-44.7748462,-1.4951794],[-44.7914896,-1.514007],[-44.7506781,-1.5172858],[-44.7423289,-1.4926994]],[[-47.4056411,-5.5120993],[-47.4109243,-5.5092429]],[[-47.4109243,-5.5092429],[-47.4250921,-5.5221339],[-47.4296692,-5.553374],[-47.4407381,-5.578455]],[[-47.4407381,-5.578455],[-47.395622,-5.6457232]],[[-47.395622,-5.6457232],[-47.370527,-5.6393833],[-47.3548294,-5.6486027],[-47.3205672,-5.6406917],[-47.302918,-5.6590342]],[[-47.302918,-5.6590342],[-47.119552,-5.6542756],[-47.1369129,-5.6418939]],[[-47.2782161,-5.5417943],[-47.2851808,-5.5394791]],[[-47.2851808,-5.5394791],[-47.2918583,-5.5455032],[-47.3027432,-5.5374621],[-47.3113228,-5.5407],[-47.3252625,-5.554541],[-47.3395383,-5.5542734],[-47.3461855,-5.5514771],[-47.362382,-5.53747],[-47.378733,-5.531148],[-47.3873773,-5.5153493],[-47.4014946,-5.5164322],[-47.4056411,-5.5120993]],[[-44.312448,-5.0241184],[-44.3066035,-4.9117017],[-44.3579273,-4.8949597]],[[-44.3579273,-4.8949597],[-44.3589457,-4.9059514],[-44.3753465,-4.9150027]],[[-44.3753465,-4.9150027],[-44.3776207,-4.9178577],[-44.3987557,-4.9428868],[-44.413931,-4.9631752],[-44.4117051,-4.9757471]],[[-44.4117051,-4.9757471],[-44.4961616,-4.9759017]],[[-44.4961616,-4.9759017],[-44.4849519,-5.0175061],[-44.4973952,-5.0407742],[-44.4856507,-5.0933367],[-44.4852815,-5.1150756],[-44.4867886,-5.1253624],[-44.4882755,-5.127387]],[[-44.4882755,-5.127387],[-44.476877,-5.1332288]],[[-44.476877,-5.1332288],[-44.4604571,-5.1232156],[-44.4515021,-5.0979778],[-44.4356003,-5.102945],[-44.423309,-5.1228673],[-44.417033,-5.1235185],[-44.3994742,-5.1072405],[-44.3499605,-5.1102093]],[[-44.3499605,-5.1102093],[-44.312448,-5.0241184]],[[-42.9427551,-4.1672635],[-42.9235962,-4.1530335],[-42.8967295,-4.15587],[-42.8873033,-4.1473043],[-42.8990805,-4.1164122],[-42.8697483,-4.1041016],[-42.8559687,-4.0794396]],[[-44.6441704,-4.8549664],[-44.7238699,-4.847453],[-44.7483915,-4.8564165],[-44.7622237,-4.8784962],[-44.8207823,-4.8401188],[-44.9853782,-4.8246197]],[[-44.9853782,-4.8246197],[-45.0370658,-4.8759413],[-45.0364881,-4.8815821]],[[-45.0364881,-4.8815821],[-45.035329,-4.8999157]],[[-45.035329,-4.8999157],[-45.0422643,-4.9168432]],[[-45.0422643,-4.9168432],[-45.0402553,-4.9298121]],[[-45.0402553,-4.9298121],[-45.0285221,-4.961054],[-45.0138112,-4.9622154]],[[-45.0138112,-4.9622154],[-44.9325626,-5.0140108],[-44.9305029,-5.010929]],[[-44.9305029,-5.010929],[-44.9327582,-4.9988823],[-44.9286914,-4.9931267],[-44.9268544,-4.9923525],[-44.8949827,-4.9674084],[-44.8643399,-4.9369957],[-44.782523,-4.9267597],[-44.7070515,-4.9050299],[-44.6758992,-4.8790945],[-44.6559773,-4.8738436],[-44.6453929,-4.8596351],[-44.6442381,-4.8560175]],[[-44.6442381,-4.8560175],[-44.6429995,-4.8570248]],[[-44.6429995,-4.8570248],[-44.6441704,-4.8549664]],[[-47.2126774,-6.5728444],[-47.2341347,-6.5789678],[-47.2496175,-6.5606667],[-47.2713609,-6.5630201],[-47.2891234,-6.539401],[-47.3154975,-6.5419074],[-47.3545937,-6.5120443],[-47.3842458,-6.5182246],[-47.4110492,-6.4966585],[-47.425248,-6.4973621]],[[-47.425248,-6.4973621],[-47.4564977,-6.5382745],[-47.4651301,-6.5772858],[-47.4687902,-6.6212462],[-47.4986441,-6.6712316],[-47.4941187,-6.7548332],[-47.516702,-6.7902601],[-47.5288966,-6.828118],[-47.5204916,-6.8404706]],[[-46.94698,-7.0215792],[-46.9389237,-7.0173569]],[[-46.9389237,-7.0173569],[-46.9247268,-7.0010885],[-46.9102295,-6.9648946],[-46.9109167,-6.949873],[-46.9291109,-6.9369918],[-46.9297304,-6.8730364],[-46.9208331,-6.8248255],[-46.9078142,-6.8056506],[-46.8926217,-6.8073032],[-46.8824511,-6.776088],[-46.8662311,-6.7662062],[-46.866643,-6.7566716],[-46.85467,-6.7455526],[-46.8406169,-6.7449775],[-46.8258592,-6.7414503],[-46.814333,-6.7257501],[-46.8215606,-6.7203618],[-46.8381412,-6.7043241],[-46.8584997,-6.7030587],[-46.8632543,-6.6929469],[-46.8747471,-6.6815262],[-46.8765969,-6.6770876]],[[-46.8765969,-6.6770876],[-46.8799097,-6.6794402],[-46.8959766,-6.6802932],[-46.8995372,-6.6820408],[-46.8996232,-6.6833232]],[[-46.8996232,-6.6833232],[-46.9093883,-6.6815303],[-46.913524,-6.6792417],[-46.9203961,-6.6790951],[-46.940688,-6.6837353],[-46.9539279,-6.6806546],[-46.9606707,-6.6768335],[-46.9771201,-6.6571384],[-47.0076919,-6.6578449],[-47.0299619,-6.6686823],[-47.0596092,-6.6724219],[-47.0922687,-6.6590796],[-47.1162474,-6.6611658],[-47.1303296,-6.658017],[-47.1472839,-6.6520776],[-47.1700898,-6.6252321],[-47.1686265,-6.6158069],[-47.1744574,-6.6098039],[-47.1755448,-6.6092037],[-47.1840624,-6.6092524],[-47.1957167,-6.5947585],[-47.1968837,-6.5929447],[-47.2020427,-6.5939158],[-47.2059548,-6.5918249],[-47.2077513,-6.5760384]],[[-47.2077513,-6.5760384],[-47.2126774,-6.5728444]],[[-46.5678053,-6.819285],[-46.5792558,-6.8141061],[-46.6217565,-6.8203497]],[[-46.6217565,-6.8203497],[-46.6467812,-6.8316542],[-46.6614486,-6.8476012],[-46.6820843,-6.8388526],[-46.6969262,-6.8576034],[-46.7132565,-6.8571588],[-46.77295,-6.907712],[-46.7775634,-6.9131712],[-46.8385638,-6.9300156],[-46.8645851,-6.9596982],[-46.8665557,-6.9806399],[-46.8844314,-6.9976511]],[[-46.8844314,-6.9976511],[-46.8869463,-7.0176398]],[[-46.714381,-7.2367599],[-46.7733608,-7.2592197],[-46.7345697,-7.2630524],[-46.7228221,-7.2790272],[-46.5995093,-7.248579],[-46.5585694,-7.2266112],[-46.5517277,-7.1887233],[-46.559618,-7.1704323],[-46.5371577,-7.1124307],[-46.508767,-7.104013],[-46.4510456,-7.0664507]],[[-46.4510456,-7.0664507],[-46.4043493,-6.9985289]],[[-46.4043493,-6.9985289],[-46.3401733,-6.939397]],[[-46.3401733,-6.939397],[-46.3514723,-6.9305416],[-46.3738098,-6.920329],[-46.4132244,-6.9308695],[-46.4186641,-6.9234513],[-46.4253956,-6.9038849],[-46.4160846,-6.8924585],[-46.4258051,-6.8644767],[-46.4706731,-6.8676887],[-46.5072786,-6.858221],[-46.5259188,-6.8345104],[-46.5678053,-6.819285]],[[-44.9241567,-5.7946728],[-44.9248282,-5.7892273]],[[-45.3130918,-5.917218],[-45.4006051,-5.9386843]],[[-45.4006051,-5.9386843],[-45.4708806,-5.9633086],[-45.5049464,-5.9978649],[-45.5246034,-6.0012088],[-45.5255823,-6.0218649],[-45.5549399,-6.0563409],[-45.5623123,-6.0771484],[-45.613404,-6.1063156],[-45.6153395,-6.1202441],[-45.6603682,-6.151495],[-45.6763829,-6.1762924],[-45.7057349,-6.1929857],[-45.7332342,-6.1980729],[-45.7626336,-6.2378068],[-45.7809098,-6.2324575],[-45.8146593,-6.2738147],[-45.8280528,-6.2756036],[-45.8363893,-6.2973215]],[[-45.8363893,-6.2973215],[-45.8393776,-6.3016215]],[[-45.8393776,-6.3016215],[-45.8219684,-6.3790184],[-45.8355866,-6.492374],[-45.8406231,-6.600038]],[[-45.8406231,-6.600038],[-45.8306912,-6.596738]],[[-45.8306912,-6.596738],[-45.8089486,-6.5972471],[-45.7879488,-6.5899814],[-45.7761296,-6.5883413],[-45.7754161,-6.5854981],[-45.7666657,-6.5817209],[-45.7593159,-6.5665648],[-45.7493852,-6.5630256],[-45.7391908,-6.5419491],[-45.7223953,-6.5298874],[-45.7289908,-6.5149487],[-45.706307,-6.4680831],[-45.6618056,-6.4778724],[-45.6283288,-6.4770382],[-45.5929963,-6.4605304],[-45.5881094,-6.4510633],[-45.5539668,-6.4528516],[-45.5434135,-6.4390004],[-45.5161013,-6.4367318],[-45.4977937,-6.4188628],[-45.4211058,-6.4298976],[-45.3791873,-6.4216972],[-45.355413,-6.4076705],[-45.3328869,-6.4064336],[-45.3061829,-6.3940699],[-45.2704091,-6.3529667],[-45.2343254,-6.3340845],[-45.214129,-6.3172949],[-45.1646592,-6.3019604],[-45.1289636,-6.3062764],[-45.1040157,-6.3231329],[-45.0926554,-6.3152098],[-45.0622421,-6.351538],[-45.0439648,-6.3442197],[-45.0237431,-6.3504519],[-44.9856058,-6.3514314],[-44.9357997,-6.3148482],[-44.9198489,-6.2936441],[-44.9117348,-6.2576526],[-44.9011306,-6.2464957],[-44.8935765,-6.2094249],[-44.8816329,-6.2056216],[-44.8682733,-6.1709085],[-44.8747934,-6.1639239],[-44.8696315,-6.1574928],[-44.8322155,-6.1463709],[-44.8063549,-6.1202839]],[[-44.8063549,-6.1202839],[-44.7997424,-6.1177254]],[[-44.7997424,-6.1177254],[-44.8393413,-5.9974803],[-44.8465447,-5.9833363],[-44.8416784,-5.9536609],[-44.8406833,-5.931917],[-44.8518786,-5.897876],[-44.8686837,-5.8871088],[-44.8968507,-5.8414841],[-44.9097359,-5.8332118],[-44.9137976,-5.805514],[-44.9241567,-5.7946728]],[[-46.0548038,-6.2472044],[-46.0624436,-6.2458055],[-46.4509628,-6.2674426]],[[-46.4509628,-6.2674426],[-46.4648523,-6.2816202]],[[-46.4648523,-6.2816202],[-46.4662681,-6.8123391],[-46.4621079,-6.8088837],[-46.4575775,-6.7980064]],[[-46.4575775,-6.7980064],[-46.4168265,-6.8159611],[-46.4066035,-6.8319988],[-46.3867293,-6.8410385],[-46.3717378,-6.858157],[-46.3625947,-6.9000701],[-46.3347361,-6.9085071],[-46.3189676,-6.9110423]],[[-46.3189676,-6.9110423],[-46.3022607,-6.9053854]],[[-46.3022607,-6.9053854],[-46.2906089,-6.8719377],[-46.2950544,-6.8540482],[-46.2870652,-6.8504247],[-46.2763431,-6.8530298]],[[-46.2763431,-6.8530298],[-46.2699866,-6.8444184],[-46.2652132,-6.8426521],[-46.240697,-6.8501425]],[[-46.240697,-6.8501425],[-46.2480861,-6.8291037],[-46.2313508,-6.7881401],[-46.2122401,-6.7736777],[-46.1510165,-6.767716],[-46.1549508,-6.7120201],[-46.1348676,-6.7141741],[-46.1256121,-6.6895598],[-46.1325197,-6.6881882],[-46.1194575,-6.6852513],[-46.1165836,-6.6787199],[-46.1112458,-6.6735638],[-46.0934142,-6.6727784],[-46.0942303,-6.6773231],[-46.0791085,-6.6846887],[-46.0602557,-6.6694869],[-46.0570156,-6.6720575],[-46.0408868,-6.6950051],[-45.9959822,-6.670787],[-45.9775841,-6.6542497],[-45.9913313,-6.6410452],[-45.9856485,-6.6365484],[-45.9770043,-6.6419567],[-45.9486091,-6.6405509],[-45.9285191,-6.6425849],[-45.9260289,-6.6467509]],[[-45.9260289,-6.6467509],[-45.9108328,-6.641566]],[[-45.9108328,-6.641566],[-45.8866755,-6.631294],[-45.8430133,-6.6009824]],[[-45.8430133,-6.6009824],[-45.8406231,-6.600038]],[[-45.8393776,-6.3016215],[-45.841415,-6.3104024],[-45.8412506,-6.3225506],[-45.8477766,-6.3311489],[-45.8538845,-6.3330255],[-45.8598577,-6.3327324]],[[-45.8598577,-6.3327324],[-45.8830296,-6.3432288],[-45.9030505,-6.2952413],[-45.9545215,-6.2649979],[-46.0006937,-6.2562279],[-46.0229155,-6.2639272],[-46.0548038,-6.2472044]],[[-46.240697,-6.8501425],[-46.2577868,-6.8441837],[-46.2681494,-6.8428207],[-46.2763431,-6.8530298]],[[-46.3022607,-6.9053854],[-46.3065015,-6.9074924]],[[-46.3065015,-6.9074924],[-46.4043493,-6.9985289]],[[-46.4043493,-6.9985289],[-46.3417541,-6.9986162],[-46.2251789,-7.0365491],[-46.0717953,-7.1598928]],[[-46.0717953,-7.1598928],[-45.8703914,-7.2886043]],[[-45.8703914,-7.2886043],[-45.959112,-7.0507655],[-45.9348849,-7.0462333],[-45.9197038,-7.0589237],[-45.8800322,-7.036663],[-45.8351143,-6.9912673],[-45.8231921,-6.9623725],[-45.8535931,-6.94205],[-45.8783548,-6.9414601],[-45.9055985,-6.9563233],[-45.9150741,-6.9485799],[-45.9485803,-6.9514602],[-45.9686506,-6.9336573],[-45.9850841,-6.9306562],[-45.9926424,-6.8800093],[-46.0037539,-6.8655418],[-46.0118554,-6.8336744],[-46.0271383,-6.8199076],[-45.9991035,-6.7933687],[-45.9799386,-6.7595184],[-45.9487841,-6.7308643],[-45.9301832,-6.7176679],[-45.9122652,-6.7264813],[-45.8508895,-6.721109]],[[-45.8508895,-6.721109],[-45.948077,-6.6740222]],[[-45.948077,-6.6740222],[-45.9313179,-6.6509026]],[[-45.9313179,-6.6509026],[-45.9260289,-6.6467509]],[[-43.9584873,-5.4890379],[-43.9451094,-5.5450824],[-43.9716163,-5.540218],[-43.9792737,-5.5167664],[-43.9921989,-5.5083376],[-44.0231631,-5.5333921],[-44.0191464,-5.5535604],[-44.0429572,-5.6091508],[-44.0590348,-5.6083723],[-44.0771447,-5.6291301],[-44.1142265,-5.6423166],[-44.1472217,-5.6758552],[-44.152915,-5.6957936]],[[-44.152915,-5.6957936],[-44.1841874,-5.716698],[-44.1958316,-5.7149473]],[[-44.1958316,-5.7149473],[-44.2221623,-5.7332566],[-44.2325838,-5.7640595]],[[-44.2325838,-5.7640595],[-44.0903502,-5.8384708]],[[-44.0852963,-5.8176297],[-44.0717307,-5.8125479]],[[-43.825859,-5.5532746],[-43.8221349,-5.5486196]],[[-43.8221349,-5.5486196],[-43.9584873,-5.4890379]],[[-45.6108292,-1.2746106],[-45.6276985,-1.2839312],[-45.6439499,-1.2267732],[-45.6364092,-1.1925335],[-45.6178125,-1.18044],[-45.613612,-1.1593687],[-45.625746,-1.1264526],[-45.6432302,-1.179946],[-45.6463001,-1.2321743],[-45.6868796,-1.2722602],[-45.7187331,-1.2576474],[-45.7382134,-1.2201298],[-45.7329876,-1.1996034],[-45.6909081,-1.1486673],[-45.7235216,-1.1291686],[-45.7424287,-1.1406046],[-45.7488592,-1.1639952],[-45.768167,-1.1989824],[-45.7813481,-1.192613]],[[-45.7813481,-1.192613],[-45.7786939,-1.2016061],[-45.7759184,-1.2104995],[-45.7783926,-1.21741],[-45.7883765,-1.2217127],[-45.7985956,-1.2059525],[-45.7891236,-1.1872787]],[[-45.7891236,-1.1872787],[-45.7965119,-1.1825684]],[[-45.7965119,-1.1825684],[-45.8012643,-1.1875777],[-45.8040503,-1.1991523],[-45.8035885,-1.2119552],[-45.8015049,-1.2163745],[-45.7963754,-1.2198644]],[[-45.7963754,-1.2198644],[-45.8229645,-1.2663261],[-45.8401373,-1.2811183],[-45.7975259,-1.3237921],[-45.8027232,-1.3386544],[-45.7916715,-1.3589729],[-45.8136126,-1.4016146],[-45.8729443,-1.4578668],[-45.8715362,-1.4714901],[-45.8906481,-1.5100174],[-45.9131488,-1.5302258],[-45.9238348,-1.5648678],[-45.9350604,-1.5759356]],[[-45.9350604,-1.5759356],[-45.8281966,-1.6084002]],[[-45.6931069,-1.2652998],[-45.6725576,-1.2541054],[-45.668519,-1.2220026],[-45.674328,-1.1940417],[-45.6880151,-1.1836537],[-45.7108797,-1.2279569],[-45.7094308,-1.2442837],[-45.6931069,-1.2652998]],[[-44.0655131,-4.9964931],[-44.0663568,-4.9939074]],[[-44.0663568,-4.9939074],[-44.2095895,-5.0948212],[-44.2772974,-5.0920031],[-44.3273572,-5.1158123],[-44.3481501,-5.122754],[-44.352486,-5.1181353]],[[-44.352486,-5.1181353],[-44.3548273,-5.1255576]],[[-44.3548273,-5.1255576],[-44.3445784,-5.1624882],[-44.3621226,-5.1754808],[-44.3409467,-5.195966],[-44.3697916,-5.2236665],[-44.359652,-5.2690439]],[[-44.359652,-5.2690439],[-44.3582605,-5.2773057]],[[-44.3582605,-5.2773057],[-44.3528386,-5.2764049],[-44.3461909,-5.2776872]],[[-44.3461909,-5.2776872],[-44.306792,-5.3312682]],[[-44.306792,-5.3312682],[-44.1308773,-5.2297295]],[[-44.1308773,-5.2297295],[-44.0176809,-5.1663411]],[[-44.0176809,-5.1663411],[-44.0026319,-5.1642752]],[[-44.0026319,-5.1642752],[-43.9599023,-5.0505]],[[-44.2956917,-4.9144413],[-44.3066126,-4.9118775],[-44.312448,-5.0241184]],[[-44.3499605,-5.1102093],[-44.352486,-5.1181353]],[[-44.0663568,-4.9939074],[-44.0660938,-4.992403]],[[-47.4796891,-5.6217093],[-47.4737045,-5.6619797],[-47.4930942,-5.7100384],[-47.4933745,-5.7305307],[-47.4826225,-5.7593056],[-47.4665086,-5.7783003],[-47.4422786,-5.8307859]],[[-47.4422786,-5.8307859],[-47.429455,-5.8330085],[-47.4229261,-5.8200329],[-47.3803441,-5.812026],[-47.3753676,-5.8290827],[-47.3684778,-5.8289923],[-47.3423689,-5.8164615]],[[-47.3423689,-5.8164615],[-47.3416498,-5.8151846]],[[-47.3416498,-5.8151846],[-47.3220774,-5.8012889],[-47.3276224,-5.7856027],[-47.2729057,-5.7690508],[-47.2434536,-5.7671237],[-47.2288339,-5.7758019],[-47.2073133,-5.7708187],[-47.1987885,-5.77318],[-47.169582,-5.7385679],[-47.1345666,-5.7294725],[-47.1036682,-5.6912708]],[[-47.1036682,-5.6912708],[-47.0860199,-5.6723107]],[[-47.1165314,-5.6542068],[-47.302918,-5.6590342]],[[-47.395622,-5.6457232],[-47.402871,-5.6453201]],[[-47.402871,-5.6453201],[-47.4587035,-5.6293488],[-47.4715515,-5.6211418],[-47.4772585,-5.6207937],[-47.4796891,-5.6217093]],[[-44.306792,-5.3312682],[-44.2069422,-5.4642162]],[[-44.2069422,-5.4642162],[-44.1992069,-5.4632165]],[[-44.1992069,-5.4632165],[-44.1767194,-5.4531967],[-44.1648866,-5.4594682],[-44.1324706,-5.4536569],[-44.1225872,-5.4613655],[-44.0974467,-5.4569689],[-44.0781807,-5.4679005],[-44.0681441,-5.4539354],[-44.0746842,-5.4401196]],[[-44.0746842,-5.4401196],[-44.0727647,-5.4364083],[-43.9584873,-5.4890379]],[[-43.8221349,-5.5486196],[-43.8176182,-5.5423085]],[[-43.8176182,-5.5423085],[-43.8527003,-5.5199171],[-43.8655359,-5.5005475],[-43.866144,-5.4672503],[-43.8734815,-5.4530408],[-43.8601738,-5.4292671],[-43.8835105,-5.3857617],[-43.8812254,-5.3657028],[-43.8832621,-5.3508806],[-43.8795984,-5.3456683],[-43.882265,-5.344569],[-43.871761,-5.3239759]],[[-43.871761,-5.3239759],[-43.9090371,-5.3189326]],[[-43.9090371,-5.3189326],[-43.9517904,-5.3318697],[-44.0007608,-5.3140704],[-44.0433135,-5.3166869],[-44.0513921,-5.3303407],[-44.0951269,-5.3494429],[-44.1308773,-5.2297295]],[[-43.9584873,-5.4890379],[-44.0734498,-5.4365077],[-44.0746842,-5.4401196]],[[-44.1992069,-5.4632165],[-44.2090588,-5.4636486]],[[-44.2090588,-5.4636486],[-44.2124448,-5.4663956]],[[-44.2124448,-5.4663956],[-44.2064564,-5.4905784],[-44.1959299,-5.5449116],[-44.1589188,-5.5215648],[-44.1445637,-5.5186596],[-44.1444291,-5.5521185],[-44.1287058,-5.5767812],[-44.1228424,-5.5912149],[-44.1375919,-5.6154076],[-44.1771455,-5.6498668],[-44.1825687,-5.6767722],[-44.1666513,-5.6978502]],[[-44.1666513,-5.6978502],[-44.152915,-5.6957936]],[[-45.9093931,-3.3786631],[-45.9409086,-3.365795],[-45.9494015,-3.3665715],[-45.9759105,-3.3734057]],[[-45.9759105,-3.3734057],[-45.9959686,-3.3676365],[-46.020769,-3.3780156],[-46.0606462,-3.3631064],[-46.1970083,-3.362948],[-46.2501538,-3.3207986]],[[-46.2501538,-3.3207986],[-46.2560662,-3.3168876],[-46.2642339,-3.3194774],[-46.2801247,-3.340997]],[[-46.2801247,-3.340997],[-46.2783707,-3.3464491]],[[-46.2783707,-3.3464491],[-46.2776947,-3.3939084],[-46.273805,-3.4241319],[-46.2824213,-3.4398289],[-46.2624389,-3.4673047],[-46.2734898,-3.4857936]],[[-46.2734898,-3.4857936],[-45.9236525,-3.4857367],[-45.6875436,-3.4872983]],[[-45.5432258,-3.4898818],[-45.5416882,-3.487975]],[[-45.5416882,-3.487975],[-45.5440666,-3.4833068]],[[-45.5440666,-3.4833068],[-45.5563198,-3.4581864],[-45.5708892,-3.4464588],[-45.5934754,-3.4262998],[-45.613815,-3.397042],[-45.6322786,-3.36892],[-45.6539365,-3.3496586],[-45.6602131,-3.3386673],[-45.7986686,-3.3355309],[-45.8785424,-3.3159649],[-45.9093931,-3.3786631]],[[-45.8659434,-1.8082572],[-45.8740428,-1.8093444]],[[-45.8740428,-1.8093444],[-45.8764187,-1.8477706],[-45.8941879,-1.895961],[-45.8905828,-1.916377],[-45.9089359,-1.9385251],[-45.910362,-1.9762272],[-45.9192523,-1.9820242],[-45.9221193,-1.9947657],[-45.9114222,-2.0085411],[-45.9310279,-2.0458397],[-45.954958,-2.0745776],[-45.9699712,-2.087919],[-45.9805031,-2.1059696],[-45.979153,-2.1108183],[-45.9835197,-2.1253246],[-45.9848622,-2.1510673]],[[-45.9848622,-2.1510673],[-45.9917711,-2.1678883]],[[-45.9878738,-2.1870563],[-45.994547,-2.2111758],[-45.9888533,-2.2241856]],[[-45.9866948,-2.2604874],[-45.9895444,-2.2706284]],[[-45.9895444,-2.2706284],[-45.9354176,-2.2512959],[-45.9467084,-2.204588],[-45.8637826,-2.1817685],[-45.8004411,-2.1532878],[-45.7473951,-2.189329]],[[-45.7473951,-2.189329],[-45.7411751,-2.191119],[-45.72811,-2.2104249],[-45.7096485,-2.2437535]],[[-45.7096485,-2.2437535],[-45.6389184,-2.1975127]],[[-44.3582605,-5.2773057],[-44.3566177,-5.2811143],[-44.3500861,-5.2840829]],[[-44.3500861,-5.2840829],[-44.3461296,-5.3057609],[-44.3558226,-5.336644],[-44.3986004,-5.387509],[-44.4008216,-5.445782],[-44.4243331,-5.4549736]],[[-44.4243331,-5.4549736],[-44.4274829,-5.4707389]],[[-44.4274829,-5.4707389],[-44.4210542,-5.4709686],[-44.411064,-5.4649716],[-44.3784715,-5.4701403],[-44.3613712,-5.4599802],[-44.3473518,-5.4703633],[-44.3455158,-5.4738924],[-44.3364531,-5.4695223],[-44.3224896,-5.4702884],[-44.3082365,-5.4764299],[-44.2976798,-5.5021898],[-44.249317,-5.5008452],[-44.2364252,-5.474044],[-44.2224613,-5.4627005],[-44.2165131,-5.4660985]],[[-44.2165131,-5.4660985],[-44.2090588,-5.4636486]],[[-44.2090588,-5.4636486],[-44.2069422,-5.4642162]],[[-44.2069422,-5.4642162],[-44.3461909,-5.2776872]],[[-46.326515,-5.3354325],[-46.3297554,-5.3329775],[-46.3299733,-5.655328]],[[-46.4695525,-5.7511017],[-46.4641822,-6.0003842]],[[-46.4641822,-6.0003842],[-46.4648523,-6.2816202]],[[-46.4509628,-6.2674426],[-46.0697278,-6.2463434],[-46.0548038,-6.2472044]],[[-45.8598577,-6.3327324],[-45.8487507,-6.3318597],[-45.8417483,-6.3236596],[-45.8404155,-6.3043612],[-45.8363893,-6.2973215]],[[-45.4006051,-5.9386843],[-45.3758441,-5.9325919]],[[-45.5018014,-5.8061646],[-45.5766667,-5.7343051]],[[-45.5766667,-5.7343051],[-45.5819934,-5.7347436],[-45.5871024,-5.7456822],[-45.5995842,-5.7651947],[-45.6080409,-5.7762464],[-45.7105969,-5.5900248]],[[-45.7105969,-5.5900248],[-45.740131,-5.4025849],[-45.7854822,-5.4412057]],[[-45.7854822,-5.4412057],[-45.7989797,-5.4487017],[-45.8407996,-5.4120163],[-45.885854,-5.4437647],[-45.9034982,-5.4273514],[-46.00165,-5.362196],[-45.9732891,-5.3359386],[-45.9325828,-5.312896]],[[-45.9325828,-5.312896],[-45.9319999,-5.307209]],[[-44.6776803,-2.2804923],[-44.6819653,-2.2549555],[-44.6606277,-2.2477449],[-44.6341237,-2.2285412],[-44.5872919,-2.1655535],[-44.5886114,-2.1368446],[-44.566719,-2.1256263],[-44.5550637,-2.0974638],[-44.5290007,-2.0799418],[-44.4979537,-2.0493448],[-44.496788,-2.0257432],[-44.5334226,-2.0362591],[-44.5691175,-2.0221765],[-44.5776737,-2.029207]],[[-44.5776737,-2.029207],[-44.588704,-2.037942],[-44.6159153,-2.0351234]],[[-44.7213185,-2.0750379],[-44.7195758,-2.0795711]],[[-44.7195758,-2.0795711],[-44.7387343,-2.0957425],[-44.7540645,-2.1197976],[-44.7518614,-2.1368232],[-44.770107,-2.1495598],[-44.7813155,-2.1780042]],[[-44.7813155,-2.1780042],[-44.7926679,-2.216271]],[[-44.7551295,-2.2582596],[-44.7548487,-2.2671172]],[[-44.7548487,-2.2671172],[-44.7189316,-2.272808],[-44.7100164,-2.2767606],[-44.6978479,-2.2857601],[-44.6925402,-2.2873762]],[[-43.4617327,-2.486414],[-43.5070331,-2.4775487],[-43.5209629,-2.4546667],[-43.5164159,-2.4238108],[-43.5374497,-2.4219104],[-43.554675,-2.4475319],[-43.5580885,-2.4798874],[-43.5786058,-2.5061354],[-43.5922166,-2.490461],[-43.5743297,-2.4803178],[-43.5797943,-2.4586428],[-43.6125278,-2.5065254],[-43.6262012,-2.5102068],[-43.6479843,-2.4959753],[-43.6700396,-2.494629],[-43.6803476,-2.5122124],[-43.6979529,-2.5176714]],[[-43.6979529,-2.5176714],[-43.7108176,-2.5198651],[-43.7121474,-2.5273441],[-43.701316,-2.561488],[-43.6834221,-2.5742214],[-43.6900069,-2.6039935],[-43.7455257,-2.6375055]],[[-43.7455257,-2.6375055],[-43.5985688,-2.9638013],[-43.5713136,-3.0381129]],[[-43.4565997,-2.983999],[-43.4499212,-2.9796202]],[[-43.4499212,-2.9796202],[-43.4217826,-2.9398477],[-43.4215882,-2.900597],[-43.4551008,-2.8966722],[-43.4615962,-2.832837],[-43.4545511,-2.8039501],[-43.4381891,-2.7773094],[-43.4467299,-2.745358],[-43.4395541,-2.7297679],[-43.4441166,-2.6908701],[-43.4372814,-2.6663913],[-43.4385102,-2.6372001],[-43.4497218,-2.6237131],[-43.4443041,-2.6052052],[-43.4622525,-2.593628],[-43.4426898,-2.5691743],[-43.4495032,-2.5591015],[-43.4617327,-2.486414]],[[-43.5398423,-2.3689745],[-43.558058,-2.3554962],[-43.598341,-2.3668571],[-43.6128797,-2.3784923],[-43.5997653,-2.4074293],[-43.5815211,-2.4232781],[-43.5618867,-2.4238154],[-43.5398423,-2.3689745]],[[-43.5063247,-2.4043397],[-43.5066243,-2.3839978],[-43.5268369,-2.3707381],[-43.5372177,-2.4056358],[-43.5063247,-2.4043397]],[[-43.7412236,-2.4351198],[-43.710462,-2.4271639],[-43.6862242,-2.3973098],[-43.6452069,-2.4027164],[-43.6288315,-2.3582626],[-43.6305903,-2.3273879],[-43.6235881,-2.3031106],[-43.594321,-2.2827108],[-43.6028905,-2.2592029],[-43.6272105,-2.2512337],[-43.6962416,-2.2767097],[-43.7181198,-2.2888024],[-43.7218633,-2.3220543],[-43.739594,-2.3503498],[-43.7251768,-2.3679924],[-43.7268003,-2.3864684],[-43.7582543,-2.4080823],[-43.761036,-2.4234599]],[[-43.761036,-2.4234599],[-43.7412236,-2.4351198]],[[-43.761036,-2.4234599],[-43.7983976,-2.4395976],[-43.7997169,-2.3903178],[-43.8394783,-2.4185865],[-43.8314935,-2.4401569],[-43.8421589,-2.4486542],[-43.8468201,-2.5018685],[-43.8722839,-2.5158382],[-43.8911662,-2.5354441],[-43.89368,-2.5564613],[-43.9312195,-2.5616223],[-43.9538655,-2.6053007],[-43.9565437,-2.621532],[-44.003944,-2.6381525],[-44.0225752,-2.6526069],[-44.0542486,-2.7113015],[-44.0788214,-2.7438092]],[[-44.0532403,-2.8062298],[-44.0484726,-2.8083684],[-43.7450617,-2.8078101]],[[-43.7450617,-2.8078101],[-43.7455257,-2.6375055]],[[-43.6979529,-2.5176714],[-43.6954534,-2.4843487],[-43.7331004,-2.4794915],[-43.7466075,-2.4935863],[-43.7665576,-2.4945954],[-43.776929,-2.4747579],[-43.760094,-2.4658732],[-43.7412236,-2.4351198]],[[-45.1226652,-3.5672609],[-45.1309391,-3.5883237],[-45.1519273,-3.5983104],[-45.1570367,-3.6041132],[-45.1633147,-3.6145917],[-45.2021689,-3.6266598],[-45.23554,-3.6544029],[-45.2350483,-3.6685681],[-45.2557783,-3.6951862],[-45.2823192,-3.6982317],[-45.2882213,-3.7182007]],[[-45.1525249,-3.7289932],[-45.1425606,-3.7300002]],[[-45.1425606,-3.7300002],[-45.1194893,-3.7463722],[-45.0943985,-3.7354139],[-45.088703,-3.72278],[-45.0614063,-3.7108175],[-45.0553682,-3.715269],[-45.0512442,-3.7235009]],[[-45.0512442,-3.7235009],[-45.0489387,-3.7182841],[-45.047264,-3.7176803],[-44.9972729,-3.5871459]],[[-44.9972729,-3.5871459],[-45.0137703,-3.5777111],[-45.0313579,-3.5710455]],[[-44.7476527,-4.4546809],[-44.8486611,-4.4564126]],[[-44.8486611,-4.4564126],[-44.8460647,-4.482154],[-44.8381139,-4.5050065],[-44.8429693,-4.5053634]],[[-44.8429693,-4.5053634],[-44.8513512,-4.5477564],[-44.8723343,-4.5786573],[-44.8769726,-4.5805965],[-44.8915048,-4.5900882],[-44.8959217,-4.5977844],[-44.9028755,-4.6452812],[-44.9332941,-4.667038],[-44.9507574,-4.6929709]],[[-44.9507574,-4.6929709],[-44.7553482,-4.7113293]],[[-44.7476142,-4.5664056],[-44.7476527,-4.4546809]],[[-47.8666881,-5.3053137],[-47.8676241,-5.3428159],[-47.8437594,-5.3762087],[-47.8275409,-5.3865882],[-47.7683377,-5.3782023],[-47.7443137,-5.3801324],[-47.6667723,-5.4217873],[-47.6186197,-5.4597262],[-47.5805091,-5.4700166],[-47.5602606,-5.4632127],[-47.5283488,-5.4926657],[-47.5001205,-5.5256048],[-47.4832614,-5.5648989],[-47.4796891,-5.6217093]],[[-47.402871,-5.6453201],[-47.4407381,-5.578455]],[[-47.4109243,-5.5092429],[-47.4064779,-5.5089995]],[[-47.4064779,-5.5089995],[-47.404012,-5.5016527],[-47.3952119,-5.488505]],[[-47.3952119,-5.488505],[-47.408682,-5.4796111]],[[-47.408682,-5.4796111],[-47.4120975,-5.476609],[-47.4192396,-5.4575199],[-47.4205173,-5.4476276],[-47.4312484,-5.3330476],[-47.3903928,-5.2867379],[-47.3763473,-5.284151],[-47.3654936,-5.2704207],[-47.3640415,-5.2587728]],[[-47.3640415,-5.2587728],[-47.367279,-5.2621129]],[[-47.367279,-5.2621129],[-47.3777181,-5.2728561],[-47.4035628,-5.2522573],[-47.41573,-5.2341477],[-47.4094171,-5.2167865],[-47.431125,-5.2212547],[-47.4463887,-5.2062217],[-47.4690377,-5.1796059],[-47.4842674,-5.1768002],[-47.5066599,-5.1337512],[-47.526591,-5.1774247],[-47.5387474,-5.1561798]],[[-45.9310351,-5.3094748],[-45.9325828,-5.312896]],[[-45.7854822,-5.4412057],[-45.740515,-5.4000475]],[[-45.740515,-5.4000475],[-45.8098077,-5.3107997],[-45.7757949,-5.2827842],[-45.7465316,-5.2850973],[-45.6842698,-5.1795836],[-45.6184764,-5.1538946],[-45.5323042,-5.1912249],[-45.5194009,-5.1412718],[-45.4831056,-5.0695071],[-45.4651121,-5.0882951],[-45.4563579,-5.0991048],[-45.439838,-5.1115606],[-45.4068522,-5.1343443],[-45.3732233,-5.1399988],[-45.3507628,-5.1541227],[-45.342254,-5.1758459]],[[-45.342254,-5.1758459],[-45.3326046,-5.1932985],[-45.3401656,-5.2069984]],[[-45.3171229,-5.1317523],[-45.3273031,-5.128342],[-45.3299934,-5.1250527],[-45.3306924,-5.1200029],[-45.3254179,-5.1036838],[-45.3320908,-5.1042673]],[[-45.3320908,-5.1042673],[-45.3478823,-5.0941606],[-45.3484599,-5.0801866],[-45.3118299,-5.078678],[-45.2906458,-5.0681176]],[[-45.2906458,-5.0681176],[-45.2798475,-5.0552767]],[[-45.2798475,-5.0552767],[-45.3450506,-5.0426223],[-45.3520792,-5.0414297],[-45.5992886,-4.9931486]],[[-45.5992886,-4.9931486],[-45.6087141,-4.992882]],[[-44.0647887,-3.1874674],[-44.1021938,-3.2185399]],[[-44.1021938,-3.2185399],[-44.1178235,-3.2290951],[-44.1025452,-3.2534794],[-44.1699157,-3.2671957],[-44.2090868,-3.2532436],[-44.2427962,-3.30847],[-44.3062105,-3.2643219],[-44.3331824,-3.2644087],[-44.3582675,-3.2452578],[-44.358958,-3.2389135],[-44.4006799,-3.2067935],[-44.4357067,-3.2155923]],[[-44.4357067,-3.2155923],[-44.4327592,-3.2413134]],[[-44.5844276,-3.4512437],[-44.5716099,-3.4554664],[-44.5673215,-3.4531929]],[[-44.5673215,-3.4531929],[-44.5566994,-3.4540419],[-44.521714,-3.471546],[-44.5005653,-3.4659636],[-44.4841229,-3.4802459],[-44.4550998,-3.4835573],[-44.4445123,-3.4750302],[-44.3860698,-3.4544847],[-44.3850993,-3.474658],[-44.4065415,-3.5146511]],[[-44.4065415,-3.5146511],[-44.3979089,-3.5379737]],[[-44.3979089,-3.5379737],[-44.0877792,-3.5363683],[-44.0925641,-3.53291]],[[-44.0925641,-3.53291],[-44.0943167,-3.5221995],[-44.0880914,-3.5109429],[-44.0852645,-3.4991582]],[[-44.0852645,-3.4991582],[-44.0860552,-3.4804405]],[[-44.0860552,-3.4804405],[-44.0793177,-3.4693055],[-44.0685817,-3.4565778],[-44.0651955,-3.3976806],[-44.0573519,-3.3641437],[-44.0385595,-3.3355564]],[[-44.0385595,-3.3355564],[-44.0647887,-3.1874674]],[[-47.0304449,-3.6107822],[-47.0453679,-3.6238821],[-47.0447389,-3.666533],[-47.0532972,-3.7368551],[-47.0652734,-3.759364],[-47.0557157,-3.7735356],[-47.0835715,-3.8244046],[-47.0852051,-3.85664],[-47.101859,-3.8613482],[-47.1066248,-3.8809428],[-47.128751,-3.8766426],[-47.1469461,-3.8962017],[-47.1484961,-3.9144898],[-47.1731461,-3.9238234],[-47.1902562,-3.9837047],[-47.2199759,-3.9881725],[-47.2389286,-3.9986308],[-47.2546134,-4.0194826],[-47.2814241,-4.0334206],[-47.2931109,-4.0522709],[-47.3194243,-4.0477745],[-47.3252254,-4.0683642],[-47.3502036,-4.1178207],[-47.3497521,-4.1418742],[-47.3402351,-4.1770458],[-47.3658287,-4.18064],[-47.3654569,-4.2058179],[-47.3790018,-4.2205369],[-47.3717681,-4.2455858],[-47.3886386,-4.2498793],[-47.4010766,-4.2678237],[-47.4420493,-4.2874251],[-47.470329,-4.3107146],[-47.4795412,-4.3284996],[-47.4763146,-4.3564394],[-47.4881034,-4.3671672],[-47.5027881,-4.4037066],[-47.5376001,-4.4525953],[-47.5637242,-4.4745575],[-47.5835668,-4.5229601],[-47.6119419,-4.5573579],[-47.6376763,-4.5714003],[-47.6802563,-4.6090018],[-47.6816736,-4.6233005]],[[-46.9484847,-4.0806546],[-46.9271035,-4.0866471]],[[-44.2325838,-5.7640595],[-44.4983958,-5.8009953],[-44.4590782,-5.8262371],[-44.4743105,-5.8559575]],[[-44.4743105,-5.8559575],[-44.4698138,-5.8670056]],[[-44.4770338,-5.8814028],[-44.4654886,-5.90396],[-44.4573481,-5.9131231],[-44.4470455,-5.9187026],[-44.4393614,-5.9201962]],[[-44.0952136,-5.8483063],[-44.0962443,-5.8505931],[-44.0924276,-5.8472059],[-44.0902106,-5.8439744],[-44.0899409,-5.8404315],[-44.2325838,-5.7640595]],[[-45.740515,-5.4000475],[-45.7105969,-5.5900248]],[[-45.5766667,-5.7343051],[-45.5738553,-5.731433]],[[-45.3401656,-5.2069984],[-45.342254,-5.1758459]],[[-46.9016838,-4.9987534],[-46.9088902,-5.0022287]],[[-47.1355526,-5.1433818],[-47.1504447,-5.1529854],[-47.1553828,-5.1767001],[-47.1795164,-5.1934371],[-47.1850692,-5.2214774],[-47.2018409,-5.2299934],[-47.2256002,-5.2659494],[-47.2765319,-5.3140739],[-47.2843353,-5.3039414],[-47.3128451,-5.3074388],[-47.331246,-5.2667038],[-47.3462027,-5.2579192],[-47.3531419,-5.2497831],[-47.3553627,-5.2498982]],[[-47.3553627,-5.2498982],[-47.3640415,-5.2587728]],[[-47.408682,-5.4796111],[-47.3980137,-5.4830681]],[[-47.3980137,-5.4830681],[-47.3927071,-5.4801261],[-47.3702283,-5.4572715],[-47.3437891,-5.4436138],[-47.336286,-5.437135],[-47.3187583,-5.4005998],[-47.3038146,-5.3850157],[-47.2707711,-5.3807847],[-47.2735215,-5.364884]],[[-47.2735215,-5.364884],[-47.2448696,-5.3463394],[-47.2252579,-5.3426572]],[[-47.2252579,-5.3426572],[-47.2020132,-5.3551551],[-47.175138,-5.3503486],[-47.1536968,-5.3307972],[-47.1112315,-5.3135284],[-47.0632541,-5.3133415],[-47.0315851,-5.2820507],[-46.9993224,-5.2647599],[-46.947744,-5.2135454],[-46.9211056,-5.2211492],[-46.89955,-5.2150096],[-46.8873232,-5.2054268]],[[-46.8873232,-5.2054268],[-46.8876167,-5.1997205]],[[-44.9305029,-5.010929],[-44.9341254,-5.0173002]],[[-44.9341254,-5.0173002],[-44.9362114,-5.0274349]],[[-44.9039879,-5.0391452],[-44.8691537,-5.0450329]],[[-44.8237836,-5.1457861],[-44.7591533,-5.1800014]],[[-44.7591533,-5.1800014],[-44.7642365,-5.173708],[-44.7619074,-5.1683989],[-44.7548893,-5.1635296],[-44.7364953,-5.1478804],[-44.7313757,-5.1424192],[-44.7272604,-5.1427449],[-44.7202275,-5.1494061],[-44.6884477,-5.1048625],[-44.6826893,-5.0981828],[-44.6757952,-5.0955439],[-44.6684397,-5.0895976],[-44.6628088,-5.0928874],[-44.6603053,-5.0867287]],[[-44.6603053,-5.0867287],[-44.6556924,-5.0789342]],[[-44.6556924,-5.0789342],[-44.6664918,-5.057145],[-44.6560409,-5.0518368],[-44.6392348,-5.0377512],[-44.6150727,-5.000758],[-44.6206203,-4.9679479],[-44.6112819,-4.9506288],[-44.6321291,-4.9111719],[-44.6204672,-4.8877869],[-44.6434269,-4.8756199],[-44.6442539,-4.8605187]],[[-44.6442539,-4.8605187],[-44.6442381,-4.8560175]],[[-45.9825404,-1.7900003],[-45.9958896,-1.7894252],[-46.0561274,-1.7414466]],[[-46.22339,-1.9149135],[-46.2364854,-1.9664352],[-46.2514378,-2.0006193],[-46.250265,-2.0175158],[-46.2631651,-2.0493061]],[[-46.0587669,-2.0508993],[-46.0490502,-2.000993],[-46.0819164,-1.9501059],[-46.0765981,-1.9211936],[-46.0507744,-1.9088157],[-45.9824545,-1.8235268],[-45.9477179,-1.7951066]],[[-45.0882477,-4.4344116],[-45.0936126,-4.4233066]],[[-45.0936126,-4.4233066],[-45.1094898,-4.449303],[-45.1608885,-4.5188464],[-45.2134576,-4.5521902],[-45.198823,-4.567828],[-45.2055423,-4.6031012],[-45.2369665,-4.6225518],[-45.2597116,-4.6498465],[-45.3023117,-4.6666409],[-45.313414,-4.6660284],[-45.3342017,-4.6567025]],[[-45.3342017,-4.6567025],[-45.3451645,-4.6485129]],[[-45.3451645,-4.6485129],[-45.4015669,-4.6893869],[-45.4187425,-4.6913853],[-45.4206129,-4.7542963],[-45.4270346,-4.7683472]],[[-45.4270346,-4.7683472],[-45.4084995,-4.7964675]],[[-45.4084995,-4.7964675],[-45.3482813,-4.7938239],[-45.316956,-4.8074134],[-45.3034111,-4.8453799],[-45.2793711,-4.8755076],[-45.2750213,-4.8848801],[-45.2780092,-4.9027249],[-45.2791581,-4.9147725],[-45.2718386,-4.9442242],[-45.2764266,-4.9576076],[-45.2384034,-4.9797076],[-45.2388756,-5.0150299]],[[-45.2388756,-5.0150299],[-45.2269368,-5.0120468]],[[-45.2269368,-5.0120468],[-45.1923579,-4.9968061]],[[-45.1923579,-4.9968061],[-45.1925059,-4.99861]],[[-45.1925059,-4.99861],[-45.1329533,-4.9972092],[-45.1178898,-4.9921347],[-45.1042715,-4.9687281],[-45.0576352,-4.9470164],[-45.0402553,-4.9298121]],[[-45.0422643,-4.9168432],[-45.0407705,-4.9122611]],[[-45.0407705,-4.9122611],[-45.1185245,-4.9402496],[-45.1252512,-4.9131567],[-45.1559601,-4.8616718],[-45.1447432,-4.7410902]],[[-45.1447432,-4.7410902],[-45.0400226,-4.6912045]],[[-45.0400226,-4.6912045],[-45.0455017,-4.668387]],[[-45.0455017,-4.668387],[-45.0848951,-4.6238684],[-45.0820557,-4.5967833],[-45.0605422,-4.570322],[-45.0527385,-4.5176728],[-45.0424554,-4.4841757]],[[-45.0424554,-4.4841757],[-45.0566268,-4.4650675]],[[-45.0460457,-4.4804817],[-45.0424554,-4.4841757]],[[-45.0455017,-4.668387],[-45.0412923,-4.6862989]],[[-45.0412923,-4.6862989],[-45.0387828,-4.6774426],[-45.032152,-4.6695486],[-45.0247438,-4.6671569]],[[-45.0247438,-4.6671569],[-45.0002051,-4.6384288],[-44.99848,-4.5933795],[-44.9277534,-4.520992],[-44.9191636,-4.4949155],[-44.8933448,-4.4863563],[-44.8713808,-4.4867808],[-44.8429693,-4.5053634]],[[-44.8486611,-4.4564126],[-44.8506597,-4.4564467]],[[-44.8506597,-4.4564467],[-44.8506189,-4.4424798],[-44.8542735,-4.4367229],[-44.8586747,-4.4170282],[-44.8689192,-4.4183971],[-44.8829159,-4.4149056],[-44.8710485,-4.3869769],[-44.8713901,-4.3849909],[-44.8732857,-4.3842791]],[[-44.6199438,-3.8546555],[-44.6220798,-3.8508211]],[[-44.9331777,-3.9162645],[-44.9569034,-3.8731791]],[[-44.9569034,-3.8731791],[-44.972863,-3.903836],[-44.9922,-3.9334023],[-45.0044672,-3.9423901],[-45.0067765,-3.9564486]],[[-45.0067765,-3.9564486],[-45.0085341,-3.9826465]],[[-45.0085341,-3.9826465],[-45.0160742,-3.9946546],[-45.029019,-4.0411538],[-45.019965,-4.0578755],[-45.0187494,-4.0984157],[-45.0133225,-4.1017251],[-45.0132452,-4.1099389]],[[-45.0132452,-4.1099389],[-45.0123396,-4.1133281],[-44.8420473,-4.1130571]],[[-44.6398189,-3.8548513],[-44.6243233,-3.859136]],[[-44.6243233,-3.859136],[-44.6199438,-3.8546555]],[[-43.674866,-5.8996237],[-43.6759363,-5.9162674]],[[-43.6759363,-5.9162674],[-43.6708201,-5.9777316],[-43.6625849,-6.0086655],[-43.6408157,-6.0404282],[-43.6032884,-6.0754245],[-43.5932911,-6.0991948],[-43.5657105,-6.127659],[-43.5468618,-6.1367501],[-43.5505493,-6.170211],[-43.5410252,-6.1815566],[-43.5545292,-6.1931734],[-43.5766176,-6.248249]],[[-43.5766176,-6.248249],[-43.5779198,-6.262355]],[[-43.5779198,-6.262355],[-43.5604312,-6.2662985]],[[-43.5604312,-6.2662985],[-43.5582677,-6.2697452],[-43.5531701,-6.2713107],[-43.5476845,-6.2695879],[-43.538022,-6.2707405],[-43.5212803,-6.2603268]],[[-43.5212803,-6.2603268],[-43.5142483,-6.2586158],[-43.4978332,-6.2625178],[-43.4900406,-6.2690677],[-43.4554273,-6.2598995],[-43.4378274,-6.2615596],[-43.4125853,-6.2667542],[-43.4025252,-6.2711612],[-43.400703,-6.271493]],[[-43.400703,-6.271493],[-43.3990709,-6.2757127],[-43.3193217,-6.261159]],[[-43.3193217,-6.261159],[-43.3134662,-6.1931593],[-43.3284791,-6.1076103],[-43.3144434,-6.0252257],[-43.3068618,-6.020464],[-43.3339852,-5.911091]],[[-43.3339852,-5.911091],[-43.5655497,-5.9130634]],[[-43.5655497,-5.9130634],[-43.569867,-5.9044361],[-43.5500051,-5.8790058],[-43.5503855,-5.847548],[-43.5361662,-5.8376045],[-43.5600641,-5.8045747],[-43.5602559,-5.7718927],[-43.5973239,-5.7733582],[-43.6060641,-5.7382565]],[[-43.6060641,-5.7382565],[-43.612345,-5.7374691]],[[-45.0247438,-4.6671569],[-45.0319196,-4.6693551],[-45.0385824,-4.6771689],[-45.0412923,-4.6862989]],[[-45.0412923,-4.6862989],[-45.0400226,-4.6912045]],[[-45.0400226,-4.6912045],[-44.9833608,-4.6642125]],[[-44.9833608,-4.6642125],[-44.9846348,-4.6394492],[-44.9579472,-4.6525515],[-44.9786853,-4.6712438],[-44.9758059,-4.690961]],[[-44.9758059,-4.690961],[-44.9507574,-4.6929709]],[[-45.4259356,-4.7700142],[-45.4279142,-4.7785306],[-45.4295631,-4.7788891]],[[-45.4295631,-4.7788891],[-45.4345667,-4.7804517],[-45.4558561,-4.7880775],[-45.4614472,-4.81543],[-45.4566765,-4.8417272],[-45.4985482,-4.8698897],[-45.5179197,-4.8694126],[-45.5236518,-4.8854066],[-45.5499638,-4.8952211],[-45.5562843,-4.900748],[-45.5579373,-4.9030743],[-45.5644497,-4.9129625],[-45.564838,-4.9174065],[-45.5648361,-4.9233197],[-45.5739775,-4.9341776]],[[-45.5739775,-4.9341776],[-45.5714587,-4.9441028]],[[-45.6060093,-4.9929837],[-45.5992886,-4.9931486]],[[-45.2798475,-5.0552767],[-45.2603215,-5.0279708]],[[-45.2603215,-5.0279708],[-45.2454683,-5.0236026]],[[-45.2454683,-5.0236026],[-45.2388756,-5.0150299]],[[-45.4084995,-4.7964675],[-45.4259356,-4.7700142]],[[-47.1908784,-6.0207759],[-47.2014281,-6.0272562],[-47.1987289,-6.0296818],[-47.2004431,-6.0348532],[-47.2038018,-6.0408481],[-47.2070251,-6.0442534],[-47.2348814,-6.0357069],[-47.2217014,-6.070765],[-47.2386577,-6.1069333]],[[-47.2386577,-6.1069333],[-47.2382298,-6.1151735]],[[-47.0491522,-6.1958053],[-47.0430017,-6.1978563],[-47.0424393,-6.2063833],[-47.0467739,-6.2105788]],[[-47.0467739,-6.2105788],[-47.032917,-6.2092143],[-47.0155706,-6.2186218],[-46.9812109,-6.2209672],[-46.9692619,-6.2292525],[-46.937185,-6.2217245],[-46.917525,-6.2084132],[-46.8959429,-6.2107423],[-46.8553971,-6.1890891]],[[-46.8553971,-6.1890891],[-46.8457366,-6.1951974]],[[-46.8457366,-6.1951974],[-46.8291147,-6.1987008],[-46.8234015,-6.199342],[-46.8176444,-6.1980344],[-46.8118124,-6.2036299],[-46.8081292,-6.1960106],[-46.7997641,-6.1948615],[-46.7948073,-6.1924369],[-46.7874555,-6.1986291],[-46.7361705,-6.1968431],[-46.7313856,-6.1916805],[-46.7208473,-6.1912122],[-46.7040816,-6.1879657],[-46.7020367,-6.1899123]],[[-46.7020367,-6.1899123],[-46.694669,-6.1639087],[-46.6800697,-6.1557746],[-46.6717102,-6.1302456],[-46.7121179,-6.1009805],[-46.7252584,-6.0827373],[-46.7141901,-6.0679733],[-46.7314677,-6.0567944],[-46.7422759,-6.0344231],[-46.7464401,-6.0049039],[-46.7523375,-5.9921389],[-46.7776862,-5.9772597]],[[-46.7776862,-5.9772597],[-46.7833596,-5.9670878]],[[-46.7833596,-5.9670878],[-46.8028987,-5.9724017],[-46.8341355,-5.9656232],[-46.844702,-5.9688202],[-46.8556503,-5.9777474],[-46.8592612,-5.986333],[-46.885093,-6.0069463],[-46.8919674,-6.007761],[-46.9016527,-6.014241],[-46.9325764,-6.0110922],[-46.9502638,-6.0395353],[-46.9810085,-6.0407612],[-46.993695,-6.0504111],[-47.038148,-6.0355978],[-47.041447,-6.0267388],[-47.0870304,-6.0290477],[-47.1148472,-6.0191434],[-47.1327711,-6.0326537],[-47.1626972,-6.02902],[-47.1607637,-6.0371755],[-47.1706281,-6.0372183],[-47.1792373,-6.0383753],[-47.1857444,-6.0396863],[-47.1873195,-6.0403106],[-47.1905961,-6.0385663],[-47.1915724,-6.0366794],[-47.1908784,-6.0207759]],[[-44.4307995,-4.4808098],[-44.5773665,-4.4752961]],[[-44.5773665,-4.4752961],[-44.576155,-4.5035269],[-44.5604146,-4.5277712],[-44.5371072,-4.5757701],[-44.5255123,-4.5864491],[-44.5272785,-4.5912802],[-44.5208185,-4.5985605],[-44.4952077,-4.6192697],[-44.4973182,-4.6358393],[-44.49449,-4.644375],[-44.4857542,-4.6504375]],[[-44.4857542,-4.6504375],[-44.3982413,-4.6660451]],[[-44.3982413,-4.6660451],[-44.3970334,-4.6653233]],[[-44.347572,-4.5582184],[-44.4307995,-4.4808098]],[[-45.3221016,-6.7815992],[-45.3286615,-6.7901038],[-45.3316579,-6.8204542],[-45.3184378,-6.8568521],[-45.2777499,-6.9406444],[-45.256491,-6.9409836],[-45.2439447,-6.9559535],[-45.2468247,-6.9862525],[-45.2744621,-7.0104583],[-45.2753499,-7.062521],[-45.2656063,-7.1036702],[-45.2770985,-7.1325844],[-45.2920864,-7.1483973],[-45.3127396,-7.1475674],[-45.3222727,-7.1952105],[-45.5001917,-7.4195153],[-45.6332694,-7.5962327],[-45.6083378,-7.5886013],[-45.5575208,-7.5899517],[-45.5346601,-7.5973604],[-45.5213871,-7.6214051],[-45.5067991,-7.6306523],[-45.4818597,-7.6508486],[-45.4617715,-7.6675697]],[[-45.4617715,-7.6675697],[-45.4379778,-7.6782267],[-45.4325307,-7.661539],[-45.399205,-7.6410589],[-45.3954669,-7.6145185],[-45.3721818,-7.6183838],[-45.3422695,-7.5933632],[-45.3346804,-7.5776595],[-45.2988389,-7.5752376],[-45.2853963,-7.5664228],[-45.2617074,-7.5711843],[-45.2323263,-7.5490714],[-45.2136061,-7.5655847],[-45.2038477,-7.5516722],[-45.1810039,-7.5419599],[-45.1563277,-7.5132576],[-45.1386746,-7.5224223],[-45.0855974,-7.5023091]],[[-45.0855974,-7.5023091],[-44.9875128,-7.1021638],[-44.970825,-7.0773335],[-44.992151,-7.0243113],[-44.9357459,-6.867909],[-44.9584894,-6.8243342]],[[-44.9584894,-6.8243342],[-44.9800719,-6.7954446],[-44.979126,-6.783175]],[[-44.979126,-6.783175],[-44.9719202,-6.772723],[-44.9578556,-6.7441998]],[[-44.9578556,-6.7441998],[-44.9636008,-6.7363254]],[[-44.9636008,-6.7363254],[-44.964153,-6.7386868],[-44.9730467,-6.7391807],[-44.9900757,-6.7356219],[-45.0108025,-6.7311912],[-45.0618393,-6.7615331],[-45.06152,-6.7735847],[-45.1193562,-6.8153898],[-45.1700788,-6.7977953],[-45.1951061,-6.8037621],[-45.2531635,-6.7878966],[-45.2837466,-6.7967653],[-45.3118852,-6.7847001],[-45.3221016,-6.7815992]],[[-45.7965119,-1.1825684],[-45.8126255,-1.1639504],[-45.8299424,-1.1792825],[-45.82585,-1.1985266],[-45.8466955,-1.2129899]],[[-46.0162693,-1.5236293],[-45.9350604,-1.5759356]],[[-45.7963754,-1.2198644],[-45.8026246,-1.2148669],[-45.8041983,-1.2079029],[-45.802755,-1.1915056],[-45.7996259,-1.1849752],[-45.7965119,-1.1825684]],[[-45.7813481,-1.192613],[-45.7891236,-1.1872787]],[[-45.8214058,-1.1547133],[-45.8040971,-1.1425072],[-45.805692,-1.1271903],[-45.8278374,-1.1287108],[-45.8214058,-1.1547133]],[[-42.2727472,-3.4447134],[-42.2470775,-3.4325601],[-42.1995819,-3.4278288],[-42.1947444,-3.3993918],[-42.1660033,-3.3962784],[-42.1506693,-3.3866119],[-42.1456821,-3.3544152],[-42.1257977,-3.3464177],[-42.1209105,-3.3104554],[-42.0993832,-3.3153138],[-42.0974296,-3.293456],[-42.1232139,-3.2895948],[-42.1236476,-3.2668048],[-42.1092714,-3.2616465],[-42.0689723,-3.2643565],[-42.0409858,-3.2471206],[-42.0190304,-3.249291],[-41.9855587,-3.2225076]],[[-42.2455352,-3.1991699],[-42.2766584,-3.2667946],[-42.2727472,-3.4447134]],[[-46.1370318,-2.1981561],[-46.1451253,-2.2131035],[-46.1476549,-2.2227474]],[[-46.0398574,-2.1464985],[-46.0314925,-2.1532451],[-46.0209415,-2.1581888],[-46.0046057,-2.159702],[-45.9952906,-2.1561192]],[[-45.9866099,-2.1524073],[-45.9848622,-2.1510673]],[[-45.8740428,-1.8093444],[-45.8726118,-1.8003178]],[[-45.8792107,-1.7901618],[-45.8719953,-1.7845119]],[[-45.920063,-4.5586228],[-45.9230048,-4.6397747]],[[-45.5758801,-4.9442776],[-45.5739775,-4.9341776]],[[-45.4295631,-4.7788891],[-45.4273143,-4.7779884],[-45.4259356,-4.7700142]],[[-45.4259356,-4.7700142],[-45.4270346,-4.7683472]],[[-45.3451645,-4.6485129],[-45.3639579,-4.63551]],[[-45.3639579,-4.63551],[-45.365706,-4.6065411],[-45.3881374,-4.5851288],[-45.437154,-4.5721459],[-45.4767341,-4.6126064],[-45.5072548,-4.6149991],[-45.5522581,-4.5956059],[-45.5665279,-4.6096665],[-45.6005396,-4.6059444],[-45.6097867,-4.5909716],[-45.6459179,-4.6259556],[-45.6864,-4.6262833],[-45.6802083,-4.61305],[-45.7142919,-4.5590506]],[[-45.7142919,-4.5590506],[-45.920063,-4.5586228]],[[-45.9895444,-2.2706284],[-45.9953683,-2.2892162]],[[-46.0258121,-2.6817288],[-46.0752812,-2.6816693]],[[-46.0644074,-2.6863442],[-45.9899699,-2.6959101]],[[-45.9899699,-2.6959101],[-45.9879759,-2.6808737],[-45.998427,-2.6656611],[-45.9903132,-2.6518605],[-45.9839203,-2.6119577],[-45.9430475,-2.5761489],[-45.929376,-2.546942],[-45.9116927,-2.5290023],[-45.9042596,-2.469119]],[[-45.9042596,-2.469119],[-45.9039089,-2.4238254]],[[-45.9039089,-2.4238254],[-45.8622448,-2.3644801],[-45.8524094,-2.3454411],[-45.8387237,-2.287683],[-45.8374833,-2.2448969],[-45.8319992,-2.2287747],[-45.8050159,-2.2020488],[-45.775607,-2.1872044]],[[-45.775607,-2.1872044],[-45.7473951,-2.189329]],[[-43.3115096,-3.5371674],[-43.3184746,-3.5462334],[-43.3183638,-3.5539114],[-43.3358718,-3.5607862],[-43.3632828,-3.5572101],[-43.3687826,-3.547238],[-43.3756127,-3.5473003],[-43.3838358,-3.5495664]],[[-43.3838358,-3.5495664],[-43.3875309,-3.5503266]],[[-43.2034784,-3.7646505],[-43.1976977,-3.7829974]],[[-43.1976977,-3.7829974],[-43.1224288,-3.6889132],[-43.1225479,-3.6739845]],[[-45.0954024,-2.9310527],[-45.1457969,-3.0144636]],[[-45.1457969,-3.0144636],[-45.1406976,-3.0675742],[-45.1197881,-3.0640359],[-45.104003,-3.0834661],[-45.0755702,-3.0963375],[-45.0785153,-3.1076739],[-45.0647108,-3.1369885],[-45.0266148,-3.1456245],[-44.9900936,-3.1393361],[-44.9924969,-3.1459336],[-44.9725886,-3.1720235],[-44.9245753,-3.1600805],[-44.8651859,-3.0906782],[-44.804408,-3.1230609],[-44.8419244,-3.0715896],[-44.8120046,-3.0647608]],[[-44.8120046,-3.0647608],[-44.8104107,-3.0660999]],[[-44.8104107,-3.0660999],[-44.8065541,-3.065559],[-44.8438468,-3.0462636],[-44.8578502,-3.0404335],[-44.9092492,-3.0401344]],[[-44.9092492,-3.0401344],[-44.9095139,-3.0414923]],[[-44.9095139,-3.0414923],[-44.9147661,-3.0427419],[-44.9089941,-3.0480665],[-44.8929102,-3.0779142],[-45.0134036,-3.0229827],[-45.045921,-3.0136343],[-45.0705279,-2.985397],[-45.0747466,-2.9648901],[-45.0802867,-2.9547563],[-45.0954024,-2.9310527]],[[-42.9683554,-5.4535238],[-43.0595305,-5.3847626],[-43.0980494,-5.3848842],[-43.1514017,-5.3544146],[-43.1671868,-5.3328166],[-43.1894133,-5.2869438],[-43.1639941,-5.2502572],[-43.1592966,-5.2008836],[-43.182501,-5.1686092],[-43.204018,-5.1662693],[-43.2059565,-5.1431603]],[[-43.7404069,-5.3087284],[-43.7581546,-5.3158413]],[[-43.7581546,-5.3158413],[-43.7480821,-5.3434034],[-43.7227426,-5.3855977],[-43.6250687,-5.3484784],[-43.5756007,-5.3758708],[-43.5747436,-5.3909847],[-43.5529048,-5.402498],[-43.5310909,-5.3955475],[-43.483234,-5.4124406],[-43.4574346,-5.4518765],[-43.4118587,-5.4527856],[-43.401096,-5.4596396],[-43.3764679,-5.5126021],[-43.3362425,-5.5638675],[-43.1839036,-5.6038632],[-43.0949125,-5.614898]],[[-43.0949125,-5.614898],[-43.0819956,-5.5995129],[-43.0332174,-5.5920741],[-43.0244021,-5.5617437],[-43.0042214,-5.542679],[-43.0002634,-5.519285],[-42.9740668,-5.4859637],[-42.9683554,-5.4535238]],[[-44.4524621,-3.5617838],[-44.5317154,-3.6101485]],[[-44.5317154,-3.6101485],[-44.5656897,-3.6050407],[-44.6104074,-3.6590095]],[[-44.6104074,-3.6590095],[-44.6101514,-3.8477989]],[[-44.6101514,-3.8477989],[-44.5053946,-3.8487516]],[[-44.5053946,-3.8487516],[-44.4802633,-3.9051679],[-44.4800429,-3.9191645],[-44.4156028,-3.9336756],[-44.4097693,-3.9051349],[-44.3931822,-3.8965714],[-44.3875897,-3.8784201],[-44.3662567,-3.867759],[-44.3608623,-3.8620837],[-44.3538117,-3.8521932]],[[-44.3538117,-3.8521932],[-44.3536778,-3.8473207]],[[-44.3536778,-3.8473207],[-44.3513199,-3.8273458],[-44.3357905,-3.7904687],[-44.3131822,-3.771272],[-44.2992924,-3.7670622],[-44.2926782,-3.7725794]],[[-44.2926782,-3.7725794],[-44.284537,-3.7671688],[-44.2858797,-3.764484],[-44.3783481,-3.6914496]],[[-42.9576481,-3.4084423],[-42.9663894,-3.424404]],[[-42.988287,-3.5510091],[-42.9873815,-3.5533357]],[[-42.6330523,-3.6320818],[-42.6188251,-3.6206567],[-42.6117701,-3.5871407],[-42.5708976,-3.571708],[-42.5626885,-3.5594182]],[[-42.5626885,-3.5594182],[-42.5671613,-3.5583235],[-42.7529436,-3.4139883],[-42.9319563,-3.3875911],[-42.9576481,-3.4084423]],[[-44.601502,-6.0169736],[-44.6367354,-6.0390125],[-44.6665754,-6.0482814],[-44.6912432,-6.0512576],[-44.7195497,-6.0684312],[-44.729588,-6.0826353],[-44.7913561,-6.1128752]],[[-44.7913561,-6.1128752],[-44.8063549,-6.1202839]],[[-45.8306912,-6.596738],[-45.8430133,-6.6009824]],[[-45.9108328,-6.641566],[-45.9313179,-6.6509026]],[[-45.948077,-6.6740222],[-45.8468613,-6.7229345],[-45.826306,-6.715429]],[[-45.826306,-6.715429],[-45.8002214,-6.7189834],[-45.7730225,-6.7048441],[-45.7464983,-6.7001317],[-45.7354468,-6.7129397],[-45.6781858,-6.7280607],[-45.6421385,-6.7568634],[-45.6235271,-6.7918065],[-45.6018567,-6.8157241],[-45.5727757,-6.819865],[-45.555801,-6.8064815],[-45.5013269,-6.8033817],[-45.4659873,-6.7919497],[-45.4491581,-6.7778283],[-45.4209705,-6.7674791],[-45.4112689,-6.7655648],[-45.4004109,-6.7576207],[-45.3686344,-6.759273],[-45.3608521,-6.7714528]],[[-45.3608521,-6.7714528],[-45.3543599,-6.7803718]],[[-45.3543599,-6.7803718],[-45.3221016,-6.7815992]],[[-44.9636008,-6.7363254],[-44.9564963,-6.7336164]],[[-44.9564963,-6.7336164],[-44.9369739,-6.7171315],[-44.9314732,-6.7158992],[-44.9062852,-6.7088488],[-44.8980389,-6.7088799],[-44.8580216,-6.7033124],[-44.847316,-6.7090992],[-44.8020876,-6.7109446],[-44.7978787,-6.7096361],[-44.7925848,-6.7117365]],[[-44.7925848,-6.7117365],[-44.7873509,-6.7118595]],[[-44.7873509,-6.7118595],[-44.7827251,-6.7124525],[-44.776714,-6.7122268],[-44.7397428,-6.7117836],[-44.6967783,-6.693838],[-44.688414,-6.6993566],[-44.6821277,-6.699165],[-44.6682948,-6.700279],[-44.6634253,-6.6907309],[-44.6347872,-6.6803689]],[[-44.6347872,-6.6803689],[-44.581157,-6.632428]],[[-44.581157,-6.632428],[-44.5799501,-6.6335271],[-44.171685,-6.2559306]],[[-44.171685,-6.2559306],[-44.2389198,-6.1665351]],[[-44.5673215,-3.4531929],[-44.5730051,-3.4551076],[-44.5832424,-3.4521496],[-44.5903896,-3.4465965]],[[-44.5903896,-3.4465965],[-44.6110616,-3.4826762]],[[-44.5317154,-3.6101485],[-44.4002865,-3.5302935]],[[-44.4002865,-3.5302935],[-44.4065415,-3.5146511]],[[-44.7666736,-1.9316056],[-44.7750864,-1.942213],[-44.7787085,-1.9438887],[-44.9252256,-1.9449226]],[[-44.9252256,-1.9449226],[-44.9249117,-2.0149657],[-44.969862,-2.0146788]],[[-44.969862,-2.0146788],[-44.9658608,-2.2510472]],[[-44.9658608,-2.2510472],[-44.9602564,-2.2439243]],[[-44.9602564,-2.2439243],[-44.9303101,-2.2279301]],[[-44.8489791,-2.1404455],[-44.8354919,-2.1497481],[-44.8277709,-2.1519592],[-44.8255611,-2.1503415],[-44.8109717,-2.1485705]],[[-44.7839563,-2.1868542],[-44.7813155,-2.1780042]],[[-44.7195758,-2.0795711],[-44.7223764,-2.0715397],[-44.7217938,-2.0680293]],[[-44.7061042,-1.9697913],[-44.705038,-1.9670916],[-44.702818,-1.9661813]],[[-44.702818,-1.9661813],[-44.7009686,-1.9594277],[-44.7019051,-1.9523463],[-44.7020708,-1.9463095],[-44.7038864,-1.9373045],[-44.707015,-1.9211871],[-44.7304899,-1.906468],[-44.7280976,-1.8959969],[-44.7291645,-1.8886542]],[[-45.39041,-3.349021],[-45.4506527,-3.2965253],[-45.5797026,-3.2408444]],[[-45.5797026,-3.2408444],[-45.5589473,-3.2730311]],[[-45.5589473,-3.2730311],[-45.5521847,-3.2794829],[-45.4903245,-3.3068172],[-45.4440898,-3.3994245],[-45.5045231,-3.4510606]],[[-45.5045231,-3.4510606],[-45.5416882,-3.487975]],[[-45.5416882,-3.487975],[-45.5411295,-3.4941047]],[[-45.4060304,-3.5750185],[-45.4018359,-3.5745183]],[[-45.4018359,-3.5745183],[-45.3962021,-3.570542],[-45.3920629,-3.5693135],[-45.3888451,-3.5606076],[-45.3854737,-3.5737811],[-45.3598758,-3.5761632],[-45.3453745,-3.5960639],[-45.3347037,-3.6015523],[-45.3236515,-3.6028034],[-45.3068844,-3.5881618],[-45.3038919,-3.586842],[-45.3030752,-3.5786556],[-45.3055008,-3.5716734],[-45.2942286,-3.5621169],[-45.2893739,-3.5632757],[-45.2892247,-3.5778472],[-45.2819959,-3.5839947],[-45.2827449,-3.5890721],[-45.2788586,-3.588402],[-45.2950878,-3.6054947],[-45.3075292,-3.6379015]],[[-45.3075292,-3.6379015],[-45.3211918,-3.6480076]],[[-45.3211918,-3.6480076],[-45.3307184,-3.6732918],[-45.3237434,-3.6957216]],[[-45.3237434,-3.6957216],[-45.2882213,-3.7182007]],[[-45.2657785,-3.3892189],[-45.2603384,-3.3713483]],[[-45.2603384,-3.3713483],[-45.3353161,-3.3407097],[-45.363585,-3.3661833],[-45.39041,-3.349021]],[[-46.9463088,-5.6290691],[-46.9476669,-5.6274716]],[[-47.0853261,-5.6709181],[-47.1036682,-5.6912708]],[[-47.3416498,-5.8151846],[-47.3362488,-5.8180743]],[[-47.3362488,-5.8180743],[-47.3298743,-5.8389223],[-47.2927203,-5.8449709],[-47.2865036,-5.8586158],[-47.2517387,-5.851058],[-47.2426473,-5.8519431],[-47.2078693,-5.8678521],[-47.1891947,-5.8650012],[-47.1830054,-5.8661573],[-47.1803868,-5.8610863],[-47.1663348,-5.8782822],[-47.1617439,-5.8930932],[-47.1935804,-5.932418],[-47.2005739,-5.9643992],[-47.1821373,-5.9767253],[-47.1873204,-5.9968159],[-47.1908784,-6.0207759]],[[-46.7833596,-5.9670878],[-46.7827986,-5.9461213]],[[-46.7827986,-5.9461213],[-46.7791761,-5.9189584],[-46.7764749,-5.9073777],[-46.7823653,-5.8988319]],[[-46.7823653,-5.8988319],[-46.7916903,-5.8981334]],[[-43.7450617,-2.8078101],[-44.0502751,-2.8077228],[-44.0484724,-2.8198211]],[[-44.0493125,-2.8724379],[-44.0613934,-2.899855]],[[-43.7982622,-3.2886203],[-43.7995854,-3.2925996]],[[-43.7995854,-3.2925996],[-43.7833923,-3.2925577],[-43.6066356,-3.172094]],[[-43.8008152,-3.2993654],[-43.8000371,-3.2936823]],[[-43.8000371,-3.2936823],[-43.8476851,-3.2938324]],[[-43.8476851,-3.2938324],[-43.943934,-3.4134587],[-43.950435,-3.4144188],[-43.9565222,-3.4165811],[-43.9561397,-3.4181835],[-43.9589773,-3.4237888],[-43.9731546,-3.4524393],[-43.9761192,-3.4553266],[-43.9797769,-3.4634971],[-43.9839385,-3.4652527],[-43.99481,-3.480408],[-43.9876478,-3.4907359],[-43.9843836,-3.4958842]],[[-43.9843836,-3.4958842],[-43.9842857,-3.5012203]],[[-43.9842857,-3.5012203],[-43.9015744,-3.4906481],[-43.813118,-3.4772786],[-43.8060665,-3.4776022],[-43.7996431,-3.4805154],[-43.7875911,-3.490982],[-43.7742139,-3.5269754],[-43.7408395,-3.5362048],[-43.6999465,-3.5793202],[-43.6589075,-3.5888352],[-43.6437112,-3.6049407],[-43.6263324,-3.6035447],[-43.617237,-3.6097237],[-43.6160224,-3.6199841],[-43.611576,-3.6205024],[-43.6079451,-3.6174988],[-43.606832,-3.6190215]],[[-43.606832,-3.6190215],[-43.6066977,-3.6186727]],[[-43.6066977,-3.6186727],[-43.7298164,-3.4426618],[-43.7390894,-3.429283],[-43.7157857,-3.4078643],[-43.7267085,-3.3821559],[-43.7456215,-3.3780634],[-43.7549857,-3.3461062]],[[-43.7549857,-3.3461062],[-43.7576506,-3.3313746],[-43.7662582,-3.3204688],[-43.7696449,-3.321107],[-43.7864499,-3.3320155]],[[-43.7864499,-3.3320155],[-43.7959289,-3.3298799],[-43.8008152,-3.2993654]],[[-46.4510456,-7.0664507],[-46.2931399,-7.1998466],[-46.3089167,-7.2566607],[-46.3124717,-7.2839062],[-46.3064203,-7.3161241],[-46.2934168,-7.3384581],[-46.2576622,-7.347878],[-46.2449993,-7.3409216],[-46.1980899,-7.257961]],[[-46.0730815,-7.1615353],[-46.0717953,-7.1598928]],[[-43.7908571,-6.5450926],[-44.2147335,-6.7436428]],[[-44.2147335,-6.7436428],[-44.328933,-6.9371376]],[[-44.2492751,-7.0005408],[-44.2359545,-6.9987123],[-44.2081719,-6.9699452],[-44.1986023,-6.9297624],[-44.1786515,-6.9271586],[-44.171346,-6.8849772],[-44.1391727,-6.8641072],[-44.1251239,-6.8355852],[-44.1141775,-6.8528702],[-44.0987098,-6.8399437],[-44.1162756,-6.8057859],[-44.0888742,-6.8033012],[-44.0769874,-6.821126],[-44.0590626,-6.8084375],[-44.0533707,-6.7683088],[-44.0333933,-6.7604041],[-43.9877336,-6.7572779],[-43.9567604,-6.7431544],[-43.9451026,-6.76551],[-43.9277616,-6.770447],[-43.9137943,-6.7526615],[-43.879918,-6.7577824],[-43.8537609,-6.7356117],[-43.8201262,-6.7272772],[-43.7908561,-6.702332],[-43.7748432,-6.7149366],[-43.7538213,-6.703488]],[[-43.7538213,-6.703488],[-43.7908571,-6.5450926]],[[-45.6379677,-2.9026623],[-45.6409371,-2.6558404],[-45.7549144,-2.6207292]],[[-45.7549144,-2.6207292],[-45.766171,-2.6337169],[-45.7981109,-2.6486838],[-45.9795445,-2.6941913]],[[-45.9795445,-2.6941913],[-45.9937149,-2.6962857],[-46.0644074,-2.6863442]],[[-46.4001502,-3.2283106],[-46.391162,-3.273745]],[[-46.391162,-3.273745],[-46.3497284,-3.2139403],[-46.310809,-3.1907641],[-46.281202,-3.1929855],[-46.2744851,-3.188129],[-46.2667132,-3.1591415],[-46.2406242,-3.1664117],[-46.2250164,-3.1583174],[-46.2011237,-3.1670853],[-46.1522409,-3.1614733],[-46.1407246,-3.1532831],[-46.1045989,-3.1500997],[-46.0941315,-3.1237134],[-46.0753684,-3.1042842],[-46.0566772,-3.0967262],[-46.0531132,-3.0913898],[-46.022321,-3.0818139],[-46.0051065,-3.0673932],[-45.9889802,-3.0739435],[-45.9525516,-3.063653],[-45.9244749,-3.0393958],[-45.9250526,-3.0210489],[-45.9166373,-3.0283658],[-45.9023965,-3.0275599]],[[-45.9023965,-3.0275599],[-45.8996253,-3.0242523]],[[-45.010205,-3.9644515],[-45.0572268,-3.9482295],[-45.0736548,-3.917303],[-45.2069872,-3.9719074]],[[-45.2069872,-3.9719074],[-45.2094124,-4.0660284]],[[-45.2094124,-4.0660284],[-45.2526908,-4.1486088]],[[-45.2526908,-4.1486088],[-45.2395995,-4.1486324]],[[-45.2395995,-4.1486324],[-45.215676,-4.164256],[-45.2039954,-4.197432],[-45.1067243,-4.3288365]],[[-45.1067243,-4.3288365],[-45.1054035,-4.3268463]],[[-45.0135821,-4.1141665],[-45.0132452,-4.1099389]],[[-45.0085341,-3.9826465],[-45.010205,-3.9644515]],[[-45.122684,-2.9201433],[-45.1256945,-2.9204957]],[[-45.1256945,-2.9204957],[-45.1262096,-2.9264494],[-45.1198648,-2.936483]],[[-45.1198648,-2.936483],[-45.0954024,-2.9310527]],[[-44.9095139,-3.0414923],[-44.920291,-3.0299789]],[[-44.920291,-3.0299789],[-44.9219566,-3.0254289],[-44.92307,-3.0213834],[-44.930689,-3.0203658],[-44.9340141,-3.0123728],[-44.9235964,-3.0096989],[-44.9251888,-2.9973368],[-44.9362727,-2.9986193],[-44.9441889,-2.9926449],[-44.9392505,-2.9764183],[-44.95971,-2.9711743],[-44.9691867,-2.9707492],[-44.9657941,-2.9629908],[-44.9641621,-2.950786]],[[-44.9641621,-2.950786],[-44.9903513,-2.9357599]],[[-44.9903513,-2.9357599],[-44.9961296,-2.9250678],[-45.0190874,-2.9214372],[-45.0183809,-2.898352],[-45.0279671,-2.8873049],[-45.0812151,-2.9044652],[-45.1104081,-2.9141583],[-45.122684,-2.9201433]],[[-44.1738455,-2.4580434],[-44.1836911,-2.4609958]],[[-44.1836911,-2.4609958],[-44.1814337,-2.4742646],[-44.1782169,-2.5083588],[-44.1865872,-2.5523752],[-44.140869,-2.5546473],[-44.081976,-2.541612],[-44.0623402,-2.5237754],[-44.0606125,-2.5198208],[-44.059118,-2.5045778]],[[-44.059118,-2.5045778],[-44.0648142,-2.4744693]],[[-44.0648142,-2.4744693],[-44.0690124,-2.4681994],[-44.063541,-2.4670239],[-44.0928742,-2.454708],[-44.1034046,-2.4570548],[-44.1152493,-2.4554793],[-44.1394305,-2.4666808],[-44.1728883,-2.4756881],[-44.1738455,-2.4580434]],[[-45.0415495,-2.5421349],[-45.0473766,-2.5436629],[-45.0498418,-2.5474752],[-45.0499618,-2.5505208]],[[-45.0499618,-2.5505208],[-45.0741944,-2.5675068],[-45.0762296,-2.6100688],[-45.1054944,-2.6571196],[-45.108888,-2.6918706],[-45.1285618,-2.71764],[-45.1291461,-2.7451704],[-45.1651002,-2.7674234],[-45.178475,-2.7881158]],[[-45.178475,-2.7881158],[-45.1838776,-2.798418]],[[-45.1838776,-2.798418],[-45.1767557,-2.8024],[-45.1734004,-2.8059194],[-45.1585317,-2.837054],[-45.1457554,-2.8344342],[-44.8748727,-2.6994163]],[[-44.8748727,-2.6994163],[-44.840268,-2.6593368]],[[-44.840268,-2.6593368],[-44.8789416,-2.6405691],[-44.8745439,-2.6267648],[-44.9445122,-2.6186168],[-45.0257817,-2.5642174],[-45.0343451,-2.5471634],[-45.0415495,-2.5421349]],[[-43.8592624,-6.2842883],[-43.8782797,-6.2864366],[-43.9231119,-6.2997382],[-43.9439828,-6.293013],[-43.9663217,-6.2955741]],[[-43.9663217,-6.2955741],[-44.0997508,-6.3514555]],[[-44.0997508,-6.3514555],[-44.0578533,-6.3695304]],[[-44.0578533,-6.3695304],[-43.9271601,-6.5437876],[-43.8723423,-6.5095063],[-43.8427906,-6.5169994]],[[-43.8427906,-6.5169994],[-43.8211894,-6.5126982]],[[-43.8211894,-6.5126982],[-43.8087362,-6.467385],[-43.7843633,-6.454928],[-43.8119226,-6.4283485],[-43.8383695,-6.3823096],[-43.8367334,-6.3453762],[-43.8450478,-6.3149891],[-43.8503732,-6.2991543],[-43.8592624,-6.2842883]],[[-43.8154139,-5.2845311],[-43.8167261,-5.2846192]],[[-43.8167261,-5.2846192],[-43.8563441,-5.3018665],[-43.8682564,-5.3208665]],[[-43.8682564,-5.3208665],[-43.871761,-5.3239759]],[[-43.8176182,-5.5423085],[-43.8199868,-5.5511619]],[[-43.5997877,-5.727793],[-43.6060641,-5.7382565]],[[-43.5655497,-5.9130634],[-43.0964273,-5.9097102]],[[-43.0964273,-5.9097102],[-43.0983819,-5.8996859],[-43.077175,-5.8741309],[-43.0770772,-5.8609096],[-43.096525,-5.8297994],[-43.090417,-5.8078268],[-43.1011671,-5.7586283],[-43.0941626,-5.7422411],[-43.0758068,-5.7354861],[-43.0885602,-5.671597],[-43.0803547,-5.6515195],[-43.0949125,-5.614898]],[[-43.7581546,-5.3158413],[-43.7402395,-5.3083267],[-43.8118621,-5.2898962]],[[-43.6759363,-5.9162674],[-43.6846536,-5.9116348]],[[-43.8444402,-6.0036676],[-43.9045001,-6.0047621]],[[-43.9688356,-6.2882419],[-43.9663217,-6.2955741]],[[-43.8592624,-6.2842883],[-43.6129499,-6.3228832]],[[-43.6129499,-6.3228832],[-43.609314,-6.300723],[-43.5797084,-6.271227]],[[-43.5797084,-6.271227],[-43.5766176,-6.248249]],[[-44.0578533,-6.3695304],[-44.1955442,-6.4857868],[-44.5074234,-6.7492921]],[[-44.5074234,-6.7492921],[-44.4241656,-6.7961378]],[[-44.4241656,-6.7961378],[-44.4087553,-6.8095337],[-44.4093038,-6.8246715],[-44.4070986,-6.8354259]],[[-44.4070986,-6.8354259],[-44.3962026,-6.8423993]],[[-44.3311629,-6.9236881],[-44.3276569,-6.929222],[-44.3275989,-6.9350275]],[[-44.3275989,-6.9350275],[-44.2147335,-6.7436428]],[[-43.7908571,-6.5450926],[-43.8101604,-6.5079549]],[[-43.8101604,-6.5079549],[-43.813252,-6.5077883],[-43.8247,-6.5142016],[-43.8427906,-6.5169994]],[[-42.4875506,-2.7033142],[-42.5042444,-2.6781208],[-42.5626756,-2.67842],[-42.5873554,-2.6690043],[-42.6415021,-2.6253252]],[[-42.7551871,-3.0516565],[-42.6804349,-3.0592196]],[[-42.6804349,-3.0592196],[-42.6587506,-3.0460645],[-42.645056,-3.0399039],[-42.633045,-3.0372864],[-42.6234697,-3.034453],[-42.6007524,-3.0238465]],[[-42.6007524,-3.0238465],[-42.5910169,-3.0196641],[-42.5721982,-3.0009845],[-42.5755868,-2.9891722]],[[-42.5755868,-2.9891722],[-42.5922476,-2.9743018],[-42.5878065,-2.9595758],[-42.5775292,-2.9546169],[-42.5672818,-2.94694],[-42.5732497,-2.9254112],[-42.5303616,-2.9257958],[-42.5014411,-2.9137169],[-42.4451638,-2.8310318],[-42.467709,-2.8314426],[-42.4544282,-2.8031867],[-42.4675756,-2.7862342],[-42.4672881,-2.7496629],[-42.4366724,-2.7471307],[-42.4361317,-2.7299401],[-42.4764719,-2.7142771],[-42.4875506,-2.7033142]],[[-45.111728,-4.4183371],[-45.1274784,-4.4132832]],[[-45.1274784,-4.4132832],[-45.2409467,-4.3937106],[-45.2949103,-4.4242696],[-45.3351054,-4.4239321],[-45.4220052,-4.4408267]],[[-45.7122377,-4.5531955],[-45.7085341,-4.5590483]],[[-45.7085341,-4.5590483],[-45.7142919,-4.5590506]],[[-45.3639579,-4.63551],[-45.3342017,-4.6567025]],[[-45.0936126,-4.4233066],[-45.1054829,-4.4190128]],[[-44.595371,-4.4510793],[-44.607482,-4.460336]],[[-44.607482,-4.460336],[-44.5979675,-4.4775519],[-44.601091,-4.4875466],[-44.6046,-4.5007071],[-44.6063048,-4.5321016],[-44.6139624,-4.5373827],[-44.614416,-4.5439146],[-44.6069289,-4.5551906],[-44.6142156,-4.5724047],[-44.6581157,-4.6064864],[-44.6596322,-4.6330179],[-44.7252665,-4.6507449]],[[-44.5763533,-4.766667],[-44.5771346,-4.7763834],[-44.5839096,-4.7821371],[-44.5894506,-4.7844092],[-44.6035685,-4.7834226],[-44.6095626,-4.8018874],[-44.6420293,-4.8179087],[-44.6456726,-4.8518501]],[[-44.6456726,-4.8518501],[-44.6386387,-4.8625012]],[[-44.6386387,-4.8625012],[-44.6331954,-4.8330571],[-44.6332666,-4.8285645],[-44.6139084,-4.8096005],[-44.5789057,-4.785168],[-44.5637678,-4.7674246],[-44.5793448,-4.7312809],[-44.5729564,-4.7086953],[-44.4857542,-4.6504375]],[[-44.5773665,-4.4752961],[-44.595371,-4.4510793]],[[-45.4544373,-2.7509763],[-45.4675298,-2.7486514]],[[-45.4675298,-2.7486514],[-45.4478565,-2.7689696],[-45.4374978,-2.7903129],[-45.4525454,-2.8212195],[-45.4781332,-2.8327626],[-45.4725648,-2.8559717],[-45.4847461,-2.8644927],[-45.5028912,-2.837005],[-45.5270655,-2.8589183],[-45.5504297,-2.8583366],[-45.5592918,-2.8629491],[-45.5497011,-2.8850508],[-45.5568511,-2.8868497],[-45.5719001,-2.8903472],[-45.5930935,-2.8670289],[-45.63332,-2.887059],[-45.6379677,-2.9026623]],[[-45.6379677,-2.9026623],[-45.6235149,-3.0619052],[-45.6106111,-3.1168228]],[[-45.6106111,-3.1168228],[-45.5997321,-3.1871406],[-45.5884677,-3.2095902]],[[-45.5884677,-3.2095902],[-45.5793308,-3.2392358],[-45.358724,-3.1772371]],[[-45.358724,-3.1772371],[-45.3194345,-3.1256607],[-45.2786689,-3.0793881]],[[-45.2786689,-3.0793881],[-45.2765684,-3.0585584],[-45.2307848,-3.0123961],[-45.2284162,-2.9720739],[-45.2186044,-2.9601389]],[[-45.2186044,-2.9601389],[-45.2184871,-2.9453249]],[[-45.2184871,-2.9453249],[-45.2140118,-2.9420563],[-45.2135144,-2.937124],[-45.2136895,-2.9328615],[-45.2096542,-2.9252776],[-45.2067663,-2.9246163],[-45.19452,-2.9308723],[-45.215991,-2.9080179]],[[-45.215991,-2.9080179],[-45.2199082,-2.8796072]],[[-45.2199082,-2.8796072],[-45.2297796,-2.8334183],[-45.2198959,-2.8134167]],[[-45.2198959,-2.8134167],[-45.2506872,-2.8041121]],[[-45.2506872,-2.8041121],[-45.2753295,-2.809149],[-45.3205473,-2.7782053],[-45.3346858,-2.7683839],[-45.3529554,-2.7461985]],[[-45.3529554,-2.7461985],[-45.3648974,-2.7498967]],[[-45.3648974,-2.7498967],[-45.3659006,-2.7683973],[-45.3773806,-2.7632948],[-45.3845719,-2.7562528],[-45.4026555,-2.7379322],[-45.4314918,-2.7525826],[-45.4544373,-2.7509763]],[[-45.3191295,-3.1259881],[-45.358724,-3.1772371]],[[-45.358724,-3.1772371],[-45.5797026,-3.2408444]],[[-45.5797026,-3.2408444],[-45.4508688,-3.2963352],[-45.39041,-3.349021]],[[-45.2603384,-3.3713483],[-45.2611088,-3.3632664]],[[-45.0868158,-3.2729458],[-45.073026,-3.2644312]],[[-45.073026,-3.2644312],[-45.073592,-3.260095],[-45.0793765,-3.2488277],[-45.0817434,-3.253867],[-45.0914631,-3.2539202],[-45.0883886,-3.2489871],[-45.1376509,-3.2003192],[-45.1399189,-3.1982049],[-45.1450128,-3.1807743],[-45.173847,-3.1684178],[-45.1947224,-3.1684374],[-45.267524,-3.1363211],[-45.3118391,-3.1266164],[-45.3191295,-3.1259881]],[[-44.9592435,-2.4594616],[-44.9904147,-2.4621247],[-45.0110759,-2.4712555],[-45.0397291,-2.5095128],[-45.0418571,-2.5287515],[-45.0296026,-2.5453414]],[[-45.0296026,-2.5453414],[-45.0357673,-2.5408634],[-45.0415495,-2.5421349]],[[-44.840268,-2.6593368],[-44.8199606,-2.6731988]],[[-44.8199606,-2.6731988],[-44.7861339,-2.669471]],[[-44.7134924,-2.6293812],[-44.7106292,-2.6273206]],[[-44.7106292,-2.6273206],[-44.7120318,-2.6191807]],[[-44.3858268,-4.2916633],[-44.3985921,-4.2951307],[-44.4009663,-4.2976735],[-44.4043956,-4.3191495]],[[-44.4067056,-4.3212761],[-44.3958575,-4.3180761],[-44.4236373,-4.415348],[-44.4307995,-4.4808098]],[[-44.347572,-4.5582184],[-44.0874785,-4.505704]],[[-44.0874785,-4.505704],[-44.1803021,-4.3365103]],[[-44.2666253,-4.2773958],[-44.2718579,-4.2797767]],[[-45.4018359,-3.5745183],[-45.4002956,-3.5912791]],[[-45.49522,-3.694685],[-45.5059248,-3.6970055]],[[-45.5059248,-3.6970055],[-45.5373357,-3.7012028],[-45.5384255,-3.7092341],[-45.5283855,-3.7940355],[-45.5308476,-3.8349695]],[[-45.5308476,-3.8349695],[-45.5283241,-3.8518862],[-45.490826,-3.8243238]],[[-45.490826,-3.8243238],[-45.4272497,-3.7288116],[-45.4163958,-3.7073271]],[[-45.4163958,-3.7073271],[-45.4083433,-3.6576385],[-45.3837076,-3.631016],[-45.371707,-3.6320247],[-45.3409618,-3.6385247],[-45.3184656,-3.637712]],[[-45.3184656,-3.637712],[-45.3075292,-3.6379015]],[[-44.9669446,-2.1710423],[-45.0268912,-2.208038]],[[-45.0268912,-2.208038],[-45.160514,-2.3473277]],[[-45.160514,-2.3473277],[-45.3004116,-2.4110088]],[[-45.3004116,-2.4110088],[-45.2972963,-2.4283418],[-45.2747175,-2.4411783],[-45.2579587,-2.4749872],[-45.2427614,-2.4879356],[-45.2758546,-2.7012556],[-45.3577282,-2.7455961]],[[-45.3577282,-2.7455961],[-45.3529554,-2.7461985]],[[-45.2506872,-2.8041121],[-45.2150761,-2.8118424]],[[-45.2150761,-2.8118424],[-45.1967705,-2.8169207],[-45.1841062,-2.8026945]],[[-45.1841062,-2.8026945],[-45.1843535,-2.7994699],[-45.178475,-2.7881158]],[[-45.0499618,-2.5505208],[-45.0486405,-2.5450135],[-45.0375991,-2.5408573],[-45.0337122,-2.54143],[-45.0296026,-2.5453414]],[[-44.8987945,-2.3860055],[-44.8983097,-2.3848146]],[[-44.9348891,-2.2334436],[-44.9602564,-2.2439243]],[[-44.9658608,-2.2510472],[-44.9669446,-2.1710423]],[[-45.1425606,-3.7300002],[-45.1458869,-3.730558]],[[-45.1458869,-3.730558],[-45.148712,-3.7367839]],[[-45.148712,-3.7367839],[-45.160273,-3.7679087],[-45.1697238,-3.7894374],[-45.1985868,-3.8087776],[-45.2200409,-4.0315004],[-45.2085699,-4.0331886]],[[-45.2085699,-4.0331886],[-45.2069872,-3.9719074]],[[-45.010205,-3.9644515],[-45.0067765,-3.9564486]],[[-44.9569034,-3.8731791],[-45.0003992,-3.7942884]],[[-45.0426951,-3.7233612],[-45.0450146,-3.7212779]],[[-45.0450146,-3.7212779],[-45.0476835,-3.7211359]],[[-45.0476835,-3.7211359],[-45.0512442,-3.7235009]],[[-44.285861,-3.7646238],[-44.2926782,-3.7725794]],[[-44.3536778,-3.8473207],[-44.3536676,-3.8489275]],[[-44.3536676,-3.8489275],[-44.1988197,-3.9274449]],[[-43.9927638,-3.8424361],[-44.0417362,-3.7219137]],[[-44.0417362,-3.7219137],[-44.0490945,-3.710421]],[[-44.0490945,-3.710421],[-44.0482144,-3.7040126]],[[-44.7553482,-4.7113293],[-44.9758059,-4.690961]],[[-44.9833608,-4.6642125],[-45.1447432,-4.7410902]],[[-45.0407705,-4.9122611],[-45.035329,-4.8999157]],[[-45.0364881,-4.8815821],[-45.0363604,-4.8747458],[-44.9853782,-4.8246197]],[[-44.6441704,-4.8549664],[-44.6456726,-4.8518501]],[[-47.0467739,-6.2105788],[-47.0423359,-6.2059017],[-47.043232,-6.197515]],[[-47.3807457,-6.2500226],[-47.3786439,-6.2727583],[-47.4086249,-6.3280669],[-47.4099549,-6.3696555],[-47.4342057,-6.4311886],[-47.4163425,-6.4838766],[-47.425248,-6.4973621]],[[-47.2126774,-6.5728444],[-47.2136455,-6.5683294]],[[-47.2136455,-6.5683294],[-47.2101039,-6.5661993],[-47.1827181,-6.5514329],[-47.1624632,-6.5279134],[-47.1477644,-6.5229499],[-47.1407891,-6.5219083],[-47.1196237,-6.5323667],[-47.0690506,-6.5463503],[-47.0959074,-6.4808808],[-47.1056341,-6.4397691],[-47.1403645,-6.4238929],[-47.1250573,-6.3839303],[-47.1068415,-6.3854709],[-47.057623,-6.3735198],[-47.0569916,-6.3643228],[-47.0532322,-6.3585366],[-47.0370469,-6.3426457],[-47.0331386,-6.3338062],[-47.0268491,-6.3253151],[-47.0214482,-6.3124607],[-47.0213272,-6.3081532],[-47.0135265,-6.2834062],[-47.0129208,-6.2785548],[-46.9713828,-6.2691766],[-46.9353125,-6.2762833],[-46.9208799,-6.2982202],[-46.865507,-6.2869014],[-46.8498129,-6.2938665],[-46.8438666,-6.3186604],[-46.7651722,-6.3554035],[-46.7889843,-6.3282995],[-46.7962271,-6.299151],[-46.8106317,-6.2807016],[-46.8056943,-6.2350688],[-46.8320514,-6.2209721],[-46.8361209,-6.2135685],[-46.8545721,-6.1989249]],[[-46.8545721,-6.1989249],[-46.8553971,-6.1890891]],[[-44.5516833,-1.8884874],[-44.5389028,-1.8512743],[-44.5684406,-1.8248669],[-44.5632453,-1.8075625],[-44.602261,-1.7659716],[-44.6154112,-1.7654746]],[[-44.6579551,-1.8370954],[-44.6628481,-1.8606034],[-44.6890235,-1.8712913]],[[-44.702818,-1.9661813],[-44.7048599,-1.966947]],[[-44.6786484,-1.9826154],[-44.6579748,-1.9901738],[-44.652226,-1.9904088],[-44.6325228,-1.9829627]],[[-44.476877,-5.1332288],[-44.4896235,-5.1264558]],[[-44.4896235,-5.1264558],[-44.5007883,-5.1102692],[-44.5241297,-5.1249322],[-44.5386573,-5.1542567]],[[-44.5386573,-5.1542567],[-44.5404452,-5.1798701]],[[-44.5404452,-5.1798701],[-44.5390369,-5.2201836],[-44.5537494,-5.246018],[-44.569532,-5.251442],[-44.5665849,-5.277819],[-44.5789852,-5.2968547],[-44.5546565,-5.3024228],[-44.5449848,-5.3427889],[-44.5606838,-5.3463217],[-44.5608759,-5.3822314],[-44.5489336,-5.3969411]],[[-44.5489336,-5.3969411],[-44.5463047,-5.3975847]],[[-44.5463047,-5.3975847],[-44.5489873,-5.4172085],[-44.5403677,-5.4386436],[-44.5365593,-5.4544204],[-44.5283451,-5.4714373],[-44.5179886,-5.4744521],[-44.5069026,-5.4663045]],[[-44.5069026,-5.4663045],[-44.4815918,-5.4537493]],[[-44.4815918,-5.4537493],[-44.4611352,-5.4521666]],[[-44.4611352,-5.4521666],[-44.4588778,-5.4569758],[-44.4545192,-5.4783173],[-44.4488522,-5.4974329]],[[-44.4488522,-5.4974329],[-44.4444881,-5.4960991]],[[-44.4444881,-5.4960991],[-44.428489,-5.4787371]],[[-44.428489,-5.4787371],[-44.4242312,-5.4576755],[-44.4243331,-5.4549736]],[[-44.3500861,-5.2840829],[-44.357753,-5.2799394],[-44.359652,-5.2690439]],[[-44.3548273,-5.1255576],[-44.3499605,-5.1102093]],[[-44.0579471,-2.9104768],[-44.0595791,-2.9055414]],[[-44.1367061,-2.9477241],[-44.1543879,-3.0004118],[-44.14062,-3.0159589],[-44.143595,-3.0556719],[-44.1319199,-3.0895904],[-44.1273438,-3.1033052],[-44.1319239,-3.1539078],[-44.1459572,-3.1549912],[-44.1334609,-3.1673693],[-44.1219826,-3.1765284],[-44.1168755,-3.1836631]],[[-44.1168755,-3.1836631],[-44.1232283,-3.1836859]],[[-44.1232283,-3.1836859],[-44.1231792,-3.1893493],[-44.117607,-3.1941162],[-44.0929966,-3.1967686],[-44.1011281,-3.2100799],[-44.1021938,-3.2185399]],[[-44.0647887,-3.1874674],[-44.0471444,-3.2905931]],[[-44.0471444,-3.2905931],[-44.0296327,-3.2906594],[-44.0319488,-3.2855196]],[[-45.7096485,-2.2437535],[-45.7337974,-2.2011366],[-45.7430063,-2.1896585],[-45.775607,-2.1872044]],[[-45.9039089,-2.4238254],[-45.9039532,-2.4294935]],[[-45.9039532,-2.4294935],[-45.8035453,-2.4268662]],[[-45.8035453,-2.4268662],[-45.6390956,-2.3601698]],[[-45.6390956,-2.3601698],[-45.6841573,-2.3291466]],[[-45.6841573,-2.3291466],[-45.6839263,-2.2268477]],[[-45.6839263,-2.2268477],[-45.7096485,-2.2437535]],[[-45.3004116,-2.4110088],[-45.4818269,-2.4916079]],[[-45.4818269,-2.4916079],[-45.4865762,-2.5261653],[-45.4740731,-2.5493237],[-45.4384638,-2.5780976],[-45.4546655,-2.6511302],[-45.4649265,-2.6489974]],[[-45.4649265,-2.6489974],[-45.4659587,-2.6559024],[-45.4721572,-2.6590856],[-45.4715785,-2.6658776],[-45.4606989,-2.6723289],[-45.4570888,-2.6811397]],[[-45.4570888,-2.6811397],[-45.470239,-2.6995716],[-45.4615864,-2.7143695],[-45.4713571,-2.7406368],[-45.4691938,-2.7468236]],[[-45.4691938,-2.7468236],[-45.4544373,-2.7509763]],[[-45.3648974,-2.7498967],[-45.3577282,-2.7455961]],[[-44.0271901,-3.2940299],[-44.0288167,-3.2914677],[-44.0471444,-3.2905931]],[[-44.0471444,-3.2905931],[-44.0385595,-3.3355564]],[[-44.0860552,-3.4804405],[-44.0689903,-3.4778824]],[[-44.0689903,-3.4778824],[-44.0587717,-3.4818956],[-44.040255,-3.4919371],[-44.0169637,-3.5070115],[-43.9824731,-3.5054902]],[[-43.9824731,-3.5054902],[-43.9863131,-3.497295],[-43.9843836,-3.4958842]],[[-43.8476851,-3.2938324],[-44.0271901,-3.2940299]],[[-43.3781234,-2.3421733],[-43.407905,-2.335942],[-43.4414269,-2.3416982],[-43.4785084,-2.3669157],[-43.4833242,-2.3853387],[-43.4519588,-2.4437993],[-43.4617327,-2.486414]],[[-43.4499212,-2.9796202],[-43.4581462,-2.9855744]],[[-43.4581462,-2.9855744],[-43.3191096,-3.021937]],[[-43.3191096,-3.021937],[-43.2978485,-3.0214673],[-43.2582132,-3.0044326]],[[-43.2582132,-3.0044326],[-43.2399925,-2.9892962],[-43.2286011,-2.9840951]],[[-43.2011282,-2.9665425],[-43.1856273,-2.9589494]],[[-43.1856273,-2.9589494],[-43.1869109,-2.9564289],[-43.196121,-2.9489577],[-43.1992604,-2.9485729],[-43.2126014,-2.934164],[-43.2255075,-2.8952076],[-43.2598731,-2.8453751],[-43.2839973,-2.7875605],[-43.2558455,-2.7353235],[-43.2829964,-2.6996523],[-43.3190675,-2.6426105],[-43.3224562,-2.6046195],[-43.3471178,-2.5547834],[-43.3371822,-2.5465508],[-43.331416,-2.5178945],[-43.3391769,-2.4943826],[-43.3303972,-2.4790037],[-43.3045981,-2.4761974],[-43.3181771,-2.3846418],[-43.3158421,-2.3717071],[-43.3209255,-2.3605719],[-43.3296137,-2.3432298],[-43.36948,-2.3472809],[-43.3781234,-2.3421733]],[[-44.0523062,-2.4661434],[-44.0265249,-2.4512955],[-44.0233834,-2.4312961],[-44.0308375,-2.4070153],[-44.0683149,-2.4033486],[-44.0946029,-2.4066045],[-44.1519536,-2.4343493],[-44.1738455,-2.4580434]],[[-44.0648142,-2.4744693],[-44.0523062,-2.4661434]],[[-46.8066333,-7.9510298],[-46.7861749,-7.952884],[-46.7461334,-7.927386],[-46.70928,-7.9134842],[-46.694513,-7.9167979],[-46.6494081,-7.9100205],[-46.6068151,-7.895552],[-46.577697,-7.9111659],[-46.5598218,-7.9408804],[-46.5102664,-7.9658306],[-46.4763706,-8.0147165],[-46.4800319,-8.042155],[-46.4655932,-8.0719288],[-46.4825614,-8.0887668],[-46.4908179,-8.1181075],[-46.5138952,-8.164658],[-46.5109326,-8.1813686],[-46.4935179,-8.1908103],[-46.4891624,-8.2077175],[-46.5091024,-8.2355974],[-46.5077205,-8.2696365],[-46.5188907,-8.291532],[-46.5439995,-8.3174359],[-46.6117205,-8.327711],[-46.6338866,-8.3183546],[-46.6621744,-8.3350169],[-46.7045204,-8.3492768],[-46.7237222,-8.3700778],[-46.7215046,-8.3871812]],[[-46.4020709,-8.1876828],[-46.4076185,-8.1765834],[-46.406277,-8.1635957],[-46.4007735,-8.1541743],[-46.3950273,-8.1486415]],[[-47.4422786,-5.8307859],[-47.4310634,-5.8692106],[-47.4305059,-5.9377977],[-47.4478117,-5.9960735],[-47.4284652,-6.0362755],[-47.4302297,-6.0683528]],[[-47.2484323,-6.106738],[-47.2386577,-6.1069333]],[[-47.3362488,-5.8180743],[-47.3423689,-5.8164615]],[[-44.148429,-2.7680805],[-44.1852856,-2.7641934],[-44.2197127,-2.7704081],[-44.240039,-2.7802504],[-44.2657685,-2.7603878]],[[-44.2657685,-2.7603878],[-44.2817907,-2.7660679]],[[-44.2848701,-3.0440096],[-44.2455105,-3.0471253],[-44.2515968,-3.0742018],[-44.2135357,-3.1338545],[-44.2148439,-3.1840079]],[[-44.2148439,-3.1840079],[-44.1168755,-3.1836631]],[[-45.3543599,-6.7803718],[-45.3634291,-6.7917567]],[[-45.3634291,-6.7917567],[-45.3687442,-6.816122],[-45.3808245,-6.8205907],[-45.3690259,-6.8999918],[-45.5242569,-7.2713323],[-45.5328645,-7.2944577],[-45.5563571,-7.3148169],[-45.5760228,-7.3149521],[-45.5963968,-7.3296467],[-45.6005584,-7.345477],[-45.6213855,-7.3509984],[-45.6321553,-7.3746835],[-45.6518839,-7.3978718]],[[-45.6518839,-7.3978718],[-45.6883977,-7.4148424]],[[-45.8001155,-8.018133],[-45.7939835,-8.0209881]],[[-45.7939835,-8.0209881],[-45.7940497,-8.0170778],[-45.782416,-8.0040091]],[[-45.782416,-8.0040091],[-45.7718568,-7.9922931],[-45.7730523,-7.975415],[-45.783801,-7.9454738],[-45.8275819,-7.9230555],[-45.8353891,-7.8464619],[-45.8218333,-7.8132475],[-45.7510222,-7.7806665],[-45.7379143,-7.779492],[-45.7262711,-7.7823012],[-45.7169144,-7.7887426],[-45.6689395,-7.7899996],[-45.6461064,-7.8030601],[-45.6197129,-7.8073136],[-45.577575,-7.8386107],[-45.5382959,-7.8616463]],[[-45.5382959,-7.8616463],[-45.5112007,-7.823467],[-45.5106337,-7.8013623],[-45.4895111,-7.7862569],[-45.4823218,-7.715842],[-45.4681029,-7.7128743],[-45.4700819,-7.6898976],[-45.4617715,-7.6675697]],[[-44.4725089,-5.5763929],[-44.4793787,-5.565178]],[[-44.4793787,-5.565178],[-44.4879857,-5.5330133],[-44.4850531,-5.5119872],[-44.4771826,-5.4965297],[-44.4539904,-5.4981169]],[[-44.4539904,-5.4981169],[-44.4488522,-5.4974329]],[[-44.4488522,-5.4974329],[-44.4599751,-5.4538332],[-44.4611352,-5.4521666]],[[-44.4815918,-5.4537493],[-44.5028289,-5.4475385],[-44.5069026,-5.4663045]],[[-44.5463047,-5.3975847],[-44.5591483,-5.3969692]],[[-44.5591483,-5.3969692],[-44.5615313,-5.3927095],[-44.5768246,-5.3828924],[-44.5936407,-5.3798801],[-44.6081309,-5.3865314],[-44.6393229,-5.3966807],[-44.658055,-5.4073058],[-44.6739005,-5.4228442],[-44.6859995,-5.4289859],[-44.7451219,-5.4996823],[-44.7508238,-5.5243397],[-44.7433475,-5.5352318],[-44.7525416,-5.5884165],[-44.7467367,-5.6013779],[-44.7209729,-5.6086602],[-44.7267934,-5.6445538],[-44.6662421,-5.6610743],[-44.606745,-5.6059607],[-44.5859576,-5.5983667],[-44.4821237,-5.575016],[-44.4725089,-5.5763929]],[[-45.1781063,-2.0433562],[-45.1936565,-2.0366733]],[[-45.1936565,-2.0366733],[-45.2136952,-2.041631],[-45.2227237,-2.0633481],[-45.2272599,-2.0680746],[-45.2430127,-2.0631483],[-45.2404836,-2.1080154],[-45.2727796,-2.1454839],[-45.2880958,-2.1553844],[-45.2922048,-2.1887872],[-45.2880086,-2.2116948],[-45.3107985,-2.233213],[-45.3236467,-2.2664533],[-45.3410999,-2.2932009],[-45.3471857,-2.3361484],[-45.3795131,-2.3089199],[-45.3870372,-2.2779892],[-45.4302133,-2.3047411],[-45.511152,-2.3395177],[-45.5079235,-2.3465477],[-45.505499,-2.356542],[-45.509779,-2.3549566],[-45.5170915,-2.3637134],[-45.520076,-2.3595385],[-45.5416217,-2.3533709],[-45.5658257,-2.3675089],[-45.5691871,-2.3765075],[-45.5755979,-2.376607],[-45.5767973,-2.3809671],[-45.5811751,-2.3824357],[-45.5868288,-2.3801273],[-45.5889916,-2.3804057],[-45.598369,-2.3733595],[-45.6133746,-2.364587]],[[-45.6133746,-2.364587],[-45.6390956,-2.3601698]],[[-45.6390956,-2.3601698],[-45.6414715,-2.361129]],[[-45.6414715,-2.361129],[-45.6415992,-2.4584817],[-45.5609584,-2.4814616],[-45.594438,-2.5572256],[-45.5943041,-2.605761],[-45.6418091,-2.6536031]],[[-45.6418091,-2.6536031],[-45.6379677,-2.9026623]],[[-45.4675298,-2.7486514],[-45.4691938,-2.7468236]],[[-45.4570888,-2.6811397],[-45.4707754,-2.6668244],[-45.4725605,-2.6614146],[-45.4715936,-2.6582015],[-45.4649265,-2.6489974]],[[-45.4818269,-2.4916079],[-45.160514,-2.3473277]],[[-45.0268912,-2.208038],[-44.9671182,-2.170878],[-45.0947344,-2.0502814]],[[-45.0947344,-2.0502814],[-45.1781063,-2.0433562]],[[-45.4163958,-3.7073271],[-45.4235998,-3.7224749],[-45.490826,-3.8243238]],[[-45.490826,-3.8243238],[-45.5638315,-3.8784905]],[[-45.5638315,-3.8784905],[-45.5981579,-3.9153445]],[[-45.5981579,-3.9153445],[-45.5812543,-3.9471983],[-45.5779975,-3.9874606]],[[-45.5779975,-3.9874606],[-45.5501869,-3.9870382]],[[-45.4223474,-4.0673894],[-45.4147878,-4.0671988]],[[-45.4147878,-4.0671988],[-45.4079479,-4.062351],[-45.4043165,-4.0506931],[-45.3985612,-4.0104041],[-45.3865709,-3.996064],[-45.3576574,-3.9849269],[-45.3690819,-3.9469836],[-45.3727205,-3.9077514],[-45.3398502,-3.8699629]],[[-45.3398502,-3.8699629],[-45.3390102,-3.8660005]],[[-45.3390102,-3.8660005],[-45.3364317,-3.8586586],[-45.3315038,-3.853194],[-45.3269954,-3.8487119]],[[-45.3269954,-3.8487119],[-45.3283681,-3.8439762]],[[-45.3429348,-3.6840698],[-45.3237434,-3.6957216]],[[-45.3211918,-3.6480076],[-45.3184656,-3.637712]],[[-45.5981579,-3.9153445],[-45.6242567,-3.732863],[-45.6529457,-3.7452888]],[[-45.6529457,-3.7452888],[-45.6702531,-3.7466371]],[[-46.2737878,-4.3016906],[-46.2645773,-4.3076944]],[[-46.0173724,-4.8537058],[-46.0205678,-4.8505636]],[[-45.9221311,-4.6156741],[-45.920063,-4.5586228]],[[-45.920063,-4.5586228],[-45.7085341,-4.5590483]],[[-45.7085341,-4.5590483],[-45.7242121,-4.5433783]],[[-45.5949733,-4.1959694],[-45.5946864,-4.1901848]],[[-45.561361,-3.9872079],[-45.5779975,-3.9874606]],[[-45.6414715,-2.361129],[-45.8035453,-2.4268662]],[[-45.9039532,-2.4294935],[-45.9042596,-2.469119]],[[-45.9899699,-2.6959101],[-45.9795445,-2.6941913]],[[-45.7549144,-2.6207292],[-45.6418091,-2.6536031]],[[-42.8247554,-3.2161294],[-43.041047,-3.1303321],[-43.0440862,-3.1385665]],[[-43.0440862,-3.1385665],[-43.0413974,-3.1459615],[-43.0305805,-3.1725982],[-43.0866235,-3.2178998],[-43.0868246,-3.2441567],[-43.1119452,-3.2443847],[-43.1261559,-3.2620796],[-43.1306637,-3.2762461],[-43.1347164,-3.2926234],[-43.12653,-3.3396421],[-43.1344089,-3.3420943]],[[-43.1344089,-3.3420943],[-43.1443902,-3.352454],[-43.1569488,-3.3575755],[-43.1601376,-3.3601295],[-43.1630123,-3.4331437]],[[-43.1630123,-3.4331437],[-43.1377278,-3.4657029]],[[-43.1377278,-3.4657029],[-43.1292205,-3.4784959]],[[-43.1292205,-3.4784959],[-42.9657633,-3.4225909],[-42.9576481,-3.4084423]],[[-42.5626885,-3.5594182],[-42.554015,-3.538072],[-42.530243,-3.5114277],[-42.5269691,-3.485627],[-42.5076441,-3.4730803],[-42.4963804,-3.4459246]],[[-42.4963804,-3.4459246],[-42.8551885,-3.2330288]],[[-42.8551885,-3.2330288],[-42.8357634,-3.2222298]],[[-42.8357634,-3.2222298],[-42.8275487,-3.2203173],[-42.8247554,-3.2161294]],[[-44.4954935,-3.0260136],[-44.5324988,-3.0440498],[-44.5481124,-3.0450846]],[[-44.5481124,-3.0450846],[-44.5557664,-3.050382]],[[-44.4364118,-3.2171561],[-44.4357067,-3.2155923]],[[-44.1232283,-3.1836859],[-44.2148439,-3.1840079]],[[-42.6965592,-3.0625913],[-42.6869486,-3.0597212],[-42.7575306,-3.0558489],[-42.7604021,-3.0670287]],[[-42.7984832,-3.1486746],[-42.8259351,-3.2191266],[-42.830502,-3.2218517],[-42.8357634,-3.2222298]],[[-42.8551885,-3.2330288],[-42.6404687,-3.3604575]],[[-42.6404687,-3.3604575],[-42.309277,-3.0924792]],[[-42.309277,-3.0924792],[-42.5346974,-3.0919022],[-42.6963256,-3.175562],[-42.6965592,-3.0625913]],[[-43.0148197,-2.4566666],[-43.1047272,-2.4156815],[-43.1538888,-2.3967341],[-43.2374131,-2.3586896],[-43.3275002,-2.3365618],[-43.3781234,-2.3421733]],[[-43.1856273,-2.9589494],[-43.1704554,-2.9512457]],[[-44.4503905,-4.697231],[-44.3982413,-4.6660451]],[[-44.6386387,-4.8625012],[-44.5141572,-4.9759337]],[[-44.5141572,-4.9759337],[-44.4117051,-4.9757471]],[[-44.3753465,-4.9150027],[-44.3609257,-4.907796],[-44.3585029,-4.9052231],[-44.358039,-4.8894109],[-44.3606196,-4.8787122],[-44.3508586,-4.8576212]],[[-44.3221741,-4.8422661],[-44.3227172,-4.832236]],[[-43.4582298,-3.2849913],[-43.6122684,-3.2331728]],[[-43.7995854,-3.2925996],[-43.8008152,-3.2993654]],[[-43.7864499,-3.3320155],[-43.7679266,-3.3201993],[-43.7649856,-3.3217812],[-43.7560361,-3.3352558],[-43.7549857,-3.3461062]],[[-43.4472162,-3.3166613],[-43.4582298,-3.2849913]],[[-44.8199606,-2.6731988],[-44.8396805,-2.6597378],[-44.8748727,-2.6994163]],[[-45.1838776,-2.798418],[-45.1841062,-2.8026945]],[[-45.2150761,-2.8118424],[-45.2198959,-2.8134167]],[[-45.2199082,-2.8796072],[-45.2116675,-2.9090057]],[[-45.2116675,-2.9090057],[-45.1998843,-2.9107207],[-45.0600994,-2.8685393],[-45.0391295,-2.8674625],[-45.0187234,-2.8553293],[-44.9611274,-2.8406306],[-44.935446,-2.806978],[-44.9039601,-2.7934776],[-44.8655438,-2.8006044],[-44.8442905,-2.8086637],[-44.8242355,-2.803712]],[[-44.8242355,-2.803712],[-44.818845,-2.7980236]],[[-42.6404687,-3.3604575],[-42.4963804,-3.4459246]],[[-42.4963804,-3.4459246],[-42.4828331,-3.4517486],[-42.4873256,-3.4771099],[-42.4596069,-3.4844021],[-42.418981,-3.4535822],[-42.3999233,-3.4747505],[-42.388422,-3.4480903],[-42.3558482,-3.4506558],[-42.3314229,-3.4335259],[-42.3144544,-3.4359819],[-42.301756,-3.4520216],[-42.2727472,-3.4447134]],[[-44.6305475,-6.6799702],[-44.6347872,-6.6803689]],[[-44.7873509,-6.7118595],[-44.7910562,-6.714011]],[[-44.7910562,-6.714011],[-44.7686464,-6.8848808],[-44.754093,-6.8907936],[-44.7391496,-6.9276116],[-44.7099172,-6.9410356],[-44.7101598,-6.9634631],[-44.6997518,-6.9742045]],[[-44.6997518,-6.9742045],[-44.6839033,-6.9747114]],[[-44.4492929,-6.8809216],[-44.4421788,-6.8616199],[-44.4222876,-6.8464287]],[[-44.4143522,-6.8450952],[-44.4070986,-6.8354259]],[[-44.4241656,-6.7961378],[-44.6305475,-6.6799702]],[[-44.4274829,-5.4707389],[-44.428489,-5.4787371]],[[-44.4444881,-5.4960991],[-44.4460202,-5.4970261],[-44.4539904,-5.4981169]],[[-44.4793787,-5.565178],[-44.4697377,-5.5807423],[-44.4656212,-5.5901085]],[[-44.4656212,-5.5901085],[-44.4473471,-5.6140514],[-44.4527082,-5.6585863]],[[-44.4527082,-5.6585863],[-44.4501282,-5.6720216],[-44.45396,-5.6968788],[-44.4565979,-5.7013966],[-44.4589016,-5.71019],[-44.4632107,-5.7169761]],[[-44.4632107,-5.7169761],[-44.4647326,-5.7355455],[-44.5045325,-5.7432175],[-44.5251814,-5.7654129],[-44.5424894,-5.7780103],[-44.5373603,-5.8001278],[-44.536898,-5.8058673],[-44.5410086,-5.8200182]],[[-44.5410086,-5.8200182],[-44.5400131,-5.8226054]],[[-44.489995,-5.8699184],[-44.4743105,-5.8559575]],[[-44.1958316,-5.7149473],[-44.1666513,-5.6978502]],[[-44.2124448,-5.4663956],[-44.2165131,-5.4660985]],[[-44.9564963,-6.7336164],[-44.9578556,-6.7441998]],[[-44.979126,-6.783175],[-44.9797113,-6.7973499],[-44.9584894,-6.8243342]],[[-45.0855974,-7.5023091],[-45.0496043,-7.5131842],[-44.9970319,-7.4906094],[-44.7874932,-7.2487047]],[[-44.6973377,-6.9744388],[-44.6997518,-6.9742045]],[[-44.7910562,-6.714011],[-44.7925848,-6.7117365]],[[-47.367279,-5.2621129],[-47.3553627,-5.2498982]],[[-42.8864109,-6.5046092],[-42.8684548,-6.490128],[-42.8688199,-6.4542612],[-42.8779309,-6.4184932],[-42.854454,-6.3825418],[-42.8515221,-6.3586007],[-42.8333937,-6.346217],[-42.8310482,-6.3291706],[-42.8597801,-6.3299477],[-42.8491967,-6.3071447],[-42.847309,-6.2781824],[-42.8545028,-6.2498564],[-42.8757586,-6.225812],[-42.8993598,-6.2230918],[-42.9346657,-6.1915956],[-42.9699111,-6.1773251],[-42.9797895,-6.1330731],[-42.9922986,-6.1175746],[-43.0336862,-6.1113556],[-43.0477101,-6.1039219],[-43.075709,-6.0411928],[-43.0492249,-6.0139317],[-43.0475635,-5.9973364],[-43.0842113,-5.9573401],[-43.0869477,-5.9191393],[-43.0964273,-5.9097102]],[[-43.0964273,-5.9097102],[-43.3339852,-5.911091]],[[-43.3193217,-6.261159],[-43.3943029,-6.27764]],[[-43.3943029,-6.27764],[-43.3633199,-6.2983148],[-43.3326099,-6.2869724],[-43.3281275,-6.3017514],[-43.3292256,-6.3040093],[-43.3185419,-6.3293654],[-43.3328049,-6.3401066],[-43.3568662,-6.3400724]],[[-43.3568662,-6.3400724],[-43.3559462,-6.3494496]],[[-44.7820454,-2.8958891],[-44.791691,-2.8881075]],[[-44.791691,-2.8881075],[-44.8620535,-2.9458703],[-44.9053714,-2.9360522],[-44.9320021,-2.9185508],[-44.9745445,-2.9390385]],[[-44.9745445,-2.9390385],[-44.9641621,-2.950786]],[[-44.920291,-3.0299789],[-44.9092492,-3.0401344]],[[-44.8104107,-3.0660999],[-44.8095668,-3.0753908]],[[-44.8095668,-3.0753908],[-44.8029548,-3.0797199],[-44.7807468,-3.0925095],[-44.7714003,-3.1022635],[-44.7685103,-3.0985292],[-44.7644523,-3.1020924],[-44.7442023,-3.1197184],[-44.7132617,-3.1305378],[-44.6898443,-3.1360351],[-44.6742525,-3.152124]],[[-44.6742525,-3.152124],[-44.6642798,-3.1460218]],[[-44.5802219,-3.0513744],[-44.5876543,-3.0478161]],[[-44.5916374,-3.0409345],[-44.6673282,-3.0092925],[-44.6794481,-2.9790843],[-44.6797542,-2.9194479],[-44.6519735,-2.8929809]],[[-46.2783707,-3.3464491],[-46.3956757,-3.2913664]],[[-46.3956757,-3.2913664],[-46.3985272,-3.3465988]],[[-46.1076363,-3.4866143],[-46.2734898,-3.4857936]],[[-46.8457366,-6.1951974],[-46.8545721,-6.1989249]],[[-47.2136455,-6.5683294],[-47.2077513,-6.5760384]],[[-46.8996232,-6.6833232],[-46.8994742,-6.6819987],[-46.8939843,-6.6797775],[-46.8854438,-6.6802521],[-46.8782762,-6.678966],[-46.8760003,-6.6766813],[-46.8704476,-6.6756242]],[[-46.8704476,-6.6756242],[-46.8628827,-6.6706789],[-46.8474443,-6.6709129],[-46.7966449,-6.6920012]],[[-46.7966449,-6.6920012],[-46.7913913,-6.6903805],[-46.7333473,-6.6833758]],[[-46.7333473,-6.6833758],[-46.7327789,-6.6788924],[-46.7298124,-6.6641039],[-46.7571783,-6.6245736],[-46.7596893,-6.5896547],[-46.7528594,-6.5662036],[-46.7339746,-6.5522449],[-46.7362399,-6.538546],[-46.7189241,-6.5049049],[-46.7266947,-6.4893827],[-46.726451,-6.4532648],[-46.7079131,-6.4345777],[-46.7171024,-6.4162077],[-46.6788965,-6.3733342],[-46.6950305,-6.3535234],[-46.6727305,-6.3421526],[-46.6887803,-6.3211828],[-46.6899852,-6.2991743],[-46.644875,-6.2769252],[-46.6340297,-6.2525538],[-46.6204502,-6.2470173],[-46.6094918,-6.2242711],[-46.62873,-6.204748],[-46.6848407,-6.2002825],[-46.6933842,-6.1891667],[-46.6937962,-6.1913664],[-46.7020367,-6.1899123]],[[-43.824544,-4.7962019],[-43.8304015,-4.7942622]],[[-43.9574646,-5.047934],[-44.0026319,-5.1642752]],[[-44.0026319,-5.1642752],[-44.0168648,-5.1667195],[-43.7841199,-5.2737038]],[[-43.7841199,-5.2737038],[-43.7806761,-5.2710805]],[[-43.6498134,-6.3171173],[-43.8592624,-6.2842883]],[[-43.8211894,-6.5126982],[-43.8101604,-6.5079549]],[[-43.7538213,-6.703488],[-43.7149901,-6.6987333],[-43.6985419,-6.7095514],[-43.670573,-6.7066218],[-43.6375112,-6.7195625],[-43.6215938,-6.735008],[-43.5843756,-6.7574843],[-43.5616591,-6.7481209],[-43.5487866,-6.7632008],[-43.5416337,-6.7891369],[-43.5083976,-6.7988271],[-43.4834282,-6.8330325],[-43.4545886,-6.8459969]],[[-43.4545886,-6.8459969],[-43.4020049,-6.6094897]],[[-43.4020049,-6.6094897],[-43.4396273,-6.5846203],[-43.46419,-6.594147],[-43.4706093,-6.572438],[-43.4930843,-6.5784126],[-43.5469689,-6.5179703],[-43.5725879,-6.4995645],[-43.5933181,-6.4817266],[-43.6056779,-6.4875339],[-43.6193079,-6.4324254],[-43.6263481,-6.3783996],[-43.6496222,-6.3417837],[-43.6498134,-6.3171173]],[[-44.1836911,-2.4609958],[-44.2208497,-2.4739284]],[[-44.2208497,-2.4739284],[-44.212186,-2.474528],[-44.2107254,-2.4784191],[-44.2136693,-2.4803326],[-44.2114636,-2.4849694],[-44.2090545,-2.5432],[-44.1616885,-2.6078331],[-44.1799781,-2.6296738],[-44.1757595,-2.6399788],[-44.1705047,-2.6812132],[-44.1756532,-2.702053]],[[-44.1756532,-2.702053],[-44.1372329,-2.6812817],[-44.1317911,-2.6563219],[-44.1056932,-2.6292448],[-44.1056653,-2.6033728],[-44.0932409,-2.5756032],[-44.0801434,-2.5635338],[-44.0340172,-2.5499031],[-44.0237854,-2.5090145],[-44.0523062,-2.4661434]],[[-44.0523062,-2.4661434],[-44.059118,-2.5045778]],[[-44.6429995,-4.8570248],[-44.6442539,-4.8605187]],[[-44.6556924,-5.0789342],[-44.6530515,-5.0852084]],[[-44.6530515,-5.0852084],[-44.6156227,-5.1342514],[-44.588439,-5.1465988],[-44.5715947,-5.1627773],[-44.5444831,-5.1699827]],[[-44.5444831,-5.1699827],[-44.5386573,-5.1542567]],[[-44.4896235,-5.1264558],[-44.4882755,-5.127387]],[[-44.4961616,-4.9759017],[-44.5141572,-4.9759337]],[[-44.6386387,-4.8625012],[-44.6429995,-4.8570248]],[[-44.2208497,-2.4739284],[-44.2719639,-2.4863935],[-44.2998438,-2.4861852],[-44.3208355,-2.5271834],[-44.3559533,-2.5327634],[-44.3549165,-2.5485417],[-44.3769773,-2.5641572],[-44.3540919,-2.6031972],[-44.3804292,-2.668178],[-44.3792172,-2.6841675],[-44.3917063,-2.7205383],[-44.3886679,-2.753767],[-44.403057,-2.7695457],[-44.410043,-2.7992347]],[[-44.3888794,-2.7849024],[-44.3875651,-2.7783443],[-44.3882955,-2.7659643],[-44.3859582,-2.7636073],[-44.367984,-2.7564104]],[[-44.3069554,-2.7791193],[-44.285124,-2.7674687],[-44.2657685,-2.7603878]],[[-44.2657685,-2.7603878],[-44.2495717,-2.7303218],[-44.2222595,-2.726325],[-44.1946156,-2.7051436],[-44.1756532,-2.702053]],[[-44.4769365,-4.2788908],[-44.7399125,-4.2806698]],[[-44.8506597,-4.4564467],[-44.600191,-4.4521306]],[[-44.600191,-4.4521306],[-44.595371,-4.4510793]],[[-44.6186555,-3.8447798],[-44.6199438,-3.8546555]],[[-44.6243233,-3.859136],[-44.6254982,-3.866012]],[[-44.486788,-4.1297029],[-44.4468789,-4.1291518]],[[-44.3229389,-3.864474],[-44.3536676,-3.8489275]],[[-44.3536676,-3.8489275],[-44.3538117,-3.8521932]],[[-44.5053946,-3.8487516],[-44.6121135,-3.847781],[-44.6138736,-3.8431438]],[[-48.2123779,-4.9249332],[-48.3155936,-5.0069924],[-48.4392993,-5.1006225],[-48.4922238,-5.1440965],[-48.7551507,-5.3491654],[-48.712127,-5.3530136],[-48.6992101,-5.3201232],[-48.6794384,-5.3058201],[-48.6386591,-5.3200089],[-48.6301017,-5.3329578],[-48.6061317,-5.3365008],[-48.5841326,-5.3112956],[-48.5685726,-5.2829328],[-48.5685506,-5.2627948],[-48.5577369,-5.2239305],[-48.5194602,-5.1921355],[-48.4863222,-5.1938198],[-48.4725988,-5.1870923],[-48.3639098,-5.1683805],[-48.3286879,-5.1965942],[-48.2934032,-5.2040481],[-48.2249519,-5.2355288]],[[-48.2249519,-5.2355288],[-48.2186876,-5.2333548],[-48.2170268,-5.2229725],[-48.2213877,-5.1946187],[-48.2005683,-5.1608709],[-48.1937402,-5.1274398],[-48.2110032,-5.1070439],[-48.2118757,-5.082727],[-48.2228652,-5.073914],[-48.2179983,-5.0513308],[-48.1917889,-5.0130591],[-48.1873568,-4.9819452],[-48.2123779,-4.9249332]],[[-46.8704476,-6.6756242],[-46.8765969,-6.6770876]],[[-46.9389237,-7.0173569],[-46.9357923,-7.0225843]],[[-46.9007562,-7.0225126],[-46.8844314,-6.9976511]],[[-46.6217565,-6.8203497],[-46.6148607,-6.8186746],[-46.5773594,-6.8144539],[-46.5678053,-6.819285]],[[-46.3401733,-6.939397],[-46.3065015,-6.9074924]],[[-46.3065015,-6.9074924],[-46.3189676,-6.9110423]],[[-46.4575775,-6.7980064],[-46.4638329,-6.8108713],[-46.4708735,-6.8127358]],[[-46.4708735,-6.8127358],[-46.4829529,-6.8159316],[-46.4954948,-6.7921252],[-46.517497,-6.7698444],[-46.5256768,-6.7428587],[-46.5553717,-6.7380156],[-46.5817513,-6.7058709],[-46.5929314,-6.7155986],[-46.6143766,-6.7035874],[-46.6403974,-6.7186724],[-46.6578754,-6.7203292],[-46.6752988,-6.7064179],[-46.691114,-6.6993718],[-46.7066156,-6.6997152]],[[-46.7066156,-6.6997152],[-46.7156537,-6.6987591],[-46.7204708,-6.6955733],[-46.7240693,-6.6881447],[-46.7340892,-6.6830018],[-46.7966449,-6.6920012]],[[-45.826306,-6.715429],[-45.845091,-6.7229358],[-45.8508895,-6.721109]],[[-45.8703914,-7.2886043],[-45.8611419,-7.2946892]],[[-45.8052388,-7.3284703],[-45.787699,-7.3331942],[-45.7757749,-7.3345969],[-45.7673662,-7.3379171],[-45.7625472,-7.3463584]],[[-45.6733409,-7.4065863],[-45.6518839,-7.3978718]],[[-45.3634291,-6.7917567],[-45.3608521,-6.7714528]],[[-45.1886445,-4.9992023],[-45.19227,-4.9989117],[-45.1923579,-4.9968061]],[[-45.2269368,-5.0120468],[-45.2454683,-5.0236026]],[[-45.2603215,-5.0279708],[-45.2710928,-5.0441718],[-45.2906458,-5.0681176]],[[-45.3320908,-5.1042673],[-45.3306931,-5.1217588]],[[-44.9703691,-5.1201735],[-44.9718807,-5.1149771],[-45.030417,-5.0845345]],[[-45.030417,-5.0845345],[-45.0338622,-5.0590655],[-45.1499848,-5.0060056],[-45.1630093,-5.0261337],[-45.1881494,-5.014641],[-45.1886445,-4.9992023]],[[-45.1925059,-4.99861],[-45.1886445,-4.9992023]],[[-45.030417,-5.0845345],[-44.9697643,-5.1150467],[-44.9667284,-5.1084439]],[[-44.9371809,-5.0213551],[-44.9341254,-5.0173002]],[[-44.9341254,-5.0173002],[-45.0138112,-4.9622154]],[[-45.2116675,-2.9090057],[-45.215991,-2.9080179]],[[-45.2184871,-2.9453249],[-45.2176751,-2.9533375]],[[-45.2176751,-2.9533375],[-45.122684,-2.9201433]],[[-44.9903513,-2.9357599],[-44.9745445,-2.9390385]],[[-44.791691,-2.8881075],[-44.7927336,-2.8674234]],[[-44.819243,-2.7992249],[-44.8242355,-2.803712]],[[-45.3244171,-3.8435465],[-45.3269954,-3.8487119]],[[-45.3390102,-3.8660005],[-45.3359715,-3.8737272]],[[-45.3359715,-3.8737272],[-45.3362304,-3.9031746],[-45.3116252,-3.9124465],[-45.3249765,-3.9294938],[-45.2941991,-4.0238898],[-45.3196797,-4.0680737],[-45.3135243,-4.0943308],[-45.2699303,-4.1209347],[-45.2545756,-4.1483175]],[[-45.2545756,-4.1483175],[-45.2526908,-4.1486088]],[[-45.2094124,-4.0660284],[-45.2085699,-4.0331886]],[[-45.148712,-3.7367839],[-45.1464752,-3.7315773]],[[-43.7871783,-5.2761116],[-43.7841199,-5.2737038]],[[-43.7841199,-5.2737038],[-44.0176809,-5.1663411]],[[-43.9090371,-5.3189326],[-43.8682564,-5.3208665]],[[-43.8167261,-5.2846192],[-43.8025646,-5.2851551]],[[-46.8852515,-5.2231712],[-46.8873232,-5.2054268]],[[-47.2252579,-5.3426572],[-47.2420681,-5.3451143],[-47.2483678,-5.3482997],[-47.2530643,-5.352636],[-47.2564768,-5.3532032],[-47.2735215,-5.364884]],[[-47.3980137,-5.4830681],[-47.3952119,-5.488505]],[[-47.4064779,-5.5089995],[-47.4056411,-5.5120993]],[[-47.2851808,-5.5394791],[-47.2756138,-5.5359437]],[[-46.9070475,-5.3568439],[-46.9013713,-5.3505276]],[[-44.8536949,-1.617505],[-44.8713135,-1.6017067],[-44.8898851,-1.6035979]],[[-44.9206823,-1.6158146],[-44.9149681,-1.6188837]],[[-45.1756962,-1.853693],[-45.1780258,-1.8565752]],[[-45.1780258,-1.8565752],[-45.1760097,-1.8833945],[-45.1442092,-1.9038603],[-45.1572098,-1.9292533],[-45.1564553,-1.9553883],[-45.1742507,-1.9571115],[-45.1832205,-2.0313232],[-45.1876381,-2.0389636]],[[-45.1876381,-2.0389636],[-45.1781063,-2.0433562]],[[-45.0947344,-2.0502814],[-44.9669446,-2.1710423]],[[-44.9669446,-2.1710423],[-44.969862,-2.0146788]],[[-46.7922172,-5.8925385],[-46.7823653,-5.8988319]],[[-46.7827986,-5.9461213],[-46.7776862,-5.9772597]],[[-46.7333473,-6.6833758],[-46.7233122,-6.6889366],[-46.7183689,-6.6975619],[-46.7066156,-6.6997152]],[[-46.4708735,-6.8127358],[-46.4662542,-6.811844],[-46.4641822,-6.0003842]],[[-46.4641822,-6.0003842],[-46.4690555,-5.7511302],[-46.4753597,-5.7514628]],[[-44.0578533,-6.3695304],[-44.0995671,-6.3516998],[-44.171685,-6.2559306]],[[-44.581157,-6.632428],[-44.6305475,-6.6799702]],[[-44.6305475,-6.6799702],[-44.5074234,-6.7492921]],[[-43.5212803,-6.2603268],[-43.5387149,-6.2708996],[-43.5476048,-6.2695855],[-43.5552983,-6.2711531],[-43.558461,-6.2695795],[-43.5604312,-6.2662985]],[[-43.5779198,-6.262355],[-43.5797084,-6.271227]],[[-43.6129499,-6.3228832],[-43.6498134,-6.3171173]],[[-43.4020049,-6.6094897],[-43.3965898,-6.6020635]],[[-43.3515147,-6.3601699],[-43.3563756,-6.3513586],[-43.3568662,-6.3400724]],[[-43.3943029,-6.27764],[-43.4005175,-6.2751644],[-43.400703,-6.271493]],[[-45.782416,-8.0040091],[-45.7944957,-8.0187161],[-45.7939835,-8.0209881]],[[-45.7939835,-8.0209881],[-45.7880046,-8.0220027]],[[-46.2843697,-8.7546077],[-46.2868295,-8.7580304]],[[-46.2562994,-8.80465],[-46.2386101,-8.8092801],[-46.2004936,-8.8060763]],[[-45.9383923,-8.7868213],[-45.9087074,-8.7588939],[-45.8918982,-8.7627574],[-45.8898847,-8.7392622],[-45.8404069,-8.715529],[-45.8218323,-8.665927],[-45.815991,-8.6327526],[-45.8048719,-8.622202],[-45.7774735,-8.6174334],[-45.767066,-8.6072802],[-45.7948031,-8.5917974],[-45.7707796,-8.5732971],[-45.7538373,-8.5420633],[-45.7570902,-8.5269374],[-45.7386778,-8.5006556],[-45.7449161,-8.4491543],[-45.7305013,-8.4295698],[-45.7246755,-8.394824],[-45.7031008,-8.3807083],[-45.6903817,-8.3359749],[-45.667125,-8.2886542],[-45.6636264,-8.2505308],[-45.609782,-8.2054181],[-45.6150805,-8.1933337],[-45.5837278,-8.1569362],[-45.585718,-8.1027887],[-45.5687673,-8.0699394],[-45.5630388,-8.0456436],[-45.5776554,-8.0283313],[-45.5511074,-8.0087642],[-45.5681098,-7.9941221],[-45.5554554,-7.9711117],[-45.5394653,-7.9183584],[-45.5248676,-7.9067513],[-45.5223797,-7.8882602],[-45.5382959,-7.8616463]],[[-43.7293457,-3.9351168],[-43.8950229,-3.9674792]],[[-43.8950229,-3.9674792],[-43.9987316,-4.2522976]],[[-44.055428,-4.3883694],[-43.9362289,-4.3345605]],[[-43.5944756,-4.2285322],[-43.6025612,-4.2190514]],[[-42.9683554,-5.4535238],[-42.9306814,-5.4391741],[-42.9095318,-5.3944861],[-42.8866425,-5.3918993],[-42.8645688,-5.3687339],[-42.8311756,-5.3523194],[-42.8157539,-5.3180391],[-42.8122357,-5.2823751],[-42.8294846,-5.2392642],[-42.8089129,-5.2130848],[-42.7989936,-5.1896781],[-42.8053948,-5.1486048],[-42.8154607,-5.1257797],[-42.8182455,-5.0975515],[-42.8353951,-5.0739684],[-42.8446323,-5.0242009],[-42.8632006,-4.9681237],[-42.8539165,-4.9372598],[-42.8671749,-4.9286175],[-42.8898413,-4.894712]],[[-44.607482,-4.460336],[-44.600191,-4.4521306]],[[-44.600191,-4.4521306],[-44.7476527,-4.4546809]],[[-44.7476527,-4.4546809],[-44.747601,-4.6038988]],[[-45.6608987,-3.7456593],[-45.6529457,-3.7452888]],[[-45.5638315,-3.8784905],[-45.528273,-3.8522194],[-45.5308476,-3.8349695]],[[-45.5059248,-3.6970055],[-45.5007502,-3.6936521]],[[-45.6385856,-3.6261447],[-45.6418111,-3.6256737]],[[-44.6530515,-5.0852084],[-44.6603053,-5.0867287]],[[-44.7591533,-5.1800014],[-44.7662813,-5.1882627]],[[-44.9247123,-5.7629434],[-44.9241567,-5.7946728]],[[-44.7997424,-6.1177254],[-44.7913561,-6.1128752]],[[-44.5414214,-5.8189444],[-44.5410086,-5.8200182]],[[-44.4632107,-5.7169761],[-44.4545947,-5.6993219],[-44.4523437,-5.6815411],[-44.4504295,-5.6761157],[-44.4527082,-5.6585863]],[[-44.4656212,-5.5901085],[-44.4725089,-5.5763929]],[[-44.5591483,-5.3969692],[-44.5489336,-5.3969411]],[[-44.5404452,-5.1798701],[-44.5444831,-5.1699827]],[[-45.3237831,-1.597038],[-45.3434691,-1.5867941],[-45.321884,-1.5441976],[-45.3084477,-1.4968108],[-45.3162845,-1.4863264],[-45.383413,-1.4666555],[-45.3102957,-1.4379595],[-45.2979255,-1.4130962],[-45.3078855,-1.3671724],[-45.3048976,-1.3364114],[-45.3449908,-1.3128683],[-45.3562905,-1.3317941],[-45.3717038,-1.3971135],[-45.3909708,-1.4133832],[-45.4361972,-1.4283951],[-45.458129,-1.4701217],[-45.4755409,-1.4798473]],[[-45.6317483,-2.1059207],[-45.6005618,-2.1033543],[-45.5391227,-2.0485871],[-45.5019036,-2.0390841],[-45.4745479,-2.0223077],[-45.4479837,-2.0223735],[-45.4280181,-2.0366833],[-45.4044325,-2.0217155],[-45.3665556,-2.0273743],[-45.3529414,-2.03552],[-45.3129157,-2.0309593],[-45.2949234,-2.0042908],[-45.2869095,-1.9807627],[-45.2722652,-1.9670677]],[[-45.2722652,-1.9670677],[-45.2660607,-1.9673555],[-45.2554056,-1.9637691],[-45.2515093,-1.9606228],[-45.2460716,-1.95178],[-45.2462026,-1.9398894]],[[-45.2462026,-1.9398894],[-45.2257609,-1.9106246],[-45.2220449,-1.8901791],[-45.2129432,-1.8772465]],[[-45.2129432,-1.8772465],[-45.2220086,-1.8743824],[-45.2210189,-1.8539026]],[[-45.1780258,-1.8565752],[-45.2098946,-1.8659364]],[[-45.2211592,-1.8616188],[-45.2129432,-1.8772465]],[[-45.2462026,-1.9398894],[-45.2463737,-1.9526263],[-45.2531972,-1.962726],[-45.2671152,-1.9676738],[-45.2722652,-1.9670677]],[[-45.629012,-2.1625211],[-45.6385225,-2.1972545],[-45.6839263,-2.2268477]],[[-45.6841573,-2.3291466],[-45.6305842,-2.3665175],[-45.6133746,-2.364587]],[[-45.1936565,-2.0366733],[-45.1876381,-2.0389636]],[[-42.2225544,-2.6922353],[-42.253795,-2.6761866],[-42.2627295,-2.7278613],[-42.2526305,-2.7380892],[-42.2635558,-2.7579038],[-42.3401039,-2.7485797],[-42.3614362,-2.7295645],[-42.3646388,-2.7156394],[-42.4216335,-2.7139179],[-42.4875506,-2.7033142]],[[-42.5755868,-2.9891722],[-42.5721385,-3.0004164],[-42.5732331,-3.0031676],[-42.5800559,-3.008269],[-42.5876109,-3.016786],[-42.5916558,-3.020075],[-42.6007524,-3.0238465]],[[-42.6804349,-3.0592196],[-42.6965592,-3.0625913]],[[-42.1184122,-2.7608777],[-42.1164944,-2.7567972]],[[-43.2427527,-2.9920423],[-43.2582132,-3.0044326]],[[-43.3191096,-3.021937],[-43.3141645,-3.0235784]],[[-43.6044271,-3.2358118],[-43.4582298,-3.2849913]],[[-43.4582298,-3.2849913],[-43.446076,-3.3199377]],[[-43.3937002,-3.5484564],[-43.3838358,-3.5495664]],[[-43.153812,-3.4586618],[-43.1377278,-3.4657029]],[[-43.1630123,-3.4331437],[-43.160999,-3.3643473],[-43.159762,-3.3591687],[-43.1456218,-3.3533097],[-43.1344089,-3.3420943]],[[-43.0440862,-3.1385665],[-43.0942545,-3.1092261]],[[-43.9842857,-3.5012203],[-43.9824731,-3.5054902]],[[-44.0689903,-3.4778824],[-44.0852645,-3.4991582]],[[-44.0925641,-3.53291],[-44.087405,-3.5364294]],[[-44.0389265,-3.6965961],[-44.0490945,-3.710421]],[[-44.0417362,-3.7219137],[-43.9942327,-3.8381916],[-43.9380703,-4.0004692]],[[-43.897684,-3.9704064],[-43.8950229,-3.9674792]],[[-43.8950229,-3.9674792],[-43.7283881,-3.9349298],[-43.606832,-3.6190215]],[[-45.1256945,-2.9204957],[-45.2176751,-2.9533375]],[[-45.2176751,-2.9533375],[-45.2186044,-2.9601389]],[[-45.2786689,-3.0793881],[-45.3191295,-3.1259881]],[[-45.073026,-3.2644312],[-45.0331273,-3.2393634]],[[-44.8884624,-3.2762497],[-44.8681531,-3.2789462]],[[-44.7894569,-3.2964375],[-44.7680698,-3.3049178],[-44.7601792,-3.3046121],[-44.7493775,-3.299399],[-44.747377,-3.2958535],[-44.7468744,-3.2909747]],[[-44.682547,-3.1626929],[-44.6742525,-3.152124]],[[-44.8095668,-3.0753908],[-44.8120046,-3.0647608]],[[-45.1457969,-3.0144636],[-45.0956635,-2.9314837],[-45.1198648,-2.936483]],[[-48.0583628,-4.8041597],[-48.2123779,-4.9249332]],[[-48.2249519,-5.2355288],[-48.1785442,-5.2607761],[-48.1122927,-5.2656258],[-48.0738428,-5.2722461],[-48.0492647,-5.2661013],[-48.0189578,-5.2398258],[-48.0040589,-5.2346202],[-47.9373486,-5.2395752]],[[-44.9972729,-3.5871459],[-45.0479121,-3.7175126],[-45.0476835,-3.7211359]],[[-45.0450146,-3.7212779],[-45.0411527,-3.7229437]],[[-44.8175124,-3.6782337],[-44.8185451,-3.6733316]],[[-45.3359715,-3.8737272],[-45.3398502,-3.8699629]],[[-45.4147878,-4.0671988],[-45.4225723,-4.0734876]],[[-45.4189013,-4.2543644],[-45.4356618,-4.279757]],[[-45.1274784,-4.4132832],[-45.1304103,-4.4112544]],[[-45.1164257,-4.3397782],[-45.1067243,-4.3288365]],[[-45.2395995,-4.1486324],[-45.2545756,-4.1483175]],[[-46.391162,-3.273745],[-46.3940925,-3.2808768]],[[-46.3940925,-3.2808768],[-46.3956757,-3.2913664]],[[-46.2801247,-3.340997],[-46.2655117,-3.3208581],[-46.2632022,-3.3189361],[-46.2554938,-3.3168934],[-46.2501538,-3.3207986]],[[-45.9759105,-3.3734057],[-45.9663642,-3.370305],[-45.9414014,-3.365771],[-45.9093931,-3.3786631]],[[-45.5440666,-3.4833068],[-45.5045231,-3.4510606]],[[-45.5589473,-3.2730311],[-45.5793471,-3.2422447],[-45.5884677,-3.2095902]],[[-45.6106111,-3.1168228],[-45.6239847,-3.0532492]],[[-45.9047732,-3.0329696],[-45.9023965,-3.0275599]]],"bbox":[-48.7551507,-10.2585499,-41.7963094,-1.0502842]}
