{"type":"Topology","objects":{"geometrias":{"type":"GeometryCollection","geometries":[{"type":"Polygon","arcs":[[0,1,2]],"properties":{"code_state":11,"code_region":1,"name_state":"Rondônia","abbrev_state":"RO","name_region":"Norte","year":2020}},{"type":"Polygon","arcs":[[3,4]],"properties":{"code_state":12,"code_region":1,"name_state":"Acre","abbrev_state":"AC","name_region":"Norte","year":2020}},{"type":"Polygon","arcs":[[5,-5,6,-3,7,8,9,10,11,12,13]],"properties":{"code_state":13,"code_region":1,"name_state":"Amazonas","abbrev_state":"AM","name_region":"Norte","year":2020}},{"type":"Polygon","arcs":[[14,-14]],"properties":{"code_state":14,"code_region":1,"name_state":"Roraima","abbrev_state":"RR","name_region":"Norte","year":2020}},{"type":"MultiPolygon","arcs":[[[15,-12,16,17,18,19,20,21,22,23,24,25,26,27,28,29,30,31,32]],[[33]],[[34]],[[35]],[[36]],[[37]],[[38]],[[39]]],"properties":{"code_state":15,"code_region":1,"name_state":"Pará","abbrev_state":"PA","name_region":"Norte","year":2020}},{"type":"MultiPolygon","arcs":[[[40,-33]],[[41]],[[42]]],"properties":{"code_state":16,"code_region":1,"name_state":"Amapá","abbrev_state":"AP","name_region":"Norte","year":2020}},{"type":"Polygon","arcs":[[43,-24,44,45,46,47,48,49,50,51,52,53,54,55,56,57,58,59,60,-28,61,-26]],"properties":{"code_state":17,"code_region":1,"name_state":"Tocantins","abbrev_state":"TO","name_region":"Norte","year":2020}},{"type":"MultiPolygon","arcs":[[[62,-29,-61,63,-59,64,65,66,67,68,-31]],[[69]],[[70]],[[71]],[[72]],[[73]],[[74]],[[75]],[[76]],[[77]],[[78]],[[79]]],"properties":{"code_state":21,"code_region":2,"name_state":"Maranhão","abbrev_state":"MA","name_region":"Nordeste","year":2020}},{"type":"Polygon","arcs":[[80,-57,81,82,83,84,85,86,87,88,89,90,91,92,93,94,95,96,97,98,99,-68,100,-66]],"properties":{"code_state":22,"code_region":2,"name_state":"Piauí","abbrev_state":"PI","name_region":"Nordeste","year":2020}},{"type":"Polygon","arcs":[[101,-97,102,-95,103,104,105,106,107,108,-99]],"properties":{"code_state":23,"code_region":2,"name_state":"Ceará","abbrev_state":"CE","name_region":"Nordeste","year":2020}},{"type":"Polygon","arcs":[[109,110,111,-108]],"properties":{"code_state":24,"code_region":2,"name_state":"Rio Grande do Norte","abbrev_state":"RN","name_region":"Nordeste","year":2020}},{"type":"Polygon","arcs":[[112,113,-111,114,-106]],"properties":{"code_state":25,"code_region":2,"name_state":"Paraíba","abbrev_state":"PB","name_region":"Nordeste","year":2020}},{"type":"MultiPolygon","arcs":[[[-105,115,-93,116,117,118,119,120,-113]],[[121]]],"properties":{"code_state":26,"code_region":2,"name_state":"Pernambuco","abbrev_state":"PE","name_region":"Nordeste","year":2020}},{"type":"Polygon","arcs":[[122,123,124,125,126,127,128,129,130,-120]],"properties":{"code_state":27,"code_region":2,"name_state":"Alagoas","abbrev_state":"AL","name_region":"Nordeste","year":2020}},{"type":"Polygon","arcs":[[131,132,-130,133,-128,134,-126,135,136,137]],"properties":{"code_state":28,"code_region":2,"name_state":"Sergipe","abbrev_state":"SE","name_region":"Nordeste","year":2020}},{"type":"Polygon","arcs":[[138,139,140,141,142,143,144,145,-132,146,-137,147,-124,148,-118,149,-91,150,-89,151,-87,152,-85,153,-83,154,-55,155,-53,156,-51]],"properties":{"code_state":29,"code_region":2,"name_state":"Bahia","abbrev_state":"BA","name_region":"Nordeste","year":2020}},{"type":"Polygon","arcs":[[157,158,159,160,161,162,163,164,165,166,167,168,169,170,171,172,173,174,175,176,-144,177,-142,178,179,180,181,182,183,184,185]],"properties":{"code_state":31,"code_region":3,"name_state":"Minas Gerais","abbrev_state":"MG","name_region":"Sudeste","year":2020}},{"type":"MultiPolygon","arcs":[[[186,187,188,-145,-177,189,-175]],[[190]]],"properties":{"code_state":32,"code_region":3,"name_state":"Espírito Santo","abbrev_state":"ES","name_region":"Sudeste","year":2020}},{"type":"MultiPolygon","arcs":[[[191]],[[192]],[[193]],[[194]],[[195,-188,196,-173,197,198]]],"properties":{"code_state":33,"code_region":3,"name_state":"Rio de Janeiro","abbrev_state":"RJ","name_region":"Sudeste","year":2020}},{"type":"MultiPolygon","arcs":[[[199,200,201,-199,202,-171,203,-169,204,-167,205,-165,206,-163,207,208,209,210,211,212,213]],[[214]]],"properties":{"code_state":35,"code_region":3,"name_state":"São Paulo","abbrev_state":"SP","name_region":"Sudeste","year":2020}},{"type":"Polygon","arcs":[[215,216,217,-201,218,219]],"properties":{"code_state":41,"code_region":4,"name_state":"Paraná","abbrev_state":"PR","name_region":"Sul","year":2020}},{"type":"Polygon","arcs":[[220,221,222,223,224,225,226,227,228,229,230,-217]],"properties":{"code_state":42,"code_region":4,"name_state":"Santa Catarina","abbrev_state":"SC","name_region":"Sul","year":2020}},{"type":"Polygon","arcs":[[231,-230,232,-228,233,-226,234,-224,235,-222]],"properties":{"code_state":43,"code_region":4,"name_state":"Rio Grande do Sul","abbrev_state":"RS","name_region":"Sul","year":2020}},{"type":"Polygon","arcs":[[236,-220,237,-214,238,-212,239,-210,240,-208,-162,241,242,-159,243,244,245,246]],"properties":{"code_state":50,"code_region":5,"name_state":"Mato Grosso do Sul","abbrev_state":"MS","name_region":"Centro-Oeste","year":2020}},{"type":"Polygon","arcs":[[247,-247,248,249,250,251,252,-47,253,-45,-23,254,255,-20,256,-18,257,-10,258,-8,-2]],"properties":{"code_state":51,"code_region":5,"name_state":"Mato Grosso","abbrev_state":"MT","name_region":"Centro-Oeste","year":2020}},{"type":"Polygon","arcs":[[259,-250,260,-245,261,-186,262,-184,263,264,265,-180,266,-140,267,-49,268,-252]],"properties":{"code_state":52,"code_region":5,"name_state":"Goiás","abbrev_state":"GO","name_region":"Centro-Oeste","year":2020}},{"type":"Polygon","arcs":[[269,-182,270,-265]],"properties":{"code_state":53,"code_region":5,"name_state":"Distrito Federal","abbrev_state":"DF","name_region":"Centro-Oeste","year":2020}}]}},"arcs":[[[-66.8102531,-9.8180459],[-66.6267197,-9.8981012],[-66.5875826,-9.9003015],[-66.5588611,-9.8809502],[-66.5280014,-9.887032],[-66.5133329,-9.8764175],[-66.4358032,-9.8660127],[-66.4120831,-9.8820268],[-66.3951909,-9.864176],[-66.3596118,-9.8661512],[-66.3559711,-9.8487645],[-66.313389,-9.8325715],[-66.2550757,-9.8333063],[-66.2376611,-9.8145963],[-66.2133083,-9.8342554],[-66.1950561,-9.8063093],[-66.1529391,-9.785746],[-66.1014448,-9.8033588],[-66.0711099,-9.7842972],[-66.0332195,-9.7889338],[-66.02814,-9.8066732],[-65.9741334,-9.7979149],[-65.9735213,-9.7773322],[-65.9225231,-9.7563988],[-65.9030823,-9.7668253],[-65.8713618,-9.7533886],[-65.8686112,-9.7930308],[-65.8535809,-9.7943418],[-65.8204949,-9.7664367],[-65.80572,-9.788088],[-65.7837427,-9.7863433],[-65.7726588,-9.7581878],[-65.750691,-9.7774574],[-65.7188849,-9.7559534],[-65.6849694,-9.7490081],[-65.6725794,-9.7821248],[-65.6473594,-9.815839],[-65.6236948,-9.8359798],[-65.5969534,-9.8419106],[-65.5541007,-9.8320442],[-65.5656275,-9.8130935],[-65.5020509,-9.7858367],[-65.5042742,-9.7487262],[-65.4898783,-9.7130291],[-65.4718561,-9.7136851],[-65.4435232,-9.6926521],[-65.4460779,-9.6690549],[-65.3949379,-9.6857732],[-65.3568806,-9.7201732],[-65.3280707,-9.7800172],[-65.3205208,-9.814532],[-65.2873772,-9.8398634],[-65.2958042,-9.8784469],[-65.3122688,-9.8931208],[-65.3318293,-9.9300147],[-65.3330804,-9.9656911],[-65.3200511,-10.0009559],[-65.329357,-10.0431964],[-65.3261626,-10.0661797],[-65.3005774,-10.1009084],[-65.3070251,-10.1649978],[-65.2899869,-10.2088499],[-65.2948338,-10.2391027],[-65.3067713,-10.2498286],[-65.3194156,-10.2922601],[-65.3759058,-10.3521812],[-65.3918013,-10.3744374],[-65.3803542,-10.4009425],[-65.3814996,-10.4290742],[-65.4029682,-10.4627815],[-65.4239987,-10.4650076],[-65.4296351,-10.482896],[-65.4105791,-10.5129499],[-65.4198535,-10.5280705],[-65.4046946,-10.5537526],[-65.3978282,-10.589466],[-65.4164689,-10.6207745],[-65.403468,-10.6429834],[-65.3719659,-10.6481824],[-65.3496676,-10.6705476],[-65.3436059,-10.6995816],[-65.3495797,-10.7434563],[-65.3447432,-10.7695869],[-65.3669649,-10.7962563],[-65.3203903,-10.8223343],[-65.2765513,-10.8693553],[-65.2666125,-10.9218079],[-65.2858299,-10.9276718],[-65.250859,-10.9845455],[-65.2948608,-11.0236146],[-65.3005503,-11.0393289],[-65.2834712,-11.0577945],[-65.2888895,-11.0942523],[-65.3205793,-11.1021881],[-65.3564715,-11.1270703],[-65.3634955,-11.1472658],[-65.3497207,-11.1878909],[-65.3256212,-11.1866205],[-65.3246918,-11.2114823],[-65.3606984,-11.2233183],[-65.3613319,-11.251356],[-65.3469184,-11.3028689],[-65.3377137,-11.3132578],[-65.2986139,-11.3160857],[-65.2976647,-11.3350798],[-65.3240242,-11.338618],[-65.3354111,-11.3549453],[-65.3098394,-11.4905595],[-65.3049193,-11.5016],[-65.2573346,-11.5144926],[-65.2250032,-11.5164466],[-65.2140254,-11.5480437],[-65.2345274,-11.5704471],[-65.2254136,-11.603998],[-65.229999,-11.6231694],[-65.2179133,-11.6520886],[-65.2569675,-11.6964013],[-65.2506098,-11.7213743],[-65.2065821,-11.7485675],[-65.1750045,-11.7541196],[-65.1829733,-11.7217035],[-65.1237309,-11.7197437],[-65.0905256,-11.7077774],[-65.0597243,-11.7906782],[-65.0706948,-11.8691097],[-65.0599476,-11.8828006],[-65.0260515,-11.8884484],[-65.0149985,-11.9041545],[-65.0303604,-11.9502463],[-65.0259769,-11.9985952],[-65.0005559,-11.9933727],[-64.9841679,-12.0143712],[-64.9483889,-11.9934266],[-64.9170257,-12.0283831],[-64.8822808,-12.0133457],[-64.8395868,-12.0106793],[-64.8126942,-12.0448715],[-64.8107215,-12.0668472],[-64.8424147,-12.0945952],[-64.8219195,-12.1188428],[-64.8094972,-12.0939515],[-64.7884731,-12.0857891],[-64.7575025,-12.1123057],[-64.7691092,-12.1436848],[-64.7499413,-12.1575662],[-64.7370275,-12.1402376],[-64.7385545,-12.1000836],[-64.7091954,-12.0871034],[-64.6983588,-12.103594],[-64.7177993,-12.1424671],[-64.7129448,-12.1735799],[-64.6950556,-12.1893791],[-64.6715551,-12.1926791],[-64.6162191,-12.2147173],[-64.568609,-12.2198129],[-64.5522433,-12.2419466],[-64.5127895,-12.2228731],[-64.503277,-12.2351522],[-64.4928593,-12.2942597],[-64.5005381,-12.3300136],[-64.5130783,-12.3438249],[-64.499413,-12.3672952],[-64.4600271,-12.3871505],[-64.4476696,-12.4091617],[-64.4061676,-12.4470481],[-64.3491631,-12.4599362],[-64.294721,-12.4578168],[-64.2988243,-12.4907931],[-64.2844442,-12.5031752],[-64.2355565,-12.456125],[-64.1967732,-12.4728443],[-64.1728845,-12.4665134],[-64.1711812,-12.5103698],[-64.1574457,-12.5138771],[-64.1338805,-12.4764538],[-64.1146305,-12.5033505],[-64.0988867,-12.4855432],[-64.0757786,-12.5011421],[-64.0509126,-12.4974126],[-64.0401616,-12.5151395],[-64.0005519,-12.5030243],[-63.9529725,-12.5317711],[-63.8978016,-12.499692],[-63.9007176,-12.4819207],[-63.873104,-12.4470829],[-63.8339707,-12.4634295],[-63.8031321,-12.4472476],[-63.7863035,-12.427945],[-63.7642959,-12.4420757],[-63.7337167,-12.4386224],[-63.6915479,-12.4494206],[-63.673059,-12.4631851],[-63.6221145,-12.4728773],[-63.613976,-12.4852736],[-63.5504909,-12.508437],[-63.5272856,-12.5456518],[-63.5017385,-12.5673236],[-63.4739971,-12.5615702],[-63.4356905,-12.5653058],[-63.4373021,-12.584658],[-63.4099309,-12.6110825],[-63.4009479,-12.6362102],[-63.367828,-12.6597373],[-63.3502986,-12.6567012],[-63.2955445,-12.6818567],[-63.2397053,-12.6774259],[-63.2182395,-12.6557374],[-63.1898484,-12.6470119],[-63.1974907,-12.630317],[-63.164479,-12.6157206],[-63.1476334,-12.636679],[-63.1123223,-12.6590658],[-63.0957388,-12.6836657],[-63.0677413,-12.6825907],[-63.0828512,-12.7119784],[-63.0782459,-12.7287496],[-63.0545785,-12.7311315],[-63.033826,-12.7807152],[-63.0103267,-12.8083057],[-63.0010223,-12.8418668],[-62.9429915,-12.8546105],[-62.9213543,-12.8408615],[-62.8917403,-12.8613746],[-62.8702099,-12.9106179],[-62.8033008,-12.9450797],[-62.8089019,-12.9621374],[-62.7943513,-12.9952177],[-62.7790975,-13.0095735],[-62.7340206,-13.0218668],[-62.7251595,-13.0012549],[-62.6985773,-13.0028162],[-62.6749101,-12.9909512],[-62.6606879,-12.9694718],[-62.6291779,-12.9958121],[-62.6330238,-13.0106374],[-62.6125725,-13.0412954],[-62.5471599,-13.0739935],[-62.5238183,-13.0655029],[-62.5026304,-13.0831629],[-62.4655476,-13.0771978],[-62.4344569,-13.1019655],[-62.4139913,-13.1283821],[-62.3825437,-13.1308324],[-62.3519615,-13.1432941],[-62.3167712,-13.1344681],[-62.2993497,-13.1505528],[-62.2459304,-13.1451627],[-62.2450118,-13.1208414],[-62.2147888,-13.1113449],[-62.1909339,-13.1538296],[-62.1695715,-13.1342045],[-62.1429045,-13.1611636],[-62.1197091,-13.1535328],[-62.1090708,-13.2190394],[-62.1156843,-13.2584652],[-62.0842936,-13.2903075],[-62.0690121,-13.2958589],[-62.0032061,-13.3654125],[-61.9804882,-13.3654943],[-61.9623452,-13.3911454],[-61.9143466,-13.4337319],[-61.887426,-13.4407745],[-61.8832099,-13.4972993],[-61.8688527,-13.5282221],[-61.8336515,-13.5392924],[-61.817124,-13.5274366],[-61.7573476,-13.5405747],[-61.6938441,-13.5080797],[-61.6687947,-13.5050571],[-61.6514522,-13.5187113],[-61.608014,-13.5116917],[-61.585621,-13.5006257],[-61.5082567,-13.5479382],[-61.4699239,-13.5552502],[-61.4295679,-13.5454079],[-61.3897886,-13.5197691],[-61.3505155,-13.5211574],[-61.3135097,-13.5044738],[-61.2883166,-13.4828576],[-61.2752088,-13.5060564],[-61.2483441,-13.4962741],[-61.2217305,-13.530155],[-61.1712922,-13.5106087],[-61.1532007,-13.5273067],[-61.1034016,-13.5157539],[-61.0877584,-13.4920938],[-61.0411515,-13.5077103],[-61.0149244,-13.4875362],[-61.0056227,-13.5502805],[-60.9674203,-13.5368945],[-60.9510375,-13.5518841],[-60.9338909,-13.5407095],[-60.9089256,-13.5848178],[-60.8798406,-13.6175279],[-60.8449777,-13.6315591],[-60.8285899,-13.629501],[-60.8100666,-13.6552746],[-60.7705337,-13.6651065],[-60.7695385,-13.6842053],[-60.7099896,-13.687327]],[[-60.7099896,-13.687327],[-60.6860379,-13.6252274],[-60.6455062,-13.5928216],[-60.6347881,-13.5745178],[-60.5776508,-13.5652277],[-60.5357855,-13.537301],[-60.5316656,-13.5180899],[-60.4864221,-13.4941821],[-60.4320021,-13.4884356],[-60.4115299,-13.4616583],[-60.3879196,-13.4546951],[-60.3793059,-13.4153231],[-60.3795864,-13.3752343],[-60.3660926,-13.332232],[-60.3734795,-13.324443],[-60.3248107,-13.2504877],[-60.3297838,-13.2354686],[-60.3082236,-13.1994875],[-60.3038368,-13.1783698],[-60.2786128,-13.1596137],[-60.2771203,-13.1126783],[-60.2829916,-13.0805523],[-60.2562022,-13.063813],[-60.2413314,-13.0384575],[-60.2152922,-13.0269807],[-60.2136568,-13.0070527],[-60.1833444,-12.967629],[-60.1171653,-12.9595556],[-60.1015281,-12.9134155],[-60.0791962,-12.873926],[-60.0828176,-12.852636],[-60.0587059,-12.786211],[-60.0750583,-12.7332327],[-60.0557303,-12.7036176],[-60.0658458,-12.6938228],[-60.059073,-12.6635501],[-60.028942,-12.6185671],[-60.0033205,-12.5923372],[-59.9774152,-12.6065175],[-59.9476548,-12.5992652],[-59.8960537,-12.5364446],[-59.8989333,-12.5030734],[-59.84416,-12.4671729],[-59.8425487,-12.424849],[-59.8192559,-12.3787482],[-59.7929413,-12.3457819],[-59.7743574,-12.3409559],[-59.8867969,-12.245087],[-59.9017147,-12.2238791],[-59.9108107,-12.1864566],[-59.9026053,-12.1750357],[-59.8998038,-12.1172227],[-59.9292763,-12.0784547],[-59.9619968,-12.0563674],[-59.9695798,-12.0324752],[-59.9713581,-11.9699456],[-59.9857972,-11.9120801],[-60.0068898,-11.894683],[-60.0503863,-11.8978671],[-60.0766345,-11.8852893],[-60.1033601,-11.8191718],[-60.0986646,-11.7943321],[-60.109156,-11.7805548],[-60.1073891,-11.7489734],[-60.1216618,-11.7121038],[-60.1187981,-11.6540707],[-60.1099085,-11.6155403],[-60.1148844,-11.591462],[-60.0866925,-11.5609447],[-60.0574695,-11.542096],[-60.0328028,-11.4995521],[-59.9854077,-11.4693409],[-59.9762413,-11.4392225],[-59.9344129,-11.4236675],[-59.9229098,-11.3941668],[-59.9199125,-11.3760279],[-59.9171931,-11.3384346],[-59.9277738,-11.3104346],[-59.9594679,-11.2947339],[-59.9679112,-11.2529339],[-59.9796883,-11.2395295],[-59.9811296,-11.2037619],[-59.9640257,-11.1891151],[-59.9875818,-11.1711082],[-59.9950224,-11.148203],[-59.9767766,-11.1223889],[-60.032028,-11.127778],[-60.0663542,-11.1209934],[-60.0750227,-11.1050246],[-60.1776041,-11.0992539],[-60.1914692,-11.1141134],[-60.2412468,-11.0968881],[-60.2808334,-11.0915305],[-60.2823584,-11.0640172],[-60.301248,-11.0571521],[-60.3419726,-11.0826337],[-60.3479707,-11.1090363],[-60.3915541,-11.0937926],[-60.4114906,-11.0467759],[-60.4296987,-11.0374942],[-60.4600501,-10.9898562],[-61.0005934,-10.988351],[-61.0005949,-10.9922393],[-61.5502579,-10.9860947],[-61.5300873,-10.9790195],[-61.5193336,-10.891992],[-61.5251489,-10.8558039],[-61.5099966,-10.8368279],[-61.5034218,-10.8084452],[-61.5108965,-10.7936807],[-61.4764168,-10.7677946],[-61.4763671,-10.722504],[-61.4993935,-10.6986176],[-61.4844843,-10.6737666],[-61.4789575,-10.6430436],[-61.489594,-10.6298033],[-61.4762363,-10.6076634],[-61.4799609,-10.5691537],[-61.4663218,-10.5412113],[-61.4790698,-10.529872],[-61.4808157,-10.4877483],[-61.4617928,-10.4199046],[-61.4769134,-10.4106314],[-61.5031111,-10.3759259],[-61.5017216,-10.3537765],[-61.5489183,-10.3116903],[-61.5449697,-10.3035298],[-61.5767244,-10.2485762],[-61.5740051,-10.2089593],[-61.565721,-10.2030334],[-61.5586645,-10.1764991],[-61.5724488,-10.1688195],[-61.6015919,-10.1566454],[-61.6012364,-10.1500901],[-61.5787102,-10.0792444],[-61.5843749,-10.0596093],[-61.5558735,-10.0389514],[-61.5454701,-10.0188482],[-61.5415658,-10.0086585],[-61.5415932,-9.9956442],[-61.5312021,-9.9898503],[-61.5394273,-9.9640985],[-61.5233429,-9.9484856],[-61.5249818,-9.9065757],[-61.5110765,-9.8955614],[-61.5102841,-9.878988],[-61.5162794,-9.827922],[-61.5197334,-9.8215361],[-61.5249134,-9.7957303],[-61.547356,-9.7875415],[-61.5315013,-9.7399119],[-61.5746373,-9.7177933],[-61.5530502,-9.7071921],[-61.5324293,-9.7117765],[-61.505272,-9.6913819],[-61.4768074,-9.628723],[-61.5030326,-9.615345],[-61.4949271,-9.5849287],[-61.5103714,-9.5650911],[-61.5080429,-9.540463],[-61.5495654,-9.5152171],[-61.5258126,-9.5017971],[-61.5627368,-9.4857714],[-61.5817187,-9.4591265],[-61.55672,-9.435615],[-61.5505387,-9.4147035],[-61.5633169,-9.3781567],[-61.5803064,-9.3682219],[-61.6259281,-9.3630117],[-61.6247905,-9.3364251],[-61.6113336,-9.3157281],[-61.6119925,-9.2807016],[-61.5996169,-9.2560351],[-61.5683872,-9.237088],[-61.5519857,-9.2438516],[-61.5280945,-9.2311652],[-61.5196316,-9.1951977],[-61.5236433,-9.1790181],[-61.5553819,-9.1314969],[-61.555755,-9.0924026],[-61.5110619,-8.9761931],[-61.4895398,-8.9372717],[-61.469214,-8.9201143],[-61.5115045,-8.8636406],[-61.5137215,-8.8369518],[-61.5271948,-8.816858],[-61.5430783,-8.8190978],[-61.5831348,-8.7986891]],[[-61.5831348,-8.7986891],[-61.6060278,-8.794714],[-61.6295527,-8.7529562],[-61.6264691,-8.7288535],[-61.6735812,-8.7050168],[-61.7053617,-8.7075264],[-61.7132742,-8.6878527],[-61.741854,-8.6951929],[-61.7488815,-8.7237702],[-61.7746056,-8.7482289],[-61.8062463,-8.7477818],[-61.828108,-8.7326255],[-61.8412499,-8.7394106],[-61.8433013,-8.7794091],[-61.8610249,-8.8036155],[-61.8597486,-8.8529733],[-61.9058859,-8.8745104],[-61.9381066,-8.8814117],[-61.97914,-8.8732446],[-62.0039716,-8.8300839],[-62.0213332,-8.8235979],[-62.031061,-8.7997101],[-62.0743019,-8.7985702],[-62.0980029,-8.8089214],[-62.1249717,-8.8016711],[-62.1550309,-8.7396423],[-62.1488018,-8.7183089],[-62.1717727,-8.6950749],[-62.165087,-8.6793938],[-62.2005306,-8.6442928],[-62.1746915,-8.628203],[-62.1837005,-8.5989665],[-62.2286045,-8.5905684],[-62.2688885,-8.5757586],[-62.2943077,-8.6054408],[-62.2895023,-8.6390966],[-62.3357776,-8.6094846],[-62.3390795,-8.5868942],[-62.3258047,-8.5637074],[-62.3373587,-8.5166389],[-62.3660512,-8.4935617],[-62.3692809,-8.4461191],[-62.3608035,-8.3985493],[-62.3840279,-8.3775558],[-62.4245582,-8.374985],[-62.4654746,-8.33974],[-62.4789156,-8.3456734],[-62.5184725,-8.3847382],[-62.539557,-8.3581095],[-62.5611623,-8.3138318],[-62.5559412,-8.3067587],[-62.5853879,-8.2718806],[-62.6000575,-8.2722387],[-62.6550016,-8.2290564],[-62.6598885,-8.1996336],[-62.6866642,-8.1737744],[-62.6730277,-8.1453106],[-62.6922801,-8.0929083],[-62.7128298,-8.0805834],[-62.7439725,-8.0452861],[-62.7862003,-8.026343],[-62.8099965,-8.0253396],[-62.8328333,-7.9943716],[-62.8666166,-7.9758683],[-63.1183827,-7.9771072],[-63.6212491,-7.9765317],[-63.621779,-8.0296108],[-63.6670003,-8.0816033],[-63.6624486,-8.1011713],[-63.6934211,-8.1583487],[-63.7415348,-8.1900741],[-63.7485628,-8.2078652],[-63.7227614,-8.249499],[-63.7465624,-8.2701692],[-63.7735083,-8.3207328],[-63.7912313,-8.3332153],[-63.8253386,-8.3061526],[-63.8707594,-8.2888196],[-63.8949267,-8.3020287],[-63.9108358,-8.3285248],[-63.9317883,-8.3246916],[-63.9456197,-8.338933],[-63.9453732,-8.3878261],[-63.9769546,-8.4097397],[-63.953727,-8.4279648],[-63.9408384,-8.452264],[-63.9731772,-8.4784472],[-63.9708971,-8.4993333],[-63.9437881,-8.5266044],[-63.9456204,-8.550498],[-63.9231714,-8.5592935],[-63.9245687,-8.5755254],[-63.9459539,-8.6094853],[-63.9862097,-8.5856339],[-63.9910948,-8.6174138],[-64.0048419,-8.6259109],[-64.0164261,-8.667682],[-64.0431747,-8.7119098],[-64.0751521,-8.7131075],[-64.0947671,-8.7283635],[-64.1245948,-8.7167138],[-64.1430671,-8.7430315],[-64.1447623,-8.7764473],[-64.129459,-8.8051627],[-64.1582033,-8.8431675],[-64.1487937,-8.8730907],[-64.1517023,-8.8972333],[-64.1417669,-8.9450507],[-64.1494522,-8.9589372],[-64.1750139,-8.9605714],[-64.2332051,-8.9923081],[-64.2650711,-8.9883824],[-64.3113185,-8.9964708],[-64.326072,-8.9798321],[-64.3095688,-8.9344929],[-64.3233996,-8.9288606],[-64.3799237,-8.9467351],[-64.446574,-8.9768705],[-64.5501239,-8.9782709],[-64.587961,-9.0095099],[-64.611074,-9.0164518],[-64.641538,-9.006646],[-64.6713762,-9.0147962],[-64.6833507,-8.9936169],[-64.7136811,-8.9938629],[-64.730541,-9.0125097],[-64.7611805,-9.0205834],[-64.7839641,-8.9892699],[-64.8164156,-8.98662],[-64.8705663,-9.0121936],[-64.8940991,-9.0437018],[-64.9172668,-9.0431411],[-64.9156801,-9.0746143],[-64.9399298,-9.1245658],[-64.9196828,-9.2202803],[-64.9360779,-9.2558112],[-64.9628795,-9.2927766],[-64.9861829,-9.291931],[-65.0005153,-9.3046138],[-65.0356802,-9.3748168],[-65.053546,-9.4021423],[-65.0779285,-9.4009814],[-65.0889104,-9.4250804],[-65.1428806,-9.4468123],[-65.1854632,-9.4270317],[-65.1735439,-9.3854485],[-65.1961582,-9.3752629],[-65.1883246,-9.3448525],[-65.2089565,-9.3096433],[-65.2117718,-9.2789934],[-65.2466614,-9.2576636],[-65.2703819,-9.2636117],[-65.3073529,-9.291487],[-65.3426895,-9.3094609],[-65.3512411,-9.3231093],[-65.3775134,-9.3244261],[-65.3935223,-9.339597],[-65.4097979,-9.3224557],[-65.4402184,-9.3117453],[-65.4461298,-9.3706882],[-65.4566002,-9.4012087],[-65.4433302,-9.4201472],[-65.4320983,-9.458635],[-65.4566578,-9.4705194],[-65.5031633,-9.4699754],[-65.5224118,-9.4469045],[-65.5556338,-9.4224552],[-65.5881079,-9.4137738],[-65.6416338,-9.4334674],[-65.6498843,-9.4472713],[-65.6794352,-9.4513929],[-65.6809976,-9.5004075],[-65.6960809,-9.5076713],[-65.7299672,-9.5630727],[-65.8000217,-9.5850225],[-65.8180266,-9.5622559],[-65.8250771,-9.5300912],[-65.8482485,-9.5323243],[-65.8809081,-9.4874649],[-65.9126344,-9.4837503],[-65.9318805,-9.4475944],[-65.9703006,-9.4131601],[-66.0025757,-9.4042574],[-66.0424116,-9.4023724],[-66.0597396,-9.4182176],[-66.1238908,-9.4087794],[-66.1736328,-9.4344187],[-66.2047463,-9.4259737],[-66.2434147,-9.4293871],[-66.2596688,-9.4109965],[-66.2904394,-9.4124947],[-66.2841858,-9.4321636],[-66.3074975,-9.4368453],[-66.3189162,-9.4199636],[-66.3747764,-9.4263661],[-66.4088584,-9.4069466],[-66.4147219,-9.4219488],[-66.3961089,-9.4375201],[-66.3890009,-9.4642796],[-66.3924143,-9.5004801],[-66.4235776,-9.5257876],[-66.4389348,-9.55439],[-66.4949168,-9.6015832],[-66.5006134,-9.6335642],[-66.5368884,-9.6435496],[-66.5863066,-9.6735589],[-66.6094487,-9.6648985],[-66.6241659,-9.6808192],[-66.6849453,-9.7146456],[-66.691803,-9.7338899],[-66.7253897,-9.7560725],[-66.7584708,-9.7603598],[-66.7753636,-9.7530913],[-66.7805792,-9.7913933],[-66.7856383,-9.7980799],[-66.7926964,-9.8020509],[-66.8102531,-9.8180459]],[[-73.8015581,-7.1118244],[-73.7593778,-7.1741528],[-73.7551757,-7.1978728],[-73.7138092,-7.2338586],[-73.7157012,-7.2672167],[-73.6998092,-7.3039087],[-73.7182056,-7.3288278],[-73.7553892,-7.3464998],[-73.7695951,-7.3315391],[-73.7941194,-7.3438],[-73.8171184,-7.3349948],[-73.8522593,-7.3469005],[-73.8764986,-7.3822713],[-73.9095101,-7.3776894],[-73.9308953,-7.3519169],[-73.9661735,-7.3516089],[-73.9586433,-7.3778005],[-73.9313606,-7.4228034],[-73.9193138,-7.4652919],[-73.9475119,-7.5262282],[-73.99045,-7.535961],[-73.9833394,-7.5661919],[-73.96834,-7.5673473],[-73.9423696,-7.5985696],[-73.8862021,-7.6357804],[-73.8729444,-7.6711139],[-73.8421729,-7.6777467],[-73.8216727,-7.7174972],[-73.7400384,-7.7337081],[-73.6838099,-7.7760549],[-73.6871278,-7.8540306],[-73.7039513,-7.8726048],[-73.7661231,-7.8702078],[-73.7530311,-7.8895578],[-73.7706702,-7.9049215],[-73.7509177,-7.9233741],[-73.7465002,-7.9525574],[-73.6976112,-7.9601963],[-73.6759694,-8.0078056],[-73.645945,-8.0030157],[-73.6268945,-8.0214883],[-73.6334028,-8.0567639],[-73.5939507,-8.0974044],[-73.5853371,-8.1228217],[-73.5912575,-8.1423072],[-73.5864738,-8.1863764],[-73.5716423,-8.229799],[-73.540316,-8.2627455],[-73.5401176,-8.295012],[-73.529673,-8.3121486],[-73.5369514,-8.3454823],[-73.504229,-8.3787206],[-73.4820046,-8.3917563],[-73.4215646,-8.4069979],[-73.4067255,-8.4191677],[-73.3944472,-8.4672805],[-73.3650614,-8.4633761],[-73.3277309,-8.4815263],[-73.3279826,-8.5170783],[-73.3439737,-8.602084],[-73.3195902,-8.6141031],[-73.2848078,-8.6663586],[-73.2478472,-8.6873417],[-73.2083462,-8.6809506],[-73.1760722,-8.6942972],[-73.1423749,-8.7227033],[-73.1382139,-8.759575],[-73.1116132,-8.7919389],[-73.1118192,-8.8155633],[-73.0774793,-8.8609133],[-73.0562238,-8.9069022],[-73.043231,-8.9152888],[-72.9948074,-8.9198464],[-72.9705916,-8.9748771],[-72.9443695,-8.9840943],[-72.9569198,-9.0106693],[-72.9401503,-9.069016],[-72.9438353,-9.1022381],[-72.9643658,-9.1469826],[-73.0086575,-9.1677297],[-72.9950587,-9.1943182],[-73.0220591,-9.2259439],[-73.0449472,-9.2368663],[-73.0562005,-9.2252964],[-73.0865889,-9.2444833],[-73.1104529,-9.2842916],[-73.1072561,-9.3075126],[-73.1393083,-9.3218],[-73.1566792,-9.3508962],[-73.187952,-9.3612217],[-73.1935366,-9.3928102],[-73.2118972,-9.4116694],[-72.7197435,-9.4116569],[-72.7048975,-9.4336234],[-72.6685267,-9.4373594],[-72.5520545,-9.4651509],[-72.504177,-9.4865433],[-72.4548713,-9.4874481],[-72.4049434,-9.4818818],[-72.3693987,-9.4899031],[-72.3406084,-9.5062036],[-72.3188741,-9.5434905],[-72.2904105,-9.5357403],[-72.2815753,-9.5470772],[-72.289005,-9.6023333],[-72.2691567,-9.6203533],[-72.2463043,-9.6564751],[-72.2512388,-9.6930534],[-72.2707329,-9.7422337],[-72.2431985,-9.7657159],[-72.1753123,-9.7818892],[-72.1509822,-9.7989274],[-72.165478,-9.8280307],[-72.1550867,-9.8605166],[-72.1406748,-9.8775139],[-72.1740914,-9.9215917],[-72.1558419,-9.9604768],[-72.1806755,-9.9847831],[-72.1804528,-10],[-71.3774167,-10],[-71.3388735,-9.9719978],[-71.3177325,-9.9912372],[-71.2710942,-9.978271],[-71.2530537,-9.9639181],[-71.210845,-9.9663901],[-71.2057029,-9.9471764],[-71.1813729,-9.9174981],[-71.163009,-9.8753209],[-71.1298706,-9.8525155],[-71.1024273,-9.8518098],[-71.0777201,-9.8277404],[-71.0505177,-9.8155678],[-70.9941792,-9.8172051],[-70.990172,-9.7902831],[-70.9710559,-9.7556799],[-70.9528115,-9.741955],[-70.9251955,-9.7419391],[-70.8960949,-9.7090652],[-70.8891319,-9.6895719],[-70.8535363,-9.6554078],[-70.7986019,-9.6419141],[-70.7675071,-9.6007422],[-70.7474603,-9.563128],[-70.7255064,-9.5673678],[-70.7145817,-9.5469538],[-70.6609778,-9.5217984],[-70.6366931,-9.4982098],[-70.6085862,-9.4572031],[-70.5617307,-9.4287362],[-70.5489205,-9.4345044],[-70.5095108,-9.42296],[-70.5154814,-9.5021727],[-70.5323256,-9.4997177],[-70.5642439,-9.5397036],[-70.5907871,-9.5483795],[-70.6002714,-9.5629799],[-70.5850337,-9.5906183],[-70.598485,-9.6074383],[-70.5666043,-9.6679226],[-70.542164,-9.6798394],[-70.526011,-9.7244768],[-70.5362926,-9.7658027],[-70.5596386,-9.7895497],[-70.578182,-9.777613],[-70.5906986,-9.8036836],[-70.6125744,-9.8050779],[-70.6205864,-9.832251],[-70.6210066,-10.9996411],[-70.5300779,-10.9348139],[-70.4483532,-11.0041163],[-70.437442,-11.0266688],[-70.4064356,-11.04759],[-70.3450774,-11.0670857],[-70.3084787,-11.0705972],[-70.265039,-11.0517336],[-70.2117917,-11.0501014],[-70.1722399,-11.0430358],[-70.1308212,-11.0233963],[-70.1091168,-10.9954619],[-70.0894884,-10.9851562],[-70.0631437,-10.9921127],[-69.9691698,-10.9450099],[-69.9549327,-10.9277605],[-69.9011437,-10.9200124],[-69.8737261,-10.93061],[-69.8429773,-10.9249689],[-69.8327956,-10.9337175],[-69.7999761,-10.9265174],[-69.7558055,-10.9463055],[-69.7187374,-10.9755138],[-69.6589938,-10.9529785],[-69.6337811,-10.9578975],[-69.5964125,-10.9409386],[-69.5506165,-10.9530733],[-69.5224372,-10.9358349],[-69.4781217,-10.9549587],[-69.4526488,-10.9368277],[-69.4168789,-10.925356],[-69.3851376,-10.9429268],[-69.3527741,-10.9359113],[-69.3282855,-10.9497421],[-69.2911637,-10.9503425],[-69.2699475,-10.9412045],[-69.2156113,-10.9583531],[-69.2013446,-10.9481805],[-69.1608191,-10.9650205],[-69.1074834,-10.9727279],[-69.0871925,-10.9697551],[-69.0613547,-10.9857171],[-69.0437782,-10.9811566],[-69.0018848,-11.0089345],[-68.9670107,-10.9874575],[-68.9475433,-11.0122387],[-68.9320615,-11.0061226],[-68.9104537,-11.02213],[-68.8604144,-11.0048298],[-68.8436908,-10.9915045],[-68.8290781,-11.0061884],[-68.8116035,-10.9943192],[-68.7872974,-11.0043111],[-68.7595231,-11.0034739],[-68.7506916,-11.0344076],[-68.7652852,-11.0658626],[-68.7462972,-11.0943616],[-68.7209385,-11.1033739],[-68.7161196,-11.1455615],[-68.5429714,-11.1113555],[-68.4871861,-11.0508753],[-68.4442565,-11.0459125],[-68.4378866,-11.0355241],[-68.394745,-11.0501089],[-68.3846844,-11.0181411],[-68.3465891,-11.003984],[-68.3310409,-11.0125956],[-68.3072081,-10.991933],[-68.276713,-10.9883333],[-68.2372632,-10.9557518],[-68.2242991,-10.9116152],[-68.2072081,-10.9020372],[-68.1961278,-10.8585922],[-68.1789884,-10.8531973],[-68.1182123,-10.7841013],[-68.0970148,-10.7493853],[-68.1088165,-10.7257972],[-68.0760667,-10.6853736],[-68.0337321,-10.6670852],[-68.0128028,-10.6486257],[-67.9818367,-10.6573113],[-67.9615619,-10.6497223],[-67.9410966,-10.6570003],[-67.8659244,-10.6406998],[-67.8275098,-10.6514179],[-67.7914957,-10.6784541],[-67.7615891,-10.6846534],[-67.7283968,-10.7134049],[-67.7043972,-10.7000139],[-67.6756111,-10.6051611],[-67.6592208,-10.6147484],[-67.6353495,-10.5803839],[-67.609802,-10.5623786],[-67.5945219,-10.5215719],[-67.5456416,-10.4951699],[-67.4439825,-10.4530233],[-67.4318833,-10.4309386],[-67.4132151,-10.4257261],[-67.423791,-10.3913996],[-67.4068489,-10.3726274],[-67.3787272,-10.3832098],[-67.3387362,-10.3760052],[-67.31984,-10.3816222],[-67.3155451,-10.3471588],[-67.3218678,-10.3215879],[-67.2762809,-10.3220206],[-67.2534741,-10.3289203],[-67.2365896,-10.3162225],[-67.1945299,-10.3253712],[-67.1884138,-10.3394276],[-67.1440185,-10.3267348],[-67.1370414,-10.29768],[-67.0991016,-10.286472],[-67.0791594,-10.2893882],[-67.051546,-10.2677655],[-67.0102561,-10.252695],[-66.9918964,-10.2039313],[-66.9511711,-10.1862575],[-66.9458066,-10.1583363],[-66.9114046,-10.1389253],[-66.8971997,-10.1141317],[-66.8731617,-10.1014199],[-66.87115,-10.0806639],[-66.8436091,-10.0861937],[-66.8322848,-10.0596477],[-66.8071794,-10.0492104],[-66.7897557,-10.0218056],[-66.7416798,-9.9966068],[-66.7346632,-9.9831349],[-66.6749666,-9.9648731],[-66.663071,-9.9369526],[-66.6465968,-9.9456789],[-66.6264588,-9.930197],[-66.6268906,-9.8980269],[-67.3258172,-9.5923815]],[[-67.3258172,-9.5923815],[-67.516882,-9.5609067],[-68.6471864,-9.0494166],[-69.2862711,-8.5016401],[-70.0549793,-7.8451491],[-72.5847656,-7.5520042],[-73.8015581,-7.1118244]],[[-63.3597912,2.1971016],[-63.3720891,2.2118616],[-63.3952472,2.1996308],[-63.3888586,2.1829859],[-63.3977409,2.1468868],[-63.4441372,2.1251611],[-63.4666357,2.1409856],[-63.4924661,2.1154656],[-63.5363597,2.1310103],[-63.5619064,2.1323587],[-63.6174619,2.1065552],[-63.6449669,2.064929],[-63.6621933,2.0654655],[-63.668021,2.0168828],[-63.7033005,2.0462687],[-63.7849696,1.9815483],[-63.8238572,1.9910289],[-63.8296883,1.9682281],[-63.9066373,1.9915269],[-63.9227463,1.9829242],[-63.9755238,1.9913059],[-63.9955245,1.9798974],[-64.0191381,1.9512979],[-64.0619156,1.9307373],[-64.0619133,1.8827045],[-64.0710785,1.8523968],[-64.0560847,1.8410087],[-64.0624667,1.7896248],[-64.0780269,1.7590416],[-64.0613558,1.7016127],[-64.065248,1.6760096],[-64.1121903,1.5893265],[-64.1441374,1.582435],[-64.1938566,1.5426979],[-64.1949684,1.524878],[-64.2155218,1.5084945],[-64.2402475,1.5112846],[-64.2674705,1.4846754],[-64.3021953,1.4682845],[-64.3260851,1.4359802],[-64.3296935,1.3949154],[-64.3427474,1.3843245],[-64.3999729,1.3948723],[-64.3913578,1.429611],[-64.3571906,1.4838108],[-64.3513625,1.5182727],[-64.3974674,1.5268362],[-64.4385855,1.4718185],[-64.4535773,1.4802195],[-64.476633,1.4679944],[-64.5005247,1.4426544],[-64.5313556,1.4352188],[-64.5533066,1.4168438],[-64.5827463,1.3754932],[-64.5760821,1.3540641],[-64.5908,1.3374136],[-64.6113602,1.3357735],[-64.634971,1.3202018],[-64.6602494,1.2913363],[-64.6846951,1.2838139],[-64.7019142,1.2913088],[-64.7224702,1.2384823],[-64.7466418,1.225445],[-64.7638611,1.2307695],[-64.7935823,1.2693605],[-64.7891416,1.2857321],[-64.8033094,1.3105007],[-64.8616387,1.2693133],[-64.8688597,1.2410053],[-64.8866381,1.2318597],[-64.9066365,1.2416119],[-64.9263644,1.2146505],[-64.9696934,1.2171516],[-64.9608037,1.1896693],[-64.9702517,1.1729369],[-65.022249,1.1149409],[-65.0660562,1.1190697],[-65.0608902,1.1376993],[-65.1030858,1.1566564],[-65.1514751,1.1164774],[-65.1540281,1.0563536],[-65.1668606,1.0113225],[-65.1472772,1.009346],[-65.1641425,0.9699149],[-65.1649762,0.9504778],[-65.1971933,0.9107701],[-65.2088678,0.9287523],[-65.2408088,0.921048],[-65.264137,0.9340505],[-65.3027514,0.9421604],[-65.3291401,0.9315675],[-65.3519192,0.8729742],[-65.3735819,0.8646456],[-65.3916409,0.8441148],[-65.3980261,0.8213317],[-65.3974706,0.7499208],[-65.4213666,0.7320989],[-65.4235867,0.7079645],[-65.452757,0.6854416],[-65.5305331,0.6679567],[-65.5405314,0.64879],[-65.5641402,0.675712],[-65.5763675,0.7115863],[-65.5913674,0.721611],[-65.5735861,0.764372],[-65.5485837,0.7745993],[-65.5241448,0.8245972],[-65.5035907,0.8524478],[-65.5122533,0.8852533],[-65.5083615,0.915535],[-65.5363912,0.9480537],[-65.5419203,0.9755243],[-65.5722221,0.9849942],[-65.5855583,1.0089346],[-65.6066651,1.0044885],[-65.6527545,1.0117712],[-65.6785847,0.9887953],[-65.6955293,1.0040538],[-65.7394209,0.9995908],[-65.767201,0.9640511],[-65.8163665,0.9520823],[-65.8622852,0.9309006],[-65.8815576,0.9016085],[-65.9365849,0.8821381],[-65.9459244,0.8525863],[-65.9713703,0.8060344],[-66.0172603,0.8000405],[-66.0379774,0.8120385],[-66.0700558,0.8050584],[-66.08853,0.7590606],[-66.1510876,0.744472],[-66.2129729,0.7806478],[-66.3185201,0.7550422],[-66.5993098,0.9996884],[-66.8569331,1.2302063],[-67.0881602,1.1668967],[-67.0828534,1.2033443],[-67.0873317,1.2315627],[-67.0888285,1.3249804],[-67.0804136,1.4012603],[-67.072331,1.4426041],[-67.078717,1.4998321],[-67.0815227,1.6381769],[-67.0995477,1.6817408],[-67.0973816,1.7326009],[-67.1155784,1.7675488],[-67.1240535,1.7989282],[-67.1570501,1.8488441],[-67.1743336,1.8570207],[-67.2439499,1.8581853],[-67.278087,1.8757471],[-67.3001994,1.9266702],[-67.3260885,2.0297139],[-67.336873,2.0980903],[-67.3434869,2.2054799],[-67.3644821,2.2303248],[-67.3892608,2.2440111],[-67.4309917,2.241616],[-67.4481787,2.2081033],[-67.5219342,2.1703146],[-67.5509126,2.1417181],[-67.5580226,2.1060894],[-67.5863565,2.0854913],[-67.6071124,2.0354225],[-67.6198315,2.0236732],[-67.6706442,2.0200117],[-67.6970575,2.0233696],[-67.7499272,2.0401289],[-67.7794222,2.031064],[-67.8182306,1.9668342],[-67.8597067,1.9201715],[-67.8826199,1.9028001],[-67.9129869,1.8978188],[-67.9068721,1.8661181],[-67.9412948,1.8307309],[-67.9735795,1.8327501],[-68.0434404,1.8996897],[-68.0875265,1.9013133],[-68.1031103,1.93634],[-68.1406947,1.9847824],[-68.1829182,1.978796],[-68.2086778,1.9615846],[-68.2432559,1.9267464],[-68.2533707,1.878697],[-68.2637029,1.8606236],[-68.2669026,1.8273363],[-68.233675,1.8299145],[-68.2449542,1.7949035],[-68.2365907,1.7725223],[-68.2025902,1.7863312],[-68.1695326,1.7706642],[-68.1568127,1.7316353],[-69.0007639,1.7321173],[-69.1786162,1.7334428],[-69.3848865,1.729737],[-69.4261623,1.7568641],[-69.4868981,1.7621574],[-69.5523449,1.7917466],[-69.5673754,1.7772693],[-69.6030474,1.7642077],[-69.6575812,1.7367307],[-69.6818048,1.7357088],[-69.7111159,1.7494561],[-69.7522569,1.7389191],[-69.7950949,1.7099626],[-69.8218481,1.7050649],[-69.8425454,1.7207748],[-69.8455758,1.4996463],[-69.8443766,1.0853793],[-69.8302234,1.0721173],[-69.8020646,1.0735832],[-69.7848071,1.1013492],[-69.7547522,1.1186755],[-69.730714,1.1157535],[-69.7105853,1.1265092],[-69.7092201,1.0901973],[-69.684761,1.0764769],[-69.6494123,1.0954697],[-69.6069069,1.105173],[-69.5664707,1.0807469],[-69.521374,1.0795763],[-69.4934233,1.0879038],[-69.4373989,1.0806241],[-69.4353994,1.0575577],[-69.4165087,1.0523523],[-69.3859886,1.0825802],[-69.3215783,1.0956949],[-69.2898073,1.0624061],[-69.265356,1.0643609],[-69.213045,1.0201808],[-69.2035887,0.9996165],[-69.2061373,0.9722809],[-69.1735002,0.9598324],[-69.1633925,0.9459667],[-69.1906398,0.9325853],[-69.1851098,0.9028003],[-69.1718296,0.9026969],[-69.1358289,0.877186],[-69.1422506,0.8523145],[-69.1661126,0.8518536],[-69.1659125,0.8284801],[-69.1450214,0.7830299],[-69.1524155,0.765292],[-69.1873348,0.7492421],[-69.1803573,0.7244394],[-69.1445521,0.7025014],[-69.115159,0.6498419],[-69.1336115,0.6462488],[-69.1807817,0.6559546],[-69.1932214,0.6515253],[-69.212809,0.6096125],[-69.2389516,0.6023902],[-69.2860974,0.6195718],[-69.3115405,0.6374274],[-69.3417078,0.6275281],[-69.3688512,0.6275135],[-69.4090247,0.661091],[-69.4100205,0.674732],[-69.4814747,0.7356074],[-69.5349559,0.6999608],[-69.5340649,0.6835872],[-69.5664838,0.6840547],[-69.591037,0.6590118],[-69.6067941,0.629207],[-69.6346047,0.6363892],[-69.6481052,0.6608446],[-69.6798001,0.6705732],[-69.7180314,0.6430104],[-69.7252278,0.61686],[-69.75023,0.6220776],[-69.7641775,0.6054124],[-69.81315,0.5828062],[-69.831598,0.5900167],[-69.8873226,0.5749305],[-69.9148269,0.5852725],[-69.9423858,0.5542955],[-69.9914495,0.5609718],[-70.0042258,0.5409198],[-70.0435655,0.5588281],[-70.0464958,-0.000511],[-70.0416633,-0.1241509],[-70.0581095,-0.1583086],[-70.0574332,-0.1867765],[-69.9971611,-0.2347713],[-69.9638269,-0.2849628],[-69.9372407,-0.3063511],[-69.9231595,-0.3315149],[-69.8925192,-0.3491759],[-69.8448846,-0.3457965],[-69.8235482,-0.3810107],[-69.7753282,-0.4002804],[-69.7392434,-0.4404274],[-69.7177421,-0.4551373],[-69.6449955,-0.48302],[-69.6111023,-0.5134525],[-69.6146924,-0.540342],[-69.593214,-0.567686],[-69.6049651,-0.6000017],[-69.573801,-0.6498361],[-69.5852481,-0.6844086],[-69.6226049,-0.7321441],[-69.6120784,-0.7702015],[-69.574212,-0.8010905],[-69.5595997,-0.8229638],[-69.5737193,-0.8422155],[-69.5385204,-0.8619845],[-69.5232685,-0.8862752],[-69.5273769,-0.921957],[-69.4635765,-0.967341],[-69.4501295,-0.9982871],[-69.4216603,-1.0004333],[-69.443406,-1.0366031],[-69.4243255,-1.0494773],[-69.4250746,-1.0836273],[-69.4008846,-1.1139529],[-69.3983811,-1.1444042],[-69.4132419,-1.157723],[-69.4141871,-1.1867687],[-69.4307987,-1.241949],[-69.4111889,-1.2817651],[-69.4094115,-1.3338305],[-69.3999899,-1.3707265],[-69.4296539,-1.3873204],[-69.4371348,-1.4174649],[-69.435329,-1.457894],[-69.4574972,-1.4934757],[-69.4533231,-1.5314554],[-69.485607,-1.7206616],[-69.7123019,-3.0006097],[-69.8940261,-4.0006775],[-69.9351666,-4.2164712],[-69.9512441,-4.227073],[-69.9575556,-4.2842592],[-69.9809463,-4.3274264],[-70.0113882,-4.3366286],[-70.0327789,-4.3551675],[-70.0501713,-4.3346211],[-70.0793069,-4.3249745],[-70.0816114,-4.2920231],[-70.1037271,-4.2762463],[-70.1287251,-4.2936979],[-70.1517787,-4.2801866],[-70.1681391,-4.3147638],[-70.1523918,-4.3355861],[-70.2056966,-4.3609937],[-70.2089486,-4.3281441],[-70.2555001,-4.3184365],[-70.2556147,-4.2776837],[-70.2895923,-4.2823148],[-70.3159161,-4.2595045],[-70.2848931,-4.233844],[-70.2988341,-4.1660642],[-70.3318584,-4.1563215],[-70.3408093,-4.1868325],[-70.3612508,-4.1694885],[-70.3758354,-4.1418254],[-70.4191694,-4.140455],[-70.4374502,-4.1586023],[-70.4733106,-4.1773737],[-70.4951982,-4.1663005],[-70.5034501,-4.1971358],[-70.5215534,-4.1908871],[-70.5094768,-4.1635548],[-70.520951,-4.1426805],[-70.5462001,-4.1501039],[-70.5652808,-4.1690945],[-70.624947,-4.1927938],[-70.6388893,-4.1662659],[-70.6261129,-4.1431175],[-70.6534993,-4.127195],[-70.6657553,-4.146653],[-70.6810338,-4.1997918],[-70.7299472,-4.1844437],[-70.7590075,-4.1599719],[-70.791505,-4.1861196],[-70.8081727,-4.183532],[-70.830202,-4.2189279],[-70.8328918,-4.2502363],[-70.8686666,-4.2506034],[-70.8498925,-4.2786538],[-70.8794739,-4.2925811],[-70.8800648,-4.3227619],[-70.8998924,-4.3245865],[-70.9155014,-4.3540325],[-70.9493684,-4.3795118],[-70.9884771,-4.3696929],[-70.9957003,-4.3845039],[-71.0240344,-4.3848715],[-71.0432845,-4.4010013],[-71.0586728,-4.3866564],[-71.1005362,-4.3773914],[-71.1176707,-4.4105394],[-71.1379484,-4.3866356],[-71.1848414,-4.3926988],[-71.2014222,-4.4260594],[-71.2171471,-4.3800231],[-71.2715899,-4.3970196],[-71.2665943,-4.4287341],[-71.2860618,-4.4429945],[-71.3103108,-4.4177165],[-71.3199826,-4.444544],[-71.3887583,-4.4281756],[-71.4178389,-4.4662349],[-71.4599855,-4.4394544],[-71.498007,-4.4495907],[-71.5072862,-4.465536],[-71.5375641,-4.4673765],[-71.5696479,-4.5072792],[-71.6064534,-4.53443],[-71.6539535,-4.5082536],[-71.6900664,-4.5020885],[-71.7149524,-4.5122609],[-71.7411775,-4.4855264],[-71.7612336,-4.5035949],[-71.7770367,-4.4875548],[-71.8005648,-4.4909019],[-71.8564553,-4.5131742],[-71.9025679,-4.5439147],[-71.9364248,-4.5769228],[-71.9454618,-4.604907],[-71.9767889,-4.6081153],[-72.0059011,-4.6416792],[-72.0393326,-4.6232419],[-72.0453155,-4.6517618],[-72.0626228,-4.6534771],[-72.1003473,-4.7031959],[-72.1271425,-4.7233476],[-72.1412369,-4.7137233],[-72.2165389,-4.7679288],[-72.2472341,-4.7809445],[-72.2776528,-4.7837721],[-72.3206825,-4.7778577],[-72.3241226,-4.7968614],[-72.3716546,-4.8073656],[-72.3835286,-4.831343],[-72.3856879,-4.8722773],[-72.4124322,-4.8849049],[-72.4581265,-4.9255647],[-72.5057356,-4.9421653],[-72.5280607,-4.9581681],[-72.5476795,-4.9585074],[-72.5696248,-4.9814794],[-72.6066747,-4.9955799],[-72.6110959,-5.0372389],[-72.6526505,-5.0637014],[-72.7075402,-5.0528985],[-72.7342917,-5.0641167],[-72.739266,-5.0915009],[-72.774208,-5.0988685],[-72.7827669,-5.1125259],[-72.8145777,-5.1097384],[-72.8160149,-5.1384917],[-72.8850672,-5.1668175],[-72.8689376,-5.199825],[-72.8635207,-5.2397924],[-72.8701065,-5.299351],[-72.8986544,-5.3370326],[-72.9093202,-5.3660547],[-72.9569091,-5.4654078],[-72.9637658,-5.4981048],[-72.9537678,-5.5401488],[-72.974487,-5.624068],[-72.9617757,-5.6545786],[-72.986267,-5.6623082],[-72.9921899,-5.703779],[-73.0206019,-5.7395149],[-73.0425194,-5.7490234],[-73.064046,-5.7892817],[-73.0935221,-5.8217072],[-73.1170505,-5.8285993],[-73.1146581,-5.8537511],[-73.1510448,-5.8634491],[-73.1699682,-5.8927882],[-73.1683068,-5.9093256],[-73.1878491,-5.9387877],[-73.1817802,-5.962788],[-73.2102117,-6.0050392],[-73.2374686,-6.032191],[-73.2317769,-6.0735718],[-73.2507967,-6.1049176],[-73.2502476,-6.1449404],[-73.2205261,-6.1785345],[-73.2192172,-6.2216958],[-73.1654897,-6.274208],[-73.1610441,-6.3180844],[-73.1510803,-6.3217041],[-73.1335201,-6.387364],[-73.1088656,-6.4100313],[-73.122566,-6.4318613],[-73.1178263,-6.4498407],[-73.1322439,-6.4682425],[-73.1384161,-6.4979764],[-73.1533807,-6.5200106],[-73.1842126,-6.527574],[-73.212964,-6.5778386],[-73.2301351,-6.5705043],[-73.2471575,-6.5842545],[-73.2934088,-6.5928142],[-73.3544914,-6.5949159],[-73.3792151,-6.6172875],[-73.3806914,-6.6350228],[-73.4370228,-6.6510743],[-73.4586391,-6.6655406],[-73.5164161,-6.6773499],[-73.5597748,-6.7209528],[-73.5845542,-6.7247215],[-73.6428058,-6.762149],[-73.6667812,-6.8064476],[-73.6904709,-6.8343049],[-73.7071961,-6.8396508],[-73.721445,-6.8890873],[-73.7415061,-6.9095458],[-73.7545814,-6.9419073],[-73.7428574,-6.9652584],[-73.7385851,-6.9993049],[-73.7267824,-7.0225233],[-73.7742807,-7.0852406],[-73.8015581,-7.1118244]],[[-67.3258172,-9.5923815],[-66.8102531,-9.8180459]],[[-61.5831348,-8.7986891],[-60.4201808,-8.7966226],[-60.0005265,-8.8008853],[-59.4813631,-8.8033209]],[[-59.4813631,-8.8033209],[-59.0003101,-8.8030955],[-58.4428679,-8.7993991]],[[-58.4428679,-8.7993991],[-58.415878,-8.7928428],[-58.3880024,-8.7747864],[-58.3283686,-8.7121787],[-58.3510264,-8.7015842],[-58.3758508,-8.703714],[-58.4119558,-8.7206089],[-58.4359716,-8.6954603],[-58.3895183,-8.5947925],[-58.410469,-8.5703919],[-58.4051026,-8.537555],[-58.4151685,-8.5234446],[-58.4178072,-8.4895196],[-58.3901503,-8.4389649],[-58.3545775,-8.3927541],[-58.3448047,-8.3407363],[-58.3148931,-8.3230601],[-58.3280835,-8.2858292],[-58.3205879,-8.2718688],[-58.3221697,-8.2320657],[-58.3129453,-8.2091049],[-58.3224642,-8.1700394],[-58.3174323,-8.1545474],[-58.2901673,-8.1356],[-58.2883921,-8.0795723],[-58.3217286,-8.0249817],[-58.3315026,-7.9687628],[-58.3550493,-7.9439894],[-58.3751355,-7.8990013],[-58.3746655,-7.8647604],[-58.3847417,-7.8439891],[-58.3646072,-7.8167663],[-58.3340604,-7.8044011],[-58.2940558,-7.7715405],[-58.2759903,-7.6996663],[-58.2517941,-7.6767995],[-58.2397897,-7.6536067],[-58.2021706,-7.6208543],[-58.2025237,-7.5967433],[-58.2227233,-7.5240378],[-58.2131404,-7.493329],[-58.21306,-7.4585347],[-58.173361,-7.3943672],[-58.1369999,-7.3564081]],[[-58.1369999,-7.3564081],[-58.1700099,-7.3132232]],[[-58.1700099,-7.3132232],[-58.1748107,-7.2714285],[-58.1678046,-7.239248],[-58.1809958,-7.1817367],[-58.209524,-7.1342626],[-58.2528349,-7.0834243],[-58.2882552,-7.061674],[-58.3354221,-6.9863726],[-58.3556092,-6.971659],[-58.3802498,-6.970504],[-58.4345559,-6.9088065],[-58.4817556,-6.7814217],[-58.4785352,-6.7321699],[-58.4784712,-6.6996136],[-58.4651949,-6.670041],[-58.4273058,-6.6161675],[-58.3498866,-6.5624011],[-58.3323084,-6.5329997],[-58.3270562,-6.500374],[-58.2931091,-6.493882],[-58.2667229,-6.4755605],[-58.2552559,-6.4541175],[-58.033639,-5.9781378],[-57.5855733,-5.0007431],[-57.2536156,-4.2967522],[-57.0004891,-3.7591296],[-56.9137547,-3.5622975],[-56.887239,-3.4990467],[-56.7629193,-3.2322098],[-56.6097644,-2.8963407],[-56.4263006,-2.5015831],[-56.4021072,-2.4565168],[-56.462267,-2.4339173],[-56.4655948,-2.4231151],[-56.42565,-2.3691538],[-56.4127577,-2.3217155],[-56.3843157,-2.2704754],[-56.3251193,-2.2492389],[-56.2634986,-2.2210564],[-56.2037697,-2.1830802],[-56.1694261,-2.1455081],[-56.1419261,-2.1002134],[-56.097558,-2.0371332],[-56.1067261,-2.0270363],[-56.1450856,-2.0392059],[-56.1867034,-2.0428213],[-56.1970688,-2.0569228],[-56.2283772,-2.0562204],[-56.2561526,-2.0883161],[-56.2974569,-2.1008075],[-56.3167613,-2.140126],[-56.3511484,-2.1488699],[-56.367785,-2.1370767],[-56.4138828,-2.1759496],[-56.4441803,-2.1539257],[-56.4778933,-2.1703764],[-56.5076277,-2.1437004],[-56.5270653,-2.1391952],[-56.5804098,-2.1794057],[-56.5977918,-2.1749552],[-56.6129132,-2.2101713],[-56.6354265,-2.2035988],[-56.6790728,-2.2125642],[-56.7025689,-2.2017544],[-56.7077679,-2.183902],[-56.760959,-2.1740582],[-56.7694297,-2.1406729],[-56.7532423,-2.1116751],[-56.7327642,-2.0917397],[-56.7213822,-2.0591744],[-56.7266021,-2.0309607],[-56.7478836,-2.0115023],[-56.7669924,-2.0086976],[-56.8167648,-2.0229705],[-56.8590445,-2.015926],[-56.8762985,-1.9923486],[-56.9236786,-1.9643087],[-56.9611252,-1.952972],[-56.9883509,-1.9071603],[-57.0284152,-1.9180238],[-57.0512834,-1.8728007],[-57.0666755,-1.8571237],[-57.0792824,-1.8025708],[-57.0916449,-1.7779555],[-57.1190086,-1.7888468],[-57.1268512,-1.766014],[-57.1580752,-1.7708003],[-57.1616911,-1.7403237],[-57.1996094,-1.7227408],[-57.2308333,-1.7275272],[-57.2581481,-1.7117025],[-57.292255,-1.7082836],[-57.3086733,-1.7325091],[-57.3251892,-1.7173682],[-57.3533836,-1.7368071],[-57.3857558,-1.6976848],[-57.417615,-1.6742892],[-57.4434639,-1.6646183],[-57.4730754,-1.6788804],[-57.5440744,-1.6111343],[-57.5794517,-1.6043938],[-57.6007075,-1.5721561],[-57.6219144,-1.5891542],[-57.6617383,-1.5881773],[-57.6746383,-1.5950156],[-57.7061555,-1.5724492],[-57.6980441,-1.5549136],[-57.7176873,-1.503283],[-57.7799886,-1.5100239],[-57.8228177,-1.438682],[-57.8771053,-1.4233436],[-57.8862428,-1.4341391],[-57.9163918,-1.4210965],[-57.9114565,-1.4047322],[-57.9597339,-1.3968675],[-57.95431,-1.3797702],[-57.9912388,-1.3512663],[-57.998715,-1.3312865],[-57.9885513,-1.312137],[-57.9751627,-1.2398121],[-57.9641683,-1.2152881],[-57.975749,-1.1929135],[-57.9657808,-1.1710272],[-57.9761888,-1.1538307],[-58.0012559,-1.1481148],[-58.0141071,-1.1310647],[-58.0173321,-1.1036085],[-58.0586708,-1.1065398],[-58.0810504,-1.1311624],[-58.0939993,-1.1621358],[-58.1144244,-1.1645785],[-58.1450131,-1.2086442],[-58.154004,-1.2326797],[-58.1630438,-1.2301393],[-58.1895279,-1.2033192],[-58.2125916,-1.1665326],[-58.2349224,-1.1555406],[-58.2558849,-1.1308204],[-58.2742088,-1.1415683],[-58.3167203,-1.1476751],[-58.3412499,-1.1110344],[-58.3583034,-1.1077123],[-58.3637272,-1.0711199],[-58.4289115,-1.0286156],[-58.4200183,-1.0105877],[-58.424074,-0.9909719],[-58.4105876,-0.9822266],[-58.4519752,-0.9240868],[-58.4364854,-0.8859778],[-58.4605874,-0.862868],[-58.4760772,-0.8642849],[-58.4955739,-0.8449858],[-58.5559695,-0.8137163],[-58.5602206,-0.7977394],[-58.6128469,-0.75831],[-58.6367412,-0.7201017],[-58.7061278,-0.6788638],[-58.7082778,-0.6567789],[-58.7363256,-0.6193516],[-58.7318301,-0.5791878],[-58.7090107,-0.5458643],[-58.709988,-0.5170359],[-58.736521,-0.4717409],[-58.7252824,-0.4383191],[-58.7400881,-0.4315761],[-58.7466847,-0.4148163],[-58.7763939,-0.3980076],[-58.7834791,-0.388968],[-58.7916393,-0.3854011],[-58.7965746,-0.3899942],[-58.8533543,-0.3602368],[-58.856335,-0.3562789],[-58.8600486,-0.3538357],[-58.8730952,-0.3437211],[-58.8748055,-0.336636],[-58.8749835,-0.2958234],[-58.8653947,-0.2655488],[-58.8793146,-0.2293369],[-58.881038,-0.1965794],[-58.8652551,-0.1689373],[-58.8668112,-0.1378823],[-58.8638839,-0.0780298],[-58.8865816,-0.0591839],[-58.8950359,-0.0109629]],[[-58.8950359,-0.0109629],[-58.8954648,0.2635103]],[[-58.8954648,0.2635103],[-60.0379686,0.2635455],[-60.0590829,0.1629969],[-60.1149431,0.1220949],[-60.1336091,0.1034778],[-60.1213931,0.0880369],[-60.1351238,0.0316482],[-60.169133,-0.003778],[-60.1797365,-0.0023121],[-60.2042172,-0.0299202],[-60.2108138,-0.0638805],[-60.2360275,-0.1037044],[-60.2211607,-0.1419768],[-60.2688029,-0.1765234],[-60.3034961,-0.2585161],[-60.2925506,-0.294626],[-60.3263644,-0.3389936],[-60.3267553,-0.3809179],[-60.3514803,-0.4056424],[-60.3464962,-0.4379405],[-60.3826554,-0.4592444],[-60.4000998,-0.5174879],[-60.3951157,-0.5496877],[-60.3827531,-0.5538409],[-60.3815315,-0.5884836],[-60.3603247,-0.5984024],[-60.3536303,-0.6173605],[-60.3152723,-0.6364651],[-60.3114609,-0.7184527],[-60.3466917,-0.739609],[-60.3735668,-0.7318403],[-60.3851963,-0.7535829],[-60.4056702,-0.7515796],[-60.4263396,-0.7711722],[-60.4748613,-0.7615958],[-60.4978273,-0.7806509],[-60.4932341,-0.8114321],[-60.5028602,-0.8406985],[-60.5362098,-0.869476],[-60.5581984,-0.8507633],[-60.5880053,-0.843288],[-60.5959213,-0.8662514],[-60.6328134,-0.8614633],[-60.6634998,-0.881202],[-60.6842669,-0.8654697],[-60.7356472,-0.8521314],[-60.7622046,-0.862929],[-60.7631941,-0.8126414],[-60.7779021,-0.7888959],[-60.7712078,-0.7560625],[-60.7926101,-0.7417466],[-60.8185079,-0.6891733],[-60.8551557,-0.6863394],[-60.8576966,-0.6554596],[-60.8714762,-0.6382607],[-60.8915103,-0.6452966],[-60.9276695,-0.6055239],[-60.9213172,-0.5790412],[-60.9336309,-0.5478676],[-60.9836674,-0.5617443],[-61.0568653,-0.543861],[-61.0790494,-0.5061397],[-61.117945,-0.5066283],[-61.1334836,-0.4969537],[-61.1616292,-0.5017422],[-61.168861,-0.516303],[-61.2230998,-0.4998854],[-61.2210475,-0.5289093],[-61.2340453,-0.5619397],[-61.277534,-0.5756209],[-61.3091977,-0.5790412],[-61.3289387,-0.5972175],[-61.3595274,-0.5969244],[-61.4071207,-0.6284885],[-61.4287185,-0.6495475],[-61.4581344,-0.6547267],[-61.4737708,-0.6796456],[-61.4846186,-0.716877],[-61.5105164,-0.7415023],[-61.5356323,-0.7544012],[-61.5473596,-0.7951499],[-61.5484347,-0.8335529],[-61.5567415,-0.86492],[-61.5523438,-0.8894467],[-61.5764824,-0.9111396],[-61.582737,-0.9369363],[-61.5807825,-0.9779761],[-61.5509756,-0.9831549],[-61.5438415,-1.0035769],[-61.5428642,-1.0622039],[-61.5727688,-1.0757856],[-61.5674915,-1.0950345],[-61.5786325,-1.1137947],[-61.5661233,-1.129135],[-61.5811734,-1.1565909],[-61.5727688,-1.1788682],[-61.5871347,-1.1944035],[-61.6083416,-1.2524404],[-61.6070712,-1.2744238],[-61.6269031,-1.29397],[-61.5855081,-1.3386858],[-61.5821752,-1.3534073],[-61.6191215,-1.3947977],[-61.5819057,-1.409522],[-61.5738424,-1.4286891],[-61.548014,-1.429518],[-61.5235688,-1.4906328],[-61.5098399,-1.5069631],[-61.473291,-1.5278497],[-61.4746776,-1.5789673],[-61.4827365,-1.5806331],[-61.5446819,-1.5256267],[-61.5596818,-1.4950728],[-61.6049547,-1.4481315],[-61.7180136,-1.4097932],[-61.7407891,-1.3920181],[-61.7980094,-1.38063],[-61.8171838,-1.3995172],[-61.8693993,-1.401745],[-61.8966239,-1.3953553],[-61.906898,-1.3561901],[-61.9274584,-1.3206319],[-61.9499562,-1.2970205],[-61.966905,-1.2428579],[-62.0174603,-1.141744],[-62.062179,-1.0997992],[-62.0996815,-1.0967433],[-62.1182904,-1.0764676],[-62.1113467,-1.0603609],[-62.1255177,-1.0373019],[-62.1430091,-1.0373036],[-62.1719075,-1.0059124],[-62.1999604,-1.0003542],[-62.2038518,-0.9828517],[-62.2274549,-0.9734411],[-62.2591241,-0.9759149],[-62.2721852,-0.9520217],[-62.3127423,-0.930355],[-62.3649621,-0.8773045],[-62.3760672,-0.8364693],[-62.3957973,-0.8203567],[-62.4332906,-0.8039684],[-62.4616298,-0.8017453],[-62.5010732,-0.7814661],[-62.5102377,-0.7589685],[-62.4949568,-0.7506342],[-62.5082918,-0.7142492],[-62.4866273,-0.6814673],[-62.4271271,-0.6897596],[-62.4050896,-0.7222027],[-62.3674645,-0.6944991],[-62.3558105,-0.671608],[-62.3301081,-0.6581714],[-62.3080217,-0.6577317],[-62.2867171,-0.632373],[-62.2906262,-0.5984635],[-62.3123217,-0.5759385],[-62.3072399,-0.5081186],[-62.2927274,-0.5036722],[-62.2804137,-0.4507057],[-62.232796,-0.4244911],[-62.2174527,-0.4040666],[-62.2081686,-0.367615],[-62.1967345,-0.3628754],[-62.1871572,-0.3278407],[-62.2193096,-0.3056569],[-62.2421259,-0.2992467],[-62.253389,-0.2700021],[-62.2530225,-0.2129053],[-62.241564,-0.1704673],[-62.2778209,-0.1498469],[-62.2940436,-0.1195515],[-62.3197948,-0.0963412],[-62.326538,-0.0016922],[-62.336604,0.021567],[-62.3658734,0.0557716],[-62.4092644,0.0750728],[-62.4281258,0.1281387],[-62.4241258,0.1532502],[-62.4385598,0.1948955],[-62.4527436,0.2074142],[-62.4544158,0.2435529],[-62.4666294,0.2679859],[-62.4585849,0.3134941],[-62.4668891,0.3329678],[-62.4463713,0.3791138],[-62.4585682,0.4176914],[-62.485246,0.4540804],[-62.5186613,0.4437009],[-62.5229646,0.485566],[-62.5330086,0.5088084],[-62.5188492,0.5937719],[-62.5382905,0.6751955],[-62.5333109,0.7013007],[-62.5004942,0.7479483],[-62.4630261,0.7768688],[-62.4585786,0.7996711],[-62.4660739,0.8290772],[-62.4810502,0.8426722],[-62.4846856,0.8760203],[-62.4671893,0.9237996],[-62.4427354,0.9585339],[-62.4458079,0.9768413],[-62.4746958,1.0162997],[-62.4791091,1.0479361],[-62.4716209,1.0862816],[-62.5210879,1.0838159],[-62.5452401,1.1207622],[-62.5546935,1.1749041],[-62.5766177,1.227417],[-62.5974677,1.290221],[-62.6021975,1.3257722],[-62.6205211,1.3626934],[-62.6202536,1.4037833],[-62.6399648,1.4382383],[-62.6769036,1.4546309],[-62.7308005,1.499632],[-62.7363493,1.5296296],[-62.8052823,1.5913457],[-62.7929928,1.6353122],[-62.7286068,1.7],[-62.7223724,1.7224945],[-62.7310733,1.8182323],[-62.7041791,1.8739468],[-62.6987291,1.9119576],[-62.7149136,1.9506879],[-62.7593207,1.9730548],[-62.8132455,1.9916842],[-62.8385715,2.0163864],[-62.9484827,2.0310414],[-62.9804347,2.0179276],[-63.0237762,2.0146794],[-63.0772673,2.0460662],[-63.1198323,2.0964525],[-63.1385586,2.1427707],[-63.1463394,2.1732586],[-63.1941336,2.1812129],[-63.2763514,2.1543897],[-63.3107885,2.165004],[-63.3597912,2.1971016]],[[-58.8954648,0.2635103],[-58.8954979,1.2276938],[-58.9046663,1.251024],[-58.8988351,1.2793569],[-58.9238301,1.2935199],[-58.9185494,1.3165785],[-58.9660576,1.3124126],[-58.9816123,1.3046316],[-58.9938326,1.3271332],[-59.0210587,1.3310229],[-59.0529979,1.3243534],[-59.1027169,1.3482417],[-59.1527243,1.3488017],[-59.1885555,1.3751884],[-59.2266115,1.3774098],[-59.2693901,1.40047],[-59.2885589,1.4446364],[-59.3216084,1.4821371],[-59.3396677,1.5182487],[-59.3582765,1.5101872],[-59.3788354,1.5207427],[-59.4316175,1.5679687],[-59.4479988,1.6193534],[-59.4830048,1.6265776],[-59.5263387,1.6913029],[-59.5335541,1.7162965],[-59.5666119,1.7357424],[-59.6174465,1.7151866],[-59.6329989,1.7410184],[-59.6663388,1.7546344],[-59.6902225,1.7562986],[-59.678838,1.8071276],[-59.6543876,1.8168515],[-59.6502277,1.8401845],[-59.673836,1.8399106],[-59.691892,1.8535252],[-59.7460566,1.8518555],[-59.7468876,1.878517],[-59.7593915,1.9004668],[-59.7380084,1.955461],[-59.7323643,2.0364962],[-59.7422491,2.0739135],[-59.7217863,2.1035319],[-59.725256,2.1318849],[-59.7395124,2.1466399],[-59.7367199,2.1889136],[-59.7198717,2.2371735],[-59.7403833,2.2928529],[-59.7799175,2.2858909],[-59.8322018,2.3289215],[-59.85415,2.3315042],[-59.8695937,2.3501596],[-59.8985179,2.3623571],[-59.9092359,2.3894709],[-59.892156,2.4279824],[-59.897091,2.4814364],[-59.9205085,2.5078595],[-59.9183798,2.5261456],[-59.9381664,2.5552148],[-59.9422392,2.5841285],[-59.9725051,2.598906],[-59.9644065,2.616958],[-59.97761,2.6431937],[-59.9717548,2.6562624],[-59.9876032,2.6789331],[-59.9929794,2.7339374],[-59.9878145,2.7506605],[-59.9934682,2.7860597],[-59.9870503,2.8029148],[-59.9913177,2.8410225],[-59.9788256,2.8945568],[-59.9844012,2.9288344],[-59.9482522,3.0036764],[-59.9623846,3.0168937],[-59.9521582,3.0399082],[-59.9567601,3.0753684],[-59.9388462,3.0999233],[-59.9078985,3.113275],[-59.9194699,3.1320797],[-59.9008141,3.1592082],[-59.9124615,3.190621],[-59.9082813,3.2119422],[-59.8745333,3.2284461],[-59.8814824,3.2579154],[-59.8277937,3.3342234],[-59.810182,3.3767517],[-59.8401305,3.443241],[-59.823652,3.4713776],[-59.8021629,3.4915378],[-59.805161,3.5098028],[-59.8339612,3.5229483],[-59.8450751,3.5448553],[-59.8688787,3.5589921],[-59.850777,3.6045945],[-59.8172748,3.6181552],[-59.7886492,3.6166511],[-59.7596359,3.6331848],[-59.752221,3.652856],[-59.7240068,3.6638315],[-59.7046953,3.6891395],[-59.6687527,3.7028412],[-59.6732427,3.7610179],[-59.6653939,3.7815736],[-59.6356271,3.7933228],[-59.5963737,3.7941978],[-59.5781961,3.832564],[-59.5936983,3.8605074],[-59.5935482,3.8848972],[-59.5684187,3.8973874],[-59.5159026,3.9455893],[-59.5266792,3.9684979],[-59.5567991,3.978984],[-59.6016522,4.0288799],[-59.619755,4.0378255],[-59.6421506,4.0672209],[-59.6544551,4.0695843],[-59.6199961,4.132464],[-59.6501643,4.145696],[-59.6844961,4.146464],[-59.7311528,4.1810633],[-59.7400384,4.2342243],[-59.7326494,4.2853967],[-59.6761961,4.348164],[-59.6942267,4.3801641],[-59.7364019,4.4241358],[-59.7486154,4.420847],[-59.8040345,4.4670814],[-59.8126114,4.446356],[-59.8325961,4.458064],[-59.8621961,4.452464],[-59.8630144,4.4714326],[-59.9114267,4.4777639],[-59.9258135,4.4900065],[-59.9719961,4.509264],[-59.9751604,4.4888547],[-60.0639662,4.495636],[-60.0672961,4.523464],[-60.0890961,4.533464],[-60.1216961,4.501464],[-60.1614961,4.517764],[-60.1537961,4.547364],[-60.1310961,4.595164],[-60.0891961,4.605764],[-60.0703961,4.616964],[-60.0754961,4.655364],[-60.0584961,4.678264],[-60.0255041,4.7062],[-60.0360961,4.718964],[-60.0253961,4.743064],[-60.0216961,4.781964],[-60.0354961,4.789464],[-60.0254961,4.831564],[-60.0132961,4.843764],[-60.0101961,4.873064],[-59.9935049,4.9341069],[-59.9896962,5.0011077],[-59.9751051,5.0305507],[-59.9719777,5.074879],[-60.0087875,5.0855575],[-60.057925,5.1251611],[-60.0641693,5.1378686],[-60.0957826,5.1407268],[-60.1068942,5.1940657],[-60.1327301,5.2248938],[-60.1360617,5.2490623],[-60.1724471,5.2265585],[-60.2124535,5.2718411],[-60.2710608,5.2343422],[-60.3043956,5.2265666],[-60.3135614,5.2104549],[-60.3630098,5.2048987],[-60.381067,5.2207253],[-60.4052341,5.2110063],[-60.4344018,5.1812876],[-60.4496755,5.2001775],[-60.5271792,5.207947],[-60.545789,5.1940612],[-60.5771747,5.1979516],[-60.5921717,5.2173913],[-60.6249579,5.2151713],[-60.6521821,5.2304551],[-60.6971772,5.2287837],[-60.7232879,5.2198936],[-60.7281539,5.2009948],[-60.694675,5.197093],[-60.6570614,5.1559755],[-60.6556509,5.1252864],[-60.6426493,5.1171983],[-60.6449596,5.0585127],[-60.5991233,4.999339],[-60.5841242,4.955732],[-60.5918987,4.9268413],[-60.6088415,4.92406],[-60.6288417,4.8887893],[-60.6538405,4.8812868],[-60.6591214,4.8490644],[-60.6960657,4.8104519],[-60.7196789,4.7996234],[-60.7256978,4.7733697],[-60.7570811,4.7537983],[-60.7851139,4.7538903],[-60.8109736,4.7433058],[-60.8510711,4.7029406],[-60.8994042,4.7181942],[-60.9132911,4.6971539],[-60.919587,4.663349],[-60.947579,4.655541],[-60.9507361,4.6375392],[-60.9333706,4.6161972],[-60.934884,4.584395],[-60.957358,4.577763],[-60.957908,4.545161],[-60.994064,4.532854],[-60.9978797,4.5156047],[-61.0498661,4.5240242],[-61.0940019,4.5228269],[-61.126095,4.5052981],[-61.1451556,4.4833461],[-61.1763519,4.5114819],[-61.2209614,4.5216228],[-61.2697937,4.5396569],[-61.323211,4.5348887],[-61.3231494,4.5045858],[-61.2788449,4.4779504],[-61.2882924,4.4573924],[-61.3060691,4.4590661],[-61.3193977,4.4301727],[-61.351623,4.4187867],[-61.3921854,4.4235086],[-61.4482895,4.4390659],[-61.4621835,4.4362821],[-61.48635,4.4104537],[-61.5135722,4.4054458],[-61.5274597,4.3421189],[-61.5130182,4.309344],[-61.5619014,4.251015],[-61.5907936,4.2440633],[-61.6082915,4.2610047],[-61.6319018,4.2410077],[-61.6563455,4.2604507],[-61.703572,4.2546241],[-61.7235648,4.2443421],[-61.7391227,4.2560081],[-61.7755111,4.2465677],[-61.7857875,4.2240709],[-61.8024589,4.2282326],[-61.8188506,4.1676728],[-61.8369094,4.1601752],[-61.8513496,4.1740639],[-61.9230211,4.1557205],[-61.930794,4.1032257],[-61.9932943,4.1748994],[-62.0116301,4.156004],[-62.048292,4.1501791],[-62.0710688,4.1304531],[-62.1071799,4.1148932],[-62.1144089,4.087957],[-62.1480215,4.079067],[-62.1938505,4.0982295],[-62.2527433,4.1293434],[-62.2894047,4.1401718],[-62.3274602,4.134342],[-62.3535752,4.1651765],[-62.3896861,4.1779587],[-62.4377406,4.182952],[-62.464128,4.1726755],[-62.4607982,4.1426772],[-62.5082995,4.1265635],[-62.5424667,4.1093394],[-62.5566338,4.0782324],[-62.5344069,4.0510145],[-62.5624636,4.0343421],[-62.5727387,4.0146226],[-62.6096854,4.0440611],[-62.6463535,4.0462845],[-62.6591264,4.0346255],[-62.6894063,4.0324],[-62.7360743,4.0398967],[-62.766632,4.0123949],[-62.7502282,3.9660263],[-62.7619074,3.9415626],[-62.7866308,3.9293446],[-62.788853,3.8932343],[-62.7538558,3.8496323],[-62.7713485,3.8340685],[-62.7433013,3.8082293],[-62.7310745,3.7076765],[-62.7485729,3.672674],[-62.7849625,3.6996214],[-62.7899665,3.7176723],[-62.8102383,3.7326761],[-62.838297,3.7360074],[-62.8530142,3.7118462],[-62.9088508,3.6710069],[-62.9363558,3.627952],[-62.9602431,3.6076781],[-62.9849621,3.6096251],[-63.0032931,3.6246219],[-63.0324655,3.6657298],[-63.0730231,3.6854559],[-63.0635709,3.7048993],[-63.0607966,3.7518393],[-63.0869064,3.778512],[-63.1233002,3.8046204],[-63.2044149,3.8115611],[-63.226632,3.8354512],[-63.2335791,3.8815615],[-63.2052478,3.9487902],[-63.2769102,3.9554548],[-63.2866314,3.9726741],[-63.3385744,3.9568414],[-63.3932972,3.9804495],[-63.4288561,3.9771201],[-63.4521907,3.9554506],[-63.411912,3.9132311],[-63.4527513,3.8582333],[-63.4808048,3.8732317],[-63.4991349,3.8698963],[-63.5124696,3.847403],[-63.5810788,3.8862894],[-63.5930218,3.9040639],[-63.5921946,3.9282267],[-63.6174652,3.9596169],[-63.6435753,3.9785087],[-63.6608031,4.0099055],[-63.6855227,4.0090628],[-63.7005276,3.9443406],[-63.6744156,3.9221172],[-63.6969141,3.9132281],[-63.7388542,3.9151713],[-63.755246,3.9401777],[-63.7966359,3.9326727],[-63.8352416,3.9398981],[-63.8502475,3.9499012],[-63.8910768,3.9304584],[-63.9260804,3.9260098],[-63.9380226,3.9012869],[-63.9685837,3.8785051],[-63.9788572,3.9004528],[-63.9971909,3.9035096],[-64.0019115,3.9329572],[-64.0356965,3.9342612],[-64.0999757,4.0346167],[-64.0963574,4.0535148],[-64.1088643,4.0854566],[-64.1719139,4.128789],[-64.1908076,4.1165658],[-64.2188581,4.1154546],[-64.276356,4.1437875],[-64.3021951,4.1323926],[-64.335516,4.129066],[-64.3863665,4.1371235],[-64.4316372,4.1346238],[-64.4577538,4.1212874],[-64.500253,4.1126755],[-64.5444182,4.1137828],[-64.5605044,4.1015668],[-64.5930328,4.1140617],[-64.6274693,4.1385081],[-64.6585876,4.2115662],[-64.6996964,4.25017],[-64.7805303,4.2865645],[-64.7996932,4.284068],[-64.8199777,4.2615625],[-64.8252537,4.2415597],[-64.8105273,4.1746166],[-64.7321922,4.1201757],[-64.7085843,4.0665584],[-64.6838633,4.0401763],[-64.6738667,4.0046216],[-64.6507269,3.9919033],[-64.6244752,3.9564668],[-64.5802514,3.9282949],[-64.5683615,3.8817554],[-64.5244729,3.8419069],[-64.5055041,3.8098765],[-64.4724771,3.7815673],[-64.428583,3.7799007],[-64.3360848,3.730728],[-64.2891404,3.699622],[-64.281083,3.6693447],[-64.246911,3.6276721],[-64.1962509,3.5788961],[-64.187457,3.5554473],[-64.1844002,3.4893145],[-64.1613243,3.4650144],[-64.1486018,3.4399133],[-64.1470633,3.3713242],[-64.1179405,3.3374253],[-64.1217169,3.2786525],[-64.1369887,3.2724749],[-64.1585604,3.2436811],[-64.154009,3.227871],[-64.1814137,3.1704944],[-64.2218373,3.1490086],[-64.2259345,3.1278415],[-64.2138766,3.0904817],[-64.1579073,3.0465045],[-64.1445778,3.0257303],[-64.1608975,2.9871728],[-64.1188802,2.9856429],[-64.0936071,2.9399107],[-64.0705064,2.9175433],[-64.0781338,2.8799086],[-64.0526367,2.8555536],[-64.0413417,2.8315975],[-64.0146932,2.8121699],[-64.0162406,2.7776129],[-63.9870992,2.7155907],[-64.0069566,2.7094874],[-63.9861536,2.6486687],[-64.0077303,2.6277797],[-64.0101372,2.6046557],[-64.0488205,2.5673909],[-64.0430234,2.4959988],[-64.022951,2.4647513],[-64.0078646,2.4807404],[-63.9766171,2.4649662],[-63.9343736,2.4572606],[-63.9204834,2.4736055],[-63.882144,2.4690924],[-63.8465017,2.493248],[-63.7982228,2.4798593],[-63.7819973,2.4569287],[-63.750449,2.4417992],[-63.7039861,2.4578098],[-63.6891575,2.4470644],[-63.6333676,2.440037],[-63.6035815,2.4571651],[-63.5548233,2.4474208],[-63.5534437,2.430162],[-63.5200257,2.4218666],[-63.4805258,2.4335575],[-63.4656972,2.4017083],[-63.4414557,2.4181702],[-63.4217702,2.4452915],[-63.3984313,2.4283568],[-63.3719118,2.4263796],[-63.3570832,2.3789282],[-63.3754381,2.3617522],[-63.375952,2.3396862],[-63.3605217,2.3273935],[-63.3679667,2.2897242],[-63.3604392,2.2691503],[-63.3781226,2.2263227],[-63.3597912,2.1971016]],[[-54.8722509,2.4337466],[-54.9354217,2.5185854],[-54.9543067,2.5836924],[-55.0038059,2.591027],[-55.056307,2.5532265],[-55.1030864,2.5257359],[-55.1234732,2.5677203],[-55.1728658,2.5594387],[-55.2076151,2.5228731],[-55.2348061,2.5034753],[-55.3202556,2.5154633],[-55.356226,2.475653],[-55.3456432,2.4480823],[-55.3853987,2.4184543],[-55.4294499,2.4389661],[-55.4997845,2.4433308],[-55.5706752,2.4236096],[-55.577917,2.4354889],[-55.642262,2.416061],[-55.6740607,2.4136969],[-55.6984185,2.4216359],[-55.7076969,2.4032133],[-55.7470366,2.4105376],[-55.7667045,2.4553296],[-55.8388951,2.4622686],[-55.8545936,2.4806452],[-55.8808697,2.4889886],[-55.9016722,2.5173189],[-55.9346782,2.5335401],[-55.9783139,2.5274219],[-55.9779796,2.4964858],[-55.9911983,2.4670974],[-56.0115895,2.4529113],[-55.9858175,2.4339853],[-55.989922,2.4173455],[-56.0366734,2.3743199],[-56.0225928,2.3475333],[-56.0506795,2.3350707],[-56.0739543,2.3709085],[-56.0902012,2.372367],[-56.0938401,2.3212589],[-56.1072578,2.318374],[-56.1281494,2.2865429],[-56.1325391,2.2637497],[-56.1090116,2.2448301],[-56.0880622,2.2499711],[-56.0429581,2.2278718],[-56.0362302,2.2135751],[-56.0563434,2.1894345],[-56.035145,2.1688853],[-56.0031495,2.16769],[-55.9698121,2.1131213],[-55.9267602,2.0751896],[-55.9329818,2.0613549],[-55.9088651,2.0474991],[-55.9021219,2.0294038],[-55.9138152,1.9906055],[-55.9364257,1.9865514],[-55.9230594,1.9470119],[-55.9206002,1.9190604],[-55.9020101,1.9078318],[-55.90393,1.8881128],[-55.9343722,1.8715794],[-55.9564535,1.8451782],[-55.9701805,1.8483516],[-55.9990386,1.8313637],[-56.0367277,1.8502898],[-56.0987314,1.846612],[-56.1299783,1.8592948],[-56.1527014,1.8907862],[-56.2345387,1.8986942],[-56.2441215,1.878163],[-56.3214781,1.9236996],[-56.3350139,1.9371836],[-56.4118972,1.928347],[-56.4370969,1.9517867],[-56.4829321,1.9541525],[-56.4956521,1.9380548],[-56.546735,1.9154514],[-56.5798431,1.9059607],[-56.6215364,1.9459583],[-56.6547043,1.9181902],[-56.6735432,1.9127658],[-56.7164288,1.9260721],[-56.7649869,1.888445],[-56.7682031,1.8760502],[-56.8015176,1.8741551],[-56.8935683,1.8994047],[-56.9197951,1.930438],[-56.9592603,1.9244683],[-56.9761841,1.9030262],[-57.0007912,1.9073698],[-57.0244831,1.9279061],[-57.0320421,1.9469966],[-57.0712971,1.9687982],[-57.0735435,2.0024537],[-57.0867653,2.0265193],[-57.1584013,1.9918631],[-57.1791806,1.9902311],[-57.2292123,1.9535859],[-57.2529579,1.9485161],[-57.27732,1.9830715],[-57.3044062,1.9975416],[-57.3132905,1.9772738],[-57.3457093,1.9803448],[-57.3677695,1.9237949],[-57.3851241,1.9275006],[-57.4029644,1.9127508],[-57.4335208,1.9060482],[-57.4320157,1.8585502],[-57.4509881,1.8064353],[-57.5019624,1.7861582],[-57.4970403,1.7734931],[-57.5342705,1.7082552],[-57.5533214,1.692508],[-57.5761306,1.7027239],[-57.6048535,1.6930353],[-57.6294353,1.6985471],[-57.650515,1.682436],[-57.6981342,1.7138108],[-57.7051855,1.7309981],[-57.7312431,1.7189552],[-57.7923535,1.7267103],[-57.7984335,1.6971264],[-57.8195983,1.6839094],[-57.8950805,1.6743776],[-57.9136031,1.6476827],[-57.9502957,1.647666],[-57.981128,1.6594102],[-57.9786567,1.5728413],[-58.0056003,1.5168355],[-58.0272692,1.5086841],[-58.061026,1.5254018],[-58.0695482,1.5073972],[-58.0976876,1.513986],[-58.1295247,1.4989538],[-58.1496561,1.5100687],[-58.1607434,1.5601738],[-58.1895491,1.571646],[-58.2332732,1.5474707],[-58.2623564,1.5707902],[-58.2929155,1.5643497],[-58.3172406,1.5684948],[-58.3324767,1.5907334],[-58.3631891,1.5380737],[-58.3896397,1.5354341],[-58.3856898,1.4700439],[-58.4128764,1.4727402],[-58.4485472,1.4560754],[-58.4650766,1.4662859],[-58.5088297,1.4630001],[-58.4981622,1.4301763],[-58.505217,1.4032192],[-58.4797444,1.3902141],[-58.4716361,1.3742098],[-58.4710517,1.3194013],[-58.4951613,1.2949691],[-58.4963272,1.2680153],[-58.5382704,1.2677183],[-58.5402182,1.2879766],[-58.5596676,1.290227],[-58.5885556,1.2699497],[-58.6288346,1.2885549],[-58.6613284,1.280485],[-58.6802168,1.2962979],[-58.7104969,1.2899487],[-58.719946,1.2337833],[-58.7302207,1.2107166],[-58.7513302,1.2085319],[-58.8213323,1.1710488],[-58.831883,1.1879523],[-58.8543928,1.1835071],[-58.8710552,1.2176752],[-58.8954981,1.2287814],[-58.8950359,-0.0109629]],[[-58.1700099,-7.3132232],[-58.1384405,-7.3490342]],[[-58.1384405,-7.3490342],[-58.118602,-7.3530631],[-58.0613616,-7.3951912],[-58.0398352,-7.446345],[-58.002168,-7.4881303],[-57.972582,-7.5345881],[-57.9520562,-7.5801442],[-57.9343873,-7.6567724],[-57.909393,-7.6610528]],[[-57.909393,-7.6610528],[-57.8989504,-7.6718905],[-57.8890582,-7.7121851],[-57.8829998,-7.7467218]],[[-57.8829998,-7.7467218],[-57.8796423,-7.7819074],[-57.8684113,-7.8127219],[-57.840971,-7.8614777],[-57.8331651,-7.8948624],[-57.828833,-7.9728959],[-57.8039975,-8.0034251],[-57.7765286,-8.0521753],[-57.7284399,-8.0942158],[-57.7198593,-8.146605],[-57.7046383,-8.1680236],[-57.6772464,-8.1713961],[-57.6581904,-8.186488],[-57.6416689,-8.2198815],[-57.6439678,-8.2310878]],[[-57.6439678,-8.2310878],[-57.6620791,-8.264982],[-57.6642205,-8.2776593],[-57.6648349,-8.2948832]],[[-57.6648349,-8.2948832],[-57.6779435,-8.3121364],[-57.6798648,-8.318984],[-57.6790555,-8.3335028],[-57.6678008,-8.3639381]],[[-57.6678008,-8.3639381],[-57.6865577,-8.4070078],[-57.6815844,-8.4331259],[-57.6539947,-8.4650723],[-57.6590545,-8.5003866],[-57.633422,-8.5268109],[-57.6505026,-8.5533713],[-57.6447781,-8.5819802],[-57.6222457,-8.5911884],[-57.6205597,-8.6477445],[-57.6053024,-8.6628336],[-57.5936149,-8.7074193],[-57.6010539,-8.741228],[-57.5929389,-8.756477],[-57.5623651,-8.7612518],[-57.5230025,-8.7497337],[-57.4524982,-8.7866128],[-57.4175043,-8.7926085],[-57.4162157,-8.8589951],[-57.3843829,-8.8795574],[-57.3178883,-8.8857123],[-57.3060316,-8.9099045],[-57.2861971,-8.9154972],[-57.2401898,-8.9064918],[-57.1950043,-8.9275137],[-57.1382742,-8.9946121],[-57.0946052,-9.0171114],[-57.0900292,-9.0382179],[-57.0596053,-9.0642778],[-57.063247,-9.0785757],[-57.0392416,-9.09829],[-57.0604425,-9.1371304],[-57.0524179,-9.1584616],[-57.0601323,-9.1819673],[-57.0226379,-9.2197009],[-56.9955493,-9.2338426],[-56.9522491,-9.2230836],[-56.9381871,-9.2304317],[-56.8723618,-9.2391627],[-56.8603337,-9.2316457],[-56.8201088,-9.2463404],[-56.8034149,-9.2674537],[-56.7755214,-9.3295274],[-56.7723236,-9.3909593],[-56.7611087,-9.4049994],[-56.7542707,-9.4063641],[-56.7183325,-9.3838899],[-56.7083858,-9.3732067],[-56.6718827,-9.3673969],[-55.6041026,-9.4559371],[-54.6134541,-9.5358262],[-54.1066155,-9.5719207],[-53.0004717,-9.6552689],[-52.0003209,-9.7258355],[-51.4881666,-9.7605808],[-50.8428938,-9.8008231],[-50.2248064,-9.8411535]],[[-50.2248064,-9.8411535],[-50.2037848,-9.7909143],[-50.1978964,-9.7588349],[-50.1510053,-9.6956082],[-50.1400573,-9.6545043],[-50.1377529,-9.6248242],[-50.1073697,-9.5942802],[-50.1073321,-9.5725075],[-50.0895623,-9.5456929],[-50.1053376,-9.4754105],[-50.0901168,-9.4315957],[-50.0655334,-9.4008017],[-50.0528335,-9.372673],[-50.055468,-9.3346989],[-50.0485011,-9.3080337],[-50.0377849,-9.2894054],[-50.0050057,-9.2687597],[-49.9969316,-9.2376524],[-49.9661483,-9.2308641],[-49.943475,-9.2008857],[-49.9054199,-9.1697448],[-49.8968794,-9.1436736],[-49.8516138,-9.0654349],[-49.8425897,-9.0273259],[-49.7936636,-8.9794338],[-49.7676841,-8.9336881],[-49.6843583,-8.8564749],[-49.5924113,-8.8394912],[-49.5620082,-8.7969918],[-49.5434457,-8.761395],[-49.4876063,-8.6885047],[-49.4540257,-8.6153915],[-49.4098882,-8.5800019],[-49.4005772,-8.5587983],[-49.3914974,-8.4897785],[-49.3770137,-8.4552851],[-49.3380798,-8.4107367],[-49.313299,-8.4028977],[-49.2833241,-8.3795572],[-49.2674375,-8.3341894],[-49.2486603,-8.2553764],[-49.215854,-8.1942117],[-49.2038625,-8.1400069],[-49.2073277,-8.1225007],[-49.193163,-8.0764651],[-49.1767186,-8.0615113],[-49.1737507,-8.0144182],[-49.1820284,-7.9769635],[-49.1696421,-7.9547897],[-49.1627769,-7.9005312],[-49.164913,-7.8328703],[-49.1500554,-7.8121134],[-49.1607401,-7.791369],[-49.1856373,-7.7836514],[-49.2211632,-7.7615992],[-49.2399968,-7.7407245],[-49.2965276,-7.6964425],[-49.328079,-7.677795],[-49.3401424,-7.6604679],[-49.3815774,-7.5691029],[-49.384052,-7.5434922],[-49.3779974,-7.4964458],[-49.2694453,-7.3728486],[-49.231475,-7.3257861],[-49.2067867,-7.2707293],[-49.1852842,-7.2351718],[-49.1831997,-7.2145997],[-49.193796,-7.1298147],[-49.1913048,-7.0749287],[-49.1952789,-7.0262647],[-49.2174451,-6.9614693],[-49.2095281,-6.9254206],[-49.1719412,-6.8929351],[-49.1504653,-6.8888509],[-49.0437712,-6.8157714],[-49.0188835,-6.7842105],[-48.9637126,-6.7794597],[-48.913853,-6.7573695],[-48.8511291,-6.7486772],[-48.8258553,-6.7546541],[-48.7690982,-6.7307016],[-48.7368798,-6.692781],[-48.6976577,-6.683716],[-48.686602,-6.6798136],[-48.6552834,-6.6505407],[-48.6539295,-6.6015438],[-48.6612683,-6.5829843],[-48.6633514,-6.5578018],[-48.6581039,-6.5394128],[-48.6462681,-6.5088892],[-48.607185,-6.4480111],[-48.5405762,-6.4008421],[-48.5239622,-6.3735424],[-48.5112392,-6.3569323],[-48.5002152,-6.3509276],[-48.447707,-6.3511789],[-48.4243737,-6.3570057],[-48.3826793,-6.3796079],[-48.3752974,-6.3467488],[-48.3848765,-6.324503],[-48.4171226,-6.2985866],[-48.4127108,-6.2813296],[-48.436132,-6.2013716],[-48.4349388,-6.1831683],[-48.4082705,-6.1534022],[-48.3654883,-6.1473739],[-48.3245162,-6.1327193],[-48.2880473,-6.0975637],[-48.2831587,-6.0815576],[-48.2984849,-6.0501309],[-48.3351601,-6.0357197],[-48.3347163,-6.0042748],[-48.321462,-5.9855016]],[[-48.321462,-5.9855016],[-48.2968282,-5.9698603],[-48.2374592,-5.9526392]],[[-48.2374592,-5.9526392],[-48.2316293,-5.9461389],[-48.2301253,-5.9225184],[-48.2456023,-5.8962332],[-48.2703991,-5.871435],[-48.2919698,-5.8368374]],[[-48.2919698,-5.8368374],[-48.2969078,-5.8142345],[-48.3000139,-5.7887008],[-48.2976365,-5.7651235]],[[-48.2976365,-5.7651235],[-48.2902384,-5.7435391],[-48.27571,-5.7265134],[-48.2200424,-5.7281621],[-48.1759831,-5.7122958],[-48.1709594,-5.7073508],[-48.1412274,-5.6543538],[-48.1322491,-5.6181301],[-48.138152,-5.6026901],[-48.1770231,-5.5748676],[-48.2261928,-5.5506543],[-48.2786891,-5.5404233],[-48.328787,-5.4910438],[-48.341084,-5.4670646],[-48.3515976,-5.4278364],[-48.3734856,-5.4027369],[-48.3935104,-5.3942126],[-48.4645898,-5.4122918],[-48.5139025,-5.4298196],[-48.5575365,-5.416711],[-48.5967334,-5.4225444],[-48.6291243,-5.4100587],[-48.6504881,-5.3849182],[-48.7262652,-5.3761918],[-48.749297,-5.3673877],[-48.7551507,-5.3491654]],[[-48.7551507,-5.3491654],[-48.4922238,-5.1440965],[-48.4392993,-5.1006225],[-48.3155936,-5.0069924],[-48.0014333,-4.75886],[-47.816153,-4.6147285],[-47.7925691,-4.5864108],[-47.7540405,-4.5908236],[-47.7248128,-4.6064181],[-47.6821203,-4.6063812],[-47.6376763,-4.5714003],[-47.6119419,-4.5573579],[-47.5814777,-4.5199355],[-47.5637242,-4.4745575],[-47.5376001,-4.4525953],[-47.5027881,-4.4037066],[-47.4763146,-4.3564394],[-47.4795412,-4.3284996],[-47.470329,-4.3107146],[-47.4420493,-4.2874251],[-47.4010766,-4.2678237],[-47.3717681,-4.2455858],[-47.3790018,-4.2205369],[-47.3654569,-4.2058179],[-47.3658287,-4.18064],[-47.3402351,-4.1770458],[-47.3502036,-4.1178207],[-47.3194243,-4.0477745],[-47.2931109,-4.0522709],[-47.2814241,-4.0334206],[-47.2546134,-4.0194826],[-47.2389286,-3.9986308],[-47.1902562,-3.9837047],[-47.1731461,-3.9238234],[-47.1484961,-3.9144898],[-47.1469461,-3.8962017],[-47.128751,-3.8766426],[-47.1066248,-3.8809428],[-47.0852051,-3.85664],[-47.0835715,-3.8244046],[-47.0557157,-3.7735356],[-47.0652734,-3.759364],[-47.0532972,-3.7368551],[-47.0453679,-3.6238821],[-47.0307939,-3.5947199],[-47.0388461,-3.5621033],[-47.0184659,-3.5655395],[-47.0040617,-3.5426413],[-46.9688798,-3.5144028],[-46.9824151,-3.496162],[-46.9697105,-3.4757747],[-46.9484548,-3.476799],[-46.9563218,-3.4258777],[-46.92974,-3.3738319],[-46.8848342,-3.3351737],[-46.8586432,-3.3429786],[-46.8460364,-3.319271],[-46.8148613,-3.3114659],[-46.802059,-3.2659998],[-46.8061635,-3.2440466],[-46.7791907,-3.2421684],[-46.7715436,-3.2040662],[-46.7226309,-3.159132],[-46.7496037,-3.1244909],[-46.6886218,-3.0929714],[-46.6731808,-3.0673062],[-46.6773342,-3.0342723],[-46.6684899,-2.9927955],[-46.6499217,-2.9960161],[-46.6474296,-2.9698118],[-46.6730342,-2.9450709],[-46.6539285,-2.9310654],[-46.6805554,-2.8827178],[-46.639416,-2.8835578],[-46.6400023,-2.8509089],[-46.6109773,-2.8552524],[-46.5989568,-2.79698],[-46.6252943,-2.8065459],[-46.6384876,-2.7909281],[-46.6313534,-2.7708688],[-46.6696138,-2.7346049],[-46.6631149,-2.6935566],[-46.6380966,-2.6872113],[-46.6060909,-2.6394741],[-46.5874738,-2.6416707],[-46.5673419,-2.626783],[-46.5068486,-2.616874],[-46.5094384,-2.5906125],[-46.4735724,-2.5465816],[-46.4193336,-2.5324251],[-46.4365825,-2.5152417],[-46.442153,-2.4194111],[-46.4127859,-2.3791338],[-46.4318916,-2.3644873],[-46.4562746,-2.38675],[-46.4642883,-2.3633644],[-46.4316473,-2.3348031],[-46.4324291,-2.2971111],[-46.4163041,-2.2738216],[-46.4305234,-2.2352003],[-46.4106359,-2.2287552],[-46.3911392,-2.2501412],[-46.3509244,-2.2240678],[-46.3355811,-2.1940389],[-46.2832969,-2.1543901],[-46.3002038,-2.1459426],[-46.2730844,-2.1201116],[-46.269273,-2.0906667],[-46.2745992,-2.0546288],[-46.2604287,-2.0460831],[-46.2514378,-2.0006193],[-46.2364854,-1.9664352],[-46.2227059,-1.9102252],[-46.2435218,-1.8786276],[-46.2152786,-1.8459062],[-46.2110274,-1.8310593],[-46.2303286,-1.8031233],[-46.2536366,-1.7958462],[-46.312151,-1.8056873],[-46.3244891,-1.772696],[-46.3118822,-1.7332325]],[[-46.3118822,-1.7332325],[-46.3084618,-1.7308881],[-46.2949754,-1.7265901],[-46.2658526,-1.7328418]],[[-46.2658526,-1.7328418],[-46.2475775,-1.7209245],[-46.2251002,-1.7316696],[-46.1928501,-1.7076395],[-46.1712523,-1.6983595],[-46.1593296,-1.6850743],[-46.1553227,-1.6754034],[-46.157375,-1.6636811],[-46.1658773,-1.634375],[-46.1336272,-1.5818183],[-46.1362659,-1.5697047],[-46.1440841,-1.5178302],[-46.1761387,-1.4773849],[-46.1435954,-1.449737],[-46.1534659,-1.4256059],[-46.1145704,-1.351941],[-46.1333341,-1.3097341],[-46.1502409,-1.3061191],[-46.1615773,-1.2818889],[-46.1400773,-1.2476926],[-46.1508273,-1.2326461],[-46.1330409,-1.2103693],[-46.1041135,-1.2019666]],[[-46.1041135,-1.2019666],[-46.0871042,-1.1576819],[-46.0871388,-1.1344187],[-46.061815,-1.0971945],[-46.088227,-1.0488363],[-46.0945521,-1.0206273],[-46.1412924,-1.05816],[-46.1527736,-1.0886705],[-46.1717354,-1.0848535],[-46.1506536,-1.051042],[-46.1605034,-1.0051743],[-46.1754358,-0.9998522],[-46.1867471,-1.0333892],[-46.1904802,-1.0761929],[-46.2188881,-1.0996539],[-46.2395562,-1.0982463],[-46.2047896,-1.0584145],[-46.2154454,-1.0263182],[-46.2177301,-0.9920865],[-46.1927532,-0.9561838],[-46.1758755,-0.9454293],[-46.1802434,-0.912237],[-46.2040482,-0.8849127],[-46.2648307,-0.9134146],[-46.2712494,-0.9342625],[-46.2676913,-0.9651558],[-46.2892861,-0.9830453],[-46.2877317,-0.9994154],[-46.3213602,-1.0246632],[-46.3477572,-1.006757],[-46.3901096,-1.0199488],[-46.3989375,-0.9965315],[-46.4158867,-1.0009574],[-46.4275809,-1.0234964],[-46.4662492,-1.0264336],[-46.4648314,-0.9980531],[-46.4785215,-0.9655577],[-46.4653608,-0.9517054],[-46.4683787,-0.9295292],[-46.4102555,-0.8876399],[-46.4261082,-0.8657539],[-46.4619122,-0.8719415],[-46.4796365,-0.8832979],[-46.4979803,-0.8727207],[-46.5150786,-0.9296538],[-46.5564755,-0.9177489],[-46.5774852,-0.9815032],[-46.601961,-0.9569416],[-46.62564,-0.960549],[-46.6420417,-0.9488571],[-46.624984,-0.9211857],[-46.6323874,-0.8954783],[-46.6017853,-0.8580896],[-46.5961262,-0.8419423],[-46.6189755,-0.8054803],[-46.6652932,-0.7912138],[-46.679108,-0.8454147],[-46.6921945,-0.833858],[-46.7152694,-0.842461],[-46.7354436,-0.8622322],[-46.739773,-0.8207577],[-46.7644026,-0.8040013],[-46.7661509,-0.8395931],[-46.8063625,-0.8704949],[-46.8072566,-0.8344781],[-46.8335204,-0.8263796],[-46.8241454,-0.7894389],[-46.8360207,-0.7467125],[-46.8623599,-0.7416917],[-46.8635888,-0.7603115],[-46.8836674,-0.7671805],[-46.883672,-0.8076491],[-46.912821,-0.8211231],[-46.9161311,-0.852419],[-46.9308991,-0.8669769],[-46.9450229,-0.8255218],[-46.9422472,-0.8074709],[-46.9702914,-0.7674795],[-46.9461513,-0.7309943],[-46.974978,-0.7041001],[-46.989143,-0.7184881],[-47.0026589,-0.7607985],[-47.0314339,-0.7679175],[-47.0374202,-0.7940059],[-47.063378,-0.7922874],[-47.0819055,-0.7645206],[-47.0909027,-0.7184058],[-47.074252,-0.7019957],[-47.0920322,-0.6741364],[-47.1211877,-0.6762125],[-47.140301,-0.6984657],[-47.1372425,-0.7325483],[-47.1669292,-0.7298787],[-47.1676021,-0.694762],[-47.1769888,-0.6731962],[-47.2035718,-0.6981747],[-47.2049024,-0.6497306],[-47.2183704,-0.6325563],[-47.2619621,-0.6242868],[-47.2827765,-0.6380016],[-47.2873359,-0.6013099],[-47.322479,-0.5914541],[-47.354914,-0.6024773],[-47.3842549,-0.6024933],[-47.395899,-0.6539644],[-47.4308354,-0.6407959],[-47.4111143,-0.6027782],[-47.4217333,-0.5846346],[-47.4720045,-0.5939981],[-47.4849043,-0.6194248],[-47.472342,-0.6310473],[-47.4790063,-0.6571544],[-47.4699879,-0.6937537],[-47.473545,-0.7353311],[-47.4958764,-0.7217403],[-47.5010207,-0.6911149],[-47.521484,-0.6476954],[-47.5405381,-0.6390999],[-47.5317959,-0.6155547],[-47.5631599,-0.5821939],[-47.5892911,-0.5758006],[-47.5868177,-0.6390544],[-47.6104066,-0.6853452],[-47.6291248,-0.7072738],[-47.6371343,-0.6361046],[-47.6327309,-0.6021061],[-47.6699627,-0.5751776],[-47.7021299,-0.5934134],[-47.6900292,-0.5558379],[-47.7038784,-0.534576],[-47.738597,-0.5367241],[-47.7452388,-0.5524107],[-47.7708552,-0.5658822],[-47.7561919,-0.6063147],[-47.772848,-0.6054593],[-47.8142727,-0.5764182],[-47.830646,-0.6105249],[-47.8205928,-0.6364821],[-47.8369537,-0.6808931],[-47.8507535,-0.6693779],[-47.8554744,-0.6394008],[-47.8459009,-0.6251847],[-47.8587456,-0.5703664],[-47.8950011,-0.5581201],[-47.9142859,-0.5636079],[-47.9106469,-0.6034915],[-47.921104,-0.6256315],[-47.964621,-0.6420758],[-47.9652235,-0.6737017],[-47.9912195,-0.694686],[-48.0196956,-0.6865582],[-48.0263029,-0.6681662],[-48.0477195,-0.6595742],[-48.0674389,-0.673484],[-48.1584045,-0.7742128],[-48.1667349,-0.8097239],[-48.1777984,-0.8210127],[-48.2211661,-0.8229017],[-48.2369332,-0.8375711],[-48.2514534,-0.877899],[-48.2684634,-0.9029275],[-48.2937708,-0.9196765],[-48.3658013,-0.9189255],[-48.4238879,-0.9006479],[-48.4747161,-0.8739021],[-48.4916355,-0.848433],[-48.5060619,-0.810438],[-48.5121803,-0.7596886],[-48.4880288,-0.7339583],[-48.4705945,-0.6140523],[-48.4747369,-0.589978],[-48.4737255,-0.526714],[-48.4411059,-0.4122095],[-48.3882519,-0.3526907],[-48.3746329,-0.30307],[-48.3969104,-0.2516341],[-48.4402362,-0.2254047],[-48.4858922,-0.2319833],[-48.5051168,-0.2425761],[-48.6335677,-0.2315883],[-48.6522864,-0.240736],[-48.7119713,-0.2518484],[-48.7437274,-0.2499224],[-48.7763687,-0.2373],[-48.8100784,-0.2147657],[-48.8347118,-0.2226507],[-48.9028777,-0.2225098],[-48.9183905,-0.2295529],[-48.9470183,-0.2222134],[-48.9640039,-0.2039872],[-48.9972673,-0.1862099],[-49.0126204,-0.1598834],[-49.0394245,-0.1693389],[-49.0643202,-0.1612274],[-49.087956,-0.1667849],[-49.113368,-0.1606274],[-49.1367384,-0.1682408],[-49.1642678,-0.1458558],[-49.1961676,-0.1313531],[-49.2128923,-0.1486866],[-49.246034,-0.1612027],[-49.3168825,-0.157256],[-49.3345562,-0.1605218],[-49.3787478,-0.1910237],[-49.3941761,-0.1909461],[-49.4221892,-0.1684469],[-49.4386111,-0.1264927],[-49.4316564,-0.0881999],[-49.4167957,-0.0674722],[-49.3890917,-0.0587664],[-49.3574527,-0.0239332],[-49.3583383,0.0079365],[-49.3749153,0.0443993],[-49.397009,0.0621591],[-49.4789561,0.0810633],[-49.531741,0.0811588],[-49.5769481,0.0907358],[-49.6322276,0.0748934],[-49.6656591,0.096562],[-49.6995784,0.1505051],[-49.6927197,0.1780972],[-49.6444491,0.2166634],[-49.63329,0.2413523],[-49.583738,0.2725382],[-49.5291541,0.2917297],[-49.4950295,0.3186274],[-49.4886799,0.3392839],[-49.5031751,0.3716787],[-49.5477582,0.3901311],[-49.5819234,0.418674],[-49.618127,0.3920543],[-49.6569138,0.393877],[-49.731086,0.3752833],[-49.7777692,0.3413052],[-49.8077867,0.3320504],[-49.8282806,0.3554297],[-49.8892148,0.3225009],[-49.9384746,0.3652911],[-49.9805094,0.360503],[-49.9929089,0.3384154],[-50.0513843,0.3367464],[-50.0984446,0.3444633],[-50.1316929,0.3306634],[-50.1678189,0.3402908],[-50.1776349,0.3755814],[-50.1727376,0.397643],[-50.12005,0.4300057],[-50.0774344,0.4634433],[-50.036413,0.5341784],[-50.027856,0.5678313],[-50.037307,0.6018789],[-50.0726399,0.635792],[-50.1043542,0.63955],[-50.1334898,0.6196196],[-50.1791355,0.6347323],[-50.21351,0.6559749],[-50.2227339,0.6780527],[-50.2260857,0.6962372],[-50.2937677,0.6832809]],[[-50.2937677,0.6832809],[-50.3472365,0.6668437],[-50.3978871,0.6325752],[-50.4365469,0.600107],[-50.4672645,0.5309222],[-50.4762092,0.4814998],[-50.5039997,0.4350876],[-50.5238924,0.3723908],[-50.556148,0.3067173],[-50.5963071,0.2503658],[-50.623601,0.2317763],[-50.6681975,0.1850345],[-50.7264617,0.1416011],[-50.7619561,0.120978],[-50.8035185,0.1063234],[-50.9210933,0.0761336],[-50.9654996,0.0493969],[-50.985116,0.0294201],[-50.9969123,0.0034511],[-51.0173382,-0.0107236],[-51.0656742,-0.0762263],[-51.1132027,-0.0966079],[-51.1748986,-0.1045348],[-51.2163629,-0.1186128],[-51.3024816,-0.2526427],[-51.3230321,-0.2637693],[-51.3321183,-0.2737844],[-51.3544518,-0.3185241],[-51.3625053,-0.3681079],[-51.4037713,-0.4147375],[-51.4236695,-0.4366112],[-51.4324792,-0.4733425],[-51.4577885,-0.513234],[-51.4867025,-0.5456097],[-51.5151162,-0.5660446],[-51.5955362,-0.6504378],[-51.6834486,-0.7940294],[-51.6955135,-0.9212915],[-51.6856469,-1.0128623],[-51.6881858,-1.0392483],[-51.7043365,-1.067741],[-51.7554288,-1.1141725],[-51.7783994,-1.1404123],[-51.8090963,-1.1571011],[-51.8872859,-1.1663971],[-51.9229007,-1.1329634],[-51.9469037,-1.1660067],[-51.9659296,-1.1596028],[-51.9619572,-1.1344374],[-51.974985,-1.1206175],[-51.9939523,-1.1347229],[-51.9911221,-1.171816],[-52.0409005,-1.1701323],[-52.062961,-1.1928913],[-52.0475632,-1.2142842],[-52.070459,-1.2359841],[-52.1098719,-1.2181159],[-52.1067638,-1.1830679],[-52.1202623,-1.146198],[-52.1467312,-1.1487914],[-52.1789319,-1.1295951],[-52.2147327,-1.1349578],[-52.2451946,-1.1253785],[-52.2655945,-1.1289777],[-52.3127909,-1.1142085],[-52.3329879,-1.1158915],[-52.3581556,-1.0625844],[-52.4001787,-1.0436305],[-52.4167912,-1.0256118],[-52.4199283,-0.9659632],[-52.4355954,-0.9501671],[-52.4376793,-0.9288754],[-52.4047158,-0.9127377],[-52.403158,-0.8771483],[-52.419851,-0.8546977],[-52.4555179,-0.8302661],[-52.4684059,-0.8410944],[-52.5169334,-0.858616],[-52.5374751,-0.8583778],[-52.5418462,-0.8365449],[-52.5169699,-0.8090464],[-52.5182377,-0.7755192],[-52.4971522,-0.7229462],[-52.5103877,-0.679184],[-52.5131837,-0.6196459],[-52.5322928,-0.5763552],[-52.5763261,-0.5764098],[-52.61299,-0.5948934],[-52.640009,-0.5849061],[-52.6954363,-0.4964017],[-52.6910184,-0.47716],[-52.70068,-0.4529291],[-52.6810757,-0.415085],[-52.6973482,-0.3929354],[-52.6818497,-0.3399645],[-52.6841716,-0.3143137],[-52.7009011,-0.2928425],[-52.7162419,-0.292696],[-52.7544268,-0.2621886],[-52.7604398,-0.2375744],[-52.8360989,-0.1861492],[-52.8447693,-0.1597267],[-52.8641028,-0.1447643],[-52.9040129,-0.1549377],[-52.9327437,-0.1423073],[-52.9600174,-0.0632217],[-52.9710222,-0.0431101],[-52.9772926,0.0237963],[-53.0149667,0.0596921],[-53.0111292,0.0950459],[-53.029266,0.1047191],[-53.0521271,0.1573389],[-53.0942925,0.195307],[-53.1058506,0.2373476],[-53.0941268,0.2589577],[-53.1119333,0.2865299],[-53.131376,0.2962017],[-53.136459,0.3260357],[-53.1753105,0.3817172],[-53.1612041,0.398538],[-53.1677453,0.4457283],[-53.1551284,0.4801797],[-53.1697689,0.4937348],[-53.1520646,0.5318937],[-53.1548478,0.5633555],[-53.1473221,0.6003346],[-53.1227118,0.6300909],[-53.1057436,0.6794615],[-53.1241293,0.6973549],[-53.1469379,0.6997862],[-53.1574069,0.7290729],[-53.1846077,0.7475027],[-53.1902726,0.7683835],[-53.2551477,0.8092116],[-53.2874946,0.8457159],[-53.3219937,0.8720013],[-53.4114942,0.9293442],[-53.4108033,0.9820425],[-53.4268299,0.992426],[-53.4223294,1.0337374],[-53.4359634,1.0595801],[-53.4558237,1.0773718],[-53.4591576,1.1336804],[-53.4443579,1.1513192],[-53.4044098,1.1511736],[-53.3960801,1.1792925],[-53.438769,1.232134],[-53.4699094,1.2399701],[-53.5252098,1.2117165],[-53.5463212,1.2285074],[-53.5233275,1.2613389],[-53.5527117,1.2802892],[-53.5626334,1.3065819],[-53.5333853,1.3224288],[-53.5456272,1.3474523],[-53.5706899,1.337302],[-53.5952181,1.3581541],[-53.6332463,1.3473586],[-53.6648539,1.3752498],[-53.7014598,1.3779189],[-53.7134356,1.3964326],[-53.7323267,1.3862888],[-53.7837222,1.4028539],[-53.820106,1.3891676],[-53.8646576,1.4060099],[-53.8877512,1.4077873],[-53.876742,1.4354522],[-53.8959981,1.4551258],[-53.9670765,1.4843951],[-53.9974678,1.4757713],[-53.9995265,1.5047707],[-54.0202741,1.5157631],[-54.0519674,1.4944892],[-54.06916,1.5009694],[-54.0987782,1.5505238],[-54.1175262,1.5581747],[-54.1019449,1.5843053],[-54.1436637,1.640612],[-54.1857503,1.6537353],[-54.2008834,1.6455793],[-54.2627439,1.6883824],[-54.2695781,1.7048118],[-54.3093044,1.7410503],[-54.3414715,1.7398184],[-54.3516918,1.7540727],[-54.4039456,1.7597567],[-54.4571677,1.7583028],[-54.4959444,1.7469426],[-54.528107,1.7649425],[-54.6019171,1.7845734],[-54.6436397,1.7686],[-54.6711959,1.7656566],[-54.6952474,1.7734627],[-54.7447791,1.7758008],[-54.7544217,1.797808],[-54.7384599,1.8248356],[-54.7531955,1.850985],[-54.7530882,1.87572],[-54.7701983,1.9256957],[-54.7559997,1.9742069],[-54.7690252,1.9962038],[-54.8038049,2.0258228],[-54.8062543,2.1389277],[-54.7678915,2.1809114],[-54.7631109,2.2023191],[-54.8114203,2.266378],[-54.7961664,2.3179651],[-54.80756,2.3416749],[-54.8746964,2.4153254],[-54.8722509,2.4337466]],[[-48.8796563,-0.1804215],[-48.8796787,-0.1572364],[-48.9156335,-0.1512864],[-48.932707,-0.1627938],[-48.945854,-0.1980814],[-48.9245512,-0.2139814],[-48.881319,-0.2033437],[-48.8796563,-0.1804215]],[[-49.4497734,0.1126925],[-49.4769071,0.1482064],[-49.5023673,0.1173847],[-49.4497734,0.1126925]],[[-49.6023642,0.1694676],[-49.6328581,0.1945],[-49.6606827,0.1872599],[-49.6774531,0.1557239],[-49.6534572,0.1450355],[-49.6154018,0.1528203],[-49.6023642,0.1694676]],[[-49.6079039,0.1919535],[-49.5683496,0.1810055],[-49.5648179,0.2060799],[-49.6079039,0.1919535]],[[-49.6318823,0.2102698],[-49.6180802,0.1992406],[-49.5763181,0.2197068],[-49.5740745,0.2493265],[-49.6021381,0.2427679],[-49.6318823,0.2102698]],[[-46.3316234,-0.9860782],[-46.305622,-0.997831],[-46.3221321,-0.9364081],[-46.3399791,-0.9598486],[-46.3316234,-0.9860782]],[[-46.4362256,-0.9903981],[-46.406833,-0.9682707],[-46.4164573,-0.9431167],[-46.4362256,-0.9903981]],[[-50.2937677,0.6832809],[-50.2260218,0.6962486],[-50.2312447,0.7301393],[-50.2203937,0.7431222],[-50.1661412,0.754426],[-50.153397,0.7497434],[-50.097362,0.7670499],[-50.0367518,0.8325227],[-50.0202612,0.85877],[-49.9861265,0.8807603],[-50.0024735,0.9064127],[-49.989014,0.9395151],[-49.9668027,0.9437079],[-49.9376914,0.9662236],[-49.9274107,0.9846554],[-49.8897824,1.013597],[-49.88467,1.0471377],[-49.8860731,1.1111501],[-49.883083,1.169077],[-49.9003135,1.2128682],[-49.9042695,1.2955915],[-49.8836418,1.3399816],[-49.8758387,1.4231385],[-49.8826094,1.50477],[-49.9029365,1.5799307],[-49.9002953,1.6023258],[-49.9238851,1.6934496],[-49.9581288,1.7196719],[-50.0322127,1.7597013],[-50.176901,1.8135554],[-50.2896941,1.8078737],[-50.3246141,1.815381],[-50.3735471,1.8011223],[-50.4237254,1.8044642],[-50.4749649,1.8385951],[-50.5073752,1.8845103],[-50.5256164,1.9299361],[-50.5579809,1.9558429],[-50.5826601,1.9896326],[-50.5981108,2.0309046],[-50.5980613,2.0638278],[-50.6430821,2.1134295],[-50.6818668,2.1334028],[-50.6866313,2.1910505],[-50.7252725,2.2557221],[-50.7226278,2.2877466],[-50.7407916,2.3090093],[-50.7563937,2.3864534],[-50.7687378,2.408979],[-50.7703726,2.4534216],[-50.7942244,2.4985492],[-50.8164994,2.5029687],[-50.8443311,2.6009843],[-50.847721,2.6403442],[-50.8824485,2.6882411],[-50.8873064,2.7462342],[-50.9053534,2.7569398],[-50.9084916,2.7888666],[-50.9449973,2.8177539],[-50.9505117,2.8821705],[-50.9925025,2.9621893],[-50.9988269,3.0110367],[-51.021168,3.0513765],[-51.0142975,3.0855578],[-51.0444104,3.1340039],[-51.0328225,3.213689],[-51.0515964,3.2529362],[-51.0865365,3.350172],[-51.1093087,3.4506267],[-51.0910111,3.4804817],[-51.0817748,3.5595385],[-51.0862124,3.5915134],[-51.0911695,3.7384705],[-51.0806825,3.8848086],[-51.101868,3.9127957],[-51.123875,3.908441],[-51.1792978,3.9194963],[-51.1756508,4.0108615],[-51.1886118,4.0778203],[-51.2143281,4.1459298],[-51.263846,4.2163122],[-51.2833624,4.2502674],[-51.3196099,4.2849169],[-51.3942265,4.3649768],[-51.4858816,4.4371787],[-51.6376349,4.5088171],[-51.6693681,4.4538394],[-51.6637841,4.4235166],[-51.6791842,4.3660938],[-51.676804,4.332651],[-51.6493234,4.2672714],[-51.623141,4.225624],[-51.6218722,4.1950725],[-51.6349643,4.1763482],[-51.6375525,4.1332632],[-51.6560654,4.0539051],[-51.6757207,4.0360534],[-51.7457366,4.0014883],[-51.7776249,3.9745539],[-51.7815158,3.9241728],[-51.7986414,3.8869539],[-51.8234483,3.8585718],[-51.8564008,3.832667],[-51.8733752,3.80358],[-51.8980962,3.7838473],[-51.9171895,3.7818897],[-51.9227163,3.7231018],[-51.951969,3.7222908],[-51.9726057,3.7054668],[-51.9934118,3.6438007],[-51.9882722,3.6277233],[-52.0197729,3.5930574],[-52.0604098,3.5196807],[-52.0928151,3.4790486],[-52.1742298,3.3305014],[-52.2343395,3.2401105],[-52.2604514,3.2530006],[-52.2925133,3.2264208],[-52.3027255,3.1999565],[-52.3013258,3.1730521],[-52.3295818,3.171871],[-52.3528862,3.1269871],[-52.3385645,3.1167915],[-52.3431253,3.0932779],[-52.3259446,3.0778089],[-52.3684678,2.9817722],[-52.39513,2.9278241],[-52.3771935,2.9161691],[-52.3910709,2.8975584],[-52.422241,2.8910104],[-52.4734545,2.793888],[-52.4752666,2.7639579],[-52.5071942,2.6978903],[-52.5199305,2.6838762],[-52.5293373,2.6516085],[-52.5428089,2.6537504],[-52.5414088,2.6069983],[-52.5276727,2.5810519],[-52.5612072,2.5502874],[-52.5520602,2.5200208],[-52.5880721,2.4938238],[-52.5947842,2.4763714],[-52.6168126,2.4756753],[-52.6163961,2.4455979],[-52.6357502,2.4452723],[-52.6581531,2.4013383],[-52.660581,2.3739738],[-52.7104685,2.3586243],[-52.7174186,2.3429196],[-52.779136,2.3178877],[-52.7937237,2.3044706],[-52.8418319,2.2913958],[-52.8876787,2.2383708],[-52.9042871,2.1891852],[-52.9390805,2.1899297],[-52.9565133,2.1729696],[-52.9878421,2.1680785],[-52.9976528,2.1781614],[-53.0529534,2.1901171],[-53.0845186,2.2127428],[-53.1386568,2.2118983],[-53.2206887,2.1936133],[-53.2427685,2.2075778],[-53.2613504,2.1893025],[-53.2870225,2.1965683],[-53.2763001,2.2251513],[-53.229515,2.2623791],[-53.2828219,2.3097569],[-53.3060226,2.3155035],[-53.3232962,2.3471142],[-53.3600212,2.3493119],[-53.367632,2.3206454],[-53.440381,2.2802968],[-53.4613234,2.2910155],[-53.4730772,2.256739],[-53.5202433,2.2665094],[-53.5499143,2.258324],[-53.5842436,2.2689267],[-53.59813,2.2845377],[-53.6562953,2.2845212],[-53.6822124,2.3011925],[-53.7485209,2.3224815],[-53.7279918,2.3510786],[-53.7416335,2.3749994],[-53.7672199,2.3789234],[-53.7996331,2.3650322],[-53.8240499,2.3176321],[-53.842076,2.3076565],[-53.859581,2.320001],[-53.8839168,2.3163369],[-53.8878011,2.2987991],[-53.9420777,2.2780862],[-53.9356883,2.2593974],[-53.9749109,2.2323926],[-54.0012416,2.22999],[-54.1890791,2.1788275],[-54.4365792,2.2098867],[-54.6016931,2.3371661],[-54.6622491,2.326987],[-54.6920868,2.3613963],[-54.6849188,2.4468238],[-54.7440324,2.4714862],[-54.7973939,2.4390171],[-54.8722509,2.4337466]],[[-50.442522,2.1097664],[-50.4684307,2.1000039],[-50.5042092,2.0940301],[-50.5212302,2.0054291],[-50.4986396,1.9945379],[-50.4905843,1.9647474],[-50.4658355,1.9232472],[-50.4489823,1.879636],[-50.4255082,1.8670172],[-50.3669897,1.8894511],[-50.3182368,1.9457136],[-50.3267404,1.9828288],[-50.3624547,2.0220263],[-50.3606161,2.0548669],[-50.4054105,2.1112592],[-50.442522,2.1097664]],[[-50.5136684,2.1853071],[-50.550145,2.1516709],[-50.529473,2.1382537],[-50.5113326,2.1033826],[-50.4953975,2.0962017],[-50.4712717,2.1022984],[-50.4583402,2.1152468],[-50.4226335,2.1184624],[-50.4219261,2.1423122],[-50.4384035,2.1595927],[-50.4800964,2.1807611],[-50.5136684,2.1853071]],[[-48.2374592,-5.9526392],[-48.2919557,-5.9685142],[-48.321462,-5.9855016]],[[-50.2248064,-9.8411535],[-50.2642803,-9.9084975],[-50.2779318,-9.9707729],[-50.2942791,-10.016107],[-50.3124518,-10.0456588],[-50.3398411,-10.0609382],[-50.3778102,-10.1107158],[-50.3982581,-10.1554697],[-50.3815645,-10.2189129],[-50.3980942,-10.2544301],[-50.4230666,-10.3274417],[-50.4182853,-10.3562814],[-50.4482858,-10.3915721],[-50.4737254,-10.4049055],[-50.4878673,-10.4679723],[-50.4826205,-10.4900386],[-50.5161464,-10.5039094],[-50.5197293,-10.5624786],[-50.541428,-10.6093227],[-50.5631719,-10.6113215],[-50.5825666,-10.6440813],[-50.6028977,-10.658234],[-50.5876039,-10.6860094],[-50.5705877,-10.7525041],[-50.5968989,-10.8047216],[-50.6121984,-10.8103215],[-50.6220066,-10.8394178],[-50.6190437,-10.8640944],[-50.6049528,-10.8724723],[-50.6007891,-10.9006838],[-50.6326193,-10.9318615],[-50.6202415,-10.9689077],[-50.6174251,-11.0320006],[-50.6094574,-11.0674457],[-50.6576348,-11.1278124],[-50.6644814,-11.1515989],[-50.6547324,-11.2150298],[-50.6560371,-11.2402367],[-50.6713266,-11.2867414],[-50.6968135,-11.3046578],[-50.7122605,-11.3598453],[-50.7285111,-11.3825659],[-50.7281426,-11.4169059],[-50.7392596,-11.435385],[-50.742064,-11.4603495],[-50.7355885,-11.5209167],[-50.7389352,-11.5445116],[-50.7159867,-11.5789533],[-50.6574739,-11.5928064],[-50.6637021,-11.6775273],[-50.7215915,-11.7317126],[-50.7005871,-11.8034665],[-50.6880448,-11.825041],[-50.6863045,-11.8589954],[-50.6653727,-11.8644579],[-50.6392882,-11.8845665],[-50.640571,-11.9026897],[-50.6678955,-11.9277674],[-50.6568339,-11.9668494],[-50.682238,-11.9908876],[-50.6778492,-12.0195134],[-50.6870762,-12.0356338],[-50.6676227,-12.0645602],[-50.6790353,-12.1553342],[-50.6813773,-12.2169497],[-50.6437098,-12.222965],[-50.6464236,-12.2560953],[-50.6312602,-12.284883],[-50.6489155,-12.2990896],[-50.6378161,-12.325286],[-50.6445669,-12.345909],[-50.6268725,-12.384032],[-50.6326753,-12.4171039],[-50.618255,-12.4289922],[-50.6235737,-12.4552838],[-50.6530391,-12.4600739],[-50.6470935,-12.4855232],[-50.659598,-12.5060873],[-50.6637105,-12.5374332],[-50.6864785,-12.5692042],[-50.669429,-12.5807652],[-50.6738731,-12.6001196],[-50.6944285,-12.5926752],[-50.7064888,-12.609701],[-50.6963941,-12.649685],[-50.6562041,-12.6459931],[-50.6547658,-12.6791794],[-50.6347107,-12.7253575],[-50.6229618,-12.7346385],[-50.6302565,-12.776069],[-50.6253595,-12.8000195],[-50.5792864,-12.8008108],[-50.583698,-12.8097437],[-50.5948447,-12.814227]],[[-50.5948447,-12.814227],[-50.600651,-12.8188847],[-50.6012871,-12.8229721],[-50.5978467,-12.826775],[-50.5669545,-12.8434234]],[[-50.5669545,-12.8434234],[-50.5319858,-12.8436218],[-50.5130933,-12.8446418]],[[-50.5130933,-12.8446418],[-50.5109811,-12.8608983]],[[-50.5109811,-12.8608983],[-50.5070725,-12.857941],[-50.508136,-12.852756],[-50.4958557,-12.844634],[-50.4838415,-12.8105787],[-50.4932856,-12.7836871],[-50.4749808,-12.7707892],[-50.4833995,-12.7393087],[-50.4608311,-12.6927772],[-50.4389381,-12.6975408],[-50.4181009,-12.6244473],[-50.386478,-12.5898503],[-50.3695501,-12.557338],[-50.3104161,-12.4953762],[-50.2616921,-12.477218],[-50.2530304,-12.4616048],[-50.2283186,-12.4541338],[-50.1980411,-12.4145677],[-50.1891834,-12.4200919],[-50.1731668,-12.4223333],[-50.1855685,-12.4560267],[-50.2176095,-12.4873571],[-50.2184498,-12.514831],[-50.2295244,-12.531189],[-50.207071,-12.5665508],[-50.2447603,-12.5974743],[-50.2363815,-12.6236716],[-50.2684329,-12.6517489],[-50.271462,-12.6832418],[-50.2954765,-12.6836702],[-50.2882198,-12.7348842],[-50.3024772,-12.7473437],[-50.3107784,-12.7916062],[-50.2960416,-12.8314538],[-50.2504494,-12.85349],[-50.185178,-12.8936382],[-50.1470251,-12.9032391],[-50.0917026,-12.9085261],[-50.0558533,-12.9202356],[-50.0374525,-12.9356091],[-50.0093375,-12.9310255],[-49.9499656,-12.9592881],[-49.9330662,-12.9566911],[-49.9092331,-12.9748676],[-49.3683159,-13.2723014],[-49.3372447,-13.2472816],[-49.3489569,-13.2105459],[-49.3470578,-13.1676757],[-49.3557086,-13.1557731],[-49.3410799,-13.1274961],[-49.3543037,-13.1123772],[-49.3372722,-13.0643396],[-49.3069216,-13.0331474],[-49.2757252,-12.979242],[-49.2797504,-12.9669855],[-49.2492919,-12.9265398],[-49.2488814,-12.9060402],[-49.2261652,-12.8782885],[-49.2106839,-12.8779345],[-49.1714708,-12.8379992],[-49.1549379,-12.827189],[-49.1378038,-12.8055261],[-49.1301953,-12.7983553],[-49.1238265,-12.7924051],[-49.1176838,-12.7900847],[-49.1046307,-12.8354203],[-49.0737183,-12.8458037],[-49.0732435,-12.869707],[-49.0874736,-12.887177],[-49.0754895,-12.9052517],[-49.0330387,-12.9022575],[-49.0091156,-12.9164814],[-49.0029909,-12.9337856],[-48.9762335,-12.9578931],[-48.8703122,-12.8032618],[-48.8589353,-12.8088217],[-48.8505763,-12.8090453],[-48.8459449,-12.8173235],[-48.8422755,-12.8284847],[-48.8429526,-12.8373647],[-48.8426383,-12.8410706],[-48.8248181,-12.8453398],[-48.805945,-12.8692098],[-48.7736691,-12.8884402],[-48.7333252,-12.9356951],[-48.7357875,-12.9542104],[-48.7322575,-12.9712919],[-48.7338802,-12.9794384],[-48.7183329,-12.9987161],[-48.7157524,-13.0022834],[-48.7076375,-13.0026049],[-48.7025864,-12.9996471],[-48.691591,-13.0015131],[-48.6854736,-13.0006099],[-48.6865916,-13.0000075],[-48.6803247,-12.9950035],[-48.6749137,-12.9927556],[-48.6672169,-13.0007459],[-48.6628401,-13.0002762],[-48.6410413,-13.0124353],[-48.6399173,-13.0155252],[-48.6284498,-13.047783],[-48.6252844,-13.0513433],[-48.5992043,-13.0693409],[-48.5809299,-13.1177477],[-48.5789037,-13.1214102],[-48.5775446,-13.1270429],[-48.581159,-13.1271077],[-48.5818401,-13.1410294],[-48.5774783,-13.1952471],[-48.5844342,-13.2270548],[-48.5999452,-13.2386606],[-48.5889337,-13.2635269],[-48.5998625,-13.2879857],[-48.5876603,-13.3100071],[-48.5535925,-13.3026334],[-48.5537521,-13.2035451],[-48.5296886,-13.1914152],[-48.5173926,-13.1463231],[-48.4946538,-13.1368825],[-48.4701744,-13.1458577],[-48.4772668,-13.1788007],[-48.476282,-13.2300904],[-48.458876,-13.2523081],[-48.4577023,-13.2824783],[-48.430047,-13.2711776],[-48.3854841,-13.2662822],[-48.3503919,-13.2439907],[-48.3486924,-13.2454645],[-48.2920688,-13.2199679],[-48.2447494,-13.1926502],[-48.2307606,-13.1712946],[-48.193604,-13.1730343],[-48.1797662,-13.1515657],[-48.1529748,-13.1561787],[-48.1659237,-13.1892998],[-48.1543121,-13.2210279],[-48.1667655,-13.2325899],[-48.1532145,-13.2783113],[-48.1698794,-13.3003456],[-48.1430995,-13.3061551],[-48.0792374,-13.2853782],[-48.0760426,-13.2427307],[-48.0541503,-13.2395873],[-48.034061,-13.2537272],[-48.0252513,-13.2798336],[-47.9885408,-13.2763636],[-47.9705718,-13.3115825],[-47.9363044,-13.2898552],[-47.9064982,-13.2991233],[-47.8740603,-13.3204879],[-47.8236019,-13.3117114],[-47.7982282,-13.3289841],[-47.6797484,-13.4681748],[-47.6709903,-13.4412691],[-47.6377011,-13.3898225],[-47.6287514,-13.365694],[-47.6500735,-13.3491826],[-47.6614696,-13.3027767],[-47.639661,-13.2642926],[-47.6652143,-13.2183676],[-47.6661664,-13.1726605],[-47.6516952,-13.1498235],[-47.6458713,-13.1198323],[-47.6156147,-13.1036851],[-47.5609943,-13.1255621],[-47.5685676,-13.1434514],[-47.5652595,-13.179662],[-47.5410293,-13.1917981],[-47.4774514,-13.1871897],[-47.4878931,-13.2112802],[-47.4651907,-13.227158],[-47.4421239,-13.2223176],[-47.4321613,-13.2379692],[-47.4544222,-13.2505276],[-47.4171999,-13.2708326],[-47.3914681,-13.2583855],[-47.3797227,-13.2306025],[-47.3381852,-13.2463509],[-47.3063623,-13.249093],[-47.2821518,-13.2651268],[-47.2523793,-13.2126088],[-47.2296138,-13.1947384],[-47.1969246,-13.1936844],[-47.1679426,-13.2111178],[-47.1335041,-13.1993901],[-47.1321165,-13.1778641],[-47.0854035,-13.1717336],[-47.0712409,-13.1589459],[-47.0078393,-13.1386366],[-46.9275007,-13.0897505],[-46.8916768,-13.0523851],[-46.8614231,-13.0667377],[-46.8228182,-13.0067893],[-46.750611,-12.969155],[-46.4546499,-12.9711526],[-46.4459259,-12.9357678],[-46.4325688,-12.9306408],[-46.4179848,-12.8224367],[-46.4091181,-12.8455928],[-46.3829617,-12.8485596],[-46.3657643,-12.863354],[-46.3652006,-12.9346972],[-46.3724272,-12.9445488],[-46.3706226,-12.987923],[-46.304931,-12.97854],[-46.2810157,-12.968555],[-46.195902,-12.956977],[-46.1777318,-12.9393773],[-46.1509947,-12.9377361],[-46.120116,-12.9256799],[-46.112965,-12.9180104]],[[-46.112965,-12.9180104],[-46.1266475,-12.9123867]],[[-46.1266475,-12.9123867],[-46.1346516,-12.9234328],[-46.151367,-12.9323406],[-46.167237,-12.9280602],[-46.1996572,-12.9473047],[-46.2223573,-12.9502317],[-46.254501,-12.9392031],[-46.2942225,-12.9529523],[-46.3080359,-12.9399232],[-46.3112453,-12.9090544],[-46.2903724,-12.9003262],[-46.2998758,-12.8563612],[-46.2775822,-12.8435595],[-46.2735822,-12.815966],[-46.3097625,-12.7966012],[-46.2824396,-12.7670996],[-46.2728226,-12.7142207],[-46.2946262,-12.7074643],[-46.301703,-12.6843133],[-46.2688648,-12.6673292],[-46.2744064,-12.6438603],[-46.305393,-12.6399891],[-46.2757846,-12.5944306],[-46.3029456,-12.581669],[-46.3075674,-12.5767478],[-46.2716121,-12.5700454],[-46.2549312,-12.5398977],[-46.2244444,-12.528641],[-46.2057983,-12.5074415],[-46.2053289,-12.5033552],[-46.2508606,-12.502217],[-46.2659518,-12.4827186],[-46.2638259,-12.4602543],[-46.2904543,-12.416632],[-46.3100667,-12.4296701],[-46.3155489,-12.4634304],[-46.3370353,-12.4530633],[-46.3248555,-12.4075111],[-46.2898836,-12.376653],[-46.3000205,-12.3637318],[-46.36894,-12.350181],[-46.3523104,-12.3158212],[-46.3543282,-12.3149265],[-46.3843873,-12.2945067],[-46.3695687,-12.2674682],[-46.3828769,-12.2552194],[-46.366521,-12.215083],[-46.3810937,-12.1810752],[-46.3980695,-12.1627045],[-46.3715438,-12.1232291],[-46.3711652,-12.0997193],[-46.3980347,-12.0894981],[-46.3844223,-12.0517563],[-46.4525443,-12.0501117],[-46.4448951,-12.0261783],[-46.3969376,-12.0139181],[-46.3635629,-11.9903413],[-46.3648267,-11.9807722],[-46.3154903,-11.941993],[-46.2330576,-11.9364818],[-46.2025928,-11.9233524],[-46.1951004,-11.904136],[-46.2477131,-11.9192975],[-46.2880029,-11.9096549],[-46.3067835,-11.9137471],[-46.3530272,-11.8843192],[-46.3706583,-11.8895899],[-46.3807875,-11.8615878],[-46.3721335,-11.8299619],[-46.337911,-11.814101],[-46.3462438,-11.7843342],[-46.3436773,-11.7600875],[-46.3737917,-11.7663207],[-46.3785453,-11.7485209],[-46.3423999,-11.7374137],[-46.3077347,-11.6864407],[-46.343791,-11.6551257],[-46.3506712,-11.6204826],[-46.3043291,-11.6061903],[-46.2360793,-11.610525],[-46.2385496,-11.6231161],[-46.2142962,-11.6427527],[-46.1572177,-11.6514962],[-46.1444858,-11.6243474],[-46.1073456,-11.625734],[-46.1043079,-11.6079673],[-46.2093463,-11.5853507],[-46.2504813,-11.536689],[-46.3481413,-11.5066007],[-46.4404346,-11.520789],[-46.5240555,-11.4636343],[-46.5319213,-11.3748773],[-46.5683079,-11.3715657],[-46.5772146,-11.3606707]],[[-46.5772146,-11.3606707],[-46.5765096,-11.3422773],[-46.5522029,-11.262799]],[[-46.5522029,-11.262799],[-46.4661796,-11.1337357],[-46.3415579,-10.9390123],[-46.2672663,-10.9348023],[-46.260537,-10.8120374],[-46.2264451,-10.7829371],[-46.206199,-10.8004666],[-46.195922,-10.745224],[-46.1651513,-10.7224792],[-46.1503463,-10.691554],[-46.1607629,-10.659439],[-46.1497049,-10.6359108],[-46.1272996,-10.6204473],[-46.0607652,-10.6001785],[-45.9746323,-10.5518698],[-45.9292229,-10.5216007],[-45.8708973,-10.5032789]],[[-45.8708973,-10.5032789],[-45.8212513,-10.458074],[-45.7981846,-10.3232473]],[[-45.7981846,-10.3232473],[-45.7268896,-10.3125357],[-45.6995761,-10.2596862],[-45.7019773,-10.1793504],[-45.7234839,-10.1554127]],[[-45.7234839,-10.1554127],[-45.7266392,-10.1568548]],[[-45.7266392,-10.1568548],[-45.734997,-10.1721653],[-45.7268217,-10.2071033],[-45.7440252,-10.2399559],[-45.7937433,-10.2676724],[-45.8670709,-10.2541064],[-45.8967285,-10.2642902],[-45.9156318,-10.3126645],[-45.8871714,-10.3404619],[-45.9109369,-10.3710886],[-45.9331981,-10.3700391],[-45.9711149,-10.3589393],[-45.9998711,-10.2966799],[-46.0282068,-10.2771033],[-46.0124233,-10.2506961]],[[-46.0124233,-10.2506961],[-46.0177241,-10.2403919]],[[-46.0177241,-10.2403919],[-46.0282782,-10.1768696],[-46.0390067,-10.1767342],[-46.0584106,-10.1855633],[-46.0928346,-10.2099009],[-46.135913,-10.2063543],[-46.1633034,-10.2136326],[-46.2020098,-10.1740091],[-46.2408341,-10.1718858],[-46.2682935,-10.1812102],[-46.3130818,-10.1728238],[-46.3275253,-10.1836944],[-46.3678895,-10.1688141],[-46.3839691,-10.1201424],[-46.420695,-10.0808792],[-46.4452004,-10.0773873],[-46.4565293,-10.0499237],[-46.457085,-10.0180174],[-46.4775839,-9.9883014],[-46.4786115,-9.9238687],[-46.4708399,-9.8980472],[-46.4803335,-9.8552553],[-46.5143077,-9.7977511],[-46.5624781,-9.8106895],[-46.579665,-9.7963455],[-46.5750865,-9.7585754],[-46.5961386,-9.7472513],[-46.6236666,-9.7502102],[-46.6443936,-9.7403333],[-46.6533374,-9.6934421],[-46.6130575,-9.6658082],[-46.5923881,-9.5872005],[-46.5391662,-9.5601446],[-46.540479,-9.5501624],[-46.5745282,-9.5206835],[-46.5591976,-9.4929926],[-46.5732556,-9.4777617],[-46.6275914,-9.4657229],[-46.6495644,-9.444091],[-46.6337571,-9.4137633],[-46.6659757,-9.3919186],[-46.7233119,-9.3963646],[-46.7543134,-9.4138029],[-46.7586743,-9.3812175],[-46.7991716,-9.3388432],[-46.8187517,-9.3034377],[-46.8470632,-9.2924222],[-46.8189454,-9.2600573],[-46.8288944,-9.2400898],[-46.8196135,-9.2116185],[-46.8523673,-9.1861361],[-46.8478096,-9.1680103],[-46.861117,-9.1464228],[-46.8846186,-9.1439041],[-46.8999976,-9.1280193],[-46.9263087,-9.1349438],[-46.9302566,-9.1059806],[-46.9121494,-9.0827243],[-46.9402883,-9.0637411],[-46.9759264,-9.0817295],[-47.0073415,-9.0821934],[-47.0411236,-9.0681621],[-47.0577274,-9.0529545],[-47.0358639,-8.989814],[-47.0215615,-8.9886406],[-47.0112552,-8.9466044],[-46.9714187,-8.9164052],[-46.9929219,-8.8788894],[-46.9597282,-8.8754498],[-46.9415578,-8.859479],[-46.9181468,-8.856995],[-46.9028067,-8.8145359],[-46.9075097,-8.7720788],[-46.9248679,-8.7442212],[-46.9143685,-8.7085831],[-46.8869493,-8.6864898],[-46.8891737,-8.6697885],[-46.9163941,-8.6484068],[-46.9170946,-8.6329114],[-46.8977279,-8.6010165],[-46.9022558,-8.5862755],[-46.8624212,-8.55537],[-46.8433518,-8.5228537],[-46.8491469,-8.4746502],[-46.8234833,-8.4744962],[-46.8005095,-8.4540934],[-46.7954804,-8.429969],[-46.8026138,-8.4060856],[-46.7857303,-8.3953681],[-46.7824337,-8.3680837],[-46.7711398,-8.3744094],[-46.7612149,-8.37844],[-46.7365293,-8.3792104],[-46.7196219,-8.3651869],[-46.6812625,-8.3399746],[-46.6697575,-8.3355879],[-46.6338866,-8.3183546],[-46.6181987,-8.3259622],[-46.6005099,-8.3252595],[-46.5850435,-8.3258957],[-46.5711328,-8.3232143],[-46.5596336,-8.3227579],[-46.532111,-8.2989357]],[[-46.532111,-8.2989357],[-46.5184998,-8.2910741],[-46.5077205,-8.2696365],[-46.5070193,-8.2486586]],[[-46.5070193,-8.2486586],[-46.5033796,-8.2209768],[-46.4891624,-8.2077175],[-46.4935179,-8.1908103],[-46.5152227,-8.1728593],[-46.5062965,-8.1552839],[-46.4825614,-8.0887668],[-46.4709985,-8.0778538],[-46.4776624,-8.0524163],[-46.4763706,-8.0147165],[-46.5102664,-7.9658306],[-46.5598218,-7.9408804],[-46.577697,-7.9111659],[-46.5992503,-7.9000788],[-46.6146338,-7.8971296],[-46.6494081,-7.9100205],[-46.70928,-7.9134842],[-46.7461334,-7.927386],[-46.7861749,-7.952884],[-46.8139012,-7.9511515],[-46.8832574,-7.9642485],[-46.9416367,-7.9979071],[-46.970654,-8.0435818],[-47.0031523,-8.0638818],[-47.0455856,-8.0530907],[-47.0624465,-8.0045961],[-47.0997545,-7.9846888],[-47.1036372,-7.9540427],[-47.1470843,-7.8968663],[-47.1877127,-7.8586617],[-47.235753,-7.8042997],[-47.2632039,-7.7520021],[-47.2889445,-7.7295401],[-47.3161674,-7.7175096],[-47.3029899,-7.6902464],[-47.3316711,-7.6854401],[-47.3230007,-7.655917],[-47.3369882,-7.6362198],[-47.3884071,-7.6324683],[-47.383018,-7.6003894],[-47.4051568,-7.5871964],[-47.3990893,-7.5691277],[-47.439975,-7.5559998],[-47.4251086,-7.5285591],[-47.4610895,-7.5183631],[-47.4802534,-7.5260026],[-47.4805071,-7.4915047],[-47.4963582,-7.4813961],[-47.501525,-7.4397949],[-47.5284919,-7.4335397],[-47.5628339,-7.4506335],[-47.5915697,-7.4400683],[-47.5803436,-7.4192029],[-47.4929962,-7.3758749],[-47.4782024,-7.3367537],[-47.4997864,-7.2938583],[-47.5401768,-7.2657935],[-47.5919031,-7.2639953],[-47.6073727,-7.2721222],[-47.6270111,-7.3008237],[-47.6539303,-7.2982028],[-47.6910091,-7.2382985],[-47.73507,-7.2188998],[-47.7498258,-7.1952617],[-47.7451291,-7.1625048],[-47.7106552,-7.1376528],[-47.6603749,-7.1513681],[-47.6274527,-7.1215814],[-47.6184295,-7.0911604],[-47.5972327,-7.063401],[-47.574782,-7.0503378],[-47.5449368,-7.0127728],[-47.5283161,-6.9734044],[-47.5295707,-6.946013],[-47.5076246,-6.9071901],[-47.5070392,-6.8720101],[-47.5296459,-6.8313891],[-47.516702,-6.7902601],[-47.4941187,-6.7548332],[-47.4986441,-6.6712316],[-47.4687902,-6.6212462],[-47.4564977,-6.5382745],[-47.4166526,-6.4856784],[-47.4342057,-6.4311886],[-47.4099549,-6.3696555],[-47.4086249,-6.3280669],[-47.3772358,-6.2667683],[-47.3853684,-6.2303915],[-47.4014776,-6.2092485],[-47.423204,-6.1601861],[-47.4344778,-6.0931153],[-47.428042,-6.0392245],[-47.4463681,-5.9845441],[-47.4288701,-5.9194832],[-47.4310634,-5.8692106],[-47.4422786,-5.8307859],[-47.4665086,-5.7783003],[-47.4826225,-5.7593056],[-47.4930942,-5.7100384],[-47.4737045,-5.6619797],[-47.4844013,-5.595604],[-47.4832614,-5.5648989],[-47.5001205,-5.5256048],[-47.5602606,-5.4632127],[-47.5805091,-5.4700166],[-47.6186197,-5.4597262],[-47.6667723,-5.4217873],[-47.7409265,-5.3814482],[-47.7683377,-5.3782023],[-47.8275409,-5.3865882],[-47.8437594,-5.3762087],[-47.8676241,-5.3428159],[-47.8657451,-5.317225],[-47.8729236,-5.2723581],[-47.9281041,-5.2412355],[-48.0040589,-5.2346202],[-48.0492647,-5.2661013],[-48.0738428,-5.2722461],[-48.1785442,-5.2607761],[-48.2349277,-5.2283067],[-48.2934032,-5.2040481],[-48.3286879,-5.1965942],[-48.3639098,-5.1683805],[-48.4725988,-5.1870923],[-48.5194602,-5.1921355],[-48.548824,-5.2135555],[-48.5610735,-5.2301992],[-48.5685726,-5.2829328],[-48.6061317,-5.3365008],[-48.6794384,-5.3058201],[-48.6992101,-5.3201232],[-48.7087987,-5.3510048],[-48.7304354,-5.3479944],[-48.7551507,-5.3491654]],[[-48.2976365,-5.7651235],[-48.2997946,-5.7959706],[-48.2919698,-5.8368374]],[[-46.2658526,-1.7328418],[-46.2915549,-1.7268831],[-46.3028913,-1.7283484],[-46.3118822,-1.7332325]],[[-46.5070193,-8.2486586],[-46.5068685,-8.2658847],[-46.516788,-8.2881379],[-46.519411,-8.291932],[-46.532111,-8.2989357]],[[-46.0177241,-10.2403919],[-45.9988343,-10.2574533]],[[-45.9988343,-10.2574533],[-45.9739471,-10.2483699],[-45.9462653,-10.2585499],[-45.9560735,-10.2210775],[-45.945619,-10.1964425],[-45.9000213,-10.1527686],[-45.8785439,-10.1102993],[-45.8699363,-10.069292],[-45.8801071,-10.0610063],[-45.8670217,-10.0117517],[-45.8540563,-9.9900761],[-45.8422862,-9.9415579],[-45.8662777,-9.870719],[-45.8387355,-9.7968986],[-45.8214206,-9.7731271],[-45.8210097,-9.7392142],[-45.8385678,-9.6963177],[-45.8335115,-9.6522772],[-45.8203869,-9.6179128],[-45.8367433,-9.6021266],[-45.8419325,-9.5628899],[-45.8323329,-9.5366631],[-45.7976247,-9.4872621],[-45.7834353,-9.4794771],[-45.801624,-9.436008],[-45.7991632,-9.4163401],[-45.8246917,-9.3745778],[-45.8480022,-9.3558846],[-45.8877335,-9.3488501],[-45.9079205,-9.297005],[-45.8972877,-9.2332596],[-45.9060932,-9.191255],[-45.9294989,-9.1276255],[-45.9232199,-9.0899924],[-45.9383299,-9.0631884],[-45.943779,-9.0151149],[-45.9911913,-8.950212],[-45.9950893,-8.9269916],[-45.967338,-8.8763614],[-45.9536804,-8.8069269],[-45.9377073,-8.7812437],[-45.8898847,-8.7392622],[-45.8404069,-8.715529],[-45.8218323,-8.665927],[-45.815991,-8.6327526],[-45.7774735,-8.6174334],[-45.7948031,-8.5917974],[-45.7707796,-8.5732971],[-45.7538373,-8.5420633],[-45.7570902,-8.5269374],[-45.7386778,-8.5006556],[-45.7449161,-8.4491543],[-45.7305013,-8.4295698],[-45.7246755,-8.394824],[-45.7031008,-8.3807083],[-45.6903817,-8.3359749],[-45.667125,-8.2886542],[-45.6636264,-8.2505308],[-45.609782,-8.2054181],[-45.6150805,-8.1933337],[-45.5837278,-8.1569362],[-45.585718,-8.1027887],[-45.5630388,-8.0456436],[-45.5776554,-8.0283313],[-45.5511074,-8.0087642],[-45.5681098,-7.9941221],[-45.5554554,-7.9711117],[-45.5394653,-7.9183584],[-45.5223797,-7.8882602],[-45.5407541,-7.8640562],[-45.5112007,-7.823467],[-45.5106337,-7.8013623],[-45.4895111,-7.7862569],[-45.4823218,-7.715842],[-45.4558381,-7.6700189],[-45.399205,-7.6410589],[-45.3954669,-7.6145185],[-45.3721818,-7.6183838],[-45.3422695,-7.5933632],[-45.3346804,-7.5776595],[-45.2617074,-7.5711843],[-45.2323263,-7.5490714],[-45.2136061,-7.5655847],[-45.1810039,-7.5419599],[-45.155528,-7.5129145],[-45.1267163,-7.5142023],[-45.0843087,-7.5021569],[-45.0492328,-7.5132098],[-44.9870148,-7.4811379],[-44.9230093,-7.4682318],[-44.9004353,-7.4254106],[-44.8697051,-7.4230572],[-44.8480283,-7.3865659],[-44.8206005,-7.375623],[-44.8164962,-7.3608938],[-44.7803456,-7.3785175],[-44.7419808,-7.3617039],[-44.7299293,-7.3907703],[-44.688641,-7.3949088],[-44.6591714,-7.3285253],[-44.6158702,-7.3086662],[-44.5940769,-7.2671767],[-44.5717854,-7.2484287],[-44.5641953,-7.227708],[-44.5351164,-7.2273081],[-44.5142335,-7.1960154],[-44.4620959,-7.1600911],[-44.4306277,-7.1515581],[-44.3860639,-7.1209154],[-44.363098,-7.1214972],[-44.3324675,-7.1086126],[-44.3051848,-7.1178122],[-44.2757784,-7.0745111],[-44.2797853,-7.0452697],[-44.2622947,-7.0013021],[-44.2359545,-6.9987123],[-44.2081719,-6.9699452],[-44.1986023,-6.9297624],[-44.1786515,-6.9271586],[-44.171346,-6.8849772],[-44.1391727,-6.8641072],[-44.1251239,-6.8355852],[-44.104401,-6.856547],[-44.0988131,-6.8458528],[-44.1130397,-6.8231556],[-44.1162756,-6.8057859],[-44.1071539,-6.8023704],[-44.0769874,-6.821126],[-44.0590626,-6.8084375],[-44.0608684,-6.7907478],[-44.0574593,-6.7744419],[-44.0333933,-6.7604041],[-43.9877336,-6.7572779],[-43.9567604,-6.7431544],[-43.9451026,-6.76551],[-43.9277616,-6.770447],[-43.9137943,-6.7526615],[-43.879918,-6.7577824],[-43.8537609,-6.7356117],[-43.8201262,-6.7272772],[-43.7908561,-6.702332],[-43.6985419,-6.7095514],[-43.672721,-6.7062693],[-43.6428744,-6.7165511],[-43.5843756,-6.7574843],[-43.5616591,-6.7481209],[-43.5416337,-6.7891369],[-43.5083976,-6.7988271],[-43.4834282,-6.8330325],[-43.45753,-6.8460734],[-43.4191289,-6.8440105],[-43.3664572,-6.8199615],[-43.3451933,-6.7975282],[-43.2959868,-6.799846],[-43.2712618,-6.7925679],[-43.2500549,-6.7686466],[-43.2192219,-6.7638428],[-43.1782741,-6.7673365],[-43.1475876,-6.7836885],[-43.1049784,-6.7702479],[-43.0882871,-6.7517415],[-43.0652154,-6.7499791],[-43.0479056,-6.7619503],[-43.0110623,-6.7600094],[-42.9928003,-6.7487284],[-42.977444,-6.7179372],[-42.9511065,-6.7050771],[-42.9199314,-6.6710081],[-42.9172735,-6.6409753],[-42.9117711,-6.6257734],[-42.901412,-6.594126],[-42.8842609,-6.564661],[-42.886233,-6.5087383],[-42.8808545,-6.4932877],[-42.8657951,-6.483881],[-42.8779309,-6.4184932],[-42.854454,-6.3825418],[-42.8536721,-6.3335415],[-42.857679,-6.3221771],[-42.8465222,-6.2813837],[-42.8545028,-6.2498564],[-42.8766595,-6.2253549],[-42.8930075,-6.225472],[-42.9221791,-6.2078388],[-42.9346657,-6.1915956],[-42.9699111,-6.1773251],[-42.9797895,-6.1330731],[-42.9922986,-6.1175746],[-43.0451295,-6.1065447],[-43.0745852,-6.0574224],[-43.0616363,-6.0311826]],[[-43.0616363,-6.0311826],[-43.0525476,-6.0210751],[-43.0492249,-6.0139317],[-43.0475635,-5.9973364],[-43.0509351,-5.9895609]],[[-43.0509351,-5.9895609],[-43.0842113,-5.9573401],[-43.0869477,-5.9191393],[-43.0964273,-5.9097102],[-43.0913454,-5.8879352],[-43.0770772,-5.8609096],[-43.096525,-5.8297994],[-43.090417,-5.8078268],[-43.1011671,-5.7586283],[-43.0758068,-5.7311104],[-43.0885602,-5.671597],[-43.0847488,-5.634398],[-43.0972091,-5.6200527],[-43.0819956,-5.5995129],[-43.0332174,-5.5920741],[-43.0244021,-5.5617437],[-43.0042214,-5.542679],[-43.0002634,-5.519285],[-42.9740668,-5.4859637],[-42.9697043,-5.4575611],[-42.9306814,-5.4391741],[-42.9095318,-5.3944861],[-42.8866425,-5.3918993],[-42.8645688,-5.3687339],[-42.8253096,-5.3463631],[-42.8122357,-5.2823751],[-42.8294846,-5.2392642],[-42.7989936,-5.1896781],[-42.8182455,-5.0975515],[-42.8353951,-5.0739684],[-42.8446323,-5.0242009],[-42.8632006,-4.9681237],[-42.8539165,-4.9372598],[-42.8856392,-4.9046048],[-42.8948643,-4.8831227],[-42.8974052,-4.8426144],[-42.9386462,-4.8092127],[-42.947344,-4.7633435],[-42.9262348,-4.7506827],[-42.9230768,-4.7212766],[-42.9442167,-4.706368],[-42.9446269,-4.6716971],[-42.9161689,-4.6514334],[-42.8665233,-4.5662958],[-42.8750876,-4.5365172],[-42.8521698,-4.5059709],[-42.8535976,-4.4743222],[-42.8755527,-4.4629476],[-42.8710854,-4.4300212],[-42.8966234,-4.4022265],[-42.9272121,-4.3851744],[-42.9590713,-4.3815691],[-42.9635249,-4.3272055],[-42.9847736,-4.2835362],[-42.986435,-4.2204805],[-42.9358417,-4.1591226],[-42.8967295,-4.15587],[-42.8873033,-4.1473043],[-42.8990805,-4.1164122],[-42.8697483,-4.1041016],[-42.8584119,-4.0858733],[-42.8415051,-4.0296258],[-42.8165846,-3.9931653],[-42.7914356,-3.9863746],[-42.7875595,-3.9629428],[-42.7392821,-3.9272592],[-42.723966,-3.9042989],[-42.7198343,-3.8750962],[-42.6840661,-3.8034277],[-42.6713615,-3.787338],[-42.684036,-3.7652214],[-42.6701707,-3.7270984],[-42.6832842,-3.7000585],[-42.6750751,-3.6726539],[-42.6433137,-3.6379537],[-42.6188251,-3.6206567],[-42.6117701,-3.5871407],[-42.565152,-3.5673871],[-42.554015,-3.538072],[-42.530243,-3.5114277],[-42.5269691,-3.485627],[-42.4883075,-3.4692255],[-42.4612565,-3.4846029],[-42.418981,-3.4535822],[-42.3999233,-3.4747505],[-42.3889887,-3.4490751],[-42.3558482,-3.4506558],[-42.3166987,-3.4341703],[-42.2952656,-3.4540514],[-42.2470775,-3.4325601],[-42.1995819,-3.4278288],[-42.1947444,-3.3993918],[-42.1506693,-3.3866119],[-42.1456821,-3.3544152],[-42.1257977,-3.3464177],[-42.1203067,-3.3105374],[-42.0959904,-3.299802],[-42.1296579,-3.2823669],[-42.1236476,-3.2668048],[-42.0976,-3.2614874],[-42.0689723,-3.2643565],[-42.0552873,-3.2529011],[-42.0190304,-3.249291],[-41.9979212,-3.238607],[-41.9727075,-3.2062128],[-41.9725504,-3.1932799],[-41.9469799,-3.1738931],[-41.9250838,-3.1393739],[-41.9253585,-3.1150742],[-41.8956982,-3.0939472],[-41.8644743,-3.05218],[-41.8228453,-3.0179417],[-41.8100401,-2.9802058],[-41.7982639,-2.9500972],[-41.8351358,-2.9150608],[-41.8660379,-2.8699664],[-41.8451309,-2.8139355],[-41.8486424,-2.7838756],[-41.8260102,-2.7572674]],[[-41.8260102,-2.7572674],[-41.8072475,-2.7300403],[-41.8340703,-2.7240423],[-41.9102779,-2.7189438],[-41.9937635,-2.7213606],[-42.0165117,-2.7375778],[-42.0436845,-2.7284903],[-42.0701524,-2.6871521],[-42.1283541,-2.6952237],[-42.2127713,-2.6871254],[-42.2294878,-2.6964947],[-42.2553725,-2.6830782],[-42.2635558,-2.7579038],[-42.3386064,-2.7491508],[-42.3646388,-2.7156394],[-42.4216335,-2.7139179],[-42.4755408,-2.69971],[-42.4938603,-2.7049288],[-42.5042444,-2.6781208],[-42.5613215,-2.6786391],[-42.5873554,-2.6690043],[-42.6210092,-2.6450801],[-42.7021335,-2.5689462],[-42.7227119,-2.5562389],[-42.7489808,-2.5607334],[-42.763197,-2.5454551],[-42.8252915,-2.5447232],[-42.9633508,-2.4752786],[-43.054906,-2.4401398],[-43.2374131,-2.3586896],[-43.3275002,-2.3365618],[-43.4414269,-2.3416982],[-43.4785084,-2.3669157],[-43.4833242,-2.3853387],[-43.4520953,-2.4426008],[-43.4566175,-2.4826229],[-43.4696169,-2.4880387],[-43.5070331,-2.4775487],[-43.5209629,-2.4546667],[-43.5160764,-2.4245194],[-43.5374497,-2.4219104],[-43.554675,-2.4475319],[-43.5797943,-2.4586428],[-43.6125278,-2.5065254],[-43.6262012,-2.5102068],[-43.6640642,-2.4879463],[-43.6803476,-2.5122124],[-43.7031501,-2.5090302],[-43.6954534,-2.4843487],[-43.7169568,-2.4758836],[-43.7466075,-2.4935863],[-43.7678236,-2.4939081],[-43.760094,-2.4658732],[-43.7398722,-2.4321661],[-43.710462,-2.4271639],[-43.6875871,-2.3976532],[-43.6452069,-2.4027164],[-43.6288315,-2.3582626],[-43.6235881,-2.3031106],[-43.5994759,-2.2929417],[-43.6023834,-2.2605317],[-43.6272105,-2.2512337],[-43.6962416,-2.2767097],[-43.7181198,-2.2888024],[-43.7218633,-2.3220543],[-43.739594,-2.3503498],[-43.7268003,-2.3864684],[-43.7599625,-2.417388],[-43.7983976,-2.4395976],[-43.8004645,-2.3902511],[-43.8381131,-2.4166562],[-43.8468201,-2.5018685],[-43.8911662,-2.5354441],[-43.89368,-2.5564613],[-43.9312195,-2.5616223],[-43.9565437,-2.621532],[-44.003944,-2.6381525],[-44.0225752,-2.6526069],[-44.0542486,-2.7113015],[-44.0775712,-2.7426212],[-44.0949129,-2.75325],[-44.1158153,-2.7486151],[-44.1364039,-2.7664455],[-44.1852856,-2.7641934],[-44.2414346,-2.7805082],[-44.2660385,-2.757982],[-44.2495717,-2.7303218],[-44.2222595,-2.726325],[-44.1946156,-2.7051436],[-44.1647833,-2.6995888],[-44.1375868,-2.681636],[-44.1317911,-2.6563219],[-44.1056932,-2.6292448],[-44.1056653,-2.6033728],[-44.0801434,-2.5635338],[-44.0340172,-2.5499031],[-44.0238605,-2.5082929],[-44.0526525,-2.4688077],[-44.0265249,-2.4512955],[-44.0308375,-2.4070153],[-44.0946029,-2.4066045],[-44.1519536,-2.4343493],[-44.1744068,-2.4583777],[-44.2259255,-2.4769518],[-44.2998438,-2.4861852],[-44.3208355,-2.5271834],[-44.3559533,-2.5327634],[-44.370678,-2.5714595],[-44.3540919,-2.6031972],[-44.3804292,-2.668178],[-44.3917063,-2.7205383],[-44.3886679,-2.753767],[-44.403057,-2.7695457],[-44.410448,-2.8114122],[-44.4062131,-2.8821781],[-44.4248175,-2.9439339],[-44.4537407,-2.9872782],[-44.4961175,-3.0265815],[-44.5324988,-3.0440498],[-44.5971538,-3.0400478],[-44.6655082,-3.0108781],[-44.6794481,-2.9790843],[-44.6786176,-2.9153394],[-44.6506763,-2.8914676],[-44.6326205,-2.8458973],[-44.6516071,-2.8074561],[-44.6454458,-2.7815071],[-44.6238064,-2.7389322],[-44.6268043,-2.7026794],[-44.6065877,-2.6895843],[-44.5857519,-2.6589463],[-44.5572532,-2.6042223],[-44.5345819,-2.527683],[-44.5121871,-2.5351872],[-44.4902258,-2.5217285],[-44.4759972,-2.4850476],[-44.4603721,-2.4807485],[-44.4429414,-2.4575159],[-44.4464187,-2.4416072],[-44.4726618,-2.4280629],[-44.4778895,-2.4112011],[-44.4049676,-2.4156149],[-44.3879763,-2.4088868],[-44.3723585,-2.3807378],[-44.3800655,-2.3592815],[-44.3580073,-2.3405179],[-44.3637759,-2.3121547],[-44.3837893,-2.2766636],[-44.3984631,-2.2143858],[-44.435365,-2.1658855],[-44.4641781,-2.1467091],[-44.519899,-2.1547384],[-44.539997,-2.1890102],[-44.5986412,-2.2510094],[-44.6232252,-2.2673457],[-44.6387692,-2.2958522],[-44.6717808,-2.2876893],[-44.6853746,-2.2630012],[-44.6341237,-2.2285412],[-44.5872919,-2.1655535],[-44.5886114,-2.1368446],[-44.566719,-2.1256263],[-44.5550637,-2.0974638],[-44.4979537,-2.0493448],[-44.496788,-2.0257432],[-44.5324984,-2.0362582],[-44.535555,-2.0196477],[-44.5076408,-2.0092098],[-44.4812537,-1.9868997],[-44.4958287,-1.9719053],[-44.4924108,-1.9422359],[-44.5145672,-1.8857296],[-44.5537733,-1.8816402],[-44.5389028,-1.8512743],[-44.5684406,-1.8248669],[-44.5632453,-1.8075625],[-44.6167768,-1.7589094],[-44.6010659,-1.7397075],[-44.6525225,-1.7154006],[-44.6474827,-1.7587284],[-44.6808578,-1.7726448],[-44.725642,-1.7580747],[-44.7009158,-1.7262436],[-44.7543681,-1.7179919],[-44.7775458,-1.6802269],[-44.7598764,-1.6739789],[-44.738208,-1.6505464],[-44.6750018,-1.6413743],[-44.6584889,-1.6597566],[-44.6363315,-1.6165594],[-44.6570985,-1.5877507],[-44.704997,-1.5549676],[-44.7233624,-1.5567241],[-44.7582053,-1.5920846],[-44.7788165,-1.5784472],[-44.8026869,-1.5894386],[-44.8357046,-1.5729409],[-44.8410776,-1.6030264],[-44.8617751,-1.6181981],[-44.8717494,-1.6013344],[-44.9057994,-1.6046657],[-44.9177152,-1.5647063],[-44.8725439,-1.4855886],[-44.843488,-1.4784611],[-44.8305433,-1.4277163],[-44.8604482,-1.411296],[-44.8863524,-1.4201299],[-44.8992003,-1.4460825],[-44.9548712,-1.4912888],[-44.961222,-1.5433726],[-45.0064892,-1.4861296],[-45.0488938,-1.4903513],[-45.0706291,-1.4682485],[-45.0967094,-1.4554646],[-45.103193,-1.4731292],[-45.1324901,-1.4847851],[-45.1585653,-1.4747577],[-45.1665536,-1.489579],[-45.1980237,-1.488425],[-45.2128599,-1.5315776],[-45.2321302,-1.5474558],[-45.2495865,-1.5872259],[-45.2682033,-1.5985924],[-45.3119308,-1.5994428],[-45.3434691,-1.5867941],[-45.321884,-1.5441976],[-45.3084477,-1.4968108],[-45.3162845,-1.4863264],[-45.383413,-1.4666555],[-45.3102957,-1.4379595],[-45.2979255,-1.4130962],[-45.3078855,-1.3671724],[-45.3048976,-1.3364114],[-45.3449908,-1.3128683],[-45.3562905,-1.3317941],[-45.3703829,-1.3955306],[-45.3909708,-1.4133832],[-45.4361972,-1.4283951],[-45.4555438,-1.4521479],[-45.463828,-1.4771148],[-45.4889818,-1.4707818],[-45.474976,-1.3720072],[-45.4157437,-1.3459114],[-45.4084096,-1.3066439],[-45.4195552,-1.294925],[-45.4483204,-1.2931682],[-45.4618153,-1.3170527],[-45.4944899,-1.3529629],[-45.5027106,-1.3751433],[-45.5267855,-1.3587696],[-45.5191177,-1.3193135],[-45.5449925,-1.3013778],[-45.5489371,-1.276383],[-45.5734152,-1.2867296],[-45.5937076,-1.2667204],[-45.6258967,-1.2836175],[-45.6402329,-1.2772767],[-45.633494,-1.2457315],[-45.6427317,-1.2319227],[-45.6364092,-1.1925335],[-45.6135664,-1.1629369],[-45.634618,-1.1483984],[-45.6483426,-1.2146637],[-45.6463001,-1.2321743],[-45.6898993,-1.2736014],[-45.7065024,-1.270058],[-45.73441,-1.2349627],[-45.7329876,-1.1996034],[-45.6909081,-1.1486673],[-45.7235216,-1.1291686],[-45.7424287,-1.1406046],[-45.768167,-1.1989824],[-45.7996427,-1.1799169],[-45.8299424,-1.1792825],[-45.82585,-1.1985266],[-45.8444438,-1.2124599],[-45.8688529,-1.201516],[-45.8622625,-1.1811872],[-45.8830969,-1.1494545],[-45.8647027,-1.1306539],[-45.8649479,-1.1083212],[-45.8435407,-1.0828239],[-45.8524516,-1.0546563],[-45.8715496,-1.0525306],[-45.8959041,-1.0994692],[-45.8948567,-1.1126371],[-45.9465218,-1.1955882],[-45.9577631,-1.1951372],[-45.962323,-1.1102472],[-45.9783456,-1.0493281],[-45.9959905,-1.0543331],[-46.0031998,-1.0769639],[-46.0199113,-1.0822289],[-46.0750388,-1.1609984],[-46.0770824,-1.1962431],[-46.1041135,-1.2019666]],[[-45.1325802,-1.4673898],[-45.1030172,-1.4641533],[-45.1241557,-1.4389308],[-45.1325802,-1.4673898]],[[-45.0975039,-1.3902462],[-45.1149066,-1.3630995],[-45.1265891,-1.3868707],[-45.0975039,-1.3902462]],[[-45.6960059,-1.2594604],[-45.6725576,-1.2541054],[-45.668519,-1.2220026],[-45.674328,-1.1940417],[-45.6880151,-1.1836537],[-45.710748,-1.2265744],[-45.6960059,-1.2594604]],[[-45.5608698,-1.2296848],[-45.5400852,-1.2307077],[-45.541619,-1.2035695],[-45.5762587,-1.1927826],[-45.5780755,-1.2307637],[-45.5608698,-1.2296848]],[[-44.4759702,-2.7360571],[-44.4903919,-2.7239927],[-44.5363495,-2.75386],[-44.5861828,-2.8146511],[-44.5803079,-2.8594035],[-44.5896166,-2.8948399],[-44.6007605,-2.9049776],[-44.6138694,-2.9505527],[-44.6399017,-2.968609],[-44.6332582,-2.9863496],[-44.5920609,-3.0151757],[-44.5827777,-3.0318234],[-44.5609183,-3.0225313],[-44.4897079,-2.9713835],[-44.4819137,-2.9383652],[-44.4760915,-2.876649],[-44.4821107,-2.8080102],[-44.4759702,-2.7360571]],[[-44.7963741,-1.5391057],[-44.7949989,-1.5128982],[-44.8335552,-1.5344377],[-44.8277878,-1.5563756],[-44.8091403,-1.5609906],[-44.7963741,-1.5391057]],[[-44.7423289,-1.4926994],[-44.7664101,-1.4579916],[-44.7748462,-1.4951794],[-44.7914896,-1.514007],[-44.7506781,-1.5172858],[-44.7423289,-1.4926994]],[[-44.9290041,-1.2667719],[-44.9662021,-1.2711372],[-44.9865661,-1.2661465],[-44.9988394,-1.2857035],[-44.9872873,-1.3226586],[-45.028776,-1.3180265],[-45.033862,-1.3380293],[-45.014585,-1.3535851],[-45.0214093,-1.3840191],[-45.0067443,-1.3998824],[-44.9682279,-1.3904831],[-44.9434249,-1.3649817],[-44.9014277,-1.3371745],[-44.8866174,-1.3456093],[-44.8673909,-1.3296053],[-44.8781392,-1.2854746],[-44.9290041,-1.2667719]],[[-43.7537358,-2.3781748],[-43.7869607,-2.3774446],[-43.7753544,-2.4075027],[-43.7537358,-2.3781748]],[[-43.5435019,-2.3867506],[-43.542093,-2.3606025],[-43.558058,-2.3554962],[-43.598341,-2.3668571],[-43.6128797,-2.3784923],[-43.5997653,-2.4074293],[-43.5815211,-2.4232781],[-43.5618867,-2.4238154],[-43.5435019,-2.3867506]],[[-43.5161855,-2.4068138],[-43.5066243,-2.3839978],[-43.5268369,-2.3707381],[-43.5372177,-2.4056358],[-43.5161855,-2.4068138]],[[-45.9988343,-10.2574533],[-46.0124233,-10.2506961]],[[-45.7266392,-10.1568548],[-45.7162471,-10.1526111]],[[-45.7162471,-10.1526111],[-45.708623,-10.1560014],[-45.6693055,-10.1453653],[-45.6392408,-10.1262029],[-45.6031761,-10.1079822],[-45.5932274,-10.110297],[-45.5674564,-10.1395225],[-45.5716489,-10.1809398],[-45.5508178,-10.2222808],[-45.5261867,-10.2369276],[-45.5223538,-10.2766536],[-45.4846518,-10.304898],[-45.4257722,-10.3702837],[-45.4299312,-10.4039055],[-45.4244966,-10.4264902],[-45.3959943,-10.4450252],[-45.4002689,-10.4630743],[-45.4472563,-10.507423],[-45.4390528,-10.5222931],[-45.4461612,-10.5623236],[-45.436793,-10.5767735],[-45.4373282,-10.6155663],[-45.4188325,-10.6438196],[-45.385216,-10.6516326],[-45.3691162,-10.6799495],[-45.358219,-10.7322075],[-45.3223736,-10.7602651],[-45.268466,-10.7762298],[-45.2480519,-10.8219674],[-45.1052963,-10.84682],[-45.0732357,-10.8404226],[-45.0500021,-10.8521443],[-45.0165971,-10.8845991],[-44.9950448,-10.8838946],[-44.9312179,-10.9287563],[-44.8974447,-10.9029395],[-44.8550239,-10.8844937],[-44.8507344,-10.898836],[-44.831109,-10.8829822],[-44.8083291,-10.8661495],[-44.8103231,-10.8465842],[-44.7880619,-10.8085216],[-44.7781726,-10.8040276],[-44.7589257,-10.8048461],[-44.7460868,-10.7775803],[-44.7145743,-10.7617251],[-44.6872112,-10.7692051],[-44.6676847,-10.7600566],[-44.6613216,-10.7326943],[-44.6666217,-10.6823422],[-44.6127634,-10.666757],[-44.5849044,-10.6293509],[-44.5468098,-10.6301286],[-44.5300329,-10.6449345],[-44.5005052,-10.6497019],[-44.4767367,-10.6393046],[-44.4636318,-10.6152568],[-44.4436797,-10.6066379],[-44.4236485,-10.6132668],[-44.3980737,-10.6058781],[-44.3492852,-10.5524812],[-44.3145472,-10.557363],[-44.2829095,-10.6070907],[-44.2495236,-10.62778],[-44.2313495,-10.6240371],[-44.2086475,-10.6153242],[-44.1833715,-10.6295127],[-44.1655401,-10.6429012],[-44.139264,-10.6398843],[-44.1106216,-10.597196],[-44.0721137,-10.5799277],[-44.0510104,-10.5062386],[-44.0258437,-10.4754707],[-44.0358667,-10.4354256],[-44.0180676,-10.405147],[-43.9949027,-10.4129557],[-43.9769335,-10.4313765],[-43.9367348,-10.4361303],[-43.9143863,-10.419915],[-43.9147933,-10.3841549],[-43.8950961,-10.3544907],[-43.8382919,-10.304626],[-43.8372651,-10.2500682],[-43.7848162,-10.191678],[-43.7657611,-10.1275954],[-43.7731135,-10.0987842],[-43.7592285,-10.0746052],[-43.6909514,-10.0727709],[-43.6928587,-10.0523953],[-43.6664642,-10.0173343],[-43.6624506,-9.9979874],[-43.6969008,-9.9740926],[-43.6895646,-9.9390651],[-43.7090353,-9.9132195],[-43.6946225,-9.8912518],[-43.6774485,-9.8865278],[-43.653245,-9.8390553],[-43.6648457,-9.8236548],[-43.6972554,-9.8043009],[-43.7615684,-9.7778815],[-43.7849218,-9.762385],[-43.7976627,-9.7276804],[-43.7972603,-9.6964973],[-43.8268377,-9.6495304],[-43.8343122,-9.622587],[-43.8426512,-9.6126698],[-43.8415459,-9.586048],[-43.8525813,-9.5621384],[-43.8424158,-9.5375824],[-43.818433,-9.4942419],[-43.7842477,-9.4547729],[-43.7697288,-9.4420512],[-43.7514198,-9.4340724]],[[-43.7514198,-9.4340724],[-43.7211447,-9.4277962],[-43.700649,-9.4215561],[-43.6937288,-9.4210693],[-43.685759,-9.4177938],[-43.6692016,-9.4070474],[-43.6561672,-9.3952072]],[[-43.6561672,-9.3952072],[-43.6216326,-9.3715377],[-43.5790266,-9.3203902],[-43.5371418,-9.3074732],[-43.4975271,-9.2725256],[-43.4690445,-9.2608103],[-43.4381286,-9.2661378],[-43.3951776,-9.3142949],[-43.3764222,-9.3489049],[-43.3535557,-9.3689557],[-43.3363259,-9.3685182],[-43.2997169,-9.3945209],[-43.2851174,-9.420028],[-43.2423447,-9.4118835],[-43.2142901,-9.3996483],[-43.1938597,-9.4207223],[-43.1739285,-9.4112239],[-43.161524,-9.3792501],[-43.0666099,-9.3940476],[-43.0579143,-9.4147616],[-43.0019993,-9.4054507]],[[-43.0019993,-9.4054507],[-42.9878631,-9.4013385],[-42.9734196,-9.4071345],[-42.9689266,-9.410976],[-42.9571153,-9.4324125]],[[-42.9571153,-9.4324125],[-42.9628922,-9.4570528],[-42.9462488,-9.5184131],[-42.9040163,-9.5267542],[-42.8767235,-9.5616237],[-42.8479725,-9.5496571],[-42.8281932,-9.5605212],[-42.8205528,-9.6192304],[-42.7651682,-9.61675],[-42.7600284,-9.5958175],[-42.7204159,-9.5605119],[-42.7122225,-9.5302284],[-42.6799174,-9.5491491],[-42.6217206,-9.5413375],[-42.5921064,-9.5002821],[-42.5548256,-9.4963025],[-42.5222724,-9.503027],[-42.4930918,-9.4949004],[-42.4890689,-9.4620372],[-42.4517707,-9.4621032],[-42.4282776,-9.4397829],[-42.4184943,-9.4093633],[-42.3646685,-9.3820875],[-42.357049,-9.3525645],[-42.3203819,-9.3210098],[-42.3071658,-9.3154534],[-42.2689127,-9.3104468]],[[-42.2689127,-9.3104468],[-42.2490788,-9.2929837],[-42.2384639,-9.2857652],[-42.2267453,-9.2831324],[-42.2224438,-9.2841688]],[[-42.2224438,-9.2841688],[-42.2064354,-9.2927815],[-42.1794896,-9.2852662],[-42.116801,-9.2830697]],[[-42.116801,-9.2830697],[-42.0994884,-9.2808817],[-42.0665857,-9.255986]],[[-42.0665857,-9.255986],[-42.0186882,-9.250516],[-41.9999053,-9.2659722],[-41.9722662,-9.2486381],[-41.9247682,-9.277797],[-41.9074378,-9.2704938],[-41.8705206,-9.2374314],[-41.8379658,-9.242272],[-41.8198734,-9.1890012],[-41.8001263,-9.1651616],[-41.8000703,-9.1480266],[-41.7430468,-9.1038266],[-41.7310108,-9.0698179],[-41.7308218,-9.0279572],[-41.7236031,-9.0135402],[-41.7068542,-9.011567],[-41.6733475,-9.0077894],[-41.6694039,-8.9900791],[-41.6334052,-8.9860073],[-41.6057947,-8.9574039],[-41.5700566,-8.9550295],[-41.5541224,-8.9638235],[-41.544521,-8.9605491],[-41.5110501,-8.8776121],[-41.4878434,-8.8439034],[-41.4721841,-8.8431145],[-41.4346841,-8.799096],[-41.4242667,-8.8025554],[-41.3966571,-8.7296582],[-41.3812515,-8.7072724],[-41.3653603,-8.7055837]],[[-41.3653603,-8.7055837],[-41.3454184,-8.7098651]],[[-41.3454184,-8.7098651],[-41.3142616,-8.6961023],[-41.3001847,-8.6821372],[-41.287434,-8.6608391],[-41.2513183,-8.6616086],[-41.2135429,-8.6441555],[-41.1985662,-8.5924771],[-41.1652615,-8.5778868],[-41.1483768,-8.5330293],[-41.1161848,-8.5372691],[-41.0904899,-8.5126255],[-41.078927,-8.4725032],[-41.0575952,-8.477658],[-41.0389906,-8.4318292],[-41.0073798,-8.4209291],[-41.0032347,-8.4040024],[-40.9813794,-8.3979296],[-40.925149,-8.4463261],[-40.9015354,-8.421627],[-40.9076155,-8.3989872],[-40.8898704,-8.3867499],[-40.8934723,-8.3573101],[-40.8699811,-8.3585387],[-40.8585913,-8.3796108],[-40.836566,-8.3807991],[-40.8234318,-8.3653917],[-40.8207603,-8.3566184],[-40.8178961,-8.3204902],[-40.7927877,-8.3200313],[-40.7798798,-8.3019327],[-40.782482,-8.253304],[-40.7110611,-8.2250615],[-40.700588,-8.2026077],[-40.6435661,-8.1575368],[-40.6339512,-8.1394488],[-40.6144226,-8.1465025],[-40.5896984,-8.1388083],[-40.6038677,-8.1036877],[-40.5987568,-8.0808577],[-40.5442221,-7.9645971],[-40.5459081,-7.9369216],[-40.538124,-7.8569373],[-40.5442883,-7.8328415],[-40.5684048,-7.8087586],[-40.6451665,-7.786799],[-40.663785,-7.7747618],[-40.6718643,-7.7356058],[-40.6277497,-7.6849895],[-40.6218303,-7.6583238],[-40.6265611,-7.6316836],[-40.6491182,-7.5907642],[-40.6773208,-7.5629432],[-40.7042941,-7.5187081],[-40.713786,-7.4939106],[-40.7132264,-7.473004],[-40.7012014,-7.4563563],[-40.6657054,-7.4509456],[-40.6523232,-7.4333422],[-40.5484637,-7.3926915],[-40.5415082,-7.3322691]],[[-40.5415082,-7.3322691],[-40.5142687,-7.3078321]],[[-40.5142687,-7.3078321],[-40.5135611,-7.2397033],[-40.4843697,-7.1331987],[-40.4897393,-7.1186901],[-40.4533848,-7.0712338],[-40.4286547,-6.9961299],[-40.4327058,-6.9085394],[-40.4285196,-6.8642545],[-40.4107554,-6.8555798],[-40.3705774,-6.8079935],[-40.3887903,-6.7969987],[-40.4321666,-6.8129776],[-40.4520295,-6.7837755],[-40.4597267,-6.7542375],[-40.4769263,-6.7328317],[-40.5173877,-6.7304949],[-40.6022071,-6.7160118],[-40.6324189,-6.6989038],[-40.6491396,-6.6788294],[-40.7101828,-6.6761295],[-40.7178079,-6.6714143]],[[-40.7178079,-6.6714143],[-40.7314656,-6.656968],[-40.7322401,-6.6535854],[-40.7220026,-6.6176828],[-40.7338661,-6.6061395]],[[-40.7338661,-6.6061395],[-40.7402249,-6.5774961],[-40.7542915,-6.5546712],[-40.7921223,-6.5128611],[-40.7965856,-6.4707013],[-40.7960894,-6.4281847],[-40.8051547,-6.3931316],[-40.7903471,-6.3718893]],[[-40.7903471,-6.3718893],[-40.7796001,-6.3466163],[-40.7801352,-6.3276718],[-40.7828633,-6.3133745],[-40.7875128,-6.3042566]],[[-40.7875128,-6.3042566],[-40.8105046,-6.2870634],[-40.8235748,-6.2582643],[-40.8522242,-6.2242205],[-40.84723,-6.2030136],[-40.8536235,-6.1632816],[-40.8457385,-6.134995],[-40.8728458,-6.0566276],[-40.9022038,-6.0492042],[-40.9039474,-6.020877],[-40.8735913,-5.9730536],[-40.880216,-5.9176672],[-40.8975193,-5.9012974],[-40.893644,-5.8838093],[-40.9056455,-5.8492766],[-40.9058188,-5.8014544],[-40.9135413,-5.7267463],[-40.9387693,-5.6733406],[-40.9147302,-5.659939],[-40.903254,-5.6325524],[-40.9156645,-5.5643716],[-40.9323823,-5.548897],[-40.9291569,-5.4833344],[-40.9161036,-5.468335],[-40.9360725,-5.4400918],[-40.9381916,-5.4163534],[-40.9176992,-5.4162908],[-40.9170161,-5.3894477],[-40.9361032,-5.3659675],[-40.9184529,-5.3382552],[-40.9132054,-5.3080512],[-40.9269076,-5.2969667],[-40.9117131,-5.2666535],[-40.9330656,-5.2452268],[-40.922028,-5.2264511],[-40.9319989,-5.2012637],[-40.9252903,-5.1820967],[-40.9646309,-5.1500835],[-40.9886036,-5.1387467],[-41.0264052,-5.1096969],[-41.0813031,-5.0900729],[-41.0970052,-5.0531485],[-41.1320192,-5.0485713],[-41.1225996,-5.0080684],[-41.150922,-4.9921105],[-41.1802162,-4.9475449],[-41.2213666,-4.9382298],[-41.234928,-4.9057444],[-41.2281032,-4.8909878],[-41.2495738,-4.8696902],[-41.2394453,-4.8545385],[-41.2431815,-4.8283262],[-41.2127659,-4.772025],[-41.2477903,-4.7617835],[-41.2238319,-4.7209125],[-41.1817163,-4.6738033],[-41.2028161,-4.6381951],[-41.2293307,-4.620095],[-41.2215303,-4.5674913],[-41.2037906,-4.5284214],[-41.190776,-4.515529],[-41.1893473,-4.4886807],[-41.1775718,-4.4676776],[-41.1771347,-4.4412669],[-41.1596905,-4.410555],[-41.1600114,-4.3814973],[-41.1334226,-4.340145],[-41.1191241,-4.3065257],[-41.1359048,-4.2335113],[-41.0908856,-4.1703318],[-41.1183295,-4.1652241],[-41.1408264,-4.123585],[-41.1141151,-4.0518193],[-41.1203449,-4.036339],[-41.1760204,-4.0287689],[-41.1838065,-4.0244013],[-41.1926075,-4.0206604],[-41.2388289,-4.015405],[-41.24924,-3.9898697],[-41.2289347,-3.968103],[-41.2202395,-3.9415055],[-41.2289134,-3.9117298],[-41.2677571,-3.8618499],[-41.2768563,-3.8256211],[-41.294374,-3.8185633],[-41.2648285,-3.7915783],[-41.2585189,-3.7327755],[-41.2393389,-3.7126454],[-41.2793342,-3.7007474],[-41.3076646,-3.6848034],[-41.3417478,-3.6807726],[-41.3313155,-3.6246843],[-41.3449041,-3.588739],[-41.3713131,-3.5726272],[-41.3646614,-3.5579986],[-41.3368693,-3.5538936],[-41.327086,-3.5308993],[-41.319739,-3.4840869],[-41.3269804,-3.4463006],[-41.3240493,-3.3859241],[-41.3870216,-3.3900079],[-41.4123177,-3.3406973],[-41.397965,-3.3275467],[-41.3958586,-3.3040985],[-41.3224851,-3.1797928],[-41.3275371,-3.1599678],[-41.2675025,-3.0928897],[-41.2557657,-3.0875838],[-41.2613493,-3.0500598],[-41.2525524,-3.0356505],[-41.2579529,-3.0027745],[-41.2799387,-2.9678059],[-41.3027121,-2.9672499],[-41.3206999,-2.9373411]],[[-41.3206999,-2.9373411],[-41.3978786,-2.904092],[-41.4209557,-2.9097858],[-41.4783613,-2.89602],[-41.512453,-2.9117489],[-41.557653,-2.8973702],[-41.5943883,-2.9041708],[-41.632273,-2.8843683],[-41.6515108,-2.8614624],[-41.6689637,-2.8553668],[-41.7288641,-2.8032042],[-41.7408418,-2.8075505],[-41.7712108,-2.7796483],[-41.7818051,-2.7583058],[-41.8030825,-2.7504299],[-41.8260102,-2.7572674]],[[-43.0509351,-5.9895609],[-43.0478658,-5.9956278],[-43.047759,-6.0025361],[-43.0506908,-6.0181595],[-43.0616363,-6.0311826]],[[-40.7875128,-6.3042566],[-40.7820098,-6.3165629],[-40.7791491,-6.3413465],[-40.7810893,-6.3516596],[-40.7903471,-6.3718893]],[[-40.7338661,-6.6061395],[-40.7218947,-6.6185558],[-40.7322461,-6.6552201],[-40.7178079,-6.6714143]],[[-40.5142687,-7.3078321],[-40.5237232,-7.3184505]],[[-40.5237232,-7.3184505],[-40.5004686,-7.3279953],[-40.4335917,-7.3671782],[-40.3938781,-7.3681684],[-40.3609839,-7.3556007],[-40.3507936,-7.3341714],[-40.3185632,-7.3033404],[-40.2629956,-7.3010209],[-40.22076,-7.3412703],[-40.1956847,-7.3581487],[-40.1277543,-7.381915],[-40.0451637,-7.380745],[-40.000707,-7.3744783],[-39.926345,-7.3409989],[-39.8862817,-7.33931],[-39.8576968,-7.3254287],[-39.8286958,-7.3323702],[-39.7413221,-7.3268166],[-39.7061889,-7.3377612],[-39.6457183,-7.3808781],[-39.6289072,-7.4256285],[-39.5715905,-7.4298313],[-39.5528279,-7.4806568],[-39.5364439,-7.4825303],[-39.5023605,-7.4641484],[-39.4607476,-7.471219],[-39.4556775,-7.5018609],[-39.4851642,-7.534449],[-39.4716808,-7.5758006],[-39.4349335,-7.5737228],[-39.4196561,-7.6044123],[-39.376095,-7.6117724],[-39.3384437,-7.6446469],[-39.3055665,-7.6659316],[-39.2703214,-7.6598973],[-39.252816,-7.6772868],[-39.250388,-7.698443],[-39.2083352,-7.6894803],[-39.1710014,-7.7152403],[-39.1437127,-7.718547],[-39.1063539,-7.7602263],[-39.0905551,-7.8096046],[-39.0929919,-7.8575578],[-39.0853502,-7.8517125],[-39.0537557,-7.8193046],[-39.0263931,-7.8246351],[-38.9822446,-7.8461256],[-38.9397983,-7.7915557],[-38.9395781,-7.7587726],[-38.8813975,-7.7474323],[-38.8688517,-7.7111798],[-38.8461022,-7.720415],[-38.8219622,-7.7147944],[-38.8121916,-7.6687972],[-38.78371,-7.6673771],[-38.7606124,-7.6560008],[-38.742802,-7.660322],[-38.7321897,-7.6338655],[-38.7151129,-7.6219195]],[[-38.7151129,-7.6219195],[-38.7036588,-7.5809573],[-38.6611819,-7.5682918],[-38.6459957,-7.501926],[-38.6305654,-7.4839522],[-38.6417139,-7.4581761],[-38.603328,-7.457592],[-38.5853008,-7.4348151],[-38.5786649,-7.3797483],[-38.5485231,-7.3321317],[-38.5503552,-7.3154642],[-38.5345869,-7.293793],[-38.5588783,-7.2394171],[-38.5830835,-7.2483827],[-38.615368,-7.2301858],[-38.6248028,-7.1913206],[-38.6593223,-7.1832477],[-38.68783,-7.1901612],[-38.675293,-7.1557219],[-38.6774153,-7.1309352],[-38.6564059,-7.0924258],[-38.6898014,-7.0402294],[-38.6926604,-7.0349102],[-38.7107173,-7.0189721],[-38.7586857,-6.9984611],[-38.7609649,-6.9900533],[-38.7422504,-6.9742785],[-38.7587671,-6.9252777],[-38.7651772,-6.9109368],[-38.7562792,-6.9035917],[-38.7302886,-6.8968135],[-38.6948153,-6.8745632],[-38.672935,-6.8361431],[-38.6355555,-6.8006458],[-38.6268961,-6.7908499],[-38.6290247,-6.7777091],[-38.6575338,-6.7407602],[-38.6731505,-6.6972212],[-38.6519647,-6.6731834],[-38.6570803,-6.6422895],[-38.6466593,-6.6159807],[-38.6291604,-6.6045824],[-38.6428534,-6.5811777],[-38.6121695,-6.5383173],[-38.6122882,-6.5131913],[-38.5704101,-6.4701951],[-38.5542654,-6.4327631],[-38.5245176,-6.407083],[-38.5515225,-6.3981672],[-38.594128,-6.3968616],[-38.6007399,-6.387961],[-38.5722746,-6.3723097],[-38.5673533,-6.3615255],[-38.5667375,-6.3570834]],[[-38.5667375,-6.3570834],[-38.5625059,-6.3556517]],[[-38.5625059,-6.3556517],[-38.5815423,-6.3310461],[-38.5812962,-6.3162102],[-38.5702964,-6.2999934],[-38.5795457,-6.2796264],[-38.528348,-6.2391762],[-38.5272039,-6.193378],[-38.5013253,-6.1909471],[-38.4870728,-6.1651605],[-38.4720657,-6.1487492],[-38.4620852,-6.112321],[-38.4407712,-6.0968743],[-38.4274361,-6.0693766],[-38.4161344,-6.0619685],[-38.3856475,-6.0542704],[-38.3856916,-6.0646792],[-38.3725149,-6.0833211],[-38.3610244,-6.0856801],[-38.2928456,-6.076786],[-38.2770092,-6.0699517],[-38.2525691,-6.0431031],[-38.2526921,-6.011914],[-38.2060156,-5.9643478],[-38.1637798,-5.9454434],[-38.1640605,-5.9274628],[-38.1225154,-5.8817401],[-38.1188643,-5.8328348],[-38.0761553,-5.7810562],[-38.049654,-5.7398249],[-38.0470084,-5.7302628],[-38.0801569,-5.7255148],[-38.0896939,-5.7148464],[-38.0819854,-5.6701227],[-38.0342697,-5.6371528],[-38.0139641,-5.5943981],[-37.9983274,-5.5853175],[-37.9900371,-5.5557979],[-37.9480565,-5.5346449],[-37.9346995,-5.5052844],[-37.9015773,-5.4997924],[-37.8895409,-5.4522882],[-37.8604816,-5.4066857],[-37.8642752,-5.3783526],[-37.8474704,-5.3400231],[-37.7831099,-5.2948155],[-37.791859,-5.2687714],[-37.7829643,-5.2322646],[-37.7899659,-5.214499],[-37.7763098,-5.1871207],[-37.7649556,-5.1396162],[-37.7334225,-5.1006412],[-37.7250894,-5.0706243],[-37.6776204,-5.0540857],[-37.6403381,-4.9264044],[-37.4464459,-4.8809614]],[[-37.4464459,-4.8809614],[-37.2526586,-4.8313903],[-37.2622072,-4.8110096],[-37.2804374,-4.7544823],[-37.2950338,-4.7302004],[-37.3366511,-4.6931631],[-37.4075504,-4.6751417],[-37.47856,-4.6463392],[-37.4978126,-4.6269612],[-37.5228834,-4.6419387],[-37.5586779,-4.6416654],[-37.5953211,-4.6230747],[-37.6355922,-4.5895086],[-37.6877284,-4.5332992],[-37.7128934,-4.5152771],[-37.7404125,-4.4725616],[-37.7700944,-4.4012707],[-37.809989,-4.3986351],[-37.8541657,-4.3794976],[-37.9065917,-4.339753],[-37.9601217,-4.2917965],[-37.9883175,-4.2608416],[-38.0111227,-4.2495201],[-38.0334424,-4.2249523],[-38.1159673,-4.1480004],[-38.1485043,-4.0980694],[-38.192162,-4.0405547],[-38.2073398,-4.029457],[-38.2728621,-3.9446755],[-38.3185531,-3.926197],[-38.360323,-3.8848564],[-38.4358215,-3.7705705],[-38.4613007,-3.7194362],[-38.4958517,-3.7250337],[-38.5393636,-3.7163689],[-38.5875832,-3.696406],[-38.6524047,-3.682156],[-38.7017547,-3.6383599],[-38.7624235,-3.6059174],[-38.8072073,-3.5474398],[-38.8478133,-3.542842],[-38.8916399,-3.5059233],[-38.911174,-3.5026221],[-38.9398097,-3.4489797],[-38.9733511,-3.4114983],[-39.0068377,-3.3968491],[-39.0487479,-3.4125743],[-39.091177,-3.3845614],[-39.1127379,-3.3471147],[-39.1393777,-3.3457085],[-39.1592405,-3.3324643],[-39.1911234,-3.2849523],[-39.2277272,-3.2408134],[-39.2617886,-3.2178823],[-39.2773477,-3.2196874],[-39.3130443,-3.2060711],[-39.3441722,-3.1781403],[-39.3818222,-3.1835786],[-39.4380994,-3.1475857],[-39.4626879,-3.1437969],[-39.4868939,-3.1191393],[-39.5228171,-3.1019599],[-39.5498833,-3.0791328],[-39.5943265,-3.067981],[-39.6198268,-3.0259834],[-39.6498016,-3.0246493],[-39.6874313,-2.9966186],[-39.7021169,-3.0013119],[-39.7325378,-2.9905367],[-39.7761955,-2.9560682],[-39.8224709,-2.9319775],[-39.8652826,-2.8981287],[-39.9187373,-2.8683649],[-39.9343158,-2.8707967],[-39.9946252,-2.839547],[-40.0388148,-2.8419486],[-40.1262327,-2.8235415],[-40.1437771,-2.840177],[-40.1853339,-2.8116806],[-40.3312076,-2.8059828],[-40.3718859,-2.8124064],[-40.4391695,-2.8092546],[-40.4979588,-2.7843235],[-40.5371263,-2.8194883],[-40.587525,-2.8399637],[-40.6433173,-2.849247],[-40.6702384,-2.8434164],[-40.7743912,-2.852787],[-40.8017627,-2.8726713],[-40.8447845,-2.8858541],[-40.8672704,-2.8623655],[-40.898209,-2.8621292],[-40.9145106,-2.87288],[-40.9596844,-2.8787387],[-41.0103149,-2.8914491],[-41.1114043,-2.8947769],[-41.176816,-2.8862143],[-41.1875917,-2.8908519],[-41.2605616,-2.8836139],[-41.3226683,-2.9212078],[-41.3206999,-2.9373411]],[[-38.5625059,-6.3556517],[-38.545065,-6.3537574]],[[-38.545065,-6.3537574],[-38.5386135,-6.3448444],[-38.5247836,-6.3451932],[-38.4897546,-6.3634482],[-38.4850614,-6.3994193],[-38.4520637,-6.3924893],[-38.4260412,-6.4141238],[-38.3993194,-6.4097925],[-38.3845344,-6.4222195],[-38.373663,-6.455781],[-38.3284375,-6.460656],[-38.3140874,-6.4873324],[-38.2815259,-6.499544],[-38.2392289,-6.4802973],[-38.1690391,-6.5000201],[-38.1478822,-6.4914876],[-38.1355176,-6.5184761],[-38.1170574,-6.5226685],[-38.0979875,-6.5094908],[-38.0701511,-6.4627525],[-38.0370128,-6.4570546],[-37.9972783,-6.4264889],[-37.9790842,-6.4266932],[-37.9552056,-6.4080615],[-37.9260514,-6.4211378],[-37.8902563,-6.4001351],[-37.8882247,-6.3643695],[-37.8598275,-6.3748773],[-37.8429325,-6.3357964],[-37.8121239,-6.2927268],[-37.7648844,-6.2922364],[-37.7714219,-6.2730651],[-37.7605164,-6.2540906],[-37.7756165,-6.2313435],[-37.7518679,-6.2115674],[-37.7423739,-6.1889754],[-37.7075242,-6.1768554],[-37.6731701,-6.1905803],[-37.5999132,-6.174011],[-37.5696205,-6.1554387],[-37.4829911,-6.151681],[-37.4589474,-6.1450022],[-37.4456931,-6.1122014],[-37.3936319,-6.1093877],[-37.3823388,-6.0855538],[-37.3544342,-6.0864859],[-37.3357795,-6.0674595],[-37.2955717,-6.0500947],[-37.2724774,-6.0557025],[-37.2537948,-6.0265689],[-37.2318602,-6.0275949],[-37.1755727,-6.0549393],[-37.1667862,-6.1086455],[-37.1750961,-6.1421831],[-37.1613391,-6.157528],[-37.174221,-6.1801036],[-37.1929439,-6.1830798],[-37.2015813,-6.205704],[-37.2342715,-6.2132783],[-37.2705525,-6.2517144],[-37.2731386,-6.2799722],[-37.3214502,-6.2828122],[-37.3304244,-6.3063276],[-37.3665279,-6.3255827],[-37.378118,-6.3470064],[-37.39752,-6.4180988],[-37.3812436,-6.4371094],[-37.3909523,-6.4528424],[-37.3968914,-6.5142074],[-37.4157096,-6.5318801],[-37.4647245,-6.5326637],[-37.4823574,-6.5477109],[-37.474815,-6.5644509],[-37.4803841,-6.6052178],[-37.4772159,-6.6419108],[-37.4661909,-6.6599595],[-37.4846995,-6.7100374],[-37.4073341,-6.6971954],[-37.3427129,-6.7012464],[-37.3142989,-6.6889744],[-37.283716,-6.6939148],[-37.2901673,-6.7130439],[-37.2639208,-6.73217],[-37.269363,-6.7619855],[-37.2573268,-6.7803959],[-37.2551439,-6.8110615],[-37.2345993,-6.824636],[-37.1906719,-6.8253657],[-37.1537077,-6.7997892],[-37.1289358,-6.765977],[-37.0594232,-6.749425],[-36.9998335,-6.7077129],[-36.9776218,-6.7218552],[-36.9692314,-6.7704963],[-36.9571355,-6.7904782],[-36.9034284,-6.7536148],[-36.8350296,-6.7310709],[-36.7727287,-6.7870652],[-36.7694651,-6.8387481],[-36.7305176,-6.83544],[-36.757408,-6.8993641],[-36.7665439,-6.9358676],[-36.7441126,-6.9677737],[-36.7092715,-6.9746886],[-36.6872181,-6.9259627],[-36.6374463,-6.933807],[-36.6036081,-6.930457],[-36.5679397,-6.8747966],[-36.5601562,-6.8407734],[-36.540991,-6.8407187],[-36.5069378,-6.8130054],[-36.5047532,-6.7539395],[-36.5442045,-6.7312035],[-36.5588804,-6.7091075],[-36.5138108,-6.594393],[-36.4734806,-6.6144067],[-36.460518,-6.6343936],[-36.4358581,-6.625878],[-36.4412275,-6.5737578],[-36.4491734,-6.5539142],[-36.4715443,-6.5483516],[-36.4809566,-6.5230828],[-36.5258468,-6.5011613],[-36.5309716,-6.4520716],[-36.5074919,-6.4001167],[-36.4998486,-6.3581649],[-36.430306,-6.362255],[-36.3945614,-6.2939748],[-36.3575767,-6.3099873],[-36.31364,-6.2833561],[-36.2798727,-6.3088615],[-36.2767475,-6.3404305],[-36.2988575,-6.3846068],[-36.2916106,-6.3959957],[-36.2511629,-6.4044235],[-36.2497721,-6.4373599],[-36.1437507,-6.4253246],[-36.110189,-6.4291807],[-36.0777206,-6.4050906],[-36.0367109,-6.4442652],[-36.0168211,-6.4520258],[-36.0053484,-6.4810533],[-35.9441837,-6.4930062],[-35.7633561,-6.482192],[-35.7071666,-6.4695364],[-35.681973,-6.4479283],[-35.6601643,-6.4452787],[-35.6168742,-6.462633],[-35.6001881,-6.4606106],[-35.5805324,-6.4871114],[-35.5521001,-6.4908238],[-35.5252965,-6.4760978],[-35.4123941,-6.4882475],[-35.3645125,-6.5120405],[-35.3307729,-6.5443414],[-35.2745652,-6.5438778],[-35.2323484,-6.5317766],[-35.2182345,-6.5186048],[-35.2030563,-6.5478545],[-35.1702989,-6.5583926],[-35.1454435,-6.5527097],[-35.1234536,-6.5298608],[-35.1125496,-6.5051175],[-35.0945474,-6.4981034],[-35.0577321,-6.5277912],[-35.0285409,-6.5055226],[-34.9920675,-6.5014946],[-34.9684579,-6.4871999]],[[-34.9684579,-6.4871999],[-34.9749944,-6.4190675],[-34.9907724,-6.3718731],[-35.0151465,-6.369401],[-35.0272021,-6.3509906],[-35.037647,-6.2673388],[-35.0359791,-6.2353981],[-35.0780922,-6.2112986],[-35.0949638,-6.1824475],[-35.100294,-6.110669],[-35.0963025,-6.0572878],[-35.1059868,-6.0540544],[-35.1062298,-6.0069172],[-35.1286137,-5.9674976],[-35.1430161,-5.9647323],[-35.1569676,-5.9218369],[-35.1530009,-5.8878385],[-35.1788124,-5.8663642],[-35.1792424,-5.7989714],[-35.2035316,-5.7472818],[-35.1922014,-5.7005941],[-35.2161873,-5.6763806],[-35.2171125,-5.6318386],[-35.2254117,-5.6224614],[-35.2286356,-5.5745536],[-35.248402,-5.5461074],[-35.2603519,-5.4895211],[-35.2880024,-5.4605602],[-35.2930089,-5.4328382],[-35.3106273,-5.4075823],[-35.3194116,-5.3778303],[-35.3510968,-5.3624687],[-35.3707072,-5.2845856],[-35.4167172,-5.2209732],[-35.4589473,-5.1970323],[-35.4895279,-5.157048],[-35.572009,-5.134251],[-35.6061833,-5.120593],[-35.6389768,-5.1195318],[-35.6974255,-5.101549],[-35.7588296,-5.0887739],[-35.7852408,-5.075011],[-35.8295526,-5.075247],[-35.8791621,-5.0680083],[-35.9494994,-5.0440103],[-35.9790816,-5.0415536],[-36.0394363,-5.0513964],[-36.0800543,-5.0663438],[-36.1254898,-5.091471],[-36.1605417,-5.0965453],[-36.2381897,-5.0944539],[-36.2902358,-5.0876877],[-36.3087609,-5.1024017],[-36.3311533,-5.0871124],[-36.3841283,-5.0876119],[-36.4492302,-5.0664439],[-36.4739123,-5.0696945],[-36.5078674,-5.0623472],[-36.527164,-5.0678824],[-36.5440385,-5.088894],[-36.6104093,-5.0784421],[-36.6133961,-5.0943336],[-36.6481696,-5.0875332],[-36.6886622,-5.088301],[-36.7291026,-5.0771843],[-36.7370527,-5.065011],[-36.7866242,-5.0447719],[-36.8121656,-5.0260548],[-36.8665928,-4.9586195],[-36.9188313,-4.9465193],[-36.9603391,-4.9184779],[-36.9779391,-4.9313883],[-37.0018731,-4.9286615],[-37.0372554,-4.9498712],[-37.1052559,-4.9222523],[-37.1531414,-4.9481062],[-37.1786187,-4.918613],[-37.2096537,-4.895365],[-37.2526246,-4.8313814],[-37.4464459,-4.8809614]],[[-38.7151129,-7.6219195],[-38.6867416,-7.6350403],[-38.6264385,-7.6947249],[-38.6070728,-7.7402984],[-38.5601296,-7.7570921],[-38.5249571,-7.7546448],[-38.4957993,-7.7388084],[-38.4639757,-7.7308921],[-38.4570834,-7.718107],[-38.4095078,-7.7304933],[-38.3549779,-7.6784252],[-38.3266856,-7.6937045],[-38.2946014,-7.7779702],[-38.3025243,-7.7915012],[-38.2933511,-7.8230459],[-38.2385707,-7.8307261],[-38.164219,-7.7799088],[-38.1391963,-7.7862381],[-38.1161782,-7.8225602],[-38.0770694,-7.8305796],[-38.0752633,-7.7824187],[-38.0610277,-7.7669232],[-38.0395816,-7.7481191],[-38.003971,-7.7789864],[-37.9705998,-7.7775769],[-37.9268505,-7.7299322],[-37.9239349,-7.7151119],[-37.8805967,-7.6836501],[-37.8571589,-7.6519689],[-37.8100395,-7.6438918],[-37.7858276,-7.6257982],[-37.7780647,-7.6349683],[-37.7609745,-7.6668105],[-37.740368,-7.6360853],[-37.7558477,-7.6195218],[-37.7287319,-7.5797304],[-37.706572,-7.5694668],[-37.7065057,-7.5505838],[-37.6821509,-7.548376],[-37.6558188,-7.5234166],[-37.6303781,-7.532511],[-37.6097708,-7.5080308],[-37.5279586,-7.4653107],[-37.5274041,-7.4483824],[-37.4876262,-7.3894195],[-37.496038,-7.3648223],[-37.4255124,-7.3529162],[-37.3857137,-7.3566938],[-37.3493763,-7.3351182],[-37.3572843,-7.3231138],[-37.3305857,-7.2882835],[-37.2883328,-7.2882889],[-37.2752678,-7.2742884],[-37.2341788,-7.2738869],[-37.196674,-7.2946701],[-37.1353148,-7.3466643],[-37.0856227,-7.3582564],[-37.0674131,-7.38338],[-37.0256234,-7.3860442],[-37.0129712,-7.4042887],[-37.0236157,-7.4338675],[-36.9842256,-7.4822617],[-37.0032533,-7.4963885],[-37.0538222,-7.5045686],[-37.121524,-7.5361189],[-37.1635694,-7.5747149],[-37.1979462,-7.6352979],[-37.1951312,-7.6520627],[-37.1545429,-7.7064038],[-37.1389447,-7.7455177],[-37.1570323,-7.7729995],[-37.1571993,-7.7905868],[-37.1830353,-7.7907172],[-37.217416,-7.8066859],[-37.2228137,-7.8362093],[-37.2471503,-7.8468039],[-37.244648,-7.8749],[-37.2873944,-7.9038765],[-37.3132594,-7.9113856],[-37.3089764,-7.9341762],[-37.3434534,-7.9470209],[-37.3558706,-7.9758649],[-37.3397846,-7.9798045],[-37.2917793,-7.9653109],[-37.2373419,-7.9733068],[-37.2079199,-7.9518661],[-37.1926756,-7.9605982],[-37.1933946,-7.9828667],[-37.1517946,-8.0094148],[-37.1483987,-8.0351154],[-37.1568452,-8.0645345],[-37.1437071,-8.0879656],[-37.1425578,-8.1179448],[-37.1586138,-8.1388694],[-37.1602253,-8.1704004],[-37.1264516,-8.173684],[-37.1229148,-8.2090664],[-37.1004285,-8.2337068],[-37.0808954,-8.2218915],[-37.0822268,-8.2618874],[-37.0402836,-8.2661796],[-37.023037,-8.2885896],[-36.9911563,-8.3029551],[-36.9602017,-8.3004673],[-36.9449468,-8.2752533],[-36.9229988,-8.2698298],[-36.8999978,-8.2436608],[-36.8617023,-8.2224268],[-36.8125112,-8.2052941],[-36.7932,-8.1894514],[-36.7615697,-8.1962939],[-36.7501424,-8.175704],[-36.7188747,-8.1616222],[-36.6678453,-8.1242659],[-36.6403209,-8.1199106],[-36.6537909,-8.0703841],[-36.6278519,-8.0557493],[-36.6278515,-7.9864066],[-36.6118769,-7.9478967],[-36.586861,-7.9586561],[-36.5725882,-7.935975],[-36.5748119,-7.9075006],[-36.5336306,-7.9021779],[-36.4801364,-7.9247633],[-36.4441096,-7.9152833],[-36.4296952,-7.8865592],[-36.4299642,-7.8271115],[-36.3945385,-7.8076088],[-36.3091315,-7.8066872],[-36.2613346,-7.832077],[-36.2400121,-7.817681],[-36.254196,-7.7963868],[-36.2166343,-7.7641042],[-36.1978732,-7.7903806],[-36.1433702,-7.7815622],[-36.068992,-7.7809736],[-36.0215873,-7.8102391],[-35.9328815,-7.7844259],[-35.9093578,-7.7925091],[-35.8838261,-7.7747796],[-35.8721183,-7.7495389],[-35.828499,-7.751649],[-35.7805775,-7.7383514],[-35.7365494,-7.709599],[-35.6841139,-7.7077989],[-35.6315236,-7.6812374],[-35.6146193,-7.6563094],[-35.5865984,-7.650271],[-35.5595634,-7.66133],[-35.532812,-7.6548176],[-35.5196319,-7.6400175],[-35.5316871,-7.6216661],[-35.5151939,-7.585021],[-35.527211,-7.5699614],[-35.4943121,-7.4822056],[-35.4503698,-7.4534114],[-35.4326034,-7.4723446],[-35.3732703,-7.4436477],[-35.3523559,-7.4223977],[-35.3090486,-7.4090439],[-35.2766288,-7.384919],[-35.2485947,-7.3747796],[-35.2167415,-7.3809382],[-35.1907413,-7.3978912],[-35.1720667,-7.3880404],[-35.107964,-7.405526],[-35.0705208,-7.398761],[-35.0295563,-7.4258206],[-34.9854187,-7.4620067],[-34.9901785,-7.4888784],[-34.9694409,-7.5210655],[-34.9506209,-7.5376221],[-34.9326776,-7.5285201],[-34.9173158,-7.5417697],[-34.8580231,-7.5379505]],[[-34.8580231,-7.5379505],[-34.8385936,-7.5443003],[-34.8338806,-7.5486344],[-34.8265968,-7.5510049],[-34.8093029,-7.5123384],[-34.8141774,-7.4900032],[-34.8093837,-7.432532],[-34.7945268,-7.3329527],[-34.8025632,-7.3135207],[-34.8035074,-7.2137666],[-34.7947404,-7.1942397],[-34.7931613,-7.1545605],[-34.8104519,-7.1450005],[-34.8329648,-7.0962199],[-34.8296956,-7.0745224],[-34.8422771,-7.0574216],[-34.8296007,-7.0306713],[-34.8349392,-7.0049474],[-34.865263,-7.0295831],[-34.8739579,-6.9860793],[-34.8549176,-6.969338],[-34.8644623,-6.9428717],[-34.853938,-6.9006149],[-34.8875589,-6.8831989],[-34.9112215,-6.8261596],[-34.9188668,-6.7707405],[-34.9338983,-6.6968913],[-34.9550045,-6.6675271],[-34.9659405,-6.5977662],[-34.9684579,-6.4871999]],[[-38.545065,-6.3537574],[-38.5667375,-6.3570834]],[[-40.5237232,-7.3184505],[-40.5415082,-7.3322691]],[[-41.3454184,-8.7098651],[-41.3583362,-8.7076202]],[[-41.3583362,-8.7076202],[-41.3343516,-8.7276615],[-41.2815376,-8.7361004],[-41.2606246,-8.7207165],[-41.2385678,-8.7197312],[-41.2269785,-8.7047021],[-41.1764047,-8.7111943],[-41.1329,-8.7043243],[-41.1232018,-8.7187072],[-41.1289892,-8.7433931],[-41.1033511,-8.780443],[-41.0362345,-8.7858759],[-41.0249601,-8.8077274],[-41.0212409,-8.8435609],[-40.9790937,-8.8234171],[-40.9463832,-8.8449969],[-40.9272768,-8.8358909],[-40.9030382,-8.8586189],[-40.8812337,-8.9156278],[-40.8662781,-8.9233892],[-40.8515959,-8.952499],[-40.8519585,-8.9825849],[-40.8252311,-9.0381866],[-40.820067,-9.0812587],[-40.804104,-9.0983359],[-40.7772606,-9.1006684],[-40.7098893,-9.140881],[-40.685094,-9.1376102],[-40.6673957,-9.1590592],[-40.6698732,-9.1861325],[-40.6945004,-9.2334556],[-40.6800885,-9.2592117],[-40.6859879,-9.2763682],[-40.7086897,-9.286876],[-40.7200882,-9.3058967],[-40.7394418,-9.2965887],[-40.7564219,-9.3150323],[-40.7372865,-9.3368708],[-40.7464789,-9.3710522],[-40.7430889,-9.4029455],[-40.7649756,-9.4132164],[-40.7672889,-9.4457041],[-40.7221786,-9.4459485],[-40.6813218,-9.467221],[-40.6358627,-9.4810228],[-40.5557585,-9.4579381],[-40.5408152,-9.4240433],[-40.5107266,-9.4071789],[-40.4741747,-9.4207922],[-40.4538185,-9.4035174],[-40.4358983,-9.3621587],[-40.4181453,-9.3520533],[-40.3912784,-9.3721668],[-40.3563971,-9.3769943],[-40.3337541,-9.3505383],[-40.3373376,-9.335068],[-40.3077871,-9.2713207],[-40.2861727,-9.1856114],[-40.294012,-9.1520678],[-40.2788467,-9.0945385],[-40.2478641,-9.0577378],[-40.2236023,-9.0566675],[-40.2011193,-9.0684658],[-40.1597208,-9.1078733],[-40.1298949,-9.1103046],[-40.0735397,-9.0753621],[-40.0655631,-9.0630652],[-39.9960306,-9.0609582],[-39.9580347,-9.0485916],[-39.8888191,-8.9658368],[-39.8734564,-8.9340387],[-39.8794186,-8.9019086],[-39.9012593,-8.8641588],[-39.8929577,-8.828794],[-39.8227319,-8.8135158],[-39.7887962,-8.8191096],[-39.7477853,-8.794041],[-39.6931964,-8.7986757],[-39.6746292,-8.7871572],[-39.673824,-8.7454614],[-39.6930366,-8.680512],[-39.6911317,-8.6623129],[-39.6144979,-8.6575415],[-39.6001804,-8.6522099],[-39.556658,-8.6230886],[-39.5454905,-8.6206807],[-39.5186123,-8.6039111],[-39.4856967,-8.5964458],[-39.4354904,-8.5633018],[-39.4160408,-8.5421279],[-39.4002566,-8.5386592],[-39.3797936,-8.5328206],[-39.3644564,-8.5378496],[-39.3568091,-8.5448965],[-39.3451437,-8.5585006],[-39.2932156,-8.5606292],[-39.2751598,-8.576825],[-39.2634051,-8.6152185],[-39.2478833,-8.6249988],[-39.2454926,-8.6841059],[-39.234268,-8.7053364],[-39.200781,-8.7109876],[-39.1687128,-8.6915045],[-39.1439462,-8.7125191],[-39.0375772,-8.7346909],[-38.9919113,-8.7675519],[-38.977432,-8.7930867],[-38.9519332,-8.8046682],[-38.9249375,-8.7947475],[-38.8681044,-8.7838654],[-38.8163043,-8.786181],[-38.7746904,-8.8120724],[-38.771465,-8.8172913],[-38.7396837,-8.8448477],[-38.7065435,-8.8622606],[-38.6936588,-8.9029688],[-38.6892326,-8.9473956],[-38.6725158,-8.9739755],[-38.6407103,-8.9872682],[-38.6240985,-8.9800469],[-38.6083358,-8.9498221],[-38.6075857,-8.893264],[-38.5899504,-8.8565392],[-38.5550678,-8.8233578],[-38.5124067,-8.830586],[-38.4697972,-8.8642411],[-38.4793182,-8.9017437],[-38.5193747,-8.9393497],[-38.5035127,-8.9814111],[-38.4490997,-9.0263588],[-38.4035158,-9.0372331],[-38.3624418,-9.0009412],[-38.32354,-8.9900092],[-38.3027903,-9.0138683],[-38.2899593,-9.0471618],[-38.3037371,-9.0616433],[-38.3210421,-9.0700337],[-38.3164728,-9.108796],[-38.3212952,-9.129903],[-38.3163219,-9.1445154],[-38.287601,-9.1738839],[-38.2800756,-9.2072189],[-38.2875128,-9.2171293],[-38.2505456,-9.2904806]],[[-38.2505456,-9.2904806],[-38.2413466,-9.3227458],[-38.23759,-9.3297945]],[[-38.23759,-9.3297945],[-38.2030806,-9.2969016],[-38.179554,-9.2912502],[-38.1573778,-9.2626192],[-38.1439087,-9.2182047],[-38.1153696,-9.1983602],[-38.0922873,-9.172725],[-38.0639045,-9.1737805],[-38.0257874,-9.1555063],[-37.9785629,-9.147662],[-37.9515962,-9.0973095],[-37.9078751,-9.0522184],[-37.8775694,-9.035376],[-37.8795981,-9.0154139],[-37.8530933,-9.0001398],[-37.8390986,-8.9783812],[-37.8203593,-8.9087038],[-37.8246288,-8.8859573],[-37.7947029,-8.8749931],[-37.7553619,-8.8463637],[-37.7416683,-8.8760777],[-37.7039225,-8.9219266],[-37.6988417,-8.9447222],[-37.6577778,-8.9926667],[-37.6376667,-9.0037778],[-37.6101667,-8.9878611],[-37.5970513,-8.9690718],[-37.5559444,-8.9704722],[-37.5459722,-8.9609444],[-37.5043893,-8.9653873],[-37.4923447,-8.9875552],[-37.4681995,-8.9985786],[-37.4165025,-9.0065641],[-37.3586391,-9.0538891],[-37.3277033,-9.0932257],[-37.2965722,-9.1209173],[-37.2822858,-9.1488418],[-37.2470816,-9.1790184],[-37.2335552,-9.2065858],[-37.2343415,-9.2401754],[-37.1983152,-9.2154825],[-37.1589467,-9.2391017],[-37.1643357,-9.2757055],[-37.1299203,-9.2600634],[-37.1164756,-9.2409306],[-37.0906725,-9.2463621],[-37.0571996,-9.2817884],[-37.0616712,-9.304162],[-37.0285115,-9.314017],[-37.0033646,-9.3526135],[-36.9790812,-9.3595307],[-36.9554646,-9.3812511],[-36.9304372,-9.3700363],[-36.9365515,-9.3498863],[-36.9136922,-9.2960556],[-36.8674694,-9.2685315],[-36.8360412,-9.2886286],[-36.7617725,-9.271457],[-36.6892248,-9.2964447],[-36.6704222,-9.3132355],[-36.6358965,-9.3230515],[-36.6287292,-9.3282785],[-36.6083021,-9.3378464],[-36.6031394,-9.3381588],[-36.5930702,-9.3348264],[-36.5846232,-9.3356135],[-36.5709852,-9.3316227],[-36.5658282,-9.3271056],[-36.5718396,-9.2925828],[-36.4904055,-9.2612143],[-36.4871653,-9.2402014],[-36.4625173,-9.2392511],[-36.43183,-9.2121305],[-36.4243709,-9.2260241],[-36.365704,-9.2226273],[-36.3276442,-9.2007677],[-36.3215198,-9.1853806],[-36.2647196,-9.1658626],[-36.2572548,-9.1401488],[-36.2668438,-9.1023818],[-36.2409616,-9.0993929],[-36.202797,-9.0668449],[-36.1985057,-9.0466767],[-36.1517282,-9.0426944],[-36.1272786,-9.0336695],[-36.1043282,-8.9989293],[-36.1268105,-8.9812763],[-36.1224516,-8.9527343],[-36.0864106,-8.9440674],[-36.063935,-8.9153373],[-36.026411,-8.9079691],[-36.0053839,-8.9130004],[-35.9635466,-8.9024076],[-35.924276,-8.8846275],[-35.9114175,-8.8612891],[-35.8619307,-8.858369],[-35.8491388,-8.8718121],[-35.8257482,-8.8703437],[-35.7950752,-8.8476851],[-35.7769157,-8.8692653],[-35.7829807,-8.8975421],[-35.748399,-8.9171517],[-35.6712041,-8.896634],[-35.6575178,-8.8806584],[-35.6321278,-8.8812783],[-35.6137823,-8.8643945],[-35.5466403,-8.8275905],[-35.517771,-8.8167578],[-35.4957537,-8.8283023],[-35.4642941,-8.8163642],[-35.4598277,-8.8377745],[-35.4112256,-8.836231],[-35.3945703,-8.849836],[-35.2527821,-8.887233],[-35.1682513,-8.8924711],[-35.1554217,-8.9125995]],[[-35.1554217,-8.9125995],[-35.1292056,-8.8665628],[-35.1343094,-8.8426906],[-35.1061176,-8.7731627],[-35.0860612,-8.7467111],[-35.0903289,-8.6949783],[-35.0713544,-8.6722002],[-35.0717213,-8.6526487],[-35.036059,-8.5748767],[-35.0035784,-8.5492436],[-35.0024139,-8.4988527],[-34.9605527,-8.39567],[-34.9742406,-8.384646],[-34.948389,-8.3422626],[-34.952102,-8.2978718],[-34.9448979,-8.2623846],[-34.9178159,-8.2119826],[-34.9122057,-8.1643792],[-34.8831631,-8.1014769],[-34.8570725,-8.0257188],[-34.8403742,-8.0080928],[-34.8233996,-7.9464312],[-34.8237479,-7.8882217],[-34.8335239,-7.8706954],[-34.8450402,-7.8130659],[-34.8231754,-7.751698],[-34.8336415,-7.6830836],[-34.8066907,-7.6204284],[-34.8279251,-7.5857906],[-34.8371585,-7.5561864],[-34.8329129,-7.5503832],[-34.8358718,-7.5457284],[-34.8580231,-7.5379505]],[[-32.4006525,-3.8264443],[-32.4029245,-3.8359902],[-32.4487363,-3.8561471],[-32.4572296,-3.8781655],[-32.3972852,-3.8567615],[-32.4006525,-3.8264443]],[[-38.23759,-9.3297945],[-38.2235974,-9.3469064]],[[-38.2235974,-9.3469064],[-38.205573,-9.3636489],[-38.1941767,-9.3943858],[-38.2047642,-9.4186743],[-38.1572696,-9.4403982],[-38.1089424,-9.4356214],[-38.0702501,-9.4479819],[-38.0431631,-9.4685988],[-38.0221548,-9.4699909],[-38.0013362,-9.4956108],[-37.9979494,-9.4992833],[-38.0022284,-9.5066225]],[[-38.0022284,-9.5066225],[-38.0032899,-9.5150299]],[[-38.0032899,-9.5150299],[-37.9893302,-9.5273587],[-37.935399,-9.5419124]],[[-37.935399,-9.5419124],[-37.9267009,-9.5464105],[-37.9171436,-9.5489542],[-37.9100352,-9.54715],[-37.8959203,-9.5400649]],[[-37.8959203,-9.5400649],[-37.8375369,-9.5832826],[-37.8182483,-9.5928939],[-37.7903103,-9.633044],[-37.7469947,-9.6249209],[-37.7052049,-9.634498],[-37.670392,-9.6559792],[-37.6540515,-9.6863334],[-37.577684,-9.7368078],[-37.515373,-9.7458745],[-37.4730916,-9.7463641],[-37.4249223,-9.7615658],[-37.3816332,-9.7804882]],[[-37.3816332,-9.7804882],[-37.3701525,-9.7851929],[-37.3466157,-9.7911833],[-37.3382715,-9.8032142]],[[-37.3382715,-9.8032142],[-37.3145395,-9.8230976],[-37.2852199,-9.8306289],[-37.2619127,-9.8491387],[-37.2476963,-9.8889071],[-37.2347241,-9.8976191],[-37.1625382,-9.8938468],[-37.1138859,-9.9256234],[-37.0624048,-9.9825197],[-37.0330877,-9.9875786],[-36.9963712,-9.9723746],[-36.9682085,-9.9869158],[-36.9539332,-10.0185449],[-36.9565986,-10.053734],[-36.9456955,-10.0873628],[-36.9288451,-10.1011833],[-36.9121838,-10.1382379],[-36.8699454,-10.1471254],[-36.8263467,-10.2111873],[-36.8014388,-10.2131064],[-36.7885611,-10.2280941],[-36.759159,-10.2249199],[-36.7352144,-10.2419349],[-36.7212114,-10.2645986],[-36.7016177,-10.2704043],[-36.6577102,-10.2679123],[-36.6385707,-10.251963],[-36.6226392,-10.2552517],[-36.6004501,-10.2900603],[-36.5718256,-10.3161472],[-36.5569866,-10.3748876],[-36.5626853,-10.4139182],[-36.5294169,-10.4308933],[-36.5019299,-10.4311324],[-36.4630962,-10.4084796],[-36.4276286,-10.4335147],[-36.403575,-10.486978]],[[-36.403575,-10.486978],[-36.3864339,-10.4967433],[-36.332901,-10.4015672],[-36.2935058,-10.353459],[-36.3016211,-10.3230829],[-36.2760988,-10.2802765],[-36.2167848,-10.2215801],[-36.1855036,-10.1989225],[-36.1703186,-10.174948],[-36.1338498,-10.1597979],[-36.109228,-10.1300201],[-36.0887945,-10.0943946],[-36.045717,-10.0750793],[-36.0044461,-10.0047702],[-35.9754531,-9.9670269],[-35.9379302,-9.9024339],[-35.9068559,-9.8744655],[-35.903433,-9.8481258],[-35.8852755,-9.8346976],[-35.8127588,-9.729734],[-35.7603934,-9.682562],[-35.7094416,-9.6657871],[-35.6931137,-9.6241834],[-35.6508767,-9.5686209],[-35.5913367,-9.5288975],[-35.57929,-9.502851],[-35.524976,-9.4423604],[-35.4999464,-9.4215149],[-35.4834271,-9.369691],[-35.4577244,-9.3430167],[-35.4078878,-9.3073678],[-35.3553075,-9.256888],[-35.320063,-9.1994166],[-35.294822,-9.1713332],[-35.2957925,-9.1558061],[-35.2701829,-9.1224937],[-35.2566718,-9.0887298],[-35.2397716,-9.0679966],[-35.2391492,-9.0494218],[-35.222802,-9.0170539],[-35.1810715,-8.9774385],[-35.1554217,-8.9125995]],[[-37.7754696,-10.1892047],[-37.7656811,-10.1960449],[-37.7470908,-10.2380727],[-37.7503827,-10.2894991],[-37.7433128,-10.3383907],[-37.7786833,-10.3431919],[-37.8076254,-10.3675035],[-37.839048,-10.3788204],[-37.853109,-10.4062775],[-37.8527055,-10.4387027],[-37.820987,-10.4836401],[-37.8126051,-10.507247],[-37.8412315,-10.5547936],[-37.806319,-10.6005274],[-37.8167229,-10.6313785],[-37.8029907,-10.6521623],[-37.8151346,-10.6848568],[-37.8475103,-10.6992649],[-37.9096224,-10.7155103],[-37.9454812,-10.7565173],[-37.9768025,-10.7579327],[-38.0250319,-10.7255192],[-38.0485734,-10.7034538],[-38.067792,-10.7156658],[-38.0983533,-10.7124371],[-38.1435605,-10.7190129],[-38.1764701,-10.7054626],[-38.1925906,-10.7079991],[-38.2027168,-10.7095367],[-38.2058528,-10.7119617],[-38.2145634,-10.723344],[-38.2165189,-10.7268057],[-38.2126329,-10.7416659],[-38.209498,-10.7561987],[-38.2127321,-10.7660877],[-38.2344044,-10.8121278],[-38.2431534,-10.8259948],[-38.2313983,-10.8429341],[-38.2374459,-10.8761491],[-38.2295819,-10.894456],[-38.227251,-10.9160143],[-38.2206027,-10.9216343],[-38.1806156,-10.9427672],[-38.1865421,-10.9642065],[-38.1700454,-10.9889955],[-38.1019991,-11.0158945],[-38.1024196,-11.0439829],[-38.0809638,-11.0640434],[-38.0884012,-11.1162559],[-38.0656188,-11.1229761],[-38.0712201,-11.143546],[-38.0571513,-11.1700961],[-38.053054,-11.173335],[-38.0233545,-11.177767],[-38.0029487,-11.193824],[-37.9822963,-11.1911066],[-37.9764057,-11.2155386],[-37.990642,-11.2279944],[-37.9836406,-11.248288],[-38.0013459,-11.3033025],[-37.9873881,-11.3314555],[-37.9682775,-11.389536],[-37.9044605,-11.411759],[-37.8823804,-11.4247047],[-37.8534577,-11.4674974],[-37.8235926,-11.4925822],[-37.8122886,-11.51702],[-37.7589745,-11.5253783],[-37.749361,-11.5386277],[-37.7003569,-11.5595073],[-37.6984173,-11.5634142],[-37.6929316,-11.5623072],[-37.6884457,-11.5631063],[-37.6712859,-11.5624039],[-37.6722966,-11.5599093],[-37.6682118,-11.5535337],[-37.6642002,-11.5319608],[-37.6385012,-11.5184252],[-37.6157268,-11.538601],[-37.590269,-11.5284951],[-37.5357778,-11.5497206],[-37.5170038,-11.5469251],[-37.5047505,-11.5249101],[-37.4554887,-11.5231383],[-37.4108864,-11.4954325],[-37.3476727,-11.4418253]],[[-37.3476727,-11.4418253],[-37.3122179,-11.4229911],[-37.2996847,-11.3636844],[-37.2603198,-11.2897955],[-37.2070498,-11.2229464],[-37.1661092,-11.1824984],[-37.1329321,-11.1141258],[-37.0663909,-11.0170781],[-37.0353692,-10.9798473],[-37.0340254,-10.9562448],[-36.9530599,-10.8515135],[-36.867505,-10.7580522],[-36.8278915,-10.721452],[-36.7844259,-10.6882294],[-36.7346858,-10.6580667],[-36.6729468,-10.6307931],[-36.6127009,-10.5884047],[-36.527295,-10.5512561],[-36.4367935,-10.5170562],[-36.4087988,-10.5126924],[-36.403575,-10.486978]],[[-37.3382715,-9.8032142],[-37.3437833,-9.7938715],[-37.3491033,-9.7898084],[-37.3816332,-9.7804882]],[[-37.8959203,-9.5400649],[-37.9142479,-9.5485891],[-37.9224297,-9.5478353],[-37.935399,-9.5419124]],[[-38.0032899,-9.5150299],[-38.0066455,-9.520808]],[[-38.0066455,-9.520808],[-38.0141836,-9.5278286],[-38.0226164,-9.5406648],[-38.0209014,-9.560914],[-38.030888,-9.5741426],[-38.037026,-9.5802775],[-38.0617097,-9.5909087],[-38.0488721,-9.6323926],[-38.0166551,-9.6388738],[-38.0322192,-9.6606865],[-38.0450383,-9.6974549],[-38.038619,-9.7500946],[-38.020426,-9.797863],[-37.9999705,-9.8143261],[-37.9954442,-9.8460787],[-38.007183,-9.8687177],[-37.9921235,-9.8943078],[-38.0000359,-9.9087148],[-37.9754164,-9.9367318],[-37.9554324,-9.9429999],[-37.9134407,-9.9331128],[-37.8625558,-9.9885966],[-37.8520777,-9.9904569],[-37.8270049,-10.0341612],[-37.7909033,-10.0327032],[-37.7826444,-10.0435984],[-37.8020145,-10.1124474],[-37.77485,-10.1421608],[-37.7755576,-10.1459366]],[[-37.7755576,-10.1459366],[-37.7754696,-10.1892047]],[[-46.1266475,-12.9123867],[-46.1203279,-12.9140436],[-46.1090484,-12.9204224],[-46.104644,-12.9249255]],[[-46.104644,-12.9249255],[-46.1214227,-12.9524929],[-46.1938118,-12.9967524],[-46.2755338,-13.0202133],[-46.2815629,-13.0451358],[-46.316385,-13.0909773],[-46.3157947,-13.1187347],[-46.2996101,-13.1281286],[-46.3070303,-13.1706718],[-46.3029804,-13.1864048],[-46.319755,-13.2346852],[-46.3238467,-13.2439033],[-46.3285658,-13.2462293],[-46.3276793,-13.2529237],[-46.3055418,-13.2516639],[-46.2999859,-13.2828818],[-46.317902,-13.3052278],[-46.2997708,-13.3152657],[-46.2924869,-13.3169301],[-46.2202554,-13.2956893],[-46.1748511,-13.2769535],[-46.1032194,-13.2575102],[-46.0802173,-13.2738374],[-46.0733396,-13.3113689],[-46.1354731,-13.3755242],[-46.1622858,-13.3826351],[-46.1917297,-13.4099817],[-46.2319648,-13.4185849],[-46.2373491,-13.4348044],[-46.2101648,-13.4618865],[-46.233156,-13.4817453],[-46.2302613,-13.511774],[-46.2472571,-13.5216887],[-46.2317192,-13.5832136],[-46.1996428,-13.5725394],[-46.1675389,-13.5897333],[-46.1627454,-13.6036421],[-46.2163979,-13.6359857],[-46.2561978,-13.6841624],[-46.23577,-13.7010531],[-46.2510312,-13.7368664],[-46.2229368,-13.7654029],[-46.229975,-13.7742093],[-46.2774951,-13.7908815],[-46.2324747,-13.8486074],[-46.2568302,-13.8871755],[-46.2641903,-13.9474351],[-46.2582261,-13.9570485],[-46.2530267,-13.9695326],[-46.220066,-13.9754228],[-46.2130884,-14.0305578],[-46.2276801,-14.0442614],[-46.2243922,-14.1050276],[-46.1880325,-14.1452307],[-46.1841003,-14.1569481],[-46.1805645,-14.1557812],[-46.1679792,-14.1604442],[-46.1321884,-14.1528501],[-46.1181409,-14.1599493],[-46.0982283,-14.1999275],[-46.0610483,-14.1954846],[-46.0604058,-14.2327006],[-46.0295909,-14.2595295],[-45.9954281,-14.2561577],[-45.9644033,-14.2843113],[-45.9570512,-14.3213986],[-45.9422146,-14.343255],[-45.9071553,-14.3551898],[-45.9326429,-14.4098593],[-46.0000734,-14.4466222],[-46.0190031,-14.4720712],[-45.996085,-14.488406],[-46.0039971,-14.5145895],[-45.9814491,-14.5318979],[-45.9913237,-14.5651792],[-45.9852551,-14.5781326],[-45.9978884,-14.6035777],[-45.9843987,-14.6218787],[-45.989515,-14.658845],[-46.0105164,-14.66219],[-45.9995841,-14.7086139],[-46.0046968,-14.7298363],[-45.9989273,-14.7682823],[-46.0025841,-14.795839],[-46.0186719,-14.8185497],[-46.0411979,-14.8264946],[-46.0252869,-14.8557565],[-46.0313272,-14.8614337],[-46.0349721,-14.8680571],[-46.0394858,-14.8719769],[-46.0393785,-14.8752515]],[[-46.0393785,-14.8752515],[-46.0375749,-14.8746562]],[[-46.0375749,-14.8746562],[-46.0109169,-14.8967081],[-46.0033932,-14.9088337],[-46.0082245,-14.9197476],[-45.9958369,-14.9274706],[-45.9660809,-14.9656455],[-45.9697264,-14.992339],[-45.9754941,-15.0388816],[-46.0184972,-15.0813013],[-46.0284766,-15.1141102],[-46.0437202,-15.1181296],[-46.0477756,-15.1637296],[-46.0542806,-15.1719695],[-46.0787231,-15.1755061],[-46.1189155,-15.2020783],[-46.1006399,-15.2303422],[-46.0923574,-15.2479145],[-46.0770818,-15.2646818],[-46.0526264,-15.2591898],[-46.0507216,-15.2469732],[-46.0295237,-15.2018083],[-45.9845053,-15.195961],[-45.9606118,-15.1439301],[-45.945579,-15.1378148],[-45.9160003,-15.1364019],[-45.871247,-15.1588109],[-45.8496129,-15.1457701],[-45.8443333,-15.1452488],[-45.8387818,-15.1373179],[-45.8334736,-15.1318002],[-45.8116655,-15.1128378],[-45.7511095,-15.1225822],[-45.7288578,-15.1131857],[-45.7239646,-15.1042671],[-45.6748119,-15.0805426],[-45.6558189,-15.04853],[-45.6570586,-15.0273493],[-45.6246188,-15.0213685],[-45.621422,-15.0169225],[-45.6027119,-14.9895328],[-45.5670507,-14.9564953],[-45.5536792,-14.9451068],[-45.534729,-14.9382576],[-45.5175679,-14.9528068],[-45.5135547,-14.9516556],[-45.4900515,-14.9607627],[-45.4588234,-14.9542124],[-45.4344688,-14.9217511],[-45.4102964,-14.9234388],[-45.3555693,-14.8775076],[-45.3477947,-14.8625688],[-45.3164204,-14.8512552],[-45.2397938,-14.7818437],[-45.2055737,-14.7447389],[-45.1720166,-14.7346788],[-45.1362896,-14.7474168],[-45.0827727,-14.7487667],[-45.0650718,-14.7308658],[-45.0476938,-14.690537],[-45.0319311,-14.6761701],[-44.9957479,-14.6678154],[-44.9729068,-14.6387713],[-44.9166802,-14.6196603],[-44.8910165,-14.5976553],[-44.8691947,-14.5933847],[-44.8481798,-14.5469245],[-44.8300094,-14.5334442],[-44.8345748,-14.5074923],[-44.8107661,-14.5031012],[-44.7693734,-14.4773383],[-44.7256578,-14.4576492],[-44.6883532,-14.4166809],[-44.6742097,-14.4244958],[-44.6588784,-14.3957573],[-44.6255951,-14.3761099],[-44.5983693,-14.3685005],[-44.5655652,-14.34006],[-44.5427329,-14.3405294],[-44.5108436,-14.3226879],[-44.48314,-14.3221174],[-44.4399007,-14.303662],[-44.4286006,-14.2866355],[-44.3615887,-14.2728126],[-44.3405958,-14.2494003],[-44.3207628,-14.2447565],[-44.3164832,-14.2403492],[-44.302338,-14.2532425],[-44.2091227,-14.2466719],[-44.1703803,-14.268695],[-44.1603345,-14.2577596],[-44.1145298,-14.2600439],[-44.0882868,-14.2780763],[-44.0744512,-14.2706396],[-44.034621,-14.2890284],[-44.0061526,-14.2673641],[-43.9911721,-14.2689897],[-43.9863655,-14.2696921],[-43.9115859,-14.3050443],[-43.8924798,-14.3010168],[-43.8514245,-14.3190739],[-43.8361445,-14.3111487],[-43.794765,-14.3359724],[-43.7831867,-14.3392337],[-43.8193879,-14.3893051],[-43.8319646,-14.4430072],[-43.8576848,-14.49353],[-43.8754214,-14.5366866],[-43.8872301,-14.5851792],[-43.8750063,-14.5931974],[-43.8792879,-14.6460772],[-43.8812372,-14.6541985],[-43.8468677,-14.672105],[-43.8005063,-14.6873135],[-43.7262579,-14.6981614],[-43.7210075,-14.7022652],[-43.7181447,-14.7114221],[-43.7120096,-14.7164501],[-43.6590308,-14.7448733],[-43.6250269,-14.7552889],[-43.6060578,-14.7594635],[-43.5907803,-14.7508694],[-43.5416401,-14.7791284],[-43.5391991,-14.805736],[-43.4783768,-14.792051],[-43.4721724,-14.7623647],[-43.4562273,-14.7401572],[-43.4253132,-14.7199792],[-43.3727734,-14.6991056],[-43.3541617,-14.698089],[-43.3112274,-14.6697481],[-43.2981427,-14.6760843],[-43.2450549,-14.6565111],[-43.2076646,-14.6583546],[-43.1763498,-14.6505438],[-43.1514964,-14.6663341],[-43.1011077,-14.6754951],[-43.0839365,-14.6982726],[-43.0663892,-14.6805592],[-43.0383074,-14.6828079],[-43.0109473,-14.7016622],[-42.9773253,-14.6983871],[-42.9526882,-14.7084023],[-42.9121978,-14.7444719],[-42.9038303,-14.7619561],[-42.8808002,-14.7692902],[-42.8423875,-14.796068],[-42.8202472,-14.8206286],[-42.790992,-14.8393791],[-42.7551378,-14.8464214],[-42.7472194,-14.8677547],[-42.7233598,-14.8856124],[-42.7041635,-14.8828283],[-42.648629,-14.9299879],[-42.6207127,-14.9436952],[-42.6042125,-14.9261189],[-42.5855825,-14.9316028],[-42.5606855,-14.9622972],[-42.4957414,-14.9948584],[-42.4759116,-15.0170404],[-42.4435981,-15.0206461],[-42.4443207,-15.0556059],[-42.3964917,-15.0779916],[-42.3718571,-15.0736296],[-42.354907,-15.0982031],[-42.337247,-15.0804663],[-42.2826217,-15.1178927],[-42.2589842,-15.1220829],[-42.2231295,-15.0995589],[-42.1553586,-15.0978508],[-42.1499067,-15.1203495],[-42.1163062,-15.1441201],[-42.0960683,-15.1824421],[-41.9946916,-15.1588745],[-41.9534344,-15.1756645],[-41.8970388,-15.1518993],[-41.8704306,-15.1151801],[-41.8163414,-15.108389],[-41.8034068,-15.0997373]],[[-41.8034068,-15.0997373],[-41.8007101,-15.1010971],[-41.4994053,-15.3726109]],[[-41.4994053,-15.3726109],[-41.3564227,-15.5002861],[-41.3312061,-15.7446734],[-41.2929477,-15.7390055],[-41.2717587,-15.74813],[-41.2153964,-15.7371659],[-41.197049,-15.7503601],[-41.1562845,-15.7613763],[-41.1425302,-15.772047],[-41.1215557,-15.7430118],[-41.0981309,-15.7410515],[-41.0775579,-15.7192879],[-41.0484153,-15.72387],[-41.0362729,-15.7138165],[-41.0060594,-15.7138373],[-40.9780972,-15.6881049],[-40.9749662,-15.6690837],[-40.9492015,-15.6562439],[-40.9143317,-15.6609776],[-40.9025697,-15.6918421],[-40.8554496,-15.6871571],[-40.8313144,-15.6706535],[-40.8190283,-15.646342],[-40.789771,-15.6719193],[-40.7859479,-15.6922641],[-40.7676637,-15.7140794],[-40.7398608,-15.7036467],[-40.7321546,-15.674899],[-40.7005752,-15.667309],[-40.6823087,-15.6990212],[-40.6611991,-15.7071257],[-40.6449466,-15.7288594],[-40.6260312,-15.7182097],[-40.6010286,-15.7434102],[-40.5930999,-15.7717467],[-40.5674174,-15.7759231],[-40.5649021,-15.8015478],[-40.5398103,-15.7947951],[-40.5063082,-15.7669015],[-40.4841247,-15.7757966],[-40.4614286,-15.7532317],[-40.4324702,-15.7786532],[-40.4281657,-15.8017066],[-40.3779678,-15.8184217],[-40.3567198,-15.8130148],[-40.3210087,-15.82074],[-40.274711,-15.8180443],[-40.2375823,-15.8050556],[-40.2074987,-15.8473114],[-40.1739661,-15.8704902],[-40.1647447,-15.9102313],[-40.1493,-15.9053675],[-40.0748468,-15.9200533],[-40.0611601,-15.9640017],[-40.0457735,-15.9623563],[-40.0136907,-15.9840065],[-40.0044365,-16.0018382],[-39.9699071,-16.0041514],[-39.9557464,-15.9914283],[-39.9147979,-15.9999934],[-39.9221984,-16.0286254],[-39.8820034,-16.068033],[-39.8746732,-16.0940679],[-39.8587096,-16.1090283],[-39.8607977,-16.1247259],[-39.8805142,-16.1437454],[-39.8833906,-16.194693],[-39.898403,-16.2013672],[-39.9365211,-16.2457808],[-39.9201017,-16.2637394],[-39.9522397,-16.2978551],[-39.9604959,-16.3218827],[-39.991102,-16.3127343],[-40.0258067,-16.3664681],[-40.0455701,-16.4220389],[-40.0627169,-16.4319863],[-40.0794094,-16.4642299],[-40.1033027,-16.4370103],[-40.1406657,-16.4967728],[-40.1701688,-16.5312792],[-40.1544457,-16.5654902],[-40.1578974,-16.5794549],[-40.2298106,-16.5614449],[-40.2754901,-16.5734177],[-40.2880446,-16.5996895],[-40.298248,-16.652466],[-40.3129879,-16.6754341],[-40.3030011,-16.7036876],[-40.3101667,-16.7362155],[-40.3358372,-16.7797142],[-40.3236055,-16.8012692],[-40.2700764,-16.7953294],[-40.2508293,-16.8311546],[-40.2521215,-16.8600506],[-40.2719675,-16.8701937],[-40.2816371,-16.9011836],[-40.3027738,-16.8922436],[-40.331523,-16.9080273],[-40.366485,-16.8741723],[-40.3759008,-16.8858723],[-40.4157167,-16.8995006],[-40.4541056,-16.8815934],[-40.4801726,-16.8768086],[-40.4923269,-16.8873987],[-40.4971418,-16.9173327],[-40.5169976,-16.9610515],[-40.5231316,-16.9670654],[-40.5454433,-16.9841997],[-40.5503535,-17.0014032],[-40.555578,-17.0133992],[-40.5714143,-17.0638855],[-40.5567855,-17.089602],[-40.5629147,-17.1263273],[-40.5791587,-17.1482483],[-40.5725269,-17.1823691],[-40.5523839,-17.1991531],[-40.5583942,-17.2306761],[-40.5722499,-17.2513728],[-40.5528438,-17.2875212],[-40.572244,-17.2947661],[-40.5948417,-17.3235648],[-40.6046846,-17.3561943],[-40.5975065,-17.4206333],[-40.5700817,-17.4158915],[-40.5541591,-17.4355679],[-40.520579,-17.4448113],[-40.5209414,-17.4583486],[-40.4824147,-17.4925902],[-40.4890624,-17.5197897],[-40.4604149,-17.5685022],[-40.4106843,-17.5682273],[-40.4182146,-17.5990974],[-40.3968117,-17.6256053],[-40.3799343,-17.6113093],[-40.3614456,-17.6366708],[-40.334049,-17.6321484],[-40.3228247,-17.6613147],[-40.2990206,-17.6745676],[-40.2955147,-17.6994936],[-40.2703222,-17.7270585],[-40.2207966,-17.7372474],[-40.2136573,-17.7536875],[-40.2180757,-17.795659],[-40.1741273,-17.8515612],[-40.2126577,-17.8957941],[-40.2635475,-17.9220233],[-40.2654631,-17.9323213],[-40.2268229,-17.9582598],[-40.2223506,-17.9804174]],[[-40.2223506,-17.9804174],[-39.6889474,-18.3208315],[-39.6660146,-18.3332183]],[[-39.6660146,-18.3332183],[-39.636916,-18.2357966],[-39.5859794,-18.1468753],[-39.5489449,-18.1018555],[-39.5416073,-18.0784976],[-39.4976912,-18.0064787],[-39.4564532,-17.9587515],[-39.4273055,-17.9341748],[-39.3619092,-17.9053893],[-39.3644416,-17.890754],[-39.3195987,-17.8916576],[-39.266167,-17.8599909],[-39.2581949,-17.8267608],[-39.2059762,-17.7726664],[-39.208052,-17.747346],[-39.1909005,-17.7419167],[-39.1358003,-17.6902527],[-39.1876871,-17.606152],[-39.1918304,-17.4443496],[-39.2166191,-17.3407045],[-39.2210726,-17.3017741],[-39.2129101,-17.2394895],[-39.2120619,-17.1612608],[-39.19803,-17.1271658],[-39.182016,-17.1123553],[-39.1714432,-17.0369372],[-39.1721848,-17.0130467],[-39.155532,-16.9803552],[-39.1514591,-16.9422489],[-39.1236855,-16.9043497],[-39.1419621,-16.8684413],[-39.145462,-16.8088443],[-39.1416455,-16.7614573],[-39.1069849,-16.7089152],[-39.0900501,-16.6284817],[-39.094417,-16.6097047],[-39.0852328,-16.5473059],[-39.0593248,-16.4569464],[-39.0617288,-16.4340665],[-39.0399398,-16.3958624],[-39.0087732,-16.3749211],[-39.0060608,-16.3327553],[-39.0204055,-16.3239733],[-39.0218557,-16.2853373],[-39.0110638,-16.2457858],[-38.9717695,-16.19868],[-38.9481067,-16.1556665],[-38.9566285,-16.1301953],[-38.9520495,-16.0969527],[-38.9025435,-15.9636021],[-38.8528393,-15.8493541],[-38.894601,-15.7644432],[-38.910326,-15.7191784],[-38.9274387,-15.6909923],[-38.9382182,-15.6447601],[-38.9441581,-15.5918158],[-38.9421675,-15.5394209],[-38.9516766,-15.4691144],[-38.9727812,-15.3880162],[-38.9907516,-15.2881607],[-38.9966538,-15.2146172],[-38.9949171,-15.1502154],[-38.9964192,-15.0008721],[-39.0187067,-14.9201762],[-39.0274128,-14.7830074],[-39.0490714,-14.7774283],[-39.0621871,-14.7469531],[-39.0651113,-14.6692704],[-39.0616264,-14.6249854],[-39.0351742,-14.5322678],[-39.0327279,-14.4875026],[-39.0016206,-14.3444811],[-38.9799147,-14.2936579],[-38.9949362,-14.266368],[-38.9899051,-14.199321],[-38.9428314,-14.0146877],[-38.9433312,-13.9971141],[-38.9276929,-13.9398459],[-38.9287859,-13.9068342],[-38.9814637,-13.8286408],[-39.0003368,-13.7757142],[-38.9916572,-13.7248077],[-38.9512386,-13.6706617],[-38.9287308,-13.6575309],[-38.8984879,-13.665992],[-38.8911288,-13.6405308],[-38.9039475,-13.6249321],[-38.9013877,-13.6017516],[-38.9333737,-13.5631951],[-38.9170404,-13.4837908],[-38.8923543,-13.4606089],[-38.9056233,-13.4272646],[-38.9131994,-13.3786407],[-38.9462404,-13.3989233],[-38.9645415,-13.3550754],[-38.9647167,-13.294884],[-38.9468748,-13.2427433],[-38.9291864,-13.218358],[-38.8672058,-13.1862386],[-38.8360504,-13.1564842],[-38.7622769,-13.1189343],[-38.7126181,-13.0611023],[-38.6572126,-13.0335314],[-38.6433387,-13.0153131],[-38.5278289,-13.0099454],[-38.4884231,-13.0172697],[-38.4547273,-13.006586],[-38.4264913,-12.9815481],[-38.3872729,-12.956841],[-38.354003,-12.9571539],[-38.3176276,-12.9285517],[-38.2799207,-12.8803754],[-38.243694,-12.8524768],[-38.1025681,-12.6860058],[-38.0467738,-12.6346095],[-38.0408934,-12.6104278],[-38.001464,-12.5780112],[-37.9730126,-12.5210794],[-37.909356,-12.4278501],[-37.8821514,-12.3941441],[-37.8256041,-12.3096162],[-37.7693535,-12.2383665],[-37.6907662,-12.1082642],[-37.6101041,-11.9556663],[-37.5247061,-11.766242],[-37.4446968,-11.6086071],[-37.4063284,-11.5365898],[-37.3491581,-11.4621022],[-37.3476727,-11.4418253]],[[-37.7754696,-10.1892047],[-37.7827974,-10.1766517],[-37.7755576,-10.1459366]],[[-38.0066455,-9.520808],[-38.0022284,-9.5066225]],[[-38.2235974,-9.3469064],[-38.2395412,-9.3271289],[-38.2505456,-9.2904806]],[[-41.3583362,-8.7076202],[-41.3653603,-8.7055837]],[[-42.0665857,-9.255986],[-42.0950446,-9.2785611],[-42.1012725,-9.2815716],[-42.116801,-9.2830697]],[[-42.2224438,-9.2841688],[-42.2307412,-9.2834315],[-42.2436577,-9.2888567],[-42.2689127,-9.3104468]],[[-42.9571153,-9.4324125],[-42.9702569,-9.4095198],[-42.9868297,-9.4016072],[-43.0019993,-9.4054507]],[[-43.6561672,-9.3952072],[-43.6711306,-9.408483],[-43.6891438,-9.4196828],[-43.7514198,-9.4340724]],[[-45.7162471,-10.1526111],[-45.7234839,-10.1554127]],[[-45.7981846,-10.3232473],[-45.8206429,-10.457259],[-45.8708973,-10.5032789]],[[-46.5522029,-11.262799],[-46.5764646,-11.3420207],[-46.5772146,-11.3606707]],[[-50.9188348,-19.4715837],[-50.9349978,-19.4674775]],[[-50.9349978,-19.4674775],[-50.9569218,-19.4760228],[-50.9629462,-19.5005788],[-50.9308813,-19.5422439],[-50.9243946,-19.5808846],[-50.9465426,-19.5916898],[-50.9618022,-19.5817398],[-50.9842448,-19.5860242],[-50.9904676,-19.6054019],[-51.0035502,-19.6297079],[-51.0221349,-19.6606342]],[[-51.0221349,-19.6606342],[-51.0381808,-19.6917675],[-51.0397984,-19.7134942],[-51.0384955,-19.7195332]],[[-51.0384955,-19.7195332],[-51.0454079,-19.7274033],[-51.0460818,-19.7355829],[-51.0426068,-19.7409139],[-51.0303071,-19.7514419]],[[-51.0303071,-19.7514419],[-51.0399394,-19.7771183],[-51.0236289,-19.8039456],[-51.0193069,-19.8704502],[-50.9994713,-19.9063755],[-51.0211489,-19.9640283],[-51.0048071,-19.9992171],[-51.0178884,-20.0483925],[-51.000475,-20.0853844]],[[-51.000475,-20.0853844],[-50.9808395,-20.0578564],[-50.9618953,-20.0319333],[-50.8971994,-19.9901552],[-50.8761761,-19.990825],[-50.851583,-19.9697666],[-50.8173362,-19.9583332],[-50.7836015,-19.9372295],[-50.7354129,-19.930189],[-50.661324,-19.909002],[-50.6319448,-19.8709166],[-50.6055452,-19.8560883],[-50.5779488,-19.8163744],[-50.5448736,-19.8101448],[-50.4861992,-19.7856507]],[[-50.4861992,-19.7856507],[-50.4719182,-19.7796558],[-50.4598825,-19.7834836],[-50.4401248,-19.7940962]],[[-50.4401248,-19.7940962],[-50.4171328,-19.8011365],[-50.3527589,-19.8646024],[-50.3064103,-19.874086],[-50.285631,-19.8678179],[-50.2451559,-19.8767577],[-50.2156518,-19.8666484],[-50.1624139,-19.8783143],[-50.0972433,-19.875479],[-50.0472392,-19.9153896],[-50.0030529,-19.926447],[-49.9460521,-19.923911],[-49.8883369,-19.9453049],[-49.8555733,-19.946825],[-49.8352745,-19.933315],[-49.7824562,-19.9244631],[-49.7121496,-19.9312615],[-49.6254015,-19.928573]],[[-49.6254015,-19.928573],[-49.6168707,-19.9219381],[-49.6060248,-19.916505],[-49.5831804,-19.9099913],[-49.5750416,-19.9096111],[-49.5592035,-19.9112073]],[[-49.5592035,-19.9112073],[-49.5140049,-19.9143115],[-49.4927862,-19.9504212],[-49.458242,-19.975931],[-49.4345392,-19.9823852],[-49.3564865,-19.9867173],[-49.311622,-19.9648182],[-49.2809835,-19.9627912],[-49.2651731,-19.962038],[-49.249647,-19.9695542],[-49.2483388,-19.999637],[-49.2839236,-20.0047717],[-49.2982158,-20.0334346],[-49.3072553,-20.0603193],[-49.308538,-20.1038929],[-49.2992464,-20.1670761],[-49.2642762,-20.231263],[-49.259156,-20.2602042],[-49.225294,-20.3053431],[-49.1835625,-20.3146598],[-49.1340118,-20.2844681],[-49.1224111,-20.273545],[-49.1122377,-20.2506926]],[[-49.1122377,-20.2506926],[-49.1088698,-20.2473743],[-49.0960331,-20.2259446],[-49.0799403,-20.1887158],[-49.0730649,-20.1688437],[-49.0718032,-20.1614972]],[[-49.0718032,-20.1614972],[-49.0648389,-20.1526071],[-49.0329473,-20.1500559],[-49.0004263,-20.1607481],[-48.9922507,-20.1653845],[-48.9720232,-20.2077903],[-48.9617858,-20.2633012],[-48.965783,-20.2792918],[-48.9630303,-20.4031215],[-48.9230117,-20.4247847]],[[-48.9230117,-20.4247847],[-48.8998625,-20.4413362],[-48.8949446,-20.4418139],[-48.8864579,-20.4368891],[-48.8786069,-20.4296692]],[[-48.8786069,-20.4296692],[-48.8672304,-20.4024613],[-48.8784296,-20.3561378],[-48.8756657,-20.3149986],[-48.8887604,-20.2948472],[-48.8865458,-20.2711626],[-48.8592598,-20.2323061],[-48.8527791,-20.1775076],[-48.8257432,-20.1619575],[-48.7811373,-20.1638525],[-48.7313411,-20.1493818],[-48.7071077,-20.1602172],[-48.6421287,-20.1664961],[-48.6006412,-20.1397105],[-48.5546289,-20.130299],[-48.5092316,-20.1387963],[-48.4762218,-20.1347649],[-48.4057768,-20.113511],[-48.3749359,-20.1231032],[-48.3171344,-20.113347],[-48.2749559,-20.1421127],[-48.2546878,-20.1438158],[-48.2177475,-20.1252888],[-48.2534251,-20.0779207],[-48.2441319,-20.0474038],[-48.223658,-20.0293112],[-48.2077715,-20.03937],[-48.1824659,-20.074627],[-48.1820543,-20.0895131],[-48.15566,-20.1053012],[-48.1477216,-20.1241396],[-48.1054874,-20.146356],[-48.0767758,-20.1484296],[-48.024392,-20.124729],[-48.0024175,-20.1039695],[-47.9897482,-20.072963],[-47.991528,-20.0491659],[-47.9759693,-20.0353727],[-47.9460221,-20.0604678],[-47.9341021,-20.1078536],[-47.8954628,-20.1252583],[-47.8750773,-20.0983727],[-47.8699656,-20.0636946],[-47.8758201,-20.0324105],[-47.8597507,-19.9929397],[-47.8346805,-19.9960656],[-47.8056581,-19.9851317],[-47.7336817,-19.9879282],[-47.7126917,-19.978148],[-47.6761499,-20.0019156],[-47.6706264,-20.0225159],[-47.6396561,-20.0472194],[-47.6139901,-20.042109],[-47.5947481,-20.0258915],[-47.5838246,-19.9966646],[-47.5526378,-19.9960259],[-47.5401584,-19.984325],[-47.5085321,-19.9829406],[-47.4705119,-19.9607017],[-47.4502762,-19.9878376],[-47.424428,-20.0153196],[-47.4448424,-20.0303817],[-47.4387084,-20.0510888],[-47.4081335,-20.0801963],[-47.3745709,-20.0836627],[-47.3586764,-20.1039816],[-47.3096734,-20.1244984],[-47.2930069,-20.1486619],[-47.2617804,-20.1599249],[-47.2505709,-20.1996702],[-47.2310736,-20.2191522],[-47.2604338,-20.2775686],[-47.2767287,-20.291638],[-47.2858418,-20.3335586],[-47.2982081,-20.3484357],[-47.2880312,-20.3931778],[-47.2961002,-20.427256],[-47.2910113,-20.4505499],[-47.2532124,-20.4766136],[-47.1856804,-20.5108592],[-47.1545174,-20.5195532],[-47.138234,-20.5545926],[-47.1426277,-20.5660141],[-47.1233226,-20.6127225],[-47.0968958,-20.6445283],[-47.1012353,-20.6831658],[-47.1153008,-20.7072048],[-47.1490655,-20.7076166],[-47.1862607,-20.7311344],[-47.1888183,-20.7706247],[-47.2048158,-20.7743437],[-47.2247543,-20.8000989],[-47.2144844,-20.8272194],[-47.2400443,-20.8852817],[-47.2104581,-20.924139],[-47.1437389,-20.9823857],[-47.1570299,-21.0188247],[-47.1469812,-21.0380418],[-47.1370422,-21.0880229],[-47.1184774,-21.1090533],[-47.1335055,-21.1334556],[-47.1173051,-21.1536959],[-47.1236478,-21.1679094],[-47.0789122,-21.2305951],[-47.0522817,-21.2465187],[-47.016527,-21.3423629],[-46.9968389,-21.3576981],[-47.016168,-21.3965034],[-47.0102072,-21.420823],[-46.9843674,-21.4266951],[-46.9647087,-21.4181135],[-46.9342496,-21.4252539],[-46.8933056,-21.4156141],[-46.842084,-21.3891083],[-46.8321491,-21.3665382],[-46.7895373,-21.3729595],[-46.776398,-21.3628248],[-46.7389748,-21.3925723],[-46.7147217,-21.3926621],[-46.6655312,-21.3611582],[-46.6471993,-21.3641931],[-46.6487303,-21.3917213],[-46.6018899,-21.4439608],[-46.5765137,-21.4269572],[-46.5602225,-21.44233],[-46.5210932,-21.4469803],[-46.50889,-21.4891271],[-46.5229777,-21.5299379],[-46.5007767,-21.5497611],[-46.5219942,-21.5845087],[-46.518228,-21.6128219],[-46.5473674,-21.6304338],[-46.5659174,-21.6569384],[-46.5646313,-21.6786794],[-46.5930358,-21.6831783],[-46.6215947,-21.675543],[-46.6308415,-21.7408998],[-46.6260303,-21.7662265],[-46.6909705,-21.8369638],[-46.665285,-21.848788],[-46.6475365,-21.8804608],[-46.6737785,-21.9110527],[-46.6536443,-21.9417049],[-46.6433949,-21.9761066],[-46.6158686,-21.9955445],[-46.685389,-22.0374221],[-46.664786,-22.0688631],[-46.7221634,-22.0749778],[-46.7188373,-22.0886791],[-46.6649482,-22.096362],[-46.646755,-22.0918932],[-46.6227309,-22.1099309],[-46.6130415,-22.1502525],[-46.6404581,-22.1577196],[-46.6464271,-22.1779461],[-46.6708008,-22.1842606],[-46.6781678,-22.2240419],[-46.7104007,-22.2623901],[-46.7052841,-22.295824],[-46.7179524,-22.3169443],[-46.6663078,-22.3809903],[-46.664127,-22.3993588],[-46.6665163,-22.4151098],[-46.655111,-22.4227021],[-46.6034679,-22.4430741],[-46.554814,-22.44665],[-46.5421469,-22.494356],[-46.4549551,-22.5217324],[-46.4146427,-22.5579277],[-46.4337254,-22.5745679],[-46.4059705,-22.6221789],[-46.3930589,-22.6629741],[-46.4277141,-22.6613577],[-46.4806366,-22.6783159],[-46.4573342,-22.7070572],[-46.4527231,-22.7275819],[-46.3635472,-22.7556473],[-46.3345415,-22.7603001],[-46.3621404,-22.789877],[-46.3768111,-22.8278195],[-46.3724091,-22.8831304],[-46.3563107,-22.9003033],[-46.314641,-22.88676],[-46.2960609,-22.8981541],[-46.2790257,-22.8783476],[-46.2585307,-22.8905747],[-46.1921979,-22.8652306],[-46.1553279,-22.8641682],[-46.13828,-22.8949706],[-46.1390937,-22.9227553],[-46.0952183,-22.894429],[-46.050675,-22.896975],[-46.026798,-22.884876],[-46.007954,-22.889497],[-45.993092,-22.86981],[-45.951145,-22.845879],[-45.938812,-22.846471],[-45.911829,-22.816293],[-45.887282,-22.87205],[-45.8638522,-22.8687103],[-45.8481273,-22.8378307],[-45.809802,-22.8293866],[-45.8005945,-22.8476294],[-45.7923785,-22.8552279],[-45.7818841,-22.8552572],[-45.7669594,-22.8408123],[-45.7709451,-22.8059268],[-45.7135809,-22.8147857],[-45.7143286,-22.8086291],[-45.729029,-22.7852375],[-45.7119176,-22.7732277],[-45.71408,-22.7618481],[-45.7325571,-22.7220027],[-45.7564638,-22.72104],[-45.7956339,-22.7390214],[-45.8058373,-22.7369777],[-45.8151885,-22.7301946],[-45.817693,-22.7161445],[-45.811641,-22.6987077],[-45.7878589,-22.6933565],[-45.7505519,-22.6712425],[-45.6979552,-22.6497703],[-45.7174694,-22.6210098],[-45.73669,-22.6101504],[-45.7267937,-22.587023],[-45.6605737,-22.5778408],[-45.6661076,-22.6126952],[-45.6810783,-22.6363357],[-45.6661848,-22.6512012],[-45.6181281,-22.6379141],[-45.5793868,-22.6053855],[-45.5599393,-22.6276023],[-45.5659653,-22.6565228],[-45.4888005,-22.6287852],[-45.4738566,-22.5888942],[-45.4355472,-22.6183207],[-45.4129317,-22.6222155],[-45.4105211,-22.651671],[-45.3609582,-22.6387614],[-45.332962,-22.6176392],[-45.2614069,-22.6071156],[-45.2545407,-22.5816243],[-45.1645153,-22.5379287],[-45.1618231,-22.5227993],[-45.1395955,-22.5016931],[-45.1284594,-22.4971103],[-45.0826458,-22.4863677],[-45.0549289,-22.470504],[-44.9918141,-22.4661729],[-44.9698484,-22.4719446],[-44.9400702,-22.4526691],[-44.9036245,-22.4542268],[-44.8976822,-22.4491138],[-44.8897308,-22.432124],[-44.8595994,-22.4230432],[-44.8302314,-22.4281434],[-44.8076736,-22.4096661]],[[-44.8076736,-22.4096661],[-44.804196,-22.3944705],[-44.7958799,-22.3899085]],[[-44.7958799,-22.3899085],[-44.7302412,-22.3611199],[-44.7211659,-22.3602294],[-44.7047151,-22.3678567],[-44.6882194,-22.3728936],[-44.6703924,-22.3748184],[-44.6592574,-22.3743731],[-44.592428,-22.3228686],[-44.5870634,-22.3204465],[-44.555208,-22.3306953],[-44.5302293,-22.3231889],[-44.4633792,-22.2763202],[-44.4589343,-22.2610961],[-44.4523877,-22.2582179],[-44.4497777,-22.2578699],[-44.4450798,-22.2571666],[-44.3947967,-22.2589069],[-44.3768855,-22.2682984],[-44.3524219,-22.2576839],[-44.3170128,-22.2593875],[-44.2845176,-22.2435627],[-44.2635061,-22.2434359],[-44.2498362,-22.2604013],[-44.2236691,-22.2599392],[-44.1807049,-22.2335714],[-44.141684,-22.2203866],[-44.1172885,-22.1899042],[-44.0603543,-22.1602258],[-44.0338174,-22.1522504],[-43.998022,-22.1559339],[-43.9648813,-22.1393525],[-43.8796514,-22.1140214],[-43.8579706,-22.0950507],[-43.8423705,-22.0996411],[-43.7748424,-22.0657263],[-43.7314476,-22.0962232],[-43.6812941,-22.071777],[-43.6720908,-22.0903495],[-43.6464278,-22.0648524],[-43.6128889,-22.0822966],[-43.5923143,-22.0562575],[-43.559605,-22.083812],[-43.5248272,-22.0724075],[-43.4636785,-22.0726508],[-43.3685753,-22.0205074],[-43.3650143,-22.0104667],[-43.3162356,-22.0076697],[-43.2949277,-22.0164932],[-43.245467,-22.0065741],[-43.2215116,-22.0337609],[-43.1776488,-22.0285688],[-43.1441576,-22.0337312],[-43.1333747,-22.0584097],[-43.1537114,-22.0741605],[-43.1466518,-22.0906928],[-43.1355584,-22.1098842],[-43.1168288,-22.0851408],[-43.1061821,-22.0826565],[-43.0751292,-22.0848746],[-43.053126,-22.0817249],[-43.0331612,-22.0659049],[-43.0391521,-22.0445945],[-42.9969043,-22.0361104],[-42.9689855,-22.014895],[-42.9091062,-21.9905067],[-42.8814275,-21.9592662],[-42.7877903,-21.9295698],[-42.6849644,-21.8791981],[-42.6143208,-21.8558872],[-42.6043803,-21.8455572],[-42.4491667,-21.7803726],[-42.3956274,-21.7616407],[-42.3590328,-21.7409898],[-42.3334621,-21.7458488],[-42.2795291,-21.7186103],[-42.2666492,-21.7144732],[-42.2667389,-21.708281],[-42.273758,-21.6774081],[-42.301341,-21.6549221],[-42.3401909,-21.6592984],[-42.3651522,-21.6464585],[-42.3615684,-21.6023468],[-42.2856011,-21.5281202],[-42.2555846,-21.483612],[-42.2921249,-21.4592381],[-42.2753662,-21.4283085],[-42.2550888,-21.4097667],[-42.2519754,-21.3871971],[-42.2300242,-21.3664945],[-42.2379724,-21.3194524],[-42.2286368,-21.2820599],[-42.1897249,-21.250506],[-42.1944335,-21.2017374],[-42.2080744,-21.1782247],[-42.1915706,-21.1471176],[-42.1706476,-21.1286444],[-42.1640269,-21.1010601],[-42.1402155,-21.103472],[-42.1333095,-21.0807075],[-42.1046812,-21.0550927],[-42.0848094,-21.0229899],[-42.1413633,-20.9926409],[-42.15095,-20.974029],[-42.1380367,-20.9600489],[-42.10129,-20.9435143],[-42.0477841,-20.9347277],[-42.0376544,-20.9269847],[-41.9933027,-20.9304709],[-41.9666893,-20.9169515],[-41.9673098,-20.8985727],[-41.926707,-20.8387898],[-41.9287363,-20.7943273],[-41.9063095,-20.7972422],[-41.8966425,-20.7884567],[-41.8796307,-20.7732134],[-41.8747382,-20.7659343]],[[-41.8747382,-20.7659343],[-41.8797957,-20.7595677]],[[-41.8797957,-20.7595677],[-41.8635136,-20.7419435],[-41.8482132,-20.6869247],[-41.8132318,-20.6532647],[-41.8205019,-20.6277853],[-41.8509385,-20.6212613],[-41.8283912,-20.5572962],[-41.8042989,-20.5384028],[-41.8254228,-20.4832588],[-41.7994356,-20.4772833],[-41.8033904,-20.4222379],[-41.8343104,-20.4114577],[-41.8595116,-20.3728426],[-41.8418651,-20.3265497],[-41.7805008,-20.2819885],[-41.7567537,-20.206866],[-41.4111404,-20.2073696],[-41.3821145,-20.1888131],[-41.338194,-20.0881176],[-41.3335563,-20.0588396],[-41.3091067,-20.0163706],[-41.311799,-19.9724195],[-41.3008581,-19.9365254],[-41.2726601,-19.9424386],[-41.2444702,-19.9373418],[-41.2280447,-19.9049851],[-41.1851882,-19.8899338],[-41.1840042,-19.8488244],[-41.1641051,-19.8063868],[-41.1746414,-19.7672385],[-41.1910716,-19.7458673],[-41.1795052,-19.7400977],[-41.1776462,-19.7079769],[-41.1768883,-19.6986979],[-41.1631625,-19.6646102],[-41.1386263,-19.6587247],[-41.1059326,-19.6298199],[-41.092656,-19.6018447],[-41.0741098,-19.5986638],[-41.0719177,-19.5844082],[-41.0368602,-19.570457],[-41.0449672,-19.5385621],[-41.0371069,-19.4924342]],[[-41.0371069,-19.4924342],[-41.0247499,-19.5016979],[-41.0144828,-19.5063912],[-40.9882782,-19.5079403]],[[-40.9882782,-19.5079403],[-40.9711934,-19.4946019],[-40.9535719,-19.4734409],[-40.9513894,-19.465661],[-40.9502249,-19.4581991],[-40.96792,-19.4304373],[-40.9507131,-19.3929999],[-40.9304484,-19.3841516],[-40.9384679,-19.3460655],[-40.9076927,-19.3088127],[-40.9327768,-19.296053],[-40.9217079,-19.2701228],[-40.9328578,-19.2511547],[-40.9330263,-19.2426307],[-40.9366045,-19.2266811],[-40.9310227,-19.2224219],[-40.9259317,-19.1896977],[-40.9325834,-19.1862869],[-40.9480788,-19.1416066],[-40.9589991,-19.1363869],[-40.9581665,-19.1283367],[-40.9628916,-19.1215583],[-41.0087437,-19.0993299],[-41.0126044,-19.0758017],[-41.0354885,-19.0715593],[-41.0557203,-19.0659464],[-41.065441,-19.0377948],[-41.0659291,-19.0163813],[-41.0617701,-19.0063175],[-41.0322203,-18.9908474],[-41.0614954,-18.9676902],[-41.0646541,-18.9452654],[-41.1036739,-18.9340607],[-41.1268471,-18.8945065],[-41.1529583,-18.8866091],[-41.1663607,-18.8582317],[-41.1990073,-18.8633344],[-41.2147844,-18.8776398],[-41.239356,-18.8586466],[-41.2397234,-18.8468705],[-41.2454775,-18.8219591],[-41.2325444,-18.7972788],[-41.1341302,-18.7960413],[-41.1105065,-18.8389374],[-41.0974736,-18.842311],[-41.0837074,-18.8365836],[-40.9639135,-18.8411701],[-40.9497652,-18.8281263],[-40.9418604,-18.8260568],[-40.9303024,-18.8245119],[-40.9167726,-18.8155434],[-40.9400042,-18.7702862],[-40.9414976,-18.6892947],[-40.9520614,-18.6808293],[-41.0052269,-18.667277],[-41.0508923,-18.634154],[-41.0419885,-18.6054031],[-41.0158793,-18.4767544],[-41.0230287,-18.4572609],[-41.1730831,-18.4427969],[-41.1807981,-18.4326826],[-41.1481022,-18.3791507],[-41.1474978,-18.3533812],[-41.1589207,-18.3082435],[-41.0971916,-18.2565812],[-41.1044479,-18.2132768],[-41.0927345,-18.1954013],[-41.0560846,-18.1666211],[-41.0145895,-18.1575794],[-40.9932169,-18.1662347],[-40.9741926,-18.142105],[-40.9500038,-18.1292866],[-40.9322096,-18.1364835],[-40.9092833,-18.1148302],[-40.8775551,-18.1194293],[-40.8450758,-18.149813],[-40.7714961,-18.15594],[-40.7733033,-18.1075627],[-40.8869894,-18.000641],[-40.8993327,-17.9826503],[-40.8911677,-17.9830332],[-40.8631315,-17.9883169],[-40.8305529,-17.95418],[-40.8081616,-17.9520472],[-40.7507676,-18.0099088],[-40.725769,-18.0012172],[-40.7036834,-18.023727],[-40.6905241,-18.0127127],[-40.6594357,-18.0109292],[-40.6261519,-17.9910539],[-40.6095329,-17.9376588],[-40.5871613,-17.9390208],[-40.5679302,-17.9160293],[-40.5168219,-17.8944233],[-40.4841295,-17.9086447],[-40.462738,-17.9282124],[-40.4450547,-17.9188255],[-40.4174187,-17.9270343],[-40.3678286,-17.9226325],[-40.3339556,-17.9273598],[-40.3234355,-17.9389442],[-40.2553548,-17.9717994],[-40.2223506,-17.9804174]],[[-41.4994053,-15.3726109],[-41.8034068,-15.0997373]],[[-46.0375749,-14.8746562],[-46.0485611,-14.8782827]],[[-46.0485611,-14.8782827],[-46.0831939,-14.9280745],[-46.0881416,-14.9363926],[-46.0982162,-14.9389825],[-46.1203001,-14.9200586],[-46.1615537,-14.9310482],[-46.1913899,-14.944676],[-46.2157258,-14.9435252],[-46.2244688,-14.9417314],[-46.2322235,-14.9222961],[-46.2736754,-14.9300956],[-46.2868648,-14.9281457],[-46.2921684,-14.9217754],[-46.29467,-14.9086131],[-46.3154805,-14.9005924],[-46.3181674,-14.8832583],[-46.3004725,-14.8580787],[-46.325087,-14.8456231],[-46.3221999,-14.8145803],[-46.3657836,-14.795406],[-46.4045319,-14.7603312],[-46.4238049,-14.7559729],[-46.4473617,-14.7316769],[-46.4631397,-14.7311744],[-46.4765621,-14.7050974],[-46.5097242,-14.7160762],[-46.5102818,-14.7382606],[-46.5441922,-14.7530124],[-46.5432281,-14.7686732],[-46.5638389,-14.7833849],[-46.5585055,-14.8221536],[-46.5319268,-14.8302984],[-46.521556,-14.8511795],[-46.5465359,-14.9254445],[-46.5408375,-14.9516036],[-46.5210077,-14.967394],[-46.5308107,-15.0052785],[-46.502722,-15.0508979],[-46.5513197,-15.0638756],[-46.5753084,-15.0836319],[-46.6280595,-15.0894905],[-46.6515351,-15.0846034],[-46.6816692,-15.0586204],[-46.7818569,-15.0193214],[-46.8205547,-15.0107669],[-46.856899,-15.010266],[-46.9083441,-15.0458631],[-46.9205918,-15.050859],[-46.9260374,-15.0735624],[-46.8977634,-15.0942172],[-46.8884431,-15.1156449],[-46.9373469,-15.2050198],[-46.9408666,-15.2307016],[-46.9276553,-15.2550953],[-46.8914846,-15.2352596],[-46.8893183,-15.2822469],[-46.8753369,-15.2839233],[-46.8356758,-15.3251277],[-46.847957,-15.3467604],[-46.8494784,-15.373164],[-46.9151246,-15.4148348],[-46.9293133,-15.4399397],[-46.9324305,-15.4831717],[-46.9442146,-15.5181869],[-46.948688,-15.5578444],[-46.9177476,-15.5900078],[-46.8548835,-15.6183005],[-46.8557027,-15.6831245],[-46.8271475,-15.7299712],[-46.8274702,-15.7512492],[-46.813149,-15.7872043],[-46.8232217,-15.8246331],[-46.8050041,-15.8657058],[-46.809563,-15.884283],[-46.824868,-15.8857186],[-46.9843092,-15.9240313],[-47.0603838,-15.9400587],[-47.0768869,-15.9581333],[-47.1149112,-15.9536681],[-47.1386268,-15.9290202],[-47.1717381,-15.9541297],[-47.1672988,-15.9683774],[-47.2095607,-15.9926771],[-47.2217175,-16.0121546],[-47.2447732,-16.017722],[-47.2765091,-16.0093563],[-47.3107096,-16.0308364]],[[-47.3107096,-16.0308364],[-47.3085003,-16.042092]],[[-47.3085003,-16.042092],[-47.3099749,-16.048486]],[[-47.3099749,-16.048486],[-47.3083581,-16.0502989],[-47.3076865,-16.0565002]],[[-47.3076865,-16.0565002],[-47.3075989,-16.0636407],[-47.3131586,-16.0856078],[-47.3329111,-16.0867316],[-47.336561,-16.1194875],[-47.3505851,-16.1385341],[-47.3319567,-16.1717392],[-47.3345377,-16.1983935],[-47.3219811,-16.2314256],[-47.3516084,-16.2754134],[-47.3524215,-16.3066762],[-47.4030493,-16.3759185],[-47.4201416,-16.3831948],[-47.4269215,-16.4340202],[-47.4543675,-16.4646114],[-47.4560096,-16.4709102],[-47.4595246,-16.5041259],[-47.4442298,-16.5393026],[-47.4060723,-16.5578251],[-47.3744293,-16.584915],[-47.3011068,-16.6249778],[-47.2737876,-16.6619406],[-47.2508621,-16.6648074],[-47.2461895,-16.700457],[-47.2289826,-16.7121525],[-47.2364892,-16.7553454],[-47.2197008,-16.7780734],[-47.2211844,-16.8077662],[-47.2064375,-16.8383888],[-47.2031153,-16.8928856],[-47.1818762,-16.9013299],[-47.1672751,-16.9526489],[-47.1294759,-16.9751591],[-47.1441213,-16.9909364],[-47.146632,-17.032326],[-47.1780595,-17.0407701],[-47.2055403,-17.0706816],[-47.2395492,-17.0836899],[-47.2819575,-17.1148932],[-47.2827101,-17.1440996],[-47.3265203,-17.1541597],[-47.3484877,-17.176223],[-47.3661276,-17.2217757],[-47.4078156,-17.2459561],[-47.4178482,-17.2704629],[-47.4228662,-17.3230893],[-47.4378685,-17.3178782],[-47.4600437,-17.3441505],[-47.5166009,-17.3461032],[-47.5145067,-17.3749523],[-47.5340531,-17.4005259],[-47.5282939,-17.4388645],[-47.4911741,-17.5187779],[-47.4772836,-17.5127848],[-47.4547257,-17.541786],[-47.4314768,-17.5237402],[-47.4004487,-17.5118175],[-47.3744483,-17.5235951],[-47.3254145,-17.5238006],[-47.3066249,-17.5584603],[-47.288674,-17.5707342],[-47.2648038,-17.6113892],[-47.2807997,-17.6476307],[-47.2713657,-17.6658635],[-47.3137022,-17.698963],[-47.3169505,-17.7252432],[-47.3421123,-17.746645],[-47.3329179,-17.7683927],[-47.3532807,-17.7880863],[-47.3507473,-17.8139461],[-47.365876,-17.834548],[-47.3428603,-17.898624],[-47.3409244,-17.9366967],[-47.3384149,-17.9354778],[-47.3129613,-17.9618874],[-47.3230084,-17.9831567],[-47.2834118,-18.0527929],[-47.2901229,-18.0605608],[-47.3576318,-18.0852333],[-47.3700398,-18.1160146],[-47.3918894,-18.1168725],[-47.4286403,-18.1399176],[-47.4629873,-18.1766911],[-47.4806058,-18.1783207],[-47.4969651,-18.1990171],[-47.539358,-18.2150381],[-47.5654623,-18.203657],[-47.5691932,-18.2057701],[-47.6070005,-18.2462041],[-47.6073287,-18.263959],[-47.6327675,-18.2916201],[-47.610582,-18.3164807],[-47.6242641,-18.3226359],[-47.6481547,-18.3406985],[-47.6624567,-18.3350847],[-47.6940404,-18.3749681],[-47.7369631,-18.3626023],[-47.7564309,-18.3992713],[-47.7468002,-18.4099378],[-47.7494887,-18.4125515],[-47.7790168,-18.4241351],[-47.7975468,-18.4069093],[-47.8153243,-18.4062574],[-47.8370414,-18.4358278],[-47.8387927,-18.4517602],[-47.8579639,-18.4390126],[-47.8879121,-18.4772192],[-47.914274,-18.4665778],[-47.9295493,-18.4878432],[-47.952655,-18.4938398],[-47.9621978,-18.4960714],[-47.9631962,-18.4937609],[-47.9649597,-18.477357],[-47.9966664,-18.4535262],[-48.0681178,-18.4267065],[-48.1107876,-18.428594],[-48.1465333,-18.4095445],[-48.1593809,-18.3755081],[-48.2214763,-18.3619685],[-48.2279685,-18.344975],[-48.287235,-18.3472136],[-48.318073,-18.3670951],[-48.4000129,-18.3728089],[-48.4111716,-18.3576201],[-48.4420499,-18.3566186],[-48.484114,-18.3785746],[-48.4927768,-18.352975],[-48.5156492,-18.3664159],[-48.5545426,-18.3469494],[-48.5614147,-18.3238865],[-48.6023528,-18.3348221],[-48.6338249,-18.3276484],[-48.6471697,-18.3438906],[-48.7422953,-18.3524984],[-48.7577234,-18.3447611],[-48.7871685,-18.3532014],[-48.8280249,-18.3752488],[-48.8320838,-18.3461352],[-48.8727515,-18.3328468],[-48.8882794,-18.3170959],[-48.9367738,-18.3062076],[-48.9711389,-18.3304868],[-48.9815012,-18.3563742],[-49.0059642,-18.374359],[-49.0296362,-18.36882],[-49.0487005,-18.3974989],[-49.0790512,-18.4166711],[-49.1263129,-18.3843143],[-49.1614616,-18.4182148],[-49.2025283,-18.4292342],[-49.1925855,-18.4497216],[-49.2293182,-18.4803786],[-49.2540865,-18.5259333],[-49.2856353,-18.536312],[-49.2934845,-18.564679],[-49.3274973,-18.5622003],[-49.3438841,-18.5978656],[-49.3850575,-18.6460619],[-49.4057131,-18.645098],[-49.455975,-18.5778985],[-49.4817256,-18.5605478],[-49.486346,-18.5418674]],[[-49.486346,-18.5418674],[-49.4862851,-18.5064576],[-49.4917443,-18.4957347],[-49.499833,-18.4910228]],[[-49.499833,-18.4910228],[-49.5353064,-18.4918071],[-49.5464672,-18.5011279],[-49.5426061,-18.520584],[-49.5444763,-18.535998],[-49.5752534,-18.5423262],[-49.6420083,-18.5552431],[-49.6669645,-18.5906591],[-49.6937324,-18.590641],[-49.7328262,-18.616023],[-49.7721992,-18.6132646],[-49.7848196,-18.6422477],[-49.8197929,-18.6325772],[-49.8361535,-18.6366896],[-49.870211,-18.6143407],[-49.9316515,-18.6239931],[-50.0023122,-18.6016024],[-50.0200643,-18.5993635],[-50.028763,-18.6014664],[-50.0502051,-18.6435418],[-50.0800431,-18.6722438],[-50.164288,-18.6643525],[-50.1988769,-18.6790799],[-50.2502634,-18.6778911],[-50.2763082,-18.6868451],[-50.31449,-18.7007498],[-50.3320133,-18.7248106],[-50.3656856,-18.7944115],[-50.3862367,-18.819731],[-50.4234927,-18.8326532],[-50.4355985,-18.8767983],[-50.4610231,-18.9136472],[-50.5056842,-18.9322003],[-50.5118782,-18.9519649],[-50.4950762,-19.0128685],[-50.5049146,-19.0507551],[-50.5351625,-19.0988871],[-50.5730293,-19.1223828],[-50.5877655,-19.1399476],[-50.6567471,-19.1336973],[-50.6776879,-19.1398107],[-50.671757,-19.1627133],[-50.6838926,-19.1760808],[-50.7341529,-19.187695],[-50.7408298,-19.1969304],[-50.7439322,-19.2344779],[-50.770439,-19.2609848],[-50.7859507,-19.2626272],[-50.8188904,-19.2917345],[-50.8606325,-19.3920857],[-50.8714819,-19.4038518],[-50.8759721,-19.4150347],[-50.868584,-19.4339229],[-50.8290442,-19.467035],[-50.8244739,-19.4802131],[-50.8493869,-19.4981367],[-50.889467,-19.4808963],[-50.9188348,-19.4715837]],[[-41.8797957,-20.7595677],[-41.8640224,-20.7653416]],[[-41.8640224,-20.7653416],[-41.8324432,-20.7818772],[-41.8127091,-20.8030015],[-41.811624,-20.8032841],[-41.7816837,-20.7976102],[-41.7551033,-20.8068161],[-41.7498705,-20.8167017],[-41.7492421,-20.8141906],[-41.7426415,-20.8256169],[-41.7390263,-20.8664068],[-41.7430208,-20.8698267],[-41.7415026,-20.8697299],[-41.7370702,-20.8700249],[-41.715697,-20.8718246],[-41.7223679,-20.9232528],[-41.7116275,-20.9805924],[-41.7252015,-21.033078],[-41.7161889,-21.047051],[-41.7362793,-21.1014302],[-41.7183532,-21.1164195],[-41.6884281,-21.1221734],[-41.6125895,-21.1570009],[-41.5867479,-21.1494743],[-41.5782375,-21.1697453],[-41.5482883,-21.1832995],[-41.5115501,-21.1758363],[-41.4603557,-21.2087711],[-41.435249,-21.2157019],[-41.4164778,-21.2001205],[-41.388013,-21.1989007],[-41.3161839,-21.2135457],[-41.2767152,-21.2402293],[-41.2413685,-21.2203603],[-41.1937387,-21.2440657],[-41.1633039,-21.2428731],[-41.0892187,-21.2195207],[-41.0593193,-21.2346468],[-41.0445825,-21.2530586],[-41.0047404,-21.2510999],[-40.9957952,-21.2861898],[-40.9654412,-21.2958068]],[[-40.9654412,-21.2958068],[-40.9529703,-21.2352966],[-40.9146039,-21.1727357],[-40.8584235,-21.1276302],[-40.8297976,-21.0475971],[-40.8134908,-21.0353602],[-40.8048991,-21.0024585],[-40.8085605,-20.9581746],[-40.7949905,-20.9251957],[-40.7583802,-20.8794797],[-40.739539,-20.8455659],[-40.7202129,-20.8465796],[-40.6533185,-20.8058727],[-40.6291267,-20.8186801],[-40.5833074,-20.8027222],[-40.5760626,-20.7741894],[-40.5567203,-20.7464715],[-40.5341728,-20.7396697],[-40.5118873,-20.6937142],[-40.4693947,-20.6326868],[-40.4344093,-20.6363482],[-40.4037841,-20.5976506],[-40.3935813,-20.5600929],[-40.3520228,-20.4955754],[-40.3229425,-20.429427],[-40.3196594,-20.406002],[-40.2713959,-20.3232054],[-40.2900396,-20.3076378],[-40.2891235,-20.2837799],[-40.2584728,-20.2658397],[-40.2343925,-20.2763024],[-40.2157149,-20.2349098],[-40.1989444,-20.2168336],[-40.1838238,-20.1672882],[-40.1719635,-20.1072364],[-40.1738309,-20.0749044],[-40.1919114,-20.0543449],[-40.1589145,-20.0358822],[-40.1350262,-19.9595744],[-40.1360006,-19.9415156],[-40.1022134,-19.9213309],[-40.0829838,-19.8759643],[-40.0691033,-19.8619978],[-40.0536755,-19.8128454],[-39.988981,-19.7437162],[-39.9394519,-19.7046491],[-39.9043311,-19.6828791],[-39.8496964,-19.6601677],[-39.8108024,-19.6496129],[-39.8090039,-19.63416],[-39.7784822,-19.5763782],[-39.7358812,-19.4809558],[-39.7010639,-19.3861555],[-39.6891196,-19.295111],[-39.7104011,-19.1670844],[-39.7356351,-18.9775905],[-39.7427941,-18.9360835],[-39.7497524,-18.8380728],[-39.7460078,-18.6962597],[-39.7406804,-18.6504792],[-39.7283871,-18.6110842],[-39.7282224,-18.518274],[-39.7147528,-18.4619453],[-39.6660146,-18.3332183]],[[-40.9882782,-19.5079403],[-41.0088412,-19.5073558],[-41.0190737,-19.5048815],[-41.0371069,-19.4924342]],[[-29.3384236,-20.486783],[-29.3441611,-20.5102515],[-29.33053,-20.5221671],[-29.2991521,-20.5189343],[-29.3384236,-20.486783]],[[-44.2300434,-23.0755784],[-44.2499071,-23.109995],[-44.2726213,-23.1174329],[-44.2867117,-23.1360824],[-44.3061617,-23.1211848],[-44.3253934,-23.1543517],[-44.3692448,-23.1668518],[-44.3512027,-23.2141959],[-44.3378855,-23.2232601],[-44.3113276,-23.1804693],[-44.2884123,-23.1765762],[-44.244869,-23.1999884],[-44.2070373,-23.1924798],[-44.1926804,-23.1986729],[-44.1399607,-23.1670272],[-44.1177421,-23.1859001],[-44.0945029,-23.1747534],[-44.1171524,-23.1533358],[-44.1376976,-23.1596698],[-44.1402736,-23.1216087],[-44.1644271,-23.1419058],[-44.1763606,-23.1171075],[-44.2089007,-23.1114835],[-44.2091948,-23.0922599],[-44.2300434,-23.0755784]],[[-43.8811905,-22.9247064],[-43.9109268,-22.9413852],[-43.8968922,-22.9586076],[-43.8811905,-22.9247064]],[[-43.7539941,-23.059757],[-43.8283896,-23.0581518],[-43.8773965,-23.0498313],[-43.8994668,-23.0687956],[-43.9333909,-23.057165],[-43.9544335,-23.0409264],[-43.9737221,-23.0455041],[-44.0107424,-23.0793065],[-43.9879975,-23.1024004],[-43.9679631,-23.0904553],[-43.8820962,-23.0747432],[-43.7836641,-23.0626873],[-43.630363,-23.0502651],[-43.6142776,-23.030969],[-43.705966,-23.0528946],[-43.7539941,-23.059757]],[[-43.17208,-22.7758023],[-43.1885841,-22.7945695],[-43.2193146,-22.7851515],[-43.2566881,-22.7974008],[-43.2656753,-22.8128498],[-43.2376545,-22.8327381],[-43.2102231,-22.8156526],[-43.1726462,-22.825297],[-43.17208,-22.7758023]],[[-44.7325409,-23.3659184],[-44.7159333,-23.3451632],[-44.6550234,-23.3429163],[-44.6397234,-23.3310349],[-44.5853556,-23.3595584],[-44.5618141,-23.3297681],[-44.5557631,-23.3035671],[-44.5271944,-23.2727545],[-44.5799661,-23.2708988],[-44.5748435,-23.2335604],[-44.6209522,-23.2582831],[-44.6382847,-23.2339882],[-44.6251187,-23.2223684],[-44.6437158,-23.1964214],[-44.6948458,-23.2326372],[-44.7211571,-23.2018262],[-44.6983112,-23.1744987],[-44.6990838,-23.1306665],[-44.6910195,-23.0827562],[-44.6685526,-23.0541686],[-44.6185755,-23.044163],[-44.5770236,-23.0488298],[-44.5305385,-23.0271277],[-44.4948288,-23.024135],[-44.4775306,-23.0058107],[-44.4484932,-23.0251924],[-44.4376702,-22.973403],[-44.4238943,-22.9518053],[-44.3892801,-22.9515994],[-44.3671543,-22.9604358],[-44.3311195,-22.9258117],[-44.3189443,-22.9564692],[-44.3258915,-22.9918131],[-44.3536241,-22.9970039],[-44.3485069,-23.0270925],[-44.3032315,-23.0024153],[-44.2413617,-23.0010878],[-44.2309312,-23.0219828],[-44.2478432,-23.0450089],[-44.2376444,-23.0565346],[-44.2013781,-23.0383127],[-44.1446907,-23.036032],[-44.1136296,-23.0233847],[-44.0825803,-22.9929905],[-44.0813277,-22.9594999],[-44.0537747,-22.9422934],[-44.0122839,-22.9459265],[-43.9509172,-22.9269528],[-43.9102718,-22.9310166],[-43.8830205,-22.9215042],[-43.867489,-22.9039029],[-43.8456571,-22.9017065],[-43.8320353,-22.9311906],[-43.8102224,-22.917569],[-43.7843279,-22.9242711],[-43.7462805,-22.9458873],[-43.7006032,-22.9857035],[-43.6742791,-22.9803094],[-43.6532004,-23.0027751],[-43.6229159,-23.0078702],[-43.5735461,-23.0472426],[-43.5541368,-23.0726433],[-43.5343866,-23.0502917],[-43.4928009,-23.0353181],[-43.3986838,-23.0143491],[-43.3359425,-23.011363],[-43.2873845,-23.0148424],[-43.2747269,-23.002277],[-43.2407815,-23.0004151],[-43.2266681,-22.988537],[-43.1952466,-22.9884332],[-43.1565953,-22.9533049],[-43.1803779,-22.9479345],[-43.1615378,-22.9052779],[-43.1958862,-22.8920373],[-43.2365296,-22.8620282],[-43.2735418,-22.8101522],[-43.27863,-22.7804863],[-43.2578794,-22.7564137],[-43.1947401,-22.7220395],[-43.151794,-22.7080015],[-43.1339363,-22.7150404],[-43.0845631,-22.6796607],[-43.037207,-22.7007754],[-43.0294023,-22.7476182],[-43.0638281,-22.7648069],[-43.0815323,-22.7893856],[-43.0650793,-22.8029319],[-43.0971232,-22.8281171],[-43.1015676,-22.8530319],[-43.1345626,-22.8815742],[-43.0986248,-22.9315746],[-43.1104297,-22.9536496],[-43.0773004,-22.9559543],[-43.0457447,-22.9724856],[-43.0046864,-22.9697186],[-42.9177002,-22.9749446],[-42.8707092,-22.9656493],[-42.7331058,-22.9564613],[-42.6899609,-22.9621034],[-42.6744559,-22.9437247],[-42.6358176,-22.9365853],[-42.5666977,-22.9327026],[-42.4742011,-22.9378176],[-42.4557655,-22.9348771],[-42.3612933,-22.9354655],[-42.1792382,-22.9449553],[-42.0542049,-22.9598324],[-42.0209922,-22.9750184],[-42.0368114,-22.936768],[-42.0286862,-22.8984246],[-41.9822803,-22.8713987],[-41.9864918,-22.8532617],[-41.9708172,-22.8233984],[-41.9331814,-22.809839],[-41.921825,-22.7871168],[-41.8932072,-22.785568],[-41.8858944,-22.7544229],[-41.925922,-22.7703359],[-41.9580227,-22.7353094],[-41.9758984,-22.7284448],[-41.9940906,-22.6892965],[-41.9997364,-22.6354082],[-41.9755474,-22.5540483],[-41.9624401,-22.5352018],[-41.9325176,-22.5375345],[-41.893333,-22.4884565],[-41.8595386,-22.4701612],[-41.8544765,-22.4492891],[-41.8125988,-22.4135339],[-41.7715488,-22.3897131],[-41.7734981,-22.3640535],[-41.7007709,-22.3077142],[-41.6504208,-22.2794092],[-41.4938465,-22.2153852],[-41.3567844,-22.1770056],[-41.2700191,-22.1553552],[-41.2114597,-22.1357172],[-41.1341587,-22.0967157],[-41.1260944,-22.0859316],[-41.0097233,-22.0246122],[-40.9875141,-22.0060632],[-40.9760586,-21.9736536],[-40.9751888,-21.9410341],[-41.0180851,-21.7624281],[-41.0245357,-21.7250841],[-41.0226665,-21.6853864],[-41.0123084,-21.6209843],[-41.0399204,-21.62083],[-41.0726467,-21.5256098],[-41.0690342,-21.4979189],[-41.0376125,-21.4622743],[-40.9613987,-21.3607767],[-40.9654412,-21.2958068]],[[-41.8640224,-20.7653416],[-41.8747382,-20.7659343]],[[-44.7958799,-22.3899085],[-44.805387,-22.4038479]],[[-44.805387,-22.4038479],[-44.7553337,-22.4152692],[-44.7339428,-22.4328958],[-44.7192455,-22.4634211],[-44.7127903,-22.509367],[-44.6416234,-22.5602024],[-44.6402486,-22.6080579],[-44.5969551,-22.6099938],[-44.583777,-22.6228551],[-44.5460294,-22.6069617],[-44.5085884,-22.640947],[-44.4886662,-22.6067556],[-44.4784696,-22.6128489],[-44.4467258,-22.6105125],[-44.4314745,-22.5986518],[-44.4017942,-22.6066859],[-44.4011244,-22.6032952],[-44.3957023,-22.5815621],[-44.3895986,-22.5741985],[-44.3638457,-22.5779555],[-44.3605182,-22.5831717],[-44.2952778,-22.6017062],[-44.2833603,-22.6080679],[-44.2326383,-22.6091546],[-44.2244351,-22.6115345],[-44.1842763,-22.6372991],[-44.1613652,-22.6782584],[-44.1989603,-22.7352873],[-44.2295279,-22.7355418],[-44.2519766,-22.764692],[-44.2585747,-22.7707009],[-44.2571028,-22.77803],[-44.2566104,-22.7849907],[-44.2507297,-22.7883033],[-44.2676787,-22.8292436],[-44.2965216,-22.8278766],[-44.3742233,-22.8580862],[-44.4230592,-22.8504965],[-44.4332925,-22.8688376],[-44.4661916,-22.8853713],[-44.4849432,-22.846201],[-44.5052785,-22.8515493],[-44.5559534,-22.8880917],[-44.6073108,-22.885237],[-44.658994,-22.9279312],[-44.6716121,-22.9220663],[-44.7134344,-22.9298754],[-44.7438207,-22.9472056],[-44.751031,-22.972011],[-44.7767395,-22.9780555],[-44.8012564,-22.9965004],[-44.7928172,-23.0098386],[-44.8188437,-23.0914584],[-44.8105998,-23.1155346],[-44.8254815,-23.143741],[-44.8227272,-23.1600769],[-44.8727325,-23.1825022],[-44.8893206,-23.2265949],[-44.8694641,-23.249834],[-44.8421302,-23.2557224],[-44.8399931,-23.2633896],[-44.8188487,-23.2897377],[-44.7867846,-23.3100876],[-44.7816111,-23.3258969],[-44.7325409,-23.3659184]],[[-53.097789,-22.5824763],[-53.1078623,-22.5955115],[-53.1098578,-22.6043011],[-53.1087062,-22.6150398],[-53.0945825,-22.6379787]],[[-53.0945825,-22.6379787],[-53.0557979,-22.6326227],[-53.030807,-22.6084114],[-52.972425,-22.5704843],[-52.9247426,-22.565624],[-52.9053625,-22.5722073],[-52.8583628,-22.608001],[-52.8154397,-22.5970432],[-52.7503018,-22.6123689],[-52.7269043,-22.6252423],[-52.6971054,-22.6270066],[-52.6630376,-22.6119177],[-52.6113574,-22.5744716],[-52.5893444,-22.5660966],[-52.5453772,-22.6117435],[-52.5026768,-22.6345557],[-52.4676343,-22.6158782],[-52.4330458,-22.6071665],[-52.3686111,-22.6293368],[-52.3004356,-22.635445],[-52.2786947,-22.6203902],[-52.2504131,-22.6154264],[-52.2280991,-22.6425169],[-52.2225772,-22.6755354],[-52.1971818,-22.6589303],[-52.156678,-22.6447189],[-52.1609654,-22.5894509],[-52.1388808,-22.5312652],[-52.1186213,-22.516835],[-52.0896174,-22.5212499],[-52.0600478,-22.5377656],[-51.9968526,-22.5460533],[-51.9405126,-22.5673428],[-51.8789728,-22.624353],[-51.8470961,-22.632226],[-51.7716206,-22.6141269],[-51.7330367,-22.6286144],[-51.7258674,-22.6614648],[-51.6991709,-22.6693686],[-51.6463861,-22.6563411],[-51.6158422,-22.6625934],[-51.5914778,-22.6851988],[-51.5595692,-22.6971793],[-51.5434953,-22.6895165],[-51.4989018,-22.6905293],[-51.4719041,-22.6771868],[-51.4530961,-22.6557505],[-51.4247256,-22.6535108],[-51.4020163,-22.6679055],[-51.3736492,-22.6581329],[-51.306495,-22.6744902],[-51.2651999,-22.6676974],[-51.228336,-22.7160172],[-51.1870158,-22.7298921],[-51.1644128,-22.7489629],[-51.1279231,-22.7599926],[-51.057615,-22.7660571],[-51.0111421,-22.792297],[-50.9786781,-22.7826098],[-50.9456364,-22.8039323],[-50.8953334,-22.7943002],[-50.8423871,-22.8313985],[-50.8306654,-22.8621733],[-50.7978171,-22.8885524],[-50.7931381,-22.9051173],[-50.8061462,-22.9402993],[-50.795935,-22.9511794],[-50.7586621,-22.9476544],[-50.7295268,-22.9624986],[-50.7112162,-22.9547444],[-50.679942,-22.9032102],[-50.6615854,-22.8954775],[-50.6038084,-22.9231785],[-50.5770572,-22.9039445],[-50.5300104,-22.9191495],[-50.5110192,-22.9446388],[-50.4827394,-22.9369345],[-50.4303025,-22.9464074],[-50.4189476,-22.9139331],[-50.3790746,-22.9054056],[-50.3592495,-22.9160588],[-50.3401866,-22.9480729],[-50.3184953,-22.9506826],[-50.2733879,-22.9310013],[-50.2441636,-22.94955],[-50.1833934,-22.9537733],[-50.1480536,-22.9351283],[-50.1154098,-22.9397912],[-50.0928258,-22.9225047],[-50.0715498,-22.9281236],[-50.0527394,-22.9052685],[-50.0162405,-22.9103352],[-49.9613778,-22.930863],[-49.9741983,-22.9544968],[-49.9545019,-22.9784205],[-49.9307596,-22.9830312],[-49.8995854,-23.0020053],[-49.9159033,-23.0347875],[-49.9116022,-23.0511186],[-49.8505758,-23.0732551],[-49.8336586,-23.0659429],[-49.7917155,-23.1024262],[-49.751382,-23.0977574],[-49.725551,-23.1094381],[-49.7304888,-23.1414461],[-49.6974899,-23.1649832],[-49.6833234,-23.1637756],[-49.6537516,-23.212037],[-49.6258029,-23.2866501],[-49.6308803,-23.2994757],[-49.6118066,-23.3546535],[-49.5904025,-23.3827925],[-49.5985165,-23.3981866],[-49.575543,-23.4313959],[-49.603186,-23.4512926],[-49.6032894,-23.4784236],[-49.6210967,-23.492099],[-49.6242171,-23.5233026],[-49.6002062,-23.5356244],[-49.6079896,-23.5652324],[-49.602017,-23.5826967],[-49.6211716,-23.6070475],[-49.6021338,-23.6521161],[-49.5491992,-23.7040164],[-49.5673236,-23.7367786],[-49.5600689,-23.8119307],[-49.5985289,-23.8367922],[-49.6024638,-23.8682819],[-49.5631719,-23.9123424],[-49.5029134,-23.9485422],[-49.4981248,-23.9938083],[-49.4634431,-24.0274358],[-49.4575401,-24.0494852],[-49.4378235,-24.0587863],[-49.4318438,-24.0856013],[-49.3891,-24.1196287],[-49.3365663,-24.1375819],[-49.3398259,-24.1747945],[-49.3557624,-24.2090737],[-49.3506772,-24.2208009],[-49.3053741,-24.251431],[-49.2860996,-24.3040721],[-49.2312127,-24.3303952],[-49.2161546,-24.3558903],[-49.2476759,-24.3927177],[-49.2355492,-24.4095521],[-49.2532326,-24.4359366],[-49.2489852,-24.4715054],[-49.296462,-24.5018955],[-49.280272,-24.5372649],[-49.3098163,-24.5499278],[-49.3176777,-24.5666395],[-49.3035971,-24.5969487],[-49.3140712,-24.6320664],[-49.3120154,-24.6635327],[-49.2756811,-24.6943759],[-49.2232588,-24.6985849],[-49.187123,-24.6736981],[-49.1360713,-24.6752471],[-49.1115946,-24.6883523],[-49.0746749,-24.6734165],[-49.0518457,-24.6806952],[-49.0345676,-24.65005],[-48.9632894,-24.6732153],[-48.8404009,-24.6649768],[-48.7882067,-24.6811894],[-48.7786516,-24.6967322],[-48.7185899,-24.6830148],[-48.6770593,-24.6925268],[-48.641642,-24.6896675],[-48.6040298,-24.6682968],[-48.5722028,-24.6906386],[-48.5518104,-24.7166178],[-48.5018968,-24.7459757],[-48.5167241,-24.7801821],[-48.5488908,-24.7972137],[-48.5613345,-24.8265329],[-48.5678141,-24.8474996],[-48.5493901,-24.8791638],[-48.5671436,-24.9038712],[-48.5628676,-24.9394293],[-48.5673709,-24.9722669],[-48.5952033,-24.9961342],[-48.6008313,-25.0105057],[-48.5838052,-25.0415844],[-48.5579385,-25.0639725],[-48.5598759,-25.077961],[-48.5285838,-25.1007893],[-48.4808824,-25.0369881],[-48.4740493,-25.0125524],[-48.4111527,-24.9802317],[-48.3786378,-24.9970283],[-48.3469716,-25.0352408],[-48.3177739,-25.0565481],[-48.3074617,-25.0354827],[-48.2846277,-25.0391923],[-48.2633319,-24.9928045],[-48.2353924,-24.9955833],[-48.214943,-25.0296741],[-48.2160543,-25.0766716],[-48.1713342,-25.1422586],[-48.1666386,-25.1660086],[-48.1933632,-25.1898656],[-48.1627203,-25.2098366],[-48.1512382,-25.2281274],[-48.1148836,-25.250702],[-48.0985821,-25.2412534],[-48.0621061,-25.2400852],[-48.0402996,-25.2187445],[-48.0269112,-25.2219935],[-48.0239381,-25.2291433],[-48.0307015,-25.2387678],[-48.0831092,-25.2819972],[-48.0994745,-25.3123213]],[[-48.0994745,-25.3123213],[-48.0468761,-25.2585301],[-47.945992,-25.1743206],[-47.9264866,-25.16169],[-47.9083367,-25.1185339],[-47.9023781,-25.0656706],[-47.8869055,-25.0512669],[-47.8717418,-25.0115718],[-47.8429223,-24.976605],[-47.800267,-24.9367522],[-47.7158621,-24.8683726],[-47.6230426,-24.7991402],[-47.5610293,-24.7579095],[-47.4248093,-24.6851413],[-47.3752748,-24.650078],[-47.2450093,-24.5739702],[-47.1861655,-24.5326024],[-47.1852021,-24.5244773],[-47.1408434,-24.4895432],[-47.0532789,-24.4331004],[-47.0037122,-24.4094793],[-47.0182394,-24.3788361],[-47.0024817,-24.3620659],[-47.002473,-24.3373097],[-46.9718344,-24.3050536],[-46.9315631,-24.2747135],[-46.8146204,-24.2012516],[-46.6350914,-24.1044789],[-46.484256,-24.0348757],[-46.415595,-24.0156591],[-46.3717254,-23.9749121],[-46.3323278,-23.9727232],[-46.3193634,-23.9972659],[-46.2847189,-24.0323852],[-46.265198,-24.0040519],[-46.2119003,-23.9864078],[-46.1912849,-23.9899399],[-46.1805433,-23.9330936],[-46.1671342,-23.9110452],[-46.1408407,-23.8921059],[-46.1283974,-23.8440863],[-46.085022,-23.8206782],[-46.0366614,-23.8124636],[-45.972647,-23.7853503],[-45.8983204,-23.7653529],[-45.8241645,-23.7573482],[-45.800668,-23.7696852],[-45.7659252,-23.7624939],[-45.6255157,-23.7871012],[-45.6231068,-23.8050813],[-45.5875578,-23.7926744],[-45.5601955,-23.7925316],[-45.533392,-23.8233564],[-45.5026446,-23.8426375],[-45.4669769,-23.8190682],[-45.4319897,-23.8295354],[-45.3961345,-23.8091138],[-45.396868,-23.7805715],[-45.4124827,-23.7536692],[-45.4305175,-23.6826592],[-45.4241915,-23.6461929],[-45.4074729,-23.6243404],[-45.3882545,-23.6347035],[-45.3573437,-23.6243306],[-45.3434037,-23.600672],[-45.3114123,-23.5756653],[-45.2850822,-23.5723269],[-45.244225,-23.5937286],[-45.2154068,-23.5686209],[-45.2306148,-23.5475821],[-45.2219509,-23.5306241],[-45.1948747,-23.5203112],[-45.1660244,-23.5293309],[-45.1602159,-23.5000272],[-45.0833508,-23.4961175],[-45.0551072,-23.4591894],[-45.0671639,-23.4467816],[-45.0613964,-23.4202216],[-45.0088565,-23.4059326],[-44.9493341,-23.3786443],[-44.9421504,-23.3570614],[-44.9080106,-23.3340716],[-44.8876425,-23.3387171],[-44.8368651,-23.3695881],[-44.8441802,-23.3872616],[-44.7325409,-23.3659184]],[[-44.805387,-22.4038479],[-44.8076736,-22.4096661]],[[-48.8786069,-20.4296692],[-48.8921333,-20.4407195],[-48.8982024,-20.4418731],[-48.9230117,-20.4247847]],[[-49.0718032,-20.1614972],[-49.0768291,-20.1799413],[-49.0893002,-20.2121746],[-49.1021151,-20.2364745],[-49.1122377,-20.2506926]],[[-49.5592035,-19.9112073],[-49.5799283,-19.9094412],[-49.5972267,-19.9137364],[-49.6110265,-19.9187849],[-49.6254015,-19.928573]],[[-50.4401248,-19.7940962],[-50.454493,-19.7860424],[-50.4693236,-19.7798888],[-50.4781877,-19.7814578],[-50.4861992,-19.7856507]],[[-51.000475,-20.0853844],[-51.0691631,-20.2500495],[-51.117583,-20.2869446],[-51.1780597,-20.3092856],[-51.2399055,-20.3169359],[-51.2956845,-20.3284821],[-51.321445,-20.3396192]],[[-51.321445,-20.3396192],[-51.3480852,-20.359518],[-51.3539806,-20.368593],[-51.3612244,-20.3845403]],[[-51.3612244,-20.3845403],[-51.3751155,-20.396527],[-51.4092796,-20.4595706],[-51.4443681,-20.4789171],[-51.4928561,-20.5465063],[-51.5002223,-20.5682163],[-51.5330051,-20.5969939]],[[-51.5330051,-20.5969939],[-51.5707683,-20.6200766],[-51.5837442,-20.6307443],[-51.5941482,-20.6438477]],[[-51.5941482,-20.6438477],[-51.6242875,-20.7125187],[-51.6348992,-20.7548484],[-51.6223983,-20.776872],[-51.6329772,-20.8215582],[-51.6297015,-20.8614529],[-51.613677,-20.8963192],[-51.6189985,-20.9325906],[-51.6235873,-20.9444329],[-51.6442757,-20.9555242]],[[-51.6442757,-20.9555242],[-51.6548912,-20.9652618],[-51.6657334,-20.9705204],[-51.6856219,-20.9730192],[-51.705683,-20.9703564]],[[-51.705683,-20.9703564],[-51.7222304,-20.976768],[-51.7596476,-21.0221968],[-51.7896709,-21.1021195],[-51.82359,-21.1268398],[-51.8654739,-21.1305401],[-51.8789848,-21.1481377],[-51.8795737,-21.1994307],[-51.8485145,-21.2666384],[-51.8569297,-21.2895262],[-51.86196,-21.3416175],[-51.9075357,-21.3864558],[-51.9286818,-21.4558161],[-51.9444044,-21.4658415],[-51.9635281,-21.4960198],[-51.9679033,-21.5017621],[-52.0003676,-21.5166265],[-52.0620417,-21.5032685],[-52.0959624,-21.5420636],[-52.1021641,-21.5698135],[-52.0688756,-21.5981075],[-52.0520923,-21.6365942],[-52.0507112,-21.6657666],[-52.0764924,-21.7148802],[-52.0995931,-21.7376191],[-52.1120144,-21.7495991],[-52.1612618,-21.7707737],[-52.1839844,-21.8144605],[-52.1905614,-21.8461447],[-52.2484061,-21.9022804],[-52.2749632,-21.9149419],[-52.3014847,-21.9421686],[-52.3190194,-21.9721319],[-52.3391918,-22.0478264],[-52.377218,-22.1066782],[-52.4081883,-22.1416352],[-52.4457419,-22.1769469],[-52.4799657,-22.2008818],[-52.4877143,-22.217206],[-52.5869392,-22.2567505],[-52.6502765,-22.301001],[-52.6951341,-22.3146106],[-52.7983309,-22.3782734],[-52.8398869,-22.415311],[-52.8547612,-22.4391124],[-52.885837,-22.4528736],[-52.9882459,-22.4868783],[-53.0143612,-22.5206658],[-53.039801,-22.5273956],[-53.0738065,-22.5488576],[-53.097789,-22.5824763]],[[-45.3335719,-23.7225775],[-45.3414736,-23.7277895],[-45.3635131,-23.7873919],[-45.3667121,-23.8113249],[-45.4619346,-23.888147],[-45.460388,-23.9141997],[-45.4443223,-23.9341456],[-45.4078725,-23.9385004],[-45.2916865,-23.910313],[-45.2872038,-23.941308],[-45.2685279,-23.9652845],[-45.240545,-23.9627376],[-45.2322281,-23.944626],[-45.2484783,-23.9032372],[-45.288854,-23.873698],[-45.2868893,-23.8515278],[-45.2553328,-23.8360519],[-45.2298332,-23.7763327],[-45.2558742,-23.7498879],[-45.2830398,-23.7343185],[-45.3335719,-23.7225775]],[[-54.26894,-24.0590279],[-54.2862316,-24.0682254],[-54.3141561,-24.1040009],[-54.334227,-24.1163763],[-54.3455788,-24.1570492],[-54.3299632,-24.187957],[-54.3306814,-24.230271],[-54.3225729,-24.2516575],[-54.2774409,-24.2914447],[-54.2578191,-24.3552654],[-54.2627684,-24.3781341],[-54.292898,-24.4245667],[-54.3265126,-24.4651747],[-54.3355146,-24.5179357],[-54.3200482,-24.5680481],[-54.3188175,-24.6069396],[-54.3343363,-24.7011012],[-54.3700859,-24.7562192],[-54.3899278,-24.7772832],[-54.3949768,-24.8112832],[-54.4369866,-24.9414242],[-54.4493445,-25.0141459],[-54.463547,-25.056906],[-54.4595183,-25.1020636],[-54.4248858,-25.1532656],[-54.4478333,-25.1687802],[-54.474288,-25.2130135],[-54.4912342,-25.2779663],[-54.5253651,-25.3315358],[-54.586413,-25.3965778],[-54.6042831,-25.4409428],[-54.6198575,-25.4519867],[-54.6036678,-25.4824553],[-54.5947339,-25.537976],[-54.5935181,-25.5922462],[-54.5528867,-25.5881529],[-54.5345379,-25.5991872],[-54.5263422,-25.6288288],[-54.5024631,-25.6144302],[-54.4702174,-25.6357679],[-54.4238679,-25.6928712],[-54.4252962,-25.6589049],[-54.397052,-25.6397113],[-54.3870437,-25.5980501],[-54.3454761,-25.6049062],[-54.3289058,-25.5719021],[-54.2883178,-25.5544066],[-54.2537193,-25.5964092],[-54.2341677,-25.5875956],[-54.2229194,-25.564836],[-54.2030733,-25.5588354],[-54.192929,-25.5339978],[-54.1631106,-25.5426072],[-54.1157271,-25.4985354],[-54.0948569,-25.497991],[-54.1014446,-25.5298164],[-54.1198091,-25.5532823],[-54.1195437,-25.5835102],[-54.0913095,-25.6169969],[-54.0834924,-25.5621886],[-54.0453376,-25.5851564],[-54.0287494,-25.5665344],[-53.9785979,-25.5930931],[-53.9655809,-25.6125347],[-53.9167903,-25.6160827],[-53.9144853,-25.6332687],[-53.8840811,-25.6582456],[-53.8624923,-25.6586085],[-53.850465,-25.7008526],[-53.8664965,-25.743966],[-53.8309233,-25.7808442],[-53.8222755,-25.800324],[-53.8418882,-25.8390156],[-53.8316599,-25.8593604],[-53.8395679,-25.8826856],[-53.8240015,-25.8955933],[-53.8202932,-25.927252],[-53.8428116,-25.9336556],[-53.8360377,-25.9718871],[-53.8176836,-25.989964],[-53.7801244,-26.0084636],[-53.7716138,-26.0314698],[-53.7378591,-26.0412422],[-53.7266149,-26.0647917],[-53.740105,-26.0835158],[-53.741514,-26.1160169],[-53.7103078,-26.1305632],[-53.6411691,-26.2155345],[-53.6535212,-26.2351071],[-53.6399713,-26.2525236]],[[-53.6399713,-26.2525236],[-53.6334036,-26.2547002],[-53.6035516,-26.2597131],[-53.557265,-26.287083],[-53.5505336,-26.2938363],[-53.5461217,-26.2920286],[-53.5132545,-26.2961046],[-53.4793987,-26.2909868],[-53.4613865,-26.2963735],[-53.4324694,-26.2825467],[-53.4124418,-26.2691564],[-53.3760719,-26.241614],[-53.3048557,-26.260529],[-53.2835693,-26.2457752],[-53.2799095,-26.2507336],[-53.2803661,-26.2568276],[-53.2778475,-26.2600592],[-53.2645345,-26.2893298],[-53.2260153,-26.3184752],[-53.165447,-26.3512796],[-53.150939,-26.344519],[-53.1269968,-26.3724881],[-53.093228,-26.3920221],[-53.0464406,-26.3813775],[-52.9933039,-26.3475248],[-52.9504203,-26.3622865],[-52.8665078,-26.3582736],[-52.8469285,-26.3444065],[-52.7753913,-26.3478885],[-52.7377632,-26.3421849],[-52.7188906,-26.357301],[-52.678622,-26.352676],[-52.6597739,-26.3738708],[-52.5958322,-26.4160624],[-52.5789527,-26.4081527],[-52.5187326,-26.4015213],[-52.4636056,-26.4396036],[-52.4333066,-26.4402033],[-52.3980605,-26.42882],[-52.3774195,-26.4409567],[-52.3049939,-26.4402571],[-52.2902188,-26.4553658],[-52.2616222,-26.4542808],[-52.2298118,-26.4670431],[-52.186343,-26.4451167],[-52.1666946,-26.4649806],[-52.1116325,-26.4749634],[-52.0813539,-26.525111],[-52.0651889,-26.5230182],[-52.0212151,-26.5487221],[-52.0087675,-26.5665606],[-51.9433269,-26.5712026],[-51.9283319,-26.5843685],[-51.9002917,-26.5792836],[-51.8734505,-26.5993625],[-51.8339981,-26.5900386],[-51.8205615,-26.5786004],[-51.789399,-26.5886824],[-51.7345458,-26.5723759],[-51.694165,-26.5812113],[-51.6568594,-26.5664278],[-51.6309939,-26.5878183],[-51.5207178,-26.5885849],[-51.4973868,-26.5852636],[-51.454883,-26.6406582],[-51.435346,-26.6881781],[-51.4073176,-26.70062],[-51.3911297,-26.6632474],[-51.3253187,-26.6485981],[-51.2948899,-26.6558927],[-51.2835172,-26.6423633],[-51.2357544,-26.6232834],[-51.2249954,-26.5911805],[-51.231517,-26.5485977],[-51.2731744,-26.4983042],[-51.2511304,-26.4720702],[-51.2793484,-26.4538078],[-51.3004929,-26.4178719],[-51.2570124,-26.3723302],[-51.2479512,-26.3298664],[-51.148403,-26.2787746],[-51.101911,-26.2728112],[-51.082455,-26.228528],[-51.0568457,-26.2439017],[-50.9989726,-26.2310534],[-50.9748918,-26.2441157],[-50.9473857,-26.281234],[-50.908207,-26.2512143],[-50.9091388,-26.2846351],[-50.8819619,-26.2792658],[-50.8724416,-26.2445027],[-50.846873,-26.2663831],[-50.7976048,-26.2301802],[-50.750563,-26.2244501],[-50.7459296,-26.2467729],[-50.7164043,-26.2450009],[-50.7277985,-26.2014514],[-50.7056204,-26.1897056],[-50.6775895,-26.1472181],[-50.6483104,-26.1303502],[-50.6565623,-26.1018131],[-50.6309991,-26.0646211],[-50.5948011,-26.0703959],[-50.5862879,-26.0476008],[-50.5914895,-26.0225393],[-50.5619125,-26.0064933],[-50.5508688,-26.0382627],[-50.5023602,-26.0242432],[-50.4591296,-26.0272142],[-50.4295381,-26.0629874],[-50.4001443,-26.0625911],[-50.3721225,-26.0787336],[-50.3589874,-26.1177779],[-50.3326555,-26.134937],[-50.3320127,-26.0853748],[-50.2980142,-26.0543171],[-50.2512218,-26.0304735],[-50.2363389,-26.0354609],[-50.1779718,-26.0785023],[-50.161577,-26.0576771],[-50.1702508,-26.0251885],[-50.1401632,-26.0265834],[-50.1097613,-26.0519902],[-50.063827,-26.0327058],[-50.0110633,-26.0267338],[-49.9774544,-26.0136823],[-49.9631377,-26.0275984],[-49.9147902,-26.0254229],[-49.8699694,-26.0332501],[-49.8635593,-26.0550485],[-49.8345321,-26.0692838],[-49.8249998,-26.0934253],[-49.778346,-26.1198942],[-49.7487992,-26.1241737],[-49.7489641,-26.1401181],[-49.727533,-26.171436],[-49.7114555,-26.1543236],[-49.6807649,-26.1865019],[-49.65369,-26.1869599],[-49.5556187,-26.237353],[-49.5379632,-26.2128537],[-49.5224637,-26.2212854],[-49.4909621,-26.2142533],[-49.4793639,-26.1840571],[-49.4523629,-26.1619579],[-49.4334457,-26.168591],[-49.3726085,-26.1534048],[-49.3702152,-26.1557533],[-49.3608472,-26.1370906],[-49.31468,-26.108929],[-49.2928806,-26.1026316],[-49.2896216,-26.1037786],[-49.2557627,-26.0679584],[-49.239861,-26.0349863],[-49.1744743,-26.004206],[-49.1749596,-26.0000541],[-49.1375609,-26.0092665],[-49.1292904,-25.9971337],[-49.1281642,-25.9987811],[-49.0981087,-26.0104567],[-49.0717076,-26.0003947],[-49.0201609,-26.0157474],[-48.9942518,-26.0093054],[-48.9604784,-25.9807998],[-48.6820323,-25.9836713],[-48.6495503,-25.9578473],[-48.6215441,-25.974294],[-48.6145359,-25.9810615],[-48.5994844,-25.97673]],[[-48.5994844,-25.97673],[-48.5597196,-25.8907489],[-48.5646653,-25.8564196],[-48.5375649,-25.8435697],[-48.5266128,-25.8019801],[-48.5009548,-25.7534543],[-48.4316145,-25.6428746],[-48.3903071,-25.604056],[-48.3582855,-25.5859468],[-48.3199262,-25.5865626],[-48.2901316,-25.5461365],[-48.2769112,-25.5140512],[-48.2870256,-25.4891998],[-48.2393219,-25.465269],[-48.2149358,-25.4740505],[-48.1978832,-25.4279896],[-48.1622966,-25.37497],[-48.0994745,-25.3123213]],[[-53.0945825,-22.6379787],[-53.1051872,-22.6219296]],[[-53.1051872,-22.6219296],[-53.1476084,-22.6780813],[-53.1660298,-22.6937994],[-53.2067208,-22.7312603],[-53.22873,-22.7311712],[-53.3290864,-22.7652107],[-53.3595079,-22.7795565],[-53.3775322,-22.8032341],[-53.3987296,-22.8067269],[-53.4296507,-22.8329554],[-53.4847612,-22.8638542],[-53.5468271,-22.8900963],[-53.5707711,-22.9284913],[-53.6074235,-22.9513335],[-53.634125,-22.9984951],[-53.6298958,-23.0135048],[-53.6365887,-23.1250308],[-53.6547546,-23.1441601],[-53.6679996,-23.1823501],[-53.699341,-23.2349043],[-53.7252209,-23.3104334],[-53.7754879,-23.3751314],[-53.8160218,-23.3856449],[-53.8765944,-23.4197884],[-53.932055,-23.4459488],[-53.9601976,-23.4434149],[-53.9865967,-23.4647936],[-54.0043425,-23.51108],[-54.0084866,-23.5490387],[-54.0240178,-23.5860784],[-54.0322298,-23.6516617],[-54.0446082,-23.6686559],[-54.0574339,-23.7348998],[-54.0757093,-23.7644849],[-54.0881053,-23.8445303],[-54.0799057,-23.8889783],[-54.101765,-23.9519635],[-54.1326548,-23.9841923],[-54.1746867,-24.0019728],[-54.2494639,-24.0559018],[-54.26894,-24.0590279]],[[-53.6399713,-26.2525236],[-53.6710734,-26.3307319],[-53.6857281,-26.3354044],[-53.7002756,-26.3628918],[-53.6877198,-26.4314332],[-53.7092422,-26.5012416],[-53.7390348,-26.5484462],[-53.7221142,-26.5589891],[-53.7299537,-26.620366],[-53.7516225,-26.6354733],[-53.7261606,-26.6591855],[-53.7347264,-26.7168645],[-53.7480911,-26.7263276],[-53.7141493,-26.7525963],[-53.7285483,-26.7649803],[-53.6983698,-26.8292995],[-53.6721776,-26.8616767],[-53.6963666,-26.8856732],[-53.6714356,-26.8944579],[-53.6736827,-26.9134639],[-53.7096874,-26.9405645],[-53.7336567,-26.9787484],[-53.718659,-26.9842058],[-53.7647967,-27.0453718],[-53.7933355,-27.0416191],[-53.8014678,-27.0862847],[-53.7777023,-27.1015206],[-53.824192,-27.1337135],[-53.8371493,-27.1556386],[-53.8296431,-27.1726275]],[[-53.8296431,-27.1726275],[-53.8090034,-27.1727598],[-53.7738616,-27.1474686],[-53.7490015,-27.1912184],[-53.7352636,-27.1907901],[-53.6750504,-27.1606825],[-53.6501258,-27.1788221],[-53.6479191,-27.1913085],[-53.6307258,-27.2133786],[-53.6182319,-27.1873364],[-53.5914418,-27.1874727],[-53.5540029,-27.173178],[-53.5074789,-27.2042124],[-53.4917069,-27.1766918],[-53.5051496,-27.1614501],[-53.5043642,-27.1356415]],[[-53.5043642,-27.1356415],[-53.4928229,-27.1323782],[-53.4844547,-27.1339357],[-53.4763393,-27.1389083],[-53.4576158,-27.1571519]],[[-53.4576158,-27.1571519],[-53.4179383,-27.1444445],[-53.4116985,-27.1413842],[-53.3943562,-27.1105606],[-53.387133,-27.100647],[-53.3649824,-27.0943479],[-53.3533047,-27.1153807],[-53.3122408,-27.119688],[-53.2929369,-27.1408089],[-53.320727,-27.1982383],[-53.3078492,-27.2165417],[-53.293067,-27.1969193],[-53.2320857,-27.1711117],[-53.1972164,-27.1926527],[-53.1811367,-27.1882679],[-53.1723622,-27.1480209],[-53.1545929,-27.1406169],[-53.1321831,-27.1802287],[-53.0774788,-27.1631158],[-53.069718,-27.1515543],[-53.0767,-27.1078446],[-53.0482135,-27.0836504],[-53.0204394,-27.0875227],[-53.0213514,-27.1057905],[-53.0413939,-27.1249055],[-53.0375501,-27.1577479],[-53.0030057,-27.1356146],[-52.9837257,-27.156503],[-53.0025644,-27.1976227],[-52.991719,-27.2176533],[-52.9681942,-27.2111029],[-52.9566923,-27.1632578],[-52.9360669,-27.1780364],[-52.9293114,-27.2040764],[-52.9033596,-27.1990902],[-52.8599769,-27.1704273],[-52.8430785,-27.1785255],[-52.8339914,-27.2112922],[-52.8075153,-27.2023721],[-52.7635597,-27.2112333],[-52.7639082,-27.2429623],[-52.7397649,-27.2552421],[-52.7122882,-27.2400034],[-52.7072601,-27.2721932],[-52.6809898,-27.2740514],[-52.6767383,-27.2466088],[-52.6574574,-27.2395345],[-52.6461956,-27.2606121],[-52.6178894,-27.2657059],[-52.5874994,-27.2468901],[-52.5438602,-27.2410847],[-52.5291471,-27.2626863],[-52.4763924,-27.2605782],[-52.4798149,-27.2355428],[-52.4462101,-27.217412],[-52.4301649,-27.223725],[-52.4390853,-27.2644049],[-52.4156089,-27.2852581],[-52.3936592,-27.2851463],[-52.3785034,-27.3026838],[-52.3502253,-27.2882432],[-52.3130843,-27.3092657],[-52.2910463,-27.3068335]],[[-52.2910463,-27.3068335],[-52.3020426,-27.2846633],[-52.3053157,-27.2746808],[-52.3060917,-27.265723],[-52.3019271,-27.2598004],[-52.2987662,-27.2575071]],[[-52.2987662,-27.2575071],[-52.2939566,-27.2566509]],[[-52.2939566,-27.2566509],[-52.2571493,-27.2562013],[-52.2385315,-27.2620837],[-52.2354246,-27.2642359],[-52.233905,-27.2676158],[-52.2368566,-27.2737692]],[[-52.2368566,-27.2737692],[-52.2597603,-27.2789379],[-52.2729787,-27.304385],[-52.2411373,-27.3042709],[-52.2211385,-27.3319965],[-52.2056261,-27.3273864]],[[-52.2056261,-27.3273864],[-52.1910065,-27.2917198],[-52.1829155,-27.2798933],[-52.1737838,-27.2720469]],[[-52.1737838,-27.2720469],[-52.1593055,-27.2815636],[-52.1612892,-27.3142878],[-52.1263285,-27.3025235],[-52.1076546,-27.3097018],[-52.105741,-27.3228099],[-52.0937618,-27.3480686],[-52.082194,-27.3401736],[-52.0383697,-27.3442034],[-52.0150047,-27.3308956],[-52.010832,-27.3466054],[-52.0228896,-27.3621543],[-52.0064474,-27.3746257],[-51.9904352,-27.3779244],[-51.9520867,-27.3802471],[-51.9486071,-27.3896318],[-51.9786975,-27.3889042],[-51.9909427,-27.3890925],[-52.0065747,-27.3950301],[-51.9995823,-27.409739],[-51.9512992,-27.4173062],[-51.9335484,-27.4381325],[-51.9637942,-27.463136],[-51.9449946,-27.4730915],[-51.9183845,-27.4584344],[-51.8999018,-27.4698658],[-51.8947903,-27.5170212],[-51.8805896,-27.5209569],[-51.8740397,-27.4797936],[-51.8463267,-27.4793449],[-51.8551292,-27.5154503],[-51.8370708,-27.522233],[-51.7984337,-27.5094318],[-51.8017881,-27.4939626],[-51.75968,-27.4867563],[-51.7303892,-27.511502],[-51.7166827,-27.5103401],[-51.6996498,-27.4790642],[-51.6194935,-27.5002824],[-51.6278825,-27.5444565],[-51.5778171,-27.5319054],[-51.5856355,-27.5696056],[-51.5717093,-27.5826241],[-51.554876,-27.5639917],[-51.5043141,-27.5559917],[-51.4820181,-27.564692],[-51.4767643,-27.5987746],[-51.457684,-27.6071136],[-51.4191535,-27.6546386],[-51.4052908,-27.631861],[-51.3701089,-27.6366712],[-51.3779345,-27.6600239],[-51.3615622,-27.6780875],[-51.3308702,-27.6709395],[-51.276128,-27.7240242],[-51.2704828,-27.7523073],[-51.2262537,-27.7711841],[-51.1912823,-27.7761507],[-51.1577918,-27.8028892],[-51.1346065,-27.8036571],[-51.1289232,-27.8320476],[-51.0982717,-27.8274176],[-51.0765643,-27.8418454],[-51.0721612,-27.8645116],[-51.0529908,-27.869788],[-51.0582788,-27.8968387],[-51.0162726,-27.9332855],[-51.0214007,-27.9512699],[-51.0189557,-27.957048],[-51.002258,-27.964213],[-50.9936288,-27.9460069],[-50.9239682,-27.9716546],[-50.9232384,-28.0119878],[-50.8923361,-28.021156],[-50.8753996,-28.0401999],[-50.8813874,-28.0672564],[-50.858991,-28.1397055],[-50.8367577,-28.1194],[-50.8137868,-28.1415602],[-50.7940761,-28.1386404],[-50.782816,-28.175983],[-50.7614854,-28.193141],[-50.7533452,-28.2456844],[-50.7107406,-28.2665167],[-50.6649077,-28.3127962],[-50.6516748,-28.3434574],[-50.6284503,-28.3645961],[-50.6115593,-28.3932666],[-50.5922669,-28.3819459],[-50.5592689,-28.4173972],[-50.531594,-28.4078106],[-50.4704404,-28.4149022],[-50.4287806,-28.433541],[-50.395171,-28.4331574],[-50.3768372,-28.4436738],[-50.3599941,-28.4198395],[-50.3404469,-28.4409658],[-50.3038899,-28.437901],[-50.2729133,-28.4570719],[-50.2468002,-28.4282705],[-50.2226487,-28.4632721],[-50.1990863,-28.4448338],[-50.1780074,-28.4522534],[-50.1113576,-28.4444705],[-50.1261868,-28.4745281],[-50.0728184,-28.4808072],[-50.0258232,-28.4730834],[-50.0138764,-28.4507755],[-49.9886396,-28.4452528],[-49.9525054,-28.4503368],[-49.9284437,-28.4714096],[-49.8635729,-28.462846],[-49.8666498,-28.4886323],[-49.8172655,-28.4698688],[-49.7909263,-28.4964202],[-49.7815453,-28.4742368],[-49.7732076,-28.4682263],[-49.7675674,-28.4765777],[-49.7708317,-28.4943293],[-49.7392665,-28.5003347],[-49.7467201,-28.5353911],[-49.7259776,-28.5695039],[-49.7079683,-28.5822272],[-49.703067,-28.6043536],[-49.6932617,-28.6163518],[-49.6936651,-28.6255538],[-49.7489579,-28.6290225],[-49.74999,-28.6275576],[-49.8140127,-28.6355045],[-49.8132853,-28.6475568],[-49.8413263,-28.6768597],[-49.8427336,-28.7099406],[-49.8701871,-28.7087247],[-49.8739726,-28.7267655],[-49.9048608,-28.7184784],[-49.9346778,-28.7256765],[-49.9217437,-28.7455426],[-49.9613329,-28.7721804],[-49.9661441,-28.8213279],[-49.9567607,-28.8703633],[-49.9435899,-28.8796583],[-49.9631796,-28.9189189],[-49.9580268,-28.9625515],[-49.9336567,-28.9658216],[-49.9424305,-29.0012094],[-49.9429707,-28.9942765],[-49.9591547,-29.0104812],[-49.9469385,-29.0318308],[-49.9697599,-29.1005732],[-49.9682774,-29.1147769],[-50.0049122,-29.1406371],[-50.0386135,-29.1774386],[-50.0876318,-29.1837495],[-50.0900688,-29.2106298],[-50.0757103,-29.2158635],[-50.0669867,-29.2133657],[-50.052717,-29.2130902],[-50.0469979,-29.2171842],[-50.0516697,-29.2144045],[-50.0672241,-29.2146133],[-50.0740635,-29.2168447],[-50.0837665,-29.2153818],[-50.0889976,-29.2235466],[-50.1330356,-29.1973491],[-50.1406832,-29.2377834],[-50.1552287,-29.2476875],[-50.134067,-29.3021625],[-50.0906541,-29.3108993],[-50.0595088,-29.3412031],[-50.051215,-29.3241113],[-50.0995917,-29.2884012],[-50.1154827,-29.2622804],[-50.0365467,-29.2378462],[-49.9768148,-29.2149033],[-49.9650151,-29.1994445],[-49.9498345,-29.2007233],[-49.9480433,-29.2022066],[-49.9435644,-29.2026961],[-49.8692354,-29.2244388],[-49.8572408,-29.2378636],[-49.8526158,-29.2444127],[-49.8507843,-29.2492218],[-49.8173798,-29.2856538],[-49.7759297,-29.2974099],[-49.7420974,-29.2988203],[-49.7362649,-29.3251553]],[[-49.7362649,-29.3251553],[-49.7048471,-29.3097299],[-49.5886011,-29.1727733],[-49.4343545,-29.0091056],[-49.3625057,-28.9430673],[-49.2442803,-28.8451053],[-49.1475363,-28.7755045],[-49.0787653,-28.7321151],[-48.9745782,-28.6714801],[-48.8635538,-28.6172662],[-48.8162252,-28.6060575],[-48.81531,-28.5882263],[-48.7818609,-28.5482293],[-48.7614945,-28.5354858],[-48.7466706,-28.5033699],[-48.7664203,-28.4744887],[-48.7454138,-28.4264759],[-48.7439095,-28.3964378],[-48.7112207,-28.3449856],[-48.6974451,-28.2915716],[-48.6609978,-28.2268579],[-48.6660766,-28.2058158],[-48.6528704,-28.1563344],[-48.6387117,-28.142478],[-48.6318565,-28.0850364],[-48.6062357,-28.0522903],[-48.6047964,-28.0192674],[-48.6299404,-28.0097508],[-48.6253649,-27.9552471],[-48.6063533,-27.9236512],[-48.5753106,-27.8922876],[-48.5962403,-27.8823526],[-48.6007786,-27.8582577],[-48.5708388,-27.8360425],[-48.5442708,-27.8298771],[-48.5346568,-27.7965739],[-48.4782557,-27.7618218],[-48.5063337,-27.747483],[-48.5055348,-27.7240717],[-48.4817645,-27.6917208],[-48.467304,-27.6511865],[-48.4274369,-27.5939839],[-48.4256872,-27.5420345],[-48.4003016,-27.4993587],[-48.3760903,-27.4779866],[-48.3720479,-27.443942],[-48.3913887,-27.4353116],[-48.4117346,-27.4049943],[-48.4166373,-27.3805606],[-48.4834723,-27.3782829],[-48.5262704,-27.408262],[-48.5369689,-27.357959],[-48.5259546,-27.3440545],[-48.5380321,-27.3070483],[-48.5881314,-27.3195312],[-48.6154371,-27.2718603],[-48.6073048,-27.219728],[-48.5779655,-27.2114419],[-48.5422741,-27.1826259],[-48.5131611,-27.1848397],[-48.4998784,-27.1461376],[-48.5259682,-27.1234825],[-48.5504184,-27.1571223],[-48.585558,-27.1449171],[-48.613645,-27.0980711],[-48.591817,-27.0803429],[-48.5940877,-27.0627959],[-48.5810635,-27.0274636],[-48.5828168,-27.0000756],[-48.6160277,-27.0040872],[-48.6283221,-26.9931647],[-48.6265385,-26.9332671],[-48.6436525,-26.9049406],[-48.6275153,-26.833296],[-48.6046484,-26.8256706],[-48.5967051,-26.803554],[-48.6317411,-26.7816836],[-48.6472533,-26.7621671],[-48.6749753,-26.7552328],[-48.6881604,-26.6715765],[-48.6794808,-26.6229647],[-48.6555297,-26.5568037],[-48.6267938,-26.4987825],[-48.5935453,-26.4530709],[-48.5994767,-26.4323846],[-48.5912343,-26.4048309],[-48.5625464,-26.353824],[-48.5419417,-26.3017335],[-48.5041197,-26.2372922],[-48.5247558,-26.2098685],[-48.5276456,-26.1638226],[-48.5768579,-26.1658064],[-48.5975559,-26.1304513],[-48.6024955,-26.0719734],[-48.6106081,-26.0607574],[-48.5994844,-25.97673]],[[-53.8296431,-27.1726275],[-53.8612782,-27.1284814],[-53.8835199,-27.1318638],[-53.8977469,-27.1703311],[-53.9168985,-27.1747524],[-53.9465845,-27.1512593],[-53.9607107,-27.1651098],[-53.9601656,-27.1953363],[-54.0080173,-27.1983946],[-54.0277768,-27.2548537],[-54.0564013,-27.2650766],[-54.0722781,-27.2909545],[-54.1010469,-27.303263],[-54.1548951,-27.2968585],[-54.1620894,-27.2560912],[-54.1865574,-27.2649093],[-54.1933396,-27.3084602],[-54.2133115,-27.3512444],[-54.2144362,-27.3815781],[-54.2675105,-27.4042904],[-54.2678077,-27.4313537],[-54.2942248,-27.4459101],[-54.3106418,-27.4219623],[-54.341542,-27.4043517],[-54.3350661,-27.4512946],[-54.3572144,-27.4649427],[-54.3987584,-27.411613],[-54.4114043,-27.405286],[-54.4391199,-27.4247486],[-54.4720566,-27.4344595],[-54.4426327,-27.4649219],[-54.4495063,-27.4754245],[-54.5005991,-27.4803532],[-54.520919,-27.5033165],[-54.5733512,-27.4536101],[-54.5893943,-27.4581845],[-54.59495,-27.4873672],[-54.6157921,-27.532241],[-54.6480251,-27.5402344],[-54.6567412,-27.5132169],[-54.680116,-27.526641],[-54.6716648,-27.5664167],[-54.6808563,-27.5745014],[-54.7448607,-27.5626414],[-54.7587251,-27.5815035],[-54.7877189,-27.5701781],[-54.7951866,-27.5349829],[-54.8265535,-27.5540257],[-54.8477222,-27.6213131],[-54.903167,-27.6363877],[-54.9021982,-27.7024887],[-54.9066386,-27.7297869],[-54.9494242,-27.7792846],[-54.9776622,-27.77086],[-55.0002662,-27.7923566],[-55.0243129,-27.7941998],[-55.0579123,-27.7680858],[-55.0827106,-27.7968583],[-55.0246941,-27.835311],[-55.0363835,-27.8577803],[-55.0853093,-27.8430957],[-55.1262762,-27.8598184],[-55.124006,-27.8814864],[-55.1393124,-27.8950654],[-55.1715604,-27.861276],[-55.2026827,-27.8578592],[-55.2322671,-27.8840687],[-55.2664617,-27.9297895],[-55.3093708,-27.9222498],[-55.3303065,-27.9314514],[-55.3399894,-27.9665261],[-55.3871865,-27.9861896],[-55.369395,-28.0272605],[-55.4139679,-28.0546489],[-55.4479225,-28.0973822],[-55.4878785,-28.0764551],[-55.5132429,-28.1146478],[-55.5305813,-28.1154587],[-55.5641642,-28.1635054],[-55.6107303,-28.1174554],[-55.6196824,-28.1535491],[-55.6342309,-28.1778382],[-55.6530168,-28.1821016],[-55.69258,-28.2187903],[-55.7712461,-28.2414545],[-55.7731786,-28.2742401],[-55.7329098,-28.2859753],[-55.6802024,-28.3222263],[-55.6707807,-28.3456874],[-55.6887689,-28.3881561],[-55.6907378,-28.4132957],[-55.7197035,-28.4186791],[-55.7343525,-28.3812095],[-55.7565667,-28.3694314],[-55.8710892,-28.3572625],[-55.9003859,-28.3983461],[-55.9009504,-28.4187544],[-55.8826016,-28.4638382],[-55.884006,-28.4791631],[-55.9492936,-28.4945927],[-55.9882152,-28.4981152],[-56.0232301,-28.522765],[-56.0208968,-28.5531966],[-56.0023709,-28.5782987],[-56.017674,-28.6129435],[-56.0562722,-28.6292036],[-56.1191509,-28.6812475],[-56.1606775,-28.7396514],[-56.1941555,-28.775198],[-56.2609311,-28.7790068],[-56.2997424,-28.8081133],[-56.2981677,-28.8844444],[-56.3038116,-28.9030324],[-56.3441939,-28.9400565],[-56.3789902,-28.9480299],[-56.406336,-28.9725956],[-56.4161742,-29.0007364],[-56.3991173,-29.0173516],[-56.4131021,-29.0619185],[-56.4304202,-29.0795035],[-56.5030254,-29.0886616],[-56.5501313,-29.1166534],[-56.5887534,-29.1198128],[-56.6169245,-29.1710693],[-56.645843,-29.200294],[-56.6547606,-29.223794],[-56.6492068,-29.2549564],[-56.6645228,-29.2949909],[-56.6999653,-29.3564409],[-56.7129681,-29.3673526],[-56.758703,-29.3709046],[-56.7731516,-29.3869927],[-56.7795004,-29.4373726],[-56.7969515,-29.4490669],[-56.8220924,-29.4900248],[-56.8608157,-29.5073469],[-56.9019617,-29.5338167],[-56.9678003,-29.6017949],[-56.9711484,-29.6434064],[-57.0009237,-29.6519146],[-57.0211046,-29.6833173],[-57.0997221,-29.7483201],[-57.1319054,-29.7701601],[-57.172021,-29.7806849],[-57.2354002,-29.7807884],[-57.2978169,-29.8347292],[-57.329688,-29.8876354],[-57.3240796,-29.9217294],[-57.3281407,-29.9720368],[-57.3519807,-30.0080586],[-57.3963322,-30.0227942],[-57.4175216,-30.0383726],[-57.4537611,-30.0815588],[-57.4646043,-30.110343],[-57.5256147,-30.1513855],[-57.6033674,-30.1896711],[-57.5578464,-30.2133834],[-57.5679792,-30.252231],[-57.5508317,-30.2726194],[-57.5002731,-30.2888531],[-57.4867597,-30.2668292],[-57.4164045,-30.2779779],[-57.4213809,-30.3008757],[-57.389445,-30.3024616],[-57.3787505,-30.2794207],[-57.352036,-30.284485],[-57.3069794,-30.2623328],[-57.2845645,-30.2937221],[-57.270061,-30.2849845],[-57.2202614,-30.2892854],[-57.1962531,-30.2645065],[-57.1679137,-30.2490263],[-57.1682194,-30.1976361],[-57.1447777,-30.1716128],[-57.129165,-30.1408381],[-57.1144833,-30.1454574],[-57.0806721,-30.0934226],[-57.044805,-30.1057389],[-57.0238981,-30.0875422],[-56.9934426,-30.0857118],[-56.9555809,-30.1011449],[-56.8745412,-30.0862486],[-56.8241669,-30.0956445],[-56.8008819,-30.1211528],[-56.780271,-30.1266304],[-56.7840054,-30.1511656],[-56.7297856,-30.1717041],[-56.7083946,-30.1881321],[-56.6636787,-30.1974266],[-56.6411633,-30.2348189],[-56.6241255,-30.2465843],[-56.6076822,-30.282946],[-56.5370237,-30.3341373],[-56.4913648,-30.3981094],[-56.4621782,-30.3844822],[-56.4399785,-30.4325237],[-56.3981877,-30.4484393],[-56.4062363,-30.4686105],[-56.3892667,-30.4930602],[-56.3504861,-30.4966128],[-56.3312845,-30.5293528],[-56.2973315,-30.5262641],[-56.2789601,-30.5532644],[-56.2379619,-30.5734285],[-56.2140956,-30.6084648],[-56.1876747,-30.6046947],[-56.1718754,-30.6188294],[-56.1666943,-30.6634195],[-56.151942,-30.6804522],[-56.1507922,-30.704701],[-56.1073301,-30.7320019],[-56.0956878,-30.7540221],[-56.0727324,-30.7453832],[-56.0621349,-30.7750214],[-56.0229805,-30.7861433],[-55.9903804,-30.8664108],[-56.0076947,-30.8935271],[-56.005484,-30.9223194],[-56.0152926,-30.9445104],[-56.0070591,-30.9837524],[-56.0176399,-31.0030238],[-56.0184383,-31.0477292],[-56.0076546,-31.071737],[-55.9302837,-31.0862639],[-55.9258535,-31.0768346],[-55.8707577,-31.0715702],[-55.8552817,-31.0451157],[-55.8323066,-31.044374],[-55.807156,-31.016512],[-55.7808851,-31.0171475],[-55.7523329,-30.9985831],[-55.7243594,-30.9660351],[-55.7039537,-30.9552217],[-55.6661864,-30.9539785],[-55.6634682,-30.9331682],[-55.6421179,-30.9116009],[-55.6631488,-30.8718906],[-55.6378614,-30.8462234],[-55.5672775,-30.8454456],[-55.5635603,-30.8686611],[-55.5459085,-30.8905441],[-55.5101745,-30.9017558],[-55.5041596,-30.9247543],[-55.4783597,-30.9538495],[-55.4443563,-30.9584503],[-55.4267274,-30.9812511],[-55.4370495,-31.0047158],[-55.3872421,-31.0205731],[-55.3488292,-31.0428691],[-55.3455474,-31.0755763],[-55.3186327,-31.1451068],[-55.2896985,-31.1452773],[-55.250105,-31.2060085],[-55.2467621,-31.2522405],[-55.1741937,-31.2681749],[-55.1476319,-31.2943357],[-55.1090404,-31.307681],[-55.0744643,-31.3320897],[-55.0432115,-31.3083903],[-55.0318935,-31.2697414],[-55.0024077,-31.2692158],[-54.9828462,-31.3113966],[-54.9530712,-31.3319713],[-54.935053,-31.3564763],[-54.9406467,-31.3806458],[-54.8859789,-31.3772778],[-54.8783856,-31.3980773],[-54.8364553,-31.4419383],[-54.8048848,-31.4289888],[-54.7520227,-31.4244629],[-54.6703379,-31.4540783],[-54.5864586,-31.456553],[-54.5770731,-31.481337],[-54.5156442,-31.5101774],[-54.4729407,-31.570353],[-54.4573188,-31.6012051],[-54.4657385,-31.6100249],[-54.4562268,-31.6517005],[-54.1585091,-31.8735442],[-54.1405204,-31.8948926],[-54.0809081,-31.9294635],[-54.0404409,-31.8968187],[-54.0068824,-31.9125759],[-53.9632615,-31.9219603],[-53.9545796,-31.9570049],[-53.9132435,-31.9656762],[-53.8913995,-31.9956906],[-53.8572436,-31.9966804],[-53.8511367,-32.0268271],[-53.8333169,-32.055143],[-53.8066922,-32.0698594],[-53.7562909,-32.0761537],[-53.7442283,-32.1152625],[-53.7176117,-32.1530026],[-53.7113277,-32.1990057],[-53.6851896,-32.2196225],[-53.677794,-32.2585979],[-53.6428639,-32.2962995],[-53.6449773,-32.3323926],[-53.6341498,-32.34754],[-53.6449488,-32.3843371],[-53.6143752,-32.398404],[-53.6150311,-32.416573],[-53.5840398,-32.4513054],[-53.5435373,-32.479068],[-53.4709373,-32.4806894],[-53.4368959,-32.5481619],[-53.4033945,-32.5799895],[-53.3555381,-32.5905746],[-53.3388153,-32.5846223],[-53.2888051,-32.6210966],[-53.271797,-32.6052235],[-53.2455852,-32.6071117],[-53.2370648,-32.6297685],[-53.1667213,-32.648587],[-53.1283785,-32.6384631],[-53.0846437,-32.6582422],[-53.0769654,-32.6278228],[-53.0629964,-32.6180597],[-53.0201046,-32.6130717],[-53.0007997,-32.5978724],[-52.9781366,-32.4989648],[-52.9399494,-32.4748543],[-52.8924389,-32.4610807],[-52.8023888,-32.4470194],[-52.766388,-32.426221],[-52.7235563,-32.3816226],[-52.7241868,-32.3700112],[-52.7716795,-32.3526357],[-52.7901137,-32.3788209],[-52.8169514,-32.3472802],[-52.7784338,-32.2521706],[-52.7767632,-32.2306006],[-52.736366,-32.1892758],[-52.736739,-32.1686895],[-52.7188884,-32.1541562],[-52.6749516,-32.1640385],[-52.6336521,-32.1466679],[-52.6284941,-32.1620369],[-52.6566138,-32.205916],[-52.6879575,-32.2808999],[-52.6949048,-32.3179361],[-52.614973,-32.4434743],[-52.5882909,-32.5049176],[-52.5864091,-32.5306965],[-52.6116771,-32.620476],[-52.6884998,-32.7577727],[-52.7226639,-32.8328129],[-52.761257,-32.885828],[-52.8077793,-32.9105803],[-52.8674249,-32.9098804],[-52.9077896,-32.8876856],[-52.9484615,-32.8548774],[-52.9987567,-32.8018521],[-53.0041578,-32.7819173],[-53.0414155,-32.8015149],[-53.0700944,-32.8338099],[-53.1012812,-32.8219888],[-53.1239055,-32.7938378],[-53.1413716,-32.8072649],[-53.1556383,-32.8521139],[-53.1591882,-32.9050299],[-53.1544623,-32.9524869],[-53.1744375,-33.0035061],[-53.2074946,-33.0450315],[-53.2411918,-33.0761348],[-53.2601624,-33.1074109],[-53.2773734,-33.1093609],[-53.337157,-33.0825922],[-53.350704,-33.1035121],[-53.4082671,-33.1612805],[-53.4322027,-33.1621027],[-53.4696818,-33.2600809],[-53.4247745,-33.4407202],[-53.440037,-33.5188979],[-53.4656299,-33.5579681],[-53.5011438,-33.5434151],[-53.5146339,-33.5540763],[-53.5125006,-33.6026003],[-53.5339639,-33.6514051],[-53.53235,-33.6888045],[-53.439516,-33.6934614],[-53.4310511,-33.7393548],[-53.3948534,-33.751178],[-53.369913,-33.7438377],[-53.2649755,-33.6713115],[-53.1504134,-33.5853674],[-53.086162,-33.5306713],[-52.802024,-33.3049126],[-52.7266595,-33.2331511],[-52.6410223,-33.1297446],[-52.6034685,-33.0692573],[-52.5561492,-32.9765063],[-52.4909936,-32.8582243],[-52.4578865,-32.7686274],[-52.4232672,-32.6298697],[-52.3864302,-32.5258308],[-52.3407579,-32.4245715],[-52.293031,-32.3383187],[-52.2509215,-32.2798444],[-52.1990058,-32.2266002],[-52.141,-32.1792274],[-52.0994219,-32.1593338],[-52.1048078,-32.1059604],[-52.0992658,-32.0830655],[-52.1577651,-32.1128094],[-52.1498998,-32.0749573],[-52.1341208,-32.0575467],[-52.099535,-32.0472517],[-52.1097285,-32.0241113],[-52.1363413,-32.0457209],[-52.1711627,-32.0554776],[-52.2033568,-32.0387877],[-52.1132543,-32.010722],[-52.0961427,-31.9961824],[-52.1212129,-31.9786897],[-52.1882474,-31.9828594],[-52.2038675,-32.0383895],[-52.2341607,-32.0165357],[-52.2394,-31.9852354],[-52.2186316,-31.9599975],[-52.1875318,-31.9637077],[-52.1669866,-31.9441496],[-52.1420227,-31.9523],[-52.1129189,-31.9430992],[-52.1376202,-31.9192941],[-52.185815,-31.9040422],[-52.2214187,-31.8725091],[-52.2487331,-31.8778427],[-52.2568273,-31.8493499],[-52.2218846,-31.8370124],[-52.2126163,-31.8076394],[-52.2257675,-31.7518981],[-52.1929286,-31.7225792],[-52.1523643,-31.6993368],[-52.1041442,-31.6846629],[-52.0572191,-31.6832052],[-52.030653,-31.6923453],[-52.0099329,-31.5976409],[-52.0179349,-31.5403383],[-52.0011499,-31.4409157],[-51.9870681,-31.3945445],[-51.9672691,-31.3779242],[-51.9601307,-31.3527831],[-51.9194628,-31.3107659],[-51.8750396,-31.3090397],[-51.8439353,-31.3232485],[-51.8339305,-31.3063967],[-51.7945899,-31.2739655],[-51.7571475,-31.2861321],[-51.7066713,-31.2656211],[-51.6642254,-31.2711167],[-51.6282843,-31.2654514],[-51.6425696,-31.2260765],[-51.6413103,-31.1876779],[-51.6286663,-31.1529541],[-51.6019634,-31.1317418],[-51.5672721,-31.1286268],[-51.5544882,-31.11407],[-51.4707147,-31.0981384],[-51.441814,-31.0880529],[-51.4657538,-31.0650351],[-51.4876868,-31.0195494],[-51.4997768,-30.9724141],[-51.5001985,-30.9276953],[-51.4876289,-30.8999113],[-51.4435383,-30.8705558],[-51.3900842,-30.8798935],[-51.3726968,-30.8725352],[-51.3905801,-30.8402937],[-51.4058305,-30.7567506],[-51.391074,-30.6687385],[-51.3809298,-30.6434732],[-51.3346126,-30.6337885],[-51.3176642,-30.6481622],[-51.3165991,-30.7041477],[-51.2930997,-30.7076756],[-51.30223,-30.6344481],[-51.2999424,-30.5639497],[-51.2791548,-30.5104036],[-51.2449136,-30.4427908],[-51.2282114,-30.4230493],[-51.1978793,-30.4080321],[-51.1527572,-30.414158],[-51.131912,-30.4352982],[-51.1196561,-30.3925903],[-51.0985816,-30.3572388],[-51.128588,-30.3592513],[-51.1795471,-30.3864506],[-51.207356,-30.3408157],[-51.211874,-30.2995652],[-51.2385203,-30.3168479],[-51.2571972,-30.3057702],[-51.2952733,-30.3029469],[-51.2987036,-30.2400939],[-51.3297964,-30.2303527],[-51.3148213,-30.1887451],[-51.3245623,-30.1684427],[-51.306971,-30.0972797],[-51.311383,-30.0807074],[-51.301706,-30.0426554],[-51.281123,-30.022104],[-51.2340372,-30.0478013],[-51.2611492,-30.1227041],[-51.2328715,-30.135954],[-51.2229627,-30.1878679],[-51.2066948,-30.1904099],[-51.1780059,-30.2184992],[-51.1839953,-30.2331669],[-51.1282055,-30.2477705],[-51.0764992,-30.2433844],[-51.0307625,-30.2744752],[-51.0198014,-30.2965085],[-51.0316023,-30.3338706],[-51.0498171,-30.3445907],[-51.0474,-30.381496],[-50.9734084,-30.4076171],[-50.930037,-30.4357706],[-50.9385533,-30.3750991],[-50.914836,-30.3263913],[-50.844017,-30.3207571],[-50.79698,-30.3383821],[-50.7820086,-30.2847728],[-50.7507312,-30.2967072],[-50.6732441,-30.2966408],[-50.6549662,-30.2814689],[-50.6688927,-30.2548818],[-50.6588881,-30.1999233],[-50.5982278,-30.1960157],[-50.5773911,-30.2353553],[-50.5459026,-30.2512455],[-50.5377796,-30.2738662],[-50.5553832,-30.3168313],[-50.5453163,-30.3559794],[-50.5656371,-30.387912],[-50.5673294,-30.4548939],[-50.5826612,-30.4901355],[-50.6110979,-30.4857109],[-50.6492172,-30.4536054],[-50.6501842,-30.4135717],[-50.6196463,-30.4067191],[-50.5967321,-30.3910186],[-50.6206633,-30.3567733],[-50.6296377,-30.3915319],[-50.6434419,-30.3959193],[-50.7055849,-30.3476309],[-50.7294942,-30.3681373],[-50.6963756,-30.4410988],[-50.68643,-30.5008003],[-50.6795415,-30.6091725],[-50.6901159,-30.7069243],[-50.7019874,-30.7463272],[-50.7207657,-30.7797483],[-50.7537767,-30.8189372],[-50.7904835,-30.8293965],[-50.8569299,-30.8654119],[-50.8823419,-30.8915879],[-50.9196389,-30.9063873],[-50.9680875,-30.8978204],[-50.9521651,-30.9548699],[-50.9569856,-31.0095653],[-50.9949517,-31.0481032],[-51.0485298,-31.0615924],[-51.1036155,-31.0993805],[-51.1246526,-31.0981745],[-51.1626912,-31.0754245],[-51.1768912,-31.079768],[-51.1785935,-31.1450151],[-51.1633125,-31.1973176],[-51.156479,-31.2680581],[-51.160605,-31.3017131],[-51.1781251,-31.3624249],[-51.1947691,-31.3981701],[-51.2331767,-31.4526447],[-51.282406,-31.4969314],[-51.3611066,-31.5320324],[-51.3993089,-31.5204054],[-51.4281762,-31.4919981],[-51.4551162,-31.5288507],[-51.4621579,-31.5670493],[-51.4984103,-31.5831574],[-51.5298012,-31.6209752],[-51.5614819,-31.6700457],[-51.613264,-31.7294055],[-51.6560543,-31.7649289],[-51.6896312,-31.7813386],[-51.7345903,-31.7886855],[-51.8022987,-31.7884648],[-51.8096979,-31.84354],[-51.8578447,-31.8691324],[-51.8787072,-31.8730833],[-51.929573,-31.8603197],[-51.9869115,-31.8265293],[-52.0191464,-31.8160116],[-52.0625298,-31.8161521],[-52.0981237,-31.8359113],[-52.0820162,-31.8660223],[-52.048521,-31.8895458],[-52.0152082,-31.9224186],[-52.0046527,-31.9449178],[-52.0152468,-31.9667097],[-52.0538326,-31.9849292],[-52.0390526,-32.0300227],[-52.0496934,-32.0772102],[-52.0897707,-32.1314027],[-52.0757538,-32.1414871],[-51.9689076,-32.0318384],[-51.9207816,-31.9877447],[-51.8476723,-31.9307776],[-51.7480209,-31.8699809],[-51.6123956,-31.8033063],[-51.4837238,-31.7319325],[-51.4003527,-31.6765205],[-51.2620686,-31.5742878],[-51.2073258,-31.526527],[-51.1040088,-31.4214322],[-51.0400803,-31.3599453],[-50.970369,-31.3048742],[-50.8791407,-31.2270415],[-50.7793161,-31.1238969],[-50.7538364,-31.0920516],[-50.6678539,-30.9629043],[-50.5583124,-30.8181972],[-50.4649102,-30.6807062],[-50.37398,-30.5628916],[-50.3400977,-30.5111926],[-50.3040508,-30.4423891],[-50.2642914,-30.3360488],[-50.1579692,-30.0665181],[-50.1099159,-29.9566682],[-50.0527831,-29.8383021],[-49.9763975,-29.6971509],[-49.91159,-29.5907784],[-49.8285526,-29.4757689],[-49.7127694,-29.3272783],[-49.7362649,-29.3251553]],[[-52.1737838,-27.2720469],[-52.1787301,-27.2754417],[-52.1889887,-27.2879576],[-52.2056261,-27.3273864]],[[-52.2368566,-27.2737692],[-52.2346071,-27.2706223],[-52.2342078,-27.2659259],[-52.2369786,-27.2630675],[-52.2545435,-27.256359],[-52.2603188,-27.2565659],[-52.2782545,-27.2611808],[-52.2939566,-27.2566509]],[[-52.2987662,-27.2575071],[-52.3046707,-27.2626304],[-52.3062516,-27.2679554],[-52.3047025,-27.2766923],[-52.2910463,-27.3068335]],[[-53.4576158,-27.1571519],[-53.4750467,-27.1403073],[-53.4820097,-27.1349544],[-53.4911955,-27.1323251],[-53.4990514,-27.1333543],[-53.5043642,-27.1356415]],[[-57.7522947,-17.5644631],[-57.7928672,-17.5557418],[-57.7777497,-17.5844599],[-57.7840251,-17.6074213],[-57.7756908,-17.6570178],[-57.7622474,-17.6606126],[-57.730967,-17.7187723],[-57.709642,-17.7298838],[-57.7201344,-17.7717191],[-57.6832259,-17.8080026],[-57.6831673,-17.8281371],[-57.7206673,-17.8278599],[-57.6319187,-17.9856326],[-57.600112,-18.0463673],[-57.5748646,-18.1318873],[-57.5051406,-18.2003416],[-57.4805248,-18.20676],[-57.453919,-18.2311941],[-57.5578344,-18.2403485],[-57.7666753,-18.8992853],[-57.7198374,-18.8990654],[-57.7193149,-18.977049],[-57.6970058,-18.9973912],[-57.7102033,-19.0325932],[-57.7844457,-19.0339013],[-58.1318187,-19.7584974],[-57.8581517,-19.9714168],[-57.8624267,-19.9856452],[-57.902348,-20.0421143],[-57.9277073,-20.0229986],[-57.9579053,-20.0214339],[-57.9875137,-20.0585966],[-58.0228438,-20.0581684],[-58.0439877,-20.0987806],[-58.0931544,-20.110354],[-58.115353,-20.1437452],[-58.1526595,-20.152869],[-58.1671536,-20.167267],[-58.1218462,-20.1943926],[-58.154222,-20.215731],[-58.1664182,-20.2366334],[-58.159397,-20.2638484],[-58.1445503,-20.2717774],[-58.1195235,-20.2495816],[-58.089891,-20.264528],[-58.1030505,-20.3211688],[-58.0763752,-20.3846884],[-58.0246189,-20.4000963],[-58.0043487,-20.4265916],[-57.99856,-20.4555636],[-58.0201755,-20.509763],[-57.9970131,-20.5755259],[-58.0131283,-20.6082964],[-57.9955743,-20.6317264],[-57.970386,-20.6441918],[-57.9882287,-20.6867291],[-57.9810273,-20.7057461],[-57.950181,-20.6982951],[-57.9367946,-20.6700127],[-57.9136749,-20.6707641],[-57.870173,-20.7254706],[-57.8789114,-20.7505168],[-57.9341543,-20.7459545],[-57.9495254,-20.7652765],[-57.9594917,-20.7979086],[-57.9412272,-20.8008159],[-57.8932904,-20.7907824],[-57.8593969,-20.8248557],[-57.8726808,-20.8539],[-57.9289443,-20.8952298],[-57.8865311,-20.9086465],[-57.8636024,-20.9488495],[-57.8197813,-20.9379956],[-57.8175295,-20.9805825],[-57.8681955,-21.0418754],[-57.865794,-21.0667101],[-57.8458909,-21.0969282],[-57.8649891,-21.1363361],[-57.8489583,-21.1878573],[-57.8530214,-21.2271316],[-57.9064641,-21.265551],[-57.9204283,-21.2846397],[-57.8949626,-21.3071725],[-57.8547358,-21.3168718],[-57.8611244,-21.3506169],[-57.8924513,-21.3779487],[-57.927257,-21.4498314],[-57.9344177,-21.4841208],[-57.9604876,-21.5099208],[-57.9685265,-21.5353372],[-57.9616162,-21.5624435],[-57.918964,-21.5822012],[-57.9145595,-21.5956142],[-57.9422158,-21.6208996],[-57.9300377,-21.6573316],[-57.8871923,-21.6820763],[-57.8985469,-21.7058784],[-57.9408933,-21.7329073],[-57.9402748,-21.7583507],[-57.9084931,-21.7739686],[-57.9311093,-21.824589],[-57.959838,-21.8531695],[-57.9200448,-21.8737491],[-57.947985,-21.9003903],[-57.9369953,-21.9279206],[-57.9650196,-21.9836133],[-57.9749461,-22.015409],[-58.0030598,-22.0292412],[-58.0095925,-22.0452751],[-57.9876849,-22.0591377],[-57.9904763,-22.0909403],[-57.9419989,-22.0829157],[-57.9297197,-22.1202719],[-57.8627107,-22.1309544],[-57.8229884,-22.1228642],[-57.8052315,-22.1500503],[-57.7792735,-22.1251745],[-57.747723,-22.1390495],[-57.7234044,-22.1102015],[-57.6892317,-22.088592],[-57.677376,-22.1015604],[-57.636983,-22.1058067],[-57.6181636,-22.0953892],[-57.607533,-22.1269456],[-57.5864271,-22.1444473],[-57.5807663,-22.175337],[-57.5374703,-22.1803831],[-57.5227071,-22.1684747],[-57.4835499,-22.1922816],[-57.4465672,-22.1873042],[-57.3862672,-22.2044165],[-57.3576889,-22.2264003],[-57.3158021,-22.2361892],[-57.2959932,-22.2191034],[-57.2377612,-22.2512801],[-57.2179698,-22.2410823],[-57.2032521,-22.2117245],[-57.1841904,-22.2293179],[-57.1086453,-22.2314046],[-57.0794982,-22.2495249],[-57.0000043,-22.2229663],[-56.9874526,-22.2426378],[-56.9590973,-22.237984],[-56.9472109,-22.2561111],[-56.9157353,-22.2553976],[-56.8890809,-22.245303],[-56.8798582,-22.2777037],[-56.8423859,-22.3015878],[-56.8026856,-22.2835045],[-56.8019673,-22.2490303],[-56.7724664,-22.2584168],[-56.7441029,-22.2412392],[-56.7203029,-22.2566662],[-56.6824244,-22.2215012],[-56.6789775,-22.2464656],[-56.6385734,-22.2603803],[-56.5570985,-22.1880783],[-56.5570521,-22.1690914],[-56.5226885,-22.1377567],[-56.5188509,-22.1082824],[-56.4708908,-22.0798515],[-56.4345803,-22.0849081],[-56.4022531,-22.080079],[-56.3676632,-22.1368542],[-56.3738377,-22.1499626],[-56.3218538,-22.2143943],[-56.299425,-22.2174598],[-56.26304,-22.2396433],[-56.2374592,-22.2366225],[-56.2335641,-22.2559499],[-56.2090751,-22.2782067],[-56.1743279,-22.2856057],[-56.1305909,-22.2842049],[-56.1245682,-22.2706425],[-56.0866096,-22.2863124],[-56.0635321,-22.2764259],[-56.0078013,-22.2926982],[-55.9799898,-22.2793142],[-55.9459982,-22.2835833],[-55.8431265,-22.2871094],[-55.8209895,-22.3451086],[-55.8037116,-22.372243],[-55.7798183,-22.3843248],[-55.7487056,-22.3834175],[-55.7339153,-22.4415317],[-55.7511166,-22.4746765],[-55.7472827,-22.505515],[-55.7236467,-22.5517823],[-55.698471,-22.5632723],[-55.6828835,-22.5888691],[-55.6251579,-22.6282529],[-55.6144219,-22.6550953],[-55.6133942,-22.717023],[-55.6201529,-22.7533634],[-55.6506364,-22.7933309],[-55.6658547,-22.8524621],[-55.6509664,-22.8872855],[-55.6339058,-22.991781],[-55.6393893,-23.0259092],[-55.6113185,-23.047665],[-55.6113109,-23.0768353],[-55.5958235,-23.1194677],[-55.5967818,-23.1525977],[-55.5733963,-23.1433433],[-55.5418854,-23.1561324],[-55.5430994,-23.1807879],[-55.5232812,-23.197787],[-55.5402337,-23.2208337],[-55.5372784,-23.2512624],[-55.5530803,-23.2795321],[-55.5559125,-23.3163231],[-55.5345664,-23.3333552],[-55.5044807,-23.3784698],[-55.5155897,-23.4095754],[-55.5446944,-23.4493317],[-55.5516965,-23.4894396],[-55.5466839,-23.5226098],[-55.526527,-23.5673511],[-55.5381803,-23.5918935],[-55.5304278,-23.6278216],[-55.4746739,-23.6504699],[-55.462156,-23.6839427],[-55.4634672,-23.7119674],[-55.4362574,-23.7167603],[-55.4486744,-23.7422695],[-55.4301796,-23.7901412],[-55.4538885,-23.8192704],[-55.4415458,-23.8293466],[-55.4355666,-23.8723807],[-55.4463353,-23.9169315],[-55.4278692,-23.9263193],[-55.4199855,-23.9572967],[-55.3875992,-23.9675007],[-55.3454859,-23.9945972],[-55.3177216,-23.9628938],[-55.235373,-24.006622],[-55.1287264,-23.98373],[-55.1069709,-23.9652119],[-55.0903576,-23.9825746],[-55.0623315,-23.9932886],[-54.9985893,-23.9575893],[-54.9666801,-23.9661658],[-54.9252523,-23.9602818],[-54.9268771,-23.924814],[-54.9086879,-23.9113704],[-54.8601131,-23.9052013],[-54.8363205,-23.8839164],[-54.8143204,-23.8904277],[-54.7927967,-23.8680787],[-54.7051834,-23.8646063],[-54.6985731,-23.8419968],[-54.6686473,-23.8171906],[-54.6467748,-23.8337631],[-54.6165884,-23.8350205],[-54.6097366,-23.8513764],[-54.5814792,-23.8458011],[-54.5148814,-23.8851784],[-54.4401395,-23.9042761],[-54.4147006,-23.9581102],[-54.351957,-24.0076726],[-54.3188541,-24.0105075],[-54.3099595,-24.0463149],[-54.2873556,-24.0685836],[-54.26894,-24.0590279]],[[-53.1051872,-22.6219296],[-53.1101115,-22.610225],[-53.108915,-22.5983165],[-53.097789,-22.5824763]],[[-51.705683,-20.9703564],[-51.6787264,-20.9729444],[-51.6596463,-20.9685035],[-51.6442757,-20.9555242]],[[-51.5941482,-20.6438477],[-51.5883103,-20.6356507],[-51.5775049,-20.6251725],[-51.5330051,-20.5969939]],[[-51.3612244,-20.3845403],[-51.3508686,-20.3631794],[-51.3427054,-20.3546601],[-51.321445,-20.3396192]],[[-51.0303071,-19.7514419],[-51.0454329,-19.7375557],[-51.0459444,-19.7290509],[-51.0384955,-19.7195332]],[[-51.0384955,-19.7195332],[-51.0395846,-19.7054196],[-51.0365743,-19.6870124],[-51.0221349,-19.6606342]],[[-50.9349978,-19.4674775],[-50.9408855,-19.4537338]],[[-50.9408855,-19.4537338],[-50.9853022,-19.4313828],[-51.0014487,-19.4153307],[-51.0189384,-19.4010838],[-51.0455374,-19.3433676],[-51.086857,-19.3139993],[-51.1265369,-19.3032868],[-51.1432251,-19.2870724],[-51.1691682,-19.2869631],[-51.1876418,-19.2689996],[-51.2573458,-19.2664855],[-51.2759732,-19.2611265],[-51.3070969,-19.2180815],[-51.3639605,-19.222506],[-51.3701184,-19.1995871],[-51.3926331,-19.1962778],[-51.4053572,-19.175547],[-51.4272881,-19.1651906],[-51.4585146,-19.1677776],[-51.4740732,-19.1537129],[-51.4976479,-19.1614011],[-51.5271028,-19.138922],[-51.5509349,-19.1406521],[-51.592212,-19.1267874],[-51.6084347,-19.1409997],[-51.6338214,-19.1313634],[-51.6599195,-19.1343787],[-51.682563,-19.1209272],[-51.7418615,-19.10057],[-51.751782,-19.0855882],[-51.7910824,-19.0798312],[-51.8168818,-19.0547208],[-51.8576816,-19.0505313],[-51.9067679,-18.9945819],[-51.9400077,-18.968472],[-51.9956616,-18.9742346],[-52.0344708,-18.9580622],[-52.0799944,-18.9508492],[-52.1057927,-18.9259298],[-52.105569,-18.9068189],[-52.1462319,-18.8946598],[-52.1873538,-18.8458754],[-52.2505018,-18.839869],[-52.2632303,-18.8282244],[-52.2933538,-18.8292451],[-52.3051407,-18.8404398],[-52.3442559,-18.8181456],[-52.3539008,-18.8002034],[-52.4096939,-18.7548644],[-52.4480256,-18.6919665],[-52.4741711,-18.6861859],[-52.5315493,-18.6574807],[-52.5666335,-18.6648205],[-52.5886921,-18.6879335],[-52.6404504,-18.6905284],[-52.6873098,-18.6783425],[-52.7161033,-18.6914091],[-52.746015,-18.6924069],[-52.7852626,-18.6815089],[-52.8091012,-18.667215],[-52.8464687,-18.666953],[-52.872214,-18.6461177],[-52.9167596,-18.6402946],[-52.9176575,-18.6152409],[-52.9518167,-18.5766716],[-52.9623514,-18.5408197],[-52.942511,-18.5170307],[-52.9157605,-18.5089029],[-52.8990952,-18.4768327],[-52.8809573,-18.4654927],[-52.8732937,-18.4267916],[-52.8067938,-18.4176957],[-52.7588732,-18.3631404],[-52.7759033,-18.3287534],[-52.814259,-18.3112978],[-52.8732067,-18.3148335],[-52.9352301,-18.2965543],[-52.9652657,-18.2989407],[-53.0048945,-18.3224661],[-53.020866,-18.3462792],[-53.0699358,-18.3428798],[-53.0996557,-18.3136191],[-53.1035214,-18.291817],[-53.1101876,-18.2195633],[-53.1297381,-18.1607025],[-53.1290165,-18.1384845],[-53.14324,-18.0818367],[-53.1236517,-18.0588283],[-53.0892185,-18.0567828],[-53.0757114,-18.0507954],[-53.0734884,-18.0451427]],[[-53.0734884,-18.0451427],[-53.0722775,-18.0339753]],[[-53.0722775,-18.0339753],[-53.1767934,-18.0415807],[-53.1987916,-18.0203061],[-53.2415444,-18.0047098],[-53.307573,-17.9959785],[-53.3356748,-18.0069075],[-53.3807712,-18.0087572],[-53.4057084,-17.9920489],[-53.4350488,-17.9845827],[-53.4572943,-17.999699],[-53.4601554,-18.0220326],[-53.4860712,-18.0404003],[-53.5178768,-18.0206482],[-53.5750192,-18.0126507],[-53.6069948,-17.9954897],[-53.6125462,-17.9780328],[-53.6520434,-17.9763287],[-53.6927188,-18.0069201],[-53.7338219,-17.9953349],[-53.7742172,-18.0007701],[-53.8086091,-17.9722466],[-53.8241628,-17.9487043],[-53.854247,-17.9258343],[-53.8985506,-17.9088024],[-53.9242445,-17.9199634],[-53.9522962,-17.9146877],[-53.9550243,-17.8712438],[-53.9359416,-17.8320981],[-53.910353,-17.8038856],[-53.8883811,-17.7489926],[-53.8609367,-17.7207118],[-53.8546834,-17.7030036],[-53.8002416,-17.6707893],[-53.7569664,-17.6734603],[-53.7046075,-17.6635095],[-53.6934025,-17.5002017],[-53.6800749,-17.2535697],[-53.6984681,-17.2306558],[-53.73321,-17.2309018],[-53.7590784,-17.2431425],[-53.7857133,-17.2875151],[-53.8200727,-17.2946157],[-53.834963,-17.3357604],[-53.8332681,-17.3571102],[-53.8683836,-17.3683775],[-53.9146006,-17.4144145],[-53.9311006,-17.4394503],[-53.9730501,-17.472244],[-54.0232666,-17.4770731],[-54.0580771,-17.5131293],[-54.045908,-17.5372274],[-54.051633,-17.5627701],[-54.0732693,-17.5878013],[-54.0846925,-17.6190348],[-54.1341872,-17.6187264],[-54.1620475,-17.6072396],[-54.1934133,-17.6061271],[-54.2437438,-17.6289046],[-54.2745496,-17.6540482],[-54.3308523,-17.661479],[-54.3877987,-17.6319367],[-54.3770818,-17.607434],[-54.3859105,-17.5814497],[-54.4263032,-17.5370001],[-54.4669149,-17.5290742],[-54.484664,-17.4890941],[-54.536332,-17.4775852],[-54.5541884,-17.4886684],[-54.5886138,-17.4771219],[-54.6360808,-17.4957244],[-54.6955269,-17.503521],[-54.746913,-17.5199422],[-54.7587809,-17.5656964],[-54.8213108,-17.5973862],[-54.8250042,-17.6096759],[-54.8608638,-17.6238535],[-54.8970355,-17.620346],[-54.9143075,-17.6084507],[-55.0473123,-17.640333],[-55.0726482,-17.6316326],[-55.1113648,-17.6312286],[-55.127256,-17.6527223],[-55.2089503,-17.6157483],[-55.2503096,-17.5848767],[-55.2996749,-17.541193],[-55.3518155,-17.5476916],[-55.3537599,-17.531617],[-55.4052044,-17.5123968],[-55.4437374,-17.5117761],[-55.4654475,-17.4868574],[-55.5150329,-17.4836213],[-55.5597307,-17.4396546],[-55.5748727,-17.434666],[-55.5852567,-17.4076463],[-55.5829072,-17.3790709],[-55.6389256,-17.3497901],[-55.6892624,-17.3404395],[-55.7215605,-17.3494956],[-55.7612066,-17.323532],[-55.7876445,-17.3286458],[-55.805011,-17.3094399],[-55.8452305,-17.2986061],[-55.8696498,-17.2753556],[-55.8865622,-17.2847647],[-55.9093871,-17.263146],[-55.9469868,-17.2712912],[-55.9601547,-17.2501906],[-55.9917599,-17.2502234],[-56.0120377,-17.2366818],[-56.0160675,-17.1902288],[-56.0827304,-17.1777458],[-56.1112024,-17.1667958],[-56.1288482,-17.1794232],[-56.1844615,-17.1945709],[-56.2130102,-17.2259386],[-56.2690411,-17.239792],[-56.2865701,-17.2704402],[-56.313541,-17.2694291],[-56.3440177,-17.2852847],[-56.3830663,-17.2879584],[-56.38893,-17.3019463],[-56.4325993,-17.3185875],[-56.442331,-17.3312821],[-56.4773991,-17.305408],[-56.5080719,-17.2952844],[-56.5138734,-17.3128227],[-56.6118524,-17.3319082],[-56.6200181,-17.3220326],[-56.6514596,-17.3265476],[-56.663575,-17.3388297],[-56.6831814,-17.3165664],[-56.7016512,-17.3199384],[-56.7338542,-17.3098602],[-56.7568856,-17.3256863],[-56.7674608,-17.3645847],[-56.7843122,-17.3686531],[-56.7910296,-17.3910659],[-56.8297428,-17.3913258],[-56.824407,-17.4230789],[-56.8409099,-17.4420086],[-56.8502388,-17.4867813],[-56.8759675,-17.5329722],[-56.9449609,-17.5529495],[-56.9734925,-17.5803843],[-56.9882191,-17.65929],[-57.0132748,-17.6724294],[-57.0333769,-17.6947411],[-57.0449146,-17.7303213],[-57.0739121,-17.7354635],[-57.0985808,-17.7704176],[-57.1209426,-17.780164],[-57.1467441,-17.7675051],[-57.2042483,-17.7892519],[-57.2271374,-17.7827847],[-57.2648357,-17.8203496],[-57.2837729,-17.8129128],[-57.3113845,-17.8178245],[-57.3534564,-17.8378584],[-57.3680807,-17.8261992],[-57.4467253,-17.8745041],[-57.4524689,-17.9026435],[-57.4619356,-17.8985358],[-57.4852744,-17.8622281],[-57.5093604,-17.8638881],[-57.5347769,-17.8536338],[-57.5763315,-17.8005284],[-57.6093088,-17.7975415],[-57.6231109,-17.736359],[-57.6403039,-17.7173593],[-57.6635542,-17.7298538],[-57.6846131,-17.7164815],[-57.6717799,-17.6641124],[-57.6866154,-17.6427452],[-57.6905042,-17.6388571],[-57.6913988,-17.628508],[-57.6998343,-17.6111177],[-57.712196,-17.5589094],[-57.7250315,-17.5310124],[-57.7400515,-17.5363052],[-57.7522947,-17.5644631]],[[-60.7099896,-13.687327],[-60.7046824,-13.7046713],[-60.6461545,-13.7387043],[-60.6235162,-13.7195351],[-60.6003771,-13.7489045],[-60.574761,-13.7474353],[-60.5694102,-13.7687045],[-60.5319304,-13.7715548],[-60.4984569,-13.789018],[-60.4726823,-13.7937191],[-60.4842355,-13.848864],[-60.4674284,-13.8561433],[-60.4551528,-13.8809775],[-60.450121,-13.9286386],[-60.4275955,-13.9435763],[-60.4032362,-13.9998022],[-60.4060405,-14.030345],[-60.4261176,-14.0489176],[-60.447631,-14.0856296],[-60.4791528,-14.0954326],[-60.482542,-14.1348699],[-60.4752133,-14.1602975],[-60.4915995,-14.1900373],[-60.4716796,-14.192731],[-60.4649069,-14.234041],[-60.4497391,-14.2510968],[-60.4652368,-14.264411],[-60.4531588,-14.3143463],[-60.4341798,-14.3358082],[-60.3954848,-14.3643105],[-60.4038727,-14.401021],[-60.3789319,-14.4637191],[-60.3381787,-14.5118859],[-60.3240992,-14.6021033],[-60.2930458,-14.625271],[-60.272148,-14.6202922],[-60.2443214,-15.096806],[-60.5010196,-15.0962195],[-60.5650189,-15.1086836],[-60.5004328,-15.1797951],[-60.2386048,-15.4738516],[-60.1717171,-16.2661061],[-59.4728237,-16.2793037],[-58.4304714,-16.321295],[-58.3941679,-16.2967772],[-58.388701,-16.2610025],[-58.3657234,-16.2733408],[-58.3284134,-16.2704522],[-58.3031109,-16.3076866],[-58.3071421,-16.37019],[-58.3447791,-16.4001511],[-58.3561672,-16.4263463],[-58.3337504,-16.4900151],[-58.3438582,-16.5177267],[-58.3860655,-16.5435927],[-58.3938376,-16.5628727],[-58.4213356,-16.5735517],[-58.4360882,-16.5923583],[-58.4631091,-16.6522195],[-58.4734442,-16.7451697],[-58.466673,-16.7568816],[-58.4760304,-16.8274445],[-58.4618988,-16.8410824],[-58.4669236,-16.9110622],[-58.456752,-16.9399572],[-58.4609536,-16.964724],[-58.4315048,-16.9908198],[-58.4305889,-17.0722635],[-58.4235325,-17.1132338],[-58.3958657,-17.1046488],[-58.3970015,-17.1815511],[-58.3696428,-17.2003801],[-58.3460059,-17.2327389],[-58.3034755,-17.2702707],[-58.2782571,-17.2991959],[-58.2635877,-17.344677],[-58.2169192,-17.3601514],[-58.1963696,-17.3872148],[-58.1531693,-17.3836439],[-58.1454784,-17.4136682],[-58.1228699,-17.4146831],[-58.1183906,-17.4503746],[-58.0892817,-17.461136],[-58.0601442,-17.450721],[-58.0433869,-17.4926684],[-57.9808625,-17.5107843],[-57.8834421,-17.449542],[-57.7522947,-17.5644631]],[[-53.0722775,-18.0339753],[-53.0736476,-18.0229657]],[[-53.0736476,-18.0229657],[-53.0647494,-17.9845366],[-53.071315,-17.9659132],[-53.1047187,-17.9276243],[-53.1248223,-17.918015],[-53.1227249,-17.8982747],[-53.135743,-17.8756462],[-53.1337961,-17.8324855],[-53.159894,-17.7960312],[-53.1617069,-17.7764126],[-53.1658984,-17.7672381],[-53.1667889,-17.7643144],[-53.1710785,-17.7591929],[-53.172069,-17.7569311],[-53.1801411,-17.7487099],[-53.2021732,-17.7259884],[-53.2337892,-17.7130374],[-53.2366639,-17.6794998],[-53.2483442,-17.6421667],[-53.2362465,-17.5782373],[-53.2441223,-17.5229237],[-53.2344451,-17.479059],[-53.2234972,-17.4586332],[-53.2281141,-17.4378245],[-53.2009055,-17.3718219],[-53.2118412,-17.3272933],[-53.2080973,-17.2931612],[-53.1718272,-17.2331751],[-53.1551668,-17.1868367],[-53.1566662,-17.1706845],[-53.1275167,-17.1545758],[-53.110745,-17.1081403],[-53.0874917,-17.1008125],[-53.0548061,-17.0641756],[-53.071421,-17.0496052],[-53.0608971,-17.0305634],[-53.053547,-16.9788949],[-53.0350329,-16.9424731],[-53.0394551,-16.9126931],[-53.0191666,-16.9002232],[-53.0054934,-16.8652765],[-52.9450246,-16.8551914],[-52.9232654,-16.8182183],[-52.8927581,-16.7940898],[-52.8844177,-16.7764073],[-52.8293704,-16.7701427],[-52.8081932,-16.7422776],[-52.7925243,-16.7401439],[-52.7856585,-16.714447],[-52.7640304,-16.6979826],[-52.7590414,-16.6711255],[-52.7410747,-16.6520897],[-52.7260216,-16.6144966],[-52.7032115,-16.5963439],[-52.6732905,-16.5849219],[-52.6255931,-16.5309265],[-52.6316352,-16.5001506],[-52.6060783,-16.4860242],[-52.6192182,-16.4463069],[-52.6386778,-16.4375587],[-52.6516772,-16.408483],[-52.6745488,-16.4124041],[-52.6775937,-16.3809965],[-52.692787,-16.3671524],[-52.68258,-16.3441296],[-52.6825566,-16.3017423],[-52.6579667,-16.2800754],[-52.6193461,-16.2838801],[-52.5891948,-16.269497],[-52.5689264,-16.2338872],[-52.545272,-16.2226104],[-52.5473373,-16.1632322],[-52.488136,-16.1304309],[-52.4605729,-16.1277183],[-52.4395408,-16.1100841],[-52.3988793,-16.0933424],[-52.3708874,-16.0950996]],[[-52.3708874,-16.0950996],[-52.3700672,-16.0877149],[-52.367252,-16.0833084],[-52.3589071,-16.081257],[-52.3524048,-16.0846898],[-52.3299379,-16.0721758],[-52.3280995,-16.0692757],[-52.3255097,-16.0497253],[-52.3212365,-16.0458507]],[[-52.3212365,-16.0458507],[-52.3108158,-16.0070365],[-52.28913,-15.9794146],[-52.2903395,-15.9655473],[-52.266918,-15.9477238],[-52.2521827,-15.9079146],[-52.2479693,-15.8901847],[-52.2159323,-15.8915822],[-52.1926654,-15.880842],[-52.1313821,-15.8954985],[-52.0733217,-15.8816546],[-52.0576873,-15.8875426],[-52.0079674,-15.8846314],[-51.9813041,-15.8425042],[-51.9531249,-15.8344788],[-51.9484549,-15.8100984],[-51.9129113,-15.8132336],[-51.8922896,-15.8311214],[-51.8592473,-15.7874643],[-51.8345195,-15.7438316],[-51.8037938,-15.7237058],[-51.8025989,-15.7043354],[-51.7651493,-15.6495527],[-51.754235,-15.6124359],[-51.7798514,-15.5554215],[-51.7556134,-15.5574154],[-51.7255764,-15.544129],[-51.7371803,-15.5267965],[-51.7285664,-15.5018063],[-51.7057302,-15.4975624],[-51.7094595,-15.4594918],[-51.6912771,-15.4258682],[-51.6972226,-15.4091862],[-51.669531,-15.374421],[-51.69144,-15.3281551],[-51.6797381,-15.290064],[-51.6506993,-15.2730935],[-51.668793,-15.2546151],[-51.6681964,-15.2321668],[-51.6507182,-15.2033039],[-51.6474271,-15.1734621],[-51.601781,-15.1604943],[-51.5640798,-15.1086091],[-51.5468907,-15.1004651],[-51.5341081,-15.0652022],[-51.4620029,-15.0479797],[-51.4269632,-15.0076659],[-51.4017387,-15.0028534],[-51.3769297,-15.0102626],[-51.3595787,-15.0023992],[-51.3355323,-14.9717535],[-51.3070507,-14.9809707],[-51.295042,-15.0302486],[-51.2676087,-15.044413],[-51.2190088,-15.0247016],[-51.1983989,-15.0027752],[-51.15705,-14.985611],[-51.1449181,-14.9434106],[-51.0871098,-14.9213487],[-51.0844515,-14.9081362],[-51.0930003,-14.8935438],[-51.0896375,-14.8401805],[-51.0707095,-14.8099634],[-51.0448213,-14.7928386],[-51.0566607,-14.7612964],[-51.0531885,-14.7388819],[-51.029233,-14.7074084],[-51.0266586,-14.6593581],[-51.0100072,-14.6457339],[-50.9928355,-14.6124579],[-50.9962494,-14.5746109],[-50.9642292,-14.5282977],[-50.973025,-14.4976842],[-50.9680137,-14.4819971],[-50.9889651,-14.4535716],[-50.9849149,-14.4319171],[-50.9978306,-14.4156747],[-50.9844832,-14.3764446],[-50.9882005,-14.3599682],[-50.9693146,-14.3358323],[-50.9781733,-14.2972436],[-50.9548889,-14.2332145],[-50.9402094,-14.2184689],[-50.9100275,-14.148419],[-50.8711194,-14.11793],[-50.8518089,-14.1176257],[-50.8348823,-14.0946837],[-50.8329111,-14.0708596],[-50.8550439,-14.0258773],[-50.8471508,-13.9997948],[-50.8663329,-13.979648],[-50.8626275,-13.9540243],[-50.8402336,-13.9236819],[-50.8406443,-13.8637887],[-50.8590855,-13.8287048],[-50.8543701,-13.7997614],[-50.8583114,-13.7536609],[-50.8721273,-13.7399011],[-50.8690193,-13.7248042],[-50.8297337,-13.7098143],[-50.8062258,-13.6938146],[-50.7715851,-13.6045005],[-50.7683782,-13.5608543],[-50.7589998,-13.5203153],[-50.7148156,-13.4914731],[-50.6835249,-13.445191],[-50.6639456,-13.4349565],[-50.6696223,-13.3976196],[-50.6653237,-13.3755658],[-50.6464959,-13.3619688],[-50.6085957,-13.3175954],[-50.6066294,-13.2789389],[-50.592727,-13.2605582],[-50.5841755,-13.2176963],[-50.6059358,-13.1875102],[-50.5936237,-13.1636575],[-50.5995303,-13.1360913],[-50.5945502,-13.096701],[-50.6103187,-13.0647588],[-50.5763134,-13.0541372],[-50.5690214,-13.0424957],[-50.5935939,-13.0072101],[-50.548804,-12.9928203],[-50.5376929,-12.9774134],[-50.5276,-12.9506553],[-50.4998954,-12.8678115]],[[-50.4998954,-12.8678115],[-50.5105498,-12.8615562],[-50.5125394,-12.8590585],[-50.5130933,-12.8446418]],[[-50.5669545,-12.8434234],[-50.5916229,-12.8307385],[-50.6005434,-12.8244273],[-50.6014824,-12.8209811],[-50.5995372,-12.8175175],[-50.5948447,-12.814227]],[[-57.6678008,-8.3639381],[-57.6764036,-8.340972],[-57.6802225,-8.3269407],[-57.6790853,-8.3153258],[-57.6742261,-8.3062113],[-57.6648349,-8.2948832]],[[-57.6648349,-8.2948832],[-57.6630828,-8.2685022],[-57.6590571,-8.2581775],[-57.6439678,-8.2310878]],[[-57.8829998,-7.7467218],[-57.896749,-7.6778845],[-57.901446,-7.6683322],[-57.909393,-7.6610528]],[[-58.1384405,-7.3490342],[-58.1369999,-7.3564081]],[[-58.4428679,-8.7993991],[-59.0012826,-8.8030976],[-59.4813631,-8.8033209]],[[-52.3212365,-16.0458507],[-52.3258837,-16.0509537],[-52.3284983,-16.0704034],[-52.3313106,-16.0733847],[-52.3403979,-16.0772172],[-52.3503527,-16.0840538],[-52.3531725,-16.0846927],[-52.3577952,-16.0815065],[-52.3682737,-16.0843193],[-52.3704508,-16.0890504],[-52.3708874,-16.0950996]],[[-53.0736476,-18.0229657],[-53.070996,-18.0292976],[-53.0734884,-18.0451427]],[[-50.9408855,-19.4537338],[-50.9188348,-19.4715837]],[[-49.499833,-18.4910228],[-49.4930523,-18.4942853],[-49.4857626,-18.5094353],[-49.486346,-18.5418674]],[[-47.3076865,-16.0565002],[-47.3085041,-16.0499714]],[[-47.3085041,-16.0499714],[-48.2778112,-16.0495978],[-48.2513944,-15.955654],[-48.2587351,-15.9296878],[-48.2771091,-15.9074416],[-48.2716483,-15.883715],[-48.2858068,-15.8445339],[-48.280657,-15.8239459],[-48.2429068,-15.7973121],[-48.2096863,-15.754044],[-48.2088841,-15.7153612],[-48.2376815,-15.7085121],[-48.241331,-15.6867065],[-48.2341602,-15.6419091],[-48.2182154,-15.6233359],[-48.1997298,-15.622914],[-48.200009,-15.5022782],[-47.4184069,-15.5018199],[-47.4140246,-15.5485451],[-47.4027651,-15.5474564],[-47.3765167,-15.5766676],[-47.3208407,-15.5865891],[-47.3319763,-15.628512],[-47.3281031,-15.6889177],[-47.3124896,-15.6972871],[-47.3207455,-15.7230306],[-47.313691,-15.7448666],[-47.3521725,-15.8146306],[-47.3543613,-15.8140644],[-47.3569553,-15.8197013],[-47.3545785,-15.8214645],[-47.368099,-15.8356435],[-47.3788324,-15.8842243],[-47.3673663,-15.9200546],[-47.3690839,-15.9205564],[-47.3785962,-15.962185],[-47.3702564,-15.9948293],[-47.365111,-16.001156],[-47.3396945,-16.0168733],[-47.3373636,-16.0174428],[-47.3100062,-16.0362735]],[[-47.3100062,-16.0362735],[-47.3107096,-16.0308364]],[[-46.0485611,-14.8782827],[-46.0393785,-14.8752515]],[[-46.104644,-12.9249255],[-46.112965,-12.9180104]],[[-50.5109811,-12.8608983],[-50.4998954,-12.8678115]],[[-47.3085041,-16.0499714],[-47.3099749,-16.048486]],[[-47.3085003,-16.042092],[-47.3100062,-16.0362735]]],"bbox":[-73.99045,-33.751178,-29.2991521,5.2718411]}
